specimen.id,sci.name,order,family,genus,species,country,state,county,site.name,sample.round,trap.start.date,trap.end.date,lat,long,determination,gender,host.plant,project.name,primary.investigator,notes
17.1025,Bombus bimaculatus,Hymenoptera,Apidae,Bombus,bimaculatus,USA,WI,JACKSON,Cutler,2,7/14/17,7/17/17,44.321545,-90.328946,Taylor Tai,,,,,
17.821,Bombus bimaculatus,Hymenoptera,Apidae,Bombus,bimaculatus,USA,WI,JACKSON,Cutler,2,7/14/17,7/17/17,44.321545,-90.328946,Taylor Tai,,,,,
17.801,Bombus bimaculatus,Hymenoptera,Apidae,Bombus,bimaculatus,USA,WI,JACKSON,FlyingDollar_South,2,7/14/17,7/17/17,44.24055556,-90.35222222,Taylor Tai,,,,,
17.1027,Bombus bimaculatus,Hymenoptera,Apidae,Bombus,bimaculatus,USA,WI,JACKSON,FlyingDollar_South,2,7/14/17,7/17/17,44.24055556,-90.35222222,Taylor Tai,,,,,
17.1368,Bombus bimaculatus,Hymenoptera,Apidae,Bombus,bimaculatus,USA,WI,JACKSON,FlyingDollar_North,2,7/14/17,7/17/17,44.26,-90.34027778,Taylor Tai,,,,,
17.1371,Bombus bimaculatus,Hymenoptera,Apidae,Bombus,bimaculatus,USA,WI,JACKSON,FlyingDollar_North,2,7/14/17,7/17/17,44.26,-90.34027778,Taylor Tai,,,,,
17.1239,Bombus bimaculatus,Hymenoptera,Apidae,Bombus,bimaculatus,USA,WI,JACKSON,FlyingDollar_North,2,7/14/17,7/17/17,44.26,-90.34027778,Taylor Tai,,,,,
17.787,Bombus bimaculatus,Hymenoptera,Apidae,Bombus,bimaculatus,USA,WI,JACKSON,FlyingDollar_South,2,7/14/17,7/17/17,44.24055556,-90.35222222,Taylor Tai,,,,,
17.1143,Bombus bimaculatus,Hymenoptera,Apidae,Bombus,bimaculatus,USA,WI,JACKSON,FlyingDollar_North,2,7/14/17,7/17/17,44.26,-90.34027778,Taylor Tai,,,,,
17.809,Bombus bimaculatus,Hymenoptera,Apidae,Bombus,bimaculatus,USA,WI,JACKSON,Cutler,2,7/14/17,7/17/17,44.321545,-90.328946,Taylor Tai,,,,,
17.136,Bombus bimaculatus,Hymenoptera,Apidae,Bombus,bimaculatus,USA,WI,JACKSON,FlyingDollar_North,2,7/14/17,7/17/17,44.26,-90.34027778,Taylor Tai,,,,,
17.828,Bombus bimaculatus,Hymenoptera,Apidae,Bombus,bimaculatus,USA,WI,JACKSON,FlyingDollar_South,2,7/14/17,7/17/17,44.24055556,-90.35222222,Taylor Tai,,,,,
17.887,Bombus bimaculatus,Hymenoptera,Apidae,Bombus,bimaculatus,USA,WI,JACKSON,Cutler,2,7/14/17,7/17/17,44.321545,-90.328946,Taylor Tai,,,,,
17.57,Bombus bimaculatus,Hymenoptera,Apidae,Bombus,bimaculatus,USA,WI,JACKSON,Cutler,2,7/14/17,7/17/17,44.321545,-90.328946,Taylor Tai,,,,,
17.614,Bombus bimaculatus,Hymenoptera,Apidae,Bombus,bimaculatus,USA,WI,JACKSON,Cutler,2,7/14/17,7/17/17,44.321545,-90.328946,Taylor Tai,,,,,
17.1039,Bombus bimaculatus,Hymenoptera,Apidae,Bombus,bimaculatus,USA,WI,WOOD,Searles,2,7/14/17,7/17/17,44.265,-90.08138889,Taylor Tai,,,,,
17.1208,Bombus bimaculatus,Hymenoptera,Apidae,Bombus,bimaculatus,USA,WI,JUNEAU,JJW,2,7/14/17,7/17/17,44.15138889,-90.28805556,Taylor Tai,,,,,
17.741,Bombus bimaculatus,Hymenoptera,Apidae,Bombus,bimaculatus,USA,WI,JACKSON,Cutler,2,7/14/17,7/17/17,44.321545,-90.328946,Taylor Tai,,,,,
17.1019,Bombus bimaculatus,Hymenoptera,Apidae,Bombus,bimaculatus,USA,WI,JACKSON,FlyingDollar_South,2,7/14/17,7/17/17,44.24055556,-90.35222222,Taylor Tai,,,,,
17.1018,Bombus bimaculatus,Hymenoptera,Apidae,Bombus,bimaculatus,USA,WI,JACKSON,FlyingDollar_South,2,7/14/17,7/17/17,44.24055556,-90.35222222,Taylor Tai,,,,,
17.732,Bombus bimaculatus,Hymenoptera,Apidae,Bombus,bimaculatus,USA,WI,JACKSON,Cutler,2,7/14/17,7/17/17,44.321545,-90.328946,Taylor Tai,,,,,
17.677,Bombus bimaculatus,Hymenoptera,Apidae,Bombus,bimaculatus,USA,WI,JACKSON,FlyingDollar_South,2,7/14/17,7/17/17,44.24055556,-90.35222222,Taylor Tai,,,,,
17.905,Bombus bimaculatus,Hymenoptera,Apidae,Bombus,bimaculatus,USA,WI,JACKSON,Cutler,2,7/14/17,7/17/17,44.321545,-90.328946,Taylor Tai,,,,,
17.1064,Bombus bimaculatus,Hymenoptera,Apidae,Bombus,bimaculatus,USA,WI,JACKSON,FlyingDollar_South,2,7/14/17,7/17/17,44.24055556,-90.35222222,Taylor Tai,,,,,
17.931,Bombus bimaculatus,Hymenoptera,Apidae,Bombus,bimaculatus,USA,WI,JACKSON,FlyingDollar_South,2,7/14/17,7/17/17,44.24055556,-90.35222222,Taylor Tai,,,,,
17.802,Bombus bimaculatus,Hymenoptera,Apidae,Bombus,bimaculatus,USA,WI,JACKSON,Cutler,2,7/14/17,7/17/17,44.321545,-90.328946,Taylor Tai,,,,,
17.556,Bombus bimaculatus,Hymenoptera,Apidae,Bombus,bimaculatus,USA,WI,JACKSON,Cutler,2,7/14/17,7/17/17,44.321545,-90.328946,Taylor Tai,,,,,
17.998,Bombus bimaculatus,Hymenoptera,Apidae,Bombus,bimaculatus,USA,WI,JACKSON,Cutler,2,7/14/17,7/17/17,44.321545,-90.328946,Taylor Tai,,,,,
17.617,Bombus bimaculatus,Hymenoptera,Apidae,Bombus,bimaculatus,USA,WI,JACKSON,Cutler,2,7/14/17,7/17/17,44.321545,-90.328946,Taylor Tai,,,,,
17.729,Bombus bimaculatus,Hymenoptera,Apidae,Bombus,bimaculatus,USA,WI,JACKSON,Cutler,2,7/14/17,7/17/17,44.321545,-90.328946,Taylor Tai,,,,,
17.811,Bombus bimaculatus,Hymenoptera,Apidae,Bombus,bimaculatus,USA,WI,JACKSON,Cutler,2,7/14/17,7/17/17,44.321545,-90.328946,Taylor Tai,,,,,
17.825,Bombus bimaculatus,Hymenoptera,Apidae,Bombus,bimaculatus,USA,WI,JACKSON,FlyingDollar_South,2,7/14/17,7/17/17,44.24055556,-90.35222222,Taylor Tai,,,,,
17.919,Bombus bimaculatus,Hymenoptera,Apidae,Bombus,bimaculatus,USA,WI,JACKSON,Cutler,2,7/14/17,7/17/17,44.321545,-90.328946,Taylor Tai,,,,,
17.883,Bombus bimaculatus,Hymenoptera,Apidae,Bombus,bimaculatus,USA,WI,JACKSON,Cutler,2,7/14/17,7/17/17,44.321545,-90.328946,Taylor Tai,,,,,
17.1015,Bombus bimaculatus,Hymenoptera,Apidae,Bombus,bimaculatus,USA,WI,JACKSON,Cutler,2,7/14/17,7/17/17,44.321545,-90.328946,Taylor Tai,,,,,
17.1262,Bombus bimaculatus,Hymenoptera,Apidae,Bombus,bimaculatus,USA,WI,WOOD,Engelnook,2,7/14/17,7/17/17,44.41277778,-89.86027778,Taylor Tai,,,,,
17.1284,Bombus bimaculatus,Hymenoptera,Apidae,Bombus,bimaculatus,USA,WI,JUNEAU,JJW,2,7/14/17,7/17/17,44.15138889,-90.28805556,Taylor Tai,,,,,
17.102,Bombus bimaculatus,Hymenoptera,Apidae,Bombus,bimaculatus,USA,WI,JACKSON,FlyingDollar_South,2,7/14/17,7/17/17,44.24055556,-90.35222222,Taylor Tai,,,,,
17.1085,Bombus bimaculatus,Hymenoptera,Apidae,Bombus,bimaculatus,USA,WI,MONROE,Grygleski,2,7/14/17,7/17/17,44.06555556,-90.41277778,Taylor Tai,,,,,
17.766,Bombus bimaculatus,Hymenoptera,Apidae,Bombus,bimaculatus,USA,WI,JACKSON,FlyingDollar_South,2,7/14/17,7/17/17,44.24055556,-90.35222222,Taylor Tai,,,,,
17.753,Bombus bimaculatus,Hymenoptera,Apidae,Bombus,bimaculatus,USA,WI,JACKSON,FlyingDollar_South,2,7/14/17,7/17/17,44.24055556,-90.35222222,Taylor Tai,,,,,
17.85,Bombus bimaculatus,Hymenoptera,Apidae,Bombus,bimaculatus,USA,WI,JACKSON,Cutler,2,7/14/17,7/17/17,44.321545,-90.328946,Taylor Tai,,,,,
17.1066,Bombus bimaculatus,Hymenoptera,Apidae,Bombus,bimaculatus,USA,WI,JACKSON,Cutler,2,7/14/17,7/17/17,44.321545,-90.328946,Taylor Tai,,,,,
17.1024,Bombus bimaculatus,Hymenoptera,Apidae,Bombus,bimaculatus,USA,WI,JACKSON,Cutler,2,7/14/17,7/17/17,44.321545,-90.328946,Taylor Tai,,,,,
17.55,Bombus bimaculatus,Hymenoptera,Apidae,Bombus,bimaculatus,USA,WI,JACKSON,Cutler,2,7/14/17,7/17/17,44.321545,-90.328946,Taylor Tai,,,,,
17.822,Bombus bimaculatus,Hymenoptera,Apidae,Bombus,bimaculatus,USA,WI,JACKSON,Cutler,2,7/14/17,7/17/17,44.321545,-90.328946,Taylor Tai,,,,,
17.915,Bombus bimaculatus,Hymenoptera,Apidae,Bombus,bimaculatus,USA,WI,JACKSON,Cutler,2,7/14/17,7/17/17,44.321545,-90.328946,Taylor Tai,,,,,
17.549,Bombus bimaculatus,Hymenoptera,Apidae,Bombus,bimaculatus,USA,WI,JACKSON,FlyingDollar_South,2,7/14/17,7/17/17,44.24055556,-90.35222222,Taylor Tai,,,,,
17.997,Bombus bimaculatus,Hymenoptera,Apidae,Bombus,bimaculatus,USA,WI,JACKSON,Cutler,2,7/14/17,7/17/17,44.321545,-90.328946,Taylor Tai,,,,,
17.842,Bombus bimaculatus,Hymenoptera,Apidae,Bombus,bimaculatus,USA,WI,JACKSON,Cutler,2,7/14/17,7/17/17,44.321545,-90.328946,Taylor Tai,,,,,
17.1007,Bombus bimaculatus,Hymenoptera,Apidae,Bombus,bimaculatus,USA,WI,JACKSON,Cutler,2,7/14/17,7/17/17,44.321545,-90.328946,Taylor Tai,,,,,
17.733,Bombus bimaculatus,Hymenoptera,Apidae,Bombus,bimaculatus,USA,WI,JACKSON,FlyingDollar_South,2,7/14/17,7/17/17,44.24055556,-90.35222222,Taylor Tai,,,,,
17.751,Bombus bimaculatus,Hymenoptera,Apidae,Bombus,bimaculatus,USA,WI,JACKSON,Cutler,2,7/14/17,7/17/17,44.321545,-90.328946,Taylor Tai,,,,,
17.958,Bombus bimaculatus,Hymenoptera,Apidae,Bombus,bimaculatus,USA,WI,JACKSON,Cutler,2,7/14/17,7/17/17,44.321545,-90.328946,Taylor Tai,,,,,
17.937,Bombus bimaculatus,Hymenoptera,Apidae,Bombus,bimaculatus,USA,WI,JACKSON,FlyingDollar_South,2,7/14/17,7/17/17,44.24055556,-90.35222222,Taylor Tai,,,,,
17.889,Bombus bimaculatus,Hymenoptera,Apidae,Bombus,bimaculatus,USA,WI,JACKSON,Cutler,2,7/14/17,7/17/17,44.321545,-90.328946,Taylor Tai,,,,,
17.945,Bombus bimaculatus,Hymenoptera,Apidae,Bombus,bimaculatus,USA,WI,JACKSON,FlyingDollar_South,2,7/14/17,7/17/17,44.24055556,-90.35222222,Taylor Tai,,,,,
17.1037,Bombus bimaculatus,Hymenoptera,Apidae,Bombus,bimaculatus,USA,WI,JACKSON,Cutler,2,7/14/17,7/17/17,44.321545,-90.328946,Taylor Tai,,,,,
17.602,Bombus bimaculatus,Hymenoptera,Apidae,Bombus,bimaculatus,USA,WI,JACKSON,FlyingDollar_South,2,7/14/17,7/17/17,44.24055556,-90.35222222,Taylor Tai,,,,,
17.1065,Bombus bimaculatus,Hymenoptera,Apidae,Bombus,bimaculatus,USA,WI,JACKSON,Cutler,2,7/14/17,7/17/17,44.321545,-90.328946,Taylor Tai,,,,,
17.581,Bombus bimaculatus,Hymenoptera,Apidae,Bombus,bimaculatus,USA,WI,JACKSON,Cutler,2,7/14/17,7/17/17,44.321545,-90.328946,Taylor Tai,,,,,
17.73,Bombus bimaculatus,Hymenoptera,Apidae,Bombus,bimaculatus,USA,WI,JACKSON,Cutler,2,7/14/17,7/17/17,44.321545,-90.328946,Taylor Tai,,,,,
17.1369,Bombus bimaculatus,Hymenoptera,Apidae,Bombus,bimaculatus,USA,WI,JACKSON,FlyingDollar_North,2,7/14/17,7/17/17,44.26,-90.34027778,Taylor Tai,,,,,
17.1354,Bombus bimaculatus,Hymenoptera,Apidae,Bombus,bimaculatus,USA,WI,JACKSON,FlyingDollar_North,2,7/14/17,7/17/17,44.26,-90.34027778,Taylor Tai,,,,,
17.1241,Bombus bimaculatus,Hymenoptera,Apidae,Bombus,bimaculatus,USA,WI,JACKSON,FlyingDollar_North,2,7/14/17,7/17/17,44.26,-90.34027778,Taylor Tai,,,,,
17.795,Bombus bimaculatus,Hymenoptera,Apidae,Bombus,bimaculatus,USA,WI,JACKSON,Cutler,2,7/14/17,7/17/17,44.321545,-90.328946,Taylor Tai,,,,,
17.762,Bombus bimaculatus,Hymenoptera,Apidae,Bombus,bimaculatus,USA,WI,JACKSON,Cutler,2,7/14/17,7/17/17,44.321545,-90.328946,Taylor Tai,,,,,
17.1145,Bombus bimaculatus,Hymenoptera,Apidae,Bombus,bimaculatus,USA,WI,JACKSON,FlyingDollar_North,2,7/14/17,7/17/17,44.26,-90.34027778,Taylor Tai,,,,,
17.851,Bombus bimaculatus,Hymenoptera,Apidae,Bombus,bimaculatus,USA,WI,WOOD,Searles,2,7/14/17,7/17/17,44.265,-90.08138889,Taylor Tai,,,,,
17.1083,Bombus bimaculatus,Hymenoptera,Apidae,Bombus,bimaculatus,USA,WI,WOOD,Engelnook,2,7/14/17,7/17/17,44.41277778,-89.86027778,Taylor Tai,,,,,
17.1108,Bombus bimaculatus,Hymenoptera,Apidae,Bombus,bimaculatus,USA,WI,JACKSON,FlyingDollar_North,2,7/14/17,7/17/17,44.26,-90.34027778,Taylor Tai,,,,,
17.1204,Bombus bimaculatus,Hymenoptera,Apidae,Bombus,bimaculatus,USA,WI,JUNEAU,CranCreek_North,2,7/14/17,7/17/17,44.2175,-90.0725,Taylor Tai,,,,,
17.574,Bombus bimaculatus,Hymenoptera,Apidae,Bombus,bimaculatus,USA,WI,JACKSON,Cutler,2,7/14/17,7/17/17,44.321545,-90.328946,Taylor Tai,,,,,
17.1156,Bombus bimaculatus,Hymenoptera,Apidae,Bombus,bimaculatus,USA,WI,JACKSON,FlyingDollar_North,2,7/14/17,7/17/17,44.26,-90.34027778,Taylor Tai,,,,,
17.1269,Bombus bimaculatus,Hymenoptera,Apidae,Bombus,bimaculatus,USA,WI,JACKSON,FlyingDollar_North,2,7/14/17,7/17/17,44.26,-90.34027778,Taylor Tai,,,,,
17.1362,Bombus bimaculatus,Hymenoptera,Apidae,Bombus,bimaculatus,USA,WI,JACKSON,FlyingDollar_North,2,7/14/17,7/17/17,44.26,-90.34027778,Taylor Tai,,,,,
17.1279,Bombus bimaculatus,Hymenoptera,Apidae,Bombus,bimaculatus,USA,WI,JACKSON,FlyingDollar_North,2,7/14/17,7/17/17,44.26,-90.34027778,Taylor Tai,,,,,
17.1242,Bombus bimaculatus,Hymenoptera,Apidae,Bombus,bimaculatus,USA,WI,WOOD,LynnHill,2,7/14/17,7/17/17,44.29388889,-89.91055556,Taylor Tai,,,,,
17.1169,Bombus bimaculatus,Hymenoptera,Apidae,Bombus,bimaculatus,USA,WI,JACKSON,FlyingDollar_North,2,7/14/17,7/17/17,44.26,-90.34027778,Taylor Tai,,,,,
17.1364,Bombus bimaculatus,Hymenoptera,Apidae,Bombus,bimaculatus,USA,WI,JACKSON,FlyingDollar_North,2,7/14/17,7/17/17,44.26,-90.34027778,Taylor Tai,,,,,
17.925,Bombus bimaculatus,Hymenoptera,Apidae,Bombus,bimaculatus,USA,WI,JACKSON,Cutler,2,7/14/17,7/17/17,44.321545,-90.328946,Taylor Tai,,,,,
17.759,Bombus bimaculatus,Hymenoptera,Apidae,Bombus,bimaculatus,USA,WI,JACKSON,Cutler,2,7/14/17,7/17/17,44.321545,-90.328946,Taylor Tai,,,,,
17.1165,Bombus bimaculatus,Hymenoptera,Apidae,Bombus,bimaculatus,USA,WI,JACKSON,FlyingDollar_North,2,7/14/17,7/17/17,44.26,-90.34027778,Taylor Tai,,,,,
17.1077,Bombus bimaculatus,Hymenoptera,Apidae,Bombus,bimaculatus,USA,WI,WOOD,Searles,2,7/14/17,7/17/17,44.265,-90.08138889,Taylor Tai,,,,,
17.12,Bombus bimaculatus,Hymenoptera,Apidae,Bombus,bimaculatus,USA,WI,JUNEAU,JJW,2,7/14/17,7/17/17,44.15138889,-90.28805556,Taylor Tai,,,,,
17.726,Bombus bimaculatus,Hymenoptera,Apidae,Bombus,bimaculatus,USA,WI,JACKSON,FlyingDollar_South,2,7/14/17,7/17/17,44.24055556,-90.35222222,Taylor Tai,,,,,
17.1287,Bombus bimaculatus,Hymenoptera,Apidae,Bombus,bimaculatus,USA,WI,JACKSON,FlyingDollar_North,2,7/14/17,7/17/17,44.26,-90.34027778,Taylor Tai,,,,,
17.146,Bombus bimaculatus,Hymenoptera,Apidae,Bombus,bimaculatus,USA,WI,JACKSON,FlyingDollar_North,2,7/14/17,7/17/17,44.26,-90.34027778,Taylor Tai,,,,,
17.1252,Bombus bimaculatus,Hymenoptera,Apidae,Bombus,bimaculatus,USA,WI,JUNEAU,JJW,2,7/14/17,7/17/17,44.15138889,-90.28805556,Taylor Tai,,,,,
17.1375,Bombus bimaculatus,Hymenoptera,Apidae,Bombus,bimaculatus,USA,WI,JACKSON,FlyingDollar_North,2,7/14/17,7/17/17,44.26,-90.34027778,Taylor Tai,,,,,
17.1105,Bombus bimaculatus,Hymenoptera,Apidae,Bombus,bimaculatus,USA,WI,JACKSON,FlyingDollar_North,2,7/14/17,7/17/17,44.26,-90.34027778,Taylor Tai,,,,,
17.148,Bombus bimaculatus,Hymenoptera,Apidae,Bombus,bimaculatus,USA,WI,WOOD,Johnson,2,7/14/17,7/17/17,44.27111111,-89.97361111,Taylor Tai,,,,,
17.1296,Bombus bimaculatus,Hymenoptera,Apidae,Bombus,bimaculatus,USA,WI,JACKSON,FlyingDollar_North,2,7/14/17,7/17/17,44.26,-90.34027778,Taylor Tai,,,,,
17.1293,Bombus bimaculatus,Hymenoptera,Apidae,Bombus,bimaculatus,USA,WI,JACKSON,FlyingDollar_North,2,7/14/17,7/17/17,44.26,-90.34027778,Taylor Tai,,,,,
17.1248,Bombus bimaculatus,Hymenoptera,Apidae,Bombus,bimaculatus,USA,WI,WOOD,GlacialLake_North,2,7/14/17,7/17/17,44.34,-90.055,Taylor Tai,,,,,
17.1315,Bombus bimaculatus,Hymenoptera,Apidae,Bombus,bimaculatus,USA,WI,JUNEAU,JJW,2,7/14/17,7/17/17,44.15138889,-90.28805556,Taylor Tai,,,,,
17.694,Bombus bimaculatus,Hymenoptera,Apidae,Bombus,bimaculatus,USA,WI,JUNEAU,CranCreek_South,2,7/14/17,7/17/17,44.1875,-90.07861111,Taylor Tai,,,,,
17.657,Bombus bimaculatus,Hymenoptera,Apidae,Bombus,bimaculatus,USA,WI,JUNEAU,CranCreek_South,2,7/14/17,7/17/17,44.1875,-90.07861111,Taylor Tai,,,,,
17.225,Bombus bimaculatus,Hymenoptera,Apidae,Bombus,bimaculatus,USA,WI,JUNEAU,CranCreek_South,2,7/14/17,7/17/17,44.1875,-90.07861111,Taylor Tai,,,,,
17.1255,Bombus bimaculatus,Hymenoptera,Apidae,Bombus,bimaculatus,USA,WI,JACKSON,FlyingDollar_North,2,7/14/17,7/17/17,44.26,-90.34027778,Taylor Tai,,,,,
17.1107,Bombus bimaculatus,Hymenoptera,Apidae,Bombus,bimaculatus,USA,WI,JACKSON,FlyingDollar_North,2,7/14/17,7/17/17,44.26,-90.34027778,Taylor Tai,,,,,
17.1356,Bombus bimaculatus,Hymenoptera,Apidae,Bombus,bimaculatus,USA,WI,JACKSON,FlyingDollar_North,2,7/14/17,7/17/17,44.26,-90.34027778,Taylor Tai,,,,,
17.935,Bombus bimaculatus,Hymenoptera,Apidae,Bombus,bimaculatus,USA,WI,JACKSON,FlyingDollar_South,2,7/14/17,7/17/17,44.24055556,-90.35222222,Taylor Tai,,,,,
17.349,Bombus bimaculatus,Hymenoptera,Apidae,Bombus,bimaculatus,USA,WI,JUNEAU,CranCreek_South,2,7/14/17,7/17/17,44.1875,-90.07861111,Taylor Tai,,,,,
17.1273,Bombus bimaculatus,Hymenoptera,Apidae,Bombus,bimaculatus,USA,WI,JUNEAU,JJW,2,7/14/17,7/17/17,44.15138889,-90.28805556,Taylor Tai,,,,,
17.698,Bombus bimaculatus,Hymenoptera,Apidae,Bombus,bimaculatus,USA,WI,JUNEAU,CranCreek_South,2,7/14/17,7/17/17,44.1875,-90.07861111,Taylor Tai,,,,,
17.647,Bombus bimaculatus,Hymenoptera,Apidae,Bombus,bimaculatus,USA,WI,JUNEAU,CranCreek_South,2,7/14/17,7/17/17,44.1875,-90.07861111,Taylor Tai,,,,,
17.1098,Bombus bimaculatus,Hymenoptera,Apidae,Bombus,bimaculatus,USA,WI,JACKSON,FlyingDollar_North,2,7/14/17,7/17/17,44.26,-90.34027778,Taylor Tai,,,,,
17.745,Bombus bimaculatus,Hymenoptera,Apidae,Bombus,bimaculatus,USA,WI,JACKSON,FlyingDollar_South,2,7/14/17,7/17/17,44.24055556,-90.35222222,Taylor Tai,,,,,
17.126,Bombus bimaculatus,Hymenoptera,Apidae,Bombus,bimaculatus,USA,WI,JACKSON,FlyingDollar_North,2,7/14/17,7/17/17,44.26,-90.34027778,Taylor Tai,,,,,
17.1317,Bombus bimaculatus,Hymenoptera,Apidae,Bombus,bimaculatus,USA,WI,JUNEAU,JJW,2,7/14/17,7/17/17,44.15138889,-90.28805556,Taylor Tai,,,,,
17.1218,Bombus bimaculatus,Hymenoptera,Apidae,Bombus,bimaculatus,USA,WI,WOOD,GlacialLake_South,2,7/14/17,7/17/17,44.31972222,-90.04805556,Taylor Tai,,,,,
17.1187,Bombus bimaculatus,Hymenoptera,Apidae,Bombus,bimaculatus,USA,WI,JUNEAU,CranCreek_South,2,7/14/17,7/17/17,44.1875,-90.07861111,Taylor Tai,,,,,
17.1202,Bombus bimaculatus,Hymenoptera,Apidae,Bombus,bimaculatus,USA,WI,JUNEAU,CranCreek_South,2,7/14/17,7/17/17,44.1875,-90.07861111,Taylor Tai,,,,,
17.1289,Bombus bimaculatus,Hymenoptera,Apidae,Bombus,bimaculatus,USA,WI,JACKSON,FlyingDollar_North,2,7/14/17,7/17/17,44.26,-90.34027778,Taylor Tai,,,,,
17.868,Bombus bimaculatus,Hymenoptera,Apidae,Bombus,bimaculatus,USA,WI,WOOD,GlacialLake_North,2,7/14/17,7/17/17,44.34,-90.055,Taylor Tai,,,,,
17.875,Bombus bimaculatus,Hymenoptera,Apidae,Bombus,bimaculatus,USA,WI,WOOD,GlacialLake_North,2,7/14/17,7/17/17,44.34,-90.055,Taylor Tai,,,,,
17.878,Bombus bimaculatus,Hymenoptera,Apidae,Bombus,bimaculatus,USA,WI,WOOD,GlacialLake_North,2,7/14/17,7/17/17,44.34,-90.055,Taylor Tai,,,,,
17.874,Bombus bimaculatus,Hymenoptera,Apidae,Bombus,bimaculatus,USA,WI,WOOD,GlacialLake_North,2,7/14/17,7/17/17,44.34,-90.055,Taylor Tai,,,,,
17.87,Bombus bimaculatus,Hymenoptera,Apidae,Bombus,bimaculatus,USA,WI,WOOD,GlacialLake_North,2,7/14/17,7/17/17,44.34,-90.055,Taylor Tai,,,,,
17.1088,Bombus bimaculatus,Hymenoptera,Apidae,Bombus,bimaculatus,USA,WI,WOOD,GlacialLake_North,2,7/14/17,7/17/17,44.34,-90.055,Taylor Tai,,,,,
17.847,Bombus bimaculatus,Hymenoptera,Apidae,Bombus,bimaculatus,USA,WI,WOOD,GlacialLake_North,2,7/14/17,7/17/17,44.34,-90.055,Taylor Tai,,,,,
17.872,Bombus bimaculatus,Hymenoptera,Apidae,Bombus,bimaculatus,USA,WI,WOOD,GlacialLake_North,2,7/14/17,7/17/17,44.34,-90.055,Taylor Tai,,,,,
17.606,Bombus bimaculatus,Hymenoptera,Apidae,Bombus,bimaculatus,USA,WI,WOOD,GlacialLake_North,2,7/14/17,7/17/17,44.34,-90.055,Taylor Tai,,,,,
17.857,Bombus bimaculatus,Hymenoptera,Apidae,Bombus,bimaculatus,USA,WI,WOOD,GlacialLake_North,2,7/14/17,7/17/17,44.34,-90.055,Taylor Tai,,,,,
17.1318,Bombus bimaculatus,Hymenoptera,Apidae,Bombus,bimaculatus,USA,WI,WOOD,Engelnook,2,7/14/17,7/17/17,44.41277778,-89.86027778,Taylor Tai,,,,,
17.92,Bombus bimaculatus,Hymenoptera,Apidae,Bombus,bimaculatus,USA,WI,JACKSON,Cutler,2,7/14/17,7/17/17,44.321545,-90.328946,Taylor Tai,,,,,
17.585,Bombus bimaculatus,Hymenoptera,Apidae,Bombus,bimaculatus,USA,WI,JACKSON,Cutler,2,7/14/17,7/17/17,44.321545,-90.328946,Taylor Tai,,,,,
17.1226,Bombus bimaculatus,Hymenoptera,Apidae,Bombus,bimaculatus,USA,WI,JACKSON,Cutler,2,7/14/17,7/17/17,44.321545,-90.328946,Taylor Tai,,,,,
17.609,Bombus bimaculatus,Hymenoptera,Apidae,Bombus,bimaculatus,USA,WI,JACKSON,Cutler,2,7/14/17,7/17/17,44.321545,-90.328946,Taylor Tai,,,,,
17.942,Bombus bimaculatus,Hymenoptera,Apidae,Bombus,bimaculatus,USA,WI,JACKSON,Cutler,2,7/14/17,7/17/17,44.321545,-90.328946,Taylor Tai,,,,,
17.744,Bombus bimaculatus,Hymenoptera,Apidae,Bombus,bimaculatus,USA,WI,JACKSON,Cutler,2,7/14/17,7/17/17,44.321545,-90.328946,Taylor Tai,,,,,
17.956,Bombus bimaculatus,Hymenoptera,Apidae,Bombus,bimaculatus,USA,WI,JACKSON,Cutler,2,7/14/17,7/17/17,44.321545,-90.328946,Taylor Tai,,,,,
17.582,Bombus bimaculatus,Hymenoptera,Apidae,Bombus,bimaculatus,USA,WI,JACKSON,Cutler,2,7/14/17,7/17/17,44.321545,-90.328946,Taylor Tai,,,,,
17.764,Bombus bimaculatus,Hymenoptera,Apidae,Bombus,bimaculatus,USA,WI,JACKSON,Cutler,2,7/14/17,7/17/17,44.321545,-90.328946,Taylor Tai,,,,,
17.832,Bombus bimaculatus,Hymenoptera,Apidae,Bombus,bimaculatus,USA,WI,JACKSON,Cutler,2,7/14/17,7/17/17,44.321545,-90.328946,Taylor Tai,,,,,
17.594,Bombus bimaculatus,Hymenoptera,Apidae,Bombus,bimaculatus,USA,WI,JACKSON,Cutler,2,7/14/17,7/17/17,44.321545,-90.328946,Taylor Tai,,,,,
17.788,Bombus bimaculatus,Hymenoptera,Apidae,Bombus,bimaculatus,USA,WI,JACKSON,Cutler,2,7/14/17,7/17/17,44.321545,-90.328946,Taylor Tai,,,,,
17.785,Bombus bimaculatus,Hymenoptera,Apidae,Bombus,bimaculatus,USA,WI,JACKSON,Cutler,2,7/14/17,7/17/17,44.321545,-90.328946,Taylor Tai,,,,,
17.794,Bombus bimaculatus,Hymenoptera,Apidae,Bombus,bimaculatus,USA,WI,JACKSON,Cutler,2,7/14/17,7/17/17,44.321545,-90.328946,Taylor Tai,,,,,
17.79,Bombus bimaculatus,Hymenoptera,Apidae,Bombus,bimaculatus,USA,WI,JACKSON,Cutler,2,7/14/17,7/17/17,44.321545,-90.328946,Taylor Tai,,,,,
17.799,Bombus bimaculatus,Hymenoptera,Apidae,Bombus,bimaculatus,USA,WI,JACKSON,Cutler,2,7/14/17,7/17/17,44.321545,-90.328946,Taylor Tai,,,,,
17.951,Bombus bimaculatus,Hymenoptera,Apidae,Bombus,bimaculatus,USA,WI,JACKSON,Cutler,2,7/14/17,7/17/17,44.321545,-90.328946,Taylor Tai,,,,,
17.578,Bombus bimaculatus,Hymenoptera,Apidae,Bombus,bimaculatus,USA,WI,JACKSON,Cutler,2,7/14/17,7/17/17,44.321545,-90.328946,Taylor Tai,,,,,
17.621,Bombus bimaculatus,Hymenoptera,Apidae,Bombus,bimaculatus,USA,WI,JACKSON,Cutler,2,7/14/17,7/17/17,44.321545,-90.328946,Taylor Tai,,,,,
17.596,Bombus bimaculatus,Hymenoptera,Apidae,Bombus,bimaculatus,USA,WI,JACKSON,Cutler,2,7/14/17,7/17/17,44.321545,-90.328946,Taylor Tai,,,,,
17.939,Bombus bimaculatus,Hymenoptera,Apidae,Bombus,bimaculatus,USA,WI,JACKSON,Cutler,2,7/14/17,7/17/17,44.321545,-90.328946,Taylor Tai,,,,,
17.804,Bombus bimaculatus,Hymenoptera,Apidae,Bombus,bimaculatus,USA,WI,JACKSON,Cutler,2,7/14/17,7/17/17,44.321545,-90.328946,Taylor Tai,,,,,
17.943,Bombus bimaculatus,Hymenoptera,Apidae,Bombus,bimaculatus,USA,WI,JACKSON,Cutler,2,7/14/17,7/17/17,44.321545,-90.328946,Taylor Tai,,,,,
17.941,Bombus bimaculatus,Hymenoptera,Apidae,Bombus,bimaculatus,USA,WI,JACKSON,Cutler,2,7/14/17,7/17/17,44.321545,-90.328946,Taylor Tai,,,,,
17.791,Bombus bimaculatus,Hymenoptera,Apidae,Bombus,bimaculatus,USA,WI,JACKSON,Cutler,2,7/14/17,7/17/17,44.321545,-90.328946,Taylor Tai,,,,,
17.775,Bombus bimaculatus,Hymenoptera,Apidae,Bombus,bimaculatus,USA,WI,JACKSON,Cutler,2,7/14/17,7/17/17,44.321545,-90.328946,Taylor Tai,,,,,
17.831,Bombus bimaculatus,Hymenoptera,Apidae,Bombus,bimaculatus,USA,WI,JACKSON,Cutler,2,7/14/17,7/17/17,44.321545,-90.328946,Taylor Tai,,,,,
17.62,Bombus bimaculatus,Hymenoptera,Apidae,Bombus,bimaculatus,USA,WI,JACKSON,Cutler,2,7/14/17,7/17/17,44.321545,-90.328946,Taylor Tai,,,,,
17.916,Bombus bimaculatus,Hymenoptera,Apidae,Bombus,bimaculatus,USA,WI,JACKSON,Cutler,2,7/14/17,7/17/17,44.321545,-90.328946,Taylor Tai,,,,,
17.757,Bombus bimaculatus,Hymenoptera,Apidae,Bombus,bimaculatus,USA,WI,JACKSON,Cutler,2,7/14/17,7/17/17,44.321545,-90.328946,Taylor Tai,,,,,
17.783,Bombus bimaculatus,Hymenoptera,Apidae,Bombus,bimaculatus,USA,WI,JACKSON,Cutler,2,7/14/17,7/17/17,44.321545,-90.328946,Taylor Tai,,,,,
17.952,Bombus bimaculatus,Hymenoptera,Apidae,Bombus,bimaculatus,USA,WI,JACKSON,Cutler,2,7/14/17,7/17/17,44.321545,-90.328946,Taylor Tai,,,,,
17.781,Bombus bimaculatus,Hymenoptera,Apidae,Bombus,bimaculatus,USA,WI,JACKSON,Cutler,2,7/14/17,7/17/17,44.321545,-90.328946,Taylor Tai,,,,,
17.122,Bombus bimaculatus,Hymenoptera,Apidae,Bombus,bimaculatus,USA,WI,JUNEAU,CranCreek_North,2,7/14/17,7/17/17,44.2175,-90.0725,Taylor Tai,,,,,
17.1207,Bombus bimaculatus,Hymenoptera,Apidae,Bombus,bimaculatus,USA,WI,JUNEAU,CranCreek_North,2,7/14/17,7/17/17,44.2175,-90.0725,Taylor Tai,,,,,
17.1176,Bombus bimaculatus,Hymenoptera,Apidae,Bombus,bimaculatus,USA,WI,WOOD,GlacialLake_South,2,7/14/17,7/17/17,44.31972222,-90.04805556,Taylor Tai,,,,,
17.1221,Bombus bimaculatus,Hymenoptera,Apidae,Bombus,bimaculatus,USA,WI,JUNEAU,CranCreek_North,2,7/14/17,7/17/17,44.2175,-90.0725,Taylor Tai,,,,,
17.761,Bombus bimaculatus,Hymenoptera,Apidae,Bombus,bimaculatus,USA,WI,JACKSON,Cutler,2,7/14/17,7/17/17,44.321545,-90.328946,Taylor Tai,,,,,
17.818,Bombus bimaculatus,Hymenoptera,Apidae,Bombus,bimaculatus,USA,WI,JACKSON,Cutler,2,7/14/17,7/17/17,44.321545,-90.328946,Taylor Tai,,,,,
17.575,Bombus bimaculatus,Hymenoptera,Apidae,Bombus,bimaculatus,USA,WI,JACKSON,Cutler,2,7/14/17,7/17/17,44.321545,-90.328946,Taylor Tai,,,,,
17.772,Bombus bimaculatus,Hymenoptera,Apidae,Bombus,bimaculatus,USA,WI,JACKSON,Cutler,2,7/14/17,7/17/17,44.321545,-90.328946,Taylor Tai,,,,,
17.1232,Bombus bimaculatus,Hymenoptera,Apidae,Bombus,bimaculatus,USA,WI,JACKSON,Cutler,2,7/14/17,7/17/17,44.321545,-90.328946,Taylor Tai,,,,,
17.1219,Bombus bimaculatus,Hymenoptera,Apidae,Bombus,bimaculatus,USA,WI,JUNEAU,CranCreek_North,2,7/14/17,7/17/17,44.2175,-90.0725,Taylor Tai,,,,,
17.1196,Bombus bimaculatus,Hymenoptera,Apidae,Bombus,bimaculatus,USA,WI,JUNEAU,CranCreek_North,2,7/14/17,7/17/17,44.2175,-90.0725,Taylor Tai,,,,,
17.1206,Bombus bimaculatus,Hymenoptera,Apidae,Bombus,bimaculatus,USA,WI,JUNEAU,CranCreek_North,2,7/14/17,7/17/17,44.2175,-90.0725,Taylor Tai,,,,,
17.777,Bombus bimaculatus,Hymenoptera,Apidae,Bombus,bimaculatus,USA,WI,JACKSON,Cutler,2,7/14/17,7/17/17,44.321545,-90.328946,Taylor Tai,,,,,
17.778,Bombus bimaculatus,Hymenoptera,Apidae,Bombus,bimaculatus,USA,WI,JACKSON,Cutler,2,7/14/17,7/17/17,44.321545,-90.328946,Taylor Tai,,,,,
17.114,Bombus bimaculatus,Hymenoptera,Apidae,Bombus,bimaculatus,USA,WI,WOOD,GlacialLake_South,2,7/14/17,7/17/17,44.31972222,-90.04805556,Taylor Tai,,,,,
17.913,Bombus bimaculatus,Hymenoptera,Apidae,Bombus,bimaculatus,USA,WI,JACKSON,Cutler,2,7/14/17,7/17/17,44.321545,-90.328946,Taylor Tai,,,,,
17.756,Bombus bimaculatus,Hymenoptera,Apidae,Bombus,bimaculatus,USA,WI,JACKSON,Cutler,2,7/14/17,7/17/17,44.321545,-90.328946,Taylor Tai,,,,,
17.736,Bombus bimaculatus,Hymenoptera,Apidae,Bombus,bimaculatus,USA,WI,JACKSON,Cutler,2,7/14/17,7/17/17,44.321545,-90.328946,Taylor Tai,,,,,
17.117,Bombus bimaculatus,Hymenoptera,Apidae,Bombus,bimaculatus,USA,WI,JUNEAU,CranCreek_North,2,7/14/17,7/17/17,44.2175,-90.0725,Taylor Tai,,,,,
17.944,Bombus bimaculatus,Hymenoptera,Apidae,Bombus,bimaculatus,USA,WI,JACKSON,Cutler,2,7/14/17,7/17/17,44.321545,-90.328946,Taylor Tai,,,,,
17.1004,Bombus bimaculatus,Hymenoptera,Apidae,Bombus,bimaculatus,USA,WI,JACKSON,Cutler,2,7/14/17,7/17/17,44.321545,-90.328946,Taylor Tai,,,,,
17.996,Bombus bimaculatus,Hymenoptera,Apidae,Bombus,bimaculatus,USA,WI,JACKSON,Cutler,2,7/14/17,7/17/17,44.321545,-90.328946,Taylor Tai,,,,,
17.1134,Bombus bimaculatus,Hymenoptera,Apidae,Bombus,bimaculatus,USA,WI,JACKSON,FlyingDollar_North,2,7/14/17,7/17/17,44.26,-90.34027778,Taylor Tai,,,,,
17.1135,Bombus bimaculatus,Hymenoptera,Apidae,Bombus,bimaculatus,USA,WI,JACKSON,FlyingDollar_North,2,7/14/17,7/17/17,44.26,-90.34027778,Taylor Tai,,,,,
17.1132,Bombus bimaculatus,Hymenoptera,Apidae,Bombus,bimaculatus,USA,WI,JACKSON,FlyingDollar_North,2,7/14/17,7/17/17,44.26,-90.34027778,Taylor Tai,,,,,
17.1133,Bombus bimaculatus,Hymenoptera,Apidae,Bombus,bimaculatus,USA,WI,JACKSON,FlyingDollar_North,2,7/14/17,7/17/17,44.26,-90.34027778,Taylor Tai,,,,,
17.1281,Bombus bimaculatus,Hymenoptera,Apidae,Bombus,bimaculatus,USA,WI,JACKSON,FlyingDollar_North,2,7/14/17,7/17/17,44.26,-90.34027778,Taylor Tai,,,,,
17.1111,Bombus bimaculatus,Hymenoptera,Apidae,Bombus,bimaculatus,USA,WI,JACKSON,FlyingDollar_North,2,7/14/17,7/17/17,44.26,-90.34027778,Taylor Tai,,,,,
17.132,Bombus bimaculatus,Hymenoptera,Apidae,Bombus,bimaculatus,USA,WI,JACKSON,FlyingDollar_North,2,7/14/17,7/17/17,44.26,-90.34027778,Taylor Tai,,,,,
17.1113,Bombus bimaculatus,Hymenoptera,Apidae,Bombus,bimaculatus,USA,WI,JACKSON,FlyingDollar_North,2,7/14/17,7/17/17,44.26,-90.34027778,Taylor Tai,,,,,
17.1325,Bombus bimaculatus,Hymenoptera,Apidae,Bombus,bimaculatus,USA,WI,JACKSON,FlyingDollar_North,2,7/14/17,7/17/17,44.26,-90.34027778,Taylor Tai,,,,,
17.1282,Bombus bimaculatus,Hymenoptera,Apidae,Bombus,bimaculatus,USA,WI,JACKSON,FlyingDollar_North,2,7/14/17,7/17/17,44.26,-90.34027778,Taylor Tai,,,,,
17.128,Bombus bimaculatus,Hymenoptera,Apidae,Bombus,bimaculatus,USA,WI,JACKSON,FlyingDollar_North,2,7/14/17,7/17/17,44.26,-90.34027778,Taylor Tai,,,,,
17.1142,Bombus bimaculatus,Hymenoptera,Apidae,Bombus,bimaculatus,USA,WI,JACKSON,FlyingDollar_North,2,7/14/17,7/17/17,44.26,-90.34027778,Taylor Tai,,,,,
17.1276,Bombus bimaculatus,Hymenoptera,Apidae,Bombus,bimaculatus,USA,WI,JACKSON,FlyingDollar_North,2,7/14/17,7/17/17,44.26,-90.34027778,Taylor Tai,,,,,
17.1154,Bombus bimaculatus,Hymenoptera,Apidae,Bombus,bimaculatus,USA,WI,JACKSON,FlyingDollar_North,2,7/14/17,7/17/17,44.26,-90.34027778,Taylor Tai,,,,,
17.1238,Bombus bimaculatus,Hymenoptera,Apidae,Bombus,bimaculatus,USA,WI,JACKSON,FlyingDollar_North,2,7/14/17,7/17/17,44.26,-90.34027778,Taylor Tai,,,,,
17.1161,Bombus bimaculatus,Hymenoptera,Apidae,Bombus,bimaculatus,USA,WI,JACKSON,FlyingDollar_North,2,7/14/17,7/17/17,44.26,-90.34027778,Taylor Tai,,,,,
17.1141,Bombus bimaculatus,Hymenoptera,Apidae,Bombus,bimaculatus,USA,WI,JACKSON,FlyingDollar_North,2,7/14/17,7/17/17,44.26,-90.34027778,Taylor Tai,,,,,
17.1138,Bombus bimaculatus,Hymenoptera,Apidae,Bombus,bimaculatus,USA,WI,JACKSON,FlyingDollar_North,2,7/14/17,7/17/17,44.26,-90.34027778,Taylor Tai,,,,,
17.1157,Bombus bimaculatus,Hymenoptera,Apidae,Bombus,bimaculatus,USA,WI,JACKSON,FlyingDollar_North,2,7/14/17,7/17/17,44.26,-90.34027778,Taylor Tai,,,,,
17.1124,Bombus bimaculatus,Hymenoptera,Apidae,Bombus,bimaculatus,USA,WI,JACKSON,FlyingDollar_North,2,7/14/17,7/17/17,44.26,-90.34027778,Taylor Tai,,,,,
17.1194,Bombus bimaculatus,Hymenoptera,Apidae,Bombus,bimaculatus,USA,WI,JACKSON,FlyingDollar_North,2,7/14/17,7/17/17,44.26,-90.34027778,Taylor Tai,,,,,
17.1228,Bombus bimaculatus,Hymenoptera,Apidae,Bombus,bimaculatus,USA,WI,JACKSON,FlyingDollar_North,2,7/14/17,7/17/17,44.26,-90.34027778,Taylor Tai,,,,,
17.1192,Bombus bimaculatus,Hymenoptera,Apidae,Bombus,bimaculatus,USA,WI,JACKSON,FlyingDollar_North,2,7/14/17,7/17/17,44.26,-90.34027778,Taylor Tai,,,,,
17.115,Bombus bimaculatus,Hymenoptera,Apidae,Bombus,bimaculatus,USA,WI,JACKSON,FlyingDollar_North,2,7/14/17,7/17/17,44.26,-90.34027778,Taylor Tai,,,,,
17.1384,Bombus bimaculatus,Hymenoptera,Apidae,Bombus,bimaculatus,USA,WI,WOOD,Searles,2,7/14/17,7/17/17,44.265,-90.08138889,Taylor Tai,,,,,
17.1489,Bombus bimaculatus,Hymenoptera,Apidae,Bombus,bimaculatus,USA,WI,WOOD,Searles,2,7/14/17,7/17/17,44.265,-90.08138889,Taylor Tai,,,,,
17.88,Bombus bimaculatus,Hymenoptera,Apidae,Bombus,bimaculatus,USA,WI,WOOD,Searles,2,7/14/17,7/17/17,44.265,-90.08138889,Taylor Tai,,,,,
17.871,Bombus bimaculatus,Hymenoptera,Apidae,Bombus,bimaculatus,USA,WI,WOOD,Engelnook,2,7/14/17,7/17/17,44.41277778,-89.86027778,Taylor Tai,,,,,
17.929,Bombus bimaculatus,Hymenoptera,Apidae,Bombus,bimaculatus,USA,WI,JACKSON,FlyingDollar_South,2,7/14/17,7/17/17,44.24055556,-90.35222222,Taylor Tai,,,,,
17.782,Bombus bimaculatus,Hymenoptera,Apidae,Bombus,bimaculatus,USA,WI,JACKSON,FlyingDollar_South,2,7/14/17,7/17/17,44.24055556,-90.35222222,Taylor Tai,,,,,
17.968,Bombus bimaculatus,Hymenoptera,Apidae,Bombus,bimaculatus,USA,WI,JACKSON,FlyingDollar_South,2,7/14/17,7/17/17,44.24055556,-90.35222222,Taylor Tai,,,,,
17.855,Bombus bimaculatus,Hymenoptera,Apidae,Bombus,bimaculatus,USA,WI,JACKSON,FlyingDollar_South,2,7/14/17,7/17/17,44.24055556,-90.35222222,Taylor Tai,,,,,
17.971,Bombus bimaculatus,Hymenoptera,Apidae,Bombus,bimaculatus,USA,WI,JACKSON,FlyingDollar_South,2,7/14/17,7/17/17,44.24055556,-90.35222222,Taylor Tai,,,,,
17.634,Bombus bimaculatus,Hymenoptera,Apidae,Bombus,bimaculatus,USA,WI,JACKSON,FlyingDollar_South,2,7/14/17,7/17/17,44.24055556,-90.35222222,Taylor Tai,,,,,
17.1055,Bombus bimaculatus,Hymenoptera,Apidae,Bombus,bimaculatus,USA,WI,JACKSON,FlyingDollar_South,2,7/14/17,7/17/17,44.24055556,-90.35222222,Taylor Tai,,,,,
17.1058,Bombus bimaculatus,Hymenoptera,Apidae,Bombus,bimaculatus,USA,WI,JACKSON,FlyingDollar_South,2,7/14/17,7/17/17,44.24055556,-90.35222222,Taylor Tai,,,,,
17.1043,Bombus bimaculatus,Hymenoptera,Apidae,Bombus,bimaculatus,USA,WI,JACKSON,FlyingDollar_South,2,7/14/17,7/17/17,44.24055556,-90.35222222,Taylor Tai,,,,,
17.1028,Bombus bimaculatus,Hymenoptera,Apidae,Bombus,bimaculatus,USA,WI,JACKSON,FlyingDollar_South,2,7/14/17,7/17/17,44.24055556,-90.35222222,Taylor Tai,,,,,
17.1046,Bombus bimaculatus,Hymenoptera,Apidae,Bombus,bimaculatus,USA,WI,JACKSON,FlyingDollar_South,2,7/14/17,7/17/17,44.24055556,-90.35222222,Taylor Tai,,,,,
17.1048,Bombus bimaculatus,Hymenoptera,Apidae,Bombus,bimaculatus,USA,WI,JACKSON,FlyingDollar_South,2,7/14/17,7/17/17,44.24055556,-90.35222222,Taylor Tai,,,,,
17.1016,Bombus bimaculatus,Hymenoptera,Apidae,Bombus,bimaculatus,USA,WI,JACKSON,FlyingDollar_South,2,7/14/17,7/17/17,44.24055556,-90.35222222,Taylor Tai,,,,,
17.1056,Bombus bimaculatus,Hymenoptera,Apidae,Bombus,bimaculatus,USA,WI,JACKSON,FlyingDollar_South,2,7/14/17,7/17/17,44.24055556,-90.35222222,Taylor Tai,,,,,
17.1053,Bombus bimaculatus,Hymenoptera,Apidae,Bombus,bimaculatus,USA,WI,JACKSON,FlyingDollar_South,2,7/14/17,7/17/17,44.24055556,-90.35222222,Taylor Tai,,,,,
17.1011,Bombus bimaculatus,Hymenoptera,Apidae,Bombus,bimaculatus,USA,WI,JACKSON,FlyingDollar_South,2,7/14/17,7/17/17,44.24055556,-90.35222222,Taylor Tai,,,,,
17.914,Bombus bimaculatus,Hymenoptera,Apidae,Bombus,bimaculatus,USA,WI,JACKSON,FlyingDollar_South,2,7/14/17,7/17/17,44.24055556,-90.35222222,Taylor Tai,,,,,
17.74,Bombus bimaculatus,Hymenoptera,Apidae,Bombus,bimaculatus,USA,WI,JACKSON,FlyingDollar_South,2,7/14/17,7/17/17,44.24055556,-90.35222222,Taylor Tai,,,,,
17.946,Bombus bimaculatus,Hymenoptera,Apidae,Bombus,bimaculatus,USA,WI,JACKSON,FlyingDollar_South,2,7/14/17,7/17/17,44.24055556,-90.35222222,Taylor Tai,,,,,
17.548,Bombus bimaculatus,Hymenoptera,Apidae,Bombus,bimaculatus,USA,WI,JACKSON,FlyingDollar_South,2,7/14/17,7/17/17,44.24055556,-90.35222222,Taylor Tai,,,,,
17.738,Bombus bimaculatus,Hymenoptera,Apidae,Bombus,bimaculatus,USA,WI,JACKSON,FlyingDollar_South,2,7/14/17,7/17/17,44.24055556,-90.35222222,Taylor Tai,,,,,
17.742,Bombus bimaculatus,Hymenoptera,Apidae,Bombus,bimaculatus,USA,WI,JACKSON,FlyingDollar_South,2,7/14/17,7/17/17,44.24055556,-90.35222222,Taylor Tai,,,,,
17.792,Bombus bimaculatus,Hymenoptera,Apidae,Bombus,bimaculatus,USA,WI,JACKSON,FlyingDollar_South,2,7/14/17,7/17/17,44.24055556,-90.35222222,Taylor Tai,,,,,
17.75,Bombus bimaculatus,Hymenoptera,Apidae,Bombus,bimaculatus,USA,WI,JACKSON,FlyingDollar_South,2,7/14/17,7/17/17,44.24055556,-90.35222222,Taylor Tai,,,,,
17.1003,Bombus bimaculatus,Hymenoptera,Apidae,Bombus,bimaculatus,USA,WI,JACKSON,Cutler,2,7/14/17,7/17/17,44.321545,-90.328946,Taylor Tai,,,,,
17.86,Bombus bimaculatus,Hymenoptera,Apidae,Bombus,bimaculatus,USA,WI,JACKSON,Cutler,2,7/14/17,7/17/17,44.321545,-90.328946,Taylor Tai,,,,,
17.989,Bombus bimaculatus,Hymenoptera,Apidae,Bombus,bimaculatus,USA,WI,JACKSON,Cutler,2,7/14/17,7/17/17,44.321545,-90.328946,Taylor Tai,,,,,
17.812,Bombus bimaculatus,Hymenoptera,Apidae,Bombus,bimaculatus,USA,WI,JACKSON,Cutler,2,7/14/17,7/17/17,44.321545,-90.328946,Taylor Tai,,,,,
17.1035,Bombus bimaculatus,Hymenoptera,Apidae,Bombus,bimaculatus,USA,WI,JACKSON,FlyingDollar_South,2,7/14/17,7/17/17,44.24055556,-90.35222222,Taylor Tai,,,,,
17.1342,Bombus bimaculatus,Hymenoptera,Apidae,Bombus,bimaculatus,USA,WI,JACKSON,FlyingDollar_North,2,7/14/17,7/17/17,44.26,-90.34027778,Taylor Tai,,,,,
17.949,Bombus bimaculatus,Hymenoptera,Apidae,Bombus,bimaculatus,USA,WI,JACKSON,Cutler,2,7/14/17,7/17/17,44.321545,-90.328946,Taylor Tai,,,,,
17.1348,Bombus bimaculatus,Hymenoptera,Apidae,Bombus,bimaculatus,USA,WI,JACKSON,FlyingDollar_North,2,7/14/17,7/17/17,44.26,-90.34027778,Taylor Tai,,,,,
17.815,Bombus bimaculatus,Hymenoptera,Apidae,Bombus,bimaculatus,USA,WI,JACKSON,FlyingDollar_South,2,7/14/17,7/17/17,44.24055556,-90.35222222,Taylor Tai,,,,,
17.1061,Bombus bimaculatus,Hymenoptera,Apidae,Bombus,bimaculatus,USA,WI,JACKSON,FlyingDollar_South,2,7/14/17,7/17/17,44.24055556,-90.35222222,Taylor Tai,,,,,
17.662,Bombus bimaculatus,Hymenoptera,Apidae,Bombus,bimaculatus,USA,WI,JACKSON,FlyingDollar_South,2,7/14/17,7/17/17,44.24055556,-90.35222222,Taylor Tai,,,,,
17.699,Bombus bimaculatus,Hymenoptera,Apidae,Bombus,bimaculatus,USA,WI,JACKSON,FlyingDollar_South,2,7/14/17,7/17/17,44.24055556,-90.35222222,Taylor Tai,,,,,
17.589,Bombus bimaculatus,Hymenoptera,Apidae,Bombus,bimaculatus,USA,WI,JACKSON,FlyingDollar_South,2,7/14/17,7/17/17,44.24055556,-90.35222222,Taylor Tai,,,,,
17.669,Bombus bimaculatus,Hymenoptera,Apidae,Bombus,bimaculatus,USA,WI,JACKSON,FlyingDollar_South,2,7/14/17,7/17/17,44.24055556,-90.35222222,Taylor Tai,,,,,
17.817,Bombus bimaculatus,Hymenoptera,Apidae,Bombus,bimaculatus,USA,WI,JACKSON,FlyingDollar_South,2,7/14/17,7/17/17,44.24055556,-90.35222222,Taylor Tai,,,,,
17.76,Bombus bimaculatus,Hymenoptera,Apidae,Bombus,bimaculatus,USA,WI,JACKSON,FlyingDollar_South,2,7/14/17,7/17/17,44.24055556,-90.35222222,Taylor Tai,,,,,
17.911,Bombus bimaculatus,Hymenoptera,Apidae,Bombus,bimaculatus,USA,WI,JACKSON,FlyingDollar_South,2,7/14/17,7/17/17,44.24055556,-90.35222222,Taylor Tai,,,,,
17.961,Bombus bimaculatus,Hymenoptera,Apidae,Bombus,bimaculatus,USA,WI,JACKSON,FlyingDollar_South,2,7/14/17,7/17/17,44.24055556,-90.35222222,Taylor Tai,,,,,
17.577,Bombus bimaculatus,Hymenoptera,Apidae,Bombus,bimaculatus,USA,WI,JACKSON,FlyingDollar_South,2,7/14/17,7/17/17,44.24055556,-90.35222222,Taylor Tai,,,,,
17.645,Bombus bimaculatus,Hymenoptera,Apidae,Bombus,bimaculatus,USA,WI,JACKSON,FlyingDollar_South,2,7/14/17,7/17/17,44.24055556,-90.35222222,Taylor Tai,,,,,
17.576,Bombus bimaculatus,Hymenoptera,Apidae,Bombus,bimaculatus,USA,WI,JACKSON,FlyingDollar_South,2,7/14/17,7/17/17,44.24055556,-90.35222222,Taylor Tai,,,,,
17.917,Bombus bimaculatus,Hymenoptera,Apidae,Bombus,bimaculatus,USA,WI,JACKSON,FlyingDollar_South,2,7/14/17,7/17/17,44.24055556,-90.35222222,Taylor Tai,,,,,
17.947,Bombus bimaculatus,Hymenoptera,Apidae,Bombus,bimaculatus,USA,WI,JACKSON,FlyingDollar_South,2,7/14/17,7/17/17,44.24055556,-90.35222222,Taylor Tai,,,,,
17.752,Bombus bimaculatus,Hymenoptera,Apidae,Bombus,bimaculatus,USA,WI,JACKSON,FlyingDollar_South,2,7/14/17,7/17/17,44.24055556,-90.35222222,Taylor Tai,,,,,
17.1365,Bombus bimaculatus,Hymenoptera,Apidae,Bombus,bimaculatus,USA,WI,JACKSON,FlyingDollar_North,2,7/14/17,7/17/17,44.26,-90.34027778,Taylor Tai,,,,,
17.734,Bombus bimaculatus,Hymenoptera,Apidae,Bombus,bimaculatus,USA,WI,JACKSON,Cutler,2,7/14/17,7/17/17,44.321545,-90.328946,Taylor Tai,,,,,
17.558,Bombus bimaculatus,Hymenoptera,Apidae,Bombus,bimaculatus,USA,WI,JACKSON,Cutler,2,7/14/17,7/17/17,44.321545,-90.328946,Taylor Tai,,,,,
17.1175,Bombus bimaculatus,Hymenoptera,Apidae,Bombus,bimaculatus,USA,WI,JUNEAU,JJW,2,7/14/17,7/17/17,44.15138889,-90.28805556,Taylor Tai,,,,,
17.9,Bombus bimaculatus,Hymenoptera,Apidae,Bombus,bimaculatus,USA,WI,JACKSON,Cutler,2,7/14/17,7/17/17,44.321545,-90.328946,Taylor Tai,,,,,
17.1177,Bombus bimaculatus,Hymenoptera,Apidae,Bombus,bimaculatus,USA,WI,JUNEAU,JJW,2,7/14/17,7/17/17,44.15138889,-90.28805556,Taylor Tai,,,,,
17.853,Bombus bimaculatus,Hymenoptera,Apidae,Bombus,bimaculatus,USA,WI,MONROE,Grygleski,2,7/14/17,7/17/17,44.06555556,-90.41277778,Taylor Tai,,,,,
17.1008,Bombus bimaculatus,Hymenoptera,Apidae,Bombus,bimaculatus,USA,WI,JACKSON,Cutler,2,7/14/17,7/17/17,44.321545,-90.328946,Taylor Tai,,,,,
17.1074,Bombus bimaculatus,Hymenoptera,Apidae,Bombus,bimaculatus,USA,WI,MONROE,Grygleski,2,7/14/17,7/17/17,44.06555556,-90.41277778,Taylor Tai,,,,,
17.567,Bombus bimaculatus,Hymenoptera,Apidae,Bombus,bimaculatus,USA,WI,JACKSON,Cutler,2,7/14/17,7/17/17,44.321545,-90.328946,Taylor Tai,,,,,
17.1059,Bombus bimaculatus,Hymenoptera,Apidae,Bombus,bimaculatus,USA,WI,JACKSON,Cutler,2,7/14/17,7/17/17,44.321545,-90.328946,Taylor Tai,,,,,
17.619,Bombus bimaculatus,Hymenoptera,Apidae,Bombus,bimaculatus,USA,WI,JACKSON,Cutler,2,7/14/17,7/17/17,44.321545,-90.328946,Taylor Tai,,,,,
17.68,Bombus bimaculatus,Hymenoptera,Apidae,Bombus,bimaculatus,USA,WI,JUNEAU,CranCreek_South,2,7/14/17,7/17/17,44.1875,-90.07861111,Taylor Tai,,,,,
17.1095,Bombus bimaculatus,Hymenoptera,Apidae,Bombus,bimaculatus,USA,WI,WOOD,Johnson,2,7/14/17,7/17/17,44.27111111,-89.97361111,Taylor Tai,,,,,
17.771,Bombus bimaculatus,Hymenoptera,Apidae,Bombus,bimaculatus,USA,WI,JACKSON,FlyingDollar_South,2,7/14/17,7/17/17,44.24055556,-90.35222222,Taylor Tai,,,,,
17.1377,Bombus bimaculatus,Hymenoptera,Apidae,Bombus,bimaculatus,USA,WI,JACKSON,FlyingDollar_North,2,7/14/17,7/17/17,44.26,-90.34027778,Taylor Tai,,,,,
17.1338,Bombus bimaculatus,Hymenoptera,Apidae,Bombus,bimaculatus,USA,WI,JACKSON,FlyingDollar_North,2,7/14/17,7/17/17,44.26,-90.34027778,Taylor Tai,,,,,
17.1473,Bombus bimaculatus,Hymenoptera,Apidae,Bombus,bimaculatus,USA,WI,JACKSON,FlyingDollar_North,2,7/14/17,7/17/17,44.26,-90.34027778,Taylor Tai,,,,,
17.1249,Bombus bimaculatus,Hymenoptera,Apidae,Bombus,bimaculatus,USA,WI,JACKSON,FlyingDollar_North,2,7/14/17,7/17/17,44.26,-90.34027778,Taylor Tai,,,,,
17.1235,Bombus bimaculatus,Hymenoptera,Apidae,Bombus,bimaculatus,USA,WI,JACKSON,FlyingDollar_North,2,7/14/17,7/17/17,44.26,-90.34027778,Taylor Tai,,,,,
17.127,Bombus bimaculatus,Hymenoptera,Apidae,Bombus,bimaculatus,USA,WI,JACKSON,FlyingDollar_North,2,7/14/17,7/17/17,44.26,-90.34027778,Taylor Tai,,,,,
17.1259,Bombus bimaculatus,Hymenoptera,Apidae,Bombus,bimaculatus,USA,WI,JACKSON,FlyingDollar_North,2,7/14/17,7/17/17,44.26,-90.34027778,Taylor Tai,,,,,
17.1302,Bombus bimaculatus,Hymenoptera,Apidae,Bombus,bimaculatus,USA,WI,JACKSON,FlyingDollar_North,2,7/14/17,7/17/17,44.26,-90.34027778,Taylor Tai,,,,,
17.1104,Bombus bimaculatus,Hymenoptera,Apidae,Bombus,bimaculatus,USA,WI,JACKSON,FlyingDollar_North,2,7/14/17,7/17/17,44.26,-90.34027778,Taylor Tai,,,,,
17.618,Bombus bimaculatus,Hymenoptera,Apidae,Bombus,bimaculatus,USA,WI,JACKSON,Cutler,2,7/14/17,7/17/17,44.321545,-90.328946,Taylor Tai,,,,,
17.93,Bombus bimaculatus,Hymenoptera,Apidae,Bombus,bimaculatus,USA,WI,JACKSON,Cutler,2,7/14/17,7/17/17,44.321545,-90.328946,Taylor Tai,,,,,
17.1333,Bombus bimaculatus,Hymenoptera,Apidae,Bombus,bimaculatus,USA,WI,JACKSON,FlyingDollar_North,2,7/14/17,7/17/17,44.26,-90.34027778,Taylor Tai,,,,,
17.1308,Bombus bimaculatus,Hymenoptera,Apidae,Bombus,bimaculatus,USA,WI,WOOD,Johnson,2,7/14/17,7/17/17,44.27111111,-89.97361111,Taylor Tai,,,,,
17.212,Bombus bimaculatus,Hymenoptera,Apidae,Bombus,bimaculatus,USA,WI,JUNEAU,CranCreek_South,2,7/14/17,7/17/17,44.1875,-90.07861111,Taylor Tai,,,,,
17.234,Bombus bimaculatus,Hymenoptera,Apidae,Bombus,bimaculatus,USA,WI,JUNEAU,CranCreek_South,2,7/14/17,7/17/17,44.1875,-90.07861111,Taylor Tai,,,,,
17.966,Bombus bimaculatus,Hymenoptera,Apidae,Bombus,bimaculatus,USA,WI,JUNEAU,CranCreek_South,2,7/14/17,7/17/17,44.1875,-90.07861111,Taylor Tai,,,,,
17.571,Bombus bimaculatus,Hymenoptera,Apidae,Bombus,bimaculatus,USA,WI,JACKSON,Cutler,2,7/14/17,7/17/17,44.321545,-90.328946,Taylor Tai,,,,,
17.547,Bombus bimaculatus,Hymenoptera,Apidae,Bombus,bimaculatus,USA,WI,JACKSON,Cutler,2,7/14/17,7/17/17,44.321545,-90.328946,Taylor Tai,,,,,
17.768,Bombus bimaculatus,Hymenoptera,Apidae,Bombus,bimaculatus,USA,WI,JACKSON,Cutler,2,7/14/17,7/17/17,44.321545,-90.328946,Taylor Tai,,,,,
17.654,Bombus bimaculatus,Hymenoptera,Apidae,Bombus,bimaculatus,USA,WI,JACKSON,FlyingDollar_South,2,7/14/17,7/17/17,44.24055556,-90.35222222,Taylor Tai,,,,,
17.655,Bombus bimaculatus,Hymenoptera,Apidae,Bombus,bimaculatus,USA,WI,JACKSON,FlyingDollar_South,2,7/14/17,7/17/17,44.24055556,-90.35222222,Taylor Tai,,,,,
17.622,Bombus bimaculatus,Hymenoptera,Apidae,Bombus,bimaculatus,USA,WI,JACKSON,Cutler,2,7/14/17,7/17/17,44.321545,-90.328946,Taylor Tai,,,,,
17.1183,Bombus bimaculatus,Hymenoptera,Apidae,Bombus,bimaculatus,USA,WI,JUNEAU,JJW,2,7/14/17,7/17/17,44.15138889,-90.28805556,Taylor Tai,,,,,
17.776,Bombus bimaculatus,Hymenoptera,Apidae,Bombus,bimaculatus,USA,WI,JACKSON,Cutler,2,7/14/17,7/17/17,44.321545,-90.328946,Taylor Tai,,,,,
17.607,Bombus bimaculatus,Hymenoptera,Apidae,Bombus,bimaculatus,USA,WI,JACKSON,Cutler,2,7/14/17,7/17/17,44.321545,-90.328946,Taylor Tai,,,,,
17.6,Bombus bimaculatus,Hymenoptera,Apidae,Bombus,bimaculatus,USA,WI,JACKSON,Cutler,2,7/14/17,7/17/17,44.321545,-90.328946,Taylor Tai,,,,,
17.586,Bombus bimaculatus,Hymenoptera,Apidae,Bombus,bimaculatus,USA,WI,JACKSON,Cutler,2,7/14/17,7/17/17,44.321545,-90.328946,Taylor Tai,,,,,
17.995,Bombus bimaculatus,Hymenoptera,Apidae,Bombus,bimaculatus,USA,WI,JACKSON,Cutler,2,7/14/17,7/17/17,44.321545,-90.328946,Taylor Tai,,,,,
17.1006,Bombus bimaculatus,Hymenoptera,Apidae,Bombus,bimaculatus,USA,WI,JACKSON,Cutler,2,7/14/17,7/17/17,44.321545,-90.328946,Taylor Tai,,,,,
17.896,Bombus bimaculatus,Hymenoptera,Apidae,Bombus,bimaculatus,USA,WI,JACKSON,Cutler,2,7/14/17,7/17/17,44.321545,-90.328946,Taylor Tai,,,,,
17.1266,Bombus bimaculatus,Hymenoptera,Apidae,Bombus,bimaculatus,USA,WI,WOOD,Johnson,2,7/14/17,7/17/17,44.27111111,-89.97361111,Taylor Tai,,,,,
17.897,Bombus bimaculatus,Hymenoptera,Apidae,Bombus,bimaculatus,USA,WI,JACKSON,Cutler,2,7/14/17,7/17/17,44.321545,-90.328946,Taylor Tai,,,,,
17.1468,Bombus bimaculatus,Hymenoptera,Apidae,Bombus,bimaculatus,USA,WI,JACKSON,FlyingDollar_North,2,7/14/17,7/17/17,44.26,-90.34027778,Taylor Tai,,,,,
17.886,Bombus bimaculatus,Hymenoptera,Apidae,Bombus,bimaculatus,USA,WI,JACKSON,Cutler,2,7/14/17,7/17/17,44.321545,-90.328946,Taylor Tai,,,,,
17.936,Bombus bimaculatus,Hymenoptera,Apidae,Bombus,bimaculatus,USA,WI,JACKSON,Cutler,2,7/14/17,7/17/17,44.321545,-90.328946,Taylor Tai,,,,,
17.1355,Bombus bimaculatus,Hymenoptera,Apidae,Bombus,bimaculatus,USA,WI,JUNEAU,JJW,2,7/14/17,7/17/17,44.15138889,-90.28805556,Taylor Tai,,,,,
17.994,Bombus bimaculatus,Hymenoptera,Apidae,Bombus,bimaculatus,USA,WI,JACKSON,Cutler,2,7/14/17,7/17/17,44.321545,-90.328946,Taylor Tai,,,,,
17.1005,Bombus bimaculatus,Hymenoptera,Apidae,Bombus,bimaculatus,USA,WI,JACKSON,Cutler,2,7/14/17,7/17/17,44.321545,-90.328946,Taylor Tai,,,,,
17.746,Bombus bimaculatus,Hymenoptera,Apidae,Bombus,bimaculatus,USA,WI,JACKSON,Cutler,2,7/14/17,7/17/17,44.321545,-90.328946,Taylor Tai,,,,,
17.1029,Bombus bimaculatus,Hymenoptera,Apidae,Bombus,bimaculatus,USA,WI,JACKSON,Cutler,2,7/14/17,7/17/17,44.321545,-90.328946,Taylor Tai,,,,,
17.563,Bombus bimaculatus,Hymenoptera,Apidae,Bombus,bimaculatus,USA,WI,JACKSON,Cutler,2,7/14/17,7/17/17,44.321545,-90.328946,Taylor Tai,male,,,,
17.805,Bombus bimaculatus,Hymenoptera,Apidae,Bombus,bimaculatus,USA,WI,JACKSON,Cutler,2,7/14/17,7/17/17,44.321545,-90.328946,Taylor Tai,male,,,,
17.99,Bombus bimaculatus,Hymenoptera,Apidae,Bombus,bimaculatus,USA,WI,JACKSON,Cutler,2,7/14/17,7/17/17,44.321545,-90.328946,Taylor Tai,male,,,,
17.993,Bombus bimaculatus,Hymenoptera,Apidae,Bombus,bimaculatus,USA,WI,JACKSON,Cutler,2,7/14/17,7/17/17,44.321545,-90.328946,Taylor Tai,male,,,,
17.892,Bombus bimaculatus,Hymenoptera,Apidae,Bombus,bimaculatus,USA,WI,JACKSON,Cutler,2,7/14/17,7/17/17,44.321545,-90.328946,Taylor Tai,male,,,,
17.1021,Bombus bimaculatus,Hymenoptera,Apidae,Bombus,bimaculatus,USA,WI,JACKSON,Cutler,2,7/14/17,7/17/17,44.321545,-90.328946,Taylor Tai,worker,,,,
17.1033,Bombus bimaculatus,Hymenoptera,Apidae,Bombus,bimaculatus,USA,WI,JACKSON,Cutler,2,7/14/17,7/17/17,44.321545,-90.328946,Taylor Tai,male,,,,
17.852,Bombus bimaculatus,Hymenoptera,Apidae,Bombus,bimaculatus,USA,WI,JACKSON,Cutler,2,7/14/17,7/17/17,44.321545,-90.328946,Taylor Tai,worker,,,,
17.907,Bombus bimaculatus,Hymenoptera,Apidae,Bombus,bimaculatus,USA,WI,JACKSON,Cutler,2,7/14/17,7/17/17,44.321545,-90.328946,Taylor Tai,male,,,,
17.837,Bombus bimaculatus,Hymenoptera,Apidae,Bombus,bimaculatus,USA,WI,JACKSON,Cutler,2,7/14/17,7/17/17,44.321545,-90.328946,Taylor Tai,,,,,
17.906,Bombus bimaculatus,Hymenoptera,Apidae,Bombus,bimaculatus,USA,WI,JACKSON,Cutler,2,7/14/17,7/17/17,44.321545,-90.328946,Taylor Tai,male,,,,
17.89,Bombus bimaculatus,Hymenoptera,Apidae,Bombus,bimaculatus,USA,WI,JACKSON,Cutler,2,7/14/17,7/17/17,44.321545,-90.328946,Taylor Tai,,,,,
17.91,Bombus bimaculatus,Hymenoptera,Apidae,Bombus,bimaculatus,USA,WI,JACKSON,Cutler,2,7/14/17,7/17/17,44.321545,-90.328946,Taylor Tai,,,,,
17.848,Bombus bimaculatus,Hymenoptera,Apidae,Bombus,bimaculatus,USA,WI,JACKSON,Cutler,2,7/14/17,7/17/17,44.321545,-90.328946,Taylor Tai,,,,,
17.891,Bombus bimaculatus,Hymenoptera,Apidae,Bombus,bimaculatus,USA,WI,JACKSON,Cutler,2,7/14/17,7/17/17,44.321545,-90.328946,Taylor Tai,,,,,
17.824,Bombus bimaculatus,Hymenoptera,Apidae,Bombus,bimaculatus,USA,WI,JACKSON,Cutler,2,7/14/17,7/17/17,44.321545,-90.328946,Taylor Tai,,,,,
17.1052,Bombus bimaculatus,Hymenoptera,Apidae,Bombus,bimaculatus,USA,WI,JACKSON,Cutler,2,7/14/17,7/17/17,44.321545,-90.328946,Taylor Tai,,,,,
17.613,Bombus bimaculatus,Hymenoptera,Apidae,Bombus,bimaculatus,USA,WI,JACKSON,Cutler,2,7/14/17,7/17/17,44.321545,-90.328946,Taylor Tai,,,,,
17.1179,Bombus bimaculatus,Hymenoptera,Apidae,Bombus,bimaculatus,USA,WI,JUNEAU,JJW,2,7/14/17,7/17/17,44.15138889,-90.28805556,Taylor Tai,,,,,
17.604,Bombus bimaculatus,Hymenoptera,Apidae,Bombus,bimaculatus,USA,WI,JACKSON,Cutler,2,7/14/17,7/17/17,44.321545,-90.328946,Taylor Tai,,,,,
17.854,Bombus bimaculatus,Hymenoptera,Apidae,Bombus,bimaculatus,USA,WI,JACKSON,Cutler,2,7/14/17,7/17/17,44.321545,-90.328946,Taylor Tai,,,,,
17.121,Bombus bimaculatus,Hymenoptera,Apidae,Bombus,bimaculatus,USA,WI,JUNEAU,CranCreek_South,2,7/14/17,7/17/17,44.1875,-90.07861111,Taylor Tai,,,,,
17.215,Bombus bimaculatus,Hymenoptera,Apidae,Bombus,bimaculatus,USA,WI,JUNEAU,CranCreek_South,2,7/14/17,7/17/17,44.1875,-90.07861111,Taylor Tai,,,,,
17.257,Bombus bimaculatus,Hymenoptera,Apidae,Bombus,bimaculatus,USA,WI,JUNEAU,CranCreek_South,2,7/14/17,7/17/17,44.1875,-90.07861111,Taylor Tai,,,,,
17.211,Bombus bimaculatus,Hymenoptera,Apidae,Bombus,bimaculatus,USA,WI,JUNEAU,CranCreek_South,2,7/14/17,7/17/17,44.1875,-90.07861111,Taylor Tai,,,,,
17.668,Bombus bimaculatus,Hymenoptera,Apidae,Bombus,bimaculatus,USA,WI,JUNEAU,CranCreek_South,2,7/14/17,7/17/17,44.1875,-90.07861111,Taylor Tai,,,,,
17.65,Bombus bimaculatus,Hymenoptera,Apidae,Bombus,bimaculatus,USA,WI,JUNEAU,CranCreek_South,2,7/14/17,7/17/17,44.1875,-90.07861111,Taylor Tai,,,,,
17.248,Bombus bimaculatus,Hymenoptera,Apidae,Bombus,bimaculatus,USA,WI,JUNEAU,CranCreek_South,2,7/14/17,7/17/17,44.1875,-90.07861111,Taylor Tai,,,,,
17.222,Bombus bimaculatus,Hymenoptera,Apidae,Bombus,bimaculatus,USA,WI,JUNEAU,CranCreek_South,2,7/14/17,7/17/17,44.1875,-90.07861111,Taylor Tai,,,,,
17.294,Bombus bimaculatus,Hymenoptera,Apidae,Bombus,bimaculatus,USA,WI,JUNEAU,CranCreek_South,2,7/14/17,7/17/17,44.1875,-90.07861111,Taylor Tai,,,,,
17.693,Bombus bimaculatus,Hymenoptera,Apidae,Bombus,bimaculatus,USA,WI,JUNEAU,CranCreek_South,2,7/14/17,7/17/17,44.1875,-90.07861111,Taylor Tai,,,,,
17.1031,Bombus bimaculatus,Hymenoptera,Apidae,Bombus,bimaculatus,USA,WI,JACKSON,Cutler,2,7/14/17,7/17/17,44.321545,-90.328946,Taylor Tai,,,,,
17.833,Bombus bimaculatus,Hymenoptera,Apidae,Bombus,bimaculatus,USA,WI,JACKSON,Cutler,2,7/14/17,7/17/17,44.321545,-90.328946,Taylor Tai,,,,,
17.856,Bombus bimaculatus,Hymenoptera,Apidae,Bombus,bimaculatus,USA,WI,JACKSON,Cutler,2,7/14/17,7/17/17,44.321545,-90.328946,Taylor Tai,,,,,
17.8,Bombus bimaculatus,Hymenoptera,Apidae,Bombus,bimaculatus,USA,WI,JUNEAU,CranCreek_South,2,7/14/17,7/17/17,44.1875,-90.07861111,Taylor Tai,,,,,
17.506,Bombus bimaculatus,Hymenoptera,Apidae,Bombus,bimaculatus,USA,WI,JUNEAU,CranCreek_South,2,7/14/17,7/17/17,44.1875,-90.07861111,Taylor Tai,,,,,
17.538,Bombus bimaculatus,Hymenoptera,Apidae,Bombus,bimaculatus,USA,WI,JUNEAU,CranCreek_South,2,7/14/17,7/17/17,44.1875,-90.07861111,Taylor Tai,,,,,
17.629,Bombus bimaculatus,Hymenoptera,Apidae,Bombus,bimaculatus,USA,WI,JUNEAU,CranCreek_South,2,7/14/17,7/17/17,44.1875,-90.07861111,Taylor Tai,,,,,
17.1382,Bombus impatiens,Hymenoptera,Apidae,Bombus,impatiens,USA,WI,JACKSON,BibleCastle,2,7/14/17,7/17/17,44.27666667,-90.75166667,Taylor Tai,,,,,
17.1222,Bombus impatiens,Hymenoptera,Apidae,Bombus,impatiens,USA,WI,JUNEAU,JJW,2,7/14/17,7/17/17,44.15138889,-90.28805556,Taylor Tai,,,,,
17.1149,Bombus impatiens,Hymenoptera,Apidae,Bombus,impatiens,USA,WI,JACKSON,FlyingDollar_North,2,7/14/17,7/17/17,44.26,-90.34027778,Taylor Tai,,,,,
17.361,Bombus impatiens,Hymenoptera,Apidae,Bombus,impatiens,USA,WI,JUNEAU,CranCreek_South,2,7/14/17,7/17/17,44.1875,-90.07861111,Taylor Tai,,,,,
17.1324,Bombus impatiens,Hymenoptera,Apidae,Bombus,impatiens,USA,WI,JACKSON,FlyingDollar_North,2,7/14/17,7/17/17,44.26,-90.34027778,Taylor Tai,,,,,
17.84,Bombus impatiens,Hymenoptera,Apidae,Bombus,impatiens,USA,WI,JUNEAU,CranCreek_South,2,7/14/17,7/17/17,44.1875,-90.07861111,Taylor Tai,,,,,
17.103,Bombus impatiens,Hymenoptera,Apidae,Bombus,impatiens,USA,WI,JACKSON,FlyingDollar_South,2,7/14/17,7/17/17,44.24055556,-90.35222222,Taylor Tai,,,,,
17.765,Bombus impatiens,Hymenoptera,Apidae,Bombus,impatiens,USA,WI,JACKSON,FlyingDollar_South,2,7/14/17,7/17/17,44.24055556,-90.35222222,Taylor Tai,,,,,
17.605,Bombus impatiens,Hymenoptera,Apidae,Bombus,impatiens,USA,WI,JACKSON,FlyingDollar_South,2,7/14/17,7/17/17,44.24055556,-90.35222222,Taylor Tai,,,,,
17.1162,Bombus impatiens,Hymenoptera,Apidae,Bombus,impatiens,USA,WI,JACKSON,FlyingDollar_North,2,7/14/17,7/17/17,44.26,-90.34027778,Taylor Tai,,,,,
17.748,Bombus impatiens,Hymenoptera,Apidae,Bombus,impatiens,USA,WI,JACKSON,FlyingDollar_South,2,7/14/17,7/17/17,44.24055556,-90.35222222,Taylor Tai,,,,,
17.665,Bombus impatiens,Hymenoptera,Apidae,Bombus,impatiens,USA,WI,JACKSON,FlyingDollar_South,2,7/14/17,7/17/17,44.24055556,-90.35222222,Taylor Tai,,,,,
17.1168,Bombus impatiens,Hymenoptera,Apidae,Bombus,impatiens,USA,WI,JACKSON,FlyingDollar_North,2,7/14/17,7/17/17,44.26,-90.34027778,Taylor Tai,,,,,
17.1137,Bombus impatiens,Hymenoptera,Apidae,Bombus,impatiens,USA,WI,WOOD,Johnson,2,7/14/17,7/17/17,44.27111111,-89.97361111,Taylor Tai,,,,,
17.1327,Bombus impatiens,Hymenoptera,Apidae,Bombus,impatiens,USA,WI,JACKSON,FlyingDollar_North,2,7/14/17,7/17/17,44.26,-90.34027778,Taylor Tai,,,,,
17.243,Bombus impatiens,Hymenoptera,Apidae,Bombus,impatiens,USA,WI,JUNEAU,CranCreek_South,2,7/14/17,7/17/17,44.1875,-90.07861111,Taylor Tai,,,,,
17.106,Bombus impatiens,Hymenoptera,Apidae,Bombus,impatiens,USA,WI,JACKSON,FlyingDollar_South,2,7/14/17,7/17/17,44.24055556,-90.35222222,Taylor Tai,,,,,
17.908,Bombus impatiens,Hymenoptera,Apidae,Bombus,impatiens,USA,WI,JACKSON,FlyingDollar_South,2,7/14/17,7/17/17,44.24055556,-90.35222222,Taylor Tai,,,,,
17.1201,Bombus impatiens,Hymenoptera,Apidae,Bombus,impatiens,USA,WI,JUNEAU,CranCreek_North,2,7/14/17,7/17/17,44.2175,-90.0725,Taylor Tai,,,,,
17.688,Bombus impatiens,Hymenoptera,Apidae,Bombus,impatiens,USA,WI,JUNEAU,CranCreek_South,2,7/14/17,7/17/17,44.1875,-90.07861111,Taylor Tai,,,,,
17.1258,Bombus impatiens,Hymenoptera,Apidae,Bombus,impatiens,USA,WI,JACKSON,FlyingDollar_North,2,7/14/17,7/17/17,44.26,-90.34027778,Taylor Tai,,,,,
17.1529,Bombus impatiens,Hymenoptera,Apidae,Bombus,impatiens,USA,WI,JACKSON,FlyingDollar_North,2,7/14/17,7/17/17,44.26,-90.34027778,Taylor Tai,,,,,
17.1346,Bombus impatiens,Hymenoptera,Apidae,Bombus,impatiens,USA,WI,MONROE,AAA,2,7/14/17,7/17/17,43.98305556,-90.4625,Taylor Tai,,,,,
17.1261,Bombus impatiens,Hymenoptera,Apidae,Bombus,impatiens,USA,WI,MONROE,AAA,2,7/14/17,7/17/17,43.98305556,-90.4625,Taylor Tai,,,,,
17.1329,Bombus impatiens,Hymenoptera,Apidae,Bombus,impatiens,USA,WI,MONROE,AAA,2,7/14/17,7/17/17,43.98305556,-90.4625,Taylor Tai,,,,,
17.1256,Bombus impatiens,Hymenoptera,Apidae,Bombus,impatiens,USA,WI,MONROE,AAA,2,7/14/17,7/17/17,43.98305556,-90.4625,Taylor Tai,,,,,
17.1184,Bombus impatiens,Hymenoptera,Apidae,Bombus,impatiens,USA,WI,WOOD,LynnHill,2,7/14/17,7/17/17,44.29388889,-89.91055556,Taylor Tai,,,,,
17.1336,Bombus impatiens,Hymenoptera,Apidae,Bombus,impatiens,USA,WI,MONROE,AAA,2,7/14/17,7/17/17,43.98305556,-90.4625,Taylor Tai,,,,,
17.1339,Bombus impatiens,Hymenoptera,Apidae,Bombus,impatiens,USA,WI,MONROE,AAA,2,7/14/17,7/17/17,43.98305556,-90.4625,Taylor Tai,,,,,
17.1588,Bombus impatiens,Hymenoptera,Apidae,Bombus,impatiens,USA,WI,MONROE,Salzwedel,2,7/14/17,7/17/17,44.08527778,-90.47555556,Taylor Tai,,,,,
17.1191,Bombus impatiens,Hymenoptera,Apidae,Bombus,impatiens,USA,WI,WOOD,LynnHill,2,7/14/17,7/17/17,44.29388889,-89.91055556,Taylor Tai,,,,,
17.1086,Bombus impatiens,Hymenoptera,Apidae,Bombus,impatiens,USA,WI,WOOD,GlacialLake_North,2,7/14/17,7/17/17,44.34,-90.055,Taylor Tai,,,,,
17.1034,Bombus impatiens,Hymenoptera,Apidae,Bombus,impatiens,USA,WI,WOOD,GlacialLake_North,2,7/14/17,7/17/17,44.34,-90.055,Taylor Tai,,,,,
17.1041,Bombus impatiens,Hymenoptera,Apidae,Bombus,impatiens,USA,WI,WOOD,GlacialLake_North,2,7/14/17,7/17/17,44.34,-90.055,Taylor Tai,,,,,
17.1565,Bombus impatiens,Hymenoptera,Apidae,Bombus,impatiens,USA,WI,MONROE,Salzwedel,2,7/14/17,7/17/17,44.08527778,-90.47555556,Taylor Tai,,,,,
17.161,Bombus impatiens,Hymenoptera,Apidae,Bombus,impatiens,USA,WI,MONROE,Salzwedel,2,7/14/17,7/17/17,44.08527778,-90.47555556,Taylor Tai,,,,,
17.1311,Bombus impatiens,Hymenoptera,Apidae,Bombus,impatiens,USA,WI,MONROE,AAA,2,7/14/17,7/17/17,43.98305556,-90.4625,Taylor Tai,,,,,
17.1294,Bombus impatiens,Hymenoptera,Apidae,Bombus,impatiens,USA,WI,MONROE,AAA,2,7/14/17,7/17/17,43.98305556,-90.4625,Taylor Tai,,,,,
17.1264,Bombus impatiens,Hymenoptera,Apidae,Bombus,impatiens,USA,WI,MONROE,AAA,2,7/14/17,7/17/17,43.98305556,-90.4625,Taylor Tai,,,,,
17.1268,Bombus impatiens,Hymenoptera,Apidae,Bombus,impatiens,USA,WI,MONROE,AAA,2,7/14/17,7/17/17,43.98305556,-90.4625,Taylor Tai,,,,,
17.1147,Bombus impatiens,Hymenoptera,Apidae,Bombus,impatiens,USA,WI,WOOD,GlacialLake_South,2,7/14/17,7/17/17,44.31972222,-90.04805556,Taylor Tai,,,,,
17.1173,Bombus impatiens,Hymenoptera,Apidae,Bombus,impatiens,USA,WI,JUNEAU,CranCreek_North,2,7/14/17,7/17/17,44.2175,-90.0725,Taylor Tai,,,,,
17.1271,Bombus impatiens,Hymenoptera,Apidae,Bombus,impatiens,USA,WI,JUNEAU,JJW,2,7/14/17,7/17/17,44.15138889,-90.28805556,Taylor Tai,,,,,
17.1146,Bombus impatiens,Hymenoptera,Apidae,Bombus,impatiens,USA,WI,JUNEAU,JJW,2,7/14/17,7/17/17,44.15138889,-90.28805556,Taylor Tai,,,,,
17.1359,Bombus impatiens,Hymenoptera,Apidae,Bombus,impatiens,USA,WI,JACKSON,FlyingDollar_North,2,7/14/17,7/17/17,44.26,-90.34027778,Taylor Tai,,,,,
17.11,Bombus impatiens,Hymenoptera,Apidae,Bombus,impatiens,USA,WI,JACKSON,FlyingDollar_North,2,7/14/17,7/17/17,44.26,-90.34027778,Taylor Tai,,,,,
17.1477,Bombus impatiens,Hymenoptera,Apidae,Bombus,impatiens,USA,WI,JACKSON,HabEb_Road,2,7/14/17,7/17/17,44.17666667,-90.6625,Taylor Tai,,,,,
17.1257,Bombus impatiens,Hymenoptera,Apidae,Bombus,impatiens,USA,WI,WOOD,Engelnook,2,7/14/17,7/17/17,44.41277778,-89.86027778,Taylor Tai,,,,,
17.1263,Bombus impatiens,Hymenoptera,Apidae,Bombus,impatiens,USA,WI,WOOD,Engelnook,2,7/14/17,7/17/17,44.41277778,-89.86027778,Taylor Tai,,,,,
17.1316,Bombus impatiens,Hymenoptera,Apidae,Bombus,impatiens,USA,WI,WOOD,Engelnook,2,7/14/17,7/17/17,44.41277778,-89.86027778,Taylor Tai,,,,,
17.131,Bombus impatiens,Hymenoptera,Apidae,Bombus,impatiens,USA,WI,WOOD,Engelnook,2,7/14/17,7/17/17,44.41277778,-89.86027778,Taylor Tai,,,,,
17.1345,Bombus impatiens,Hymenoptera,Apidae,Bombus,impatiens,USA,WI,WOOD,Engelnook,2,7/14/17,7/17/17,44.41277778,-89.86027778,Taylor Tai,,,,,
17.147,Bombus impatiens,Hymenoptera,Apidae,Bombus,impatiens,USA,WI,WOOD,Engelnook,2,7/14/17,7/17/17,44.41277778,-89.86027778,Taylor Tai,,,,,
17.1305,Bombus impatiens,Hymenoptera,Apidae,Bombus,impatiens,USA,WI,WOOD,Engelnook,2,7/14/17,7/17/17,44.41277778,-89.86027778,Taylor Tai,,,,,
17.1306,Bombus impatiens,Hymenoptera,Apidae,Bombus,impatiens,USA,WI,WOOD,Engelnook,2,7/14/17,7/17/17,44.41277778,-89.86027778,Taylor Tai,,,,,
17.1309,Bombus impatiens,Hymenoptera,Apidae,Bombus,impatiens,USA,WI,WOOD,Engelnook,2,7/14/17,7/17/17,44.41277778,-89.86027778,Taylor Tai,,,,,
17.1465,Bombus impatiens,Hymenoptera,Apidae,Bombus,impatiens,USA,WI,WOOD,Engelnook,2,7/14/17,7/17/17,44.41277778,-89.86027778,Taylor Tai,,,,,
17.1466,Bombus impatiens,Hymenoptera,Apidae,Bombus,impatiens,USA,WI,WOOD,Engelnook,2,7/14/17,7/17/17,44.41277778,-89.86027778,Taylor Tai,,,,,
17.1313,Bombus impatiens,Hymenoptera,Apidae,Bombus,impatiens,USA,WI,WOOD,Engelnook,2,7/14/17,7/17/17,44.41277778,-89.86027778,Taylor Tai,,,,,
17.1312,Bombus impatiens,Hymenoptera,Apidae,Bombus,impatiens,USA,WI,WOOD,Engelnook,2,7/14/17,7/17/17,44.41277778,-89.86027778,Taylor Tai,,,,,
17.229,Bombus vagans,Hymenoptera,Apidae,Bombus,vagans,USA,WI,JUNEAU,CranCreek_South,2,7/14/17,7/17/17,44.1875,-90.07861111,Olivia Bernauer,worker,,,,
17.1372,Bombus vagans,Hymenoptera,Apidae,Bombus,vagans,USA,WI,JACKSON,FlyingDollar_North,2,7/14/17,7/17/17,44.26,-90.34027778,Olivia Bernauer,worker,,,,
17.1637,Bombus ,Hymenoptera,Apidae,Bombus,,USA,WI,JUNEAU,CranCreek_South,2,7/14/17,7/17/17,44.1875,-90.07861111,,,,,,
17.104,Bombus vagans,Hymenoptera,Apidae,Bombus,vagans,USA,WI,WOOD,Searles,2,7/14/17,7/17/17,44.265,-90.08138889,Taylor Tai,,,,,
17.1069,Bombus vagans,Hymenoptera,Apidae,Bombus,vagans,USA,WI,WOOD,Searles,2,7/14/17,7/17/17,44.265,-90.08138889,Taylor Tai,,,,,
17.921,Bombus vagans,Hymenoptera,Apidae,Bombus,vagans,USA,WI,WOOD,Searles,2,7/14/17,7/17/17,44.265,-90.08138889,Taylor Tai,,,,,
17.895,Bombus vagans,Hymenoptera,Apidae,Bombus,vagans,USA,WI,WOOD,Searles,2,7/14/17,7/17/17,44.265,-90.08138889,Taylor Tai,,,,,
17.591,Bombus vagans,Hymenoptera,Apidae,Bombus,vagans,USA,WI,WOOD,Searles,2,7/14/17,7/17/17,44.265,-90.08138889,Taylor Tai,,,,,
17.105,Bombus vagans,Hymenoptera,Apidae,Bombus,vagans,USA,WI,JACKSON,Cutler,2,7/14/17,7/17/17,44.321545,-90.328946,Taylor Tai,,,,,
17.553,Bombus vagans,Hymenoptera,Apidae,Bombus,vagans,USA,WI,JACKSON,Cutler,2,7/14/17,7/17/17,44.321545,-90.328946,Taylor Tai,,,,,
17.624,Bombus vagans,Hymenoptera,Apidae,Bombus,vagans,USA,WI,JACKSON,Cutler,2,7/14/17,7/17/17,44.321545,-90.328946,Taylor Tai,,,,,
17.562,Bombus vagans,Hymenoptera,Apidae,Bombus,vagans,USA,WI,JACKSON,Cutler,2,7/14/17,7/17/17,44.321545,-90.328946,Taylor Tai,,,,,
17.1063,Bombus vagans,Hymenoptera,Apidae,Bombus,vagans,USA,WI,JACKSON,Cutler,2,7/14/17,7/17/17,44.321545,-90.328946,Taylor Tai,,,,,
17.572,Bombus vagans,Hymenoptera,Apidae,Bombus,vagans,USA,WI,JACKSON,Cutler,2,7/14/17,7/17/17,44.321545,-90.328946,Taylor Tai,,,,,
17.838,Bombus vagans,Hymenoptera,Apidae,Bombus,vagans,USA,WI,JACKSON,Cutler,2,7/14/17,7/17/17,44.321545,-90.328946,Taylor Tai,,,,,
17.569,Bombus vagans,Hymenoptera,Apidae,Bombus,vagans,USA,WI,JACKSON,Cutler,2,7/14/17,7/17/17,44.321545,-90.328946,Taylor Tai,,,,,
17.1227,Bombus vagans,Hymenoptera,Apidae,Bombus,vagans,USA,WI,JACKSON,Cutler,2,7/14/17,7/17/17,44.321545,-90.328946,Taylor Tai,,,,,
17.1013,Bombus vagans,Hymenoptera,Apidae,Bombus,vagans,USA,WI,JACKSON,Cutler,2,7/14/17,7/17/17,44.321545,-90.328946,Taylor Tai,,,,,
17.573,Bombus vagans,Hymenoptera,Apidae,Bombus,vagans,USA,WI,JACKSON,Cutler,2,7/14/17,7/17/17,44.321545,-90.328946,Taylor Tai,,,,,
17.1,Bombus vagans,Hymenoptera,Apidae,Bombus,vagans,USA,WI,JACKSON,Cutler,2,7/14/17,7/17/17,44.321545,-90.328946,Taylor Tai,,,,,
17.885,Bombus vagans,Hymenoptera,Apidae,Bombus,vagans,USA,WI,JACKSON,Cutler,2,7/14/17,7/17/17,44.321545,-90.328946,Taylor Tai,,,,,
17.611,Bombus vagans,Hymenoptera,Apidae,Bombus,vagans,USA,WI,JACKSON,Cutler,2,7/14/17,7/17/17,44.321545,-90.328946,Taylor Tai,,,,,
17.901,Bombus vagans,Hymenoptera,Apidae,Bombus,vagans,USA,WI,JACKSON,Cutler,2,7/14/17,7/17/17,44.321545,-90.328946,Taylor Tai,,,,,
17.555,Bombus vagans,Hymenoptera,Apidae,Bombus,vagans,USA,WI,JACKSON,Cutler,2,7/14/17,7/17/17,44.321545,-90.328946,Taylor Tai,,,,,
17.623,Bombus vagans,Hymenoptera,Apidae,Bombus,vagans,USA,WI,JACKSON,Cutler,2,7/14/17,7/17/17,44.321545,-90.328946,Taylor Tai,,,,,
17.1023,Bombus vagans,Hymenoptera,Apidae,Bombus,vagans,USA,WI,JACKSON,FlyingDollar_South,2,7/14/17,7/17/17,44.24055556,-90.35222222,Taylor Tai,,,,,
17.652,Bombus vagans,Hymenoptera,Apidae,Bombus,vagans,USA,WI,JACKSON,FlyingDollar_South,2,7/14/17,7/17/17,44.24055556,-90.35222222,Taylor Tai,,,,,
17.969,Bombus vagans,Hymenoptera,Apidae,Bombus,vagans,USA,WI,JACKSON,FlyingDollar_South,2,7/14/17,7/17/17,44.24055556,-90.35222222,Taylor Tai,,,,,
17.864,Bombus vagans,Hymenoptera,Apidae,Bombus,vagans,USA,WI,JACKSON,FlyingDollar_South,2,7/14/17,7/17/17,44.24055556,-90.35222222,Taylor Tai,,,,,
17.796,Bombus vagans,Hymenoptera,Apidae,Bombus,vagans,USA,WI,JACKSON,FlyingDollar_South,2,7/14/17,7/17/17,44.24055556,-90.35222222,Taylor Tai,,,,,
17.962,Bombus vagans,Hymenoptera,Apidae,Bombus,vagans,USA,WI,JACKSON,FlyingDollar_South,2,7/14/17,7/17/17,44.24055556,-90.35222222,Taylor Tai,,,,,
17.1272,Bombus vagans,Hymenoptera,Apidae,Bombus,vagans,USA,WI,JACKSON,FlyingDollar_North,2,7/14/17,7/17/17,44.26,-90.34027778,Taylor Tai,,,,,
17.1267,Bombus vagans,Hymenoptera,Apidae,Bombus,vagans,USA,WI,JACKSON,FlyingDollar_North,2,7/14/17,7/17/17,44.26,-90.34027778,Taylor Tai,,,,,
17.125,Bombus vagans,Hymenoptera,Apidae,Bombus,vagans,USA,WI,JACKSON,FlyingDollar_North,2,7/14/17,7/17/17,44.26,-90.34027778,Taylor Tai,,,,,
17.1186,Bombus vagans,Hymenoptera,Apidae,Bombus,vagans,USA,WI,JACKSON,FlyingDollar_North,2,7/14/17,7/17/17,44.26,-90.34027778,Taylor Tai,,,,,
17.111,Bombus vagans,Hymenoptera,Apidae,Bombus,vagans,USA,WI,JACKSON,FlyingDollar_North,2,7/14/17,7/17/17,44.26,-90.34027778,Taylor Tai,,,,,
17.1122,Bombus vagans,Hymenoptera,Apidae,Bombus,vagans,USA,WI,JACKSON,FlyingDollar_North,2,7/14/17,7/17/17,44.26,-90.34027778,Taylor Tai,,,,,
17.1604,Bombus vagans,Hymenoptera,Apidae,Bombus,vagans,USA,WI,JACKSON,FlyingDollar_North,2,7/14/17,7/17/17,44.26,-90.34027778,Taylor Tai,,,,,
17.1288,Bombus vagans,Hymenoptera,Apidae,Bombus,vagans,USA,WI,JACKSON,FlyingDollar_North,2,7/14/17,7/17/17,44.26,-90.34027778,Taylor Tai,,,,,
17.1099,Bombus vagans,Hymenoptera,Apidae,Bombus,vagans,USA,WI,JACKSON,FlyingDollar_North,2,7/14/17,7/17/17,44.26,-90.34027778,Taylor Tai,,,,,
17.1211,Bombus vagans,Hymenoptera,Apidae,Bombus,vagans,USA,WI,JACKSON,FlyingDollar_North,2,7/14/17,7/17/17,44.26,-90.34027778,Taylor Tai,,,,,
17.1366,Bombus vagans,Hymenoptera,Apidae,Bombus,vagans,USA,WI,JACKSON,FlyingDollar_North,2,7/14/17,7/17/17,44.26,-90.34027778,Taylor Tai,,,,,
17.1096,Bombus vagans,Hymenoptera,Apidae,Bombus,vagans,USA,WI,WOOD,Johnson,2,7/14/17,7/17/17,44.27111111,-89.97361111,Taylor Tai,,,,,
17.1109,Bombus vagans,Hymenoptera,Apidae,Bombus,vagans,USA,WI,WOOD,Johnson,2,7/14/17,7/17/17,44.27111111,-89.97361111,Taylor Tai,,,,,
17.1357,Bombus vagans,Hymenoptera,Apidae,Bombus,vagans,USA,WI,JACKSON,HabEb_Road,2,7/14/17,7/17/17,44.17666667,-90.6625,Taylor Tai,,,,,
17.1244,Bombus vagans,Hymenoptera,Apidae,Bombus,vagans,USA,WI,JACKSON,HabEb_Road,2,7/14/17,7/17/17,44.17666667,-90.6625,Taylor Tai,,,,,
17.1303,Bombus vagans,Hymenoptera,Apidae,Bombus,vagans,USA,WI,JACKSON,HabEb_Road,2,7/14/17,7/17/17,44.17666667,-90.6625,Taylor Tai,,,,,
17.448,Bombus vagans,Hymenoptera,Apidae,Bombus,vagans,USA,WI,JUNEAU,CranCreek_South,2,7/14/17,7/17/17,44.1875,-90.07861111,Taylor Tai,,,,,
17.1469,Bombus vagans,Hymenoptera,Apidae,Bombus,vagans,USA,WI,WOOD,Engelnook,2,7/14/17,7/17/17,44.41277778,-89.86027778,Taylor Tai,,,,,
17.959,Bombus vagans,Hymenoptera,Apidae,Bombus,vagans,USA,WI,JACKSON,Cutler,2,7/14/17,7/17/17,44.321545,-90.328946,Taylor Tai,,,,,
17.158,Bombus vagans,Hymenoptera,Apidae,Bombus,vagans,USA,WI,JACKSON,BibleCastle,2,7/14/17,7/17/17,44.27666667,-90.75166667,Taylor Tai,,,,,
17.1292,Bombus vagans,Hymenoptera,Apidae,Bombus,vagans,USA,WI,MONROE,AAA,2,7/14/17,7/17/17,43.98305556,-90.4625,Taylor Tai,,,,,
17.1148,Bombus vagans,Hymenoptera,Apidae,Bombus,vagans,USA,WI,MONROE,AAA,2,7/14/17,7/17/17,43.98305556,-90.4625,Taylor Tai,,,,,
17.1335,Bombus vagans,Hymenoptera,Apidae,Bombus,vagans,USA,WI,MONROE,AAA,2,7/14/17,7/17/17,43.98305556,-90.4625,Taylor Tai,,,,,
17.1247,Bombus vagans,Hymenoptera,Apidae,Bombus,vagans,USA,WI,WOOD,GlacialLake_North,2,7/14/17,7/17/17,44.34,-90.055,Taylor Tai,,,,,
17.1091,Bombus vagans,Hymenoptera,Apidae,Bombus,vagans,USA,WI,WOOD,GlacialLake_North,2,7/14/17,7/17/17,44.34,-90.055,Taylor Tai,,,,,
17.1203,Bombus vagans,Hymenoptera,Apidae,Bombus,vagans,USA,WI,JUNEAU,CranCreek_North,2,7/14/17,7/17/17,44.2175,-90.0725,Taylor Tai,,,,,
17.1198,Bombus vagans,Hymenoptera,Apidae,Bombus,vagans,USA,WI,JUNEAU,CranCreek_North,2,7/14/17,7/17/17,44.2175,-90.0725,Taylor Tai,,,,,
17.1209,Bombus vagans,Hymenoptera,Apidae,Bombus,vagans,USA,WI,JUNEAU,CranCreek_North,2,7/14/17,7/17/17,44.2175,-90.0725,Taylor Tai,,,,,
17.881,Bombus vagans,Hymenoptera,Apidae,Bombus,vagans,USA,WI,MONROE,Grygleski,2,7/14/17,7/17/17,44.06555556,-90.41277778,Taylor Tai,,,,,
17.865,Bombus vagans,Hymenoptera,Apidae,Bombus,vagans,USA,WI,MONROE,Grygleski,2,7/14/17,7/17/17,44.06555556,-90.41277778,Taylor Tai,,,,,
17.119,Bombus vagans,Hymenoptera,Apidae,Bombus,vagans,USA,WI,JUNEAU,JJW,2,7/14/17,7/17/17,44.15138889,-90.28805556,Taylor Tai,,,,,
17.1125,Bombus vagans,Hymenoptera,Apidae,Bombus,vagans,USA,WI,JUNEAU,JJW,2,7/14/17,7/17/17,44.15138889,-90.28805556,Taylor Tai,,,,,
17.61,Bombus griseocollis,Hymenoptera,Apidae,Bombus,griseocollis,USA,WI,JACKSON,Cutler,2,7/14/17,7/17/17,44.321545,-90.328946,Taylor Tai,male,,,,
17.739,Bombus griseocollis,Hymenoptera,Apidae,Bombus,griseocollis,USA,WI,JACKSON,Cutler,2,7/14/17,7/17/17,44.321545,-90.328946,Taylor Tai,male,,,,
17.552,Bombus griseocollis,Hymenoptera,Apidae,Bombus,griseocollis,USA,WI,JACKSON,Cutler,2,7/14/17,7/17/17,44.321545,-90.328946,Taylor Tai,worker,,,,
17.953,Bombus griseocollis,Hymenoptera,Apidae,Bombus,griseocollis,USA,WI,JACKSON,Cutler,2,7/14/17,7/17/17,44.321545,-90.328946,Taylor Tai,male,,,,
17.1488,Bombus griseocollis,Hymenoptera,Apidae,Bombus,griseocollis,USA,WI,WOOD,Searles,2,7/14/17,7/17/17,44.265,-90.08138889,Taylor Tai,,,,,
17.224,Bombus griseocollis,Hymenoptera,Apidae,Bombus,griseocollis,USA,WI,JUNEAU,CranCreek_South,2,7/14/17,7/17/17,44.1875,-90.07861111,Taylor Tai,,,,,
17.223,Bombus griseocollis,Hymenoptera,Apidae,Bombus,griseocollis,USA,WI,JUNEAU,CranCreek_South,2,7/14/17,7/17/17,44.1875,-90.07861111,Taylor Tai,male,,,,
17.923,Bombus griseocollis,Hymenoptera,Apidae,Bombus,griseocollis,USA,WI,JACKSON,FlyingDollar_South,2,7/14/17,7/17/17,44.24055556,-90.35222222,Taylor Tai,,,,,
17.58,Bombus griseocollis,Hymenoptera,Apidae,Bombus,griseocollis,USA,WI,JACKSON,FlyingDollar_South,2,7/14/17,7/17/17,44.24055556,-90.35222222,Taylor Tai,,,,,
17.1213,Bombus griseocollis,Hymenoptera,Apidae,Bombus,griseocollis,USA,WI,JUNEAU,CranCreek_North,2,7/14/17,7/17/17,44.2175,-90.0725,Taylor Tai,,,,,
17.1328,Bombus griseocollis,Hymenoptera,Apidae,Bombus,griseocollis,USA,WI,JACKSON,FlyingDollar_North,2,7/14/17,7/17/17,44.26,-90.34027778,Taylor Tai,male,,,,
17.1087,Bombus ,Hymenoptera,Apidae,Bombus,,USA,WI,WOOD,GlacialLake_North,2,7/14/17,7/17/17,44.34,-90.055,,,,,,
17.129,Bombus ternarius,Hymenoptera,Apidae,Bombus,ternarius,USA,WI,JACKSON,FlyingDollar_North,2,7/14/17,7/17/17,44.26,-90.34027778,Taylor Tai,,,,,
17.1115,Bombus ternarius,Hymenoptera,Apidae,Bombus,ternarius,USA,WI,JACKSON,FlyingDollar_North,2,7/14/17,7/17/17,44.26,-90.34027778,Taylor Tai,,,,,
17.1277,Bombus ternarius,Hymenoptera,Apidae,Bombus,ternarius,USA,WI,JACKSON,FlyingDollar_North,2,7/14/17,7/17/17,44.26,-90.34027778,Taylor Tai,,,,,
17.1139,Bombus ternarius,Hymenoptera,Apidae,Bombus,ternarius,USA,WI,JACKSON,FlyingDollar_North,2,7/14/17,7/17/17,44.26,-90.34027778,Taylor Tai,,,,,
17.1102,Bombus ternarius,Hymenoptera,Apidae,Bombus,ternarius,USA,WI,JACKSON,FlyingDollar_North,2,7/14/17,7/17/17,44.26,-90.34027778,Taylor Tai,,,,,
17.1164,Bombus ternarius,Hymenoptera,Apidae,Bombus,ternarius,USA,WI,JACKSON,FlyingDollar_North,2,7/14/17,7/17/17,44.26,-90.34027778,Taylor Tai,,,,,
17.1326,Bombus ternarius,Hymenoptera,Apidae,Bombus,ternarius,USA,WI,JACKSON,FlyingDollar_North,2,7/14/17,7/17/17,44.26,-90.34027778,Taylor Tai,,,,,
17.1167,Bombus ternarius,Hymenoptera,Apidae,Bombus,ternarius,USA,WI,JACKSON,FlyingDollar_North,2,7/14/17,7/17/17,44.26,-90.34027778,Taylor Tai,,,,,
17.1144,Bombus ternarius,Hymenoptera,Apidae,Bombus,ternarius,USA,WI,JACKSON,FlyingDollar_North,2,7/14/17,7/17/17,44.26,-90.34027778,Taylor Tai,,,,,
17.1121,Bombus ternarius,Hymenoptera,Apidae,Bombus,ternarius,USA,WI,JACKSON,FlyingDollar_North,2,7/14/17,7/17/17,44.26,-90.34027778,Taylor Tai,,,,,
17.13,Bombus ternarius,Hymenoptera,Apidae,Bombus,ternarius,USA,WI,JACKSON,FlyingDollar_North,2,7/14/17,7/17/17,44.26,-90.34027778,Taylor Tai,,,,,
17.1251,Bombus ternarius,Hymenoptera,Apidae,Bombus,ternarius,USA,WI,JACKSON,FlyingDollar_North,2,7/14/17,7/17/17,44.26,-90.34027778,Taylor Tai,,,,,
17.1432,Bombus ternarius,Hymenoptera,Apidae,Bombus,ternarius,USA,WI,JACKSON,FlyingDollar_North,2,7/14/17,7/17/17,44.26,-90.34027778,Taylor Tai,,,,,
17.108,Bombus ternarius,Hymenoptera,Apidae,Bombus,ternarius,USA,WI,WOOD,Searles,2,7/14/17,7/17/17,44.265,-90.08138889,Taylor Tai,,,,,
17.1174,Bombus ternarius,Hymenoptera,Apidae,Bombus,ternarius,USA,WI,JUNEAU,JJW,2,7/14/17,7/17/17,44.15138889,-90.28805556,Taylor Tai,,,,,
17.21,Bombus ternarius,Hymenoptera,Apidae,Bombus,ternarius,USA,WI,JUNEAU,CranCreek_South,2,7/14/17,7/17/17,44.1875,-90.07861111,Taylor Tai,,,,,
17.671,Bombus ternarius,Hymenoptera,Apidae,Bombus,ternarius,USA,WI,JUNEAU,CranCreek_South,2,7/14/17,7/17/17,44.1875,-90.07861111,Taylor Tai,,,,,
17.912,Bombus ternarius,Hymenoptera,Apidae,Bombus,ternarius,USA,WI,JACKSON,Cutler,2,7/14/17,7/17/17,44.321545,-90.328946,Taylor Tai,,,,,
17.616,Bombus ternarius,Hymenoptera,Apidae,Bombus,ternarius,USA,WI,JACKSON,Cutler,2,7/14/17,7/17/17,44.321545,-90.328946,Taylor Tai,,,,,
17.59,Bombus ternarius,Hymenoptera,Apidae,Bombus,ternarius,USA,WI,JACKSON,FlyingDollar_South,2,7/14/17,7/17/17,44.24055556,-90.35222222,Taylor Tai,,,,,
17.1026,Bombus ternarius,Hymenoptera,Apidae,Bombus,ternarius,USA,WI,JACKSON,FlyingDollar_South,2,7/14/17,7/17/17,44.24055556,-90.35222222,Taylor Tai,,,,,
17.816,Bombus ternarius,Hymenoptera,Apidae,Bombus,ternarius,USA,WI,JACKSON,FlyingDollar_South,2,7/14/17,7/17/17,44.24055556,-90.35222222,Taylor Tai,,,,,
17.1044,Bombus ternarius,Hymenoptera,Apidae,Bombus,ternarius,USA,WI,JACKSON,FlyingDollar_South,2,7/14/17,7/17/17,44.24055556,-90.35222222,Taylor Tai,,,,,
17.846,Bombus ternarius,Hymenoptera,Apidae,Bombus,ternarius,USA,WI,JACKSON,FlyingDollar_South,2,7/14/17,7/17/17,44.24055556,-90.35222222,Taylor Tai,,,,,
17.704,Bombus ternarius,Hymenoptera,Apidae,Bombus,ternarius,USA,WI,JACKSON,FlyingDollar_South,2,7/14/17,7/17/17,44.24055556,-90.35222222,Taylor Tai,,,,,
17.636,Bombus ternarius,Hymenoptera,Apidae,Bombus,ternarius,USA,WI,JACKSON,FlyingDollar_South,2,7/14/17,7/17/17,44.24055556,-90.35222222,Taylor Tai,,,,,
17.769,Bombus ternarius,Hymenoptera,Apidae,Bombus,ternarius,USA,WI,JACKSON,FlyingDollar_South,2,7/14/17,7/17/17,44.24055556,-90.35222222,Taylor Tai,,,,,
17.1032,Bombus ternarius,Hymenoptera,Apidae,Bombus,ternarius,USA,WI,JACKSON,FlyingDollar_South,2,7/14/17,7/17/17,44.24055556,-90.35222222,Taylor Tai,,,,,
17.1057,Bombus ternarius,Hymenoptera,Apidae,Bombus,ternarius,USA,WI,JACKSON,FlyingDollar_South,2,7/14/17,7/17/17,44.24055556,-90.35222222,Taylor Tai,,,,,
17.798,Bombus ternarius,Hymenoptera,Apidae,Bombus,ternarius,USA,WI,JACKSON,FlyingDollar_South,2,7/14/17,7/17/17,44.24055556,-90.35222222,Taylor Tai,,,,,
17.1062,Bombus ternarius,Hymenoptera,Apidae,Bombus,ternarius,USA,WI,JACKSON,FlyingDollar_South,2,7/14/17,7/17/17,44.24055556,-90.35222222,Taylor Tai,,,,,
17.1045,Bombus ternarius,Hymenoptera,Apidae,Bombus,ternarius,USA,WI,JACKSON,FlyingDollar_South,2,7/14/17,7/17/17,44.24055556,-90.35222222,Taylor Tai,,,,,
17.691,Bombus ternarius,Hymenoptera,Apidae,Bombus,ternarius,USA,WI,JACKSON,FlyingDollar_South,2,7/14/17,7/17/17,44.24055556,-90.35222222,Taylor Tai,,,,,
17.867,Bombus ternarius,Hymenoptera,Apidae,Bombus,ternarius,USA,WI,WOOD,GlacialLake_North,2,7/14/17,7/17/17,44.34,-90.055,Taylor Tai,,,,,
17.932,Bombus fervidus,Hymenoptera,Apidae,Bombus,fervidus,USA,WI,JACKSON,FlyingDollar_South,2,7/14/17,7/17/17,44.24055556,-90.35222222,Taylor Tai,,,,,
17.1351,Bombus fervidus,Hymenoptera,Apidae,Bombus,fervidus,USA,WI,WOOD,Engelnook,2,7/14/17,7/17/17,44.41277778,-89.86027778,Taylor Tai,,,,,
17.112,Bombus fervidus,Hymenoptera,Apidae,Bombus,fervidus,USA,WI,WOOD,LynnHill,2,7/14/17,7/17/17,44.29388889,-89.91055556,Taylor Tai,,,,,
17.66,Bombus fervidus,Hymenoptera,Apidae,Bombus,fervidus,USA,WI,JUNEAU,CranCreek_South,2,7/14/17,7/17/17,44.1875,-90.07861111,Taylor Tai,,,,,
17.975,Bombus impatiens,Hymenoptera,Apidae,Bombus,impatiens,USA,WI,MONROE,HabTun_Prairie,1,6/26/17,6/29/17,43.99416667,-90.67055556,Taylor Tai,,,,,
17.978,Bombus impatiens,Hymenoptera,Apidae,Bombus,impatiens,USA,WI,MONROE,HabTun_Prairie,1,6/26/17,6/29/17,43.99416667,-90.67055556,Taylor Tai,,,,,
17.472,Bombus impatiens,Hymenoptera,Apidae,Bombus,impatiens,USA,WI,MONROE,Rezin,1,6/26/17,6/29/17,44.12305556,-90.45555556,Taylor Tai,,,,,
17.98,Bombus impatiens,Hymenoptera,Apidae,Bombus,impatiens,USA,WI,MONROE,HabTun_Prairie,1,6/26/17,6/29/17,43.99416667,-90.67055556,Taylor Tai,,,,,
17.173,Bombus impatiens,Hymenoptera,Apidae,Bombus,impatiens,USA,WI,MONROE,HabTun_Prairie,1,6/26/17,6/29/17,43.99416667,-90.67055556,Taylor Tai,,,,,
17.974,Bombus impatiens,Hymenoptera,Apidae,Bombus,impatiens,USA,WI,MONROE,HabTun_Prairie,1,6/26/17,6/29/17,43.99416667,-90.67055556,Taylor Tai,,,,,
17.987,Bombus impatiens,Hymenoptera,Apidae,Bombus,impatiens,USA,WI,MONROE,HabTun_Prairie,1,6/26/17,6/29/17,43.99416667,-90.67055556,Taylor Tai,,,,,
17.471,Bombus impatiens,Hymenoptera,Apidae,Bombus,impatiens,USA,WI,MONROE,AAA,1,6/26/17,6/29/17,43.98305556,-90.4625,Taylor Tai,,,,,
17.981,Bombus impatiens,Hymenoptera,Apidae,Bombus,impatiens,USA,WI,MONROE,HabTun_Prairie,1,6/26/17,6/29/17,43.99416667,-90.67055556,Taylor Tai,,,,,
17.338,Bombus impatiens,Hymenoptera,Apidae,Bombus,impatiens,USA,WI,MONROE,HabEb_Bed,1,6/26/17,6/29/17,44.15305556,-90.69833333,Taylor Tai,,,,,
17.977,Bombus impatiens,Hymenoptera,Apidae,Bombus,impatiens,USA,WI,MONROE,HabTun_Prairie,1,6/26/17,6/29/17,43.99416667,-90.67055556,Taylor Tai,,,,,
17.976,Bombus vagans,Hymenoptera,Apidae,Bombus,vagans,USA,WI,MONROE,HabTun_Prairie,1,6/26/17,6/29/17,43.99416667,-90.67055556,Taylor Tai,,,,,
17.321,Bombus vagans,Hymenoptera,Apidae,Bombus,vagans,USA,WI,JACKSON,HabEb_Road,1,6/26/17,6/29/17,44.17666667,-90.6625,Taylor Tai,,,,,
17.332,Bombus vagans,Hymenoptera,Apidae,Bombus,vagans,USA,WI,JACKSON,HabEb_Road,1,6/26/17,6/29/17,44.17666667,-90.6625,Taylor Tai,,,,,
17.489,Bombus vagans,Hymenoptera,Apidae,Bombus,vagans,USA,WI,MONROE,Rezin,1,6/26/17,6/29/17,44.12305556,-90.45555556,Taylor Tai,,,,,
17.32,Bombus vagans,Hymenoptera,Apidae,Bombus,vagans,USA,WI,JACKSON,HabEb_Road,1,6/26/17,6/29/17,44.17666667,-90.6625,Taylor Tai,,,,,
17.313,Bombus vagans,Hymenoptera,Apidae,Bombus,vagans,USA,WI,JACKSON,HabEb_Road,1,6/26/17,6/29/17,44.17666667,-90.6625,Taylor Tai,,,,,
17.37,Bombus vagans,Hymenoptera,Apidae,Bombus,vagans,USA,WI,JACKSON,HabEb_Road,1,6/26/17,6/29/17,44.17666667,-90.6625,Taylor Tai,,,,,
17.29,Bombus bimaculatus,Hymenoptera,Apidae,Bombus,bimaculatus,USA,WI,JACKSON,HabEb_Road,1,6/26/17,6/29/17,44.17666667,-90.6625,Taylor Tai,,,,,
17.99,Bombus bimaculatus,Hymenoptera,Apidae,Bombus,bimaculatus,USA,WI,JACKSON,HabEb_Road,1,6/26/17,6/29/17,44.17666667,-90.6625,Taylor Tai,,,,,
17.169,Bombus impatiens,Hymenoptera,Apidae,Bombus,impatiens,USA,WI,MONROE,Basswater_EdgeN,1,6/26/17,6/29/17,43.96944444,-90.35138889,Olivia Bernauer,worker,,,,
17.492,Bombus impatiens,Hymenoptera,Apidae,Bombus,impatiens,USA,WI,MONROE,AAA,1,6/26/17,6/29/17,43.98305556,-90.4625,Olivia Bernauer,worker,,,,
17.973,Bombus impatiens,Hymenoptera,Apidae,Bombus,impatiens,USA,WI,MONROE,HabTun_Prairie,1,6/26/17,6/29/17,43.99416667,-90.67055556,Olivia Bernauer,worker,,,,
17.714,Bombus vagans,Hymenoptera,Apidae,Bombus,vagans,USA,WI,WOOD,LynnHill,1,6/26/17,6/29/17,44.29388889,-89.91055556,Olivia Bernauer,worker,,,,
17.319,Bombus vagans,Hymenoptera,Apidae,Bombus,vagans,USA,WI,JACKSON,HabEb_Road,1,6/26/17,6/29/17,44.17666667,-90.6625,Olivia Bernauer,worker,,,,
17.985,Bombus vagans,Hymenoptera,Apidae,Bombus,vagans,USA,WI,WOOD,GlacialLake_North,1,6/26/17,6/29/17,44.34,-90.055,Olivia Bernauer,worker,,,,
17.176,Bombus bimaculatus,Hymenoptera,Apidae,Bombus,bimaculatus,USA,WI,JACKSON,HabEb_Road,1,6/26/17,6/29/17,44.17666667,-90.6625,Taylor Tai,,,,,
17.317,Bombus bimaculatus,Hymenoptera,Apidae,Bombus,bimaculatus,USA,WI,JACKSON,HabEb_Road,1,6/26/17,6/29/17,44.17666667,-90.6625,Taylor Tai,male,,,,
17.323,Bombus bimaculatus,Hymenoptera,Apidae,Bombus,bimaculatus,USA,WI,JACKSON,HabEb_Road,1,6/26/17,6/29/17,44.17666667,-90.6625,Taylor Tai,,,,,
17.55,Bombus bimaculatus,Hymenoptera,Apidae,Bombus,bimaculatus,USA,WI,JACKSON,HabEb_Road,1,6/26/17,6/29/17,44.17666667,-90.6625,Taylor Tai,,,,,
17.337,Bombus bimaculatus,Hymenoptera,Apidae,Bombus,bimaculatus,USA,WI,JACKSON,HabEb_Road,1,6/26/17,6/29/17,44.17666667,-90.6625,Olivia Bernauer,worker,,,,
17.335,Bombus bimaculatus,Hymenoptera,Apidae,Bombus,bimaculatus,USA,WI,JACKSON,HabEb_Road,1,6/26/17,6/29/17,44.17666667,-90.6625,Olivia Bernauer,male,,,,
17.181,Bombus bimaculatus,Hymenoptera,Apidae,Bombus,bimaculatus,USA,WI,JACKSON,HabEb_Road,1,6/26/17,6/29/17,44.17666667,-90.6625,Olivia Bernauer,male,,,,
17.353,Bombus bimaculatus,Hymenoptera,Apidae,Bombus,bimaculatus,USA,WI,JACKSON,HabEb_Road,1,6/26/17,6/29/17,44.17666667,-90.6625,Olivia Bernauer,male,,,,
17.674,Bombus bimaculatus,Hymenoptera,Apidae,Bombus,bimaculatus,USA,WI,WOOD,LynnHill,1,6/26/17,6/29/17,44.29388889,-89.91055556,Olivia Bernauer,,,,,
17.325,Bombus bimaculatus,Hymenoptera,Apidae,Bombus,bimaculatus,USA,WI,MONROE,HabEb_Bed,1,6/26/17,6/29/17,44.15305556,-90.69833333,Taylor Tai,,,,,
17.329,Bombus bimaculatus,Hymenoptera,Apidae,Bombus,bimaculatus,USA,WI,WOOD,GlacialLake_South,1,6/26/17,6/29/17,44.31972222,-90.04805556,Taylor Tai,,,,,
17.711,Bombus bimaculatus,Hymenoptera,Apidae,Bombus,bimaculatus,USA,WI,WOOD,GlacialLake_South,1,6/26/17,6/29/17,44.31972222,-90.04805556,Taylor Tai,,,,,
17.681,Bombus griseocollis,Hymenoptera,Apidae,Bombus,griseocollis,USA,WI,JACKSON,Cutler,1,6/26/17,6/29/17,44.321545,-90.328946,Taylor Tai,,,,,
17.484,Bombus fervidus,Hymenoptera,Apidae,Bombus,fervidus,USA,WI,MONROE,Rezin,1,6/26/17,6/29/17,44.12305556,-90.45555556,Taylor Tai,,,,,
17.395,Bombus fervidus,Hymenoptera,Apidae,Bombus,fervidus,USA,WI,MONROE,Rezin,1,6/26/17,6/29/17,44.12305556,-90.45555556,Taylor Tai,,,,,
17.213,Bombus fervidus,Hymenoptera,Apidae,Bombus,fervidus,USA,WI,MONROE,Basswater_EdgeN,1,6/26/17,6/29/17,43.96944444,-90.35138889,Taylor Tai,,,,,
17.171,Bombus fervidus,Hymenoptera,Apidae,Bombus,fervidus,USA,WI,MONROE,Basswater_EdgeN,1,6/26/17,6/29/17,43.96944444,-90.35138889,Taylor Tai,,,,,
17.182,Bombus fervidus,Hymenoptera,Apidae,Bombus,fervidus,USA,WI,MONROE,Basswater_EdgeN,1,6/26/17,6/29/17,43.96944444,-90.35138889,Taylor Tai,,,,,
17.74,Bombus fervidus,Hymenoptera,Apidae,Bombus,fervidus,USA,WI,WOOD,Engelnook,1,6/26/17,6/29/17,44.41277778,-89.86027778,Taylor Tai,,,,,
17.6,Bombus fervidus,Hymenoptera,Apidae,Bombus,fervidus,USA,WI,WOOD,Engelnook,1,6/26/17,6/29/17,44.41277778,-89.86027778,Olivia Bernauer,queen,,,,
17.336,Bombus fervidus,Hymenoptera,Apidae,Bombus,fervidus,USA,WI,JACKSON,HabEb_Road,1,6/26/17,6/29/17,44.17666667,-90.6625,Olivia Bernauer,queen,,,,
17.979,Bombus auricomus ,Hymenoptera,Apidae,Bombus,auricomus ,USA,WI,MONROE,HabTun_Prairie,1,6/26/17,6/29/17,43.99416667,-90.67055556,Olivia Bernauer,queen,,,,
17.63,Bombus ,Hymenoptera,Apidae,Bombus,,USA,WI,MONROE,Basswater_EdgeN,1,6/26/17,6/29/17,43.96944444,-90.35138889,,,,,,
17.331,Bombus ,Hymenoptera,Apidae,Bombus,,USA,WI,MONROE,HabEb_Bed,1,6/26/17,6/29/17,44.15305556,-90.69833333,,,,,,
17.72,Bombus ternarius,Hymenoptera,Apidae,Bombus,ternarius,USA,WI,WOOD,Engelnook,1,6/26/17,6/29/17,44.41277778,-89.86027778,Olivia Bernauer,worker,,,,
17.436,Bombus terricola,Hymenoptera,Apidae,Bombus,terricola,USA,WI,JACKSON,FlyingDollar_South,1,6/26/17,6/29/17,44.24055556,-90.35222222,Olivia Bernauer,worker,,,,
17.826,Bombus vagans,Hymenoptera,Apidae,Bombus,vagans,USA,WI,JACKSON,FlyingDollar_South,2,7/14/17,7/17/17,44.24055556,-90.35222222,Olivia Bernauer,worker,,,,
17.1049,Bombus vagans,Hymenoptera,Apidae,Bombus,vagans,USA,WI,JACKSON,FlyingDollar_South,2,7/14/17,7/17/17,44.24055556,-90.35222222,Olivia Bernauer,worker,,,,
17.819,Bombus vagans,Hymenoptera,Apidae,Bombus,vagans,USA,WI,JACKSON,FlyingDollar_South,2,7/14/17,7/17/17,44.24055556,-90.35222222,Olivia Bernauer,worker,,,,
17.922,Bombus vagans,Hymenoptera,Apidae,Bombus,vagans,USA,WI,JACKSON,FlyingDollar_South,2,7/14/17,7/17/17,44.24055556,-90.35222222,Olivia Bernauer,worker,,,,
17.786,Bombus vagans,Hymenoptera,Apidae,Bombus,vagans,USA,WI,JACKSON,FlyingDollar_South,2,7/14/17,7/17/17,44.24055556,-90.35222222,Olivia Bernauer,worker,,,,
17.709,Bombus vagans,Hymenoptera,Apidae,Bombus,vagans,USA,WI,JACKSON,FlyingDollar_South,2,7/14/17,7/17/17,44.24055556,-90.35222222,Olivia Bernauer,worker,,,,
17.95,Bombus vagans,Hymenoptera,Apidae,Bombus,vagans,USA,WI,JACKSON,FlyingDollar_South,2,7/14/17,7/17/17,44.24055556,-90.35222222,Olivia Bernauer,worker,,,,
17.813,Bombus vagans,Hymenoptera,Apidae,Bombus,vagans,USA,WI,JACKSON,FlyingDollar_South,2,7/14/17,7/17/17,44.24055556,-90.35222222,Olivia Bernauer,worker,,,,
17.663,Bombus vagans,Hymenoptera,Apidae,Bombus,vagans,USA,WI,JACKSON,FlyingDollar_South,2,7/14/17,7/17/17,44.24055556,-90.35222222,Olivia Bernauer,worker,,,,
17.83,Bombus vagans,Hymenoptera,Apidae,Bombus,vagans,USA,WI,JACKSON,FlyingDollar_South,2,7/14/17,7/17/17,44.24055556,-90.35222222,Olivia Bernauer,worker,,,,
17.1344,Bombus vagans,Hymenoptera,Apidae,Bombus,vagans,USA,WI,JACKSON,FlyingDollar_North,2,7/14/17,7/17/17,44.26,-90.34027778,Olivia Bernauer,worker,,,,
17.1153,Bombus vagans,Hymenoptera,Apidae,Bombus,vagans,USA,WI,JACKSON,FlyingDollar_North,2,7/14/17,7/17/17,44.26,-90.34027778,Olivia Bernauer,worker,,,,
17.134,Bombus vagans,Hymenoptera,Apidae,Bombus,vagans,USA,WI,JACKSON,FlyingDollar_North,2,7/14/17,7/17/17,44.26,-90.34027778,Olivia Bernauer,worker,,,,
17.1304,Bombus vagans,Hymenoptera,Apidae,Bombus,vagans,USA,WI,JACKSON,FlyingDollar_North,2,7/14/17,7/17/17,44.26,-90.34027778,Olivia Bernauer,worker,,,,
17.124,Bombus vagans,Hymenoptera,Apidae,Bombus,vagans,USA,WI,JACKSON,FlyingDollar_North,2,7/14/17,7/17/17,44.26,-90.34027778,Olivia Bernauer,worker,,,,
17.1341,Bombus vagans,Hymenoptera,Apidae,Bombus,vagans,USA,WI,JACKSON,FlyingDollar_North,2,7/14/17,7/17/17,44.26,-90.34027778,Olivia Bernauer,worker,,,,
17.1482,Bombus vagans,Hymenoptera,Apidae,Bombus,vagans,USA,WI,JACKSON,FlyingDollar_North,2,7/14/17,7/17/17,44.26,-90.34027778,Olivia Bernauer,worker,,,,
17.1136,Bombus vagans,Hymenoptera,Apidae,Bombus,vagans,USA,WI,JACKSON,FlyingDollar_North,2,7/14/17,7/17/17,44.26,-90.34027778,Olivia Bernauer,worker,,,,
17.1463,Bombus vagans,Hymenoptera,Apidae,Bombus,vagans,USA,WI,JACKSON,FlyingDollar_North,2,7/14/17,7/17/17,44.26,-90.34027778,Olivia Bernauer,worker,,,,
17.1285,Bombus vagans,Hymenoptera,Apidae,Bombus,vagans,USA,WI,JACKSON,FlyingDollar_North,2,7/14/17,7/17/17,44.26,-90.34027778,Olivia Bernauer,worker,,,,
17.1253,Bombus vagans,Hymenoptera,Apidae,Bombus,vagans,USA,WI,JACKSON,FlyingDollar_North,2,7/14/17,7/17/17,44.26,-90.34027778,Olivia Bernauer,worker,,,,
17.1092,Bombus vagans,Hymenoptera,Apidae,Bombus,vagans,USA,WI,WOOD,GlacialLake_North,2,7/14/17,7/17/17,44.34,-90.055,Olivia Bernauer,worker,,,,
17.1216,Bombus vagans,Hymenoptera,Apidae,Bombus,vagans,USA,WI,JUNEAU,CranCreek_North,2,7/14/17,7/17/17,44.2175,-90.0725,Olivia Bernauer,worker,,,,
17.1002,Bombus vagans,Hymenoptera,Apidae,Bombus,vagans,USA,WI,JACKSON,Cutler,2,7/14/17,7/17/17,44.321545,-90.328946,Olivia Bernauer,worker,,,,
17.1038,Bombus vagans,Hymenoptera,Apidae,Bombus,vagans,USA,WI,JACKSON,Cutler,2,7/14/17,7/17/17,44.321545,-90.328946,Olivia Bernauer,worker,,,,
17.893,Bombus vagans,Hymenoptera,Apidae,Bombus,vagans,USA,WI,JACKSON,Cutler,2,7/14/17,7/17/17,44.321545,-90.328946,Olivia Bernauer,worker,,,,
17.1223,Bombus vagans,Hymenoptera,Apidae,Bombus,vagans,USA,WI,JACKSON,Cutler,2,7/14/17,7/17/17,44.321545,-90.328946,Olivia Bernauer,worker,,,,
17.834,Bombus vagans,Hymenoptera,Apidae,Bombus,vagans,USA,WI,JACKSON,Cutler,2,7/14/17,7/17/17,44.321545,-90.328946,Olivia Bernauer,worker,,,,
17.595,Bombus vagans,Hymenoptera,Apidae,Bombus,vagans,USA,WI,JACKSON,Cutler,2,7/14/17,7/17/17,44.321545,-90.328946,Olivia Bernauer,worker,,,,
17.933,Bombus vagans,Hymenoptera,Apidae,Bombus,vagans,USA,WI,JACKSON,Cutler,2,7/14/17,7/17/17,44.321545,-90.328946,Olivia Bernauer,worker,,,,
17.808,Bombus vagans,Hymenoptera,Apidae,Bombus,vagans,USA,WI,JACKSON,Cutler,2,7/14/17,7/17/17,44.321545,-90.328946,Olivia Bernauer,worker,,,,
17.797,Bombus vagans,Hymenoptera,Apidae,Bombus,vagans,USA,WI,JACKSON,Cutler,2,7/14/17,7/17/17,44.321545,-90.328946,Olivia Bernauer,worker,,,,
17.1009,Bombus vagans,Hymenoptera,Apidae,Bombus,vagans,USA,WI,JACKSON,Cutler,2,7/14/17,7/17/17,44.321545,-90.328946,Olivia Bernauer,worker,,,,
17.934,Bombus vagans,Hymenoptera,Apidae,Bombus,vagans,USA,WI,JACKSON,Cutler,2,7/14/17,7/17/17,44.321545,-90.328946,Olivia Bernauer,worker,,,,
17.1567,Bombus vagans,Hymenoptera,Apidae,Bombus,vagans,USA,WI,WOOD,Searles,2,7/14/17,7/17/17,44.265,-90.08138889,Olivia Bernauer,worker,,,,
17.882,Bombus vagans,Hymenoptera,Apidae,Bombus,vagans,USA,WI,WOOD,Searles,2,7/14/17,7/17/17,44.265,-90.08138889,Olivia Bernauer,worker,,,,
17.903,Bombus vagans,Hymenoptera,Apidae,Bombus,vagans,USA,WI,WOOD,Searles,2,7/14/17,7/17/17,44.265,-90.08138889,Olivia Bernauer,worker,,,,
17.1071,Bombus vagans,Hymenoptera,Apidae,Bombus,vagans,USA,WI,WOOD,Searles,2,7/14/17,7/17/17,44.265,-90.08138889,Olivia Bernauer,worker,,,,
17.534,Bombus vagans,Hymenoptera,Apidae,Bombus,vagans,USA,WI,JUNEAU,CranCreek_South,2,7/14/17,7/17/17,44.1875,-90.07861111,Olivia Bernauer,worker,,,,
17.1474,Bombus vagans,Hymenoptera,Apidae,Bombus,vagans,USA,WI,JUNEAU,JJW,2,7/14/17,7/17/17,44.15138889,-90.28805556,Olivia Bernauer,worker,,,,
17.1205,Bombus vagans,Hymenoptera,Apidae,Bombus,vagans,USA,WI,JUNEAU,JJW,2,7/14/17,7/17/17,44.15138889,-90.28805556,Olivia Bernauer,worker,,,,
17.1337,Bombus vagans,Hymenoptera,Apidae,Bombus,vagans,USA,WI,JUNEAU,JJW,2,7/14/17,7/17/17,44.15138889,-90.28805556,Olivia Bernauer,worker,,,,
17.1563,Bombus vagans,Hymenoptera,Apidae,Bombus,vagans,USA,WI,MONROE,HabTun_Road,2,7/14/17,7/17/17,44.00333333,-90.65972222,Olivia Bernauer,worker,,,,
17.1431,Bombus vagans,Hymenoptera,Apidae,Bombus,vagans,USA,WI,MONROE,Rezin,2,7/14/17,7/17/17,44.12305556,-90.45555556,Olivia Bernauer,worker,,,,
17.1444,Bombus vagans,Hymenoptera,Apidae,Bombus,vagans,USA,WI,MONROE,Rezin,2,7/14/17,7/17/17,44.12305556,-90.45555556,Olivia Bernauer,worker,,,,
17.568,Bombus auricomus ,Hymenoptera,Apidae,Bombus,auricomus ,USA,WI,JACKSON,Cutler,2,7/14/17,7/17/17,44.321545,-90.328946,Olivia Bernauer,male,,,,
17.309,Bombus auricomus ,Hymenoptera,Apidae,Bombus,auricomus ,USA,WI,JUNEAU,CranCreek_South,2,7/14/17,7/17/17,44.1875,-90.07861111,Olivia Bernauer,queen,,,,
17.1462,Bombus terricola,Hymenoptera,Apidae,Bombus,terricola,USA,WI,JACKSON,FlyingDollar_North,2,7/14/17,7/17/17,44.26,-90.34027778,Olivia Bernauer,worker,,,,
17.1361,Bombus terricola,Hymenoptera,Apidae,Bombus,terricola,USA,WI,JACKSON,FlyingDollar_North,2,7/14/17,7/17/17,44.26,-90.34027778,Olivia Bernauer,male,,,,
17.1322,Bombus terricola,Hymenoptera,Apidae,Bombus,terricola,USA,WI,JACKSON,FlyingDollar_North,2,7/14/17,7/17/17,44.26,-90.34027778,Olivia Bernauer,male,,,,
17.1094,Bombus terricola,Hymenoptera,Apidae,Bombus,terricola,USA,WI,JACKSON,FlyingDollar_North,2,7/14/17,7/17/17,44.26,-90.34027778,Olivia Bernauer,worker,,,,
17.1464,Bombus terricola,Hymenoptera,Apidae,Bombus,terricola,USA,WI,JACKSON,FlyingDollar_North,2,7/14/17,7/17/17,44.26,-90.34027778,Olivia Bernauer,male,,,,
17.1286,Bombus terricola,Hymenoptera,Apidae,Bombus,terricola,USA,WI,JACKSON,FlyingDollar_North,2,7/14/17,7/17/17,44.26,-90.34027778,Olivia Bernauer,male,,,,
17.992,Bombus terricola,Hymenoptera,Apidae,Bombus,terricola,USA,WI,JACKSON,Cutler,2,7/14/17,7/17/17,44.321545,-90.328946,Olivia Bernauer,worker,,,,
17.612,Bombus terricola,Hymenoptera,Apidae,Bombus,terricola,USA,WI,JACKSON,Cutler,2,7/14/17,7/17/17,44.321545,-90.328946,Olivia Bernauer,male,,,,
17.598,Bombus terricola,Hymenoptera,Apidae,Bombus,terricola,USA,WI,JACKSON,Cutler,2,7/14/17,7/17/17,44.321545,-90.328946,Olivia Bernauer,male,,,,
17.918,Bombus terricola,Hymenoptera,Apidae,Bombus,terricola,USA,WI,JACKSON,FlyingDollar_South,2,7/14/17,7/17/17,44.24055556,-90.35222222,Olivia Bernauer,worker,,,,
17.68,Bombus terricola,Hymenoptera,Apidae,Bombus,terricola,USA,WI,JACKSON,FlyingDollar_South,2,7/14/17,7/17/17,44.24055556,-90.35222222,Olivia Bernauer,worker,,,,
17.1047,Bombus terricola,Hymenoptera,Apidae,Bombus,terricola,USA,WI,JACKSON,FlyingDollar_South,2,7/14/17,7/17/17,44.24055556,-90.35222222,Olivia Bernauer,worker,,,,
17.755,Bombus terricola,Hymenoptera,Apidae,Bombus,terricola,USA,WI,JACKSON,FlyingDollar_South,2,7/14/17,7/17/17,44.24055556,-90.35222222,Olivia Bernauer,male,,,,
17.1017,Bombus terricola,Hymenoptera,Apidae,Bombus,terricola,USA,WI,JACKSON,FlyingDollar_South,2,7/14/17,7/17/17,44.24055556,-90.35222222,Olivia Bernauer,male,,,,
17.664,Bombus terricola,Hymenoptera,Apidae,Bombus,terricola,USA,WI,JACKSON,FlyingDollar_South,2,7/14/17,7/17/17,44.24055556,-90.35222222,Olivia Bernauer,worker,,,,
17.1042,Bombus terricola,Hymenoptera,Apidae,Bombus,terricola,USA,WI,JACKSON,FlyingDollar_South,2,7/14/17,7/17/17,44.24055556,-90.35222222,Olivia Bernauer,worker,,,,
17.955,Bombus terricola,Hymenoptera,Apidae,Bombus,terricola,USA,WI,JACKSON,FlyingDollar_South,2,7/14/17,7/17/17,44.24055556,-90.35222222,Olivia Bernauer,worker,,,,
17.747,Bombus terricola,Hymenoptera,Apidae,Bombus,terricola,USA,WI,JACKSON,FlyingDollar_South,2,7/14/17,7/17/17,44.24055556,-90.35222222,Olivia Bernauer,worker,,,,
17.767,Bombus terricola,Hymenoptera,Apidae,Bombus,terricola,USA,WI,JACKSON,FlyingDollar_South,2,7/14/17,7/17/17,44.24055556,-90.35222222,Olivia Bernauer,worker,,,,
17.1467,Bombus terricola,Hymenoptera,Apidae,Bombus,terricola,USA,WI,WOOD,Engelnook,2,7/14/17,7/17/17,44.41277778,-89.86027778,Olivia Bernauer,worker,,,,
17.1314,Bombus terricola,Hymenoptera,Apidae,Bombus,terricola,USA,WI,WOOD,Engelnook,2,7/14/17,7/17/17,44.41277778,-89.86027778,Olivia Bernauer,worker,,,,
17.94,Bombus terricola,Hymenoptera,Apidae,Bombus,terricola,USA,WI,WOOD,GlacialLake_North,2,7/14/17,7/17/17,44.34,-90.055,Olivia Bernauer,male,,,,
17.1089,Bombus terricola,Hymenoptera,Apidae,Bombus,terricola,USA,WI,WOOD,GlacialLake_North,2,7/14/17,7/17/17,44.34,-90.055,Olivia Bernauer,male,,,,
17.1374,Bombus terricola,Hymenoptera,Apidae,Bombus,terricola,USA,WI,JUNEAU,JJW,2,7/14/17,7/17/17,44.15138889,-90.28805556,Olivia Bernauer,male,,,,
17.1334,Bombus borealis,Hymenoptera,Apidae,Bombus,borealis,USA,WI,WOOD,Engelnook,2,7/14/17,7/17/17,44.41277778,-89.86027778,Taylor Tai,,,,,
17.1323,Bombus borealis,Hymenoptera,Apidae,Bombus,borealis,USA,WI,WOOD,Engelnook,2,7/14/17,7/17/17,44.41277778,-89.86027778,Taylor Tai,,,,,
17.1471,Bombus borealis,Hymenoptera,Apidae,Bombus,borealis,USA,WI,WOOD,Engelnook,2,7/14/17,7/17/17,44.41277778,-89.86027778,Taylor Tai,,,,,
17.1352,Bombus borealis,Hymenoptera,Apidae,Bombus,borealis,USA,WI,WOOD,Engelnook,2,7/14/17,7/17/17,44.41277778,-89.86027778,Taylor Tai,,,,,
17.1331,Bombus borealis,Hymenoptera,Apidae,Bombus,borealis,USA,WI,WOOD,Engelnook,2,7/14/17,7/17/17,44.41277778,-89.86027778,Taylor Tai,,,,,
17.1321,Bombus borealis,Hymenoptera,Apidae,Bombus,borealis,USA,WI,WOOD,Engelnook,2,7/14/17,7/17/17,44.41277778,-89.86027778,Taylor Tai,,,,,
17.1185,Bombus borealis,Hymenoptera,Apidae,Bombus,borealis,USA,WI,WOOD,LynnHill,2,7/14/17,7/17/17,44.29388889,-89.91055556,Taylor Tai,,,,,
17.1178,Bombus borealis,Hymenoptera,Apidae,Bombus,borealis,USA,WI,WOOD,LynnHill,2,7/14/17,7/17/17,44.29388889,-89.91055556,Taylor Tai,,,,,
17.16,Bombus borealis,Hymenoptera,Apidae,Bombus,borealis,USA,WI,JUNEAU,CranCreek_South,2,7/14/17,7/17/17,44.1875,-90.07861111,Taylor Tai,,,,,
17.22,Bombus borealis,Hymenoptera,Apidae,Bombus,borealis,USA,WI,JUNEAU,CranCreek_South,2,7/14/17,7/17/17,44.1875,-90.07861111,Taylor Tai,,,,,
17.909,Bombus borealis,Hymenoptera,Apidae,Bombus,borealis,USA,WI,JACKSON,FlyingDollar_South,2,7/14/17,7/17/17,44.24055556,-90.35222222,Taylor Tai,,,,,
17.113,Bombus borealis,Hymenoptera,Apidae,Bombus,borealis,USA,WI,WOOD,Johnson,2,7/14/17,7/17/17,44.27111111,-89.97361111,Taylor Tai,,,,,
17.28,Bombus bimaculatus,Hymenoptera,Apidae,Bombus,bimaculatus,USA,WI,JUNEAU,CranCreek_South,2,7/14/17,7/17/17,44.1875,-90.07861111,Olivia Bernauer,worker,,,,
17.89,Bombus bimaculatus,Hymenoptera,Apidae,Bombus,bimaculatus,USA,WI,JUNEAU,CranCreek_South,2,7/14/17,7/17/17,44.1875,-90.07861111,Olivia Bernauer,male,,,,
17.927,Bombus bimaculatus,Hymenoptera,Apidae,Bombus,bimaculatus,USA,WI,WOOD,GlacialLake_North,2,7/14/17,7/17/17,44.34,-90.055,Olivia Bernauer,male,,,,
17.926,Bombus bimaculatus,Hymenoptera,Apidae,Bombus,bimaculatus,USA,WI,WOOD,GlacialLake_North,2,7/14/17,7/17/17,44.34,-90.055,Olivia Bernauer,worker,,,,
17.1051,Bombus bimaculatus,Hymenoptera,Apidae,Bombus,bimaculatus,USA,WI,WOOD,GlacialLake_North,2,7/14/17,7/17/17,44.34,-90.055,Olivia Bernauer,male,,,,
17.877,Bombus bimaculatus,Hymenoptera,Apidae,Bombus,bimaculatus,USA,WI,WOOD,GlacialLake_North,2,7/14/17,7/17/17,44.34,-90.055,Olivia Bernauer,worker,,,,
17.859,Bombus bimaculatus,Hymenoptera,Apidae,Bombus,bimaculatus,USA,WI,WOOD,GlacialLake_North,2,7/14/17,7/17/17,44.34,-90.055,Olivia Bernauer,male,,,,
17.869,Bombus bimaculatus,Hymenoptera,Apidae,Bombus,bimaculatus,USA,WI,WOOD,GlacialLake_North,2,7/14/17,7/17/17,44.34,-90.055,Olivia Bernauer,male,,,,
17.1067,Bombus bimaculatus,Hymenoptera,Apidae,Bombus,bimaculatus,USA,WI,WOOD,GlacialLake_North,2,7/14/17,7/17/17,44.34,-90.055,Olivia Bernauer,male,,,,
17.1231,Bombus bimaculatus,Hymenoptera,Apidae,Bombus,bimaculatus,USA,WI,JACKSON,Cutler,2,7/14/17,7/17/17,44.321545,-90.328946,Olivia Bernauer,worker,,,,
17.861,Bombus bimaculatus,Hymenoptera,Apidae,Bombus,bimaculatus,USA,WI,JACKSON,Cutler,2,7/14/17,7/17/17,44.321545,-90.328946,Olivia Bernauer,male,,,,
17.77,Bombus bimaculatus,Hymenoptera,Apidae,Bombus,bimaculatus,USA,WI,JACKSON,Cutler,2,7/14/17,7/17/17,44.321545,-90.328946,Olivia Bernauer,male,,,,
17.557,Bombus bimaculatus,Hymenoptera,Apidae,Bombus,bimaculatus,USA,WI,JACKSON,Cutler,2,7/14/17,7/17/17,44.321545,-90.328946,Olivia Bernauer,male,,,,
17.839,Bombus bimaculatus,Hymenoptera,Apidae,Bombus,bimaculatus,USA,WI,JACKSON,Cutler,2,7/14/17,7/17/17,44.321545,-90.328946,Olivia Bernauer,male,,,,
17.593,Bombus bimaculatus,Hymenoptera,Apidae,Bombus,bimaculatus,USA,WI,JACKSON,Cutler,2,7/14/17,7/17/17,44.321545,-90.328946,Olivia Bernauer,male,,,,
17.823,Bombus bimaculatus,Hymenoptera,Apidae,Bombus,bimaculatus,USA,WI,JACKSON,Cutler,2,7/14/17,7/17/17,44.321545,-90.328946,Olivia Bernauer,male,,,,
17.758,Bombus bimaculatus,Hymenoptera,Apidae,Bombus,bimaculatus,USA,WI,JACKSON,Cutler,2,7/14/17,7/17/17,44.321545,-90.328946,Olivia Bernauer,male,,,,
17.876,Bombus bimaculatus,Hymenoptera,Apidae,Bombus,bimaculatus,USA,WI,JACKSON,Cutler,2,7/14/17,7/17/17,44.321545,-90.328946,Olivia Bernauer,male,,,,
17.774,Bombus bimaculatus,Hymenoptera,Apidae,Bombus,bimaculatus,USA,WI,JACKSON,Cutler,2,7/14/17,7/17/17,44.321545,-90.328946,Olivia Bernauer,worker,,,,
17.1012,Bombus bimaculatus,Hymenoptera,Apidae,Bombus,bimaculatus,USA,WI,JACKSON,Cutler,2,7/14/17,7/17/17,44.321545,-90.328946,Olivia Bernauer,male,,,,
17.924,Bombus bimaculatus,Hymenoptera,Apidae,Bombus,bimaculatus,USA,WI,JACKSON,Cutler,2,7/14/17,7/17/17,44.321545,-90.328946,Olivia Bernauer,male,,,,
17.592,Bombus bimaculatus,Hymenoptera,Apidae,Bombus,bimaculatus,USA,WI,JACKSON,Cutler,2,7/14/17,7/17/17,44.321545,-90.328946,Olivia Bernauer,male,,,,
17.829,Bombus bimaculatus,Hymenoptera,Apidae,Bombus,bimaculatus,USA,WI,JACKSON,Cutler,2,7/14/17,7/17/17,44.321545,-90.328946,Olivia Bernauer,male,,,,
17.587,Bombus bimaculatus,Hymenoptera,Apidae,Bombus,bimaculatus,USA,WI,JACKSON,Cutler,2,7/14/17,7/17/17,44.321545,-90.328946,Olivia Bernauer,male,,,,
17.1036,Bombus bimaculatus,Hymenoptera,Apidae,Bombus,bimaculatus,USA,WI,JACKSON,Cutler,2,7/14/17,7/17/17,44.321545,-90.328946,Olivia Bernauer,worker,,,,
17.899,Bombus bimaculatus,Hymenoptera,Apidae,Bombus,bimaculatus,USA,WI,JACKSON,Cutler,2,7/14/17,7/17/17,44.321545,-90.328946,Olivia Bernauer,male,,,,
17.82,Bombus bimaculatus,Hymenoptera,Apidae,Bombus,bimaculatus,USA,WI,JACKSON,Cutler,2,7/14/17,7/17/17,44.321545,-90.328946,Olivia Bernauer,male,,,,
17.101,Bombus bimaculatus,Hymenoptera,Apidae,Bombus,bimaculatus,USA,WI,JACKSON,Cutler,2,7/14/17,7/17/17,44.321545,-90.328946,Olivia Bernauer,male,,,,
17.564,Bombus bimaculatus,Hymenoptera,Apidae,Bombus,bimaculatus,USA,WI,JACKSON,Cutler,2,7/14/17,7/17/17,44.321545,-90.328946,Olivia Bernauer,male,,,,
17.601,Bombus bimaculatus,Hymenoptera,Apidae,Bombus,bimaculatus,USA,WI,JACKSON,Cutler,2,7/14/17,7/17/17,44.321545,-90.328946,Olivia Bernauer,male,,,,
17.841,Bombus bimaculatus,Hymenoptera,Apidae,Bombus,bimaculatus,USA,WI,JACKSON,Cutler,2,7/14/17,7/17/17,44.321545,-90.328946,Olivia Bernauer,male,,,,
17.807,Bombus bimaculatus,Hymenoptera,Apidae,Bombus,bimaculatus,USA,WI,JACKSON,Cutler,2,7/14/17,7/17/17,44.321545,-90.328946,Olivia Bernauer,male,,,,
17.599,Bombus bimaculatus,Hymenoptera,Apidae,Bombus,bimaculatus,USA,WI,JACKSON,Cutler,2,7/14/17,7/17/17,44.321545,-90.328946,Olivia Bernauer,male,,,,
17.902,Bombus bimaculatus,Hymenoptera,Apidae,Bombus,bimaculatus,USA,WI,JACKSON,Cutler,2,7/14/17,7/17/17,44.321545,-90.328946,Olivia Bernauer,male,,,,
17.835,Bombus bimaculatus,Hymenoptera,Apidae,Bombus,bimaculatus,USA,WI,JACKSON,Cutler,2,7/14/17,7/17/17,44.321545,-90.328946,Olivia Bernauer,male,,,,
17.56,Bombus bimaculatus,Hymenoptera,Apidae,Bombus,bimaculatus,USA,WI,JACKSON,Cutler,2,7/14/17,7/17/17,44.321545,-90.328946,Olivia Bernauer,male,,,,
17.999,Bombus bimaculatus,Hymenoptera,Apidae,Bombus,bimaculatus,USA,WI,JACKSON,Cutler,2,7/14/17,7/17/17,44.321545,-90.328946,Olivia Bernauer,male,,,,
17.845,Bombus bimaculatus,Hymenoptera,Apidae,Bombus,bimaculatus,USA,WI,JACKSON,Cutler,2,7/14/17,7/17/17,44.321545,-90.328946,Olivia Bernauer,male,,,,
17.749,Bombus bimaculatus,Hymenoptera,Apidae,Bombus,bimaculatus,USA,WI,JACKSON,Cutler,2,7/14/17,7/17/17,44.321545,-90.328946,Olivia Bernauer,male,,,,
17.584,Bombus bimaculatus,Hymenoptera,Apidae,Bombus,bimaculatus,USA,WI,JACKSON,Cutler,2,7/14/17,7/17/17,44.321545,-90.328946,Olivia Bernauer,male,,,,
17.888,Bombus bimaculatus,Hymenoptera,Apidae,Bombus,bimaculatus,USA,WI,JACKSON,Cutler,2,7/14/17,7/17/17,44.321545,-90.328946,Olivia Bernauer,male,,,,
17.763,Bombus bimaculatus,Hymenoptera,Apidae,Bombus,bimaculatus,USA,WI,JACKSON,Cutler,2,7/14/17,7/17/17,44.321545,-90.328946,Olivia Bernauer,worker,,,,
17.1014,Bombus bimaculatus,Hymenoptera,Apidae,Bombus,bimaculatus,USA,WI,JACKSON,Cutler,2,7/14/17,7/17/17,44.321545,-90.328946,Olivia Bernauer,male,,,,
17.789,Bombus bimaculatus,Hymenoptera,Apidae,Bombus,bimaculatus,USA,WI,JACKSON,Cutler,2,7/14/17,7/17/17,44.321545,-90.328946,Olivia Bernauer,male,,,,
17.784,Bombus bimaculatus,Hymenoptera,Apidae,Bombus,bimaculatus,USA,WI,JACKSON,Cutler,2,7/14/17,7/17/17,44.321545,-90.328946,Olivia Bernauer,male,,,,
17.566,Bombus bimaculatus,Hymenoptera,Apidae,Bombus,bimaculatus,USA,WI,JACKSON,Cutler,2,7/14/17,7/17/17,44.321545,-90.328946,Olivia Bernauer,worker,,,,
17.754,Bombus bimaculatus,Hymenoptera,Apidae,Bombus,bimaculatus,USA,WI,JACKSON,Cutler,2,7/14/17,7/17/17,44.321545,-90.328946,Olivia Bernauer,male,,,,
17.731,Bombus bimaculatus,Hymenoptera,Apidae,Bombus,bimaculatus,USA,WI,JACKSON,Cutler,2,7/14/17,7/17/17,44.321545,-90.328946,Olivia Bernauer,male,,,,
17.8,Bombus bimaculatus,Hymenoptera,Apidae,Bombus,bimaculatus,USA,WI,JACKSON,Cutler,2,7/14/17,7/17/17,44.321545,-90.328946,Olivia Bernauer,worker,,,,
17.1182,Bombus bimaculatus,Hymenoptera,Apidae,Bombus,bimaculatus,USA,WI,JUNEAU,JJW,2,7/14/17,7/17/17,44.15138889,-90.28805556,Olivia Bernauer,worker,,,,
17.1367,Bombus bimaculatus,Hymenoptera,Apidae,Bombus,bimaculatus,USA,WI,JUNEAU,JJW,2,7/14/17,7/17/17,44.15138889,-90.28805556,Olivia Bernauer,worker,,,,
17.1131,Bombus bimaculatus,Hymenoptera,Apidae,Bombus,bimaculatus,USA,WI,JUNEAU,JJW,2,7/14/17,7/17/17,44.15138889,-90.28805556,Olivia Bernauer,male,,,,
17.1181,Bombus bimaculatus,Hymenoptera,Apidae,Bombus,bimaculatus,USA,WI,JUNEAU,JJW,2,7/14/17,7/17/17,44.15138889,-90.28805556,Olivia Bernauer,male,,,,
17.1151,Bombus bimaculatus,Hymenoptera,Apidae,Bombus,bimaculatus,USA,WI,JUNEAU,JJW,2,7/14/17,7/17/17,44.15138889,-90.28805556,Olivia Bernauer,worker,,,,
17.1459,Bombus bimaculatus,Hymenoptera,Apidae,Bombus,bimaculatus,USA,WI,JUNEAU,JJW,2,7/14/17,7/17/17,44.15138889,-90.28805556,Olivia Bernauer,worker,,,,
17.1291,Bombus bimaculatus,Hymenoptera,Apidae,Bombus,bimaculatus,USA,WI,JUNEAU,JJW,2,7/14/17,7/17/17,44.15138889,-90.28805556,Olivia Bernauer,male,,,,
17.1172,Bombus bimaculatus,Hymenoptera,Apidae,Bombus,bimaculatus,USA,WI,JUNEAU,CranCreek_North,2,7/14/17,7/17/17,44.2175,-90.0725,Olivia Bernauer,worker,,,,
17.121,Bombus bimaculatus,Hymenoptera,Apidae,Bombus,bimaculatus,USA,WI,JUNEAU,CranCreek_North,2,7/14/17,7/17/17,44.2175,-90.0725,Olivia Bernauer,male,,,,
17.118,Bombus bimaculatus,Hymenoptera,Apidae,Bombus,bimaculatus,USA,WI,JUNEAU,CranCreek_North,2,7/14/17,7/17/17,44.2175,-90.0725,Olivia Bernauer,male,,,,
17.1217,Bombus bimaculatus,Hymenoptera,Apidae,Bombus,bimaculatus,USA,WI,JUNEAU,CranCreek_North,2,7/14/17,7/17/17,44.2175,-90.0725,Olivia Bernauer,male,,,,
17.1212,Bombus bimaculatus,Hymenoptera,Apidae,Bombus,bimaculatus,USA,WI,WOOD,GlacialLake_South,2,7/14/17,7/17/17,44.31972222,-90.04805556,Olivia Bernauer,worker,,,,
17.1246,Bombus bimaculatus,Hymenoptera,Apidae,Bombus,bimaculatus,USA,WI,WOOD,GlacialLake_South,2,7/14/17,7/17/17,44.31972222,-90.04805556,Olivia Bernauer,male,,,,
17.1189,Bombus bimaculatus,Hymenoptera,Apidae,Bombus,bimaculatus,USA,WI,WOOD,GlacialLake_South,2,7/14/17,7/17/17,44.31972222,-90.04805556,Olivia Bernauer,male,,,,
17.1155,Bombus bimaculatus,Hymenoptera,Apidae,Bombus,bimaculatus,USA,WI,WOOD,GlacialLake_South,2,7/14/17,7/17/17,44.31972222,-90.04805556,Olivia Bernauer,male,,,,
17.1353,Bombus bimaculatus,Hymenoptera,Apidae,Bombus,bimaculatus,USA,WI,JACKSON,FlyingDollar_North,2,7/14/17,7/17/17,44.26,-90.34027778,Olivia Bernauer,worker,,,,
17.1299,Bombus bimaculatus,Hymenoptera,Apidae,Bombus,bimaculatus,USA,WI,JACKSON,FlyingDollar_North,2,7/14/17,7/17/17,44.26,-90.34027778,Olivia Bernauer,male,,,,
17.1373,Bombus bimaculatus,Hymenoptera,Apidae,Bombus,bimaculatus,USA,WI,JACKSON,FlyingDollar_North,2,7/14/17,7/17/17,44.26,-90.34027778,Olivia Bernauer,male,,,,
17.1461,Bombus bimaculatus,Hymenoptera,Apidae,Bombus,bimaculatus,USA,WI,JACKSON,FlyingDollar_North,2,7/14/17,7/17/17,44.26,-90.34027778,Olivia Bernauer,worker,,,,
17.1298,Bombus bimaculatus,Hymenoptera,Apidae,Bombus,bimaculatus,USA,WI,JACKSON,FlyingDollar_North,2,7/14/17,7/17/17,44.26,-90.34027778,Olivia Bernauer,male,,,,
17.1188,Bombus bimaculatus,Hymenoptera,Apidae,Bombus,bimaculatus,USA,WI,JACKSON,FlyingDollar_North,2,7/14/17,7/17/17,44.26,-90.34027778,Olivia Bernauer,male,,,,
17.1193,Bombus bimaculatus,Hymenoptera,Apidae,Bombus,bimaculatus,USA,WI,JACKSON,FlyingDollar_North,2,7/14/17,7/17/17,44.26,-90.34027778,Olivia Bernauer,worker,,,,
17.1376,Bombus bimaculatus,Hymenoptera,Apidae,Bombus,bimaculatus,USA,WI,JACKSON,FlyingDollar_North,2,7/14/17,7/17/17,44.26,-90.34027778,Olivia Bernauer,male,,,,
17.1224,Bombus bimaculatus,Hymenoptera,Apidae,Bombus,bimaculatus,USA,WI,JACKSON,FlyingDollar_North,2,7/14/17,7/17/17,44.26,-90.34027778,Olivia Bernauer,male,,,,
17.1158,Bombus bimaculatus,Hymenoptera,Apidae,Bombus,bimaculatus,USA,WI,JACKSON,FlyingDollar_North,2,7/14/17,7/17/17,44.26,-90.34027778,Olivia Bernauer,worker,,,,
17.1152,Bombus bimaculatus,Hymenoptera,Apidae,Bombus,bimaculatus,USA,WI,JACKSON,FlyingDollar_North,2,7/14/17,7/17/17,44.26,-90.34027778,Olivia Bernauer,worker,,,,
17.133,Bombus bimaculatus,Hymenoptera,Apidae,Bombus,bimaculatus,USA,WI,JACKSON,FlyingDollar_North,2,7/14/17,7/17/17,44.26,-90.34027778,Olivia Bernauer,worker,,,,
17.1225,Bombus bimaculatus,Hymenoptera,Apidae,Bombus,bimaculatus,USA,WI,JACKSON,FlyingDollar_North,2,7/14/17,7/17/17,44.26,-90.34027778,Olivia Bernauer,worker,,,,
17.1524,Bombus bimaculatus,Hymenoptera,Apidae,Bombus,bimaculatus,USA,WI,JACKSON,FlyingDollar_North,2,7/14/17,7/17/17,44.26,-90.34027778,Olivia Bernauer,worker,,,,
17.1283,Bombus bimaculatus,Hymenoptera,Apidae,Bombus,bimaculatus,USA,WI,JACKSON,FlyingDollar_North,2,7/14/17,7/17/17,44.26,-90.34027778,Olivia Bernauer,worker,,,,
17.1278,Bombus bimaculatus,Hymenoptera,Apidae,Bombus,bimaculatus,USA,WI,JACKSON,FlyingDollar_North,2,7/14/17,7/17/17,44.26,-90.34027778,Olivia Bernauer,worker,,,,
17.1106,Bombus bimaculatus,Hymenoptera,Apidae,Bombus,bimaculatus,USA,WI,JACKSON,FlyingDollar_North,2,7/14/17,7/17/17,44.26,-90.34027778,Olivia Bernauer,worker,,,,
17.1101,Bombus bimaculatus,Hymenoptera,Apidae,Bombus,bimaculatus,USA,WI,JACKSON,FlyingDollar_North,2,7/14/17,7/17/17,44.26,-90.34027778,Olivia Bernauer,worker,,,,
17.123,Bombus bimaculatus,Hymenoptera,Apidae,Bombus,bimaculatus,USA,WI,JACKSON,FlyingDollar_North,2,7/14/17,7/17/17,44.26,-90.34027778,Olivia Bernauer,worker,,,,
17.1237,Bombus bimaculatus,Hymenoptera,Apidae,Bombus,bimaculatus,USA,WI,JACKSON,FlyingDollar_North,2,7/14/17,7/17/17,44.26,-90.34027778,Olivia Bernauer,worker,,,,
17.1236,Bombus bimaculatus,Hymenoptera,Apidae,Bombus,bimaculatus,USA,WI,JACKSON,FlyingDollar_North,2,7/14/17,7/17/17,44.26,-90.34027778,Olivia Bernauer,worker,,,,
17.135,Bombus bimaculatus,Hymenoptera,Apidae,Bombus,bimaculatus,USA,WI,JACKSON,FlyingDollar_North,2,7/14/17,7/17/17,44.26,-90.34027778,Olivia Bernauer,male,,,,
17.1163,Bombus bimaculatus,Hymenoptera,Apidae,Bombus,bimaculatus,USA,WI,JACKSON,FlyingDollar_North,2,7/14/17,7/17/17,44.26,-90.34027778,Olivia Bernauer,male,,,,
17.1476,Bombus bimaculatus,Hymenoptera,Apidae,Bombus,bimaculatus,USA,WI,JACKSON,FlyingDollar_North,2,7/14/17,7/17/17,44.26,-90.34027778,Olivia Bernauer,worker,,,,
17.1159,Bombus bimaculatus,Hymenoptera,Apidae,Bombus,bimaculatus,USA,WI,JACKSON,FlyingDollar_North,2,7/14/17,7/17/17,44.26,-90.34027778,Olivia Bernauer,worker,,,,
17.1166,Bombus bimaculatus,Hymenoptera,Apidae,Bombus,bimaculatus,USA,WI,JACKSON,FlyingDollar_North,2,7/14/17,7/17/17,44.26,-90.34027778,Olivia Bernauer,worker,,,,
17.683,Bombus bimaculatus,Hymenoptera,Apidae,Bombus,bimaculatus,USA,WI,JACKSON,FlyingDollar_South,2,7/14/17,7/17/17,44.24055556,-90.35222222,Olivia Bernauer,worker,,,,
17.631,Bombus bimaculatus,Hymenoptera,Apidae,Bombus,bimaculatus,USA,WI,JACKSON,FlyingDollar_South,2,7/14/17,7/17/17,44.24055556,-90.35222222,Olivia Bernauer,worker,,,,
17.743,Bombus bimaculatus,Hymenoptera,Apidae,Bombus,bimaculatus,USA,WI,JACKSON,FlyingDollar_South,2,7/14/17,7/17/17,44.24055556,-90.35222222,Olivia Bernauer,worker,,,,
17.656,Bombus bimaculatus,Hymenoptera,Apidae,Bombus,bimaculatus,USA,WI,JACKSON,FlyingDollar_South,2,7/14/17,7/17/17,44.24055556,-90.35222222,Olivia Bernauer,worker,,,,
17.898,Bombus bimaculatus,Hymenoptera,Apidae,Bombus,bimaculatus,USA,WI,MONROE,Grygleski,2,7/14/17,7/17/17,44.06555556,-90.41277778,Olivia Bernauer,male,,,,
17.866,Bombus bimaculatus,Hymenoptera,Apidae,Bombus,bimaculatus,USA,WI,MONROE,Grygleski,2,7/14/17,7/17/17,44.06555556,-90.41277778,Olivia Bernauer,worker,,,,
17.1554,Bombus bimaculatus,Hymenoptera,Apidae,Bombus,bimaculatus,USA,WI,WOOD,Searles,2,7/14/17,7/17/17,44.265,-90.08138889,Olivia Bernauer,male,,,,
17.107,Bombus bimaculatus,Hymenoptera,Apidae,Bombus,bimaculatus,USA,WI,WOOD,Searles,2,7/14/17,7/17/17,44.265,-90.08138889,Olivia Bernauer,male,,,,
17.1075,Bombus bimaculatus,Hymenoptera,Apidae,Bombus,bimaculatus,USA,WI,WOOD,Searles,2,7/14/17,7/17/17,44.265,-90.08138889,Olivia Bernauer,worker,,,,
17.1081,Bombus bimaculatus,Hymenoptera,Apidae,Bombus,bimaculatus,USA,WI,WOOD,Searles,2,7/14/17,7/17/17,44.265,-90.08138889,Olivia Bernauer,male,,,,
17.1403,Bombus bimaculatus,Hymenoptera,Apidae,Bombus,bimaculatus,USA,WI,JACKSON,FlyingDollar_North,2,7/14/17,7/17/17,44.26,-90.34027778,Olivia Bernauer,worker,,,,
17.1478,Bombus bimaculatus,Hymenoptera,Apidae,Bombus,bimaculatus,USA,WI,JACKSON,HabEb_Road,2,7/14/17,7/17/17,44.17666667,-90.6625,Olivia Bernauer,worker,,,,
17.1479,Bombus bimaculatus,Hymenoptera,Apidae,Bombus,bimaculatus,USA,WI,WOOD,Johnson,2,7/14/17,7/17/17,44.27111111,-89.97361111,Olivia Bernauer,worker,,,,
17.137,Bombus bimaculatus,Hymenoptera,Apidae,Bombus,bimaculatus,USA,WI,JACKSON,FlyingDollar_North,2,7/14/17,7/17/17,44.26,-90.34027778,Olivia Bernauer,worker,,,,
17.561,Bombus bimaculatus,Hymenoptera,Apidae,Bombus,bimaculatus,USA,WI,JACKSON,Cutler,2,7/14/17,7/17/17,44.321545,-90.328946,Olivia Bernauer,male,,,,
17.608,Bombus bimaculatus,Hymenoptera,Apidae,Bombus,bimaculatus,USA,WI,JACKSON,Cutler,2,7/14/17,7/17/17,44.321545,-90.328946,Olivia Bernauer,male,,,,
17.843,Bombus bimaculatus,Hymenoptera,Apidae,Bombus,bimaculatus,USA,WI,JACKSON,Cutler,2,7/14/17,7/17/17,44.321545,-90.328946,Olivia Bernauer,male,,,,
17.928,Bombus bimaculatus,Hymenoptera,Apidae,Bombus,bimaculatus,USA,WI,JACKSON,Cutler,2,7/14/17,7/17/17,44.321545,-90.328946,Olivia Bernauer,male,,,,
17.81,Bombus bimaculatus,Hymenoptera,Apidae,Bombus,bimaculatus,USA,WI,JACKSON,Cutler,2,7/14/17,7/17/17,44.321545,-90.328946,Olivia Bernauer,male,,,,
17.96,Bombus bimaculatus,Hymenoptera,Apidae,Bombus,bimaculatus,USA,WI,JACKSON,Cutler,2,7/14/17,7/17/17,44.321545,-90.328946,Olivia Bernauer,male,,,,
17.957,Bombus bimaculatus,Hymenoptera,Apidae,Bombus,bimaculatus,USA,WI,JACKSON,Cutler,2,7/14/17,7/17/17,44.321545,-90.328946,Olivia Bernauer,male,,,,
17.814,Bombus bimaculatus,Hymenoptera,Apidae,Bombus,bimaculatus,USA,WI,JACKSON,Cutler,2,7/14/17,7/17/17,44.321545,-90.328946,Olivia Bernauer,male,,,,
17.1234,Bombus bimaculatus,Hymenoptera,Apidae,Bombus,bimaculatus,USA,WI,JACKSON,Cutler,2,7/14/17,7/17/17,44.321545,-90.328946,Olivia Bernauer,male,,,,
17.597,Bombus bimaculatus,Hymenoptera,Apidae,Bombus,bimaculatus,USA,WI,JACKSON,Cutler,2,7/14/17,7/17/17,44.321545,-90.328946,Olivia Bernauer,male,,,,
17.1001,Bombus bimaculatus,Hymenoptera,Apidae,Bombus,bimaculatus,USA,WI,JACKSON,Cutler,2,7/14/17,7/17/17,44.321545,-90.328946,Olivia Bernauer,male,,,,
17.1127,Bombus bimaculatus,Hymenoptera,Apidae,Bombus,bimaculatus,USA,WI,WOOD,Engelnook,2,7/14/17,7/17/17,44.41277778,-89.86027778,Olivia Bernauer,male,,,,
17.735,Bombus bimaculatus,Hymenoptera,Apidae,Bombus,bimaculatus,USA,WI,WOOD,Engelnook,2,7/14/17,7/17/17,44.41277778,-89.86027778,Olivia Bernauer,male,,,,
17.806,Bombus bimaculatus,Hymenoptera,Apidae,Bombus,bimaculatus,USA,WI,WOOD,GlacialLake_North,2,7/14/17,7/17/17,44.34,-90.055,Olivia Bernauer,male,,,,
17.879,Bombus bimaculatus,Hymenoptera,Apidae,Bombus,bimaculatus,USA,WI,WOOD,GlacialLake_North,2,7/14/17,7/17/17,44.34,-90.055,Olivia Bernauer,male,,,,
17.858,Bombus bimaculatus,Hymenoptera,Apidae,Bombus,bimaculatus,USA,WI,WOOD,GlacialLake_North,2,7/14/17,7/17/17,44.34,-90.055,Olivia Bernauer,male,,,,
17.159,Bombus bimaculatus,Hymenoptera,Apidae,Bombus,bimaculatus,USA,WI,MONROE,Grygleski,2,7/14/17,7/17/17,44.06555556,-90.41277778,Olivia Bernauer,male,,,,
17.1458,Bombus bimaculatus,Hymenoptera,Apidae,Bombus,bimaculatus,USA,WI,JACKSON,HabEb_Road,2,7/14/17,7/17/17,44.17666667,-90.6625,Olivia Bernauer,male,,,,
17.1214,Bombus bimaculatus,Hymenoptera,Apidae,Bombus,bimaculatus,USA,WI,JUNEAU,CranCreek_North,2,7/14/17,7/17/17,44.2175,-90.0725,Olivia Bernauer,male,,,,
17.1072,Bombus bimaculatus,Hymenoptera,Apidae,Bombus,bimaculatus,USA,WI,WOOD,Searles,2,7/14/17,7/17/17,44.265,-90.08138889,Olivia Bernauer,male,,,,
17.836,Bombus terricola,Hymenoptera,Apidae,Bombus,terricola,USA,WI,JACKSON,Cutler,2,7/14/17,7/17/17,44.321545,-90.328946,Olivia Bernauer,male,,,,
17.615,Bombus terricola,Hymenoptera,Apidae,Bombus,terricola,USA,WI,JACKSON,Cutler,2,7/14/17,7/17/17,44.321545,-90.328946,Olivia Bernauer,male,,,,
17.938,Bombus terricola,Hymenoptera,Apidae,Bombus,terricola,USA,WI,JACKSON,Cutler,2,7/14/17,7/17/17,44.321545,-90.328946,Olivia Bernauer,male,,,,
17.1022,Bombus terricola,Hymenoptera,Apidae,Bombus,terricola,USA,WI,JACKSON,FlyingDollar_South,2,7/14/17,7/17/17,44.24055556,-90.35222222,Olivia Bernauer,male,,,,
17.1103,Bombus terricola,Hymenoptera,Apidae,Bombus,terricola,USA,WI,JACKSON,FlyingDollar_North,2,7/14/17,7/17/17,44.26,-90.34027778,Olivia Bernauer,male,,,,
17.1475,Diptera,Hymenoptera,Apidae,,,USA,WI,WOOD,Engelnook,2,7/14/17,7/17/17,44.41277778,-89.86027778,Olivia Bernauer,worker,,,,
17.1084,Diptera,Hymenoptera,Apidae,,,USA,WI,WOOD,Searles,2,7/14/17,7/17/17,44.265,-90.08138889,Olivia Bernauer,worker,,,,
17.687,Bombus griseocollis,Hymenoptera,Apidae,Bombus,griseocollis,USA,WI,JUNEAU,CranCreek_South,2,7/14/17,7/17/17,44.1875,-90.07861111,Olivia Bernauer,worker,,,,
17.965,Bombus griseocollis,Hymenoptera,Apidae,Bombus,griseocollis,USA,WI,JACKSON,FlyingDollar_South,2,7/14/17,7/17/17,44.24055556,-90.35222222,Olivia Bernauer,worker,,,,
17.583,Bombus griseocollis,Hymenoptera,Apidae,Bombus,griseocollis,USA,WI,JACKSON,FlyingDollar_South,2,7/14/17,7/17/17,44.24055556,-90.35222222,Olivia Bernauer,worker,,,,
17.1195,Bombus griseocollis,Hymenoptera,Apidae,Bombus,griseocollis,USA,WI,JACKSON,FlyingDollar_North,2,7/14/17,7/17/17,44.26,-90.34027778,Olivia Bernauer,worker,,,,
17.1245,Bombus griseocollis,Hymenoptera,Apidae,Bombus,griseocollis,USA,WI,WOOD,LynnHill,2,7/14/17,7/17/17,44.29388889,-89.91055556,Olivia Bernauer,worker,,,,
17.1054,Bombus fervidus,Hymenoptera,Apidae,Bombus,fervidus,USA,WI,JACKSON,FlyingDollar_South,2,7/14/17,7/17/17,44.24055556,-90.35222222,Olivia Bernauer,worker,,,,
17.803,Bombus fervidus,Hymenoptera,Apidae,Bombus,fervidus,USA,WI,JACKSON,FlyingDollar_South,2,7/14/17,7/17/17,44.24055556,-90.35222222,Olivia Bernauer,worker,,,,
17.948,Bombus fervidus,Hymenoptera,Apidae,Bombus,fervidus,USA,WI,JACKSON,FlyingDollar_South,2,7/14/17,7/17/17,44.24055556,-90.35222222,Olivia Bernauer,worker,,,,
17.658,Bombus fervidus,Hymenoptera,Apidae,Bombus,fervidus,USA,WI,JACKSON,FlyingDollar_South,2,7/14/17,7/17/17,44.24055556,-90.35222222,Olivia Bernauer,worker,,,,
17.282,Bombus fervidus,Hymenoptera,Apidae,Bombus,fervidus,USA,WI,JUNEAU,CranCreek_South,2,7/14/17,7/17/17,44.1875,-90.07861111,Olivia Bernauer,worker,,,,
17.163,Bombus fervidus,Hymenoptera,Apidae,Bombus,fervidus,USA,WI,JACKSON,FlyingDollar_North,2,7/14/17,7/17/17,44.26,-90.34027778,Olivia Bernauer,worker,,,,
17.1497,Bombus fervidus,Hymenoptera,Apidae,Bombus,fervidus,USA,WI,JACKSON,FlyingDollar_North,2,7/14/17,7/17/17,44.26,-90.34027778,Olivia Bernauer,worker,,,,
17.1274,Bombus fervidus,Hymenoptera,Apidae,Bombus,fervidus,USA,WI,JACKSON,FlyingDollar_North,2,7/14/17,7/17/17,44.26,-90.34027778,Olivia Bernauer,worker,,,,
17.1319,Bombus ternarius,Hymenoptera,Apidae,Bombus,ternarius,USA,WI,JACKSON,FlyingDollar_North,2,7/14/17,7/17/17,44.26,-90.34027778,Olivia Bernauer,worker,,,,
17.862,Bombus ternarius,Hymenoptera,Apidae,Bombus,ternarius,USA,WI,JACKSON,Cutler,2,7/14/17,7/17/17,44.321545,-90.328946,Olivia Bernauer,worker,,,,
17.1076,Bombus impatiens,Hymenoptera,Apidae,Bombus,impatiens,USA,WI,WOOD,Searles,2,7/14/17,7/17/17,44.265,-90.08138889,Olivia Bernauer,worker,,,,
17.844,Bombus impatiens,Hymenoptera,Apidae,Bombus,impatiens,USA,WI,WOOD,Searles,2,7/14/17,7/17/17,44.265,-90.08138889,Olivia Bernauer,worker,,,,
17.1082,Bombus impatiens,Hymenoptera,Apidae,Bombus,impatiens,USA,WI,WOOD,Searles,2,7/14/17,7/17/17,44.265,-90.08138889,Olivia Bernauer,worker,,,,
17.1073,Bombus impatiens,Hymenoptera,Apidae,Bombus,impatiens,USA,WI,WOOD,Searles,2,7/14/17,7/17/17,44.265,-90.08138889,Olivia Bernauer,worker,,,,
17.1118,Bombus impatiens,Hymenoptera,Apidae,Bombus,impatiens,USA,WI,WOOD,Johnson,2,7/14/17,7/17/17,44.27111111,-89.97361111,Olivia Bernauer,worker,,,,
17.1378,Bombus impatiens,Hymenoptera,Apidae,Bombus,impatiens,USA,WI,WOOD,Johnson,2,7/14/17,7/17/17,44.27111111,-89.97361111,Olivia Bernauer,worker,,,,
17.667,Bombus impatiens,Hymenoptera,Apidae,Bombus,impatiens,USA,WI,JACKSON,FlyingDollar_South,2,7/14/17,7/17/17,44.24055556,-90.35222222,Olivia Bernauer,worker,,,,
17.651,Bombus impatiens,Hymenoptera,Apidae,Bombus,impatiens,USA,WI,JACKSON,FlyingDollar_South,2,7/14/17,7/17/17,44.24055556,-90.35222222,Olivia Bernauer,worker,,,,
17.565,Bombus impatiens,Hymenoptera,Apidae,Bombus,impatiens,USA,WI,JACKSON,Cutler,2,7/14/17,7/17/17,44.321545,-90.328946,Olivia Bernauer,worker,,,,
17.894,Bombus impatiens,Hymenoptera,Apidae,Bombus,impatiens,USA,WI,JACKSON,Cutler,2,7/14/17,7/17/17,44.321545,-90.328946,Olivia Bernauer,worker,,,,
17.1457,Bombus impatiens,Hymenoptera,Apidae,Bombus,impatiens,USA,WI,MONROE,AAA,2,7/14/17,7/17/17,43.98305556,-90.4625,Olivia Bernauer,worker,,,,
17.1301,Bombus impatiens,Hymenoptera,Apidae,Bombus,impatiens,USA,WI,MONROE,AAA,2,7/14/17,7/17/17,43.98305556,-90.4625,Olivia Bernauer,worker,,,,
17.1254,Bombus impatiens,Hymenoptera,Apidae,Bombus,impatiens,USA,WI,MONROE,AAA,2,7/14/17,7/17/17,43.98305556,-90.4625,Olivia Bernauer,worker,,,,
17.1307,Bombus impatiens,Hymenoptera,Apidae,Bombus,impatiens,USA,WI,WOOD,Engelnook,2,7/14/17,7/17/17,44.41277778,-89.86027778,Olivia Bernauer,worker,,,,
17.873,Bombus impatiens,Hymenoptera,Apidae,Bombus,impatiens,USA,WI,MONROE,Grygleski,2,7/14/17,7/17/17,44.06555556,-90.41277778,Olivia Bernauer,worker,,,,
17.1297,Bombus impatiens,Hymenoptera,Apidae,Bombus,impatiens,USA,WI,JACKSON,FlyingDollar_North,2,7/14/17,7/17/17,44.26,-90.34027778,Olivia Bernauer,worker,,,,
17.1123,Bombus impatiens,Hymenoptera,Apidae,Bombus,impatiens,USA,WI,JACKSON,FlyingDollar_North,2,7/14/17,7/17/17,44.26,-90.34027778,Olivia Bernauer,worker,,,,
17.1233,Bombus impatiens,Hymenoptera,Apidae,Bombus,impatiens,USA,WI,JACKSON,FlyingDollar_North,2,7/14/17,7/17/17,44.26,-90.34027778,Olivia Bernauer,worker,,,,
17.1097,Bombus impatiens,Hymenoptera,Apidae,Bombus,impatiens,USA,WI,JACKSON,FlyingDollar_North,2,7/14/17,7/17/17,44.26,-90.34027778,Olivia Bernauer,worker,,,,
17.1229,Bombus impatiens,Hymenoptera,Apidae,Bombus,impatiens,USA,WI,JACKSON,FlyingDollar_North,2,7/14/17,7/17/17,44.26,-90.34027778,Olivia Bernauer,worker,,,,
17.1616,Bombus impatiens,Hymenoptera,Apidae,Bombus,impatiens,USA,WI,JACKSON,FlyingDollar_North,2,7/14/17,7/17/17,44.26,-90.34027778,Olivia Bernauer,worker,,,,
17.1363,Bombus impatiens,Hymenoptera,Apidae,Bombus,impatiens,USA,WI,JACKSON,FlyingDollar_North,2,7/14/17,7/17/17,44.26,-90.34027778,Olivia Bernauer,worker,,,,
17.1126,Bombus impatiens,Hymenoptera,Apidae,Bombus,impatiens,USA,WI,JACKSON,FlyingDollar_North,2,7/14/17,7/17/17,44.26,-90.34027778,Olivia Bernauer,worker,,,,
17.1481,Bombus impatiens,Hymenoptera,Apidae,Bombus,impatiens,USA,WI,JACKSON,FlyingDollar_North,2,7/14/17,7/17/17,44.26,-90.34027778,Olivia Bernauer,worker,,,,
17.1112,Bombus impatiens,Hymenoptera,Apidae,Bombus,impatiens,USA,WI,JACKSON,FlyingDollar_North,2,7/14/17,7/17/17,44.26,-90.34027778,Olivia Bernauer,worker,,,,
17.1358,Bombus impatiens,Hymenoptera,Apidae,Bombus,impatiens,USA,WI,JUNEAU,JJW,2,7/14/17,7/17/17,44.15138889,-90.28805556,Olivia Bernauer,worker,,,,
17.696,Bombus impatiens,Hymenoptera,Apidae,Bombus,impatiens,USA,WI,JUNEAU,CranCreek_South,2,7/14/17,7/17/17,44.1875,-90.07861111,Olivia Bernauer,worker,,,,
17.1265,Bombus impatiens,Hymenoptera,Apidae,Bombus,impatiens,USA,WI,JACKSON,HabEb_Road,2,7/14/17,7/17/17,44.17666667,-90.6625,Olivia Bernauer,worker,,,,
17.1215,Bombus impatiens,Hymenoptera,Apidae,Bombus,impatiens,USA,WI,WOOD,GlacialLake_South,2,7/14/17,7/17/17,44.31972222,-90.04805556,Olivia Bernauer,worker,,,,
17.559,Bombus ,Hymenoptera,Apidae,Bombus,,USA,WI,JACKSON,Cutler,2,7/14/17,7/17/17,44.321545,-90.328946,,male,,,,
17.1472,Bombus ,Hymenoptera,Apidae,Bombus,,USA,WI,JACKSON,HabEb_Road,2,7/14/17,7/17/17,44.17666667,-90.6625,,male,,,,
17.579,Bombus ,Hymenoptera,Apidae,Bombus,,USA,WI,JACKSON,Cutler,2,7/14/17,7/17/17,44.321545,-90.328946,,male,,,,
17.551,Bombus ,Hymenoptera,Apidae,Bombus,,USA,WI,JACKSON,Cutler,2,7/14/17,7/17/17,44.321545,-90.328946,,male,,,,
17.827,Bombus ,Hymenoptera,Apidae,Bombus,,USA,WI,JACKSON,Cutler,2,7/14/17,7/17/17,44.321545,-90.328946,,male,,,,
17.991,Bombus ,Hymenoptera,Apidae,Bombus,,USA,WI,JACKSON,Cutler,2,7/14/17,7/17/17,44.321545,-90.328946,,male,,,,
17.84,Bombus ,Hymenoptera,Apidae,Bombus,,USA,WI,JACKSON,Cutler,2,7/14/17,7/17/17,44.321545,-90.328946,,male,,,,
17.554,Bombus ,Hymenoptera,Apidae,Bombus,,USA,WI,JACKSON,Cutler,2,7/14/17,7/17/17,44.321545,-90.328946,,male,,,,
17.1078,Bombus ,Hymenoptera,Apidae,Bombus,,USA,WI,WOOD,Searles,2,7/14/17,7/17/17,44.265,-90.08138889,,male,,,,
17.116,Bombus ,Hymenoptera,Apidae,Bombus,,USA,WI,JACKSON,FlyingDollar_North,2,7/14/17,7/17/17,44.26,-90.34027778,,worker,,,,
17.1349,Bombus ,Hymenoptera,Apidae,Bombus,,USA,WI,WOOD,Engelnook,2,7/14/17,7/17/17,44.41277778,-89.86027778,,worker,,,,
17.1117,Bombus ,Hymenoptera,Apidae,Bombus,,USA,WI,JACKSON,FlyingDollar_North,2,7/14/17,7/17/17,44.26,-90.34027778,,worker,,,,
17.1129,Bombus ,Hymenoptera,Apidae,Bombus,,USA,WI,WOOD,Johnson,2,7/14/17,7/17/17,44.27111111,-89.97361111,,worker,,,,
17.1275,Bombus ,Hymenoptera,Apidae,Bombus,,USA,WI,JACKSON,FlyingDollar_North,2,7/14/17,7/17/17,44.26,-90.34027778,,worker,,,,
17.1295,Bombus ,Hymenoptera,Apidae,Bombus,,USA,WI,WOOD,Engelnook,2,7/14/17,7/17/17,44.41277778,-89.86027778,,worker,,,,
17.1601,Bombus ,Hymenoptera,Apidae,Bombus,,USA,WI,JACKSON,FlyingDollar_North,2,7/14/17,7/17/17,44.26,-90.34027778,,worker,,,,
17.1199,Bombus ,Hymenoptera,Apidae,Bombus,,USA,WI,WOOD,GlacialLake_South,2,7/14/17,7/17/17,44.31972222,-90.04805556,,worker,,,,
17.1405,Bombus ,Hymenoptera,Apidae,Bombus,,USA,WI,JACKSON,FlyingDollar_North,2,7/14/17,7/17/17,44.26,-90.34027778,,worker,,,,
17.1128,Bombus ,Hymenoptera,Apidae,Bombus,,USA,WI,WOOD,GlacialLake_South,2,7/14/17,7/17/17,44.31972222,-90.04805556,,worker,,,,
17.849,Bombus ,Hymenoptera,Apidae,Bombus,,USA,WI,JACKSON,Cutler,2,7/14/17,7/17/17,44.321545,-90.328946,,male,,,,
17.793,Bombus ,Hymenoptera,Apidae,Bombus,,USA,WI,JACKSON,FlyingDollar_South,2,7/14/17,7/17/17,44.24055556,-90.35222222,,male,,,,