{
"type": "FeatureCollection",
"name": "gf2021_buf750",
"crs": { "type": "name", "properties": { "name": "urn:ogc:def:crs:EPSG::32618" } },
"features": [
{ "type": "Feature", "properties": { "site": 1, "transect": 1.1 }, "geometry": { "type": "Polygon", "coordinates": [ [ [ 424839.949256094056182, 5019019.379502239637077 ], [ 424838.921407159999944, 5018980.127535057254136 ], [ 424835.840677620260976, 5018940.983154788613319 ], [ 424830.715511540416628, 5018902.053653459064662 ], [ 424823.559956644428894, 5018863.445734126493335 ], [ 424814.393625810858794, 5018825.2652184125036 ], [ 424803.241643315413967, 5018787.616756458766758 ], [ 424790.134575966978446, 5018750.603540080599487 ], [ 424775.108349326008465, 5018714.327019932679832 ], [ 424758.204149235330988, 5018678.886627434752882 ], [ 424739.468308932380751, 5018644.379502239637077 ], [ 424718.952182053122669, 5018610.900225978344679 ], [ 424696.712001875275746, 5018578.540563019923866 ], [ 424672.808727186755277, 5018547.389208951964974 ], [ 424647.307875202095602, 5018517.53154747094959 ], [ 424620.279341983958147, 5018489.04941634926945 ], [ 424591.79721086320933, 5018462.02088313177228 ], [ 424561.939549381437246, 5018436.520031146705151 ], [ 424530.788195313420147, 5018412.616756458766758 ], [ 424498.42853235534858, 5018390.376576280221343 ], [ 424464.949256094056182, 5018369.860449401661754 ], [ 424430.442130898707546, 5018351.124609098769724 ], [ 424395.001738400897011, 5018334.220409007743001 ], [ 424358.725218253035564, 5018319.194182367064059 ], [ 424321.712001875275746, 5018306.087115018628538 ], [ 424284.063539920956828, 5018294.935132523067296 ], [ 424245.883024207374547, 5018285.768801689147949 ], [ 424207.275104874221142, 5018278.613246792927384 ], [ 424168.345603544788901, 5018273.488080712966621 ], [ 424129.2012232762645, 5018270.407351173460484 ], [ 424089.949256094056182, 5018269.379502239637077 ], [ 424050.697288911847863, 5018270.407351173460484 ], [ 424011.552908643323462, 5018273.488080712966621 ], [ 423972.623407313891221, 5018278.613246792927384 ], [ 423934.015487980737817, 5018285.768801689147949 ], [ 423895.834972267155536, 5018294.935132523067296 ], [ 423858.186510312836617, 5018306.087115018628538 ], [ 423821.173293935076799, 5018319.194182367064059 ], [ 423784.896773787215352, 5018334.220409007743001 ], [ 423749.456381289404817, 5018351.124609098769724 ], [ 423714.949256094056182, 5018369.860449401661754 ], [ 423681.469979832763784, 5018390.376576280221343 ], [ 423649.110316874692217, 5018412.616756458766758 ], [ 423617.958962806675117, 5018436.520031146705151 ], [ 423588.101301324903034, 5018462.02088313177228 ], [ 423559.619170204154216, 5018489.04941634926945 ], [ 423532.590636986016762, 5018517.53154747094959 ], [ 423507.089785001357086, 5018547.389208951964974 ], [ 423483.186510312836617, 5018578.540563019923866 ], [ 423460.946330134989694, 5018610.900225978344679 ], [ 423440.430203255731612, 5018644.379502239637077 ], [ 423421.694362952781375, 5018678.886627434752882 ], [ 423404.790162862103898, 5018714.327019932679832 ], [ 423389.763936221133918, 5018750.603540080599487 ], [ 423376.656868872698396, 5018787.616756458766758 ], [ 423365.50488637725357, 5018825.2652184125036 ], [ 423356.338555543683469, 5018863.445734126493335 ], [ 423349.183000647695735, 5018902.053653459064662 ], [ 423344.057834567851387, 5018940.983154788613319 ], [ 423340.977105028112419, 5018980.127535057254136 ], [ 423339.949256094056182, 5019019.379502239637077 ], [ 423340.977105028112419, 5019058.631469422020018 ], [ 423344.057834567851387, 5019097.775849690660834 ], [ 423349.183000647695735, 5019136.705351020209491 ], [ 423356.338555543683469, 5019175.313270352780819 ], [ 423365.50488637725357, 5019213.493786066770554 ], [ 423376.656868872698396, 5019251.142248020507395 ], [ 423389.763936221133918, 5019288.155464398674667 ], [ 423404.790162862103898, 5019324.431984546594322 ], [ 423421.694362952781375, 5019359.872377044521272 ], [ 423440.430203255731612, 5019394.379502239637077 ], [ 423460.946330134989694, 5019427.858778500929475 ], [ 423483.186510312836617, 5019460.218441459350288 ], [ 423507.089785001298878, 5019491.369795527309179 ], [ 423532.590636986016762, 5019521.227457008324564 ], [ 423559.619170204154216, 5019549.709588130004704 ], [ 423588.101301324903034, 5019576.738121347501874 ], [ 423617.958962806675117, 5019602.238973332569003 ], [ 423649.110316874692217, 5019626.142248020507395 ], [ 423681.469979832763784, 5019648.382428199052811 ], [ 423714.949256094056182, 5019668.8985550776124 ], [ 423749.456381289404817, 5019687.634395380504429 ], [ 423784.896773787215352, 5019704.538595471531153 ], [ 423821.173293935076799, 5019719.564822112210095 ], [ 423858.186510312836617, 5019732.671889460645616 ], [ 423895.834972267155536, 5019743.823871956206858 ], [ 423934.015487980737817, 5019752.990202790126204 ], [ 423972.623407313891221, 5019760.145757686346769 ], [ 424011.552908643323462, 5019765.270923766307533 ], [ 424050.697288911847863, 5019768.35165330581367 ], [ 424089.949256094056182, 5019769.379502239637077 ], [ 424129.2012232762645, 5019768.35165330581367 ], [ 424168.345603544788901, 5019765.270923766307533 ], [ 424207.275104874221142, 5019760.145757686346769 ], [ 424245.883024207374547, 5019752.990202790126204 ], [ 424284.063539920956828, 5019743.823871956206858 ], [ 424321.712001875275746, 5019732.671889460645616 ], [ 424358.725218253035564, 5019719.564822112210095 ], [ 424395.001738400897011, 5019704.538595471531153 ], [ 424430.442130898707546, 5019687.634395380504429 ], [ 424464.949256094056182, 5019668.8985550776124 ], [ 424498.42853235534858, 5019648.382428199052811 ], [ 424530.788195313420147, 5019626.142248020507395 ], [ 424561.939549381437246, 5019602.238973332569003 ], [ 424591.79721086320933, 5019576.738121347501874 ], [ 424620.279341983958147, 5019549.709588130004704 ], [ 424647.307875202095602, 5019521.227457008324564 ], [ 424672.808727186755277, 5019491.369795527309179 ], [ 424696.712001875275746, 5019460.218441459350288 ], [ 424718.952182053122669, 5019427.858778500929475 ], [ 424739.468308932380751, 5019394.379502239637077 ], [ 424758.204149235330988, 5019359.872377044521272 ], [ 424775.108349326008465, 5019324.431984546594322 ], [ 424790.134575966978446, 5019288.155464398674667 ], [ 424803.241643315413967, 5019251.142248020507395 ], [ 424814.393625810858794, 5019213.493786066770554 ], [ 424823.559956644428894, 5019175.313270352780819 ], [ 424830.715511540416628, 5019136.705351020209491 ], [ 424835.840677620260976, 5019097.775849690660834 ], [ 424838.921407159999944, 5019058.631469422020018 ], [ 424839.949256094056182, 5019019.379502239637077 ] ] ] } },
{ "type": "Feature", "properties": { "site": 1, "transect": 1.2 }, "geometry": { "type": "Polygon", "coordinates": [ [ [ 424528.405602406710386, 5018726.617454793304205 ], [ 424527.377753472654149, 5018687.365487610921264 ], [ 424524.297023932915181, 5018648.221107342280447 ], [ 424519.171857853070833, 5018609.291606012731791 ], [ 424512.016302957083099, 5018570.683686680160463 ], [ 424502.849972123512998, 5018532.503170966170728 ], [ 424491.697989628068171, 5018494.854709012433887 ], [ 424478.59092227963265, 5018457.841492634266615 ], [ 424463.56469563866267, 5018421.56497248634696 ], [ 424446.660495547985192, 5018386.12457998842001 ], [ 424427.924655245034955, 5018351.617454793304205 ], [ 424407.408528365776874, 5018318.138178532011807 ], [ 424385.168348187929951, 5018285.778515573590994 ], [ 424361.265073499409482, 5018254.627161505632102 ], [ 424335.764221514749806, 5018224.769500024616718 ], [ 424308.735688296612352, 5018196.287368902936578 ], [ 424280.253557175863534, 5018169.258835685439408 ], [ 424250.39589569409145, 5018143.757983700372279 ], [ 424219.244541626074351, 5018119.854709012433887 ], [ 424186.884878668002784, 5018097.614528833888471 ], [ 424153.405602406710386, 5018077.098401955328882 ], [ 424118.898477211361751, 5018058.362561652436852 ], [ 424083.458084713551216, 5018041.458361561410129 ], [ 424047.181564565689769, 5018026.432134920731187 ], [ 424010.168348187929951, 5018013.325067572295666 ], [ 423972.519886233611032, 5018002.173085076734424 ], [ 423934.339370520028751, 5017993.006754242815077 ], [ 423895.731451186875347, 5017985.851199346594512 ], [ 423856.801949857443105, 5017980.726033266633749 ], [ 423817.657569588918705, 5017977.645303727127612 ], [ 423778.405602406710386, 5017976.617454793304205 ], [ 423739.153635224502068, 5017977.645303727127612 ], [ 423700.009254955977667, 5017980.726033266633749 ], [ 423661.079753626545426, 5017985.851199346594512 ], [ 423622.471834293392021, 5017993.006754242815077 ], [ 423584.29131857980974, 5018002.173085076734424 ], [ 423546.642856625490822, 5018013.325067572295666 ], [ 423509.629640247731004, 5018026.432134920731187 ], [ 423473.353120099869557, 5018041.458361561410129 ], [ 423437.912727602059022, 5018058.362561652436852 ], [ 423403.405602406710386, 5018077.098401955328882 ], [ 423369.926326145417988, 5018097.614528833888471 ], [ 423337.566663187346421, 5018119.854709012433887 ], [ 423306.415309119329322, 5018143.757983700372279 ], [ 423276.557647637557238, 5018169.258835685439408 ], [ 423248.07551651680842, 5018196.287368902936578 ], [ 423221.046983298670966, 5018224.769500024616718 ], [ 423195.546131314011291, 5018254.627161505632102 ], [ 423171.642856625490822, 5018285.778515573590994 ], [ 423149.402676447643898, 5018318.138178532011807 ], [ 423128.886549568385817, 5018351.617454793304205 ], [ 423110.15070926543558, 5018386.12457998842001 ], [ 423093.246509174758103, 5018421.56497248634696 ], [ 423078.220282533788122, 5018457.841492634266615 ], [ 423065.113215185352601, 5018494.854709012433887 ], [ 423053.961232689907774, 5018532.503170966170728 ], [ 423044.794901856337674, 5018570.683686680160463 ], [ 423037.63934696034994, 5018609.291606012731791 ], [ 423032.514180880505592, 5018648.221107342280447 ], [ 423029.433451340766624, 5018687.365487610921264 ], [ 423028.405602406710386, 5018726.617454793304205 ], [ 423029.433451340766624, 5018765.869421975687146 ], [ 423032.514180880505592, 5018805.013802244327962 ], [ 423037.63934696034994, 5018843.943303573876619 ], [ 423044.794901856337674, 5018882.551222906447947 ], [ 423053.961232689907774, 5018920.731738620437682 ], [ 423065.113215185352601, 5018958.380200574174523 ], [ 423078.220282533788122, 5018995.393416952341795 ], [ 423093.246509174758103, 5019031.66993710026145 ], [ 423110.15070926543558, 5019067.1103295981884 ], [ 423128.886549568385817, 5019101.617454793304205 ], [ 423149.402676447643898, 5019135.096731054596603 ], [ 423171.642856625490822, 5019167.456394013017416 ], [ 423195.546131313953083, 5019198.607748080976307 ], [ 423221.046983298670966, 5019228.465409561991692 ], [ 423248.07551651680842, 5019256.947540683671832 ], [ 423276.557647637557238, 5019283.976073901169002 ], [ 423306.415309119329322, 5019309.476925886236131 ], [ 423337.566663187346421, 5019333.380200574174523 ], [ 423369.926326145417988, 5019355.620380752719939 ], [ 423403.405602406710386, 5019376.136507631279528 ], [ 423437.912727602059022, 5019394.872347934171557 ], [ 423473.353120099869557, 5019411.776548025198281 ], [ 423509.629640247731004, 5019426.802774665877223 ], [ 423546.642856625490822, 5019439.909842014312744 ], [ 423584.29131857980974, 5019451.061824509873986 ], [ 423622.471834293392021, 5019460.228155343793333 ], [ 423661.079753626545426, 5019467.383710240013897 ], [ 423700.009254955977667, 5019472.508876319974661 ], [ 423739.153635224502068, 5019475.589605859480798 ], [ 423778.405602406710386, 5019476.617454793304205 ], [ 423817.657569588918705, 5019475.589605859480798 ], [ 423856.801949857443105, 5019472.508876319974661 ], [ 423895.731451186875347, 5019467.383710240013897 ], [ 423934.339370520028751, 5019460.228155343793333 ], [ 423972.519886233611032, 5019451.061824509873986 ], [ 424010.168348187929951, 5019439.909842014312744 ], [ 424047.181564565689769, 5019426.802774665877223 ], [ 424083.458084713551216, 5019411.776548025198281 ], [ 424118.898477211361751, 5019394.872347934171557 ], [ 424153.405602406710386, 5019376.136507631279528 ], [ 424186.884878668002784, 5019355.620380752719939 ], [ 424219.244541626074351, 5019333.380200574174523 ], [ 424250.39589569409145, 5019309.476925886236131 ], [ 424280.253557175863534, 5019283.976073901169002 ], [ 424308.735688296612352, 5019256.947540683671832 ], [ 424335.764221514749806, 5019228.465409561991692 ], [ 424361.265073499409482, 5019198.607748080976307 ], [ 424385.168348187929951, 5019167.456394013017416 ], [ 424407.408528365776874, 5019135.096731054596603 ], [ 424427.924655245034955, 5019101.617454793304205 ], [ 424446.660495547985192, 5019067.1103295981884 ], [ 424463.56469563866267, 5019031.66993710026145 ], [ 424478.59092227963265, 5018995.393416952341795 ], [ 424491.697989628068171, 5018958.380200574174523 ], [ 424502.849972123512998, 5018920.731738620437682 ], [ 424512.016302957083099, 5018882.551222906447947 ], [ 424519.171857853070833, 5018843.943303573876619 ], [ 424524.297023932915181, 5018805.013802244327962 ], [ 424527.377753472654149, 5018765.869421975687146 ], [ 424528.405602406710386, 5018726.617454793304205 ] ] ] } },
{ "type": "Feature", "properties": { "site": 1, "transect": 1.3 }, "geometry": { "type": "Polygon", "coordinates": [ [ [ 424527.793661950563546, 5018723.58821611572057 ], [ 424526.765813016507309, 5018684.336248933337629 ], [ 424523.685083476768341, 5018645.191868664696813 ], [ 424518.559917396923993, 5018606.262367335148156 ], [ 424511.404362500936259, 5018567.654448002576828 ], [ 424502.238031667366158, 5018529.473932288587093 ], [ 424491.086049171921331, 5018491.825470334850252 ], [ 424477.97898182348581, 5018454.81225395668298 ], [ 424462.95275518251583, 5018418.535733808763325 ], [ 424446.048555091838352, 5018383.095341310836375 ], [ 424427.312714788888115, 5018348.58821611572057 ], [ 424406.796587909630034, 5018315.108939854428172 ], [ 424384.556407731783111, 5018282.749276896007359 ], [ 424360.65313304332085, 5018251.597922828048468 ], [ 424335.152281058602966, 5018221.740261347033083 ], [ 424308.123747840465512, 5018193.258130225352943 ], [ 424279.641616719716694, 5018166.229597007855773 ], [ 424249.78395523794461, 5018140.728745022788644 ], [ 424218.632601169927511, 5018116.825470334850252 ], [ 424186.272938211855944, 5018094.585290156304836 ], [ 424152.793661950563546, 5018074.069163277745247 ], [ 424118.286536755214911, 5018055.333322974853218 ], [ 424082.846144257404376, 5018038.429122883826494 ], [ 424046.569624109542929, 5018023.402896243147552 ], [ 424009.556407731783111, 5018010.295828894712031 ], [ 423971.907945777464192, 5017999.143846399150789 ], [ 423933.727430063881911, 5017989.977515565231442 ], [ 423895.119510730728507, 5017982.821960669010878 ], [ 423856.190009401296265, 5017977.696794589050114 ], [ 423817.045629132771865, 5017974.616065049543977 ], [ 423777.793661950563546, 5017973.58821611572057 ], [ 423738.541694768355228, 5017974.616065049543977 ], [ 423699.397314499830827, 5017977.696794589050114 ], [ 423660.467813170398585, 5017982.821960669010878 ], [ 423621.859893837245181, 5017989.977515565231442 ], [ 423583.6793781236629, 5017999.143846399150789 ], [ 423546.030916169343982, 5018010.295828894712031 ], [ 423509.017699791584164, 5018023.402896243147552 ], [ 423472.741179643722717, 5018038.429122883826494 ], [ 423437.300787145912182, 5018055.333322974853218 ], [ 423402.793661950563546, 5018074.069163277745247 ], [ 423369.314385689271148, 5018094.585290156304836 ], [ 423336.954722731199581, 5018116.825470334850252 ], [ 423305.803368663182482, 5018140.728745022788644 ], [ 423275.945707181410398, 5018166.229597007855773 ], [ 423247.46357606066158, 5018193.258130225352943 ], [ 423220.435042842524126, 5018221.740261347033083 ], [ 423194.934190857864451, 5018251.597922828048468 ], [ 423171.030916169343982, 5018282.749276896007359 ], [ 423148.790735991497058, 5018315.108939854428172 ], [ 423128.274609112238977, 5018348.58821611572057 ], [ 423109.53876880928874, 5018383.095341310836375 ], [ 423092.634568718611263, 5018418.535733808763325 ], [ 423077.608342077641282, 5018454.81225395668298 ], [ 423064.501274729205761, 5018491.825470334850252 ], [ 423053.349292233760934, 5018529.473932288587093 ], [ 423044.182961400190834, 5018567.654448002576828 ], [ 423037.0274065042031, 5018606.262367335148156 ], [ 423031.902240424358752, 5018645.191868664696813 ], [ 423028.821510884619784, 5018684.336248933337629 ], [ 423027.793661950563546, 5018723.58821611572057 ], [ 423028.821510884619784, 5018762.840183298103511 ], [ 423031.902240424358752, 5018801.984563566744328 ], [ 423037.0274065042031, 5018840.914064896292984 ], [ 423044.182961400190834, 5018879.521984228864312 ], [ 423053.349292233760934, 5018917.702499942854047 ], [ 423064.501274729205761, 5018955.350961896590889 ], [ 423077.608342077641282, 5018992.36417827475816 ], [ 423092.634568718611263, 5019028.640698422677815 ], [ 423109.53876880928874, 5019064.081090920604765 ], [ 423128.274609112238977, 5019098.58821611572057 ], [ 423148.790735991497058, 5019132.067492377012968 ], [ 423171.030916169343982, 5019164.427155335433781 ], [ 423194.934190857806243, 5019195.578509403392673 ], [ 423220.435042842524126, 5019225.436170884408057 ], [ 423247.46357606066158, 5019253.918302006088197 ], [ 423275.945707181410398, 5019280.946835223585367 ], [ 423305.803368663182482, 5019306.447687208652496 ], [ 423336.954722731199581, 5019330.350961896590889 ], [ 423369.314385689271148, 5019352.591142075136304 ], [ 423402.793661950563546, 5019373.107268953695893 ], [ 423437.300787145912182, 5019391.843109256587923 ], [ 423472.741179643722717, 5019408.747309347614646 ], [ 423509.017699791584164, 5019423.773535988293588 ], [ 423546.030916169343982, 5019436.880603336729109 ], [ 423583.6793781236629, 5019448.032585832290351 ], [ 423621.859893837245181, 5019457.198916666209698 ], [ 423660.467813170398585, 5019464.354471562430263 ], [ 423699.397314499830827, 5019469.479637642391026 ], [ 423738.541694768355228, 5019472.560367181897163 ], [ 423777.793661950563546, 5019473.58821611572057 ], [ 423817.045629132771865, 5019472.560367181897163 ], [ 423856.190009401296265, 5019469.479637642391026 ], [ 423895.119510730728507, 5019464.354471562430263 ], [ 423933.727430063881911, 5019457.198916666209698 ], [ 423971.907945777464192, 5019448.032585832290351 ], [ 424009.556407731783111, 5019436.880603336729109 ], [ 424046.569624109542929, 5019423.773535988293588 ], [ 424082.846144257404376, 5019408.747309347614646 ], [ 424118.286536755214911, 5019391.843109256587923 ], [ 424152.793661950563546, 5019373.107268953695893 ], [ 424186.272938211855944, 5019352.591142075136304 ], [ 424218.632601169927511, 5019330.350961896590889 ], [ 424249.78395523794461, 5019306.447687208652496 ], [ 424279.641616719716694, 5019280.946835223585367 ], [ 424308.123747840465512, 5019253.918302006088197 ], [ 424335.152281058602966, 5019225.436170884408057 ], [ 424360.653133043262642, 5019195.578509403392673 ], [ 424384.556407731783111, 5019164.427155335433781 ], [ 424406.796587909630034, 5019132.067492377012968 ], [ 424427.312714788888115, 5019098.58821611572057 ], [ 424446.048555091838352, 5019064.081090920604765 ], [ 424462.95275518251583, 5019028.640698422677815 ], [ 424477.97898182348581, 5018992.36417827475816 ], [ 424491.086049171921331, 5018955.350961896590889 ], [ 424502.238031667366158, 5018917.702499942854047 ], [ 424511.404362500936259, 5018879.521984228864312 ], [ 424518.559917396923993, 5018840.914064896292984 ], [ 424523.685083476768341, 5018801.984563566744328 ], [ 424526.765813016507309, 5018762.840183298103511 ], [ 424527.793661950563546, 5018723.58821611572057 ] ] ] } },
{ "type": "Feature", "properties": { "site": 1, "transect": 1.4 }, "geometry": { "type": "Polygon", "coordinates": [ [ [ 424738.179423607536592, 5018722.024694699794054 ], [ 424737.151574673480354, 5018682.772727517411113 ], [ 424734.070845133741386, 5018643.628347248770297 ], [ 424728.945679053897038, 5018604.69884591922164 ], [ 424721.790124157909304, 5018566.090926586650312 ], [ 424712.623793324339204, 5018527.910410872660577 ], [ 424701.471810828894377, 5018490.261948918923736 ], [ 424688.364743480458856, 5018453.248732540756464 ], [ 424673.338516839488875, 5018416.972212392836809 ], [ 424656.434316748811398, 5018381.531819894909859 ], [ 424637.698476445861161, 5018347.024694699794054 ], [ 424617.182349566603079, 5018313.545418438501656 ], [ 424594.942169388756156, 5018281.185755480080843 ], [ 424571.038894700235687, 5018250.034401412121952 ], [ 424545.538042715576012, 5018220.176739931106567 ], [ 424518.509509497438557, 5018191.694608809426427 ], [ 424490.02737837668974, 5018164.666075591929257 ], [ 424460.169716894917656, 5018139.165223606862128 ], [ 424429.018362826900557, 5018115.261948918923736 ], [ 424396.65869986882899, 5018093.02176874037832 ], [ 424363.179423607536592, 5018072.505641861818731 ], [ 424328.672298412187956, 5018053.769801558926702 ], [ 424293.231905914377421, 5018036.865601467899978 ], [ 424256.955385766515974, 5018021.839374827221036 ], [ 424219.942169388756156, 5018008.732307478785515 ], [ 424182.293707434437238, 5017997.580324983224273 ], [ 424144.113191720854957, 5017988.413994149304926 ], [ 424105.505272387701552, 5017981.258439253084362 ], [ 424066.575771058269311, 5017976.133273173123598 ], [ 424027.43139078974491, 5017973.052543633617461 ], [ 423988.179423607536592, 5017972.024694699794054 ], [ 423948.927456425328273, 5017973.052543633617461 ], [ 423909.783076156803872, 5017976.133273173123598 ], [ 423870.853574827371631, 5017981.258439253084362 ], [ 423832.245655494218227, 5017988.413994149304926 ], [ 423794.065139780635945, 5017997.580324983224273 ], [ 423756.416677826317027, 5018008.732307478785515 ], [ 423719.403461448557209, 5018021.839374827221036 ], [ 423683.126941300695762, 5018036.865601467899978 ], [ 423647.686548802885227, 5018053.769801558926702 ], [ 423613.179423607536592, 5018072.505641861818731 ], [ 423579.700147346244194, 5018093.02176874037832 ], [ 423547.340484388172626, 5018115.261948918923736 ], [ 423516.189130320155527, 5018139.165223606862128 ], [ 423486.331468838383444, 5018164.666075591929257 ], [ 423457.849337717634626, 5018191.694608809426427 ], [ 423430.820804499497171, 5018220.176739931106567 ], [ 423405.319952514837496, 5018250.034401412121952 ], [ 423381.416677826317027, 5018281.185755480080843 ], [ 423359.176497648470104, 5018313.545418438501656 ], [ 423338.660370769212022, 5018347.024694699794054 ], [ 423319.924530466261785, 5018381.531819894909859 ], [ 423303.020330375584308, 5018416.972212392836809 ], [ 423287.994103734614328, 5018453.248732540756464 ], [ 423274.887036386178806, 5018490.261948918923736 ], [ 423263.73505389073398, 5018527.910410872660577 ], [ 423254.568723057163879, 5018566.090926586650312 ], [ 423247.413168161176145, 5018604.69884591922164 ], [ 423242.288002081331797, 5018643.628347248770297 ], [ 423239.207272541592829, 5018682.772727517411113 ], [ 423238.179423607536592, 5018722.024694699794054 ], [ 423239.207272541592829, 5018761.276661882176995 ], [ 423242.288002081331797, 5018800.421042150817811 ], [ 423247.413168161176145, 5018839.350543480366468 ], [ 423254.568723057163879, 5018877.958462812937796 ], [ 423263.73505389073398, 5018916.138978526927531 ], [ 423274.887036386178806, 5018953.787440480664372 ], [ 423287.994103734614328, 5018990.800656858831644 ], [ 423303.020330375584308, 5019027.077177006751299 ], [ 423319.924530466261785, 5019062.517569504678249 ], [ 423338.660370769212022, 5019097.024694699794054 ], [ 423359.176497648470104, 5019130.503970961086452 ], [ 423381.416677826317027, 5019162.863633919507265 ], [ 423405.319952514779288, 5019194.014987987466156 ], [ 423430.820804499497171, 5019223.872649468481541 ], [ 423457.849337717634626, 5019252.354780590161681 ], [ 423486.331468838383444, 5019279.383313807658851 ], [ 423516.189130320155527, 5019304.88416579272598 ], [ 423547.340484388172626, 5019328.787440480664372 ], [ 423579.700147346244194, 5019351.027620659209788 ], [ 423613.179423607536592, 5019371.543747537769377 ], [ 423647.686548802885227, 5019390.279587840661407 ], [ 423683.126941300695762, 5019407.18378793168813 ], [ 423719.403461448557209, 5019422.210014572367072 ], [ 423756.416677826317027, 5019435.317081920802593 ], [ 423794.065139780635945, 5019446.469064416363835 ], [ 423832.245655494218227, 5019455.635395250283182 ], [ 423870.853574827371631, 5019462.790950146503747 ], [ 423909.783076156803872, 5019467.91611622646451 ], [ 423948.927456425328273, 5019470.996845765970647 ], [ 423988.179423607536592, 5019472.024694699794054 ], [ 424027.43139078974491, 5019470.996845765970647 ], [ 424066.575771058269311, 5019467.91611622646451 ], [ 424105.505272387701552, 5019462.790950146503747 ], [ 424144.113191720854957, 5019455.635395250283182 ], [ 424182.293707434437238, 5019446.469064416363835 ], [ 424219.942169388756156, 5019435.317081920802593 ], [ 424256.955385766515974, 5019422.210014572367072 ], [ 424293.231905914377421, 5019407.18378793168813 ], [ 424328.672298412187956, 5019390.279587840661407 ], [ 424363.179423607536592, 5019371.543747537769377 ], [ 424396.65869986882899, 5019351.027620659209788 ], [ 424429.018362826900557, 5019328.787440480664372 ], [ 424460.169716894917656, 5019304.88416579272598 ], [ 424490.02737837668974, 5019279.383313807658851 ], [ 424518.509509497438557, 5019252.354780590161681 ], [ 424545.538042715576012, 5019223.872649468481541 ], [ 424571.038894700235687, 5019194.014987987466156 ], [ 424594.942169388756156, 5019162.863633919507265 ], [ 424617.182349566603079, 5019130.503970961086452 ], [ 424637.698476445861161, 5019097.024694699794054 ], [ 424656.434316748811398, 5019062.517569504678249 ], [ 424673.338516839488875, 5019027.077177006751299 ], [ 424688.364743480458856, 5018990.800656858831644 ], [ 424701.471810828894377, 5018953.787440480664372 ], [ 424712.623793324339204, 5018916.138978526927531 ], [ 424721.790124157909304, 5018877.958462812937796 ], [ 424728.945679053897038, 5018839.350543480366468 ], [ 424734.070845133741386, 5018800.421042150817811 ], [ 424737.151574673480354, 5018761.276661882176995 ], [ 424738.179423607536592, 5018722.024694699794054 ] ] ] } },
{ "type": "Feature", "properties": { "site": 2, "transect": 2.1 }, "geometry": { "type": "Polygon", "coordinates": [ [ [ 452661.902064582274761, 5009061.847530745901167 ], [ 452660.874215648218524, 5009022.595563563518226 ], [ 452657.793486108479556, 5008983.45118329487741 ], [ 452652.668320028635208, 5008944.521681965328753 ], [ 452645.512765132647473, 5008905.913762632757425 ], [ 452636.346434299077373, 5008867.733246918767691 ], [ 452625.194451803632546, 5008830.084784965030849 ], [ 452612.087384455197025, 5008793.071568586863577 ], [ 452597.061157814227045, 5008756.795048438943923 ], [ 452580.156957723549567, 5008721.354655941016972 ], [ 452561.42111742059933, 5008686.847530745901167 ], [ 452540.904990541341249, 5008653.368254484608769 ], [ 452518.664810363494325, 5008621.008591526187956 ], [ 452494.761535675032064, 5008589.857237458229065 ], [ 452469.260683690314181, 5008559.999575977213681 ], [ 452442.232150472176727, 5008531.51744485553354 ], [ 452413.750019351427909, 5008504.48891163803637 ], [ 452383.892357869655825, 5008478.988059652969241 ], [ 452352.741003801638726, 5008455.084784965030849 ], [ 452320.381340843567159, 5008432.844604786485434 ], [ 452286.902064582274761, 5008412.328477907925844 ], [ 452252.394939386926126, 5008393.592637605033815 ], [ 452216.954546889115591, 5008376.688437514007092 ], [ 452180.678026741254143, 5008361.662210873328149 ], [ 452143.664810363494325, 5008348.555143524892628 ], [ 452106.016348409175407, 5008337.403161029331386 ], [ 452067.835832695593126, 5008328.23683019541204 ], [ 452029.227913362439722, 5008321.081275299191475 ], [ 451990.29841203300748, 5008315.956109219230711 ], [ 451951.154031764483079, 5008312.875379679724574 ], [ 451911.902064582274761, 5008311.847530745901167 ], [ 451872.650097400066443, 5008312.875379679724574 ], [ 451833.505717131542042, 5008315.956109219230711 ], [ 451794.5762158021098, 5008321.081275299191475 ], [ 451755.968296468956396, 5008328.23683019541204 ], [ 451717.787780755374115, 5008337.403161029331386 ], [ 451680.139318801055197, 5008348.555143524892628 ], [ 451643.126102423295379, 5008361.662210873328149 ], [ 451606.849582275433931, 5008376.688437514007092 ], [ 451571.409189777623396, 5008393.592637605033815 ], [ 451536.902064582274761, 5008412.328477907925844 ], [ 451503.422788320982363, 5008432.844604786485434 ], [ 451471.063125362910796, 5008455.084784965030849 ], [ 451439.911771294893697, 5008478.988059652969241 ], [ 451410.054109813121613, 5008504.48891163803637 ], [ 451381.571978692372795, 5008531.51744485553354 ], [ 451354.543445474235341, 5008559.999575977213681 ], [ 451329.042593489575665, 5008589.857237458229065 ], [ 451305.139318801055197, 5008621.008591526187956 ], [ 451282.899138623208273, 5008653.368254484608769 ], [ 451262.383011743950192, 5008686.847530745901167 ], [ 451243.647171440999955, 5008721.354655941016972 ], [ 451226.742971350322478, 5008756.795048438943923 ], [ 451211.716744709352497, 5008793.071568586863577 ], [ 451198.609677360916976, 5008830.084784965030849 ], [ 451187.457694865472149, 5008867.733246918767691 ], [ 451178.291364031902049, 5008905.913762632757425 ], [ 451171.135809135914315, 5008944.521681965328753 ], [ 451166.010643056069966, 5008983.45118329487741 ], [ 451162.929913516330998, 5009022.595563563518226 ], [ 451161.902064582274761, 5009061.847530745901167 ], [ 451162.929913516330998, 5009101.099497928284109 ], [ 451166.010643056069966, 5009140.243878196924925 ], [ 451171.135809135914315, 5009179.173379526473582 ], [ 451178.291364031902049, 5009217.781298859044909 ], [ 451187.457694865472149, 5009255.961814573034644 ], [ 451198.609677360916976, 5009293.610276526771486 ], [ 451211.716744709352497, 5009330.623492904938757 ], [ 451226.742971350322478, 5009366.900013052858412 ], [ 451243.647171440999955, 5009402.340405550785363 ], [ 451262.383011743950192, 5009436.847530745901167 ], [ 451282.899138623208273, 5009470.326807007193565 ], [ 451305.139318801055197, 5009502.686469965614378 ], [ 451329.042593489517458, 5009533.83782403357327 ], [ 451354.543445474235341, 5009563.695485514588654 ], [ 451381.571978692372795, 5009592.177616636268795 ], [ 451410.054109813121613, 5009619.206149853765965 ], [ 451439.911771294893697, 5009644.707001838833094 ], [ 451471.063125362910796, 5009668.610276526771486 ], [ 451503.422788320982363, 5009690.850456705316901 ], [ 451536.902064582274761, 5009711.366583583876491 ], [ 451571.409189777623396, 5009730.10242388676852 ], [ 451606.849582275433931, 5009747.006623977795243 ], [ 451643.126102423295379, 5009762.032850618474185 ], [ 451680.139318801055197, 5009775.139917966909707 ], [ 451717.787780755374115, 5009786.291900462470949 ], [ 451755.968296468956396, 5009795.458231296390295 ], [ 451794.5762158021098, 5009802.61378619261086 ], [ 451833.505717131542042, 5009807.738952272571623 ], [ 451872.650097400066443, 5009810.819681812077761 ], [ 451911.902064582274761, 5009811.847530745901167 ], [ 451951.154031764483079, 5009810.819681812077761 ], [ 451990.29841203300748, 5009807.738952272571623 ], [ 452029.227913362439722, 5009802.61378619261086 ], [ 452067.835832695593126, 5009795.458231296390295 ], [ 452106.016348409175407, 5009786.291900462470949 ], [ 452143.664810363494325, 5009775.139917966909707 ], [ 452180.678026741254143, 5009762.032850618474185 ], [ 452216.954546889115591, 5009747.006623977795243 ], [ 452252.394939386926126, 5009730.10242388676852 ], [ 452286.902064582274761, 5009711.366583583876491 ], [ 452320.381340843567159, 5009690.850456705316901 ], [ 452352.741003801638726, 5009668.610276526771486 ], [ 452383.892357869655825, 5009644.707001838833094 ], [ 452413.750019351427909, 5009619.206149853765965 ], [ 452442.232150472176727, 5009592.177616636268795 ], [ 452469.260683690314181, 5009563.695485514588654 ], [ 452494.761535674973857, 5009533.83782403357327 ], [ 452518.664810363494325, 5009502.686469965614378 ], [ 452540.904990541341249, 5009470.326807007193565 ], [ 452561.42111742059933, 5009436.847530745901167 ], [ 452580.156957723549567, 5009402.340405550785363 ], [ 452597.061157814227045, 5009366.900013052858412 ], [ 452612.087384455197025, 5009330.623492904938757 ], [ 452625.194451803632546, 5009293.610276526771486 ], [ 452636.346434299077373, 5009255.961814573034644 ], [ 452645.512765132647473, 5009217.781298859044909 ], [ 452652.668320028635208, 5009179.173379526473582 ], [ 452657.793486108479556, 5009140.243878196924925 ], [ 452660.874215648218524, 5009101.099497928284109 ], [ 452661.902064582274761, 5009061.847530745901167 ] ] ] } },
{ "type": "Feature", "properties": { "site": 2, "transect": 2.2 }, "geometry": { "type": "Polygon", "coordinates": [ [ [ 452763.959195427480154, 5009122.519772339612246 ], [ 452762.931346493423916, 5009083.267805157229304 ], [ 452759.850616953684948, 5009044.123424888588488 ], [ 452754.7254508738406, 5009005.193923559039831 ], [ 452747.569895977852866, 5008966.586004226468503 ], [ 452738.403565144282766, 5008928.405488512478769 ], [ 452727.251582648837939, 5008890.757026558741927 ], [ 452714.144515300402418, 5008853.743810180574656 ], [ 452699.118288659432437, 5008817.467290032655001 ], [ 452682.21408856875496, 5008782.02689753472805 ], [ 452663.478248265804723, 5008747.519772339612246 ], [ 452642.962121386546642, 5008714.040496078319848 ], [ 452620.721941208699718, 5008681.680833119899035 ], [ 452596.818666520179249, 5008650.529479051940143 ], [ 452571.317814535519574, 5008620.671817570924759 ], [ 452544.28928131738212, 5008592.189686449244618 ], [ 452515.807150196633302, 5008565.161153231747448 ], [ 452485.949488714861218, 5008539.660301246680319 ], [ 452454.798134646844119, 5008515.757026558741927 ], [ 452422.438471688772552, 5008493.516846380196512 ], [ 452388.959195427480154, 5008473.000719501636922 ], [ 452354.452070232131518, 5008454.264879198744893 ], [ 452319.011677734320983, 5008437.36067910771817 ], [ 452282.735157586459536, 5008422.334452467039227 ], [ 452245.721941208699718, 5008409.227385118603706 ], [ 452208.0734792543808, 5008398.075402623042464 ], [ 452169.892963540798519, 5008388.909071789123118 ], [ 452131.285044207645115, 5008381.753516892902553 ], [ 452092.355542878212873, 5008376.62835081294179 ], [ 452053.211162609688472, 5008373.547621273435652 ], [ 452013.959195427480154, 5008372.519772339612246 ], [ 451974.707228245271835, 5008373.547621273435652 ], [ 451935.562847976747435, 5008376.62835081294179 ], [ 451896.633346647315193, 5008381.753516892902553 ], [ 451858.025427314161789, 5008388.909071789123118 ], [ 451819.844911600579508, 5008398.075402623042464 ], [ 451782.196449646260589, 5008409.227385118603706 ], [ 451745.183233268500771, 5008422.334452467039227 ], [ 451708.906713120639324, 5008437.36067910771817 ], [ 451673.466320622828789, 5008454.264879198744893 ], [ 451638.959195427480154, 5008473.000719501636922 ], [ 451605.479919166187756, 5008493.516846380196512 ], [ 451573.120256208116189, 5008515.757026558741927 ], [ 451541.96890214009909, 5008539.660301246680319 ], [ 451512.111240658327006, 5008565.161153231747448 ], [ 451483.629109537578188, 5008592.189686449244618 ], [ 451456.600576319440734, 5008620.671817570924759 ], [ 451431.099724334781058, 5008650.529479051940143 ], [ 451407.196449646260589, 5008681.680833119899035 ], [ 451384.956269468413666, 5008714.040496078319848 ], [ 451364.440142589155585, 5008747.519772339612246 ], [ 451345.704302286205348, 5008782.02689753472805 ], [ 451328.80010219552787, 5008817.467290032655001 ], [ 451313.77387555455789, 5008853.743810180574656 ], [ 451300.666808206122369, 5008890.757026558741927 ], [ 451289.514825710677542, 5008928.405488512478769 ], [ 451280.348494877107441, 5008966.586004226468503 ], [ 451273.192939981119707, 5009005.193923559039831 ], [ 451268.067773901275359, 5009044.123424888588488 ], [ 451264.987044361536391, 5009083.267805157229304 ], [ 451263.959195427480154, 5009122.519772339612246 ], [ 451264.987044361536391, 5009161.771739521995187 ], [ 451268.067773901275359, 5009200.916119790636003 ], [ 451273.192939981119707, 5009239.84562112018466 ], [ 451280.348494877107441, 5009278.453540452755988 ], [ 451289.514825710677542, 5009316.634056166745722 ], [ 451300.666808206122369, 5009354.282518120482564 ], [ 451313.77387555455789, 5009391.295734498649836 ], [ 451328.80010219552787, 5009427.57225464656949 ], [ 451345.704302286205348, 5009463.012647144496441 ], [ 451364.440142589155585, 5009497.519772339612246 ], [ 451384.956269468413666, 5009530.999048600904644 ], [ 451407.196449646260589, 5009563.358711559325457 ], [ 451431.09972433472285, 5009594.510065627284348 ], [ 451456.600576319440734, 5009624.367727108299732 ], [ 451483.629109537578188, 5009652.849858229979873 ], [ 451512.111240658327006, 5009679.878391447477043 ], [ 451541.96890214009909, 5009705.379243432544172 ], [ 451573.120256208116189, 5009729.282518120482564 ], [ 451605.479919166187756, 5009751.522698299027979 ], [ 451638.959195427480154, 5009772.038825177587569 ], [ 451673.466320622828789, 5009790.774665480479598 ], [ 451708.906713120639324, 5009807.678865571506321 ], [ 451745.183233268500771, 5009822.705092212185264 ], [ 451782.196449646260589, 5009835.812159560620785 ], [ 451819.844911600579508, 5009846.964142056182027 ], [ 451858.025427314161789, 5009856.130472890101373 ], [ 451896.633346647315193, 5009863.286027786321938 ], [ 451935.562847976747435, 5009868.411193866282701 ], [ 451974.707228245271835, 5009871.491923405788839 ], [ 452013.959195427480154, 5009872.519772339612246 ], [ 452053.211162609688472, 5009871.491923405788839 ], [ 452092.355542878212873, 5009868.411193866282701 ], [ 452131.285044207645115, 5009863.286027786321938 ], [ 452169.892963540798519, 5009856.130472890101373 ], [ 452208.0734792543808, 5009846.964142056182027 ], [ 452245.721941208699718, 5009835.812159560620785 ], [ 452282.735157586459536, 5009822.705092212185264 ], [ 452319.011677734320983, 5009807.678865571506321 ], [ 452354.452070232131518, 5009790.774665480479598 ], [ 452388.959195427480154, 5009772.038825177587569 ], [ 452422.438471688772552, 5009751.522698299027979 ], [ 452454.798134646844119, 5009729.282518120482564 ], [ 452485.949488714861218, 5009705.379243432544172 ], [ 452515.807150196633302, 5009679.878391447477043 ], [ 452544.28928131738212, 5009652.849858229979873 ], [ 452571.317814535519574, 5009624.367727108299732 ], [ 452596.818666520179249, 5009594.510065627284348 ], [ 452620.721941208699718, 5009563.358711559325457 ], [ 452642.962121386546642, 5009530.999048600904644 ], [ 452663.478248265804723, 5009497.519772339612246 ], [ 452682.21408856875496, 5009463.012647144496441 ], [ 452699.118288659432437, 5009427.57225464656949 ], [ 452714.144515300402418, 5009391.295734498649836 ], [ 452727.251582648837939, 5009354.282518120482564 ], [ 452738.403565144282766, 5009316.634056166745722 ], [ 452747.569895977852866, 5009278.453540452755988 ], [ 452754.7254508738406, 5009239.84562112018466 ], [ 452759.850616953684948, 5009200.916119790636003 ], [ 452762.931346493423916, 5009161.771739521995187 ], [ 452763.959195427480154, 5009122.519772339612246 ] ] ] } },
{ "type": "Feature", "properties": { "site": 2, "transect": 2.3 }, "geometry": { "type": "Polygon", "coordinates": [ [ [ 452583.344839826633688, 5009019.833772604353726 ], [ 452582.316990892577451, 5008980.581805421970785 ], [ 452579.236261352838483, 5008941.437425153329968 ], [ 452574.111095272994135, 5008902.507923823781312 ], [ 452566.9555403770064, 5008863.900004491209984 ], [ 452557.7892095434363, 5008825.719488777220249 ], [ 452546.637227047991473, 5008788.071026823483407 ], [ 452533.530159699555952, 5008751.057810445316136 ], [ 452518.503933058585972, 5008714.781290297396481 ], [ 452501.599732967908494, 5008679.340897799469531 ], [ 452482.863892664958257, 5008644.833772604353726 ], [ 452462.347765785700176, 5008611.354496343061328 ], [ 452440.107585607853252, 5008578.994833384640515 ], [ 452416.204310919390991, 5008547.843479316681623 ], [ 452390.703458934673108, 5008517.985817835666239 ], [ 452363.674925716535654, 5008489.503686713986099 ], [ 452335.192794595786836, 5008462.475153496488929 ], [ 452305.335133114014752, 5008436.9743015114218 ], [ 452274.183779045997653, 5008413.071026823483407 ], [ 452241.824116087926086, 5008390.830846644937992 ], [ 452208.344839826633688, 5008370.314719766378403 ], [ 452173.837714631285053, 5008351.578879463486373 ], [ 452138.397322133474518, 5008334.67467937245965 ], [ 452102.12080198561307, 5008319.648452731780708 ], [ 452065.107585607853252, 5008306.541385383345187 ], [ 452027.459123653534334, 5008295.389402887783945 ], [ 451989.278607939952053, 5008286.223072053864598 ], [ 451950.670688606798649, 5008279.067517157644033 ], [ 451911.741187277366407, 5008273.94235107768327 ], [ 451872.596807008842006, 5008270.861621538177133 ], [ 451833.344839826633688, 5008269.833772604353726 ], [ 451794.09287264442537, 5008270.861621538177133 ], [ 451754.948492375900969, 5008273.94235107768327 ], [ 451716.018991046468727, 5008279.067517157644033 ], [ 451677.411071713315323, 5008286.223072053864598 ], [ 451639.230555999733042, 5008295.389402887783945 ], [ 451601.582094045414124, 5008306.541385383345187 ], [ 451564.568877667654306, 5008319.648452731780708 ], [ 451528.292357519792859, 5008334.67467937245965 ], [ 451492.851965021982323, 5008351.578879463486373 ], [ 451458.344839826633688, 5008370.314719766378403 ], [ 451424.86556356534129, 5008390.830846644937992 ], [ 451392.505900607269723, 5008413.071026823483407 ], [ 451361.354546539252624, 5008436.9743015114218 ], [ 451331.49688505748054, 5008462.475153496488929 ], [ 451303.014753936731722, 5008489.503686713986099 ], [ 451275.986220718594268, 5008517.985817835666239 ], [ 451250.485368733934592, 5008547.843479316681623 ], [ 451226.582094045414124, 5008578.994833384640515 ], [ 451204.3419138675672, 5008611.354496343061328 ], [ 451183.825786988309119, 5008644.833772604353726 ], [ 451165.089946685358882, 5008679.340897799469531 ], [ 451148.185746594681405, 5008714.781290297396481 ], [ 451133.159519953711424, 5008751.057810445316136 ], [ 451120.052452605275903, 5008788.071026823483407 ], [ 451108.900470109831076, 5008825.719488777220249 ], [ 451099.734139276260976, 5008863.900004491209984 ], [ 451092.578584380273242, 5008902.507923823781312 ], [ 451087.453418300428893, 5008941.437425153329968 ], [ 451084.372688760689925, 5008980.581805421970785 ], [ 451083.344839826633688, 5009019.833772604353726 ], [ 451084.372688760689925, 5009059.085739786736667 ], [ 451087.453418300428893, 5009098.230120055377483 ], [ 451092.578584380273242, 5009137.15962138492614 ], [ 451099.734139276260976, 5009175.767540717497468 ], [ 451108.900470109831076, 5009213.948056431487203 ], [ 451120.052452605275903, 5009251.596518385224044 ], [ 451133.159519953711424, 5009288.609734763391316 ], [ 451148.185746594681405, 5009324.886254911310971 ], [ 451165.089946685358882, 5009360.326647409237921 ], [ 451183.825786988309119, 5009394.833772604353726 ], [ 451204.3419138675672, 5009428.313048865646124 ], [ 451226.582094045414124, 5009460.672711824066937 ], [ 451250.485368733876385, 5009491.824065892025828 ], [ 451275.986220718594268, 5009521.681727373041213 ], [ 451303.014753936731722, 5009550.163858494721353 ], [ 451331.49688505748054, 5009577.192391712218523 ], [ 451361.354546539252624, 5009602.693243697285652 ], [ 451392.505900607269723, 5009626.596518385224044 ], [ 451424.86556356534129, 5009648.83669856376946 ], [ 451458.344839826633688, 5009669.352825442329049 ], [ 451492.851965021982323, 5009688.088665745221078 ], [ 451528.292357519792859, 5009704.992865836247802 ], [ 451564.568877667654306, 5009720.019092476926744 ], [ 451601.582094045414124, 5009733.126159825362265 ], [ 451639.230555999733042, 5009744.278142320923507 ], [ 451677.411071713315323, 5009753.444473154842854 ], [ 451716.018991046468727, 5009760.600028051063418 ], [ 451754.948492375900969, 5009765.725194131024182 ], [ 451794.09287264442537, 5009768.805923670530319 ], [ 451833.344839826633688, 5009769.833772604353726 ], [ 451872.596807008842006, 5009768.805923670530319 ], [ 451911.741187277366407, 5009765.725194131024182 ], [ 451950.670688606798649, 5009760.600028051063418 ], [ 451989.278607939952053, 5009753.444473154842854 ], [ 452027.459123653534334, 5009744.278142320923507 ], [ 452065.107585607853252, 5009733.126159825362265 ], [ 452102.12080198561307, 5009720.019092476926744 ], [ 452138.397322133474518, 5009704.992865836247802 ], [ 452173.837714631285053, 5009688.088665745221078 ], [ 452208.344839826633688, 5009669.352825442329049 ], [ 452241.824116087926086, 5009648.83669856376946 ], [ 452274.183779045997653, 5009626.596518385224044 ], [ 452305.335133114014752, 5009602.693243697285652 ], [ 452335.192794595786836, 5009577.192391712218523 ], [ 452363.674925716535654, 5009550.163858494721353 ], [ 452390.703458934673108, 5009521.681727373041213 ], [ 452416.204310919332784, 5009491.824065892025828 ], [ 452440.107585607853252, 5009460.672711824066937 ], [ 452462.347765785700176, 5009428.313048865646124 ], [ 452482.863892664958257, 5009394.833772604353726 ], [ 452501.599732967908494, 5009360.326647409237921 ], [ 452518.503933058585972, 5009324.886254911310971 ], [ 452533.530159699555952, 5009288.609734763391316 ], [ 452546.637227047991473, 5009251.596518385224044 ], [ 452557.7892095434363, 5009213.948056431487203 ], [ 452566.9555403770064, 5009175.767540717497468 ], [ 452574.111095272994135, 5009137.15962138492614 ], [ 452579.236261352838483, 5009098.230120055377483 ], [ 452582.316990892577451, 5009059.085739786736667 ], [ 452583.344839826633688, 5009019.833772604353726 ] ] ] } },
{ "type": "Feature", "properties": { "site": 2, "transect": 2.4 }, "geometry": { "type": "Polygon", "coordinates": [ [ [ 452748.049805355840363, 5009102.614861198700964 ], [ 452747.021956421784125, 5009063.362894016318023 ], [ 452743.941226882045157, 5009024.218513747677207 ], [ 452738.816060802200809, 5008985.28901241812855 ], [ 452731.660505906213075, 5008946.681093085557222 ], [ 452722.494175072642975, 5008908.500577371567488 ], [ 452711.342192577198148, 5008870.852115417830646 ], [ 452698.235125228762627, 5008833.838899039663374 ], [ 452683.208898587792646, 5008797.56237889174372 ], [ 452666.304698497115169, 5008762.121986393816769 ], [ 452647.568858194164932, 5008727.614861198700964 ], [ 452627.05273131490685, 5008694.135584937408566 ], [ 452604.812551137059927, 5008661.775921978987753 ], [ 452580.909276448539458, 5008630.624567911028862 ], [ 452555.408424463879783, 5008600.766906430013478 ], [ 452528.379891245742328, 5008572.284775308333337 ], [ 452499.897760124993511, 5008545.256242090836167 ], [ 452470.040098643221427, 5008519.755390105769038 ], [ 452438.888744575204328, 5008495.852115417830646 ], [ 452406.529081617132761, 5008473.611935239285231 ], [ 452373.049805355840363, 5008453.095808360725641 ], [ 452338.542680160491727, 5008434.359968057833612 ], [ 452303.102287662681192, 5008417.455767966806889 ], [ 452266.825767514819745, 5008402.429541326127946 ], [ 452229.812551137059927, 5008389.322473977692425 ], [ 452192.164089182741009, 5008378.170491482131183 ], [ 452153.983573469158728, 5008369.004160648211837 ], [ 452115.375654136005323, 5008361.848605751991272 ], [ 452076.446152806573082, 5008356.723439672030509 ], [ 452037.301772538048681, 5008353.642710132524371 ], [ 451998.049805355840363, 5008352.614861198700964 ], [ 451958.797838173632044, 5008353.642710132524371 ], [ 451919.653457905107643, 5008356.723439672030509 ], [ 451880.723956575675402, 5008361.848605751991272 ], [ 451842.116037242521998, 5008369.004160648211837 ], [ 451803.935521528939717, 5008378.170491482131183 ], [ 451766.287059574620798, 5008389.322473977692425 ], [ 451729.27384319686098, 5008402.429541326127946 ], [ 451692.997323048999533, 5008417.455767966806889 ], [ 451657.556930551188998, 5008434.359968057833612 ], [ 451623.049805355840363, 5008453.095808360725641 ], [ 451589.570529094547965, 5008473.611935239285231 ], [ 451557.210866136476398, 5008495.852115417830646 ], [ 451526.059512068459298, 5008519.755390105769038 ], [ 451496.201850586687215, 5008545.256242090836167 ], [ 451467.719719465938397, 5008572.284775308333337 ], [ 451440.691186247800943, 5008600.766906430013478 ], [ 451415.190334263141267, 5008630.624567911028862 ], [ 451391.287059574620798, 5008661.775921978987753 ], [ 451369.046879396773875, 5008694.135584937408566 ], [ 451348.530752517515793, 5008727.614861198700964 ], [ 451329.794912214565556, 5008762.121986393816769 ], [ 451312.890712123888079, 5008797.56237889174372 ], [ 451297.864485482918099, 5008833.838899039663374 ], [ 451284.757418134482577, 5008870.852115417830646 ], [ 451273.605435639037751, 5008908.500577371567488 ], [ 451264.43910480546765, 5008946.681093085557222 ], [ 451257.283549909479916, 5008985.28901241812855 ], [ 451252.158383829635568, 5009024.218513747677207 ], [ 451249.0776542898966, 5009063.362894016318023 ], [ 451248.049805355840363, 5009102.614861198700964 ], [ 451249.0776542898966, 5009141.866828381083906 ], [ 451252.158383829635568, 5009181.011208649724722 ], [ 451257.283549909479916, 5009219.940709979273379 ], [ 451264.43910480546765, 5009258.548629311844707 ], [ 451273.605435639037751, 5009296.729145025834441 ], [ 451284.757418134482577, 5009334.377606979571283 ], [ 451297.864485482918099, 5009371.390823357738554 ], [ 451312.890712123888079, 5009407.667343505658209 ], [ 451329.794912214565556, 5009443.10773600358516 ], [ 451348.530752517515793, 5009477.614861198700964 ], [ 451369.046879396773875, 5009511.094137459993362 ], [ 451391.287059574620798, 5009543.453800418414176 ], [ 451415.190334263083059, 5009574.605154486373067 ], [ 451440.691186247800943, 5009604.462815967388451 ], [ 451467.719719465938397, 5009632.944947089068592 ], [ 451496.201850586687215, 5009659.973480306565762 ], [ 451526.059512068459298, 5009685.474332291632891 ], [ 451557.210866136476398, 5009709.377606979571283 ], [ 451589.570529094547965, 5009731.617787158116698 ], [ 451623.049805355840363, 5009752.133914036676288 ], [ 451657.556930551188998, 5009770.869754339568317 ], [ 451692.997323048999533, 5009787.77395443059504 ], [ 451729.27384319686098, 5009802.800181071273983 ], [ 451766.287059574620798, 5009815.907248419709504 ], [ 451803.935521528939717, 5009827.059230915270746 ], [ 451842.116037242521998, 5009836.225561749190092 ], [ 451880.723956575675402, 5009843.381116645410657 ], [ 451919.653457905107643, 5009848.50628272537142 ], [ 451958.797838173632044, 5009851.587012264877558 ], [ 451998.049805355840363, 5009852.614861198700964 ], [ 452037.301772538048681, 5009851.587012264877558 ], [ 452076.446152806573082, 5009848.50628272537142 ], [ 452115.375654136005323, 5009843.381116645410657 ], [ 452153.983573469158728, 5009836.225561749190092 ], [ 452192.164089182741009, 5009827.059230915270746 ], [ 452229.812551137059927, 5009815.907248419709504 ], [ 452266.825767514819745, 5009802.800181071273983 ], [ 452303.102287662681192, 5009787.77395443059504 ], [ 452338.542680160491727, 5009770.869754339568317 ], [ 452373.049805355840363, 5009752.133914036676288 ], [ 452406.529081617132761, 5009731.617787158116698 ], [ 452438.888744575204328, 5009709.377606979571283 ], [ 452470.040098643221427, 5009685.474332291632891 ], [ 452499.897760124993511, 5009659.973480306565762 ], [ 452528.379891245742328, 5009632.944947089068592 ], [ 452555.408424463879783, 5009604.462815967388451 ], [ 452580.909276448539458, 5009574.605154486373067 ], [ 452604.812551137059927, 5009543.453800418414176 ], [ 452627.05273131490685, 5009511.094137459993362 ], [ 452647.568858194164932, 5009477.614861198700964 ], [ 452666.304698497115169, 5009443.10773600358516 ], [ 452683.208898587792646, 5009407.667343505658209 ], [ 452698.235125228762627, 5009371.390823357738554 ], [ 452711.342192577198148, 5009334.377606979571283 ], [ 452722.494175072642975, 5009296.729145025834441 ], [ 452731.660505906213075, 5009258.548629311844707 ], [ 452738.816060802200809, 5009219.940709979273379 ], [ 452743.941226882045157, 5009181.011208649724722 ], [ 452747.021956421784125, 5009141.866828381083906 ], [ 452748.049805355840363, 5009102.614861198700964 ] ] ] } },
{ "type": "Feature", "properties": { "site": 2, "transect": 2.5 }, "geometry": { "type": "Polygon", "coordinates": [ [ [ 452645.440706346649677, 5009066.694197344593704 ], [ 452644.412857412593439, 5009027.442230162210763 ], [ 452641.332127872854471, 5008988.297849893569946 ], [ 452636.206961793010123, 5008949.368348564021289 ], [ 452629.051406897022389, 5008910.760429231449962 ], [ 452619.885076063452289, 5008872.579913517460227 ], [ 452608.733093568007462, 5008834.931451563723385 ], [ 452595.626026219571941, 5008797.918235185556114 ], [ 452580.59979957860196, 5008761.641715037636459 ], [ 452563.695599487924483, 5008726.201322539709508 ], [ 452544.959759184974246, 5008691.694197344593704 ], [ 452524.443632305716164, 5008658.214921083301306 ], [ 452502.203452127869241, 5008625.855258124880493 ], [ 452478.300177439348772, 5008594.703904056921601 ], [ 452452.799325454689097, 5008564.846242575906217 ], [ 452425.770792236551642, 5008536.364111454226077 ], [ 452397.288661115802824, 5008509.335578236728907 ], [ 452367.430999634030741, 5008483.834726251661777 ], [ 452336.279645566013642, 5008459.931451563723385 ], [ 452303.919982607942075, 5008437.69127138517797 ], [ 452270.440706346649677, 5008417.175144506618381 ], [ 452235.933581151301041, 5008398.439304203726351 ], [ 452200.493188653490506, 5008381.535104112699628 ], [ 452164.216668505629059, 5008366.508877472020686 ], [ 452127.203452127869241, 5008353.401810123585165 ], [ 452089.554990173550323, 5008342.249827628023922 ], [ 452051.374474459968042, 5008333.083496794104576 ], [ 452012.766555126814637, 5008325.927941897884011 ], [ 451973.837053797382396, 5008320.802775817923248 ], [ 451934.692673528857995, 5008317.72204627841711 ], [ 451895.440706346649677, 5008316.694197344593704 ], [ 451856.188739164441358, 5008317.72204627841711 ], [ 451817.044358895916957, 5008320.802775817923248 ], [ 451778.114857566484716, 5008325.927941897884011 ], [ 451739.506938233331311, 5008333.083496794104576 ], [ 451701.32642251974903, 5008342.249827628023922 ], [ 451663.677960565430112, 5008353.401810123585165 ], [ 451626.664744187670294, 5008366.508877472020686 ], [ 451590.388224039808847, 5008381.535104112699628 ], [ 451554.947831541998312, 5008398.439304203726351 ], [ 451520.440706346649677, 5008417.175144506618381 ], [ 451486.961430085357279, 5008437.69127138517797 ], [ 451454.601767127285711, 5008459.931451563723385 ], [ 451423.450413059268612, 5008483.834726251661777 ], [ 451393.592751577496529, 5008509.335578236728907 ], [ 451365.110620456747711, 5008536.364111454226077 ], [ 451338.082087238610256, 5008564.846242575906217 ], [ 451312.581235253950581, 5008594.703904056921601 ], [ 451288.677960565430112, 5008625.855258124880493 ], [ 451266.437780387583189, 5008658.214921083301306 ], [ 451245.921653508325107, 5008691.694197344593704 ], [ 451227.18581320537487, 5008726.201322539709508 ], [ 451210.281613114697393, 5008761.641715037636459 ], [ 451195.255386473727413, 5008797.918235185556114 ], [ 451182.148319125291891, 5008834.931451563723385 ], [ 451170.996336629847065, 5008872.579913517460227 ], [ 451161.830005796276964, 5008910.760429231449962 ], [ 451154.67445090028923, 5008949.368348564021289 ], [ 451149.549284820444882, 5008988.297849893569946 ], [ 451146.468555280705914, 5009027.442230162210763 ], [ 451145.440706346649677, 5009066.694197344593704 ], [ 451146.468555280705914, 5009105.946164526976645 ], [ 451149.549284820444882, 5009145.090544795617461 ], [ 451154.67445090028923, 5009184.020046125166118 ], [ 451161.830005796276964, 5009222.627965457737446 ], [ 451170.996336629847065, 5009260.80848117172718 ], [ 451182.148319125291891, 5009298.456943125464022 ], [ 451195.255386473727413, 5009335.470159503631294 ], [ 451210.281613114697393, 5009371.746679651550949 ], [ 451227.18581320537487, 5009407.187072149477899 ], [ 451245.921653508325107, 5009441.694197344593704 ], [ 451266.437780387583189, 5009475.173473605886102 ], [ 451288.677960565430112, 5009507.533136564306915 ], [ 451312.581235253892373, 5009538.684490632265806 ], [ 451338.082087238610256, 5009568.54215211328119 ], [ 451365.110620456747711, 5009597.024283234961331 ], [ 451393.592751577496529, 5009624.052816452458501 ], [ 451423.450413059268612, 5009649.55366843752563 ], [ 451454.601767127285711, 5009673.456943125464022 ], [ 451486.961430085357279, 5009695.697123304009438 ], [ 451520.440706346649677, 5009716.213250182569027 ], [ 451554.947831541998312, 5009734.949090485461056 ], [ 451590.388224039808847, 5009751.85329057648778 ], [ 451626.664744187670294, 5009766.879517217166722 ], [ 451663.677960565430112, 5009779.986584565602243 ], [ 451701.32642251974903, 5009791.138567061163485 ], [ 451739.506938233331311, 5009800.304897895082831 ], [ 451778.114857566484716, 5009807.460452791303396 ], [ 451817.044358895916957, 5009812.58561887126416 ], [ 451856.188739164441358, 5009815.666348410770297 ], [ 451895.440706346649677, 5009816.694197344593704 ], [ 451934.692673528857995, 5009815.666348410770297 ], [ 451973.837053797382396, 5009812.58561887126416 ], [ 452012.766555126814637, 5009807.460452791303396 ], [ 452051.374474459968042, 5009800.304897895082831 ], [ 452089.554990173550323, 5009791.138567061163485 ], [ 452127.203452127869241, 5009779.986584565602243 ], [ 452164.216668505629059, 5009766.879517217166722 ], [ 452200.493188653490506, 5009751.85329057648778 ], [ 452235.933581151301041, 5009734.949090485461056 ], [ 452270.440706346649677, 5009716.213250182569027 ], [ 452303.919982607942075, 5009695.697123304009438 ], [ 452336.279645566013642, 5009673.456943125464022 ], [ 452367.430999634030741, 5009649.55366843752563 ], [ 452397.288661115802824, 5009624.052816452458501 ], [ 452425.770792236551642, 5009597.024283234961331 ], [ 452452.799325454689097, 5009568.54215211328119 ], [ 452478.300177439348772, 5009538.684490632265806 ], [ 452502.203452127869241, 5009507.533136564306915 ], [ 452524.443632305716164, 5009475.173473605886102 ], [ 452544.959759184974246, 5009441.694197344593704 ], [ 452563.695599487924483, 5009407.187072149477899 ], [ 452580.59979957860196, 5009371.746679651550949 ], [ 452595.626026219571941, 5009335.470159503631294 ], [ 452608.733093568007462, 5009298.456943125464022 ], [ 452619.885076063452289, 5009260.80848117172718 ], [ 452629.051406897022389, 5009222.627965457737446 ], [ 452636.206961793010123, 5009184.020046125166118 ], [ 452641.332127872854471, 5009145.090544795617461 ], [ 452644.412857412593439, 5009105.946164526976645 ], [ 452645.440706346649677, 5009066.694197344593704 ] ] ] } },
{ "type": "Feature", "properties": { "site": 2, "transect": 2.6 }, "geometry": { "type": "Polygon", "coordinates": [ [ [ 452650.577675518463366, 5009069.173785045742989 ], [ 452649.549826584407128, 5009029.921817863360047 ], [ 452646.46909704466816, 5008990.777437594719231 ], [ 452641.343930964823812, 5008951.847936265170574 ], [ 452634.188376068836078, 5008913.240016932599247 ], [ 452625.022045235265978, 5008875.059501218609512 ], [ 452613.870062739821151, 5008837.41103926487267 ], [ 452600.76299539138563, 5008800.397822886705399 ], [ 452585.736768750415649, 5008764.121302738785744 ], [ 452568.832568659738172, 5008728.680910240858793 ], [ 452550.096728356787935, 5008694.173785045742989 ], [ 452529.580601477529854, 5008660.694508784450591 ], [ 452507.34042129968293, 5008628.334845826029778 ], [ 452483.437146611162461, 5008597.183491758070886 ], [ 452457.936294626502786, 5008567.325830277055502 ], [ 452430.907761408365332, 5008538.843699155375361 ], [ 452402.425630287616514, 5008511.815165937878191 ], [ 452372.56796880584443, 5008486.314313952811062 ], [ 452341.416614737827331, 5008462.41103926487267 ], [ 452309.056951779755764, 5008440.170859086327255 ], [ 452275.577675518463366, 5008419.654732207767665 ], [ 452241.07055032311473, 5008400.918891904875636 ], [ 452205.630157825304195, 5008384.014691813848913 ], [ 452169.353637677442748, 5008368.988465173169971 ], [ 452132.34042129968293, 5008355.881397824734449 ], [ 452094.691959345364012, 5008344.729415329173207 ], [ 452056.511443631781731, 5008335.563084495253861 ], [ 452017.903524298628327, 5008328.407529599033296 ], [ 451978.974022969196085, 5008323.282363519072533 ], [ 451939.829642700671684, 5008320.201633979566395 ], [ 451900.577675518463366, 5008319.173785045742989 ], [ 451861.325708336255047, 5008320.201633979566395 ], [ 451822.181328067730647, 5008323.282363519072533 ], [ 451783.251826738298405, 5008328.407529599033296 ], [ 451744.643907405145001, 5008335.563084495253861 ], [ 451706.46339169156272, 5008344.729415329173207 ], [ 451668.814929737243801, 5008355.881397824734449 ], [ 451631.801713359483983, 5008368.988465173169971 ], [ 451595.525193211622536, 5008384.014691813848913 ], [ 451560.084800713812001, 5008400.918891904875636 ], [ 451525.577675518463366, 5008419.654732207767665 ], [ 451492.098399257170968, 5008440.170859086327255 ], [ 451459.738736299099401, 5008462.41103926487267 ], [ 451428.587382231082302, 5008486.314313952811062 ], [ 451398.729720749310218, 5008511.815165937878191 ], [ 451370.2475896285614, 5008538.843699155375361 ], [ 451343.219056410423946, 5008567.325830277055502 ], [ 451317.71820442576427, 5008597.183491758070886 ], [ 451293.814929737243801, 5008628.334845826029778 ], [ 451271.574749559396878, 5008660.694508784450591 ], [ 451251.058622680138797, 5008694.173785045742989 ], [ 451232.32278237718856, 5008728.680910240858793 ], [ 451215.418582286511082, 5008764.121302738785744 ], [ 451200.392355645541102, 5008800.397822886705399 ], [ 451187.285288297105581, 5008837.41103926487267 ], [ 451176.133305801660754, 5008875.059501218609512 ], [ 451166.966974968090653, 5008913.240016932599247 ], [ 451159.811420072102919, 5008951.847936265170574 ], [ 451154.686253992258571, 5008990.777437594719231 ], [ 451151.605524452519603, 5009029.921817863360047 ], [ 451150.577675518463366, 5009069.173785045742989 ], [ 451151.605524452519603, 5009108.42575222812593 ], [ 451154.686253992258571, 5009147.570132496766746 ], [ 451159.811420072102919, 5009186.499633826315403 ], [ 451166.966974968090653, 5009225.107553158886731 ], [ 451176.133305801660754, 5009263.288068872876465 ], [ 451187.285288297105581, 5009300.936530826613307 ], [ 451200.392355645541102, 5009337.949747204780579 ], [ 451215.418582286511082, 5009374.226267352700233 ], [ 451232.32278237718856, 5009409.666659850627184 ], [ 451251.058622680138797, 5009444.173785045742989 ], [ 451271.574749559396878, 5009477.653061307035387 ], [ 451293.814929737243801, 5009510.0127242654562 ], [ 451317.718204425706062, 5009541.164078333415091 ], [ 451343.219056410423946, 5009571.021739814430475 ], [ 451370.2475896285614, 5009599.503870936110616 ], [ 451398.729720749310218, 5009626.532404153607786 ], [ 451428.587382231082302, 5009652.033256138674915 ], [ 451459.738736299099401, 5009675.936530826613307 ], [ 451492.098399257170968, 5009698.176711005158722 ], [ 451525.577675518463366, 5009718.692837883718312 ], [ 451560.084800713812001, 5009737.428678186610341 ], [ 451595.525193211622536, 5009754.332878277637064 ], [ 451631.801713359483983, 5009769.359104918316007 ], [ 451668.814929737243801, 5009782.466172266751528 ], [ 451706.46339169156272, 5009793.61815476231277 ], [ 451744.643907405145001, 5009802.784485596232116 ], [ 451783.251826738298405, 5009809.940040492452681 ], [ 451822.181328067730647, 5009815.065206572413445 ], [ 451861.325708336255047, 5009818.145936111919582 ], [ 451900.577675518463366, 5009819.173785045742989 ], [ 451939.829642700671684, 5009818.145936111919582 ], [ 451978.974022969196085, 5009815.065206572413445 ], [ 452017.903524298628327, 5009809.940040492452681 ], [ 452056.511443631781731, 5009802.784485596232116 ], [ 452094.691959345364012, 5009793.61815476231277 ], [ 452132.34042129968293, 5009782.466172266751528 ], [ 452169.353637677442748, 5009769.359104918316007 ], [ 452205.630157825304195, 5009754.332878277637064 ], [ 452241.07055032311473, 5009737.428678186610341 ], [ 452275.577675518463366, 5009718.692837883718312 ], [ 452309.056951779755764, 5009698.176711005158722 ], [ 452341.416614737827331, 5009675.936530826613307 ], [ 452372.56796880584443, 5009652.033256138674915 ], [ 452402.425630287616514, 5009626.532404153607786 ], [ 452430.907761408365332, 5009599.503870936110616 ], [ 452457.936294626502786, 5009571.021739814430475 ], [ 452483.437146611162461, 5009541.164078333415091 ], [ 452507.34042129968293, 5009510.0127242654562 ], [ 452529.580601477529854, 5009477.653061307035387 ], [ 452550.096728356787935, 5009444.173785045742989 ], [ 452568.832568659738172, 5009409.666659850627184 ], [ 452585.736768750415649, 5009374.226267352700233 ], [ 452600.76299539138563, 5009337.949747204780579 ], [ 452613.870062739821151, 5009300.936530826613307 ], [ 452625.022045235265978, 5009263.288068872876465 ], [ 452634.188376068836078, 5009225.107553158886731 ], [ 452641.343930964823812, 5009186.499633826315403 ], [ 452646.46909704466816, 5009147.570132496766746 ], [ 452649.549826584407128, 5009108.42575222812593 ], [ 452650.577675518463366, 5009069.173785045742989 ] ] ] } },
{ "type": "Feature", "properties": { "site": 3, "transect": 3.1 }, "geometry": { "type": "Polygon", "coordinates": [ [ [ 376577.785098933847621, 5040937.903013350442052 ], [ 376576.757249999791384, 5040898.651046168059111 ], [ 376573.676520460052416, 5040859.506665899418294 ], [ 376568.551354380208068, 5040820.577164569869637 ], [ 376561.395799484220333, 5040781.96924523729831 ], [ 376552.229468650650233, 5040743.788729523308575 ], [ 376541.077486155205406, 5040706.140267569571733 ], [ 376527.970418806769885, 5040669.127051191404462 ], [ 376512.944192165799905, 5040632.850531043484807 ], [ 376496.039992075122427, 5040597.410138545557857 ], [ 376477.30415177217219, 5040562.903013350442052 ], [ 376456.788024892914109, 5040529.423737089149654 ], [ 376434.547844715067185, 5040497.064074130728841 ], [ 376410.644570026546717, 5040465.912720062769949 ], [ 376385.143718041887041, 5040436.055058581754565 ], [ 376358.115184823749587, 5040407.572927460074425 ], [ 376329.633053703000769, 5040380.544394242577255 ], [ 376299.775392221228685, 5040355.043542257510126 ], [ 376268.624038153211586, 5040331.140267569571733 ], [ 376236.264375195140019, 5040308.900087391026318 ], [ 376202.785098933847621, 5040288.383960512466729 ], [ 376168.277973738498986, 5040269.648120209574699 ], [ 376132.837581240688451, 5040252.743920118547976 ], [ 376096.561061092827003, 5040237.717693477869034 ], [ 376059.547844715067185, 5040224.610626129433513 ], [ 376021.899382760748267, 5040213.458643633872271 ], [ 375983.718867047165986, 5040204.292312799952924 ], [ 375945.110947714012582, 5040197.136757903732359 ], [ 375906.18144638458034, 5040192.011591823771596 ], [ 375867.037066116055939, 5040188.930862284265459 ], [ 375827.785098933847621, 5040187.903013350442052 ], [ 375788.533131751639303, 5040188.930862284265459 ], [ 375749.388751483114902, 5040192.011591823771596 ], [ 375710.45925015368266, 5040197.136757903732359 ], [ 375671.851330820529256, 5040204.292312799952924 ], [ 375633.670815106946975, 5040213.458643633872271 ], [ 375596.022353152628057, 5040224.610626129433513 ], [ 375559.009136774868239, 5040237.717693477869034 ], [ 375522.732616627006792, 5040252.743920118547976 ], [ 375487.292224129196256, 5040269.648120209574699 ], [ 375452.785098933847621, 5040288.383960512466729 ], [ 375419.305822672555223, 5040308.900087391026318 ], [ 375386.946159714483656, 5040331.140267569571733 ], [ 375355.794805646466557, 5040355.043542257510126 ], [ 375325.937144164694473, 5040380.544394242577255 ], [ 375297.455013043945655, 5040407.572927460074425 ], [ 375270.426479825808201, 5040436.055058581754565 ], [ 375244.925627841148525, 5040465.912720062769949 ], [ 375221.022353152628057, 5040497.064074130728841 ], [ 375198.782172974781133, 5040529.423737089149654 ], [ 375178.266046095523052, 5040562.903013350442052 ], [ 375159.530205792572815, 5040597.410138545557857 ], [ 375142.626005701895338, 5040632.850531043484807 ], [ 375127.599779060925357, 5040669.127051191404462 ], [ 375114.492711712489836, 5040706.140267569571733 ], [ 375103.340729217045009, 5040743.788729523308575 ], [ 375094.174398383474909, 5040781.96924523729831 ], [ 375087.018843487487175, 5040820.577164569869637 ], [ 375081.893677407642826, 5040859.506665899418294 ], [ 375078.812947867903858, 5040898.651046168059111 ], [ 375077.785098933847621, 5040937.903013350442052 ], [ 375078.812947867903858, 5040977.154980532824993 ], [ 375081.893677407642826, 5041016.299360801465809 ], [ 375087.018843487487175, 5041055.228862131014466 ], [ 375094.174398383474909, 5041093.836781463585794 ], [ 375103.340729217045009, 5041132.017297177575529 ], [ 375114.492711712489836, 5041169.66575913131237 ], [ 375127.599779060925357, 5041206.678975509479642 ], [ 375142.626005701895338, 5041242.955495657399297 ], [ 375159.530205792572815, 5041278.395888155326247 ], [ 375178.266046095523052, 5041312.903013350442052 ], [ 375198.782172974781133, 5041346.38228961173445 ], [ 375221.022353152628057, 5041378.741952570155263 ], [ 375244.925627841090318, 5041409.893306638114154 ], [ 375270.426479825808201, 5041439.750968119129539 ], [ 375297.455013043945655, 5041468.233099240809679 ], [ 375325.937144164694473, 5041495.261632458306849 ], [ 375355.794805646466557, 5041520.762484443373978 ], [ 375386.946159714483656, 5041544.66575913131237 ], [ 375419.305822672555223, 5041566.905939309857786 ], [ 375452.785098933847621, 5041587.422066188417375 ], [ 375487.292224129196256, 5041606.157906491309404 ], [ 375522.732616627006792, 5041623.062106582336128 ], [ 375559.009136774868239, 5041638.08833322301507 ], [ 375596.022353152628057, 5041651.195400571450591 ], [ 375633.670815106946975, 5041662.347383067011833 ], [ 375671.851330820529256, 5041671.51371390093118 ], [ 375710.45925015368266, 5041678.669268797151744 ], [ 375749.388751483114902, 5041683.794434877112508 ], [ 375788.533131751639303, 5041686.875164416618645 ], [ 375827.785098933847621, 5041687.903013350442052 ], [ 375867.037066116055939, 5041686.875164416618645 ], [ 375906.18144638458034, 5041683.794434877112508 ], [ 375945.110947714012582, 5041678.669268797151744 ], [ 375983.718867047165986, 5041671.51371390093118 ], [ 376021.899382760748267, 5041662.347383067011833 ], [ 376059.547844715067185, 5041651.195400571450591 ], [ 376096.561061092827003, 5041638.08833322301507 ], [ 376132.837581240688451, 5041623.062106582336128 ], [ 376168.277973738498986, 5041606.157906491309404 ], [ 376202.785098933847621, 5041587.422066188417375 ], [ 376236.264375195140019, 5041566.905939309857786 ], [ 376268.624038153211586, 5041544.66575913131237 ], [ 376299.775392221228685, 5041520.762484443373978 ], [ 376329.633053703000769, 5041495.261632458306849 ], [ 376358.115184823749587, 5041468.233099240809679 ], [ 376385.143718041887041, 5041439.750968119129539 ], [ 376410.644570026546717, 5041409.893306638114154 ], [ 376434.547844715067185, 5041378.741952570155263 ], [ 376456.788024892914109, 5041346.38228961173445 ], [ 376477.30415177217219, 5041312.903013350442052 ], [ 376496.039992075122427, 5041278.395888155326247 ], [ 376512.944192165799905, 5041242.955495657399297 ], [ 376527.970418806769885, 5041206.678975509479642 ], [ 376541.077486155205406, 5041169.66575913131237 ], [ 376552.229468650650233, 5041132.017297177575529 ], [ 376561.395799484220333, 5041093.836781463585794 ], [ 376568.551354380208068, 5041055.228862131014466 ], [ 376573.676520460052416, 5041016.299360801465809 ], [ 376576.757249999791384, 5040977.154980532824993 ], [ 376577.785098933847621, 5040937.903013350442052 ] ] ] } },
{ "type": "Feature", "properties": { "site": 3, "transect": 3.2 }, "geometry": { "type": "Polygon", "coordinates": [ [ [ 376825.066768546646927, 5040918.869639378041029 ], [ 376824.038919612590689, 5040879.617672195658088 ], [ 376820.958190072851721, 5040840.473291927017272 ], [ 376815.833023993007373, 5040801.543790597468615 ], [ 376808.677469097019639, 5040762.935871264897287 ], [ 376799.511138263449538, 5040724.755355550907552 ], [ 376788.359155768004712, 5040687.106893597170711 ], [ 376775.252088419569191, 5040650.093677219003439 ], [ 376760.22586177859921, 5040613.817157071083784 ], [ 376743.321661687921733, 5040578.376764573156834 ], [ 376724.585821384971496, 5040543.869639378041029 ], [ 376704.069694505713414, 5040510.390363116748631 ], [ 376681.829514327866491, 5040478.030700158327818 ], [ 376657.92623963940423, 5040446.879346090368927 ], [ 376632.425387654686347, 5040417.021684609353542 ], [ 376605.396854436548892, 5040388.539553487673402 ], [ 376576.914723315800074, 5040361.511020270176232 ], [ 376547.057061834027991, 5040336.010168285109103 ], [ 376515.905707766010892, 5040312.106893597170711 ], [ 376483.546044807939325, 5040289.866713418625295 ], [ 376450.066768546646927, 5040269.350586540065706 ], [ 376415.559643351298291, 5040250.614746237173676 ], [ 376380.119250853487756, 5040233.710546146146953 ], [ 376343.842730705626309, 5040218.684319505468011 ], [ 376306.829514327866491, 5040205.57725215703249 ], [ 376269.181052373547573, 5040194.425269661471248 ], [ 376231.000536659965292, 5040185.258938827551901 ], [ 376192.392617326811887, 5040178.103383931331336 ], [ 376153.463115997379646, 5040172.978217851370573 ], [ 376114.318735728855245, 5040169.897488311864436 ], [ 376075.066768546646927, 5040168.869639378041029 ], [ 376035.814801364438608, 5040169.897488311864436 ], [ 375996.670421095914207, 5040172.978217851370573 ], [ 375957.740919766481966, 5040178.103383931331336 ], [ 375919.133000433328561, 5040185.258938827551901 ], [ 375880.95248471974628, 5040194.425269661471248 ], [ 375843.304022765427362, 5040205.57725215703249 ], [ 375806.290806387667544, 5040218.684319505468011 ], [ 375770.014286239806097, 5040233.710546146146953 ], [ 375734.573893741995562, 5040250.614746237173676 ], [ 375700.066768546646927, 5040269.350586540065706 ], [ 375666.587492285354529, 5040289.866713418625295 ], [ 375634.227829327282961, 5040312.106893597170711 ], [ 375603.076475259265862, 5040336.010168285109103 ], [ 375573.218813777493779, 5040361.511020270176232 ], [ 375544.736682656744961, 5040388.539553487673402 ], [ 375517.708149438607506, 5040417.021684609353542 ], [ 375492.207297453947831, 5040446.879346090368927 ], [ 375468.304022765427362, 5040478.030700158327818 ], [ 375446.063842587580439, 5040510.390363116748631 ], [ 375425.547715708322357, 5040543.869639378041029 ], [ 375406.81187540537212, 5040578.376764573156834 ], [ 375389.907675314694643, 5040613.817157071083784 ], [ 375374.881448673724663, 5040650.093677219003439 ], [ 375361.774381325289141, 5040687.106893597170711 ], [ 375350.622398829844315, 5040724.755355550907552 ], [ 375341.456067996274214, 5040762.935871264897287 ], [ 375334.30051310028648, 5040801.543790597468615 ], [ 375329.175347020442132, 5040840.473291927017272 ], [ 375326.094617480703164, 5040879.617672195658088 ], [ 375325.066768546646927, 5040918.869639378041029 ], [ 375326.094617480703164, 5040958.12160656042397 ], [ 375329.175347020442132, 5040997.265986829064786 ], [ 375334.30051310028648, 5041036.195488158613443 ], [ 375341.456067996274214, 5041074.803407491184771 ], [ 375350.622398829844315, 5041112.983923205174506 ], [ 375361.774381325289141, 5041150.632385158911347 ], [ 375374.881448673724663, 5041187.645601537078619 ], [ 375389.907675314694643, 5041223.922121684998274 ], [ 375406.81187540537212, 5041259.362514182925224 ], [ 375425.547715708322357, 5041293.869639378041029 ], [ 375446.063842587580439, 5041327.348915639333427 ], [ 375468.304022765427362, 5041359.70857859775424 ], [ 375492.207297453889623, 5041390.859932665713131 ], [ 375517.708149438607506, 5041420.717594146728516 ], [ 375544.736682656744961, 5041449.199725268408656 ], [ 375573.218813777493779, 5041476.228258485905826 ], [ 375603.076475259265862, 5041501.729110470972955 ], [ 375634.227829327282961, 5041525.632385158911347 ], [ 375666.587492285354529, 5041547.872565337456763 ], [ 375700.066768546646927, 5041568.388692216016352 ], [ 375734.573893741995562, 5041587.124532518908381 ], [ 375770.014286239806097, 5041604.028732609935105 ], [ 375806.290806387667544, 5041619.054959250614047 ], [ 375843.304022765427362, 5041632.162026599049568 ], [ 375880.95248471974628, 5041643.31400909461081 ], [ 375919.133000433328561, 5041652.480339928530157 ], [ 375957.740919766481966, 5041659.635894824750721 ], [ 375996.670421095914207, 5041664.761060904711485 ], [ 376035.814801364438608, 5041667.841790444217622 ], [ 376075.066768546646927, 5041668.869639378041029 ], [ 376114.318735728855245, 5041667.841790444217622 ], [ 376153.463115997379646, 5041664.761060904711485 ], [ 376192.392617326811887, 5041659.635894824750721 ], [ 376231.000536659965292, 5041652.480339928530157 ], [ 376269.181052373547573, 5041643.31400909461081 ], [ 376306.829514327866491, 5041632.162026599049568 ], [ 376343.842730705626309, 5041619.054959250614047 ], [ 376380.119250853487756, 5041604.028732609935105 ], [ 376415.559643351298291, 5041587.124532518908381 ], [ 376450.066768546646927, 5041568.388692216016352 ], [ 376483.546044807939325, 5041547.872565337456763 ], [ 376515.905707766010892, 5041525.632385158911347 ], [ 376547.057061834027991, 5041501.729110470972955 ], [ 376576.914723315800074, 5041476.228258485905826 ], [ 376605.396854436548892, 5041449.199725268408656 ], [ 376632.425387654686347, 5041420.717594146728516 ], [ 376657.926239639346022, 5041390.859932665713131 ], [ 376681.829514327866491, 5041359.70857859775424 ], [ 376704.069694505713414, 5041327.348915639333427 ], [ 376724.585821384971496, 5041293.869639378041029 ], [ 376743.321661687921733, 5041259.362514182925224 ], [ 376760.22586177859921, 5041223.922121684998274 ], [ 376775.252088419569191, 5041187.645601537078619 ], [ 376788.359155768004712, 5041150.632385158911347 ], [ 376799.511138263449538, 5041112.983923205174506 ], [ 376808.677469097019639, 5041074.803407491184771 ], [ 376815.833023993007373, 5041036.195488158613443 ], [ 376820.958190072851721, 5040997.265986829064786 ], [ 376824.038919612590689, 5040958.12160656042397 ], [ 376825.066768546646927, 5040918.869639378041029 ] ] ] } },
{ "type": "Feature", "properties": { "site": 3, "transect": 3.3 }, "geometry": { "type": "Polygon", "coordinates": [ [ [ 376825.066768546646927, 5040918.869639378041029 ], [ 376824.038919612590689, 5040879.617672195658088 ], [ 376820.958190072851721, 5040840.473291927017272 ], [ 376815.833023993007373, 5040801.543790597468615 ], [ 376808.677469097019639, 5040762.935871264897287 ], [ 376799.511138263449538, 5040724.755355550907552 ], [ 376788.359155768004712, 5040687.106893597170711 ], [ 376775.252088419569191, 5040650.093677219003439 ], [ 376760.22586177859921, 5040613.817157071083784 ], [ 376743.321661687921733, 5040578.376764573156834 ], [ 376724.585821384971496, 5040543.869639378041029 ], [ 376704.069694505713414, 5040510.390363116748631 ], [ 376681.829514327866491, 5040478.030700158327818 ], [ 376657.92623963940423, 5040446.879346090368927 ], [ 376632.425387654686347, 5040417.021684609353542 ], [ 376605.396854436548892, 5040388.539553487673402 ], [ 376576.914723315800074, 5040361.511020270176232 ], [ 376547.057061834027991, 5040336.010168285109103 ], [ 376515.905707766010892, 5040312.106893597170711 ], [ 376483.546044807939325, 5040289.866713418625295 ], [ 376450.066768546646927, 5040269.350586540065706 ], [ 376415.559643351298291, 5040250.614746237173676 ], [ 376380.119250853487756, 5040233.710546146146953 ], [ 376343.842730705626309, 5040218.684319505468011 ], [ 376306.829514327866491, 5040205.57725215703249 ], [ 376269.181052373547573, 5040194.425269661471248 ], [ 376231.000536659965292, 5040185.258938827551901 ], [ 376192.392617326811887, 5040178.103383931331336 ], [ 376153.463115997379646, 5040172.978217851370573 ], [ 376114.318735728855245, 5040169.897488311864436 ], [ 376075.066768546646927, 5040168.869639378041029 ], [ 376035.814801364438608, 5040169.897488311864436 ], [ 375996.670421095914207, 5040172.978217851370573 ], [ 375957.740919766481966, 5040178.103383931331336 ], [ 375919.133000433328561, 5040185.258938827551901 ], [ 375880.95248471974628, 5040194.425269661471248 ], [ 375843.304022765427362, 5040205.57725215703249 ], [ 375806.290806387667544, 5040218.684319505468011 ], [ 375770.014286239806097, 5040233.710546146146953 ], [ 375734.573893741995562, 5040250.614746237173676 ], [ 375700.066768546646927, 5040269.350586540065706 ], [ 375666.587492285354529, 5040289.866713418625295 ], [ 375634.227829327282961, 5040312.106893597170711 ], [ 375603.076475259265862, 5040336.010168285109103 ], [ 375573.218813777493779, 5040361.511020270176232 ], [ 375544.736682656744961, 5040388.539553487673402 ], [ 375517.708149438607506, 5040417.021684609353542 ], [ 375492.207297453947831, 5040446.879346090368927 ], [ 375468.304022765427362, 5040478.030700158327818 ], [ 375446.063842587580439, 5040510.390363116748631 ], [ 375425.547715708322357, 5040543.869639378041029 ], [ 375406.81187540537212, 5040578.376764573156834 ], [ 375389.907675314694643, 5040613.817157071083784 ], [ 375374.881448673724663, 5040650.093677219003439 ], [ 375361.774381325289141, 5040687.106893597170711 ], [ 375350.622398829844315, 5040724.755355550907552 ], [ 375341.456067996274214, 5040762.935871264897287 ], [ 375334.30051310028648, 5040801.543790597468615 ], [ 375329.175347020442132, 5040840.473291927017272 ], [ 375326.094617480703164, 5040879.617672195658088 ], [ 375325.066768546646927, 5040918.869639378041029 ], [ 375326.094617480703164, 5040958.12160656042397 ], [ 375329.175347020442132, 5040997.265986829064786 ], [ 375334.30051310028648, 5041036.195488158613443 ], [ 375341.456067996274214, 5041074.803407491184771 ], [ 375350.622398829844315, 5041112.983923205174506 ], [ 375361.774381325289141, 5041150.632385158911347 ], [ 375374.881448673724663, 5041187.645601537078619 ], [ 375389.907675314694643, 5041223.922121684998274 ], [ 375406.81187540537212, 5041259.362514182925224 ], [ 375425.547715708322357, 5041293.869639378041029 ], [ 375446.063842587580439, 5041327.348915639333427 ], [ 375468.304022765427362, 5041359.70857859775424 ], [ 375492.207297453889623, 5041390.859932665713131 ], [ 375517.708149438607506, 5041420.717594146728516 ], [ 375544.736682656744961, 5041449.199725268408656 ], [ 375573.218813777493779, 5041476.228258485905826 ], [ 375603.076475259265862, 5041501.729110470972955 ], [ 375634.227829327282961, 5041525.632385158911347 ], [ 375666.587492285354529, 5041547.872565337456763 ], [ 375700.066768546646927, 5041568.388692216016352 ], [ 375734.573893741995562, 5041587.124532518908381 ], [ 375770.014286239806097, 5041604.028732609935105 ], [ 375806.290806387667544, 5041619.054959250614047 ], [ 375843.304022765427362, 5041632.162026599049568 ], [ 375880.95248471974628, 5041643.31400909461081 ], [ 375919.133000433328561, 5041652.480339928530157 ], [ 375957.740919766481966, 5041659.635894824750721 ], [ 375996.670421095914207, 5041664.761060904711485 ], [ 376035.814801364438608, 5041667.841790444217622 ], [ 376075.066768546646927, 5041668.869639378041029 ], [ 376114.318735728855245, 5041667.841790444217622 ], [ 376153.463115997379646, 5041664.761060904711485 ], [ 376192.392617326811887, 5041659.635894824750721 ], [ 376231.000536659965292, 5041652.480339928530157 ], [ 376269.181052373547573, 5041643.31400909461081 ], [ 376306.829514327866491, 5041632.162026599049568 ], [ 376343.842730705626309, 5041619.054959250614047 ], [ 376380.119250853487756, 5041604.028732609935105 ], [ 376415.559643351298291, 5041587.124532518908381 ], [ 376450.066768546646927, 5041568.388692216016352 ], [ 376483.546044807939325, 5041547.872565337456763 ], [ 376515.905707766010892, 5041525.632385158911347 ], [ 376547.057061834027991, 5041501.729110470972955 ], [ 376576.914723315800074, 5041476.228258485905826 ], [ 376605.396854436548892, 5041449.199725268408656 ], [ 376632.425387654686347, 5041420.717594146728516 ], [ 376657.926239639346022, 5041390.859932665713131 ], [ 376681.829514327866491, 5041359.70857859775424 ], [ 376704.069694505713414, 5041327.348915639333427 ], [ 376724.585821384971496, 5041293.869639378041029 ], [ 376743.321661687921733, 5041259.362514182925224 ], [ 376760.22586177859921, 5041223.922121684998274 ], [ 376775.252088419569191, 5041187.645601537078619 ], [ 376788.359155768004712, 5041150.632385158911347 ], [ 376799.511138263449538, 5041112.983923205174506 ], [ 376808.677469097019639, 5041074.803407491184771 ], [ 376815.833023993007373, 5041036.195488158613443 ], [ 376820.958190072851721, 5040997.265986829064786 ], [ 376824.038919612590689, 5040958.12160656042397 ], [ 376825.066768546646927, 5040918.869639378041029 ] ] ] } },
{ "type": "Feature", "properties": { "site": 3, "transect": 3.4 }, "geometry": { "type": "Polygon", "coordinates": [ [ [ 376495.050898205197882, 5041075.873906247317791 ], [ 376494.023049271141645, 5041036.62193906493485 ], [ 376490.942319731402677, 5040997.477558796294034 ], [ 376485.817153651558328, 5040958.548057466745377 ], [ 376478.661598755570594, 5040919.940138134174049 ], [ 376469.495267922000494, 5040881.759622420184314 ], [ 376458.343285426555667, 5040844.111160466447473 ], [ 376445.236218078120146, 5040807.097944088280201 ], [ 376430.209991437150165, 5040770.821423940360546 ], [ 376413.305791346472688, 5040735.381031442433596 ], [ 376394.569951043522451, 5040700.873906247317791 ], [ 376374.05382416426437, 5040667.394629986025393 ], [ 376351.813643986417446, 5040635.03496702760458 ], [ 376327.910369297955185, 5040603.883612959645689 ], [ 376302.409517313237302, 5040574.025951478630304 ], [ 376275.380984095099848, 5040545.543820356950164 ], [ 376246.89885297435103, 5040518.515287139452994 ], [ 376217.041191492578946, 5040493.014435154385865 ], [ 376185.889837424561847, 5040469.111160466447473 ], [ 376153.53017446649028, 5040446.870980287902057 ], [ 376120.050898205197882, 5040426.354853409342468 ], [ 376085.543773009849247, 5040407.619013106450438 ], [ 376050.103380512038711, 5040390.714813015423715 ], [ 376013.826860364177264, 5040375.688586374744773 ], [ 375976.813643986417446, 5040362.581519026309252 ], [ 375939.165182032098528, 5040351.42953653074801 ], [ 375900.984666318516247, 5040342.263205696828663 ], [ 375862.376746985362843, 5040335.107650800608099 ], [ 375823.447245655930601, 5040329.982484720647335 ], [ 375784.3028653874062, 5040326.901755181141198 ], [ 375745.050898205197882, 5040325.873906247317791 ], [ 375705.798931022989564, 5040326.901755181141198 ], [ 375666.654550754465163, 5040329.982484720647335 ], [ 375627.725049425032921, 5040335.107650800608099 ], [ 375589.117130091879517, 5040342.263205696828663 ], [ 375550.936614378297236, 5040351.42953653074801 ], [ 375513.288152423978318, 5040362.581519026309252 ], [ 375476.2749360462185, 5040375.688586374744773 ], [ 375439.998415898357052, 5040390.714813015423715 ], [ 375404.558023400546517, 5040407.619013106450438 ], [ 375370.050898205197882, 5040426.354853409342468 ], [ 375336.571621943905484, 5040446.870980287902057 ], [ 375304.211958985833917, 5040469.111160466447473 ], [ 375273.060604917816818, 5040493.014435154385865 ], [ 375243.202943436044734, 5040518.515287139452994 ], [ 375214.720812315295916, 5040545.543820356950164 ], [ 375187.692279097158462, 5040574.025951478630304 ], [ 375162.191427112498786, 5040603.883612959645689 ], [ 375138.288152423978318, 5040635.03496702760458 ], [ 375116.047972246131394, 5040667.394629986025393 ], [ 375095.531845366873313, 5040700.873906247317791 ], [ 375076.796005063923076, 5040735.381031442433596 ], [ 375059.891804973245598, 5040770.821423940360546 ], [ 375044.865578332275618, 5040807.097944088280201 ], [ 375031.758510983840097, 5040844.111160466447473 ], [ 375020.60652848839527, 5040881.759622420184314 ], [ 375011.44019765482517, 5040919.940138134174049 ], [ 375004.284642758837435, 5040958.548057466745377 ], [ 374999.159476678993087, 5040997.477558796294034 ], [ 374996.078747139254119, 5041036.62193906493485 ], [ 374995.050898205197882, 5041075.873906247317791 ], [ 374996.078747139254119, 5041115.125873429700732 ], [ 374999.159476678993087, 5041154.270253698341548 ], [ 375004.284642758837435, 5041193.199755027890205 ], [ 375011.44019765482517, 5041231.807674360461533 ], [ 375020.60652848839527, 5041269.988190074451268 ], [ 375031.758510983840097, 5041307.636652028188109 ], [ 375044.865578332275618, 5041344.649868406355381 ], [ 375059.891804973245598, 5041380.926388554275036 ], [ 375076.796005063923076, 5041416.366781052201986 ], [ 375095.531845366873313, 5041450.873906247317791 ], [ 375116.047972246131394, 5041484.353182508610189 ], [ 375138.288152423978318, 5041516.712845467031002 ], [ 375162.191427112440579, 5041547.864199534989893 ], [ 375187.692279097158462, 5041577.721861016005278 ], [ 375214.720812315295916, 5041606.203992137685418 ], [ 375243.202943436044734, 5041633.232525355182588 ], [ 375273.060604917816818, 5041658.733377340249717 ], [ 375304.211958985833917, 5041682.636652028188109 ], [ 375336.571621943905484, 5041704.876832206733525 ], [ 375370.050898205197882, 5041725.392959085293114 ], [ 375404.558023400546517, 5041744.128799388185143 ], [ 375439.998415898357052, 5041761.032999479211867 ], [ 375476.2749360462185, 5041776.059226119890809 ], [ 375513.288152423978318, 5041789.16629346832633 ], [ 375550.936614378297236, 5041800.318275963887572 ], [ 375589.117130091879517, 5041809.484606797806919 ], [ 375627.725049425032921, 5041816.640161694027483 ], [ 375666.654550754465163, 5041821.765327773988247 ], [ 375705.798931022989564, 5041824.846057313494384 ], [ 375745.050898205197882, 5041825.873906247317791 ], [ 375784.3028653874062, 5041824.846057313494384 ], [ 375823.447245655930601, 5041821.765327773988247 ], [ 375862.376746985362843, 5041816.640161694027483 ], [ 375900.984666318516247, 5041809.484606797806919 ], [ 375939.165182032098528, 5041800.318275963887572 ], [ 375976.813643986417446, 5041789.16629346832633 ], [ 376013.826860364177264, 5041776.059226119890809 ], [ 376050.103380512038711, 5041761.032999479211867 ], [ 376085.543773009849247, 5041744.128799388185143 ], [ 376120.050898205197882, 5041725.392959085293114 ], [ 376153.53017446649028, 5041704.876832206733525 ], [ 376185.889837424561847, 5041682.636652028188109 ], [ 376217.041191492578946, 5041658.733377340249717 ], [ 376246.89885297435103, 5041633.232525355182588 ], [ 376275.380984095099848, 5041606.203992137685418 ], [ 376302.409517313237302, 5041577.721861016005278 ], [ 376327.910369297896978, 5041547.864199534989893 ], [ 376351.813643986417446, 5041516.712845467031002 ], [ 376374.05382416426437, 5041484.353182508610189 ], [ 376394.569951043522451, 5041450.873906247317791 ], [ 376413.305791346472688, 5041416.366781052201986 ], [ 376430.209991437150165, 5041380.926388554275036 ], [ 376445.236218078120146, 5041344.649868406355381 ], [ 376458.343285426555667, 5041307.636652028188109 ], [ 376469.495267922000494, 5041269.988190074451268 ], [ 376478.661598755570594, 5041231.807674360461533 ], [ 376485.817153651558328, 5041193.199755027890205 ], [ 376490.942319731402677, 5041154.270253698341548 ], [ 376494.023049271141645, 5041115.125873429700732 ], [ 376495.050898205197882, 5041075.873906247317791 ] ] ] } },
{ "type": "Feature", "properties": { "site": 3, "transect": 3.5 }, "geometry": { "type": "Polygon", "coordinates": [ [ [ 376713.324551838450134, 5041011.444254434667528 ], [ 376712.296702904393896, 5040972.192287252284586 ], [ 376709.215973364654928, 5040933.04790698364377 ], [ 376704.09080728481058, 5040894.118405654095113 ], [ 376696.935252388822846, 5040855.510486321523786 ], [ 376687.768921555252746, 5040817.329970607534051 ], [ 376676.616939059807919, 5040779.681508653797209 ], [ 376663.509871711372398, 5040742.668292275629938 ], [ 376648.483645070402417, 5040706.391772127710283 ], [ 376631.57944497972494, 5040670.951379629783332 ], [ 376612.843604676774703, 5040636.444254434667528 ], [ 376592.327477797516622, 5040602.96497817337513 ], [ 376570.087297619669698, 5040570.605315214954317 ], [ 376546.184022931149229, 5040539.453961146995425 ], [ 376520.683170946489554, 5040509.596299665980041 ], [ 376493.6546377283521, 5040481.114168544299901 ], [ 376465.172506607603282, 5040454.085635326802731 ], [ 376435.314845125831198, 5040428.584783341735601 ], [ 376404.163491057814099, 5040404.681508653797209 ], [ 376371.803828099742532, 5040382.441328475251794 ], [ 376338.324551838450134, 5040361.925201596692204 ], [ 376303.817426643101498, 5040343.189361293800175 ], [ 376268.377034145290963, 5040326.285161202773452 ], [ 376232.100513997429516, 5040311.25893456209451 ], [ 376195.087297619669698, 5040298.151867213658988 ], [ 376157.43883566535078, 5040286.999884718097746 ], [ 376119.258319951768499, 5040277.8335538841784 ], [ 376080.650400618615095, 5040270.677998987957835 ], [ 376041.720899289182853, 5040265.552832907997072 ], [ 376002.576519020658452, 5040262.472103368490934 ], [ 375963.324551838450134, 5040261.444254434667528 ], [ 375924.072584656241816, 5040262.472103368490934 ], [ 375884.928204387717415, 5040265.552832907997072 ], [ 375845.998703058285173, 5040270.677998987957835 ], [ 375807.390783725131769, 5040277.8335538841784 ], [ 375769.210268011549488, 5040286.999884718097746 ], [ 375731.561806057230569, 5040298.151867213658988 ], [ 375694.548589679470751, 5040311.25893456209451 ], [ 375658.272069531609304, 5040326.285161202773452 ], [ 375622.831677033798769, 5040343.189361293800175 ], [ 375588.324551838450134, 5040361.925201596692204 ], [ 375554.845275577157736, 5040382.441328475251794 ], [ 375522.485612619086169, 5040404.681508653797209 ], [ 375491.33425855106907, 5040428.584783341735601 ], [ 375461.476597069296986, 5040454.085635326802731 ], [ 375432.994465948548168, 5040481.114168544299901 ], [ 375405.965932730410714, 5040509.596299665980041 ], [ 375380.465080745751038, 5040539.453961146995425 ], [ 375356.561806057230569, 5040570.605315214954317 ], [ 375334.321625879383646, 5040602.96497817337513 ], [ 375313.805499000125565, 5040636.444254434667528 ], [ 375295.069658697175328, 5040670.951379629783332 ], [ 375278.16545860649785, 5040706.391772127710283 ], [ 375263.13923196552787, 5040742.668292275629938 ], [ 375250.032164617092349, 5040779.681508653797209 ], [ 375238.880182121647522, 5040817.329970607534051 ], [ 375229.713851288077421, 5040855.510486321523786 ], [ 375222.558296392089687, 5040894.118405654095113 ], [ 375217.433130312245339, 5040933.04790698364377 ], [ 375214.352400772506371, 5040972.192287252284586 ], [ 375213.324551838450134, 5041011.444254434667528 ], [ 375214.352400772506371, 5041050.696221617050469 ], [ 375217.433130312245339, 5041089.840601885691285 ], [ 375222.558296392089687, 5041128.770103215239942 ], [ 375229.713851288077421, 5041167.37802254781127 ], [ 375238.880182121647522, 5041205.558538261801004 ], [ 375250.032164617092349, 5041243.207000215537846 ], [ 375263.13923196552787, 5041280.220216593705118 ], [ 375278.16545860649785, 5041316.496736741624773 ], [ 375295.069658697175328, 5041351.937129239551723 ], [ 375313.805499000125565, 5041386.444254434667528 ], [ 375334.321625879383646, 5041419.923530695959926 ], [ 375356.561806057230569, 5041452.283193654380739 ], [ 375380.465080745692831, 5041483.43454772233963 ], [ 375405.965932730410714, 5041513.292209203355014 ], [ 375432.994465948548168, 5041541.774340325035155 ], [ 375461.476597069296986, 5041568.802873542532325 ], [ 375491.33425855106907, 5041594.303725527599454 ], [ 375522.485612619086169, 5041618.207000215537846 ], [ 375554.845275577157736, 5041640.447180394083261 ], [ 375588.324551838450134, 5041660.963307272642851 ], [ 375622.831677033798769, 5041679.69914757553488 ], [ 375658.272069531609304, 5041696.603347666561604 ], [ 375694.548589679470751, 5041711.629574307240546 ], [ 375731.561806057230569, 5041724.736641655676067 ], [ 375769.210268011549488, 5041735.888624151237309 ], [ 375807.390783725131769, 5041745.054954985156655 ], [ 375845.998703058285173, 5041752.21050988137722 ], [ 375884.928204387717415, 5041757.335675961337984 ], [ 375924.072584656241816, 5041760.416405500844121 ], [ 375963.324551838450134, 5041761.444254434667528 ], [ 376002.576519020658452, 5041760.416405500844121 ], [ 376041.720899289182853, 5041757.335675961337984 ], [ 376080.650400618615095, 5041752.21050988137722 ], [ 376119.258319951768499, 5041745.054954985156655 ], [ 376157.43883566535078, 5041735.888624151237309 ], [ 376195.087297619669698, 5041724.736641655676067 ], [ 376232.100513997429516, 5041711.629574307240546 ], [ 376268.377034145290963, 5041696.603347666561604 ], [ 376303.817426643101498, 5041679.69914757553488 ], [ 376338.324551838450134, 5041660.963307272642851 ], [ 376371.803828099742532, 5041640.447180394083261 ], [ 376404.163491057814099, 5041618.207000215537846 ], [ 376435.314845125831198, 5041594.303725527599454 ], [ 376465.172506607603282, 5041568.802873542532325 ], [ 376493.6546377283521, 5041541.774340325035155 ], [ 376520.683170946489554, 5041513.292209203355014 ], [ 376546.184022931149229, 5041483.43454772233963 ], [ 376570.087297619669698, 5041452.283193654380739 ], [ 376592.327477797516622, 5041419.923530695959926 ], [ 376612.843604676774703, 5041386.444254434667528 ], [ 376631.57944497972494, 5041351.937129239551723 ], [ 376648.483645070402417, 5041316.496736741624773 ], [ 376663.509871711372398, 5041280.220216593705118 ], [ 376676.616939059807919, 5041243.207000215537846 ], [ 376687.768921555252746, 5041205.558538261801004 ], [ 376696.935252388822846, 5041167.37802254781127 ], [ 376704.09080728481058, 5041128.770103215239942 ], [ 376709.215973364654928, 5041089.840601885691285 ], [ 376712.296702904393896, 5041050.696221617050469 ], [ 376713.324551838450134, 5041011.444254434667528 ] ] ] } },
{ "type": "Feature", "properties": { "site": 3, "transect": 3.6 }, "geometry": { "type": "Polygon", "coordinates": [ [ [ 376713.324551838450134, 5041011.444254434667528 ], [ 376712.296702904393896, 5040972.192287252284586 ], [ 376709.215973364654928, 5040933.04790698364377 ], [ 376704.09080728481058, 5040894.118405654095113 ], [ 376696.935252388822846, 5040855.510486321523786 ], [ 376687.768921555252746, 5040817.329970607534051 ], [ 376676.616939059807919, 5040779.681508653797209 ], [ 376663.509871711372398, 5040742.668292275629938 ], [ 376648.483645070402417, 5040706.391772127710283 ], [ 376631.57944497972494, 5040670.951379629783332 ], [ 376612.843604676774703, 5040636.444254434667528 ], [ 376592.327477797516622, 5040602.96497817337513 ], [ 376570.087297619669698, 5040570.605315214954317 ], [ 376546.184022931149229, 5040539.453961146995425 ], [ 376520.683170946489554, 5040509.596299665980041 ], [ 376493.6546377283521, 5040481.114168544299901 ], [ 376465.172506607603282, 5040454.085635326802731 ], [ 376435.314845125831198, 5040428.584783341735601 ], [ 376404.163491057814099, 5040404.681508653797209 ], [ 376371.803828099742532, 5040382.441328475251794 ], [ 376338.324551838450134, 5040361.925201596692204 ], [ 376303.817426643101498, 5040343.189361293800175 ], [ 376268.377034145290963, 5040326.285161202773452 ], [ 376232.100513997429516, 5040311.25893456209451 ], [ 376195.087297619669698, 5040298.151867213658988 ], [ 376157.43883566535078, 5040286.999884718097746 ], [ 376119.258319951768499, 5040277.8335538841784 ], [ 376080.650400618615095, 5040270.677998987957835 ], [ 376041.720899289182853, 5040265.552832907997072 ], [ 376002.576519020658452, 5040262.472103368490934 ], [ 375963.324551838450134, 5040261.444254434667528 ], [ 375924.072584656241816, 5040262.472103368490934 ], [ 375884.928204387717415, 5040265.552832907997072 ], [ 375845.998703058285173, 5040270.677998987957835 ], [ 375807.390783725131769, 5040277.8335538841784 ], [ 375769.210268011549488, 5040286.999884718097746 ], [ 375731.561806057230569, 5040298.151867213658988 ], [ 375694.548589679470751, 5040311.25893456209451 ], [ 375658.272069531609304, 5040326.285161202773452 ], [ 375622.831677033798769, 5040343.189361293800175 ], [ 375588.324551838450134, 5040361.925201596692204 ], [ 375554.845275577157736, 5040382.441328475251794 ], [ 375522.485612619086169, 5040404.681508653797209 ], [ 375491.33425855106907, 5040428.584783341735601 ], [ 375461.476597069296986, 5040454.085635326802731 ], [ 375432.994465948548168, 5040481.114168544299901 ], [ 375405.965932730410714, 5040509.596299665980041 ], [ 375380.465080745751038, 5040539.453961146995425 ], [ 375356.561806057230569, 5040570.605315214954317 ], [ 375334.321625879383646, 5040602.96497817337513 ], [ 375313.805499000125565, 5040636.444254434667528 ], [ 375295.069658697175328, 5040670.951379629783332 ], [ 375278.16545860649785, 5040706.391772127710283 ], [ 375263.13923196552787, 5040742.668292275629938 ], [ 375250.032164617092349, 5040779.681508653797209 ], [ 375238.880182121647522, 5040817.329970607534051 ], [ 375229.713851288077421, 5040855.510486321523786 ], [ 375222.558296392089687, 5040894.118405654095113 ], [ 375217.433130312245339, 5040933.04790698364377 ], [ 375214.352400772506371, 5040972.192287252284586 ], [ 375213.324551838450134, 5041011.444254434667528 ], [ 375214.352400772506371, 5041050.696221617050469 ], [ 375217.433130312245339, 5041089.840601885691285 ], [ 375222.558296392089687, 5041128.770103215239942 ], [ 375229.713851288077421, 5041167.37802254781127 ], [ 375238.880182121647522, 5041205.558538261801004 ], [ 375250.032164617092349, 5041243.207000215537846 ], [ 375263.13923196552787, 5041280.220216593705118 ], [ 375278.16545860649785, 5041316.496736741624773 ], [ 375295.069658697175328, 5041351.937129239551723 ], [ 375313.805499000125565, 5041386.444254434667528 ], [ 375334.321625879383646, 5041419.923530695959926 ], [ 375356.561806057230569, 5041452.283193654380739 ], [ 375380.465080745692831, 5041483.43454772233963 ], [ 375405.965932730410714, 5041513.292209203355014 ], [ 375432.994465948548168, 5041541.774340325035155 ], [ 375461.476597069296986, 5041568.802873542532325 ], [ 375491.33425855106907, 5041594.303725527599454 ], [ 375522.485612619086169, 5041618.207000215537846 ], [ 375554.845275577157736, 5041640.447180394083261 ], [ 375588.324551838450134, 5041660.963307272642851 ], [ 375622.831677033798769, 5041679.69914757553488 ], [ 375658.272069531609304, 5041696.603347666561604 ], [ 375694.548589679470751, 5041711.629574307240546 ], [ 375731.561806057230569, 5041724.736641655676067 ], [ 375769.210268011549488, 5041735.888624151237309 ], [ 375807.390783725131769, 5041745.054954985156655 ], [ 375845.998703058285173, 5041752.21050988137722 ], [ 375884.928204387717415, 5041757.335675961337984 ], [ 375924.072584656241816, 5041760.416405500844121 ], [ 375963.324551838450134, 5041761.444254434667528 ], [ 376002.576519020658452, 5041760.416405500844121 ], [ 376041.720899289182853, 5041757.335675961337984 ], [ 376080.650400618615095, 5041752.21050988137722 ], [ 376119.258319951768499, 5041745.054954985156655 ], [ 376157.43883566535078, 5041735.888624151237309 ], [ 376195.087297619669698, 5041724.736641655676067 ], [ 376232.100513997429516, 5041711.629574307240546 ], [ 376268.377034145290963, 5041696.603347666561604 ], [ 376303.817426643101498, 5041679.69914757553488 ], [ 376338.324551838450134, 5041660.963307272642851 ], [ 376371.803828099742532, 5041640.447180394083261 ], [ 376404.163491057814099, 5041618.207000215537846 ], [ 376435.314845125831198, 5041594.303725527599454 ], [ 376465.172506607603282, 5041568.802873542532325 ], [ 376493.6546377283521, 5041541.774340325035155 ], [ 376520.683170946489554, 5041513.292209203355014 ], [ 376546.184022931149229, 5041483.43454772233963 ], [ 376570.087297619669698, 5041452.283193654380739 ], [ 376592.327477797516622, 5041419.923530695959926 ], [ 376612.843604676774703, 5041386.444254434667528 ], [ 376631.57944497972494, 5041351.937129239551723 ], [ 376648.483645070402417, 5041316.496736741624773 ], [ 376663.509871711372398, 5041280.220216593705118 ], [ 376676.616939059807919, 5041243.207000215537846 ], [ 376687.768921555252746, 5041205.558538261801004 ], [ 376696.935252388822846, 5041167.37802254781127 ], [ 376704.09080728481058, 5041128.770103215239942 ], [ 376709.215973364654928, 5041089.840601885691285 ], [ 376712.296702904393896, 5041050.696221617050469 ], [ 376713.324551838450134, 5041011.444254434667528 ] ] ] } },
{ "type": "Feature", "properties": { "site": 4, "transect": 4.1 }, "geometry": { "type": "Polygon", "coordinates": [ [ [ 481357.318825683847535, 5004933.273108070716262 ], [ 481356.290976749791298, 5004894.021140888333321 ], [ 481353.21024721005233, 5004854.876760619692504 ], [ 481348.085081130207982, 5004815.947259290143847 ], [ 481340.929526234220248, 5004777.33933995757252 ], [ 481331.763195400650147, 5004739.158824243582785 ], [ 481320.611212905205321, 5004701.510362289845943 ], [ 481307.504145556769799, 5004664.497145911678672 ], [ 481292.477918915799819, 5004628.220625763759017 ], [ 481275.573718825122342, 5004592.780233265832067 ], [ 481256.837878522172105, 5004558.273108070716262 ], [ 481236.321751642914023, 5004524.793831809423864 ], [ 481214.0815714650671, 5004492.434168851003051 ], [ 481190.178296776604839, 5004461.282814783044159 ], [ 481164.677444791886955, 5004431.425153302028775 ], [ 481137.648911573749501, 5004402.943022180348635 ], [ 481109.166780453000683, 5004375.914488962851465 ], [ 481079.3091189712286, 5004350.413636977784336 ], [ 481048.1577649032115, 5004326.510362289845943 ], [ 481015.798101945139933, 5004304.270182111300528 ], [ 480982.318825683847535, 5004283.754055232740939 ], [ 480947.8117004884989, 5004265.018214929848909 ], [ 480912.371307990688365, 5004248.114014838822186 ], [ 480876.094787842826918, 5004233.087788198143244 ], [ 480839.0815714650671, 5004219.980720849707723 ], [ 480801.433109510748181, 5004208.828738354146481 ], [ 480763.2525937971659, 5004199.662407520227134 ], [ 480724.644674464012496, 5004192.506852624006569 ], [ 480685.715173134580255, 5004187.381686544045806 ], [ 480646.570792866055854, 5004184.300957004539669 ], [ 480607.318825683847535, 5004183.273108070716262 ], [ 480568.066858501639217, 5004184.300957004539669 ], [ 480528.922478233114816, 5004187.381686544045806 ], [ 480489.992976903682575, 5004192.506852624006569 ], [ 480451.38505757052917, 5004199.662407520227134 ], [ 480413.204541856946889, 5004208.828738354146481 ], [ 480375.556079902627971, 5004219.980720849707723 ], [ 480338.542863524868153, 5004233.087788198143244 ], [ 480302.266343377006706, 5004248.114014838822186 ], [ 480266.825950879196171, 5004265.018214929848909 ], [ 480232.318825683847535, 5004283.754055232740939 ], [ 480198.839549422555137, 5004304.270182111300528 ], [ 480166.47988646448357, 5004326.510362289845943 ], [ 480135.328532396466471, 5004350.413636977784336 ], [ 480105.470870914694387, 5004375.914488962851465 ], [ 480076.98873979394557, 5004402.943022180348635 ], [ 480049.960206575808115, 5004431.425153302028775 ], [ 480024.45935459114844, 5004461.282814783044159 ], [ 480000.556079902627971, 5004492.434168851003051 ], [ 479978.315899724781048, 5004524.793831809423864 ], [ 479957.799772845522966, 5004558.273108070716262 ], [ 479939.063932542572729, 5004592.780233265832067 ], [ 479922.159732451895252, 5004628.220625763759017 ], [ 479907.133505810925271, 5004664.497145911678672 ], [ 479894.02643846248975, 5004701.510362289845943 ], [ 479882.874455967044923, 5004739.158824243582785 ], [ 479873.708125133474823, 5004777.33933995757252 ], [ 479866.552570237487089, 5004815.947259290143847 ], [ 479861.427404157642741, 5004854.876760619692504 ], [ 479858.346674617903773, 5004894.021140888333321 ], [ 479857.318825683847535, 5004933.273108070716262 ], [ 479858.346674617903773, 5004972.525075253099203 ], [ 479861.427404157642741, 5005011.669455521740019 ], [ 479866.552570237487089, 5005050.598956851288676 ], [ 479873.708125133474823, 5005089.206876183860004 ], [ 479882.874455967044923, 5005127.387391897849739 ], [ 479894.02643846248975, 5005165.03585385158658 ], [ 479907.133505810925271, 5005202.049070229753852 ], [ 479922.159732451895252, 5005238.325590377673507 ], [ 479939.063932542572729, 5005273.765982875600457 ], [ 479957.799772845522966, 5005308.273108070716262 ], [ 479978.315899724781048, 5005341.75238433200866 ], [ 480000.556079902627971, 5005374.112047290429473 ], [ 480024.459354591090232, 5005405.263401358388364 ], [ 480049.960206575808115, 5005435.121062839403749 ], [ 480076.98873979394557, 5005463.603193961083889 ], [ 480105.470870914694387, 5005490.631727178581059 ], [ 480135.328532396466471, 5005516.132579163648188 ], [ 480166.47988646448357, 5005540.03585385158658 ], [ 480198.839549422555137, 5005562.276034030131996 ], [ 480232.318825683847535, 5005582.792160908691585 ], [ 480266.825950879196171, 5005601.528001211583614 ], [ 480302.266343377006706, 5005618.432201302610338 ], [ 480338.542863524868153, 5005633.45842794328928 ], [ 480375.556079902627971, 5005646.565495291724801 ], [ 480413.204541856946889, 5005657.717477787286043 ], [ 480451.38505757052917, 5005666.883808621205389 ], [ 480489.992976903682575, 5005674.039363517425954 ], [ 480528.922478233114816, 5005679.164529597386718 ], [ 480568.066858501639217, 5005682.245259136892855 ], [ 480607.318825683847535, 5005683.273108070716262 ], [ 480646.570792866055854, 5005682.245259136892855 ], [ 480685.715173134580255, 5005679.164529597386718 ], [ 480724.644674464012496, 5005674.039363517425954 ], [ 480763.2525937971659, 5005666.883808621205389 ], [ 480801.433109510748181, 5005657.717477787286043 ], [ 480839.0815714650671, 5005646.565495291724801 ], [ 480876.094787842826918, 5005633.45842794328928 ], [ 480912.371307990688365, 5005618.432201302610338 ], [ 480947.8117004884989, 5005601.528001211583614 ], [ 480982.318825683847535, 5005582.792160908691585 ], [ 481015.798101945139933, 5005562.276034030131996 ], [ 481048.1577649032115, 5005540.03585385158658 ], [ 481079.3091189712286, 5005516.132579163648188 ], [ 481109.166780453000683, 5005490.631727178581059 ], [ 481137.648911573749501, 5005463.603193961083889 ], [ 481164.677444791886955, 5005435.121062839403749 ], [ 481190.178296776546631, 5005405.263401358388364 ], [ 481214.0815714650671, 5005374.112047290429473 ], [ 481236.321751642914023, 5005341.75238433200866 ], [ 481256.837878522172105, 5005308.273108070716262 ], [ 481275.573718825122342, 5005273.765982875600457 ], [ 481292.477918915799819, 5005238.325590377673507 ], [ 481307.504145556769799, 5005202.049070229753852 ], [ 481320.611212905205321, 5005165.03585385158658 ], [ 481331.763195400650147, 5005127.387391897849739 ], [ 481340.929526234220248, 5005089.206876183860004 ], [ 481348.085081130207982, 5005050.598956851288676 ], [ 481353.21024721005233, 5005011.669455521740019 ], [ 481356.290976749791298, 5004972.525075253099203 ], [ 481357.318825683847535, 5004933.273108070716262 ] ] ] } },
{ "type": "Feature", "properties": { "site": 4, "transect": 4.2 }, "geometry": { "type": "Polygon", "coordinates": [ [ [ 481057.934188283747062, 5004795.921290937811136 ], [ 481056.906339349690825, 5004756.669323755428195 ], [ 481053.825609809951857, 5004717.524943486787379 ], [ 481048.700443730107509, 5004678.595442157238722 ], [ 481041.544888834119774, 5004639.987522824667394 ], [ 481032.378558000549674, 5004601.80700711067766 ], [ 481021.226575505104847, 5004564.158545156940818 ], [ 481008.119508156669326, 5004527.145328778773546 ], [ 480993.093281515699346, 5004490.868808630853891 ], [ 480976.189081425021868, 5004455.428416132926941 ], [ 480957.453241122071631, 5004420.921290937811136 ], [ 480936.93711424281355, 5004387.442014676518738 ], [ 480914.696934064966626, 5004355.082351718097925 ], [ 480890.793659376446158, 5004323.930997650139034 ], [ 480865.292807391786482, 5004294.07333616912365 ], [ 480838.264274173649028, 5004265.591205047443509 ], [ 480809.78214305290021, 5004238.562671829946339 ], [ 480779.924481571128126, 5004213.06181984487921 ], [ 480748.773127503111027, 5004189.158545156940818 ], [ 480716.41346454503946, 5004166.918364978395402 ], [ 480682.934188283747062, 5004146.402238099835813 ], [ 480648.427063088398427, 5004127.666397796943784 ], [ 480612.986670590587892, 5004110.76219770591706 ], [ 480576.710150442726444, 5004095.735971065238118 ], [ 480539.696934064966626, 5004082.628903716802597 ], [ 480502.048472110647708, 5004071.476921221241355 ], [ 480463.867956397065427, 5004062.310590387322009 ], [ 480425.260037063912023, 5004055.155035491101444 ], [ 480386.330535734479781, 5004050.02986941114068 ], [ 480347.18615546595538, 5004046.949139871634543 ], [ 480307.934188283747062, 5004045.921290937811136 ], [ 480268.682221101538744, 5004046.949139871634543 ], [ 480229.537840833014343, 5004050.02986941114068 ], [ 480190.608339503582101, 5004055.155035491101444 ], [ 480152.000420170428697, 5004062.310590387322009 ], [ 480113.819904456846416, 5004071.476921221241355 ], [ 480076.171442502527498, 5004082.628903716802597 ], [ 480039.15822612476768, 5004095.735971065238118 ], [ 480002.881705976906233, 5004110.76219770591706 ], [ 479967.441313479095697, 5004127.666397796943784 ], [ 479932.934188283747062, 5004146.402238099835813 ], [ 479899.454912022454664, 5004166.918364978395402 ], [ 479867.095249064383097, 5004189.158545156940818 ], [ 479835.943894996365998, 5004213.06181984487921 ], [ 479806.086233514593914, 5004238.562671829946339 ], [ 479777.604102393845096, 5004265.591205047443509 ], [ 479750.575569175707642, 5004294.07333616912365 ], [ 479725.074717191047966, 5004323.930997650139034 ], [ 479701.171442502527498, 5004355.082351718097925 ], [ 479678.931262324680574, 5004387.442014676518738 ], [ 479658.415135445422493, 5004420.921290937811136 ], [ 479639.679295142472256, 5004455.428416132926941 ], [ 479622.775095051794779, 5004490.868808630853891 ], [ 479607.748868410824798, 5004527.145328778773546 ], [ 479594.641801062389277, 5004564.158545156940818 ], [ 479583.48981856694445, 5004601.80700711067766 ], [ 479574.32348773337435, 5004639.987522824667394 ], [ 479567.167932837386616, 5004678.595442157238722 ], [ 479562.042766757542267, 5004717.524943486787379 ], [ 479558.962037217803299, 5004756.669323755428195 ], [ 479557.934188283747062, 5004795.921290937811136 ], [ 479558.962037217803299, 5004835.173258120194077 ], [ 479562.042766757542267, 5004874.317638388834894 ], [ 479567.167932837386616, 5004913.247139718383551 ], [ 479574.32348773337435, 5004951.855059050954878 ], [ 479583.48981856694445, 5004990.035574764944613 ], [ 479594.641801062389277, 5005027.684036718681455 ], [ 479607.748868410824798, 5005064.697253096848726 ], [ 479622.775095051794779, 5005100.973773244768381 ], [ 479639.679295142472256, 5005136.414165742695332 ], [ 479658.415135445422493, 5005170.921290937811136 ], [ 479678.931262324680574, 5005204.400567199103534 ], [ 479701.171442502527498, 5005236.760230157524347 ], [ 479725.074717190989759, 5005267.911584225483239 ], [ 479750.575569175707642, 5005297.769245706498623 ], [ 479777.604102393845096, 5005326.251376828178763 ], [ 479806.086233514593914, 5005353.279910045675933 ], [ 479835.943894996365998, 5005378.780762030743062 ], [ 479867.095249064383097, 5005402.684036718681455 ], [ 479899.454912022454664, 5005424.92421689722687 ], [ 479932.934188283747062, 5005445.440343775786459 ], [ 479967.441313479095697, 5005464.176184078678489 ], [ 480002.881705976906233, 5005481.080384169705212 ], [ 480039.15822612476768, 5005496.106610810384154 ], [ 480076.171442502527498, 5005509.213678158819675 ], [ 480113.819904456846416, 5005520.365660654380918 ], [ 480152.000420170428697, 5005529.531991488300264 ], [ 480190.608339503582101, 5005536.687546384520829 ], [ 480229.537840833014343, 5005541.812712464481592 ], [ 480268.682221101538744, 5005544.89344200398773 ], [ 480307.934188283747062, 5005545.921290937811136 ], [ 480347.18615546595538, 5005544.89344200398773 ], [ 480386.330535734479781, 5005541.812712464481592 ], [ 480425.260037063912023, 5005536.687546384520829 ], [ 480463.867956397065427, 5005529.531991488300264 ], [ 480502.048472110647708, 5005520.365660654380918 ], [ 480539.696934064966626, 5005509.213678158819675 ], [ 480576.710150442726444, 5005496.106610810384154 ], [ 480612.986670590587892, 5005481.080384169705212 ], [ 480648.427063088398427, 5005464.176184078678489 ], [ 480682.934188283747062, 5005445.440343775786459 ], [ 480716.41346454503946, 5005424.92421689722687 ], [ 480748.773127503111027, 5005402.684036718681455 ], [ 480779.924481571128126, 5005378.780762030743062 ], [ 480809.78214305290021, 5005353.279910045675933 ], [ 480838.264274173649028, 5005326.251376828178763 ], [ 480865.292807391786482, 5005297.769245706498623 ], [ 480890.793659376446158, 5005267.911584225483239 ], [ 480914.696934064966626, 5005236.760230157524347 ], [ 480936.93711424281355, 5005204.400567199103534 ], [ 480957.453241122071631, 5005170.921290937811136 ], [ 480976.189081425021868, 5005136.414165742695332 ], [ 480993.093281515699346, 5005100.973773244768381 ], [ 481008.119508156669326, 5005064.697253096848726 ], [ 481021.226575505104847, 5005027.684036718681455 ], [ 481032.378558000549674, 5004990.035574764944613 ], [ 481041.544888834119774, 5004951.855059050954878 ], [ 481048.700443730107509, 5004913.247139718383551 ], [ 481053.825609809951857, 5004874.317638388834894 ], [ 481056.906339349690825, 5004835.173258120194077 ], [ 481057.934188283747062, 5004795.921290937811136 ] ] ] } },
{ "type": "Feature", "properties": { "site": 4, "transect": 4.3 }, "geometry": { "type": "Polygon", "coordinates": [ [ [ 481675.403074088215362, 5004746.460194014012814 ], [ 481674.375225154159125, 5004707.208226831629872 ], [ 481671.294495614420157, 5004668.063846562989056 ], [ 481666.169329534575809, 5004629.134345233440399 ], [ 481659.013774638588075, 5004590.526425900869071 ], [ 481649.847443805017974, 5004552.345910186879337 ], [ 481638.695461309573147, 5004514.697448233142495 ], [ 481625.588393961137626, 5004477.684231854975224 ], [ 481610.562167320167646, 5004441.407711707055569 ], [ 481593.657967229490168, 5004405.967319209128618 ], [ 481574.922126926539931, 5004371.460194014012814 ], [ 481554.40600004728185, 5004337.980917752720416 ], [ 481532.165819869434927, 5004305.621254794299603 ], [ 481508.262545180972666, 5004274.469900726340711 ], [ 481482.761693196254782, 5004244.612239245325327 ], [ 481455.733159978117328, 5004216.130108123645186 ], [ 481427.25102885736851, 5004189.101574906148016 ], [ 481397.393367375596426, 5004163.600722921080887 ], [ 481366.242013307579327, 5004139.697448233142495 ], [ 481333.88235034950776, 5004117.45726805459708 ], [ 481300.403074088215362, 5004096.94114117603749 ], [ 481265.895948892866727, 5004078.205300873145461 ], [ 481230.455556395056192, 5004061.301100782118738 ], [ 481194.179036247194745, 5004046.274874141439795 ], [ 481157.165819869434927, 5004033.167806793004274 ], [ 481119.517357915116008, 5004022.015824297443032 ], [ 481081.336842201533727, 5004012.849493463523686 ], [ 481042.728922868380323, 5004005.693938567303121 ], [ 481003.799421538948081, 5004000.568772487342358 ], [ 480964.655041270423681, 5003997.48804294783622 ], [ 480925.403074088215362, 5003996.460194014012814 ], [ 480886.151106906007044, 5003997.48804294783622 ], [ 480847.006726637482643, 5004000.568772487342358 ], [ 480808.077225308050402, 5004005.693938567303121 ], [ 480769.469305974896997, 5004012.849493463523686 ], [ 480731.288790261314716, 5004022.015824297443032 ], [ 480693.640328306995798, 5004033.167806793004274 ], [ 480656.62711192923598, 5004046.274874141439795 ], [ 480620.350591781374533, 5004061.301100782118738 ], [ 480584.910199283563998, 5004078.205300873145461 ], [ 480550.403074088215362, 5004096.94114117603749 ], [ 480516.923797826922964, 5004117.45726805459708 ], [ 480484.564134868851397, 5004139.697448233142495 ], [ 480453.412780800834298, 5004163.600722921080887 ], [ 480423.555119319062214, 5004189.101574906148016 ], [ 480395.072988198313396, 5004216.130108123645186 ], [ 480368.044454980175942, 5004244.612239245325327 ], [ 480342.543602995516267, 5004274.469900726340711 ], [ 480318.640328306995798, 5004305.621254794299603 ], [ 480296.400148129148874, 5004337.980917752720416 ], [ 480275.884021249890793, 5004371.460194014012814 ], [ 480257.148180946940556, 5004405.967319209128618 ], [ 480240.243980856263079, 5004441.407711707055569 ], [ 480225.217754215293098, 5004477.684231854975224 ], [ 480212.110686866857577, 5004514.697448233142495 ], [ 480200.95870437141275, 5004552.345910186879337 ], [ 480191.79237353784265, 5004590.526425900869071 ], [ 480184.636818641854916, 5004629.134345233440399 ], [ 480179.511652562010568, 5004668.063846562989056 ], [ 480176.4309230222716, 5004707.208226831629872 ], [ 480175.403074088215362, 5004746.460194014012814 ], [ 480176.4309230222716, 5004785.712161196395755 ], [ 480179.511652562010568, 5004824.856541465036571 ], [ 480184.636818641854916, 5004863.786042794585228 ], [ 480191.79237353784265, 5004902.393962127156556 ], [ 480200.95870437141275, 5004940.57447784114629 ], [ 480212.110686866857577, 5004978.222939794883132 ], [ 480225.217754215293098, 5005015.236156173050404 ], [ 480240.243980856263079, 5005051.512676320970058 ], [ 480257.148180946940556, 5005086.953068818897009 ], [ 480275.884021249890793, 5005121.460194014012814 ], [ 480296.400148129148874, 5005154.939470275305212 ], [ 480318.640328306995798, 5005187.299133233726025 ], [ 480342.543602995458059, 5005218.450487301684916 ], [ 480368.044454980175942, 5005248.3081487827003 ], [ 480395.072988198313396, 5005276.790279904380441 ], [ 480423.555119319062214, 5005303.818813121877611 ], [ 480453.412780800834298, 5005329.31966510694474 ], [ 480484.564134868851397, 5005353.222939794883132 ], [ 480516.923797826922964, 5005375.463119973428547 ], [ 480550.403074088215362, 5005395.979246851988137 ], [ 480584.910199283563998, 5005414.715087154880166 ], [ 480620.350591781374533, 5005431.619287245906889 ], [ 480656.62711192923598, 5005446.645513886585832 ], [ 480693.640328306995798, 5005459.752581235021353 ], [ 480731.288790261314716, 5005470.904563730582595 ], [ 480769.469305974896997, 5005480.070894564501941 ], [ 480808.077225308050402, 5005487.226449460722506 ], [ 480847.006726637482643, 5005492.35161554068327 ], [ 480886.151106906007044, 5005495.432345080189407 ], [ 480925.403074088215362, 5005496.460194014012814 ], [ 480964.655041270423681, 5005495.432345080189407 ], [ 481003.799421538948081, 5005492.35161554068327 ], [ 481042.728922868380323, 5005487.226449460722506 ], [ 481081.336842201533727, 5005480.070894564501941 ], [ 481119.517357915116008, 5005470.904563730582595 ], [ 481157.165819869434927, 5005459.752581235021353 ], [ 481194.179036247194745, 5005446.645513886585832 ], [ 481230.455556395056192, 5005431.619287245906889 ], [ 481265.895948892866727, 5005414.715087154880166 ], [ 481300.403074088215362, 5005395.979246851988137 ], [ 481333.88235034950776, 5005375.463119973428547 ], [ 481366.242013307579327, 5005353.222939794883132 ], [ 481397.393367375596426, 5005329.31966510694474 ], [ 481427.25102885736851, 5005303.818813121877611 ], [ 481455.733159978117328, 5005276.790279904380441 ], [ 481482.761693196254782, 5005248.3081487827003 ], [ 481508.262545180914458, 5005218.450487301684916 ], [ 481532.165819869434927, 5005187.299133233726025 ], [ 481554.40600004728185, 5005154.939470275305212 ], [ 481574.922126926539931, 5005121.460194014012814 ], [ 481593.657967229490168, 5005086.953068818897009 ], [ 481610.562167320167646, 5005051.512676320970058 ], [ 481625.588393961137626, 5005015.236156173050404 ], [ 481638.695461309573147, 5004978.222939794883132 ], [ 481649.847443805017974, 5004940.57447784114629 ], [ 481659.013774638588075, 5004902.393962127156556 ], [ 481666.169329534575809, 5004863.786042794585228 ], [ 481671.294495614420157, 5004824.856541465036571 ], [ 481674.375225154159125, 5004785.712161196395755 ], [ 481675.403074088215362, 5004746.460194014012814 ] ] ] } },
{ "type": "Feature", "properties": { "site": 4, "transect": 4.4 }, "geometry": { "type": "Polygon", "coordinates": [ [ [ 481414.699018170009367, 5004971.985750999301672 ], [ 481413.67116923595313, 5004932.733783816918731 ], [ 481410.590439696214162, 5004893.589403548277915 ], [ 481405.465273616369814, 5004854.659902218729258 ], [ 481398.309718720382079, 5004816.05198288615793 ], [ 481389.143387886811979, 5004777.871467172168195 ], [ 481377.991405391367152, 5004740.223005218431354 ], [ 481364.884338042931631, 5004703.209788840264082 ], [ 481349.858111401961651, 5004666.933268692344427 ], [ 481332.953911311284173, 5004631.492876194417477 ], [ 481314.218071008333936, 5004596.985750999301672 ], [ 481293.701944129075855, 5004563.506474738009274 ], [ 481271.461763951228932, 5004531.146811779588461 ], [ 481247.558489262708463, 5004499.99545771162957 ], [ 481222.057637278048787, 5004470.137796230614185 ], [ 481195.029104059911333, 5004441.655665108934045 ], [ 481166.546972939162515, 5004414.627131891436875 ], [ 481136.689311457390431, 5004389.126279906369746 ], [ 481105.537957389373332, 5004365.223005218431354 ], [ 481073.178294431301765, 5004342.982825039885938 ], [ 481039.699018170009367, 5004322.466698161326349 ], [ 481005.191892974660732, 5004303.730857858434319 ], [ 480969.751500476850197, 5004286.826657767407596 ], [ 480933.47498032898875, 5004271.800431126728654 ], [ 480896.461763951228932, 5004258.693363778293133 ], [ 480858.813301996910013, 5004247.541381282731891 ], [ 480820.632786283327732, 5004238.375050448812544 ], [ 480782.024866950174328, 5004231.21949555259198 ], [ 480743.095365620742086, 5004226.094329472631216 ], [ 480703.950985352217685, 5004223.013599933125079 ], [ 480664.699018170009367, 5004221.985750999301672 ], [ 480625.447050987801049, 5004223.013599933125079 ], [ 480586.302670719276648, 5004226.094329472631216 ], [ 480547.373169389844406, 5004231.21949555259198 ], [ 480508.765250056691002, 5004238.375050448812544 ], [ 480470.584734343108721, 5004247.541381282731891 ], [ 480432.936272388789803, 5004258.693363778293133 ], [ 480395.923056011029985, 5004271.800431126728654 ], [ 480359.646535863168538, 5004286.826657767407596 ], [ 480324.206143365358002, 5004303.730857858434319 ], [ 480289.699018170009367, 5004322.466698161326349 ], [ 480256.219741908716969, 5004342.982825039885938 ], [ 480223.860078950645402, 5004365.223005218431354 ], [ 480192.708724882628303, 5004389.126279906369746 ], [ 480162.851063400856219, 5004414.627131891436875 ], [ 480134.368932280107401, 5004441.655665108934045 ], [ 480107.340399061969947, 5004470.137796230614185 ], [ 480081.839547077310272, 5004499.99545771162957 ], [ 480057.936272388789803, 5004531.146811779588461 ], [ 480035.696092210942879, 5004563.506474738009274 ], [ 480015.179965331684798, 5004596.985750999301672 ], [ 479996.444125028734561, 5004631.492876194417477 ], [ 479979.539924938057084, 5004666.933268692344427 ], [ 479964.513698297087103, 5004703.209788840264082 ], [ 479951.406630948651582, 5004740.223005218431354 ], [ 479940.254648453206755, 5004777.871467172168195 ], [ 479931.088317619636655, 5004816.05198288615793 ], [ 479923.932762723648921, 5004854.659902218729258 ], [ 479918.807596643804573, 5004893.589403548277915 ], [ 479915.726867104065605, 5004932.733783816918731 ], [ 479914.699018170009367, 5004971.985750999301672 ], [ 479915.726867104065605, 5005011.237718181684613 ], [ 479918.807596643804573, 5005050.382098450325429 ], [ 479923.932762723648921, 5005089.311599779874086 ], [ 479931.088317619636655, 5005127.919519112445414 ], [ 479940.254648453206755, 5005166.100034826435149 ], [ 479951.406630948651582, 5005203.74849678017199 ], [ 479964.513698297087103, 5005240.761713158339262 ], [ 479979.539924938057084, 5005277.038233306258917 ], [ 479996.444125028734561, 5005312.478625804185867 ], [ 480015.179965331684798, 5005346.985750999301672 ], [ 480035.696092210942879, 5005380.46502726059407 ], [ 480057.936272388789803, 5005412.824690219014883 ], [ 480081.839547077252064, 5005443.976044286973774 ], [ 480107.340399061969947, 5005473.833705767989159 ], [ 480134.368932280107401, 5005502.315836889669299 ], [ 480162.851063400856219, 5005529.344370107166469 ], [ 480192.708724882628303, 5005554.845222092233598 ], [ 480223.860078950645402, 5005578.74849678017199 ], [ 480256.219741908716969, 5005600.988676958717406 ], [ 480289.699018170009367, 5005621.504803837276995 ], [ 480324.206143365358002, 5005640.240644140169024 ], [ 480359.646535863168538, 5005657.144844231195748 ], [ 480395.923056011029985, 5005672.17107087187469 ], [ 480432.936272388789803, 5005685.278138220310211 ], [ 480470.584734343108721, 5005696.430120715871453 ], [ 480508.765250056691002, 5005705.5964515497908 ], [ 480547.373169389844406, 5005712.752006446011364 ], [ 480586.302670719276648, 5005717.877172525972128 ], [ 480625.447050987801049, 5005720.957902065478265 ], [ 480664.699018170009367, 5005721.985750999301672 ], [ 480703.950985352217685, 5005720.957902065478265 ], [ 480743.095365620742086, 5005717.877172525972128 ], [ 480782.024866950174328, 5005712.752006446011364 ], [ 480820.632786283327732, 5005705.5964515497908 ], [ 480858.813301996910013, 5005696.430120715871453 ], [ 480896.461763951228932, 5005685.278138220310211 ], [ 480933.47498032898875, 5005672.17107087187469 ], [ 480969.751500476850197, 5005657.144844231195748 ], [ 481005.191892974660732, 5005640.240644140169024 ], [ 481039.699018170009367, 5005621.504803837276995 ], [ 481073.178294431301765, 5005600.988676958717406 ], [ 481105.537957389373332, 5005578.74849678017199 ], [ 481136.689311457390431, 5005554.845222092233598 ], [ 481166.546972939162515, 5005529.344370107166469 ], [ 481195.029104059911333, 5005502.315836889669299 ], [ 481222.057637278048787, 5005473.833705767989159 ], [ 481247.558489262708463, 5005443.976044286973774 ], [ 481271.461763951228932, 5005412.824690219014883 ], [ 481293.701944129075855, 5005380.46502726059407 ], [ 481314.218071008333936, 5005346.985750999301672 ], [ 481332.953911311284173, 5005312.478625804185867 ], [ 481349.858111401961651, 5005277.038233306258917 ], [ 481364.884338042931631, 5005240.761713158339262 ], [ 481377.991405391367152, 5005203.74849678017199 ], [ 481389.143387886811979, 5005166.100034826435149 ], [ 481398.309718720382079, 5005127.919519112445414 ], [ 481405.465273616369814, 5005089.311599779874086 ], [ 481410.590439696214162, 5005050.382098450325429 ], [ 481413.67116923595313, 5005011.237718181684613 ], [ 481414.699018170009367, 5004971.985750999301672 ] ] ] } },
{ "type": "Feature", "properties": { "site": 4, "transect": 4.5 }, "geometry": { "type": "Polygon", "coordinates": [ [ [ 481309.316901327576488, 5004744.87103508412838 ], [ 481308.289052393520251, 5004705.619067901745439 ], [ 481305.208322853781283, 5004666.474687633104622 ], [ 481300.083156773936935, 5004627.545186303555965 ], [ 481292.927601877949201, 5004588.937266970984638 ], [ 481283.7612710443791, 5004550.756751256994903 ], [ 481272.609288548934273, 5004513.108289303258061 ], [ 481259.502221200498752, 5004476.09507292509079 ], [ 481244.475994559528772, 5004439.818552777171135 ], [ 481227.571794468851294, 5004404.378160279244184 ], [ 481208.835954165901057, 5004369.87103508412838 ], [ 481188.319827286642976, 5004336.391758822835982 ], [ 481166.079647108796053, 5004304.032095864415169 ], [ 481142.176372420275584, 5004272.880741796456277 ], [ 481116.675520435615908, 5004243.023080315440893 ], [ 481089.646987217478454, 5004214.540949193760753 ], [ 481061.164856096729636, 5004187.512415976263583 ], [ 481031.307194614957552, 5004162.011563991196454 ], [ 481000.155840546940453, 5004138.108289303258061 ], [ 480967.796177588868886, 5004115.868109124712646 ], [ 480934.316901327576488, 5004095.351982246153057 ], [ 480899.809776132227853, 5004076.616141943261027 ], [ 480864.369383634417318, 5004059.711941852234304 ], [ 480828.092863486555871, 5004044.685715211555362 ], [ 480791.079647108796053, 5004031.578647863119841 ], [ 480753.431185154477134, 5004020.426665367558599 ], [ 480715.250669440894853, 5004011.260334533639252 ], [ 480676.642750107741449, 5004004.104779637418687 ], [ 480637.713248778309207, 5003998.979613557457924 ], [ 480598.568868509784807, 5003995.898884017951787 ], [ 480559.316901327576488, 5003994.87103508412838 ], [ 480520.06493414536817, 5003995.898884017951787 ], [ 480480.920553876843769, 5003998.979613557457924 ], [ 480441.991052547411527, 5004004.104779637418687 ], [ 480403.383133214258123, 5004011.260334533639252 ], [ 480365.202617500675842, 5004020.426665367558599 ], [ 480327.554155546356924, 5004031.578647863119841 ], [ 480290.540939168597106, 5004044.685715211555362 ], [ 480254.264419020735659, 5004059.711941852234304 ], [ 480218.824026522925124, 5004076.616141943261027 ], [ 480184.316901327576488, 5004095.351982246153057 ], [ 480150.83762506628409, 5004115.868109124712646 ], [ 480118.477962108212523, 5004138.108289303258061 ], [ 480087.326608040195424, 5004162.011563991196454 ], [ 480057.46894655842334, 5004187.512415976263583 ], [ 480028.986815437674522, 5004214.540949193760753 ], [ 480001.958282219537068, 5004243.023080315440893 ], [ 479976.457430234877393, 5004272.880741796456277 ], [ 479952.554155546356924, 5004304.032095864415169 ], [ 479930.31397536851, 5004336.391758822835982 ], [ 479909.797848489251919, 5004369.87103508412838 ], [ 479891.062008186301682, 5004404.378160279244184 ], [ 479874.157808095624205, 5004439.818552777171135 ], [ 479859.131581454654224, 5004476.09507292509079 ], [ 479846.024514106218703, 5004513.108289303258061 ], [ 479834.872531610773876, 5004550.756751256994903 ], [ 479825.706200777203776, 5004588.937266970984638 ], [ 479818.550645881216042, 5004627.545186303555965 ], [ 479813.425479801371694, 5004666.474687633104622 ], [ 479810.344750261632726, 5004705.619067901745439 ], [ 479809.316901327576488, 5004744.87103508412838 ], [ 479810.344750261632726, 5004784.123002266511321 ], [ 479813.425479801371694, 5004823.267382535152137 ], [ 479818.550645881216042, 5004862.196883864700794 ], [ 479825.706200777203776, 5004900.804803197272122 ], [ 479834.872531610773876, 5004938.985318911261857 ], [ 479846.024514106218703, 5004976.633780864998698 ], [ 479859.131581454654224, 5005013.64699724316597 ], [ 479874.157808095624205, 5005049.923517391085625 ], [ 479891.062008186301682, 5005085.363909889012575 ], [ 479909.797848489251919, 5005119.87103508412838 ], [ 479930.31397536851, 5005153.350311345420778 ], [ 479952.554155546356924, 5005185.709974303841591 ], [ 479976.457430234819185, 5005216.861328371800482 ], [ 480001.958282219537068, 5005246.718989852815866 ], [ 480028.986815437674522, 5005275.201120974496007 ], [ 480057.46894655842334, 5005302.229654191993177 ], [ 480087.326608040195424, 5005327.730506177060306 ], [ 480118.477962108212523, 5005351.633780864998698 ], [ 480150.83762506628409, 5005373.873961043544114 ], [ 480184.316901327576488, 5005394.390087922103703 ], [ 480218.824026522925124, 5005413.125928224995732 ], [ 480254.264419020735659, 5005430.030128316022456 ], [ 480290.540939168597106, 5005445.056354956701398 ], [ 480327.554155546356924, 5005458.163422305136919 ], [ 480365.202617500675842, 5005469.315404800698161 ], [ 480403.383133214258123, 5005478.481735634617507 ], [ 480441.991052547411527, 5005485.637290530838072 ], [ 480480.920553876843769, 5005490.762456610798836 ], [ 480520.06493414536817, 5005493.843186150304973 ], [ 480559.316901327576488, 5005494.87103508412838 ], [ 480598.568868509784807, 5005493.843186150304973 ], [ 480637.713248778309207, 5005490.762456610798836 ], [ 480676.642750107741449, 5005485.637290530838072 ], [ 480715.250669440894853, 5005478.481735634617507 ], [ 480753.431185154477134, 5005469.315404800698161 ], [ 480791.079647108796053, 5005458.163422305136919 ], [ 480828.092863486555871, 5005445.056354956701398 ], [ 480864.369383634417318, 5005430.030128316022456 ], [ 480899.809776132227853, 5005413.125928224995732 ], [ 480934.316901327576488, 5005394.390087922103703 ], [ 480967.796177588868886, 5005373.873961043544114 ], [ 481000.155840546940453, 5005351.633780864998698 ], [ 481031.307194614957552, 5005327.730506177060306 ], [ 481061.164856096729636, 5005302.229654191993177 ], [ 481089.646987217478454, 5005275.201120974496007 ], [ 481116.675520435615908, 5005246.718989852815866 ], [ 481142.176372420275584, 5005216.861328371800482 ], [ 481166.079647108796053, 5005185.709974303841591 ], [ 481188.319827286642976, 5005153.350311345420778 ], [ 481208.835954165901057, 5005119.87103508412838 ], [ 481227.571794468851294, 5005085.363909889012575 ], [ 481244.475994559528772, 5005049.923517391085625 ], [ 481259.502221200498752, 5005013.64699724316597 ], [ 481272.609288548934273, 5004976.633780864998698 ], [ 481283.7612710443791, 5004938.985318911261857 ], [ 481292.927601877949201, 5004900.804803197272122 ], [ 481300.083156773936935, 5004862.196883864700794 ], [ 481305.208322853781283, 5004823.267382535152137 ], [ 481308.289052393520251, 5004784.123002266511321 ], [ 481309.316901327576488, 5004744.87103508412838 ] ] ] } },
{ "type": "Feature", "properties": { "site": 5, "transect": 5.1 }, "geometry": { "type": "Polygon", "coordinates": [ [ [ 466231.411161264113616, 5049020.394840496592224 ], [ 466230.383312330057379, 5048981.142873314209282 ], [ 466227.302582790318411, 5048941.998493045568466 ], [ 466222.177416710474063, 5048903.068991716019809 ], [ 466215.021861814486329, 5048864.461072383448482 ], [ 466205.855530980916228, 5048826.280556669458747 ], [ 466194.703548485471401, 5048788.632094715721905 ], [ 466181.59648113703588, 5048751.618878337554634 ], [ 466166.5702544960659, 5048715.342358189634979 ], [ 466149.666054405388422, 5048679.901965691708028 ], [ 466130.930214102438185, 5048645.394840496592224 ], [ 466110.414087223180104, 5048611.915564235299826 ], [ 466088.173907045333181, 5048579.555901276879013 ], [ 466064.270632356870919, 5048548.404547208920121 ], [ 466038.769780372153036, 5048518.546885727904737 ], [ 466011.741247154015582, 5048490.064754606224597 ], [ 465983.259116033266764, 5048463.036221388727427 ], [ 465953.40145455149468, 5048437.535369403660297 ], [ 465922.250100483477581, 5048413.632094715721905 ], [ 465889.890437525406014, 5048391.39191453717649 ], [ 465856.411161264113616, 5048370.8757876586169 ], [ 465821.904036068764981, 5048352.139947355724871 ], [ 465786.463643570954446, 5048335.235747264698148 ], [ 465750.187123423092999, 5048320.209520624019206 ], [ 465713.173907045333181, 5048307.102453275583684 ], [ 465675.525445091014262, 5048295.950470780022442 ], [ 465637.344929377431981, 5048286.784139946103096 ], [ 465598.737010044278577, 5048279.628585049882531 ], [ 465559.807508714846335, 5048274.503418969921768 ], [ 465520.663128446321934, 5048271.42268943041563 ], [ 465481.411161264113616, 5048270.394840496592224 ], [ 465442.159194081905298, 5048271.42268943041563 ], [ 465403.014813813380897, 5048274.503418969921768 ], [ 465364.085312483948655, 5048279.628585049882531 ], [ 465325.477393150795251, 5048286.784139946103096 ], [ 465287.29687743721297, 5048295.950470780022442 ], [ 465249.648415482894052, 5048307.102453275583684 ], [ 465212.635199105134234, 5048320.209520624019206 ], [ 465176.358678957272787, 5048335.235747264698148 ], [ 465140.918286459462252, 5048352.139947355724871 ], [ 465106.411161264113616, 5048370.8757876586169 ], [ 465072.931885002821218, 5048391.39191453717649 ], [ 465040.572222044749651, 5048413.632094715721905 ], [ 465009.420867976732552, 5048437.535369403660297 ], [ 464979.563206494960468, 5048463.036221388727427 ], [ 464951.08107537421165, 5048490.064754606224597 ], [ 464924.052542156074196, 5048518.546885727904737 ], [ 464898.551690171414521, 5048548.404547208920121 ], [ 464874.648415482894052, 5048579.555901276879013 ], [ 464852.408235305047128, 5048611.915564235299826 ], [ 464831.892108425789047, 5048645.394840496592224 ], [ 464813.15626812283881, 5048679.901965691708028 ], [ 464796.252068032161333, 5048715.342358189634979 ], [ 464781.225841391191352, 5048751.618878337554634 ], [ 464768.118774042755831, 5048788.632094715721905 ], [ 464756.966791547311004, 5048826.280556669458747 ], [ 464747.800460713740904, 5048864.461072383448482 ], [ 464740.64490581775317, 5048903.068991716019809 ], [ 464735.519739737908822, 5048941.998493045568466 ], [ 464732.439010198169854, 5048981.142873314209282 ], [ 464731.411161264113616, 5049020.394840496592224 ], [ 464732.439010198169854, 5049059.646807678975165 ], [ 464735.519739737908822, 5049098.791187947615981 ], [ 464740.64490581775317, 5049137.720689277164638 ], [ 464747.800460713740904, 5049176.328608609735966 ], [ 464756.966791547311004, 5049214.5091243237257 ], [ 464768.118774042755831, 5049252.157586277462542 ], [ 464781.225841391191352, 5049289.170802655629814 ], [ 464796.252068032161333, 5049325.447322803549469 ], [ 464813.15626812283881, 5049360.887715301476419 ], [ 464831.892108425789047, 5049395.394840496592224 ], [ 464852.408235305047128, 5049428.874116757884622 ], [ 464874.648415482894052, 5049461.233779716305435 ], [ 464898.551690171356313, 5049492.385133784264326 ], [ 464924.052542156074196, 5049522.24279526527971 ], [ 464951.08107537421165, 5049550.724926386959851 ], [ 464979.563206494960468, 5049577.753459604457021 ], [ 465009.420867976732552, 5049603.25431158952415 ], [ 465040.572222044749651, 5049627.157586277462542 ], [ 465072.931885002821218, 5049649.397766456007957 ], [ 465106.411161264113616, 5049669.913893334567547 ], [ 465140.918286459462252, 5049688.649733637459576 ], [ 465176.358678957272787, 5049705.5539337284863 ], [ 465212.635199105134234, 5049720.580160369165242 ], [ 465249.648415482894052, 5049733.687227717600763 ], [ 465287.29687743721297, 5049744.839210213162005 ], [ 465325.477393150795251, 5049754.005541047081351 ], [ 465364.085312483948655, 5049761.161095943301916 ], [ 465403.014813813380897, 5049766.28626202326268 ], [ 465442.159194081905298, 5049769.366991562768817 ], [ 465481.411161264113616, 5049770.394840496592224 ], [ 465520.663128446321934, 5049769.366991562768817 ], [ 465559.807508714846335, 5049766.28626202326268 ], [ 465598.737010044278577, 5049761.161095943301916 ], [ 465637.344929377431981, 5049754.005541047081351 ], [ 465675.525445091014262, 5049744.839210213162005 ], [ 465713.173907045333181, 5049733.687227717600763 ], [ 465750.187123423092999, 5049720.580160369165242 ], [ 465786.463643570954446, 5049705.5539337284863 ], [ 465821.904036068764981, 5049688.649733637459576 ], [ 465856.411161264113616, 5049669.913893334567547 ], [ 465889.890437525406014, 5049649.397766456007957 ], [ 465922.250100483477581, 5049627.157586277462542 ], [ 465953.40145455149468, 5049603.25431158952415 ], [ 465983.259116033266764, 5049577.753459604457021 ], [ 466011.741247154015582, 5049550.724926386959851 ], [ 466038.769780372153036, 5049522.24279526527971 ], [ 466064.270632356812712, 5049492.385133784264326 ], [ 466088.173907045333181, 5049461.233779716305435 ], [ 466110.414087223180104, 5049428.874116757884622 ], [ 466130.930214102438185, 5049395.394840496592224 ], [ 466149.666054405388422, 5049360.887715301476419 ], [ 466166.5702544960659, 5049325.447322803549469 ], [ 466181.59648113703588, 5049289.170802655629814 ], [ 466194.703548485471401, 5049252.157586277462542 ], [ 466205.855530980916228, 5049214.5091243237257 ], [ 466215.021861814486329, 5049176.328608609735966 ], [ 466222.177416710474063, 5049137.720689277164638 ], [ 466227.302582790318411, 5049098.791187947615981 ], [ 466230.383312330057379, 5049059.646807678975165 ], [ 466231.411161264113616, 5049020.394840496592224 ] ] ] } },
{ "type": "Feature", "properties": { "site": 5, "transect": 5.2 }, "geometry": { "type": "Polygon", "coordinates": [ [ [ 466039.480707928712945, 5048801.363324037753046 ], [ 466038.452858994656708, 5048762.111356855370104 ], [ 466035.37212945491774, 5048722.966976586729288 ], [ 466030.246963375073392, 5048684.037475257180631 ], [ 466023.091408479085658, 5048645.429555924609303 ], [ 466013.925077645515557, 5048607.249040210619569 ], [ 466002.773095150070731, 5048569.600578256882727 ], [ 465989.666027801635209, 5048532.587361878715456 ], [ 465974.639801160665229, 5048496.310841730795801 ], [ 465957.735601069987752, 5048460.87044923286885 ], [ 465938.999760767037515, 5048426.363324037753046 ], [ 465918.483633887779433, 5048392.884047776460648 ], [ 465896.24345370993251, 5048360.524384818039834 ], [ 465872.340179021470249, 5048329.373030750080943 ], [ 465846.839327036752366, 5048299.515369269065559 ], [ 465819.810793818614911, 5048271.033238147385418 ], [ 465791.328662697866093, 5048244.004704929888248 ], [ 465761.47100121609401, 5048218.503852944821119 ], [ 465730.319647148076911, 5048194.600578256882727 ], [ 465697.959984190005343, 5048172.360398078337312 ], [ 465664.480707928712945, 5048151.844271199777722 ], [ 465629.97358273336431, 5048133.108430896885693 ], [ 465594.533190235553775, 5048116.20423080585897 ], [ 465558.256670087692328, 5048101.178004165180027 ], [ 465521.24345370993251, 5048088.070936816744506 ], [ 465483.594991755613592, 5048076.918954321183264 ], [ 465445.41447604203131, 5048067.752623487263918 ], [ 465406.806556708877906, 5048060.597068591043353 ], [ 465367.877055379445665, 5048055.47190251108259 ], [ 465328.732675110921264, 5048052.391172971576452 ], [ 465289.480707928712945, 5048051.363324037753046 ], [ 465250.228740746504627, 5048052.391172971576452 ], [ 465211.084360477980226, 5048055.47190251108259 ], [ 465172.154859148547985, 5048060.597068591043353 ], [ 465133.54693981539458, 5048067.752623487263918 ], [ 465095.366424101812299, 5048076.918954321183264 ], [ 465057.717962147493381, 5048088.070936816744506 ], [ 465020.704745769733563, 5048101.178004165180027 ], [ 464984.428225621872116, 5048116.20423080585897 ], [ 464948.987833124061581, 5048133.108430896885693 ], [ 464914.480707928712945, 5048151.844271199777722 ], [ 464881.001431667420547, 5048172.360398078337312 ], [ 464848.64176870934898, 5048194.600578256882727 ], [ 464817.490414641331881, 5048218.503852944821119 ], [ 464787.632753159559797, 5048244.004704929888248 ], [ 464759.15062203881098, 5048271.033238147385418 ], [ 464732.122088820673525, 5048299.515369269065559 ], [ 464706.62123683601385, 5048329.373030750080943 ], [ 464682.717962147493381, 5048360.524384818039834 ], [ 464660.477781969646458, 5048392.884047776460648 ], [ 464639.961655090388376, 5048426.363324037753046 ], [ 464621.225814787438139, 5048460.87044923286885 ], [ 464604.321614696760662, 5048496.310841730795801 ], [ 464589.295388055790681, 5048532.587361878715456 ], [ 464576.18832070735516, 5048569.600578256882727 ], [ 464565.036338211910333, 5048607.249040210619569 ], [ 464555.870007378340233, 5048645.429555924609303 ], [ 464548.714452482352499, 5048684.037475257180631 ], [ 464543.589286402508151, 5048722.966976586729288 ], [ 464540.508556862769183, 5048762.111356855370104 ], [ 464539.480707928712945, 5048801.363324037753046 ], [ 464540.508556862769183, 5048840.615291220135987 ], [ 464543.589286402508151, 5048879.759671488776803 ], [ 464548.714452482352499, 5048918.68917281832546 ], [ 464555.870007378340233, 5048957.297092150896788 ], [ 464565.036338211910333, 5048995.477607864886522 ], [ 464576.18832070735516, 5049033.126069818623364 ], [ 464589.295388055790681, 5049070.139286196790636 ], [ 464604.321614696760662, 5049106.41580634471029 ], [ 464621.225814787438139, 5049141.856198842637241 ], [ 464639.961655090388376, 5049176.363324037753046 ], [ 464660.477781969646458, 5049209.842600299045444 ], [ 464682.717962147493381, 5049242.202263257466257 ], [ 464706.621236835955642, 5049273.353617325425148 ], [ 464732.122088820673525, 5049303.211278806440532 ], [ 464759.15062203881098, 5049331.693409928120673 ], [ 464787.632753159559797, 5049358.721943145617843 ], [ 464817.490414641331881, 5049384.222795130684972 ], [ 464848.64176870934898, 5049408.126069818623364 ], [ 464881.001431667420547, 5049430.366249997168779 ], [ 464914.480707928712945, 5049450.882376875728369 ], [ 464948.987833124061581, 5049469.618217178620398 ], [ 464984.428225621872116, 5049486.522417269647121 ], [ 465020.704745769733563, 5049501.548643910326064 ], [ 465057.717962147493381, 5049514.655711258761585 ], [ 465095.366424101812299, 5049525.807693754322827 ], [ 465133.54693981539458, 5049534.974024588242173 ], [ 465172.154859148547985, 5049542.129579484462738 ], [ 465211.084360477980226, 5049547.254745564423501 ], [ 465250.228740746504627, 5049550.335475103929639 ], [ 465289.480707928712945, 5049551.363324037753046 ], [ 465328.732675110921264, 5049550.335475103929639 ], [ 465367.877055379445665, 5049547.254745564423501 ], [ 465406.806556708877906, 5049542.129579484462738 ], [ 465445.41447604203131, 5049534.974024588242173 ], [ 465483.594991755613592, 5049525.807693754322827 ], [ 465521.24345370993251, 5049514.655711258761585 ], [ 465558.256670087692328, 5049501.548643910326064 ], [ 465594.533190235553775, 5049486.522417269647121 ], [ 465629.97358273336431, 5049469.618217178620398 ], [ 465664.480707928712945, 5049450.882376875728369 ], [ 465697.959984190005343, 5049430.366249997168779 ], [ 465730.319647148076911, 5049408.126069818623364 ], [ 465761.47100121609401, 5049384.222795130684972 ], [ 465791.328662697866093, 5049358.721943145617843 ], [ 465819.810793818614911, 5049331.693409928120673 ], [ 465846.839327036752366, 5049303.211278806440532 ], [ 465872.340179021412041, 5049273.353617325425148 ], [ 465896.24345370993251, 5049242.202263257466257 ], [ 465918.483633887779433, 5049209.842600299045444 ], [ 465938.999760767037515, 5049176.363324037753046 ], [ 465957.735601069987752, 5049141.856198842637241 ], [ 465974.639801160665229, 5049106.41580634471029 ], [ 465989.666027801635209, 5049070.139286196790636 ], [ 466002.773095150070731, 5049033.126069818623364 ], [ 466013.925077645515557, 5048995.477607864886522 ], [ 466023.091408479085658, 5048957.297092150896788 ], [ 466030.246963375073392, 5048918.68917281832546 ], [ 466035.37212945491774, 5048879.759671488776803 ], [ 466038.452858994656708, 5048840.615291220135987 ], [ 466039.480707928712945, 5048801.363324037753046 ] ] ] } },
{ "type": "Feature", "properties": { "site": 5, "transect": 5.3 }, "geometry": { "type": "Polygon", "coordinates": [ [ [ 466035.057169890846126, 5048828.764574501663446 ], [ 466034.029320956789888, 5048789.512607319280505 ], [ 466030.94859141705092, 5048750.368227050639689 ], [ 466025.823425337206572, 5048711.438725721091032 ], [ 466018.667870441218838, 5048672.830806388519704 ], [ 466009.501539607648738, 5048634.65029067452997 ], [ 465998.349557112203911, 5048597.001828720793128 ], [ 465985.24248976376839, 5048559.988612342625856 ], [ 465970.216263122798409, 5048523.712092194706202 ], [ 465953.312063032120932, 5048488.271699696779251 ], [ 465934.576222729170695, 5048453.764574501663446 ], [ 465914.060095849912614, 5048420.285298240371048 ], [ 465891.81991567206569, 5048387.925635281950235 ], [ 465867.916640983545221, 5048356.774281213991344 ], [ 465842.415788998885546, 5048326.91661973297596 ], [ 465815.387255780748092, 5048298.434488611295819 ], [ 465786.905124659999274, 5048271.405955393798649 ], [ 465757.04746317822719, 5048245.90510340873152 ], [ 465725.896109110210091, 5048222.001828720793128 ], [ 465693.536446152138524, 5048199.761648542247713 ], [ 465660.057169890846126, 5048179.245521663688123 ], [ 465625.55004469549749, 5048160.509681360796094 ], [ 465590.109652197686955, 5048143.605481269769371 ], [ 465553.833132049825508, 5048128.579254629090428 ], [ 465516.81991567206569, 5048115.472187280654907 ], [ 465479.171453717746772, 5048104.320204785093665 ], [ 465440.990938004164491, 5048095.153873951174319 ], [ 465402.383018671011087, 5048087.998319054953754 ], [ 465363.453517341578845, 5048082.87315297499299 ], [ 465324.309137073054444, 5048079.792423435486853 ], [ 465285.057169890846126, 5048078.764574501663446 ], [ 465245.805202708637808, 5048079.792423435486853 ], [ 465206.660822440113407, 5048082.87315297499299 ], [ 465167.731321110681165, 5048087.998319054953754 ], [ 465129.123401777527761, 5048095.153873951174319 ], [ 465090.94288606394548, 5048104.320204785093665 ], [ 465053.294424109626561, 5048115.472187280654907 ], [ 465016.281207731866743, 5048128.579254629090428 ], [ 464980.004687584005296, 5048143.605481269769371 ], [ 464944.564295086194761, 5048160.509681360796094 ], [ 464910.057169890846126, 5048179.245521663688123 ], [ 464876.577893629553728, 5048199.761648542247713 ], [ 464844.218230671482161, 5048222.001828720793128 ], [ 464813.066876603465062, 5048245.90510340873152 ], [ 464783.209215121692978, 5048271.405955393798649 ], [ 464754.72708400094416, 5048298.434488611295819 ], [ 464727.698550782806706, 5048326.91661973297596 ], [ 464702.19769879814703, 5048356.774281213991344 ], [ 464678.294424109626561, 5048387.925635281950235 ], [ 464656.054243931779638, 5048420.285298240371048 ], [ 464635.538117052521557, 5048453.764574501663446 ], [ 464616.80227674957132, 5048488.271699696779251 ], [ 464599.898076658893842, 5048523.712092194706202 ], [ 464584.871850017923862, 5048559.988612342625856 ], [ 464571.764782669488341, 5048597.001828720793128 ], [ 464560.612800174043514, 5048634.65029067452997 ], [ 464551.446469340473413, 5048672.830806388519704 ], [ 464544.290914444485679, 5048711.438725721091032 ], [ 464539.165748364641331, 5048750.368227050639689 ], [ 464536.085018824902363, 5048789.512607319280505 ], [ 464535.057169890846126, 5048828.764574501663446 ], [ 464536.085018824902363, 5048868.016541684046388 ], [ 464539.165748364641331, 5048907.160921952687204 ], [ 464544.290914444485679, 5048946.090423282235861 ], [ 464551.446469340473413, 5048984.698342614807189 ], [ 464560.612800174043514, 5049022.878858328796923 ], [ 464571.764782669488341, 5049060.527320282533765 ], [ 464584.871850017923862, 5049097.540536660701036 ], [ 464599.898076658893842, 5049133.817056808620691 ], [ 464616.80227674957132, 5049169.257449306547642 ], [ 464635.538117052521557, 5049203.764574501663446 ], [ 464656.054243931779638, 5049237.243850762955844 ], [ 464678.294424109626561, 5049269.603513721376657 ], [ 464702.197698798088823, 5049300.754867789335549 ], [ 464727.698550782806706, 5049330.612529270350933 ], [ 464754.72708400094416, 5049359.094660392031074 ], [ 464783.209215121692978, 5049386.123193609528244 ], [ 464813.066876603465062, 5049411.624045594595373 ], [ 464844.218230671482161, 5049435.527320282533765 ], [ 464876.577893629553728, 5049457.76750046107918 ], [ 464910.057169890846126, 5049478.28362733963877 ], [ 464944.564295086194761, 5049497.019467642530799 ], [ 464980.004687584005296, 5049513.923667733557522 ], [ 465016.281207731866743, 5049528.949894374236465 ], [ 465053.294424109626561, 5049542.056961722671986 ], [ 465090.94288606394548, 5049553.208944218233228 ], [ 465129.123401777527761, 5049562.375275052152574 ], [ 465167.731321110681165, 5049569.530829948373139 ], [ 465206.660822440113407, 5049574.655996028333902 ], [ 465245.805202708637808, 5049577.73672556784004 ], [ 465285.057169890846126, 5049578.764574501663446 ], [ 465324.309137073054444, 5049577.73672556784004 ], [ 465363.453517341578845, 5049574.655996028333902 ], [ 465402.383018671011087, 5049569.530829948373139 ], [ 465440.990938004164491, 5049562.375275052152574 ], [ 465479.171453717746772, 5049553.208944218233228 ], [ 465516.81991567206569, 5049542.056961722671986 ], [ 465553.833132049825508, 5049528.949894374236465 ], [ 465590.109652197686955, 5049513.923667733557522 ], [ 465625.55004469549749, 5049497.019467642530799 ], [ 465660.057169890846126, 5049478.28362733963877 ], [ 465693.536446152138524, 5049457.76750046107918 ], [ 465725.896109110210091, 5049435.527320282533765 ], [ 465757.04746317822719, 5049411.624045594595373 ], [ 465786.905124659999274, 5049386.123193609528244 ], [ 465815.387255780748092, 5049359.094660392031074 ], [ 465842.415788998885546, 5049330.612529270350933 ], [ 465867.916640983545221, 5049300.754867789335549 ], [ 465891.81991567206569, 5049269.603513721376657 ], [ 465914.060095849912614, 5049237.243850762955844 ], [ 465934.576222729170695, 5049203.764574501663446 ], [ 465953.312063032120932, 5049169.257449306547642 ], [ 465970.216263122798409, 5049133.817056808620691 ], [ 465985.24248976376839, 5049097.540536660701036 ], [ 465998.349557112203911, 5049060.527320282533765 ], [ 466009.501539607648738, 5049022.878858328796923 ], [ 466018.667870441218838, 5048984.698342614807189 ], [ 466025.823425337206572, 5048946.090423282235861 ], [ 466030.94859141705092, 5048907.160921952687204 ], [ 466034.029320956789888, 5048868.016541684046388 ], [ 466035.057169890846126, 5048828.764574501663446 ] ] ] } },
{ "type": "Feature", "properties": { "site": 5, "transect": 5.4 }, "geometry": { "type": "Polygon", "coordinates": [ [ [ 466036.317903604882304, 5048790.149548086337745 ], [ 466035.290054670826066, 5048750.897580903954804 ], [ 466032.209325131087098, 5048711.753200635313988 ], [ 466027.08415905124275, 5048672.823699305765331 ], [ 466019.928604155255016, 5048634.215779973194003 ], [ 466010.762273321684916, 5048596.035264259204268 ], [ 465999.610290826240089, 5048558.386802305467427 ], [ 465986.503223477804568, 5048521.373585927300155 ], [ 465971.476996836834587, 5048485.0970657793805 ], [ 465954.57279674615711, 5048449.65667328145355 ], [ 465935.836956443206873, 5048415.149548086337745 ], [ 465915.320829563948791, 5048381.670271825045347 ], [ 465893.080649386101868, 5048349.310608866624534 ], [ 465869.177374697639607, 5048318.159254798665643 ], [ 465843.676522712921724, 5048288.301593317650259 ], [ 465816.647989494784269, 5048259.819462195970118 ], [ 465788.165858374035452, 5048232.790928978472948 ], [ 465758.308196892263368, 5048207.290076993405819 ], [ 465727.156842824246269, 5048183.386802305467427 ], [ 465694.797179866174702, 5048161.146622126922011 ], [ 465661.317903604882304, 5048140.630495248362422 ], [ 465626.810778409533668, 5048121.894654945470393 ], [ 465591.370385911723133, 5048104.990454854443669 ], [ 465555.093865763861686, 5048089.964228213764727 ], [ 465518.080649386101868, 5048076.857160865329206 ], [ 465480.43218743178295, 5048065.705178369767964 ], [ 465442.251671718200669, 5048056.538847535848618 ], [ 465403.643752385047264, 5048049.383292639628053 ], [ 465364.714251055615023, 5048044.258126559667289 ], [ 465325.569870787090622, 5048041.177397020161152 ], [ 465286.317903604882304, 5048040.149548086337745 ], [ 465247.065936422673985, 5048041.177397020161152 ], [ 465207.921556154149584, 5048044.258126559667289 ], [ 465168.992054824717343, 5048049.383292639628053 ], [ 465130.384135491563939, 5048056.538847535848618 ], [ 465092.203619777981658, 5048065.705178369767964 ], [ 465054.555157823662739, 5048076.857160865329206 ], [ 465017.541941445902921, 5048089.964228213764727 ], [ 464981.265421298041474, 5048104.990454854443669 ], [ 464945.825028800230939, 5048121.894654945470393 ], [ 464911.317903604882304, 5048140.630495248362422 ], [ 464877.838627343589906, 5048161.146622126922011 ], [ 464845.478964385518339, 5048183.386802305467427 ], [ 464814.327610317501239, 5048207.290076993405819 ], [ 464784.469948835729156, 5048232.790928978472948 ], [ 464755.987817714980338, 5048259.819462195970118 ], [ 464728.959284496842884, 5048288.301593317650259 ], [ 464703.458432512183208, 5048318.159254798665643 ], [ 464679.555157823662739, 5048349.310608866624534 ], [ 464657.314977645815816, 5048381.670271825045347 ], [ 464636.798850766557734, 5048415.149548086337745 ], [ 464618.063010463607498, 5048449.65667328145355 ], [ 464601.15881037293002, 5048485.0970657793805 ], [ 464586.13258373196004, 5048521.373585927300155 ], [ 464573.025516383524518, 5048558.386802305467427 ], [ 464561.873533888079692, 5048596.035264259204268 ], [ 464552.707203054509591, 5048634.215779973194003 ], [ 464545.551648158521857, 5048672.823699305765331 ], [ 464540.426482078677509, 5048711.753200635313988 ], [ 464537.345752538938541, 5048750.897580903954804 ], [ 464536.317903604882304, 5048790.149548086337745 ], [ 464537.345752538938541, 5048829.401515268720686 ], [ 464540.426482078677509, 5048868.545895537361503 ], [ 464545.551648158521857, 5048907.47539686691016 ], [ 464552.707203054509591, 5048946.083316199481487 ], [ 464561.873533888079692, 5048984.263831913471222 ], [ 464573.025516383524518, 5049021.912293867208064 ], [ 464586.13258373196004, 5049058.925510245375335 ], [ 464601.15881037293002, 5049095.20203039329499 ], [ 464618.063010463607498, 5049130.642422891221941 ], [ 464636.798850766557734, 5049165.149548086337745 ], [ 464657.314977645815816, 5049198.628824347630143 ], [ 464679.555157823662739, 5049230.988487306050956 ], [ 464703.458432512125, 5049262.139841374009848 ], [ 464728.959284496842884, 5049291.997502855025232 ], [ 464755.987817714980338, 5049320.479633976705372 ], [ 464784.469948835729156, 5049347.508167194202542 ], [ 464814.327610317501239, 5049373.009019179269671 ], [ 464845.478964385518339, 5049396.912293867208064 ], [ 464877.838627343589906, 5049419.152474045753479 ], [ 464911.317903604882304, 5049439.668600924313068 ], [ 464945.825028800230939, 5049458.404441227205098 ], [ 464981.265421298041474, 5049475.308641318231821 ], [ 465017.541941445902921, 5049490.334867958910763 ], [ 465054.555157823662739, 5049503.441935307346284 ], [ 465092.203619777981658, 5049514.593917802907526 ], [ 465130.384135491563939, 5049523.760248636826873 ], [ 465168.992054824717343, 5049530.915803533047438 ], [ 465207.921556154149584, 5049536.040969613008201 ], [ 465247.065936422673985, 5049539.121699152514338 ], [ 465286.317903604882304, 5049540.149548086337745 ], [ 465325.569870787090622, 5049539.121699152514338 ], [ 465364.714251055615023, 5049536.040969613008201 ], [ 465403.643752385047264, 5049530.915803533047438 ], [ 465442.251671718200669, 5049523.760248636826873 ], [ 465480.43218743178295, 5049514.593917802907526 ], [ 465518.080649386101868, 5049503.441935307346284 ], [ 465555.093865763861686, 5049490.334867958910763 ], [ 465591.370385911723133, 5049475.308641318231821 ], [ 465626.810778409533668, 5049458.404441227205098 ], [ 465661.317903604882304, 5049439.668600924313068 ], [ 465694.797179866174702, 5049419.152474045753479 ], [ 465727.156842824246269, 5049396.912293867208064 ], [ 465758.308196892263368, 5049373.009019179269671 ], [ 465788.165858374035452, 5049347.508167194202542 ], [ 465816.647989494784269, 5049320.479633976705372 ], [ 465843.676522712921724, 5049291.997502855025232 ], [ 465869.177374697581399, 5049262.139841374009848 ], [ 465893.080649386101868, 5049230.988487306050956 ], [ 465915.320829563948791, 5049198.628824347630143 ], [ 465935.836956443206873, 5049165.149548086337745 ], [ 465954.57279674615711, 5049130.642422891221941 ], [ 465971.476996836834587, 5049095.20203039329499 ], [ 465986.503223477804568, 5049058.925510245375335 ], [ 465999.610290826240089, 5049021.912293867208064 ], [ 466010.762273321684916, 5048984.263831913471222 ], [ 466019.928604155255016, 5048946.083316199481487 ], [ 466027.08415905124275, 5048907.47539686691016 ], [ 466032.209325131087098, 5048868.545895537361503 ], [ 466035.290054670826066, 5048829.401515268720686 ], [ 466036.317903604882304, 5048790.149548086337745 ] ] ] } },
{ "type": "Feature", "properties": { "site": 6, "transect": 6.1 }, "geometry": { "type": "Polygon", "coordinates": [ [ [ 485565.320447940612212, 5037412.026769702322781 ], [ 485564.292599006555974, 5037372.77480251993984 ], [ 485561.211869466817006, 5037333.630422251299024 ], [ 485556.086703386972658, 5037294.700920921750367 ], [ 485548.931148490984924, 5037256.093001589179039 ], [ 485539.764817657414824, 5037217.912485875189304 ], [ 485528.612835161969997, 5037180.264023921452463 ], [ 485515.505767813534476, 5037143.250807543285191 ], [ 485500.479541172564495, 5037106.974287395365536 ], [ 485483.575341081887018, 5037071.533894897438586 ], [ 485464.839500778936781, 5037037.026769702322781 ], [ 485444.3233738996787, 5037003.547493441030383 ], [ 485422.083193721831776, 5036971.18783048260957 ], [ 485398.179919033311307, 5036940.036476414650679 ], [ 485372.679067048651632, 5036910.178814933635294 ], [ 485345.650533830514178, 5036881.696683811955154 ], [ 485317.16840270976536, 5036854.668150594457984 ], [ 485287.310741227993276, 5036829.167298609390855 ], [ 485256.159387159976177, 5036805.264023921452463 ], [ 485223.79972420190461, 5036783.023843742907047 ], [ 485190.320447940612212, 5036762.507716864347458 ], [ 485155.813322745263577, 5036743.771876561455429 ], [ 485120.372930247453041, 5036726.867676470428705 ], [ 485084.096410099591594, 5036711.841449829749763 ], [ 485047.083193721831776, 5036698.734382481314242 ], [ 485009.434731767512858, 5036687.582399985753 ], [ 484971.254216053930577, 5036678.416069151833653 ], [ 484932.646296720777173, 5036671.260514255613089 ], [ 484893.716795391344931, 5036666.135348175652325 ], [ 484854.57241512282053, 5036663.054618636146188 ], [ 484815.320447940612212, 5036662.026769702322781 ], [ 484776.068480758403894, 5036663.054618636146188 ], [ 484736.924100489879493, 5036666.135348175652325 ], [ 484697.994599160447251, 5036671.260514255613089 ], [ 484659.386679827293847, 5036678.416069151833653 ], [ 484621.206164113711566, 5036687.582399985753 ], [ 484583.557702159392647, 5036698.734382481314242 ], [ 484546.544485781632829, 5036711.841449829749763 ], [ 484510.267965633771382, 5036726.867676470428705 ], [ 484474.827573135960847, 5036743.771876561455429 ], [ 484440.320447940612212, 5036762.507716864347458 ], [ 484406.841171679319814, 5036783.023843742907047 ], [ 484374.481508721248247, 5036805.264023921452463 ], [ 484343.330154653231148, 5036829.167298609390855 ], [ 484313.472493171459064, 5036854.668150594457984 ], [ 484284.990362050710246, 5036881.696683811955154 ], [ 484257.961828832572792, 5036910.178814933635294 ], [ 484232.460976847913116, 5036940.036476414650679 ], [ 484208.557702159392647, 5036971.18783048260957 ], [ 484186.317521981545724, 5037003.547493441030383 ], [ 484165.801395102287643, 5037037.026769702322781 ], [ 484147.065554799337406, 5037071.533894897438586 ], [ 484130.161354708659928, 5037106.974287395365536 ], [ 484115.135128067689948, 5037143.250807543285191 ], [ 484102.028060719254427, 5037180.264023921452463 ], [ 484090.8760782238096, 5037217.912485875189304 ], [ 484081.7097473902395, 5037256.093001589179039 ], [ 484074.554192494251765, 5037294.700920921750367 ], [ 484069.429026414407417, 5037333.630422251299024 ], [ 484066.348296874668449, 5037372.77480251993984 ], [ 484065.320447940612212, 5037412.026769702322781 ], [ 484066.348296874668449, 5037451.278736884705722 ], [ 484069.429026414407417, 5037490.423117153346539 ], [ 484074.554192494251765, 5037529.352618482895195 ], [ 484081.7097473902395, 5037567.960537815466523 ], [ 484090.8760782238096, 5037606.141053529456258 ], [ 484102.028060719254427, 5037643.789515483193099 ], [ 484115.135128067689948, 5037680.802731861360371 ], [ 484130.161354708659928, 5037717.079252009280026 ], [ 484147.065554799337406, 5037752.519644507206976 ], [ 484165.801395102287643, 5037787.026769702322781 ], [ 484186.317521981545724, 5037820.506045963615179 ], [ 484208.557702159392647, 5037852.865708922035992 ], [ 484232.460976847854909, 5037884.017062989994884 ], [ 484257.961828832572792, 5037913.874724471010268 ], [ 484284.990362050710246, 5037942.356855592690408 ], [ 484313.472493171459064, 5037969.385388810187578 ], [ 484343.330154653231148, 5037994.886240795254707 ], [ 484374.481508721248247, 5038018.789515483193099 ], [ 484406.841171679319814, 5038041.029695661738515 ], [ 484440.320447940612212, 5038061.545822540298104 ], [ 484474.827573135960847, 5038080.281662843190134 ], [ 484510.267965633771382, 5038097.185862934216857 ], [ 484546.544485781632829, 5038112.212089574895799 ], [ 484583.557702159392647, 5038125.31915692333132 ], [ 484621.206164113711566, 5038136.471139418892562 ], [ 484659.386679827293847, 5038145.637470252811909 ], [ 484697.994599160447251, 5038152.793025149032474 ], [ 484736.924100489879493, 5038157.918191228993237 ], [ 484776.068480758403894, 5038160.998920768499374 ], [ 484815.320447940612212, 5038162.026769702322781 ], [ 484854.57241512282053, 5038160.998920768499374 ], [ 484893.716795391344931, 5038157.918191228993237 ], [ 484932.646296720777173, 5038152.793025149032474 ], [ 484971.254216053930577, 5038145.637470252811909 ], [ 485009.434731767512858, 5038136.471139418892562 ], [ 485047.083193721831776, 5038125.31915692333132 ], [ 485084.096410099591594, 5038112.212089574895799 ], [ 485120.372930247453041, 5038097.185862934216857 ], [ 485155.813322745263577, 5038080.281662843190134 ], [ 485190.320447940612212, 5038061.545822540298104 ], [ 485223.79972420190461, 5038041.029695661738515 ], [ 485256.159387159976177, 5038018.789515483193099 ], [ 485287.310741227993276, 5037994.886240795254707 ], [ 485317.16840270976536, 5037969.385388810187578 ], [ 485345.650533830514178, 5037942.356855592690408 ], [ 485372.679067048651632, 5037913.874724471010268 ], [ 485398.179919033311307, 5037884.017062989994884 ], [ 485422.083193721831776, 5037852.865708922035992 ], [ 485444.3233738996787, 5037820.506045963615179 ], [ 485464.839500778936781, 5037787.026769702322781 ], [ 485483.575341081887018, 5037752.519644507206976 ], [ 485500.479541172564495, 5037717.079252009280026 ], [ 485515.505767813534476, 5037680.802731861360371 ], [ 485528.612835161969997, 5037643.789515483193099 ], [ 485539.764817657414824, 5037606.141053529456258 ], [ 485548.931148490984924, 5037567.960537815466523 ], [ 485556.086703386972658, 5037529.352618482895195 ], [ 485561.211869466817006, 5037490.423117153346539 ], [ 485564.292599006555974, 5037451.278736884705722 ], [ 485565.320447940612212, 5037412.026769702322781 ] ] ] } },
{ "type": "Feature", "properties": { "site": 6, "transect": 6.2 }, "geometry": { "type": "Polygon", "coordinates": [ [ [ 485594.971566653810441, 5037488.961274089291692 ], [ 485593.943717719754204, 5037449.709306906908751 ], [ 485590.862988180015236, 5037410.564926638267934 ], [ 485585.737822100170888, 5037371.635425308719277 ], [ 485578.582267204183154, 5037333.02750597614795 ], [ 485569.415936370613053, 5037294.846990262158215 ], [ 485558.263953875168227, 5037257.198528308421373 ], [ 485545.156886526732706, 5037220.185311930254102 ], [ 485530.130659885762725, 5037183.908791782334447 ], [ 485513.226459795085248, 5037148.468399284407496 ], [ 485494.490619492135011, 5037113.961274089291692 ], [ 485473.974492612876929, 5037080.481997827999294 ], [ 485451.734312435030006, 5037048.122334869578481 ], [ 485427.831037746509537, 5037016.970980801619589 ], [ 485402.330185761849862, 5036987.113319320604205 ], [ 485375.301652543712407, 5036958.631188198924065 ], [ 485346.819521422963589, 5036931.602654981426895 ], [ 485316.961859941191506, 5036906.101802996359766 ], [ 485285.810505873174407, 5036882.198528308421373 ], [ 485253.450842915102839, 5036859.958348129875958 ], [ 485219.971566653810441, 5036839.442221251316369 ], [ 485185.464441458461806, 5036820.706380948424339 ], [ 485150.024048960651271, 5036803.802180857397616 ], [ 485113.747528812789824, 5036788.775954216718674 ], [ 485076.734312435030006, 5036775.668886868283153 ], [ 485039.085850480711088, 5036764.51690437272191 ], [ 485000.905334767128807, 5036755.350573538802564 ], [ 484962.297415433975402, 5036748.195018642581999 ], [ 484923.367914104543161, 5036743.069852562621236 ], [ 484884.22353383601876, 5036739.989123023115098 ], [ 484844.971566653810441, 5036738.961274089291692 ], [ 484805.719599471602123, 5036739.989123023115098 ], [ 484766.575219203077722, 5036743.069852562621236 ], [ 484727.645717873645481, 5036748.195018642581999 ], [ 484689.037798540492076, 5036755.350573538802564 ], [ 484650.857282826909795, 5036764.51690437272191 ], [ 484613.208820872590877, 5036775.668886868283153 ], [ 484576.195604494831059, 5036788.775954216718674 ], [ 484539.919084346969612, 5036803.802180857397616 ], [ 484504.478691849159077, 5036820.706380948424339 ], [ 484469.971566653810441, 5036839.442221251316369 ], [ 484436.492290392518044, 5036859.958348129875958 ], [ 484404.132627434446476, 5036882.198528308421373 ], [ 484372.981273366429377, 5036906.101802996359766 ], [ 484343.123611884657294, 5036931.602654981426895 ], [ 484314.641480763908476, 5036958.631188198924065 ], [ 484287.612947545771021, 5036987.113319320604205 ], [ 484262.112095561111346, 5037016.970980801619589 ], [ 484238.208820872590877, 5037048.122334869578481 ], [ 484215.968640694743954, 5037080.481997827999294 ], [ 484195.452513815485872, 5037113.961274089291692 ], [ 484176.716673512535635, 5037148.468399284407496 ], [ 484159.812473421858158, 5037183.908791782334447 ], [ 484144.786246780888177, 5037220.185311930254102 ], [ 484131.679179432452656, 5037257.198528308421373 ], [ 484120.52719693700783, 5037294.846990262158215 ], [ 484111.360866103437729, 5037333.02750597614795 ], [ 484104.205311207449995, 5037371.635425308719277 ], [ 484099.080145127605647, 5037410.564926638267934 ], [ 484095.999415587866679, 5037449.709306906908751 ], [ 484094.971566653810441, 5037488.961274089291692 ], [ 484095.999415587866679, 5037528.213241271674633 ], [ 484099.080145127605647, 5037567.357621540315449 ], [ 484104.205311207449995, 5037606.287122869864106 ], [ 484111.360866103437729, 5037644.895042202435434 ], [ 484120.52719693700783, 5037683.075557916425169 ], [ 484131.679179432452656, 5037720.72401987016201 ], [ 484144.786246780888177, 5037757.737236248329282 ], [ 484159.812473421858158, 5037794.013756396248937 ], [ 484176.716673512535635, 5037829.454148894175887 ], [ 484195.452513815485872, 5037863.961274089291692 ], [ 484215.968640694743954, 5037897.44055035058409 ], [ 484238.208820872590877, 5037929.800213309004903 ], [ 484262.112095561053138, 5037960.951567376963794 ], [ 484287.612947545771021, 5037990.809228857979178 ], [ 484314.641480763908476, 5038019.291359979659319 ], [ 484343.123611884657294, 5038046.319893197156489 ], [ 484372.981273366429377, 5038071.820745182223618 ], [ 484404.132627434446476, 5038095.72401987016201 ], [ 484436.492290392518044, 5038117.964200048707426 ], [ 484469.971566653810441, 5038138.480326927267015 ], [ 484504.478691849159077, 5038157.216167230159044 ], [ 484539.919084346969612, 5038174.120367321185768 ], [ 484576.195604494831059, 5038189.14659396186471 ], [ 484613.208820872590877, 5038202.253661310300231 ], [ 484650.857282826909795, 5038213.405643805861473 ], [ 484689.037798540492076, 5038222.571974639780819 ], [ 484727.645717873645481, 5038229.727529536001384 ], [ 484766.575219203077722, 5038234.852695615962148 ], [ 484805.719599471602123, 5038237.933425155468285 ], [ 484844.971566653810441, 5038238.961274089291692 ], [ 484884.22353383601876, 5038237.933425155468285 ], [ 484923.367914104543161, 5038234.852695615962148 ], [ 484962.297415433975402, 5038229.727529536001384 ], [ 485000.905334767128807, 5038222.571974639780819 ], [ 485039.085850480711088, 5038213.405643805861473 ], [ 485076.734312435030006, 5038202.253661310300231 ], [ 485113.747528812789824, 5038189.14659396186471 ], [ 485150.024048960651271, 5038174.120367321185768 ], [ 485185.464441458461806, 5038157.216167230159044 ], [ 485219.971566653810441, 5038138.480326927267015 ], [ 485253.450842915102839, 5038117.964200048707426 ], [ 485285.810505873174407, 5038095.72401987016201 ], [ 485316.961859941191506, 5038071.820745182223618 ], [ 485346.819521422963589, 5038046.319893197156489 ], [ 485375.301652543712407, 5038019.291359979659319 ], [ 485402.330185761849862, 5037990.809228857979178 ], [ 485427.831037746509537, 5037960.951567376963794 ], [ 485451.734312435030006, 5037929.800213309004903 ], [ 485473.974492612876929, 5037897.44055035058409 ], [ 485494.490619492135011, 5037863.961274089291692 ], [ 485513.226459795085248, 5037829.454148894175887 ], [ 485530.130659885762725, 5037794.013756396248937 ], [ 485545.156886526732706, 5037757.737236248329282 ], [ 485558.263953875168227, 5037720.72401987016201 ], [ 485569.415936370613053, 5037683.075557916425169 ], [ 485578.582267204183154, 5037644.895042202435434 ], [ 485585.737822100170888, 5037606.287122869864106 ], [ 485590.862988180015236, 5037567.357621540315449 ], [ 485593.943717719754204, 5037528.213241271674633 ], [ 485594.971566653810441, 5037488.961274089291692 ] ] ] } },
{ "type": "Feature", "properties": { "site": 6, "transect": 6.3 }, "geometry": { "type": "Polygon", "coordinates": [ [ [ 485528.266742058913223, 5037660.159585105255246 ], [ 485527.238893124856986, 5037620.907617922872305 ], [ 485524.158163585118018, 5037581.763237654231489 ], [ 485519.03299750527367, 5037542.833736324682832 ], [ 485511.877442609285936, 5037504.225816992111504 ], [ 485502.711111775715835, 5037466.045301278121769 ], [ 485491.559129280271009, 5037428.396839324384928 ], [ 485478.452061931835487, 5037391.383622946217656 ], [ 485463.425835290865507, 5037355.107102798298001 ], [ 485446.52163520018803, 5037319.666710300371051 ], [ 485427.785794897237793, 5037285.159585105255246 ], [ 485407.269668017979711, 5037251.680308843962848 ], [ 485385.029487840132788, 5037219.320645885542035 ], [ 485361.126213151612319, 5037188.169291817583144 ], [ 485335.625361166952644, 5037158.31163033656776 ], [ 485308.596827948815189, 5037129.829499214887619 ], [ 485280.114696828066371, 5037102.800965997390449 ], [ 485250.257035346294288, 5037077.30011401232332 ], [ 485219.105681278277189, 5037053.396839324384928 ], [ 485186.746018320205621, 5037031.156659145839512 ], [ 485153.266742058913223, 5037010.640532267279923 ], [ 485118.759616863564588, 5036991.904691964387894 ], [ 485083.319224365754053, 5036975.00049187336117 ], [ 485047.042704217892606, 5036959.974265232682228 ], [ 485010.029487840132788, 5036946.867197884246707 ], [ 484972.38102588581387, 5036935.715215388685465 ], [ 484934.200510172231589, 5036926.548884554766119 ], [ 484895.592590839078184, 5036919.393329658545554 ], [ 484856.663089509645943, 5036914.26816357858479 ], [ 484817.518709241121542, 5036911.187434039078653 ], [ 484778.266742058913223, 5036910.159585105255246 ], [ 484739.014774876704905, 5036911.187434039078653 ], [ 484699.870394608180504, 5036914.26816357858479 ], [ 484660.940893278748263, 5036919.393329658545554 ], [ 484622.332973945594858, 5036926.548884554766119 ], [ 484584.152458232012577, 5036935.715215388685465 ], [ 484546.503996277693659, 5036946.867197884246707 ], [ 484509.490779899933841, 5036959.974265232682228 ], [ 484473.214259752072394, 5036975.00049187336117 ], [ 484437.773867254261859, 5036991.904691964387894 ], [ 484403.266742058913223, 5037010.640532267279923 ], [ 484369.787465797620825, 5037031.156659145839512 ], [ 484337.427802839549258, 5037053.396839324384928 ], [ 484306.276448771532159, 5037077.30011401232332 ], [ 484276.418787289760076, 5037102.800965997390449 ], [ 484247.936656169011258, 5037129.829499214887619 ], [ 484220.908122950873803, 5037158.31163033656776 ], [ 484195.407270966214128, 5037188.169291817583144 ], [ 484171.503996277693659, 5037219.320645885542035 ], [ 484149.263816099846736, 5037251.680308843962848 ], [ 484128.747689220588654, 5037285.159585105255246 ], [ 484110.011848917638417, 5037319.666710300371051 ], [ 484093.10764882696094, 5037355.107102798298001 ], [ 484078.081422185990959, 5037391.383622946217656 ], [ 484064.974354837555438, 5037428.396839324384928 ], [ 484053.822372342110611, 5037466.045301278121769 ], [ 484044.656041508540511, 5037504.225816992111504 ], [ 484037.500486612552777, 5037542.833736324682832 ], [ 484032.375320532708429, 5037581.763237654231489 ], [ 484029.294590992969461, 5037620.907617922872305 ], [ 484028.266742058913223, 5037660.159585105255246 ], [ 484029.294590992969461, 5037699.411552287638187 ], [ 484032.375320532708429, 5037738.555932556279004 ], [ 484037.500486612552777, 5037777.485433885827661 ], [ 484044.656041508540511, 5037816.093353218398988 ], [ 484053.822372342110611, 5037854.273868932388723 ], [ 484064.974354837555438, 5037891.922330886125565 ], [ 484078.081422185990959, 5037928.935547264292836 ], [ 484093.10764882696094, 5037965.212067412212491 ], [ 484110.011848917638417, 5038000.652459910139441 ], [ 484128.747689220588654, 5038035.159585105255246 ], [ 484149.263816099846736, 5038068.638861366547644 ], [ 484171.503996277693659, 5038100.998524324968457 ], [ 484195.40727096615592, 5038132.149878392927349 ], [ 484220.908122950873803, 5038162.007539873942733 ], [ 484247.936656169011258, 5038190.489670995622873 ], [ 484276.418787289760076, 5038217.518204213120043 ], [ 484306.276448771532159, 5038243.019056198187172 ], [ 484337.427802839549258, 5038266.922330886125565 ], [ 484369.787465797620825, 5038289.16251106467098 ], [ 484403.266742058913223, 5038309.678637943230569 ], [ 484437.773867254261859, 5038328.414478246122599 ], [ 484473.214259752072394, 5038345.318678337149322 ], [ 484509.490779899933841, 5038360.344904977828264 ], [ 484546.503996277693659, 5038373.451972326263785 ], [ 484584.152458232012577, 5038384.603954821825027 ], [ 484622.332973945594858, 5038393.770285655744374 ], [ 484660.940893278748263, 5038400.925840551964939 ], [ 484699.870394608180504, 5038406.051006631925702 ], [ 484739.014774876704905, 5038409.131736171431839 ], [ 484778.266742058913223, 5038410.159585105255246 ], [ 484817.518709241121542, 5038409.131736171431839 ], [ 484856.663089509645943, 5038406.051006631925702 ], [ 484895.592590839078184, 5038400.925840551964939 ], [ 484934.200510172231589, 5038393.770285655744374 ], [ 484972.38102588581387, 5038384.603954821825027 ], [ 485010.029487840132788, 5038373.451972326263785 ], [ 485047.042704217892606, 5038360.344904977828264 ], [ 485083.319224365754053, 5038345.318678337149322 ], [ 485118.759616863564588, 5038328.414478246122599 ], [ 485153.266742058913223, 5038309.678637943230569 ], [ 485186.746018320205621, 5038289.16251106467098 ], [ 485219.105681278277189, 5038266.922330886125565 ], [ 485250.257035346294288, 5038243.019056198187172 ], [ 485280.114696828066371, 5038217.518204213120043 ], [ 485308.596827948815189, 5038190.489670995622873 ], [ 485335.625361166952644, 5038162.007539873942733 ], [ 485361.126213151612319, 5038132.149878392927349 ], [ 485385.029487840132788, 5038100.998524324968457 ], [ 485407.269668017979711, 5038068.638861366547644 ], [ 485427.785794897237793, 5038035.159585105255246 ], [ 485446.52163520018803, 5038000.652459910139441 ], [ 485463.425835290865507, 5037965.212067412212491 ], [ 485478.452061931835487, 5037928.935547264292836 ], [ 485491.559129280271009, 5037891.922330886125565 ], [ 485502.711111775715835, 5037854.273868932388723 ], [ 485511.877442609285936, 5037816.093353218398988 ], [ 485519.03299750527367, 5037777.485433885827661 ], [ 485524.158163585118018, 5037738.555932556279004 ], [ 485527.238893124856986, 5037699.411552287638187 ], [ 485528.266742058913223, 5037660.159585105255246 ] ] ] } },
{ "type": "Feature", "properties": { "site": 6, "transect": 6.4 }, "geometry": { "type": "Polygon", "coordinates": [ [ [ 485406.418592090369202, 5037584.747657354921103 ], [ 485405.390743156312965, 5037545.495690172538161 ], [ 485402.310013616573997, 5037506.351309903897345 ], [ 485397.184847536729649, 5037467.421808574348688 ], [ 485390.029292640741915, 5037428.81388924177736 ], [ 485380.862961807171814, 5037390.633373527787626 ], [ 485369.710979311726987, 5037352.984911574050784 ], [ 485356.603911963291466, 5037315.971695195883512 ], [ 485341.577685322321486, 5037279.695175047963858 ], [ 485324.673485231644008, 5037244.254782550036907 ], [ 485305.937644928693771, 5037209.747657354921103 ], [ 485285.42151804943569, 5037176.268381093628705 ], [ 485263.181337871588767, 5037143.908718135207891 ], [ 485239.278063183068298, 5037112.757364067249 ], [ 485213.777211198408622, 5037082.899702586233616 ], [ 485186.748677980271168, 5037054.417571464553475 ], [ 485158.26654685952235, 5037027.389038247056305 ], [ 485128.408885377750266, 5037001.888186261989176 ], [ 485097.257531309733167, 5036977.984911574050784 ], [ 485064.8978683516616, 5036955.744731395505369 ], [ 485031.418592090369202, 5036935.228604516945779 ], [ 484996.911466895020567, 5036916.49276421405375 ], [ 484961.471074397210032, 5036899.588564123027027 ], [ 484925.194554249348585, 5036884.562337482348084 ], [ 484888.181337871588767, 5036871.455270133912563 ], [ 484850.532875917269848, 5036860.303287638351321 ], [ 484812.352360203687567, 5036851.136956804431975 ], [ 484773.744440870534163, 5036843.98140190821141 ], [ 484734.814939541101921, 5036838.856235828250647 ], [ 484695.67055927257752, 5036835.775506288744509 ], [ 484656.418592090369202, 5036834.747657354921103 ], [ 484617.166624908160884, 5036835.775506288744509 ], [ 484578.022244639636483, 5036838.856235828250647 ], [ 484539.092743310204241, 5036843.98140190821141 ], [ 484500.484823977050837, 5036851.136956804431975 ], [ 484462.304308263468556, 5036860.303287638351321 ], [ 484424.655846309149638, 5036871.455270133912563 ], [ 484387.64262993138982, 5036884.562337482348084 ], [ 484351.366109783528373, 5036899.588564123027027 ], [ 484315.925717285717838, 5036916.49276421405375 ], [ 484281.418592090369202, 5036935.228604516945779 ], [ 484247.939315829076804, 5036955.744731395505369 ], [ 484215.579652871005237, 5036977.984911574050784 ], [ 484184.428298802988138, 5037001.888186261989176 ], [ 484154.570637321216054, 5037027.389038247056305 ], [ 484126.088506200467236, 5037054.417571464553475 ], [ 484099.059972982329782, 5037082.899702586233616 ], [ 484073.559120997670107, 5037112.757364067249 ], [ 484049.655846309149638, 5037143.908718135207891 ], [ 484027.415666131302714, 5037176.268381093628705 ], [ 484006.899539252044633, 5037209.747657354921103 ], [ 483988.163698949094396, 5037244.254782550036907 ], [ 483971.259498858416919, 5037279.695175047963858 ], [ 483956.233272217446938, 5037315.971695195883512 ], [ 483943.126204869011417, 5037352.984911574050784 ], [ 483931.97422237356659, 5037390.633373527787626 ], [ 483922.80789153999649, 5037428.81388924177736 ], [ 483915.652336644008756, 5037467.421808574348688 ], [ 483910.527170564164408, 5037506.351309903897345 ], [ 483907.44644102442544, 5037545.495690172538161 ], [ 483906.418592090369202, 5037584.747657354921103 ], [ 483907.44644102442544, 5037623.999624537304044 ], [ 483910.527170564164408, 5037663.14400480594486 ], [ 483915.652336644008756, 5037702.073506135493517 ], [ 483922.80789153999649, 5037740.681425468064845 ], [ 483931.97422237356659, 5037778.861941182054579 ], [ 483943.126204869011417, 5037816.510403135791421 ], [ 483956.233272217446938, 5037853.523619513958693 ], [ 483971.259498858416919, 5037889.800139661878347 ], [ 483988.163698949094396, 5037925.240532159805298 ], [ 484006.899539252044633, 5037959.747657354921103 ], [ 484027.415666131302714, 5037993.2269336162135 ], [ 484049.655846309149638, 5038025.586596574634314 ], [ 484073.559120997611899, 5038056.737950642593205 ], [ 484099.059972982329782, 5038086.595612123608589 ], [ 484126.088506200467236, 5038115.07774324528873 ], [ 484154.570637321216054, 5038142.1062764627859 ], [ 484184.428298802988138, 5038167.607128447853029 ], [ 484215.579652871005237, 5038191.510403135791421 ], [ 484247.939315829076804, 5038213.750583314336836 ], [ 484281.418592090369202, 5038234.266710192896426 ], [ 484315.925717285717838, 5038253.002550495788455 ], [ 484351.366109783528373, 5038269.906750586815178 ], [ 484387.64262993138982, 5038284.932977227494121 ], [ 484424.655846309149638, 5038298.040044575929642 ], [ 484462.304308263468556, 5038309.192027071490884 ], [ 484500.484823977050837, 5038318.35835790541023 ], [ 484539.092743310204241, 5038325.513912801630795 ], [ 484578.022244639636483, 5038330.639078881591558 ], [ 484617.166624908160884, 5038333.719808421097696 ], [ 484656.418592090369202, 5038334.747657354921103 ], [ 484695.67055927257752, 5038333.719808421097696 ], [ 484734.814939541101921, 5038330.639078881591558 ], [ 484773.744440870534163, 5038325.513912801630795 ], [ 484812.352360203687567, 5038318.35835790541023 ], [ 484850.532875917269848, 5038309.192027071490884 ], [ 484888.181337871588767, 5038298.040044575929642 ], [ 484925.194554249348585, 5038284.932977227494121 ], [ 484961.471074397210032, 5038269.906750586815178 ], [ 484996.911466895020567, 5038253.002550495788455 ], [ 485031.418592090369202, 5038234.266710192896426 ], [ 485064.8978683516616, 5038213.750583314336836 ], [ 485097.257531309733167, 5038191.510403135791421 ], [ 485128.408885377750266, 5038167.607128447853029 ], [ 485158.26654685952235, 5038142.1062764627859 ], [ 485186.748677980271168, 5038115.07774324528873 ], [ 485213.777211198408622, 5038086.595612123608589 ], [ 485239.278063183068298, 5038056.737950642593205 ], [ 485263.181337871588767, 5038025.586596574634314 ], [ 485285.42151804943569, 5037993.2269336162135 ], [ 485305.937644928693771, 5037959.747657354921103 ], [ 485324.673485231644008, 5037925.240532159805298 ], [ 485341.577685322321486, 5037889.800139661878347 ], [ 485356.603911963291466, 5037853.523619513958693 ], [ 485369.710979311726987, 5037816.510403135791421 ], [ 485380.862961807171814, 5037778.861941182054579 ], [ 485390.029292640741915, 5037740.681425468064845 ], [ 485397.184847536729649, 5037702.073506135493517 ], [ 485402.310013616573997, 5037663.14400480594486 ], [ 485405.390743156312965, 5037623.999624537304044 ], [ 485406.418592090369202, 5037584.747657354921103 ] ] ] } },
{ "type": "Feature", "properties": { "site": 7, "transect": 7.1 }, "geometry": { "type": "Polygon", "coordinates": [ [ [ 340124.496701458818279, 5072970.379149129614234 ], [ 340123.468852524762042, 5072931.127181947231293 ], [ 340120.388122985023074, 5072891.982801678590477 ], [ 340115.262956905178726, 5072853.05330034904182 ], [ 340108.107402009190992, 5072814.445381016470492 ], [ 340098.941071175620891, 5072776.264865302480757 ], [ 340087.789088680176064, 5072738.616403348743916 ], [ 340074.682021331740543, 5072701.603186970576644 ], [ 340059.655794690770563, 5072665.326666822656989 ], [ 340042.751594600093085, 5072629.886274324730039 ], [ 340024.015754297142848, 5072595.379149129614234 ], [ 340003.499627417884767, 5072561.899872868321836 ], [ 339981.259447240037844, 5072529.540209909901023 ], [ 339957.356172551517375, 5072498.388855841942132 ], [ 339931.855320566857699, 5072468.531194360926747 ], [ 339904.826787348720245, 5072440.049063239246607 ], [ 339876.344656227971427, 5072413.020530021749437 ], [ 339846.486994746199343, 5072387.519678036682308 ], [ 339815.335640678182244, 5072363.616403348743916 ], [ 339782.975977720110677, 5072341.3762231701985 ], [ 339749.496701458818279, 5072320.860096291638911 ], [ 339714.989576263469644, 5072302.124255988746881 ], [ 339679.549183765659109, 5072285.220055897720158 ], [ 339643.272663617797662, 5072270.193829257041216 ], [ 339606.259447240037844, 5072257.086761908605695 ], [ 339568.610985285718925, 5072245.934779413044453 ], [ 339530.430469572136644, 5072236.768448579125106 ], [ 339491.82255023898324, 5072229.612893682904541 ], [ 339452.893048909550998, 5072224.487727602943778 ], [ 339413.748668641026597, 5072221.406998063437641 ], [ 339374.496701458818279, 5072220.379149129614234 ], [ 339335.244734276609961, 5072221.406998063437641 ], [ 339296.10035400808556, 5072224.487727602943778 ], [ 339257.170852678653318, 5072229.612893682904541 ], [ 339218.562933345499914, 5072236.768448579125106 ], [ 339180.382417631917633, 5072245.934779413044453 ], [ 339142.733955677598715, 5072257.086761908605695 ], [ 339105.720739299838897, 5072270.193829257041216 ], [ 339069.44421915197745, 5072285.220055897720158 ], [ 339034.003826654166915, 5072302.124255988746881 ], [ 338999.496701458818279, 5072320.860096291638911 ], [ 338966.017425197525881, 5072341.3762231701985 ], [ 338933.657762239454314, 5072363.616403348743916 ], [ 338902.506408171437215, 5072387.519678036682308 ], [ 338872.648746689665131, 5072413.020530021749437 ], [ 338844.166615568916313, 5072440.049063239246607 ], [ 338817.138082350778859, 5072468.531194360926747 ], [ 338791.637230366119184, 5072498.388855841942132 ], [ 338767.733955677598715, 5072529.540209909901023 ], [ 338745.493775499751791, 5072561.899872868321836 ], [ 338724.97764862049371, 5072595.379149129614234 ], [ 338706.241808317543473, 5072629.886274324730039 ], [ 338689.337608226865996, 5072665.326666822656989 ], [ 338674.311381585896015, 5072701.603186970576644 ], [ 338661.204314237460494, 5072738.616403348743916 ], [ 338650.052331742015667, 5072776.264865302480757 ], [ 338640.886000908445567, 5072814.445381016470492 ], [ 338633.730446012457833, 5072853.05330034904182 ], [ 338628.605279932613485, 5072891.982801678590477 ], [ 338625.524550392874517, 5072931.127181947231293 ], [ 338624.496701458818279, 5072970.379149129614234 ], [ 338625.524550392874517, 5073009.631116311997175 ], [ 338628.605279932613485, 5073048.775496580637991 ], [ 338633.730446012457833, 5073087.704997910186648 ], [ 338640.886000908445567, 5073126.312917242757976 ], [ 338650.052331742015667, 5073164.493432956747711 ], [ 338661.204314237460494, 5073202.141894910484552 ], [ 338674.311381585896015, 5073239.155111288651824 ], [ 338689.337608226865996, 5073275.431631436571479 ], [ 338706.241808317543473, 5073310.872023934498429 ], [ 338724.97764862049371, 5073345.379149129614234 ], [ 338745.493775499751791, 5073378.858425390906632 ], [ 338767.733955677598715, 5073411.218088349327445 ], [ 338791.637230366060976, 5073442.369442417286336 ], [ 338817.138082350778859, 5073472.227103898301721 ], [ 338844.166615568916313, 5073500.709235019981861 ], [ 338872.648746689665131, 5073527.737768237479031 ], [ 338902.506408171437215, 5073553.23862022254616 ], [ 338933.657762239454314, 5073577.141894910484552 ], [ 338966.017425197525881, 5073599.382075089029968 ], [ 338999.496701458818279, 5073619.898201967589557 ], [ 339034.003826654166915, 5073638.634042270481586 ], [ 339069.44421915197745, 5073655.53824236150831 ], [ 339105.720739299838897, 5073670.564469002187252 ], [ 339142.733955677598715, 5073683.671536350622773 ], [ 339180.382417631917633, 5073694.823518846184015 ], [ 339218.562933345499914, 5073703.989849680103362 ], [ 339257.170852678653318, 5073711.145404576323926 ], [ 339296.10035400808556, 5073716.27057065628469 ], [ 339335.244734276609961, 5073719.351300195790827 ], [ 339374.496701458818279, 5073720.379149129614234 ], [ 339413.748668641026597, 5073719.351300195790827 ], [ 339452.893048909550998, 5073716.27057065628469 ], [ 339491.82255023898324, 5073711.145404576323926 ], [ 339530.430469572136644, 5073703.989849680103362 ], [ 339568.610985285718925, 5073694.823518846184015 ], [ 339606.259447240037844, 5073683.671536350622773 ], [ 339643.272663617797662, 5073670.564469002187252 ], [ 339679.549183765659109, 5073655.53824236150831 ], [ 339714.989576263469644, 5073638.634042270481586 ], [ 339749.496701458818279, 5073619.898201967589557 ], [ 339782.975977720110677, 5073599.382075089029968 ], [ 339815.335640678182244, 5073577.141894910484552 ], [ 339846.486994746199343, 5073553.23862022254616 ], [ 339876.344656227971427, 5073527.737768237479031 ], [ 339904.826787348720245, 5073500.709235019981861 ], [ 339931.855320566857699, 5073472.227103898301721 ], [ 339957.356172551517375, 5073442.369442417286336 ], [ 339981.259447240037844, 5073411.218088349327445 ], [ 340003.499627417884767, 5073378.858425390906632 ], [ 340024.015754297142848, 5073345.379149129614234 ], [ 340042.751594600093085, 5073310.872023934498429 ], [ 340059.655794690770563, 5073275.431631436571479 ], [ 340074.682021331740543, 5073239.155111288651824 ], [ 340087.789088680176064, 5073202.141894910484552 ], [ 340098.941071175620891, 5073164.493432956747711 ], [ 340108.107402009190992, 5073126.312917242757976 ], [ 340115.262956905178726, 5073087.704997910186648 ], [ 340120.388122985023074, 5073048.775496580637991 ], [ 340123.468852524762042, 5073009.631116311997175 ], [ 340124.496701458818279, 5072970.379149129614234 ] ] ] } },
{ "type": "Feature", "properties": { "site": 7, "transect": 7.2 }, "geometry": { "type": "Polygon", "coordinates": [ [ [ 340231.391476092045195, 5073111.944846203550696 ], [ 340230.363627157988958, 5073072.692879021167755 ], [ 340227.28289761824999, 5073033.548498752526939 ], [ 340222.157731538405642, 5072994.618997422978282 ], [ 340215.002176642417908, 5072956.011078090406954 ], [ 340205.835845808847807, 5072917.83056237641722 ], [ 340194.683863313402981, 5072880.182100422680378 ], [ 340181.576795964967459, 5072843.168884044513106 ], [ 340166.550569323997479, 5072806.892363896593451 ], [ 340149.646369233320002, 5072771.451971398666501 ], [ 340130.910528930369765, 5072736.944846203550696 ], [ 340110.394402051111683, 5072703.465569942258298 ], [ 340088.15422187326476, 5072671.105906983837485 ], [ 340064.250947184744291, 5072639.954552915878594 ], [ 340038.750095200084615, 5072610.09689143486321 ], [ 340011.721561981947161, 5072581.614760313183069 ], [ 339983.239430861198343, 5072554.586227095685899 ], [ 339953.38176937942626, 5072529.08537511061877 ], [ 339922.23041531140916, 5072505.182100422680378 ], [ 339889.870752353337593, 5072482.941920244134963 ], [ 339856.391476092045195, 5072462.425793365575373 ], [ 339821.88435089669656, 5072443.689953062683344 ], [ 339786.443958398886025, 5072426.785752971656621 ], [ 339750.167438251024578, 5072411.759526330977678 ], [ 339713.15422187326476, 5072398.652458982542157 ], [ 339675.505759918945841, 5072387.500476486980915 ], [ 339637.32524420536356, 5072378.334145653061569 ], [ 339598.717324872210156, 5072371.178590756841004 ], [ 339559.787823542777915, 5072366.05342467688024 ], [ 339520.643443274253514, 5072362.972695137374103 ], [ 339481.391476092045195, 5072361.944846203550696 ], [ 339442.139508909836877, 5072362.972695137374103 ], [ 339402.995128641312476, 5072366.05342467688024 ], [ 339364.065627311880235, 5072371.178590756841004 ], [ 339325.45770797872683, 5072378.334145653061569 ], [ 339287.277192265144549, 5072387.500476486980915 ], [ 339249.628730310825631, 5072398.652458982542157 ], [ 339212.615513933065813, 5072411.759526330977678 ], [ 339176.338993785204366, 5072426.785752971656621 ], [ 339140.898601287393831, 5072443.689953062683344 ], [ 339106.391476092045195, 5072462.425793365575373 ], [ 339072.912199830752797, 5072482.941920244134963 ], [ 339040.55253687268123, 5072505.182100422680378 ], [ 339009.401182804664131, 5072529.08537511061877 ], [ 338979.543521322892047, 5072554.586227095685899 ], [ 338951.06139020214323, 5072581.614760313183069 ], [ 338924.032856984005775, 5072610.09689143486321 ], [ 338898.5320049993461, 5072639.954552915878594 ], [ 338874.628730310825631, 5072671.105906983837485 ], [ 338852.388550132978708, 5072703.465569942258298 ], [ 338831.872423253720626, 5072736.944846203550696 ], [ 338813.136582950770389, 5072771.451971398666501 ], [ 338796.232382860092912, 5072806.892363896593451 ], [ 338781.206156219122931, 5072843.168884044513106 ], [ 338768.09908887068741, 5072880.182100422680378 ], [ 338756.947106375242583, 5072917.83056237641722 ], [ 338747.780775541672483, 5072956.011078090406954 ], [ 338740.625220645684749, 5072994.618997422978282 ], [ 338735.500054565840401, 5073033.548498752526939 ], [ 338732.419325026101433, 5073072.692879021167755 ], [ 338731.391476092045195, 5073111.944846203550696 ], [ 338732.419325026101433, 5073151.196813385933638 ], [ 338735.500054565840401, 5073190.341193654574454 ], [ 338740.625220645684749, 5073229.270694984123111 ], [ 338747.780775541672483, 5073267.878614316694438 ], [ 338756.947106375242583, 5073306.059130030684173 ], [ 338768.09908887068741, 5073343.707591984421015 ], [ 338781.206156219122931, 5073380.720808362588286 ], [ 338796.232382860092912, 5073416.997328510507941 ], [ 338813.136582950770389, 5073452.437721008434892 ], [ 338831.872423253720626, 5073486.944846203550696 ], [ 338852.388550132978708, 5073520.424122464843094 ], [ 338874.628730310825631, 5073552.783785423263907 ], [ 338898.532004999287892, 5073583.935139491222799 ], [ 338924.032856984005775, 5073613.792800972238183 ], [ 338951.06139020214323, 5073642.274932093918324 ], [ 338979.543521322892047, 5073669.303465311415493 ], [ 339009.401182804664131, 5073694.804317296482623 ], [ 339040.55253687268123, 5073718.707591984421015 ], [ 339072.912199830752797, 5073740.94777216296643 ], [ 339106.391476092045195, 5073761.46389904152602 ], [ 339140.898601287393831, 5073780.199739344418049 ], [ 339176.338993785204366, 5073797.103939435444772 ], [ 339212.615513933065813, 5073812.130166076123714 ], [ 339249.628730310825631, 5073825.237233424559236 ], [ 339287.277192265144549, 5073836.389215920120478 ], [ 339325.45770797872683, 5073845.555546754039824 ], [ 339364.065627311880235, 5073852.711101650260389 ], [ 339402.995128641312476, 5073857.836267730221152 ], [ 339442.139508909836877, 5073860.91699726972729 ], [ 339481.391476092045195, 5073861.944846203550696 ], [ 339520.643443274253514, 5073860.91699726972729 ], [ 339559.787823542777915, 5073857.836267730221152 ], [ 339598.717324872210156, 5073852.711101650260389 ], [ 339637.32524420536356, 5073845.555546754039824 ], [ 339675.505759918945841, 5073836.389215920120478 ], [ 339713.15422187326476, 5073825.237233424559236 ], [ 339750.167438251024578, 5073812.130166076123714 ], [ 339786.443958398886025, 5073797.103939435444772 ], [ 339821.88435089669656, 5073780.199739344418049 ], [ 339856.391476092045195, 5073761.46389904152602 ], [ 339889.870752353337593, 5073740.94777216296643 ], [ 339922.23041531140916, 5073718.707591984421015 ], [ 339953.38176937942626, 5073694.804317296482623 ], [ 339983.239430861198343, 5073669.303465311415493 ], [ 340011.721561981947161, 5073642.274932093918324 ], [ 340038.750095200084615, 5073613.792800972238183 ], [ 340064.250947184744291, 5073583.935139491222799 ], [ 340088.15422187326476, 5073552.783785423263907 ], [ 340110.394402051111683, 5073520.424122464843094 ], [ 340130.910528930369765, 5073486.944846203550696 ], [ 340149.646369233320002, 5073452.437721008434892 ], [ 340166.550569323997479, 5073416.997328510507941 ], [ 340181.576795964967459, 5073380.720808362588286 ], [ 340194.683863313402981, 5073343.707591984421015 ], [ 340205.835845808847807, 5073306.059130030684173 ], [ 340215.002176642417908, 5073267.878614316694438 ], [ 340222.157731538405642, 5073229.270694984123111 ], [ 340227.28289761824999, 5073190.341193654574454 ], [ 340230.363627157988958, 5073151.196813385933638 ], [ 340231.391476092045195, 5073111.944846203550696 ] ] ] } },
{ "type": "Feature", "properties": { "site": 7, "transect": 7.3 }, "geometry": { "type": "Polygon", "coordinates": [ [ [ 340163.886549036717042, 5073061.595777028240263 ], [ 340162.858700102660805, 5073022.343809845857322 ], [ 340159.777970562921837, 5072983.199429577216506 ], [ 340154.652804483077489, 5072944.269928247667849 ], [ 340147.497249587089755, 5072905.662008915096521 ], [ 340138.330918753519654, 5072867.481493201106787 ], [ 340127.178936258074827, 5072829.833031247369945 ], [ 340114.071868909639306, 5072792.819814869202673 ], [ 340099.045642268669326, 5072756.543294721283019 ], [ 340082.141442177991848, 5072721.102902223356068 ], [ 340063.405601875041611, 5072686.595777028240263 ], [ 340042.88947499578353, 5072653.116500766947865 ], [ 340020.649294817936607, 5072620.756837808527052 ], [ 339996.746020129416138, 5072589.605483740568161 ], [ 339971.245168144756462, 5072559.747822259552777 ], [ 339944.216634926619008, 5072531.265691137872636 ], [ 339915.73450380587019, 5072504.237157920375466 ], [ 339885.876842324098106, 5072478.736305935308337 ], [ 339854.725488256081007, 5072454.833031247369945 ], [ 339822.36582529800944, 5072432.59285106882453 ], [ 339788.886549036717042, 5072412.07672419026494 ], [ 339754.379423841368407, 5072393.340883887372911 ], [ 339718.939031343557872, 5072376.436683796346188 ], [ 339682.662511195696425, 5072361.410457155667245 ], [ 339645.649294817936607, 5072348.303389807231724 ], [ 339608.000832863617688, 5072337.151407311670482 ], [ 339569.820317150035407, 5072327.985076477751136 ], [ 339531.212397816882003, 5072320.829521581530571 ], [ 339492.282896487449761, 5072315.704355501569808 ], [ 339453.138516218925361, 5072312.62362596206367 ], [ 339413.886549036717042, 5072311.595777028240263 ], [ 339374.634581854508724, 5072312.62362596206367 ], [ 339335.490201585984323, 5072315.704355501569808 ], [ 339296.560700256552082, 5072320.829521581530571 ], [ 339257.952780923398677, 5072327.985076477751136 ], [ 339219.772265209816396, 5072337.151407311670482 ], [ 339182.123803255497478, 5072348.303389807231724 ], [ 339145.11058687773766, 5072361.410457155667245 ], [ 339108.834066729876213, 5072376.436683796346188 ], [ 339073.393674232065678, 5072393.340883887372911 ], [ 339038.886549036717042, 5072412.07672419026494 ], [ 339005.407272775424644, 5072432.59285106882453 ], [ 338973.047609817353077, 5072454.833031247369945 ], [ 338941.896255749335978, 5072478.736305935308337 ], [ 338912.038594267563894, 5072504.237157920375466 ], [ 338883.556463146815076, 5072531.265691137872636 ], [ 338856.527929928677622, 5072559.747822259552777 ], [ 338831.027077944017947, 5072589.605483740568161 ], [ 338807.123803255497478, 5072620.756837808527052 ], [ 338784.883623077650554, 5072653.116500766947865 ], [ 338764.367496198392473, 5072686.595777028240263 ], [ 338745.631655895442236, 5072721.102902223356068 ], [ 338728.727455804764759, 5072756.543294721283019 ], [ 338713.701229163794778, 5072792.819814869202673 ], [ 338700.594161815359257, 5072829.833031247369945 ], [ 338689.44217931991443, 5072867.481493201106787 ], [ 338680.27584848634433, 5072905.662008915096521 ], [ 338673.120293590356596, 5072944.269928247667849 ], [ 338667.995127510512248, 5072983.199429577216506 ], [ 338664.91439797077328, 5073022.343809845857322 ], [ 338663.886549036717042, 5073061.595777028240263 ], [ 338664.91439797077328, 5073100.847744210623205 ], [ 338667.995127510512248, 5073139.992124479264021 ], [ 338673.120293590356596, 5073178.921625808812678 ], [ 338680.27584848634433, 5073217.529545141384006 ], [ 338689.44217931991443, 5073255.71006085537374 ], [ 338700.594161815359257, 5073293.358522809110582 ], [ 338713.701229163794778, 5073330.371739187277853 ], [ 338728.727455804764759, 5073366.648259335197508 ], [ 338745.631655895442236, 5073402.088651833124459 ], [ 338764.367496198392473, 5073436.595777028240263 ], [ 338784.883623077650554, 5073470.075053289532661 ], [ 338807.123803255497478, 5073502.434716247953475 ], [ 338831.027077943959739, 5073533.586070315912366 ], [ 338856.527929928677622, 5073563.44373179692775 ], [ 338883.556463146815076, 5073591.925862918607891 ], [ 338912.038594267563894, 5073618.954396136105061 ], [ 338941.896255749335978, 5073644.45524812117219 ], [ 338973.047609817353077, 5073668.358522809110582 ], [ 339005.407272775424644, 5073690.598702987655997 ], [ 339038.886549036717042, 5073711.114829866215587 ], [ 339073.393674232065678, 5073729.850670169107616 ], [ 339108.834066729876213, 5073746.754870260134339 ], [ 339145.11058687773766, 5073761.781096900813282 ], [ 339182.123803255497478, 5073774.888164249248803 ], [ 339219.772265209816396, 5073786.040146744810045 ], [ 339257.952780923398677, 5073795.206477578729391 ], [ 339296.560700256552082, 5073802.362032474949956 ], [ 339335.490201585984323, 5073807.487198554910719 ], [ 339374.634581854508724, 5073810.567928094416857 ], [ 339413.886549036717042, 5073811.595777028240263 ], [ 339453.138516218925361, 5073810.567928094416857 ], [ 339492.282896487449761, 5073807.487198554910719 ], [ 339531.212397816882003, 5073802.362032474949956 ], [ 339569.820317150035407, 5073795.206477578729391 ], [ 339608.000832863617688, 5073786.040146744810045 ], [ 339645.649294817936607, 5073774.888164249248803 ], [ 339682.662511195696425, 5073761.781096900813282 ], [ 339718.939031343557872, 5073746.754870260134339 ], [ 339754.379423841368407, 5073729.850670169107616 ], [ 339788.886549036717042, 5073711.114829866215587 ], [ 339822.36582529800944, 5073690.598702987655997 ], [ 339854.725488256081007, 5073668.358522809110582 ], [ 339885.876842324098106, 5073644.45524812117219 ], [ 339915.73450380587019, 5073618.954396136105061 ], [ 339944.216634926619008, 5073591.925862918607891 ], [ 339971.245168144756462, 5073563.44373179692775 ], [ 339996.746020129416138, 5073533.586070315912366 ], [ 340020.649294817936607, 5073502.434716247953475 ], [ 340042.88947499578353, 5073470.075053289532661 ], [ 340063.405601875041611, 5073436.595777028240263 ], [ 340082.141442177991848, 5073402.088651833124459 ], [ 340099.045642268669326, 5073366.648259335197508 ], [ 340114.071868909639306, 5073330.371739187277853 ], [ 340127.178936258074827, 5073293.358522809110582 ], [ 340138.330918753519654, 5073255.71006085537374 ], [ 340147.497249587089755, 5073217.529545141384006 ], [ 340154.652804483077489, 5073178.921625808812678 ], [ 340159.777970562921837, 5073139.992124479264021 ], [ 340162.858700102660805, 5073100.847744210623205 ], [ 340163.886549036717042, 5073061.595777028240263 ] ] ] } },
{ "type": "Feature", "properties": { "site": 7, "transect": 7.4 }, "geometry": { "type": "Polygon", "coordinates": [ [ [ 340354.625261124572717, 5073202.259732727892697 ], [ 340353.597412190516479, 5073163.007765545509756 ], [ 340350.516682650777511, 5073123.863385276868939 ], [ 340345.391516570933163, 5073084.933883947320282 ], [ 340338.235961674945429, 5073046.325964614748955 ], [ 340329.069630841375329, 5073008.14544890075922 ], [ 340317.917648345930502, 5072970.496986947022378 ], [ 340304.810580997494981, 5072933.483770568855107 ], [ 340289.784354356525, 5072897.207250420935452 ], [ 340272.880154265847523, 5072861.766857923008502 ], [ 340254.144313962897286, 5072827.259732727892697 ], [ 340233.628187083639205, 5072793.780456466600299 ], [ 340211.388006905792281, 5072761.420793508179486 ], [ 340187.484732217271812, 5072730.269439440220594 ], [ 340161.983880232612137, 5072700.41177795920521 ], [ 340134.955347014474683, 5072671.92964683752507 ], [ 340106.473215893725865, 5072644.9011136200279 ], [ 340076.615554411953781, 5072619.400261634960771 ], [ 340045.464200343936682, 5072595.496986947022378 ], [ 340013.104537385865115, 5072573.256806768476963 ], [ 339979.625261124572717, 5072552.740679889917374 ], [ 339945.118135929224081, 5072534.004839587025344 ], [ 339909.677743431413546, 5072517.100639495998621 ], [ 339873.401223283552099, 5072502.074412855319679 ], [ 339836.388006905792281, 5072488.967345506884158 ], [ 339798.739544951473363, 5072477.815363011322916 ], [ 339760.559029237891082, 5072468.649032177403569 ], [ 339721.951109904737677, 5072461.493477281183004 ], [ 339683.021608575305436, 5072456.368311201222241 ], [ 339643.877228306781035, 5072453.287581661716104 ], [ 339604.625261124572717, 5072452.259732727892697 ], [ 339565.373293942364398, 5072453.287581661716104 ], [ 339526.228913673839998, 5072456.368311201222241 ], [ 339487.299412344407756, 5072461.493477281183004 ], [ 339448.691493011254352, 5072468.649032177403569 ], [ 339410.510977297672071, 5072477.815363011322916 ], [ 339372.862515343353152, 5072488.967345506884158 ], [ 339335.849298965593334, 5072502.074412855319679 ], [ 339299.572778817731887, 5072517.100639495998621 ], [ 339264.132386319921352, 5072534.004839587025344 ], [ 339229.625261124572717, 5072552.740679889917374 ], [ 339196.145984863280319, 5072573.256806768476963 ], [ 339163.786321905208752, 5072595.496986947022378 ], [ 339132.634967837191653, 5072619.400261634960771 ], [ 339102.777306355419569, 5072644.9011136200279 ], [ 339074.295175234670751, 5072671.92964683752507 ], [ 339047.266642016533297, 5072700.41177795920521 ], [ 339021.765790031873621, 5072730.269439440220594 ], [ 338997.862515343353152, 5072761.420793508179486 ], [ 338975.622335165506229, 5072793.780456466600299 ], [ 338955.106208286248147, 5072827.259732727892697 ], [ 338936.370367983297911, 5072861.766857923008502 ], [ 338919.466167892620433, 5072897.207250420935452 ], [ 338904.439941251650453, 5072933.483770568855107 ], [ 338891.332873903214931, 5072970.496986947022378 ], [ 338880.180891407770105, 5073008.14544890075922 ], [ 338871.014560574200004, 5073046.325964614748955 ], [ 338863.85900567821227, 5073084.933883947320282 ], [ 338858.733839598367922, 5073123.863385276868939 ], [ 338855.653110058628954, 5073163.007765545509756 ], [ 338854.625261124572717, 5073202.259732727892697 ], [ 338855.653110058628954, 5073241.511699910275638 ], [ 338858.733839598367922, 5073280.656080178916454 ], [ 338863.85900567821227, 5073319.585581508465111 ], [ 338871.014560574200004, 5073358.193500841036439 ], [ 338880.180891407770105, 5073396.374016555026174 ], [ 338891.332873903214931, 5073434.022478508763015 ], [ 338904.439941251650453, 5073471.035694886930287 ], [ 338919.466167892620433, 5073507.312215034849942 ], [ 338936.370367983297911, 5073542.752607532776892 ], [ 338955.106208286248147, 5073577.259732727892697 ], [ 338975.622335165506229, 5073610.739008989185095 ], [ 338997.862515343353152, 5073643.098671947605908 ], [ 339021.765790031815413, 5073674.250026015564799 ], [ 339047.266642016533297, 5073704.107687496580184 ], [ 339074.295175234670751, 5073732.589818618260324 ], [ 339102.777306355419569, 5073759.618351835757494 ], [ 339132.634967837191653, 5073785.119203820824623 ], [ 339163.786321905208752, 5073809.022478508763015 ], [ 339196.145984863280319, 5073831.262658687308431 ], [ 339229.625261124572717, 5073851.77878556586802 ], [ 339264.132386319921352, 5073870.514625868760049 ], [ 339299.572778817731887, 5073887.418825959786773 ], [ 339335.849298965593334, 5073902.445052600465715 ], [ 339372.862515343353152, 5073915.552119948901236 ], [ 339410.510977297672071, 5073926.704102444462478 ], [ 339448.691493011254352, 5073935.870433278381824 ], [ 339487.299412344407756, 5073943.025988174602389 ], [ 339526.228913673839998, 5073948.151154254563153 ], [ 339565.373293942364398, 5073951.23188379406929 ], [ 339604.625261124572717, 5073952.259732727892697 ], [ 339643.877228306781035, 5073951.23188379406929 ], [ 339683.021608575305436, 5073948.151154254563153 ], [ 339721.951109904737677, 5073943.025988174602389 ], [ 339760.559029237891082, 5073935.870433278381824 ], [ 339798.739544951473363, 5073926.704102444462478 ], [ 339836.388006905792281, 5073915.552119948901236 ], [ 339873.401223283552099, 5073902.445052600465715 ], [ 339909.677743431413546, 5073887.418825959786773 ], [ 339945.118135929224081, 5073870.514625868760049 ], [ 339979.625261124572717, 5073851.77878556586802 ], [ 340013.104537385865115, 5073831.262658687308431 ], [ 340045.464200343936682, 5073809.022478508763015 ], [ 340076.615554411953781, 5073785.119203820824623 ], [ 340106.473215893725865, 5073759.618351835757494 ], [ 340134.955347014474683, 5073732.589818618260324 ], [ 340161.983880232612137, 5073704.107687496580184 ], [ 340187.484732217271812, 5073674.250026015564799 ], [ 340211.388006905792281, 5073643.098671947605908 ], [ 340233.628187083639205, 5073610.739008989185095 ], [ 340254.144313962897286, 5073577.259732727892697 ], [ 340272.880154265847523, 5073542.752607532776892 ], [ 340289.784354356525, 5073507.312215034849942 ], [ 340304.810580997494981, 5073471.035694886930287 ], [ 340317.917648345930502, 5073434.022478508763015 ], [ 340329.069630841375329, 5073396.374016555026174 ], [ 340338.235961674945429, 5073358.193500841036439 ], [ 340345.391516570933163, 5073319.585581508465111 ], [ 340350.516682650777511, 5073280.656080178916454 ], [ 340353.597412190516479, 5073241.511699910275638 ], [ 340354.625261124572717, 5073202.259732727892697 ] ] ] } },
{ "type": "Feature", "properties": { "site": 8, "transect": 8.1 }, "geometry": { "type": "Polygon", "coordinates": [ [ [ 426276.1984307198436, 4954105.765819686464965 ], [ 426275.170581785787363, 4954066.513852504082024 ], [ 426272.089852246048395, 4954027.369472235441208 ], [ 426266.964686166204046, 4953988.439970905892551 ], [ 426259.809131270216312, 4953949.832051573321223 ], [ 426250.642800436646212, 4953911.651535859331489 ], [ 426239.490817941201385, 4953874.003073905594647 ], [ 426226.383750592765864, 4953836.989857527427375 ], [ 426211.357523951795883, 4953800.71333737950772 ], [ 426194.453323861118406, 4953765.27294488158077 ], [ 426175.717483558168169, 4953730.765819686464965 ], [ 426155.201356678910088, 4953697.286543425172567 ], [ 426132.961176501063164, 4953664.926880466751754 ], [ 426109.057901812600903, 4953633.775526398792863 ], [ 426083.55704982788302, 4953603.917864917777479 ], [ 426056.528516609745566, 4953575.435733796097338 ], [ 426028.046385488996748, 4953548.407200578600168 ], [ 425998.188724007224664, 4953522.906348593533039 ], [ 425967.037369939207565, 4953499.003073905594647 ], [ 425934.677706981135998, 4953476.762893727049232 ], [ 425901.1984307198436, 4953456.246766848489642 ], [ 425866.691305524494965, 4953437.510926545597613 ], [ 425831.250913026684429, 4953420.606726454570889 ], [ 425794.974392878822982, 4953405.580499813891947 ], [ 425757.961176501063164, 4953392.473432465456426 ], [ 425720.312714546744246, 4953381.321449969895184 ], [ 425682.132198833161965, 4953372.155119135975838 ], [ 425643.524279500008561, 4953364.999564239755273 ], [ 425604.594778170576319, 4953359.874398159794509 ], [ 425565.450397902051918, 4953356.793668620288372 ], [ 425526.1984307198436, 4953355.765819686464965 ], [ 425486.946463537635282, 4953356.793668620288372 ], [ 425447.802083269110881, 4953359.874398159794509 ], [ 425408.872581939678639, 4953364.999564239755273 ], [ 425370.264662606525235, 4953372.155119135975838 ], [ 425332.084146892942954, 4953381.321449969895184 ], [ 425294.435684938624036, 4953392.473432465456426 ], [ 425257.422468560864218, 4953405.580499813891947 ], [ 425221.14594841300277, 4953420.606726454570889 ], [ 425185.705555915192235, 4953437.510926545597613 ], [ 425151.1984307198436, 4953456.246766848489642 ], [ 425117.719154458551202, 4953476.762893727049232 ], [ 425085.359491500479635, 4953499.003073905594647 ], [ 425054.208137432462536, 4953522.906348593533039 ], [ 425024.350475950690452, 4953548.407200578600168 ], [ 424995.868344829941634, 4953575.435733796097338 ], [ 424968.83981161180418, 4953603.917864917777479 ], [ 424943.338959627144504, 4953633.775526398792863 ], [ 424919.435684938624036, 4953664.926880466751754 ], [ 424897.195504760777112, 4953697.286543425172567 ], [ 424876.679377881519031, 4953730.765819686464965 ], [ 424857.943537578568794, 4953765.27294488158077 ], [ 424841.039337487891316, 4953800.71333737950772 ], [ 424826.013110846921336, 4953836.989857527427375 ], [ 424812.906043498485815, 4953874.003073905594647 ], [ 424801.754061003040988, 4953911.651535859331489 ], [ 424792.587730169470888, 4953949.832051573321223 ], [ 424785.432175273483153, 4953988.439970905892551 ], [ 424780.307009193638805, 4954027.369472235441208 ], [ 424777.226279653899837, 4954066.513852504082024 ], [ 424776.1984307198436, 4954105.765819686464965 ], [ 424777.226279653899837, 4954145.017786868847907 ], [ 424780.307009193638805, 4954184.162167137488723 ], [ 424785.432175273483153, 4954223.09166846703738 ], [ 424792.587730169470888, 4954261.699587799608707 ], [ 424801.754061003040988, 4954299.880103513598442 ], [ 424812.906043498485815, 4954337.528565467335284 ], [ 424826.013110846921336, 4954374.541781845502555 ], [ 424841.039337487891316, 4954410.81830199342221 ], [ 424857.943537578568794, 4954446.258694491349161 ], [ 424876.679377881519031, 4954480.765819686464965 ], [ 424897.195504760777112, 4954514.245095947757363 ], [ 424919.435684938624036, 4954546.604758906178176 ], [ 424943.338959627086297, 4954577.756112974137068 ], [ 424968.83981161180418, 4954607.613774455152452 ], [ 424995.868344829941634, 4954636.095905576832592 ], [ 425024.350475950690452, 4954663.124438794329762 ], [ 425054.208137432462536, 4954688.625290779396892 ], [ 425085.359491500479635, 4954712.528565467335284 ], [ 425117.719154458551202, 4954734.768745645880699 ], [ 425151.1984307198436, 4954755.284872524440289 ], [ 425185.705555915192235, 4954774.020712827332318 ], [ 425221.14594841300277, 4954790.924912918359041 ], [ 425257.422468560864218, 4954805.951139559037983 ], [ 425294.435684938624036, 4954819.058206907473505 ], [ 425332.084146892942954, 4954830.210189403034747 ], [ 425370.264662606525235, 4954839.376520236954093 ], [ 425408.872581939678639, 4954846.532075133174658 ], [ 425447.802083269110881, 4954851.657241213135421 ], [ 425486.946463537635282, 4954854.737970752641559 ], [ 425526.1984307198436, 4954855.765819686464965 ], [ 425565.450397902051918, 4954854.737970752641559 ], [ 425604.594778170576319, 4954851.657241213135421 ], [ 425643.524279500008561, 4954846.532075133174658 ], [ 425682.132198833161965, 4954839.376520236954093 ], [ 425720.312714546744246, 4954830.210189403034747 ], [ 425757.961176501063164, 4954819.058206907473505 ], [ 425794.974392878822982, 4954805.951139559037983 ], [ 425831.250913026684429, 4954790.924912918359041 ], [ 425866.691305524494965, 4954774.020712827332318 ], [ 425901.1984307198436, 4954755.284872524440289 ], [ 425934.677706981135998, 4954734.768745645880699 ], [ 425967.037369939207565, 4954712.528565467335284 ], [ 425998.188724007224664, 4954688.625290779396892 ], [ 426028.046385488996748, 4954663.124438794329762 ], [ 426056.528516609745566, 4954636.095905576832592 ], [ 426083.55704982788302, 4954607.613774455152452 ], [ 426109.057901812542696, 4954577.756112974137068 ], [ 426132.961176501063164, 4954546.604758906178176 ], [ 426155.201356678910088, 4954514.245095947757363 ], [ 426175.717483558168169, 4954480.765819686464965 ], [ 426194.453323861118406, 4954446.258694491349161 ], [ 426211.357523951795883, 4954410.81830199342221 ], [ 426226.383750592765864, 4954374.541781845502555 ], [ 426239.490817941201385, 4954337.528565467335284 ], [ 426250.642800436646212, 4954299.880103513598442 ], [ 426259.809131270216312, 4954261.699587799608707 ], [ 426266.964686166204046, 4954223.09166846703738 ], [ 426272.089852246048395, 4954184.162167137488723 ], [ 426275.170581785787363, 4954145.017786868847907 ], [ 426276.1984307198436, 4954105.765819686464965 ] ] ] } },
{ "type": "Feature", "properties": { "site": 9, "transect": 9.1 }, "geometry": { "type": "Polygon", "coordinates": [ [ [ 455526.851643096772023, 5030793.983066687360406 ], [ 455525.823794162715785, 5030754.731099504977465 ], [ 455522.743064622976817, 5030715.586719236336648 ], [ 455517.617898543132469, 5030676.657217906787992 ], [ 455510.462343647144735, 5030638.049298574216664 ], [ 455501.296012813574634, 5030599.868782860226929 ], [ 455490.144030318129808, 5030562.220320906490088 ], [ 455477.036962969694287, 5030525.207104528322816 ], [ 455462.010736328724306, 5030488.930584380403161 ], [ 455445.106536238046829, 5030453.490191882476211 ], [ 455426.370695935096592, 5030418.983066687360406 ], [ 455405.85456905583851, 5030385.503790426068008 ], [ 455383.614388877991587, 5030353.144127467647195 ], [ 455359.711114189471118, 5030321.992773399688303 ], [ 455334.210262204811443, 5030292.135111918672919 ], [ 455307.181728986673988, 5030263.652980796992779 ], [ 455278.69959786592517, 5030236.624447579495609 ], [ 455248.841936384153087, 5030211.12359559442848 ], [ 455217.690582316135988, 5030187.220320906490088 ], [ 455185.330919358064421, 5030164.980140727944672 ], [ 455151.851643096772023, 5030144.464013849385083 ], [ 455117.344517901423387, 5030125.728173546493053 ], [ 455081.904125403612852, 5030108.82397345546633 ], [ 455045.627605255751405, 5030093.797746814787388 ], [ 455008.614388877991587, 5030080.690679466351867 ], [ 454970.965926923672669, 5030069.538696970790625 ], [ 454932.785411210090388, 5030060.372366136871278 ], [ 454894.177491876936983, 5030053.216811240650713 ], [ 454855.247990547504742, 5030048.09164516068995 ], [ 454816.103610278980341, 5030045.010915621183813 ], [ 454776.851643096772023, 5030043.983066687360406 ], [ 454737.599675914563704, 5030045.010915621183813 ], [ 454698.455295646039303, 5030048.09164516068995 ], [ 454659.525794316607062, 5030053.216811240650713 ], [ 454620.917874983453657, 5030060.372366136871278 ], [ 454582.737359269871376, 5030069.538696970790625 ], [ 454545.088897315552458, 5030080.690679466351867 ], [ 454508.07568093779264, 5030093.797746814787388 ], [ 454471.799160789931193, 5030108.82397345546633 ], [ 454436.358768292120658, 5030125.728173546493053 ], [ 454401.851643096772023, 5030144.464013849385083 ], [ 454368.372366835479625, 5030164.980140727944672 ], [ 454336.012703877408057, 5030187.220320906490088 ], [ 454304.861349809390958, 5030211.12359559442848 ], [ 454275.003688327618875, 5030236.624447579495609 ], [ 454246.521557206870057, 5030263.652980796992779 ], [ 454219.493023988732602, 5030292.135111918672919 ], [ 454193.992172004072927, 5030321.992773399688303 ], [ 454170.088897315552458, 5030353.144127467647195 ], [ 454147.848717137705535, 5030385.503790426068008 ], [ 454127.332590258447453, 5030418.983066687360406 ], [ 454108.596749955497216, 5030453.490191882476211 ], [ 454091.692549864819739, 5030488.930584380403161 ], [ 454076.666323223849759, 5030525.207104528322816 ], [ 454063.559255875414237, 5030562.220320906490088 ], [ 454052.407273379969411, 5030599.868782860226929 ], [ 454043.24094254639931, 5030638.049298574216664 ], [ 454036.085387650411576, 5030676.657217906787992 ], [ 454030.960221570567228, 5030715.586719236336648 ], [ 454027.87949203082826, 5030754.731099504977465 ], [ 454026.851643096772023, 5030793.983066687360406 ], [ 454027.87949203082826, 5030833.235033869743347 ], [ 454030.960221570567228, 5030872.379414138384163 ], [ 454036.085387650411576, 5030911.30891546793282 ], [ 454043.24094254639931, 5030949.916834800504148 ], [ 454052.407273379969411, 5030988.097350514493883 ], [ 454063.559255875414237, 5031025.745812468230724 ], [ 454076.666323223849759, 5031062.759028846397996 ], [ 454091.692549864819739, 5031099.035548994317651 ], [ 454108.596749955497216, 5031134.475941492244601 ], [ 454127.332590258447453, 5031168.983066687360406 ], [ 454147.848717137705535, 5031202.462342948652804 ], [ 454170.088897315552458, 5031234.822005907073617 ], [ 454193.992172004014719, 5031265.973359975032508 ], [ 454219.493023988732602, 5031295.831021456047893 ], [ 454246.521557206870057, 5031324.313152577728033 ], [ 454275.003688327618875, 5031351.341685795225203 ], [ 454304.861349809390958, 5031376.842537780292332 ], [ 454336.012703877408057, 5031400.745812468230724 ], [ 454368.372366835479625, 5031422.98599264677614 ], [ 454401.851643096772023, 5031443.502119525335729 ], [ 454436.358768292120658, 5031462.237959828227758 ], [ 454471.799160789931193, 5031479.142159919254482 ], [ 454508.07568093779264, 5031494.168386559933424 ], [ 454545.088897315552458, 5031507.275453908368945 ], [ 454582.737359269871376, 5031518.427436403930187 ], [ 454620.917874983453657, 5031527.593767237849534 ], [ 454659.525794316607062, 5031534.749322134070098 ], [ 454698.455295646039303, 5031539.874488214030862 ], [ 454737.599675914563704, 5031542.955217753536999 ], [ 454776.851643096772023, 5031543.983066687360406 ], [ 454816.103610278980341, 5031542.955217753536999 ], [ 454855.247990547504742, 5031539.874488214030862 ], [ 454894.177491876936983, 5031534.749322134070098 ], [ 454932.785411210090388, 5031527.593767237849534 ], [ 454970.965926923672669, 5031518.427436403930187 ], [ 455008.614388877991587, 5031507.275453908368945 ], [ 455045.627605255751405, 5031494.168386559933424 ], [ 455081.904125403612852, 5031479.142159919254482 ], [ 455117.344517901423387, 5031462.237959828227758 ], [ 455151.851643096772023, 5031443.502119525335729 ], [ 455185.330919358064421, 5031422.98599264677614 ], [ 455217.690582316135988, 5031400.745812468230724 ], [ 455248.841936384153087, 5031376.842537780292332 ], [ 455278.69959786592517, 5031351.341685795225203 ], [ 455307.181728986673988, 5031324.313152577728033 ], [ 455334.210262204811443, 5031295.831021456047893 ], [ 455359.711114189471118, 5031265.973359975032508 ], [ 455383.614388877991587, 5031234.822005907073617 ], [ 455405.85456905583851, 5031202.462342948652804 ], [ 455426.370695935096592, 5031168.983066687360406 ], [ 455445.106536238046829, 5031134.475941492244601 ], [ 455462.010736328724306, 5031099.035548994317651 ], [ 455477.036962969694287, 5031062.759028846397996 ], [ 455490.144030318129808, 5031025.745812468230724 ], [ 455501.296012813574634, 5030988.097350514493883 ], [ 455510.462343647144735, 5030949.916834800504148 ], [ 455517.617898543132469, 5030911.30891546793282 ], [ 455522.743064622976817, 5030872.379414138384163 ], [ 455525.823794162715785, 5030833.235033869743347 ], [ 455526.851643096772023, 5030793.983066687360406 ] ] ] } },
{ "type": "Feature", "properties": { "site": 9, "transect": 9.2 }, "geometry": { "type": "Polygon", "coordinates": [ [ [ 455186.909196778957266, 5030515.539198934100568 ], [ 455185.881347844901029, 5030476.287231751717627 ], [ 455182.800618305162061, 5030437.142851483076811 ], [ 455177.675452225317713, 5030398.213350153528154 ], [ 455170.519897329329979, 5030359.605430820956826 ], [ 455161.353566495759878, 5030321.424915106967092 ], [ 455150.201584000315052, 5030283.77645315323025 ], [ 455137.09451665187953, 5030246.763236775062978 ], [ 455122.06829001090955, 5030210.486716627143323 ], [ 455105.164089920232072, 5030175.046324129216373 ], [ 455086.428249617281836, 5030140.539198934100568 ], [ 455065.912122738023754, 5030107.05992267280817 ], [ 455043.671942560176831, 5030074.700259714387357 ], [ 455019.76866787171457, 5030043.548905646428466 ], [ 454994.267815886996686, 5030013.691244165413082 ], [ 454967.239282668859232, 5029985.209113043732941 ], [ 454938.757151548110414, 5029958.180579826235771 ], [ 454908.899490066338331, 5029932.679727841168642 ], [ 454877.748135998321231, 5029908.77645315323025 ], [ 454845.388473040249664, 5029886.536272974684834 ], [ 454811.909196778957266, 5029866.020146096125245 ], [ 454777.402071583608631, 5029847.284305793233216 ], [ 454741.961679085798096, 5029830.380105702206492 ], [ 454705.685158937936649, 5029815.35387906152755 ], [ 454668.671942560176831, 5029802.246811713092029 ], [ 454631.023480605857912, 5029791.094829217530787 ], [ 454592.842964892275631, 5029781.928498383611441 ], [ 454554.235045559122227, 5029774.772943487390876 ], [ 454515.305544229689986, 5029769.647777407430112 ], [ 454476.161163961165585, 5029766.567047867923975 ], [ 454436.909196778957266, 5029765.539198934100568 ], [ 454397.657229596748948, 5029766.567047867923975 ], [ 454358.512849328224547, 5029769.647777407430112 ], [ 454319.583347998792306, 5029774.772943487390876 ], [ 454280.975428665638901, 5029781.928498383611441 ], [ 454242.79491295205662, 5029791.094829217530787 ], [ 454205.146450997737702, 5029802.246811713092029 ], [ 454168.133234619977884, 5029815.35387906152755 ], [ 454131.856714472116437, 5029830.380105702206492 ], [ 454096.416321974305902, 5029847.284305793233216 ], [ 454061.909196778957266, 5029866.020146096125245 ], [ 454028.429920517664868, 5029886.536272974684834 ], [ 453996.070257559593301, 5029908.77645315323025 ], [ 453964.918903491576202, 5029932.679727841168642 ], [ 453935.061242009804118, 5029958.180579826235771 ], [ 453906.579110889055301, 5029985.209113043732941 ], [ 453879.550577670917846, 5030013.691244165413082 ], [ 453854.049725686258171, 5030043.548905646428466 ], [ 453830.146450997737702, 5030074.700259714387357 ], [ 453807.906270819890779, 5030107.05992267280817 ], [ 453787.390143940632697, 5030140.539198934100568 ], [ 453768.65430363768246, 5030175.046324129216373 ], [ 453751.750103547004983, 5030210.486716627143323 ], [ 453736.723876906035002, 5030246.763236775062978 ], [ 453723.616809557599481, 5030283.77645315323025 ], [ 453712.464827062154654, 5030321.424915106967092 ], [ 453703.298496228584554, 5030359.605430820956826 ], [ 453696.14294133259682, 5030398.213350153528154 ], [ 453691.017775252752472, 5030437.142851483076811 ], [ 453687.937045713013504, 5030476.287231751717627 ], [ 453686.909196778957266, 5030515.539198934100568 ], [ 453687.937045713013504, 5030554.79116611648351 ], [ 453691.017775252752472, 5030593.935546385124326 ], [ 453696.14294133259682, 5030632.865047714672983 ], [ 453703.298496228584554, 5030671.47296704724431 ], [ 453712.464827062154654, 5030709.653482761234045 ], [ 453723.616809557599481, 5030747.301944714970887 ], [ 453736.723876906035002, 5030784.315161093138158 ], [ 453751.750103547004983, 5030820.591681241057813 ], [ 453768.65430363768246, 5030856.032073738984764 ], [ 453787.390143940632697, 5030890.539198934100568 ], [ 453807.906270819890779, 5030924.018475195392966 ], [ 453830.146450997737702, 5030956.378138153813779 ], [ 453854.049725686199963, 5030987.529492221772671 ], [ 453879.550577670917846, 5031017.387153702788055 ], [ 453906.579110889055301, 5031045.869284824468195 ], [ 453935.061242009804118, 5031072.897818041965365 ], [ 453964.918903491576202, 5031098.398670027032495 ], [ 453996.070257559593301, 5031122.301944714970887 ], [ 454028.429920517664868, 5031144.542124893516302 ], [ 454061.909196778957266, 5031165.058251772075891 ], [ 454096.416321974305902, 5031183.794092074967921 ], [ 454131.856714472116437, 5031200.698292165994644 ], [ 454168.133234619977884, 5031215.724518806673586 ], [ 454205.146450997737702, 5031228.831586155109107 ], [ 454242.79491295205662, 5031239.98356865067035 ], [ 454280.975428665638901, 5031249.149899484589696 ], [ 454319.583347998792306, 5031256.305454380810261 ], [ 454358.512849328224547, 5031261.430620460771024 ], [ 454397.657229596748948, 5031264.511350000277162 ], [ 454436.909196778957266, 5031265.539198934100568 ], [ 454476.161163961165585, 5031264.511350000277162 ], [ 454515.305544229689986, 5031261.430620460771024 ], [ 454554.235045559122227, 5031256.305454380810261 ], [ 454592.842964892275631, 5031249.149899484589696 ], [ 454631.023480605857912, 5031239.98356865067035 ], [ 454668.671942560176831, 5031228.831586155109107 ], [ 454705.685158937936649, 5031215.724518806673586 ], [ 454741.961679085798096, 5031200.698292165994644 ], [ 454777.402071583608631, 5031183.794092074967921 ], [ 454811.909196778957266, 5031165.058251772075891 ], [ 454845.388473040249664, 5031144.542124893516302 ], [ 454877.748135998321231, 5031122.301944714970887 ], [ 454908.899490066338331, 5031098.398670027032495 ], [ 454938.757151548110414, 5031072.897818041965365 ], [ 454967.239282668859232, 5031045.869284824468195 ], [ 454994.267815886996686, 5031017.387153702788055 ], [ 455019.768667871656362, 5030987.529492221772671 ], [ 455043.671942560176831, 5030956.378138153813779 ], [ 455065.912122738023754, 5030924.018475195392966 ], [ 455086.428249617281836, 5030890.539198934100568 ], [ 455105.164089920232072, 5030856.032073738984764 ], [ 455122.06829001090955, 5030820.591681241057813 ], [ 455137.09451665187953, 5030784.315161093138158 ], [ 455150.201584000315052, 5030747.301944714970887 ], [ 455161.353566495759878, 5030709.653482761234045 ], [ 455170.519897329329979, 5030671.47296704724431 ], [ 455177.675452225317713, 5030632.865047714672983 ], [ 455182.800618305162061, 5030593.935546385124326 ], [ 455185.881347844901029, 5030554.79116611648351 ], [ 455186.909196778957266, 5030515.539198934100568 ] ] ] } },
{ "type": "Feature", "properties": { "site": 9, "transect": 9.3 }, "geometry": { "type": "Polygon", "coordinates": [ [ [ 455369.365812230855227, 5030702.584058959037066 ], [ 455368.337963296798989, 5030663.332091776654124 ], [ 455365.257233757060021, 5030624.187711508013308 ], [ 455360.132067677215673, 5030585.258210178464651 ], [ 455352.976512781227939, 5030546.650290845893323 ], [ 455343.810181947657838, 5030508.469775131903589 ], [ 455332.658199452213012, 5030470.821313178166747 ], [ 455319.551132103777491, 5030433.808096799999475 ], [ 455304.52490546280751, 5030397.531576652079821 ], [ 455287.620705372130033, 5030362.09118415415287 ], [ 455268.884865069179796, 5030327.584058959037066 ], [ 455248.368738189921714, 5030294.104782697744668 ], [ 455226.128558012074791, 5030261.745119739323854 ], [ 455202.225283323554322, 5030230.593765671364963 ], [ 455176.724431338894647, 5030200.736104190349579 ], [ 455149.695898120757192, 5030172.253973068669438 ], [ 455121.213767, 5030145.225439851172268 ], [ 455091.356105518236291, 5030119.724587866105139 ], [ 455060.204751450219192, 5030095.821313178166747 ], [ 455027.845088492147624, 5030073.581132999621332 ], [ 454994.365812230855227, 5030053.065006121061742 ], [ 454959.858687035506591, 5030034.329165818169713 ], [ 454924.418294537696056, 5030017.42496572714299 ], [ 454888.141774389834609, 5030002.398739086464047 ], [ 454851.128558012074791, 5029989.291671738028526 ], [ 454813.480096057755873, 5029978.139689242467284 ], [ 454775.299580344173592, 5029968.973358408547938 ], [ 454736.691661011020187, 5029961.817803512327373 ], [ 454697.762159681587946, 5029956.69263743236661 ], [ 454658.617779413063545, 5029953.611907892860472 ], [ 454619.365812230855227, 5029952.584058959037066 ], [ 454580.113845048646908, 5029953.611907892860472 ], [ 454540.969464780122507, 5029956.69263743236661 ], [ 454502.039963450690266, 5029961.817803512327373 ], [ 454463.432044117536861, 5029968.973358408547938 ], [ 454425.25152840395458, 5029978.139689242467284 ], [ 454387.603066449635662, 5029989.291671738028526 ], [ 454350.589850071875844, 5030002.398739086464047 ], [ 454314.313329924014397, 5030017.42496572714299 ], [ 454278.872937426203862, 5030034.329165818169713 ], [ 454244.365812230855227, 5030053.065006121061742 ], [ 454210.886535969562829, 5030073.581132999621332 ], [ 454178.526873011491261, 5030095.821313178166747 ], [ 454147.375518943474162, 5030119.724587866105139 ], [ 454117.517857461702079, 5030145.225439851172268 ], [ 454089.035726340953261, 5030172.253973068669438 ], [ 454062.007193122815806, 5030200.736104190349579 ], [ 454036.506341138156131, 5030230.593765671364963 ], [ 454012.603066449635662, 5030261.745119739323854 ], [ 453990.362886271788739, 5030294.104782697744668 ], [ 453969.846759392530657, 5030327.584058959037066 ], [ 453951.11091908958042, 5030362.09118415415287 ], [ 453934.206718998902943, 5030397.531576652079821 ], [ 453919.180492357932962, 5030433.808096799999475 ], [ 453906.073425009497441, 5030470.821313178166747 ], [ 453894.921442514052615, 5030508.469775131903589 ], [ 453885.755111680482514, 5030546.650290845893323 ], [ 453878.59955678449478, 5030585.258210178464651 ], [ 453873.474390704650432, 5030624.187711508013308 ], [ 453870.393661164911464, 5030663.332091776654124 ], [ 453869.365812230855227, 5030702.584058959037066 ], [ 453870.393661164911464, 5030741.836026141420007 ], [ 453873.474390704650432, 5030780.980406410060823 ], [ 453878.59955678449478, 5030819.90990773960948 ], [ 453885.755111680482514, 5030858.517827072180808 ], [ 453894.921442514052615, 5030896.698342786170542 ], [ 453906.073425009497441, 5030934.346804739907384 ], [ 453919.180492357932962, 5030971.360021118074656 ], [ 453934.206718998902943, 5031007.63654126599431 ], [ 453951.11091908958042, 5031043.076933763921261 ], [ 453969.846759392530657, 5031077.584058959037066 ], [ 453990.362886271788739, 5031111.063335220329463 ], [ 454012.603066449635662, 5031143.422998178750277 ], [ 454036.506341138097923, 5031174.574352246709168 ], [ 454062.007193122815806, 5031204.432013727724552 ], [ 454089.035726340953261, 5031232.914144849404693 ], [ 454117.517857461702079, 5031259.942678066901863 ], [ 454147.375518943474162, 5031285.443530051968992 ], [ 454178.526873011491261, 5031309.346804739907384 ], [ 454210.886535969562829, 5031331.586984918452799 ], [ 454244.365812230855227, 5031352.103111797012389 ], [ 454278.872937426203862, 5031370.838952099904418 ], [ 454314.313329924014397, 5031387.743152190931141 ], [ 454350.589850071875844, 5031402.769378831610084 ], [ 454387.603066449635662, 5031415.876446180045605 ], [ 454425.25152840395458, 5031427.028428675606847 ], [ 454463.432044117536861, 5031436.194759509526193 ], [ 454502.039963450690266, 5031443.350314405746758 ], [ 454540.969464780122507, 5031448.475480485707521 ], [ 454580.113845048646908, 5031451.556210025213659 ], [ 454619.365812230855227, 5031452.584058959037066 ], [ 454658.617779413063545, 5031451.556210025213659 ], [ 454697.762159681587946, 5031448.475480485707521 ], [ 454736.691661011020187, 5031443.350314405746758 ], [ 454775.299580344173592, 5031436.194759509526193 ], [ 454813.480096057755873, 5031427.028428675606847 ], [ 454851.128558012074791, 5031415.876446180045605 ], [ 454888.141774389834609, 5031402.769378831610084 ], [ 454924.418294537696056, 5031387.743152190931141 ], [ 454959.858687035506591, 5031370.838952099904418 ], [ 454994.365812230855227, 5031352.103111797012389 ], [ 455027.845088492147624, 5031331.586984918452799 ], [ 455060.204751450219192, 5031309.346804739907384 ], [ 455091.356105518236291, 5031285.443530051968992 ], [ 455121.213767, 5031259.942678066901863 ], [ 455149.695898120757192, 5031232.914144849404693 ], [ 455176.724431338894647, 5031204.432013727724552 ], [ 455202.225283323554322, 5031174.574352246709168 ], [ 455226.128558012074791, 5031143.422998178750277 ], [ 455248.368738189921714, 5031111.063335220329463 ], [ 455268.884865069179796, 5031077.584058959037066 ], [ 455287.620705372130033, 5031043.076933763921261 ], [ 455304.52490546280751, 5031007.63654126599431 ], [ 455319.551132103777491, 5030971.360021118074656 ], [ 455332.658199452213012, 5030934.346804739907384 ], [ 455343.810181947657838, 5030896.698342786170542 ], [ 455352.976512781227939, 5030858.517827072180808 ], [ 455360.132067677215673, 5030819.90990773960948 ], [ 455365.257233757060021, 5030780.980406410060823 ], [ 455368.337963296798989, 5030741.836026141420007 ], [ 455369.365812230855227, 5030702.584058959037066 ] ] ] } },
{ "type": "Feature", "properties": { "site": 9, "transect": 9.4 }, "geometry": { "type": "Polygon", "coordinates": [ [ [ 455369.365812230855227, 5030702.584058959037066 ], [ 455368.337963296798989, 5030663.332091776654124 ], [ 455365.257233757060021, 5030624.187711508013308 ], [ 455360.132067677215673, 5030585.258210178464651 ], [ 455352.976512781227939, 5030546.650290845893323 ], [ 455343.810181947657838, 5030508.469775131903589 ], [ 455332.658199452213012, 5030470.821313178166747 ], [ 455319.551132103777491, 5030433.808096799999475 ], [ 455304.52490546280751, 5030397.531576652079821 ], [ 455287.620705372130033, 5030362.09118415415287 ], [ 455268.884865069179796, 5030327.584058959037066 ], [ 455248.368738189921714, 5030294.104782697744668 ], [ 455226.128558012074791, 5030261.745119739323854 ], [ 455202.225283323554322, 5030230.593765671364963 ], [ 455176.724431338894647, 5030200.736104190349579 ], [ 455149.695898120757192, 5030172.253973068669438 ], [ 455121.213767, 5030145.225439851172268 ], [ 455091.356105518236291, 5030119.724587866105139 ], [ 455060.204751450219192, 5030095.821313178166747 ], [ 455027.845088492147624, 5030073.581132999621332 ], [ 454994.365812230855227, 5030053.065006121061742 ], [ 454959.858687035506591, 5030034.329165818169713 ], [ 454924.418294537696056, 5030017.42496572714299 ], [ 454888.141774389834609, 5030002.398739086464047 ], [ 454851.128558012074791, 5029989.291671738028526 ], [ 454813.480096057755873, 5029978.139689242467284 ], [ 454775.299580344173592, 5029968.973358408547938 ], [ 454736.691661011020187, 5029961.817803512327373 ], [ 454697.762159681587946, 5029956.69263743236661 ], [ 454658.617779413063545, 5029953.611907892860472 ], [ 454619.365812230855227, 5029952.584058959037066 ], [ 454580.113845048646908, 5029953.611907892860472 ], [ 454540.969464780122507, 5029956.69263743236661 ], [ 454502.039963450690266, 5029961.817803512327373 ], [ 454463.432044117536861, 5029968.973358408547938 ], [ 454425.25152840395458, 5029978.139689242467284 ], [ 454387.603066449635662, 5029989.291671738028526 ], [ 454350.589850071875844, 5030002.398739086464047 ], [ 454314.313329924014397, 5030017.42496572714299 ], [ 454278.872937426203862, 5030034.329165818169713 ], [ 454244.365812230855227, 5030053.065006121061742 ], [ 454210.886535969562829, 5030073.581132999621332 ], [ 454178.526873011491261, 5030095.821313178166747 ], [ 454147.375518943474162, 5030119.724587866105139 ], [ 454117.517857461702079, 5030145.225439851172268 ], [ 454089.035726340953261, 5030172.253973068669438 ], [ 454062.007193122815806, 5030200.736104190349579 ], [ 454036.506341138156131, 5030230.593765671364963 ], [ 454012.603066449635662, 5030261.745119739323854 ], [ 453990.362886271788739, 5030294.104782697744668 ], [ 453969.846759392530657, 5030327.584058959037066 ], [ 453951.11091908958042, 5030362.09118415415287 ], [ 453934.206718998902943, 5030397.531576652079821 ], [ 453919.180492357932962, 5030433.808096799999475 ], [ 453906.073425009497441, 5030470.821313178166747 ], [ 453894.921442514052615, 5030508.469775131903589 ], [ 453885.755111680482514, 5030546.650290845893323 ], [ 453878.59955678449478, 5030585.258210178464651 ], [ 453873.474390704650432, 5030624.187711508013308 ], [ 453870.393661164911464, 5030663.332091776654124 ], [ 453869.365812230855227, 5030702.584058959037066 ], [ 453870.393661164911464, 5030741.836026141420007 ], [ 453873.474390704650432, 5030780.980406410060823 ], [ 453878.59955678449478, 5030819.90990773960948 ], [ 453885.755111680482514, 5030858.517827072180808 ], [ 453894.921442514052615, 5030896.698342786170542 ], [ 453906.073425009497441, 5030934.346804739907384 ], [ 453919.180492357932962, 5030971.360021118074656 ], [ 453934.206718998902943, 5031007.63654126599431 ], [ 453951.11091908958042, 5031043.076933763921261 ], [ 453969.846759392530657, 5031077.584058959037066 ], [ 453990.362886271788739, 5031111.063335220329463 ], [ 454012.603066449635662, 5031143.422998178750277 ], [ 454036.506341138097923, 5031174.574352246709168 ], [ 454062.007193122815806, 5031204.432013727724552 ], [ 454089.035726340953261, 5031232.914144849404693 ], [ 454117.517857461702079, 5031259.942678066901863 ], [ 454147.375518943474162, 5031285.443530051968992 ], [ 454178.526873011491261, 5031309.346804739907384 ], [ 454210.886535969562829, 5031331.586984918452799 ], [ 454244.365812230855227, 5031352.103111797012389 ], [ 454278.872937426203862, 5031370.838952099904418 ], [ 454314.313329924014397, 5031387.743152190931141 ], [ 454350.589850071875844, 5031402.769378831610084 ], [ 454387.603066449635662, 5031415.876446180045605 ], [ 454425.25152840395458, 5031427.028428675606847 ], [ 454463.432044117536861, 5031436.194759509526193 ], [ 454502.039963450690266, 5031443.350314405746758 ], [ 454540.969464780122507, 5031448.475480485707521 ], [ 454580.113845048646908, 5031451.556210025213659 ], [ 454619.365812230855227, 5031452.584058959037066 ], [ 454658.617779413063545, 5031451.556210025213659 ], [ 454697.762159681587946, 5031448.475480485707521 ], [ 454736.691661011020187, 5031443.350314405746758 ], [ 454775.299580344173592, 5031436.194759509526193 ], [ 454813.480096057755873, 5031427.028428675606847 ], [ 454851.128558012074791, 5031415.876446180045605 ], [ 454888.141774389834609, 5031402.769378831610084 ], [ 454924.418294537696056, 5031387.743152190931141 ], [ 454959.858687035506591, 5031370.838952099904418 ], [ 454994.365812230855227, 5031352.103111797012389 ], [ 455027.845088492147624, 5031331.586984918452799 ], [ 455060.204751450219192, 5031309.346804739907384 ], [ 455091.356105518236291, 5031285.443530051968992 ], [ 455121.213767, 5031259.942678066901863 ], [ 455149.695898120757192, 5031232.914144849404693 ], [ 455176.724431338894647, 5031204.432013727724552 ], [ 455202.225283323554322, 5031174.574352246709168 ], [ 455226.128558012074791, 5031143.422998178750277 ], [ 455248.368738189921714, 5031111.063335220329463 ], [ 455268.884865069179796, 5031077.584058959037066 ], [ 455287.620705372130033, 5031043.076933763921261 ], [ 455304.52490546280751, 5031007.63654126599431 ], [ 455319.551132103777491, 5030971.360021118074656 ], [ 455332.658199452213012, 5030934.346804739907384 ], [ 455343.810181947657838, 5030896.698342786170542 ], [ 455352.976512781227939, 5030858.517827072180808 ], [ 455360.132067677215673, 5030819.90990773960948 ], [ 455365.257233757060021, 5030780.980406410060823 ], [ 455368.337963296798989, 5030741.836026141420007 ], [ 455369.365812230855227, 5030702.584058959037066 ] ] ] } },
{ "type": "Feature", "properties": { "site": 10, "transect": 10.1 }, "geometry": { "type": "Polygon", "coordinates": [ [ [ 311982.66203493939247, 5046764.812838904559612 ], [ 311981.634186005336232, 5046725.560871722176671 ], [ 311978.553456465597264, 5046686.416491453535855 ], [ 311973.428290385752916, 5046647.486990123987198 ], [ 311966.272735489765182, 5046608.87907079141587 ], [ 311957.106404656195082, 5046570.698555077426136 ], [ 311945.954422160750255, 5046533.050093123689294 ], [ 311932.847354812314734, 5046496.036876745522022 ], [ 311917.821128171344753, 5046459.760356597602367 ], [ 311900.916928080667276, 5046424.319964099675417 ], [ 311882.181087777717039, 5046389.812838904559612 ], [ 311861.664960898458958, 5046356.333562643267214 ], [ 311839.424780720612034, 5046323.973899684846401 ], [ 311815.521506032091565, 5046292.82254561688751 ], [ 311790.02065404743189, 5046262.964884135872126 ], [ 311762.992120829294436, 5046234.482753014191985 ], [ 311734.509989708545618, 5046207.454219796694815 ], [ 311704.652328226773534, 5046181.953367811627686 ], [ 311673.500974158756435, 5046158.050093123689294 ], [ 311641.141311200684868, 5046135.809912945143878 ], [ 311607.66203493939247, 5046115.293786066584289 ], [ 311573.154909744043835, 5046096.55794576369226 ], [ 311537.714517246233299, 5046079.653745672665536 ], [ 311501.437997098371852, 5046064.627519031986594 ], [ 311464.424780720612034, 5046051.520451683551073 ], [ 311426.776318766293116, 5046040.368469187989831 ], [ 311388.595803052710835, 5046031.202138354070485 ], [ 311349.987883719557431, 5046024.04658345784992 ], [ 311311.058382390125189, 5046018.921417377889156 ], [ 311271.914002121600788, 5046015.840687838383019 ], [ 311232.66203493939247, 5046014.812838904559612 ], [ 311193.410067757184152, 5046015.840687838383019 ], [ 311154.265687488659751, 5046018.921417377889156 ], [ 311115.336186159227509, 5046024.04658345784992 ], [ 311076.728266826074105, 5046031.202138354070485 ], [ 311038.547751112491824, 5046040.368469187989831 ], [ 311000.899289158172905, 5046051.520451683551073 ], [ 310963.886072780413087, 5046064.627519031986594 ], [ 310927.60955263255164, 5046079.653745672665536 ], [ 310892.169160134741105, 5046096.55794576369226 ], [ 310857.66203493939247, 5046115.293786066584289 ], [ 310824.182758678100072, 5046135.809912945143878 ], [ 310791.823095720028505, 5046158.050093123689294 ], [ 310760.671741652011406, 5046181.953367811627686 ], [ 310730.814080170239322, 5046207.454219796694815 ], [ 310702.331949049490504, 5046234.482753014191985 ], [ 310675.30341583135305, 5046262.964884135872126 ], [ 310649.802563846693374, 5046292.82254561688751 ], [ 310625.899289158172905, 5046323.973899684846401 ], [ 310603.659108980325982, 5046356.333562643267214 ], [ 310583.142982101067901, 5046389.812838904559612 ], [ 310564.407141798117664, 5046424.319964099675417 ], [ 310547.502941707440186, 5046459.760356597602367 ], [ 310532.476715066470206, 5046496.036876745522022 ], [ 310519.369647718034685, 5046533.050093123689294 ], [ 310508.217665222589858, 5046570.698555077426136 ], [ 310499.051334389019758, 5046608.87907079141587 ], [ 310491.895779493032023, 5046647.486990123987198 ], [ 310486.770613413187675, 5046686.416491453535855 ], [ 310483.689883873448707, 5046725.560871722176671 ], [ 310482.66203493939247, 5046764.812838904559612 ], [ 310483.689883873448707, 5046804.064806086942554 ], [ 310486.770613413187675, 5046843.20918635558337 ], [ 310491.895779493032023, 5046882.138687685132027 ], [ 310499.051334389019758, 5046920.746607017703354 ], [ 310508.217665222589858, 5046958.927122731693089 ], [ 310519.369647718034685, 5046996.575584685429931 ], [ 310532.476715066470206, 5047033.588801063597202 ], [ 310547.502941707440186, 5047069.865321211516857 ], [ 310564.407141798117664, 5047105.305713709443808 ], [ 310583.142982101067901, 5047139.812838904559612 ], [ 310603.659108980325982, 5047173.29211516585201 ], [ 310625.899289158172905, 5047205.651778124272823 ], [ 310649.802563846635167, 5047236.803132192231715 ], [ 310675.30341583135305, 5047266.660793673247099 ], [ 310702.331949049490504, 5047295.142924794927239 ], [ 310730.814080170239322, 5047322.171458012424409 ], [ 310760.671741652011406, 5047347.672309997491539 ], [ 310791.823095720028505, 5047371.575584685429931 ], [ 310824.182758678100072, 5047393.815764863975346 ], [ 310857.66203493939247, 5047414.331891742534935 ], [ 310892.169160134741105, 5047433.067732045426965 ], [ 310927.60955263255164, 5047449.971932136453688 ], [ 310963.886072780413087, 5047464.99815877713263 ], [ 311000.899289158172905, 5047478.105226125568151 ], [ 311038.547751112491824, 5047489.257208621129394 ], [ 311076.728266826074105, 5047498.42353945504874 ], [ 311115.336186159227509, 5047505.579094351269305 ], [ 311154.265687488659751, 5047510.704260431230068 ], [ 311193.410067757184152, 5047513.784989970736206 ], [ 311232.66203493939247, 5047514.812838904559612 ], [ 311271.914002121600788, 5047513.784989970736206 ], [ 311311.058382390125189, 5047510.704260431230068 ], [ 311349.987883719557431, 5047505.579094351269305 ], [ 311388.595803052710835, 5047498.42353945504874 ], [ 311426.776318766293116, 5047489.257208621129394 ], [ 311464.424780720612034, 5047478.105226125568151 ], [ 311501.437997098371852, 5047464.99815877713263 ], [ 311537.714517246233299, 5047449.971932136453688 ], [ 311573.154909744043835, 5047433.067732045426965 ], [ 311607.66203493939247, 5047414.331891742534935 ], [ 311641.141311200684868, 5047393.815764863975346 ], [ 311673.500974158756435, 5047371.575584685429931 ], [ 311704.652328226773534, 5047347.672309997491539 ], [ 311734.509989708545618, 5047322.171458012424409 ], [ 311762.992120829294436, 5047295.142924794927239 ], [ 311790.02065404743189, 5047266.660793673247099 ], [ 311815.521506032091565, 5047236.803132192231715 ], [ 311839.424780720612034, 5047205.651778124272823 ], [ 311861.664960898458958, 5047173.29211516585201 ], [ 311882.181087777717039, 5047139.812838904559612 ], [ 311900.916928080667276, 5047105.305713709443808 ], [ 311917.821128171344753, 5047069.865321211516857 ], [ 311932.847354812314734, 5047033.588801063597202 ], [ 311945.954422160750255, 5046996.575584685429931 ], [ 311957.106404656195082, 5046958.927122731693089 ], [ 311966.272735489765182, 5046920.746607017703354 ], [ 311973.428290385752916, 5046882.138687685132027 ], [ 311978.553456465597264, 5046843.20918635558337 ], [ 311981.634186005336232, 5046804.064806086942554 ], [ 311982.66203493939247, 5046764.812838904559612 ] ] ] } },
{ "type": "Feature", "properties": { "site": 10, "transect": 10.2 }, "geometry": { "type": "Polygon", "coordinates": [ [ [ 311982.66203493939247, 5046764.812838904559612 ], [ 311981.634186005336232, 5046725.560871722176671 ], [ 311978.553456465597264, 5046686.416491453535855 ], [ 311973.428290385752916, 5046647.486990123987198 ], [ 311966.272735489765182, 5046608.87907079141587 ], [ 311957.106404656195082, 5046570.698555077426136 ], [ 311945.954422160750255, 5046533.050093123689294 ], [ 311932.847354812314734, 5046496.036876745522022 ], [ 311917.821128171344753, 5046459.760356597602367 ], [ 311900.916928080667276, 5046424.319964099675417 ], [ 311882.181087777717039, 5046389.812838904559612 ], [ 311861.664960898458958, 5046356.333562643267214 ], [ 311839.424780720612034, 5046323.973899684846401 ], [ 311815.521506032091565, 5046292.82254561688751 ], [ 311790.02065404743189, 5046262.964884135872126 ], [ 311762.992120829294436, 5046234.482753014191985 ], [ 311734.509989708545618, 5046207.454219796694815 ], [ 311704.652328226773534, 5046181.953367811627686 ], [ 311673.500974158756435, 5046158.050093123689294 ], [ 311641.141311200684868, 5046135.809912945143878 ], [ 311607.66203493939247, 5046115.293786066584289 ], [ 311573.154909744043835, 5046096.55794576369226 ], [ 311537.714517246233299, 5046079.653745672665536 ], [ 311501.437997098371852, 5046064.627519031986594 ], [ 311464.424780720612034, 5046051.520451683551073 ], [ 311426.776318766293116, 5046040.368469187989831 ], [ 311388.595803052710835, 5046031.202138354070485 ], [ 311349.987883719557431, 5046024.04658345784992 ], [ 311311.058382390125189, 5046018.921417377889156 ], [ 311271.914002121600788, 5046015.840687838383019 ], [ 311232.66203493939247, 5046014.812838904559612 ], [ 311193.410067757184152, 5046015.840687838383019 ], [ 311154.265687488659751, 5046018.921417377889156 ], [ 311115.336186159227509, 5046024.04658345784992 ], [ 311076.728266826074105, 5046031.202138354070485 ], [ 311038.547751112491824, 5046040.368469187989831 ], [ 311000.899289158172905, 5046051.520451683551073 ], [ 310963.886072780413087, 5046064.627519031986594 ], [ 310927.60955263255164, 5046079.653745672665536 ], [ 310892.169160134741105, 5046096.55794576369226 ], [ 310857.66203493939247, 5046115.293786066584289 ], [ 310824.182758678100072, 5046135.809912945143878 ], [ 310791.823095720028505, 5046158.050093123689294 ], [ 310760.671741652011406, 5046181.953367811627686 ], [ 310730.814080170239322, 5046207.454219796694815 ], [ 310702.331949049490504, 5046234.482753014191985 ], [ 310675.30341583135305, 5046262.964884135872126 ], [ 310649.802563846693374, 5046292.82254561688751 ], [ 310625.899289158172905, 5046323.973899684846401 ], [ 310603.659108980325982, 5046356.333562643267214 ], [ 310583.142982101067901, 5046389.812838904559612 ], [ 310564.407141798117664, 5046424.319964099675417 ], [ 310547.502941707440186, 5046459.760356597602367 ], [ 310532.476715066470206, 5046496.036876745522022 ], [ 310519.369647718034685, 5046533.050093123689294 ], [ 310508.217665222589858, 5046570.698555077426136 ], [ 310499.051334389019758, 5046608.87907079141587 ], [ 310491.895779493032023, 5046647.486990123987198 ], [ 310486.770613413187675, 5046686.416491453535855 ], [ 310483.689883873448707, 5046725.560871722176671 ], [ 310482.66203493939247, 5046764.812838904559612 ], [ 310483.689883873448707, 5046804.064806086942554 ], [ 310486.770613413187675, 5046843.20918635558337 ], [ 310491.895779493032023, 5046882.138687685132027 ], [ 310499.051334389019758, 5046920.746607017703354 ], [ 310508.217665222589858, 5046958.927122731693089 ], [ 310519.369647718034685, 5046996.575584685429931 ], [ 310532.476715066470206, 5047033.588801063597202 ], [ 310547.502941707440186, 5047069.865321211516857 ], [ 310564.407141798117664, 5047105.305713709443808 ], [ 310583.142982101067901, 5047139.812838904559612 ], [ 310603.659108980325982, 5047173.29211516585201 ], [ 310625.899289158172905, 5047205.651778124272823 ], [ 310649.802563846635167, 5047236.803132192231715 ], [ 310675.30341583135305, 5047266.660793673247099 ], [ 310702.331949049490504, 5047295.142924794927239 ], [ 310730.814080170239322, 5047322.171458012424409 ], [ 310760.671741652011406, 5047347.672309997491539 ], [ 310791.823095720028505, 5047371.575584685429931 ], [ 310824.182758678100072, 5047393.815764863975346 ], [ 310857.66203493939247, 5047414.331891742534935 ], [ 310892.169160134741105, 5047433.067732045426965 ], [ 310927.60955263255164, 5047449.971932136453688 ], [ 310963.886072780413087, 5047464.99815877713263 ], [ 311000.899289158172905, 5047478.105226125568151 ], [ 311038.547751112491824, 5047489.257208621129394 ], [ 311076.728266826074105, 5047498.42353945504874 ], [ 311115.336186159227509, 5047505.579094351269305 ], [ 311154.265687488659751, 5047510.704260431230068 ], [ 311193.410067757184152, 5047513.784989970736206 ], [ 311232.66203493939247, 5047514.812838904559612 ], [ 311271.914002121600788, 5047513.784989970736206 ], [ 311311.058382390125189, 5047510.704260431230068 ], [ 311349.987883719557431, 5047505.579094351269305 ], [ 311388.595803052710835, 5047498.42353945504874 ], [ 311426.776318766293116, 5047489.257208621129394 ], [ 311464.424780720612034, 5047478.105226125568151 ], [ 311501.437997098371852, 5047464.99815877713263 ], [ 311537.714517246233299, 5047449.971932136453688 ], [ 311573.154909744043835, 5047433.067732045426965 ], [ 311607.66203493939247, 5047414.331891742534935 ], [ 311641.141311200684868, 5047393.815764863975346 ], [ 311673.500974158756435, 5047371.575584685429931 ], [ 311704.652328226773534, 5047347.672309997491539 ], [ 311734.509989708545618, 5047322.171458012424409 ], [ 311762.992120829294436, 5047295.142924794927239 ], [ 311790.02065404743189, 5047266.660793673247099 ], [ 311815.521506032091565, 5047236.803132192231715 ], [ 311839.424780720612034, 5047205.651778124272823 ], [ 311861.664960898458958, 5047173.29211516585201 ], [ 311882.181087777717039, 5047139.812838904559612 ], [ 311900.916928080667276, 5047105.305713709443808 ], [ 311917.821128171344753, 5047069.865321211516857 ], [ 311932.847354812314734, 5047033.588801063597202 ], [ 311945.954422160750255, 5046996.575584685429931 ], [ 311957.106404656195082, 5046958.927122731693089 ], [ 311966.272735489765182, 5046920.746607017703354 ], [ 311973.428290385752916, 5046882.138687685132027 ], [ 311978.553456465597264, 5046843.20918635558337 ], [ 311981.634186005336232, 5046804.064806086942554 ], [ 311982.66203493939247, 5046764.812838904559612 ] ] ] } },
{ "type": "Feature", "properties": { "site": 10, "transect": 10.3 }, "geometry": { "type": "Polygon", "coordinates": [ [ [ 311846.252569667412899, 5046447.363979670219123 ], [ 311845.224720733356662, 5046408.112012487836182 ], [ 311842.143991193617694, 5046368.967632219195366 ], [ 311837.018825113773346, 5046330.038130889646709 ], [ 311829.863270217785612, 5046291.430211557075381 ], [ 311820.696939384215511, 5046253.249695843085647 ], [ 311809.544956888770685, 5046215.601233889348805 ], [ 311796.437889540335163, 5046178.588017511181533 ], [ 311781.411662899365183, 5046142.311497363261878 ], [ 311764.507462808687706, 5046106.871104865334928 ], [ 311745.771622505737469, 5046072.363979670219123 ], [ 311725.255495626479387, 5046038.884703408926725 ], [ 311703.015315448632464, 5046006.525040450505912 ], [ 311679.112040760111995, 5045975.373686382547021 ], [ 311653.61118877545232, 5045945.516024901531637 ], [ 311626.582655557314865, 5045917.033893779851496 ], [ 311598.100524436566047, 5045890.005360562354326 ], [ 311568.242862954793964, 5045864.504508577287197 ], [ 311537.091508886776865, 5045840.601233889348805 ], [ 311504.731845928705297, 5045818.36105371080339 ], [ 311471.252569667412899, 5045797.8449268322438 ], [ 311436.745444472064264, 5045779.109086529351771 ], [ 311401.305051974253729, 5045762.204886438325047 ], [ 311365.028531826392282, 5045747.178659797646105 ], [ 311328.015315448632464, 5045734.071592449210584 ], [ 311290.366853494313546, 5045722.919609953649342 ], [ 311252.186337780731265, 5045713.753279119729996 ], [ 311213.57841844757786, 5045706.597724223509431 ], [ 311174.648917118145619, 5045701.472558143548667 ], [ 311135.504536849621218, 5045698.39182860404253 ], [ 311096.252569667412899, 5045697.363979670219123 ], [ 311057.000602485204581, 5045698.39182860404253 ], [ 311017.85622221668018, 5045701.472558143548667 ], [ 310978.926720887247939, 5045706.597724223509431 ], [ 310940.318801554094534, 5045713.753279119729996 ], [ 310902.138285840512253, 5045722.919609953649342 ], [ 310864.489823886193335, 5045734.071592449210584 ], [ 310827.476607508433517, 5045747.178659797646105 ], [ 310791.20008736057207, 5045762.204886438325047 ], [ 310755.759694862761535, 5045779.109086529351771 ], [ 310721.252569667412899, 5045797.8449268322438 ], [ 310687.773293406120501, 5045818.36105371080339 ], [ 310655.413630448048934, 5045840.601233889348805 ], [ 310624.262276380031835, 5045864.504508577287197 ], [ 310594.404614898259751, 5045890.005360562354326 ], [ 310565.922483777510934, 5045917.033893779851496 ], [ 310538.893950559373479, 5045945.516024901531637 ], [ 310513.393098574713804, 5045975.373686382547021 ], [ 310489.489823886193335, 5046006.525040450505912 ], [ 310467.249643708346412, 5046038.884703408926725 ], [ 310446.73351682908833, 5046072.363979670219123 ], [ 310427.997676526138093, 5046106.871104865334928 ], [ 310411.093476435460616, 5046142.311497363261878 ], [ 310396.067249794490635, 5046178.588017511181533 ], [ 310382.960182446055114, 5046215.601233889348805 ], [ 310371.808199950610287, 5046253.249695843085647 ], [ 310362.641869117040187, 5046291.430211557075381 ], [ 310355.486314221052453, 5046330.038130889646709 ], [ 310350.361148141208105, 5046368.967632219195366 ], [ 310347.280418601469137, 5046408.112012487836182 ], [ 310346.252569667412899, 5046447.363979670219123 ], [ 310347.280418601469137, 5046486.615946852602065 ], [ 310350.361148141208105, 5046525.760327121242881 ], [ 310355.486314221052453, 5046564.689828450791538 ], [ 310362.641869117040187, 5046603.297747783362865 ], [ 310371.808199950610287, 5046641.4782634973526 ], [ 310382.960182446055114, 5046679.126725451089442 ], [ 310396.067249794490635, 5046716.139941829256713 ], [ 310411.093476435460616, 5046752.416461977176368 ], [ 310427.997676526138093, 5046787.856854475103319 ], [ 310446.73351682908833, 5046822.363979670219123 ], [ 310467.249643708346412, 5046855.843255931511521 ], [ 310489.489823886193335, 5046888.202918889932334 ], [ 310513.393098574655596, 5046919.354272957891226 ], [ 310538.893950559373479, 5046949.21193443890661 ], [ 310565.922483777510934, 5046977.694065560586751 ], [ 310594.404614898259751, 5047004.72259877808392 ], [ 310624.262276380031835, 5047030.22345076315105 ], [ 310655.413630448048934, 5047054.126725451089442 ], [ 310687.773293406120501, 5047076.366905629634857 ], [ 310721.252569667412899, 5047096.883032508194447 ], [ 310755.759694862761535, 5047115.618872811086476 ], [ 310791.20008736057207, 5047132.523072902113199 ], [ 310827.476607508433517, 5047147.549299542792141 ], [ 310864.489823886193335, 5047160.656366891227663 ], [ 310902.138285840512253, 5047171.808349386788905 ], [ 310940.318801554094534, 5047180.974680220708251 ], [ 310978.926720887247939, 5047188.130235116928816 ], [ 311017.85622221668018, 5047193.255401196889579 ], [ 311057.000602485204581, 5047196.336130736395717 ], [ 311096.252569667412899, 5047197.363979670219123 ], [ 311135.504536849621218, 5047196.336130736395717 ], [ 311174.648917118145619, 5047193.255401196889579 ], [ 311213.57841844757786, 5047188.130235116928816 ], [ 311252.186337780731265, 5047180.974680220708251 ], [ 311290.366853494313546, 5047171.808349386788905 ], [ 311328.015315448632464, 5047160.656366891227663 ], [ 311365.028531826392282, 5047147.549299542792141 ], [ 311401.305051974253729, 5047132.523072902113199 ], [ 311436.745444472064264, 5047115.618872811086476 ], [ 311471.252569667412899, 5047096.883032508194447 ], [ 311504.731845928705297, 5047076.366905629634857 ], [ 311537.091508886776865, 5047054.126725451089442 ], [ 311568.242862954793964, 5047030.22345076315105 ], [ 311598.100524436566047, 5047004.72259877808392 ], [ 311626.582655557314865, 5046977.694065560586751 ], [ 311653.61118877545232, 5046949.21193443890661 ], [ 311679.112040760111995, 5046919.354272957891226 ], [ 311703.015315448632464, 5046888.202918889932334 ], [ 311725.255495626479387, 5046855.843255931511521 ], [ 311745.771622505737469, 5046822.363979670219123 ], [ 311764.507462808687706, 5046787.856854475103319 ], [ 311781.411662899365183, 5046752.416461977176368 ], [ 311796.437889540335163, 5046716.139941829256713 ], [ 311809.544956888770685, 5046679.126725451089442 ], [ 311820.696939384215511, 5046641.4782634973526 ], [ 311829.863270217785612, 5046603.297747783362865 ], [ 311837.018825113773346, 5046564.689828450791538 ], [ 311842.143991193617694, 5046525.760327121242881 ], [ 311845.224720733356662, 5046486.615946852602065 ], [ 311846.252569667412899, 5046447.363979670219123 ] ] ] } },
{ "type": "Feature", "properties": { "site": 10, "transect": 10.4 }, "geometry": { "type": "Polygon", "coordinates": [ [ [ 311846.585188780212775, 5046458.390279234386981 ], [ 311845.557339846156538, 5046419.138312052004039 ], [ 311842.47661030641757, 5046379.993931783363223 ], [ 311837.351444226573221, 5046341.064430453814566 ], [ 311830.195889330585487, 5046302.456511121243238 ], [ 311821.029558497015387, 5046264.275995407253504 ], [ 311809.87757600157056, 5046226.627533453516662 ], [ 311796.770508653135039, 5046189.614317075349391 ], [ 311781.744282012165058, 5046153.337796927429736 ], [ 311764.840081921487581, 5046117.897404429502785 ], [ 311746.104241618537344, 5046083.390279234386981 ], [ 311725.588114739279263, 5046049.911002973094583 ], [ 311703.347934561432339, 5046017.551340014673769 ], [ 311679.44465987291187, 5045986.399985946714878 ], [ 311653.943807888252195, 5045956.542324465699494 ], [ 311626.915274670114741, 5045928.060193344019353 ], [ 311598.433143549365923, 5045901.031660126522183 ], [ 311568.575482067593839, 5045875.530808141455054 ], [ 311537.42412799957674, 5045851.627533453516662 ], [ 311505.064465041505173, 5045829.387353274971247 ], [ 311471.585188780212775, 5045808.871226396411657 ], [ 311437.07806358486414, 5045790.135386093519628 ], [ 311401.637671087053604, 5045773.231186002492905 ], [ 311365.361150939192157, 5045758.204959361813962 ], [ 311328.347934561432339, 5045745.097892013378441 ], [ 311290.699472607113421, 5045733.945909517817199 ], [ 311252.51895689353114, 5045724.779578683897853 ], [ 311213.911037560377736, 5045717.624023787677288 ], [ 311174.981536230945494, 5045712.498857707716525 ], [ 311135.837155962421093, 5045709.418128168210387 ], [ 311096.585188780212775, 5045708.390279234386981 ], [ 311057.333221598004457, 5045709.418128168210387 ], [ 311018.188841329480056, 5045712.498857707716525 ], [ 310979.259340000047814, 5045717.624023787677288 ], [ 310940.65142066689441, 5045724.779578683897853 ], [ 310902.470904953312129, 5045733.945909517817199 ], [ 310864.82244299899321, 5045745.097892013378441 ], [ 310827.809226621233393, 5045758.204959361813962 ], [ 310791.532706473371945, 5045773.231186002492905 ], [ 310756.09231397556141, 5045790.135386093519628 ], [ 310721.585188780212775, 5045808.871226396411657 ], [ 310688.105912518920377, 5045829.387353274971247 ], [ 310655.74624956084881, 5045851.627533453516662 ], [ 310624.594895492831711, 5045875.530808141455054 ], [ 310594.737234011059627, 5045901.031660126522183 ], [ 310566.255102890310809, 5045928.060193344019353 ], [ 310539.226569672173355, 5045956.542324465699494 ], [ 310513.725717687513679, 5045986.399985946714878 ], [ 310489.82244299899321, 5046017.551340014673769 ], [ 310467.582262821146287, 5046049.911002973094583 ], [ 310447.066135941888206, 5046083.390279234386981 ], [ 310428.330295638937969, 5046117.897404429502785 ], [ 310411.426095548260491, 5046153.337796927429736 ], [ 310396.399868907290511, 5046189.614317075349391 ], [ 310383.29280155885499, 5046226.627533453516662 ], [ 310372.140819063410163, 5046264.275995407253504 ], [ 310362.974488229840063, 5046302.456511121243238 ], [ 310355.818933333852328, 5046341.064430453814566 ], [ 310350.69376725400798, 5046379.993931783363223 ], [ 310347.613037714269012, 5046419.138312052004039 ], [ 310346.585188780212775, 5046458.390279234386981 ], [ 310347.613037714269012, 5046497.642246416769922 ], [ 310350.69376725400798, 5046536.786626685410738 ], [ 310355.818933333852328, 5046575.716128014959395 ], [ 310362.974488229840063, 5046614.324047347530723 ], [ 310372.140819063410163, 5046652.504563061520457 ], [ 310383.29280155885499, 5046690.153025015257299 ], [ 310396.399868907290511, 5046727.166241393424571 ], [ 310411.426095548260491, 5046763.442761541344225 ], [ 310428.330295638937969, 5046798.883154039271176 ], [ 310447.066135941888206, 5046833.390279234386981 ], [ 310467.582262821146287, 5046866.869555495679379 ], [ 310489.82244299899321, 5046899.229218454100192 ], [ 310513.725717687455472, 5046930.380572522059083 ], [ 310539.226569672173355, 5046960.238234003074467 ], [ 310566.255102890310809, 5046988.720365124754608 ], [ 310594.737234011059627, 5047015.748898342251778 ], [ 310624.594895492831711, 5047041.249750327318907 ], [ 310655.74624956084881, 5047065.153025015257299 ], [ 310688.105912518920377, 5047087.393205193802714 ], [ 310721.585188780212775, 5047107.909332072362304 ], [ 310756.09231397556141, 5047126.645172375254333 ], [ 310791.532706473371945, 5047143.549372466281056 ], [ 310827.809226621233393, 5047158.575599106959999 ], [ 310864.82244299899321, 5047171.68266645539552 ], [ 310902.470904953312129, 5047182.834648950956762 ], [ 310940.65142066689441, 5047192.000979784876108 ], [ 310979.259340000047814, 5047199.156534681096673 ], [ 311018.188841329480056, 5047204.281700761057436 ], [ 311057.333221598004457, 5047207.362430300563574 ], [ 311096.585188780212775, 5047208.390279234386981 ], [ 311135.837155962421093, 5047207.362430300563574 ], [ 311174.981536230945494, 5047204.281700761057436 ], [ 311213.911037560377736, 5047199.156534681096673 ], [ 311252.51895689353114, 5047192.000979784876108 ], [ 311290.699472607113421, 5047182.834648950956762 ], [ 311328.347934561432339, 5047171.68266645539552 ], [ 311365.361150939192157, 5047158.575599106959999 ], [ 311401.637671087053604, 5047143.549372466281056 ], [ 311437.07806358486414, 5047126.645172375254333 ], [ 311471.585188780212775, 5047107.909332072362304 ], [ 311505.064465041505173, 5047087.393205193802714 ], [ 311537.42412799957674, 5047065.153025015257299 ], [ 311568.575482067593839, 5047041.249750327318907 ], [ 311598.433143549365923, 5047015.748898342251778 ], [ 311626.915274670114741, 5046988.720365124754608 ], [ 311653.943807888252195, 5046960.238234003074467 ], [ 311679.44465987291187, 5046930.380572522059083 ], [ 311703.347934561432339, 5046899.229218454100192 ], [ 311725.588114739279263, 5046866.869555495679379 ], [ 311746.104241618537344, 5046833.390279234386981 ], [ 311764.840081921487581, 5046798.883154039271176 ], [ 311781.744282012165058, 5046763.442761541344225 ], [ 311796.770508653135039, 5046727.166241393424571 ], [ 311809.87757600157056, 5046690.153025015257299 ], [ 311821.029558497015387, 5046652.504563061520457 ], [ 311830.195889330585487, 5046614.324047347530723 ], [ 311837.351444226573221, 5046575.716128014959395 ], [ 311842.47661030641757, 5046536.786626685410738 ], [ 311845.557339846156538, 5046497.642246416769922 ], [ 311846.585188780212775, 5046458.390279234386981 ] ] ] } },
{ "type": "Feature", "properties": { "site": 11, "transect": 11.1 }, "geometry": { "type": "Polygon", "coordinates": [ [ [ 420805.847982786712237, 5068599.058116119354963 ], [ 420804.820133852655999, 5068559.806148936972022 ], [ 420801.739404312917031, 5068520.661768668331206 ], [ 420796.614238233072683, 5068481.732267338782549 ], [ 420789.458683337084949, 5068443.124348006211221 ], [ 420780.292352503514849, 5068404.943832292221487 ], [ 420769.140370008070022, 5068367.295370338484645 ], [ 420756.033302659634501, 5068330.282153960317373 ], [ 420741.00707601866452, 5068294.005633812397718 ], [ 420724.102875927987043, 5068258.565241314470768 ], [ 420705.367035625036806, 5068224.058116119354963 ], [ 420684.850908745778725, 5068190.578839858062565 ], [ 420662.610728567931801, 5068158.219176899641752 ], [ 420638.707453879411332, 5068127.067822831682861 ], [ 420613.206601894751657, 5068097.210161350667477 ], [ 420586.178068676614203, 5068068.728030228987336 ], [ 420557.695937555865385, 5068041.699497011490166 ], [ 420527.838276074093301, 5068016.198645026423037 ], [ 420496.686922006076202, 5067992.295370338484645 ], [ 420464.327259048004635, 5067970.055190159939229 ], [ 420430.847982786712237, 5067949.53906328137964 ], [ 420396.340857591363601, 5067930.803222978487611 ], [ 420360.900465093553066, 5067913.899022887460887 ], [ 420324.623944945691619, 5067898.872796246781945 ], [ 420287.610728567931801, 5067885.765728898346424 ], [ 420249.962266613612883, 5067874.613746402785182 ], [ 420211.781750900030602, 5067865.447415568865836 ], [ 420173.173831566877197, 5067858.291860672645271 ], [ 420134.244330237444956, 5067853.166694592684507 ], [ 420095.099949968920555, 5067850.08596505317837 ], [ 420055.847982786712237, 5067849.058116119354963 ], [ 420016.596015604503918, 5067850.08596505317837 ], [ 419977.451635335979518, 5067853.166694592684507 ], [ 419938.522134006547276, 5067858.291860672645271 ], [ 419899.914214673393872, 5067865.447415568865836 ], [ 419861.733698959811591, 5067874.613746402785182 ], [ 419824.085237005492672, 5067885.765728898346424 ], [ 419787.072020627732854, 5067898.872796246781945 ], [ 419750.795500479871407, 5067913.899022887460887 ], [ 419715.355107982060872, 5067930.803222978487611 ], [ 419680.847982786712237, 5067949.53906328137964 ], [ 419647.368706525419839, 5067970.055190159939229 ], [ 419615.009043567348272, 5067992.295370338484645 ], [ 419583.857689499331173, 5068016.198645026423037 ], [ 419554.000028017559089, 5068041.699497011490166 ], [ 419525.517896896810271, 5068068.728030228987336 ], [ 419498.489363678672817, 5068097.210161350667477 ], [ 419472.988511694013141, 5068127.067822831682861 ], [ 419449.085237005492672, 5068158.219176899641752 ], [ 419426.845056827645749, 5068190.578839858062565 ], [ 419406.328929948387668, 5068224.058116119354963 ], [ 419387.593089645437431, 5068258.565241314470768 ], [ 419370.688889554759953, 5068294.005633812397718 ], [ 419355.662662913789973, 5068330.282153960317373 ], [ 419342.555595565354452, 5068367.295370338484645 ], [ 419331.403613069909625, 5068404.943832292221487 ], [ 419322.237282236339524, 5068443.124348006211221 ], [ 419315.08172734035179, 5068481.732267338782549 ], [ 419309.956561260507442, 5068520.661768668331206 ], [ 419306.875831720768474, 5068559.806148936972022 ], [ 419305.847982786712237, 5068599.058116119354963 ], [ 419306.875831720768474, 5068638.310083301737905 ], [ 419309.956561260507442, 5068677.454463570378721 ], [ 419315.08172734035179, 5068716.383964899927378 ], [ 419322.237282236339524, 5068754.991884232498705 ], [ 419331.403613069909625, 5068793.17239994648844 ], [ 419342.555595565354452, 5068830.820861900225282 ], [ 419355.662662913789973, 5068867.834078278392553 ], [ 419370.688889554759953, 5068904.110598426312208 ], [ 419387.593089645437431, 5068939.550990924239159 ], [ 419406.328929948387668, 5068974.058116119354963 ], [ 419426.845056827645749, 5069007.537392380647361 ], [ 419449.085237005492672, 5069039.897055339068174 ], [ 419472.988511693954933, 5069071.048409407027066 ], [ 419498.489363678672817, 5069100.90607088804245 ], [ 419525.517896896810271, 5069129.38820200972259 ], [ 419554.000028017559089, 5069156.41673522721976 ], [ 419583.857689499331173, 5069181.91758721228689 ], [ 419615.009043567348272, 5069205.820861900225282 ], [ 419647.368706525419839, 5069228.061042078770697 ], [ 419680.847982786712237, 5069248.577168957330287 ], [ 419715.355107982060872, 5069267.313009260222316 ], [ 419750.795500479871407, 5069284.217209351249039 ], [ 419787.072020627732854, 5069299.243435991927981 ], [ 419824.085237005492672, 5069312.350503340363503 ], [ 419861.733698959811591, 5069323.502485835924745 ], [ 419899.914214673393872, 5069332.668816669844091 ], [ 419938.522134006547276, 5069339.824371566064656 ], [ 419977.451635335979518, 5069344.949537646025419 ], [ 420016.596015604503918, 5069348.030267185531557 ], [ 420055.847982786712237, 5069349.058116119354963 ], [ 420095.099949968920555, 5069348.030267185531557 ], [ 420134.244330237444956, 5069344.949537646025419 ], [ 420173.173831566877197, 5069339.824371566064656 ], [ 420211.781750900030602, 5069332.668816669844091 ], [ 420249.962266613612883, 5069323.502485835924745 ], [ 420287.610728567931801, 5069312.350503340363503 ], [ 420324.623944945691619, 5069299.243435991927981 ], [ 420360.900465093553066, 5069284.217209351249039 ], [ 420396.340857591363601, 5069267.313009260222316 ], [ 420430.847982786712237, 5069248.577168957330287 ], [ 420464.327259048004635, 5069228.061042078770697 ], [ 420496.686922006076202, 5069205.820861900225282 ], [ 420527.838276074093301, 5069181.91758721228689 ], [ 420557.695937555865385, 5069156.41673522721976 ], [ 420586.178068676614203, 5069129.38820200972259 ], [ 420613.206601894751657, 5069100.90607088804245 ], [ 420638.707453879411332, 5069071.048409407027066 ], [ 420662.610728567931801, 5069039.897055339068174 ], [ 420684.850908745778725, 5069007.537392380647361 ], [ 420705.367035625036806, 5068974.058116119354963 ], [ 420724.102875927987043, 5068939.550990924239159 ], [ 420741.00707601866452, 5068904.110598426312208 ], [ 420756.033302659634501, 5068867.834078278392553 ], [ 420769.140370008070022, 5068830.820861900225282 ], [ 420780.292352503514849, 5068793.17239994648844 ], [ 420789.458683337084949, 5068754.991884232498705 ], [ 420796.614238233072683, 5068716.383964899927378 ], [ 420801.739404312917031, 5068677.454463570378721 ], [ 420804.820133852655999, 5068638.310083301737905 ], [ 420805.847982786712237, 5068599.058116119354963 ] ] ] } },
{ "type": "Feature", "properties": { "site": 11, "transect": 11.2 }, "geometry": { "type": "Polygon", "coordinates": [ [ [ 420715.124132663186174, 5068599.641955625265837 ], [ 420714.096283729129937, 5068560.389988442882895 ], [ 420711.015554189390969, 5068521.245608174242079 ], [ 420705.89038810954662, 5068482.316106844693422 ], [ 420698.734833213558886, 5068443.708187512122095 ], [ 420689.568502379988786, 5068405.52767179813236 ], [ 420678.416519884543959, 5068367.879209844395518 ], [ 420665.309452536108438, 5068330.865993466228247 ], [ 420650.283225895138457, 5068294.589473318308592 ], [ 420633.37902580446098, 5068259.149080820381641 ], [ 420614.643185501510743, 5068224.641955625265837 ], [ 420594.127058622252662, 5068191.162679363973439 ], [ 420571.886878444405738, 5068158.803016405552626 ], [ 420547.983603755943477, 5068127.651662337593734 ], [ 420522.482751771225594, 5068097.79400085657835 ], [ 420495.45421855308814, 5068069.31186973489821 ], [ 420466.972087432339322, 5068042.28333651740104 ], [ 420437.114425950567238, 5068016.78248453233391 ], [ 420405.963071882550139, 5067992.879209844395518 ], [ 420373.603408924478572, 5067970.639029665850103 ], [ 420340.124132663186174, 5067950.122902787290514 ], [ 420305.617007467837539, 5067931.387062484398484 ], [ 420270.176614970027003, 5067914.482862393371761 ], [ 420233.900094822165556, 5067899.456635752692819 ], [ 420196.886878444405738, 5067886.349568404257298 ], [ 420159.23841649008682, 5067875.197585908696055 ], [ 420121.057900776504539, 5067866.031255074776709 ], [ 420082.449981443351135, 5067858.875700178556144 ], [ 420043.520480113918893, 5067853.750534098595381 ], [ 420004.376099845394492, 5067850.669804559089243 ], [ 419965.124132663186174, 5067849.641955625265837 ], [ 419925.872165480977856, 5067850.669804559089243 ], [ 419886.727785212453455, 5067853.750534098595381 ], [ 419847.798283883021213, 5067858.875700178556144 ], [ 419809.190364549867809, 5067866.031255074776709 ], [ 419771.009848836285528, 5067875.197585908696055 ], [ 419733.36138688196661, 5067886.349568404257298 ], [ 419696.348170504206792, 5067899.456635752692819 ], [ 419660.071650356345344, 5067914.482862393371761 ], [ 419624.631257858534809, 5067931.387062484398484 ], [ 419590.124132663186174, 5067950.122902787290514 ], [ 419556.644856401893776, 5067970.639029665850103 ], [ 419524.285193443822209, 5067992.879209844395518 ], [ 419493.13383937580511, 5068016.78248453233391 ], [ 419463.276177894033026, 5068042.28333651740104 ], [ 419434.794046773284208, 5068069.31186973489821 ], [ 419407.765513555146754, 5068097.79400085657835 ], [ 419382.264661570487078, 5068127.651662337593734 ], [ 419358.36138688196661, 5068158.803016405552626 ], [ 419336.121206704119686, 5068191.162679363973439 ], [ 419315.605079824861605, 5068224.641955625265837 ], [ 419296.869239521911368, 5068259.149080820381641 ], [ 419279.96503943123389, 5068294.589473318308592 ], [ 419264.93881279026391, 5068330.865993466228247 ], [ 419251.831745441828389, 5068367.879209844395518 ], [ 419240.679762946383562, 5068405.52767179813236 ], [ 419231.513432112813462, 5068443.708187512122095 ], [ 419224.357877216825727, 5068482.316106844693422 ], [ 419219.232711136981379, 5068521.245608174242079 ], [ 419216.151981597242411, 5068560.389988442882895 ], [ 419215.124132663186174, 5068599.641955625265837 ], [ 419216.151981597242411, 5068638.893922807648778 ], [ 419219.232711136981379, 5068678.038303076289594 ], [ 419224.357877216825727, 5068716.967804405838251 ], [ 419231.513432112813462, 5068755.575723738409579 ], [ 419240.679762946383562, 5068793.756239452399313 ], [ 419251.831745441828389, 5068831.404701406136155 ], [ 419264.93881279026391, 5068868.417917784303427 ], [ 419279.96503943123389, 5068904.694437932223082 ], [ 419296.869239521911368, 5068940.134830430150032 ], [ 419315.605079824861605, 5068974.641955625265837 ], [ 419336.121206704119686, 5069008.121231886558235 ], [ 419358.36138688196661, 5069040.480894844979048 ], [ 419382.264661570428871, 5069071.632248912937939 ], [ 419407.765513555146754, 5069101.489910393953323 ], [ 419434.794046773284208, 5069129.972041515633464 ], [ 419463.276177894033026, 5069157.000574733130634 ], [ 419493.13383937580511, 5069182.501426718197763 ], [ 419524.285193443822209, 5069206.404701406136155 ], [ 419556.644856401893776, 5069228.644881584681571 ], [ 419590.124132663186174, 5069249.16100846324116 ], [ 419624.631257858534809, 5069267.896848766133189 ], [ 419660.071650356345344, 5069284.801048857159913 ], [ 419696.348170504206792, 5069299.827275497838855 ], [ 419733.36138688196661, 5069312.934342846274376 ], [ 419771.009848836285528, 5069324.086325341835618 ], [ 419809.190364549867809, 5069333.252656175754964 ], [ 419847.798283883021213, 5069340.408211071975529 ], [ 419886.727785212453455, 5069345.533377151936293 ], [ 419925.872165480977856, 5069348.61410669144243 ], [ 419965.124132663186174, 5069349.641955625265837 ], [ 420004.376099845394492, 5069348.61410669144243 ], [ 420043.520480113918893, 5069345.533377151936293 ], [ 420082.449981443351135, 5069340.408211071975529 ], [ 420121.057900776504539, 5069333.252656175754964 ], [ 420159.23841649008682, 5069324.086325341835618 ], [ 420196.886878444405738, 5069312.934342846274376 ], [ 420233.900094822165556, 5069299.827275497838855 ], [ 420270.176614970027003, 5069284.801048857159913 ], [ 420305.617007467837539, 5069267.896848766133189 ], [ 420340.124132663186174, 5069249.16100846324116 ], [ 420373.603408924478572, 5069228.644881584681571 ], [ 420405.963071882550139, 5069206.404701406136155 ], [ 420437.114425950567238, 5069182.501426718197763 ], [ 420466.972087432339322, 5069157.000574733130634 ], [ 420495.45421855308814, 5069129.972041515633464 ], [ 420522.482751771225594, 5069101.489910393953323 ], [ 420547.983603755885269, 5069071.632248912937939 ], [ 420571.886878444405738, 5069040.480894844979048 ], [ 420594.127058622252662, 5069008.121231886558235 ], [ 420614.643185501510743, 5068974.641955625265837 ], [ 420633.37902580446098, 5068940.134830430150032 ], [ 420650.283225895138457, 5068904.694437932223082 ], [ 420665.309452536108438, 5068868.417917784303427 ], [ 420678.416519884543959, 5068831.404701406136155 ], [ 420689.568502379988786, 5068793.756239452399313 ], [ 420698.734833213558886, 5068755.575723738409579 ], [ 420705.89038810954662, 5068716.967804405838251 ], [ 420711.015554189390969, 5068678.038303076289594 ], [ 420714.096283729129937, 5068638.893922807648778 ], [ 420715.124132663186174, 5068599.641955625265837 ] ] ] } },
{ "type": "Feature", "properties": { "site": 11, "transect": 11.3 }, "geometry": { "type": "Polygon", "coordinates": [ [ [ 420767.370661525870673, 5068648.890373821370304 ], [ 420766.342812591814436, 5068609.638406638987362 ], [ 420763.262083052075468, 5068570.494026370346546 ], [ 420758.13691697223112, 5068531.564525040797889 ], [ 420750.981362076243386, 5068492.956605708226562 ], [ 420741.815031242673285, 5068454.776089994236827 ], [ 420730.663048747228459, 5068417.127628040499985 ], [ 420717.555981398792937, 5068380.114411662332714 ], [ 420702.529754757822957, 5068343.837891514413059 ], [ 420685.625554667145479, 5068308.397499016486108 ], [ 420666.889714364195243, 5068273.890373821370304 ], [ 420646.373587484937161, 5068240.411097560077906 ], [ 420624.133407307090238, 5068208.051434601657093 ], [ 420600.230132618569769, 5068176.900080533698201 ], [ 420574.729280633910093, 5068147.042419052682817 ], [ 420547.700747415772639, 5068118.560287931002676 ], [ 420519.218616295023821, 5068091.531754713505507 ], [ 420489.360954813251738, 5068066.030902728438377 ], [ 420458.209600745234638, 5068042.127628040499985 ], [ 420425.849937787163071, 5068019.88744786195457 ], [ 420392.370661525870673, 5067999.37132098339498 ], [ 420357.863536330522038, 5067980.635480680502951 ], [ 420322.423143832711503, 5067963.731280589476228 ], [ 420286.146623684850056, 5067948.705053948797286 ], [ 420249.133407307090238, 5067935.597986600361764 ], [ 420211.484945352771319, 5067924.446004104800522 ], [ 420173.304429639189038, 5067915.279673270881176 ], [ 420134.696510306035634, 5067908.124118374660611 ], [ 420095.767008976603393, 5067902.998952294699848 ], [ 420056.622628708078992, 5067899.91822275519371 ], [ 420017.370661525870673, 5067898.890373821370304 ], [ 419978.118694343662355, 5067899.91822275519371 ], [ 419938.974314075137954, 5067902.998952294699848 ], [ 419900.044812745705713, 5067908.124118374660611 ], [ 419861.436893412552308, 5067915.279673270881176 ], [ 419823.256377698970027, 5067924.446004104800522 ], [ 419785.607915744651109, 5067935.597986600361764 ], [ 419748.594699366891291, 5067948.705053948797286 ], [ 419712.318179219029844, 5067963.731280589476228 ], [ 419676.877786721219309, 5067980.635480680502951 ], [ 419642.370661525870673, 5067999.37132098339498 ], [ 419608.891385264578275, 5068019.88744786195457 ], [ 419576.531722306506708, 5068042.127628040499985 ], [ 419545.380368238489609, 5068066.030902728438377 ], [ 419515.522706756717525, 5068091.531754713505507 ], [ 419487.040575635968708, 5068118.560287931002676 ], [ 419460.012042417831253, 5068147.042419052682817 ], [ 419434.511190433171578, 5068176.900080533698201 ], [ 419410.607915744651109, 5068208.051434601657093 ], [ 419388.367735566804186, 5068240.411097560077906 ], [ 419367.851608687546104, 5068273.890373821370304 ], [ 419349.115768384595867, 5068308.397499016486108 ], [ 419332.21156829391839, 5068343.837891514413059 ], [ 419317.185341652948409, 5068380.114411662332714 ], [ 419304.078274304512888, 5068417.127628040499985 ], [ 419292.926291809068061, 5068454.776089994236827 ], [ 419283.759960975497961, 5068492.956605708226562 ], [ 419276.604406079510227, 5068531.564525040797889 ], [ 419271.479239999665879, 5068570.494026370346546 ], [ 419268.398510459926911, 5068609.638406638987362 ], [ 419267.370661525870673, 5068648.890373821370304 ], [ 419268.398510459926911, 5068688.142341003753245 ], [ 419271.479239999665879, 5068727.286721272394061 ], [ 419276.604406079510227, 5068766.216222601942718 ], [ 419283.759960975497961, 5068804.824141934514046 ], [ 419292.926291809068061, 5068843.00465764850378 ], [ 419304.078274304512888, 5068880.653119602240622 ], [ 419317.185341652948409, 5068917.666335980407894 ], [ 419332.21156829391839, 5068953.942856128327549 ], [ 419349.115768384595867, 5068989.383248626254499 ], [ 419367.851608687546104, 5069023.890373821370304 ], [ 419388.367735566804186, 5069057.369650082662702 ], [ 419410.607915744651109, 5069089.729313041083515 ], [ 419434.51119043311337, 5069120.880667109042406 ], [ 419460.012042417831253, 5069150.73832859005779 ], [ 419487.040575635968708, 5069179.220459711737931 ], [ 419515.522706756717525, 5069206.248992929235101 ], [ 419545.380368238489609, 5069231.74984491430223 ], [ 419576.531722306506708, 5069255.653119602240622 ], [ 419608.891385264578275, 5069277.893299780786037 ], [ 419642.370661525870673, 5069298.409426659345627 ], [ 419676.877786721219309, 5069317.145266962237656 ], [ 419712.318179219029844, 5069334.04946705326438 ], [ 419748.594699366891291, 5069349.075693693943322 ], [ 419785.607915744651109, 5069362.182761042378843 ], [ 419823.256377698970027, 5069373.334743537940085 ], [ 419861.436893412552308, 5069382.501074371859431 ], [ 419900.044812745705713, 5069389.656629268079996 ], [ 419938.974314075137954, 5069394.78179534804076 ], [ 419978.118694343662355, 5069397.862524887546897 ], [ 420017.370661525870673, 5069398.890373821370304 ], [ 420056.622628708078992, 5069397.862524887546897 ], [ 420095.767008976603393, 5069394.78179534804076 ], [ 420134.696510306035634, 5069389.656629268079996 ], [ 420173.304429639189038, 5069382.501074371859431 ], [ 420211.484945352771319, 5069373.334743537940085 ], [ 420249.133407307090238, 5069362.182761042378843 ], [ 420286.146623684850056, 5069349.075693693943322 ], [ 420322.423143832711503, 5069334.04946705326438 ], [ 420357.863536330522038, 5069317.145266962237656 ], [ 420392.370661525870673, 5069298.409426659345627 ], [ 420425.849937787163071, 5069277.893299780786037 ], [ 420458.209600745234638, 5069255.653119602240622 ], [ 420489.360954813251738, 5069231.74984491430223 ], [ 420519.218616295023821, 5069206.248992929235101 ], [ 420547.700747415772639, 5069179.220459711737931 ], [ 420574.729280633910093, 5069150.73832859005779 ], [ 420600.230132618569769, 5069120.880667109042406 ], [ 420624.133407307090238, 5069089.729313041083515 ], [ 420646.373587484937161, 5069057.369650082662702 ], [ 420666.889714364195243, 5069023.890373821370304 ], [ 420685.625554667145479, 5068989.383248626254499 ], [ 420702.529754757822957, 5068953.942856128327549 ], [ 420717.555981398792937, 5068917.666335980407894 ], [ 420730.663048747228459, 5068880.653119602240622 ], [ 420741.815031242673285, 5068843.00465764850378 ], [ 420750.981362076243386, 5068804.824141934514046 ], [ 420758.13691697223112, 5068766.216222601942718 ], [ 420763.262083052075468, 5068727.286721272394061 ], [ 420766.342812591814436, 5068688.142341003753245 ], [ 420767.370661525870673, 5068648.890373821370304 ] ] ] } },
{ "type": "Feature", "properties": { "site": 11, "transect": 11.4 }, "geometry": { "type": "Polygon", "coordinates": [ [ [ 420766.681690200639423, 5068526.29695660341531 ], [ 420765.653841266583186, 5068487.044989421032369 ], [ 420762.573111726844218, 5068447.900609152391553 ], [ 420757.447945646999869, 5068408.971107822842896 ], [ 420750.292390751012135, 5068370.363188490271568 ], [ 420741.126059917442035, 5068332.182672776281834 ], [ 420729.974077421997208, 5068294.534210822544992 ], [ 420716.867010073561687, 5068257.52099444437772 ], [ 420701.840783432591707, 5068221.244474296458066 ], [ 420684.936583341914229, 5068185.804081798531115 ], [ 420666.200743038963992, 5068151.29695660341531 ], [ 420645.684616159705911, 5068117.817680342122912 ], [ 420623.444435981858987, 5068085.458017383702099 ], [ 420599.541161293396726, 5068054.306663315743208 ], [ 420574.040309308678843, 5068024.449001834727824 ], [ 420547.011776090541389, 5067995.966870713047683 ], [ 420518.529644969792571, 5067968.938337495550513 ], [ 420488.671983488020487, 5067943.437485510483384 ], [ 420457.520629420003388, 5067919.534210822544992 ], [ 420425.160966461931821, 5067897.294030643999577 ], [ 420391.681690200639423, 5067876.777903765439987 ], [ 420357.174565005290788, 5067858.042063462547958 ], [ 420321.734172507480253, 5067841.137863371521235 ], [ 420285.457652359618805, 5067826.111636730842292 ], [ 420248.444435981858987, 5067813.004569382406771 ], [ 420210.795974027540069, 5067801.852586886845529 ], [ 420172.615458313957788, 5067792.686256052926183 ], [ 420134.007538980804384, 5067785.530701156705618 ], [ 420095.078037651372142, 5067780.405535076744854 ], [ 420055.933657382847741, 5067777.324805537238717 ], [ 420016.681690200639423, 5067776.29695660341531 ], [ 419977.429723018431105, 5067777.324805537238717 ], [ 419938.285342749906704, 5067780.405535076744854 ], [ 419899.355841420474462, 5067785.530701156705618 ], [ 419860.747922087321058, 5067792.686256052926183 ], [ 419822.567406373738777, 5067801.852586886845529 ], [ 419784.918944419419859, 5067813.004569382406771 ], [ 419747.905728041660041, 5067826.111636730842292 ], [ 419711.629207893798593, 5067841.137863371521235 ], [ 419676.188815395988058, 5067858.042063462547958 ], [ 419641.681690200639423, 5067876.777903765439987 ], [ 419608.202413939347025, 5067897.294030643999577 ], [ 419575.842750981275458, 5067919.534210822544992 ], [ 419544.691396913258359, 5067943.437485510483384 ], [ 419514.833735431486275, 5067968.938337495550513 ], [ 419486.351604310737457, 5067995.966870713047683 ], [ 419459.323071092600003, 5068024.449001834727824 ], [ 419433.822219107940327, 5068054.306663315743208 ], [ 419409.918944419419859, 5068085.458017383702099 ], [ 419387.678764241572935, 5068117.817680342122912 ], [ 419367.162637362314854, 5068151.29695660341531 ], [ 419348.426797059364617, 5068185.804081798531115 ], [ 419331.522596968687139, 5068221.244474296458066 ], [ 419316.496370327717159, 5068257.52099444437772 ], [ 419303.389302979281638, 5068294.534210822544992 ], [ 419292.237320483836811, 5068332.182672776281834 ], [ 419283.070989650266711, 5068370.363188490271568 ], [ 419275.915434754278976, 5068408.971107822842896 ], [ 419270.790268674434628, 5068447.900609152391553 ], [ 419267.70953913469566, 5068487.044989421032369 ], [ 419266.681690200639423, 5068526.29695660341531 ], [ 419267.70953913469566, 5068565.548923785798252 ], [ 419270.790268674434628, 5068604.693304054439068 ], [ 419275.915434754278976, 5068643.622805383987725 ], [ 419283.070989650266711, 5068682.230724716559052 ], [ 419292.237320483836811, 5068720.411240430548787 ], [ 419303.389302979281638, 5068758.059702384285629 ], [ 419316.496370327717159, 5068795.0729187624529 ], [ 419331.522596968687139, 5068831.349438910372555 ], [ 419348.426797059364617, 5068866.789831408299506 ], [ 419367.162637362314854, 5068901.29695660341531 ], [ 419387.678764241572935, 5068934.776232864707708 ], [ 419409.918944419419859, 5068967.135895823128521 ], [ 419433.82221910788212, 5068998.287249891087413 ], [ 419459.323071092600003, 5069028.144911372102797 ], [ 419486.351604310737457, 5069056.627042493782938 ], [ 419514.833735431486275, 5069083.655575711280107 ], [ 419544.691396913258359, 5069109.156427696347237 ], [ 419575.842750981275458, 5069133.059702384285629 ], [ 419608.202413939347025, 5069155.299882562831044 ], [ 419641.681690200639423, 5069175.816009441390634 ], [ 419676.188815395988058, 5069194.551849744282663 ], [ 419711.629207893798593, 5069211.456049835309386 ], [ 419747.905728041660041, 5069226.482276475988328 ], [ 419784.918944419419859, 5069239.58934382442385 ], [ 419822.567406373738777, 5069250.741326319985092 ], [ 419860.747922087321058, 5069259.907657153904438 ], [ 419899.355841420474462, 5069267.063212050125003 ], [ 419938.285342749906704, 5069272.188378130085766 ], [ 419977.429723018431105, 5069275.269107669591904 ], [ 420016.681690200639423, 5069276.29695660341531 ], [ 420055.933657382847741, 5069275.269107669591904 ], [ 420095.078037651372142, 5069272.188378130085766 ], [ 420134.007538980804384, 5069267.063212050125003 ], [ 420172.615458313957788, 5069259.907657153904438 ], [ 420210.795974027540069, 5069250.741326319985092 ], [ 420248.444435981858987, 5069239.58934382442385 ], [ 420285.457652359618805, 5069226.482276475988328 ], [ 420321.734172507480253, 5069211.456049835309386 ], [ 420357.174565005290788, 5069194.551849744282663 ], [ 420391.681690200639423, 5069175.816009441390634 ], [ 420425.160966461931821, 5069155.299882562831044 ], [ 420457.520629420003388, 5069133.059702384285629 ], [ 420488.671983488020487, 5069109.156427696347237 ], [ 420518.529644969792571, 5069083.655575711280107 ], [ 420547.011776090541389, 5069056.627042493782938 ], [ 420574.040309308678843, 5069028.144911372102797 ], [ 420599.541161293338519, 5068998.287249891087413 ], [ 420623.444435981858987, 5068967.135895823128521 ], [ 420645.684616159705911, 5068934.776232864707708 ], [ 420666.200743038963992, 5068901.29695660341531 ], [ 420684.936583341914229, 5068866.789831408299506 ], [ 420701.840783432591707, 5068831.349438910372555 ], [ 420716.867010073561687, 5068795.0729187624529 ], [ 420729.974077421997208, 5068758.059702384285629 ], [ 420741.126059917442035, 5068720.411240430548787 ], [ 420750.292390751012135, 5068682.230724716559052 ], [ 420757.447945646999869, 5068643.622805383987725 ], [ 420762.573111726844218, 5068604.693304054439068 ], [ 420765.653841266583186, 5068565.548923785798252 ], [ 420766.681690200639423, 5068526.29695660341531 ] ] ] } },
{ "type": "Feature", "properties": { "site": 12, "transect": 12.1 }, "geometry": { "type": "Polygon", "coordinates": [ [ [ 487637.718433759931941, 5009471.298510946333408 ], [ 487636.690584825875703, 5009432.046543763950467 ], [ 487633.609855286136735, 5009392.902163495309651 ], [ 487628.484689206292387, 5009353.972662165760994 ], [ 487621.329134310304653, 5009315.364742833189666 ], [ 487612.162803476734553, 5009277.184227119199932 ], [ 487601.010820981289726, 5009239.53576516546309 ], [ 487587.903753632854205, 5009202.522548787295818 ], [ 487572.877526991884224, 5009166.246028639376163 ], [ 487555.973326901206747, 5009130.805636141449213 ], [ 487537.23748659825651, 5009096.298510946333408 ], [ 487516.721359718998428, 5009062.81923468504101 ], [ 487494.481179541151505, 5009030.459571726620197 ], [ 487470.577904852689244, 5008999.308217658661306 ], [ 487445.077052867971361, 5008969.450556177645922 ], [ 487418.048519649833906, 5008940.968425055965781 ], [ 487389.566388529085089, 5008913.939891838468611 ], [ 487359.708727047313005, 5008888.439039853401482 ], [ 487328.557372979295906, 5008864.53576516546309 ], [ 487296.197710021224339, 5008842.295584986917675 ], [ 487262.718433759931941, 5008821.779458108358085 ], [ 487228.211308564583305, 5008803.043617805466056 ], [ 487192.77091606677277, 5008786.139417714439332 ], [ 487156.494395918911323, 5008771.11319107376039 ], [ 487119.481179541151505, 5008758.006123725324869 ], [ 487081.832717586832587, 5008746.854141229763627 ], [ 487043.652201873250306, 5008737.687810395844281 ], [ 487005.044282540096901, 5008730.532255499623716 ], [ 486966.11478121066466, 5008725.407089419662952 ], [ 486926.970400942140259, 5008722.326359880156815 ], [ 486887.718433759931941, 5008721.298510946333408 ], [ 486848.466466577723622, 5008722.326359880156815 ], [ 486809.322086309199221, 5008725.407089419662952 ], [ 486770.39258497976698, 5008730.532255499623716 ], [ 486731.784665646613576, 5008737.687810395844281 ], [ 486693.604149933031294, 5008746.854141229763627 ], [ 486655.955687978712376, 5008758.006123725324869 ], [ 486618.942471600952558, 5008771.11319107376039 ], [ 486582.665951453091111, 5008786.139417714439332 ], [ 486547.225558955280576, 5008803.043617805466056 ], [ 486512.718433759931941, 5008821.779458108358085 ], [ 486479.239157498639543, 5008842.295584986917675 ], [ 486446.879494540567975, 5008864.53576516546309 ], [ 486415.728140472550876, 5008888.439039853401482 ], [ 486385.870478990778793, 5008913.939891838468611 ], [ 486357.388347870029975, 5008940.968425055965781 ], [ 486330.35981465189252, 5008969.450556177645922 ], [ 486304.858962667232845, 5008999.308217658661306 ], [ 486280.955687978712376, 5009030.459571726620197 ], [ 486258.715507800865453, 5009062.81923468504101 ], [ 486238.199380921607371, 5009096.298510946333408 ], [ 486219.463540618657134, 5009130.805636141449213 ], [ 486202.559340527979657, 5009166.246028639376163 ], [ 486187.533113887009677, 5009202.522548787295818 ], [ 486174.426046538574155, 5009239.53576516546309 ], [ 486163.274064043129329, 5009277.184227119199932 ], [ 486154.107733209559228, 5009315.364742833189666 ], [ 486146.952178313571494, 5009353.972662165760994 ], [ 486141.827012233727146, 5009392.902163495309651 ], [ 486138.746282693988178, 5009432.046543763950467 ], [ 486137.718433759931941, 5009471.298510946333408 ], [ 486138.746282693988178, 5009510.55047812871635 ], [ 486141.827012233727146, 5009549.694858397357166 ], [ 486146.952178313571494, 5009588.624359726905823 ], [ 486154.107733209559228, 5009627.23227905947715 ], [ 486163.274064043129329, 5009665.412794773466885 ], [ 486174.426046538574155, 5009703.061256727203727 ], [ 486187.533113887009677, 5009740.074473105370998 ], [ 486202.559340527979657, 5009776.350993253290653 ], [ 486219.463540618657134, 5009811.791385751217604 ], [ 486238.199380921607371, 5009846.298510946333408 ], [ 486258.715507800865453, 5009879.777787207625806 ], [ 486280.955687978712376, 5009912.137450166046619 ], [ 486304.858962667174637, 5009943.288804234005511 ], [ 486330.35981465189252, 5009973.146465715020895 ], [ 486357.388347870029975, 5010001.628596836701035 ], [ 486385.870478990778793, 5010028.657130054198205 ], [ 486415.728140472550876, 5010054.157982039265335 ], [ 486446.879494540567975, 5010078.061256727203727 ], [ 486479.239157498639543, 5010100.301436905749142 ], [ 486512.718433759931941, 5010120.817563784308732 ], [ 486547.225558955280576, 5010139.553404087200761 ], [ 486582.665951453091111, 5010156.457604178227484 ], [ 486618.942471600952558, 5010171.483830818906426 ], [ 486655.955687978712376, 5010184.590898167341948 ], [ 486693.604149933031294, 5010195.74288066290319 ], [ 486731.784665646613576, 5010204.909211496822536 ], [ 486770.39258497976698, 5010212.064766393043101 ], [ 486809.322086309199221, 5010217.189932473003864 ], [ 486848.466466577723622, 5010220.270662012510002 ], [ 486887.718433759931941, 5010221.298510946333408 ], [ 486926.970400942140259, 5010220.270662012510002 ], [ 486966.11478121066466, 5010217.189932473003864 ], [ 487005.044282540096901, 5010212.064766393043101 ], [ 487043.652201873250306, 5010204.909211496822536 ], [ 487081.832717586832587, 5010195.74288066290319 ], [ 487119.481179541151505, 5010184.590898167341948 ], [ 487156.494395918911323, 5010171.483830818906426 ], [ 487192.77091606677277, 5010156.457604178227484 ], [ 487228.211308564583305, 5010139.553404087200761 ], [ 487262.718433759931941, 5010120.817563784308732 ], [ 487296.197710021224339, 5010100.301436905749142 ], [ 487328.557372979295906, 5010078.061256727203727 ], [ 487359.708727047313005, 5010054.157982039265335 ], [ 487389.566388529085089, 5010028.657130054198205 ], [ 487418.048519649833906, 5010001.628596836701035 ], [ 487445.077052867971361, 5009973.146465715020895 ], [ 487470.577904852631036, 5009943.288804234005511 ], [ 487494.481179541151505, 5009912.137450166046619 ], [ 487516.721359718998428, 5009879.777787207625806 ], [ 487537.23748659825651, 5009846.298510946333408 ], [ 487555.973326901206747, 5009811.791385751217604 ], [ 487572.877526991884224, 5009776.350993253290653 ], [ 487587.903753632854205, 5009740.074473105370998 ], [ 487601.010820981289726, 5009703.061256727203727 ], [ 487612.162803476734553, 5009665.412794773466885 ], [ 487621.329134310304653, 5009627.23227905947715 ], [ 487628.484689206292387, 5009588.624359726905823 ], [ 487633.609855286136735, 5009549.694858397357166 ], [ 487636.690584825875703, 5009510.55047812871635 ], [ 487637.718433759931941, 5009471.298510946333408 ] ] ] } },
{ "type": "Feature", "properties": { "site": 12, "transect": 12.2 }, "geometry": { "type": "Polygon", "coordinates": [ [ [ 487375.802612733386923, 5009650.260727689601481 ], [ 487374.774763799330685, 5009611.00876050721854 ], [ 487371.694034259591717, 5009571.864380238577724 ], [ 487366.568868179747369, 5009532.934878909029067 ], [ 487359.413313283759635, 5009494.326959576457739 ], [ 487350.246982450189535, 5009456.146443862468004 ], [ 487339.094999954744708, 5009418.497981908731163 ], [ 487325.987932606309187, 5009381.484765530563891 ], [ 487310.961705965339206, 5009345.208245382644236 ], [ 487294.057505874661729, 5009309.767852884717286 ], [ 487275.321665571711492, 5009275.260727689601481 ], [ 487254.80553869245341, 5009241.781451428309083 ], [ 487232.565358514606487, 5009209.42178846988827 ], [ 487208.662083826144226, 5009178.270434401929379 ], [ 487183.161231841426343, 5009148.412772920913994 ], [ 487156.132698623288888, 5009119.930641799233854 ], [ 487127.650567502540071, 5009092.902108581736684 ], [ 487097.792906020767987, 5009067.401256596669555 ], [ 487066.641551952750888, 5009043.497981908731163 ], [ 487034.281888994679321, 5009021.257801730185747 ], [ 487000.802612733386923, 5009000.741674851626158 ], [ 486966.295487538038287, 5008982.005834548734128 ], [ 486930.855095040227752, 5008965.101634457707405 ], [ 486894.578574892366305, 5008950.075407817028463 ], [ 486857.565358514606487, 5008936.968340468592942 ], [ 486819.916896560287569, 5008925.8163579730317 ], [ 486781.736380846705288, 5008916.650027139112353 ], [ 486743.128461513551883, 5008909.494472242891788 ], [ 486704.198960184119642, 5008904.369306162931025 ], [ 486665.054579915595241, 5008901.288576623424888 ], [ 486625.802612733386923, 5008900.260727689601481 ], [ 486586.550645551178604, 5008901.288576623424888 ], [ 486547.406265282654203, 5008904.369306162931025 ], [ 486508.476763953221962, 5008909.494472242891788 ], [ 486469.868844620068558, 5008916.650027139112353 ], [ 486431.688328906486277, 5008925.8163579730317 ], [ 486394.039866952167358, 5008936.968340468592942 ], [ 486357.02665057440754, 5008950.075407817028463 ], [ 486320.750130426546093, 5008965.101634457707405 ], [ 486285.309737928735558, 5008982.005834548734128 ], [ 486250.802612733386923, 5009000.741674851626158 ], [ 486217.323336472094525, 5009021.257801730185747 ], [ 486184.963673514022958, 5009043.497981908731163 ], [ 486153.812319446005858, 5009067.401256596669555 ], [ 486123.954657964233775, 5009092.902108581736684 ], [ 486095.472526843484957, 5009119.930641799233854 ], [ 486068.443993625347503, 5009148.412772920913994 ], [ 486042.943141640687827, 5009178.270434401929379 ], [ 486019.039866952167358, 5009209.42178846988827 ], [ 485996.799686774320435, 5009241.781451428309083 ], [ 485976.283559895062353, 5009275.260727689601481 ], [ 485957.547719592112117, 5009309.767852884717286 ], [ 485940.643519501434639, 5009345.208245382644236 ], [ 485925.617292860464659, 5009381.484765530563891 ], [ 485912.510225512029137, 5009418.497981908731163 ], [ 485901.358243016584311, 5009456.146443862468004 ], [ 485892.19191218301421, 5009494.326959576457739 ], [ 485885.036357287026476, 5009532.934878909029067 ], [ 485879.911191207182128, 5009571.864380238577724 ], [ 485876.83046166744316, 5009611.00876050721854 ], [ 485875.802612733386923, 5009650.260727689601481 ], [ 485876.83046166744316, 5009689.512694871984422 ], [ 485879.911191207182128, 5009728.657075140625238 ], [ 485885.036357287026476, 5009767.586576470173895 ], [ 485892.19191218301421, 5009806.194495802745223 ], [ 485901.358243016584311, 5009844.375011516734958 ], [ 485912.510225512029137, 5009882.023473470471799 ], [ 485925.617292860464659, 5009919.036689848639071 ], [ 485940.643519501434639, 5009955.313209996558726 ], [ 485957.547719592112117, 5009990.753602494485676 ], [ 485976.283559895062353, 5010025.260727689601481 ], [ 485996.799686774320435, 5010058.740003950893879 ], [ 486019.039866952167358, 5010091.099666909314692 ], [ 486042.943141640629619, 5010122.251020977273583 ], [ 486068.443993625347503, 5010152.108682458288968 ], [ 486095.472526843484957, 5010180.590813579969108 ], [ 486123.954657964233775, 5010207.619346797466278 ], [ 486153.812319446005858, 5010233.120198782533407 ], [ 486184.963673514022958, 5010257.023473470471799 ], [ 486217.323336472094525, 5010279.263653649017215 ], [ 486250.802612733386923, 5010299.779780527576804 ], [ 486285.309737928735558, 5010318.515620830468833 ], [ 486320.750130426546093, 5010335.419820921495557 ], [ 486357.02665057440754, 5010350.446047562174499 ], [ 486394.039866952167358, 5010363.55311491061002 ], [ 486431.688328906486277, 5010374.705097406171262 ], [ 486469.868844620068558, 5010383.871428240090609 ], [ 486508.476763953221962, 5010391.026983136311173 ], [ 486547.406265282654203, 5010396.152149216271937 ], [ 486586.550645551178604, 5010399.232878755778074 ], [ 486625.802612733386923, 5010400.260727689601481 ], [ 486665.054579915595241, 5010399.232878755778074 ], [ 486704.198960184119642, 5010396.152149216271937 ], [ 486743.128461513551883, 5010391.026983136311173 ], [ 486781.736380846705288, 5010383.871428240090609 ], [ 486819.916896560287569, 5010374.705097406171262 ], [ 486857.565358514606487, 5010363.55311491061002 ], [ 486894.578574892366305, 5010350.446047562174499 ], [ 486930.855095040227752, 5010335.419820921495557 ], [ 486966.295487538038287, 5010318.515620830468833 ], [ 487000.802612733386923, 5010299.779780527576804 ], [ 487034.281888994679321, 5010279.263653649017215 ], [ 487066.641551952750888, 5010257.023473470471799 ], [ 487097.792906020767987, 5010233.120198782533407 ], [ 487127.650567502540071, 5010207.619346797466278 ], [ 487156.132698623288888, 5010180.590813579969108 ], [ 487183.161231841426343, 5010152.108682458288968 ], [ 487208.662083826086018, 5010122.251020977273583 ], [ 487232.565358514606487, 5010091.099666909314692 ], [ 487254.80553869245341, 5010058.740003950893879 ], [ 487275.321665571711492, 5010025.260727689601481 ], [ 487294.057505874661729, 5009990.753602494485676 ], [ 487310.961705965339206, 5009955.313209996558726 ], [ 487325.987932606309187, 5009919.036689848639071 ], [ 487339.094999954744708, 5009882.023473470471799 ], [ 487350.246982450189535, 5009844.375011516734958 ], [ 487359.413313283759635, 5009806.194495802745223 ], [ 487366.568868179747369, 5009767.586576470173895 ], [ 487371.694034259591717, 5009728.657075140625238 ], [ 487374.774763799330685, 5009689.512694871984422 ], [ 487375.802612733386923, 5009650.260727689601481 ] ] ] } },
{ "type": "Feature", "properties": { "site": 12, "transect": 12.3 }, "geometry": { "type": "Polygon", "coordinates": [ [ [ 487751.764302234048955, 5009644.886472422629595 ], [ 487750.736453299992718, 5009605.634505240246654 ], [ 487747.65572376025375, 5009566.490124971605837 ], [ 487742.530557680409402, 5009527.56062364205718 ], [ 487735.375002784421667, 5009488.952704309485853 ], [ 487726.208671950851567, 5009450.772188595496118 ], [ 487715.05668945540674, 5009413.123726641759276 ], [ 487701.949622106971219, 5009376.110510263592005 ], [ 487686.923395466001239, 5009339.83399011567235 ], [ 487670.019195375323761, 5009304.393597617745399 ], [ 487651.283355072373524, 5009269.886472422629595 ], [ 487630.767228193115443, 5009236.407196161337197 ], [ 487608.52704801526852, 5009204.047533202916384 ], [ 487584.623773326748051, 5009172.896179134957492 ], [ 487559.122921342088375, 5009143.038517653942108 ], [ 487532.094388123950921, 5009114.556386532261968 ], [ 487503.612257003202103, 5009087.527853314764798 ], [ 487473.754595521430019, 5009062.027001329697669 ], [ 487442.60324145341292, 5009038.123726641759276 ], [ 487410.243578495341353, 5009015.883546463213861 ], [ 487376.764302234048955, 5008995.367419584654272 ], [ 487342.25717703870032, 5008976.631579281762242 ], [ 487306.816784540889785, 5008959.727379190735519 ], [ 487270.540264393028338, 5008944.701152550056577 ], [ 487233.52704801526852, 5008931.594085201621056 ], [ 487195.878586060949601, 5008920.442102706059813 ], [ 487157.69807034736732, 5008911.275771872140467 ], [ 487119.090151014213916, 5008904.120216975919902 ], [ 487080.160649684781674, 5008898.995050895959139 ], [ 487041.016269416257273, 5008895.914321356453001 ], [ 487001.764302234048955, 5008894.886472422629595 ], [ 486962.512335051840637, 5008895.914321356453001 ], [ 486923.367954783316236, 5008898.995050895959139 ], [ 486884.438453453883994, 5008904.120216975919902 ], [ 486845.83053412073059, 5008911.275771872140467 ], [ 486807.650018407148309, 5008920.442102706059813 ], [ 486770.001556452829391, 5008931.594085201621056 ], [ 486732.988340075069573, 5008944.701152550056577 ], [ 486696.711819927208126, 5008959.727379190735519 ], [ 486661.27142742939759, 5008976.631579281762242 ], [ 486626.764302234048955, 5008995.367419584654272 ], [ 486593.285025972756557, 5009015.883546463213861 ], [ 486560.92536301468499, 5009038.123726641759276 ], [ 486529.774008946667891, 5009062.027001329697669 ], [ 486499.916347464895807, 5009087.527853314764798 ], [ 486471.434216344146989, 5009114.556386532261968 ], [ 486444.405683126009535, 5009143.038517653942108 ], [ 486418.90483114134986, 5009172.896179134957492 ], [ 486395.001556452829391, 5009204.047533202916384 ], [ 486372.761376274982467, 5009236.407196161337197 ], [ 486352.245249395724386, 5009269.886472422629595 ], [ 486333.509409092774149, 5009304.393597617745399 ], [ 486316.605209002096672, 5009339.83399011567235 ], [ 486301.578982361126691, 5009376.110510263592005 ], [ 486288.47191501269117, 5009413.123726641759276 ], [ 486277.319932517246343, 5009450.772188595496118 ], [ 486268.153601683676243, 5009488.952704309485853 ], [ 486260.998046787688509, 5009527.56062364205718 ], [ 486255.87288070784416, 5009566.490124971605837 ], [ 486252.792151168105192, 5009605.634505240246654 ], [ 486251.764302234048955, 5009644.886472422629595 ], [ 486252.792151168105192, 5009684.138439605012536 ], [ 486255.87288070784416, 5009723.282819873653352 ], [ 486260.998046787688509, 5009762.212321203202009 ], [ 486268.153601683676243, 5009800.820240535773337 ], [ 486277.319932517246343, 5009839.000756249763072 ], [ 486288.47191501269117, 5009876.649218203499913 ], [ 486301.578982361126691, 5009913.662434581667185 ], [ 486316.605209002096672, 5009949.93895472958684 ], [ 486333.509409092774149, 5009985.37934722751379 ], [ 486352.245249395724386, 5010019.886472422629595 ], [ 486372.761376274982467, 5010053.365748683921993 ], [ 486395.001556452829391, 5010085.725411642342806 ], [ 486418.904831141291652, 5010116.876765710301697 ], [ 486444.405683126009535, 5010146.734427191317081 ], [ 486471.434216344146989, 5010175.216558312997222 ], [ 486499.916347464895807, 5010202.245091530494392 ], [ 486529.774008946667891, 5010227.745943515561521 ], [ 486560.92536301468499, 5010251.649218203499913 ], [ 486593.285025972756557, 5010273.889398382045329 ], [ 486626.764302234048955, 5010294.405525260604918 ], [ 486661.27142742939759, 5010313.141365563496947 ], [ 486696.711819927208126, 5010330.045565654523671 ], [ 486732.988340075069573, 5010345.071792295202613 ], [ 486770.001556452829391, 5010358.178859643638134 ], [ 486807.650018407148309, 5010369.330842139199376 ], [ 486845.83053412073059, 5010378.497172973118722 ], [ 486884.438453453883994, 5010385.652727869339287 ], [ 486923.367954783316236, 5010390.777893949300051 ], [ 486962.512335051840637, 5010393.858623488806188 ], [ 487001.764302234048955, 5010394.886472422629595 ], [ 487041.016269416257273, 5010393.858623488806188 ], [ 487080.160649684781674, 5010390.777893949300051 ], [ 487119.090151014213916, 5010385.652727869339287 ], [ 487157.69807034736732, 5010378.497172973118722 ], [ 487195.878586060949601, 5010369.330842139199376 ], [ 487233.52704801526852, 5010358.178859643638134 ], [ 487270.540264393028338, 5010345.071792295202613 ], [ 487306.816784540889785, 5010330.045565654523671 ], [ 487342.25717703870032, 5010313.141365563496947 ], [ 487376.764302234048955, 5010294.405525260604918 ], [ 487410.243578495341353, 5010273.889398382045329 ], [ 487442.60324145341292, 5010251.649218203499913 ], [ 487473.754595521430019, 5010227.745943515561521 ], [ 487503.612257003202103, 5010202.245091530494392 ], [ 487532.094388123950921, 5010175.216558312997222 ], [ 487559.122921342088375, 5010146.734427191317081 ], [ 487584.623773326748051, 5010116.876765710301697 ], [ 487608.52704801526852, 5010085.725411642342806 ], [ 487630.767228193115443, 5010053.365748683921993 ], [ 487651.283355072373524, 5010019.886472422629595 ], [ 487670.019195375323761, 5009985.37934722751379 ], [ 487686.923395466001239, 5009949.93895472958684 ], [ 487701.949622106971219, 5009913.662434581667185 ], [ 487715.05668945540674, 5009876.649218203499913 ], [ 487726.208671950851567, 5009839.000756249763072 ], [ 487735.375002784421667, 5009800.820240535773337 ], [ 487742.530557680409402, 5009762.212321203202009 ], [ 487747.65572376025375, 5009723.282819873653352 ], [ 487750.736453299992718, 5009684.138439605012536 ], [ 487751.764302234048955, 5009644.886472422629595 ] ] ] } },
{ "type": "Feature", "properties": { "site": 13, "transect": 13.1 }, "geometry": { "type": "Polygon", "coordinates": [ [ [ 510936.100569806701969, 4998897.518118287436664 ], [ 510935.072720872645732, 4998858.266151105053723 ], [ 510931.991991332906764, 4998819.121770836412907 ], [ 510926.866825253062416, 4998780.19226950686425 ], [ 510919.711270357074682, 4998741.584350174292922 ], [ 510910.544939523504581, 4998703.403834460303187 ], [ 510899.392957028059755, 4998665.755372506566346 ], [ 510886.285889679624233, 4998628.742156128399074 ], [ 510871.259663038654253, 4998592.465635980479419 ], [ 510854.355462947976775, 4998557.025243482552469 ], [ 510835.619622645026539, 4998522.518118287436664 ], [ 510815.103495765768457, 4998489.038842026144266 ], [ 510792.863315587921534, 4998456.679179067723453 ], [ 510768.960040899459273, 4998425.527824999764562 ], [ 510743.459188914741389, 4998395.670163518749177 ], [ 510716.430655696603935, 4998367.188032397069037 ], [ 510687.948524575855117, 4998340.159499179571867 ], [ 510658.090863094083034, 4998314.658647194504738 ], [ 510626.939509026065934, 4998290.755372506566346 ], [ 510594.579846067994367, 4998268.51519232802093 ], [ 510561.100569806701969, 4998247.999065449461341 ], [ 510526.593444611353334, 4998229.263225146569312 ], [ 510491.153052113542799, 4998212.359025055542588 ], [ 510454.876531965681352, 4998197.332798414863646 ], [ 510417.863315587921534, 4998184.225731066428125 ], [ 510380.214853633602615, 4998173.073748570866883 ], [ 510342.034337920020334, 4998163.907417736947536 ], [ 510303.42641858686693, 4998156.751862840726972 ], [ 510264.496917257434689, 4998151.626696760766208 ], [ 510225.352536988910288, 4998148.545967221260071 ], [ 510186.100569806701969, 4998147.518118287436664 ], [ 510146.848602624493651, 4998148.545967221260071 ], [ 510107.70422235596925, 4998151.626696760766208 ], [ 510068.774721026537009, 4998156.751862840726972 ], [ 510030.166801693383604, 4998163.907417736947536 ], [ 509991.986285979801323, 4998173.073748570866883 ], [ 509954.337824025482405, 4998184.225731066428125 ], [ 509917.324607647722587, 4998197.332798414863646 ], [ 509881.04808749986114, 4998212.359025055542588 ], [ 509845.607695002050605, 4998229.263225146569312 ], [ 509811.100569806701969, 4998247.999065449461341 ], [ 509777.621293545409571, 4998268.51519232802093 ], [ 509745.261630587338004, 4998290.755372506566346 ], [ 509714.110276519320905, 4998314.658647194504738 ], [ 509684.252615037548821, 4998340.159499179571867 ], [ 509655.770483916800003, 4998367.188032397069037 ], [ 509628.741950698662549, 4998395.670163518749177 ], [ 509603.241098714002874, 4998425.527824999764562 ], [ 509579.337824025482405, 4998456.679179067723453 ], [ 509557.097643847635482, 4998489.038842026144266 ], [ 509536.5815169683774, 4998522.518118287436664 ], [ 509517.845676665427163, 4998557.025243482552469 ], [ 509500.941476574749686, 4998592.465635980479419 ], [ 509485.915249933779705, 4998628.742156128399074 ], [ 509472.808182585344184, 4998665.755372506566346 ], [ 509461.656200089899357, 4998703.403834460303187 ], [ 509452.489869256329257, 4998741.584350174292922 ], [ 509445.334314360341523, 4998780.19226950686425 ], [ 509440.209148280497175, 4998819.121770836412907 ], [ 509437.128418740758207, 4998858.266151105053723 ], [ 509436.100569806701969, 4998897.518118287436664 ], [ 509437.128418740758207, 4998936.770085469819605 ], [ 509440.209148280497175, 4998975.914465738460422 ], [ 509445.334314360341523, 4999014.843967068009079 ], [ 509452.489869256329257, 4999053.451886400580406 ], [ 509461.656200089899357, 4999091.632402114570141 ], [ 509472.808182585344184, 4999129.280864068306983 ], [ 509485.915249933779705, 4999166.294080446474254 ], [ 509500.941476574749686, 4999202.570600594393909 ], [ 509517.845676665427163, 4999238.010993092320859 ], [ 509536.5815169683774, 4999272.518118287436664 ], [ 509557.097643847635482, 4999305.997394548729062 ], [ 509579.337824025482405, 4999338.357057507149875 ], [ 509603.241098713944666, 4999369.508411575108767 ], [ 509628.741950698662549, 4999399.366073056124151 ], [ 509655.770483916800003, 4999427.848204177804291 ], [ 509684.252615037548821, 4999454.876737395301461 ], [ 509714.110276519320905, 4999480.37758938036859 ], [ 509745.261630587338004, 4999504.280864068306983 ], [ 509777.621293545409571, 4999526.521044246852398 ], [ 509811.100569806701969, 4999547.037171125411987 ], [ 509845.607695002050605, 4999565.773011428304017 ], [ 509881.04808749986114, 4999582.67721151933074 ], [ 509917.324607647722587, 4999597.703438160009682 ], [ 509954.337824025482405, 4999610.810505508445203 ], [ 509991.986285979801323, 4999621.962488004006445 ], [ 510030.166801693383604, 4999631.128818837925792 ], [ 510068.774721026537009, 4999638.284373734146357 ], [ 510107.70422235596925, 4999643.40953981410712 ], [ 510146.848602624493651, 4999646.490269353613257 ], [ 510186.100569806701969, 4999647.518118287436664 ], [ 510225.352536988910288, 4999646.490269353613257 ], [ 510264.496917257434689, 4999643.40953981410712 ], [ 510303.42641858686693, 4999638.284373734146357 ], [ 510342.034337920020334, 4999631.128818837925792 ], [ 510380.214853633602615, 4999621.962488004006445 ], [ 510417.863315587921534, 4999610.810505508445203 ], [ 510454.876531965681352, 4999597.703438160009682 ], [ 510491.153052113542799, 4999582.67721151933074 ], [ 510526.593444611353334, 4999565.773011428304017 ], [ 510561.100569806701969, 4999547.037171125411987 ], [ 510594.579846067994367, 4999526.521044246852398 ], [ 510626.939509026065934, 4999504.280864068306983 ], [ 510658.090863094083034, 4999480.37758938036859 ], [ 510687.948524575855117, 4999454.876737395301461 ], [ 510716.430655696603935, 4999427.848204177804291 ], [ 510743.459188914741389, 4999399.366073056124151 ], [ 510768.960040899401065, 4999369.508411575108767 ], [ 510792.863315587921534, 4999338.357057507149875 ], [ 510815.103495765768457, 4999305.997394548729062 ], [ 510835.619622645026539, 4999272.518118287436664 ], [ 510854.355462947976775, 4999238.010993092320859 ], [ 510871.259663038654253, 4999202.570600594393909 ], [ 510886.285889679624233, 4999166.294080446474254 ], [ 510899.392957028059755, 4999129.280864068306983 ], [ 510910.544939523504581, 4999091.632402114570141 ], [ 510919.711270357074682, 4999053.451886400580406 ], [ 510926.866825253062416, 4999014.843967068009079 ], [ 510931.991991332906764, 4998975.914465738460422 ], [ 510935.072720872645732, 4998936.770085469819605 ], [ 510936.100569806701969, 4998897.518118287436664 ] ] ] } },
{ "type": "Feature", "properties": { "site": 13, "transect": 13.2 }, "geometry": { "type": "Polygon", "coordinates": [ [ [ 510956.991546117526013, 4999065.595909362658858 ], [ 510955.963697183469776, 4999026.343942180275917 ], [ 510952.882967643730808, 4998987.199561911635101 ], [ 510947.75780156388646, 4998948.270060582086444 ], [ 510940.602246667898726, 4998909.662141249515116 ], [ 510931.435915834328625, 4998871.481625535525382 ], [ 510920.283933338883799, 4998833.83316358178854 ], [ 510907.176865990448277, 4998796.819947203621268 ], [ 510892.150639349478297, 4998760.543427055701613 ], [ 510875.24643925880082, 4998725.103034557774663 ], [ 510856.510598955850583, 4998690.595909362658858 ], [ 510835.994472076592501, 4998657.11663310136646 ], [ 510813.754291898745578, 4998624.756970142945647 ], [ 510789.851017210283317, 4998593.605616074986756 ], [ 510764.350165225565434, 4998563.747954593971372 ], [ 510737.321632007427979, 4998535.265823472291231 ], [ 510708.839500886679161, 4998508.237290254794061 ], [ 510678.981839404907078, 4998482.736438269726932 ], [ 510647.830485336889978, 4998458.83316358178854 ], [ 510615.470822378818411, 4998436.592983403243124 ], [ 510581.991546117526013, 4998416.076856524683535 ], [ 510547.484420922177378, 4998397.341016221791506 ], [ 510512.044028424366843, 4998380.436816130764782 ], [ 510475.767508276505396, 4998365.41058949008584 ], [ 510438.754291898745578, 4998352.303522141650319 ], [ 510401.105829944426659, 4998341.151539646089077 ], [ 510362.925314230844378, 4998331.985208812169731 ], [ 510324.317394897690974, 4998324.829653915949166 ], [ 510285.387893568258733, 4998319.704487835988402 ], [ 510246.243513299734332, 4998316.623758296482265 ], [ 510206.991546117526013, 4998315.595909362658858 ], [ 510167.739578935317695, 4998316.623758296482265 ], [ 510128.595198666793294, 4998319.704487835988402 ], [ 510089.665697337361053, 4998324.829653915949166 ], [ 510051.057778004207648, 4998331.985208812169731 ], [ 510012.877262290625367, 4998341.151539646089077 ], [ 509975.228800336306449, 4998352.303522141650319 ], [ 509938.215583958546631, 4998365.41058949008584 ], [ 509901.939063810685184, 4998380.436816130764782 ], [ 509866.498671312874649, 4998397.341016221791506 ], [ 509831.991546117526013, 4998416.076856524683535 ], [ 509798.512269856233615, 4998436.592983403243124 ], [ 509766.152606898162048, 4998458.83316358178854 ], [ 509735.001252830144949, 4998482.736438269726932 ], [ 509705.143591348372865, 4998508.237290254794061 ], [ 509676.661460227624048, 4998535.265823472291231 ], [ 509649.632927009486593, 4998563.747954593971372 ], [ 509624.132075024826918, 4998593.605616074986756 ], [ 509600.228800336306449, 4998624.756970142945647 ], [ 509577.988620158459526, 4998657.11663310136646 ], [ 509557.472493279201444, 4998690.595909362658858 ], [ 509538.736652976251207, 4998725.103034557774663 ], [ 509521.83245288557373, 4998760.543427055701613 ], [ 509506.806226244603749, 4998796.819947203621268 ], [ 509493.699158896168228, 4998833.83316358178854 ], [ 509482.547176400723401, 4998871.481625535525382 ], [ 509473.380845567153301, 4998909.662141249515116 ], [ 509466.225290671165567, 4998948.270060582086444 ], [ 509461.100124591321219, 4998987.199561911635101 ], [ 509458.019395051582251, 4999026.343942180275917 ], [ 509456.991546117526013, 4999065.595909362658858 ], [ 509458.019395051582251, 4999104.8478765450418 ], [ 509461.100124591321219, 4999143.992256813682616 ], [ 509466.225290671165567, 4999182.921758143231273 ], [ 509473.380845567153301, 4999221.5296774758026 ], [ 509482.547176400723401, 4999259.710193189792335 ], [ 509493.699158896168228, 4999297.358655143529177 ], [ 509506.806226244603749, 4999334.371871521696448 ], [ 509521.83245288557373, 4999370.648391669616103 ], [ 509538.736652976251207, 4999406.088784167543054 ], [ 509557.472493279201444, 4999440.595909362658858 ], [ 509577.988620158459526, 4999474.075185623951256 ], [ 509600.228800336306449, 4999506.434848582372069 ], [ 509624.13207502476871, 4999537.586202650330961 ], [ 509649.632927009486593, 4999567.443864131346345 ], [ 509676.661460227624048, 4999595.925995253026485 ], [ 509705.143591348372865, 4999622.954528470523655 ], [ 509735.001252830144949, 4999648.455380455590785 ], [ 509766.152606898162048, 4999672.358655143529177 ], [ 509798.512269856233615, 4999694.598835322074592 ], [ 509831.991546117526013, 4999715.114962200634181 ], [ 509866.498671312874649, 4999733.850802503526211 ], [ 509901.939063810685184, 4999750.755002594552934 ], [ 509938.215583958546631, 4999765.781229235231876 ], [ 509975.228800336306449, 4999778.888296583667397 ], [ 510012.877262290625367, 4999790.04027907922864 ], [ 510051.057778004207648, 4999799.206609913147986 ], [ 510089.665697337361053, 4999806.362164809368551 ], [ 510128.595198666793294, 4999811.487330889329314 ], [ 510167.739578935317695, 4999814.568060428835452 ], [ 510206.991546117526013, 4999815.595909362658858 ], [ 510246.243513299734332, 4999814.568060428835452 ], [ 510285.387893568258733, 4999811.487330889329314 ], [ 510324.317394897690974, 4999806.362164809368551 ], [ 510362.925314230844378, 4999799.206609913147986 ], [ 510401.105829944426659, 4999790.04027907922864 ], [ 510438.754291898745578, 4999778.888296583667397 ], [ 510475.767508276505396, 4999765.781229235231876 ], [ 510512.044028424366843, 4999750.755002594552934 ], [ 510547.484420922177378, 4999733.850802503526211 ], [ 510581.991546117526013, 4999715.114962200634181 ], [ 510615.470822378818411, 4999694.598835322074592 ], [ 510647.830485336889978, 4999672.358655143529177 ], [ 510678.981839404907078, 4999648.455380455590785 ], [ 510708.839500886679161, 4999622.954528470523655 ], [ 510737.321632007427979, 4999595.925995253026485 ], [ 510764.350165225565434, 4999567.443864131346345 ], [ 510789.851017210225109, 4999537.586202650330961 ], [ 510813.754291898745578, 4999506.434848582372069 ], [ 510835.994472076592501, 4999474.075185623951256 ], [ 510856.510598955850583, 4999440.595909362658858 ], [ 510875.24643925880082, 4999406.088784167543054 ], [ 510892.150639349478297, 4999370.648391669616103 ], [ 510907.176865990448277, 4999334.371871521696448 ], [ 510920.283933338883799, 4999297.358655143529177 ], [ 510931.435915834328625, 4999259.710193189792335 ], [ 510940.602246667898726, 4999221.5296774758026 ], [ 510947.75780156388646, 4999182.921758143231273 ], [ 510952.882967643730808, 4999143.992256813682616 ], [ 510955.963697183469776, 4999104.8478765450418 ], [ 510956.991546117526013, 4999065.595909362658858 ] ] ] } },
{ "type": "Feature", "properties": { "site": 13, "transect": 13.3 }, "geometry": { "type": "Polygon", "coordinates": [ [ [ 510841.019901424529962, 4998984.769021216779947 ], [ 510839.992052490473725, 4998945.517054034397006 ], [ 510836.911322950734757, 4998906.37267376575619 ], [ 510831.786156870890409, 4998867.443172436207533 ], [ 510824.630601974902675, 4998828.835253103636205 ], [ 510815.464271141332574, 4998790.654737389646471 ], [ 510804.312288645887747, 4998753.006275435909629 ], [ 510791.205221297452226, 4998715.993059057742357 ], [ 510776.178994656482246, 4998679.716538909822702 ], [ 510759.274794565804768, 4998644.276146411895752 ], [ 510740.538954262854531, 4998609.769021216779947 ], [ 510720.02282738359645, 4998576.289744955487549 ], [ 510697.782647205749527, 4998543.930081997066736 ], [ 510673.879372517229058, 4998512.778727929107845 ], [ 510648.378520532569382, 4998482.921066448092461 ], [ 510621.349987314431928, 4998454.43893532641232 ], [ 510592.86785619368311, 4998427.41040210891515 ], [ 510563.010194711911026, 4998401.909550123848021 ], [ 510531.858840643893927, 4998378.006275435909629 ], [ 510499.49917768582236, 4998355.766095257364213 ], [ 510466.019901424529962, 4998335.249968378804624 ], [ 510431.512776229181327, 4998316.514128075912595 ], [ 510396.072383731370792, 4998299.609927984885871 ], [ 510359.795863583509345, 4998284.583701344206929 ], [ 510322.782647205749527, 4998271.476633995771408 ], [ 510285.134185251430608, 4998260.324651500210166 ], [ 510246.953669537848327, 4998251.15832066629082 ], [ 510208.345750204694923, 4998244.002765770070255 ], [ 510169.416248875262681, 4998238.877599690109491 ], [ 510130.271868606738281, 4998235.796870150603354 ], [ 510091.019901424529962, 4998234.769021216779947 ], [ 510051.767934242321644, 4998235.796870150603354 ], [ 510012.623553973797243, 4998238.877599690109491 ], [ 509973.694052644365001, 4998244.002765770070255 ], [ 509935.086133311211597, 4998251.15832066629082 ], [ 509896.905617597629316, 4998260.324651500210166 ], [ 509859.257155643310398, 4998271.476633995771408 ], [ 509822.24393926555058, 4998284.583701344206929 ], [ 509785.967419117689133, 4998299.609927984885871 ], [ 509750.527026619878598, 4998316.514128075912595 ], [ 509716.019901424529962, 4998335.249968378804624 ], [ 509682.540625163237564, 4998355.766095257364213 ], [ 509650.180962205165997, 4998378.006275435909629 ], [ 509619.029608137148898, 4998401.909550123848021 ], [ 509589.171946655376814, 4998427.41040210891515 ], [ 509560.689815534627996, 4998454.43893532641232 ], [ 509533.661282316490542, 4998482.921066448092461 ], [ 509508.160430331830867, 4998512.778727929107845 ], [ 509484.257155643310398, 4998543.930081997066736 ], [ 509462.016975465463474, 4998576.289744955487549 ], [ 509441.500848586205393, 4998609.769021216779947 ], [ 509422.765008283255156, 4998644.276146411895752 ], [ 509405.860808192577679, 4998679.716538909822702 ], [ 509390.834581551607698, 4998715.993059057742357 ], [ 509377.727514203172177, 4998753.006275435909629 ], [ 509366.57553170772735, 4998790.654737389646471 ], [ 509357.40920087415725, 4998828.835253103636205 ], [ 509350.253645978169516, 4998867.443172436207533 ], [ 509345.128479898325168, 4998906.37267376575619 ], [ 509342.0477503585862, 4998945.517054034397006 ], [ 509341.019901424529962, 4998984.769021216779947 ], [ 509342.0477503585862, 4999024.020988399162889 ], [ 509345.128479898325168, 4999063.165368667803705 ], [ 509350.253645978169516, 4999102.094869997352362 ], [ 509357.40920087415725, 4999140.702789329923689 ], [ 509366.57553170772735, 4999178.883305043913424 ], [ 509377.727514203172177, 4999216.531766997650266 ], [ 509390.834581551607698, 4999253.544983375817537 ], [ 509405.860808192577679, 4999289.821503523737192 ], [ 509422.765008283255156, 4999325.261896021664143 ], [ 509441.500848586205393, 4999359.769021216779947 ], [ 509462.016975465463474, 4999393.248297478072345 ], [ 509484.257155643310398, 4999425.607960436493158 ], [ 509508.160430331772659, 4999456.75931450445205 ], [ 509533.661282316490542, 4999486.616975985467434 ], [ 509560.689815534627996, 4999515.099107107147574 ], [ 509589.171946655376814, 4999542.127640324644744 ], [ 509619.029608137148898, 4999567.628492309711874 ], [ 509650.180962205165997, 4999591.531766997650266 ], [ 509682.540625163237564, 4999613.771947176195681 ], [ 509716.019901424529962, 4999634.28807405475527 ], [ 509750.527026619878598, 4999653.0239143576473 ], [ 509785.967419117689133, 4999669.928114448674023 ], [ 509822.24393926555058, 4999684.954341089352965 ], [ 509859.257155643310398, 4999698.061408437788486 ], [ 509896.905617597629316, 4999709.213390933349729 ], [ 509935.086133311211597, 4999718.379721767269075 ], [ 509973.694052644365001, 4999725.53527666348964 ], [ 510012.623553973797243, 4999730.660442743450403 ], [ 510051.767934242321644, 4999733.741172282956541 ], [ 510091.019901424529962, 4999734.769021216779947 ], [ 510130.271868606738281, 4999733.741172282956541 ], [ 510169.416248875262681, 4999730.660442743450403 ], [ 510208.345750204694923, 4999725.53527666348964 ], [ 510246.953669537848327, 4999718.379721767269075 ], [ 510285.134185251430608, 4999709.213390933349729 ], [ 510322.782647205749527, 4999698.061408437788486 ], [ 510359.795863583509345, 4999684.954341089352965 ], [ 510396.072383731370792, 4999669.928114448674023 ], [ 510431.512776229181327, 4999653.0239143576473 ], [ 510466.019901424529962, 4999634.28807405475527 ], [ 510499.49917768582236, 4999613.771947176195681 ], [ 510531.858840643893927, 4999591.531766997650266 ], [ 510563.010194711911026, 4999567.628492309711874 ], [ 510592.86785619368311, 4999542.127640324644744 ], [ 510621.349987314431928, 4999515.099107107147574 ], [ 510648.378520532569382, 4999486.616975985467434 ], [ 510673.879372517229058, 4999456.75931450445205 ], [ 510697.782647205749527, 4999425.607960436493158 ], [ 510720.02282738359645, 4999393.248297478072345 ], [ 510740.538954262854531, 4999359.769021216779947 ], [ 510759.274794565804768, 4999325.261896021664143 ], [ 510776.178994656482246, 4999289.821503523737192 ], [ 510791.205221297452226, 4999253.544983375817537 ], [ 510804.312288645887747, 4999216.531766997650266 ], [ 510815.464271141332574, 4999178.883305043913424 ], [ 510824.630601974902675, 4999140.702789329923689 ], [ 510831.786156870890409, 4999102.094869997352362 ], [ 510836.911322950734757, 4999063.165368667803705 ], [ 510839.992052490473725, 4999024.020988399162889 ], [ 510841.019901424529962, 4998984.769021216779947 ] ] ] } },
{ "type": "Feature", "properties": { "site": 14, "transect": 14.1 }, "geometry": { "type": "Polygon", "coordinates": [ [ [ 449563.112835026287939, 5004211.500371019355953 ], [ 449562.084986092231702, 5004172.248403836973011 ], [ 449559.004256552492734, 5004133.104023568332195 ], [ 449553.879090472648386, 5004094.174522238783538 ], [ 449546.723535576660652, 5004055.566602906212211 ], [ 449537.557204743090551, 5004017.386087192222476 ], [ 449526.405222247645725, 5003979.737625238485634 ], [ 449513.298154899210203, 5003942.724408860318363 ], [ 449498.271928258240223, 5003906.447888712398708 ], [ 449481.367728167562746, 5003871.007496214471757 ], [ 449462.631887864612509, 5003836.500371019355953 ], [ 449442.115760985354427, 5003803.021094758063555 ], [ 449419.875580807507504, 5003770.661431799642742 ], [ 449395.972306119045243, 5003739.51007773168385 ], [ 449370.471454134327359, 5003709.652416250668466 ], [ 449343.442920916189905, 5003681.170285128988326 ], [ 449314.960789795441087, 5003654.141751911491156 ], [ 449285.103128313669004, 5003628.640899926424026 ], [ 449253.951774245651904, 5003604.737625238485634 ], [ 449221.592111287580337, 5003582.497445059940219 ], [ 449188.112835026287939, 5003561.98131818138063 ], [ 449153.605709830939304, 5003543.2454778784886 ], [ 449118.165317333128769, 5003526.341277787461877 ], [ 449081.888797185267322, 5003511.315051146782935 ], [ 449044.875580807507504, 5003498.207983798347414 ], [ 449007.227118853188585, 5003487.056001302786171 ], [ 448969.046603139606304, 5003477.889670468866825 ], [ 448930.4386838064529, 5003470.73411557264626 ], [ 448891.509182477020659, 5003465.608949492685497 ], [ 448852.364802208496258, 5003462.528219953179359 ], [ 448813.112835026287939, 5003461.500371019355953 ], [ 448773.860867844079621, 5003462.528219953179359 ], [ 448734.71648757555522, 5003465.608949492685497 ], [ 448695.786986246122979, 5003470.73411557264626 ], [ 448657.179066912969574, 5003477.889670468866825 ], [ 448618.998551199387293, 5003487.056001302786171 ], [ 448581.350089245068375, 5003498.207983798347414 ], [ 448544.336872867308557, 5003511.315051146782935 ], [ 448508.06035271944711, 5003526.341277787461877 ], [ 448472.619960221636575, 5003543.2454778784886 ], [ 448438.112835026287939, 5003561.98131818138063 ], [ 448404.633558764995541, 5003582.497445059940219 ], [ 448372.273895806923974, 5003604.737625238485634 ], [ 448341.122541738906875, 5003628.640899926424026 ], [ 448311.264880257134791, 5003654.141751911491156 ], [ 448282.782749136385974, 5003681.170285128988326 ], [ 448255.754215918248519, 5003709.652416250668466 ], [ 448230.253363933588844, 5003739.51007773168385 ], [ 448206.350089245068375, 5003770.661431799642742 ], [ 448184.109909067221452, 5003803.021094758063555 ], [ 448163.59378218796337, 5003836.500371019355953 ], [ 448144.857941885013133, 5003871.007496214471757 ], [ 448127.953741794335656, 5003906.447888712398708 ], [ 448112.927515153365675, 5003942.724408860318363 ], [ 448099.820447804930154, 5003979.737625238485634 ], [ 448088.668465309485327, 5004017.386087192222476 ], [ 448079.502134475915227, 5004055.566602906212211 ], [ 448072.346579579927493, 5004094.174522238783538 ], [ 448067.221413500083145, 5004133.104023568332195 ], [ 448064.140683960344177, 5004172.248403836973011 ], [ 448063.112835026287939, 5004211.500371019355953 ], [ 448064.140683960344177, 5004250.752338201738894 ], [ 448067.221413500083145, 5004289.89671847037971 ], [ 448072.346579579927493, 5004328.826219799928367 ], [ 448079.502134475915227, 5004367.434139132499695 ], [ 448088.668465309485327, 5004405.614654846489429 ], [ 448099.820447804930154, 5004443.263116800226271 ], [ 448112.927515153365675, 5004480.276333178393543 ], [ 448127.953741794335656, 5004516.552853326313198 ], [ 448144.857941885013133, 5004551.993245824240148 ], [ 448163.59378218796337, 5004586.500371019355953 ], [ 448184.109909067221452, 5004619.979647280648351 ], [ 448206.350089245068375, 5004652.339310239069164 ], [ 448230.253363933530636, 5004683.490664307028055 ], [ 448255.754215918248519, 5004713.348325788043439 ], [ 448282.782749136385974, 5004741.83045690972358 ], [ 448311.264880257134791, 5004768.85899012722075 ], [ 448341.122541738906875, 5004794.359842112287879 ], [ 448372.273895806923974, 5004818.263116800226271 ], [ 448404.633558764995541, 5004840.503296978771687 ], [ 448438.112835026287939, 5004861.019423857331276 ], [ 448472.619960221636575, 5004879.755264160223305 ], [ 448508.06035271944711, 5004896.659464251250029 ], [ 448544.336872867308557, 5004911.685690891928971 ], [ 448581.350089245068375, 5004924.792758240364492 ], [ 448618.998551199387293, 5004935.944740735925734 ], [ 448657.179066912969574, 5004945.11107156984508 ], [ 448695.786986246122979, 5004952.266626466065645 ], [ 448734.71648757555522, 5004957.391792546026409 ], [ 448773.860867844079621, 5004960.472522085532546 ], [ 448813.112835026287939, 5004961.500371019355953 ], [ 448852.364802208496258, 5004960.472522085532546 ], [ 448891.509182477020659, 5004957.391792546026409 ], [ 448930.4386838064529, 5004952.266626466065645 ], [ 448969.046603139606304, 5004945.11107156984508 ], [ 449007.227118853188585, 5004935.944740735925734 ], [ 449044.875580807507504, 5004924.792758240364492 ], [ 449081.888797185267322, 5004911.685690891928971 ], [ 449118.165317333128769, 5004896.659464251250029 ], [ 449153.605709830939304, 5004879.755264160223305 ], [ 449188.112835026287939, 5004861.019423857331276 ], [ 449221.592111287580337, 5004840.503296978771687 ], [ 449253.951774245651904, 5004818.263116800226271 ], [ 449285.103128313669004, 5004794.359842112287879 ], [ 449314.960789795441087, 5004768.85899012722075 ], [ 449343.442920916189905, 5004741.83045690972358 ], [ 449370.471454134327359, 5004713.348325788043439 ], [ 449395.972306118987035, 5004683.490664307028055 ], [ 449419.875580807507504, 5004652.339310239069164 ], [ 449442.115760985354427, 5004619.979647280648351 ], [ 449462.631887864612509, 5004586.500371019355953 ], [ 449481.367728167562746, 5004551.993245824240148 ], [ 449498.271928258240223, 5004516.552853326313198 ], [ 449513.298154899210203, 5004480.276333178393543 ], [ 449526.405222247645725, 5004443.263116800226271 ], [ 449537.557204743090551, 5004405.614654846489429 ], [ 449546.723535576660652, 5004367.434139132499695 ], [ 449553.879090472648386, 5004328.826219799928367 ], [ 449559.004256552492734, 5004289.89671847037971 ], [ 449562.084986092231702, 5004250.752338201738894 ], [ 449563.112835026287939, 5004211.500371019355953 ] ] ] } },
{ "type": "Feature", "properties": { "site": 14, "transect": 14.2 }, "geometry": { "type": "Polygon", "coordinates": [ [ [ 449012.055950493144337, 5004155.494160602800548 ], [ 449011.0281015590881, 5004116.242193420417607 ], [ 449007.947372019349132, 5004077.097813151776791 ], [ 449002.822205939504784, 5004038.168311822228134 ], [ 448995.666651043517049, 5003999.560392489656806 ], [ 448986.500320209946949, 5003961.379876775667071 ], [ 448975.348337714502122, 5003923.73141482193023 ], [ 448962.241270366066601, 5003886.718198443762958 ], [ 448947.215043725096621, 5003850.441678295843303 ], [ 448930.310843634419143, 5003815.001285797916353 ], [ 448911.575003331468906, 5003780.494160602800548 ], [ 448891.058876452210825, 5003747.01488434150815 ], [ 448868.818696274363901, 5003714.655221383087337 ], [ 448844.91542158590164, 5003683.503867315128446 ], [ 448819.414569601183757, 5003653.646205834113061 ], [ 448792.386036383046303, 5003625.164074712432921 ], [ 448763.903905262297485, 5003598.135541494935751 ], [ 448734.046243780525401, 5003572.634689509868622 ], [ 448702.894889712508302, 5003548.73141482193023 ], [ 448670.535226754436735, 5003526.491234643384814 ], [ 448637.055950493144337, 5003505.975107764825225 ], [ 448602.548825297795702, 5003487.239267461933196 ], [ 448567.108432799985167, 5003470.335067370906472 ], [ 448530.831912652123719, 5003455.30884073022753 ], [ 448493.818696274363901, 5003442.201773381792009 ], [ 448456.170234320044983, 5003431.049790886230767 ], [ 448417.989718606462702, 5003421.88346005231142 ], [ 448379.381799273309298, 5003414.727905156090856 ], [ 448340.452297943877056, 5003409.602739076130092 ], [ 448301.307917675352655, 5003406.522009536623955 ], [ 448262.055950493144337, 5003405.494160602800548 ], [ 448222.803983310936019, 5003406.522009536623955 ], [ 448183.659603042411618, 5003409.602739076130092 ], [ 448144.730101712979376, 5003414.727905156090856 ], [ 448106.122182379825972, 5003421.88346005231142 ], [ 448067.941666666243691, 5003431.049790886230767 ], [ 448030.293204711924773, 5003442.201773381792009 ], [ 447993.279988334164955, 5003455.30884073022753 ], [ 447957.003468186303508, 5003470.335067370906472 ], [ 447921.563075688492972, 5003487.239267461933196 ], [ 447887.055950493144337, 5003505.975107764825225 ], [ 447853.576674231851939, 5003526.491234643384814 ], [ 447821.217011273780372, 5003548.73141482193023 ], [ 447790.065657205763273, 5003572.634689509868622 ], [ 447760.207995723991189, 5003598.135541494935751 ], [ 447731.725864603242371, 5003625.164074712432921 ], [ 447704.697331385104917, 5003653.646205834113061 ], [ 447679.196479400445241, 5003683.503867315128446 ], [ 447655.293204711924773, 5003714.655221383087337 ], [ 447633.053024534077849, 5003747.01488434150815 ], [ 447612.536897654819768, 5003780.494160602800548 ], [ 447593.801057351869531, 5003815.001285797916353 ], [ 447576.896857261192054, 5003850.441678295843303 ], [ 447561.870630620222073, 5003886.718198443762958 ], [ 447548.763563271786552, 5003923.73141482193023 ], [ 447537.611580776341725, 5003961.379876775667071 ], [ 447528.445249942771625, 5003999.560392489656806 ], [ 447521.289695046783891, 5004038.168311822228134 ], [ 447516.164528966939542, 5004077.097813151776791 ], [ 447513.083799427200574, 5004116.242193420417607 ], [ 447512.055950493144337, 5004155.494160602800548 ], [ 447513.083799427200574, 5004194.746127785183489 ], [ 447516.164528966939542, 5004233.890508053824306 ], [ 447521.289695046783891, 5004272.820009383372962 ], [ 447528.445249942771625, 5004311.42792871594429 ], [ 447537.611580776341725, 5004349.608444429934025 ], [ 447548.763563271786552, 5004387.256906383670866 ], [ 447561.870630620222073, 5004424.270122761838138 ], [ 447576.896857261192054, 5004460.546642909757793 ], [ 447593.801057351869531, 5004495.987035407684743 ], [ 447612.536897654819768, 5004530.494160602800548 ], [ 447633.053024534077849, 5004563.973436864092946 ], [ 447655.293204711924773, 5004596.333099822513759 ], [ 447679.196479400387034, 5004627.484453890472651 ], [ 447704.697331385104917, 5004657.342115371488035 ], [ 447731.725864603242371, 5004685.824246493168175 ], [ 447760.207995723991189, 5004712.852779710665345 ], [ 447790.065657205763273, 5004738.353631695732474 ], [ 447821.217011273780372, 5004762.256906383670866 ], [ 447853.576674231851939, 5004784.497086562216282 ], [ 447887.055950493144337, 5004805.013213440775871 ], [ 447921.563075688492972, 5004823.749053743667901 ], [ 447957.003468186303508, 5004840.653253834694624 ], [ 447993.279988334164955, 5004855.679480475373566 ], [ 448030.293204711924773, 5004868.786547823809087 ], [ 448067.941666666243691, 5004879.938530319370329 ], [ 448106.122182379825972, 5004889.104861153289676 ], [ 448144.730101712979376, 5004896.260416049510241 ], [ 448183.659603042411618, 5004901.385582129471004 ], [ 448222.803983310936019, 5004904.466311668977141 ], [ 448262.055950493144337, 5004905.494160602800548 ], [ 448301.307917675352655, 5004904.466311668977141 ], [ 448340.452297943877056, 5004901.385582129471004 ], [ 448379.381799273309298, 5004896.260416049510241 ], [ 448417.989718606462702, 5004889.104861153289676 ], [ 448456.170234320044983, 5004879.938530319370329 ], [ 448493.818696274363901, 5004868.786547823809087 ], [ 448530.831912652123719, 5004855.679480475373566 ], [ 448567.108432799985167, 5004840.653253834694624 ], [ 448602.548825297795702, 5004823.749053743667901 ], [ 448637.055950493144337, 5004805.013213440775871 ], [ 448670.535226754436735, 5004784.497086562216282 ], [ 448702.894889712508302, 5004762.256906383670866 ], [ 448734.046243780525401, 5004738.353631695732474 ], [ 448763.903905262297485, 5004712.852779710665345 ], [ 448792.386036383046303, 5004685.824246493168175 ], [ 448819.414569601183757, 5004657.342115371488035 ], [ 448844.915421585843433, 5004627.484453890472651 ], [ 448868.818696274363901, 5004596.333099822513759 ], [ 448891.058876452210825, 5004563.973436864092946 ], [ 448911.575003331468906, 5004530.494160602800548 ], [ 448930.310843634419143, 5004495.987035407684743 ], [ 448947.215043725096621, 5004460.546642909757793 ], [ 448962.241270366066601, 5004424.270122761838138 ], [ 448975.348337714502122, 5004387.256906383670866 ], [ 448986.500320209946949, 5004349.608444429934025 ], [ 448995.666651043517049, 5004311.42792871594429 ], [ 449002.822205939504784, 5004272.820009383372962 ], [ 449007.947372019349132, 5004233.890508053824306 ], [ 449011.0281015590881, 5004194.746127785183489 ], [ 449012.055950493144337, 5004155.494160602800548 ] ] ] } },
{ "type": "Feature", "properties": { "site": 14, "transect": 14.3 }, "geometry": { "type": "Polygon", "coordinates": [ [ [ 450003.886148936289828, 5004470.808536314405501 ], [ 450002.858300002233591, 5004431.55656913202256 ], [ 449999.777570462494623, 5004392.412188863381743 ], [ 449994.652404382650275, 5004353.482687533833086 ], [ 449987.496849486662541, 5004314.874768201261759 ], [ 449978.33051865309244, 5004276.694252487272024 ], [ 449967.178536157647613, 5004239.045790533535182 ], [ 449954.071468809212092, 5004202.032574155367911 ], [ 449939.045242168242112, 5004165.756054007448256 ], [ 449922.141042077564634, 5004130.315661509521306 ], [ 449903.405201774614397, 5004095.808536314405501 ], [ 449882.889074895356316, 5004062.329260053113103 ], [ 449860.648894717509393, 5004029.96959709469229 ], [ 449836.745620029047132, 5003998.818243026733398 ], [ 449811.244768044329248, 5003968.960581545718014 ], [ 449784.216234826191794, 5003940.478450424037874 ], [ 449755.734103705442976, 5003913.449917206540704 ], [ 449725.876442223670892, 5003887.949065221473575 ], [ 449694.725088155653793, 5003864.045790533535182 ], [ 449662.365425197582226, 5003841.805610354989767 ], [ 449628.886148936289828, 5003821.289483476430178 ], [ 449594.379023740941193, 5003802.553643173538148 ], [ 449558.938631243130658, 5003785.649443082511425 ], [ 449522.662111095269211, 5003770.623216441832483 ], [ 449485.648894717509393, 5003757.516149093396962 ], [ 449448.000432763190474, 5003746.36416659783572 ], [ 449409.819917049608193, 5003737.197835763916373 ], [ 449371.211997716454789, 5003730.042280867695808 ], [ 449332.282496387022547, 5003724.917114787735045 ], [ 449293.138116118498147, 5003721.836385248228908 ], [ 449253.886148936289828, 5003720.808536314405501 ], [ 449214.63418175408151, 5003721.836385248228908 ], [ 449175.489801485557109, 5003724.917114787735045 ], [ 449136.560300156124867, 5003730.042280867695808 ], [ 449097.952380822971463, 5003737.197835763916373 ], [ 449059.771865109389182, 5003746.36416659783572 ], [ 449022.123403155070264, 5003757.516149093396962 ], [ 448985.110186777310446, 5003770.623216441832483 ], [ 448948.833666629448999, 5003785.649443082511425 ], [ 448913.393274131638464, 5003802.553643173538148 ], [ 448878.886148936289828, 5003821.289483476430178 ], [ 448845.40687267499743, 5003841.805610354989767 ], [ 448813.047209716925863, 5003864.045790533535182 ], [ 448781.895855648908764, 5003887.949065221473575 ], [ 448752.03819416713668, 5003913.449917206540704 ], [ 448723.556063046387862, 5003940.478450424037874 ], [ 448696.527529828250408, 5003968.960581545718014 ], [ 448671.026677843590733, 5003998.818243026733398 ], [ 448647.123403155070264, 5004029.96959709469229 ], [ 448624.88322297722334, 5004062.329260053113103 ], [ 448604.367096097965259, 5004095.808536314405501 ], [ 448585.631255795015022, 5004130.315661509521306 ], [ 448568.727055704337545, 5004165.756054007448256 ], [ 448553.700829063367564, 5004202.032574155367911 ], [ 448540.593761714932043, 5004239.045790533535182 ], [ 448529.441779219487216, 5004276.694252487272024 ], [ 448520.275448385917116, 5004314.874768201261759 ], [ 448513.119893489929382, 5004353.482687533833086 ], [ 448507.994727410085034, 5004392.412188863381743 ], [ 448504.913997870346066, 5004431.55656913202256 ], [ 448503.886148936289828, 5004470.808536314405501 ], [ 448504.913997870346066, 5004510.060503496788442 ], [ 448507.994727410085034, 5004549.204883765429258 ], [ 448513.119893489929382, 5004588.134385094977915 ], [ 448520.275448385917116, 5004626.742304427549243 ], [ 448529.441779219487216, 5004664.922820141538978 ], [ 448540.593761714932043, 5004702.571282095275819 ], [ 448553.700829063367564, 5004739.584498473443091 ], [ 448568.727055704337545, 5004775.861018621362746 ], [ 448585.631255795015022, 5004811.301411119289696 ], [ 448604.367096097965259, 5004845.808536314405501 ], [ 448624.88322297722334, 5004879.287812575697899 ], [ 448647.123403155070264, 5004911.647475534118712 ], [ 448671.026677843532525, 5004942.798829602077603 ], [ 448696.527529828250408, 5004972.656491083092988 ], [ 448723.556063046387862, 5005001.138622204773128 ], [ 448752.03819416713668, 5005028.167155422270298 ], [ 448781.895855648908764, 5005053.668007407337427 ], [ 448813.047209716925863, 5005077.571282095275819 ], [ 448845.40687267499743, 5005099.811462273821235 ], [ 448878.886148936289828, 5005120.327589152380824 ], [ 448913.393274131638464, 5005139.063429455272853 ], [ 448948.833666629448999, 5005155.967629546299577 ], [ 448985.110186777310446, 5005170.993856186978519 ], [ 449022.123403155070264, 5005184.10092353541404 ], [ 449059.771865109389182, 5005195.252906030975282 ], [ 449097.952380822971463, 5005204.419236864894629 ], [ 449136.560300156124867, 5005211.574791761115193 ], [ 449175.489801485557109, 5005216.699957841075957 ], [ 449214.63418175408151, 5005219.780687380582094 ], [ 449253.886148936289828, 5005220.808536314405501 ], [ 449293.138116118498147, 5005219.780687380582094 ], [ 449332.282496387022547, 5005216.699957841075957 ], [ 449371.211997716454789, 5005211.574791761115193 ], [ 449409.819917049608193, 5005204.419236864894629 ], [ 449448.000432763190474, 5005195.252906030975282 ], [ 449485.648894717509393, 5005184.10092353541404 ], [ 449522.662111095269211, 5005170.993856186978519 ], [ 449558.938631243130658, 5005155.967629546299577 ], [ 449594.379023740941193, 5005139.063429455272853 ], [ 449628.886148936289828, 5005120.327589152380824 ], [ 449662.365425197582226, 5005099.811462273821235 ], [ 449694.725088155653793, 5005077.571282095275819 ], [ 449725.876442223670892, 5005053.668007407337427 ], [ 449755.734103705442976, 5005028.167155422270298 ], [ 449784.216234826191794, 5005001.138622204773128 ], [ 449811.244768044329248, 5004972.656491083092988 ], [ 449836.745620028988924, 5004942.798829602077603 ], [ 449860.648894717509393, 5004911.647475534118712 ], [ 449882.889074895356316, 5004879.287812575697899 ], [ 449903.405201774614397, 5004845.808536314405501 ], [ 449922.141042077564634, 5004811.301411119289696 ], [ 449939.045242168242112, 5004775.861018621362746 ], [ 449954.071468809212092, 5004739.584498473443091 ], [ 449967.178536157647613, 5004702.571282095275819 ], [ 449978.33051865309244, 5004664.922820141538978 ], [ 449987.496849486662541, 5004626.742304427549243 ], [ 449994.652404382650275, 5004588.134385094977915 ], [ 449999.777570462494623, 5004549.204883765429258 ], [ 450002.858300002233591, 5004510.060503496788442 ], [ 450003.886148936289828, 5004470.808536314405501 ] ] ] } },
{ "type": "Feature", "properties": { "site": 14, "transect": 14.4 }, "geometry": { "type": "Polygon", "coordinates": [ [ [ 449282.502366331522353, 5004237.370211380533874 ], [ 449281.474517397466116, 5004198.118244198150933 ], [ 449278.393787857727148, 5004158.973863929510117 ], [ 449273.2686217778828, 5004120.04436259996146 ], [ 449266.113066881895065, 5004081.436443267390132 ], [ 449256.946736048324965, 5004043.255927553400397 ], [ 449245.794753552880138, 5004005.607465599663556 ], [ 449232.687686204444617, 5003968.594249221496284 ], [ 449217.661459563474637, 5003932.317729073576629 ], [ 449200.757259472797159, 5003896.877336575649679 ], [ 449182.021419169846922, 5003862.370211380533874 ], [ 449161.505292290588841, 5003828.890935119241476 ], [ 449139.265112112741917, 5003796.531272160820663 ], [ 449115.361837424221449, 5003765.379918092861772 ], [ 449089.860985439561773, 5003735.522256611846387 ], [ 449062.832452221424319, 5003707.040125490166247 ], [ 449034.350321100675501, 5003680.011592272669077 ], [ 449004.492659618903417, 5003654.510740287601948 ], [ 448973.341305550886318, 5003630.607465599663556 ], [ 448940.981642592814751, 5003608.36728542111814 ], [ 448907.502366331522353, 5003587.851158542558551 ], [ 448872.995241136173718, 5003569.115318239666522 ], [ 448837.554848638363183, 5003552.211118148639798 ], [ 448801.278328490501735, 5003537.184891507960856 ], [ 448764.265112112741917, 5003524.077824159525335 ], [ 448726.616650158422999, 5003512.925841663964093 ], [ 448688.436134444840718, 5003503.759510830044746 ], [ 448649.828215111687314, 5003496.603955933824182 ], [ 448610.898713782255072, 5003491.478789853863418 ], [ 448571.754333513730671, 5003488.398060314357281 ], [ 448532.502366331522353, 5003487.370211380533874 ], [ 448493.250399149314035, 5003488.398060314357281 ], [ 448454.106018880789634, 5003491.478789853863418 ], [ 448415.176517551357392, 5003496.603955933824182 ], [ 448376.568598218203988, 5003503.759510830044746 ], [ 448338.388082504621707, 5003512.925841663964093 ], [ 448300.739620550302789, 5003524.077824159525335 ], [ 448263.726404172542971, 5003537.184891507960856 ], [ 448227.449884024681523, 5003552.211118148639798 ], [ 448192.009491526870988, 5003569.115318239666522 ], [ 448157.502366331522353, 5003587.851158542558551 ], [ 448124.023090070229955, 5003608.36728542111814 ], [ 448091.663427112158388, 5003630.607465599663556 ], [ 448060.512073044141289, 5003654.510740287601948 ], [ 448030.654411562369205, 5003680.011592272669077 ], [ 448002.172280441620387, 5003707.040125490166247 ], [ 447975.143747223482933, 5003735.522256611846387 ], [ 447949.642895238823257, 5003765.379918092861772 ], [ 447925.739620550302789, 5003796.531272160820663 ], [ 447903.499440372455865, 5003828.890935119241476 ], [ 447882.983313493197784, 5003862.370211380533874 ], [ 447864.247473190247547, 5003896.877336575649679 ], [ 447847.343273099570069, 5003932.317729073576629 ], [ 447832.317046458600089, 5003968.594249221496284 ], [ 447819.209979110164568, 5004005.607465599663556 ], [ 447808.057996614719741, 5004043.255927553400397 ], [ 447798.891665781149641, 5004081.436443267390132 ], [ 447791.736110885161906, 5004120.04436259996146 ], [ 447786.610944805317558, 5004158.973863929510117 ], [ 447783.53021526557859, 5004198.118244198150933 ], [ 447782.502366331522353, 5004237.370211380533874 ], [ 447783.53021526557859, 5004276.622178562916815 ], [ 447786.610944805317558, 5004315.766558831557631 ], [ 447791.736110885161906, 5004354.696060161106288 ], [ 447798.891665781149641, 5004393.303979493677616 ], [ 447808.057996614719741, 5004431.484495207667351 ], [ 447819.209979110164568, 5004469.132957161404192 ], [ 447832.317046458600089, 5004506.146173539571464 ], [ 447847.343273099570069, 5004542.422693687491119 ], [ 447864.247473190247547, 5004577.863086185418069 ], [ 447882.983313493197784, 5004612.370211380533874 ], [ 447903.499440372455865, 5004645.849487641826272 ], [ 447925.739620550302789, 5004678.209150600247085 ], [ 447949.64289523876505, 5004709.360504668205976 ], [ 447975.143747223482933, 5004739.218166149221361 ], [ 448002.172280441620387, 5004767.700297270901501 ], [ 448030.654411562369205, 5004794.728830488398671 ], [ 448060.512073044141289, 5004820.2296824734658 ], [ 448091.663427112158388, 5004844.132957161404192 ], [ 448124.023090070229955, 5004866.373137339949608 ], [ 448157.502366331522353, 5004886.889264218509197 ], [ 448192.009491526870988, 5004905.625104521401227 ], [ 448227.449884024681523, 5004922.52930461242795 ], [ 448263.726404172542971, 5004937.555531253106892 ], [ 448300.739620550302789, 5004950.662598601542413 ], [ 448338.388082504621707, 5004961.814581097103655 ], [ 448376.568598218203988, 5004970.980911931023002 ], [ 448415.176517551357392, 5004978.136466827243567 ], [ 448454.106018880789634, 5004983.26163290720433 ], [ 448493.250399149314035, 5004986.342362446710467 ], [ 448532.502366331522353, 5004987.370211380533874 ], [ 448571.754333513730671, 5004986.342362446710467 ], [ 448610.898713782255072, 5004983.26163290720433 ], [ 448649.828215111687314, 5004978.136466827243567 ], [ 448688.436134444840718, 5004970.980911931023002 ], [ 448726.616650158422999, 5004961.814581097103655 ], [ 448764.265112112741917, 5004950.662598601542413 ], [ 448801.278328490501735, 5004937.555531253106892 ], [ 448837.554848638363183, 5004922.52930461242795 ], [ 448872.995241136173718, 5004905.625104521401227 ], [ 448907.502366331522353, 5004886.889264218509197 ], [ 448940.981642592814751, 5004866.373137339949608 ], [ 448973.341305550886318, 5004844.132957161404192 ], [ 449004.492659618903417, 5004820.2296824734658 ], [ 449034.350321100675501, 5004794.728830488398671 ], [ 449062.832452221424319, 5004767.700297270901501 ], [ 449089.860985439561773, 5004739.218166149221361 ], [ 449115.361837424221449, 5004709.360504668205976 ], [ 449139.265112112741917, 5004678.209150600247085 ], [ 449161.505292290588841, 5004645.849487641826272 ], [ 449182.021419169846922, 5004612.370211380533874 ], [ 449200.757259472797159, 5004577.863086185418069 ], [ 449217.661459563474637, 5004542.422693687491119 ], [ 449232.687686204444617, 5004506.146173539571464 ], [ 449245.794753552880138, 5004469.132957161404192 ], [ 449256.946736048324965, 5004431.484495207667351 ], [ 449266.113066881895065, 5004393.303979493677616 ], [ 449273.2686217778828, 5004354.696060161106288 ], [ 449278.393787857727148, 5004315.766558831557631 ], [ 449281.474517397466116, 5004276.622178562916815 ], [ 449282.502366331522353, 5004237.370211380533874 ] ] ] } },
{ "type": "Feature", "properties": { "site": 15, "transect": 15.1 }, "geometry": { "type": "Polygon", "coordinates": [ [ [ 347822.82781097793486, 5031923.533160698600113 ], [ 347821.799962043878622, 5031884.281193516217172 ], [ 347818.719232504139654, 5031845.136813247576356 ], [ 347813.594066424295306, 5031806.207311918027699 ], [ 347806.438511528307572, 5031767.599392585456371 ], [ 347797.272180694737472, 5031729.418876871466637 ], [ 347786.120198199292645, 5031691.770414917729795 ], [ 347773.013130850857124, 5031654.757198539562523 ], [ 347757.986904209887143, 5031618.480678391642869 ], [ 347741.082704119209666, 5031583.040285893715918 ], [ 347722.346863816259429, 5031548.533160698600113 ], [ 347701.830736937001348, 5031515.053884437307715 ], [ 347679.590556759154424, 5031482.694221478886902 ], [ 347655.687282070633955, 5031451.542867410928011 ], [ 347630.18643008597428, 5031421.685205929912627 ], [ 347603.157896867836826, 5031393.203074808232486 ], [ 347574.675765747088008, 5031366.174541590735316 ], [ 347544.818104265315924, 5031340.673689605668187 ], [ 347513.666750197298825, 5031316.770414917729795 ], [ 347481.307087239227258, 5031294.53023473918438 ], [ 347447.82781097793486, 5031274.01410786062479 ], [ 347413.320685782586224, 5031255.278267557732761 ], [ 347377.880293284775689, 5031238.374067466706038 ], [ 347341.603773136914242, 5031223.347840826027095 ], [ 347304.590556759154424, 5031210.240773477591574 ], [ 347266.942094804835506, 5031199.088790982030332 ], [ 347228.761579091253225, 5031189.922460148110986 ], [ 347190.15365975809982, 5031182.766905251890421 ], [ 347151.224158428667579, 5031177.641739171929657 ], [ 347112.079778160143178, 5031174.56100963242352 ], [ 347072.82781097793486, 5031173.533160698600113 ], [ 347033.575843795726541, 5031174.56100963242352 ], [ 346994.431463527202141, 5031177.641739171929657 ], [ 346955.501962197769899, 5031182.766905251890421 ], [ 346916.894042864616495, 5031189.922460148110986 ], [ 346878.713527151034214, 5031199.088790982030332 ], [ 346841.065065196715295, 5031210.240773477591574 ], [ 346804.051848818955477, 5031223.347840826027095 ], [ 346767.77532867109403, 5031238.374067466706038 ], [ 346732.334936173283495, 5031255.278267557732761 ], [ 346697.82781097793486, 5031274.01410786062479 ], [ 346664.348534716642462, 5031294.53023473918438 ], [ 346631.988871758570895, 5031316.770414917729795 ], [ 346600.837517690553796, 5031340.673689605668187 ], [ 346570.979856208781712, 5031366.174541590735316 ], [ 346542.497725088032894, 5031393.203074808232486 ], [ 346515.46919186989544, 5031421.685205929912627 ], [ 346489.968339885235764, 5031451.542867410928011 ], [ 346466.065065196715295, 5031482.694221478886902 ], [ 346443.824885018868372, 5031515.053884437307715 ], [ 346423.308758139610291, 5031548.533160698600113 ], [ 346404.572917836660054, 5031583.040285893715918 ], [ 346387.668717745982576, 5031618.480678391642869 ], [ 346372.642491105012596, 5031654.757198539562523 ], [ 346359.535423756577075, 5031691.770414917729795 ], [ 346348.383441261132248, 5031729.418876871466637 ], [ 346339.217110427562147, 5031767.599392585456371 ], [ 346332.061555531574413, 5031806.207311918027699 ], [ 346326.936389451730065, 5031845.136813247576356 ], [ 346323.855659911991097, 5031884.281193516217172 ], [ 346322.82781097793486, 5031923.533160698600113 ], [ 346323.855659911991097, 5031962.785127880983055 ], [ 346326.936389451730065, 5032001.929508149623871 ], [ 346332.061555531574413, 5032040.859009479172528 ], [ 346339.217110427562147, 5032079.466928811743855 ], [ 346348.383441261132248, 5032117.64744452573359 ], [ 346359.535423756577075, 5032155.295906479470432 ], [ 346372.642491105012596, 5032192.309122857637703 ], [ 346387.668717745982576, 5032228.585643005557358 ], [ 346404.572917836660054, 5032264.026035503484309 ], [ 346423.308758139610291, 5032298.533160698600113 ], [ 346443.824885018868372, 5032332.012436959892511 ], [ 346466.065065196715295, 5032364.372099918313324 ], [ 346489.968339885177556, 5032395.523453986272216 ], [ 346515.46919186989544, 5032425.3811154672876 ], [ 346542.497725088032894, 5032453.863246588967741 ], [ 346570.979856208781712, 5032480.891779806464911 ], [ 346600.837517690553796, 5032506.39263179153204 ], [ 346631.988871758570895, 5032530.295906479470432 ], [ 346664.348534716642462, 5032552.536086658015847 ], [ 346697.82781097793486, 5032573.052213536575437 ], [ 346732.334936173283495, 5032591.788053839467466 ], [ 346767.77532867109403, 5032608.692253930494189 ], [ 346804.051848818955477, 5032623.718480571173131 ], [ 346841.065065196715295, 5032636.825547919608653 ], [ 346878.713527151034214, 5032647.977530415169895 ], [ 346916.894042864616495, 5032657.143861249089241 ], [ 346955.501962197769899, 5032664.299416145309806 ], [ 346994.431463527202141, 5032669.424582225270569 ], [ 347033.575843795726541, 5032672.505311764776707 ], [ 347072.82781097793486, 5032673.533160698600113 ], [ 347112.079778160143178, 5032672.505311764776707 ], [ 347151.224158428667579, 5032669.424582225270569 ], [ 347190.15365975809982, 5032664.299416145309806 ], [ 347228.761579091253225, 5032657.143861249089241 ], [ 347266.942094804835506, 5032647.977530415169895 ], [ 347304.590556759154424, 5032636.825547919608653 ], [ 347341.603773136914242, 5032623.718480571173131 ], [ 347377.880293284775689, 5032608.692253930494189 ], [ 347413.320685782586224, 5032591.788053839467466 ], [ 347447.82781097793486, 5032573.052213536575437 ], [ 347481.307087239227258, 5032552.536086658015847 ], [ 347513.666750197298825, 5032530.295906479470432 ], [ 347544.818104265315924, 5032506.39263179153204 ], [ 347574.675765747088008, 5032480.891779806464911 ], [ 347603.157896867836826, 5032453.863246588967741 ], [ 347630.18643008597428, 5032425.3811154672876 ], [ 347655.687282070633955, 5032395.523453986272216 ], [ 347679.590556759154424, 5032364.372099918313324 ], [ 347701.830736937001348, 5032332.012436959892511 ], [ 347722.346863816259429, 5032298.533160698600113 ], [ 347741.082704119209666, 5032264.026035503484309 ], [ 347757.986904209887143, 5032228.585643005557358 ], [ 347773.013130850857124, 5032192.309122857637703 ], [ 347786.120198199292645, 5032155.295906479470432 ], [ 347797.272180694737472, 5032117.64744452573359 ], [ 347806.438511528307572, 5032079.466928811743855 ], [ 347813.594066424295306, 5032040.859009479172528 ], [ 347818.719232504139654, 5032001.929508149623871 ], [ 347821.799962043878622, 5031962.785127880983055 ], [ 347822.82781097793486, 5031923.533160698600113 ] ] ] } },
{ "type": "Feature", "properties": { "site": 15, "transect": 15.2 }, "geometry": { "type": "Polygon", "coordinates": [ [ [ 347933.545607445237692, 5032194.778090464882553 ], [ 347932.517758511181455, 5032155.526123282499611 ], [ 347929.437028971442487, 5032116.381743013858795 ], [ 347924.311862891598139, 5032077.452241684310138 ], [ 347917.156307995610405, 5032038.844322351738811 ], [ 347907.989977162040304, 5032000.663806637749076 ], [ 347896.837994666595478, 5031963.015344684012234 ], [ 347883.730927318159956, 5031926.002128305844963 ], [ 347868.704700677189976, 5031889.725608157925308 ], [ 347851.800500586512499, 5031854.285215659998357 ], [ 347833.064660283562262, 5031819.778090464882553 ], [ 347812.54853340430418, 5031786.298814203590155 ], [ 347790.308353226457257, 5031753.939151245169342 ], [ 347766.405078537994996, 5031722.78779717721045 ], [ 347740.904226553277113, 5031692.930135696195066 ], [ 347713.875693335139658, 5031664.448004574514925 ], [ 347685.39356221439084, 5031637.419471357017756 ], [ 347655.535900732618757, 5031611.918619371950626 ], [ 347624.384546664601658, 5031588.015344684012234 ], [ 347592.02488370653009, 5031565.775164505466819 ], [ 347558.545607445237692, 5031545.259037626907229 ], [ 347524.038482249889057, 5031526.5231973240152 ], [ 347488.598089752078522, 5031509.618997232988477 ], [ 347452.321569604217075, 5031494.592770592309535 ], [ 347415.308353226457257, 5031481.485703243874013 ], [ 347377.659891272138339, 5031470.333720748312771 ], [ 347339.479375558556058, 5031461.167389914393425 ], [ 347300.871456225402653, 5031454.01183501817286 ], [ 347261.941954895970412, 5031448.886668938212097 ], [ 347222.797574627446011, 5031445.805939398705959 ], [ 347183.545607445237692, 5031444.778090464882553 ], [ 347144.293640263029374, 5031445.805939398705959 ], [ 347105.149259994504973, 5031448.886668938212097 ], [ 347066.219758665072732, 5031454.01183501817286 ], [ 347027.611839331919327, 5031461.167389914393425 ], [ 346989.431323618337046, 5031470.333720748312771 ], [ 346951.782861664018128, 5031481.485703243874013 ], [ 346914.76964528625831, 5031494.592770592309535 ], [ 346878.493125138396863, 5031509.618997232988477 ], [ 346843.052732640586328, 5031526.5231973240152 ], [ 346808.545607445237692, 5031545.259037626907229 ], [ 346775.066331183945294, 5031565.775164505466819 ], [ 346742.706668225873727, 5031588.015344684012234 ], [ 346711.555314157856628, 5031611.918619371950626 ], [ 346681.697652676084545, 5031637.419471357017756 ], [ 346653.215521555335727, 5031664.448004574514925 ], [ 346626.186988337198272, 5031692.930135696195066 ], [ 346600.686136352538597, 5031722.78779717721045 ], [ 346576.782861664018128, 5031753.939151245169342 ], [ 346554.542681486171205, 5031786.298814203590155 ], [ 346534.026554606913123, 5031819.778090464882553 ], [ 346515.290714303962886, 5031854.285215659998357 ], [ 346498.386514213285409, 5031889.725608157925308 ], [ 346483.360287572315428, 5031926.002128305844963 ], [ 346470.253220223879907, 5031963.015344684012234 ], [ 346459.10123772843508, 5032000.663806637749076 ], [ 346449.93490689486498, 5032038.844322351738811 ], [ 346442.779351998877246, 5032077.452241684310138 ], [ 346437.654185919032898, 5032116.381743013858795 ], [ 346434.57345637929393, 5032155.526123282499611 ], [ 346433.545607445237692, 5032194.778090464882553 ], [ 346434.57345637929393, 5032234.030057647265494 ], [ 346437.654185919032898, 5032273.17443791590631 ], [ 346442.779351998877246, 5032312.103939245454967 ], [ 346449.93490689486498, 5032350.711858578026295 ], [ 346459.10123772843508, 5032388.892374292016029 ], [ 346470.253220223879907, 5032426.540836245752871 ], [ 346483.360287572315428, 5032463.554052623920143 ], [ 346498.386514213285409, 5032499.830572771839797 ], [ 346515.290714303962886, 5032535.270965269766748 ], [ 346534.026554606913123, 5032569.778090464882553 ], [ 346554.542681486171205, 5032603.257366726174951 ], [ 346576.782861664018128, 5032635.617029684595764 ], [ 346600.686136352480389, 5032666.768383752554655 ], [ 346626.186988337198272, 5032696.626045233570039 ], [ 346653.215521555335727, 5032725.10817635525018 ], [ 346681.697652676084545, 5032752.13670957274735 ], [ 346711.555314157856628, 5032777.637561557814479 ], [ 346742.706668225873727, 5032801.540836245752871 ], [ 346775.066331183945294, 5032823.781016424298286 ], [ 346808.545607445237692, 5032844.297143302857876 ], [ 346843.052732640586328, 5032863.032983605749905 ], [ 346878.493125138396863, 5032879.937183696776628 ], [ 346914.76964528625831, 5032894.963410337455571 ], [ 346951.782861664018128, 5032908.070477685891092 ], [ 346989.431323618337046, 5032919.222460181452334 ], [ 347027.611839331919327, 5032928.38879101537168 ], [ 347066.219758665072732, 5032935.544345911592245 ], [ 347105.149259994504973, 5032940.669511991553009 ], [ 347144.293640263029374, 5032943.750241531059146 ], [ 347183.545607445237692, 5032944.778090464882553 ], [ 347222.797574627446011, 5032943.750241531059146 ], [ 347261.941954895970412, 5032940.669511991553009 ], [ 347300.871456225402653, 5032935.544345911592245 ], [ 347339.479375558556058, 5032928.38879101537168 ], [ 347377.659891272138339, 5032919.222460181452334 ], [ 347415.308353226457257, 5032908.070477685891092 ], [ 347452.321569604217075, 5032894.963410337455571 ], [ 347488.598089752078522, 5032879.937183696776628 ], [ 347524.038482249889057, 5032863.032983605749905 ], [ 347558.545607445237692, 5032844.297143302857876 ], [ 347592.02488370653009, 5032823.781016424298286 ], [ 347624.384546664601658, 5032801.540836245752871 ], [ 347655.535900732618757, 5032777.637561557814479 ], [ 347685.39356221439084, 5032752.13670957274735 ], [ 347713.875693335139658, 5032725.10817635525018 ], [ 347740.904226553277113, 5032696.626045233570039 ], [ 347766.405078537936788, 5032666.768383752554655 ], [ 347790.308353226457257, 5032635.617029684595764 ], [ 347812.54853340430418, 5032603.257366726174951 ], [ 347833.064660283562262, 5032569.778090464882553 ], [ 347851.800500586512499, 5032535.270965269766748 ], [ 347868.704700677189976, 5032499.830572771839797 ], [ 347883.730927318159956, 5032463.554052623920143 ], [ 347896.837994666595478, 5032426.540836245752871 ], [ 347907.989977162040304, 5032388.892374292016029 ], [ 347917.156307995610405, 5032350.711858578026295 ], [ 347924.311862891598139, 5032312.103939245454967 ], [ 347929.437028971442487, 5032273.17443791590631 ], [ 347932.517758511181455, 5032234.030057647265494 ], [ 347933.545607445237692, 5032194.778090464882553 ] ] ] } },
{ "type": "Feature", "properties": { "site": 15, "transect": 15.3 }, "geometry": { "type": "Polygon", "coordinates": [ [ [ 347844.525089100934565, 5032243.99028950650245 ], [ 347843.497240166878328, 5032204.738322324119508 ], [ 347840.41651062713936, 5032165.593942055478692 ], [ 347835.291344547295012, 5032126.664440725930035 ], [ 347828.135789651307277, 5032088.056521393358707 ], [ 347818.969458817737177, 5032049.876005679368973 ], [ 347807.81747632229235, 5032012.227543725632131 ], [ 347794.710408973856829, 5031975.214327347464859 ], [ 347779.684182332886849, 5031938.937807199545205 ], [ 347762.779982242209371, 5031903.497414701618254 ], [ 347744.044141939259134, 5031868.99028950650245 ], [ 347723.528015060001053, 5031835.511013245210052 ], [ 347701.287834882154129, 5031803.151350286789238 ], [ 347677.384560193633661, 5031771.999996218830347 ], [ 347651.883708208973985, 5031742.142334737814963 ], [ 347624.855174990836531, 5031713.660203616134822 ], [ 347596.373043870087713, 5031686.631670398637652 ], [ 347566.515382388315629, 5031661.130818413570523 ], [ 347535.36402832029853, 5031637.227543725632131 ], [ 347503.004365362226963, 5031614.987363547086716 ], [ 347469.525089100934565, 5031594.471236668527126 ], [ 347435.01796390558593, 5031575.735396365635097 ], [ 347399.577571407775395, 5031558.831196274608374 ], [ 347363.301051259913947, 5031543.804969633929431 ], [ 347326.287834882154129, 5031530.69790228549391 ], [ 347288.639372927835211, 5031519.545919789932668 ], [ 347250.45885721425293, 5031510.379588956013322 ], [ 347211.850937881099526, 5031503.224034059792757 ], [ 347172.921436551667284, 5031498.098867979831994 ], [ 347133.777056283142883, 5031495.018138440325856 ], [ 347094.525089100934565, 5031493.99028950650245 ], [ 347055.273121918726247, 5031495.018138440325856 ], [ 347016.128741650201846, 5031498.098867979831994 ], [ 346977.199240320769604, 5031503.224034059792757 ], [ 346938.5913209876162, 5031510.379588956013322 ], [ 346900.410805274033919, 5031519.545919789932668 ], [ 346862.762343319715001, 5031530.69790228549391 ], [ 346825.749126941955183, 5031543.804969633929431 ], [ 346789.472606794093736, 5031558.831196274608374 ], [ 346754.0322142962832, 5031575.735396365635097 ], [ 346719.525089100934565, 5031594.471236668527126 ], [ 346686.045812839642167, 5031614.987363547086716 ], [ 346653.6861498815706, 5031637.227543725632131 ], [ 346622.534795813553501, 5031661.130818413570523 ], [ 346592.677134331781417, 5031686.631670398637652 ], [ 346564.195003211032599, 5031713.660203616134822 ], [ 346537.166469992895145, 5031742.142334737814963 ], [ 346511.665618008235469, 5031771.999996218830347 ], [ 346487.762343319715001, 5031803.151350286789238 ], [ 346465.522163141868077, 5031835.511013245210052 ], [ 346445.006036262609996, 5031868.99028950650245 ], [ 346426.270195959659759, 5031903.497414701618254 ], [ 346409.365995868982282, 5031938.937807199545205 ], [ 346394.339769228012301, 5031975.214327347464859 ], [ 346381.23270187957678, 5032012.227543725632131 ], [ 346370.080719384131953, 5032049.876005679368973 ], [ 346360.914388550561853, 5032088.056521393358707 ], [ 346353.758833654574119, 5032126.664440725930035 ], [ 346348.63366757472977, 5032165.593942055478692 ], [ 346345.552938034990802, 5032204.738322324119508 ], [ 346344.525089100934565, 5032243.99028950650245 ], [ 346345.552938034990802, 5032283.242256688885391 ], [ 346348.63366757472977, 5032322.386636957526207 ], [ 346353.758833654574119, 5032361.316138287074864 ], [ 346360.914388550561853, 5032399.924057619646192 ], [ 346370.080719384131953, 5032438.104573333635926 ], [ 346381.23270187957678, 5032475.753035287372768 ], [ 346394.339769228012301, 5032512.76625166554004 ], [ 346409.365995868982282, 5032549.042771813459694 ], [ 346426.270195959659759, 5032584.483164311386645 ], [ 346445.006036262609996, 5032618.99028950650245 ], [ 346465.522163141868077, 5032652.469565767794847 ], [ 346487.762343319715001, 5032684.829228726215661 ], [ 346511.665618008177262, 5032715.980582794174552 ], [ 346537.166469992895145, 5032745.838244275189936 ], [ 346564.195003211032599, 5032774.320375396870077 ], [ 346592.677134331781417, 5032801.348908614367247 ], [ 346622.534795813553501, 5032826.849760599434376 ], [ 346653.6861498815706, 5032850.753035287372768 ], [ 346686.045812839642167, 5032872.993215465918183 ], [ 346719.525089100934565, 5032893.509342344477773 ], [ 346754.0322142962832, 5032912.245182647369802 ], [ 346789.472606794093736, 5032929.149382738396525 ], [ 346825.749126941955183, 5032944.175609379075468 ], [ 346862.762343319715001, 5032957.282676727510989 ], [ 346900.410805274033919, 5032968.434659223072231 ], [ 346938.5913209876162, 5032977.600990056991577 ], [ 346977.199240320769604, 5032984.756544953212142 ], [ 347016.128741650201846, 5032989.881711033172905 ], [ 347055.273121918726247, 5032992.962440572679043 ], [ 347094.525089100934565, 5032993.99028950650245 ], [ 347133.777056283142883, 5032992.962440572679043 ], [ 347172.921436551667284, 5032989.881711033172905 ], [ 347211.850937881099526, 5032984.756544953212142 ], [ 347250.45885721425293, 5032977.600990056991577 ], [ 347288.639372927835211, 5032968.434659223072231 ], [ 347326.287834882154129, 5032957.282676727510989 ], [ 347363.301051259913947, 5032944.175609379075468 ], [ 347399.577571407775395, 5032929.149382738396525 ], [ 347435.01796390558593, 5032912.245182647369802 ], [ 347469.525089100934565, 5032893.509342344477773 ], [ 347503.004365362226963, 5032872.993215465918183 ], [ 347535.36402832029853, 5032850.753035287372768 ], [ 347566.515382388315629, 5032826.849760599434376 ], [ 347596.373043870087713, 5032801.348908614367247 ], [ 347624.855174990836531, 5032774.320375396870077 ], [ 347651.883708208973985, 5032745.838244275189936 ], [ 347677.384560193633661, 5032715.980582794174552 ], [ 347701.287834882154129, 5032684.829228726215661 ], [ 347723.528015060001053, 5032652.469565767794847 ], [ 347744.044141939259134, 5032618.99028950650245 ], [ 347762.779982242209371, 5032584.483164311386645 ], [ 347779.684182332886849, 5032549.042771813459694 ], [ 347794.710408973856829, 5032512.76625166554004 ], [ 347807.81747632229235, 5032475.753035287372768 ], [ 347818.969458817737177, 5032438.104573333635926 ], [ 347828.135789651307277, 5032399.924057619646192 ], [ 347835.291344547295012, 5032361.316138287074864 ], [ 347840.41651062713936, 5032322.386636957526207 ], [ 347843.497240166878328, 5032283.242256688885391 ], [ 347844.525089100934565, 5032243.99028950650245 ] ] ] } },
{ "type": "Feature", "properties": { "site": 15, "transect": 15.4 }, "geometry": { "type": "Polygon", "coordinates": [ [ [ 347891.327521510538645, 5032118.820975803770125 ], [ 347890.299672576482408, 5032079.569008621387184 ], [ 347887.21894303674344, 5032040.424628352746367 ], [ 347882.093776956899092, 5032001.495127023197711 ], [ 347874.938222060911357, 5031962.887207690626383 ], [ 347865.771891227341257, 5031924.706691976636648 ], [ 347854.61990873189643, 5031887.058230022899806 ], [ 347841.512841383460909, 5031850.045013644732535 ], [ 347826.486614742490929, 5031813.76849349681288 ], [ 347809.582414651813451, 5031778.32810099888593 ], [ 347790.846574348863214, 5031743.820975803770125 ], [ 347770.330447469605133, 5031710.341699542477727 ], [ 347748.090267291758209, 5031677.982036584056914 ], [ 347724.186992603237741, 5031646.830682516098022 ], [ 347698.686140618578065, 5031616.973021035082638 ], [ 347671.657607400440611, 5031588.490889913402498 ], [ 347643.175476279691793, 5031561.462356695905328 ], [ 347613.317814797919709, 5031535.961504710838199 ], [ 347582.16646072990261, 5031512.058230022899806 ], [ 347549.806797771831043, 5031489.818049844354391 ], [ 347516.327521510538645, 5031469.301922965794802 ], [ 347481.82039631519001, 5031450.566082662902772 ], [ 347446.380003817379475, 5031433.661882571876049 ], [ 347410.103483669518027, 5031418.635655931197107 ], [ 347373.090267291758209, 5031405.528588582761586 ], [ 347335.441805337439291, 5031394.376606087200344 ], [ 347297.26128962385701, 5031385.210275253280997 ], [ 347258.653370290703606, 5031378.054720357060432 ], [ 347219.723868961271364, 5031372.929554277099669 ], [ 347180.579488692746963, 5031369.848824737593532 ], [ 347141.327521510538645, 5031368.820975803770125 ], [ 347102.075554328330327, 5031369.848824737593532 ], [ 347062.931174059805926, 5031372.929554277099669 ], [ 347024.001672730373684, 5031378.054720357060432 ], [ 346985.39375339722028, 5031385.210275253280997 ], [ 346947.213237683637999, 5031394.376606087200344 ], [ 346909.564775729319081, 5031405.528588582761586 ], [ 346872.551559351559263, 5031418.635655931197107 ], [ 346836.275039203697816, 5031433.661882571876049 ], [ 346800.83464670588728, 5031450.566082662902772 ], [ 346766.327521510538645, 5031469.301922965794802 ], [ 346732.848245249246247, 5031489.818049844354391 ], [ 346700.48858229117468, 5031512.058230022899806 ], [ 346669.337228223157581, 5031535.961504710838199 ], [ 346639.479566741385497, 5031561.462356695905328 ], [ 346610.997435620636679, 5031588.490889913402498 ], [ 346583.968902402499225, 5031616.973021035082638 ], [ 346558.468050417839549, 5031646.830682516098022 ], [ 346534.564775729319081, 5031677.982036584056914 ], [ 346512.324595551472157, 5031710.341699542477727 ], [ 346491.808468672214076, 5031743.820975803770125 ], [ 346473.072628369263839, 5031778.32810099888593 ], [ 346456.168428278586362, 5031813.76849349681288 ], [ 346441.142201637616381, 5031850.045013644732535 ], [ 346428.03513428918086, 5031887.058230022899806 ], [ 346416.883151793736033, 5031924.706691976636648 ], [ 346407.716820960165933, 5031962.887207690626383 ], [ 346400.561266064178199, 5032001.495127023197711 ], [ 346395.43609998433385, 5032040.424628352746367 ], [ 346392.355370444594882, 5032079.569008621387184 ], [ 346391.327521510538645, 5032118.820975803770125 ], [ 346392.355370444594882, 5032158.072942986153066 ], [ 346395.43609998433385, 5032197.217323254793882 ], [ 346400.561266064178199, 5032236.146824584342539 ], [ 346407.716820960165933, 5032274.754743916913867 ], [ 346416.883151793736033, 5032312.935259630903602 ], [ 346428.03513428918086, 5032350.583721584640443 ], [ 346441.142201637616381, 5032387.596937962807715 ], [ 346456.168428278586362, 5032423.87345811072737 ], [ 346473.072628369263839, 5032459.31385060865432 ], [ 346491.808468672214076, 5032493.820975803770125 ], [ 346512.324595551472157, 5032527.300252065062523 ], [ 346534.564775729319081, 5032559.659915023483336 ], [ 346558.468050417781342, 5032590.811269091442227 ], [ 346583.968902402499225, 5032620.668930572457612 ], [ 346610.997435620636679, 5032649.151061694137752 ], [ 346639.479566741385497, 5032676.179594911634922 ], [ 346669.337228223157581, 5032701.680446896702051 ], [ 346700.48858229117468, 5032725.583721584640443 ], [ 346732.848245249246247, 5032747.823901763185859 ], [ 346766.327521510538645, 5032768.340028641745448 ], [ 346800.83464670588728, 5032787.075868944637477 ], [ 346836.275039203697816, 5032803.980069035664201 ], [ 346872.551559351559263, 5032819.006295676343143 ], [ 346909.564775729319081, 5032832.113363024778664 ], [ 346947.213237683637999, 5032843.265345520339906 ], [ 346985.39375339722028, 5032852.431676354259253 ], [ 347024.001672730373684, 5032859.587231250479817 ], [ 347062.931174059805926, 5032864.712397330440581 ], [ 347102.075554328330327, 5032867.793126869946718 ], [ 347141.327521510538645, 5032868.820975803770125 ], [ 347180.579488692746963, 5032867.793126869946718 ], [ 347219.723868961271364, 5032864.712397330440581 ], [ 347258.653370290703606, 5032859.587231250479817 ], [ 347297.26128962385701, 5032852.431676354259253 ], [ 347335.441805337439291, 5032843.265345520339906 ], [ 347373.090267291758209, 5032832.113363024778664 ], [ 347410.103483669518027, 5032819.006295676343143 ], [ 347446.380003817379475, 5032803.980069035664201 ], [ 347481.82039631519001, 5032787.075868944637477 ], [ 347516.327521510538645, 5032768.340028641745448 ], [ 347549.806797771831043, 5032747.823901763185859 ], [ 347582.16646072990261, 5032725.583721584640443 ], [ 347613.317814797919709, 5032701.680446896702051 ], [ 347643.175476279691793, 5032676.179594911634922 ], [ 347671.657607400440611, 5032649.151061694137752 ], [ 347698.686140618578065, 5032620.668930572457612 ], [ 347724.186992603237741, 5032590.811269091442227 ], [ 347748.090267291758209, 5032559.659915023483336 ], [ 347770.330447469605133, 5032527.300252065062523 ], [ 347790.846574348863214, 5032493.820975803770125 ], [ 347809.582414651813451, 5032459.31385060865432 ], [ 347826.486614742490929, 5032423.87345811072737 ], [ 347841.512841383460909, 5032387.596937962807715 ], [ 347854.61990873189643, 5032350.583721584640443 ], [ 347865.771891227341257, 5032312.935259630903602 ], [ 347874.938222060911357, 5032274.754743916913867 ], [ 347882.093776956899092, 5032236.146824584342539 ], [ 347887.21894303674344, 5032197.217323254793882 ], [ 347890.299672576482408, 5032158.072942986153066 ], [ 347891.327521510538645, 5032118.820975803770125 ] ] ] } },
{ "type": "Feature", "properties": { "site": 15, "transect": 15.5 }, "geometry": { "type": "Polygon", "coordinates": [ [ [ 347770.697404938866384, 5032112.356286150403321 ], [ 347769.669556004810147, 5032073.10431896802038 ], [ 347766.588826465071179, 5032033.959938699379563 ], [ 347761.463660385226831, 5031995.030437369830906 ], [ 347754.308105489239097, 5031956.422518037259579 ], [ 347745.141774655668996, 5031918.242002323269844 ], [ 347733.989792160224169, 5031880.593540369533002 ], [ 347720.882724811788648, 5031843.580323991365731 ], [ 347705.856498170818668, 5031807.303803843446076 ], [ 347688.95229808014119, 5031771.863411345519125 ], [ 347670.216457777190953, 5031737.356286150403321 ], [ 347649.700330897932872, 5031703.877009889110923 ], [ 347627.460150720085949, 5031671.51734693069011 ], [ 347603.55687603156548, 5031640.365992862731218 ], [ 347578.056024046905804, 5031610.508331381715834 ], [ 347551.02749082876835, 5031582.026200260035694 ], [ 347522.545359708019532, 5031554.997667042538524 ], [ 347492.687698226247448, 5031529.496815057471395 ], [ 347461.536344158230349, 5031505.593540369533002 ], [ 347429.176681200158782, 5031483.353360190987587 ], [ 347395.697404938866384, 5031462.837233312427998 ], [ 347361.190279743517749, 5031444.101393009535968 ], [ 347325.749887245707214, 5031427.197192918509245 ], [ 347289.473367097845767, 5031412.170966277830303 ], [ 347252.460150720085949, 5031399.063898929394782 ], [ 347214.81168876576703, 5031387.911916433833539 ], [ 347176.631173052184749, 5031378.745585599914193 ], [ 347138.023253719031345, 5031371.590030703693628 ], [ 347099.093752389599103, 5031366.464864623732865 ], [ 347059.949372121074703, 5031363.384135084226727 ], [ 347020.697404938866384, 5031362.356286150403321 ], [ 346981.445437756658066, 5031363.384135084226727 ], [ 346942.301057488133665, 5031366.464864623732865 ], [ 346903.371556158701424, 5031371.590030703693628 ], [ 346864.763636825548019, 5031378.745585599914193 ], [ 346826.583121111965738, 5031387.911916433833539 ], [ 346788.93465915764682, 5031399.063898929394782 ], [ 346751.921442779887002, 5031412.170966277830303 ], [ 346715.644922632025555, 5031427.197192918509245 ], [ 346680.20453013421502, 5031444.101393009535968 ], [ 346645.697404938866384, 5031462.837233312427998 ], [ 346612.218128677573986, 5031483.353360190987587 ], [ 346579.858465719502419, 5031505.593540369533002 ], [ 346548.70711165148532, 5031529.496815057471395 ], [ 346518.849450169713236, 5031554.997667042538524 ], [ 346490.367319048964418, 5031582.026200260035694 ], [ 346463.338785830826964, 5031610.508331381715834 ], [ 346437.837933846167289, 5031640.365992862731218 ], [ 346413.93465915764682, 5031671.51734693069011 ], [ 346391.694478979799896, 5031703.877009889110923 ], [ 346371.178352100541815, 5031737.356286150403321 ], [ 346352.442511797591578, 5031771.863411345519125 ], [ 346335.538311706914101, 5031807.303803843446076 ], [ 346320.51208506594412, 5031843.580323991365731 ], [ 346307.405017717508599, 5031880.593540369533002 ], [ 346296.253035222063772, 5031918.242002323269844 ], [ 346287.086704388493672, 5031956.422518037259579 ], [ 346279.931149492505938, 5031995.030437369830906 ], [ 346274.80598341266159, 5032033.959938699379563 ], [ 346271.725253872922622, 5032073.10431896802038 ], [ 346270.697404938866384, 5032112.356286150403321 ], [ 346271.725253872922622, 5032151.608253332786262 ], [ 346274.80598341266159, 5032190.752633601427078 ], [ 346279.931149492505938, 5032229.682134930975735 ], [ 346287.086704388493672, 5032268.290054263547063 ], [ 346296.253035222063772, 5032306.470569977536798 ], [ 346307.405017717508599, 5032344.119031931273639 ], [ 346320.51208506594412, 5032381.132248309440911 ], [ 346335.538311706914101, 5032417.408768457360566 ], [ 346352.442511797591578, 5032452.849160955287516 ], [ 346371.178352100541815, 5032487.356286150403321 ], [ 346391.694478979799896, 5032520.835562411695719 ], [ 346413.93465915764682, 5032553.195225370116532 ], [ 346437.837933846109081, 5032584.346579438075423 ], [ 346463.338785830826964, 5032614.204240919090807 ], [ 346490.367319048964418, 5032642.686372040770948 ], [ 346518.849450169713236, 5032669.714905258268118 ], [ 346548.70711165148532, 5032695.215757243335247 ], [ 346579.858465719502419, 5032719.119031931273639 ], [ 346612.218128677573986, 5032741.359212109819055 ], [ 346645.697404938866384, 5032761.875338988378644 ], [ 346680.20453013421502, 5032780.611179291270673 ], [ 346715.644922632025555, 5032797.515379382297397 ], [ 346751.921442779887002, 5032812.541606022976339 ], [ 346788.93465915764682, 5032825.64867337141186 ], [ 346826.583121111965738, 5032836.800655866973102 ], [ 346864.763636825548019, 5032845.966986700892448 ], [ 346903.371556158701424, 5032853.122541597113013 ], [ 346942.301057488133665, 5032858.247707677073777 ], [ 346981.445437756658066, 5032861.328437216579914 ], [ 347020.697404938866384, 5032862.356286150403321 ], [ 347059.949372121074703, 5032861.328437216579914 ], [ 347099.093752389599103, 5032858.247707677073777 ], [ 347138.023253719031345, 5032853.122541597113013 ], [ 347176.631173052184749, 5032845.966986700892448 ], [ 347214.81168876576703, 5032836.800655866973102 ], [ 347252.460150720085949, 5032825.64867337141186 ], [ 347289.473367097845767, 5032812.541606022976339 ], [ 347325.749887245707214, 5032797.515379382297397 ], [ 347361.190279743517749, 5032780.611179291270673 ], [ 347395.697404938866384, 5032761.875338988378644 ], [ 347429.176681200158782, 5032741.359212109819055 ], [ 347461.536344158230349, 5032719.119031931273639 ], [ 347492.687698226247448, 5032695.215757243335247 ], [ 347522.545359708019532, 5032669.714905258268118 ], [ 347551.02749082876835, 5032642.686372040770948 ], [ 347578.056024046905804, 5032614.204240919090807 ], [ 347603.55687603156548, 5032584.346579438075423 ], [ 347627.460150720085949, 5032553.195225370116532 ], [ 347649.700330897932872, 5032520.835562411695719 ], [ 347670.216457777190953, 5032487.356286150403321 ], [ 347688.95229808014119, 5032452.849160955287516 ], [ 347705.856498170818668, 5032417.408768457360566 ], [ 347720.882724811788648, 5032381.132248309440911 ], [ 347733.989792160224169, 5032344.119031931273639 ], [ 347745.141774655668996, 5032306.470569977536798 ], [ 347754.308105489239097, 5032268.290054263547063 ], [ 347761.463660385226831, 5032229.682134930975735 ], [ 347766.588826465071179, 5032190.752633601427078 ], [ 347769.669556004810147, 5032151.608253332786262 ], [ 347770.697404938866384, 5032112.356286150403321 ] ] ] } },
{ "type": "Feature", "properties": { "site": 15, "transect": 15.6 }, "geometry": { "type": "Polygon", "coordinates": [ [ [ 347799.231065354659222, 5031993.868959991261363 ], [ 347798.203216420602985, 5031954.616992808878422 ], [ 347795.122486880864017, 5031915.472612540237606 ], [ 347789.997320801019669, 5031876.543111210688949 ], [ 347782.841765905031934, 5031837.935191878117621 ], [ 347773.675435071461834, 5031799.754676164127886 ], [ 347762.523452576017007, 5031762.106214210391045 ], [ 347749.416385227581486, 5031725.092997832223773 ], [ 347734.390158586611506, 5031688.816477684304118 ], [ 347717.485958495934028, 5031653.376085186377168 ], [ 347698.750118192983791, 5031618.868959991261363 ], [ 347678.23399131372571, 5031585.389683729968965 ], [ 347655.993811135878786, 5031553.030020771548152 ], [ 347632.090536447358318, 5031521.878666703589261 ], [ 347606.589684462698642, 5031492.021005222573876 ], [ 347579.561151244561188, 5031463.538874100893736 ], [ 347551.07902012381237, 5031436.510340883396566 ], [ 347521.221358642040286, 5031411.009488898329437 ], [ 347490.070004574023187, 5031387.106214210391045 ], [ 347457.71034161595162, 5031364.866034031845629 ], [ 347424.231065354659222, 5031344.34990715328604 ], [ 347389.723940159310587, 5031325.614066850394011 ], [ 347354.283547661500052, 5031308.709866759367287 ], [ 347318.007027513638604, 5031293.683640118688345 ], [ 347280.993811135878786, 5031280.576572770252824 ], [ 347243.345349181559868, 5031269.424590274691582 ], [ 347205.164833467977587, 5031260.258259440772235 ], [ 347166.556914134824183, 5031253.102704544551671 ], [ 347127.627412805391941, 5031247.977538464590907 ], [ 347088.48303253686754, 5031244.89680892508477 ], [ 347049.231065354659222, 5031243.868959991261363 ], [ 347009.979098172450904, 5031244.89680892508477 ], [ 346970.834717903926503, 5031247.977538464590907 ], [ 346931.905216574494261, 5031253.102704544551671 ], [ 346893.297297241340857, 5031260.258259440772235 ], [ 346855.116781527758576, 5031269.424590274691582 ], [ 346817.468319573439658, 5031280.576572770252824 ], [ 346780.45510319567984, 5031293.683640118688345 ], [ 346744.178583047818393, 5031308.709866759367287 ], [ 346708.738190550007857, 5031325.614066850394011 ], [ 346674.231065354659222, 5031344.34990715328604 ], [ 346640.751789093366824, 5031364.866034031845629 ], [ 346608.392126135295257, 5031387.106214210391045 ], [ 346577.240772067278158, 5031411.009488898329437 ], [ 346547.383110585506074, 5031436.510340883396566 ], [ 346518.900979464757256, 5031463.538874100893736 ], [ 346491.872446246619802, 5031492.021005222573876 ], [ 346466.371594261960126, 5031521.878666703589261 ], [ 346442.468319573439658, 5031553.030020771548152 ], [ 346420.228139395592734, 5031585.389683729968965 ], [ 346399.712012516334653, 5031618.868959991261363 ], [ 346380.976172213384416, 5031653.376085186377168 ], [ 346364.071972122706939, 5031688.816477684304118 ], [ 346349.045745481736958, 5031725.092997832223773 ], [ 346335.938678133301437, 5031762.106214210391045 ], [ 346324.78669563785661, 5031799.754676164127886 ], [ 346315.62036480428651, 5031837.935191878117621 ], [ 346308.464809908298776, 5031876.543111210688949 ], [ 346303.339643828454427, 5031915.472612540237606 ], [ 346300.258914288715459, 5031954.616992808878422 ], [ 346299.231065354659222, 5031993.868959991261363 ], [ 346300.258914288715459, 5032033.120927173644304 ], [ 346303.339643828454427, 5032072.26530744228512 ], [ 346308.464809908298776, 5032111.194808771833777 ], [ 346315.62036480428651, 5032149.802728104405105 ], [ 346324.78669563785661, 5032187.98324381839484 ], [ 346335.938678133301437, 5032225.631705772131681 ], [ 346349.045745481736958, 5032262.644922150298953 ], [ 346364.071972122706939, 5032298.921442298218608 ], [ 346380.976172213384416, 5032334.361834796145558 ], [ 346399.712012516334653, 5032368.868959991261363 ], [ 346420.228139395592734, 5032402.348236252553761 ], [ 346442.468319573439658, 5032434.707899210974574 ], [ 346466.371594261901919, 5032465.859253278933465 ], [ 346491.872446246619802, 5032495.71691475994885 ], [ 346518.900979464757256, 5032524.19904588162899 ], [ 346547.383110585506074, 5032551.22757909912616 ], [ 346577.240772067278158, 5032576.728431084193289 ], [ 346608.392126135295257, 5032600.631705772131681 ], [ 346640.751789093366824, 5032622.871885950677097 ], [ 346674.231065354659222, 5032643.388012829236686 ], [ 346708.738190550007857, 5032662.123853132128716 ], [ 346744.178583047818393, 5032679.028053223155439 ], [ 346780.45510319567984, 5032694.054279863834381 ], [ 346817.468319573439658, 5032707.161347212269902 ], [ 346855.116781527758576, 5032718.313329707831144 ], [ 346893.297297241340857, 5032727.479660541750491 ], [ 346931.905216574494261, 5032734.635215437971056 ], [ 346970.834717903926503, 5032739.760381517931819 ], [ 347009.979098172450904, 5032742.841111057437956 ], [ 347049.231065354659222, 5032743.868959991261363 ], [ 347088.48303253686754, 5032742.841111057437956 ], [ 347127.627412805391941, 5032739.760381517931819 ], [ 347166.556914134824183, 5032734.635215437971056 ], [ 347205.164833467977587, 5032727.479660541750491 ], [ 347243.345349181559868, 5032718.313329707831144 ], [ 347280.993811135878786, 5032707.161347212269902 ], [ 347318.007027513638604, 5032694.054279863834381 ], [ 347354.283547661500052, 5032679.028053223155439 ], [ 347389.723940159310587, 5032662.123853132128716 ], [ 347424.231065354659222, 5032643.388012829236686 ], [ 347457.71034161595162, 5032622.871885950677097 ], [ 347490.070004574023187, 5032600.631705772131681 ], [ 347521.221358642040286, 5032576.728431084193289 ], [ 347551.07902012381237, 5032551.22757909912616 ], [ 347579.561151244561188, 5032524.19904588162899 ], [ 347606.589684462698642, 5032495.71691475994885 ], [ 347632.090536447358318, 5032465.859253278933465 ], [ 347655.993811135878786, 5032434.707899210974574 ], [ 347678.23399131372571, 5032402.348236252553761 ], [ 347698.750118192983791, 5032368.868959991261363 ], [ 347717.485958495934028, 5032334.361834796145558 ], [ 347734.390158586611506, 5032298.921442298218608 ], [ 347749.416385227581486, 5032262.644922150298953 ], [ 347762.523452576017007, 5032225.631705772131681 ], [ 347773.675435071461834, 5032187.98324381839484 ], [ 347782.841765905031934, 5032149.802728104405105 ], [ 347789.997320801019669, 5032111.194808771833777 ], [ 347795.122486880864017, 5032072.26530744228512 ], [ 347798.203216420602985, 5032033.120927173644304 ], [ 347799.231065354659222, 5031993.868959991261363 ] ] ] } },
{ "type": "Feature", "properties": { "site": 15, "transect": 15.7 }, "geometry": { "type": "Polygon", "coordinates": [ [ [ 347799.231065354659222, 5031993.868959991261363 ], [ 347798.203216420602985, 5031954.616992808878422 ], [ 347795.122486880864017, 5031915.472612540237606 ], [ 347789.997320801019669, 5031876.543111210688949 ], [ 347782.841765905031934, 5031837.935191878117621 ], [ 347773.675435071461834, 5031799.754676164127886 ], [ 347762.523452576017007, 5031762.106214210391045 ], [ 347749.416385227581486, 5031725.092997832223773 ], [ 347734.390158586611506, 5031688.816477684304118 ], [ 347717.485958495934028, 5031653.376085186377168 ], [ 347698.750118192983791, 5031618.868959991261363 ], [ 347678.23399131372571, 5031585.389683729968965 ], [ 347655.993811135878786, 5031553.030020771548152 ], [ 347632.090536447358318, 5031521.878666703589261 ], [ 347606.589684462698642, 5031492.021005222573876 ], [ 347579.561151244561188, 5031463.538874100893736 ], [ 347551.07902012381237, 5031436.510340883396566 ], [ 347521.221358642040286, 5031411.009488898329437 ], [ 347490.070004574023187, 5031387.106214210391045 ], [ 347457.71034161595162, 5031364.866034031845629 ], [ 347424.231065354659222, 5031344.34990715328604 ], [ 347389.723940159310587, 5031325.614066850394011 ], [ 347354.283547661500052, 5031308.709866759367287 ], [ 347318.007027513638604, 5031293.683640118688345 ], [ 347280.993811135878786, 5031280.576572770252824 ], [ 347243.345349181559868, 5031269.424590274691582 ], [ 347205.164833467977587, 5031260.258259440772235 ], [ 347166.556914134824183, 5031253.102704544551671 ], [ 347127.627412805391941, 5031247.977538464590907 ], [ 347088.48303253686754, 5031244.89680892508477 ], [ 347049.231065354659222, 5031243.868959991261363 ], [ 347009.979098172450904, 5031244.89680892508477 ], [ 346970.834717903926503, 5031247.977538464590907 ], [ 346931.905216574494261, 5031253.102704544551671 ], [ 346893.297297241340857, 5031260.258259440772235 ], [ 346855.116781527758576, 5031269.424590274691582 ], [ 346817.468319573439658, 5031280.576572770252824 ], [ 346780.45510319567984, 5031293.683640118688345 ], [ 346744.178583047818393, 5031308.709866759367287 ], [ 346708.738190550007857, 5031325.614066850394011 ], [ 346674.231065354659222, 5031344.34990715328604 ], [ 346640.751789093366824, 5031364.866034031845629 ], [ 346608.392126135295257, 5031387.106214210391045 ], [ 346577.240772067278158, 5031411.009488898329437 ], [ 346547.383110585506074, 5031436.510340883396566 ], [ 346518.900979464757256, 5031463.538874100893736 ], [ 346491.872446246619802, 5031492.021005222573876 ], [ 346466.371594261960126, 5031521.878666703589261 ], [ 346442.468319573439658, 5031553.030020771548152 ], [ 346420.228139395592734, 5031585.389683729968965 ], [ 346399.712012516334653, 5031618.868959991261363 ], [ 346380.976172213384416, 5031653.376085186377168 ], [ 346364.071972122706939, 5031688.816477684304118 ], [ 346349.045745481736958, 5031725.092997832223773 ], [ 346335.938678133301437, 5031762.106214210391045 ], [ 346324.78669563785661, 5031799.754676164127886 ], [ 346315.62036480428651, 5031837.935191878117621 ], [ 346308.464809908298776, 5031876.543111210688949 ], [ 346303.339643828454427, 5031915.472612540237606 ], [ 346300.258914288715459, 5031954.616992808878422 ], [ 346299.231065354659222, 5031993.868959991261363 ], [ 346300.258914288715459, 5032033.120927173644304 ], [ 346303.339643828454427, 5032072.26530744228512 ], [ 346308.464809908298776, 5032111.194808771833777 ], [ 346315.62036480428651, 5032149.802728104405105 ], [ 346324.78669563785661, 5032187.98324381839484 ], [ 346335.938678133301437, 5032225.631705772131681 ], [ 346349.045745481736958, 5032262.644922150298953 ], [ 346364.071972122706939, 5032298.921442298218608 ], [ 346380.976172213384416, 5032334.361834796145558 ], [ 346399.712012516334653, 5032368.868959991261363 ], [ 346420.228139395592734, 5032402.348236252553761 ], [ 346442.468319573439658, 5032434.707899210974574 ], [ 346466.371594261901919, 5032465.859253278933465 ], [ 346491.872446246619802, 5032495.71691475994885 ], [ 346518.900979464757256, 5032524.19904588162899 ], [ 346547.383110585506074, 5032551.22757909912616 ], [ 346577.240772067278158, 5032576.728431084193289 ], [ 346608.392126135295257, 5032600.631705772131681 ], [ 346640.751789093366824, 5032622.871885950677097 ], [ 346674.231065354659222, 5032643.388012829236686 ], [ 346708.738190550007857, 5032662.123853132128716 ], [ 346744.178583047818393, 5032679.028053223155439 ], [ 346780.45510319567984, 5032694.054279863834381 ], [ 346817.468319573439658, 5032707.161347212269902 ], [ 346855.116781527758576, 5032718.313329707831144 ], [ 346893.297297241340857, 5032727.479660541750491 ], [ 346931.905216574494261, 5032734.635215437971056 ], [ 346970.834717903926503, 5032739.760381517931819 ], [ 347009.979098172450904, 5032742.841111057437956 ], [ 347049.231065354659222, 5032743.868959991261363 ], [ 347088.48303253686754, 5032742.841111057437956 ], [ 347127.627412805391941, 5032739.760381517931819 ], [ 347166.556914134824183, 5032734.635215437971056 ], [ 347205.164833467977587, 5032727.479660541750491 ], [ 347243.345349181559868, 5032718.313329707831144 ], [ 347280.993811135878786, 5032707.161347212269902 ], [ 347318.007027513638604, 5032694.054279863834381 ], [ 347354.283547661500052, 5032679.028053223155439 ], [ 347389.723940159310587, 5032662.123853132128716 ], [ 347424.231065354659222, 5032643.388012829236686 ], [ 347457.71034161595162, 5032622.871885950677097 ], [ 347490.070004574023187, 5032600.631705772131681 ], [ 347521.221358642040286, 5032576.728431084193289 ], [ 347551.07902012381237, 5032551.22757909912616 ], [ 347579.561151244561188, 5032524.19904588162899 ], [ 347606.589684462698642, 5032495.71691475994885 ], [ 347632.090536447358318, 5032465.859253278933465 ], [ 347655.993811135878786, 5032434.707899210974574 ], [ 347678.23399131372571, 5032402.348236252553761 ], [ 347698.750118192983791, 5032368.868959991261363 ], [ 347717.485958495934028, 5032334.361834796145558 ], [ 347734.390158586611506, 5032298.921442298218608 ], [ 347749.416385227581486, 5032262.644922150298953 ], [ 347762.523452576017007, 5032225.631705772131681 ], [ 347773.675435071461834, 5032187.98324381839484 ], [ 347782.841765905031934, 5032149.802728104405105 ], [ 347789.997320801019669, 5032111.194808771833777 ], [ 347795.122486880864017, 5032072.26530744228512 ], [ 347798.203216420602985, 5032033.120927173644304 ], [ 347799.231065354659222, 5031993.868959991261363 ] ] ] } },
{ "type": "Feature", "properties": { "site": 16, "transect": 16.1 }, "geometry": { "type": "Polygon", "coordinates": [ [ [ 305003.096442270267289, 5043034.447467065416276 ], [ 305002.068593336211052, 5042995.195499883033335 ], [ 304998.987863796472084, 5042956.051119614392519 ], [ 304993.862697716627736, 5042917.121618284843862 ], [ 304986.707142820640001, 5042878.513698952272534 ], [ 304977.540811987069901, 5042840.3331832382828 ], [ 304966.388829491625074, 5042802.684721284545958 ], [ 304953.281762143189553, 5042765.671504906378686 ], [ 304938.255535502219573, 5042729.394984758459032 ], [ 304921.351335411542095, 5042693.954592260532081 ], [ 304902.615495108591858, 5042659.447467065416276 ], [ 304882.099368229333777, 5042625.968190804123878 ], [ 304859.859188051486854, 5042593.608527845703065 ], [ 304835.955913363024592, 5042562.457173777744174 ], [ 304810.455061378306709, 5042532.59951229672879 ], [ 304783.426528160169255, 5042504.117381175048649 ], [ 304754.944397039420437, 5042477.088847957551479 ], [ 304725.086735557648353, 5042451.58799597248435 ], [ 304693.935381489631254, 5042427.684721284545958 ], [ 304661.575718531559687, 5042405.444541106000543 ], [ 304628.096442270267289, 5042384.928414227440953 ], [ 304593.589317074918654, 5042366.192573924548924 ], [ 304558.148924577108119, 5042349.288373833522201 ], [ 304521.872404429246671, 5042334.262147192843258 ], [ 304484.859188051486854, 5042321.155079844407737 ], [ 304447.210726097167935, 5042310.003097348846495 ], [ 304409.030210383585654, 5042300.836766514927149 ], [ 304370.42229105043225, 5042293.681211618706584 ], [ 304331.492789721, 5042288.556045538745821 ], [ 304292.348409452475607, 5042285.475315999239683 ], [ 304253.096442270267289, 5042284.447467065416276 ], [ 304213.844475088058971, 5042285.475315999239683 ], [ 304174.70009481953457, 5042288.556045538745821 ], [ 304135.770593490102328, 5042293.681211618706584 ], [ 304097.162674156948924, 5042300.836766514927149 ], [ 304058.982158443366643, 5042310.003097348846495 ], [ 304021.333696489047725, 5042321.155079844407737 ], [ 303984.320480111287907, 5042334.262147192843258 ], [ 303948.04395996342646, 5042349.288373833522201 ], [ 303912.603567465615924, 5042366.192573924548924 ], [ 303878.096442270267289, 5042384.928414227440953 ], [ 303844.617166008974891, 5042405.444541106000543 ], [ 303812.257503050903324, 5042427.684721284545958 ], [ 303781.106148982886225, 5042451.58799597248435 ], [ 303751.248487501114141, 5042477.088847957551479 ], [ 303722.766356380365323, 5042504.117381175048649 ], [ 303695.737823162227869, 5042532.59951229672879 ], [ 303670.236971177568194, 5042562.457173777744174 ], [ 303646.333696489047725, 5042593.608527845703065 ], [ 303624.093516311200801, 5042625.968190804123878 ], [ 303603.57738943194272, 5042659.447467065416276 ], [ 303584.841549128992483, 5042693.954592260532081 ], [ 303567.937349038315006, 5042729.394984758459032 ], [ 303552.911122397345025, 5042765.671504906378686 ], [ 303539.804055048909504, 5042802.684721284545958 ], [ 303528.652072553464677, 5042840.3331832382828 ], [ 303519.485741719894577, 5042878.513698952272534 ], [ 303512.330186823906843, 5042917.121618284843862 ], [ 303507.205020744062494, 5042956.051119614392519 ], [ 303504.124291204323526, 5042995.195499883033335 ], [ 303503.096442270267289, 5043034.447467065416276 ], [ 303504.124291204323526, 5043073.699434247799218 ], [ 303507.205020744062494, 5043112.843814516440034 ], [ 303512.330186823906843, 5043151.773315845988691 ], [ 303519.485741719894577, 5043190.381235178560019 ], [ 303528.652072553464677, 5043228.561750892549753 ], [ 303539.804055048909504, 5043266.210212846286595 ], [ 303552.911122397345025, 5043303.223429224453866 ], [ 303567.937349038315006, 5043339.499949372373521 ], [ 303584.841549128992483, 5043374.940341870300472 ], [ 303603.57738943194272, 5043409.447467065416276 ], [ 303624.093516311200801, 5043442.926743326708674 ], [ 303646.333696489047725, 5043475.286406285129488 ], [ 303670.236971177509986, 5043506.437760353088379 ], [ 303695.737823162227869, 5043536.295421834103763 ], [ 303722.766356380365323, 5043564.777552955783904 ], [ 303751.248487501114141, 5043591.806086173281074 ], [ 303781.106148982886225, 5043617.306938158348203 ], [ 303812.257503050903324, 5043641.210212846286595 ], [ 303844.617166008974891, 5043663.45039302483201 ], [ 303878.096442270267289, 5043683.9665199033916 ], [ 303912.603567465615924, 5043702.702360206283629 ], [ 303948.04395996342646, 5043719.606560297310352 ], [ 303984.320480111287907, 5043734.632786937989295 ], [ 304021.333696489047725, 5043747.739854286424816 ], [ 304058.982158443366643, 5043758.891836781986058 ], [ 304097.162674156948924, 5043768.058167615905404 ], [ 304135.770593490102328, 5043775.213722512125969 ], [ 304174.70009481953457, 5043780.338888592086732 ], [ 304213.844475088058971, 5043783.41961813159287 ], [ 304253.096442270267289, 5043784.447467065416276 ], [ 304292.348409452475607, 5043783.41961813159287 ], [ 304331.492789721, 5043780.338888592086732 ], [ 304370.42229105043225, 5043775.213722512125969 ], [ 304409.030210383585654, 5043768.058167615905404 ], [ 304447.210726097167935, 5043758.891836781986058 ], [ 304484.859188051486854, 5043747.739854286424816 ], [ 304521.872404429246671, 5043734.632786937989295 ], [ 304558.148924577108119, 5043719.606560297310352 ], [ 304593.589317074918654, 5043702.702360206283629 ], [ 304628.096442270267289, 5043683.9665199033916 ], [ 304661.575718531559687, 5043663.45039302483201 ], [ 304693.935381489631254, 5043641.210212846286595 ], [ 304725.086735557648353, 5043617.306938158348203 ], [ 304754.944397039420437, 5043591.806086173281074 ], [ 304783.426528160169255, 5043564.777552955783904 ], [ 304810.455061378306709, 5043536.295421834103763 ], [ 304835.955913362966385, 5043506.437760353088379 ], [ 304859.859188051486854, 5043475.286406285129488 ], [ 304882.099368229333777, 5043442.926743326708674 ], [ 304902.615495108591858, 5043409.447467065416276 ], [ 304921.351335411542095, 5043374.940341870300472 ], [ 304938.255535502219573, 5043339.499949372373521 ], [ 304953.281762143189553, 5043303.223429224453866 ], [ 304966.388829491625074, 5043266.210212846286595 ], [ 304977.540811987069901, 5043228.561750892549753 ], [ 304986.707142820640001, 5043190.381235178560019 ], [ 304993.862697716627736, 5043151.773315845988691 ], [ 304998.987863796472084, 5043112.843814516440034 ], [ 305002.068593336211052, 5043073.699434247799218 ], [ 305003.096442270267289, 5043034.447467065416276 ] ] ] } },
{ "type": "Feature", "properties": { "site": 17, "transect": 17.1 }, "geometry": { "type": "Polygon", "coordinates": [ [ [ 397709.323738540289924, 5027413.775410526432097 ], [ 397708.295889606233686, 5027374.523443344049156 ], [ 397705.215160066494718, 5027335.37906307540834 ], [ 397700.08999398665037, 5027296.449561745859683 ], [ 397692.934439090662636, 5027257.841642413288355 ], [ 397683.768108257092535, 5027219.66112669929862 ], [ 397672.616125761647709, 5027182.012664745561779 ], [ 397659.509058413212188, 5027144.999448367394507 ], [ 397644.482831772242207, 5027108.722928219474852 ], [ 397627.57863168156473, 5027073.282535721547902 ], [ 397608.842791378614493, 5027038.775410526432097 ], [ 397588.326664499356411, 5027005.296134265139699 ], [ 397566.086484321509488, 5026972.936471306718886 ], [ 397542.183209632989019, 5026941.785117238759995 ], [ 397516.682357648329344, 5026911.92745575774461 ], [ 397489.653824430191889, 5026883.44532463606447 ], [ 397461.171693309443071, 5026856.4167914185673 ], [ 397431.314031827670988, 5026830.915939433500171 ], [ 397400.162677759653889, 5026807.012664745561779 ], [ 397367.803014801582322, 5026784.772484567016363 ], [ 397334.323738540289924, 5026764.256357688456774 ], [ 397299.816613344941288, 5026745.520517385564744 ], [ 397264.376220847130753, 5026728.616317294538021 ], [ 397228.099700699269306, 5026713.590090653859079 ], [ 397191.086484321509488, 5026700.483023305423558 ], [ 397153.43802236719057, 5026689.331040809862316 ], [ 397115.257506653608289, 5026680.164709975942969 ], [ 397076.649587320454884, 5026673.009155079722404 ], [ 397037.720085991022643, 5026667.883988999761641 ], [ 396998.575705722498242, 5026664.803259460255504 ], [ 396959.323738540289924, 5026663.775410526432097 ], [ 396920.071771358081605, 5026664.803259460255504 ], [ 396880.927391089557204, 5026667.883988999761641 ], [ 396841.997889760124963, 5026673.009155079722404 ], [ 396803.389970426971558, 5026680.164709975942969 ], [ 396765.209454713389277, 5026689.331040809862316 ], [ 396727.560992759070359, 5026700.483023305423558 ], [ 396690.547776381310541, 5026713.590090653859079 ], [ 396654.271256233449094, 5026728.616317294538021 ], [ 396618.830863735638559, 5026745.520517385564744 ], [ 396584.323738540289924, 5026764.256357688456774 ], [ 396550.844462278997526, 5026784.772484567016363 ], [ 396518.484799320925958, 5026807.012664745561779 ], [ 396487.333445252908859, 5026830.915939433500171 ], [ 396457.475783771136776, 5026856.4167914185673 ], [ 396428.993652650387958, 5026883.44532463606447 ], [ 396401.965119432250503, 5026911.92745575774461 ], [ 396376.464267447590828, 5026941.785117238759995 ], [ 396352.560992759070359, 5026972.936471306718886 ], [ 396330.320812581223436, 5027005.296134265139699 ], [ 396309.804685701965354, 5027038.775410526432097 ], [ 396291.068845399015117, 5027073.282535721547902 ], [ 396274.16464530833764, 5027108.722928219474852 ], [ 396259.13841866736766, 5027144.999448367394507 ], [ 396246.031351318932138, 5027182.012664745561779 ], [ 396234.879368823487312, 5027219.66112669929862 ], [ 396225.713037989917211, 5027257.841642413288355 ], [ 396218.557483093929477, 5027296.449561745859683 ], [ 396213.432317014085129, 5027335.37906307540834 ], [ 396210.351587474346161, 5027374.523443344049156 ], [ 396209.323738540289924, 5027413.775410526432097 ], [ 396210.351587474346161, 5027453.027377708815038 ], [ 396213.432317014085129, 5027492.171757977455854 ], [ 396218.557483093929477, 5027531.101259307004511 ], [ 396225.713037989917211, 5027569.709178639575839 ], [ 396234.879368823487312, 5027607.889694353565574 ], [ 396246.031351318932138, 5027645.538156307302415 ], [ 396259.13841866736766, 5027682.551372685469687 ], [ 396274.16464530833764, 5027718.827892833389342 ], [ 396291.068845399015117, 5027754.268285331316292 ], [ 396309.804685701965354, 5027788.775410526432097 ], [ 396330.320812581223436, 5027822.254686787724495 ], [ 396352.560992759070359, 5027854.614349746145308 ], [ 396376.46426744753262, 5027885.765703814104199 ], [ 396401.965119432250503, 5027915.623365295119584 ], [ 396428.993652650387958, 5027944.105496416799724 ], [ 396457.475783771136776, 5027971.134029634296894 ], [ 396487.333445252908859, 5027996.634881619364023 ], [ 396518.484799320925958, 5028020.538156307302415 ], [ 396550.844462278997526, 5028042.778336485847831 ], [ 396584.323738540289924, 5028063.29446336440742 ], [ 396618.830863735638559, 5028082.030303667299449 ], [ 396654.271256233449094, 5028098.934503758326173 ], [ 396690.547776381310541, 5028113.960730399005115 ], [ 396727.560992759070359, 5028127.067797747440636 ], [ 396765.209454713389277, 5028138.219780243001878 ], [ 396803.389970426971558, 5028147.386111076921225 ], [ 396841.997889760124963, 5028154.541665973141789 ], [ 396880.927391089557204, 5028159.666832053102553 ], [ 396920.071771358081605, 5028162.74756159260869 ], [ 396959.323738540289924, 5028163.775410526432097 ], [ 396998.575705722498242, 5028162.74756159260869 ], [ 397037.720085991022643, 5028159.666832053102553 ], [ 397076.649587320454884, 5028154.541665973141789 ], [ 397115.257506653608289, 5028147.386111076921225 ], [ 397153.43802236719057, 5028138.219780243001878 ], [ 397191.086484321509488, 5028127.067797747440636 ], [ 397228.099700699269306, 5028113.960730399005115 ], [ 397264.376220847130753, 5028098.934503758326173 ], [ 397299.816613344941288, 5028082.030303667299449 ], [ 397334.323738540289924, 5028063.29446336440742 ], [ 397367.803014801582322, 5028042.778336485847831 ], [ 397400.162677759653889, 5028020.538156307302415 ], [ 397431.314031827670988, 5027996.634881619364023 ], [ 397461.171693309443071, 5027971.134029634296894 ], [ 397489.653824430191889, 5027944.105496416799724 ], [ 397516.682357648329344, 5027915.623365295119584 ], [ 397542.183209632989019, 5027885.765703814104199 ], [ 397566.086484321509488, 5027854.614349746145308 ], [ 397588.326664499356411, 5027822.254686787724495 ], [ 397608.842791378614493, 5027788.775410526432097 ], [ 397627.57863168156473, 5027754.268285331316292 ], [ 397644.482831772242207, 5027718.827892833389342 ], [ 397659.509058413212188, 5027682.551372685469687 ], [ 397672.616125761647709, 5027645.538156307302415 ], [ 397683.768108257092535, 5027607.889694353565574 ], [ 397692.934439090662636, 5027569.709178639575839 ], [ 397700.08999398665037, 5027531.101259307004511 ], [ 397705.215160066494718, 5027492.171757977455854 ], [ 397708.295889606233686, 5027453.027377708815038 ], [ 397709.323738540289924, 5027413.775410526432097 ] ] ] } },
{ "type": "Feature", "properties": { "site": 17, "transect": 17.2 }, "geometry": { "type": "Polygon", "coordinates": [ [ [ 398020.302525686565787, 5027490.093987349420786 ], [ 398019.274676752509549, 5027450.842020167037845 ], [ 398016.193947212770581, 5027411.697639898397028 ], [ 398011.068781132926233, 5027372.768138568848372 ], [ 398003.913226236938499, 5027334.160219236277044 ], [ 397994.746895403368399, 5027295.979703522287309 ], [ 397983.594912907923572, 5027258.331241568550467 ], [ 397970.487845559488051, 5027221.318025190383196 ], [ 397955.46161891851807, 5027185.041505042463541 ], [ 397938.557418827840593, 5027149.601112544536591 ], [ 397919.821578524890356, 5027115.093987349420786 ], [ 397899.305451645632274, 5027081.614711088128388 ], [ 397877.065271467785351, 5027049.255048129707575 ], [ 397853.161996779264882, 5027018.103694061748683 ], [ 397827.661144794605207, 5026988.246032580733299 ], [ 397800.632611576467752, 5026959.763901459053159 ], [ 397772.150480455718935, 5026932.735368241555989 ], [ 397742.292818973946851, 5026907.23451625648886 ], [ 397711.141464905929752, 5026883.331241568550467 ], [ 397678.781801947858185, 5026861.091061390005052 ], [ 397645.302525686565787, 5026840.574934511445463 ], [ 397610.795400491217151, 5026821.839094208553433 ], [ 397575.355007993406616, 5026804.93489411752671 ], [ 397539.078487845545169, 5026789.908667476847768 ], [ 397502.065271467785351, 5026776.801600128412247 ], [ 397464.416809513466433, 5026765.649617632851005 ], [ 397426.236293799884152, 5026756.483286798931658 ], [ 397387.628374466730747, 5026749.327731902711093 ], [ 397348.698873137298506, 5026744.20256582275033 ], [ 397309.554492868774105, 5026741.121836283244193 ], [ 397270.302525686565787, 5026740.093987349420786 ], [ 397231.050558504357468, 5026741.121836283244193 ], [ 397191.906178235833067, 5026744.20256582275033 ], [ 397152.976676906400826, 5026749.327731902711093 ], [ 397114.368757573247422, 5026756.483286798931658 ], [ 397076.188241859665141, 5026765.649617632851005 ], [ 397038.539779905346222, 5026776.801600128412247 ], [ 397001.526563527586404, 5026789.908667476847768 ], [ 396965.250043379724957, 5026804.93489411752671 ], [ 396929.809650881914422, 5026821.839094208553433 ], [ 396895.302525686565787, 5026840.574934511445463 ], [ 396861.823249425273389, 5026861.091061390005052 ], [ 396829.463586467201822, 5026883.331241568550467 ], [ 396798.312232399184722, 5026907.23451625648886 ], [ 396768.454570917412639, 5026932.735368241555989 ], [ 396739.972439796663821, 5026959.763901459053159 ], [ 396712.943906578526367, 5026988.246032580733299 ], [ 396687.443054593866691, 5027018.103694061748683 ], [ 396663.539779905346222, 5027049.255048129707575 ], [ 396641.299599727499299, 5027081.614711088128388 ], [ 396620.783472848241217, 5027115.093987349420786 ], [ 396602.04763254529098, 5027149.601112544536591 ], [ 396585.143432454613503, 5027185.041505042463541 ], [ 396570.117205813643523, 5027221.318025190383196 ], [ 396557.010138465208001, 5027258.331241568550467 ], [ 396545.858155969763175, 5027295.979703522287309 ], [ 396536.691825136193074, 5027334.160219236277044 ], [ 396529.53627024020534, 5027372.768138568848372 ], [ 396524.411104160360992, 5027411.697639898397028 ], [ 396521.330374620622024, 5027450.842020167037845 ], [ 396520.302525686565787, 5027490.093987349420786 ], [ 396521.330374620622024, 5027529.345954531803727 ], [ 396524.411104160360992, 5027568.490334800444543 ], [ 396529.53627024020534, 5027607.4198361299932 ], [ 396536.691825136193074, 5027646.027755462564528 ], [ 396545.858155969763175, 5027684.208271176554263 ], [ 396557.010138465208001, 5027721.856733130291104 ], [ 396570.117205813643523, 5027758.869949508458376 ], [ 396585.143432454613503, 5027795.146469656378031 ], [ 396602.04763254529098, 5027830.586862154304981 ], [ 396620.783472848241217, 5027865.093987349420786 ], [ 396641.299599727499299, 5027898.573263610713184 ], [ 396663.539779905346222, 5027930.932926569133997 ], [ 396687.443054593808483, 5027962.084280637092888 ], [ 396712.943906578526367, 5027991.941942118108273 ], [ 396739.972439796663821, 5028020.424073239788413 ], [ 396768.454570917412639, 5028047.452606457285583 ], [ 396798.312232399184722, 5028072.953458442352712 ], [ 396829.463586467201822, 5028096.856733130291104 ], [ 396861.823249425273389, 5028119.09691330883652 ], [ 396895.302525686565787, 5028139.613040187396109 ], [ 396929.809650881914422, 5028158.348880490288138 ], [ 396965.250043379724957, 5028175.253080581314862 ], [ 397001.526563527586404, 5028190.279307221993804 ], [ 397038.539779905346222, 5028203.386374570429325 ], [ 397076.188241859665141, 5028214.538357065990567 ], [ 397114.368757573247422, 5028223.704687899909914 ], [ 397152.976676906400826, 5028230.860242796130478 ], [ 397191.906178235833067, 5028235.985408876091242 ], [ 397231.050558504357468, 5028239.066138415597379 ], [ 397270.302525686565787, 5028240.093987349420786 ], [ 397309.554492868774105, 5028239.066138415597379 ], [ 397348.698873137298506, 5028235.985408876091242 ], [ 397387.628374466730747, 5028230.860242796130478 ], [ 397426.236293799884152, 5028223.704687899909914 ], [ 397464.416809513466433, 5028214.538357065990567 ], [ 397502.065271467785351, 5028203.386374570429325 ], [ 397539.078487845545169, 5028190.279307221993804 ], [ 397575.355007993406616, 5028175.253080581314862 ], [ 397610.795400491217151, 5028158.348880490288138 ], [ 397645.302525686565787, 5028139.613040187396109 ], [ 397678.781801947858185, 5028119.09691330883652 ], [ 397711.141464905929752, 5028096.856733130291104 ], [ 397742.292818973946851, 5028072.953458442352712 ], [ 397772.150480455718935, 5028047.452606457285583 ], [ 397800.632611576467752, 5028020.424073239788413 ], [ 397827.661144794605207, 5027991.941942118108273 ], [ 397853.161996779264882, 5027962.084280637092888 ], [ 397877.065271467785351, 5027930.932926569133997 ], [ 397899.305451645632274, 5027898.573263610713184 ], [ 397919.821578524890356, 5027865.093987349420786 ], [ 397938.557418827840593, 5027830.586862154304981 ], [ 397955.46161891851807, 5027795.146469656378031 ], [ 397970.487845559488051, 5027758.869949508458376 ], [ 397983.594912907923572, 5027721.856733130291104 ], [ 397994.746895403368399, 5027684.208271176554263 ], [ 398003.913226236938499, 5027646.027755462564528 ], [ 398011.068781132926233, 5027607.4198361299932 ], [ 398016.193947212770581, 5027568.490334800444543 ], [ 398019.274676752509549, 5027529.345954531803727 ], [ 398020.302525686565787, 5027490.093987349420786 ] ] ] } },
{ "type": "Feature", "properties": { "site": 17, "transect": 17.3 }, "geometry": { "type": "Polygon", "coordinates": [ [ [ 398053.030856579192914, 5027444.692741548642516 ], [ 398052.003007645136677, 5027405.440774366259575 ], [ 398048.922278105397709, 5027366.296394097618759 ], [ 398043.797112025553361, 5027327.366892768070102 ], [ 398036.641557129565626, 5027288.758973435498774 ], [ 398027.475226295995526, 5027250.578457721509039 ], [ 398016.323243800550699, 5027212.929995767772198 ], [ 398003.216176452115178, 5027175.916779389604926 ], [ 397988.189949811145198, 5027139.640259241685271 ], [ 397971.28574972046772, 5027104.199866743758321 ], [ 397952.549909417517483, 5027069.692741548642516 ], [ 397932.033782538259402, 5027036.213465287350118 ], [ 397909.793602360412478, 5027003.853802328929305 ], [ 397885.89032767189201, 5026972.702448260970414 ], [ 397860.389475687232334, 5026942.844786779955029 ], [ 397833.36094246909488, 5026914.362655658274889 ], [ 397804.878811348346062, 5026887.334122440777719 ], [ 397775.021149866573978, 5026861.83327045571059 ], [ 397743.869795798556879, 5026837.929995767772198 ], [ 397711.510132840485312, 5026815.689815589226782 ], [ 397678.030856579192914, 5026795.173688710667193 ], [ 397643.523731383844279, 5026776.437848407775164 ], [ 397608.083338886033744, 5026759.53364831674844 ], [ 397571.806818738172296, 5026744.507421676069498 ], [ 397534.793602360412478, 5026731.400354327633977 ], [ 397497.14514040609356, 5026720.248371832072735 ], [ 397458.964624692511279, 5026711.082040998153389 ], [ 397420.356705359357875, 5026703.926486101932824 ], [ 397381.427204029925633, 5026698.80132002197206 ], [ 397342.282823761401232, 5026695.720590482465923 ], [ 397303.030856579192914, 5026694.692741548642516 ], [ 397263.778889396984596, 5026695.720590482465923 ], [ 397224.634509128460195, 5026698.80132002197206 ], [ 397185.705007799027953, 5026703.926486101932824 ], [ 397147.097088465874549, 5026711.082040998153389 ], [ 397108.916572752292268, 5026720.248371832072735 ], [ 397071.26811079797335, 5026731.400354327633977 ], [ 397034.254894420213532, 5026744.507421676069498 ], [ 396997.978374272352085, 5026759.53364831674844 ], [ 396962.537981774541549, 5026776.437848407775164 ], [ 396928.030856579192914, 5026795.173688710667193 ], [ 396894.551580317900516, 5026815.689815589226782 ], [ 396862.191917359828949, 5026837.929995767772198 ], [ 396831.04056329181185, 5026861.83327045571059 ], [ 396801.182901810039766, 5026887.334122440777719 ], [ 396772.700770689290948, 5026914.362655658274889 ], [ 396745.672237471153494, 5026942.844786779955029 ], [ 396720.171385486493818, 5026972.702448260970414 ], [ 396696.26811079797335, 5027003.853802328929305 ], [ 396674.027930620126426, 5027036.213465287350118 ], [ 396653.511803740868345, 5027069.692741548642516 ], [ 396634.775963437918108, 5027104.199866743758321 ], [ 396617.871763347240631, 5027139.640259241685271 ], [ 396602.84553670627065, 5027175.916779389604926 ], [ 396589.738469357835129, 5027212.929995767772198 ], [ 396578.586486862390302, 5027250.578457721509039 ], [ 396569.420156028820202, 5027288.758973435498774 ], [ 396562.264601132832468, 5027327.366892768070102 ], [ 396557.139435052988119, 5027366.296394097618759 ], [ 396554.058705513249151, 5027405.440774366259575 ], [ 396553.030856579192914, 5027444.692741548642516 ], [ 396554.058705513249151, 5027483.944708731025457 ], [ 396557.139435052988119, 5027523.089088999666274 ], [ 396562.264601132832468, 5027562.018590329214931 ], [ 396569.420156028820202, 5027600.626509661786258 ], [ 396578.586486862390302, 5027638.807025375775993 ], [ 396589.738469357835129, 5027676.455487329512835 ], [ 396602.84553670627065, 5027713.468703707680106 ], [ 396617.871763347240631, 5027749.745223855599761 ], [ 396634.775963437918108, 5027785.185616353526711 ], [ 396653.511803740868345, 5027819.692741548642516 ], [ 396674.027930620126426, 5027853.172017809934914 ], [ 396696.26811079797335, 5027885.531680768355727 ], [ 396720.171385486435611, 5027916.683034836314619 ], [ 396745.672237471153494, 5027946.540696317330003 ], [ 396772.700770689290948, 5027975.022827439010143 ], [ 396801.182901810039766, 5028002.051360656507313 ], [ 396831.04056329181185, 5028027.552212641574442 ], [ 396862.191917359828949, 5028051.455487329512835 ], [ 396894.551580317900516, 5028073.69566750805825 ], [ 396928.030856579192914, 5028094.211794386617839 ], [ 396962.537981774541549, 5028112.947634689509869 ], [ 396997.978374272352085, 5028129.851834780536592 ], [ 397034.254894420213532, 5028144.878061421215534 ], [ 397071.26811079797335, 5028157.985128769651055 ], [ 397108.916572752292268, 5028169.137111265212297 ], [ 397147.097088465874549, 5028178.303442099131644 ], [ 397185.705007799027953, 5028185.458996995352209 ], [ 397224.634509128460195, 5028190.584163075312972 ], [ 397263.778889396984596, 5028193.664892614819109 ], [ 397303.030856579192914, 5028194.692741548642516 ], [ 397342.282823761401232, 5028193.664892614819109 ], [ 397381.427204029925633, 5028190.584163075312972 ], [ 397420.356705359357875, 5028185.458996995352209 ], [ 397458.964624692511279, 5028178.303442099131644 ], [ 397497.14514040609356, 5028169.137111265212297 ], [ 397534.793602360412478, 5028157.985128769651055 ], [ 397571.806818738172296, 5028144.878061421215534 ], [ 397608.083338886033744, 5028129.851834780536592 ], [ 397643.523731383844279, 5028112.947634689509869 ], [ 397678.030856579192914, 5028094.211794386617839 ], [ 397711.510132840485312, 5028073.69566750805825 ], [ 397743.869795798556879, 5028051.455487329512835 ], [ 397775.021149866573978, 5028027.552212641574442 ], [ 397804.878811348346062, 5028002.051360656507313 ], [ 397833.36094246909488, 5027975.022827439010143 ], [ 397860.389475687232334, 5027946.540696317330003 ], [ 397885.89032767189201, 5027916.683034836314619 ], [ 397909.793602360412478, 5027885.531680768355727 ], [ 397932.033782538259402, 5027853.172017809934914 ], [ 397952.549909417517483, 5027819.692741548642516 ], [ 397971.28574972046772, 5027785.185616353526711 ], [ 397988.189949811145198, 5027749.745223855599761 ], [ 398003.216176452115178, 5027713.468703707680106 ], [ 398016.323243800550699, 5027676.455487329512835 ], [ 398027.475226295995526, 5027638.807025375775993 ], [ 398036.641557129565626, 5027600.626509661786258 ], [ 398043.797112025553361, 5027562.018590329214931 ], [ 398048.922278105397709, 5027523.089088999666274 ], [ 398052.003007645136677, 5027483.944708731025457 ], [ 398053.030856579192914, 5027444.692741548642516 ] ] ] } },
{ "type": "Feature", "properties": { "site": 17, "transect": 17.4 }, "geometry": { "type": "Polygon", "coordinates": [ [ [ 398223.917358592327219, 5027303.680326510220766 ], [ 398222.889509658270981, 5027264.428359327837825 ], [ 398219.808780118532013, 5027225.283979059197009 ], [ 398214.683614038687665, 5027186.354477729648352 ], [ 398207.528059142699931, 5027147.746558397077024 ], [ 398198.36172830912983, 5027109.566042683087289 ], [ 398187.209745813685004, 5027071.917580729350448 ], [ 398174.102678465249483, 5027034.904364351183176 ], [ 398159.076451824279502, 5026998.627844203263521 ], [ 398142.172251733602025, 5026963.187451705336571 ], [ 398123.436411430651788, 5026928.680326510220766 ], [ 398102.920284551393706, 5026895.201050248928368 ], [ 398080.680104373546783, 5026862.841387290507555 ], [ 398056.776829685084522, 5026831.690033222548664 ], [ 398031.275977700366639, 5026801.832371741533279 ], [ 398004.247444482229184, 5026773.350240619853139 ], [ 397975.765313361480366, 5026746.321707402355969 ], [ 397945.907651879708283, 5026720.82085541728884 ], [ 397914.756297811691184, 5026696.917580729350448 ], [ 397882.396634853619616, 5026674.677400550805032 ], [ 397848.917358592327219, 5026654.161273672245443 ], [ 397814.410233396978583, 5026635.425433369353414 ], [ 397778.969840899168048, 5026618.52123327832669 ], [ 397742.693320751306601, 5026603.495006637647748 ], [ 397705.680104373546783, 5026590.387939289212227 ], [ 397668.031642419227865, 5026579.235956793650985 ], [ 397629.851126705645584, 5026570.069625959731638 ], [ 397591.243207372492179, 5026562.914071063511074 ], [ 397552.313706043059938, 5026557.78890498355031 ], [ 397513.169325774535537, 5026554.708175444044173 ], [ 397473.917358592327219, 5026553.680326510220766 ], [ 397434.6653914101189, 5026554.708175444044173 ], [ 397395.521011141594499, 5026557.78890498355031 ], [ 397356.591509812162258, 5026562.914071063511074 ], [ 397317.983590479008853, 5026570.069625959731638 ], [ 397279.803074765426572, 5026579.235956793650985 ], [ 397242.154612811107654, 5026590.387939289212227 ], [ 397205.141396433347836, 5026603.495006637647748 ], [ 397168.864876285486389, 5026618.52123327832669 ], [ 397133.424483787675854, 5026635.425433369353414 ], [ 397098.917358592327219, 5026654.161273672245443 ], [ 397065.438082331034821, 5026674.677400550805032 ], [ 397033.078419372963253, 5026696.917580729350448 ], [ 397001.927065304946154, 5026720.82085541728884 ], [ 396972.069403823174071, 5026746.321707402355969 ], [ 396943.587272702425253, 5026773.350240619853139 ], [ 396916.558739484287798, 5026801.832371741533279 ], [ 396891.057887499628123, 5026831.690033222548664 ], [ 396867.154612811107654, 5026862.841387290507555 ], [ 396844.914432633260731, 5026895.201050248928368 ], [ 396824.398305754002649, 5026928.680326510220766 ], [ 396805.662465451052412, 5026963.187451705336571 ], [ 396788.758265360374935, 5026998.627844203263521 ], [ 396773.732038719404954, 5027034.904364351183176 ], [ 396760.624971370969433, 5027071.917580729350448 ], [ 396749.472988875524607, 5027109.566042683087289 ], [ 396740.306658041954506, 5027147.746558397077024 ], [ 396733.151103145966772, 5027186.354477729648352 ], [ 396728.025937066122424, 5027225.283979059197009 ], [ 396724.945207526383456, 5027264.428359327837825 ], [ 396723.917358592327219, 5027303.680326510220766 ], [ 396724.945207526383456, 5027342.932293692603707 ], [ 396728.025937066122424, 5027382.076673961244524 ], [ 396733.151103145966772, 5027421.00617529079318 ], [ 396740.306658041954506, 5027459.614094623364508 ], [ 396749.472988875524607, 5027497.794610337354243 ], [ 396760.624971370969433, 5027535.443072291091084 ], [ 396773.732038719404954, 5027572.456288669258356 ], [ 396788.758265360374935, 5027608.732808817178011 ], [ 396805.662465451052412, 5027644.173201315104961 ], [ 396824.398305754002649, 5027678.680326510220766 ], [ 396844.914432633260731, 5027712.159602771513164 ], [ 396867.154612811107654, 5027744.519265729933977 ], [ 396891.057887499569915, 5027775.670619797892869 ], [ 396916.558739484287798, 5027805.528281278908253 ], [ 396943.587272702425253, 5027834.010412400588393 ], [ 396972.069403823174071, 5027861.038945618085563 ], [ 397001.927065304946154, 5027886.539797603152692 ], [ 397033.078419372963253, 5027910.443072291091084 ], [ 397065.438082331034821, 5027932.6832524696365 ], [ 397098.917358592327219, 5027953.199379348196089 ], [ 397133.424483787675854, 5027971.935219651088119 ], [ 397168.864876285486389, 5027988.839419742114842 ], [ 397205.141396433347836, 5028003.865646382793784 ], [ 397242.154612811107654, 5028016.972713731229305 ], [ 397279.803074765426572, 5028028.124696226790547 ], [ 397317.983590479008853, 5028037.291027060709894 ], [ 397356.591509812162258, 5028044.446581956930459 ], [ 397395.521011141594499, 5028049.571748036891222 ], [ 397434.6653914101189, 5028052.652477576397359 ], [ 397473.917358592327219, 5028053.680326510220766 ], [ 397513.169325774535537, 5028052.652477576397359 ], [ 397552.313706043059938, 5028049.571748036891222 ], [ 397591.243207372492179, 5028044.446581956930459 ], [ 397629.851126705645584, 5028037.291027060709894 ], [ 397668.031642419227865, 5028028.124696226790547 ], [ 397705.680104373546783, 5028016.972713731229305 ], [ 397742.693320751306601, 5028003.865646382793784 ], [ 397778.969840899168048, 5027988.839419742114842 ], [ 397814.410233396978583, 5027971.935219651088119 ], [ 397848.917358592327219, 5027953.199379348196089 ], [ 397882.396634853619616, 5027932.6832524696365 ], [ 397914.756297811691184, 5027910.443072291091084 ], [ 397945.907651879708283, 5027886.539797603152692 ], [ 397975.765313361480366, 5027861.038945618085563 ], [ 398004.247444482229184, 5027834.010412400588393 ], [ 398031.275977700366639, 5027805.528281278908253 ], [ 398056.776829685026314, 5027775.670619797892869 ], [ 398080.680104373546783, 5027744.519265729933977 ], [ 398102.920284551393706, 5027712.159602771513164 ], [ 398123.436411430651788, 5027678.680326510220766 ], [ 398142.172251733602025, 5027644.173201315104961 ], [ 398159.076451824279502, 5027608.732808817178011 ], [ 398174.102678465249483, 5027572.456288669258356 ], [ 398187.209745813685004, 5027535.443072291091084 ], [ 398198.36172830912983, 5027497.794610337354243 ], [ 398207.528059142699931, 5027459.614094623364508 ], [ 398214.683614038687665, 5027421.00617529079318 ], [ 398219.808780118532013, 5027382.076673961244524 ], [ 398222.889509658270981, 5027342.932293692603707 ], [ 398223.917358592327219, 5027303.680326510220766 ] ] ] } },
{ "type": "Feature", "properties": { "site": 17, "transect": 17.5 }, "geometry": { "type": "Polygon", "coordinates": [ [ [ 397920.09108543448383, 5027377.512481899000704 ], [ 397919.063236500427593, 5027338.260514716617763 ], [ 397915.982506960688625, 5027299.116134447976947 ], [ 397910.857340880844276, 5027260.18663311842829 ], [ 397903.701785984856542, 5027221.578713785856962 ], [ 397894.535455151286442, 5027183.398198071867228 ], [ 397883.383472655841615, 5027145.749736118130386 ], [ 397870.276405307406094, 5027108.736519739963114 ], [ 397855.250178666436113, 5027072.459999592043459 ], [ 397838.345978575758636, 5027037.019607094116509 ], [ 397819.610138272808399, 5027002.512481899000704 ], [ 397799.094011393550318, 5026969.033205637708306 ], [ 397776.853831215703394, 5026936.673542679287493 ], [ 397752.950556527241133, 5026905.522188611328602 ], [ 397727.44970454252325, 5026875.664527130313218 ], [ 397700.421171324385796, 5026847.182396008633077 ], [ 397671.939040203636978, 5026820.153862791135907 ], [ 397642.081378721864894, 5026794.653010806068778 ], [ 397610.930024653847795, 5026770.749736118130386 ], [ 397578.570361695776228, 5026748.50955593958497 ], [ 397545.09108543448383, 5026727.993429061025381 ], [ 397510.583960239135195, 5026709.257588758133352 ], [ 397475.143567741324659, 5026692.353388667106628 ], [ 397438.867047593463212, 5026677.327162026427686 ], [ 397401.853831215703394, 5026664.220094677992165 ], [ 397364.205369261384476, 5026653.068112182430923 ], [ 397326.024853547802195, 5026643.901781348511577 ], [ 397287.416934214648791, 5026636.746226452291012 ], [ 397248.487432885216549, 5026631.621060372330248 ], [ 397209.343052616692148, 5026628.540330832824111 ], [ 397170.09108543448383, 5026627.512481899000704 ], [ 397130.839118252275512, 5026628.540330832824111 ], [ 397091.694737983751111, 5026631.621060372330248 ], [ 397052.765236654318869, 5026636.746226452291012 ], [ 397014.157317321165465, 5026643.901781348511577 ], [ 396975.976801607583184, 5026653.068112182430923 ], [ 396938.328339653264266, 5026664.220094677992165 ], [ 396901.315123275504448, 5026677.327162026427686 ], [ 396865.038603127643, 5026692.353388667106628 ], [ 396829.598210629832465, 5026709.257588758133352 ], [ 396795.09108543448383, 5026727.993429061025381 ], [ 396761.611809173191432, 5026748.50955593958497 ], [ 396729.252146215119865, 5026770.749736118130386 ], [ 396698.100792147102766, 5026794.653010806068778 ], [ 396668.243130665330682, 5026820.153862791135907 ], [ 396639.760999544581864, 5026847.182396008633077 ], [ 396612.73246632644441, 5026875.664527130313218 ], [ 396587.231614341784734, 5026905.522188611328602 ], [ 396563.328339653264266, 5026936.673542679287493 ], [ 396541.088159475417342, 5026969.033205637708306 ], [ 396520.572032596159261, 5027002.512481899000704 ], [ 396501.836192293209024, 5027037.019607094116509 ], [ 396484.931992202531546, 5027072.459999592043459 ], [ 396469.905765561561566, 5027108.736519739963114 ], [ 396456.798698213126045, 5027145.749736118130386 ], [ 396445.646715717681218, 5027183.398198071867228 ], [ 396436.480384884111118, 5027221.578713785856962 ], [ 396429.324829988123383, 5027260.18663311842829 ], [ 396424.199663908279035, 5027299.116134447976947 ], [ 396421.118934368540067, 5027338.260514716617763 ], [ 396420.09108543448383, 5027377.512481899000704 ], [ 396421.118934368540067, 5027416.764449081383646 ], [ 396424.199663908279035, 5027455.908829350024462 ], [ 396429.324829988123383, 5027494.838330679573119 ], [ 396436.480384884111118, 5027533.446250012144446 ], [ 396445.646715717681218, 5027571.626765726134181 ], [ 396456.798698213126045, 5027609.275227679871023 ], [ 396469.905765561561566, 5027646.288444058038294 ], [ 396484.931992202531546, 5027682.564964205957949 ], [ 396501.836192293209024, 5027718.0053567038849 ], [ 396520.572032596159261, 5027752.512481899000704 ], [ 396541.088159475417342, 5027785.991758160293102 ], [ 396563.328339653264266, 5027818.351421118713915 ], [ 396587.231614341726527, 5027849.502775186672807 ], [ 396612.73246632644441, 5027879.360436667688191 ], [ 396639.760999544581864, 5027907.842567789368331 ], [ 396668.243130665330682, 5027934.871101006865501 ], [ 396698.100792147102766, 5027960.371952991932631 ], [ 396729.252146215119865, 5027984.275227679871023 ], [ 396761.611809173191432, 5028006.515407858416438 ], [ 396795.09108543448383, 5028027.031534736976027 ], [ 396829.598210629832465, 5028045.767375039868057 ], [ 396865.038603127643, 5028062.67157513089478 ], [ 396901.315123275504448, 5028077.697801771573722 ], [ 396938.328339653264266, 5028090.804869120009243 ], [ 396975.976801607583184, 5028101.956851615570486 ], [ 397014.157317321165465, 5028111.123182449489832 ], [ 397052.765236654318869, 5028118.278737345710397 ], [ 397091.694737983751111, 5028123.40390342567116 ], [ 397130.839118252275512, 5028126.484632965177298 ], [ 397170.09108543448383, 5028127.512481899000704 ], [ 397209.343052616692148, 5028126.484632965177298 ], [ 397248.487432885216549, 5028123.40390342567116 ], [ 397287.416934214648791, 5028118.278737345710397 ], [ 397326.024853547802195, 5028111.123182449489832 ], [ 397364.205369261384476, 5028101.956851615570486 ], [ 397401.853831215703394, 5028090.804869120009243 ], [ 397438.867047593463212, 5028077.697801771573722 ], [ 397475.143567741324659, 5028062.67157513089478 ], [ 397510.583960239135195, 5028045.767375039868057 ], [ 397545.09108543448383, 5028027.031534736976027 ], [ 397578.570361695776228, 5028006.515407858416438 ], [ 397610.930024653847795, 5027984.275227679871023 ], [ 397642.081378721864894, 5027960.371952991932631 ], [ 397671.939040203636978, 5027934.871101006865501 ], [ 397700.421171324385796, 5027907.842567789368331 ], [ 397727.44970454252325, 5027879.360436667688191 ], [ 397752.950556527182925, 5027849.502775186672807 ], [ 397776.853831215703394, 5027818.351421118713915 ], [ 397799.094011393550318, 5027785.991758160293102 ], [ 397819.610138272808399, 5027752.512481899000704 ], [ 397838.345978575758636, 5027718.0053567038849 ], [ 397855.250178666436113, 5027682.564964205957949 ], [ 397870.276405307406094, 5027646.288444058038294 ], [ 397883.383472655841615, 5027609.275227679871023 ], [ 397894.535455151286442, 5027571.626765726134181 ], [ 397903.701785984856542, 5027533.446250012144446 ], [ 397910.857340880844276, 5027494.838330679573119 ], [ 397915.982506960688625, 5027455.908829350024462 ], [ 397919.063236500427593, 5027416.764449081383646 ], [ 397920.09108543448383, 5027377.512481899000704 ] ] ] } },
{ "type": "Feature", "properties": { "site": 17, "transect": 17.6 }, "geometry": { "type": "Polygon", "coordinates": [ [ [ 397889.270831479574554, 5027294.968135744333267 ], [ 397888.242982545518316, 5027255.716168561950326 ], [ 397885.162253005779348, 5027216.57178829330951 ], [ 397880.037086925935, 5027177.642286963760853 ], [ 397872.881532029947266, 5027139.034367631189525 ], [ 397863.715201196377166, 5027100.85385191719979 ], [ 397852.563218700932339, 5027063.205389963462949 ], [ 397839.456151352496818, 5027026.192173585295677 ], [ 397824.429924711526837, 5026989.915653437376022 ], [ 397807.52572462084936, 5026954.475260939449072 ], [ 397788.789884317899123, 5026919.968135744333267 ], [ 397768.273757438641042, 5026886.488859483040869 ], [ 397746.033577260794118, 5026854.129196524620056 ], [ 397722.130302572273649, 5026822.977842456661165 ], [ 397696.629450587613974, 5026793.120180975645781 ], [ 397669.60091736947652, 5026764.63804985396564 ], [ 397641.118786248727702, 5026737.60951663646847 ], [ 397611.261124766955618, 5026712.108664651401341 ], [ 397580.109770698938519, 5026688.205389963462949 ], [ 397547.750107740866952, 5026665.965209784917533 ], [ 397514.270831479574554, 5026645.449082906357944 ], [ 397479.763706284225918, 5026626.713242603465915 ], [ 397444.323313786415383, 5026609.809042512439191 ], [ 397408.046793638553936, 5026594.782815871760249 ], [ 397371.033577260794118, 5026581.675748523324728 ], [ 397333.3851153064752, 5026570.523766027763486 ], [ 397295.204599592892919, 5026561.35743519384414 ], [ 397256.596680259739514, 5026554.201880297623575 ], [ 397217.667178930307273, 5026549.076714217662811 ], [ 397178.522798661782872, 5026545.995984678156674 ], [ 397139.270831479574554, 5026544.968135744333267 ], [ 397100.018864297366235, 5026545.995984678156674 ], [ 397060.874484028841835, 5026549.076714217662811 ], [ 397021.944982699409593, 5026554.201880297623575 ], [ 396983.337063366256189, 5026561.35743519384414 ], [ 396945.156547652673908, 5026570.523766027763486 ], [ 396907.508085698354989, 5026581.675748523324728 ], [ 396870.494869320595171, 5026594.782815871760249 ], [ 396834.218349172733724, 5026609.809042512439191 ], [ 396798.777956674923189, 5026626.713242603465915 ], [ 396764.270831479574554, 5026645.449082906357944 ], [ 396730.791555218282156, 5026665.965209784917533 ], [ 396698.431892260210589, 5026688.205389963462949 ], [ 396667.28053819219349, 5026712.108664651401341 ], [ 396637.422876710421406, 5026737.60951663646847 ], [ 396608.940745589672588, 5026764.63804985396564 ], [ 396581.912212371535134, 5026793.120180975645781 ], [ 396556.411360386875458, 5026822.977842456661165 ], [ 396532.508085698354989, 5026854.129196524620056 ], [ 396510.267905520508066, 5026886.488859483040869 ], [ 396489.751778641249985, 5026919.968135744333267 ], [ 396471.015938338299748, 5026954.475260939449072 ], [ 396454.11173824762227, 5026989.915653437376022 ], [ 396439.08551160665229, 5027026.192173585295677 ], [ 396425.978444258216769, 5027063.205389963462949 ], [ 396414.826461762771942, 5027100.85385191719979 ], [ 396405.660130929201841, 5027139.034367631189525 ], [ 396398.504576033214107, 5027177.642286963760853 ], [ 396393.379409953369759, 5027216.57178829330951 ], [ 396390.298680413630791, 5027255.716168561950326 ], [ 396389.270831479574554, 5027294.968135744333267 ], [ 396390.298680413630791, 5027334.220102926716208 ], [ 396393.379409953369759, 5027373.364483195357025 ], [ 396398.504576033214107, 5027412.293984524905682 ], [ 396405.660130929201841, 5027450.901903857477009 ], [ 396414.826461762771942, 5027489.082419571466744 ], [ 396425.978444258216769, 5027526.730881525203586 ], [ 396439.08551160665229, 5027563.744097903370857 ], [ 396454.11173824762227, 5027600.020618051290512 ], [ 396471.015938338299748, 5027635.461010549217463 ], [ 396489.751778641249985, 5027669.968135744333267 ], [ 396510.267905520508066, 5027703.447412005625665 ], [ 396532.508085698354989, 5027735.807074964046478 ], [ 396556.41136038681725, 5027766.95842903200537 ], [ 396581.912212371535134, 5027796.816090513020754 ], [ 396608.940745589672588, 5027825.298221634700894 ], [ 396637.422876710421406, 5027852.326754852198064 ], [ 396667.28053819219349, 5027877.827606837265193 ], [ 396698.431892260210589, 5027901.730881525203586 ], [ 396730.791555218282156, 5027923.971061703749001 ], [ 396764.270831479574554, 5027944.48718858230859 ], [ 396798.777956674923189, 5027963.22302888520062 ], [ 396834.218349172733724, 5027980.127228976227343 ], [ 396870.494869320595171, 5027995.153455616906285 ], [ 396907.508085698354989, 5028008.260522965341806 ], [ 396945.156547652673908, 5028019.412505460903049 ], [ 396983.337063366256189, 5028028.578836294822395 ], [ 397021.944982699409593, 5028035.73439119104296 ], [ 397060.874484028841835, 5028040.859557271003723 ], [ 397100.018864297366235, 5028043.940286810509861 ], [ 397139.270831479574554, 5028044.968135744333267 ], [ 397178.522798661782872, 5028043.940286810509861 ], [ 397217.667178930307273, 5028040.859557271003723 ], [ 397256.596680259739514, 5028035.73439119104296 ], [ 397295.204599592892919, 5028028.578836294822395 ], [ 397333.3851153064752, 5028019.412505460903049 ], [ 397371.033577260794118, 5028008.260522965341806 ], [ 397408.046793638553936, 5027995.153455616906285 ], [ 397444.323313786415383, 5027980.127228976227343 ], [ 397479.763706284225918, 5027963.22302888520062 ], [ 397514.270831479574554, 5027944.48718858230859 ], [ 397547.750107740866952, 5027923.971061703749001 ], [ 397580.109770698938519, 5027901.730881525203586 ], [ 397611.261124766955618, 5027877.827606837265193 ], [ 397641.118786248727702, 5027852.326754852198064 ], [ 397669.60091736947652, 5027825.298221634700894 ], [ 397696.629450587613974, 5027796.816090513020754 ], [ 397722.130302572273649, 5027766.95842903200537 ], [ 397746.033577260794118, 5027735.807074964046478 ], [ 397768.273757438641042, 5027703.447412005625665 ], [ 397788.789884317899123, 5027669.968135744333267 ], [ 397807.52572462084936, 5027635.461010549217463 ], [ 397824.429924711526837, 5027600.020618051290512 ], [ 397839.456151352496818, 5027563.744097903370857 ], [ 397852.563218700932339, 5027526.730881525203586 ], [ 397863.715201196377166, 5027489.082419571466744 ], [ 397872.881532029947266, 5027450.901903857477009 ], [ 397880.037086925935, 5027412.293984524905682 ], [ 397885.162253005779348, 5027373.364483195357025 ], [ 397888.242982545518316, 5027334.220102926716208 ], [ 397889.270831479574554, 5027294.968135744333267 ] ] ] } },
{ "type": "Feature", "properties": { "site": 18, "transect": 18.1 }, "geometry": { "type": "Polygon", "coordinates": [ [ [ 465979.404690052499063, 5010519.623023215681314 ], [ 465978.376841118442826, 5010480.371056033298373 ], [ 465975.296111578703858, 5010441.226675764657557 ], [ 465970.17094549885951, 5010402.2971744351089 ], [ 465963.015390602871776, 5010363.689255102537572 ], [ 465953.849059769301675, 5010325.508739388547838 ], [ 465942.697077273856848, 5010287.860277434810996 ], [ 465929.590009925421327, 5010250.847061056643724 ], [ 465914.563783284451347, 5010214.57054090872407 ], [ 465897.659583193773869, 5010179.130148410797119 ], [ 465878.923742890823632, 5010144.623023215681314 ], [ 465858.407616011565551, 5010111.143746954388916 ], [ 465836.167435833718628, 5010078.784083995968103 ], [ 465812.264161145198159, 5010047.632729928009212 ], [ 465786.763309160538483, 5010017.775068446993828 ], [ 465759.734775942401029, 5009989.292937325313687 ], [ 465731.252644821652211, 5009962.264404107816517 ], [ 465701.394983339880127, 5009936.763552122749388 ], [ 465670.243629271863028, 5009912.860277434810996 ], [ 465637.883966313791461, 5009890.620097256265581 ], [ 465604.404690052499063, 5009870.103970377705991 ], [ 465569.897564857150428, 5009851.368130074813962 ], [ 465534.457172359339893, 5009834.463929983787239 ], [ 465498.180652211478446, 5009819.437703343108296 ], [ 465461.167435833718628, 5009806.330635994672775 ], [ 465423.518973879399709, 5009795.178653499111533 ], [ 465385.338458165817428, 5009786.012322665192187 ], [ 465346.730538832664024, 5009778.856767768971622 ], [ 465307.801037503231782, 5009773.731601689010859 ], [ 465268.656657234707382, 5009770.650872149504721 ], [ 465229.404690052499063, 5009769.623023215681314 ], [ 465190.152722870290745, 5009770.650872149504721 ], [ 465151.008342601766344, 5009773.731601689010859 ], [ 465112.078841272334103, 5009778.856767768971622 ], [ 465073.470921939180698, 5009786.012322665192187 ], [ 465035.290406225598417, 5009795.178653499111533 ], [ 464997.641944271279499, 5009806.330635994672775 ], [ 464960.628727893519681, 5009819.437703343108296 ], [ 464924.352207745658234, 5009834.463929983787239 ], [ 464888.911815247847699, 5009851.368130074813962 ], [ 464854.404690052499063, 5009870.103970377705991 ], [ 464820.925413791206665, 5009890.620097256265581 ], [ 464788.565750833135098, 5009912.860277434810996 ], [ 464757.414396765117999, 5009936.763552122749388 ], [ 464727.556735283345915, 5009962.264404107816517 ], [ 464699.074604162597097, 5009989.292937325313687 ], [ 464672.046070944459643, 5010017.775068446993828 ], [ 464646.545218959799968, 5010047.632729928009212 ], [ 464622.641944271279499, 5010078.784083995968103 ], [ 464600.401764093432575, 5010111.143746954388916 ], [ 464579.885637214174494, 5010144.623023215681314 ], [ 464561.149796911224257, 5010179.130148410797119 ], [ 464544.24559682054678, 5010214.57054090872407 ], [ 464529.219370179576799, 5010250.847061056643724 ], [ 464516.112302831141278, 5010287.860277434810996 ], [ 464504.960320335696451, 5010325.508739388547838 ], [ 464495.793989502126351, 5010363.689255102537572 ], [ 464488.638434606138617, 5010402.2971744351089 ], [ 464483.513268526294269, 5010441.226675764657557 ], [ 464480.432538986555301, 5010480.371056033298373 ], [ 464479.404690052499063, 5010519.623023215681314 ], [ 464480.432538986555301, 5010558.874990398064256 ], [ 464483.513268526294269, 5010598.019370666705072 ], [ 464488.638434606138617, 5010636.948871996253729 ], [ 464495.793989502126351, 5010675.556791328825057 ], [ 464504.960320335696451, 5010713.737307042814791 ], [ 464516.112302831141278, 5010751.385768996551633 ], [ 464529.219370179576799, 5010788.398985374718904 ], [ 464544.24559682054678, 5010824.675505522638559 ], [ 464561.149796911224257, 5010860.11589802056551 ], [ 464579.885637214174494, 5010894.623023215681314 ], [ 464600.401764093432575, 5010928.102299476973712 ], [ 464622.641944271279499, 5010960.461962435394526 ], [ 464646.54521895974176, 5010991.613316503353417 ], [ 464672.046070944459643, 5011021.470977984368801 ], [ 464699.074604162597097, 5011049.953109106048942 ], [ 464727.556735283345915, 5011076.981642323546112 ], [ 464757.414396765117999, 5011102.482494308613241 ], [ 464788.565750833135098, 5011126.385768996551633 ], [ 464820.925413791206665, 5011148.625949175097048 ], [ 464854.404690052499063, 5011169.142076053656638 ], [ 464888.911815247847699, 5011187.877916356548667 ], [ 464924.352207745658234, 5011204.78211644757539 ], [ 464960.628727893519681, 5011219.808343088254333 ], [ 464997.641944271279499, 5011232.915410436689854 ], [ 465035.290406225598417, 5011244.067392932251096 ], [ 465073.470921939180698, 5011253.233723766170442 ], [ 465112.078841272334103, 5011260.389278662391007 ], [ 465151.008342601766344, 5011265.51444474235177 ], [ 465190.152722870290745, 5011268.595174281857908 ], [ 465229.404690052499063, 5011269.623023215681314 ], [ 465268.656657234707382, 5011268.595174281857908 ], [ 465307.801037503231782, 5011265.51444474235177 ], [ 465346.730538832664024, 5011260.389278662391007 ], [ 465385.338458165817428, 5011253.233723766170442 ], [ 465423.518973879399709, 5011244.067392932251096 ], [ 465461.167435833718628, 5011232.915410436689854 ], [ 465498.180652211478446, 5011219.808343088254333 ], [ 465534.457172359339893, 5011204.78211644757539 ], [ 465569.897564857150428, 5011187.877916356548667 ], [ 465604.404690052499063, 5011169.142076053656638 ], [ 465637.883966313791461, 5011148.625949175097048 ], [ 465670.243629271863028, 5011126.385768996551633 ], [ 465701.394983339880127, 5011102.482494308613241 ], [ 465731.252644821652211, 5011076.981642323546112 ], [ 465759.734775942401029, 5011049.953109106048942 ], [ 465786.763309160538483, 5011021.470977984368801 ], [ 465812.264161145198159, 5010991.613316503353417 ], [ 465836.167435833718628, 5010960.461962435394526 ], [ 465858.407616011565551, 5010928.102299476973712 ], [ 465878.923742890823632, 5010894.623023215681314 ], [ 465897.659583193773869, 5010860.11589802056551 ], [ 465914.563783284451347, 5010824.675505522638559 ], [ 465929.590009925421327, 5010788.398985374718904 ], [ 465942.697077273856848, 5010751.385768996551633 ], [ 465953.849059769301675, 5010713.737307042814791 ], [ 465963.015390602871776, 5010675.556791328825057 ], [ 465970.17094549885951, 5010636.948871996253729 ], [ 465975.296111578703858, 5010598.019370666705072 ], [ 465978.376841118442826, 5010558.874990398064256 ], [ 465979.404690052499063, 5010519.623023215681314 ] ] ] } },
{ "type": "Feature", "properties": { "site": 18, "transect": 18.2 }, "geometry": { "type": "Polygon", "coordinates": [ [ [ 466185.701729586173315, 5010560.449746504426003 ], [ 466184.673880652117077, 5010521.197779322043061 ], [ 466181.593151112378109, 5010482.053399053402245 ], [ 466176.467985032533761, 5010443.123897723853588 ], [ 466169.312430136546027, 5010404.51597839128226 ], [ 466160.146099302975927, 5010366.335462677292526 ], [ 466148.9941168075311, 5010328.687000723555684 ], [ 466135.887049459095579, 5010291.673784345388412 ], [ 466120.860822818125598, 5010255.397264197468758 ], [ 466103.956622727448121, 5010219.956871699541807 ], [ 466085.220782424497884, 5010185.449746504426003 ], [ 466064.704655545239802, 5010151.970470243133605 ], [ 466042.464475367392879, 5010119.610807284712791 ], [ 466018.561200678930618, 5010088.4594532167539 ], [ 465993.060348694212735, 5010058.601791735738516 ], [ 465966.03181547607528, 5010030.119660614058375 ], [ 465937.549684355326463, 5010003.091127396561205 ], [ 465907.692022873554379, 5009977.590275411494076 ], [ 465876.54066880553728, 5009953.687000723555684 ], [ 465844.181005847465713, 5009931.446820545010269 ], [ 465810.701729586173315, 5009910.930693666450679 ], [ 465776.194604390824679, 5009892.19485336355865 ], [ 465740.754211893014144, 5009875.290653272531927 ], [ 465704.477691745152697, 5009860.264426631852984 ], [ 465667.464475367392879, 5009847.157359283417463 ], [ 465629.816013413073961, 5009836.005376787856221 ], [ 465591.63549769949168, 5009826.839045953936875 ], [ 465553.027578366338275, 5009819.68349105771631 ], [ 465514.098077036906034, 5009814.558324977755547 ], [ 465474.953696768381633, 5009811.477595438249409 ], [ 465435.701729586173315, 5009810.449746504426003 ], [ 465396.449762403964996, 5009811.477595438249409 ], [ 465357.305382135440595, 5009814.558324977755547 ], [ 465318.375880806008354, 5009819.68349105771631 ], [ 465279.76796147285495, 5009826.839045953936875 ], [ 465241.587445759272669, 5009836.005376787856221 ], [ 465203.93898380495375, 5009847.157359283417463 ], [ 465166.925767427193932, 5009860.264426631852984 ], [ 465130.649247279332485, 5009875.290653272531927 ], [ 465095.20885478152195, 5009892.19485336355865 ], [ 465060.701729586173315, 5009910.930693666450679 ], [ 465027.222453324880917, 5009931.446820545010269 ], [ 464994.86279036680935, 5009953.687000723555684 ], [ 464963.71143629879225, 5009977.590275411494076 ], [ 464933.853774817020167, 5010003.091127396561205 ], [ 464905.371643696271349, 5010030.119660614058375 ], [ 464878.343110478133895, 5010058.601791735738516 ], [ 464852.842258493474219, 5010088.4594532167539 ], [ 464828.93898380495375, 5010119.610807284712791 ], [ 464806.698803627106827, 5010151.970470243133605 ], [ 464786.182676747848745, 5010185.449746504426003 ], [ 464767.446836444898508, 5010219.956871699541807 ], [ 464750.542636354221031, 5010255.397264197468758 ], [ 464735.516409713251051, 5010291.673784345388412 ], [ 464722.409342364815529, 5010328.687000723555684 ], [ 464711.257359869370703, 5010366.335462677292526 ], [ 464702.091029035800602, 5010404.51597839128226 ], [ 464694.935474139812868, 5010443.123897723853588 ], [ 464689.81030805996852, 5010482.053399053402245 ], [ 464686.729578520229552, 5010521.197779322043061 ], [ 464685.701729586173315, 5010560.449746504426003 ], [ 464686.729578520229552, 5010599.701713686808944 ], [ 464689.81030805996852, 5010638.84609395544976 ], [ 464694.935474139812868, 5010677.775595284998417 ], [ 464702.091029035800602, 5010716.383514617569745 ], [ 464711.257359869370703, 5010754.564030331559479 ], [ 464722.409342364815529, 5010792.212492285296321 ], [ 464735.516409713251051, 5010829.225708663463593 ], [ 464750.542636354221031, 5010865.502228811383247 ], [ 464767.446836444898508, 5010900.942621309310198 ], [ 464786.182676747848745, 5010935.449746504426003 ], [ 464806.698803627106827, 5010968.9290227657184 ], [ 464828.93898380495375, 5011001.288685724139214 ], [ 464852.842258493416011, 5011032.440039792098105 ], [ 464878.343110478133895, 5011062.297701273113489 ], [ 464905.371643696271349, 5011090.77983239479363 ], [ 464933.853774817020167, 5011117.8083656122908 ], [ 464963.71143629879225, 5011143.309217597357929 ], [ 464994.86279036680935, 5011167.212492285296321 ], [ 465027.222453324880917, 5011189.452672463841736 ], [ 465060.701729586173315, 5011209.968799342401326 ], [ 465095.20885478152195, 5011228.704639645293355 ], [ 465130.649247279332485, 5011245.608839736320078 ], [ 465166.925767427193932, 5011260.635066376999021 ], [ 465203.93898380495375, 5011273.742133725434542 ], [ 465241.587445759272669, 5011284.894116220995784 ], [ 465279.76796147285495, 5011294.06044705491513 ], [ 465318.375880806008354, 5011301.216001951135695 ], [ 465357.305382135440595, 5011306.341168031096458 ], [ 465396.449762403964996, 5011309.421897570602596 ], [ 465435.701729586173315, 5011310.449746504426003 ], [ 465474.953696768381633, 5011309.421897570602596 ], [ 465514.098077036906034, 5011306.341168031096458 ], [ 465553.027578366338275, 5011301.216001951135695 ], [ 465591.63549769949168, 5011294.06044705491513 ], [ 465629.816013413073961, 5011284.894116220995784 ], [ 465667.464475367392879, 5011273.742133725434542 ], [ 465704.477691745152697, 5011260.635066376999021 ], [ 465740.754211893014144, 5011245.608839736320078 ], [ 465776.194604390824679, 5011228.704639645293355 ], [ 465810.701729586173315, 5011209.968799342401326 ], [ 465844.181005847465713, 5011189.452672463841736 ], [ 465876.54066880553728, 5011167.212492285296321 ], [ 465907.692022873554379, 5011143.309217597357929 ], [ 465937.549684355326463, 5011117.8083656122908 ], [ 465966.03181547607528, 5011090.77983239479363 ], [ 465993.060348694212735, 5011062.297701273113489 ], [ 466018.56120067887241, 5011032.440039792098105 ], [ 466042.464475367392879, 5011001.288685724139214 ], [ 466064.704655545239802, 5010968.9290227657184 ], [ 466085.220782424497884, 5010935.449746504426003 ], [ 466103.956622727448121, 5010900.942621309310198 ], [ 466120.860822818125598, 5010865.502228811383247 ], [ 466135.887049459095579, 5010829.225708663463593 ], [ 466148.9941168075311, 5010792.212492285296321 ], [ 466160.146099302975927, 5010754.564030331559479 ], [ 466169.312430136546027, 5010716.383514617569745 ], [ 466176.467985032533761, 5010677.775595284998417 ], [ 466181.593151112378109, 5010638.84609395544976 ], [ 466184.673880652117077, 5010599.701713686808944 ], [ 466185.701729586173315, 5010560.449746504426003 ] ] ] } },
{ "type": "Feature", "properties": { "site": 19, "transect": 19.1 }, "geometry": { "type": "Polygon", "coordinates": [ [ [ 456923.822071194590535, 5026783.597757807001472 ], [ 456922.794222260534298, 5026744.34579062461853 ], [ 456919.71349272079533, 5026705.201410355977714 ], [ 456914.588326640950982, 5026666.271909026429057 ], [ 456907.432771744963247, 5026627.663989693857729 ], [ 456898.266440911393147, 5026589.483473979867995 ], [ 456887.11445841594832, 5026551.835012026131153 ], [ 456874.007391067512799, 5026514.821795647963881 ], [ 456858.981164426542819, 5026478.545275500044227 ], [ 456842.076964335865341, 5026443.104883002117276 ], [ 456823.341124032915104, 5026408.597757807001472 ], [ 456802.824997153657023, 5026375.118481545709074 ], [ 456780.584816975810099, 5026342.75881858728826 ], [ 456756.681542287347838, 5026311.607464519329369 ], [ 456731.180690302629955, 5026281.749803038313985 ], [ 456704.152157084492501, 5026253.267671916633844 ], [ 456675.670025963743683, 5026226.239138699136674 ], [ 456645.812364481971599, 5026200.738286714069545 ], [ 456614.6610104139545, 5026176.835012026131153 ], [ 456582.301347455882933, 5026154.594831847585738 ], [ 456548.822071194590535, 5026134.078704969026148 ], [ 456514.3149459992419, 5026115.342864666134119 ], [ 456478.874553501431365, 5026098.438664575107396 ], [ 456442.598033353569917, 5026083.412437934428453 ], [ 456405.584816975810099, 5026070.305370585992932 ], [ 456367.936355021491181, 5026059.15338809043169 ], [ 456329.7558393079089, 5026049.987057256512344 ], [ 456291.147919974755496, 5026042.831502360291779 ], [ 456252.218418645323254, 5026037.706336280331016 ], [ 456213.074038376798853, 5026034.625606740824878 ], [ 456173.822071194590535, 5026033.597757807001472 ], [ 456134.570104012382217, 5026034.625606740824878 ], [ 456095.425723743857816, 5026037.706336280331016 ], [ 456056.496222414425574, 5026042.831502360291779 ], [ 456017.88830308127217, 5026049.987057256512344 ], [ 455979.707787367689889, 5026059.15338809043169 ], [ 455942.059325413370971, 5026070.305370585992932 ], [ 455905.046109035611153, 5026083.412437934428453 ], [ 455868.769588887749705, 5026098.438664575107396 ], [ 455833.32919638993917, 5026115.342864666134119 ], [ 455798.822071194590535, 5026134.078704969026148 ], [ 455765.342794933298137, 5026154.594831847585738 ], [ 455732.98313197522657, 5026176.835012026131153 ], [ 455701.831777907209471, 5026200.738286714069545 ], [ 455671.974116425437387, 5026226.239138699136674 ], [ 455643.491985304688569, 5026253.267671916633844 ], [ 455616.463452086551115, 5026281.749803038313985 ], [ 455590.962600101891439, 5026311.607464519329369 ], [ 455567.059325413370971, 5026342.75881858728826 ], [ 455544.819145235524047, 5026375.118481545709074 ], [ 455524.303018356265966, 5026408.597757807001472 ], [ 455505.567178053315729, 5026443.104883002117276 ], [ 455488.662977962638251, 5026478.545275500044227 ], [ 455473.636751321668271, 5026514.821795647963881 ], [ 455460.52968397323275, 5026551.835012026131153 ], [ 455449.377701477787923, 5026589.483473979867995 ], [ 455440.211370644217823, 5026627.663989693857729 ], [ 455433.055815748230089, 5026666.271909026429057 ], [ 455427.93064966838574, 5026705.201410355977714 ], [ 455424.849920128646772, 5026744.34579062461853 ], [ 455423.822071194590535, 5026783.597757807001472 ], [ 455424.849920128646772, 5026822.849724989384413 ], [ 455427.93064966838574, 5026861.994105258025229 ], [ 455433.055815748230089, 5026900.923606587573886 ], [ 455440.211370644217823, 5026939.531525920145214 ], [ 455449.377701477787923, 5026977.712041634134948 ], [ 455460.52968397323275, 5027015.36050358787179 ], [ 455473.636751321668271, 5027052.373719966039062 ], [ 455488.662977962638251, 5027088.650240113958716 ], [ 455505.567178053315729, 5027124.090632611885667 ], [ 455524.303018356265966, 5027158.597757807001472 ], [ 455544.819145235524047, 5027192.077034068293869 ], [ 455567.059325413370971, 5027224.436697026714683 ], [ 455590.962600101833232, 5027255.588051094673574 ], [ 455616.463452086551115, 5027285.445712575688958 ], [ 455643.491985304688569, 5027313.927843697369099 ], [ 455671.974116425437387, 5027340.956376914866269 ], [ 455701.831777907209471, 5027366.457228899933398 ], [ 455732.98313197522657, 5027390.36050358787179 ], [ 455765.342794933298137, 5027412.600683766417205 ], [ 455798.822071194590535, 5027433.116810644976795 ], [ 455833.32919638993917, 5027451.852650947868824 ], [ 455868.769588887749705, 5027468.756851038895547 ], [ 455905.046109035611153, 5027483.78307767957449 ], [ 455942.059325413370971, 5027496.890145028010011 ], [ 455979.707787367689889, 5027508.042127523571253 ], [ 456017.88830308127217, 5027517.208458357490599 ], [ 456056.496222414425574, 5027524.364013253711164 ], [ 456095.425723743857816, 5027529.489179333671927 ], [ 456134.570104012382217, 5027532.569908873178065 ], [ 456173.822071194590535, 5027533.597757807001472 ], [ 456213.074038376798853, 5027532.569908873178065 ], [ 456252.218418645323254, 5027529.489179333671927 ], [ 456291.147919974755496, 5027524.364013253711164 ], [ 456329.7558393079089, 5027517.208458357490599 ], [ 456367.936355021491181, 5027508.042127523571253 ], [ 456405.584816975810099, 5027496.890145028010011 ], [ 456442.598033353569917, 5027483.78307767957449 ], [ 456478.874553501431365, 5027468.756851038895547 ], [ 456514.3149459992419, 5027451.852650947868824 ], [ 456548.822071194590535, 5027433.116810644976795 ], [ 456582.301347455882933, 5027412.600683766417205 ], [ 456614.6610104139545, 5027390.36050358787179 ], [ 456645.812364481971599, 5027366.457228899933398 ], [ 456675.670025963743683, 5027340.956376914866269 ], [ 456704.152157084492501, 5027313.927843697369099 ], [ 456731.180690302629955, 5027285.445712575688958 ], [ 456756.681542287289631, 5027255.588051094673574 ], [ 456780.584816975810099, 5027224.436697026714683 ], [ 456802.824997153657023, 5027192.077034068293869 ], [ 456823.341124032915104, 5027158.597757807001472 ], [ 456842.076964335865341, 5027124.090632611885667 ], [ 456858.981164426542819, 5027088.650240113958716 ], [ 456874.007391067512799, 5027052.373719966039062 ], [ 456887.11445841594832, 5027015.36050358787179 ], [ 456898.266440911393147, 5026977.712041634134948 ], [ 456907.432771744963247, 5026939.531525920145214 ], [ 456914.588326640950982, 5026900.923606587573886 ], [ 456919.71349272079533, 5026861.994105258025229 ], [ 456922.794222260534298, 5026822.849724989384413 ], [ 456923.822071194590535, 5026783.597757807001472 ] ] ] } },
{ "type": "Feature", "properties": { "site": 19, "transect": 19.2 }, "geometry": { "type": "Polygon", "coordinates": [ [ [ 456923.822071194590535, 5026783.597757807001472 ], [ 456922.794222260534298, 5026744.34579062461853 ], [ 456919.71349272079533, 5026705.201410355977714 ], [ 456914.588326640950982, 5026666.271909026429057 ], [ 456907.432771744963247, 5026627.663989693857729 ], [ 456898.266440911393147, 5026589.483473979867995 ], [ 456887.11445841594832, 5026551.835012026131153 ], [ 456874.007391067512799, 5026514.821795647963881 ], [ 456858.981164426542819, 5026478.545275500044227 ], [ 456842.076964335865341, 5026443.104883002117276 ], [ 456823.341124032915104, 5026408.597757807001472 ], [ 456802.824997153657023, 5026375.118481545709074 ], [ 456780.584816975810099, 5026342.75881858728826 ], [ 456756.681542287347838, 5026311.607464519329369 ], [ 456731.180690302629955, 5026281.749803038313985 ], [ 456704.152157084492501, 5026253.267671916633844 ], [ 456675.670025963743683, 5026226.239138699136674 ], [ 456645.812364481971599, 5026200.738286714069545 ], [ 456614.6610104139545, 5026176.835012026131153 ], [ 456582.301347455882933, 5026154.594831847585738 ], [ 456548.822071194590535, 5026134.078704969026148 ], [ 456514.3149459992419, 5026115.342864666134119 ], [ 456478.874553501431365, 5026098.438664575107396 ], [ 456442.598033353569917, 5026083.412437934428453 ], [ 456405.584816975810099, 5026070.305370585992932 ], [ 456367.936355021491181, 5026059.15338809043169 ], [ 456329.7558393079089, 5026049.987057256512344 ], [ 456291.147919974755496, 5026042.831502360291779 ], [ 456252.218418645323254, 5026037.706336280331016 ], [ 456213.074038376798853, 5026034.625606740824878 ], [ 456173.822071194590535, 5026033.597757807001472 ], [ 456134.570104012382217, 5026034.625606740824878 ], [ 456095.425723743857816, 5026037.706336280331016 ], [ 456056.496222414425574, 5026042.831502360291779 ], [ 456017.88830308127217, 5026049.987057256512344 ], [ 455979.707787367689889, 5026059.15338809043169 ], [ 455942.059325413370971, 5026070.305370585992932 ], [ 455905.046109035611153, 5026083.412437934428453 ], [ 455868.769588887749705, 5026098.438664575107396 ], [ 455833.32919638993917, 5026115.342864666134119 ], [ 455798.822071194590535, 5026134.078704969026148 ], [ 455765.342794933298137, 5026154.594831847585738 ], [ 455732.98313197522657, 5026176.835012026131153 ], [ 455701.831777907209471, 5026200.738286714069545 ], [ 455671.974116425437387, 5026226.239138699136674 ], [ 455643.491985304688569, 5026253.267671916633844 ], [ 455616.463452086551115, 5026281.749803038313985 ], [ 455590.962600101891439, 5026311.607464519329369 ], [ 455567.059325413370971, 5026342.75881858728826 ], [ 455544.819145235524047, 5026375.118481545709074 ], [ 455524.303018356265966, 5026408.597757807001472 ], [ 455505.567178053315729, 5026443.104883002117276 ], [ 455488.662977962638251, 5026478.545275500044227 ], [ 455473.636751321668271, 5026514.821795647963881 ], [ 455460.52968397323275, 5026551.835012026131153 ], [ 455449.377701477787923, 5026589.483473979867995 ], [ 455440.211370644217823, 5026627.663989693857729 ], [ 455433.055815748230089, 5026666.271909026429057 ], [ 455427.93064966838574, 5026705.201410355977714 ], [ 455424.849920128646772, 5026744.34579062461853 ], [ 455423.822071194590535, 5026783.597757807001472 ], [ 455424.849920128646772, 5026822.849724989384413 ], [ 455427.93064966838574, 5026861.994105258025229 ], [ 455433.055815748230089, 5026900.923606587573886 ], [ 455440.211370644217823, 5026939.531525920145214 ], [ 455449.377701477787923, 5026977.712041634134948 ], [ 455460.52968397323275, 5027015.36050358787179 ], [ 455473.636751321668271, 5027052.373719966039062 ], [ 455488.662977962638251, 5027088.650240113958716 ], [ 455505.567178053315729, 5027124.090632611885667 ], [ 455524.303018356265966, 5027158.597757807001472 ], [ 455544.819145235524047, 5027192.077034068293869 ], [ 455567.059325413370971, 5027224.436697026714683 ], [ 455590.962600101833232, 5027255.588051094673574 ], [ 455616.463452086551115, 5027285.445712575688958 ], [ 455643.491985304688569, 5027313.927843697369099 ], [ 455671.974116425437387, 5027340.956376914866269 ], [ 455701.831777907209471, 5027366.457228899933398 ], [ 455732.98313197522657, 5027390.36050358787179 ], [ 455765.342794933298137, 5027412.600683766417205 ], [ 455798.822071194590535, 5027433.116810644976795 ], [ 455833.32919638993917, 5027451.852650947868824 ], [ 455868.769588887749705, 5027468.756851038895547 ], [ 455905.046109035611153, 5027483.78307767957449 ], [ 455942.059325413370971, 5027496.890145028010011 ], [ 455979.707787367689889, 5027508.042127523571253 ], [ 456017.88830308127217, 5027517.208458357490599 ], [ 456056.496222414425574, 5027524.364013253711164 ], [ 456095.425723743857816, 5027529.489179333671927 ], [ 456134.570104012382217, 5027532.569908873178065 ], [ 456173.822071194590535, 5027533.597757807001472 ], [ 456213.074038376798853, 5027532.569908873178065 ], [ 456252.218418645323254, 5027529.489179333671927 ], [ 456291.147919974755496, 5027524.364013253711164 ], [ 456329.7558393079089, 5027517.208458357490599 ], [ 456367.936355021491181, 5027508.042127523571253 ], [ 456405.584816975810099, 5027496.890145028010011 ], [ 456442.598033353569917, 5027483.78307767957449 ], [ 456478.874553501431365, 5027468.756851038895547 ], [ 456514.3149459992419, 5027451.852650947868824 ], [ 456548.822071194590535, 5027433.116810644976795 ], [ 456582.301347455882933, 5027412.600683766417205 ], [ 456614.6610104139545, 5027390.36050358787179 ], [ 456645.812364481971599, 5027366.457228899933398 ], [ 456675.670025963743683, 5027340.956376914866269 ], [ 456704.152157084492501, 5027313.927843697369099 ], [ 456731.180690302629955, 5027285.445712575688958 ], [ 456756.681542287289631, 5027255.588051094673574 ], [ 456780.584816975810099, 5027224.436697026714683 ], [ 456802.824997153657023, 5027192.077034068293869 ], [ 456823.341124032915104, 5027158.597757807001472 ], [ 456842.076964335865341, 5027124.090632611885667 ], [ 456858.981164426542819, 5027088.650240113958716 ], [ 456874.007391067512799, 5027052.373719966039062 ], [ 456887.11445841594832, 5027015.36050358787179 ], [ 456898.266440911393147, 5026977.712041634134948 ], [ 456907.432771744963247, 5026939.531525920145214 ], [ 456914.588326640950982, 5026900.923606587573886 ], [ 456919.71349272079533, 5026861.994105258025229 ], [ 456922.794222260534298, 5026822.849724989384413 ], [ 456923.822071194590535, 5026783.597757807001472 ] ] ] } },
{ "type": "Feature", "properties": { "site": 19, "transect": 19.3 }, "geometry": { "type": "Polygon", "coordinates": [ [ [ 457020.590377253829502, 5026877.091635821387172 ], [ 457019.562528319773264, 5026837.83966863900423 ], [ 457016.481798780034296, 5026798.695288370363414 ], [ 457011.356632700189948, 5026759.765787040814757 ], [ 457004.201077804202214, 5026721.15786770824343 ], [ 456995.034746970632114, 5026682.977351994253695 ], [ 456983.882764475187287, 5026645.328890040516853 ], [ 456970.775697126751766, 5026608.315673662349582 ], [ 456955.749470485781785, 5026572.039153514429927 ], [ 456938.845270395104308, 5026536.598761016502976 ], [ 456920.109430092154071, 5026502.091635821387172 ], [ 456899.593303212895989, 5026468.612359560094774 ], [ 456877.353123035049066, 5026436.252696601673961 ], [ 456853.449848346528597, 5026405.101342533715069 ], [ 456827.948996361868922, 5026375.243681052699685 ], [ 456800.920463143731467, 5026346.761549931019545 ], [ 456772.43833202298265, 5026319.733016713522375 ], [ 456742.580670541210566, 5026294.232164728455245 ], [ 456711.429316473193467, 5026270.328890040516853 ], [ 456679.0696535151219, 5026248.088709861971438 ], [ 456645.590377253829502, 5026227.572582983411849 ], [ 456611.083252058480866, 5026208.836742680519819 ], [ 456575.642859560670331, 5026191.932542589493096 ], [ 456539.366339412808884, 5026176.906315948814154 ], [ 456502.353123035049066, 5026163.799248600378633 ], [ 456464.704661080730148, 5026152.64726610481739 ], [ 456426.524145367147867, 5026143.480935270898044 ], [ 456387.916226033994462, 5026136.325380374677479 ], [ 456348.986724704562221, 5026131.200214294716716 ], [ 456309.84234443603782, 5026128.119484755210578 ], [ 456270.590377253829502, 5026127.091635821387172 ], [ 456231.338410071621183, 5026128.119484755210578 ], [ 456192.194029803096782, 5026131.200214294716716 ], [ 456153.264528473664541, 5026136.325380374677479 ], [ 456114.656609140511137, 5026143.480935270898044 ], [ 456076.476093426928855, 5026152.64726610481739 ], [ 456038.827631472609937, 5026163.799248600378633 ], [ 456001.814415094850119, 5026176.906315948814154 ], [ 455965.537894946988672, 5026191.932542589493096 ], [ 455930.097502449178137, 5026208.836742680519819 ], [ 455895.590377253829502, 5026227.572582983411849 ], [ 455862.111100992537104, 5026248.088709861971438 ], [ 455829.751438034465536, 5026270.328890040516853 ], [ 455798.600083966448437, 5026294.232164728455245 ], [ 455768.742422484676354, 5026319.733016713522375 ], [ 455740.260291363927536, 5026346.761549931019545 ], [ 455713.231758145790081, 5026375.243681052699685 ], [ 455687.730906161130406, 5026405.101342533715069 ], [ 455663.827631472609937, 5026436.252696601673961 ], [ 455641.587451294763014, 5026468.612359560094774 ], [ 455621.071324415504932, 5026502.091635821387172 ], [ 455602.335484112554695, 5026536.598761016502976 ], [ 455585.431284021877218, 5026572.039153514429927 ], [ 455570.405057380907238, 5026608.315673662349582 ], [ 455557.297990032471716, 5026645.328890040516853 ], [ 455546.14600753702689, 5026682.977351994253695 ], [ 455536.979676703456789, 5026721.15786770824343 ], [ 455529.824121807469055, 5026759.765787040814757 ], [ 455524.698955727624707, 5026798.695288370363414 ], [ 455521.618226187885739, 5026837.83966863900423 ], [ 455520.590377253829502, 5026877.091635821387172 ], [ 455521.618226187885739, 5026916.343603003770113 ], [ 455524.698955727624707, 5026955.487983272410929 ], [ 455529.824121807469055, 5026994.417484601959586 ], [ 455536.979676703456789, 5027033.025403934530914 ], [ 455546.14600753702689, 5027071.205919648520648 ], [ 455557.297990032471716, 5027108.85438160225749 ], [ 455570.405057380907238, 5027145.867597980424762 ], [ 455585.431284021877218, 5027182.144118128344417 ], [ 455602.335484112554695, 5027217.584510626271367 ], [ 455621.071324415504932, 5027252.091635821387172 ], [ 455641.587451294763014, 5027285.57091208267957 ], [ 455663.827631472609937, 5027317.930575041100383 ], [ 455687.730906161072198, 5027349.081929109059274 ], [ 455713.231758145790081, 5027378.939590590074658 ], [ 455740.260291363927536, 5027407.421721711754799 ], [ 455768.742422484676354, 5027434.450254929251969 ], [ 455798.600083966448437, 5027459.951106914319098 ], [ 455829.751438034465536, 5027483.85438160225749 ], [ 455862.111100992537104, 5027506.094561780802906 ], [ 455895.590377253829502, 5027526.610688659362495 ], [ 455930.097502449178137, 5027545.346528962254524 ], [ 455965.537894946988672, 5027562.250729053281248 ], [ 456001.814415094850119, 5027577.27695569396019 ], [ 456038.827631472609937, 5027590.384023042395711 ], [ 456076.476093426928855, 5027601.536005537956953 ], [ 456114.656609140511137, 5027610.702336371876299 ], [ 456153.264528473664541, 5027617.857891268096864 ], [ 456192.194029803096782, 5027622.983057348057628 ], [ 456231.338410071621183, 5027626.063786887563765 ], [ 456270.590377253829502, 5027627.091635821387172 ], [ 456309.84234443603782, 5027626.063786887563765 ], [ 456348.986724704562221, 5027622.983057348057628 ], [ 456387.916226033994462, 5027617.857891268096864 ], [ 456426.524145367147867, 5027610.702336371876299 ], [ 456464.704661080730148, 5027601.536005537956953 ], [ 456502.353123035049066, 5027590.384023042395711 ], [ 456539.366339412808884, 5027577.27695569396019 ], [ 456575.642859560670331, 5027562.250729053281248 ], [ 456611.083252058480866, 5027545.346528962254524 ], [ 456645.590377253829502, 5027526.610688659362495 ], [ 456679.0696535151219, 5027506.094561780802906 ], [ 456711.429316473193467, 5027483.85438160225749 ], [ 456742.580670541210566, 5027459.951106914319098 ], [ 456772.43833202298265, 5027434.450254929251969 ], [ 456800.920463143731467, 5027407.421721711754799 ], [ 456827.948996361868922, 5027378.939590590074658 ], [ 456853.449848346528597, 5027349.081929109059274 ], [ 456877.353123035049066, 5027317.930575041100383 ], [ 456899.593303212895989, 5027285.57091208267957 ], [ 456920.109430092154071, 5027252.091635821387172 ], [ 456938.845270395104308, 5027217.584510626271367 ], [ 456955.749470485781785, 5027182.144118128344417 ], [ 456970.775697126751766, 5027145.867597980424762 ], [ 456983.882764475187287, 5027108.85438160225749 ], [ 456995.034746970632114, 5027071.205919648520648 ], [ 457004.201077804202214, 5027033.025403934530914 ], [ 457011.356632700189948, 5026994.417484601959586 ], [ 457016.481798780034296, 5026955.487983272410929 ], [ 457019.562528319773264, 5026916.343603003770113 ], [ 457020.590377253829502, 5026877.091635821387172 ] ] ] } },
{ "type": "Feature", "properties": { "site": 20, "transect": 20.1 }, "geometry": { "type": "Polygon", "coordinates": [ [ [ 432537.113412246399093, 5022979.894434927031398 ], [ 432536.085563312342856, 5022940.642467744648457 ], [ 432533.004833772603888, 5022901.49808747600764 ], [ 432527.87966769275954, 5022862.568586146458983 ], [ 432520.724112796771806, 5022823.960666813887656 ], [ 432511.557781963201705, 5022785.780151099897921 ], [ 432500.405799467756879, 5022748.131689146161079 ], [ 432487.298732119321357, 5022711.118472767993808 ], [ 432472.272505478351377, 5022674.841952620074153 ], [ 432455.3683053876739, 5022639.401560122147202 ], [ 432436.632465084723663, 5022604.894434927031398 ], [ 432416.116338205465581, 5022571.415158665739 ], [ 432393.876158027618658, 5022539.055495707318187 ], [ 432369.972883339156397, 5022507.904141639359295 ], [ 432344.472031354438514, 5022478.046480158343911 ], [ 432317.443498136301059, 5022449.564349036663771 ], [ 432288.961367015552241, 5022422.535815819166601 ], [ 432259.103705533780158, 5022397.034963834099472 ], [ 432227.952351465763059, 5022373.131689146161079 ], [ 432195.592688507691491, 5022350.891508967615664 ], [ 432162.113412246399093, 5022330.375382089056075 ], [ 432127.606287051050458, 5022311.639541786164045 ], [ 432092.165894553239923, 5022294.735341695137322 ], [ 432055.889374405378476, 5022279.70911505445838 ], [ 432018.876158027618658, 5022266.602047706022859 ], [ 431981.22769607329974, 5022255.450065210461617 ], [ 431943.047180359717458, 5022246.28373437654227 ], [ 431904.439261026564054, 5022239.128179480321705 ], [ 431865.509759697131813, 5022234.003013400360942 ], [ 431826.365379428607412, 5022230.922283860854805 ], [ 431787.113412246399093, 5022229.894434927031398 ], [ 431747.861445064190775, 5022230.922283860854805 ], [ 431708.717064795666374, 5022234.003013400360942 ], [ 431669.787563466234133, 5022239.128179480321705 ], [ 431631.179644133080728, 5022246.28373437654227 ], [ 431592.999128419498447, 5022255.450065210461617 ], [ 431555.350666465179529, 5022266.602047706022859 ], [ 431518.337450087419711, 5022279.70911505445838 ], [ 431482.060929939558264, 5022294.735341695137322 ], [ 431446.620537441747729, 5022311.639541786164045 ], [ 431412.113412246399093, 5022330.375382089056075 ], [ 431378.634135985106695, 5022350.891508967615664 ], [ 431346.274473027035128, 5022373.131689146161079 ], [ 431315.123118959018029, 5022397.034963834099472 ], [ 431285.265457477245945, 5022422.535815819166601 ], [ 431256.783326356497128, 5022449.564349036663771 ], [ 431229.754793138359673, 5022478.046480158343911 ], [ 431204.253941153699998, 5022507.904141639359295 ], [ 431180.350666465179529, 5022539.055495707318187 ], [ 431158.110486287332606, 5022571.415158665739 ], [ 431137.594359408074524, 5022604.894434927031398 ], [ 431118.858519105124287, 5022639.401560122147202 ], [ 431101.95431901444681, 5022674.841952620074153 ], [ 431086.928092373476829, 5022711.118472767993808 ], [ 431073.821025025041308, 5022748.131689146161079 ], [ 431062.669042529596481, 5022785.780151099897921 ], [ 431053.502711696026381, 5022823.960666813887656 ], [ 431046.347156800038647, 5022862.568586146458983 ], [ 431041.221990720194299, 5022901.49808747600764 ], [ 431038.141261180455331, 5022940.642467744648457 ], [ 431037.113412246399093, 5022979.894434927031398 ], [ 431038.141261180455331, 5023019.146402109414339 ], [ 431041.221990720194299, 5023058.290782378055155 ], [ 431046.347156800038647, 5023097.220283707603812 ], [ 431053.502711696026381, 5023135.82820304017514 ], [ 431062.669042529596481, 5023174.008718754164875 ], [ 431073.821025025041308, 5023211.657180707901716 ], [ 431086.928092373476829, 5023248.670397086068988 ], [ 431101.95431901444681, 5023284.946917233988643 ], [ 431118.858519105124287, 5023320.387309731915593 ], [ 431137.594359408074524, 5023354.894434927031398 ], [ 431158.110486287332606, 5023388.373711188323796 ], [ 431180.350666465179529, 5023420.733374146744609 ], [ 431204.25394115364179, 5023451.8847282147035 ], [ 431229.754793138359673, 5023481.742389695718884 ], [ 431256.783326356497128, 5023510.224520817399025 ], [ 431285.265457477245945, 5023537.253054034896195 ], [ 431315.123118959018029, 5023562.753906019963324 ], [ 431346.274473027035128, 5023586.657180707901716 ], [ 431378.634135985106695, 5023608.897360886447132 ], [ 431412.113412246399093, 5023629.413487765006721 ], [ 431446.620537441747729, 5023648.14932806789875 ], [ 431482.060929939558264, 5023665.053528158925474 ], [ 431518.337450087419711, 5023680.079754799604416 ], [ 431555.350666465179529, 5023693.186822148039937 ], [ 431592.999128419498447, 5023704.338804643601179 ], [ 431631.179644133080728, 5023713.505135477520525 ], [ 431669.787563466234133, 5023720.66069037374109 ], [ 431708.717064795666374, 5023725.785856453701854 ], [ 431747.861445064190775, 5023728.866585993207991 ], [ 431787.113412246399093, 5023729.894434927031398 ], [ 431826.365379428607412, 5023728.866585993207991 ], [ 431865.509759697131813, 5023725.785856453701854 ], [ 431904.439261026564054, 5023720.66069037374109 ], [ 431943.047180359717458, 5023713.505135477520525 ], [ 431981.22769607329974, 5023704.338804643601179 ], [ 432018.876158027618658, 5023693.186822148039937 ], [ 432055.889374405378476, 5023680.079754799604416 ], [ 432092.165894553239923, 5023665.053528158925474 ], [ 432127.606287051050458, 5023648.14932806789875 ], [ 432162.113412246399093, 5023629.413487765006721 ], [ 432195.592688507691491, 5023608.897360886447132 ], [ 432227.952351465763059, 5023586.657180707901716 ], [ 432259.103705533780158, 5023562.753906019963324 ], [ 432288.961367015552241, 5023537.253054034896195 ], [ 432317.443498136301059, 5023510.224520817399025 ], [ 432344.472031354438514, 5023481.742389695718884 ], [ 432369.972883339098189, 5023451.8847282147035 ], [ 432393.876158027618658, 5023420.733374146744609 ], [ 432416.116338205465581, 5023388.373711188323796 ], [ 432436.632465084723663, 5023354.894434927031398 ], [ 432455.3683053876739, 5023320.387309731915593 ], [ 432472.272505478351377, 5023284.946917233988643 ], [ 432487.298732119321357, 5023248.670397086068988 ], [ 432500.405799467756879, 5023211.657180707901716 ], [ 432511.557781963201705, 5023174.008718754164875 ], [ 432520.724112796771806, 5023135.82820304017514 ], [ 432527.87966769275954, 5023097.220283707603812 ], [ 432533.004833772603888, 5023058.290782378055155 ], [ 432536.085563312342856, 5023019.146402109414339 ], [ 432537.113412246399093, 5022979.894434927031398 ] ] ] } },
{ "type": "Feature", "properties": { "site": 20, "transect": 20.2 }, "geometry": { "type": "Polygon", "coordinates": [ [ [ 432390.871001275489107, 5023173.767792743630707 ], [ 432389.843152341432869, 5023134.515825561247766 ], [ 432386.762422801693901, 5023095.37144529260695 ], [ 432381.637256721849553, 5023056.441943963058293 ], [ 432374.481701825861819, 5023017.834024630486965 ], [ 432365.315370992291719, 5022979.653508916497231 ], [ 432354.163388496846892, 5022942.005046962760389 ], [ 432341.056321148411371, 5022904.991830584593117 ], [ 432326.03009450744139, 5022868.715310436673462 ], [ 432309.125894416763913, 5022833.274917938746512 ], [ 432290.390054113813676, 5022798.767792743630707 ], [ 432269.873927234555595, 5022765.288516482338309 ], [ 432247.633747056708671, 5022732.928853523917496 ], [ 432223.730472368188202, 5022701.777499455958605 ], [ 432198.229620383528527, 5022671.919837974943221 ], [ 432171.201087165391073, 5022643.43770685326308 ], [ 432142.718956044642255, 5022616.40917363576591 ], [ 432112.861294562870171, 5022590.908321650698781 ], [ 432081.709940494853072, 5022567.005046962760389 ], [ 432049.350277536781505, 5022544.764866784214973 ], [ 432015.871001275489107, 5022524.248739905655384 ], [ 431981.363876080140471, 5022505.512899602763355 ], [ 431945.923483582329936, 5022488.608699511736631 ], [ 431909.646963434468489, 5022473.582472871057689 ], [ 431872.633747056708671, 5022460.475405522622168 ], [ 431834.985285102389753, 5022449.323423027060926 ], [ 431796.804769388807472, 5022440.15709219314158 ], [ 431758.196850055654068, 5022433.001537296921015 ], [ 431719.267348726221826, 5022427.876371216960251 ], [ 431680.122968457697425, 5022424.795641677454114 ], [ 431640.871001275489107, 5022423.767792743630707 ], [ 431601.619034093280789, 5022424.795641677454114 ], [ 431562.474653824756388, 5022427.876371216960251 ], [ 431523.545152495324146, 5022433.001537296921015 ], [ 431484.937233162170742, 5022440.15709219314158 ], [ 431446.756717448588461, 5022449.323423027060926 ], [ 431409.108255494269542, 5022460.475405522622168 ], [ 431372.095039116509724, 5022473.582472871057689 ], [ 431335.818518968648277, 5022488.608699511736631 ], [ 431300.378126470837742, 5022505.512899602763355 ], [ 431265.871001275489107, 5022524.248739905655384 ], [ 431232.391725014196709, 5022544.764866784214973 ], [ 431200.032062056125142, 5022567.005046962760389 ], [ 431168.880707988108043, 5022590.908321650698781 ], [ 431139.023046506335959, 5022616.40917363576591 ], [ 431110.540915385587141, 5022643.43770685326308 ], [ 431083.512382167449687, 5022671.919837974943221 ], [ 431058.011530182790011, 5022701.777499455958605 ], [ 431034.108255494269542, 5022732.928853523917496 ], [ 431011.868075316422619, 5022765.288516482338309 ], [ 430991.351948437164538, 5022798.767792743630707 ], [ 430972.616108134214301, 5022833.274917938746512 ], [ 430955.711908043536823, 5022868.715310436673462 ], [ 430940.685681402566843, 5022904.991830584593117 ], [ 430927.578614054131322, 5022942.005046962760389 ], [ 430916.426631558686495, 5022979.653508916497231 ], [ 430907.260300725116394, 5023017.834024630486965 ], [ 430900.10474582912866, 5023056.441943963058293 ], [ 430894.979579749284312, 5023095.37144529260695 ], [ 430891.898850209545344, 5023134.515825561247766 ], [ 430890.871001275489107, 5023173.767792743630707 ], [ 430891.898850209545344, 5023213.019759926013649 ], [ 430894.979579749284312, 5023252.164140194654465 ], [ 430900.10474582912866, 5023291.093641524203122 ], [ 430907.260300725116394, 5023329.701560856774449 ], [ 430916.426631558686495, 5023367.882076570764184 ], [ 430927.578614054131322, 5023405.530538524501026 ], [ 430940.685681402566843, 5023442.543754902668297 ], [ 430955.711908043536823, 5023478.820275050587952 ], [ 430972.616108134214301, 5023514.260667548514903 ], [ 430991.351948437164538, 5023548.767792743630707 ], [ 431011.868075316422619, 5023582.247069004923105 ], [ 431034.108255494269542, 5023614.606731963343918 ], [ 431058.011530182731804, 5023645.75808603130281 ], [ 431083.512382167449687, 5023675.615747512318194 ], [ 431110.540915385587141, 5023704.097878633998334 ], [ 431139.023046506335959, 5023731.126411851495504 ], [ 431168.880707988108043, 5023756.627263836562634 ], [ 431200.032062056125142, 5023780.530538524501026 ], [ 431232.391725014196709, 5023802.770718703046441 ], [ 431265.871001275489107, 5023823.28684558160603 ], [ 431300.378126470837742, 5023842.02268588449806 ], [ 431335.818518968648277, 5023858.926885975524783 ], [ 431372.095039116509724, 5023873.953112616203725 ], [ 431409.108255494269542, 5023887.060179964639246 ], [ 431446.756717448588461, 5023898.212162460200489 ], [ 431484.937233162170742, 5023907.378493294119835 ], [ 431523.545152495324146, 5023914.5340481903404 ], [ 431562.474653824756388, 5023919.659214270301163 ], [ 431601.619034093280789, 5023922.739943809807301 ], [ 431640.871001275489107, 5023923.767792743630707 ], [ 431680.122968457697425, 5023922.739943809807301 ], [ 431719.267348726221826, 5023919.659214270301163 ], [ 431758.196850055654068, 5023914.5340481903404 ], [ 431796.804769388807472, 5023907.378493294119835 ], [ 431834.985285102389753, 5023898.212162460200489 ], [ 431872.633747056708671, 5023887.060179964639246 ], [ 431909.646963434468489, 5023873.953112616203725 ], [ 431945.923483582329936, 5023858.926885975524783 ], [ 431981.363876080140471, 5023842.02268588449806 ], [ 432015.871001275489107, 5023823.28684558160603 ], [ 432049.350277536781505, 5023802.770718703046441 ], [ 432081.709940494853072, 5023780.530538524501026 ], [ 432112.861294562870171, 5023756.627263836562634 ], [ 432142.718956044642255, 5023731.126411851495504 ], [ 432171.201087165391073, 5023704.097878633998334 ], [ 432198.229620383528527, 5023675.615747512318194 ], [ 432223.730472368188202, 5023645.75808603130281 ], [ 432247.633747056708671, 5023614.606731963343918 ], [ 432269.873927234555595, 5023582.247069004923105 ], [ 432290.390054113813676, 5023548.767792743630707 ], [ 432309.125894416763913, 5023514.260667548514903 ], [ 432326.03009450744139, 5023478.820275050587952 ], [ 432341.056321148411371, 5023442.543754902668297 ], [ 432354.163388496846892, 5023405.530538524501026 ], [ 432365.315370992291719, 5023367.882076570764184 ], [ 432374.481701825861819, 5023329.701560856774449 ], [ 432381.637256721849553, 5023291.093641524203122 ], [ 432386.762422801693901, 5023252.164140194654465 ], [ 432389.843152341432869, 5023213.019759926013649 ], [ 432390.871001275489107, 5023173.767792743630707 ] ] ] } },
{ "type": "Feature", "properties": { "site": 20, "transect": 20.3 }, "geometry": { "type": "Polygon", "coordinates": [ [ [ 432405.191024984116666, 5023098.337436094880104 ], [ 432404.163176050060429, 5023059.085468912497163 ], [ 432401.082446510321461, 5023019.941088643856347 ], [ 432395.957280430477113, 5022981.01158731430769 ], [ 432388.801725534489378, 5022942.403667981736362 ], [ 432379.635394700919278, 5022904.223152267746627 ], [ 432368.483412205474451, 5022866.574690314009786 ], [ 432355.37634485703893, 5022829.561473935842514 ], [ 432340.35011821606895, 5022793.284953787922859 ], [ 432323.445918125391472, 5022757.844561289995909 ], [ 432304.710077822441235, 5022723.337436094880104 ], [ 432284.193950943183154, 5022689.858159833587706 ], [ 432261.95377076533623, 5022657.498496875166893 ], [ 432238.050496076815762, 5022626.347142807208002 ], [ 432212.549644092156086, 5022596.489481326192617 ], [ 432185.521110874018632, 5022568.007350204512477 ], [ 432157.038979753269814, 5022540.978816987015307 ], [ 432127.18131827149773, 5022515.477965001948178 ], [ 432096.029964203480631, 5022491.574690314009786 ], [ 432063.670301245409064, 5022469.33451013546437 ], [ 432030.191024984116666, 5022448.818383256904781 ], [ 431995.683899788768031, 5022430.082542954012752 ], [ 431960.243507290957496, 5022413.178342862986028 ], [ 431923.966987143096048, 5022398.152116222307086 ], [ 431886.95377076533623, 5022385.045048873871565 ], [ 431849.305308811017312, 5022373.893066378310323 ], [ 431811.124793097435031, 5022364.726735544390976 ], [ 431772.516873764281627, 5022357.571180648170412 ], [ 431733.587372434849385, 5022352.446014568209648 ], [ 431694.442992166324984, 5022349.365285028703511 ], [ 431655.191024984116666, 5022348.337436094880104 ], [ 431615.939057801908348, 5022349.365285028703511 ], [ 431576.794677533383947, 5022352.446014568209648 ], [ 431537.865176203951705, 5022357.571180648170412 ], [ 431499.257256870798301, 5022364.726735544390976 ], [ 431461.07674115721602, 5022373.893066378310323 ], [ 431423.428279202897102, 5022385.045048873871565 ], [ 431386.415062825137284, 5022398.152116222307086 ], [ 431350.138542677275836, 5022413.178342862986028 ], [ 431314.698150179465301, 5022430.082542954012752 ], [ 431280.191024984116666, 5022448.818383256904781 ], [ 431246.711748722824268, 5022469.33451013546437 ], [ 431214.352085764752701, 5022491.574690314009786 ], [ 431183.200731696735602, 5022515.477965001948178 ], [ 431153.343070214963518, 5022540.978816987015307 ], [ 431124.8609390942147, 5022568.007350204512477 ], [ 431097.832405876077246, 5022596.489481326192617 ], [ 431072.33155389141757, 5022626.347142807208002 ], [ 431048.428279202897102, 5022657.498496875166893 ], [ 431026.188099025050178, 5022689.858159833587706 ], [ 431005.671972145792097, 5022723.337436094880104 ], [ 430986.93613184284186, 5022757.844561289995909 ], [ 430970.031931752164382, 5022793.284953787922859 ], [ 430955.005705111194402, 5022829.561473935842514 ], [ 430941.898637762758881, 5022866.574690314009786 ], [ 430930.746655267314054, 5022904.223152267746627 ], [ 430921.580324433743954, 5022942.403667981736362 ], [ 430914.42476953775622, 5022981.01158731430769 ], [ 430909.299603457911871, 5023019.941088643856347 ], [ 430906.218873918172903, 5023059.085468912497163 ], [ 430905.191024984116666, 5023098.337436094880104 ], [ 430906.218873918172903, 5023137.589403277263045 ], [ 430909.299603457911871, 5023176.733783545903862 ], [ 430914.42476953775622, 5023215.663284875452518 ], [ 430921.580324433743954, 5023254.271204208023846 ], [ 430930.746655267314054, 5023292.451719922013581 ], [ 430941.898637762758881, 5023330.100181875750422 ], [ 430955.005705111194402, 5023367.113398253917694 ], [ 430970.031931752164382, 5023403.389918401837349 ], [ 430986.93613184284186, 5023438.830310899764299 ], [ 431005.671972145792097, 5023473.337436094880104 ], [ 431026.188099025050178, 5023506.816712356172502 ], [ 431048.428279202897102, 5023539.176375314593315 ], [ 431072.331553891359363, 5023570.327729382552207 ], [ 431097.832405876077246, 5023600.185390863567591 ], [ 431124.8609390942147, 5023628.667521985247731 ], [ 431153.343070214963518, 5023655.696055202744901 ], [ 431183.200731696735602, 5023681.19690718781203 ], [ 431214.352085764752701, 5023705.100181875750422 ], [ 431246.711748722824268, 5023727.340362054295838 ], [ 431280.191024984116666, 5023747.856488932855427 ], [ 431314.698150179465301, 5023766.592329235747457 ], [ 431350.138542677275836, 5023783.49652932677418 ], [ 431386.415062825137284, 5023798.522755967453122 ], [ 431423.428279202897102, 5023811.629823315888643 ], [ 431461.07674115721602, 5023822.781805811449885 ], [ 431499.257256870798301, 5023831.948136645369232 ], [ 431537.865176203951705, 5023839.103691541589797 ], [ 431576.794677533383947, 5023844.22885762155056 ], [ 431615.939057801908348, 5023847.309587161056697 ], [ 431655.191024984116666, 5023848.337436094880104 ], [ 431694.442992166324984, 5023847.309587161056697 ], [ 431733.587372434849385, 5023844.22885762155056 ], [ 431772.516873764281627, 5023839.103691541589797 ], [ 431811.124793097435031, 5023831.948136645369232 ], [ 431849.305308811017312, 5023822.781805811449885 ], [ 431886.95377076533623, 5023811.629823315888643 ], [ 431923.966987143096048, 5023798.522755967453122 ], [ 431960.243507290957496, 5023783.49652932677418 ], [ 431995.683899788768031, 5023766.592329235747457 ], [ 432030.191024984116666, 5023747.856488932855427 ], [ 432063.670301245409064, 5023727.340362054295838 ], [ 432096.029964203480631, 5023705.100181875750422 ], [ 432127.18131827149773, 5023681.19690718781203 ], [ 432157.038979753269814, 5023655.696055202744901 ], [ 432185.521110874018632, 5023628.667521985247731 ], [ 432212.549644092156086, 5023600.185390863567591 ], [ 432238.050496076815762, 5023570.327729382552207 ], [ 432261.95377076533623, 5023539.176375314593315 ], [ 432284.193950943183154, 5023506.816712356172502 ], [ 432304.710077822441235, 5023473.337436094880104 ], [ 432323.445918125391472, 5023438.830310899764299 ], [ 432340.35011821606895, 5023403.389918401837349 ], [ 432355.37634485703893, 5023367.113398253917694 ], [ 432368.483412205474451, 5023330.100181875750422 ], [ 432379.635394700919278, 5023292.451719922013581 ], [ 432388.801725534489378, 5023254.271204208023846 ], [ 432395.957280430477113, 5023215.663284875452518 ], [ 432401.082446510321461, 5023176.733783545903862 ], [ 432404.163176050060429, 5023137.589403277263045 ], [ 432405.191024984116666, 5023098.337436094880104 ] ] ] } },
{ "type": "Feature", "properties": { "site": 20, "transect": 20.4 }, "geometry": { "type": "Polygon", "coordinates": [ [ [ 432394.513432463339996, 5023172.542797148227692 ], [ 432393.485583529283758, 5023133.29082996584475 ], [ 432390.40485398954479, 5023094.146449697203934 ], [ 432385.279687909700442, 5023055.216948367655277 ], [ 432378.124133013712708, 5023016.60902903508395 ], [ 432368.957802180142608, 5022978.428513321094215 ], [ 432357.805819684697781, 5022940.780051367357373 ], [ 432344.69875233626226, 5022903.766834989190102 ], [ 432329.672525695292279, 5022867.490314841270447 ], [ 432312.768325604614802, 5022832.049922343343496 ], [ 432294.032485301664565, 5022797.542797148227692 ], [ 432273.516358422406483, 5022764.063520886935294 ], [ 432251.27617824455956, 5022731.703857928514481 ], [ 432227.372903556097299, 5022700.552503860555589 ], [ 432201.872051571379416, 5022670.694842379540205 ], [ 432174.843518353241961, 5022642.212711257860065 ], [ 432146.361387232493144, 5022615.184178040362895 ], [ 432116.50372575072106, 5022589.683326055295765 ], [ 432085.352371682703961, 5022565.780051367357373 ], [ 432052.992708724632394, 5022543.539871188811958 ], [ 432019.513432463339996, 5022523.023744310252368 ], [ 431985.00630726799136, 5022504.287904007360339 ], [ 431949.565914770180825, 5022487.383703916333616 ], [ 431913.289394622319378, 5022472.357477275654674 ], [ 431876.27617824455956, 5022459.250409927219152 ], [ 431838.627716290240642, 5022448.09842743165791 ], [ 431800.447200576658361, 5022438.932096597738564 ], [ 431761.839281243504956, 5022431.776541701517999 ], [ 431722.909779914072715, 5022426.651375621557236 ], [ 431683.765399645548314, 5022423.570646082051098 ], [ 431644.513432463339996, 5022422.542797148227692 ], [ 431605.261465281131677, 5022423.570646082051098 ], [ 431566.117085012607276, 5022426.651375621557236 ], [ 431527.187583683175035, 5022431.776541701517999 ], [ 431488.579664350021631, 5022438.932096597738564 ], [ 431450.39914863643935, 5022448.09842743165791 ], [ 431412.750686682120431, 5022459.250409927219152 ], [ 431375.737470304360613, 5022472.357477275654674 ], [ 431339.460950156499166, 5022487.383703916333616 ], [ 431304.020557658688631, 5022504.287904007360339 ], [ 431269.513432463339996, 5022523.023744310252368 ], [ 431236.034156202047598, 5022543.539871188811958 ], [ 431203.67449324397603, 5022565.780051367357373 ], [ 431172.523139175958931, 5022589.683326055295765 ], [ 431142.665477694186848, 5022615.184178040362895 ], [ 431114.18334657343803, 5022642.212711257860065 ], [ 431087.154813355300575, 5022670.694842379540205 ], [ 431061.6539613706409, 5022700.552503860555589 ], [ 431037.750686682120431, 5022731.703857928514481 ], [ 431015.510506504273508, 5022764.063520886935294 ], [ 430994.994379625015426, 5022797.542797148227692 ], [ 430976.258539322065189, 5022832.049922343343496 ], [ 430959.354339231387712, 5022867.490314841270447 ], [ 430944.328112590417732, 5022903.766834989190102 ], [ 430931.22104524198221, 5022940.780051367357373 ], [ 430920.069062746537384, 5022978.428513321094215 ], [ 430910.902731912967283, 5023016.60902903508395 ], [ 430903.747177016979549, 5023055.216948367655277 ], [ 430898.622010937135201, 5023094.146449697203934 ], [ 430895.541281397396233, 5023133.29082996584475 ], [ 430894.513432463339996, 5023172.542797148227692 ], [ 430895.541281397396233, 5023211.794764330610633 ], [ 430898.622010937135201, 5023250.939144599251449 ], [ 430903.747177016979549, 5023289.868645928800106 ], [ 430910.902731912967283, 5023328.476565261371434 ], [ 430920.069062746537384, 5023366.657080975361168 ], [ 430931.22104524198221, 5023404.30554292909801 ], [ 430944.328112590417732, 5023441.318759307265282 ], [ 430959.354339231387712, 5023477.595279455184937 ], [ 430976.258539322065189, 5023513.035671953111887 ], [ 430994.994379625015426, 5023547.542797148227692 ], [ 431015.510506504273508, 5023581.02207340952009 ], [ 431037.750686682120431, 5023613.381736367940903 ], [ 431061.653961370582692, 5023644.533090435899794 ], [ 431087.154813355300575, 5023674.390751916915178 ], [ 431114.18334657343803, 5023702.872883038595319 ], [ 431142.665477694186848, 5023729.901416256092489 ], [ 431172.523139175958931, 5023755.402268241159618 ], [ 431203.67449324397603, 5023779.30554292909801 ], [ 431236.034156202047598, 5023801.545723107643425 ], [ 431269.513432463339996, 5023822.061849986203015 ], [ 431304.020557658688631, 5023840.797690289095044 ], [ 431339.460950156499166, 5023857.701890380121768 ], [ 431375.737470304360613, 5023872.72811702080071 ], [ 431412.750686682120431, 5023885.835184369236231 ], [ 431450.39914863643935, 5023896.987166864797473 ], [ 431488.579664350021631, 5023906.153497698716819 ], [ 431527.187583683175035, 5023913.309052594937384 ], [ 431566.117085012607276, 5023918.434218674898148 ], [ 431605.261465281131677, 5023921.514948214404285 ], [ 431644.513432463339996, 5023922.542797148227692 ], [ 431683.765399645548314, 5023921.514948214404285 ], [ 431722.909779914072715, 5023918.434218674898148 ], [ 431761.839281243504956, 5023913.309052594937384 ], [ 431800.447200576658361, 5023906.153497698716819 ], [ 431838.627716290240642, 5023896.987166864797473 ], [ 431876.27617824455956, 5023885.835184369236231 ], [ 431913.289394622319378, 5023872.72811702080071 ], [ 431949.565914770180825, 5023857.701890380121768 ], [ 431985.00630726799136, 5023840.797690289095044 ], [ 432019.513432463339996, 5023822.061849986203015 ], [ 432052.992708724632394, 5023801.545723107643425 ], [ 432085.352371682703961, 5023779.30554292909801 ], [ 432116.50372575072106, 5023755.402268241159618 ], [ 432146.361387232493144, 5023729.901416256092489 ], [ 432174.843518353241961, 5023702.872883038595319 ], [ 432201.872051571379416, 5023674.390751916915178 ], [ 432227.372903556039091, 5023644.533090435899794 ], [ 432251.27617824455956, 5023613.381736367940903 ], [ 432273.516358422406483, 5023581.02207340952009 ], [ 432294.032485301664565, 5023547.542797148227692 ], [ 432312.768325604614802, 5023513.035671953111887 ], [ 432329.672525695292279, 5023477.595279455184937 ], [ 432344.69875233626226, 5023441.318759307265282 ], [ 432357.805819684697781, 5023404.30554292909801 ], [ 432368.957802180142608, 5023366.657080975361168 ], [ 432378.124133013712708, 5023328.476565261371434 ], [ 432385.279687909700442, 5023289.868645928800106 ], [ 432390.40485398954479, 5023250.939144599251449 ], [ 432393.485583529283758, 5023211.794764330610633 ], [ 432394.513432463339996, 5023172.542797148227692 ] ] ] } },
{ "type": "Feature", "properties": { "site": 21, "transect": 21.1 }, "geometry": { "type": "Polygon", "coordinates": [ [ [ 421444.115269278001506, 5056703.750520440749824 ], [ 421443.087420343945269, 5056664.498553258366883 ], [ 421440.006690804206301, 5056625.354172989726067 ], [ 421434.881524724361952, 5056586.42467166017741 ], [ 421427.725969828374218, 5056547.816752327606082 ], [ 421418.559638994804118, 5056509.636236613616347 ], [ 421407.407656499359291, 5056471.987774659879506 ], [ 421394.30058915092377, 5056434.974558281712234 ], [ 421379.274362509953789, 5056398.698038133792579 ], [ 421362.370162419276312, 5056363.257645635865629 ], [ 421343.634322116326075, 5056328.750520440749824 ], [ 421323.118195237067994, 5056295.271244179457426 ], [ 421300.87801505922107, 5056262.911581221036613 ], [ 421276.974740370758809, 5056231.760227153077722 ], [ 421251.473888386040926, 5056201.902565672062337 ], [ 421224.445355167903472, 5056173.420434550382197 ], [ 421195.963224047154654, 5056146.391901332885027 ], [ 421166.10556256538257, 5056120.891049347817898 ], [ 421134.954208497365471, 5056096.987774659879506 ], [ 421102.594545539293904, 5056074.74759448133409 ], [ 421069.115269278001506, 5056054.231467602774501 ], [ 421034.608144082652871, 5056035.495627299882472 ], [ 420999.167751584842335, 5056018.591427208855748 ], [ 420962.891231436980888, 5056003.565200568176806 ], [ 420925.87801505922107, 5055990.458133219741285 ], [ 420888.229553104902152, 5055979.306150724180043 ], [ 420850.049037391319871, 5055970.139819890260696 ], [ 420811.441118058166467, 5055962.984264994040132 ], [ 420772.511616728734225, 5055957.859098914079368 ], [ 420733.367236460209824, 5055954.778369374573231 ], [ 420694.115269278001506, 5055953.750520440749824 ], [ 420654.863302095793188, 5055954.778369374573231 ], [ 420615.718921827268787, 5055957.859098914079368 ], [ 420576.789420497836545, 5055962.984264994040132 ], [ 420538.181501164683141, 5055970.139819890260696 ], [ 420500.00098545110086, 5055979.306150724180043 ], [ 420462.352523496781942, 5055990.458133219741285 ], [ 420425.339307119022124, 5056003.565200568176806 ], [ 420389.062786971160676, 5056018.591427208855748 ], [ 420353.622394473350141, 5056035.495627299882472 ], [ 420319.115269278001506, 5056054.231467602774501 ], [ 420285.635993016709108, 5056074.74759448133409 ], [ 420253.276330058637541, 5056096.987774659879506 ], [ 420222.124975990620442, 5056120.891049347817898 ], [ 420192.267314508848358, 5056146.391901332885027 ], [ 420163.78518338809954, 5056173.420434550382197 ], [ 420136.756650169962086, 5056201.902565672062337 ], [ 420111.25579818530241, 5056231.760227153077722 ], [ 420087.352523496781942, 5056262.911581221036613 ], [ 420065.112343318935018, 5056295.271244179457426 ], [ 420044.596216439676937, 5056328.750520440749824 ], [ 420025.8603761367267, 5056363.257645635865629 ], [ 420008.956176046049222, 5056398.698038133792579 ], [ 419993.929949405079242, 5056434.974558281712234 ], [ 419980.822882056643721, 5056471.987774659879506 ], [ 419969.670899561198894, 5056509.636236613616347 ], [ 419960.504568727628794, 5056547.816752327606082 ], [ 419953.349013831641059, 5056586.42467166017741 ], [ 419948.223847751796711, 5056625.354172989726067 ], [ 419945.143118212057743, 5056664.498553258366883 ], [ 419944.115269278001506, 5056703.750520440749824 ], [ 419945.143118212057743, 5056743.002487623132765 ], [ 419948.223847751796711, 5056782.146867891773582 ], [ 419953.349013831641059, 5056821.076369221322238 ], [ 419960.504568727628794, 5056859.684288553893566 ], [ 419969.670899561198894, 5056897.864804267883301 ], [ 419980.822882056643721, 5056935.513266221620142 ], [ 419993.929949405079242, 5056972.526482599787414 ], [ 420008.956176046049222, 5057008.803002747707069 ], [ 420025.8603761367267, 5057044.243395245634019 ], [ 420044.596216439676937, 5057078.750520440749824 ], [ 420065.112343318935018, 5057112.229796702042222 ], [ 420087.352523496781942, 5057144.589459660463035 ], [ 420111.255798185244203, 5057175.740813728421926 ], [ 420136.756650169962086, 5057205.598475209437311 ], [ 420163.78518338809954, 5057234.080606331117451 ], [ 420192.267314508848358, 5057261.109139548614621 ], [ 420222.124975990620442, 5057286.60999153368175 ], [ 420253.276330058637541, 5057310.513266221620142 ], [ 420285.635993016709108, 5057332.753446400165558 ], [ 420319.115269278001506, 5057353.269573278725147 ], [ 420353.622394473350141, 5057372.005413581617177 ], [ 420389.062786971160676, 5057388.9096136726439 ], [ 420425.339307119022124, 5057403.935840313322842 ], [ 420462.352523496781942, 5057417.042907661758363 ], [ 420500.00098545110086, 5057428.194890157319605 ], [ 420538.181501164683141, 5057437.361220991238952 ], [ 420576.789420497836545, 5057444.516775887459517 ], [ 420615.718921827268787, 5057449.64194196742028 ], [ 420654.863302095793188, 5057452.722671506926417 ], [ 420694.115269278001506, 5057453.750520440749824 ], [ 420733.367236460209824, 5057452.722671506926417 ], [ 420772.511616728734225, 5057449.64194196742028 ], [ 420811.441118058166467, 5057444.516775887459517 ], [ 420850.049037391319871, 5057437.361220991238952 ], [ 420888.229553104902152, 5057428.194890157319605 ], [ 420925.87801505922107, 5057417.042907661758363 ], [ 420962.891231436980888, 5057403.935840313322842 ], [ 420999.167751584842335, 5057388.9096136726439 ], [ 421034.608144082652871, 5057372.005413581617177 ], [ 421069.115269278001506, 5057353.269573278725147 ], [ 421102.594545539293904, 5057332.753446400165558 ], [ 421134.954208497365471, 5057310.513266221620142 ], [ 421166.10556256538257, 5057286.60999153368175 ], [ 421195.963224047154654, 5057261.109139548614621 ], [ 421224.445355167903472, 5057234.080606331117451 ], [ 421251.473888386040926, 5057205.598475209437311 ], [ 421276.974740370700601, 5057175.740813728421926 ], [ 421300.87801505922107, 5057144.589459660463035 ], [ 421323.118195237067994, 5057112.229796702042222 ], [ 421343.634322116326075, 5057078.750520440749824 ], [ 421362.370162419276312, 5057044.243395245634019 ], [ 421379.274362509953789, 5057008.803002747707069 ], [ 421394.30058915092377, 5056972.526482599787414 ], [ 421407.407656499359291, 5056935.513266221620142 ], [ 421418.559638994804118, 5056897.864804267883301 ], [ 421427.725969828374218, 5056859.684288553893566 ], [ 421434.881524724361952, 5056821.076369221322238 ], [ 421440.006690804206301, 5056782.146867891773582 ], [ 421443.087420343945269, 5056743.002487623132765 ], [ 421444.115269278001506, 5056703.750520440749824 ] ] ] } },
{ "type": "Feature", "properties": { "site": 21, "transect": 21.2 }, "geometry": { "type": "Polygon", "coordinates": [ [ [ 421473.461961422290187, 5056335.476862846873701 ], [ 421472.43411248823395, 5056296.224895664490759 ], [ 421469.353382948494982, 5056257.080515395849943 ], [ 421464.228216868650634, 5056218.151014066301286 ], [ 421457.0726619726629, 5056179.543094733729959 ], [ 421447.906331139092799, 5056141.362579019740224 ], [ 421436.754348643647972, 5056103.714117066003382 ], [ 421423.647281295212451, 5056066.700900687836111 ], [ 421408.621054654242471, 5056030.424380539916456 ], [ 421391.716854563564993, 5055994.983988041989505 ], [ 421372.981014260614756, 5055960.476862846873701 ], [ 421352.464887381356675, 5055926.997586585581303 ], [ 421330.224707203509752, 5055894.63792362716049 ], [ 421306.321432515047491, 5055863.486569559201598 ], [ 421280.820580530329607, 5055833.628908078186214 ], [ 421253.792047312192153, 5055805.146776956506073 ], [ 421225.309916191443335, 5055778.118243739008904 ], [ 421195.452254709671251, 5055752.617391753941774 ], [ 421164.300900641654152, 5055728.714117066003382 ], [ 421131.941237683582585, 5055706.473936887457967 ], [ 421098.461961422290187, 5055685.957810008898377 ], [ 421063.954836226941552, 5055667.221969706006348 ], [ 421028.514443729131017, 5055650.317769614979625 ], [ 420992.23792358126957, 5055635.291542974300683 ], [ 420955.224707203509752, 5055622.184475625865161 ], [ 420917.576245249190833, 5055611.032493130303919 ], [ 420879.395729535608552, 5055601.866162296384573 ], [ 420840.787810202455148, 5055594.710607400164008 ], [ 420801.858308873022906, 5055589.585441320203245 ], [ 420762.713928604498506, 5055586.504711780697107 ], [ 420723.461961422290187, 5055585.476862846873701 ], [ 420684.209994240081869, 5055586.504711780697107 ], [ 420645.065613971557468, 5055589.585441320203245 ], [ 420606.136112642125227, 5055594.710607400164008 ], [ 420567.528193308971822, 5055601.866162296384573 ], [ 420529.347677595389541, 5055611.032493130303919 ], [ 420491.699215641070623, 5055622.184475625865161 ], [ 420454.685999263310805, 5055635.291542974300683 ], [ 420418.409479115449358, 5055650.317769614979625 ], [ 420382.969086617638823, 5055667.221969706006348 ], [ 420348.461961422290187, 5055685.957810008898377 ], [ 420314.982685160997789, 5055706.473936887457967 ], [ 420282.623022202926222, 5055728.714117066003382 ], [ 420251.471668134909123, 5055752.617391753941774 ], [ 420221.614006653137039, 5055778.118243739008904 ], [ 420193.131875532388221, 5055805.146776956506073 ], [ 420166.103342314250767, 5055833.628908078186214 ], [ 420140.602490329591092, 5055863.486569559201598 ], [ 420116.699215641070623, 5055894.63792362716049 ], [ 420094.459035463223699, 5055926.997586585581303 ], [ 420073.942908583965618, 5055960.476862846873701 ], [ 420055.207068281015381, 5055994.983988041989505 ], [ 420038.302868190337904, 5056030.424380539916456 ], [ 420023.276641549367923, 5056066.700900687836111 ], [ 420010.169574200932402, 5056103.714117066003382 ], [ 419999.017591705487575, 5056141.362579019740224 ], [ 419989.851260871917475, 5056179.543094733729959 ], [ 419982.695705975929741, 5056218.151014066301286 ], [ 419977.570539896085393, 5056257.080515395849943 ], [ 419974.489810356346425, 5056296.224895664490759 ], [ 419973.461961422290187, 5056335.476862846873701 ], [ 419974.489810356346425, 5056374.728830029256642 ], [ 419977.570539896085393, 5056413.873210297897458 ], [ 419982.695705975929741, 5056452.802711627446115 ], [ 419989.851260871917475, 5056491.410630960017443 ], [ 419999.017591705487575, 5056529.591146674007177 ], [ 420010.169574200932402, 5056567.239608627744019 ], [ 420023.276641549367923, 5056604.252825005911291 ], [ 420038.302868190337904, 5056640.529345153830945 ], [ 420055.207068281015381, 5056675.969737651757896 ], [ 420073.942908583965618, 5056710.476862846873701 ], [ 420094.459035463223699, 5056743.956139108166099 ], [ 420116.699215641070623, 5056776.315802066586912 ], [ 420140.602490329532884, 5056807.467156134545803 ], [ 420166.103342314250767, 5056837.324817615561187 ], [ 420193.131875532388221, 5056865.806948737241328 ], [ 420221.614006653137039, 5056892.835481954738498 ], [ 420251.471668134909123, 5056918.336333939805627 ], [ 420282.623022202926222, 5056942.239608627744019 ], [ 420314.982685160997789, 5056964.479788806289434 ], [ 420348.461961422290187, 5056984.995915684849024 ], [ 420382.969086617638823, 5057003.731755987741053 ], [ 420418.409479115449358, 5057020.635956078767776 ], [ 420454.685999263310805, 5057035.662182719446719 ], [ 420491.699215641070623, 5057048.76925006788224 ], [ 420529.347677595389541, 5057059.921232563443482 ], [ 420567.528193308971822, 5057069.087563397362828 ], [ 420606.136112642125227, 5057076.243118293583393 ], [ 420645.065613971557468, 5057081.368284373544157 ], [ 420684.209994240081869, 5057084.449013913050294 ], [ 420723.461961422290187, 5057085.476862846873701 ], [ 420762.713928604498506, 5057084.449013913050294 ], [ 420801.858308873022906, 5057081.368284373544157 ], [ 420840.787810202455148, 5057076.243118293583393 ], [ 420879.395729535608552, 5057069.087563397362828 ], [ 420917.576245249190833, 5057059.921232563443482 ], [ 420955.224707203509752, 5057048.76925006788224 ], [ 420992.23792358126957, 5057035.662182719446719 ], [ 421028.514443729131017, 5057020.635956078767776 ], [ 421063.954836226941552, 5057003.731755987741053 ], [ 421098.461961422290187, 5056984.995915684849024 ], [ 421131.941237683582585, 5056964.479788806289434 ], [ 421164.300900641654152, 5056942.239608627744019 ], [ 421195.452254709671251, 5056918.336333939805627 ], [ 421225.309916191443335, 5056892.835481954738498 ], [ 421253.792047312192153, 5056865.806948737241328 ], [ 421280.820580530329607, 5056837.324817615561187 ], [ 421306.321432514989283, 5056807.467156134545803 ], [ 421330.224707203509752, 5056776.315802066586912 ], [ 421352.464887381356675, 5056743.956139108166099 ], [ 421372.981014260614756, 5056710.476862846873701 ], [ 421391.716854563564993, 5056675.969737651757896 ], [ 421408.621054654242471, 5056640.529345153830945 ], [ 421423.647281295212451, 5056604.252825005911291 ], [ 421436.754348643647972, 5056567.239608627744019 ], [ 421447.906331139092799, 5056529.591146674007177 ], [ 421457.0726619726629, 5056491.410630960017443 ], [ 421464.228216868650634, 5056452.802711627446115 ], [ 421469.353382948494982, 5056413.873210297897458 ], [ 421472.43411248823395, 5056374.728830029256642 ], [ 421473.461961422290187, 5056335.476862846873701 ] ] ] } },
{ "type": "Feature", "properties": { "site": 21, "transect": 21.3 }, "geometry": { "type": "Polygon", "coordinates": [ [ [ 421277.043712217768189, 5056634.279376052320004 ], [ 421276.015863283711951, 5056595.027408869937062 ], [ 421272.935133743972983, 5056555.883028601296246 ], [ 421267.809967664128635, 5056516.953527271747589 ], [ 421260.654412768140901, 5056478.345607939176261 ], [ 421251.488081934570801, 5056440.165092225186527 ], [ 421240.336099439125974, 5056402.516630271449685 ], [ 421227.229032090690453, 5056365.503413893282413 ], [ 421212.202805449720472, 5056329.226893745362759 ], [ 421195.298605359042995, 5056293.786501247435808 ], [ 421176.562765056092758, 5056259.279376052320004 ], [ 421156.046638176834676, 5056225.800099791027606 ], [ 421133.806457998987753, 5056193.440436832606792 ], [ 421109.903183310525492, 5056162.289082764647901 ], [ 421084.402331325807609, 5056132.431421283632517 ], [ 421057.373798107670154, 5056103.949290161952376 ], [ 421028.891666986921337, 5056076.920756944455206 ], [ 420999.034005505149253, 5056051.419904959388077 ], [ 420967.882651437132154, 5056027.516630271449685 ], [ 420935.522988479060587, 5056005.27645009290427 ], [ 420902.043712217768189, 5055984.76032321434468 ], [ 420867.536587022419553, 5055966.024482911452651 ], [ 420832.096194524609018, 5055949.120282820425928 ], [ 420795.819674376747571, 5055934.094056179746985 ], [ 420758.806457998987753, 5055920.986988831311464 ], [ 420721.157996044668835, 5055909.835006335750222 ], [ 420682.977480331086554, 5055900.668675501830876 ], [ 420644.369560997933149, 5055893.513120605610311 ], [ 420605.440059668500908, 5055888.387954525649548 ], [ 420566.295679399976507, 5055885.30722498614341 ], [ 420527.043712217768189, 5055884.279376052320004 ], [ 420487.79174503555987, 5055885.30722498614341 ], [ 420448.647364767035469, 5055888.387954525649548 ], [ 420409.717863437603228, 5055893.513120605610311 ], [ 420371.109944104449823, 5055900.668675501830876 ], [ 420332.929428390867542, 5055909.835006335750222 ], [ 420295.280966436548624, 5055920.986988831311464 ], [ 420258.267750058788806, 5055934.094056179746985 ], [ 420221.991229910927359, 5055949.120282820425928 ], [ 420186.550837413116824, 5055966.024482911452651 ], [ 420152.043712217768189, 5055984.76032321434468 ], [ 420118.564435956475791, 5056005.27645009290427 ], [ 420086.204772998404223, 5056027.516630271449685 ], [ 420055.053418930387124, 5056051.419904959388077 ], [ 420025.195757448615041, 5056076.920756944455206 ], [ 419996.713626327866223, 5056103.949290161952376 ], [ 419969.685093109728768, 5056132.431421283632517 ], [ 419944.184241125069093, 5056162.289082764647901 ], [ 419920.280966436548624, 5056193.440436832606792 ], [ 419898.040786258701701, 5056225.800099791027606 ], [ 419877.524659379443619, 5056259.279376052320004 ], [ 419858.788819076493382, 5056293.786501247435808 ], [ 419841.884618985815905, 5056329.226893745362759 ], [ 419826.858392344845925, 5056365.503413893282413 ], [ 419813.751324996410403, 5056402.516630271449685 ], [ 419802.599342500965577, 5056440.165092225186527 ], [ 419793.433011667395476, 5056478.345607939176261 ], [ 419786.277456771407742, 5056516.953527271747589 ], [ 419781.152290691563394, 5056555.883028601296246 ], [ 419778.071561151824426, 5056595.027408869937062 ], [ 419777.043712217768189, 5056634.279376052320004 ], [ 419778.071561151824426, 5056673.531343234702945 ], [ 419781.152290691563394, 5056712.675723503343761 ], [ 419786.277456771407742, 5056751.605224832892418 ], [ 419793.433011667395476, 5056790.213144165463746 ], [ 419802.599342500965577, 5056828.39365987945348 ], [ 419813.751324996410403, 5056866.042121833190322 ], [ 419826.858392344845925, 5056903.055338211357594 ], [ 419841.884618985815905, 5056939.331858359277248 ], [ 419858.788819076493382, 5056974.772250857204199 ], [ 419877.524659379443619, 5057009.279376052320004 ], [ 419898.040786258701701, 5057042.758652313612401 ], [ 419920.280966436548624, 5057075.118315272033215 ], [ 419944.184241125010885, 5057106.269669339992106 ], [ 419969.685093109728768, 5057136.12733082100749 ], [ 419996.713626327866223, 5057164.609461942687631 ], [ 420025.195757448615041, 5057191.637995160184801 ], [ 420055.053418930387124, 5057217.13884714525193 ], [ 420086.204772998404223, 5057241.042121833190322 ], [ 420118.564435956475791, 5057263.282302011735737 ], [ 420152.043712217768189, 5057283.798428890295327 ], [ 420186.550837413116824, 5057302.534269193187356 ], [ 420221.991229910927359, 5057319.438469284214079 ], [ 420258.267750058788806, 5057334.464695924893022 ], [ 420295.280966436548624, 5057347.571763273328543 ], [ 420332.929428390867542, 5057358.723745768889785 ], [ 420371.109944104449823, 5057367.890076602809131 ], [ 420409.717863437603228, 5057375.045631499029696 ], [ 420448.647364767035469, 5057380.170797578990459 ], [ 420487.79174503555987, 5057383.251527118496597 ], [ 420527.043712217768189, 5057384.279376052320004 ], [ 420566.295679399976507, 5057383.251527118496597 ], [ 420605.440059668500908, 5057380.170797578990459 ], [ 420644.369560997933149, 5057375.045631499029696 ], [ 420682.977480331086554, 5057367.890076602809131 ], [ 420721.157996044668835, 5057358.723745768889785 ], [ 420758.806457998987753, 5057347.571763273328543 ], [ 420795.819674376747571, 5057334.464695924893022 ], [ 420832.096194524609018, 5057319.438469284214079 ], [ 420867.536587022419553, 5057302.534269193187356 ], [ 420902.043712217768189, 5057283.798428890295327 ], [ 420935.522988479060587, 5057263.282302011735737 ], [ 420967.882651437132154, 5057241.042121833190322 ], [ 420999.034005505149253, 5057217.13884714525193 ], [ 421028.891666986921337, 5057191.637995160184801 ], [ 421057.373798107670154, 5057164.609461942687631 ], [ 421084.402331325807609, 5057136.12733082100749 ], [ 421109.903183310467284, 5057106.269669339992106 ], [ 421133.806457998987753, 5057075.118315272033215 ], [ 421156.046638176834676, 5057042.758652313612401 ], [ 421176.562765056092758, 5057009.279376052320004 ], [ 421195.298605359042995, 5056974.772250857204199 ], [ 421212.202805449720472, 5056939.331858359277248 ], [ 421227.229032090690453, 5056903.055338211357594 ], [ 421240.336099439125974, 5056866.042121833190322 ], [ 421251.488081934570801, 5056828.39365987945348 ], [ 421260.654412768140901, 5056790.213144165463746 ], [ 421267.809967664128635, 5056751.605224832892418 ], [ 421272.935133743972983, 5056712.675723503343761 ], [ 421276.015863283711951, 5056673.531343234702945 ], [ 421277.043712217768189, 5056634.279376052320004 ] ] ] } },
{ "type": "Feature", "properties": { "site": 21, "transect": 21.4 }, "geometry": { "type": "Polygon", "coordinates": [ [ [ 421302.2428881888045, 5056566.343333811499178 ], [ 421301.215039254748262, 5056527.091366629116237 ], [ 421298.134309715009294, 5056487.946986360475421 ], [ 421293.009143635164946, 5056449.017485030926764 ], [ 421285.853588739177212, 5056410.409565698355436 ], [ 421276.687257905607112, 5056372.229049984365702 ], [ 421265.535275410162285, 5056334.58058803062886 ], [ 421252.428208061726764, 5056297.567371652461588 ], [ 421237.401981420756783, 5056261.290851504541934 ], [ 421220.497781330079306, 5056225.850459006614983 ], [ 421201.761941027129069, 5056191.343333811499178 ], [ 421181.245814147870988, 5056157.86405755020678 ], [ 421159.005633970024064, 5056125.504394591785967 ], [ 421135.102359281503595, 5056094.353040523827076 ], [ 421109.60150729684392, 5056064.495379042811692 ], [ 421082.572974078706466, 5056036.013247921131551 ], [ 421054.090842957957648, 5056008.984714703634381 ], [ 421024.233181476185564, 5055983.483862718567252 ], [ 420993.081827408168465, 5055959.58058803062886 ], [ 420960.722164450096898, 5055937.340407852083445 ], [ 420927.2428881888045, 5055916.824280973523855 ], [ 420892.735762993455864, 5055898.088440670631826 ], [ 420857.295370495645329, 5055881.184240579605103 ], [ 420821.018850347783882, 5055866.15801393892616 ], [ 420784.005633970024064, 5055853.050946590490639 ], [ 420746.357172015705146, 5055841.898964094929397 ], [ 420708.176656302122865, 5055832.732633261010051 ], [ 420669.568736968969461, 5055825.577078364789486 ], [ 420630.639235639537219, 5055820.451912284828722 ], [ 420591.494855371012818, 5055817.371182745322585 ], [ 420552.2428881888045, 5055816.343333811499178 ], [ 420512.990921006596182, 5055817.371182745322585 ], [ 420473.846540738071781, 5055820.451912284828722 ], [ 420434.917039408639539, 5055825.577078364789486 ], [ 420396.309120075486135, 5055832.732633261010051 ], [ 420358.128604361903854, 5055841.898964094929397 ], [ 420320.480142407584935, 5055853.050946590490639 ], [ 420283.466926029825117, 5055866.15801393892616 ], [ 420247.19040588196367, 5055881.184240579605103 ], [ 420211.750013384153135, 5055898.088440670631826 ], [ 420177.2428881888045, 5055916.824280973523855 ], [ 420143.763611927512102, 5055937.340407852083445 ], [ 420111.403948969440535, 5055959.58058803062886 ], [ 420080.252594901423436, 5055983.483862718567252 ], [ 420050.394933419651352, 5056008.984714703634381 ], [ 420021.912802298902534, 5056036.013247921131551 ], [ 419994.88426908076508, 5056064.495379042811692 ], [ 419969.383417096105404, 5056094.353040523827076 ], [ 419945.480142407584935, 5056125.504394591785967 ], [ 419923.239962229738012, 5056157.86405755020678 ], [ 419902.723835350479931, 5056191.343333811499178 ], [ 419883.987995047529694, 5056225.850459006614983 ], [ 419867.083794956852216, 5056261.290851504541934 ], [ 419852.057568315882236, 5056297.567371652461588 ], [ 419838.950500967446715, 5056334.58058803062886 ], [ 419827.798518472001888, 5056372.229049984365702 ], [ 419818.632187638431787, 5056410.409565698355436 ], [ 419811.476632742444053, 5056449.017485030926764 ], [ 419806.351466662599705, 5056487.946986360475421 ], [ 419803.270737122860737, 5056527.091366629116237 ], [ 419802.2428881888045, 5056566.343333811499178 ], [ 419803.270737122860737, 5056605.59530099388212 ], [ 419806.351466662599705, 5056644.739681262522936 ], [ 419811.476632742444053, 5056683.669182592071593 ], [ 419818.632187638431787, 5056722.27710192464292 ], [ 419827.798518472001888, 5056760.457617638632655 ], [ 419838.950500967446715, 5056798.106079592369497 ], [ 419852.057568315882236, 5056835.119295970536768 ], [ 419867.083794956852216, 5056871.395816118456423 ], [ 419883.987995047529694, 5056906.836208616383374 ], [ 419902.723835350479931, 5056941.343333811499178 ], [ 419923.239962229738012, 5056974.822610072791576 ], [ 419945.480142407584935, 5057007.182273031212389 ], [ 419969.383417096047197, 5057038.333627099171281 ], [ 419994.88426908076508, 5057068.191288580186665 ], [ 420021.912802298902534, 5057096.673419701866806 ], [ 420050.394933419651352, 5057123.701952919363976 ], [ 420080.252594901423436, 5057149.202804904431105 ], [ 420111.403948969440535, 5057173.106079592369497 ], [ 420143.763611927512102, 5057195.346259770914912 ], [ 420177.2428881888045, 5057215.862386649474502 ], [ 420211.750013384153135, 5057234.598226952366531 ], [ 420247.19040588196367, 5057251.502427043393254 ], [ 420283.466926029825117, 5057266.528653684072196 ], [ 420320.480142407584935, 5057279.635721032507718 ], [ 420358.128604361903854, 5057290.78770352806896 ], [ 420396.309120075486135, 5057299.954034361988306 ], [ 420434.917039408639539, 5057307.109589258208871 ], [ 420473.846540738071781, 5057312.234755338169634 ], [ 420512.990921006596182, 5057315.315484877675772 ], [ 420552.2428881888045, 5057316.343333811499178 ], [ 420591.494855371012818, 5057315.315484877675772 ], [ 420630.639235639537219, 5057312.234755338169634 ], [ 420669.568736968969461, 5057307.109589258208871 ], [ 420708.176656302122865, 5057299.954034361988306 ], [ 420746.357172015705146, 5057290.78770352806896 ], [ 420784.005633970024064, 5057279.635721032507718 ], [ 420821.018850347783882, 5057266.528653684072196 ], [ 420857.295370495645329, 5057251.502427043393254 ], [ 420892.735762993455864, 5057234.598226952366531 ], [ 420927.2428881888045, 5057215.862386649474502 ], [ 420960.722164450096898, 5057195.346259770914912 ], [ 420993.081827408168465, 5057173.106079592369497 ], [ 421024.233181476185564, 5057149.202804904431105 ], [ 421054.090842957957648, 5057123.701952919363976 ], [ 421082.572974078706466, 5057096.673419701866806 ], [ 421109.60150729684392, 5057068.191288580186665 ], [ 421135.102359281503595, 5057038.333627099171281 ], [ 421159.005633970024064, 5057007.182273031212389 ], [ 421181.245814147870988, 5056974.822610072791576 ], [ 421201.761941027129069, 5056941.343333811499178 ], [ 421220.497781330079306, 5056906.836208616383374 ], [ 421237.401981420756783, 5056871.395816118456423 ], [ 421252.428208061726764, 5056835.119295970536768 ], [ 421265.535275410162285, 5056798.106079592369497 ], [ 421276.687257905607112, 5056760.457617638632655 ], [ 421285.853588739177212, 5056722.27710192464292 ], [ 421293.009143635164946, 5056683.669182592071593 ], [ 421298.134309715009294, 5056644.739681262522936 ], [ 421301.215039254748262, 5056605.59530099388212 ], [ 421302.2428881888045, 5056566.343333811499178 ] ] ] } },
{ "type": "Feature", "properties": { "site": 21, "transect": 21.5 }, "geometry": { "type": "Polygon", "coordinates": [ [ [ 421302.2428881888045, 5056566.343333811499178 ], [ 421301.215039254748262, 5056527.091366629116237 ], [ 421298.134309715009294, 5056487.946986360475421 ], [ 421293.009143635164946, 5056449.017485030926764 ], [ 421285.853588739177212, 5056410.409565698355436 ], [ 421276.687257905607112, 5056372.229049984365702 ], [ 421265.535275410162285, 5056334.58058803062886 ], [ 421252.428208061726764, 5056297.567371652461588 ], [ 421237.401981420756783, 5056261.290851504541934 ], [ 421220.497781330079306, 5056225.850459006614983 ], [ 421201.761941027129069, 5056191.343333811499178 ], [ 421181.245814147870988, 5056157.86405755020678 ], [ 421159.005633970024064, 5056125.504394591785967 ], [ 421135.102359281503595, 5056094.353040523827076 ], [ 421109.60150729684392, 5056064.495379042811692 ], [ 421082.572974078706466, 5056036.013247921131551 ], [ 421054.090842957957648, 5056008.984714703634381 ], [ 421024.233181476185564, 5055983.483862718567252 ], [ 420993.081827408168465, 5055959.58058803062886 ], [ 420960.722164450096898, 5055937.340407852083445 ], [ 420927.2428881888045, 5055916.824280973523855 ], [ 420892.735762993455864, 5055898.088440670631826 ], [ 420857.295370495645329, 5055881.184240579605103 ], [ 420821.018850347783882, 5055866.15801393892616 ], [ 420784.005633970024064, 5055853.050946590490639 ], [ 420746.357172015705146, 5055841.898964094929397 ], [ 420708.176656302122865, 5055832.732633261010051 ], [ 420669.568736968969461, 5055825.577078364789486 ], [ 420630.639235639537219, 5055820.451912284828722 ], [ 420591.494855371012818, 5055817.371182745322585 ], [ 420552.2428881888045, 5055816.343333811499178 ], [ 420512.990921006596182, 5055817.371182745322585 ], [ 420473.846540738071781, 5055820.451912284828722 ], [ 420434.917039408639539, 5055825.577078364789486 ], [ 420396.309120075486135, 5055832.732633261010051 ], [ 420358.128604361903854, 5055841.898964094929397 ], [ 420320.480142407584935, 5055853.050946590490639 ], [ 420283.466926029825117, 5055866.15801393892616 ], [ 420247.19040588196367, 5055881.184240579605103 ], [ 420211.750013384153135, 5055898.088440670631826 ], [ 420177.2428881888045, 5055916.824280973523855 ], [ 420143.763611927512102, 5055937.340407852083445 ], [ 420111.403948969440535, 5055959.58058803062886 ], [ 420080.252594901423436, 5055983.483862718567252 ], [ 420050.394933419651352, 5056008.984714703634381 ], [ 420021.912802298902534, 5056036.013247921131551 ], [ 419994.88426908076508, 5056064.495379042811692 ], [ 419969.383417096105404, 5056094.353040523827076 ], [ 419945.480142407584935, 5056125.504394591785967 ], [ 419923.239962229738012, 5056157.86405755020678 ], [ 419902.723835350479931, 5056191.343333811499178 ], [ 419883.987995047529694, 5056225.850459006614983 ], [ 419867.083794956852216, 5056261.290851504541934 ], [ 419852.057568315882236, 5056297.567371652461588 ], [ 419838.950500967446715, 5056334.58058803062886 ], [ 419827.798518472001888, 5056372.229049984365702 ], [ 419818.632187638431787, 5056410.409565698355436 ], [ 419811.476632742444053, 5056449.017485030926764 ], [ 419806.351466662599705, 5056487.946986360475421 ], [ 419803.270737122860737, 5056527.091366629116237 ], [ 419802.2428881888045, 5056566.343333811499178 ], [ 419803.270737122860737, 5056605.59530099388212 ], [ 419806.351466662599705, 5056644.739681262522936 ], [ 419811.476632742444053, 5056683.669182592071593 ], [ 419818.632187638431787, 5056722.27710192464292 ], [ 419827.798518472001888, 5056760.457617638632655 ], [ 419838.950500967446715, 5056798.106079592369497 ], [ 419852.057568315882236, 5056835.119295970536768 ], [ 419867.083794956852216, 5056871.395816118456423 ], [ 419883.987995047529694, 5056906.836208616383374 ], [ 419902.723835350479931, 5056941.343333811499178 ], [ 419923.239962229738012, 5056974.822610072791576 ], [ 419945.480142407584935, 5057007.182273031212389 ], [ 419969.383417096047197, 5057038.333627099171281 ], [ 419994.88426908076508, 5057068.191288580186665 ], [ 420021.912802298902534, 5057096.673419701866806 ], [ 420050.394933419651352, 5057123.701952919363976 ], [ 420080.252594901423436, 5057149.202804904431105 ], [ 420111.403948969440535, 5057173.106079592369497 ], [ 420143.763611927512102, 5057195.346259770914912 ], [ 420177.2428881888045, 5057215.862386649474502 ], [ 420211.750013384153135, 5057234.598226952366531 ], [ 420247.19040588196367, 5057251.502427043393254 ], [ 420283.466926029825117, 5057266.528653684072196 ], [ 420320.480142407584935, 5057279.635721032507718 ], [ 420358.128604361903854, 5057290.78770352806896 ], [ 420396.309120075486135, 5057299.954034361988306 ], [ 420434.917039408639539, 5057307.109589258208871 ], [ 420473.846540738071781, 5057312.234755338169634 ], [ 420512.990921006596182, 5057315.315484877675772 ], [ 420552.2428881888045, 5057316.343333811499178 ], [ 420591.494855371012818, 5057315.315484877675772 ], [ 420630.639235639537219, 5057312.234755338169634 ], [ 420669.568736968969461, 5057307.109589258208871 ], [ 420708.176656302122865, 5057299.954034361988306 ], [ 420746.357172015705146, 5057290.78770352806896 ], [ 420784.005633970024064, 5057279.635721032507718 ], [ 420821.018850347783882, 5057266.528653684072196 ], [ 420857.295370495645329, 5057251.502427043393254 ], [ 420892.735762993455864, 5057234.598226952366531 ], [ 420927.2428881888045, 5057215.862386649474502 ], [ 420960.722164450096898, 5057195.346259770914912 ], [ 420993.081827408168465, 5057173.106079592369497 ], [ 421024.233181476185564, 5057149.202804904431105 ], [ 421054.090842957957648, 5057123.701952919363976 ], [ 421082.572974078706466, 5057096.673419701866806 ], [ 421109.60150729684392, 5057068.191288580186665 ], [ 421135.102359281503595, 5057038.333627099171281 ], [ 421159.005633970024064, 5057007.182273031212389 ], [ 421181.245814147870988, 5056974.822610072791576 ], [ 421201.761941027129069, 5056941.343333811499178 ], [ 421220.497781330079306, 5056906.836208616383374 ], [ 421237.401981420756783, 5056871.395816118456423 ], [ 421252.428208061726764, 5056835.119295970536768 ], [ 421265.535275410162285, 5056798.106079592369497 ], [ 421276.687257905607112, 5056760.457617638632655 ], [ 421285.853588739177212, 5056722.27710192464292 ], [ 421293.009143635164946, 5056683.669182592071593 ], [ 421298.134309715009294, 5056644.739681262522936 ], [ 421301.215039254748262, 5056605.59530099388212 ], [ 421302.2428881888045, 5056566.343333811499178 ] ] ] } },
{ "type": "Feature", "properties": { "site": 22, "transect": 22.1 }, "geometry": { "type": "Polygon", "coordinates": [ [ [ 403522.792654065880924, 4918996.619773741811514 ], [ 403521.764805131824687, 4918957.367806559428573 ], [ 403518.684075592085719, 4918918.223426290787756 ], [ 403513.558909512241371, 4918879.2939249612391 ], [ 403506.403354616253637, 4918840.686005628667772 ], [ 403497.237023782683536, 4918802.505489914678037 ], [ 403486.08504128723871, 4918764.857027960941195 ], [ 403472.977973938803189, 4918727.843811582773924 ], [ 403457.951747297833208, 4918691.567291434854269 ], [ 403441.047547207155731, 4918656.126898936927319 ], [ 403422.311706904205494, 4918621.619773741811514 ], [ 403401.795580024947412, 4918588.140497480519116 ], [ 403379.555399847100489, 4918555.780834522098303 ], [ 403355.65212515858002, 4918524.629480454139411 ], [ 403330.151273173920345, 4918494.771818973124027 ], [ 403303.12273995578289, 4918466.289687851443887 ], [ 403274.640608835034072, 4918439.261154633946717 ], [ 403244.782947353261989, 4918413.760302648879588 ], [ 403213.63159328524489, 4918389.857027960941195 ], [ 403181.271930327173322, 4918367.61684778239578 ], [ 403147.792654065880924, 4918347.100720903836191 ], [ 403113.285528870532289, 4918328.364880600944161 ], [ 403077.845136372721754, 4918311.460680509917438 ], [ 403041.568616224860307, 4918296.434453869238496 ], [ 403004.555399847100489, 4918283.327386520802975 ], [ 402966.906937892781571, 4918272.175404025241733 ], [ 402928.72642217919929, 4918263.009073191322386 ], [ 402890.118502846045885, 4918255.853518295101821 ], [ 402851.189001516613644, 4918250.728352215141058 ], [ 402812.044621248089243, 4918247.647622675634921 ], [ 402772.792654065880924, 4918246.619773741811514 ], [ 402733.540686883672606, 4918247.647622675634921 ], [ 402694.396306615148205, 4918250.728352215141058 ], [ 402655.466805285715964, 4918255.853518295101821 ], [ 402616.858885952562559, 4918263.009073191322386 ], [ 402578.678370238980278, 4918272.175404025241733 ], [ 402541.02990828466136, 4918283.327386520802975 ], [ 402504.016691906901542, 4918296.434453869238496 ], [ 402467.740171759040095, 4918311.460680509917438 ], [ 402432.29977926122956, 4918328.364880600944161 ], [ 402397.792654065880924, 4918347.100720903836191 ], [ 402364.313377804588526, 4918367.61684778239578 ], [ 402331.953714846516959, 4918389.857027960941195 ], [ 402300.80236077849986, 4918413.760302648879588 ], [ 402270.944699296727777, 4918439.261154633946717 ], [ 402242.462568175978959, 4918466.289687851443887 ], [ 402215.434034957841504, 4918494.771818973124027 ], [ 402189.933182973181829, 4918524.629480454139411 ], [ 402166.02990828466136, 4918555.780834522098303 ], [ 402143.789728106814437, 4918588.140497480519116 ], [ 402123.273601227556355, 4918621.619773741811514 ], [ 402104.537760924606118, 4918656.126898936927319 ], [ 402087.633560833928641, 4918691.567291434854269 ], [ 402072.60733419295866, 4918727.843811582773924 ], [ 402059.500266844523139, 4918764.857027960941195 ], [ 402048.348284349078313, 4918802.505489914678037 ], [ 402039.181953515508212, 4918840.686005628667772 ], [ 402032.026398619520478, 4918879.2939249612391 ], [ 402026.90123253967613, 4918918.223426290787756 ], [ 402023.820502999937162, 4918957.367806559428573 ], [ 402022.792654065880924, 4918996.619773741811514 ], [ 402023.820502999937162, 4919035.871740924194455 ], [ 402026.90123253967613, 4919075.016121192835271 ], [ 402032.026398619520478, 4919113.945622522383928 ], [ 402039.181953515508212, 4919152.553541854955256 ], [ 402048.348284349078313, 4919190.734057568944991 ], [ 402059.500266844523139, 4919228.382519522681832 ], [ 402072.60733419295866, 4919265.395735900849104 ], [ 402087.633560833928641, 4919301.672256048768759 ], [ 402104.537760924606118, 4919337.112648546695709 ], [ 402123.273601227556355, 4919371.619773741811514 ], [ 402143.789728106814437, 4919405.099050003103912 ], [ 402166.02990828466136, 4919437.458712961524725 ], [ 402189.933182973123621, 4919468.610067029483616 ], [ 402215.434034957841504, 4919498.467728510499001 ], [ 402242.462568175978959, 4919526.949859632179141 ], [ 402270.944699296727777, 4919553.978392849676311 ], [ 402300.80236077849986, 4919579.47924483474344 ], [ 402331.953714846516959, 4919603.382519522681832 ], [ 402364.313377804588526, 4919625.622699701227248 ], [ 402397.792654065880924, 4919646.138826579786837 ], [ 402432.29977926122956, 4919664.874666882678866 ], [ 402467.740171759040095, 4919681.77886697370559 ], [ 402504.016691906901542, 4919696.805093614384532 ], [ 402541.02990828466136, 4919709.912160962820053 ], [ 402578.678370238980278, 4919721.064143458381295 ], [ 402616.858885952562559, 4919730.230474292300642 ], [ 402655.466805285715964, 4919737.386029188521206 ], [ 402694.396306615148205, 4919742.51119526848197 ], [ 402733.540686883672606, 4919745.591924807988107 ], [ 402772.792654065880924, 4919746.619773741811514 ], [ 402812.044621248089243, 4919745.591924807988107 ], [ 402851.189001516613644, 4919742.51119526848197 ], [ 402890.118502846045885, 4919737.386029188521206 ], [ 402928.72642217919929, 4919730.230474292300642 ], [ 402966.906937892781571, 4919721.064143458381295 ], [ 403004.555399847100489, 4919709.912160962820053 ], [ 403041.568616224860307, 4919696.805093614384532 ], [ 403077.845136372721754, 4919681.77886697370559 ], [ 403113.285528870532289, 4919664.874666882678866 ], [ 403147.792654065880924, 4919646.138826579786837 ], [ 403181.271930327173322, 4919625.622699701227248 ], [ 403213.63159328524489, 4919603.382519522681832 ], [ 403244.782947353261989, 4919579.47924483474344 ], [ 403274.640608835034072, 4919553.978392849676311 ], [ 403303.12273995578289, 4919526.949859632179141 ], [ 403330.151273173920345, 4919498.467728510499001 ], [ 403355.65212515858002, 4919468.610067029483616 ], [ 403379.555399847100489, 4919437.458712961524725 ], [ 403401.795580024947412, 4919405.099050003103912 ], [ 403422.311706904205494, 4919371.619773741811514 ], [ 403441.047547207155731, 4919337.112648546695709 ], [ 403457.951747297833208, 4919301.672256048768759 ], [ 403472.977973938803189, 4919265.395735900849104 ], [ 403486.08504128723871, 4919228.382519522681832 ], [ 403497.237023782683536, 4919190.734057568944991 ], [ 403506.403354616253637, 4919152.553541854955256 ], [ 403513.558909512241371, 4919113.945622522383928 ], [ 403518.684075592085719, 4919075.016121192835271 ], [ 403521.764805131824687, 4919035.871740924194455 ], [ 403522.792654065880924, 4918996.619773741811514 ] ] ] } },
{ "type": "Feature", "properties": { "site": 22, "transect": 22.2 }, "geometry": { "type": "Polygon", "coordinates": [ [ [ 403522.792654065880924, 4918996.619773741811514 ], [ 403521.764805131824687, 4918957.367806559428573 ], [ 403518.684075592085719, 4918918.223426290787756 ], [ 403513.558909512241371, 4918879.2939249612391 ], [ 403506.403354616253637, 4918840.686005628667772 ], [ 403497.237023782683536, 4918802.505489914678037 ], [ 403486.08504128723871, 4918764.857027960941195 ], [ 403472.977973938803189, 4918727.843811582773924 ], [ 403457.951747297833208, 4918691.567291434854269 ], [ 403441.047547207155731, 4918656.126898936927319 ], [ 403422.311706904205494, 4918621.619773741811514 ], [ 403401.795580024947412, 4918588.140497480519116 ], [ 403379.555399847100489, 4918555.780834522098303 ], [ 403355.65212515858002, 4918524.629480454139411 ], [ 403330.151273173920345, 4918494.771818973124027 ], [ 403303.12273995578289, 4918466.289687851443887 ], [ 403274.640608835034072, 4918439.261154633946717 ], [ 403244.782947353261989, 4918413.760302648879588 ], [ 403213.63159328524489, 4918389.857027960941195 ], [ 403181.271930327173322, 4918367.61684778239578 ], [ 403147.792654065880924, 4918347.100720903836191 ], [ 403113.285528870532289, 4918328.364880600944161 ], [ 403077.845136372721754, 4918311.460680509917438 ], [ 403041.568616224860307, 4918296.434453869238496 ], [ 403004.555399847100489, 4918283.327386520802975 ], [ 402966.906937892781571, 4918272.175404025241733 ], [ 402928.72642217919929, 4918263.009073191322386 ], [ 402890.118502846045885, 4918255.853518295101821 ], [ 402851.189001516613644, 4918250.728352215141058 ], [ 402812.044621248089243, 4918247.647622675634921 ], [ 402772.792654065880924, 4918246.619773741811514 ], [ 402733.540686883672606, 4918247.647622675634921 ], [ 402694.396306615148205, 4918250.728352215141058 ], [ 402655.466805285715964, 4918255.853518295101821 ], [ 402616.858885952562559, 4918263.009073191322386 ], [ 402578.678370238980278, 4918272.175404025241733 ], [ 402541.02990828466136, 4918283.327386520802975 ], [ 402504.016691906901542, 4918296.434453869238496 ], [ 402467.740171759040095, 4918311.460680509917438 ], [ 402432.29977926122956, 4918328.364880600944161 ], [ 402397.792654065880924, 4918347.100720903836191 ], [ 402364.313377804588526, 4918367.61684778239578 ], [ 402331.953714846516959, 4918389.857027960941195 ], [ 402300.80236077849986, 4918413.760302648879588 ], [ 402270.944699296727777, 4918439.261154633946717 ], [ 402242.462568175978959, 4918466.289687851443887 ], [ 402215.434034957841504, 4918494.771818973124027 ], [ 402189.933182973181829, 4918524.629480454139411 ], [ 402166.02990828466136, 4918555.780834522098303 ], [ 402143.789728106814437, 4918588.140497480519116 ], [ 402123.273601227556355, 4918621.619773741811514 ], [ 402104.537760924606118, 4918656.126898936927319 ], [ 402087.633560833928641, 4918691.567291434854269 ], [ 402072.60733419295866, 4918727.843811582773924 ], [ 402059.500266844523139, 4918764.857027960941195 ], [ 402048.348284349078313, 4918802.505489914678037 ], [ 402039.181953515508212, 4918840.686005628667772 ], [ 402032.026398619520478, 4918879.2939249612391 ], [ 402026.90123253967613, 4918918.223426290787756 ], [ 402023.820502999937162, 4918957.367806559428573 ], [ 402022.792654065880924, 4918996.619773741811514 ], [ 402023.820502999937162, 4919035.871740924194455 ], [ 402026.90123253967613, 4919075.016121192835271 ], [ 402032.026398619520478, 4919113.945622522383928 ], [ 402039.181953515508212, 4919152.553541854955256 ], [ 402048.348284349078313, 4919190.734057568944991 ], [ 402059.500266844523139, 4919228.382519522681832 ], [ 402072.60733419295866, 4919265.395735900849104 ], [ 402087.633560833928641, 4919301.672256048768759 ], [ 402104.537760924606118, 4919337.112648546695709 ], [ 402123.273601227556355, 4919371.619773741811514 ], [ 402143.789728106814437, 4919405.099050003103912 ], [ 402166.02990828466136, 4919437.458712961524725 ], [ 402189.933182973123621, 4919468.610067029483616 ], [ 402215.434034957841504, 4919498.467728510499001 ], [ 402242.462568175978959, 4919526.949859632179141 ], [ 402270.944699296727777, 4919553.978392849676311 ], [ 402300.80236077849986, 4919579.47924483474344 ], [ 402331.953714846516959, 4919603.382519522681832 ], [ 402364.313377804588526, 4919625.622699701227248 ], [ 402397.792654065880924, 4919646.138826579786837 ], [ 402432.29977926122956, 4919664.874666882678866 ], [ 402467.740171759040095, 4919681.77886697370559 ], [ 402504.016691906901542, 4919696.805093614384532 ], [ 402541.02990828466136, 4919709.912160962820053 ], [ 402578.678370238980278, 4919721.064143458381295 ], [ 402616.858885952562559, 4919730.230474292300642 ], [ 402655.466805285715964, 4919737.386029188521206 ], [ 402694.396306615148205, 4919742.51119526848197 ], [ 402733.540686883672606, 4919745.591924807988107 ], [ 402772.792654065880924, 4919746.619773741811514 ], [ 402812.044621248089243, 4919745.591924807988107 ], [ 402851.189001516613644, 4919742.51119526848197 ], [ 402890.118502846045885, 4919737.386029188521206 ], [ 402928.72642217919929, 4919730.230474292300642 ], [ 402966.906937892781571, 4919721.064143458381295 ], [ 403004.555399847100489, 4919709.912160962820053 ], [ 403041.568616224860307, 4919696.805093614384532 ], [ 403077.845136372721754, 4919681.77886697370559 ], [ 403113.285528870532289, 4919664.874666882678866 ], [ 403147.792654065880924, 4919646.138826579786837 ], [ 403181.271930327173322, 4919625.622699701227248 ], [ 403213.63159328524489, 4919603.382519522681832 ], [ 403244.782947353261989, 4919579.47924483474344 ], [ 403274.640608835034072, 4919553.978392849676311 ], [ 403303.12273995578289, 4919526.949859632179141 ], [ 403330.151273173920345, 4919498.467728510499001 ], [ 403355.65212515858002, 4919468.610067029483616 ], [ 403379.555399847100489, 4919437.458712961524725 ], [ 403401.795580024947412, 4919405.099050003103912 ], [ 403422.311706904205494, 4919371.619773741811514 ], [ 403441.047547207155731, 4919337.112648546695709 ], [ 403457.951747297833208, 4919301.672256048768759 ], [ 403472.977973938803189, 4919265.395735900849104 ], [ 403486.08504128723871, 4919228.382519522681832 ], [ 403497.237023782683536, 4919190.734057568944991 ], [ 403506.403354616253637, 4919152.553541854955256 ], [ 403513.558909512241371, 4919113.945622522383928 ], [ 403518.684075592085719, 4919075.016121192835271 ], [ 403521.764805131824687, 4919035.871740924194455 ], [ 403522.792654065880924, 4918996.619773741811514 ] ] ] } },
{ "type": "Feature", "properties": { "site": 22, "transect": 22.3 }, "geometry": { "type": "Polygon", "coordinates": [ [ [ 403507.123324631247669, 4919645.55632474180311 ], [ 403506.095475697191432, 4919606.304357559420168 ], [ 403503.014746157452464, 4919567.159977290779352 ], [ 403497.889580077608116, 4919528.230475961230695 ], [ 403490.734025181620382, 4919489.622556628659368 ], [ 403481.567694348050281, 4919451.442040914669633 ], [ 403470.415711852605455, 4919413.793578960932791 ], [ 403457.308644504169933, 4919376.78036258276552 ], [ 403442.282417863199953, 4919340.503842434845865 ], [ 403425.378217772522476, 4919305.063449936918914 ], [ 403406.642377469572239, 4919270.55632474180311 ], [ 403386.126250590314157, 4919237.077048480510712 ], [ 403363.886070412467234, 4919204.717385522089899 ], [ 403339.982795723946765, 4919173.566031454131007 ], [ 403314.48194373928709, 4919143.708369973115623 ], [ 403287.453410521149635, 4919115.226238851435483 ], [ 403258.971279400400817, 4919088.197705633938313 ], [ 403229.113617918628734, 4919062.696853648871183 ], [ 403197.962263850611635, 4919038.793578960932791 ], [ 403165.602600892540067, 4919016.553398782387376 ], [ 403132.123324631247669, 4918996.037271903827786 ], [ 403097.616199435899034, 4918977.301431600935757 ], [ 403062.175806938088499, 4918960.397231509909034 ], [ 403025.899286790227052, 4918945.371004869230092 ], [ 402988.886070412467234, 4918932.26393752079457 ], [ 402951.237608458148316, 4918921.111955025233328 ], [ 402913.057092744566035, 4918911.945624191313982 ], [ 402874.44917341141263, 4918904.790069295093417 ], [ 402835.519672081980389, 4918899.664903215132654 ], [ 402796.375291813455988, 4918896.584173675626516 ], [ 402757.123324631247669, 4918895.55632474180311 ], [ 402717.871357449039351, 4918896.584173675626516 ], [ 402678.72697718051495, 4918899.664903215132654 ], [ 402639.797475851082709, 4918904.790069295093417 ], [ 402601.189556517929304, 4918911.945624191313982 ], [ 402563.009040804347023, 4918921.111955025233328 ], [ 402525.360578850028105, 4918932.26393752079457 ], [ 402488.347362472268287, 4918945.371004869230092 ], [ 402452.07084232440684, 4918960.397231509909034 ], [ 402416.630449826596305, 4918977.301431600935757 ], [ 402382.123324631247669, 4918996.037271903827786 ], [ 402348.644048369955271, 4919016.553398782387376 ], [ 402316.284385411883704, 4919038.793578960932791 ], [ 402285.133031343866605, 4919062.696853648871183 ], [ 402255.275369862094522, 4919088.197705633938313 ], [ 402226.793238741345704, 4919115.226238851435483 ], [ 402199.764705523208249, 4919143.708369973115623 ], [ 402174.263853538548574, 4919173.566031454131007 ], [ 402150.360578850028105, 4919204.717385522089899 ], [ 402128.120398672181182, 4919237.077048480510712 ], [ 402107.6042717929231, 4919270.55632474180311 ], [ 402088.868431489972863, 4919305.063449936918914 ], [ 402071.964231399295386, 4919340.503842434845865 ], [ 402056.938004758325405, 4919376.78036258276552 ], [ 402043.830937409889884, 4919413.793578960932791 ], [ 402032.678954914445058, 4919451.442040914669633 ], [ 402023.512624080874957, 4919489.622556628659368 ], [ 402016.357069184887223, 4919528.230475961230695 ], [ 402011.231903105042875, 4919567.159977290779352 ], [ 402008.151173565303907, 4919606.304357559420168 ], [ 402007.123324631247669, 4919645.55632474180311 ], [ 402008.151173565303907, 4919684.808291924186051 ], [ 402011.231903105042875, 4919723.952672192826867 ], [ 402016.357069184887223, 4919762.882173522375524 ], [ 402023.512624080874957, 4919801.490092854946852 ], [ 402032.678954914445058, 4919839.670608568936586 ], [ 402043.830937409889884, 4919877.319070522673428 ], [ 402056.938004758325405, 4919914.3322869008407 ], [ 402071.964231399295386, 4919950.608807048760355 ], [ 402088.868431489972863, 4919986.049199546687305 ], [ 402107.6042717929231, 4920020.55632474180311 ], [ 402128.120398672181182, 4920054.035601003095508 ], [ 402150.360578850028105, 4920086.395263961516321 ], [ 402174.263853538490366, 4920117.546618029475212 ], [ 402199.764705523208249, 4920147.404279510490596 ], [ 402226.793238741345704, 4920175.886410632170737 ], [ 402255.275369862094522, 4920202.914943849667907 ], [ 402285.133031343866605, 4920228.415795834735036 ], [ 402316.284385411883704, 4920252.319070522673428 ], [ 402348.644048369955271, 4920274.559250701218843 ], [ 402382.123324631247669, 4920295.075377579778433 ], [ 402416.630449826596305, 4920313.811217882670462 ], [ 402452.07084232440684, 4920330.715417973697186 ], [ 402488.347362472268287, 4920345.741644614376128 ], [ 402525.360578850028105, 4920358.848711962811649 ], [ 402563.009040804347023, 4920370.000694458372891 ], [ 402601.189556517929304, 4920379.167025292292237 ], [ 402639.797475851082709, 4920386.322580188512802 ], [ 402678.72697718051495, 4920391.447746268473566 ], [ 402717.871357449039351, 4920394.528475807979703 ], [ 402757.123324631247669, 4920395.55632474180311 ], [ 402796.375291813455988, 4920394.528475807979703 ], [ 402835.519672081980389, 4920391.447746268473566 ], [ 402874.44917341141263, 4920386.322580188512802 ], [ 402913.057092744566035, 4920379.167025292292237 ], [ 402951.237608458148316, 4920370.000694458372891 ], [ 402988.886070412467234, 4920358.848711962811649 ], [ 403025.899286790227052, 4920345.741644614376128 ], [ 403062.175806938088499, 4920330.715417973697186 ], [ 403097.616199435899034, 4920313.811217882670462 ], [ 403132.123324631247669, 4920295.075377579778433 ], [ 403165.602600892540067, 4920274.559250701218843 ], [ 403197.962263850611635, 4920252.319070522673428 ], [ 403229.113617918628734, 4920228.415795834735036 ], [ 403258.971279400400817, 4920202.914943849667907 ], [ 403287.453410521149635, 4920175.886410632170737 ], [ 403314.48194373928709, 4920147.404279510490596 ], [ 403339.982795723946765, 4920117.546618029475212 ], [ 403363.886070412467234, 4920086.395263961516321 ], [ 403386.126250590314157, 4920054.035601003095508 ], [ 403406.642377469572239, 4920020.55632474180311 ], [ 403425.378217772522476, 4919986.049199546687305 ], [ 403442.282417863199953, 4919950.608807048760355 ], [ 403457.308644504169933, 4919914.3322869008407 ], [ 403470.415711852605455, 4919877.319070522673428 ], [ 403481.567694348050281, 4919839.670608568936586 ], [ 403490.734025181620382, 4919801.490092854946852 ], [ 403497.889580077608116, 4919762.882173522375524 ], [ 403503.014746157452464, 4919723.952672192826867 ], [ 403506.095475697191432, 4919684.808291924186051 ], [ 403507.123324631247669, 4919645.55632474180311 ] ] ] } },
{ "type": "Feature", "properties": { "site": 22, "transect": 22.4 }, "geometry": { "type": "Polygon", "coordinates": [ [ [ 403623.856796716223471, 4919397.040149241685867 ], [ 403622.828947782167234, 4919357.788182059302926 ], [ 403619.748218242428266, 4919318.64380179066211 ], [ 403614.623052162583917, 4919279.714300461113453 ], [ 403607.467497266596183, 4919241.106381128542125 ], [ 403598.301166433026083, 4919202.925865414552391 ], [ 403587.149183937581256, 4919165.277403460815549 ], [ 403574.042116589145735, 4919128.264187082648277 ], [ 403559.015889948175754, 4919091.987666934728622 ], [ 403542.111689857498277, 4919056.547274436801672 ], [ 403523.37584955454804, 4919022.040149241685867 ], [ 403502.859722675289959, 4918988.560872980393469 ], [ 403480.619542497443035, 4918956.201210021972656 ], [ 403456.716267808922566, 4918925.049855954013765 ], [ 403431.215415824262891, 4918895.192194472998381 ], [ 403404.186882606125437, 4918866.71006335131824 ], [ 403375.704751485376619, 4918839.68153013382107 ], [ 403345.847090003604535, 4918814.180678148753941 ], [ 403314.695735935587436, 4918790.277403460815549 ], [ 403282.336072977515869, 4918768.037223282270133 ], [ 403248.856796716223471, 4918747.521096403710544 ], [ 403214.349671520874836, 4918728.785256100818515 ], [ 403178.9092790230643, 4918711.881056009791791 ], [ 403142.632758875202853, 4918696.854829369112849 ], [ 403105.619542497443035, 4918683.747762020677328 ], [ 403067.971080543124117, 4918672.595779525116086 ], [ 403029.790564829541836, 4918663.42944869119674 ], [ 402991.182645496388432, 4918656.273893794976175 ], [ 402952.25314416695619, 4918651.148727715015411 ], [ 402913.108763898431789, 4918648.067998175509274 ], [ 402873.856796716223471, 4918647.040149241685867 ], [ 402834.604829534015153, 4918648.067998175509274 ], [ 402795.460449265490752, 4918651.148727715015411 ], [ 402756.53094793605851, 4918656.273893794976175 ], [ 402717.923028602905106, 4918663.42944869119674 ], [ 402679.742512889322825, 4918672.595779525116086 ], [ 402642.094050935003906, 4918683.747762020677328 ], [ 402605.080834557244089, 4918696.854829369112849 ], [ 402568.804314409382641, 4918711.881056009791791 ], [ 402533.363921911572106, 4918728.785256100818515 ], [ 402498.856796716223471, 4918747.521096403710544 ], [ 402465.377520454931073, 4918768.037223282270133 ], [ 402433.017857496859506, 4918790.277403460815549 ], [ 402401.866503428842407, 4918814.180678148753941 ], [ 402372.008841947070323, 4918839.68153013382107 ], [ 402343.526710826321505, 4918866.71006335131824 ], [ 402316.498177608184051, 4918895.192194472998381 ], [ 402290.997325623524375, 4918925.049855954013765 ], [ 402267.094050935003906, 4918956.201210021972656 ], [ 402244.853870757156983, 4918988.560872980393469 ], [ 402224.337743877898902, 4919022.040149241685867 ], [ 402205.601903574948665, 4919056.547274436801672 ], [ 402188.697703484271187, 4919091.987666934728622 ], [ 402173.671476843301207, 4919128.264187082648277 ], [ 402160.564409494865686, 4919165.277403460815549 ], [ 402149.412426999420859, 4919202.925865414552391 ], [ 402140.246096165850759, 4919241.106381128542125 ], [ 402133.090541269863024, 4919279.714300461113453 ], [ 402127.965375190018676, 4919318.64380179066211 ], [ 402124.884645650279708, 4919357.788182059302926 ], [ 402123.856796716223471, 4919397.040149241685867 ], [ 402124.884645650279708, 4919436.292116424068809 ], [ 402127.965375190018676, 4919475.436496692709625 ], [ 402133.090541269863024, 4919514.365998022258282 ], [ 402140.246096165850759, 4919552.973917354829609 ], [ 402149.412426999420859, 4919591.154433068819344 ], [ 402160.564409494865686, 4919628.802895022556186 ], [ 402173.671476843301207, 4919665.816111400723457 ], [ 402188.697703484271187, 4919702.092631548643112 ], [ 402205.601903574948665, 4919737.533024046570063 ], [ 402224.337743877898902, 4919772.040149241685867 ], [ 402244.853870757156983, 4919805.519425502978265 ], [ 402267.094050935003906, 4919837.879088461399078 ], [ 402290.997325623466168, 4919869.03044252935797 ], [ 402316.498177608184051, 4919898.888104010373354 ], [ 402343.526710826321505, 4919927.370235132053494 ], [ 402372.008841947070323, 4919954.398768349550664 ], [ 402401.866503428842407, 4919979.899620334617794 ], [ 402433.017857496859506, 4920003.802895022556186 ], [ 402465.377520454931073, 4920026.043075201101601 ], [ 402498.856796716223471, 4920046.559202079661191 ], [ 402533.363921911572106, 4920065.29504238255322 ], [ 402568.804314409382641, 4920082.199242473579943 ], [ 402605.080834557244089, 4920097.225469114258885 ], [ 402642.094050935003906, 4920110.332536462694407 ], [ 402679.742512889322825, 4920121.484518958255649 ], [ 402717.923028602905106, 4920130.650849792174995 ], [ 402756.53094793605851, 4920137.80640468839556 ], [ 402795.460449265490752, 4920142.931570768356323 ], [ 402834.604829534015153, 4920146.012300307862461 ], [ 402873.856796716223471, 4920147.040149241685867 ], [ 402913.108763898431789, 4920146.012300307862461 ], [ 402952.25314416695619, 4920142.931570768356323 ], [ 402991.182645496388432, 4920137.80640468839556 ], [ 403029.790564829541836, 4920130.650849792174995 ], [ 403067.971080543124117, 4920121.484518958255649 ], [ 403105.619542497443035, 4920110.332536462694407 ], [ 403142.632758875202853, 4920097.225469114258885 ], [ 403178.9092790230643, 4920082.199242473579943 ], [ 403214.349671520874836, 4920065.29504238255322 ], [ 403248.856796716223471, 4920046.559202079661191 ], [ 403282.336072977515869, 4920026.043075201101601 ], [ 403314.695735935587436, 4920003.802895022556186 ], [ 403345.847090003604535, 4919979.899620334617794 ], [ 403375.704751485376619, 4919954.398768349550664 ], [ 403404.186882606125437, 4919927.370235132053494 ], [ 403431.215415824262891, 4919898.888104010373354 ], [ 403456.716267808922566, 4919869.03044252935797 ], [ 403480.619542497443035, 4919837.879088461399078 ], [ 403502.859722675289959, 4919805.519425502978265 ], [ 403523.37584955454804, 4919772.040149241685867 ], [ 403542.111689857498277, 4919737.533024046570063 ], [ 403559.015889948175754, 4919702.092631548643112 ], [ 403574.042116589145735, 4919665.816111400723457 ], [ 403587.149183937581256, 4919628.802895022556186 ], [ 403598.301166433026083, 4919591.154433068819344 ], [ 403607.467497266596183, 4919552.973917354829609 ], [ 403614.623052162583917, 4919514.365998022258282 ], [ 403619.748218242428266, 4919475.436496692709625 ], [ 403622.828947782167234, 4919436.292116424068809 ], [ 403623.856796716223471, 4919397.040149241685867 ] ] ] } },
{ "type": "Feature", "properties": { "site": 22, "transect": 22.5 }, "geometry": { "type": "Polygon", "coordinates": [ [ [ 403561.683370939979795, 4918882.567504405044019 ], [ 403560.655522005923558, 4918843.315537222661078 ], [ 403557.57479246618459, 4918804.171156954020262 ], [ 403552.449626386340242, 4918765.241655624471605 ], [ 403545.294071490352508, 4918726.633736291900277 ], [ 403536.127740656782407, 4918688.453220577910542 ], [ 403524.975758161337581, 4918650.804758624173701 ], [ 403511.868690812902059, 4918613.791542246006429 ], [ 403496.842464171932079, 4918577.515022098086774 ], [ 403479.938264081254601, 4918542.074629600159824 ], [ 403461.202423778304365, 4918507.567504405044019 ], [ 403440.686296899046283, 4918474.088228143751621 ], [ 403418.44611672119936, 4918441.728565185330808 ], [ 403394.542842032737099, 4918410.577211117371917 ], [ 403369.041990048019215, 4918380.719549636356533 ], [ 403342.013456829881761, 4918352.237418514676392 ], [ 403313.531325709132943, 4918325.208885297179222 ], [ 403283.67366422736086, 4918299.708033312112093 ], [ 403252.52231015934376, 4918275.804758624173701 ], [ 403220.162647201272193, 4918253.564578445628285 ], [ 403186.683370939979795, 4918233.048451567068696 ], [ 403152.17624574463116, 4918214.312611264176667 ], [ 403116.735853246820625, 4918197.408411173149943 ], [ 403080.459333098959178, 4918182.382184532471001 ], [ 403043.44611672119936, 4918169.27511718403548 ], [ 403005.797654766880441, 4918158.123134688474238 ], [ 402967.61713905329816, 4918148.956803854554892 ], [ 402929.009219720144756, 4918141.801248958334327 ], [ 402890.079718390712515, 4918136.676082878373563 ], [ 402850.935338122188114, 4918133.595353338867426 ], [ 402811.683370939979795, 4918132.567504405044019 ], [ 402772.431403757771477, 4918133.595353338867426 ], [ 402733.287023489247076, 4918136.676082878373563 ], [ 402694.357522159814835, 4918141.801248958334327 ], [ 402655.74960282666143, 4918148.956803854554892 ], [ 402617.569087113079149, 4918158.123134688474238 ], [ 402579.920625158760231, 4918169.27511718403548 ], [ 402542.907408781000413, 4918182.382184532471001 ], [ 402506.630888633138966, 4918197.408411173149943 ], [ 402471.190496135328431, 4918214.312611264176667 ], [ 402436.683370939979795, 4918233.048451567068696 ], [ 402403.204094678687397, 4918253.564578445628285 ], [ 402370.84443172061583, 4918275.804758624173701 ], [ 402339.693077652598731, 4918299.708033312112093 ], [ 402309.835416170826647, 4918325.208885297179222 ], [ 402281.35328505007783, 4918352.237418514676392 ], [ 402254.324751831940375, 4918380.719549636356533 ], [ 402228.8238998472807, 4918410.577211117371917 ], [ 402204.920625158760231, 4918441.728565185330808 ], [ 402182.680444980913308, 4918474.088228143751621 ], [ 402162.164318101655226, 4918507.567504405044019 ], [ 402143.428477798704989, 4918542.074629600159824 ], [ 402126.524277708027512, 4918577.515022098086774 ], [ 402111.498051067057531, 4918613.791542246006429 ], [ 402098.39098371862201, 4918650.804758624173701 ], [ 402087.239001223177183, 4918688.453220577910542 ], [ 402078.072670389607083, 4918726.633736291900277 ], [ 402070.917115493619349, 4918765.241655624471605 ], [ 402065.791949413775001, 4918804.171156954020262 ], [ 402062.711219874036033, 4918843.315537222661078 ], [ 402061.683370939979795, 4918882.567504405044019 ], [ 402062.711219874036033, 4918921.81947158742696 ], [ 402065.791949413775001, 4918960.963851856067777 ], [ 402070.917115493619349, 4918999.893353185616434 ], [ 402078.072670389607083, 4919038.501272518187761 ], [ 402087.239001223177183, 4919076.681788232177496 ], [ 402098.39098371862201, 4919114.330250185914338 ], [ 402111.498051067057531, 4919151.343466564081609 ], [ 402126.524277708027512, 4919187.619986712001264 ], [ 402143.428477798704989, 4919223.060379209928215 ], [ 402162.164318101655226, 4919257.567504405044019 ], [ 402182.680444980913308, 4919291.046780666336417 ], [ 402204.920625158760231, 4919323.40644362475723 ], [ 402228.823899847222492, 4919354.557797692716122 ], [ 402254.324751831940375, 4919384.415459173731506 ], [ 402281.35328505007783, 4919412.897590295411646 ], [ 402309.835416170826647, 4919439.926123512908816 ], [ 402339.693077652598731, 4919465.426975497975945 ], [ 402370.84443172061583, 4919489.330250185914338 ], [ 402403.204094678687397, 4919511.570430364459753 ], [ 402436.683370939979795, 4919532.086557243019342 ], [ 402471.190496135328431, 4919550.822397545911372 ], [ 402506.630888633138966, 4919567.726597636938095 ], [ 402542.907408781000413, 4919582.752824277617037 ], [ 402579.920625158760231, 4919595.859891626052558 ], [ 402617.569087113079149, 4919607.011874121613801 ], [ 402655.74960282666143, 4919616.178204955533147 ], [ 402694.357522159814835, 4919623.333759851753712 ], [ 402733.287023489247076, 4919628.458925931714475 ], [ 402772.431403757771477, 4919631.539655471220613 ], [ 402811.683370939979795, 4919632.567504405044019 ], [ 402850.935338122188114, 4919631.539655471220613 ], [ 402890.079718390712515, 4919628.458925931714475 ], [ 402929.009219720144756, 4919623.333759851753712 ], [ 402967.61713905329816, 4919616.178204955533147 ], [ 403005.797654766880441, 4919607.011874121613801 ], [ 403043.44611672119936, 4919595.859891626052558 ], [ 403080.459333098959178, 4919582.752824277617037 ], [ 403116.735853246820625, 4919567.726597636938095 ], [ 403152.17624574463116, 4919550.822397545911372 ], [ 403186.683370939979795, 4919532.086557243019342 ], [ 403220.162647201272193, 4919511.570430364459753 ], [ 403252.52231015934376, 4919489.330250185914338 ], [ 403283.67366422736086, 4919465.426975497975945 ], [ 403313.531325709132943, 4919439.926123512908816 ], [ 403342.013456829881761, 4919412.897590295411646 ], [ 403369.041990048019215, 4919384.415459173731506 ], [ 403394.542842032678891, 4919354.557797692716122 ], [ 403418.44611672119936, 4919323.40644362475723 ], [ 403440.686296899046283, 4919291.046780666336417 ], [ 403461.202423778304365, 4919257.567504405044019 ], [ 403479.938264081254601, 4919223.060379209928215 ], [ 403496.842464171932079, 4919187.619986712001264 ], [ 403511.868690812902059, 4919151.343466564081609 ], [ 403524.975758161337581, 4919114.330250185914338 ], [ 403536.127740656782407, 4919076.681788232177496 ], [ 403545.294071490352508, 4919038.501272518187761 ], [ 403552.449626386340242, 4918999.893353185616434 ], [ 403557.57479246618459, 4918960.963851856067777 ], [ 403560.655522005923558, 4918921.81947158742696 ], [ 403561.683370939979795, 4918882.567504405044019 ] ] ] } },
{ "type": "Feature", "properties": { "site": 22, "transect": 22.6 }, "geometry": { "type": "Polygon", "coordinates": [ [ [ 403571.636547542351764, 4919403.623856907710433 ], [ 403570.608698608295526, 4919364.371889725327492 ], [ 403567.527969068556558, 4919325.227509456686676 ], [ 403562.40280298871221, 4919286.298008127138019 ], [ 403555.247248092724476, 4919247.690088794566691 ], [ 403546.080917259154376, 4919209.509573080576956 ], [ 403534.928934763709549, 4919171.861111126840115 ], [ 403521.821867415274028, 4919134.847894748672843 ], [ 403506.795640774304047, 4919098.571374600753188 ], [ 403489.89144068362657, 4919063.130982102826238 ], [ 403471.155600380676333, 4919028.623856907710433 ], [ 403450.639473501418252, 4918995.144580646418035 ], [ 403428.399293323571328, 4918962.784917687997222 ], [ 403404.496018635109067, 4918931.633563620038331 ], [ 403378.995166650391184, 4918901.775902139022946 ], [ 403351.96663343225373, 4918873.293771017342806 ], [ 403323.484502311504912, 4918846.265237799845636 ], [ 403293.626840829732828, 4918820.764385814778507 ], [ 403262.475486761715729, 4918796.861111126840115 ], [ 403230.115823803644162, 4918774.620930948294699 ], [ 403196.636547542351764, 4918754.10480406973511 ], [ 403162.129422347003128, 4918735.368963766843081 ], [ 403126.689029849192593, 4918718.464763675816357 ], [ 403090.412509701331146, 4918703.438537035137415 ], [ 403053.399293323571328, 4918690.331469686701894 ], [ 403015.75083136925241, 4918679.179487191140652 ], [ 402977.570315655670129, 4918670.013156357221305 ], [ 402938.962396322516724, 4918662.857601461000741 ], [ 402900.032894993084483, 4918657.732435381039977 ], [ 402860.888514724560082, 4918654.65170584153384 ], [ 402821.636547542351764, 4918653.623856907710433 ], [ 402782.384580360143445, 4918654.65170584153384 ], [ 402743.240200091619045, 4918657.732435381039977 ], [ 402704.310698762186803, 4918662.857601461000741 ], [ 402665.702779429033399, 4918670.013156357221305 ], [ 402627.522263715451118, 4918679.179487191140652 ], [ 402589.873801761132199, 4918690.331469686701894 ], [ 402552.860585383372381, 4918703.438537035137415 ], [ 402516.584065235510934, 4918718.464763675816357 ], [ 402481.143672737700399, 4918735.368963766843081 ], [ 402446.636547542351764, 4918754.10480406973511 ], [ 402413.157271281059366, 4918774.620930948294699 ], [ 402380.797608322987799, 4918796.861111126840115 ], [ 402349.6462542549707, 4918820.764385814778507 ], [ 402319.788592773198616, 4918846.265237799845636 ], [ 402291.306461652449798, 4918873.293771017342806 ], [ 402264.277928434312344, 4918901.775902139022946 ], [ 402238.777076449652668, 4918931.633563620038331 ], [ 402214.873801761132199, 4918962.784917687997222 ], [ 402192.633621583285276, 4918995.144580646418035 ], [ 402172.117494704027195, 4919028.623856907710433 ], [ 402153.381654401076958, 4919063.130982102826238 ], [ 402136.47745431039948, 4919098.571374600753188 ], [ 402121.4512276694295, 4919134.847894748672843 ], [ 402108.344160320993979, 4919171.861111126840115 ], [ 402097.192177825549152, 4919209.509573080576956 ], [ 402088.025846991979051, 4919247.690088794566691 ], [ 402080.870292095991317, 4919286.298008127138019 ], [ 402075.745126016146969, 4919325.227509456686676 ], [ 402072.664396476408001, 4919364.371889725327492 ], [ 402071.636547542351764, 4919403.623856907710433 ], [ 402072.664396476408001, 4919442.875824090093374 ], [ 402075.745126016146969, 4919482.02020435873419 ], [ 402080.870292095991317, 4919520.949705688282847 ], [ 402088.025846991979051, 4919559.557625020854175 ], [ 402097.192177825549152, 4919597.73814073484391 ], [ 402108.344160320993979, 4919635.386602688580751 ], [ 402121.4512276694295, 4919672.399819066748023 ], [ 402136.47745431039948, 4919708.676339214667678 ], [ 402153.381654401076958, 4919744.116731712594628 ], [ 402172.117494704027195, 4919778.623856907710433 ], [ 402192.633621583285276, 4919812.103133169002831 ], [ 402214.873801761132199, 4919844.462796127423644 ], [ 402238.77707644959446, 4919875.614150195382535 ], [ 402264.277928434312344, 4919905.47181167639792 ], [ 402291.306461652449798, 4919933.95394279807806 ], [ 402319.788592773198616, 4919960.98247601557523 ], [ 402349.6462542549707, 4919986.483328000642359 ], [ 402380.797608322987799, 4920010.386602688580751 ], [ 402413.157271281059366, 4920032.626782867126167 ], [ 402446.636547542351764, 4920053.142909745685756 ], [ 402481.143672737700399, 4920071.878750048577785 ], [ 402516.584065235510934, 4920088.782950139604509 ], [ 402552.860585383372381, 4920103.809176780283451 ], [ 402589.873801761132199, 4920116.916244128718972 ], [ 402627.522263715451118, 4920128.068226624280214 ], [ 402665.702779429033399, 4920137.234557458199561 ], [ 402704.310698762186803, 4920144.390112354420125 ], [ 402743.240200091619045, 4920149.515278434380889 ], [ 402782.384580360143445, 4920152.596007973887026 ], [ 402821.636547542351764, 4920153.623856907710433 ], [ 402860.888514724560082, 4920152.596007973887026 ], [ 402900.032894993084483, 4920149.515278434380889 ], [ 402938.962396322516724, 4920144.390112354420125 ], [ 402977.570315655670129, 4920137.234557458199561 ], [ 403015.75083136925241, 4920128.068226624280214 ], [ 403053.399293323571328, 4920116.916244128718972 ], [ 403090.412509701331146, 4920103.809176780283451 ], [ 403126.689029849192593, 4920088.782950139604509 ], [ 403162.129422347003128, 4920071.878750048577785 ], [ 403196.636547542351764, 4920053.142909745685756 ], [ 403230.115823803644162, 4920032.626782867126167 ], [ 403262.475486761715729, 4920010.386602688580751 ], [ 403293.626840829732828, 4919986.483328000642359 ], [ 403323.484502311504912, 4919960.98247601557523 ], [ 403351.96663343225373, 4919933.95394279807806 ], [ 403378.995166650391184, 4919905.47181167639792 ], [ 403404.496018635050859, 4919875.614150195382535 ], [ 403428.399293323571328, 4919844.462796127423644 ], [ 403450.639473501418252, 4919812.103133169002831 ], [ 403471.155600380676333, 4919778.623856907710433 ], [ 403489.89144068362657, 4919744.116731712594628 ], [ 403506.795640774304047, 4919708.676339214667678 ], [ 403521.821867415274028, 4919672.399819066748023 ], [ 403534.928934763709549, 4919635.386602688580751 ], [ 403546.080917259154376, 4919597.73814073484391 ], [ 403555.247248092724476, 4919559.557625020854175 ], [ 403562.40280298871221, 4919520.949705688282847 ], [ 403567.527969068556558, 4919482.02020435873419 ], [ 403570.608698608295526, 4919442.875824090093374 ], [ 403571.636547542351764, 4919403.623856907710433 ] ] ] } },
{ "type": "Feature", "properties": { "site": 23, "transect": 23.1 }, "geometry": { "type": "Polygon", "coordinates": [ [ [ 431238.189315239025746, 4958155.799668948166072 ], [ 431237.161466304969508, 4958116.547701765783131 ], [ 431234.08073676523054, 4958077.403321497142315 ], [ 431228.955570685386192, 4958038.473820167593658 ], [ 431221.800015789398458, 4957999.86590083502233 ], [ 431212.633684955828357, 4957961.685385121032596 ], [ 431201.481702460383531, 4957924.036923167295754 ], [ 431188.37463511194801, 4957887.023706789128482 ], [ 431173.348408470978029, 4957850.747186641208827 ], [ 431156.444208380300552, 4957815.306794143281877 ], [ 431137.708368077350315, 4957780.799668948166072 ], [ 431117.192241198092233, 4957747.320392686873674 ], [ 431094.95206102024531, 4957714.960729728452861 ], [ 431071.048786331783049, 4957683.80937566049397 ], [ 431045.547934347065166, 4957653.951714179478586 ], [ 431018.519401128927711, 4957625.469583057798445 ], [ 430990.037270008178893, 4957598.441049840301275 ], [ 430960.17960852640681, 4957572.940197855234146 ], [ 430929.028254458389711, 4957549.036923167295754 ], [ 430896.668591500318144, 4957526.796742988750339 ], [ 430863.189315239025746, 4957506.280616110190749 ], [ 430828.68219004367711, 4957487.54477580729872 ], [ 430793.241797545866575, 4957470.640575716271996 ], [ 430756.965277398005128, 4957455.614349075593054 ], [ 430719.95206102024531, 4957442.507281727157533 ], [ 430682.303599065926392, 4957431.355299231596291 ], [ 430644.123083352344111, 4957422.188968397676945 ], [ 430605.515164019190706, 4957415.03341350145638 ], [ 430566.585662689758465, 4957409.908247421495616 ], [ 430527.441282421234064, 4957406.827517881989479 ], [ 430488.189315239025746, 4957405.799668948166072 ], [ 430448.937348056817427, 4957406.827517881989479 ], [ 430409.792967788293026, 4957409.908247421495616 ], [ 430370.863466458860785, 4957415.03341350145638 ], [ 430332.25554712570738, 4957422.188968397676945 ], [ 430294.075031412125099, 4957431.355299231596291 ], [ 430256.426569457806181, 4957442.507281727157533 ], [ 430219.413353080046363, 4957455.614349075593054 ], [ 430183.136832932184916, 4957470.640575716271996 ], [ 430147.696440434374381, 4957487.54477580729872 ], [ 430113.189315239025746, 4957506.280616110190749 ], [ 430079.710038977733348, 4957526.796742988750339 ], [ 430047.35037601966178, 4957549.036923167295754 ], [ 430016.199021951644681, 4957572.940197855234146 ], [ 429986.341360469872598, 4957598.441049840301275 ], [ 429957.85922934912378, 4957625.469583057798445 ], [ 429930.830696130986325, 4957653.951714179478586 ], [ 429905.32984414632665, 4957683.80937566049397 ], [ 429881.426569457806181, 4957714.960729728452861 ], [ 429859.186389279959258, 4957747.320392686873674 ], [ 429838.670262400701176, 4957780.799668948166072 ], [ 429819.934422097750939, 4957815.306794143281877 ], [ 429803.030222007073462, 4957850.747186641208827 ], [ 429788.003995366103482, 4957887.023706789128482 ], [ 429774.89692801766796, 4957924.036923167295754 ], [ 429763.744945522223134, 4957961.685385121032596 ], [ 429754.578614688653033, 4957999.86590083502233 ], [ 429747.423059792665299, 4958038.473820167593658 ], [ 429742.297893712820951, 4958077.403321497142315 ], [ 429739.217164173081983, 4958116.547701765783131 ], [ 429738.189315239025746, 4958155.799668948166072 ], [ 429739.217164173081983, 4958195.051636130549014 ], [ 429742.297893712820951, 4958234.19601639918983 ], [ 429747.423059792665299, 4958273.125517728738487 ], [ 429754.578614688653033, 4958311.733437061309814 ], [ 429763.744945522223134, 4958349.913952775299549 ], [ 429774.89692801766796, 4958387.562414729036391 ], [ 429788.003995366103482, 4958424.575631107203662 ], [ 429803.030222007073462, 4958460.852151255123317 ], [ 429819.934422097750939, 4958496.292543753050268 ], [ 429838.670262400701176, 4958530.799668948166072 ], [ 429859.186389279959258, 4958564.27894520945847 ], [ 429881.426569457806181, 4958596.638608167879283 ], [ 429905.329844146268442, 4958627.789962235838175 ], [ 429930.830696130986325, 4958657.647623716853559 ], [ 429957.85922934912378, 4958686.1297548385337 ], [ 429986.341360469872598, 4958713.158288056030869 ], [ 430016.199021951644681, 4958738.659140041097999 ], [ 430047.35037601966178, 4958762.562414729036391 ], [ 430079.710038977733348, 4958784.802594907581806 ], [ 430113.189315239025746, 4958805.318721786141396 ], [ 430147.696440434374381, 4958824.054562089033425 ], [ 430183.136832932184916, 4958840.958762180060148 ], [ 430219.413353080046363, 4958855.98498882073909 ], [ 430256.426569457806181, 4958869.092056169174612 ], [ 430294.075031412125099, 4958880.244038664735854 ], [ 430332.25554712570738, 4958889.4103694986552 ], [ 430370.863466458860785, 4958896.565924394875765 ], [ 430409.792967788293026, 4958901.691090474836528 ], [ 430448.937348056817427, 4958904.771820014342666 ], [ 430488.189315239025746, 4958905.799668948166072 ], [ 430527.441282421234064, 4958904.771820014342666 ], [ 430566.585662689758465, 4958901.691090474836528 ], [ 430605.515164019190706, 4958896.565924394875765 ], [ 430644.123083352344111, 4958889.4103694986552 ], [ 430682.303599065926392, 4958880.244038664735854 ], [ 430719.95206102024531, 4958869.092056169174612 ], [ 430756.965277398005128, 4958855.98498882073909 ], [ 430793.241797545866575, 4958840.958762180060148 ], [ 430828.68219004367711, 4958824.054562089033425 ], [ 430863.189315239025746, 4958805.318721786141396 ], [ 430896.668591500318144, 4958784.802594907581806 ], [ 430929.028254458389711, 4958762.562414729036391 ], [ 430960.17960852640681, 4958738.659140041097999 ], [ 430990.037270008178893, 4958713.158288056030869 ], [ 431018.519401128927711, 4958686.1297548385337 ], [ 431045.547934347065166, 4958657.647623716853559 ], [ 431071.048786331724841, 4958627.789962235838175 ], [ 431094.95206102024531, 4958596.638608167879283 ], [ 431117.192241198092233, 4958564.27894520945847 ], [ 431137.708368077350315, 4958530.799668948166072 ], [ 431156.444208380300552, 4958496.292543753050268 ], [ 431173.348408470978029, 4958460.852151255123317 ], [ 431188.37463511194801, 4958424.575631107203662 ], [ 431201.481702460383531, 4958387.562414729036391 ], [ 431212.633684955828357, 4958349.913952775299549 ], [ 431221.800015789398458, 4958311.733437061309814 ], [ 431228.955570685386192, 4958273.125517728738487 ], [ 431234.08073676523054, 4958234.19601639918983 ], [ 431237.161466304969508, 4958195.051636130549014 ], [ 431238.189315239025746, 4958155.799668948166072 ] ] ] } },
{ "type": "Feature", "properties": { "site": 23, "transect": 23.2 }, "geometry": { "type": "Polygon", "coordinates": [ [ [ 431225.251413278048858, 4958083.180430570617318 ], [ 431224.223564343992621, 4958043.928463388234377 ], [ 431221.142834804253653, 4958004.784083119593561 ], [ 431216.017668724409305, 4957965.854581790044904 ], [ 431208.86211382842157, 4957927.246662457473576 ], [ 431199.69578299485147, 4957889.066146743483841 ], [ 431188.543800499406643, 4957851.417684789747 ], [ 431175.436733150971122, 4957814.404468411579728 ], [ 431160.410506510001142, 4957778.127948263660073 ], [ 431143.506306419323664, 4957742.687555765733123 ], [ 431124.770466116373427, 4957708.180430570617318 ], [ 431104.254339237115346, 4957674.70115430932492 ], [ 431082.014159059268422, 4957642.341491350904107 ], [ 431058.110884370747954, 4957611.190137282945216 ], [ 431032.610032386088278, 4957581.332475801929832 ], [ 431005.581499167950824, 4957552.850344680249691 ], [ 430977.099368047202006, 4957525.821811462752521 ], [ 430947.241706565429922, 4957500.320959477685392 ], [ 430916.090352497412823, 4957476.417684789747 ], [ 430883.730689539341256, 4957454.177504611201584 ], [ 430850.251413278048858, 4957433.661377732641995 ], [ 430815.744288082700223, 4957414.925537429749966 ], [ 430780.303895584889688, 4957398.021337338723242 ], [ 430744.02737543702824, 4957382.9951106980443 ], [ 430707.014159059268422, 4957369.888043349608779 ], [ 430669.365697104949504, 4957358.736060854047537 ], [ 430631.185181391367223, 4957349.569730020128191 ], [ 430592.577262058213819, 4957342.414175123907626 ], [ 430553.647760728781577, 4957337.289009043946862 ], [ 430514.503380460257176, 4957334.208279504440725 ], [ 430475.251413278048858, 4957333.180430570617318 ], [ 430435.99944609584054, 4957334.208279504440725 ], [ 430396.855065827316139, 4957337.289009043946862 ], [ 430357.925564497883897, 4957342.414175123907626 ], [ 430319.317645164730493, 4957349.569730020128191 ], [ 430281.137129451148212, 4957358.736060854047537 ], [ 430243.488667496829294, 4957369.888043349608779 ], [ 430206.475451119069476, 4957382.9951106980443 ], [ 430170.198930971208028, 4957398.021337338723242 ], [ 430134.758538473397493, 4957414.925537429749966 ], [ 430100.251413278048858, 4957433.661377732641995 ], [ 430066.77213701675646, 4957454.177504611201584 ], [ 430034.412474058684893, 4957476.417684789747 ], [ 430003.261119990667794, 4957500.320959477685392 ], [ 429973.40345850889571, 4957525.821811462752521 ], [ 429944.921327388146892, 4957552.850344680249691 ], [ 429917.892794170009438, 4957581.332475801929832 ], [ 429892.391942185349762, 4957611.190137282945216 ], [ 429868.488667496829294, 4957642.341491350904107 ], [ 429846.24848731898237, 4957674.70115430932492 ], [ 429825.732360439724289, 4957708.180430570617318 ], [ 429806.996520136774052, 4957742.687555765733123 ], [ 429790.092320046096575, 4957778.127948263660073 ], [ 429775.066093405126594, 4957814.404468411579728 ], [ 429761.959026056691073, 4957851.417684789747 ], [ 429750.807043561246246, 4957889.066146743483841 ], [ 429741.640712727676146, 4957927.246662457473576 ], [ 429734.485157831688412, 4957965.854581790044904 ], [ 429729.359991751844063, 4958004.784083119593561 ], [ 429726.279262212105095, 4958043.928463388234377 ], [ 429725.251413278048858, 4958083.180430570617318 ], [ 429726.279262212105095, 4958122.432397753000259 ], [ 429729.359991751844063, 4958161.576778021641076 ], [ 429734.485157831688412, 4958200.506279351189733 ], [ 429741.640712727676146, 4958239.11419868376106 ], [ 429750.807043561246246, 4958277.294714397750795 ], [ 429761.959026056691073, 4958314.943176351487637 ], [ 429775.066093405126594, 4958351.956392729654908 ], [ 429790.092320046096575, 4958388.232912877574563 ], [ 429806.996520136774052, 4958423.673305375501513 ], [ 429825.732360439724289, 4958458.180430570617318 ], [ 429846.24848731898237, 4958491.659706831909716 ], [ 429868.488667496829294, 4958524.019369790330529 ], [ 429892.391942185291555, 4958555.170723858289421 ], [ 429917.892794170009438, 4958585.028385339304805 ], [ 429944.921327388146892, 4958613.510516460984945 ], [ 429973.40345850889571, 4958640.539049678482115 ], [ 430003.261119990667794, 4958666.039901663549244 ], [ 430034.412474058684893, 4958689.943176351487637 ], [ 430066.77213701675646, 4958712.183356530033052 ], [ 430100.251413278048858, 4958732.699483408592641 ], [ 430134.758538473397493, 4958751.435323711484671 ], [ 430170.198930971208028, 4958768.339523802511394 ], [ 430206.475451119069476, 4958783.365750443190336 ], [ 430243.488667496829294, 4958796.472817791625857 ], [ 430281.137129451148212, 4958807.624800287187099 ], [ 430319.317645164730493, 4958816.791131121106446 ], [ 430357.925564497883897, 4958823.946686017327011 ], [ 430396.855065827316139, 4958829.071852097287774 ], [ 430435.99944609584054, 4958832.152581636793911 ], [ 430475.251413278048858, 4958833.180430570617318 ], [ 430514.503380460257176, 4958832.152581636793911 ], [ 430553.647760728781577, 4958829.071852097287774 ], [ 430592.577262058213819, 4958823.946686017327011 ], [ 430631.185181391367223, 4958816.791131121106446 ], [ 430669.365697104949504, 4958807.624800287187099 ], [ 430707.014159059268422, 4958796.472817791625857 ], [ 430744.02737543702824, 4958783.365750443190336 ], [ 430780.303895584889688, 4958768.339523802511394 ], [ 430815.744288082700223, 4958751.435323711484671 ], [ 430850.251413278048858, 4958732.699483408592641 ], [ 430883.730689539341256, 4958712.183356530033052 ], [ 430916.090352497412823, 4958689.943176351487637 ], [ 430947.241706565429922, 4958666.039901663549244 ], [ 430977.099368047202006, 4958640.539049678482115 ], [ 431005.581499167950824, 4958613.510516460984945 ], [ 431032.610032386088278, 4958585.028385339304805 ], [ 431058.110884370747954, 4958555.170723858289421 ], [ 431082.014159059268422, 4958524.019369790330529 ], [ 431104.254339237115346, 4958491.659706831909716 ], [ 431124.770466116373427, 4958458.180430570617318 ], [ 431143.506306419323664, 4958423.673305375501513 ], [ 431160.410506510001142, 4958388.232912877574563 ], [ 431175.436733150971122, 4958351.956392729654908 ], [ 431188.543800499406643, 4958314.943176351487637 ], [ 431199.69578299485147, 4958277.294714397750795 ], [ 431208.86211382842157, 4958239.11419868376106 ], [ 431216.017668724409305, 4958200.506279351189733 ], [ 431221.142834804253653, 4958161.576778021641076 ], [ 431224.223564343992621, 4958122.432397753000259 ], [ 431225.251413278048858, 4958083.180430570617318 ] ] ] } },
{ "type": "Feature", "properties": { "site": 24, "transect": 24.1 }, "geometry": { "type": "Polygon", "coordinates": [ [ [ 425906.962881085346453, 5002055.339749965816736 ], [ 425905.935032151290216, 5002016.087782783433795 ], [ 425902.854302611551248, 5001976.943402514792979 ], [ 425897.729136531706899, 5001938.013901185244322 ], [ 425890.573581635719165, 5001899.405981852672994 ], [ 425881.407250802149065, 5001861.225466138683259 ], [ 425870.255268306704238, 5001823.577004184946418 ], [ 425857.148200958268717, 5001786.563787806779146 ], [ 425842.121974317298736, 5001750.287267658859491 ], [ 425825.217774226621259, 5001714.846875160932541 ], [ 425806.481933923671022, 5001680.339749965816736 ], [ 425785.965807044412941, 5001646.860473704524338 ], [ 425763.725626866566017, 5001614.500810746103525 ], [ 425739.822352178045548, 5001583.349456678144634 ], [ 425714.321500193385873, 5001553.49179519712925 ], [ 425687.292966975248419, 5001525.009664075449109 ], [ 425658.810835854499601, 5001497.981130857951939 ], [ 425628.953174372727517, 5001472.48027887288481 ], [ 425597.801820304710418, 5001448.577004184946418 ], [ 425565.442157346638851, 5001426.336824006401002 ], [ 425531.962881085346453, 5001405.820697127841413 ], [ 425497.455755889997818, 5001387.084856824949384 ], [ 425462.015363392187282, 5001370.18065673392266 ], [ 425425.738843244325835, 5001355.154430093243718 ], [ 425388.725626866566017, 5001342.047362744808197 ], [ 425351.077164912247099, 5001330.895380249246955 ], [ 425312.896649198664818, 5001321.729049415327609 ], [ 425274.288729865511414, 5001314.573494519107044 ], [ 425235.359228536079172, 5001309.44832843914628 ], [ 425196.214848267554771, 5001306.367598899640143 ], [ 425156.962881085346453, 5001305.339749965816736 ], [ 425117.710913903138135, 5001306.367598899640143 ], [ 425078.566533634613734, 5001309.44832843914628 ], [ 425039.637032305181492, 5001314.573494519107044 ], [ 425001.029112972028088, 5001321.729049415327609 ], [ 424962.848597258445807, 5001330.895380249246955 ], [ 424925.200135304126889, 5001342.047362744808197 ], [ 424888.186918926367071, 5001355.154430093243718 ], [ 424851.910398778505623, 5001370.18065673392266 ], [ 424816.470006280695088, 5001387.084856824949384 ], [ 424781.962881085346453, 5001405.820697127841413 ], [ 424748.483604824054055, 5001426.336824006401002 ], [ 424716.123941865982488, 5001448.577004184946418 ], [ 424684.972587797965389, 5001472.48027887288481 ], [ 424655.114926316193305, 5001497.981130857951939 ], [ 424626.632795195444487, 5001525.009664075449109 ], [ 424599.604261977307033, 5001553.49179519712925 ], [ 424574.103409992647357, 5001583.349456678144634 ], [ 424550.200135304126889, 5001614.500810746103525 ], [ 424527.959955126279965, 5001646.860473704524338 ], [ 424507.443828247021884, 5001680.339749965816736 ], [ 424488.707987944071647, 5001714.846875160932541 ], [ 424471.803787853394169, 5001750.287267658859491 ], [ 424456.777561212424189, 5001786.563787806779146 ], [ 424443.670493863988668, 5001823.577004184946418 ], [ 424432.518511368543841, 5001861.225466138683259 ], [ 424423.352180534973741, 5001899.405981852672994 ], [ 424416.196625638986006, 5001938.013901185244322 ], [ 424411.071459559141658, 5001976.943402514792979 ], [ 424407.99073001940269, 5002016.087782783433795 ], [ 424406.962881085346453, 5002055.339749965816736 ], [ 424407.99073001940269, 5002094.591717148199677 ], [ 424411.071459559141658, 5002133.736097416840494 ], [ 424416.196625638986006, 5002172.665598746389151 ], [ 424423.352180534973741, 5002211.273518078960478 ], [ 424432.518511368543841, 5002249.454033792950213 ], [ 424443.670493863988668, 5002287.102495746687055 ], [ 424456.777561212424189, 5002324.115712124854326 ], [ 424471.803787853394169, 5002360.392232272773981 ], [ 424488.707987944071647, 5002395.832624770700932 ], [ 424507.443828247021884, 5002430.339749965816736 ], [ 424527.959955126279965, 5002463.819026227109134 ], [ 424550.200135304126889, 5002496.178689185529947 ], [ 424574.10340999258915, 5002527.330043253488839 ], [ 424599.604261977307033, 5002557.187704734504223 ], [ 424626.632795195444487, 5002585.669835856184363 ], [ 424655.114926316193305, 5002612.698369073681533 ], [ 424684.972587797965389, 5002638.199221058748662 ], [ 424716.123941865982488, 5002662.102495746687055 ], [ 424748.483604824054055, 5002684.34267592523247 ], [ 424781.962881085346453, 5002704.858802803792059 ], [ 424816.470006280695088, 5002723.594643106684089 ], [ 424851.910398778505623, 5002740.498843197710812 ], [ 424888.186918926367071, 5002755.525069838389754 ], [ 424925.200135304126889, 5002768.632137186825275 ], [ 424962.848597258445807, 5002779.784119682386518 ], [ 425001.029112972028088, 5002788.950450516305864 ], [ 425039.637032305181492, 5002796.106005412526429 ], [ 425078.566533634613734, 5002801.231171492487192 ], [ 425117.710913903138135, 5002804.31190103199333 ], [ 425156.962881085346453, 5002805.339749965816736 ], [ 425196.214848267554771, 5002804.31190103199333 ], [ 425235.359228536079172, 5002801.231171492487192 ], [ 425274.288729865511414, 5002796.106005412526429 ], [ 425312.896649198664818, 5002788.950450516305864 ], [ 425351.077164912247099, 5002779.784119682386518 ], [ 425388.725626866566017, 5002768.632137186825275 ], [ 425425.738843244325835, 5002755.525069838389754 ], [ 425462.015363392187282, 5002740.498843197710812 ], [ 425497.455755889997818, 5002723.594643106684089 ], [ 425531.962881085346453, 5002704.858802803792059 ], [ 425565.442157346638851, 5002684.34267592523247 ], [ 425597.801820304710418, 5002662.102495746687055 ], [ 425628.953174372727517, 5002638.199221058748662 ], [ 425658.810835854499601, 5002612.698369073681533 ], [ 425687.292966975248419, 5002585.669835856184363 ], [ 425714.321500193385873, 5002557.187704734504223 ], [ 425739.822352178045548, 5002527.330043253488839 ], [ 425763.725626866566017, 5002496.178689185529947 ], [ 425785.965807044412941, 5002463.819026227109134 ], [ 425806.481933923671022, 5002430.339749965816736 ], [ 425825.217774226621259, 5002395.832624770700932 ], [ 425842.121974317298736, 5002360.392232272773981 ], [ 425857.148200958268717, 5002324.115712124854326 ], [ 425870.255268306704238, 5002287.102495746687055 ], [ 425881.407250802149065, 5002249.454033792950213 ], [ 425890.573581635719165, 5002211.273518078960478 ], [ 425897.729136531706899, 5002172.665598746389151 ], [ 425902.854302611551248, 5002133.736097416840494 ], [ 425905.935032151290216, 5002094.591717148199677 ], [ 425906.962881085346453, 5002055.339749965816736 ] ] ] } },
{ "type": "Feature", "properties": { "site": 24, "transect": 24.2 }, "geometry": { "type": "Polygon", "coordinates": [ [ [ 425830.899340347328689, 5002288.726313075982034 ], [ 425829.871491413272452, 5002249.474345893599093 ], [ 425826.790761873533484, 5002210.329965624958277 ], [ 425821.665595793689135, 5002171.40046429540962 ], [ 425814.510040897701401, 5002132.792544962838292 ], [ 425805.343710064131301, 5002094.612029248848557 ], [ 425794.191727568686474, 5002056.963567295111716 ], [ 425781.084660220250953, 5002019.950350916944444 ], [ 425766.058433579280972, 5001983.673830769024789 ], [ 425749.154233488603495, 5001948.233438271097839 ], [ 425730.418393185653258, 5001913.726313075982034 ], [ 425709.902266306395177, 5001880.247036814689636 ], [ 425687.662086128548253, 5001847.887373856268823 ], [ 425663.758811440085992, 5001816.736019788309932 ], [ 425638.257959455368109, 5001786.878358307294548 ], [ 425611.229426237230655, 5001758.396227185614407 ], [ 425582.747295116481837, 5001731.367693968117237 ], [ 425552.889633634709753, 5001705.866841983050108 ], [ 425521.738279566692654, 5001681.963567295111716 ], [ 425489.378616608621087, 5001659.7233871165663 ], [ 425455.899340347328689, 5001639.207260238006711 ], [ 425421.392215151980054, 5001620.471419935114682 ], [ 425385.951822654169519, 5001603.567219844087958 ], [ 425349.675302506308071, 5001588.540993203409016 ], [ 425312.662086128548253, 5001575.433925854973495 ], [ 425275.013624174229335, 5001564.281943359412253 ], [ 425236.833108460647054, 5001555.115612525492907 ], [ 425198.22518912749365, 5001547.960057629272342 ], [ 425159.295687798061408, 5001542.834891549311578 ], [ 425120.151307529537007, 5001539.754162009805441 ], [ 425080.899340347328689, 5001538.726313075982034 ], [ 425041.647373165120371, 5001539.754162009805441 ], [ 425002.50299289659597, 5001542.834891549311578 ], [ 424963.573491567163728, 5001547.960057629272342 ], [ 424924.965572234010324, 5001555.115612525492907 ], [ 424886.785056520428043, 5001564.281943359412253 ], [ 424849.136594566109125, 5001575.433925854973495 ], [ 424812.123378188349307, 5001588.540993203409016 ], [ 424775.846858040487859, 5001603.567219844087958 ], [ 424740.406465542677324, 5001620.471419935114682 ], [ 424705.899340347328689, 5001639.207260238006711 ], [ 424672.420064086036291, 5001659.7233871165663 ], [ 424640.060401127964724, 5001681.963567295111716 ], [ 424608.909047059947625, 5001705.866841983050108 ], [ 424579.051385578175541, 5001731.367693968117237 ], [ 424550.569254457426723, 5001758.396227185614407 ], [ 424523.540721239289269, 5001786.878358307294548 ], [ 424498.039869254629593, 5001816.736019788309932 ], [ 424474.136594566109125, 5001847.887373856268823 ], [ 424451.896414388262201, 5001880.247036814689636 ], [ 424431.38028750900412, 5001913.726313075982034 ], [ 424412.644447206053883, 5001948.233438271097839 ], [ 424395.740247115376405, 5001983.673830769024789 ], [ 424380.714020474406425, 5002019.950350916944444 ], [ 424367.606953125970904, 5002056.963567295111716 ], [ 424356.454970630526077, 5002094.612029248848557 ], [ 424347.288639796955977, 5002132.792544962838292 ], [ 424340.133084900968242, 5002171.40046429540962 ], [ 424335.007918821123894, 5002210.329965624958277 ], [ 424331.927189281384926, 5002249.474345893599093 ], [ 424330.899340347328689, 5002288.726313075982034 ], [ 424331.927189281384926, 5002327.978280258364975 ], [ 424335.007918821123894, 5002367.122660527005792 ], [ 424340.133084900968242, 5002406.052161856554449 ], [ 424347.288639796955977, 5002444.660081189125776 ], [ 424356.454970630526077, 5002482.840596903115511 ], [ 424367.606953125970904, 5002520.489058856852353 ], [ 424380.714020474406425, 5002557.502275235019624 ], [ 424395.740247115376405, 5002593.778795382939279 ], [ 424412.644447206053883, 5002629.21918788086623 ], [ 424431.38028750900412, 5002663.726313075982034 ], [ 424451.896414388262201, 5002697.205589337274432 ], [ 424474.136594566109125, 5002729.565252295695245 ], [ 424498.039869254571386, 5002760.716606363654137 ], [ 424523.540721239289269, 5002790.574267844669521 ], [ 424550.569254457426723, 5002819.056398966349661 ], [ 424579.051385578175541, 5002846.084932183846831 ], [ 424608.909047059947625, 5002871.58578416891396 ], [ 424640.060401127964724, 5002895.489058856852353 ], [ 424672.420064086036291, 5002917.729239035397768 ], [ 424705.899340347328689, 5002938.245365913957357 ], [ 424740.406465542677324, 5002956.981206216849387 ], [ 424775.846858040487859, 5002973.88540630787611 ], [ 424812.123378188349307, 5002988.911632948555052 ], [ 424849.136594566109125, 5003002.018700296990573 ], [ 424886.785056520428043, 5003013.170682792551816 ], [ 424924.965572234010324, 5003022.337013626471162 ], [ 424963.573491567163728, 5003029.492568522691727 ], [ 425002.50299289659597, 5003034.61773460265249 ], [ 425041.647373165120371, 5003037.698464142158628 ], [ 425080.899340347328689, 5003038.726313075982034 ], [ 425120.151307529537007, 5003037.698464142158628 ], [ 425159.295687798061408, 5003034.61773460265249 ], [ 425198.22518912749365, 5003029.492568522691727 ], [ 425236.833108460647054, 5003022.337013626471162 ], [ 425275.013624174229335, 5003013.170682792551816 ], [ 425312.662086128548253, 5003002.018700296990573 ], [ 425349.675302506308071, 5002988.911632948555052 ], [ 425385.951822654169519, 5002973.88540630787611 ], [ 425421.392215151980054, 5002956.981206216849387 ], [ 425455.899340347328689, 5002938.245365913957357 ], [ 425489.378616608621087, 5002917.729239035397768 ], [ 425521.738279566692654, 5002895.489058856852353 ], [ 425552.889633634709753, 5002871.58578416891396 ], [ 425582.747295116481837, 5002846.084932183846831 ], [ 425611.229426237230655, 5002819.056398966349661 ], [ 425638.257959455368109, 5002790.574267844669521 ], [ 425663.758811440027785, 5002760.716606363654137 ], [ 425687.662086128548253, 5002729.565252295695245 ], [ 425709.902266306395177, 5002697.205589337274432 ], [ 425730.418393185653258, 5002663.726313075982034 ], [ 425749.154233488603495, 5002629.21918788086623 ], [ 425766.058433579280972, 5002593.778795382939279 ], [ 425781.084660220250953, 5002557.502275235019624 ], [ 425794.191727568686474, 5002520.489058856852353 ], [ 425805.343710064131301, 5002482.840596903115511 ], [ 425814.510040897701401, 5002444.660081189125776 ], [ 425821.665595793689135, 5002406.052161856554449 ], [ 425826.790761873533484, 5002367.122660527005792 ], [ 425829.871491413272452, 5002327.978280258364975 ], [ 425830.899340347328689, 5002288.726313075982034 ] ] ] } },
{ "type": "Feature", "properties": { "site": 24, "transect": 24.3 }, "geometry": { "type": "Polygon", "coordinates": [ [ [ 425981.411622391606215, 5001970.716387028805912 ], [ 425980.383773457549978, 5001931.46441984642297 ], [ 425977.30304391781101, 5001892.320039577782154 ], [ 425972.177877837966662, 5001853.390538248233497 ], [ 425965.022322941978928, 5001814.782618915662169 ], [ 425955.855992108408827, 5001776.602103201672435 ], [ 425944.704009612964001, 5001738.953641247935593 ], [ 425931.596942264528479, 5001701.940424869768322 ], [ 425916.570715623558499, 5001665.663904721848667 ], [ 425899.666515532881021, 5001630.223512223921716 ], [ 425880.930675229930785, 5001595.716387028805912 ], [ 425860.414548350672703, 5001562.237110767513514 ], [ 425838.17436817282578, 5001529.8774478090927 ], [ 425814.271093484363519, 5001498.726093741133809 ], [ 425788.770241499645635, 5001468.868432260118425 ], [ 425761.741708281508181, 5001440.386301138438284 ], [ 425733.259577160759363, 5001413.357767920941114 ], [ 425703.40191567898728, 5001387.856915935873985 ], [ 425672.25056161097018, 5001363.953641247935593 ], [ 425639.890898652898613, 5001341.713461069390178 ], [ 425606.411622391606215, 5001321.197334190830588 ], [ 425571.90449719625758, 5001302.461493887938559 ], [ 425536.464104698447045, 5001285.557293796911836 ], [ 425500.187584550585598, 5001270.531067156232893 ], [ 425463.17436817282578, 5001257.423999807797372 ], [ 425425.525906218506861, 5001246.27201731223613 ], [ 425387.34539050492458, 5001237.105686478316784 ], [ 425348.737471171771176, 5001229.950131582096219 ], [ 425309.807969842338935, 5001224.824965502135456 ], [ 425270.663589573814534, 5001221.744235962629318 ], [ 425231.411622391606215, 5001220.716387028805912 ], [ 425192.159655209397897, 5001221.744235962629318 ], [ 425153.015274940873496, 5001224.824965502135456 ], [ 425114.085773611441255, 5001229.950131582096219 ], [ 425075.47785427828785, 5001237.105686478316784 ], [ 425037.297338564705569, 5001246.27201731223613 ], [ 424999.648876610386651, 5001257.423999807797372 ], [ 424962.635660232626833, 5001270.531067156232893 ], [ 424926.359140084765386, 5001285.557293796911836 ], [ 424890.918747586954851, 5001302.461493887938559 ], [ 424856.411622391606215, 5001321.197334190830588 ], [ 424822.932346130313817, 5001341.713461069390178 ], [ 424790.57268317224225, 5001363.953641247935593 ], [ 424759.421329104225151, 5001387.856915935873985 ], [ 424729.563667622453067, 5001413.357767920941114 ], [ 424701.08153650170425, 5001440.386301138438284 ], [ 424674.053003283566795, 5001468.868432260118425 ], [ 424648.55215129890712, 5001498.726093741133809 ], [ 424624.648876610386651, 5001529.8774478090927 ], [ 424602.408696432539728, 5001562.237110767513514 ], [ 424581.892569553281646, 5001595.716387028805912 ], [ 424563.156729250331409, 5001630.223512223921716 ], [ 424546.252529159653932, 5001665.663904721848667 ], [ 424531.226302518683951, 5001701.940424869768322 ], [ 424518.11923517024843, 5001738.953641247935593 ], [ 424506.967252674803603, 5001776.602103201672435 ], [ 424497.800921841233503, 5001814.782618915662169 ], [ 424490.645366945245769, 5001853.390538248233497 ], [ 424485.520200865401421, 5001892.320039577782154 ], [ 424482.439471325662453, 5001931.46441984642297 ], [ 424481.411622391606215, 5001970.716387028805912 ], [ 424482.439471325662453, 5002009.968354211188853 ], [ 424485.520200865401421, 5002049.112734479829669 ], [ 424490.645366945245769, 5002088.042235809378326 ], [ 424497.800921841233503, 5002126.650155141949654 ], [ 424506.967252674803603, 5002164.830670855939388 ], [ 424518.11923517024843, 5002202.47913280967623 ], [ 424531.226302518683951, 5002239.492349187843502 ], [ 424546.252529159653932, 5002275.768869335763156 ], [ 424563.156729250331409, 5002311.209261833690107 ], [ 424581.892569553281646, 5002345.716387028805912 ], [ 424602.408696432539728, 5002379.19566329009831 ], [ 424624.648876610386651, 5002411.555326248519123 ], [ 424648.552151298848912, 5002442.706680316478014 ], [ 424674.053003283566795, 5002472.564341797493398 ], [ 424701.08153650170425, 5002501.046472919173539 ], [ 424729.563667622453067, 5002528.075006136670709 ], [ 424759.421329104225151, 5002553.575858121737838 ], [ 424790.57268317224225, 5002577.47913280967623 ], [ 424822.932346130313817, 5002599.719312988221645 ], [ 424856.411622391606215, 5002620.235439866781235 ], [ 424890.918747586954851, 5002638.971280169673264 ], [ 424926.359140084765386, 5002655.875480260699987 ], [ 424962.635660232626833, 5002670.90170690137893 ], [ 424999.648876610386651, 5002684.008774249814451 ], [ 425037.297338564705569, 5002695.160756745375693 ], [ 425075.47785427828785, 5002704.327087579295039 ], [ 425114.085773611441255, 5002711.482642475515604 ], [ 425153.015274940873496, 5002716.607808555476367 ], [ 425192.159655209397897, 5002719.688538094982505 ], [ 425231.411622391606215, 5002720.716387028805912 ], [ 425270.663589573814534, 5002719.688538094982505 ], [ 425309.807969842338935, 5002716.607808555476367 ], [ 425348.737471171771176, 5002711.482642475515604 ], [ 425387.34539050492458, 5002704.327087579295039 ], [ 425425.525906218506861, 5002695.160756745375693 ], [ 425463.17436817282578, 5002684.008774249814451 ], [ 425500.187584550585598, 5002670.90170690137893 ], [ 425536.464104698447045, 5002655.875480260699987 ], [ 425571.90449719625758, 5002638.971280169673264 ], [ 425606.411622391606215, 5002620.235439866781235 ], [ 425639.890898652898613, 5002599.719312988221645 ], [ 425672.25056161097018, 5002577.47913280967623 ], [ 425703.40191567898728, 5002553.575858121737838 ], [ 425733.259577160759363, 5002528.075006136670709 ], [ 425761.741708281508181, 5002501.046472919173539 ], [ 425788.770241499645635, 5002472.564341797493398 ], [ 425814.271093484305311, 5002442.706680316478014 ], [ 425838.17436817282578, 5002411.555326248519123 ], [ 425860.414548350672703, 5002379.19566329009831 ], [ 425880.930675229930785, 5002345.716387028805912 ], [ 425899.666515532881021, 5002311.209261833690107 ], [ 425916.570715623558499, 5002275.768869335763156 ], [ 425931.596942264528479, 5002239.492349187843502 ], [ 425944.704009612964001, 5002202.47913280967623 ], [ 425955.855992108408827, 5002164.830670855939388 ], [ 425965.022322941978928, 5002126.650155141949654 ], [ 425972.177877837966662, 5002088.042235809378326 ], [ 425977.30304391781101, 5002049.112734479829669 ], [ 425980.383773457549978, 5002009.968354211188853 ], [ 425981.411622391606215, 5001970.716387028805912 ] ] ] } },
{ "type": "Feature", "properties": { "site": 24, "transect": 24.4 }, "geometry": { "type": "Polygon", "coordinates": [ [ [ 425840.831374500354286, 5002219.084494897164404 ], [ 425839.803525566298049, 5002179.832527714781463 ], [ 425836.722796026559081, 5002140.688147446140647 ], [ 425831.597629946714733, 5002101.75864611659199 ], [ 425824.442075050726999, 5002063.150726784020662 ], [ 425815.275744217156898, 5002024.970211070030928 ], [ 425804.123761721712071, 5001987.321749116294086 ], [ 425791.01669437327655, 5001950.308532738126814 ], [ 425775.99046773230657, 5001914.03201259020716 ], [ 425759.086267641629092, 5001878.591620092280209 ], [ 425740.350427338678855, 5001844.084494897164404 ], [ 425719.834300459420774, 5001810.605218635872006 ], [ 425697.594120281573851, 5001778.245555677451193 ], [ 425673.69084559311159, 5001747.094201609492302 ], [ 425648.189993608393706, 5001717.236540128476918 ], [ 425621.161460390256252, 5001688.754409006796777 ], [ 425592.679329269507434, 5001661.725875789299607 ], [ 425562.82166778773535, 5001636.225023804232478 ], [ 425531.670313719718251, 5001612.321749116294086 ], [ 425499.310650761646684, 5001590.081568937748671 ], [ 425465.831374500354286, 5001569.565442059189081 ], [ 425431.324249305005651, 5001550.829601756297052 ], [ 425395.883856807195116, 5001533.925401665270329 ], [ 425359.607336659333669, 5001518.899175024591386 ], [ 425322.594120281573851, 5001505.792107676155865 ], [ 425284.945658327254932, 5001494.640125180594623 ], [ 425246.765142613672651, 5001485.473794346675277 ], [ 425208.157223280519247, 5001478.318239450454712 ], [ 425169.227721951087005, 5001473.193073370493948 ], [ 425130.083341682562605, 5001470.112343830987811 ], [ 425090.831374500354286, 5001469.084494897164404 ], [ 425051.579407318145968, 5001470.112343830987811 ], [ 425012.435027049621567, 5001473.193073370493948 ], [ 424973.505525720189326, 5001478.318239450454712 ], [ 424934.897606387035921, 5001485.473794346675277 ], [ 424896.71709067345364, 5001494.640125180594623 ], [ 424859.068628719134722, 5001505.792107676155865 ], [ 424822.055412341374904, 5001518.899175024591386 ], [ 424785.778892193513457, 5001533.925401665270329 ], [ 424750.338499695702922, 5001550.829601756297052 ], [ 424715.831374500354286, 5001569.565442059189081 ], [ 424682.352098239061888, 5001590.081568937748671 ], [ 424649.992435280990321, 5001612.321749116294086 ], [ 424618.841081212973222, 5001636.225023804232478 ], [ 424588.983419731201138, 5001661.725875789299607 ], [ 424560.50128861045232, 5001688.754409006796777 ], [ 424533.472755392314866, 5001717.236540128476918 ], [ 424507.971903407655191, 5001747.094201609492302 ], [ 424484.068628719134722, 5001778.245555677451193 ], [ 424461.828448541287798, 5001810.605218635872006 ], [ 424441.312321662029717, 5001844.084494897164404 ], [ 424422.57648135907948, 5001878.591620092280209 ], [ 424405.672281268402003, 5001914.03201259020716 ], [ 424390.646054627432022, 5001950.308532738126814 ], [ 424377.538987278996501, 5001987.321749116294086 ], [ 424366.387004783551674, 5002024.970211070030928 ], [ 424357.220673949981574, 5002063.150726784020662 ], [ 424350.06511905399384, 5002101.75864611659199 ], [ 424344.939952974149492, 5002140.688147446140647 ], [ 424341.859223434410524, 5002179.832527714781463 ], [ 424340.831374500354286, 5002219.084494897164404 ], [ 424341.859223434410524, 5002258.336462079547346 ], [ 424344.939952974149492, 5002297.480842348188162 ], [ 424350.06511905399384, 5002336.410343677736819 ], [ 424357.220673949981574, 5002375.018263010308146 ], [ 424366.387004783551674, 5002413.198778724297881 ], [ 424377.538987278996501, 5002450.847240678034723 ], [ 424390.646054627432022, 5002487.860457056201994 ], [ 424405.672281268402003, 5002524.136977204121649 ], [ 424422.57648135907948, 5002559.5773697020486 ], [ 424441.312321662029717, 5002594.084494897164404 ], [ 424461.828448541287798, 5002627.563771158456802 ], [ 424484.068628719134722, 5002659.923434116877615 ], [ 424507.971903407596983, 5002691.074788184836507 ], [ 424533.472755392314866, 5002720.932449665851891 ], [ 424560.50128861045232, 5002749.414580787532032 ], [ 424588.983419731201138, 5002776.443114005029202 ], [ 424618.841081212973222, 5002801.943965990096331 ], [ 424649.992435280990321, 5002825.847240678034723 ], [ 424682.352098239061888, 5002848.087420856580138 ], [ 424715.831374500354286, 5002868.603547735139728 ], [ 424750.338499695702922, 5002887.339388038031757 ], [ 424785.778892193513457, 5002904.24358812905848 ], [ 424822.055412341374904, 5002919.269814769737422 ], [ 424859.068628719134722, 5002932.376882118172944 ], [ 424896.71709067345364, 5002943.528864613734186 ], [ 424934.897606387035921, 5002952.695195447653532 ], [ 424973.505525720189326, 5002959.850750343874097 ], [ 425012.435027049621567, 5002964.97591642383486 ], [ 425051.579407318145968, 5002968.056645963340998 ], [ 425090.831374500354286, 5002969.084494897164404 ], [ 425130.083341682562605, 5002968.056645963340998 ], [ 425169.227721951087005, 5002964.97591642383486 ], [ 425208.157223280519247, 5002959.850750343874097 ], [ 425246.765142613672651, 5002952.695195447653532 ], [ 425284.945658327254932, 5002943.528864613734186 ], [ 425322.594120281573851, 5002932.376882118172944 ], [ 425359.607336659333669, 5002919.269814769737422 ], [ 425395.883856807195116, 5002904.24358812905848 ], [ 425431.324249305005651, 5002887.339388038031757 ], [ 425465.831374500354286, 5002868.603547735139728 ], [ 425499.310650761646684, 5002848.087420856580138 ], [ 425531.670313719718251, 5002825.847240678034723 ], [ 425562.82166778773535, 5002801.943965990096331 ], [ 425592.679329269507434, 5002776.443114005029202 ], [ 425621.161460390256252, 5002749.414580787532032 ], [ 425648.189993608393706, 5002720.932449665851891 ], [ 425673.690845593053382, 5002691.074788184836507 ], [ 425697.594120281573851, 5002659.923434116877615 ], [ 425719.834300459420774, 5002627.563771158456802 ], [ 425740.350427338678855, 5002594.084494897164404 ], [ 425759.086267641629092, 5002559.5773697020486 ], [ 425775.99046773230657, 5002524.136977204121649 ], [ 425791.01669437327655, 5002487.860457056201994 ], [ 425804.123761721712071, 5002450.847240678034723 ], [ 425815.275744217156898, 5002413.198778724297881 ], [ 425824.442075050726999, 5002375.018263010308146 ], [ 425831.597629946714733, 5002336.410343677736819 ], [ 425836.722796026559081, 5002297.480842348188162 ], [ 425839.803525566298049, 5002258.336462079547346 ], [ 425840.831374500354286, 5002219.084494897164404 ] ] ] } },
{ "type": "Feature", "properties": { "site": 25, "transect": 25.1 }, "geometry": { "type": "Polygon", "coordinates": [ [ [ 344938.921767609892413, 5055708.863791472278535 ], [ 344937.893918675836176, 5055669.611824289895594 ], [ 344934.813189136097208, 5055630.467444021254778 ], [ 344929.68802305625286, 5055591.537942691706121 ], [ 344922.532468160265125, 5055552.930023359134793 ], [ 344913.366137326695025, 5055514.749507645145059 ], [ 344902.214154831250198, 5055477.101045691408217 ], [ 344889.107087482814677, 5055440.087829313240945 ], [ 344874.080860841844697, 5055403.81130916532129 ], [ 344857.176660751167219, 5055368.37091666739434 ], [ 344838.440820448216982, 5055333.863791472278535 ], [ 344817.924693568958901, 5055300.384515210986137 ], [ 344795.684513391111977, 5055268.024852252565324 ], [ 344771.781238702591509, 5055236.873498184606433 ], [ 344746.280386717931833, 5055207.015836703591049 ], [ 344719.251853499794379, 5055178.533705581910908 ], [ 344690.769722379045561, 5055151.505172364413738 ], [ 344660.912060897273477, 5055126.004320379346609 ], [ 344629.760706829256378, 5055102.101045691408217 ], [ 344597.401043871184811, 5055079.860865512862802 ], [ 344563.921767609892413, 5055059.344738634303212 ], [ 344529.414642414543778, 5055040.608898331411183 ], [ 344493.974249916733243, 5055023.704698240384459 ], [ 344457.697729768871795, 5055008.678471599705517 ], [ 344420.684513391111977, 5054995.571404251269996 ], [ 344383.036051436793059, 5054984.419421755708754 ], [ 344344.855535723210778, 5054975.253090921789408 ], [ 344306.247616390057374, 5054968.097536025568843 ], [ 344267.318115060625132, 5054962.972369945608079 ], [ 344228.173734792100731, 5054959.891640406101942 ], [ 344188.921767609892413, 5054958.863791472278535 ], [ 344149.669800427684095, 5054959.891640406101942 ], [ 344110.525420159159694, 5054962.972369945608079 ], [ 344071.595918829727452, 5054968.097536025568843 ], [ 344032.987999496574048, 5054975.253090921789408 ], [ 343994.807483782991767, 5054984.419421755708754 ], [ 343957.159021828672849, 5054995.571404251269996 ], [ 343920.145805450913031, 5055008.678471599705517 ], [ 343883.869285303051583, 5055023.704698240384459 ], [ 343848.428892805241048, 5055040.608898331411183 ], [ 343813.921767609892413, 5055059.344738634303212 ], [ 343780.442491348600015, 5055079.860865512862802 ], [ 343748.082828390528448, 5055102.101045691408217 ], [ 343716.931474322511349, 5055126.004320379346609 ], [ 343687.073812840739265, 5055151.505172364413738 ], [ 343658.591681719990447, 5055178.533705581910908 ], [ 343631.563148501852993, 5055207.015836703591049 ], [ 343606.062296517193317, 5055236.873498184606433 ], [ 343582.159021828672849, 5055268.024852252565324 ], [ 343559.918841650825925, 5055300.384515210986137 ], [ 343539.402714771567844, 5055333.863791472278535 ], [ 343520.666874468617607, 5055368.37091666739434 ], [ 343503.762674377940129, 5055403.81130916532129 ], [ 343488.736447736970149, 5055440.087829313240945 ], [ 343475.629380388534628, 5055477.101045691408217 ], [ 343464.477397893089801, 5055514.749507645145059 ], [ 343455.311067059519701, 5055552.930023359134793 ], [ 343448.155512163531967, 5055591.537942691706121 ], [ 343443.030346083687618, 5055630.467444021254778 ], [ 343439.94961654394865, 5055669.611824289895594 ], [ 343438.921767609892413, 5055708.863791472278535 ], [ 343439.94961654394865, 5055748.115758654661477 ], [ 343443.030346083687618, 5055787.260138923302293 ], [ 343448.155512163531967, 5055826.18964025285095 ], [ 343455.311067059519701, 5055864.797559585422277 ], [ 343464.477397893089801, 5055902.978075299412012 ], [ 343475.629380388534628, 5055940.626537253148854 ], [ 343488.736447736970149, 5055977.639753631316125 ], [ 343503.762674377940129, 5056013.91627377923578 ], [ 343520.666874468617607, 5056049.356666277162731 ], [ 343539.402714771567844, 5056083.863791472278535 ], [ 343559.918841650825925, 5056117.343067733570933 ], [ 343582.159021828672849, 5056149.702730691991746 ], [ 343606.06229651713511, 5056180.854084759950638 ], [ 343631.563148501852993, 5056210.711746240966022 ], [ 343658.591681719990447, 5056239.193877362646163 ], [ 343687.073812840739265, 5056266.222410580143332 ], [ 343716.931474322511349, 5056291.723262565210462 ], [ 343748.082828390528448, 5056315.626537253148854 ], [ 343780.442491348600015, 5056337.866717431694269 ], [ 343813.921767609892413, 5056358.382844310253859 ], [ 343848.428892805241048, 5056377.118684613145888 ], [ 343883.869285303051583, 5056394.022884704172611 ], [ 343920.145805450913031, 5056409.049111344851553 ], [ 343957.159021828672849, 5056422.156178693287075 ], [ 343994.807483782991767, 5056433.308161188848317 ], [ 344032.987999496574048, 5056442.474492022767663 ], [ 344071.595918829727452, 5056449.630046918988228 ], [ 344110.525420159159694, 5056454.755212998948991 ], [ 344149.669800427684095, 5056457.835942538455129 ], [ 344188.921767609892413, 5056458.863791472278535 ], [ 344228.173734792100731, 5056457.835942538455129 ], [ 344267.318115060625132, 5056454.755212998948991 ], [ 344306.247616390057374, 5056449.630046918988228 ], [ 344344.855535723210778, 5056442.474492022767663 ], [ 344383.036051436793059, 5056433.308161188848317 ], [ 344420.684513391111977, 5056422.156178693287075 ], [ 344457.697729768871795, 5056409.049111344851553 ], [ 344493.974249916733243, 5056394.022884704172611 ], [ 344529.414642414543778, 5056377.118684613145888 ], [ 344563.921767609892413, 5056358.382844310253859 ], [ 344597.401043871184811, 5056337.866717431694269 ], [ 344629.760706829256378, 5056315.626537253148854 ], [ 344660.912060897273477, 5056291.723262565210462 ], [ 344690.769722379045561, 5056266.222410580143332 ], [ 344719.251853499794379, 5056239.193877362646163 ], [ 344746.280386717931833, 5056210.711746240966022 ], [ 344771.781238702591509, 5056180.854084759950638 ], [ 344795.684513391111977, 5056149.702730691991746 ], [ 344817.924693568958901, 5056117.343067733570933 ], [ 344838.440820448216982, 5056083.863791472278535 ], [ 344857.176660751167219, 5056049.356666277162731 ], [ 344874.080860841844697, 5056013.91627377923578 ], [ 344889.107087482814677, 5055977.639753631316125 ], [ 344902.214154831250198, 5055940.626537253148854 ], [ 344913.366137326695025, 5055902.978075299412012 ], [ 344922.532468160265125, 5055864.797559585422277 ], [ 344929.68802305625286, 5055826.18964025285095 ], [ 344934.813189136097208, 5055787.260138923302293 ], [ 344937.893918675836176, 5055748.115758654661477 ], [ 344938.921767609892413, 5055708.863791472278535 ] ] ] } },
{ "type": "Feature", "properties": { "site": 25, "transect": 25.2 }, "geometry": { "type": "Polygon", "coordinates": [ [ [ 344938.921767609892413, 5055708.863791472278535 ], [ 344937.893918675836176, 5055669.611824289895594 ], [ 344934.813189136097208, 5055630.467444021254778 ], [ 344929.68802305625286, 5055591.537942691706121 ], [ 344922.532468160265125, 5055552.930023359134793 ], [ 344913.366137326695025, 5055514.749507645145059 ], [ 344902.214154831250198, 5055477.101045691408217 ], [ 344889.107087482814677, 5055440.087829313240945 ], [ 344874.080860841844697, 5055403.81130916532129 ], [ 344857.176660751167219, 5055368.37091666739434 ], [ 344838.440820448216982, 5055333.863791472278535 ], [ 344817.924693568958901, 5055300.384515210986137 ], [ 344795.684513391111977, 5055268.024852252565324 ], [ 344771.781238702591509, 5055236.873498184606433 ], [ 344746.280386717931833, 5055207.015836703591049 ], [ 344719.251853499794379, 5055178.533705581910908 ], [ 344690.769722379045561, 5055151.505172364413738 ], [ 344660.912060897273477, 5055126.004320379346609 ], [ 344629.760706829256378, 5055102.101045691408217 ], [ 344597.401043871184811, 5055079.860865512862802 ], [ 344563.921767609892413, 5055059.344738634303212 ], [ 344529.414642414543778, 5055040.608898331411183 ], [ 344493.974249916733243, 5055023.704698240384459 ], [ 344457.697729768871795, 5055008.678471599705517 ], [ 344420.684513391111977, 5054995.571404251269996 ], [ 344383.036051436793059, 5054984.419421755708754 ], [ 344344.855535723210778, 5054975.253090921789408 ], [ 344306.247616390057374, 5054968.097536025568843 ], [ 344267.318115060625132, 5054962.972369945608079 ], [ 344228.173734792100731, 5054959.891640406101942 ], [ 344188.921767609892413, 5054958.863791472278535 ], [ 344149.669800427684095, 5054959.891640406101942 ], [ 344110.525420159159694, 5054962.972369945608079 ], [ 344071.595918829727452, 5054968.097536025568843 ], [ 344032.987999496574048, 5054975.253090921789408 ], [ 343994.807483782991767, 5054984.419421755708754 ], [ 343957.159021828672849, 5054995.571404251269996 ], [ 343920.145805450913031, 5055008.678471599705517 ], [ 343883.869285303051583, 5055023.704698240384459 ], [ 343848.428892805241048, 5055040.608898331411183 ], [ 343813.921767609892413, 5055059.344738634303212 ], [ 343780.442491348600015, 5055079.860865512862802 ], [ 343748.082828390528448, 5055102.101045691408217 ], [ 343716.931474322511349, 5055126.004320379346609 ], [ 343687.073812840739265, 5055151.505172364413738 ], [ 343658.591681719990447, 5055178.533705581910908 ], [ 343631.563148501852993, 5055207.015836703591049 ], [ 343606.062296517193317, 5055236.873498184606433 ], [ 343582.159021828672849, 5055268.024852252565324 ], [ 343559.918841650825925, 5055300.384515210986137 ], [ 343539.402714771567844, 5055333.863791472278535 ], [ 343520.666874468617607, 5055368.37091666739434 ], [ 343503.762674377940129, 5055403.81130916532129 ], [ 343488.736447736970149, 5055440.087829313240945 ], [ 343475.629380388534628, 5055477.101045691408217 ], [ 343464.477397893089801, 5055514.749507645145059 ], [ 343455.311067059519701, 5055552.930023359134793 ], [ 343448.155512163531967, 5055591.537942691706121 ], [ 343443.030346083687618, 5055630.467444021254778 ], [ 343439.94961654394865, 5055669.611824289895594 ], [ 343438.921767609892413, 5055708.863791472278535 ], [ 343439.94961654394865, 5055748.115758654661477 ], [ 343443.030346083687618, 5055787.260138923302293 ], [ 343448.155512163531967, 5055826.18964025285095 ], [ 343455.311067059519701, 5055864.797559585422277 ], [ 343464.477397893089801, 5055902.978075299412012 ], [ 343475.629380388534628, 5055940.626537253148854 ], [ 343488.736447736970149, 5055977.639753631316125 ], [ 343503.762674377940129, 5056013.91627377923578 ], [ 343520.666874468617607, 5056049.356666277162731 ], [ 343539.402714771567844, 5056083.863791472278535 ], [ 343559.918841650825925, 5056117.343067733570933 ], [ 343582.159021828672849, 5056149.702730691991746 ], [ 343606.06229651713511, 5056180.854084759950638 ], [ 343631.563148501852993, 5056210.711746240966022 ], [ 343658.591681719990447, 5056239.193877362646163 ], [ 343687.073812840739265, 5056266.222410580143332 ], [ 343716.931474322511349, 5056291.723262565210462 ], [ 343748.082828390528448, 5056315.626537253148854 ], [ 343780.442491348600015, 5056337.866717431694269 ], [ 343813.921767609892413, 5056358.382844310253859 ], [ 343848.428892805241048, 5056377.118684613145888 ], [ 343883.869285303051583, 5056394.022884704172611 ], [ 343920.145805450913031, 5056409.049111344851553 ], [ 343957.159021828672849, 5056422.156178693287075 ], [ 343994.807483782991767, 5056433.308161188848317 ], [ 344032.987999496574048, 5056442.474492022767663 ], [ 344071.595918829727452, 5056449.630046918988228 ], [ 344110.525420159159694, 5056454.755212998948991 ], [ 344149.669800427684095, 5056457.835942538455129 ], [ 344188.921767609892413, 5056458.863791472278535 ], [ 344228.173734792100731, 5056457.835942538455129 ], [ 344267.318115060625132, 5056454.755212998948991 ], [ 344306.247616390057374, 5056449.630046918988228 ], [ 344344.855535723210778, 5056442.474492022767663 ], [ 344383.036051436793059, 5056433.308161188848317 ], [ 344420.684513391111977, 5056422.156178693287075 ], [ 344457.697729768871795, 5056409.049111344851553 ], [ 344493.974249916733243, 5056394.022884704172611 ], [ 344529.414642414543778, 5056377.118684613145888 ], [ 344563.921767609892413, 5056358.382844310253859 ], [ 344597.401043871184811, 5056337.866717431694269 ], [ 344629.760706829256378, 5056315.626537253148854 ], [ 344660.912060897273477, 5056291.723262565210462 ], [ 344690.769722379045561, 5056266.222410580143332 ], [ 344719.251853499794379, 5056239.193877362646163 ], [ 344746.280386717931833, 5056210.711746240966022 ], [ 344771.781238702591509, 5056180.854084759950638 ], [ 344795.684513391111977, 5056149.702730691991746 ], [ 344817.924693568958901, 5056117.343067733570933 ], [ 344838.440820448216982, 5056083.863791472278535 ], [ 344857.176660751167219, 5056049.356666277162731 ], [ 344874.080860841844697, 5056013.91627377923578 ], [ 344889.107087482814677, 5055977.639753631316125 ], [ 344902.214154831250198, 5055940.626537253148854 ], [ 344913.366137326695025, 5055902.978075299412012 ], [ 344922.532468160265125, 5055864.797559585422277 ], [ 344929.68802305625286, 5055826.18964025285095 ], [ 344934.813189136097208, 5055787.260138923302293 ], [ 344937.893918675836176, 5055748.115758654661477 ], [ 344938.921767609892413, 5055708.863791472278535 ] ] ] } },
{ "type": "Feature", "properties": { "site": 25, "transect": 25.3 }, "geometry": { "type": "Polygon", "coordinates": [ [ [ 345089.214095022412948, 5055800.103011912666261 ], [ 345088.186246088356711, 5055760.85104473028332 ], [ 345085.105516548617743, 5055721.706664461642504 ], [ 345079.980350468773395, 5055682.777163132093847 ], [ 345072.824795572785661, 5055644.169243799522519 ], [ 345063.65846473921556, 5055605.988728085532784 ], [ 345052.506482243770733, 5055568.340266131795943 ], [ 345039.399414895335212, 5055531.327049753628671 ], [ 345024.373188254365232, 5055495.050529605709016 ], [ 345007.468988163687754, 5055459.610137107782066 ], [ 344988.733147860737517, 5055425.103011912666261 ], [ 344968.217020981479436, 5055391.623735651373863 ], [ 344945.976840803632513, 5055359.26407269295305 ], [ 344922.073566115112044, 5055328.112718624994159 ], [ 344896.572714130452368, 5055298.255057143978775 ], [ 344869.544180912314914, 5055269.772926022298634 ], [ 344841.062049791566096, 5055242.744392804801464 ], [ 344811.204388309794012, 5055217.243540819734335 ], [ 344780.053034241776913, 5055193.340266131795943 ], [ 344747.693371283705346, 5055171.100085953250527 ], [ 344714.214095022412948, 5055150.583959074690938 ], [ 344679.706969827064313, 5055131.848118771798909 ], [ 344644.266577329253778, 5055114.943918680772185 ], [ 344607.990057181392331, 5055099.917692040093243 ], [ 344570.976840803632513, 5055086.810624691657722 ], [ 344533.328378849313594, 5055075.65864219609648 ], [ 344495.147863135731313, 5055066.492311362177134 ], [ 344456.539943802577909, 5055059.336756465956569 ], [ 344417.610442473145667, 5055054.211590385995805 ], [ 344378.466062204621267, 5055051.130860846489668 ], [ 344339.214095022412948, 5055050.103011912666261 ], [ 344299.96212784020463, 5055051.130860846489668 ], [ 344260.817747571680229, 5055054.211590385995805 ], [ 344221.888246242247988, 5055059.336756465956569 ], [ 344183.280326909094583, 5055066.492311362177134 ], [ 344145.099811195512302, 5055075.65864219609648 ], [ 344107.451349241193384, 5055086.810624691657722 ], [ 344070.438132863433566, 5055099.917692040093243 ], [ 344034.161612715572119, 5055114.943918680772185 ], [ 343998.721220217761584, 5055131.848118771798909 ], [ 343964.214095022412948, 5055150.583959074690938 ], [ 343930.73481876112055, 5055171.100085953250527 ], [ 343898.375155803048983, 5055193.340266131795943 ], [ 343867.223801735031884, 5055217.243540819734335 ], [ 343837.3661402532598, 5055242.744392804801464 ], [ 343808.884009132510982, 5055269.772926022298634 ], [ 343781.855475914373528, 5055298.255057143978775 ], [ 343756.354623929713853, 5055328.112718624994159 ], [ 343732.451349241193384, 5055359.26407269295305 ], [ 343710.21116906334646, 5055391.623735651373863 ], [ 343689.695042184088379, 5055425.103011912666261 ], [ 343670.959201881138142, 5055459.610137107782066 ], [ 343654.055001790460665, 5055495.050529605709016 ], [ 343639.028775149490684, 5055531.327049753628671 ], [ 343625.921707801055163, 5055568.340266131795943 ], [ 343614.769725305610336, 5055605.988728085532784 ], [ 343605.603394472040236, 5055644.169243799522519 ], [ 343598.447839576052502, 5055682.777163132093847 ], [ 343593.322673496208154, 5055721.706664461642504 ], [ 343590.241943956469186, 5055760.85104473028332 ], [ 343589.214095022412948, 5055800.103011912666261 ], [ 343590.241943956469186, 5055839.354979095049202 ], [ 343593.322673496208154, 5055878.499359363690019 ], [ 343598.447839576052502, 5055917.428860693238676 ], [ 343605.603394472040236, 5055956.036780025810003 ], [ 343614.769725305610336, 5055994.217295739799738 ], [ 343625.921707801055163, 5056031.86575769353658 ], [ 343639.028775149490684, 5056068.878974071703851 ], [ 343654.055001790460665, 5056105.155494219623506 ], [ 343670.959201881138142, 5056140.595886717550457 ], [ 343689.695042184088379, 5056175.103011912666261 ], [ 343710.21116906334646, 5056208.582288173958659 ], [ 343732.451349241193384, 5056240.941951132379472 ], [ 343756.354623929655645, 5056272.093305200338364 ], [ 343781.855475914373528, 5056301.950966681353748 ], [ 343808.884009132510982, 5056330.433097803033888 ], [ 343837.3661402532598, 5056357.461631020531058 ], [ 343867.223801735031884, 5056382.962483005598187 ], [ 343898.375155803048983, 5056406.86575769353658 ], [ 343930.73481876112055, 5056429.105937872081995 ], [ 343964.214095022412948, 5056449.622064750641584 ], [ 343998.721220217761584, 5056468.357905053533614 ], [ 344034.161612715572119, 5056485.262105144560337 ], [ 344070.438132863433566, 5056500.288331785239279 ], [ 344107.451349241193384, 5056513.3953991336748 ], [ 344145.099811195512302, 5056524.547381629236042 ], [ 344183.280326909094583, 5056533.713712463155389 ], [ 344221.888246242247988, 5056540.869267359375954 ], [ 344260.817747571680229, 5056545.994433439336717 ], [ 344299.96212784020463, 5056549.075162978842854 ], [ 344339.214095022412948, 5056550.103011912666261 ], [ 344378.466062204621267, 5056549.075162978842854 ], [ 344417.610442473145667, 5056545.994433439336717 ], [ 344456.539943802577909, 5056540.869267359375954 ], [ 344495.147863135731313, 5056533.713712463155389 ], [ 344533.328378849313594, 5056524.547381629236042 ], [ 344570.976840803632513, 5056513.3953991336748 ], [ 344607.990057181392331, 5056500.288331785239279 ], [ 344644.266577329253778, 5056485.262105144560337 ], [ 344679.706969827064313, 5056468.357905053533614 ], [ 344714.214095022412948, 5056449.622064750641584 ], [ 344747.693371283705346, 5056429.105937872081995 ], [ 344780.053034241776913, 5056406.86575769353658 ], [ 344811.204388309794012, 5056382.962483005598187 ], [ 344841.062049791566096, 5056357.461631020531058 ], [ 344869.544180912314914, 5056330.433097803033888 ], [ 344896.572714130452368, 5056301.950966681353748 ], [ 344922.073566115112044, 5056272.093305200338364 ], [ 344945.976840803632513, 5056240.941951132379472 ], [ 344968.217020981479436, 5056208.582288173958659 ], [ 344988.733147860737517, 5056175.103011912666261 ], [ 345007.468988163687754, 5056140.595886717550457 ], [ 345024.373188254365232, 5056105.155494219623506 ], [ 345039.399414895335212, 5056068.878974071703851 ], [ 345052.506482243770733, 5056031.86575769353658 ], [ 345063.65846473921556, 5055994.217295739799738 ], [ 345072.824795572785661, 5055956.036780025810003 ], [ 345079.980350468773395, 5055917.428860693238676 ], [ 345085.105516548617743, 5055878.499359363690019 ], [ 345088.186246088356711, 5055839.354979095049202 ], [ 345089.214095022412948, 5055800.103011912666261 ] ] ] } },
{ "type": "Feature", "properties": { "site": 25, "transect": 25.4 }, "geometry": { "type": "Polygon", "coordinates": [ [ [ 344768.757711793296039, 5055518.245806044898927 ], [ 344767.729862859239802, 5055478.993838862515986 ], [ 344764.649133319500834, 5055439.84945859387517 ], [ 344759.523967239656486, 5055400.919957264326513 ], [ 344752.368412343668751, 5055362.312037931755185 ], [ 344743.202081510098651, 5055324.13152221776545 ], [ 344732.050099014653824, 5055286.483060264028609 ], [ 344718.943031666218303, 5055249.469843885861337 ], [ 344703.916805025248323, 5055213.193323737941682 ], [ 344687.012604934570845, 5055177.752931240014732 ], [ 344668.276764631620608, 5055143.245806044898927 ], [ 344647.760637752362527, 5055109.766529783606529 ], [ 344625.520457574515603, 5055077.406866825185716 ], [ 344601.617182885995135, 5055046.255512757226825 ], [ 344576.116330901335459, 5055016.397851276211441 ], [ 344549.087797683198005, 5054987.9157201545313 ], [ 344520.605666562449187, 5054960.88718693703413 ], [ 344490.748005080677103, 5054935.386334951967001 ], [ 344459.596651012660004, 5054911.483060264028609 ], [ 344427.236988054588437, 5054889.242880085483193 ], [ 344393.757711793296039, 5054868.726753206923604 ], [ 344359.250586597947404, 5054849.990912904031575 ], [ 344323.810194100136869, 5054833.086712813004851 ], [ 344287.533673952275421, 5054818.060486172325909 ], [ 344250.520457574515603, 5054804.953418823890388 ], [ 344212.871995620196685, 5054793.801436328329146 ], [ 344174.691479906614404, 5054784.6351054944098 ], [ 344136.083560573461, 5054777.479550598189235 ], [ 344097.154059244028758, 5054772.354384518228471 ], [ 344058.009678975504357, 5054769.273654978722334 ], [ 344018.757711793296039, 5054768.245806044898927 ], [ 343979.505744611087721, 5054769.273654978722334 ], [ 343940.36136434256332, 5054772.354384518228471 ], [ 343901.431863013131078, 5054777.479550598189235 ], [ 343862.823943679977674, 5054784.6351054944098 ], [ 343824.643427966395393, 5054793.801436328329146 ], [ 343786.994966012076475, 5054804.953418823890388 ], [ 343749.981749634316657, 5054818.060486172325909 ], [ 343713.70522948645521, 5054833.086712813004851 ], [ 343678.264836988644674, 5054849.990912904031575 ], [ 343643.757711793296039, 5054868.726753206923604 ], [ 343610.278435532003641, 5054889.242880085483193 ], [ 343577.918772573932074, 5054911.483060264028609 ], [ 343546.767418505914975, 5054935.386334951967001 ], [ 343516.909757024142891, 5054960.88718693703413 ], [ 343488.427625903394073, 5054987.9157201545313 ], [ 343461.399092685256619, 5055016.397851276211441 ], [ 343435.898240700596943, 5055046.255512757226825 ], [ 343411.994966012076475, 5055077.406866825185716 ], [ 343389.754785834229551, 5055109.766529783606529 ], [ 343369.23865895497147, 5055143.245806044898927 ], [ 343350.502818652021233, 5055177.752931240014732 ], [ 343333.598618561343756, 5055213.193323737941682 ], [ 343318.572391920373775, 5055249.469843885861337 ], [ 343305.465324571938254, 5055286.483060264028609 ], [ 343294.313342076493427, 5055324.13152221776545 ], [ 343285.147011242923327, 5055362.312037931755185 ], [ 343277.991456346935593, 5055400.919957264326513 ], [ 343272.866290267091244, 5055439.84945859387517 ], [ 343269.785560727352276, 5055478.993838862515986 ], [ 343268.757711793296039, 5055518.245806044898927 ], [ 343269.785560727352276, 5055557.497773227281868 ], [ 343272.866290267091244, 5055596.642153495922685 ], [ 343277.991456346935593, 5055635.571654825471342 ], [ 343285.147011242923327, 5055674.179574158042669 ], [ 343294.313342076493427, 5055712.360089872032404 ], [ 343305.465324571938254, 5055750.008551825769246 ], [ 343318.572391920373775, 5055787.021768203936517 ], [ 343333.598618561343756, 5055823.298288351856172 ], [ 343350.502818652021233, 5055858.738680849783123 ], [ 343369.23865895497147, 5055893.245806044898927 ], [ 343389.754785834229551, 5055926.725082306191325 ], [ 343411.994966012076475, 5055959.084745264612138 ], [ 343435.898240700538736, 5055990.23609933257103 ], [ 343461.399092685256619, 5056020.093760813586414 ], [ 343488.427625903394073, 5056048.575891935266554 ], [ 343516.909757024142891, 5056075.604425152763724 ], [ 343546.767418505914975, 5056101.105277137830853 ], [ 343577.918772573932074, 5056125.008551825769246 ], [ 343610.278435532003641, 5056147.248732004314661 ], [ 343643.757711793296039, 5056167.76485888287425 ], [ 343678.264836988644674, 5056186.50069918576628 ], [ 343713.70522948645521, 5056203.404899276793003 ], [ 343749.981749634316657, 5056218.431125917471945 ], [ 343786.994966012076475, 5056231.538193265907466 ], [ 343824.643427966395393, 5056242.690175761468709 ], [ 343862.823943679977674, 5056251.856506595388055 ], [ 343901.431863013131078, 5056259.01206149160862 ], [ 343940.36136434256332, 5056264.137227571569383 ], [ 343979.505744611087721, 5056267.217957111075521 ], [ 344018.757711793296039, 5056268.245806044898927 ], [ 344058.009678975504357, 5056267.217957111075521 ], [ 344097.154059244028758, 5056264.137227571569383 ], [ 344136.083560573461, 5056259.01206149160862 ], [ 344174.691479906614404, 5056251.856506595388055 ], [ 344212.871995620196685, 5056242.690175761468709 ], [ 344250.520457574515603, 5056231.538193265907466 ], [ 344287.533673952275421, 5056218.431125917471945 ], [ 344323.810194100136869, 5056203.404899276793003 ], [ 344359.250586597947404, 5056186.50069918576628 ], [ 344393.757711793296039, 5056167.76485888287425 ], [ 344427.236988054588437, 5056147.248732004314661 ], [ 344459.596651012660004, 5056125.008551825769246 ], [ 344490.748005080677103, 5056101.105277137830853 ], [ 344520.605666562449187, 5056075.604425152763724 ], [ 344549.087797683198005, 5056048.575891935266554 ], [ 344576.116330901335459, 5056020.093760813586414 ], [ 344601.617182885995135, 5055990.23609933257103 ], [ 344625.520457574515603, 5055959.084745264612138 ], [ 344647.760637752362527, 5055926.725082306191325 ], [ 344668.276764631620608, 5055893.245806044898927 ], [ 344687.012604934570845, 5055858.738680849783123 ], [ 344703.916805025248323, 5055823.298288351856172 ], [ 344718.943031666218303, 5055787.021768203936517 ], [ 344732.050099014653824, 5055750.008551825769246 ], [ 344743.202081510098651, 5055712.360089872032404 ], [ 344752.368412343668751, 5055674.179574158042669 ], [ 344759.523967239656486, 5055635.571654825471342 ], [ 344764.649133319500834, 5055596.642153495922685 ], [ 344767.729862859239802, 5055557.497773227281868 ], [ 344768.757711793296039, 5055518.245806044898927 ] ] ] } },
{ "type": "Feature", "properties": { "site": 25, "transect": 25.5 }, "geometry": { "type": "Polygon", "coordinates": [ [ [ 344768.757711793296039, 5055518.245806044898927 ], [ 344767.729862859239802, 5055478.993838862515986 ], [ 344764.649133319500834, 5055439.84945859387517 ], [ 344759.523967239656486, 5055400.919957264326513 ], [ 344752.368412343668751, 5055362.312037931755185 ], [ 344743.202081510098651, 5055324.13152221776545 ], [ 344732.050099014653824, 5055286.483060264028609 ], [ 344718.943031666218303, 5055249.469843885861337 ], [ 344703.916805025248323, 5055213.193323737941682 ], [ 344687.012604934570845, 5055177.752931240014732 ], [ 344668.276764631620608, 5055143.245806044898927 ], [ 344647.760637752362527, 5055109.766529783606529 ], [ 344625.520457574515603, 5055077.406866825185716 ], [ 344601.617182885995135, 5055046.255512757226825 ], [ 344576.116330901335459, 5055016.397851276211441 ], [ 344549.087797683198005, 5054987.9157201545313 ], [ 344520.605666562449187, 5054960.88718693703413 ], [ 344490.748005080677103, 5054935.386334951967001 ], [ 344459.596651012660004, 5054911.483060264028609 ], [ 344427.236988054588437, 5054889.242880085483193 ], [ 344393.757711793296039, 5054868.726753206923604 ], [ 344359.250586597947404, 5054849.990912904031575 ], [ 344323.810194100136869, 5054833.086712813004851 ], [ 344287.533673952275421, 5054818.060486172325909 ], [ 344250.520457574515603, 5054804.953418823890388 ], [ 344212.871995620196685, 5054793.801436328329146 ], [ 344174.691479906614404, 5054784.6351054944098 ], [ 344136.083560573461, 5054777.479550598189235 ], [ 344097.154059244028758, 5054772.354384518228471 ], [ 344058.009678975504357, 5054769.273654978722334 ], [ 344018.757711793296039, 5054768.245806044898927 ], [ 343979.505744611087721, 5054769.273654978722334 ], [ 343940.36136434256332, 5054772.354384518228471 ], [ 343901.431863013131078, 5054777.479550598189235 ], [ 343862.823943679977674, 5054784.6351054944098 ], [ 343824.643427966395393, 5054793.801436328329146 ], [ 343786.994966012076475, 5054804.953418823890388 ], [ 343749.981749634316657, 5054818.060486172325909 ], [ 343713.70522948645521, 5054833.086712813004851 ], [ 343678.264836988644674, 5054849.990912904031575 ], [ 343643.757711793296039, 5054868.726753206923604 ], [ 343610.278435532003641, 5054889.242880085483193 ], [ 343577.918772573932074, 5054911.483060264028609 ], [ 343546.767418505914975, 5054935.386334951967001 ], [ 343516.909757024142891, 5054960.88718693703413 ], [ 343488.427625903394073, 5054987.9157201545313 ], [ 343461.399092685256619, 5055016.397851276211441 ], [ 343435.898240700596943, 5055046.255512757226825 ], [ 343411.994966012076475, 5055077.406866825185716 ], [ 343389.754785834229551, 5055109.766529783606529 ], [ 343369.23865895497147, 5055143.245806044898927 ], [ 343350.502818652021233, 5055177.752931240014732 ], [ 343333.598618561343756, 5055213.193323737941682 ], [ 343318.572391920373775, 5055249.469843885861337 ], [ 343305.465324571938254, 5055286.483060264028609 ], [ 343294.313342076493427, 5055324.13152221776545 ], [ 343285.147011242923327, 5055362.312037931755185 ], [ 343277.991456346935593, 5055400.919957264326513 ], [ 343272.866290267091244, 5055439.84945859387517 ], [ 343269.785560727352276, 5055478.993838862515986 ], [ 343268.757711793296039, 5055518.245806044898927 ], [ 343269.785560727352276, 5055557.497773227281868 ], [ 343272.866290267091244, 5055596.642153495922685 ], [ 343277.991456346935593, 5055635.571654825471342 ], [ 343285.147011242923327, 5055674.179574158042669 ], [ 343294.313342076493427, 5055712.360089872032404 ], [ 343305.465324571938254, 5055750.008551825769246 ], [ 343318.572391920373775, 5055787.021768203936517 ], [ 343333.598618561343756, 5055823.298288351856172 ], [ 343350.502818652021233, 5055858.738680849783123 ], [ 343369.23865895497147, 5055893.245806044898927 ], [ 343389.754785834229551, 5055926.725082306191325 ], [ 343411.994966012076475, 5055959.084745264612138 ], [ 343435.898240700538736, 5055990.23609933257103 ], [ 343461.399092685256619, 5056020.093760813586414 ], [ 343488.427625903394073, 5056048.575891935266554 ], [ 343516.909757024142891, 5056075.604425152763724 ], [ 343546.767418505914975, 5056101.105277137830853 ], [ 343577.918772573932074, 5056125.008551825769246 ], [ 343610.278435532003641, 5056147.248732004314661 ], [ 343643.757711793296039, 5056167.76485888287425 ], [ 343678.264836988644674, 5056186.50069918576628 ], [ 343713.70522948645521, 5056203.404899276793003 ], [ 343749.981749634316657, 5056218.431125917471945 ], [ 343786.994966012076475, 5056231.538193265907466 ], [ 343824.643427966395393, 5056242.690175761468709 ], [ 343862.823943679977674, 5056251.856506595388055 ], [ 343901.431863013131078, 5056259.01206149160862 ], [ 343940.36136434256332, 5056264.137227571569383 ], [ 343979.505744611087721, 5056267.217957111075521 ], [ 344018.757711793296039, 5056268.245806044898927 ], [ 344058.009678975504357, 5056267.217957111075521 ], [ 344097.154059244028758, 5056264.137227571569383 ], [ 344136.083560573461, 5056259.01206149160862 ], [ 344174.691479906614404, 5056251.856506595388055 ], [ 344212.871995620196685, 5056242.690175761468709 ], [ 344250.520457574515603, 5056231.538193265907466 ], [ 344287.533673952275421, 5056218.431125917471945 ], [ 344323.810194100136869, 5056203.404899276793003 ], [ 344359.250586597947404, 5056186.50069918576628 ], [ 344393.757711793296039, 5056167.76485888287425 ], [ 344427.236988054588437, 5056147.248732004314661 ], [ 344459.596651012660004, 5056125.008551825769246 ], [ 344490.748005080677103, 5056101.105277137830853 ], [ 344520.605666562449187, 5056075.604425152763724 ], [ 344549.087797683198005, 5056048.575891935266554 ], [ 344576.116330901335459, 5056020.093760813586414 ], [ 344601.617182885995135, 5055990.23609933257103 ], [ 344625.520457574515603, 5055959.084745264612138 ], [ 344647.760637752362527, 5055926.725082306191325 ], [ 344668.276764631620608, 5055893.245806044898927 ], [ 344687.012604934570845, 5055858.738680849783123 ], [ 344703.916805025248323, 5055823.298288351856172 ], [ 344718.943031666218303, 5055787.021768203936517 ], [ 344732.050099014653824, 5055750.008551825769246 ], [ 344743.202081510098651, 5055712.360089872032404 ], [ 344752.368412343668751, 5055674.179574158042669 ], [ 344759.523967239656486, 5055635.571654825471342 ], [ 344764.649133319500834, 5055596.642153495922685 ], [ 344767.729862859239802, 5055557.497773227281868 ], [ 344768.757711793296039, 5055518.245806044898927 ] ] ] } },
{ "type": "Feature", "properties": { "site": 25, "transect": 25.6 }, "geometry": { "type": "Polygon", "coordinates": [ [ [ 344793.318975765956566, 5055491.65127931162715 ], [ 344792.291126831900328, 5055452.399312129244208 ], [ 344789.21039729216136, 5055413.254931860603392 ], [ 344784.085231212317012, 5055374.325430531054735 ], [ 344776.929676316329278, 5055335.717511198483407 ], [ 344767.763345482759178, 5055297.536995484493673 ], [ 344756.611362987314351, 5055259.888533530756831 ], [ 344743.50429563887883, 5055222.87531715258956 ], [ 344728.478068997908849, 5055186.598797004669905 ], [ 344711.573868907231372, 5055151.158404506742954 ], [ 344692.838028604281135, 5055116.65127931162715 ], [ 344672.321901725023054, 5055083.172003050334752 ], [ 344650.08172154717613, 5055050.812340091913939 ], [ 344626.178446858655661, 5055019.660986023955047 ], [ 344600.677594873995986, 5054989.803324542939663 ], [ 344573.649061655858532, 5054961.321193421259522 ], [ 344545.166930535109714, 5054934.292660203762352 ], [ 344515.30926905333763, 5054908.791808218695223 ], [ 344484.157914985320531, 5054884.888533530756831 ], [ 344451.798252027248964, 5054862.648353352211416 ], [ 344418.318975765956566, 5054842.132226473651826 ], [ 344383.81185057060793, 5054823.396386170759797 ], [ 344348.371458072797395, 5054806.492186079733074 ], [ 344312.094937924935948, 5054791.465959439054132 ], [ 344275.08172154717613, 5054778.35889209061861 ], [ 344237.433259592857212, 5054767.206909595057368 ], [ 344199.252743879274931, 5054758.040578761138022 ], [ 344160.644824546121527, 5054750.885023864917457 ], [ 344121.715323216689285, 5054745.759857784956694 ], [ 344082.570942948164884, 5054742.679128245450556 ], [ 344043.318975765956566, 5054741.65127931162715 ], [ 344004.067008583748247, 5054742.679128245450556 ], [ 343964.922628315223847, 5054745.759857784956694 ], [ 343925.993126985791605, 5054750.885023864917457 ], [ 343887.385207652638201, 5054758.040578761138022 ], [ 343849.20469193905592, 5054767.206909595057368 ], [ 343811.556229984737001, 5054778.35889209061861 ], [ 343774.543013606977183, 5054791.465959439054132 ], [ 343738.266493459115736, 5054806.492186079733074 ], [ 343702.826100961305201, 5054823.396386170759797 ], [ 343668.318975765956566, 5054842.132226473651826 ], [ 343634.839699504664168, 5054862.648353352211416 ], [ 343602.480036546592601, 5054884.888533530756831 ], [ 343571.328682478575502, 5054908.791808218695223 ], [ 343541.471020996803418, 5054934.292660203762352 ], [ 343512.9888898760546, 5054961.321193421259522 ], [ 343485.960356657917146, 5054989.803324542939663 ], [ 343460.45950467325747, 5055019.660986023955047 ], [ 343436.556229984737001, 5055050.812340091913939 ], [ 343414.316049806890078, 5055083.172003050334752 ], [ 343393.799922927631997, 5055116.65127931162715 ], [ 343375.06408262468176, 5055151.158404506742954 ], [ 343358.159882534004282, 5055186.598797004669905 ], [ 343343.133655893034302, 5055222.87531715258956 ], [ 343330.026588544598781, 5055259.888533530756831 ], [ 343318.874606049153954, 5055297.536995484493673 ], [ 343309.708275215583853, 5055335.717511198483407 ], [ 343302.552720319596119, 5055374.325430531054735 ], [ 343297.427554239751771, 5055413.254931860603392 ], [ 343294.346824700012803, 5055452.399312129244208 ], [ 343293.318975765956566, 5055491.65127931162715 ], [ 343294.346824700012803, 5055530.903246494010091 ], [ 343297.427554239751771, 5055570.047626762650907 ], [ 343302.552720319596119, 5055608.977128092199564 ], [ 343309.708275215583853, 5055647.585047424770892 ], [ 343318.874606049153954, 5055685.765563138760626 ], [ 343330.026588544598781, 5055723.414025092497468 ], [ 343343.133655893034302, 5055760.42724147066474 ], [ 343358.159882534004282, 5055796.703761618584394 ], [ 343375.06408262468176, 5055832.144154116511345 ], [ 343393.799922927631997, 5055866.65127931162715 ], [ 343414.316049806890078, 5055900.130555572919548 ], [ 343436.556229984737001, 5055932.490218531340361 ], [ 343460.459504673199262, 5055963.641572599299252 ], [ 343485.960356657917146, 5055993.499234080314636 ], [ 343512.9888898760546, 5056021.981365201994777 ], [ 343541.471020996803418, 5056049.009898419491947 ], [ 343571.328682478575502, 5056074.510750404559076 ], [ 343602.480036546592601, 5056098.414025092497468 ], [ 343634.839699504664168, 5056120.654205271042883 ], [ 343668.318975765956566, 5056141.170332149602473 ], [ 343702.826100961305201, 5056159.906172452494502 ], [ 343738.266493459115736, 5056176.810372543521225 ], [ 343774.543013606977183, 5056191.836599184200168 ], [ 343811.556229984737001, 5056204.943666532635689 ], [ 343849.20469193905592, 5056216.095649028196931 ], [ 343887.385207652638201, 5056225.261979862116277 ], [ 343925.993126985791605, 5056232.417534758336842 ], [ 343964.922628315223847, 5056237.542700838297606 ], [ 344004.067008583748247, 5056240.623430377803743 ], [ 344043.318975765956566, 5056241.65127931162715 ], [ 344082.570942948164884, 5056240.623430377803743 ], [ 344121.715323216689285, 5056237.542700838297606 ], [ 344160.644824546121527, 5056232.417534758336842 ], [ 344199.252743879274931, 5056225.261979862116277 ], [ 344237.433259592857212, 5056216.095649028196931 ], [ 344275.08172154717613, 5056204.943666532635689 ], [ 344312.094937924935948, 5056191.836599184200168 ], [ 344348.371458072797395, 5056176.810372543521225 ], [ 344383.81185057060793, 5056159.906172452494502 ], [ 344418.318975765956566, 5056141.170332149602473 ], [ 344451.798252027248964, 5056120.654205271042883 ], [ 344484.157914985320531, 5056098.414025092497468 ], [ 344515.30926905333763, 5056074.510750404559076 ], [ 344545.166930535109714, 5056049.009898419491947 ], [ 344573.649061655858532, 5056021.981365201994777 ], [ 344600.677594873995986, 5055993.499234080314636 ], [ 344626.178446858655661, 5055963.641572599299252 ], [ 344650.08172154717613, 5055932.490218531340361 ], [ 344672.321901725023054, 5055900.130555572919548 ], [ 344692.838028604281135, 5055866.65127931162715 ], [ 344711.573868907231372, 5055832.144154116511345 ], [ 344728.478068997908849, 5055796.703761618584394 ], [ 344743.50429563887883, 5055760.42724147066474 ], [ 344756.611362987314351, 5055723.414025092497468 ], [ 344767.763345482759178, 5055685.765563138760626 ], [ 344776.929676316329278, 5055647.585047424770892 ], [ 344784.085231212317012, 5055608.977128092199564 ], [ 344789.21039729216136, 5055570.047626762650907 ], [ 344792.291126831900328, 5055530.903246494010091 ], [ 344793.318975765956566, 5055491.65127931162715 ] ] ] } },
{ "type": "Feature", "properties": { "site": 25, "transect": 25.7 }, "geometry": { "type": "Polygon", "coordinates": [ [ [ 344793.318975765956566, 5055491.65127931162715 ], [ 344792.291126831900328, 5055452.399312129244208 ], [ 344789.21039729216136, 5055413.254931860603392 ], [ 344784.085231212317012, 5055374.325430531054735 ], [ 344776.929676316329278, 5055335.717511198483407 ], [ 344767.763345482759178, 5055297.536995484493673 ], [ 344756.611362987314351, 5055259.888533530756831 ], [ 344743.50429563887883, 5055222.87531715258956 ], [ 344728.478068997908849, 5055186.598797004669905 ], [ 344711.573868907231372, 5055151.158404506742954 ], [ 344692.838028604281135, 5055116.65127931162715 ], [ 344672.321901725023054, 5055083.172003050334752 ], [ 344650.08172154717613, 5055050.812340091913939 ], [ 344626.178446858655661, 5055019.660986023955047 ], [ 344600.677594873995986, 5054989.803324542939663 ], [ 344573.649061655858532, 5054961.321193421259522 ], [ 344545.166930535109714, 5054934.292660203762352 ], [ 344515.30926905333763, 5054908.791808218695223 ], [ 344484.157914985320531, 5054884.888533530756831 ], [ 344451.798252027248964, 5054862.648353352211416 ], [ 344418.318975765956566, 5054842.132226473651826 ], [ 344383.81185057060793, 5054823.396386170759797 ], [ 344348.371458072797395, 5054806.492186079733074 ], [ 344312.094937924935948, 5054791.465959439054132 ], [ 344275.08172154717613, 5054778.35889209061861 ], [ 344237.433259592857212, 5054767.206909595057368 ], [ 344199.252743879274931, 5054758.040578761138022 ], [ 344160.644824546121527, 5054750.885023864917457 ], [ 344121.715323216689285, 5054745.759857784956694 ], [ 344082.570942948164884, 5054742.679128245450556 ], [ 344043.318975765956566, 5054741.65127931162715 ], [ 344004.067008583748247, 5054742.679128245450556 ], [ 343964.922628315223847, 5054745.759857784956694 ], [ 343925.993126985791605, 5054750.885023864917457 ], [ 343887.385207652638201, 5054758.040578761138022 ], [ 343849.20469193905592, 5054767.206909595057368 ], [ 343811.556229984737001, 5054778.35889209061861 ], [ 343774.543013606977183, 5054791.465959439054132 ], [ 343738.266493459115736, 5054806.492186079733074 ], [ 343702.826100961305201, 5054823.396386170759797 ], [ 343668.318975765956566, 5054842.132226473651826 ], [ 343634.839699504664168, 5054862.648353352211416 ], [ 343602.480036546592601, 5054884.888533530756831 ], [ 343571.328682478575502, 5054908.791808218695223 ], [ 343541.471020996803418, 5054934.292660203762352 ], [ 343512.9888898760546, 5054961.321193421259522 ], [ 343485.960356657917146, 5054989.803324542939663 ], [ 343460.45950467325747, 5055019.660986023955047 ], [ 343436.556229984737001, 5055050.812340091913939 ], [ 343414.316049806890078, 5055083.172003050334752 ], [ 343393.799922927631997, 5055116.65127931162715 ], [ 343375.06408262468176, 5055151.158404506742954 ], [ 343358.159882534004282, 5055186.598797004669905 ], [ 343343.133655893034302, 5055222.87531715258956 ], [ 343330.026588544598781, 5055259.888533530756831 ], [ 343318.874606049153954, 5055297.536995484493673 ], [ 343309.708275215583853, 5055335.717511198483407 ], [ 343302.552720319596119, 5055374.325430531054735 ], [ 343297.427554239751771, 5055413.254931860603392 ], [ 343294.346824700012803, 5055452.399312129244208 ], [ 343293.318975765956566, 5055491.65127931162715 ], [ 343294.346824700012803, 5055530.903246494010091 ], [ 343297.427554239751771, 5055570.047626762650907 ], [ 343302.552720319596119, 5055608.977128092199564 ], [ 343309.708275215583853, 5055647.585047424770892 ], [ 343318.874606049153954, 5055685.765563138760626 ], [ 343330.026588544598781, 5055723.414025092497468 ], [ 343343.133655893034302, 5055760.42724147066474 ], [ 343358.159882534004282, 5055796.703761618584394 ], [ 343375.06408262468176, 5055832.144154116511345 ], [ 343393.799922927631997, 5055866.65127931162715 ], [ 343414.316049806890078, 5055900.130555572919548 ], [ 343436.556229984737001, 5055932.490218531340361 ], [ 343460.459504673199262, 5055963.641572599299252 ], [ 343485.960356657917146, 5055993.499234080314636 ], [ 343512.9888898760546, 5056021.981365201994777 ], [ 343541.471020996803418, 5056049.009898419491947 ], [ 343571.328682478575502, 5056074.510750404559076 ], [ 343602.480036546592601, 5056098.414025092497468 ], [ 343634.839699504664168, 5056120.654205271042883 ], [ 343668.318975765956566, 5056141.170332149602473 ], [ 343702.826100961305201, 5056159.906172452494502 ], [ 343738.266493459115736, 5056176.810372543521225 ], [ 343774.543013606977183, 5056191.836599184200168 ], [ 343811.556229984737001, 5056204.943666532635689 ], [ 343849.20469193905592, 5056216.095649028196931 ], [ 343887.385207652638201, 5056225.261979862116277 ], [ 343925.993126985791605, 5056232.417534758336842 ], [ 343964.922628315223847, 5056237.542700838297606 ], [ 344004.067008583748247, 5056240.623430377803743 ], [ 344043.318975765956566, 5056241.65127931162715 ], [ 344082.570942948164884, 5056240.623430377803743 ], [ 344121.715323216689285, 5056237.542700838297606 ], [ 344160.644824546121527, 5056232.417534758336842 ], [ 344199.252743879274931, 5056225.261979862116277 ], [ 344237.433259592857212, 5056216.095649028196931 ], [ 344275.08172154717613, 5056204.943666532635689 ], [ 344312.094937924935948, 5056191.836599184200168 ], [ 344348.371458072797395, 5056176.810372543521225 ], [ 344383.81185057060793, 5056159.906172452494502 ], [ 344418.318975765956566, 5056141.170332149602473 ], [ 344451.798252027248964, 5056120.654205271042883 ], [ 344484.157914985320531, 5056098.414025092497468 ], [ 344515.30926905333763, 5056074.510750404559076 ], [ 344545.166930535109714, 5056049.009898419491947 ], [ 344573.649061655858532, 5056021.981365201994777 ], [ 344600.677594873995986, 5055993.499234080314636 ], [ 344626.178446858655661, 5055963.641572599299252 ], [ 344650.08172154717613, 5055932.490218531340361 ], [ 344672.321901725023054, 5055900.130555572919548 ], [ 344692.838028604281135, 5055866.65127931162715 ], [ 344711.573868907231372, 5055832.144154116511345 ], [ 344728.478068997908849, 5055796.703761618584394 ], [ 344743.50429563887883, 5055760.42724147066474 ], [ 344756.611362987314351, 5055723.414025092497468 ], [ 344767.763345482759178, 5055685.765563138760626 ], [ 344776.929676316329278, 5055647.585047424770892 ], [ 344784.085231212317012, 5055608.977128092199564 ], [ 344789.21039729216136, 5055570.047626762650907 ], [ 344792.291126831900328, 5055530.903246494010091 ], [ 344793.318975765956566, 5055491.65127931162715 ] ] ] } },
{ "type": "Feature", "properties": { "site": 26, "transect": 26.1 }, "geometry": { "type": "Polygon", "coordinates": [ [ [ 476921.350824788387399, 5048499.694541798904538 ], [ 476920.322975854331162, 5048460.442574616521597 ], [ 476917.242246314592194, 5048421.298194347880781 ], [ 476912.117080234747846, 5048382.368693018332124 ], [ 476904.961525338760111, 5048343.760773685760796 ], [ 476895.795194505190011, 5048305.580257971771061 ], [ 476884.643212009745184, 5048267.93179601803422 ], [ 476871.536144661309663, 5048230.918579639866948 ], [ 476856.509918020339683, 5048194.642059491947293 ], [ 476839.605717929662205, 5048159.201666994020343 ], [ 476820.869877626711968, 5048124.694541798904538 ], [ 476800.353750747453887, 5048091.21526553761214 ], [ 476778.113570569606964, 5048058.855602579191327 ], [ 476754.210295881144702, 5048027.704248511232436 ], [ 476728.709443896426819, 5047997.846587030217052 ], [ 476701.680910678289365, 5047969.364455908536911 ], [ 476673.198779557540547, 5047942.335922691039741 ], [ 476643.341118075768463, 5047916.835070705972612 ], [ 476612.189764007751364, 5047892.93179601803422 ], [ 476579.830101049679797, 5047870.691615839488804 ], [ 476546.350824788387399, 5047850.175488960929215 ], [ 476511.843699593038764, 5047831.439648658037186 ], [ 476476.403307095228229, 5047814.535448567010462 ], [ 476440.126786947366782, 5047799.50922192633152 ], [ 476403.113570569606964, 5047786.402154577895999 ], [ 476365.465108615288045, 5047775.250172082334757 ], [ 476327.284592901705764, 5047766.083841248415411 ], [ 476288.67667356855236, 5047758.928286352194846 ], [ 476249.747172239120118, 5047753.803120272234082 ], [ 476210.602791970595717, 5047750.722390732727945 ], [ 476171.350824788387399, 5047749.694541798904538 ], [ 476132.098857606179081, 5047750.722390732727945 ], [ 476092.95447733765468, 5047753.803120272234082 ], [ 476054.024976008222438, 5047758.928286352194846 ], [ 476015.417056675069034, 5047766.083841248415411 ], [ 475977.236540961486753, 5047775.250172082334757 ], [ 475939.588079007167835, 5047786.402154577895999 ], [ 475902.574862629408017, 5047799.50922192633152 ], [ 475866.29834248154657, 5047814.535448567010462 ], [ 475830.857949983736034, 5047831.439648658037186 ], [ 475796.350824788387399, 5047850.175488960929215 ], [ 475762.871548527095001, 5047870.691615839488804 ], [ 475730.511885569023434, 5047892.93179601803422 ], [ 475699.360531501006335, 5047916.835070705972612 ], [ 475669.502870019234251, 5047942.335922691039741 ], [ 475641.020738898485433, 5047969.364455908536911 ], [ 475613.992205680347979, 5047997.846587030217052 ], [ 475588.491353695688304, 5048027.704248511232436 ], [ 475564.588079007167835, 5048058.855602579191327 ], [ 475542.347898829320911, 5048091.21526553761214 ], [ 475521.83177195006283, 5048124.694541798904538 ], [ 475503.095931647112593, 5048159.201666994020343 ], [ 475486.191731556435116, 5048194.642059491947293 ], [ 475471.165504915465135, 5048230.918579639866948 ], [ 475458.058437567029614, 5048267.93179601803422 ], [ 475446.906455071584787, 5048305.580257971771061 ], [ 475437.740124238014687, 5048343.760773685760796 ], [ 475430.584569342026953, 5048382.368693018332124 ], [ 475425.459403262182605, 5048421.298194347880781 ], [ 475422.378673722443637, 5048460.442574616521597 ], [ 475421.350824788387399, 5048499.694541798904538 ], [ 475422.378673722443637, 5048538.946508981287479 ], [ 475425.459403262182605, 5048578.090889249928296 ], [ 475430.584569342026953, 5048617.020390579476953 ], [ 475437.740124238014687, 5048655.62830991204828 ], [ 475446.906455071584787, 5048693.808825626038015 ], [ 475458.058437567029614, 5048731.457287579774857 ], [ 475471.165504915465135, 5048768.470503957942128 ], [ 475486.191731556435116, 5048804.747024105861783 ], [ 475503.095931647112593, 5048840.187416603788733 ], [ 475521.83177195006283, 5048874.694541798904538 ], [ 475542.347898829320911, 5048908.173818060196936 ], [ 475564.588079007167835, 5048940.533481018617749 ], [ 475588.491353695630096, 5048971.684835086576641 ], [ 475613.992205680347979, 5049001.542496567592025 ], [ 475641.020738898485433, 5049030.024627689272165 ], [ 475669.502870019234251, 5049057.053160906769335 ], [ 475699.360531501006335, 5049082.554012891836464 ], [ 475730.511885569023434, 5049106.457287579774857 ], [ 475762.871548527095001, 5049128.697467758320272 ], [ 475796.350824788387399, 5049149.213594636879861 ], [ 475830.857949983736034, 5049167.949434939771891 ], [ 475866.29834248154657, 5049184.853635030798614 ], [ 475902.574862629408017, 5049199.879861671477556 ], [ 475939.588079007167835, 5049212.986929019913077 ], [ 475977.236540961486753, 5049224.138911515474319 ], [ 476015.417056675069034, 5049233.305242349393666 ], [ 476054.024976008222438, 5049240.460797245614231 ], [ 476092.95447733765468, 5049245.585963325574994 ], [ 476132.098857606179081, 5049248.666692865081131 ], [ 476171.350824788387399, 5049249.694541798904538 ], [ 476210.602791970595717, 5049248.666692865081131 ], [ 476249.747172239120118, 5049245.585963325574994 ], [ 476288.67667356855236, 5049240.460797245614231 ], [ 476327.284592901705764, 5049233.305242349393666 ], [ 476365.465108615288045, 5049224.138911515474319 ], [ 476403.113570569606964, 5049212.986929019913077 ], [ 476440.126786947366782, 5049199.879861671477556 ], [ 476476.403307095228229, 5049184.853635030798614 ], [ 476511.843699593038764, 5049167.949434939771891 ], [ 476546.350824788387399, 5049149.213594636879861 ], [ 476579.830101049679797, 5049128.697467758320272 ], [ 476612.189764007751364, 5049106.457287579774857 ], [ 476643.341118075768463, 5049082.554012891836464 ], [ 476673.198779557540547, 5049057.053160906769335 ], [ 476701.680910678289365, 5049030.024627689272165 ], [ 476728.709443896426819, 5049001.542496567592025 ], [ 476754.210295881086495, 5048971.684835086576641 ], [ 476778.113570569606964, 5048940.533481018617749 ], [ 476800.353750747453887, 5048908.173818060196936 ], [ 476820.869877626711968, 5048874.694541798904538 ], [ 476839.605717929662205, 5048840.187416603788733 ], [ 476856.509918020339683, 5048804.747024105861783 ], [ 476871.536144661309663, 5048768.470503957942128 ], [ 476884.643212009745184, 5048731.457287579774857 ], [ 476895.795194505190011, 5048693.808825626038015 ], [ 476904.961525338760111, 5048655.62830991204828 ], [ 476912.117080234747846, 5048617.020390579476953 ], [ 476917.242246314592194, 5048578.090889249928296 ], [ 476920.322975854331162, 5048538.946508981287479 ], [ 476921.350824788387399, 5048499.694541798904538 ] ] ] } },
{ "type": "Feature", "properties": { "site": 26, "transect": 26.2 }, "geometry": { "type": "Polygon", "coordinates": [ [ [ 476798.55990217521321, 5048383.457976358942688 ], [ 476797.532053241156973, 5048344.206009176559746 ], [ 476794.451323701418005, 5048305.06162890791893 ], [ 476789.326157621573657, 5048266.132127578370273 ], [ 476782.170602725585923, 5048227.524208245798945 ], [ 476773.004271892015822, 5048189.343692531809211 ], [ 476761.852289396570995, 5048151.695230578072369 ], [ 476748.745222048135474, 5048114.682014199905097 ], [ 476733.718995407165494, 5048078.405494051985443 ], [ 476716.814795316488016, 5048042.965101554058492 ], [ 476698.078955013537779, 5048008.457976358942688 ], [ 476677.562828134279698, 5047974.97870009765029 ], [ 476655.322647956432775, 5047942.619037139229476 ], [ 476631.419373267912306, 5047911.467683071270585 ], [ 476605.91852128325263, 5047881.610021590255201 ], [ 476578.889988065115176, 5047853.12789046857506 ], [ 476550.407856944366358, 5047826.09935725107789 ], [ 476520.550195462594274, 5047800.598505266010761 ], [ 476489.398841394577175, 5047776.695230578072369 ], [ 476457.039178436505608, 5047754.455050399526954 ], [ 476423.55990217521321, 5047733.938923520967364 ], [ 476389.052776979864575, 5047715.203083218075335 ], [ 476353.61238448205404, 5047698.298883127048612 ], [ 476317.335864334192593, 5047683.272656486369669 ], [ 476280.322647956432775, 5047670.165589137934148 ], [ 476242.674186002113856, 5047659.013606642372906 ], [ 476204.493670288531575, 5047649.84727580845356 ], [ 476165.885750955378171, 5047642.691720912232995 ], [ 476126.956249625945929, 5047637.566554832272232 ], [ 476087.811869357421529, 5047634.485825292766094 ], [ 476048.55990217521321, 5047633.457976358942688 ], [ 476009.307934993004892, 5047634.485825292766094 ], [ 475970.163554724480491, 5047637.566554832272232 ], [ 475931.23405339504825, 5047642.691720912232995 ], [ 475892.626134061894845, 5047649.84727580845356 ], [ 475854.445618348312564, 5047659.013606642372906 ], [ 475816.797156393993646, 5047670.165589137934148 ], [ 475779.783940016233828, 5047683.272656486369669 ], [ 475743.507419868372381, 5047698.298883127048612 ], [ 475708.067027370561846, 5047715.203083218075335 ], [ 475673.55990217521321, 5047733.938923520967364 ], [ 475640.080625913920812, 5047754.455050399526954 ], [ 475607.720962955849245, 5047776.695230578072369 ], [ 475576.569608887832146, 5047800.598505266010761 ], [ 475546.711947406060062, 5047826.09935725107789 ], [ 475518.229816285311244, 5047853.12789046857506 ], [ 475491.20128306717379, 5047881.610021590255201 ], [ 475465.700431082514115, 5047911.467683071270585 ], [ 475441.797156393993646, 5047942.619037139229476 ], [ 475419.556976216146722, 5047974.97870009765029 ], [ 475399.040849336888641, 5048008.457976358942688 ], [ 475380.305009033938404, 5048042.965101554058492 ], [ 475363.400808943260927, 5048078.405494051985443 ], [ 475348.374582302290946, 5048114.682014199905097 ], [ 475335.267514953855425, 5048151.695230578072369 ], [ 475324.115532458410598, 5048189.343692531809211 ], [ 475314.949201624840498, 5048227.524208245798945 ], [ 475307.793646728852764, 5048266.132127578370273 ], [ 475302.668480649008416, 5048305.06162890791893 ], [ 475299.587751109269448, 5048344.206009176559746 ], [ 475298.55990217521321, 5048383.457976358942688 ], [ 475299.587751109269448, 5048422.709943541325629 ], [ 475302.668480649008416, 5048461.854323809966445 ], [ 475307.793646728852764, 5048500.783825139515102 ], [ 475314.949201624840498, 5048539.39174447208643 ], [ 475324.115532458410598, 5048577.572260186076164 ], [ 475335.267514953855425, 5048615.220722139813006 ], [ 475348.374582302290946, 5048652.233938517980278 ], [ 475363.400808943260927, 5048688.510458665899932 ], [ 475380.305009033938404, 5048723.950851163826883 ], [ 475399.040849336888641, 5048758.457976358942688 ], [ 475419.556976216146722, 5048791.937252620235085 ], [ 475441.797156393993646, 5048824.296915578655899 ], [ 475465.700431082455907, 5048855.44826964661479 ], [ 475491.20128306717379, 5048885.305931127630174 ], [ 475518.229816285311244, 5048913.788062249310315 ], [ 475546.711947406060062, 5048940.816595466807485 ], [ 475576.569608887832146, 5048966.317447451874614 ], [ 475607.720962955849245, 5048990.220722139813006 ], [ 475640.080625913920812, 5049012.460902318358421 ], [ 475673.55990217521321, 5049032.977029196918011 ], [ 475708.067027370561846, 5049051.71286949981004 ], [ 475743.507419868372381, 5049068.617069590836763 ], [ 475779.783940016233828, 5049083.643296231515706 ], [ 475816.797156393993646, 5049096.750363579951227 ], [ 475854.445618348312564, 5049107.902346075512469 ], [ 475892.626134061894845, 5049117.068676909431815 ], [ 475931.23405339504825, 5049124.22423180565238 ], [ 475970.163554724480491, 5049129.349397885613143 ], [ 476009.307934993004892, 5049132.430127425119281 ], [ 476048.55990217521321, 5049133.457976358942688 ], [ 476087.811869357421529, 5049132.430127425119281 ], [ 476126.956249625945929, 5049129.349397885613143 ], [ 476165.885750955378171, 5049124.22423180565238 ], [ 476204.493670288531575, 5049117.068676909431815 ], [ 476242.674186002113856, 5049107.902346075512469 ], [ 476280.322647956432775, 5049096.750363579951227 ], [ 476317.335864334192593, 5049083.643296231515706 ], [ 476353.61238448205404, 5049068.617069590836763 ], [ 476389.052776979864575, 5049051.71286949981004 ], [ 476423.55990217521321, 5049032.977029196918011 ], [ 476457.039178436505608, 5049012.460902318358421 ], [ 476489.398841394577175, 5048990.220722139813006 ], [ 476520.550195462594274, 5048966.317447451874614 ], [ 476550.407856944366358, 5048940.816595466807485 ], [ 476578.889988065115176, 5048913.788062249310315 ], [ 476605.91852128325263, 5048885.305931127630174 ], [ 476631.419373267912306, 5048855.44826964661479 ], [ 476655.322647956432775, 5048824.296915578655899 ], [ 476677.562828134279698, 5048791.937252620235085 ], [ 476698.078955013537779, 5048758.457976358942688 ], [ 476716.814795316488016, 5048723.950851163826883 ], [ 476733.718995407165494, 5048688.510458665899932 ], [ 476748.745222048135474, 5048652.233938517980278 ], [ 476761.852289396570995, 5048615.220722139813006 ], [ 476773.004271892015822, 5048577.572260186076164 ], [ 476782.170602725585923, 5048539.39174447208643 ], [ 476789.326157621573657, 5048500.783825139515102 ], [ 476794.451323701418005, 5048461.854323809966445 ], [ 476797.532053241156973, 5048422.709943541325629 ], [ 476798.55990217521321, 5048383.457976358942688 ] ] ] } },
{ "type": "Feature", "properties": { "site": 26, "transect": 26.3 }, "geometry": { "type": "Polygon", "coordinates": [ [ [ 476774.758592368511017, 5048316.400045676156878 ], [ 476773.73074343445478, 5048277.148078493773937 ], [ 476770.650013894715812, 5048238.003698225133121 ], [ 476765.524847814871464, 5048199.074196895584464 ], [ 476758.36929291888373, 5048160.466277563013136 ], [ 476749.202962085313629, 5048122.285761849023402 ], [ 476738.050979589868803, 5048084.63729989528656 ], [ 476724.943912241433281, 5048047.624083517119288 ], [ 476709.917685600463301, 5048011.347563369199634 ], [ 476693.013485509785824, 5047975.907170871272683 ], [ 476674.277645206835587, 5047941.400045676156878 ], [ 476653.761518327577505, 5047907.92076941486448 ], [ 476631.521338149730582, 5047875.561106456443667 ], [ 476607.618063461268321, 5047844.409752388484776 ], [ 476582.117211476550438, 5047814.552090907469392 ], [ 476555.088678258412983, 5047786.069959785789251 ], [ 476526.606547137664165, 5047759.041426568292081 ], [ 476496.748885655892082, 5047733.540574583224952 ], [ 476465.597531587874983, 5047709.63729989528656 ], [ 476433.237868629803415, 5047687.397119716741145 ], [ 476399.758592368511017, 5047666.880992838181555 ], [ 476365.251467173162382, 5047648.145152535289526 ], [ 476329.811074675351847, 5047631.240952444262803 ], [ 476293.5345545274904, 5047616.21472580358386 ], [ 476256.521338149730582, 5047603.107658455148339 ], [ 476218.872876195411664, 5047591.955675959587097 ], [ 476180.692360481829382, 5047582.789345125667751 ], [ 476142.084441148675978, 5047575.633790229447186 ], [ 476103.154939819243737, 5047570.508624149486423 ], [ 476064.010559550719336, 5047567.427894609980285 ], [ 476024.758592368511017, 5047566.400045676156878 ], [ 475985.506625186302699, 5047567.427894609980285 ], [ 475946.362244917778298, 5047570.508624149486423 ], [ 475907.432743588346057, 5047575.633790229447186 ], [ 475868.824824255192652, 5047582.789345125667751 ], [ 475830.644308541610371, 5047591.955675959587097 ], [ 475792.995846587291453, 5047603.107658455148339 ], [ 475755.982630209531635, 5047616.21472580358386 ], [ 475719.706110061670188, 5047631.240952444262803 ], [ 475684.265717563859653, 5047648.145152535289526 ], [ 475649.758592368511017, 5047666.880992838181555 ], [ 475616.279316107218619, 5047687.397119716741145 ], [ 475583.919653149147052, 5047709.63729989528656 ], [ 475552.768299081129953, 5047733.540574583224952 ], [ 475522.910637599357869, 5047759.041426568292081 ], [ 475494.428506478609052, 5047786.069959785789251 ], [ 475467.399973260471597, 5047814.552090907469392 ], [ 475441.899121275811922, 5047844.409752388484776 ], [ 475417.995846587291453, 5047875.561106456443667 ], [ 475395.75566640944453, 5047907.92076941486448 ], [ 475375.239539530186448, 5047941.400045676156878 ], [ 475356.503699227236211, 5047975.907170871272683 ], [ 475339.599499136558734, 5048011.347563369199634 ], [ 475324.573272495588753, 5048047.624083517119288 ], [ 475311.466205147153232, 5048084.63729989528656 ], [ 475300.314222651708405, 5048122.285761849023402 ], [ 475291.147891818138305, 5048160.466277563013136 ], [ 475283.992336922150571, 5048199.074196895584464 ], [ 475278.867170842306223, 5048238.003698225133121 ], [ 475275.786441302567255, 5048277.148078493773937 ], [ 475274.758592368511017, 5048316.400045676156878 ], [ 475275.786441302567255, 5048355.65201285853982 ], [ 475278.867170842306223, 5048394.796393127180636 ], [ 475283.992336922150571, 5048433.725894456729293 ], [ 475291.147891818138305, 5048472.333813789300621 ], [ 475300.314222651708405, 5048510.514329503290355 ], [ 475311.466205147153232, 5048548.162791457027197 ], [ 475324.573272495588753, 5048585.176007835194468 ], [ 475339.599499136558734, 5048621.452527983114123 ], [ 475356.503699227236211, 5048656.892920481041074 ], [ 475375.239539530186448, 5048691.400045676156878 ], [ 475395.75566640944453, 5048724.879321937449276 ], [ 475417.995846587291453, 5048757.23898489587009 ], [ 475441.899121275753714, 5048788.390338963828981 ], [ 475467.399973260471597, 5048818.248000444844365 ], [ 475494.428506478609052, 5048846.730131566524506 ], [ 475522.910637599357869, 5048873.758664784021676 ], [ 475552.768299081129953, 5048899.259516769088805 ], [ 475583.919653149147052, 5048923.162791457027197 ], [ 475616.279316107218619, 5048945.402971635572612 ], [ 475649.758592368511017, 5048965.919098514132202 ], [ 475684.265717563859653, 5048984.654938817024231 ], [ 475719.706110061670188, 5049001.559138908050954 ], [ 475755.982630209531635, 5049016.585365548729897 ], [ 475792.995846587291453, 5049029.692432897165418 ], [ 475830.644308541610371, 5049040.84441539272666 ], [ 475868.824824255192652, 5049050.010746226646006 ], [ 475907.432743588346057, 5049057.166301122866571 ], [ 475946.362244917778298, 5049062.291467202827334 ], [ 475985.506625186302699, 5049065.372196742333472 ], [ 476024.758592368511017, 5049066.400045676156878 ], [ 476064.010559550719336, 5049065.372196742333472 ], [ 476103.154939819243737, 5049062.291467202827334 ], [ 476142.084441148675978, 5049057.166301122866571 ], [ 476180.692360481829382, 5049050.010746226646006 ], [ 476218.872876195411664, 5049040.84441539272666 ], [ 476256.521338149730582, 5049029.692432897165418 ], [ 476293.5345545274904, 5049016.585365548729897 ], [ 476329.811074675351847, 5049001.559138908050954 ], [ 476365.251467173162382, 5048984.654938817024231 ], [ 476399.758592368511017, 5048965.919098514132202 ], [ 476433.237868629803415, 5048945.402971635572612 ], [ 476465.597531587874983, 5048923.162791457027197 ], [ 476496.748885655892082, 5048899.259516769088805 ], [ 476526.606547137664165, 5048873.758664784021676 ], [ 476555.088678258412983, 5048846.730131566524506 ], [ 476582.117211476550438, 5048818.248000444844365 ], [ 476607.618063461210113, 5048788.390338963828981 ], [ 476631.521338149730582, 5048757.23898489587009 ], [ 476653.761518327577505, 5048724.879321937449276 ], [ 476674.277645206835587, 5048691.400045676156878 ], [ 476693.013485509785824, 5048656.892920481041074 ], [ 476709.917685600463301, 5048621.452527983114123 ], [ 476724.943912241433281, 5048585.176007835194468 ], [ 476738.050979589868803, 5048548.162791457027197 ], [ 476749.202962085313629, 5048510.514329503290355 ], [ 476758.36929291888373, 5048472.333813789300621 ], [ 476765.524847814871464, 5048433.725894456729293 ], [ 476770.650013894715812, 5048394.796393127180636 ], [ 476773.73074343445478, 5048355.65201285853982 ], [ 476774.758592368511017, 5048316.400045676156878 ] ] ] } },
{ "type": "Feature", "properties": { "site": 26, "transect": 26.4 }, "geometry": { "type": "Polygon", "coordinates": [ [ [ 476836.670041642326396, 5048141.562185348942876 ], [ 476835.642192708270159, 5048102.310218166559935 ], [ 476832.561463168531191, 5048063.165837897919118 ], [ 476827.436297088686842, 5048024.236336568370461 ], [ 476820.280742192699108, 5047985.628417235799134 ], [ 476811.114411359129008, 5047947.447901521809399 ], [ 476799.962428863684181, 5047909.799439568072557 ], [ 476786.85536151524866, 5047872.786223189905286 ], [ 476771.829134874278679, 5047836.509703041985631 ], [ 476754.924934783601202, 5047801.069310544058681 ], [ 476736.189094480650965, 5047766.562185348942876 ], [ 476715.672967601392884, 5047733.082909087650478 ], [ 476693.43278742354596, 5047700.723246129229665 ], [ 476669.529512735083699, 5047669.571892061270773 ], [ 476644.028660750365816, 5047639.714230580255389 ], [ 476617.000127532228362, 5047611.232099458575249 ], [ 476588.517996411479544, 5047584.203566241078079 ], [ 476558.66033492970746, 5047558.70271425601095 ], [ 476527.508980861690361, 5047534.799439568072557 ], [ 476495.149317903618794, 5047512.559259389527142 ], [ 476461.670041642326396, 5047492.043132510967553 ], [ 476427.162916446977761, 5047473.307292208075523 ], [ 476391.722523949167226, 5047456.4030921170488 ], [ 476355.446003801305778, 5047441.376865476369858 ], [ 476318.43278742354596, 5047428.269798127934337 ], [ 476280.784325469227042, 5047417.117815632373095 ], [ 476242.603809755644761, 5047407.951484798453748 ], [ 476203.995890422491357, 5047400.795929902233183 ], [ 476165.066389093059115, 5047395.67076382227242 ], [ 476125.922008824534714, 5047392.590034282766283 ], [ 476086.670041642326396, 5047391.562185348942876 ], [ 476047.418074460118078, 5047392.590034282766283 ], [ 476008.273694191593677, 5047395.67076382227242 ], [ 475969.344192862161435, 5047400.795929902233183 ], [ 475930.736273529008031, 5047407.951484798453748 ], [ 475892.55575781542575, 5047417.117815632373095 ], [ 475854.907295861106832, 5047428.269798127934337 ], [ 475817.894079483347014, 5047441.376865476369858 ], [ 475781.617559335485566, 5047456.4030921170488 ], [ 475746.177166837675031, 5047473.307292208075523 ], [ 475711.670041642326396, 5047492.043132510967553 ], [ 475678.190765381033998, 5047512.559259389527142 ], [ 475645.831102422962431, 5047534.799439568072557 ], [ 475614.679748354945332, 5047558.70271425601095 ], [ 475584.822086873173248, 5047584.203566241078079 ], [ 475556.33995575242443, 5047611.232099458575249 ], [ 475529.311422534286976, 5047639.714230580255389 ], [ 475503.8105705496273, 5047669.571892061270773 ], [ 475479.907295861106832, 5047700.723246129229665 ], [ 475457.667115683259908, 5047733.082909087650478 ], [ 475437.150988804001827, 5047766.562185348942876 ], [ 475418.41514850105159, 5047801.069310544058681 ], [ 475401.510948410374112, 5047836.509703041985631 ], [ 475386.484721769404132, 5047872.786223189905286 ], [ 475373.377654420968611, 5047909.799439568072557 ], [ 475362.225671925523784, 5047947.447901521809399 ], [ 475353.059341091953684, 5047985.628417235799134 ], [ 475345.903786195965949, 5048024.236336568370461 ], [ 475340.778620116121601, 5048063.165837897919118 ], [ 475337.697890576382633, 5048102.310218166559935 ], [ 475336.670041642326396, 5048141.562185348942876 ], [ 475337.697890576382633, 5048180.814152531325817 ], [ 475340.778620116121601, 5048219.958532799966633 ], [ 475345.903786195965949, 5048258.88803412951529 ], [ 475353.059341091953684, 5048297.495953462086618 ], [ 475362.225671925523784, 5048335.676469176076353 ], [ 475373.377654420968611, 5048373.324931129813194 ], [ 475386.484721769404132, 5048410.338147507980466 ], [ 475401.510948410374112, 5048446.614667655900121 ], [ 475418.41514850105159, 5048482.055060153827071 ], [ 475437.150988804001827, 5048516.562185348942876 ], [ 475457.667115683259908, 5048550.041461610235274 ], [ 475479.907295861106832, 5048582.401124568656087 ], [ 475503.810570549569093, 5048613.552478636614978 ], [ 475529.311422534286976, 5048643.410140117630363 ], [ 475556.33995575242443, 5048671.892271239310503 ], [ 475584.822086873173248, 5048698.920804456807673 ], [ 475614.679748354945332, 5048724.421656441874802 ], [ 475645.831102422962431, 5048748.324931129813194 ], [ 475678.190765381033998, 5048770.56511130835861 ], [ 475711.670041642326396, 5048791.081238186918199 ], [ 475746.177166837675031, 5048809.817078489810228 ], [ 475781.617559335485566, 5048826.721278580836952 ], [ 475817.894079483347014, 5048841.747505221515894 ], [ 475854.907295861106832, 5048854.854572569951415 ], [ 475892.55575781542575, 5048866.006555065512657 ], [ 475930.736273529008031, 5048875.172885899432003 ], [ 475969.344192862161435, 5048882.328440795652568 ], [ 476008.273694191593677, 5048887.453606875613332 ], [ 476047.418074460118078, 5048890.534336415119469 ], [ 476086.670041642326396, 5048891.562185348942876 ], [ 476125.922008824534714, 5048890.534336415119469 ], [ 476165.066389093059115, 5048887.453606875613332 ], [ 476203.995890422491357, 5048882.328440795652568 ], [ 476242.603809755644761, 5048875.172885899432003 ], [ 476280.784325469227042, 5048866.006555065512657 ], [ 476318.43278742354596, 5048854.854572569951415 ], [ 476355.446003801305778, 5048841.747505221515894 ], [ 476391.722523949167226, 5048826.721278580836952 ], [ 476427.162916446977761, 5048809.817078489810228 ], [ 476461.670041642326396, 5048791.081238186918199 ], [ 476495.149317903618794, 5048770.56511130835861 ], [ 476527.508980861690361, 5048748.324931129813194 ], [ 476558.66033492970746, 5048724.421656441874802 ], [ 476588.517996411479544, 5048698.920804456807673 ], [ 476617.000127532228362, 5048671.892271239310503 ], [ 476644.028660750365816, 5048643.410140117630363 ], [ 476669.529512735025492, 5048613.552478636614978 ], [ 476693.43278742354596, 5048582.401124568656087 ], [ 476715.672967601392884, 5048550.041461610235274 ], [ 476736.189094480650965, 5048516.562185348942876 ], [ 476754.924934783601202, 5048482.055060153827071 ], [ 476771.829134874278679, 5048446.614667655900121 ], [ 476786.85536151524866, 5048410.338147507980466 ], [ 476799.962428863684181, 5048373.324931129813194 ], [ 476811.114411359129008, 5048335.676469176076353 ], [ 476820.280742192699108, 5048297.495953462086618 ], [ 476827.436297088686842, 5048258.88803412951529 ], [ 476832.561463168531191, 5048219.958532799966633 ], [ 476835.642192708270159, 5048180.814152531325817 ], [ 476836.670041642326396, 5048141.562185348942876 ] ] ] } },
{ "type": "Feature", "properties": { "site": 26, "transect": 26.5 }, "geometry": { "type": "Polygon", "coordinates": [ [ [ 476811.23948440735694, 5048150.16749519482255 ], [ 476810.211635473300703, 5048110.915528012439609 ], [ 476807.130905933561735, 5048071.771147743798792 ], [ 476802.005739853717387, 5048032.841646414250135 ], [ 476794.850184957729653, 5047994.233727081678808 ], [ 476785.683854124159552, 5047956.053211367689073 ], [ 476774.531871628714725, 5047918.404749413952231 ], [ 476761.424804280279204, 5047881.39153303578496 ], [ 476746.398577639309224, 5047845.115012887865305 ], [ 476729.494377548631746, 5047809.674620389938354 ], [ 476710.758537245681509, 5047775.16749519482255 ], [ 476690.242410366423428, 5047741.688218933530152 ], [ 476668.002230188576505, 5047709.328555975109339 ], [ 476644.098955500056036, 5047678.177201907150447 ], [ 476618.59810351539636, 5047648.319540426135063 ], [ 476591.569570297258906, 5047619.837409304454923 ], [ 476563.087439176510088, 5047592.808876086957753 ], [ 476533.229777694738004, 5047567.308024101890624 ], [ 476502.078423626720905, 5047543.404749413952231 ], [ 476469.718760668649338, 5047521.164569235406816 ], [ 476436.23948440735694, 5047500.648442356847227 ], [ 476401.732359212008305, 5047481.912602053955197 ], [ 476366.29196671419777, 5047465.008401962928474 ], [ 476330.015446566336323, 5047449.982175322249532 ], [ 476293.002230188576505, 5047436.875107973814011 ], [ 476255.353768234257586, 5047425.723125478252769 ], [ 476217.173252520675305, 5047416.556794644333422 ], [ 476178.565333187521901, 5047409.401239748112857 ], [ 476139.635831858089659, 5047404.276073668152094 ], [ 476100.491451589565258, 5047401.195344128645957 ], [ 476061.23948440735694, 5047400.16749519482255 ], [ 476021.987517225148622, 5047401.195344128645957 ], [ 475982.843136956624221, 5047404.276073668152094 ], [ 475943.913635627191979, 5047409.401239748112857 ], [ 475905.305716294038575, 5047416.556794644333422 ], [ 475867.125200580456294, 5047425.723125478252769 ], [ 475829.476738626137376, 5047436.875107973814011 ], [ 475792.463522248377558, 5047449.982175322249532 ], [ 475756.187002100516111, 5047465.008401962928474 ], [ 475720.746609602705576, 5047481.912602053955197 ], [ 475686.23948440735694, 5047500.648442356847227 ], [ 475652.760208146064542, 5047521.164569235406816 ], [ 475620.400545187992975, 5047543.404749413952231 ], [ 475589.249191119975876, 5047567.308024101890624 ], [ 475559.391529638203792, 5047592.808876086957753 ], [ 475530.909398517454974, 5047619.837409304454923 ], [ 475503.88086529931752, 5047648.319540426135063 ], [ 475478.380013314657845, 5047678.177201907150447 ], [ 475454.476738626137376, 5047709.328555975109339 ], [ 475432.236558448290452, 5047741.688218933530152 ], [ 475411.720431569032371, 5047775.16749519482255 ], [ 475392.984591266082134, 5047809.674620389938354 ], [ 475376.080391175404657, 5047845.115012887865305 ], [ 475361.054164534434676, 5047881.39153303578496 ], [ 475347.947097185999155, 5047918.404749413952231 ], [ 475336.795114690554328, 5047956.053211367689073 ], [ 475327.628783856984228, 5047994.233727081678808 ], [ 475320.473228960996494, 5048032.841646414250135 ], [ 475315.348062881152146, 5048071.771147743798792 ], [ 475312.267333341413178, 5048110.915528012439609 ], [ 475311.23948440735694, 5048150.16749519482255 ], [ 475312.267333341413178, 5048189.419462377205491 ], [ 475315.348062881152146, 5048228.563842645846307 ], [ 475320.473228960996494, 5048267.493343975394964 ], [ 475327.628783856984228, 5048306.101263307966292 ], [ 475336.795114690554328, 5048344.281779021956027 ], [ 475347.947097185999155, 5048381.930240975692868 ], [ 475361.054164534434676, 5048418.94345735386014 ], [ 475376.080391175404657, 5048455.219977501779795 ], [ 475392.984591266082134, 5048490.660369999706745 ], [ 475411.720431569032371, 5048525.16749519482255 ], [ 475432.236558448290452, 5048558.646771456114948 ], [ 475454.476738626137376, 5048591.006434414535761 ], [ 475478.380013314599637, 5048622.157788482494652 ], [ 475503.88086529931752, 5048652.015449963510036 ], [ 475530.909398517454974, 5048680.497581085190177 ], [ 475559.391529638203792, 5048707.526114302687347 ], [ 475589.249191119975876, 5048733.026966287754476 ], [ 475620.400545187992975, 5048756.930240975692868 ], [ 475652.760208146064542, 5048779.170421154238284 ], [ 475686.23948440735694, 5048799.686548032797873 ], [ 475720.746609602705576, 5048818.422388335689902 ], [ 475756.187002100516111, 5048835.326588426716626 ], [ 475792.463522248377558, 5048850.352815067395568 ], [ 475829.476738626137376, 5048863.459882415831089 ], [ 475867.125200580456294, 5048874.611864911392331 ], [ 475905.305716294038575, 5048883.778195745311677 ], [ 475943.913635627191979, 5048890.933750641532242 ], [ 475982.843136956624221, 5048896.058916721493006 ], [ 476021.987517225148622, 5048899.139646260999143 ], [ 476061.23948440735694, 5048900.16749519482255 ], [ 476100.491451589565258, 5048899.139646260999143 ], [ 476139.635831858089659, 5048896.058916721493006 ], [ 476178.565333187521901, 5048890.933750641532242 ], [ 476217.173252520675305, 5048883.778195745311677 ], [ 476255.353768234257586, 5048874.611864911392331 ], [ 476293.002230188576505, 5048863.459882415831089 ], [ 476330.015446566336323, 5048850.352815067395568 ], [ 476366.29196671419777, 5048835.326588426716626 ], [ 476401.732359212008305, 5048818.422388335689902 ], [ 476436.23948440735694, 5048799.686548032797873 ], [ 476469.718760668649338, 5048779.170421154238284 ], [ 476502.078423626720905, 5048756.930240975692868 ], [ 476533.229777694738004, 5048733.026966287754476 ], [ 476563.087439176510088, 5048707.526114302687347 ], [ 476591.569570297258906, 5048680.497581085190177 ], [ 476618.59810351539636, 5048652.015449963510036 ], [ 476644.098955500056036, 5048622.157788482494652 ], [ 476668.002230188576505, 5048591.006434414535761 ], [ 476690.242410366423428, 5048558.646771456114948 ], [ 476710.758537245681509, 5048525.16749519482255 ], [ 476729.494377548631746, 5048490.660369999706745 ], [ 476746.398577639309224, 5048455.219977501779795 ], [ 476761.424804280279204, 5048418.94345735386014 ], [ 476774.531871628714725, 5048381.930240975692868 ], [ 476785.683854124159552, 5048344.281779021956027 ], [ 476794.850184957729653, 5048306.101263307966292 ], [ 476802.005739853717387, 5048267.493343975394964 ], [ 476807.130905933561735, 5048228.563842645846307 ], [ 476810.211635473300703, 5048189.419462377205491 ], [ 476811.23948440735694, 5048150.16749519482255 ] ] ] } },
{ "type": "Feature", "properties": { "site": 26, "transect": 26.6 }, "geometry": { "type": "Polygon", "coordinates": [ [ [ 476832.417405921034515, 5048098.804797396995127 ], [ 476831.389556986978278, 5048059.552830214612186 ], [ 476828.30882744723931, 5048020.40844994597137 ], [ 476823.183661367394961, 5047981.478948616422713 ], [ 476816.028106471407227, 5047942.871029283851385 ], [ 476806.861775637837127, 5047904.69051356986165 ], [ 476795.7097931423923, 5047867.042051616124809 ], [ 476782.602725793956779, 5047830.028835237957537 ], [ 476767.576499152986798, 5047793.752315090037882 ], [ 476750.672299062309321, 5047758.311922592110932 ], [ 476731.936458759359084, 5047723.804797396995127 ], [ 476711.420331880101003, 5047690.325521135702729 ], [ 476689.180151702254079, 5047657.965858177281916 ], [ 476665.276877013733611, 5047626.814504109323025 ], [ 476639.776025029073935, 5047596.956842628307641 ], [ 476612.747491810936481, 5047568.4747115066275 ], [ 476584.265360690187663, 5047541.44617828913033 ], [ 476554.407699208415579, 5047515.945326304063201 ], [ 476523.25634514039848, 5047492.042051616124809 ], [ 476490.896682182326913, 5047469.801871437579393 ], [ 476457.417405921034515, 5047449.285744559019804 ], [ 476422.91028072568588, 5047430.549904256127775 ], [ 476387.469888227875344, 5047413.645704165101051 ], [ 476351.193368080013897, 5047398.619477524422109 ], [ 476314.180151702254079, 5047385.512410175986588 ], [ 476276.531689747935161, 5047374.360427680425346 ], [ 476238.35117403435288, 5047365.194096846506 ], [ 476199.743254701199476, 5047358.038541950285435 ], [ 476160.813753371767234, 5047352.913375870324671 ], [ 476121.669373103242833, 5047349.832646330818534 ], [ 476082.417405921034515, 5047348.804797396995127 ], [ 476043.165438738826197, 5047349.832646330818534 ], [ 476004.021058470301796, 5047352.913375870324671 ], [ 475965.091557140869554, 5047358.038541950285435 ], [ 475926.48363780771615, 5047365.194096846506 ], [ 475888.303122094133869, 5047374.360427680425346 ], [ 475850.654660139814951, 5047385.512410175986588 ], [ 475813.641443762055133, 5047398.619477524422109 ], [ 475777.364923614193685, 5047413.645704165101051 ], [ 475741.92453111638315, 5047430.549904256127775 ], [ 475707.417405921034515, 5047449.285744559019804 ], [ 475673.938129659742117, 5047469.801871437579393 ], [ 475641.57846670167055, 5047492.042051616124809 ], [ 475610.427112633653451, 5047515.945326304063201 ], [ 475580.569451151881367, 5047541.44617828913033 ], [ 475552.087320031132549, 5047568.4747115066275 ], [ 475525.058786812995095, 5047596.956842628307641 ], [ 475499.557934828335419, 5047626.814504109323025 ], [ 475475.654660139814951, 5047657.965858177281916 ], [ 475453.414479961968027, 5047690.325521135702729 ], [ 475432.898353082709946, 5047723.804797396995127 ], [ 475414.162512779759709, 5047758.311922592110932 ], [ 475397.258312689082231, 5047793.752315090037882 ], [ 475382.232086048112251, 5047830.028835237957537 ], [ 475369.12501869967673, 5047867.042051616124809 ], [ 475357.973036204231903, 5047904.69051356986165 ], [ 475348.806705370661803, 5047942.871029283851385 ], [ 475341.651150474674068, 5047981.478948616422713 ], [ 475336.52598439482972, 5048020.40844994597137 ], [ 475333.445254855090752, 5048059.552830214612186 ], [ 475332.417405921034515, 5048098.804797396995127 ], [ 475333.445254855090752, 5048138.056764579378068 ], [ 475336.52598439482972, 5048177.201144848018885 ], [ 475341.651150474674068, 5048216.130646177567542 ], [ 475348.806705370661803, 5048254.738565510138869 ], [ 475357.973036204231903, 5048292.919081224128604 ], [ 475369.12501869967673, 5048330.567543177865446 ], [ 475382.232086048112251, 5048367.580759556032717 ], [ 475397.258312689082231, 5048403.857279703952372 ], [ 475414.162512779759709, 5048439.297672201879323 ], [ 475432.898353082709946, 5048473.804797396995127 ], [ 475453.414479961968027, 5048507.284073658287525 ], [ 475475.654660139814951, 5048539.643736616708338 ], [ 475499.557934828277212, 5048570.79509068466723 ], [ 475525.058786812995095, 5048600.652752165682614 ], [ 475552.087320031132549, 5048629.134883287362754 ], [ 475580.569451151881367, 5048656.163416504859924 ], [ 475610.427112633653451, 5048681.664268489927053 ], [ 475641.57846670167055, 5048705.567543177865446 ], [ 475673.938129659742117, 5048727.807723356410861 ], [ 475707.417405921034515, 5048748.32385023497045 ], [ 475741.92453111638315, 5048767.05969053786248 ], [ 475777.364923614193685, 5048783.963890628889203 ], [ 475813.641443762055133, 5048798.990117269568145 ], [ 475850.654660139814951, 5048812.097184618003666 ], [ 475888.303122094133869, 5048823.249167113564909 ], [ 475926.48363780771615, 5048832.415497947484255 ], [ 475965.091557140869554, 5048839.57105284370482 ], [ 476004.021058470301796, 5048844.696218923665583 ], [ 476043.165438738826197, 5048847.776948463171721 ], [ 476082.417405921034515, 5048848.804797396995127 ], [ 476121.669373103242833, 5048847.776948463171721 ], [ 476160.813753371767234, 5048844.696218923665583 ], [ 476199.743254701199476, 5048839.57105284370482 ], [ 476238.35117403435288, 5048832.415497947484255 ], [ 476276.531689747935161, 5048823.249167113564909 ], [ 476314.180151702254079, 5048812.097184618003666 ], [ 476351.193368080013897, 5048798.990117269568145 ], [ 476387.469888227875344, 5048783.963890628889203 ], [ 476422.91028072568588, 5048767.05969053786248 ], [ 476457.417405921034515, 5048748.32385023497045 ], [ 476490.896682182326913, 5048727.807723356410861 ], [ 476523.25634514039848, 5048705.567543177865446 ], [ 476554.407699208415579, 5048681.664268489927053 ], [ 476584.265360690187663, 5048656.163416504859924 ], [ 476612.747491810936481, 5048629.134883287362754 ], [ 476639.776025029073935, 5048600.652752165682614 ], [ 476665.276877013733611, 5048570.79509068466723 ], [ 476689.180151702254079, 5048539.643736616708338 ], [ 476711.420331880101003, 5048507.284073658287525 ], [ 476731.936458759359084, 5048473.804797396995127 ], [ 476750.672299062309321, 5048439.297672201879323 ], [ 476767.576499152986798, 5048403.857279703952372 ], [ 476782.602725793956779, 5048367.580759556032717 ], [ 476795.7097931423923, 5048330.567543177865446 ], [ 476806.861775637837127, 5048292.919081224128604 ], [ 476816.028106471407227, 5048254.738565510138869 ], [ 476823.183661367394961, 5048216.130646177567542 ], [ 476828.30882744723931, 5048177.201144848018885 ], [ 476831.389556986978278, 5048138.056764579378068 ], [ 476832.417405921034515, 5048098.804797396995127 ] ] ] } },
{ "type": "Feature", "properties": { "site": 27, "transect": 27.1 }, "geometry": { "type": "Polygon", "coordinates": [ [ [ 385271.066028204164468, 5042836.950853999704123 ], [ 385270.03817927010823, 5042797.698886817321181 ], [ 385266.957449730369262, 5042758.554506548680365 ], [ 385261.832283650524914, 5042719.625005219131708 ], [ 385254.67672875453718, 5042681.01708588656038 ], [ 385245.51039792096708, 5042642.836570172570646 ], [ 385234.358415425522253, 5042605.188108218833804 ], [ 385221.251348077086732, 5042568.174891840666533 ], [ 385206.225121436116751, 5042531.898371692746878 ], [ 385189.320921345439274, 5042496.457979194819927 ], [ 385170.585081042489037, 5042461.950853999704123 ], [ 385150.068954163230956, 5042428.471577738411725 ], [ 385127.828773985384032, 5042396.111914779990911 ], [ 385103.925499296863563, 5042364.96056071203202 ], [ 385078.424647312203888, 5042335.102899231016636 ], [ 385051.396114094066434, 5042306.620768109336495 ], [ 385022.913982973317616, 5042279.592234891839325 ], [ 384993.056321491545532, 5042254.091382906772196 ], [ 384961.904967423528433, 5042230.188108218833804 ], [ 384929.545304465456866, 5042207.947928040288389 ], [ 384896.066028204164468, 5042187.431801161728799 ], [ 384861.558903008815832, 5042168.69596085883677 ], [ 384826.118510511005297, 5042151.791760767810047 ], [ 384789.84199036314385, 5042136.765534127131104 ], [ 384752.828773985384032, 5042123.658466778695583 ], [ 384715.180312031065114, 5042112.506484283134341 ], [ 384676.999796317482833, 5042103.340153449214995 ], [ 384638.391876984329429, 5042096.18459855299443 ], [ 384599.462375654897187, 5042091.059432473033667 ], [ 384560.317995386372786, 5042087.978702933527529 ], [ 384521.066028204164468, 5042086.950853999704123 ], [ 384481.814061021956149, 5042087.978702933527529 ], [ 384442.669680753431749, 5042091.059432473033667 ], [ 384403.740179423999507, 5042096.18459855299443 ], [ 384365.132260090846103, 5042103.340153449214995 ], [ 384326.951744377263822, 5042112.506484283134341 ], [ 384289.303282422944903, 5042123.658466778695583 ], [ 384252.290066045185085, 5042136.765534127131104 ], [ 384216.013545897323638, 5042151.791760767810047 ], [ 384180.573153399513103, 5042168.69596085883677 ], [ 384146.066028204164468, 5042187.431801161728799 ], [ 384112.58675194287207, 5042207.947928040288389 ], [ 384080.227088984800503, 5042230.188108218833804 ], [ 384049.075734916783404, 5042254.091382906772196 ], [ 384019.21807343501132, 5042279.592234891839325 ], [ 383990.735942314262502, 5042306.620768109336495 ], [ 383963.707409096125048, 5042335.102899231016636 ], [ 383938.206557111465372, 5042364.96056071203202 ], [ 383914.303282422944903, 5042396.111914779990911 ], [ 383892.06310224509798, 5042428.471577738411725 ], [ 383871.546975365839899, 5042461.950853999704123 ], [ 383852.811135062889662, 5042496.457979194819927 ], [ 383835.906934972212184, 5042531.898371692746878 ], [ 383820.880708331242204, 5042568.174891840666533 ], [ 383807.773640982806683, 5042605.188108218833804 ], [ 383796.621658487361856, 5042642.836570172570646 ], [ 383787.455327653791755, 5042681.01708588656038 ], [ 383780.299772757804021, 5042719.625005219131708 ], [ 383775.174606677959673, 5042758.554506548680365 ], [ 383772.093877138220705, 5042797.698886817321181 ], [ 383771.066028204164468, 5042836.950853999704123 ], [ 383772.093877138220705, 5042876.202821182087064 ], [ 383775.174606677959673, 5042915.34720145072788 ], [ 383780.299772757804021, 5042954.276702780276537 ], [ 383787.455327653791755, 5042992.884622112847865 ], [ 383796.621658487361856, 5043031.065137826837599 ], [ 383807.773640982806683, 5043068.713599780574441 ], [ 383820.880708331242204, 5043105.726816158741713 ], [ 383835.906934972212184, 5043142.003336306661367 ], [ 383852.811135062889662, 5043177.443728804588318 ], [ 383871.546975365839899, 5043211.950853999704123 ], [ 383892.06310224509798, 5043245.430130260996521 ], [ 383914.303282422944903, 5043277.789793219417334 ], [ 383938.206557111407164, 5043308.941147287376225 ], [ 383963.707409096125048, 5043338.798808768391609 ], [ 383990.735942314262502, 5043367.28093989007175 ], [ 384019.21807343501132, 5043394.30947310756892 ], [ 384049.075734916783404, 5043419.810325092636049 ], [ 384080.227088984800503, 5043443.713599780574441 ], [ 384112.58675194287207, 5043465.953779959119856 ], [ 384146.066028204164468, 5043486.469906837679446 ], [ 384180.573153399513103, 5043505.205747140571475 ], [ 384216.013545897323638, 5043522.109947231598198 ], [ 384252.290066045185085, 5043537.136173872277141 ], [ 384289.303282422944903, 5043550.243241220712662 ], [ 384326.951744377263822, 5043561.395223716273904 ], [ 384365.132260090846103, 5043570.56155455019325 ], [ 384403.740179423999507, 5043577.717109446413815 ], [ 384442.669680753431749, 5043582.842275526374578 ], [ 384481.814061021956149, 5043585.923005065880716 ], [ 384521.066028204164468, 5043586.950853999704123 ], [ 384560.317995386372786, 5043585.923005065880716 ], [ 384599.462375654897187, 5043582.842275526374578 ], [ 384638.391876984329429, 5043577.717109446413815 ], [ 384676.999796317482833, 5043570.56155455019325 ], [ 384715.180312031065114, 5043561.395223716273904 ], [ 384752.828773985384032, 5043550.243241220712662 ], [ 384789.84199036314385, 5043537.136173872277141 ], [ 384826.118510511005297, 5043522.109947231598198 ], [ 384861.558903008815832, 5043505.205747140571475 ], [ 384896.066028204164468, 5043486.469906837679446 ], [ 384929.545304465456866, 5043465.953779959119856 ], [ 384961.904967423528433, 5043443.713599780574441 ], [ 384993.056321491545532, 5043419.810325092636049 ], [ 385022.913982973317616, 5043394.30947310756892 ], [ 385051.396114094066434, 5043367.28093989007175 ], [ 385078.424647312203888, 5043338.798808768391609 ], [ 385103.925499296863563, 5043308.941147287376225 ], [ 385127.828773985384032, 5043277.789793219417334 ], [ 385150.068954163230956, 5043245.430130260996521 ], [ 385170.585081042489037, 5043211.950853999704123 ], [ 385189.320921345439274, 5043177.443728804588318 ], [ 385206.225121436116751, 5043142.003336306661367 ], [ 385221.251348077086732, 5043105.726816158741713 ], [ 385234.358415425522253, 5043068.713599780574441 ], [ 385245.51039792096708, 5043031.065137826837599 ], [ 385254.67672875453718, 5042992.884622112847865 ], [ 385261.832283650524914, 5042954.276702780276537 ], [ 385266.957449730369262, 5042915.34720145072788 ], [ 385270.03817927010823, 5042876.202821182087064 ], [ 385271.066028204164468, 5042836.950853999704123 ] ] ] } },
{ "type": "Feature", "properties": { "site": 27, "transect": 27.2 }, "geometry": { "type": "Polygon", "coordinates": [ [ [ 385299.048004353884608, 5042889.149935405701399 ], [ 385298.02015541982837, 5042849.897968223318458 ], [ 385294.939425880089402, 5042810.753587954677641 ], [ 385289.814259800245054, 5042771.824086625128984 ], [ 385282.65870490425732, 5042733.216167292557657 ], [ 385273.49237407068722, 5042695.035651578567922 ], [ 385262.340391575242393, 5042657.38718962483108 ], [ 385249.233324226806872, 5042620.373973246663809 ], [ 385234.207097585836891, 5042584.097453098744154 ], [ 385217.302897495159414, 5042548.657060600817204 ], [ 385198.567057192209177, 5042514.149935405701399 ], [ 385178.050930312951095, 5042480.670659144409001 ], [ 385155.810750135104172, 5042448.310996185988188 ], [ 385131.907475446583703, 5042417.159642118029296 ], [ 385106.406623461924028, 5042387.301980637013912 ], [ 385079.378090243786573, 5042358.819849515333772 ], [ 385050.895959123037755, 5042331.791316297836602 ], [ 385021.038297641265672, 5042306.290464312769473 ], [ 384989.886943573248573, 5042282.38718962483108 ], [ 384957.527280615177006, 5042260.147009446285665 ], [ 384924.048004353884608, 5042239.630882567726076 ], [ 384889.540879158535972, 5042220.895042264834046 ], [ 384854.100486660725437, 5042203.990842173807323 ], [ 384817.82396651286399, 5042188.964615533128381 ], [ 384780.810750135104172, 5042175.85754818469286 ], [ 384743.162288180785254, 5042164.705565689131618 ], [ 384704.981772467202973, 5042155.539234855212271 ], [ 384666.373853134049568, 5042148.383679958991706 ], [ 384627.444351804617327, 5042143.258513879030943 ], [ 384588.299971536092926, 5042140.177784339524806 ], [ 384549.048004353884608, 5042139.149935405701399 ], [ 384509.796037171676289, 5042140.177784339524806 ], [ 384470.651656903151888, 5042143.258513879030943 ], [ 384431.722155573719647, 5042148.383679958991706 ], [ 384393.114236240566242, 5042155.539234855212271 ], [ 384354.933720526983961, 5042164.705565689131618 ], [ 384317.285258572665043, 5042175.85754818469286 ], [ 384280.272042194905225, 5042188.964615533128381 ], [ 384243.995522047043778, 5042203.990842173807323 ], [ 384208.555129549233243, 5042220.895042264834046 ], [ 384174.048004353884608, 5042239.630882567726076 ], [ 384140.56872809259221, 5042260.147009446285665 ], [ 384108.209065134520642, 5042282.38718962483108 ], [ 384077.057711066503543, 5042306.290464312769473 ], [ 384047.20004958473146, 5042331.791316297836602 ], [ 384018.717918463982642, 5042358.819849515333772 ], [ 383991.689385245845187, 5042387.301980637013912 ], [ 383966.188533261185512, 5042417.159642118029296 ], [ 383942.285258572665043, 5042448.310996185988188 ], [ 383920.04507839481812, 5042480.670659144409001 ], [ 383899.528951515560038, 5042514.149935405701399 ], [ 383880.793111212609801, 5042548.657060600817204 ], [ 383863.888911121932324, 5042584.097453098744154 ], [ 383848.862684480962344, 5042620.373973246663809 ], [ 383835.755617132526822, 5042657.38718962483108 ], [ 383824.603634637081996, 5042695.035651578567922 ], [ 383815.437303803511895, 5042733.216167292557657 ], [ 383808.281748907524161, 5042771.824086625128984 ], [ 383803.156582827679813, 5042810.753587954677641 ], [ 383800.075853287940845, 5042849.897968223318458 ], [ 383799.048004353884608, 5042889.149935405701399 ], [ 383800.075853287940845, 5042928.40190258808434 ], [ 383803.156582827679813, 5042967.546282856725156 ], [ 383808.281748907524161, 5043006.475784186273813 ], [ 383815.437303803511895, 5043045.083703518845141 ], [ 383824.603634637081996, 5043083.264219232834876 ], [ 383835.755617132526822, 5043120.912681186571717 ], [ 383848.862684480962344, 5043157.925897564738989 ], [ 383863.888911121932324, 5043194.202417712658644 ], [ 383880.793111212609801, 5043229.642810210585594 ], [ 383899.528951515560038, 5043264.149935405701399 ], [ 383920.04507839481812, 5043297.629211666993797 ], [ 383942.285258572665043, 5043329.98887462541461 ], [ 383966.188533261127304, 5043361.140228693373501 ], [ 383991.689385245845187, 5043390.997890174388885 ], [ 384018.717918463982642, 5043419.480021296069026 ], [ 384047.20004958473146, 5043446.508554513566196 ], [ 384077.057711066503543, 5043472.009406498633325 ], [ 384108.209065134520642, 5043495.912681186571717 ], [ 384140.56872809259221, 5043518.152861365117133 ], [ 384174.048004353884608, 5043538.668988243676722 ], [ 384208.555129549233243, 5043557.404828546568751 ], [ 384243.995522047043778, 5043574.309028637595475 ], [ 384280.272042194905225, 5043589.335255278274417 ], [ 384317.285258572665043, 5043602.442322626709938 ], [ 384354.933720526983961, 5043613.59430512227118 ], [ 384393.114236240566242, 5043622.760635956190526 ], [ 384431.722155573719647, 5043629.916190852411091 ], [ 384470.651656903151888, 5043635.041356932371855 ], [ 384509.796037171676289, 5043638.122086471877992 ], [ 384549.048004353884608, 5043639.149935405701399 ], [ 384588.299971536092926, 5043638.122086471877992 ], [ 384627.444351804617327, 5043635.041356932371855 ], [ 384666.373853134049568, 5043629.916190852411091 ], [ 384704.981772467202973, 5043622.760635956190526 ], [ 384743.162288180785254, 5043613.59430512227118 ], [ 384780.810750135104172, 5043602.442322626709938 ], [ 384817.82396651286399, 5043589.335255278274417 ], [ 384854.100486660725437, 5043574.309028637595475 ], [ 384889.540879158535972, 5043557.404828546568751 ], [ 384924.048004353884608, 5043538.668988243676722 ], [ 384957.527280615177006, 5043518.152861365117133 ], [ 384989.886943573248573, 5043495.912681186571717 ], [ 385021.038297641265672, 5043472.009406498633325 ], [ 385050.895959123037755, 5043446.508554513566196 ], [ 385079.378090243786573, 5043419.480021296069026 ], [ 385106.406623461924028, 5043390.997890174388885 ], [ 385131.907475446583703, 5043361.140228693373501 ], [ 385155.810750135104172, 5043329.98887462541461 ], [ 385178.050930312951095, 5043297.629211666993797 ], [ 385198.567057192209177, 5043264.149935405701399 ], [ 385217.302897495159414, 5043229.642810210585594 ], [ 385234.207097585836891, 5043194.202417712658644 ], [ 385249.233324226806872, 5043157.925897564738989 ], [ 385262.340391575242393, 5043120.912681186571717 ], [ 385273.49237407068722, 5043083.264219232834876 ], [ 385282.65870490425732, 5043045.083703518845141 ], [ 385289.814259800245054, 5043006.475784186273813 ], [ 385294.939425880089402, 5042967.546282856725156 ], [ 385298.02015541982837, 5042928.40190258808434 ], [ 385299.048004353884608, 5042889.149935405701399 ] ] ] } },
{ "type": "Feature", "properties": { "site": 27, "transect": 27.3 }, "geometry": { "type": "Polygon", "coordinates": [ [ [ 385419.813456047035288, 5042856.197976366616786 ], [ 385418.785607112979051, 5042816.946009184233844 ], [ 385415.704877573240083, 5042777.801628915593028 ], [ 385410.579711493395735, 5042738.872127586044371 ], [ 385403.424156597408, 5042700.264208253473043 ], [ 385394.2578257638379, 5042662.083692539483309 ], [ 385383.105843268393073, 5042624.435230585746467 ], [ 385369.998775919957552, 5042587.422014207579195 ], [ 385354.972549278987572, 5042551.145494059659541 ], [ 385338.068349188310094, 5042515.70510156173259 ], [ 385319.332508885359857, 5042481.197976366616786 ], [ 385298.816382006101776, 5042447.718700105324388 ], [ 385276.576201828254852, 5042415.359037146903574 ], [ 385252.672927139792591, 5042384.207683078944683 ], [ 385227.172075155074708, 5042354.350021597929299 ], [ 385200.143541936937254, 5042325.867890476249158 ], [ 385171.661410816188436, 5042298.839357258751988 ], [ 385141.803749334416352, 5042273.338505273684859 ], [ 385110.652395266399253, 5042249.435230585746467 ], [ 385078.292732308327686, 5042227.195050407201052 ], [ 385044.813456047035288, 5042206.678923528641462 ], [ 385010.306330851686653, 5042187.943083225749433 ], [ 384974.865938353876118, 5042171.03888313472271 ], [ 384938.58941820601467, 5042156.012656494043767 ], [ 384901.576201828254852, 5042142.905589145608246 ], [ 384863.927739873935934, 5042131.753606650047004 ], [ 384825.747224160353653, 5042122.587275816127658 ], [ 384787.139304827200249, 5042115.431720919907093 ], [ 384748.209803497768007, 5042110.30655483994633 ], [ 384709.065423229243606, 5042107.225825300440192 ], [ 384669.813456047035288, 5042106.197976366616786 ], [ 384630.56148886482697, 5042107.225825300440192 ], [ 384591.417108596302569, 5042110.30655483994633 ], [ 384552.487607266870327, 5042115.431720919907093 ], [ 384513.879687933716923, 5042122.587275816127658 ], [ 384475.699172220134642, 5042131.753606650047004 ], [ 384438.050710265815724, 5042142.905589145608246 ], [ 384401.037493888055906, 5042156.012656494043767 ], [ 384364.760973740194459, 5042171.03888313472271 ], [ 384329.320581242383923, 5042187.943083225749433 ], [ 384294.813456047035288, 5042206.678923528641462 ], [ 384261.33417978574289, 5042227.195050407201052 ], [ 384228.974516827671323, 5042249.435230585746467 ], [ 384197.823162759654224, 5042273.338505273684859 ], [ 384167.96550127788214, 5042298.839357258751988 ], [ 384139.483370157133322, 5042325.867890476249158 ], [ 384112.454836938995868, 5042354.350021597929299 ], [ 384086.953984954336192, 5042384.207683078944683 ], [ 384063.050710265815724, 5042415.359037146903574 ], [ 384040.8105300879688, 5042447.718700105324388 ], [ 384020.294403208710719, 5042481.197976366616786 ], [ 384001.558562905760482, 5042515.70510156173259 ], [ 383984.654362815083005, 5042551.145494059659541 ], [ 383969.628136174113024, 5042587.422014207579195 ], [ 383956.521068825677503, 5042624.435230585746467 ], [ 383945.369086330232676, 5042662.083692539483309 ], [ 383936.202755496662576, 5042700.264208253473043 ], [ 383929.047200600674842, 5042738.872127586044371 ], [ 383923.922034520830493, 5042777.801628915593028 ], [ 383920.841304981091525, 5042816.946009184233844 ], [ 383919.813456047035288, 5042856.197976366616786 ], [ 383920.841304981091525, 5042895.449943548999727 ], [ 383923.922034520830493, 5042934.594323817640543 ], [ 383929.047200600674842, 5042973.5238251471892 ], [ 383936.202755496662576, 5043012.131744479760528 ], [ 383945.369086330232676, 5043050.312260193750262 ], [ 383956.521068825677503, 5043087.960722147487104 ], [ 383969.628136174113024, 5043124.973938525654376 ], [ 383984.654362815083005, 5043161.25045867357403 ], [ 384001.558562905760482, 5043196.690851171500981 ], [ 384020.294403208710719, 5043231.197976366616786 ], [ 384040.8105300879688, 5043264.677252627909184 ], [ 384063.050710265815724, 5043297.036915586329997 ], [ 384086.953984954277985, 5043328.188269654288888 ], [ 384112.454836938995868, 5043358.045931135304272 ], [ 384139.483370157133322, 5043386.528062256984413 ], [ 384167.96550127788214, 5043413.556595474481583 ], [ 384197.823162759654224, 5043439.057447459548712 ], [ 384228.974516827671323, 5043462.960722147487104 ], [ 384261.33417978574289, 5043485.200902326032519 ], [ 384294.813456047035288, 5043505.717029204592109 ], [ 384329.320581242383923, 5043524.452869507484138 ], [ 384364.760973740194459, 5043541.357069598510861 ], [ 384401.037493888055906, 5043556.383296239189804 ], [ 384438.050710265815724, 5043569.490363587625325 ], [ 384475.699172220134642, 5043580.642346083186567 ], [ 384513.879687933716923, 5043589.808676917105913 ], [ 384552.487607266870327, 5043596.964231813326478 ], [ 384591.417108596302569, 5043602.089397893287241 ], [ 384630.56148886482697, 5043605.170127432793379 ], [ 384669.813456047035288, 5043606.197976366616786 ], [ 384709.065423229243606, 5043605.170127432793379 ], [ 384748.209803497768007, 5043602.089397893287241 ], [ 384787.139304827200249, 5043596.964231813326478 ], [ 384825.747224160353653, 5043589.808676917105913 ], [ 384863.927739873935934, 5043580.642346083186567 ], [ 384901.576201828254852, 5043569.490363587625325 ], [ 384938.58941820601467, 5043556.383296239189804 ], [ 384974.865938353876118, 5043541.357069598510861 ], [ 385010.306330851686653, 5043524.452869507484138 ], [ 385044.813456047035288, 5043505.717029204592109 ], [ 385078.292732308327686, 5043485.200902326032519 ], [ 385110.652395266399253, 5043462.960722147487104 ], [ 385141.803749334416352, 5043439.057447459548712 ], [ 385171.661410816188436, 5043413.556595474481583 ], [ 385200.143541936937254, 5043386.528062256984413 ], [ 385227.172075155074708, 5043358.045931135304272 ], [ 385252.672927139734384, 5043328.188269654288888 ], [ 385276.576201828254852, 5043297.036915586329997 ], [ 385298.816382006101776, 5043264.677252627909184 ], [ 385319.332508885359857, 5043231.197976366616786 ], [ 385338.068349188310094, 5043196.690851171500981 ], [ 385354.972549278987572, 5043161.25045867357403 ], [ 385369.998775919957552, 5043124.973938525654376 ], [ 385383.105843268393073, 5043087.960722147487104 ], [ 385394.2578257638379, 5043050.312260193750262 ], [ 385403.424156597408, 5043012.131744479760528 ], [ 385410.579711493395735, 5042973.5238251471892 ], [ 385415.704877573240083, 5042934.594323817640543 ], [ 385418.785607112979051, 5042895.449943548999727 ], [ 385419.813456047035288, 5042856.197976366616786 ] ] ] } },
{ "type": "Feature", "properties": { "site": 27, "transect": 27.4 }, "geometry": { "type": "Polygon", "coordinates": [ [ [ 385419.813456047035288, 5042856.197976366616786 ], [ 385418.785607112979051, 5042816.946009184233844 ], [ 385415.704877573240083, 5042777.801628915593028 ], [ 385410.579711493395735, 5042738.872127586044371 ], [ 385403.424156597408, 5042700.264208253473043 ], [ 385394.2578257638379, 5042662.083692539483309 ], [ 385383.105843268393073, 5042624.435230585746467 ], [ 385369.998775919957552, 5042587.422014207579195 ], [ 385354.972549278987572, 5042551.145494059659541 ], [ 385338.068349188310094, 5042515.70510156173259 ], [ 385319.332508885359857, 5042481.197976366616786 ], [ 385298.816382006101776, 5042447.718700105324388 ], [ 385276.576201828254852, 5042415.359037146903574 ], [ 385252.672927139792591, 5042384.207683078944683 ], [ 385227.172075155074708, 5042354.350021597929299 ], [ 385200.143541936937254, 5042325.867890476249158 ], [ 385171.661410816188436, 5042298.839357258751988 ], [ 385141.803749334416352, 5042273.338505273684859 ], [ 385110.652395266399253, 5042249.435230585746467 ], [ 385078.292732308327686, 5042227.195050407201052 ], [ 385044.813456047035288, 5042206.678923528641462 ], [ 385010.306330851686653, 5042187.943083225749433 ], [ 384974.865938353876118, 5042171.03888313472271 ], [ 384938.58941820601467, 5042156.012656494043767 ], [ 384901.576201828254852, 5042142.905589145608246 ], [ 384863.927739873935934, 5042131.753606650047004 ], [ 384825.747224160353653, 5042122.587275816127658 ], [ 384787.139304827200249, 5042115.431720919907093 ], [ 384748.209803497768007, 5042110.30655483994633 ], [ 384709.065423229243606, 5042107.225825300440192 ], [ 384669.813456047035288, 5042106.197976366616786 ], [ 384630.56148886482697, 5042107.225825300440192 ], [ 384591.417108596302569, 5042110.30655483994633 ], [ 384552.487607266870327, 5042115.431720919907093 ], [ 384513.879687933716923, 5042122.587275816127658 ], [ 384475.699172220134642, 5042131.753606650047004 ], [ 384438.050710265815724, 5042142.905589145608246 ], [ 384401.037493888055906, 5042156.012656494043767 ], [ 384364.760973740194459, 5042171.03888313472271 ], [ 384329.320581242383923, 5042187.943083225749433 ], [ 384294.813456047035288, 5042206.678923528641462 ], [ 384261.33417978574289, 5042227.195050407201052 ], [ 384228.974516827671323, 5042249.435230585746467 ], [ 384197.823162759654224, 5042273.338505273684859 ], [ 384167.96550127788214, 5042298.839357258751988 ], [ 384139.483370157133322, 5042325.867890476249158 ], [ 384112.454836938995868, 5042354.350021597929299 ], [ 384086.953984954336192, 5042384.207683078944683 ], [ 384063.050710265815724, 5042415.359037146903574 ], [ 384040.8105300879688, 5042447.718700105324388 ], [ 384020.294403208710719, 5042481.197976366616786 ], [ 384001.558562905760482, 5042515.70510156173259 ], [ 383984.654362815083005, 5042551.145494059659541 ], [ 383969.628136174113024, 5042587.422014207579195 ], [ 383956.521068825677503, 5042624.435230585746467 ], [ 383945.369086330232676, 5042662.083692539483309 ], [ 383936.202755496662576, 5042700.264208253473043 ], [ 383929.047200600674842, 5042738.872127586044371 ], [ 383923.922034520830493, 5042777.801628915593028 ], [ 383920.841304981091525, 5042816.946009184233844 ], [ 383919.813456047035288, 5042856.197976366616786 ], [ 383920.841304981091525, 5042895.449943548999727 ], [ 383923.922034520830493, 5042934.594323817640543 ], [ 383929.047200600674842, 5042973.5238251471892 ], [ 383936.202755496662576, 5043012.131744479760528 ], [ 383945.369086330232676, 5043050.312260193750262 ], [ 383956.521068825677503, 5043087.960722147487104 ], [ 383969.628136174113024, 5043124.973938525654376 ], [ 383984.654362815083005, 5043161.25045867357403 ], [ 384001.558562905760482, 5043196.690851171500981 ], [ 384020.294403208710719, 5043231.197976366616786 ], [ 384040.8105300879688, 5043264.677252627909184 ], [ 384063.050710265815724, 5043297.036915586329997 ], [ 384086.953984954277985, 5043328.188269654288888 ], [ 384112.454836938995868, 5043358.045931135304272 ], [ 384139.483370157133322, 5043386.528062256984413 ], [ 384167.96550127788214, 5043413.556595474481583 ], [ 384197.823162759654224, 5043439.057447459548712 ], [ 384228.974516827671323, 5043462.960722147487104 ], [ 384261.33417978574289, 5043485.200902326032519 ], [ 384294.813456047035288, 5043505.717029204592109 ], [ 384329.320581242383923, 5043524.452869507484138 ], [ 384364.760973740194459, 5043541.357069598510861 ], [ 384401.037493888055906, 5043556.383296239189804 ], [ 384438.050710265815724, 5043569.490363587625325 ], [ 384475.699172220134642, 5043580.642346083186567 ], [ 384513.879687933716923, 5043589.808676917105913 ], [ 384552.487607266870327, 5043596.964231813326478 ], [ 384591.417108596302569, 5043602.089397893287241 ], [ 384630.56148886482697, 5043605.170127432793379 ], [ 384669.813456047035288, 5043606.197976366616786 ], [ 384709.065423229243606, 5043605.170127432793379 ], [ 384748.209803497768007, 5043602.089397893287241 ], [ 384787.139304827200249, 5043596.964231813326478 ], [ 384825.747224160353653, 5043589.808676917105913 ], [ 384863.927739873935934, 5043580.642346083186567 ], [ 384901.576201828254852, 5043569.490363587625325 ], [ 384938.58941820601467, 5043556.383296239189804 ], [ 384974.865938353876118, 5043541.357069598510861 ], [ 385010.306330851686653, 5043524.452869507484138 ], [ 385044.813456047035288, 5043505.717029204592109 ], [ 385078.292732308327686, 5043485.200902326032519 ], [ 385110.652395266399253, 5043462.960722147487104 ], [ 385141.803749334416352, 5043439.057447459548712 ], [ 385171.661410816188436, 5043413.556595474481583 ], [ 385200.143541936937254, 5043386.528062256984413 ], [ 385227.172075155074708, 5043358.045931135304272 ], [ 385252.672927139734384, 5043328.188269654288888 ], [ 385276.576201828254852, 5043297.036915586329997 ], [ 385298.816382006101776, 5043264.677252627909184 ], [ 385319.332508885359857, 5043231.197976366616786 ], [ 385338.068349188310094, 5043196.690851171500981 ], [ 385354.972549278987572, 5043161.25045867357403 ], [ 385369.998775919957552, 5043124.973938525654376 ], [ 385383.105843268393073, 5043087.960722147487104 ], [ 385394.2578257638379, 5043050.312260193750262 ], [ 385403.424156597408, 5043012.131744479760528 ], [ 385410.579711493395735, 5042973.5238251471892 ], [ 385415.704877573240083, 5042934.594323817640543 ], [ 385418.785607112979051, 5042895.449943548999727 ], [ 385419.813456047035288, 5042856.197976366616786 ] ] ] } }
]
}
