{
"type": "FeatureCollection",
"name": "gf2021_buf500",
"crs": { "type": "name", "properties": { "name": "urn:ogc:def:crs:EPSG::32618" } },
"features": [
{ "type": "Feature", "properties": { "site": 1, "transect": 1.1 }, "geometry": { "type": "Polygon", "coordinates": [ [ [ 424589.949256094056182, 5019019.379502239637077 ], [ 424589.264023471332621, 5018993.211524117738008 ], [ 424587.210203778173309, 5018967.11527060624212 ], [ 424583.79342639161041, 5018941.162269719876349 ], [ 424579.023056460951921, 5018915.423656830564141 ], [ 424572.912169238610659, 5018889.9699796885252 ], [ 424565.477514241647441, 5018864.871005051769316 ], [ 424556.739469342632219, 5018840.19552746694535 ], [ 424546.721984915377107, 5018816.01118070166558 ], [ 424535.452518188219983, 5018792.384252369403839 ], [ 424522.961957986291964, 5018769.379502239637077 ], [ 424509.284540066786576, 5018747.059984732419252 ], [ 424494.457753281516489, 5018725.486876093782485 ], [ 424478.522236822522245, 5018704.719306714832783 ], [ 424461.521668832749128, 5018684.814199060201645 ], [ 424443.502646687324159, 5018665.8261116463691 ], [ 424424.514559273491614, 5018647.807089501060545 ], [ 424404.609451618976891, 5018630.806521510705352 ], [ 424383.841882240318228, 5018614.871005051769316 ], [ 424362.268773601565044, 5018600.044218267314136 ], [ 424339.949256094056182, 5018586.366800347343087 ], [ 424316.944505963823758, 5018573.876240145415068 ], [ 424293.317577631969471, 5018562.60677341837436 ], [ 424269.133230866689701, 5018552.589288990944624 ], [ 424244.457753281516489, 5018543.85124409198761 ], [ 424219.358778645342682, 5018536.416589095257223 ], [ 424193.905101502954494, 5018530.305701872333884 ], [ 424168.166488614166155, 5018525.535331942141056 ], [ 424142.213487727858592, 5018522.118554555810988 ], [ 424116.117234215547796, 5018520.064734862186015 ], [ 424089.949256094056182, 5018519.379502239637077 ], [ 424063.781277972564567, 5018520.064734862186015 ], [ 424037.685024460253771, 5018522.118554555810988 ], [ 424011.732023573946208, 5018525.535331942141056 ], [ 423985.993410685157869, 5018530.305701872333884 ], [ 423960.539733542769682, 5018536.416589095257223 ], [ 423935.440758906595875, 5018543.85124409198761 ], [ 423910.765281321422663, 5018552.589288990944624 ], [ 423886.580934556142893, 5018562.60677341837436 ], [ 423862.954006224288605, 5018573.876240145415068 ], [ 423839.949256094056182, 5018586.366800347343087 ], [ 423817.629738586547319, 5018600.044218267314136 ], [ 423796.056629947794136, 5018614.871005051769316 ], [ 423775.289060569135472, 5018630.806521510705352 ], [ 423755.38395291462075, 5018647.807089501060545 ], [ 423736.395865500788204, 5018665.8261116463691 ], [ 423718.376843355363235, 5018684.814199060201645 ], [ 423701.376275365590118, 5018704.719306714832783 ], [ 423685.440758906595875, 5018725.486876093782485 ], [ 423670.613972121325787, 5018747.059984732419252 ], [ 423656.9365542018204, 5018769.379502239637077 ], [ 423644.44599399989238, 5018792.384252369403839 ], [ 423633.176527272735257, 5018816.01118070166558 ], [ 423623.159042845480144, 5018840.19552746694535 ], [ 423614.420997946464922, 5018864.871005051769316 ], [ 423606.986342949501704, 5018889.9699796885252 ], [ 423600.875455727160443, 5018915.423656830564141 ], [ 423596.105085796501953, 5018941.162269719876349 ], [ 423592.688308409939054, 5018967.11527060624212 ], [ 423590.634488716779742, 5018993.211524117738008 ], [ 423589.949256094056182, 5019019.379502239637077 ], [ 423590.634488716779742, 5019045.547480361536145 ], [ 423592.688308409939054, 5019071.643733873032033 ], [ 423596.105085796501953, 5019097.596734759397805 ], [ 423600.875455727160443, 5019123.335347648710012 ], [ 423606.986342949501704, 5019148.789024790748954 ], [ 423614.420997946464922, 5019173.887999427504838 ], [ 423623.159042845480144, 5019198.563477012328804 ], [ 423633.176527272735257, 5019222.747823777608573 ], [ 423644.44599399989238, 5019246.374752109870315 ], [ 423656.9365542018204, 5019269.379502239637077 ], [ 423670.613972121325787, 5019291.699019746854901 ], [ 423685.440758906595875, 5019313.272128385491669 ], [ 423701.376275365590118, 5019334.039697764441371 ], [ 423718.376843355363235, 5019353.944805419072509 ], [ 423736.395865500788204, 5019372.932892832905054 ], [ 423755.38395291462075, 5019390.951914978213608 ], [ 423775.289060569135472, 5019407.952482968568802 ], [ 423796.056629947794136, 5019423.887999427504838 ], [ 423817.629738586547319, 5019438.714786211960018 ], [ 423839.949256094056182, 5019452.392204131931067 ], [ 423862.954006224288605, 5019464.882764333859086 ], [ 423886.580934556142893, 5019476.152231060899794 ], [ 423910.765281321422663, 5019486.16971548832953 ], [ 423935.440758906595875, 5019494.907760387286544 ], [ 423960.539733542769682, 5019502.342415384016931 ], [ 423985.993410685157869, 5019508.453302606940269 ], [ 424011.732023573946208, 5019513.223672537133098 ], [ 424037.685024460253771, 5019516.640449923463166 ], [ 424063.781277972564567, 5019518.694269617088139 ], [ 424089.949256094056182, 5019519.379502239637077 ], [ 424116.117234215547796, 5019518.694269617088139 ], [ 424142.213487727858592, 5019516.640449923463166 ], [ 424168.166488614166155, 5019513.223672537133098 ], [ 424193.905101502954494, 5019508.453302606940269 ], [ 424219.358778645342682, 5019502.342415384016931 ], [ 424244.457753281516489, 5019494.907760387286544 ], [ 424269.133230866689701, 5019486.16971548832953 ], [ 424293.317577631969471, 5019476.152231060899794 ], [ 424316.944505963823758, 5019464.882764333859086 ], [ 424339.949256094056182, 5019452.392204131931067 ], [ 424362.268773601565044, 5019438.714786211960018 ], [ 424383.841882240318228, 5019423.887999427504838 ], [ 424404.609451618976891, 5019407.952482968568802 ], [ 424424.514559273491614, 5019390.951914978213608 ], [ 424443.502646687324159, 5019372.932892832905054 ], [ 424461.521668832749128, 5019353.944805419072509 ], [ 424478.522236822522245, 5019334.039697764441371 ], [ 424494.457753281516489, 5019313.272128385491669 ], [ 424509.284540066786576, 5019291.699019746854901 ], [ 424522.961957986291964, 5019269.379502239637077 ], [ 424535.452518188219983, 5019246.374752109870315 ], [ 424546.721984915377107, 5019222.747823777608573 ], [ 424556.739469342632219, 5019198.563477012328804 ], [ 424565.477514241647441, 5019173.887999427504838 ], [ 424572.912169238610659, 5019148.789024790748954 ], [ 424579.023056460951921, 5019123.335347648710012 ], [ 424583.79342639161041, 5019097.596734759397805 ], [ 424587.210203778173309, 5019071.643733873032033 ], [ 424589.264023471332621, 5019045.547480361536145 ], [ 424589.949256094056182, 5019019.379502239637077 ] ] ] } },
{ "type": "Feature", "properties": { "site": 1, "transect": 1.2 }, "geometry": { "type": "Polygon", "coordinates": [ [ [ 424278.405602406710386, 5018726.617454793304205 ], [ 424277.720369783986825, 5018700.449476671405137 ], [ 424275.666550090827513, 5018674.353223159909248 ], [ 424272.249772704264615, 5018648.400222273543477 ], [ 424267.479402773606125, 5018622.661609384231269 ], [ 424261.368515551264863, 5018597.207932242192328 ], [ 424253.933860554301646, 5018572.108957605436444 ], [ 424245.195815655286424, 5018547.433480020612478 ], [ 424235.178331228031311, 5018523.249133255332708 ], [ 424223.908864500874188, 5018499.622204923070967 ], [ 424211.418304298946168, 5018476.617454793304205 ], [ 424197.740886379440781, 5018454.29793728608638 ], [ 424182.914099594170693, 5018432.724828647449613 ], [ 424166.97858313517645, 5018411.957259268499911 ], [ 424149.978015145403333, 5018392.052151613868773 ], [ 424131.958992999978364, 5018373.064064200036228 ], [ 424112.970905586145818, 5018355.045042054727674 ], [ 424093.065797931631096, 5018338.04447406437248 ], [ 424072.298228552972432, 5018322.108957605436444 ], [ 424050.725119914219249, 5018307.282170820981264 ], [ 424028.405602406710386, 5018293.604752901010215 ], [ 424005.400852276477963, 5018281.114192699082196 ], [ 423981.773923944623675, 5018269.844725972041488 ], [ 423957.589577179343905, 5018259.827241544611752 ], [ 423932.914099594170693, 5018251.089196645654738 ], [ 423907.815124957996886, 5018243.654541648924351 ], [ 423882.361447815608699, 5018237.543654426001012 ], [ 423856.62283492682036, 5018232.773284495808184 ], [ 423830.669834040512796, 5018229.356507109478116 ], [ 423804.573580528202001, 5018227.302687415853143 ], [ 423778.405602406710386, 5018226.617454793304205 ], [ 423752.237624285218772, 5018227.302687415853143 ], [ 423726.141370772907976, 5018229.356507109478116 ], [ 423700.188369886600412, 5018232.773284495808184 ], [ 423674.449756997812074, 5018237.543654426001012 ], [ 423648.996079855423886, 5018243.654541648924351 ], [ 423623.897105219250079, 5018251.089196645654738 ], [ 423599.221627634076867, 5018259.827241544611752 ], [ 423575.037280868797097, 5018269.844725972041488 ], [ 423551.41035253694281, 5018281.114192699082196 ], [ 423528.405602406710386, 5018293.604752901010215 ], [ 423506.086084899201524, 5018307.282170820981264 ], [ 423484.51297626044834, 5018322.108957605436444 ], [ 423463.745406881789677, 5018338.04447406437248 ], [ 423443.840299227274954, 5018355.045042054727674 ], [ 423424.852211813442409, 5018373.064064200036228 ], [ 423406.83318966801744, 5018392.052151613868773 ], [ 423389.832621678244323, 5018411.957259268499911 ], [ 423373.897105219250079, 5018432.724828647449613 ], [ 423359.070318433979992, 5018454.29793728608638 ], [ 423345.392900514474604, 5018476.617454793304205 ], [ 423332.902340312546585, 5018499.622204923070967 ], [ 423321.632873585389461, 5018523.249133255332708 ], [ 423311.615389158134349, 5018547.433480020612478 ], [ 423302.877344259119127, 5018572.108957605436444 ], [ 423295.442689262155909, 5018597.207932242192328 ], [ 423289.331802039814647, 5018622.661609384231269 ], [ 423284.561432109156158, 5018648.400222273543477 ], [ 423281.144654722593259, 5018674.353223159909248 ], [ 423279.090835029433947, 5018700.449476671405137 ], [ 423278.405602406710386, 5018726.617454793304205 ], [ 423279.090835029433947, 5018752.785432915203273 ], [ 423281.144654722593259, 5018778.881686426699162 ], [ 423284.561432109156158, 5018804.834687313064933 ], [ 423289.331802039814647, 5018830.573300202377141 ], [ 423295.442689262155909, 5018856.026977344416082 ], [ 423302.877344259119127, 5018881.125951981171966 ], [ 423311.615389158134349, 5018905.801429565995932 ], [ 423321.632873585389461, 5018929.985776331275702 ], [ 423332.902340312546585, 5018953.612704663537443 ], [ 423345.392900514474604, 5018976.617454793304205 ], [ 423359.070318433979992, 5018998.936972300522029 ], [ 423373.897105219250079, 5019020.510080939158797 ], [ 423389.832621678244323, 5019041.277650318108499 ], [ 423406.83318966801744, 5019061.182757972739637 ], [ 423424.852211813442409, 5019080.170845386572182 ], [ 423443.840299227274954, 5019098.189867531880736 ], [ 423463.745406881789677, 5019115.19043552223593 ], [ 423484.51297626044834, 5019131.125951981171966 ], [ 423506.086084899201524, 5019145.952738765627146 ], [ 423528.405602406710386, 5019159.630156685598195 ], [ 423551.41035253694281, 5019172.120716887526214 ], [ 423575.037280868797097, 5019183.390183614566922 ], [ 423599.221627634076867, 5019193.407668041996658 ], [ 423623.897105219250079, 5019202.145712940953672 ], [ 423648.996079855423886, 5019209.580367937684059 ], [ 423674.449756997812074, 5019215.691255160607398 ], [ 423700.188369886600412, 5019220.461625090800226 ], [ 423726.141370772907976, 5019223.878402477130294 ], [ 423752.237624285218772, 5019225.932222170755267 ], [ 423778.405602406710386, 5019226.617454793304205 ], [ 423804.573580528202001, 5019225.932222170755267 ], [ 423830.669834040512796, 5019223.878402477130294 ], [ 423856.62283492682036, 5019220.461625090800226 ], [ 423882.361447815608699, 5019215.691255160607398 ], [ 423907.815124957996886, 5019209.580367937684059 ], [ 423932.914099594170693, 5019202.145712940953672 ], [ 423957.589577179343905, 5019193.407668041996658 ], [ 423981.773923944623675, 5019183.390183614566922 ], [ 424005.400852276477963, 5019172.120716887526214 ], [ 424028.405602406710386, 5019159.630156685598195 ], [ 424050.725119914219249, 5019145.952738765627146 ], [ 424072.298228552972432, 5019131.125951981171966 ], [ 424093.065797931631096, 5019115.19043552223593 ], [ 424112.970905586145818, 5019098.189867531880736 ], [ 424131.958992999978364, 5019080.170845386572182 ], [ 424149.978015145403333, 5019061.182757972739637 ], [ 424166.97858313517645, 5019041.277650318108499 ], [ 424182.914099594170693, 5019020.510080939158797 ], [ 424197.740886379440781, 5018998.936972300522029 ], [ 424211.418304298946168, 5018976.617454793304205 ], [ 424223.908864500874188, 5018953.612704663537443 ], [ 424235.178331228031311, 5018929.985776331275702 ], [ 424245.195815655286424, 5018905.801429565995932 ], [ 424253.933860554301646, 5018881.125951981171966 ], [ 424261.368515551264863, 5018856.026977344416082 ], [ 424267.479402773606125, 5018830.573300202377141 ], [ 424272.249772704264615, 5018804.834687313064933 ], [ 424275.666550090827513, 5018778.881686426699162 ], [ 424277.720369783986825, 5018752.785432915203273 ], [ 424278.405602406710386, 5018726.617454793304205 ] ] ] } },
{ "type": "Feature", "properties": { "site": 1, "transect": 1.3 }, "geometry": { "type": "Polygon", "coordinates": [ [ [ 424277.793661950563546, 5018723.58821611572057 ], [ 424277.108429327839985, 5018697.420237993821502 ], [ 424275.054609634680673, 5018671.323984482325613 ], [ 424271.637832248117775, 5018645.370983595959842 ], [ 424266.867462317459285, 5018619.632370706647635 ], [ 424260.756575095118023, 5018594.178693564608693 ], [ 424253.321920098154806, 5018569.079718927852809 ], [ 424244.583875199139584, 5018544.404241343028843 ], [ 424234.566390771884471, 5018520.219894577749074 ], [ 424223.296924044727348, 5018496.592966245487332 ], [ 424210.806363842799328, 5018473.58821611572057 ], [ 424197.128945923293941, 5018451.268698608502746 ], [ 424182.302159138023853, 5018429.695589969865978 ], [ 424166.36664267902961, 5018408.928020590916276 ], [ 424149.366074689256493, 5018389.022912936285138 ], [ 424131.347052543831524, 5018370.034825522452593 ], [ 424112.358965129998978, 5018352.015803377144039 ], [ 424092.453857475484256, 5018335.015235386788845 ], [ 424071.686288096825592, 5018319.079718927852809 ], [ 424050.113179458072409, 5018304.252932143397629 ], [ 424027.793661950563546, 5018290.57551422342658 ], [ 424004.788911820331123, 5018278.084954021498561 ], [ 423981.161983488476835, 5018266.815487294457853 ], [ 423956.977636723197065, 5018256.798002867028117 ], [ 423932.302159138023853, 5018248.059957968071103 ], [ 423907.203184501850046, 5018240.625302971340716 ], [ 423881.749507359461859, 5018234.514415748417377 ], [ 423856.01089447067352, 5018229.744045818224549 ], [ 423830.057893584365956, 5018226.327268431894481 ], [ 423803.961640072055161, 5018224.273448738269508 ], [ 423777.793661950563546, 5018223.58821611572057 ], [ 423751.625683829071932, 5018224.273448738269508 ], [ 423725.529430316761136, 5018226.327268431894481 ], [ 423699.576429430453572, 5018229.744045818224549 ], [ 423673.837816541665234, 5018234.514415748417377 ], [ 423648.384139399277046, 5018240.625302971340716 ], [ 423623.285164763103239, 5018248.059957968071103 ], [ 423598.609687177930027, 5018256.798002867028117 ], [ 423574.425340412650257, 5018266.815487294457853 ], [ 423550.79841208079597, 5018278.084954021498561 ], [ 423527.793661950563546, 5018290.57551422342658 ], [ 423505.474144443054684, 5018304.252932143397629 ], [ 423483.9010358043015, 5018319.079718927852809 ], [ 423463.133466425642837, 5018335.015235386788845 ], [ 423443.228358771128114, 5018352.015803377144039 ], [ 423424.240271357295569, 5018370.034825522452593 ], [ 423406.2212492118706, 5018389.022912936285138 ], [ 423389.220681222097483, 5018408.928020590916276 ], [ 423373.285164763103239, 5018429.695589969865978 ], [ 423358.458377977833152, 5018451.268698608502746 ], [ 423344.780960058327764, 5018473.58821611572057 ], [ 423332.290399856399745, 5018496.592966245487332 ], [ 423321.020933129242621, 5018520.219894577749074 ], [ 423311.003448701987509, 5018544.404241343028843 ], [ 423302.265403802972287, 5018569.079718927852809 ], [ 423294.830748806009069, 5018594.178693564608693 ], [ 423288.719861583667807, 5018619.632370706647635 ], [ 423283.949491653009318, 5018645.370983595959842 ], [ 423280.532714266446419, 5018671.323984482325613 ], [ 423278.478894573287107, 5018697.420237993821502 ], [ 423277.793661950563546, 5018723.58821611572057 ], [ 423278.478894573287107, 5018749.756194237619638 ], [ 423280.532714266446419, 5018775.852447749115527 ], [ 423283.949491653009318, 5018801.805448635481298 ], [ 423288.719861583667807, 5018827.544061524793506 ], [ 423294.830748806009069, 5018852.997738666832447 ], [ 423302.265403802972287, 5018878.096713303588331 ], [ 423311.003448701987509, 5018902.772190888412297 ], [ 423321.020933129242621, 5018926.956537653692067 ], [ 423332.290399856399745, 5018950.583465985953808 ], [ 423344.780960058327764, 5018973.58821611572057 ], [ 423358.458377977833152, 5018995.907733622938395 ], [ 423373.285164763103239, 5019017.480842261575162 ], [ 423389.220681222097483, 5019038.248411640524864 ], [ 423406.2212492118706, 5019058.153519295156002 ], [ 423424.240271357295569, 5019077.141606708988547 ], [ 423443.228358771128114, 5019095.160628854297101 ], [ 423463.133466425642837, 5019112.161196844652295 ], [ 423483.9010358043015, 5019128.096713303588331 ], [ 423505.474144443054684, 5019142.923500088043511 ], [ 423527.793661950563546, 5019156.60091800801456 ], [ 423550.79841208079597, 5019169.091478209942579 ], [ 423574.425340412650257, 5019180.360944936983287 ], [ 423598.609687177930027, 5019190.378429364413023 ], [ 423623.285164763103239, 5019199.116474263370037 ], [ 423648.384139399277046, 5019206.551129260100424 ], [ 423673.837816541665234, 5019212.662016483023763 ], [ 423699.576429430453572, 5019217.432386413216591 ], [ 423725.529430316761136, 5019220.849163799546659 ], [ 423751.625683829071932, 5019222.902983493171632 ], [ 423777.793661950563546, 5019223.58821611572057 ], [ 423803.961640072055161, 5019222.902983493171632 ], [ 423830.057893584365956, 5019220.849163799546659 ], [ 423856.01089447067352, 5019217.432386413216591 ], [ 423881.749507359461859, 5019212.662016483023763 ], [ 423907.203184501850046, 5019206.551129260100424 ], [ 423932.302159138023853, 5019199.116474263370037 ], [ 423956.977636723197065, 5019190.378429364413023 ], [ 423981.161983488476835, 5019180.360944936983287 ], [ 424004.788911820331123, 5019169.091478209942579 ], [ 424027.793661950563546, 5019156.60091800801456 ], [ 424050.113179458072409, 5019142.923500088043511 ], [ 424071.686288096825592, 5019128.096713303588331 ], [ 424092.453857475484256, 5019112.161196844652295 ], [ 424112.358965129998978, 5019095.160628854297101 ], [ 424131.347052543831524, 5019077.141606708988547 ], [ 424149.366074689256493, 5019058.153519295156002 ], [ 424166.36664267902961, 5019038.248411640524864 ], [ 424182.302159138023853, 5019017.480842261575162 ], [ 424197.128945923293941, 5018995.907733622938395 ], [ 424210.806363842799328, 5018973.58821611572057 ], [ 424223.296924044727348, 5018950.583465985953808 ], [ 424234.566390771884471, 5018926.956537653692067 ], [ 424244.583875199139584, 5018902.772190888412297 ], [ 424253.321920098154806, 5018878.096713303588331 ], [ 424260.756575095118023, 5018852.997738666832447 ], [ 424266.867462317459285, 5018827.544061524793506 ], [ 424271.637832248117775, 5018801.805448635481298 ], [ 424275.054609634680673, 5018775.852447749115527 ], [ 424277.108429327839985, 5018749.756194237619638 ], [ 424277.793661950563546, 5018723.58821611572057 ] ] ] } },
{ "type": "Feature", "properties": { "site": 1, "transect": 1.4 }, "geometry": { "type": "Polygon", "coordinates": [ [ [ 424488.179423607536592, 5018722.024694699794054 ], [ 424487.494190984813031, 5018695.856716577894986 ], [ 424485.440371291653719, 5018669.760463066399097 ], [ 424482.02359390509082, 5018643.807462180033326 ], [ 424477.253223974432331, 5018618.068849290721118 ], [ 424471.142336752091069, 5018592.615172148682177 ], [ 424463.707681755127851, 5018567.516197511926293 ], [ 424454.969636856112629, 5018542.840719927102327 ], [ 424444.952152428857516, 5018518.656373161822557 ], [ 424433.682685701700393, 5018495.029444829560816 ], [ 424421.192125499772374, 5018472.024694699794054 ], [ 424407.514707580266986, 5018449.70517719257623 ], [ 424392.687920794996899, 5018428.132068553939462 ], [ 424376.752404336002655, 5018407.36449917498976 ], [ 424359.751836346229538, 5018387.459391520358622 ], [ 424341.732814200804569, 5018368.471304106526077 ], [ 424322.744726786972024, 5018350.452281961217523 ], [ 424302.839619132457301, 5018333.451713970862329 ], [ 424282.072049753798638, 5018317.516197511926293 ], [ 424260.498941115045454, 5018302.689410727471113 ], [ 424238.179423607536592, 5018289.011992807500064 ], [ 424215.174673477304168, 5018276.521432605572045 ], [ 424191.547745145449881, 5018265.251965878531337 ], [ 424167.363398380170111, 5018255.234481451101601 ], [ 424142.687920794996899, 5018246.496436552144587 ], [ 424117.588946158823092, 5018239.0617815554142 ], [ 424092.135269016434904, 5018232.950894332490861 ], [ 424066.396656127646565, 5018228.180524402298033 ], [ 424040.443655241339002, 5018224.763747015967965 ], [ 424014.347401729028206, 5018222.709927322342992 ], [ 423988.179423607536592, 5018222.024694699794054 ], [ 423962.011445486044977, 5018222.709927322342992 ], [ 423935.915191973734181, 5018224.763747015967965 ], [ 423909.962191087426618, 5018228.180524402298033 ], [ 423884.223578198638279, 5018232.950894332490861 ], [ 423858.769901056250092, 5018239.0617815554142 ], [ 423833.670926420076285, 5018246.496436552144587 ], [ 423808.995448834903073, 5018255.234481451101601 ], [ 423784.811102069623303, 5018265.251965878531337 ], [ 423761.184173737769015, 5018276.521432605572045 ], [ 423738.179423607536592, 5018289.011992807500064 ], [ 423715.859906100027729, 5018302.689410727471113 ], [ 423694.286797461274546, 5018317.516197511926293 ], [ 423673.519228082615882, 5018333.451713970862329 ], [ 423653.61412042810116, 5018350.452281961217523 ], [ 423634.626033014268614, 5018368.471304106526077 ], [ 423616.607010868843645, 5018387.459391520358622 ], [ 423599.606442879070528, 5018407.36449917498976 ], [ 423583.670926420076285, 5018428.132068553939462 ], [ 423568.844139634806197, 5018449.70517719257623 ], [ 423555.16672171530081, 5018472.024694699794054 ], [ 423542.67616151337279, 5018495.029444829560816 ], [ 423531.406694786215667, 5018518.656373161822557 ], [ 423521.389210358960554, 5018542.840719927102327 ], [ 423512.651165459945332, 5018567.516197511926293 ], [ 423505.216510462982114, 5018592.615172148682177 ], [ 423499.105623240640853, 5018618.068849290721118 ], [ 423494.335253309982363, 5018643.807462180033326 ], [ 423490.918475923419464, 5018669.760463066399097 ], [ 423488.864656230260152, 5018695.856716577894986 ], [ 423488.179423607536592, 5018722.024694699794054 ], [ 423488.864656230260152, 5018748.192672821693122 ], [ 423490.918475923419464, 5018774.288926333189011 ], [ 423494.335253309982363, 5018800.241927219554782 ], [ 423499.105623240640853, 5018825.98054010886699 ], [ 423505.216510462982114, 5018851.434217250905931 ], [ 423512.651165459945332, 5018876.533191887661815 ], [ 423521.389210358960554, 5018901.208669472485781 ], [ 423531.406694786215667, 5018925.393016237765551 ], [ 423542.67616151337279, 5018949.019944570027292 ], [ 423555.16672171530081, 5018972.024694699794054 ], [ 423568.844139634806197, 5018994.344212207011878 ], [ 423583.670926420076285, 5019015.917320845648646 ], [ 423599.606442879070528, 5019036.684890224598348 ], [ 423616.607010868843645, 5019056.589997879229486 ], [ 423634.626033014268614, 5019075.578085293062031 ], [ 423653.61412042810116, 5019093.597107438370585 ], [ 423673.519228082615882, 5019110.597675428725779 ], [ 423694.286797461274546, 5019126.533191887661815 ], [ 423715.859906100027729, 5019141.359978672116995 ], [ 423738.179423607536592, 5019155.037396592088044 ], [ 423761.184173737769015, 5019167.527956794016063 ], [ 423784.811102069623303, 5019178.797423521056771 ], [ 423808.995448834903073, 5019188.814907948486507 ], [ 423833.670926420076285, 5019197.552952847443521 ], [ 423858.769901056250092, 5019204.987607844173908 ], [ 423884.223578198638279, 5019211.098495067097247 ], [ 423909.962191087426618, 5019215.868864997290075 ], [ 423935.915191973734181, 5019219.285642383620143 ], [ 423962.011445486044977, 5019221.339462077245116 ], [ 423988.179423607536592, 5019222.024694699794054 ], [ 424014.347401729028206, 5019221.339462077245116 ], [ 424040.443655241339002, 5019219.285642383620143 ], [ 424066.396656127646565, 5019215.868864997290075 ], [ 424092.135269016434904, 5019211.098495067097247 ], [ 424117.588946158823092, 5019204.987607844173908 ], [ 424142.687920794996899, 5019197.552952847443521 ], [ 424167.363398380170111, 5019188.814907948486507 ], [ 424191.547745145449881, 5019178.797423521056771 ], [ 424215.174673477304168, 5019167.527956794016063 ], [ 424238.179423607536592, 5019155.037396592088044 ], [ 424260.498941115045454, 5019141.359978672116995 ], [ 424282.072049753798638, 5019126.533191887661815 ], [ 424302.839619132457301, 5019110.597675428725779 ], [ 424322.744726786972024, 5019093.597107438370585 ], [ 424341.732814200804569, 5019075.578085293062031 ], [ 424359.751836346229538, 5019056.589997879229486 ], [ 424376.752404336002655, 5019036.684890224598348 ], [ 424392.687920794996899, 5019015.917320845648646 ], [ 424407.514707580266986, 5018994.344212207011878 ], [ 424421.192125499772374, 5018972.024694699794054 ], [ 424433.682685701700393, 5018949.019944570027292 ], [ 424444.952152428857516, 5018925.393016237765551 ], [ 424454.969636856112629, 5018901.208669472485781 ], [ 424463.707681755127851, 5018876.533191887661815 ], [ 424471.142336752091069, 5018851.434217250905931 ], [ 424477.253223974432331, 5018825.98054010886699 ], [ 424482.02359390509082, 5018800.241927219554782 ], [ 424485.440371291653719, 5018774.288926333189011 ], [ 424487.494190984813031, 5018748.192672821693122 ], [ 424488.179423607536592, 5018722.024694699794054 ] ] ] } },
{ "type": "Feature", "properties": { "site": 2, "transect": 2.1 }, "geometry": { "type": "Polygon", "coordinates": [ [ [ 452411.902064582274761, 5009061.847530745901167 ], [ 452411.2168319595512, 5009035.679552624002099 ], [ 452409.163012266391888, 5009009.583299112506211 ], [ 452405.74623487982899, 5008983.63029822614044 ], [ 452400.9758649491705, 5008957.891685336828232 ], [ 452394.864977726829238, 5008932.43800819478929 ], [ 452387.43032272986602, 5008907.339033558033407 ], [ 452378.692277830850799, 5008882.663555973209441 ], [ 452368.674793403595686, 5008858.479209207929671 ], [ 452357.405326676438563, 5008834.85228087566793 ], [ 452344.914766474510543, 5008811.847530745901167 ], [ 452331.237348555005156, 5008789.528013238683343 ], [ 452316.410561769735068, 5008767.954904600046575 ], [ 452300.475045310740825, 5008747.187335221096873 ], [ 452283.474477320967708, 5008727.282227566465735 ], [ 452265.455455175542738, 5008708.29414015263319 ], [ 452246.467367761710193, 5008690.275118007324636 ], [ 452226.56226010719547, 5008673.274550016969442 ], [ 452205.794690728536807, 5008657.339033558033407 ], [ 452184.221582089783624, 5008642.512246773578227 ], [ 452161.902064582274761, 5008628.834828853607178 ], [ 452138.897314452042338, 5008616.344268651679158 ], [ 452115.27038612018805, 5008605.07480192463845 ], [ 452091.08603935490828, 5008595.057317497208714 ], [ 452066.410561769735068, 5008586.3192725982517 ], [ 452041.311587133561261, 5008578.884617601521313 ], [ 452015.857909991173074, 5008572.773730378597975 ], [ 451990.119297102384735, 5008568.003360448405147 ], [ 451964.166296216077171, 5008564.586583062075078 ], [ 451938.070042703766376, 5008562.532763368450105 ], [ 451911.902064582274761, 5008561.847530745901167 ], [ 451885.734086460783146, 5008562.532763368450105 ], [ 451859.637832948472351, 5008564.586583062075078 ], [ 451833.684832062164787, 5008568.003360448405147 ], [ 451807.946219173376448, 5008572.773730378597975 ], [ 451782.492542030988261, 5008578.884617601521313 ], [ 451757.393567394814454, 5008586.3192725982517 ], [ 451732.718089809641242, 5008595.057317497208714 ], [ 451708.533743044361472, 5008605.07480192463845 ], [ 451684.906814712507185, 5008616.344268651679158 ], [ 451661.902064582274761, 5008628.834828853607178 ], [ 451639.582547074765898, 5008642.512246773578227 ], [ 451618.009438436012715, 5008657.339033558033407 ], [ 451597.241869057354052, 5008673.274550016969442 ], [ 451577.336761402839329, 5008690.275118007324636 ], [ 451558.348673989006784, 5008708.29414015263319 ], [ 451540.329651843581814, 5008727.282227566465735 ], [ 451523.329083853808697, 5008747.187335221096873 ], [ 451507.393567394814454, 5008767.954904600046575 ], [ 451492.566780609544367, 5008789.528013238683343 ], [ 451478.889362690038979, 5008811.847530745901167 ], [ 451466.39880248811096, 5008834.85228087566793 ], [ 451455.129335760953836, 5008858.479209207929671 ], [ 451445.111851333698723, 5008882.663555973209441 ], [ 451436.373806434683502, 5008907.339033558033407 ], [ 451428.939151437720284, 5008932.43800819478929 ], [ 451422.828264215379022, 5008957.891685336828232 ], [ 451418.057894284720533, 5008983.63029822614044 ], [ 451414.641116898157634, 5009009.583299112506211 ], [ 451412.587297204998322, 5009035.679552624002099 ], [ 451411.902064582274761, 5009061.847530745901167 ], [ 451412.587297204998322, 5009088.015508867800236 ], [ 451414.641116898157634, 5009114.111762379296124 ], [ 451418.057894284720533, 5009140.064763265661895 ], [ 451422.828264215379022, 5009165.803376154974103 ], [ 451428.939151437720284, 5009191.257053297013044 ], [ 451436.373806434683502, 5009216.356027933768928 ], [ 451445.111851333698723, 5009241.031505518592894 ], [ 451455.129335760953836, 5009265.215852283872664 ], [ 451466.39880248811096, 5009288.842780616134405 ], [ 451478.889362690038979, 5009311.847530745901167 ], [ 451492.566780609544367, 5009334.167048253118992 ], [ 451507.393567394814454, 5009355.74015689175576 ], [ 451523.329083853808697, 5009376.507726270705462 ], [ 451540.329651843581814, 5009396.412833925336599 ], [ 451558.348673989006784, 5009415.400921339169145 ], [ 451577.336761402839329, 5009433.419943484477699 ], [ 451597.241869057354052, 5009450.420511474832892 ], [ 451618.009438436012715, 5009466.356027933768928 ], [ 451639.582547074765898, 5009481.182814718224108 ], [ 451661.902064582274761, 5009494.860232638195157 ], [ 451684.906814712507185, 5009507.350792840123177 ], [ 451708.533743044361472, 5009518.620259567163885 ], [ 451732.718089809641242, 5009528.63774399459362 ], [ 451757.393567394814454, 5009537.375788893550634 ], [ 451782.492542030988261, 5009544.810443890281022 ], [ 451807.946219173376448, 5009550.92133111320436 ], [ 451833.684832062164787, 5009555.691701043397188 ], [ 451859.637832948472351, 5009559.108478429727256 ], [ 451885.734086460783146, 5009561.16229812335223 ], [ 451911.902064582274761, 5009561.847530745901167 ], [ 451938.070042703766376, 5009561.16229812335223 ], [ 451964.166296216077171, 5009559.108478429727256 ], [ 451990.119297102384735, 5009555.691701043397188 ], [ 452015.857909991173074, 5009550.92133111320436 ], [ 452041.311587133561261, 5009544.810443890281022 ], [ 452066.410561769735068, 5009537.375788893550634 ], [ 452091.08603935490828, 5009528.63774399459362 ], [ 452115.27038612018805, 5009518.620259567163885 ], [ 452138.897314452042338, 5009507.350792840123177 ], [ 452161.902064582274761, 5009494.860232638195157 ], [ 452184.221582089783624, 5009481.182814718224108 ], [ 452205.794690728536807, 5009466.356027933768928 ], [ 452226.56226010719547, 5009450.420511474832892 ], [ 452246.467367761710193, 5009433.419943484477699 ], [ 452265.455455175542738, 5009415.400921339169145 ], [ 452283.474477320967708, 5009396.412833925336599 ], [ 452300.475045310740825, 5009376.507726270705462 ], [ 452316.410561769735068, 5009355.74015689175576 ], [ 452331.237348555005156, 5009334.167048253118992 ], [ 452344.914766474510543, 5009311.847530745901167 ], [ 452357.405326676438563, 5009288.842780616134405 ], [ 452368.674793403595686, 5009265.215852283872664 ], [ 452378.692277830850799, 5009241.031505518592894 ], [ 452387.43032272986602, 5009216.356027933768928 ], [ 452394.864977726829238, 5009191.257053297013044 ], [ 452400.9758649491705, 5009165.803376154974103 ], [ 452405.74623487982899, 5009140.064763265661895 ], [ 452409.163012266391888, 5009114.111762379296124 ], [ 452411.2168319595512, 5009088.015508867800236 ], [ 452411.902064582274761, 5009061.847530745901167 ] ] ] } },
{ "type": "Feature", "properties": { "site": 2, "transect": 2.2 }, "geometry": { "type": "Polygon", "coordinates": [ [ [ 452513.959195427480154, 5009122.519772339612246 ], [ 452513.273962804756593, 5009096.351794217713177 ], [ 452511.220143111597281, 5009070.255540706217289 ], [ 452507.803365725034382, 5009044.302539819851518 ], [ 452503.032995794375893, 5009018.56392693053931 ], [ 452496.922108572034631, 5008993.110249788500369 ], [ 452489.487453575071413, 5008968.011275151744485 ], [ 452480.749408676056191, 5008943.335797566920519 ], [ 452470.731924248801079, 5008919.151450801640749 ], [ 452459.462457521643955, 5008895.524522469379008 ], [ 452446.971897319715936, 5008872.519772339612246 ], [ 452433.294479400210548, 5008850.200254832394421 ], [ 452418.467692614940461, 5008828.627146193757653 ], [ 452402.532176155946217, 5008807.859576814807951 ], [ 452385.5316081661731, 5008787.954469160176814 ], [ 452367.512586020748131, 5008768.966381746344268 ], [ 452348.524498606915586, 5008750.947359601035714 ], [ 452328.619390952400863, 5008733.946791610680521 ], [ 452307.8518215737422, 5008718.011275151744485 ], [ 452286.278712934989017, 5008703.184488367289305 ], [ 452263.959195427480154, 5008689.507070447318256 ], [ 452240.95444529724773, 5008677.016510245390236 ], [ 452217.327516965393443, 5008665.747043518349528 ], [ 452193.143170200113673, 5008655.729559090919793 ], [ 452168.467692614940461, 5008646.991514191962779 ], [ 452143.368717978766654, 5008639.556859195232391 ], [ 452117.915040836378466, 5008633.445971972309053 ], [ 452092.176427947590128, 5008628.675602042116225 ], [ 452066.223427061282564, 5008625.258824655786157 ], [ 452040.127173548971768, 5008623.205004962161183 ], [ 452013.959195427480154, 5008622.519772339612246 ], [ 451987.791217305988539, 5008623.205004962161183 ], [ 451961.694963793677744, 5008625.258824655786157 ], [ 451935.74196290737018, 5008628.675602042116225 ], [ 451910.003350018581841, 5008633.445971972309053 ], [ 451884.549672876193654, 5008639.556859195232391 ], [ 451859.450698240019847, 5008646.991514191962779 ], [ 451834.775220654846635, 5008655.729559090919793 ], [ 451810.590873889566865, 5008665.747043518349528 ], [ 451786.963945557712577, 5008677.016510245390236 ], [ 451763.959195427480154, 5008689.507070447318256 ], [ 451741.639677919971291, 5008703.184488367289305 ], [ 451720.066569281218108, 5008718.011275151744485 ], [ 451699.298999902559444, 5008733.946791610680521 ], [ 451679.393892248044722, 5008750.947359601035714 ], [ 451660.405804834212177, 5008768.966381746344268 ], [ 451642.386782688787207, 5008787.954469160176814 ], [ 451625.38621469901409, 5008807.859576814807951 ], [ 451609.450698240019847, 5008828.627146193757653 ], [ 451594.623911454749759, 5008850.200254832394421 ], [ 451580.946493535244372, 5008872.519772339612246 ], [ 451568.455933333316352, 5008895.524522469379008 ], [ 451557.186466606159229, 5008919.151450801640749 ], [ 451547.168982178904116, 5008943.335797566920519 ], [ 451538.430937279888894, 5008968.011275151744485 ], [ 451530.996282282925677, 5008993.110249788500369 ], [ 451524.885395060584415, 5009018.56392693053931 ], [ 451520.115025129925925, 5009044.302539819851518 ], [ 451516.698247743363027, 5009070.255540706217289 ], [ 451514.644428050203715, 5009096.351794217713177 ], [ 451513.959195427480154, 5009122.519772339612246 ], [ 451514.644428050203715, 5009148.687750461511314 ], [ 451516.698247743363027, 5009174.784003973007202 ], [ 451520.115025129925925, 5009200.737004859372973 ], [ 451524.885395060584415, 5009226.475617748685181 ], [ 451530.996282282925677, 5009251.929294890724123 ], [ 451538.430937279888894, 5009277.028269527480006 ], [ 451547.168982178904116, 5009301.703747112303972 ], [ 451557.186466606159229, 5009325.888093877583742 ], [ 451568.455933333316352, 5009349.515022209845483 ], [ 451580.946493535244372, 5009372.519772339612246 ], [ 451594.623911454749759, 5009394.83928984683007 ], [ 451609.450698240019847, 5009416.412398485466838 ], [ 451625.38621469901409, 5009437.17996786441654 ], [ 451642.386782688787207, 5009457.085075519047678 ], [ 451660.405804834212177, 5009476.073162932880223 ], [ 451679.393892248044722, 5009494.092185078188777 ], [ 451699.298999902559444, 5009511.092753068543971 ], [ 451720.066569281218108, 5009527.028269527480006 ], [ 451741.639677919971291, 5009541.855056311935186 ], [ 451763.959195427480154, 5009555.532474231906235 ], [ 451786.963945557712577, 5009568.023034433834255 ], [ 451810.590873889566865, 5009579.292501160874963 ], [ 451834.775220654846635, 5009589.309985588304698 ], [ 451859.450698240019847, 5009598.048030487261713 ], [ 451884.549672876193654, 5009605.4826854839921 ], [ 451910.003350018581841, 5009611.593572706915438 ], [ 451935.74196290737018, 5009616.363942637108266 ], [ 451961.694963793677744, 5009619.780720023438334 ], [ 451987.791217305988539, 5009621.834539717063308 ], [ 452013.959195427480154, 5009622.519772339612246 ], [ 452040.127173548971768, 5009621.834539717063308 ], [ 452066.223427061282564, 5009619.780720023438334 ], [ 452092.176427947590128, 5009616.363942637108266 ], [ 452117.915040836378466, 5009611.593572706915438 ], [ 452143.368717978766654, 5009605.4826854839921 ], [ 452168.467692614940461, 5009598.048030487261713 ], [ 452193.143170200113673, 5009589.309985588304698 ], [ 452217.327516965393443, 5009579.292501160874963 ], [ 452240.95444529724773, 5009568.023034433834255 ], [ 452263.959195427480154, 5009555.532474231906235 ], [ 452286.278712934989017, 5009541.855056311935186 ], [ 452307.8518215737422, 5009527.028269527480006 ], [ 452328.619390952400863, 5009511.092753068543971 ], [ 452348.524498606915586, 5009494.092185078188777 ], [ 452367.512586020748131, 5009476.073162932880223 ], [ 452385.5316081661731, 5009457.085075519047678 ], [ 452402.532176155946217, 5009437.17996786441654 ], [ 452418.467692614940461, 5009416.412398485466838 ], [ 452433.294479400210548, 5009394.83928984683007 ], [ 452446.971897319715936, 5009372.519772339612246 ], [ 452459.462457521643955, 5009349.515022209845483 ], [ 452470.731924248801079, 5009325.888093877583742 ], [ 452480.749408676056191, 5009301.703747112303972 ], [ 452489.487453575071413, 5009277.028269527480006 ], [ 452496.922108572034631, 5009251.929294890724123 ], [ 452503.032995794375893, 5009226.475617748685181 ], [ 452507.803365725034382, 5009200.737004859372973 ], [ 452511.220143111597281, 5009174.784003973007202 ], [ 452513.273962804756593, 5009148.687750461511314 ], [ 452513.959195427480154, 5009122.519772339612246 ] ] ] } },
{ "type": "Feature", "properties": { "site": 2, "transect": 2.3 }, "geometry": { "type": "Polygon", "coordinates": [ [ [ 452333.344839826633688, 5009019.833772604353726 ], [ 452332.659607203910127, 5008993.665794482454658 ], [ 452330.605787510750815, 5008967.569540970958769 ], [ 452327.189010124187917, 5008941.616540084592998 ], [ 452322.418640193529427, 5008915.87792719528079 ], [ 452316.307752971188165, 5008890.424250053241849 ], [ 452308.873097974224947, 5008865.325275416485965 ], [ 452300.135053075209726, 5008840.649797831661999 ], [ 452290.117568647954613, 5008816.465451066382229 ], [ 452278.84810192079749, 5008792.838522734120488 ], [ 452266.35754171886947, 5008769.833772604353726 ], [ 452252.680123799364083, 5008747.514255097135901 ], [ 452237.853337014093995, 5008725.941146458499134 ], [ 452221.917820555099752, 5008705.173577079549432 ], [ 452204.917252565326635, 5008685.268469424918294 ], [ 452186.898230419901665, 5008666.280382011085749 ], [ 452167.91014300606912, 5008648.261359865777194 ], [ 452148.005035351554397, 5008631.260791875422001 ], [ 452127.237465972895734, 5008615.325275416485965 ], [ 452105.664357334142551, 5008600.498488632030785 ], [ 452083.344839826633688, 5008586.821070712059736 ], [ 452060.340089696401265, 5008574.330510510131717 ], [ 452036.713161364546977, 5008563.061043783091009 ], [ 452012.528814599267207, 5008553.043559355661273 ], [ 451987.853337014093995, 5008544.305514456704259 ], [ 451962.754362377920188, 5008536.870859459973872 ], [ 451937.300685235532001, 5008530.759972237050533 ], [ 451911.562072346743662, 5008525.989602306857705 ], [ 451885.609071460436098, 5008522.572824920527637 ], [ 451859.512817948125303, 5008520.519005226902664 ], [ 451833.344839826633688, 5008519.833772604353726 ], [ 451807.176861705142073, 5008520.519005226902664 ], [ 451781.080608192831278, 5008522.572824920527637 ], [ 451755.127607306523714, 5008525.989602306857705 ], [ 451729.388994417735375, 5008530.759972237050533 ], [ 451703.935317275347188, 5008536.870859459973872 ], [ 451678.836342639173381, 5008544.305514456704259 ], [ 451654.160865054000169, 5008553.043559355661273 ], [ 451629.976518288720399, 5008563.061043783091009 ], [ 451606.349589956866112, 5008574.330510510131717 ], [ 451583.344839826633688, 5008586.821070712059736 ], [ 451561.025322319124825, 5008600.498488632030785 ], [ 451539.452213680371642, 5008615.325275416485965 ], [ 451518.684644301712979, 5008631.260791875422001 ], [ 451498.779536647198256, 5008648.261359865777194 ], [ 451479.791449233365711, 5008666.280382011085749 ], [ 451461.772427087940741, 5008685.268469424918294 ], [ 451444.771859098167624, 5008705.173577079549432 ], [ 451428.836342639173381, 5008725.941146458499134 ], [ 451414.009555853903294, 5008747.514255097135901 ], [ 451400.332137934397906, 5008769.833772604353726 ], [ 451387.841577732469887, 5008792.838522734120488 ], [ 451376.572111005312763, 5008816.465451066382229 ], [ 451366.55462657805765, 5008840.649797831661999 ], [ 451357.816581679042429, 5008865.325275416485965 ], [ 451350.381926682079211, 5008890.424250053241849 ], [ 451344.271039459737949, 5008915.87792719528079 ], [ 451339.50066952907946, 5008941.616540084592998 ], [ 451336.083892142516561, 5008967.569540970958769 ], [ 451334.030072449357249, 5008993.665794482454658 ], [ 451333.344839826633688, 5009019.833772604353726 ], [ 451334.030072449357249, 5009046.001750726252794 ], [ 451336.083892142516561, 5009072.098004237748682 ], [ 451339.50066952907946, 5009098.051005124114454 ], [ 451344.271039459737949, 5009123.789618013426661 ], [ 451350.381926682079211, 5009149.243295155465603 ], [ 451357.816581679042429, 5009174.342269792221487 ], [ 451366.55462657805765, 5009199.017747377045453 ], [ 451376.572111005312763, 5009223.202094142325222 ], [ 451387.841577732469887, 5009246.829022474586964 ], [ 451400.332137934397906, 5009269.833772604353726 ], [ 451414.009555853903294, 5009292.15329011157155 ], [ 451428.836342639173381, 5009313.726398750208318 ], [ 451444.771859098167624, 5009334.49396812915802 ], [ 451461.772427087940741, 5009354.399075783789158 ], [ 451479.791449233365711, 5009373.387163197621703 ], [ 451498.779536647198256, 5009391.406185342930257 ], [ 451518.684644301712979, 5009408.406753333285451 ], [ 451539.452213680371642, 5009424.342269792221487 ], [ 451561.025322319124825, 5009439.169056576676667 ], [ 451583.344839826633688, 5009452.846474496647716 ], [ 451606.349589956866112, 5009465.337034698575735 ], [ 451629.976518288720399, 5009476.606501425616443 ], [ 451654.160865054000169, 5009486.623985853046179 ], [ 451678.836342639173381, 5009495.362030752003193 ], [ 451703.935317275347188, 5009502.79668574873358 ], [ 451729.388994417735375, 5009508.907572971656919 ], [ 451755.127607306523714, 5009513.677942901849747 ], [ 451781.080608192831278, 5009517.094720288179815 ], [ 451807.176861705142073, 5009519.148539981804788 ], [ 451833.344839826633688, 5009519.833772604353726 ], [ 451859.512817948125303, 5009519.148539981804788 ], [ 451885.609071460436098, 5009517.094720288179815 ], [ 451911.562072346743662, 5009513.677942901849747 ], [ 451937.300685235532001, 5009508.907572971656919 ], [ 451962.754362377920188, 5009502.79668574873358 ], [ 451987.853337014093995, 5009495.362030752003193 ], [ 452012.528814599267207, 5009486.623985853046179 ], [ 452036.713161364546977, 5009476.606501425616443 ], [ 452060.340089696401265, 5009465.337034698575735 ], [ 452083.344839826633688, 5009452.846474496647716 ], [ 452105.664357334142551, 5009439.169056576676667 ], [ 452127.237465972895734, 5009424.342269792221487 ], [ 452148.005035351554397, 5009408.406753333285451 ], [ 452167.91014300606912, 5009391.406185342930257 ], [ 452186.898230419901665, 5009373.387163197621703 ], [ 452204.917252565326635, 5009354.399075783789158 ], [ 452221.917820555099752, 5009334.49396812915802 ], [ 452237.853337014093995, 5009313.726398750208318 ], [ 452252.680123799364083, 5009292.15329011157155 ], [ 452266.35754171886947, 5009269.833772604353726 ], [ 452278.84810192079749, 5009246.829022474586964 ], [ 452290.117568647954613, 5009223.202094142325222 ], [ 452300.135053075209726, 5009199.017747377045453 ], [ 452308.873097974224947, 5009174.342269792221487 ], [ 452316.307752971188165, 5009149.243295155465603 ], [ 452322.418640193529427, 5009123.789618013426661 ], [ 452327.189010124187917, 5009098.051005124114454 ], [ 452330.605787510750815, 5009072.098004237748682 ], [ 452332.659607203910127, 5009046.001750726252794 ], [ 452333.344839826633688, 5009019.833772604353726 ] ] ] } },
{ "type": "Feature", "properties": { "site": 2, "transect": 2.4 }, "geometry": { "type": "Polygon", "coordinates": [ [ [ 452498.049805355840363, 5009102.614861198700964 ], [ 452497.364572733116802, 5009076.446883076801896 ], [ 452495.31075303995749, 5009050.350629565306008 ], [ 452491.893975653394591, 5009024.397628678940237 ], [ 452487.123605722736102, 5008998.659015789628029 ], [ 452481.01271850039484, 5008973.205338647589087 ], [ 452473.578063503431622, 5008948.106364010833204 ], [ 452464.8400186044164, 5008923.430886426009238 ], [ 452454.822534177161288, 5008899.246539660729468 ], [ 452443.553067450004164, 5008875.619611328467727 ], [ 452431.062507248076145, 5008852.614861198700964 ], [ 452417.385089328570757, 5008830.29534369148314 ], [ 452402.55830254330067, 5008808.722235052846372 ], [ 452386.622786084306426, 5008787.95466567389667 ], [ 452369.622218094533309, 5008768.049558019265532 ], [ 452351.60319594910834, 5008749.061470605432987 ], [ 452332.615108535275795, 5008731.042448460124433 ], [ 452312.710000880761072, 5008714.041880469769239 ], [ 452291.942431502102409, 5008698.106364010833204 ], [ 452270.369322863349225, 5008683.279577226378024 ], [ 452248.049805355840363, 5008669.602159306406975 ], [ 452225.045055225607939, 5008657.111599104478955 ], [ 452201.418126893753652, 5008645.842132377438247 ], [ 452177.233780128473882, 5008635.824647950008512 ], [ 452152.55830254330067, 5008627.086603051051497 ], [ 452127.459327907126863, 5008619.65194805432111 ], [ 452102.005650764738675, 5008613.541060831397772 ], [ 452076.267037875950336, 5008608.770690901204944 ], [ 452050.314036989642773, 5008605.353913514874876 ], [ 452024.217783477331977, 5008603.300093821249902 ], [ 451998.049805355840363, 5008602.614861198700964 ], [ 451971.881827234348748, 5008603.300093821249902 ], [ 451945.785573722037952, 5008605.353913514874876 ], [ 451919.832572835730389, 5008608.770690901204944 ], [ 451894.09395994694205, 5008613.541060831397772 ], [ 451868.640282804553863, 5008619.65194805432111 ], [ 451843.541308168380056, 5008627.086603051051497 ], [ 451818.865830583206844, 5008635.824647950008512 ], [ 451794.681483817927074, 5008645.842132377438247 ], [ 451771.054555486072786, 5008657.111599104478955 ], [ 451748.049805355840363, 5008669.602159306406975 ], [ 451725.7302878483315, 5008683.279577226378024 ], [ 451704.157179209578317, 5008698.106364010833204 ], [ 451683.389609830919653, 5008714.041880469769239 ], [ 451663.484502176404931, 5008731.042448460124433 ], [ 451644.496414762572385, 5008749.061470605432987 ], [ 451626.477392617147416, 5008768.049558019265532 ], [ 451609.476824627374299, 5008787.95466567389667 ], [ 451593.541308168380056, 5008808.722235052846372 ], [ 451578.714521383109968, 5008830.29534369148314 ], [ 451565.037103463604581, 5008852.614861198700964 ], [ 451552.546543261676561, 5008875.619611328467727 ], [ 451541.277076534519438, 5008899.246539660729468 ], [ 451531.259592107264325, 5008923.430886426009238 ], [ 451522.521547208249103, 5008948.106364010833204 ], [ 451515.086892211285885, 5008973.205338647589087 ], [ 451508.976004988944624, 5008998.659015789628029 ], [ 451504.205635058286134, 5009024.397628678940237 ], [ 451500.788857671723235, 5009050.350629565306008 ], [ 451498.735037978563923, 5009076.446883076801896 ], [ 451498.049805355840363, 5009102.614861198700964 ], [ 451498.735037978563923, 5009128.782839320600033 ], [ 451500.788857671723235, 5009154.879092832095921 ], [ 451504.205635058286134, 5009180.832093718461692 ], [ 451508.976004988944624, 5009206.5707066077739 ], [ 451515.086892211285885, 5009232.024383749812841 ], [ 451522.521547208249103, 5009257.123358386568725 ], [ 451531.259592107264325, 5009281.798835971392691 ], [ 451541.277076534519438, 5009305.983182736672461 ], [ 451552.546543261676561, 5009329.610111068934202 ], [ 451565.037103463604581, 5009352.614861198700964 ], [ 451578.714521383109968, 5009374.934378705918789 ], [ 451593.541308168380056, 5009396.507487344555557 ], [ 451609.476824627374299, 5009417.275056723505259 ], [ 451626.477392617147416, 5009437.180164378136396 ], [ 451644.496414762572385, 5009456.168251791968942 ], [ 451663.484502176404931, 5009474.187273937277496 ], [ 451683.389609830919653, 5009491.187841927632689 ], [ 451704.157179209578317, 5009507.123358386568725 ], [ 451725.7302878483315, 5009521.950145171023905 ], [ 451748.049805355840363, 5009535.627563090994954 ], [ 451771.054555486072786, 5009548.118123292922974 ], [ 451794.681483817927074, 5009559.387590019963682 ], [ 451818.865830583206844, 5009569.405074447393417 ], [ 451843.541308168380056, 5009578.143119346350431 ], [ 451868.640282804553863, 5009585.577774343080819 ], [ 451894.09395994694205, 5009591.688661566004157 ], [ 451919.832572835730389, 5009596.459031496196985 ], [ 451945.785573722037952, 5009599.875808882527053 ], [ 451971.881827234348748, 5009601.929628576152027 ], [ 451998.049805355840363, 5009602.614861198700964 ], [ 452024.217783477331977, 5009601.929628576152027 ], [ 452050.314036989642773, 5009599.875808882527053 ], [ 452076.267037875950336, 5009596.459031496196985 ], [ 452102.005650764738675, 5009591.688661566004157 ], [ 452127.459327907126863, 5009585.577774343080819 ], [ 452152.55830254330067, 5009578.143119346350431 ], [ 452177.233780128473882, 5009569.405074447393417 ], [ 452201.418126893753652, 5009559.387590019963682 ], [ 452225.045055225607939, 5009548.118123292922974 ], [ 452248.049805355840363, 5009535.627563090994954 ], [ 452270.369322863349225, 5009521.950145171023905 ], [ 452291.942431502102409, 5009507.123358386568725 ], [ 452312.710000880761072, 5009491.187841927632689 ], [ 452332.615108535275795, 5009474.187273937277496 ], [ 452351.60319594910834, 5009456.168251791968942 ], [ 452369.622218094533309, 5009437.180164378136396 ], [ 452386.622786084306426, 5009417.275056723505259 ], [ 452402.55830254330067, 5009396.507487344555557 ], [ 452417.385089328570757, 5009374.934378705918789 ], [ 452431.062507248076145, 5009352.614861198700964 ], [ 452443.553067450004164, 5009329.610111068934202 ], [ 452454.822534177161288, 5009305.983182736672461 ], [ 452464.8400186044164, 5009281.798835971392691 ], [ 452473.578063503431622, 5009257.123358386568725 ], [ 452481.01271850039484, 5009232.024383749812841 ], [ 452487.123605722736102, 5009206.5707066077739 ], [ 452491.893975653394591, 5009180.832093718461692 ], [ 452495.31075303995749, 5009154.879092832095921 ], [ 452497.364572733116802, 5009128.782839320600033 ], [ 452498.049805355840363, 5009102.614861198700964 ] ] ] } },
{ "type": "Feature", "properties": { "site": 2, "transect": 2.5 }, "geometry": { "type": "Polygon", "coordinates": [ [ [ 452395.440706346649677, 5009066.694197344593704 ], [ 452394.755473723926116, 5009040.526219222694635 ], [ 452392.701654030766804, 5009014.429965711198747 ], [ 452389.284876644203905, 5008988.476964824832976 ], [ 452384.514506713545416, 5008962.738351935520768 ], [ 452378.403619491204154, 5008937.284674793481827 ], [ 452370.968964494240936, 5008912.185700156725943 ], [ 452362.230919595225714, 5008887.510222571901977 ], [ 452352.213435167970601, 5008863.325875806622207 ], [ 452340.943968440813478, 5008839.698947474360466 ], [ 452328.453408238885459, 5008816.694197344593704 ], [ 452314.775990319380071, 5008794.374679837375879 ], [ 452299.949203534109984, 5008772.801571198739111 ], [ 452284.01368707511574, 5008752.03400181978941 ], [ 452267.013119085342623, 5008732.128894165158272 ], [ 452248.994096939917654, 5008713.140806751325727 ], [ 452230.006009526085109, 5008695.121784606017172 ], [ 452210.100901871570386, 5008678.121216615661979 ], [ 452189.333332492911723, 5008662.185700156725943 ], [ 452167.760223854158539, 5008647.358913372270763 ], [ 452145.440706346649677, 5008633.681495452299714 ], [ 452122.435956216417253, 5008621.190935250371695 ], [ 452098.809027884562965, 5008609.921468523330986 ], [ 452074.624681119283196, 5008599.903984095901251 ], [ 452049.949203534109984, 5008591.165939196944237 ], [ 452024.850228897936177, 5008583.73128420021385 ], [ 451999.396551755547989, 5008577.620396977290511 ], [ 451973.65793886675965, 5008572.850027047097683 ], [ 451947.704937980452087, 5008569.433249660767615 ], [ 451921.608684468141291, 5008567.379429967142642 ], [ 451895.440706346649677, 5008566.694197344593704 ], [ 451869.272728225158062, 5008567.379429967142642 ], [ 451843.176474712847266, 5008569.433249660767615 ], [ 451817.223473826539703, 5008572.850027047097683 ], [ 451791.484860937751364, 5008577.620396977290511 ], [ 451766.031183795363177, 5008583.73128420021385 ], [ 451740.93220915918937, 5008591.165939196944237 ], [ 451716.256731574016158, 5008599.903984095901251 ], [ 451692.072384808736388, 5008609.921468523330986 ], [ 451668.4454564768821, 5008621.190935250371695 ], [ 451645.440706346649677, 5008633.681495452299714 ], [ 451623.121188839140814, 5008647.358913372270763 ], [ 451601.548080200387631, 5008662.185700156725943 ], [ 451580.780510821728967, 5008678.121216615661979 ], [ 451560.875403167214245, 5008695.121784606017172 ], [ 451541.887315753381699, 5008713.140806751325727 ], [ 451523.86829360795673, 5008732.128894165158272 ], [ 451506.867725618183613, 5008752.03400181978941 ], [ 451490.93220915918937, 5008772.801571198739111 ], [ 451476.105422373919282, 5008794.374679837375879 ], [ 451462.428004454413895, 5008816.694197344593704 ], [ 451449.937444252485875, 5008839.698947474360466 ], [ 451438.667977525328752, 5008863.325875806622207 ], [ 451428.650493098073639, 5008887.510222571901977 ], [ 451419.912448199058417, 5008912.185700156725943 ], [ 451412.477793202095199, 5008937.284674793481827 ], [ 451406.366905979753938, 5008962.738351935520768 ], [ 451401.596536049095448, 5008988.476964824832976 ], [ 451398.179758662532549, 5009014.429965711198747 ], [ 451396.125938969373237, 5009040.526219222694635 ], [ 451395.440706346649677, 5009066.694197344593704 ], [ 451396.125938969373237, 5009092.862175466492772 ], [ 451398.179758662532549, 5009118.95842897798866 ], [ 451401.596536049095448, 5009144.911429864354432 ], [ 451406.366905979753938, 5009170.650042753666639 ], [ 451412.477793202095199, 5009196.103719895705581 ], [ 451419.912448199058417, 5009221.202694532461464 ], [ 451428.650493098073639, 5009245.87817211728543 ], [ 451438.667977525328752, 5009270.0625188825652 ], [ 451449.937444252485875, 5009293.689447214826941 ], [ 451462.428004454413895, 5009316.694197344593704 ], [ 451476.105422373919282, 5009339.013714851811528 ], [ 451490.93220915918937, 5009360.586823490448296 ], [ 451506.867725618183613, 5009381.354392869397998 ], [ 451523.86829360795673, 5009401.259500524029136 ], [ 451541.887315753381699, 5009420.247587937861681 ], [ 451560.875403167214245, 5009438.266610083170235 ], [ 451580.780510821728967, 5009455.267178073525429 ], [ 451601.548080200387631, 5009471.202694532461464 ], [ 451623.121188839140814, 5009486.029481316916645 ], [ 451645.440706346649677, 5009499.706899236887693 ], [ 451668.4454564768821, 5009512.197459438815713 ], [ 451692.072384808736388, 5009523.466926165856421 ], [ 451716.256731574016158, 5009533.484410593286157 ], [ 451740.93220915918937, 5009542.222455492243171 ], [ 451766.031183795363177, 5009549.657110488973558 ], [ 451791.484860937751364, 5009555.767997711896896 ], [ 451817.223473826539703, 5009560.538367642089725 ], [ 451843.176474712847266, 5009563.955145028419793 ], [ 451869.272728225158062, 5009566.008964722044766 ], [ 451895.440706346649677, 5009566.694197344593704 ], [ 451921.608684468141291, 5009566.008964722044766 ], [ 451947.704937980452087, 5009563.955145028419793 ], [ 451973.65793886675965, 5009560.538367642089725 ], [ 451999.396551755547989, 5009555.767997711896896 ], [ 452024.850228897936177, 5009549.657110488973558 ], [ 452049.949203534109984, 5009542.222455492243171 ], [ 452074.624681119283196, 5009533.484410593286157 ], [ 452098.809027884562965, 5009523.466926165856421 ], [ 452122.435956216417253, 5009512.197459438815713 ], [ 452145.440706346649677, 5009499.706899236887693 ], [ 452167.760223854158539, 5009486.029481316916645 ], [ 452189.333332492911723, 5009471.202694532461464 ], [ 452210.100901871570386, 5009455.267178073525429 ], [ 452230.006009526085109, 5009438.266610083170235 ], [ 452248.994096939917654, 5009420.247587937861681 ], [ 452267.013119085342623, 5009401.259500524029136 ], [ 452284.01368707511574, 5009381.354392869397998 ], [ 452299.949203534109984, 5009360.586823490448296 ], [ 452314.775990319380071, 5009339.013714851811528 ], [ 452328.453408238885459, 5009316.694197344593704 ], [ 452340.943968440813478, 5009293.689447214826941 ], [ 452352.213435167970601, 5009270.0625188825652 ], [ 452362.230919595225714, 5009245.87817211728543 ], [ 452370.968964494240936, 5009221.202694532461464 ], [ 452378.403619491204154, 5009196.103719895705581 ], [ 452384.514506713545416, 5009170.650042753666639 ], [ 452389.284876644203905, 5009144.911429864354432 ], [ 452392.701654030766804, 5009118.95842897798866 ], [ 452394.755473723926116, 5009092.862175466492772 ], [ 452395.440706346649677, 5009066.694197344593704 ] ] ] } },
{ "type": "Feature", "properties": { "site": 2, "transect": 2.6 }, "geometry": { "type": "Polygon", "coordinates": [ [ [ 452400.577675518463366, 5009069.173785045742989 ], [ 452399.892442895739805, 5009043.00580692384392 ], [ 452397.838623202580493, 5009016.909553412348032 ], [ 452394.421845816017594, 5008990.956552525982261 ], [ 452389.651475885359105, 5008965.217939636670053 ], [ 452383.540588663017843, 5008939.764262494631112 ], [ 452376.105933666054625, 5008914.665287857875228 ], [ 452367.367888767039403, 5008889.989810273051262 ], [ 452357.350404339784291, 5008865.805463507771492 ], [ 452346.080937612627167, 5008842.178535175509751 ], [ 452333.590377410699148, 5008819.173785045742989 ], [ 452319.91295949119376, 5008796.854267538525164 ], [ 452305.086172705923673, 5008775.281158899888396 ], [ 452289.150656246929429, 5008754.513589520938694 ], [ 452272.150088257156312, 5008734.608481866307557 ], [ 452254.131066111731343, 5008715.620394452475011 ], [ 452235.142978697898798, 5008697.601372307166457 ], [ 452215.237871043384075, 5008680.600804316811264 ], [ 452194.470301664725412, 5008664.665287857875228 ], [ 452172.897193025972228, 5008649.838501073420048 ], [ 452150.577675518463366, 5008636.161083153448999 ], [ 452127.572925388230942, 5008623.670522951520979 ], [ 452103.945997056376655, 5008612.401056224480271 ], [ 452079.761650291096885, 5008602.383571797050536 ], [ 452055.086172705923673, 5008593.645526898093522 ], [ 452029.987198069749866, 5008586.210871901363134 ], [ 452004.533520927361678, 5008580.099984678439796 ], [ 451978.79490803857334, 5008575.329614748246968 ], [ 451952.841907152265776, 5008571.9128373619169 ], [ 451926.74565363995498, 5008569.859017668291926 ], [ 451900.577675518463366, 5008569.173785045742989 ], [ 451874.409697396971751, 5008569.859017668291926 ], [ 451848.313443884660956, 5008571.9128373619169 ], [ 451822.360442998353392, 5008575.329614748246968 ], [ 451796.621830109565053, 5008580.099984678439796 ], [ 451771.168152967176866, 5008586.210871901363134 ], [ 451746.069178331003059, 5008593.645526898093522 ], [ 451721.393700745829847, 5008602.383571797050536 ], [ 451697.209353980550077, 5008612.401056224480271 ], [ 451673.582425648695789, 5008623.670522951520979 ], [ 451650.577675518463366, 5008636.161083153448999 ], [ 451628.258158010954503, 5008649.838501073420048 ], [ 451606.68504937220132, 5008664.665287857875228 ], [ 451585.917479993542656, 5008680.600804316811264 ], [ 451566.012372339027934, 5008697.601372307166457 ], [ 451547.024284925195388, 5008715.620394452475011 ], [ 451529.005262779770419, 5008734.608481866307557 ], [ 451512.004694789997302, 5008754.513589520938694 ], [ 451496.069178331003059, 5008775.281158899888396 ], [ 451481.242391545732971, 5008796.854267538525164 ], [ 451467.564973626227584, 5008819.173785045742989 ], [ 451455.074413424299564, 5008842.178535175509751 ], [ 451443.804946697142441, 5008865.805463507771492 ], [ 451433.787462269887328, 5008889.989810273051262 ], [ 451425.049417370872106, 5008914.665287857875228 ], [ 451417.614762373908889, 5008939.764262494631112 ], [ 451411.503875151567627, 5008965.217939636670053 ], [ 451406.733505220909137, 5008990.956552525982261 ], [ 451403.316727834346239, 5009016.909553412348032 ], [ 451401.262908141186927, 5009043.00580692384392 ], [ 451400.577675518463366, 5009069.173785045742989 ], [ 451401.262908141186927, 5009095.341763167642057 ], [ 451403.316727834346239, 5009121.438016679137945 ], [ 451406.733505220909137, 5009147.391017565503716 ], [ 451411.503875151567627, 5009173.129630454815924 ], [ 451417.614762373908889, 5009198.583307596854866 ], [ 451425.049417370872106, 5009223.682282233610749 ], [ 451433.787462269887328, 5009248.357759818434715 ], [ 451443.804946697142441, 5009272.542106583714485 ], [ 451455.074413424299564, 5009296.169034915976226 ], [ 451467.564973626227584, 5009319.173785045742989 ], [ 451481.242391545732971, 5009341.493302552960813 ], [ 451496.069178331003059, 5009363.066411191597581 ], [ 451512.004694789997302, 5009383.833980570547283 ], [ 451529.005262779770419, 5009403.739088225178421 ], [ 451547.024284925195388, 5009422.727175639010966 ], [ 451566.012372339027934, 5009440.74619778431952 ], [ 451585.917479993542656, 5009457.746765774674714 ], [ 451606.68504937220132, 5009473.682282233610749 ], [ 451628.258158010954503, 5009488.509069018065929 ], [ 451650.577675518463366, 5009502.186486938036978 ], [ 451673.582425648695789, 5009514.677047139964998 ], [ 451697.209353980550077, 5009525.946513867005706 ], [ 451721.393700745829847, 5009535.963998294435441 ], [ 451746.069178331003059, 5009544.702043193392456 ], [ 451771.168152967176866, 5009552.136698190122843 ], [ 451796.621830109565053, 5009558.247585413046181 ], [ 451822.360442998353392, 5009563.017955343239009 ], [ 451848.313443884660956, 5009566.434732729569077 ], [ 451874.409697396971751, 5009568.488552423194051 ], [ 451900.577675518463366, 5009569.173785045742989 ], [ 451926.74565363995498, 5009568.488552423194051 ], [ 451952.841907152265776, 5009566.434732729569077 ], [ 451978.79490803857334, 5009563.017955343239009 ], [ 452004.533520927361678, 5009558.247585413046181 ], [ 452029.987198069749866, 5009552.136698190122843 ], [ 452055.086172705923673, 5009544.702043193392456 ], [ 452079.761650291096885, 5009535.963998294435441 ], [ 452103.945997056376655, 5009525.946513867005706 ], [ 452127.572925388230942, 5009514.677047139964998 ], [ 452150.577675518463366, 5009502.186486938036978 ], [ 452172.897193025972228, 5009488.509069018065929 ], [ 452194.470301664725412, 5009473.682282233610749 ], [ 452215.237871043384075, 5009457.746765774674714 ], [ 452235.142978697898798, 5009440.74619778431952 ], [ 452254.131066111731343, 5009422.727175639010966 ], [ 452272.150088257156312, 5009403.739088225178421 ], [ 452289.150656246929429, 5009383.833980570547283 ], [ 452305.086172705923673, 5009363.066411191597581 ], [ 452319.91295949119376, 5009341.493302552960813 ], [ 452333.590377410699148, 5009319.173785045742989 ], [ 452346.080937612627167, 5009296.169034915976226 ], [ 452357.350404339784291, 5009272.542106583714485 ], [ 452367.367888767039403, 5009248.357759818434715 ], [ 452376.105933666054625, 5009223.682282233610749 ], [ 452383.540588663017843, 5009198.583307596854866 ], [ 452389.651475885359105, 5009173.129630454815924 ], [ 452394.421845816017594, 5009147.391017565503716 ], [ 452397.838623202580493, 5009121.438016679137945 ], [ 452399.892442895739805, 5009095.341763167642057 ], [ 452400.577675518463366, 5009069.173785045742989 ] ] ] } },
{ "type": "Feature", "properties": { "site": 3, "transect": 3.1 }, "geometry": { "type": "Polygon", "coordinates": [ [ [ 376327.785098933847621, 5040937.903013350442052 ], [ 376327.09986631112406, 5040911.735035228542984 ], [ 376325.046046617964748, 5040885.638781717047095 ], [ 376321.62926923140185, 5040859.685780830681324 ], [ 376316.85889930074336, 5040833.947167941369116 ], [ 376310.748012078402098, 5040808.493490799330175 ], [ 376303.31335708143888, 5040783.394516162574291 ], [ 376294.575312182423659, 5040758.719038577750325 ], [ 376284.557827755168546, 5040734.534691812470555 ], [ 376273.288361028011423, 5040710.907763480208814 ], [ 376260.797800826083403, 5040687.903013350442052 ], [ 376247.120382906578016, 5040665.583495843224227 ], [ 376232.293596121307928, 5040644.01038720458746 ], [ 376216.358079662313685, 5040623.242817825637758 ], [ 376199.357511672540568, 5040603.33771017100662 ], [ 376181.338489527115598, 5040584.349622757174075 ], [ 376162.350402113283053, 5040566.33060061186552 ], [ 376142.445294458768331, 5040549.330032621510327 ], [ 376121.677725080109667, 5040533.394516162574291 ], [ 376100.104616441356484, 5040518.567729378119111 ], [ 376077.785098933847621, 5040504.890311458148062 ], [ 376054.780348803615198, 5040492.399751256220043 ], [ 376031.15342047176091, 5040481.130284529179335 ], [ 376006.96907370648114, 5040471.112800101749599 ], [ 375982.293596121307928, 5040462.374755202792585 ], [ 375957.194621485134121, 5040454.940100206062198 ], [ 375931.740944342745934, 5040448.829212983138859 ], [ 375906.002331453957595, 5040444.058843052946031 ], [ 375880.049330567650031, 5040440.642065666615963 ], [ 375853.953077055339236, 5040438.58824597299099 ], [ 375827.785098933847621, 5040437.903013350442052 ], [ 375801.617120812356006, 5040438.58824597299099 ], [ 375775.520867300045211, 5040440.642065666615963 ], [ 375749.567866413737647, 5040444.058843052946031 ], [ 375723.829253524949308, 5040448.829212983138859 ], [ 375698.375576382561121, 5040454.940100206062198 ], [ 375673.276601746387314, 5040462.374755202792585 ], [ 375648.601124161214102, 5040471.112800101749599 ], [ 375624.416777395934332, 5040481.130284529179335 ], [ 375600.789849064080045, 5040492.399751256220043 ], [ 375577.785098933847621, 5040504.890311458148062 ], [ 375555.465581426338758, 5040518.567729378119111 ], [ 375533.892472787585575, 5040533.394516162574291 ], [ 375513.124903408926912, 5040549.330032621510327 ], [ 375493.219795754412189, 5040566.33060061186552 ], [ 375474.231708340579644, 5040584.349622757174075 ], [ 375456.212686195154674, 5040603.33771017100662 ], [ 375439.212118205381557, 5040623.242817825637758 ], [ 375423.276601746387314, 5040644.01038720458746 ], [ 375408.449814961117227, 5040665.583495843224227 ], [ 375394.772397041611839, 5040687.903013350442052 ], [ 375382.28183683968382, 5040710.907763480208814 ], [ 375371.012370112526696, 5040734.534691812470555 ], [ 375360.994885685271583, 5040758.719038577750325 ], [ 375352.256840786256362, 5040783.394516162574291 ], [ 375344.822185789293144, 5040808.493490799330175 ], [ 375338.711298566951882, 5040833.947167941369116 ], [ 375333.940928636293393, 5040859.685780830681324 ], [ 375330.524151249730494, 5040885.638781717047095 ], [ 375328.470331556571182, 5040911.735035228542984 ], [ 375327.785098933847621, 5040937.903013350442052 ], [ 375328.470331556571182, 5040964.07099147234112 ], [ 375330.524151249730494, 5040990.167244983837008 ], [ 375333.940928636293393, 5041016.12024587020278 ], [ 375338.711298566951882, 5041041.858858759514987 ], [ 375344.822185789293144, 5041067.312535901553929 ], [ 375352.256840786256362, 5041092.411510538309813 ], [ 375360.994885685271583, 5041117.086988123133779 ], [ 375371.012370112526696, 5041141.271334888413548 ], [ 375382.28183683968382, 5041164.89826322067529 ], [ 375394.772397041611839, 5041187.903013350442052 ], [ 375408.449814961117227, 5041210.222530857659876 ], [ 375423.276601746387314, 5041231.795639496296644 ], [ 375439.212118205381557, 5041252.563208875246346 ], [ 375456.212686195154674, 5041272.468316529877484 ], [ 375474.231708340579644, 5041291.456403943710029 ], [ 375493.219795754412189, 5041309.475426089018583 ], [ 375513.124903408926912, 5041326.475994079373777 ], [ 375533.892472787585575, 5041342.411510538309813 ], [ 375555.465581426338758, 5041357.238297322764993 ], [ 375577.785098933847621, 5041370.915715242736042 ], [ 375600.789849064080045, 5041383.406275444664061 ], [ 375624.416777395934332, 5041394.675742171704769 ], [ 375648.601124161214102, 5041404.693226599134505 ], [ 375673.276601746387314, 5041413.431271498091519 ], [ 375698.375576382561121, 5041420.865926494821906 ], [ 375723.829253524949308, 5041426.976813717745245 ], [ 375749.567866413737647, 5041431.747183647938073 ], [ 375775.520867300045211, 5041435.163961034268141 ], [ 375801.617120812356006, 5041437.217780727893114 ], [ 375827.785098933847621, 5041437.903013350442052 ], [ 375853.953077055339236, 5041437.217780727893114 ], [ 375880.049330567650031, 5041435.163961034268141 ], [ 375906.002331453957595, 5041431.747183647938073 ], [ 375931.740944342745934, 5041426.976813717745245 ], [ 375957.194621485134121, 5041420.865926494821906 ], [ 375982.293596121307928, 5041413.431271498091519 ], [ 376006.96907370648114, 5041404.693226599134505 ], [ 376031.15342047176091, 5041394.675742171704769 ], [ 376054.780348803615198, 5041383.406275444664061 ], [ 376077.785098933847621, 5041370.915715242736042 ], [ 376100.104616441356484, 5041357.238297322764993 ], [ 376121.677725080109667, 5041342.411510538309813 ], [ 376142.445294458768331, 5041326.475994079373777 ], [ 376162.350402113283053, 5041309.475426089018583 ], [ 376181.338489527115598, 5041291.456403943710029 ], [ 376199.357511672540568, 5041272.468316529877484 ], [ 376216.358079662313685, 5041252.563208875246346 ], [ 376232.293596121307928, 5041231.795639496296644 ], [ 376247.120382906578016, 5041210.222530857659876 ], [ 376260.797800826083403, 5041187.903013350442052 ], [ 376273.288361028011423, 5041164.89826322067529 ], [ 376284.557827755168546, 5041141.271334888413548 ], [ 376294.575312182423659, 5041117.086988123133779 ], [ 376303.31335708143888, 5041092.411510538309813 ], [ 376310.748012078402098, 5041067.312535901553929 ], [ 376316.85889930074336, 5041041.858858759514987 ], [ 376321.62926923140185, 5041016.12024587020278 ], [ 376325.046046617964748, 5040990.167244983837008 ], [ 376327.09986631112406, 5040964.07099147234112 ], [ 376327.785098933847621, 5040937.903013350442052 ] ] ] } },
{ "type": "Feature", "properties": { "site": 3, "transect": 3.2 }, "geometry": { "type": "Polygon", "coordinates": [ [ [ 376575.066768546646927, 5040918.869639378041029 ], [ 376574.381535923923366, 5040892.701661256141961 ], [ 376572.327716230764054, 5040866.605407744646072 ], [ 376568.910938844201155, 5040840.652406858280301 ], [ 376564.140568913542666, 5040814.913793968968093 ], [ 376558.029681691201404, 5040789.460116826929152 ], [ 376550.595026694238186, 5040764.361142190173268 ], [ 376541.856981795222964, 5040739.685664605349302 ], [ 376531.839497367967851, 5040715.501317840069532 ], [ 376520.570030640810728, 5040691.874389507807791 ], [ 376508.079470438882709, 5040668.869639378041029 ], [ 376494.402052519377321, 5040646.550121870823205 ], [ 376479.575265734107234, 5040624.977013232186437 ], [ 376463.63974927511299, 5040604.209443853236735 ], [ 376446.639181285339873, 5040584.304336198605597 ], [ 376428.620159139914904, 5040565.316248784773052 ], [ 376409.632071726082359, 5040547.297226639464498 ], [ 376389.726964071567636, 5040530.296658649109304 ], [ 376368.959394692908973, 5040514.361142190173268 ], [ 376347.386286054155789, 5040499.534355405718088 ], [ 376325.066768546646927, 5040485.856937485747039 ], [ 376302.062018416414503, 5040473.36637728381902 ], [ 376278.435090084560215, 5040462.096910556778312 ], [ 376254.250743319280446, 5040452.079426129348576 ], [ 376229.575265734107234, 5040443.341381230391562 ], [ 376204.476291097933426, 5040435.906726233661175 ], [ 376179.022613955545239, 5040429.795839010737836 ], [ 376153.2840010667569, 5040425.025469080545008 ], [ 376127.331000180449337, 5040421.60869169421494 ], [ 376101.234746668138541, 5040419.554872000589967 ], [ 376075.066768546646927, 5040418.869639378041029 ], [ 376048.898790425155312, 5040419.554872000589967 ], [ 376022.802536912844516, 5040421.60869169421494 ], [ 375996.849536026536953, 5040425.025469080545008 ], [ 375971.110923137748614, 5040429.795839010737836 ], [ 375945.657245995360427, 5040435.906726233661175 ], [ 375920.55827135918662, 5040443.341381230391562 ], [ 375895.882793774013408, 5040452.079426129348576 ], [ 375871.698447008733638, 5040462.096910556778312 ], [ 375848.07151867687935, 5040473.36637728381902 ], [ 375825.066768546646927, 5040485.856937485747039 ], [ 375802.747251039138064, 5040499.534355405718088 ], [ 375781.174142400384881, 5040514.361142190173268 ], [ 375760.406573021726217, 5040530.296658649109304 ], [ 375740.501465367211495, 5040547.297226639464498 ], [ 375721.513377953378949, 5040565.316248784773052 ], [ 375703.49435580795398, 5040584.304336198605597 ], [ 375686.493787818180863, 5040604.209443853236735 ], [ 375670.55827135918662, 5040624.977013232186437 ], [ 375655.731484573916532, 5040646.550121870823205 ], [ 375642.054066654411145, 5040668.869639378041029 ], [ 375629.563506452483125, 5040691.874389507807791 ], [ 375618.294039725326002, 5040715.501317840069532 ], [ 375608.276555298070889, 5040739.685664605349302 ], [ 375599.538510399055667, 5040764.361142190173268 ], [ 375592.103855402092449, 5040789.460116826929152 ], [ 375585.992968179751188, 5040814.913793968968093 ], [ 375581.222598249092698, 5040840.652406858280301 ], [ 375577.805820862529799, 5040866.605407744646072 ], [ 375575.752001169370487, 5040892.701661256141961 ], [ 375575.066768546646927, 5040918.869639378041029 ], [ 375575.752001169370487, 5040945.037617499940097 ], [ 375577.805820862529799, 5040971.133871011435986 ], [ 375581.222598249092698, 5040997.086871897801757 ], [ 375585.992968179751188, 5041022.825484787113965 ], [ 375592.103855402092449, 5041048.279161929152906 ], [ 375599.538510399055667, 5041073.37813656590879 ], [ 375608.276555298070889, 5041098.053614150732756 ], [ 375618.294039725326002, 5041122.237960916012526 ], [ 375629.563506452483125, 5041145.864889248274267 ], [ 375642.054066654411145, 5041168.869639378041029 ], [ 375655.731484573916532, 5041191.189156885258853 ], [ 375670.55827135918662, 5041212.762265523895621 ], [ 375686.493787818180863, 5041233.529834902845323 ], [ 375703.49435580795398, 5041253.434942557476461 ], [ 375721.513377953378949, 5041272.423029971309006 ], [ 375740.501465367211495, 5041290.44205211661756 ], [ 375760.406573021726217, 5041307.442620106972754 ], [ 375781.174142400384881, 5041323.37813656590879 ], [ 375802.747251039138064, 5041338.20492335036397 ], [ 375825.066768546646927, 5041351.882341270335019 ], [ 375848.07151867687935, 5041364.372901472263038 ], [ 375871.698447008733638, 5041375.642368199303746 ], [ 375895.882793774013408, 5041385.659852626733482 ], [ 375920.55827135918662, 5041394.397897525690496 ], [ 375945.657245995360427, 5041401.832552522420883 ], [ 375971.110923137748614, 5041407.943439745344222 ], [ 375996.849536026536953, 5041412.71380967553705 ], [ 376022.802536912844516, 5041416.130587061867118 ], [ 376048.898790425155312, 5041418.184406755492091 ], [ 376075.066768546646927, 5041418.869639378041029 ], [ 376101.234746668138541, 5041418.184406755492091 ], [ 376127.331000180449337, 5041416.130587061867118 ], [ 376153.2840010667569, 5041412.71380967553705 ], [ 376179.022613955545239, 5041407.943439745344222 ], [ 376204.476291097933426, 5041401.832552522420883 ], [ 376229.575265734107234, 5041394.397897525690496 ], [ 376254.250743319280446, 5041385.659852626733482 ], [ 376278.435090084560215, 5041375.642368199303746 ], [ 376302.062018416414503, 5041364.372901472263038 ], [ 376325.066768546646927, 5041351.882341270335019 ], [ 376347.386286054155789, 5041338.20492335036397 ], [ 376368.959394692908973, 5041323.37813656590879 ], [ 376389.726964071567636, 5041307.442620106972754 ], [ 376409.632071726082359, 5041290.44205211661756 ], [ 376428.620159139914904, 5041272.423029971309006 ], [ 376446.639181285339873, 5041253.434942557476461 ], [ 376463.63974927511299, 5041233.529834902845323 ], [ 376479.575265734107234, 5041212.762265523895621 ], [ 376494.402052519377321, 5041191.189156885258853 ], [ 376508.079470438882709, 5041168.869639378041029 ], [ 376520.570030640810728, 5041145.864889248274267 ], [ 376531.839497367967851, 5041122.237960916012526 ], [ 376541.856981795222964, 5041098.053614150732756 ], [ 376550.595026694238186, 5041073.37813656590879 ], [ 376558.029681691201404, 5041048.279161929152906 ], [ 376564.140568913542666, 5041022.825484787113965 ], [ 376568.910938844201155, 5040997.086871897801757 ], [ 376572.327716230764054, 5040971.133871011435986 ], [ 376574.381535923923366, 5040945.037617499940097 ], [ 376575.066768546646927, 5040918.869639378041029 ] ] ] } },
{ "type": "Feature", "properties": { "site": 3, "transect": 3.3 }, "geometry": { "type": "Polygon", "coordinates": [ [ [ 376575.066768546646927, 5040918.869639378041029 ], [ 376574.381535923923366, 5040892.701661256141961 ], [ 376572.327716230764054, 5040866.605407744646072 ], [ 376568.910938844201155, 5040840.652406858280301 ], [ 376564.140568913542666, 5040814.913793968968093 ], [ 376558.029681691201404, 5040789.460116826929152 ], [ 376550.595026694238186, 5040764.361142190173268 ], [ 376541.856981795222964, 5040739.685664605349302 ], [ 376531.839497367967851, 5040715.501317840069532 ], [ 376520.570030640810728, 5040691.874389507807791 ], [ 376508.079470438882709, 5040668.869639378041029 ], [ 376494.402052519377321, 5040646.550121870823205 ], [ 376479.575265734107234, 5040624.977013232186437 ], [ 376463.63974927511299, 5040604.209443853236735 ], [ 376446.639181285339873, 5040584.304336198605597 ], [ 376428.620159139914904, 5040565.316248784773052 ], [ 376409.632071726082359, 5040547.297226639464498 ], [ 376389.726964071567636, 5040530.296658649109304 ], [ 376368.959394692908973, 5040514.361142190173268 ], [ 376347.386286054155789, 5040499.534355405718088 ], [ 376325.066768546646927, 5040485.856937485747039 ], [ 376302.062018416414503, 5040473.36637728381902 ], [ 376278.435090084560215, 5040462.096910556778312 ], [ 376254.250743319280446, 5040452.079426129348576 ], [ 376229.575265734107234, 5040443.341381230391562 ], [ 376204.476291097933426, 5040435.906726233661175 ], [ 376179.022613955545239, 5040429.795839010737836 ], [ 376153.2840010667569, 5040425.025469080545008 ], [ 376127.331000180449337, 5040421.60869169421494 ], [ 376101.234746668138541, 5040419.554872000589967 ], [ 376075.066768546646927, 5040418.869639378041029 ], [ 376048.898790425155312, 5040419.554872000589967 ], [ 376022.802536912844516, 5040421.60869169421494 ], [ 375996.849536026536953, 5040425.025469080545008 ], [ 375971.110923137748614, 5040429.795839010737836 ], [ 375945.657245995360427, 5040435.906726233661175 ], [ 375920.55827135918662, 5040443.341381230391562 ], [ 375895.882793774013408, 5040452.079426129348576 ], [ 375871.698447008733638, 5040462.096910556778312 ], [ 375848.07151867687935, 5040473.36637728381902 ], [ 375825.066768546646927, 5040485.856937485747039 ], [ 375802.747251039138064, 5040499.534355405718088 ], [ 375781.174142400384881, 5040514.361142190173268 ], [ 375760.406573021726217, 5040530.296658649109304 ], [ 375740.501465367211495, 5040547.297226639464498 ], [ 375721.513377953378949, 5040565.316248784773052 ], [ 375703.49435580795398, 5040584.304336198605597 ], [ 375686.493787818180863, 5040604.209443853236735 ], [ 375670.55827135918662, 5040624.977013232186437 ], [ 375655.731484573916532, 5040646.550121870823205 ], [ 375642.054066654411145, 5040668.869639378041029 ], [ 375629.563506452483125, 5040691.874389507807791 ], [ 375618.294039725326002, 5040715.501317840069532 ], [ 375608.276555298070889, 5040739.685664605349302 ], [ 375599.538510399055667, 5040764.361142190173268 ], [ 375592.103855402092449, 5040789.460116826929152 ], [ 375585.992968179751188, 5040814.913793968968093 ], [ 375581.222598249092698, 5040840.652406858280301 ], [ 375577.805820862529799, 5040866.605407744646072 ], [ 375575.752001169370487, 5040892.701661256141961 ], [ 375575.066768546646927, 5040918.869639378041029 ], [ 375575.752001169370487, 5040945.037617499940097 ], [ 375577.805820862529799, 5040971.133871011435986 ], [ 375581.222598249092698, 5040997.086871897801757 ], [ 375585.992968179751188, 5041022.825484787113965 ], [ 375592.103855402092449, 5041048.279161929152906 ], [ 375599.538510399055667, 5041073.37813656590879 ], [ 375608.276555298070889, 5041098.053614150732756 ], [ 375618.294039725326002, 5041122.237960916012526 ], [ 375629.563506452483125, 5041145.864889248274267 ], [ 375642.054066654411145, 5041168.869639378041029 ], [ 375655.731484573916532, 5041191.189156885258853 ], [ 375670.55827135918662, 5041212.762265523895621 ], [ 375686.493787818180863, 5041233.529834902845323 ], [ 375703.49435580795398, 5041253.434942557476461 ], [ 375721.513377953378949, 5041272.423029971309006 ], [ 375740.501465367211495, 5041290.44205211661756 ], [ 375760.406573021726217, 5041307.442620106972754 ], [ 375781.174142400384881, 5041323.37813656590879 ], [ 375802.747251039138064, 5041338.20492335036397 ], [ 375825.066768546646927, 5041351.882341270335019 ], [ 375848.07151867687935, 5041364.372901472263038 ], [ 375871.698447008733638, 5041375.642368199303746 ], [ 375895.882793774013408, 5041385.659852626733482 ], [ 375920.55827135918662, 5041394.397897525690496 ], [ 375945.657245995360427, 5041401.832552522420883 ], [ 375971.110923137748614, 5041407.943439745344222 ], [ 375996.849536026536953, 5041412.71380967553705 ], [ 376022.802536912844516, 5041416.130587061867118 ], [ 376048.898790425155312, 5041418.184406755492091 ], [ 376075.066768546646927, 5041418.869639378041029 ], [ 376101.234746668138541, 5041418.184406755492091 ], [ 376127.331000180449337, 5041416.130587061867118 ], [ 376153.2840010667569, 5041412.71380967553705 ], [ 376179.022613955545239, 5041407.943439745344222 ], [ 376204.476291097933426, 5041401.832552522420883 ], [ 376229.575265734107234, 5041394.397897525690496 ], [ 376254.250743319280446, 5041385.659852626733482 ], [ 376278.435090084560215, 5041375.642368199303746 ], [ 376302.062018416414503, 5041364.372901472263038 ], [ 376325.066768546646927, 5041351.882341270335019 ], [ 376347.386286054155789, 5041338.20492335036397 ], [ 376368.959394692908973, 5041323.37813656590879 ], [ 376389.726964071567636, 5041307.442620106972754 ], [ 376409.632071726082359, 5041290.44205211661756 ], [ 376428.620159139914904, 5041272.423029971309006 ], [ 376446.639181285339873, 5041253.434942557476461 ], [ 376463.63974927511299, 5041233.529834902845323 ], [ 376479.575265734107234, 5041212.762265523895621 ], [ 376494.402052519377321, 5041191.189156885258853 ], [ 376508.079470438882709, 5041168.869639378041029 ], [ 376520.570030640810728, 5041145.864889248274267 ], [ 376531.839497367967851, 5041122.237960916012526 ], [ 376541.856981795222964, 5041098.053614150732756 ], [ 376550.595026694238186, 5041073.37813656590879 ], [ 376558.029681691201404, 5041048.279161929152906 ], [ 376564.140568913542666, 5041022.825484787113965 ], [ 376568.910938844201155, 5040997.086871897801757 ], [ 376572.327716230764054, 5040971.133871011435986 ], [ 376574.381535923923366, 5040945.037617499940097 ], [ 376575.066768546646927, 5040918.869639378041029 ] ] ] } },
{ "type": "Feature", "properties": { "site": 3, "transect": 3.4 }, "geometry": { "type": "Polygon", "coordinates": [ [ [ 376245.050898205197882, 5041075.873906247317791 ], [ 376244.365665582474321, 5041049.705928125418723 ], [ 376242.311845889315009, 5041023.609674613922834 ], [ 376238.89506850275211, 5040997.656673727557063 ], [ 376234.124698572093621, 5040971.918060838244855 ], [ 376228.013811349752359, 5040946.464383696205914 ], [ 376220.579156352789141, 5040921.36540905945003 ], [ 376211.841111453773919, 5040896.689931474626064 ], [ 376201.823627026518807, 5040872.505584709346294 ], [ 376190.554160299361683, 5040848.878656377084553 ], [ 376178.063600097433664, 5040825.873906247317791 ], [ 376164.386182177928276, 5040803.554388740099967 ], [ 376149.559395392658189, 5040781.981280101463199 ], [ 376133.623878933663946, 5040761.213710722513497 ], [ 376116.623310943890829, 5040741.308603067882359 ], [ 376098.604288798465859, 5040722.320515654049814 ], [ 376079.616201384633314, 5040704.30149350874126 ], [ 376059.711093730118591, 5040687.300925518386066 ], [ 376038.943524351459928, 5040671.36540905945003 ], [ 376017.370415712706745, 5040656.53862227499485 ], [ 375995.050898205197882, 5040642.861204355023801 ], [ 375972.046148074965458, 5040630.370644153095782 ], [ 375948.419219743111171, 5040619.101177426055074 ], [ 375924.234872977831401, 5040609.083692998625338 ], [ 375899.559395392658189, 5040600.345648099668324 ], [ 375874.460420756484382, 5040592.910993102937937 ], [ 375849.006743614096195, 5040586.800105880014598 ], [ 375823.268130725307856, 5040582.02973594982177 ], [ 375797.315129839000292, 5040578.612958563491702 ], [ 375771.218876326689497, 5040576.559138869866729 ], [ 375745.050898205197882, 5040575.873906247317791 ], [ 375718.882920083706267, 5040576.559138869866729 ], [ 375692.786666571395472, 5040578.612958563491702 ], [ 375666.833665685087908, 5040582.02973594982177 ], [ 375641.095052796299569, 5040586.800105880014598 ], [ 375615.641375653911382, 5040592.910993102937937 ], [ 375590.542401017737575, 5040600.345648099668324 ], [ 375565.866923432564363, 5040609.083692998625338 ], [ 375541.682576667284593, 5040619.101177426055074 ], [ 375518.055648335430305, 5040630.370644153095782 ], [ 375495.050898205197882, 5040642.861204355023801 ], [ 375472.731380697689019, 5040656.53862227499485 ], [ 375451.158272058935836, 5040671.36540905945003 ], [ 375430.390702680277172, 5040687.300925518386066 ], [ 375410.48559502576245, 5040704.30149350874126 ], [ 375391.497507611929905, 5040722.320515654049814 ], [ 375373.478485466504935, 5040741.308603067882359 ], [ 375356.477917476731818, 5040761.213710722513497 ], [ 375340.542401017737575, 5040781.981280101463199 ], [ 375325.715614232467487, 5040803.554388740099967 ], [ 375312.0381963129621, 5040825.873906247317791 ], [ 375299.54763611103408, 5040848.878656377084553 ], [ 375288.278169383876957, 5040872.505584709346294 ], [ 375278.260684956621844, 5040896.689931474626064 ], [ 375269.522640057606623, 5040921.36540905945003 ], [ 375262.087985060643405, 5040946.464383696205914 ], [ 375255.977097838302143, 5040971.918060838244855 ], [ 375251.206727907643653, 5040997.656673727557063 ], [ 375247.789950521080755, 5041023.609674613922834 ], [ 375245.736130827921443, 5041049.705928125418723 ], [ 375245.050898205197882, 5041075.873906247317791 ], [ 375245.736130827921443, 5041102.041884369216859 ], [ 375247.789950521080755, 5041128.138137880712748 ], [ 375251.206727907643653, 5041154.091138767078519 ], [ 375255.977097838302143, 5041179.829751656390727 ], [ 375262.087985060643405, 5041205.283428798429668 ], [ 375269.522640057606623, 5041230.382403435185552 ], [ 375278.260684956621844, 5041255.057881020009518 ], [ 375288.278169383876957, 5041279.242227785289288 ], [ 375299.54763611103408, 5041302.869156117551029 ], [ 375312.0381963129621, 5041325.873906247317791 ], [ 375325.715614232467487, 5041348.193423754535615 ], [ 375340.542401017737575, 5041369.766532393172383 ], [ 375356.477917476731818, 5041390.534101772122085 ], [ 375373.478485466504935, 5041410.439209426753223 ], [ 375391.497507611929905, 5041429.427296840585768 ], [ 375410.48559502576245, 5041447.446318985894322 ], [ 375430.390702680277172, 5041464.446886976249516 ], [ 375451.158272058935836, 5041480.382403435185552 ], [ 375472.731380697689019, 5041495.209190219640732 ], [ 375495.050898205197882, 5041508.886608139611781 ], [ 375518.055648335430305, 5041521.3771683415398 ], [ 375541.682576667284593, 5041532.646635068580508 ], [ 375565.866923432564363, 5041542.664119496010244 ], [ 375590.542401017737575, 5041551.402164394967258 ], [ 375615.641375653911382, 5041558.836819391697645 ], [ 375641.095052796299569, 5041564.947706614620984 ], [ 375666.833665685087908, 5041569.718076544813812 ], [ 375692.786666571395472, 5041573.13485393114388 ], [ 375718.882920083706267, 5041575.188673624768853 ], [ 375745.050898205197882, 5041575.873906247317791 ], [ 375771.218876326689497, 5041575.188673624768853 ], [ 375797.315129839000292, 5041573.13485393114388 ], [ 375823.268130725307856, 5041569.718076544813812 ], [ 375849.006743614096195, 5041564.947706614620984 ], [ 375874.460420756484382, 5041558.836819391697645 ], [ 375899.559395392658189, 5041551.402164394967258 ], [ 375924.234872977831401, 5041542.664119496010244 ], [ 375948.419219743111171, 5041532.646635068580508 ], [ 375972.046148074965458, 5041521.3771683415398 ], [ 375995.050898205197882, 5041508.886608139611781 ], [ 376017.370415712706745, 5041495.209190219640732 ], [ 376038.943524351459928, 5041480.382403435185552 ], [ 376059.711093730118591, 5041464.446886976249516 ], [ 376079.616201384633314, 5041447.446318985894322 ], [ 376098.604288798465859, 5041429.427296840585768 ], [ 376116.623310943890829, 5041410.439209426753223 ], [ 376133.623878933663946, 5041390.534101772122085 ], [ 376149.559395392658189, 5041369.766532393172383 ], [ 376164.386182177928276, 5041348.193423754535615 ], [ 376178.063600097433664, 5041325.873906247317791 ], [ 376190.554160299361683, 5041302.869156117551029 ], [ 376201.823627026518807, 5041279.242227785289288 ], [ 376211.841111453773919, 5041255.057881020009518 ], [ 376220.579156352789141, 5041230.382403435185552 ], [ 376228.013811349752359, 5041205.283428798429668 ], [ 376234.124698572093621, 5041179.829751656390727 ], [ 376238.89506850275211, 5041154.091138767078519 ], [ 376242.311845889315009, 5041128.138137880712748 ], [ 376244.365665582474321, 5041102.041884369216859 ], [ 376245.050898205197882, 5041075.873906247317791 ] ] ] } },
{ "type": "Feature", "properties": { "site": 3, "transect": 3.5 }, "geometry": { "type": "Polygon", "coordinates": [ [ [ 376463.324551838450134, 5041011.444254434667528 ], [ 376462.639319215726573, 5040985.276276312768459 ], [ 376460.585499522567261, 5040959.180022801272571 ], [ 376457.168722136004362, 5040933.2270219149068 ], [ 376452.398352205345873, 5040907.488409025594592 ], [ 376446.287464983004611, 5040882.034731883555651 ], [ 376438.852809986041393, 5040856.935757246799767 ], [ 376430.114765087026171, 5040832.260279661975801 ], [ 376420.097280659771059, 5040808.075932896696031 ], [ 376408.827813932613935, 5040784.44900456443429 ], [ 376396.337253730685916, 5040761.444254434667528 ], [ 376382.659835811180528, 5040739.124736927449703 ], [ 376367.833049025910441, 5040717.551628288812935 ], [ 376351.897532566916198, 5040696.784058909863234 ], [ 376334.896964577143081, 5040676.878951255232096 ], [ 376316.877942431718111, 5040657.89086384139955 ], [ 376297.889855017885566, 5040639.871841696090996 ], [ 376277.984747363370843, 5040622.871273705735803 ], [ 376257.21717798471218, 5040606.935757246799767 ], [ 376235.644069345958997, 5040592.108970462344587 ], [ 376213.324551838450134, 5040578.431552542373538 ], [ 376190.31980170821771, 5040565.940992340445518 ], [ 376166.692873376363423, 5040554.67152561340481 ], [ 376142.508526611083653, 5040544.654041185975075 ], [ 376117.833049025910441, 5040535.915996287018061 ], [ 376092.734074389736634, 5040528.481341290287673 ], [ 376067.280397247348446, 5040522.370454067364335 ], [ 376041.541784358560108, 5040517.600084137171507 ], [ 376015.588783472252544, 5040514.183306750841439 ], [ 375989.492529959941749, 5040512.129487057216465 ], [ 375963.324551838450134, 5040511.444254434667528 ], [ 375937.156573716958519, 5040512.129487057216465 ], [ 375911.060320204647724, 5040514.183306750841439 ], [ 375885.10731931834016, 5040517.600084137171507 ], [ 375859.368706429551821, 5040522.370454067364335 ], [ 375833.915029287163634, 5040528.481341290287673 ], [ 375808.816054650989827, 5040535.915996287018061 ], [ 375784.140577065816615, 5040544.654041185975075 ], [ 375759.956230300536845, 5040554.67152561340481 ], [ 375736.329301968682557, 5040565.940992340445518 ], [ 375713.324551838450134, 5040578.431552542373538 ], [ 375691.005034330941271, 5040592.108970462344587 ], [ 375669.431925692188088, 5040606.935757246799767 ], [ 375648.664356313529424, 5040622.871273705735803 ], [ 375628.759248659014702, 5040639.871841696090996 ], [ 375609.771161245182157, 5040657.89086384139955 ], [ 375591.752139099757187, 5040676.878951255232096 ], [ 375574.75157110998407, 5040696.784058909863234 ], [ 375558.816054650989827, 5040717.551628288812935 ], [ 375543.989267865719739, 5040739.124736927449703 ], [ 375530.311849946214352, 5040761.444254434667528 ], [ 375517.821289744286332, 5040784.44900456443429 ], [ 375506.551823017129209, 5040808.075932896696031 ], [ 375496.534338589874096, 5040832.260279661975801 ], [ 375487.796293690858874, 5040856.935757246799767 ], [ 375480.361638693895657, 5040882.034731883555651 ], [ 375474.250751471554395, 5040907.488409025594592 ], [ 375469.480381540895905, 5040933.2270219149068 ], [ 375466.063604154333007, 5040959.180022801272571 ], [ 375464.009784461173695, 5040985.276276312768459 ], [ 375463.324551838450134, 5041011.444254434667528 ], [ 375464.009784461173695, 5041037.612232556566596 ], [ 375466.063604154333007, 5041063.708486068062484 ], [ 375469.480381540895905, 5041089.661486954428256 ], [ 375474.250751471554395, 5041115.400099843740463 ], [ 375480.361638693895657, 5041140.853776985779405 ], [ 375487.796293690858874, 5041165.952751622535288 ], [ 375496.534338589874096, 5041190.628229207359254 ], [ 375506.551823017129209, 5041214.812575972639024 ], [ 375517.821289744286332, 5041238.439504304900765 ], [ 375530.311849946214352, 5041261.444254434667528 ], [ 375543.989267865719739, 5041283.763771941885352 ], [ 375558.816054650989827, 5041305.33688058052212 ], [ 375574.75157110998407, 5041326.104449959471822 ], [ 375591.752139099757187, 5041346.00955761410296 ], [ 375609.771161245182157, 5041364.997645027935505 ], [ 375628.759248659014702, 5041383.016667173244059 ], [ 375648.664356313529424, 5041400.017235163599253 ], [ 375669.431925692188088, 5041415.952751622535288 ], [ 375691.005034330941271, 5041430.779538406990469 ], [ 375713.324551838450134, 5041444.456956326961517 ], [ 375736.329301968682557, 5041456.947516528889537 ], [ 375759.956230300536845, 5041468.216983255930245 ], [ 375784.140577065816615, 5041478.234467683359981 ], [ 375808.816054650989827, 5041486.972512582316995 ], [ 375833.915029287163634, 5041494.407167579047382 ], [ 375859.368706429551821, 5041500.51805480197072 ], [ 375885.10731931834016, 5041505.288424732163548 ], [ 375911.060320204647724, 5041508.705202118493617 ], [ 375937.156573716958519, 5041510.75902181211859 ], [ 375963.324551838450134, 5041511.444254434667528 ], [ 375989.492529959941749, 5041510.75902181211859 ], [ 376015.588783472252544, 5041508.705202118493617 ], [ 376041.541784358560108, 5041505.288424732163548 ], [ 376067.280397247348446, 5041500.51805480197072 ], [ 376092.734074389736634, 5041494.407167579047382 ], [ 376117.833049025910441, 5041486.972512582316995 ], [ 376142.508526611083653, 5041478.234467683359981 ], [ 376166.692873376363423, 5041468.216983255930245 ], [ 376190.31980170821771, 5041456.947516528889537 ], [ 376213.324551838450134, 5041444.456956326961517 ], [ 376235.644069345958997, 5041430.779538406990469 ], [ 376257.21717798471218, 5041415.952751622535288 ], [ 376277.984747363370843, 5041400.017235163599253 ], [ 376297.889855017885566, 5041383.016667173244059 ], [ 376316.877942431718111, 5041364.997645027935505 ], [ 376334.896964577143081, 5041346.00955761410296 ], [ 376351.897532566916198, 5041326.104449959471822 ], [ 376367.833049025910441, 5041305.33688058052212 ], [ 376382.659835811180528, 5041283.763771941885352 ], [ 376396.337253730685916, 5041261.444254434667528 ], [ 376408.827813932613935, 5041238.439504304900765 ], [ 376420.097280659771059, 5041214.812575972639024 ], [ 376430.114765087026171, 5041190.628229207359254 ], [ 376438.852809986041393, 5041165.952751622535288 ], [ 376446.287464983004611, 5041140.853776985779405 ], [ 376452.398352205345873, 5041115.400099843740463 ], [ 376457.168722136004362, 5041089.661486954428256 ], [ 376460.585499522567261, 5041063.708486068062484 ], [ 376462.639319215726573, 5041037.612232556566596 ], [ 376463.324551838450134, 5041011.444254434667528 ] ] ] } },
{ "type": "Feature", "properties": { "site": 3, "transect": 3.6 }, "geometry": { "type": "Polygon", "coordinates": [ [ [ 376463.324551838450134, 5041011.444254434667528 ], [ 376462.639319215726573, 5040985.276276312768459 ], [ 376460.585499522567261, 5040959.180022801272571 ], [ 376457.168722136004362, 5040933.2270219149068 ], [ 376452.398352205345873, 5040907.488409025594592 ], [ 376446.287464983004611, 5040882.034731883555651 ], [ 376438.852809986041393, 5040856.935757246799767 ], [ 376430.114765087026171, 5040832.260279661975801 ], [ 376420.097280659771059, 5040808.075932896696031 ], [ 376408.827813932613935, 5040784.44900456443429 ], [ 376396.337253730685916, 5040761.444254434667528 ], [ 376382.659835811180528, 5040739.124736927449703 ], [ 376367.833049025910441, 5040717.551628288812935 ], [ 376351.897532566916198, 5040696.784058909863234 ], [ 376334.896964577143081, 5040676.878951255232096 ], [ 376316.877942431718111, 5040657.89086384139955 ], [ 376297.889855017885566, 5040639.871841696090996 ], [ 376277.984747363370843, 5040622.871273705735803 ], [ 376257.21717798471218, 5040606.935757246799767 ], [ 376235.644069345958997, 5040592.108970462344587 ], [ 376213.324551838450134, 5040578.431552542373538 ], [ 376190.31980170821771, 5040565.940992340445518 ], [ 376166.692873376363423, 5040554.67152561340481 ], [ 376142.508526611083653, 5040544.654041185975075 ], [ 376117.833049025910441, 5040535.915996287018061 ], [ 376092.734074389736634, 5040528.481341290287673 ], [ 376067.280397247348446, 5040522.370454067364335 ], [ 376041.541784358560108, 5040517.600084137171507 ], [ 376015.588783472252544, 5040514.183306750841439 ], [ 375989.492529959941749, 5040512.129487057216465 ], [ 375963.324551838450134, 5040511.444254434667528 ], [ 375937.156573716958519, 5040512.129487057216465 ], [ 375911.060320204647724, 5040514.183306750841439 ], [ 375885.10731931834016, 5040517.600084137171507 ], [ 375859.368706429551821, 5040522.370454067364335 ], [ 375833.915029287163634, 5040528.481341290287673 ], [ 375808.816054650989827, 5040535.915996287018061 ], [ 375784.140577065816615, 5040544.654041185975075 ], [ 375759.956230300536845, 5040554.67152561340481 ], [ 375736.329301968682557, 5040565.940992340445518 ], [ 375713.324551838450134, 5040578.431552542373538 ], [ 375691.005034330941271, 5040592.108970462344587 ], [ 375669.431925692188088, 5040606.935757246799767 ], [ 375648.664356313529424, 5040622.871273705735803 ], [ 375628.759248659014702, 5040639.871841696090996 ], [ 375609.771161245182157, 5040657.89086384139955 ], [ 375591.752139099757187, 5040676.878951255232096 ], [ 375574.75157110998407, 5040696.784058909863234 ], [ 375558.816054650989827, 5040717.551628288812935 ], [ 375543.989267865719739, 5040739.124736927449703 ], [ 375530.311849946214352, 5040761.444254434667528 ], [ 375517.821289744286332, 5040784.44900456443429 ], [ 375506.551823017129209, 5040808.075932896696031 ], [ 375496.534338589874096, 5040832.260279661975801 ], [ 375487.796293690858874, 5040856.935757246799767 ], [ 375480.361638693895657, 5040882.034731883555651 ], [ 375474.250751471554395, 5040907.488409025594592 ], [ 375469.480381540895905, 5040933.2270219149068 ], [ 375466.063604154333007, 5040959.180022801272571 ], [ 375464.009784461173695, 5040985.276276312768459 ], [ 375463.324551838450134, 5041011.444254434667528 ], [ 375464.009784461173695, 5041037.612232556566596 ], [ 375466.063604154333007, 5041063.708486068062484 ], [ 375469.480381540895905, 5041089.661486954428256 ], [ 375474.250751471554395, 5041115.400099843740463 ], [ 375480.361638693895657, 5041140.853776985779405 ], [ 375487.796293690858874, 5041165.952751622535288 ], [ 375496.534338589874096, 5041190.628229207359254 ], [ 375506.551823017129209, 5041214.812575972639024 ], [ 375517.821289744286332, 5041238.439504304900765 ], [ 375530.311849946214352, 5041261.444254434667528 ], [ 375543.989267865719739, 5041283.763771941885352 ], [ 375558.816054650989827, 5041305.33688058052212 ], [ 375574.75157110998407, 5041326.104449959471822 ], [ 375591.752139099757187, 5041346.00955761410296 ], [ 375609.771161245182157, 5041364.997645027935505 ], [ 375628.759248659014702, 5041383.016667173244059 ], [ 375648.664356313529424, 5041400.017235163599253 ], [ 375669.431925692188088, 5041415.952751622535288 ], [ 375691.005034330941271, 5041430.779538406990469 ], [ 375713.324551838450134, 5041444.456956326961517 ], [ 375736.329301968682557, 5041456.947516528889537 ], [ 375759.956230300536845, 5041468.216983255930245 ], [ 375784.140577065816615, 5041478.234467683359981 ], [ 375808.816054650989827, 5041486.972512582316995 ], [ 375833.915029287163634, 5041494.407167579047382 ], [ 375859.368706429551821, 5041500.51805480197072 ], [ 375885.10731931834016, 5041505.288424732163548 ], [ 375911.060320204647724, 5041508.705202118493617 ], [ 375937.156573716958519, 5041510.75902181211859 ], [ 375963.324551838450134, 5041511.444254434667528 ], [ 375989.492529959941749, 5041510.75902181211859 ], [ 376015.588783472252544, 5041508.705202118493617 ], [ 376041.541784358560108, 5041505.288424732163548 ], [ 376067.280397247348446, 5041500.51805480197072 ], [ 376092.734074389736634, 5041494.407167579047382 ], [ 376117.833049025910441, 5041486.972512582316995 ], [ 376142.508526611083653, 5041478.234467683359981 ], [ 376166.692873376363423, 5041468.216983255930245 ], [ 376190.31980170821771, 5041456.947516528889537 ], [ 376213.324551838450134, 5041444.456956326961517 ], [ 376235.644069345958997, 5041430.779538406990469 ], [ 376257.21717798471218, 5041415.952751622535288 ], [ 376277.984747363370843, 5041400.017235163599253 ], [ 376297.889855017885566, 5041383.016667173244059 ], [ 376316.877942431718111, 5041364.997645027935505 ], [ 376334.896964577143081, 5041346.00955761410296 ], [ 376351.897532566916198, 5041326.104449959471822 ], [ 376367.833049025910441, 5041305.33688058052212 ], [ 376382.659835811180528, 5041283.763771941885352 ], [ 376396.337253730685916, 5041261.444254434667528 ], [ 376408.827813932613935, 5041238.439504304900765 ], [ 376420.097280659771059, 5041214.812575972639024 ], [ 376430.114765087026171, 5041190.628229207359254 ], [ 376438.852809986041393, 5041165.952751622535288 ], [ 376446.287464983004611, 5041140.853776985779405 ], [ 376452.398352205345873, 5041115.400099843740463 ], [ 376457.168722136004362, 5041089.661486954428256 ], [ 376460.585499522567261, 5041063.708486068062484 ], [ 376462.639319215726573, 5041037.612232556566596 ], [ 376463.324551838450134, 5041011.444254434667528 ] ] ] } },
{ "type": "Feature", "properties": { "site": 4, "transect": 4.1 }, "geometry": { "type": "Polygon", "coordinates": [ [ [ 481107.318825683847535, 5004933.273108070716262 ], [ 481106.633593061123975, 5004907.105129948817194 ], [ 481104.579773367964663, 5004881.008876437321305 ], [ 481101.162995981401764, 5004855.055875550955534 ], [ 481096.392626050743274, 5004829.317262661643326 ], [ 481090.281738828402013, 5004803.863585519604385 ], [ 481082.847083831438795, 5004778.764610882848501 ], [ 481074.109038932423573, 5004754.089133298024535 ], [ 481064.09155450516846, 5004729.904786532744765 ], [ 481052.822087778011337, 5004706.277858200483024 ], [ 481040.331527576083317, 5004683.273108070716262 ], [ 481026.65410965657793, 5004660.953590563498437 ], [ 481011.827322871307842, 5004639.38048192486167 ], [ 480995.891806412313599, 5004618.612912545911968 ], [ 480978.891238422540482, 5004598.70780489128083 ], [ 480960.872216277115513, 5004579.719717477448285 ], [ 480941.884128863282967, 5004561.70069533213973 ], [ 480921.979021208768245, 5004544.700127341784537 ], [ 480901.211451830109581, 5004528.764610882848501 ], [ 480879.638343191356398, 5004513.937824098393321 ], [ 480857.318825683847535, 5004500.260406178422272 ], [ 480834.314075553615112, 5004487.769845976494253 ], [ 480810.687147221760824, 5004476.500379249453545 ], [ 480786.502800456481054, 5004466.482894822023809 ], [ 480761.827322871307842, 5004457.744849923066795 ], [ 480736.728348235134035, 5004450.310194926336408 ], [ 480711.274671092745848, 5004444.199307703413069 ], [ 480685.536058203957509, 5004439.428937773220241 ], [ 480659.583057317649946, 5004436.012160386890173 ], [ 480633.48680380533915, 5004433.9583406932652 ], [ 480607.318825683847535, 5004433.273108070716262 ], [ 480581.150847562355921, 5004433.9583406932652 ], [ 480555.054594050045125, 5004436.012160386890173 ], [ 480529.101593163737562, 5004439.428937773220241 ], [ 480503.362980274949223, 5004444.199307703413069 ], [ 480477.909303132561035, 5004450.310194926336408 ], [ 480452.810328496387228, 5004457.744849923066795 ], [ 480428.134850911214016, 5004466.482894822023809 ], [ 480403.950504145934246, 5004476.500379249453545 ], [ 480380.323575814079959, 5004487.769845976494253 ], [ 480357.318825683847535, 5004500.260406178422272 ], [ 480334.999308176338673, 5004513.937824098393321 ], [ 480313.426199537585489, 5004528.764610882848501 ], [ 480292.658630158926826, 5004544.700127341784537 ], [ 480272.753522504412103, 5004561.70069533213973 ], [ 480253.765435090579558, 5004579.719717477448285 ], [ 480235.746412945154589, 5004598.70780489128083 ], [ 480218.745844955381472, 5004618.612912545911968 ], [ 480202.810328496387228, 5004639.38048192486167 ], [ 480187.983541711117141, 5004660.953590563498437 ], [ 480174.306123791611753, 5004683.273108070716262 ], [ 480161.815563589683734, 5004706.277858200483024 ], [ 480150.54609686252661, 5004729.904786532744765 ], [ 480140.528612435271498, 5004754.089133298024535 ], [ 480131.790567536256276, 5004778.764610882848501 ], [ 480124.355912539293058, 5004803.863585519604385 ], [ 480118.245025316951796, 5004829.317262661643326 ], [ 480113.474655386293307, 5004855.055875550955534 ], [ 480110.057877999730408, 5004881.008876437321305 ], [ 480108.004058306571096, 5004907.105129948817194 ], [ 480107.318825683847535, 5004933.273108070716262 ], [ 480108.004058306571096, 5004959.44108619261533 ], [ 480110.057877999730408, 5004985.537339704111218 ], [ 480113.474655386293307, 5005011.49034059047699 ], [ 480118.245025316951796, 5005037.228953479789197 ], [ 480124.355912539293058, 5005062.682630621828139 ], [ 480131.790567536256276, 5005087.781605258584023 ], [ 480140.528612435271498, 5005112.457082843407989 ], [ 480150.54609686252661, 5005136.641429608687758 ], [ 480161.815563589683734, 5005160.2683579409495 ], [ 480174.306123791611753, 5005183.273108070716262 ], [ 480187.983541711117141, 5005205.592625577934086 ], [ 480202.810328496387228, 5005227.165734216570854 ], [ 480218.745844955381472, 5005247.933303595520556 ], [ 480235.746412945154589, 5005267.838411250151694 ], [ 480253.765435090579558, 5005286.826498663984239 ], [ 480272.753522504412103, 5005304.845520809292793 ], [ 480292.658630158926826, 5005321.846088799647987 ], [ 480313.426199537585489, 5005337.781605258584023 ], [ 480334.999308176338673, 5005352.608392043039203 ], [ 480357.318825683847535, 5005366.285809963010252 ], [ 480380.323575814079959, 5005378.776370164938271 ], [ 480403.950504145934246, 5005390.045836891978979 ], [ 480428.134850911214016, 5005400.063321319408715 ], [ 480452.810328496387228, 5005408.801366218365729 ], [ 480477.909303132561035, 5005416.236021215096116 ], [ 480503.362980274949223, 5005422.346908438019454 ], [ 480529.101593163737562, 5005427.117278368212283 ], [ 480555.054594050045125, 5005430.534055754542351 ], [ 480581.150847562355921, 5005432.587875448167324 ], [ 480607.318825683847535, 5005433.273108070716262 ], [ 480633.48680380533915, 5005432.587875448167324 ], [ 480659.583057317649946, 5005430.534055754542351 ], [ 480685.536058203957509, 5005427.117278368212283 ], [ 480711.274671092745848, 5005422.346908438019454 ], [ 480736.728348235134035, 5005416.236021215096116 ], [ 480761.827322871307842, 5005408.801366218365729 ], [ 480786.502800456481054, 5005400.063321319408715 ], [ 480810.687147221760824, 5005390.045836891978979 ], [ 480834.314075553615112, 5005378.776370164938271 ], [ 480857.318825683847535, 5005366.285809963010252 ], [ 480879.638343191356398, 5005352.608392043039203 ], [ 480901.211451830109581, 5005337.781605258584023 ], [ 480921.979021208768245, 5005321.846088799647987 ], [ 480941.884128863282967, 5005304.845520809292793 ], [ 480960.872216277115513, 5005286.826498663984239 ], [ 480978.891238422540482, 5005267.838411250151694 ], [ 480995.891806412313599, 5005247.933303595520556 ], [ 481011.827322871307842, 5005227.165734216570854 ], [ 481026.65410965657793, 5005205.592625577934086 ], [ 481040.331527576083317, 5005183.273108070716262 ], [ 481052.822087778011337, 5005160.2683579409495 ], [ 481064.09155450516846, 5005136.641429608687758 ], [ 481074.109038932423573, 5005112.457082843407989 ], [ 481082.847083831438795, 5005087.781605258584023 ], [ 481090.281738828402013, 5005062.682630621828139 ], [ 481096.392626050743274, 5005037.228953479789197 ], [ 481101.162995981401764, 5005011.49034059047699 ], [ 481104.579773367964663, 5004985.537339704111218 ], [ 481106.633593061123975, 5004959.44108619261533 ], [ 481107.318825683847535, 5004933.273108070716262 ] ] ] } },
{ "type": "Feature", "properties": { "site": 4, "transect": 4.2 }, "geometry": { "type": "Polygon", "coordinates": [ [ [ 480807.934188283747062, 5004795.921290937811136 ], [ 480807.248955661023501, 5004769.753312815912068 ], [ 480805.195135967864189, 5004743.65705930441618 ], [ 480801.778358581301291, 5004717.704058418050408 ], [ 480797.007988650642801, 5004691.965445528738201 ], [ 480790.897101428301539, 5004666.511768386699259 ], [ 480783.462446431338321, 5004641.412793749943376 ], [ 480774.7244015323231, 5004616.73731616511941 ], [ 480764.706917105067987, 5004592.55296939983964 ], [ 480753.437450377910864, 5004568.926041067577899 ], [ 480740.946890175982844, 5004545.921290937811136 ], [ 480727.269472256477457, 5004523.601773430593312 ], [ 480712.442685471207369, 5004502.028664791956544 ], [ 480696.507169012213126, 5004481.261095413006842 ], [ 480679.506601022440009, 5004461.355987758375704 ], [ 480661.487578877015039, 5004442.367900344543159 ], [ 480642.499491463182494, 5004424.348878199234605 ], [ 480622.594383808667772, 5004407.348310208879411 ], [ 480601.826814430009108, 5004391.412793749943376 ], [ 480580.253705791255925, 5004376.586006965488195 ], [ 480557.934188283747062, 5004362.908589045517147 ], [ 480534.929438153514639, 5004350.418028843589127 ], [ 480511.302509821660351, 5004339.148562116548419 ], [ 480487.118163056380581, 5004329.131077689118683 ], [ 480462.442685471207369, 5004320.393032790161669 ], [ 480437.343710835033562, 5004312.958377793431282 ], [ 480411.890033692645375, 5004306.847490570507944 ], [ 480386.151420803857036, 5004302.077120640315115 ], [ 480360.198419917549472, 5004298.660343253985047 ], [ 480334.102166405238677, 5004296.606523560360074 ], [ 480307.934188283747062, 5004295.921290937811136 ], [ 480281.766210162255447, 5004296.606523560360074 ], [ 480255.669956649944652, 5004298.660343253985047 ], [ 480229.716955763637088, 5004302.077120640315115 ], [ 480203.978342874848749, 5004306.847490570507944 ], [ 480178.524665732460562, 5004312.958377793431282 ], [ 480153.425691096286755, 5004320.393032790161669 ], [ 480128.750213511113543, 5004329.131077689118683 ], [ 480104.565866745833773, 5004339.148562116548419 ], [ 480080.938938413979486, 5004350.418028843589127 ], [ 480057.934188283747062, 5004362.908589045517147 ], [ 480035.614670776238199, 5004376.586006965488195 ], [ 480014.041562137485016, 5004391.412793749943376 ], [ 479993.273992758826353, 5004407.348310208879411 ], [ 479973.36888510431163, 5004424.348878199234605 ], [ 479954.380797690479085, 5004442.367900344543159 ], [ 479936.361775545054115, 5004461.355987758375704 ], [ 479919.361207555280998, 5004481.261095413006842 ], [ 479903.425691096286755, 5004502.028664791956544 ], [ 479888.598904311016668, 5004523.601773430593312 ], [ 479874.92148639151128, 5004545.921290937811136 ], [ 479862.430926189583261, 5004568.926041067577899 ], [ 479851.161459462426137, 5004592.55296939983964 ], [ 479841.143975035171025, 5004616.73731616511941 ], [ 479832.405930136155803, 5004641.412793749943376 ], [ 479824.971275139192585, 5004666.511768386699259 ], [ 479818.860387916851323, 5004691.965445528738201 ], [ 479814.090017986192834, 5004717.704058418050408 ], [ 479810.673240599629935, 5004743.65705930441618 ], [ 479808.619420906470623, 5004769.753312815912068 ], [ 479807.934188283747062, 5004795.921290937811136 ], [ 479808.619420906470623, 5004822.089269059710205 ], [ 479810.673240599629935, 5004848.185522571206093 ], [ 479814.090017986192834, 5004874.138523457571864 ], [ 479818.860387916851323, 5004899.877136346884072 ], [ 479824.971275139192585, 5004925.330813488923013 ], [ 479832.405930136155803, 5004950.429788125678897 ], [ 479841.143975035171025, 5004975.105265710502863 ], [ 479851.161459462426137, 5004999.289612475782633 ], [ 479862.430926189583261, 5005022.916540808044374 ], [ 479874.92148639151128, 5005045.921290937811136 ], [ 479888.598904311016668, 5005068.240808445028961 ], [ 479903.425691096286755, 5005089.813917083665729 ], [ 479919.361207555280998, 5005110.58148646261543 ], [ 479936.361775545054115, 5005130.486594117246568 ], [ 479954.380797690479085, 5005149.474681531079113 ], [ 479973.36888510431163, 5005167.493703676387668 ], [ 479993.273992758826353, 5005184.494271666742861 ], [ 480014.041562137485016, 5005200.429788125678897 ], [ 480035.614670776238199, 5005215.256574910134077 ], [ 480057.934188283747062, 5005228.933992830105126 ], [ 480080.938938413979486, 5005241.424553032033145 ], [ 480104.565866745833773, 5005252.694019759073853 ], [ 480128.750213511113543, 5005262.711504186503589 ], [ 480153.425691096286755, 5005271.449549085460603 ], [ 480178.524665732460562, 5005278.88420408219099 ], [ 480203.978342874848749, 5005284.995091305114329 ], [ 480229.716955763637088, 5005289.765461235307157 ], [ 480255.669956649944652, 5005293.182238621637225 ], [ 480281.766210162255447, 5005295.236058315262198 ], [ 480307.934188283747062, 5005295.921290937811136 ], [ 480334.102166405238677, 5005295.236058315262198 ], [ 480360.198419917549472, 5005293.182238621637225 ], [ 480386.151420803857036, 5005289.765461235307157 ], [ 480411.890033692645375, 5005284.995091305114329 ], [ 480437.343710835033562, 5005278.88420408219099 ], [ 480462.442685471207369, 5005271.449549085460603 ], [ 480487.118163056380581, 5005262.711504186503589 ], [ 480511.302509821660351, 5005252.694019759073853 ], [ 480534.929438153514639, 5005241.424553032033145 ], [ 480557.934188283747062, 5005228.933992830105126 ], [ 480580.253705791255925, 5005215.256574910134077 ], [ 480601.826814430009108, 5005200.429788125678897 ], [ 480622.594383808667772, 5005184.494271666742861 ], [ 480642.499491463182494, 5005167.493703676387668 ], [ 480661.487578877015039, 5005149.474681531079113 ], [ 480679.506601022440009, 5005130.486594117246568 ], [ 480696.507169012213126, 5005110.58148646261543 ], [ 480712.442685471207369, 5005089.813917083665729 ], [ 480727.269472256477457, 5005068.240808445028961 ], [ 480740.946890175982844, 5005045.921290937811136 ], [ 480753.437450377910864, 5005022.916540808044374 ], [ 480764.706917105067987, 5004999.289612475782633 ], [ 480774.7244015323231, 5004975.105265710502863 ], [ 480783.462446431338321, 5004950.429788125678897 ], [ 480790.897101428301539, 5004925.330813488923013 ], [ 480797.007988650642801, 5004899.877136346884072 ], [ 480801.778358581301291, 5004874.138523457571864 ], [ 480805.195135967864189, 5004848.185522571206093 ], [ 480807.248955661023501, 5004822.089269059710205 ], [ 480807.934188283747062, 5004795.921290937811136 ] ] ] } },
{ "type": "Feature", "properties": { "site": 4, "transect": 4.3 }, "geometry": { "type": "Polygon", "coordinates": [ [ [ 481425.403074088215362, 5004746.460194014012814 ], [ 481424.717841465491802, 5004720.292215892113745 ], [ 481422.664021772332489, 5004694.195962380617857 ], [ 481419.247244385769591, 5004668.242961494252086 ], [ 481414.476874455111101, 5004642.504348604939878 ], [ 481408.365987232769839, 5004617.050671462900937 ], [ 481400.931332235806622, 5004591.951696826145053 ], [ 481392.1932873367914, 5004567.276219241321087 ], [ 481382.175802909536287, 5004543.091872476041317 ], [ 481370.906336182379164, 5004519.464944143779576 ], [ 481358.415775980451144, 5004496.460194014012814 ], [ 481344.738358060945757, 5004474.140676506794989 ], [ 481329.911571275675669, 5004452.567567868158221 ], [ 481313.976054816681426, 5004431.799998489208519 ], [ 481296.975486826908309, 5004411.894890834577382 ], [ 481278.95646468148334, 5004392.906803420744836 ], [ 481259.968377267650794, 5004374.887781275436282 ], [ 481240.063269613136072, 5004357.887213285081089 ], [ 481219.295700234477408, 5004341.951696826145053 ], [ 481197.722591595724225, 5004327.124910041689873 ], [ 481175.403074088215362, 5004313.447492121718824 ], [ 481152.398323957982939, 5004300.956931919790804 ], [ 481128.771395626128651, 5004289.687465192750096 ], [ 481104.587048860848881, 5004279.669980765320361 ], [ 481079.911571275675669, 5004270.931935866363347 ], [ 481054.812596639501862, 5004263.497280869632959 ], [ 481029.358919497113675, 5004257.386393646709621 ], [ 481003.620306608325336, 5004252.616023716516793 ], [ 480977.667305722017772, 5004249.199246330186725 ], [ 480951.571052209706977, 5004247.145426636561751 ], [ 480925.403074088215362, 5004246.460194014012814 ], [ 480899.235095966723748, 5004247.145426636561751 ], [ 480873.138842454412952, 5004249.199246330186725 ], [ 480847.185841568105388, 5004252.616023716516793 ], [ 480821.44722867931705, 5004257.386393646709621 ], [ 480795.993551536928862, 5004263.497280869632959 ], [ 480770.894576900755055, 5004270.931935866363347 ], [ 480746.219099315581843, 5004279.669980765320361 ], [ 480722.034752550302073, 5004289.687465192750096 ], [ 480698.407824218447786, 5004300.956931919790804 ], [ 480675.403074088215362, 5004313.447492121718824 ], [ 480653.0835565807065, 5004327.124910041689873 ], [ 480631.510447941953316, 5004341.951696826145053 ], [ 480610.742878563294653, 5004357.887213285081089 ], [ 480590.83777090877993, 5004374.887781275436282 ], [ 480571.849683494947385, 5004392.906803420744836 ], [ 480553.830661349522416, 5004411.894890834577382 ], [ 480536.830093359749299, 5004431.799998489208519 ], [ 480520.894576900755055, 5004452.567567868158221 ], [ 480506.067790115484968, 5004474.140676506794989 ], [ 480492.39037219597958, 5004496.460194014012814 ], [ 480479.899811994051561, 5004519.464944143779576 ], [ 480468.630345266894437, 5004543.091872476041317 ], [ 480458.612860839639325, 5004567.276219241321087 ], [ 480449.874815940624103, 5004591.951696826145053 ], [ 480442.440160943660885, 5004617.050671462900937 ], [ 480436.329273721319623, 5004642.504348604939878 ], [ 480431.558903790661134, 5004668.242961494252086 ], [ 480428.142126404098235, 5004694.195962380617857 ], [ 480426.088306710938923, 5004720.292215892113745 ], [ 480425.403074088215362, 5004746.460194014012814 ], [ 480426.088306710938923, 5004772.628172135911882 ], [ 480428.142126404098235, 5004798.72442564740777 ], [ 480431.558903790661134, 5004824.677426533773541 ], [ 480436.329273721319623, 5004850.416039423085749 ], [ 480442.440160943660885, 5004875.869716565124691 ], [ 480449.874815940624103, 5004900.968691201880574 ], [ 480458.612860839639325, 5004925.64416878670454 ], [ 480468.630345266894437, 5004949.82851555198431 ], [ 480479.899811994051561, 5004973.455443884246051 ], [ 480492.39037219597958, 5004996.460194014012814 ], [ 480506.067790115484968, 5005018.779711521230638 ], [ 480520.894576900755055, 5005040.352820159867406 ], [ 480536.830093359749299, 5005061.120389538817108 ], [ 480553.830661349522416, 5005081.025497193448246 ], [ 480571.849683494947385, 5005100.013584607280791 ], [ 480590.83777090877993, 5005118.032606752589345 ], [ 480610.742878563294653, 5005135.033174742944539 ], [ 480631.510447941953316, 5005150.968691201880574 ], [ 480653.0835565807065, 5005165.795477986335754 ], [ 480675.403074088215362, 5005179.472895906306803 ], [ 480698.407824218447786, 5005191.963456108234823 ], [ 480722.034752550302073, 5005203.232922835275531 ], [ 480746.219099315581843, 5005213.250407262705266 ], [ 480770.894576900755055, 5005221.988452161662281 ], [ 480795.993551536928862, 5005229.423107158392668 ], [ 480821.44722867931705, 5005235.533994381316006 ], [ 480847.185841568105388, 5005240.304364311508834 ], [ 480873.138842454412952, 5005243.721141697838902 ], [ 480899.235095966723748, 5005245.774961391463876 ], [ 480925.403074088215362, 5005246.460194014012814 ], [ 480951.571052209706977, 5005245.774961391463876 ], [ 480977.667305722017772, 5005243.721141697838902 ], [ 481003.620306608325336, 5005240.304364311508834 ], [ 481029.358919497113675, 5005235.533994381316006 ], [ 481054.812596639501862, 5005229.423107158392668 ], [ 481079.911571275675669, 5005221.988452161662281 ], [ 481104.587048860848881, 5005213.250407262705266 ], [ 481128.771395626128651, 5005203.232922835275531 ], [ 481152.398323957982939, 5005191.963456108234823 ], [ 481175.403074088215362, 5005179.472895906306803 ], [ 481197.722591595724225, 5005165.795477986335754 ], [ 481219.295700234477408, 5005150.968691201880574 ], [ 481240.063269613136072, 5005135.033174742944539 ], [ 481259.968377267650794, 5005118.032606752589345 ], [ 481278.95646468148334, 5005100.013584607280791 ], [ 481296.975486826908309, 5005081.025497193448246 ], [ 481313.976054816681426, 5005061.120389538817108 ], [ 481329.911571275675669, 5005040.352820159867406 ], [ 481344.738358060945757, 5005018.779711521230638 ], [ 481358.415775980451144, 5004996.460194014012814 ], [ 481370.906336182379164, 5004973.455443884246051 ], [ 481382.175802909536287, 5004949.82851555198431 ], [ 481392.1932873367914, 5004925.64416878670454 ], [ 481400.931332235806622, 5004900.968691201880574 ], [ 481408.365987232769839, 5004875.869716565124691 ], [ 481414.476874455111101, 5004850.416039423085749 ], [ 481419.247244385769591, 5004824.677426533773541 ], [ 481422.664021772332489, 5004798.72442564740777 ], [ 481424.717841465491802, 5004772.628172135911882 ], [ 481425.403074088215362, 5004746.460194014012814 ] ] ] } },
{ "type": "Feature", "properties": { "site": 4, "transect": 4.4 }, "geometry": { "type": "Polygon", "coordinates": [ [ [ 481164.699018170009367, 5004971.985750999301672 ], [ 481164.013785547285806, 5004945.817772877402604 ], [ 481161.959965854126494, 5004919.721519365906715 ], [ 481158.543188467563596, 5004893.768518479540944 ], [ 481153.772818536905106, 5004868.029905590228736 ], [ 481147.661931314563844, 5004842.576228448189795 ], [ 481140.227276317600626, 5004817.477253811433911 ], [ 481131.489231418585405, 5004792.801776226609945 ], [ 481121.471746991330292, 5004768.617429461330175 ], [ 481110.202280264173169, 5004744.990501129068434 ], [ 481097.711720062245149, 5004721.985750999301672 ], [ 481084.034302142739762, 5004699.666233492083848 ], [ 481069.207515357469674, 5004678.09312485344708 ], [ 481053.271998898475431, 5004657.325555474497378 ], [ 481036.271430908702314, 5004637.42044781986624 ], [ 481018.252408763277344, 5004618.432360406033695 ], [ 480999.264321349444799, 5004600.413338260725141 ], [ 480979.359213694930077, 5004583.412770270369947 ], [ 480958.591644316271413, 5004567.477253811433911 ], [ 480937.01853567751823, 5004552.650467026978731 ], [ 480914.699018170009367, 5004538.973049107007682 ], [ 480891.694268039776944, 5004526.482488905079663 ], [ 480868.067339707922656, 5004515.213022178038955 ], [ 480843.882992942642886, 5004505.195537750609219 ], [ 480819.207515357469674, 5004496.457492851652205 ], [ 480794.108540721295867, 5004489.022837854921818 ], [ 480768.65486357890768, 5004482.911950631998479 ], [ 480742.916250690119341, 5004478.141580701805651 ], [ 480716.963249803811777, 5004474.724803315475583 ], [ 480690.866996291500982, 5004472.67098362185061 ], [ 480664.699018170009367, 5004471.985750999301672 ], [ 480638.531040048517752, 5004472.67098362185061 ], [ 480612.434786536206957, 5004474.724803315475583 ], [ 480586.481785649899393, 5004478.141580701805651 ], [ 480560.743172761111055, 5004482.911950631998479 ], [ 480535.289495618722867, 5004489.022837854921818 ], [ 480510.19052098254906, 5004496.457492851652205 ], [ 480485.515043397375848, 5004505.195537750609219 ], [ 480461.330696632096078, 5004515.213022178038955 ], [ 480437.703768300241791, 5004526.482488905079663 ], [ 480414.699018170009367, 5004538.973049107007682 ], [ 480392.379500662500504, 5004552.650467026978731 ], [ 480370.806392023747321, 5004567.477253811433911 ], [ 480350.038822645088658, 5004583.412770270369947 ], [ 480330.133714990573935, 5004600.413338260725141 ], [ 480311.14562757674139, 5004618.432360406033695 ], [ 480293.12660543131642, 5004637.42044781986624 ], [ 480276.126037441543303, 5004657.325555474497378 ], [ 480260.19052098254906, 5004678.09312485344708 ], [ 480245.363734197278973, 5004699.666233492083848 ], [ 480231.686316277773585, 5004721.985750999301672 ], [ 480219.195756075845566, 5004744.990501129068434 ], [ 480207.926289348688442, 5004768.617429461330175 ], [ 480197.90880492143333, 5004792.801776226609945 ], [ 480189.170760022418108, 5004817.477253811433911 ], [ 480181.73610502545489, 5004842.576228448189795 ], [ 480175.625217803113628, 5004868.029905590228736 ], [ 480170.854847872455139, 5004893.768518479540944 ], [ 480167.43807048589224, 5004919.721519365906715 ], [ 480165.384250792732928, 5004945.817772877402604 ], [ 480164.699018170009367, 5004971.985750999301672 ], [ 480165.384250792732928, 5004998.15372912120074 ], [ 480167.43807048589224, 5005024.249982632696629 ], [ 480170.854847872455139, 5005050.2029835190624 ], [ 480175.625217803113628, 5005075.941596408374608 ], [ 480181.73610502545489, 5005101.395273550413549 ], [ 480189.170760022418108, 5005126.494248187169433 ], [ 480197.90880492143333, 5005151.169725771993399 ], [ 480207.926289348688442, 5005175.354072537273169 ], [ 480219.195756075845566, 5005198.98100086953491 ], [ 480231.686316277773585, 5005221.985750999301672 ], [ 480245.363734197278973, 5005244.305268506519496 ], [ 480260.19052098254906, 5005265.878377145156264 ], [ 480276.126037441543303, 5005286.645946524105966 ], [ 480293.12660543131642, 5005306.551054178737104 ], [ 480311.14562757674139, 5005325.539141592569649 ], [ 480330.133714990573935, 5005343.558163737878203 ], [ 480350.038822645088658, 5005360.558731728233397 ], [ 480370.806392023747321, 5005376.494248187169433 ], [ 480392.379500662500504, 5005391.321034971624613 ], [ 480414.699018170009367, 5005404.998452891595662 ], [ 480437.703768300241791, 5005417.489013093523681 ], [ 480461.330696632096078, 5005428.758479820564389 ], [ 480485.515043397375848, 5005438.775964247994125 ], [ 480510.19052098254906, 5005447.514009146951139 ], [ 480535.289495618722867, 5005454.948664143681526 ], [ 480560.743172761111055, 5005461.059551366604865 ], [ 480586.481785649899393, 5005465.829921296797693 ], [ 480612.434786536206957, 5005469.246698683127761 ], [ 480638.531040048517752, 5005471.300518376752734 ], [ 480664.699018170009367, 5005471.985750999301672 ], [ 480690.866996291500982, 5005471.300518376752734 ], [ 480716.963249803811777, 5005469.246698683127761 ], [ 480742.916250690119341, 5005465.829921296797693 ], [ 480768.65486357890768, 5005461.059551366604865 ], [ 480794.108540721295867, 5005454.948664143681526 ], [ 480819.207515357469674, 5005447.514009146951139 ], [ 480843.882992942642886, 5005438.775964247994125 ], [ 480868.067339707922656, 5005428.758479820564389 ], [ 480891.694268039776944, 5005417.489013093523681 ], [ 480914.699018170009367, 5005404.998452891595662 ], [ 480937.01853567751823, 5005391.321034971624613 ], [ 480958.591644316271413, 5005376.494248187169433 ], [ 480979.359213694930077, 5005360.558731728233397 ], [ 480999.264321349444799, 5005343.558163737878203 ], [ 481018.252408763277344, 5005325.539141592569649 ], [ 481036.271430908702314, 5005306.551054178737104 ], [ 481053.271998898475431, 5005286.645946524105966 ], [ 481069.207515357469674, 5005265.878377145156264 ], [ 481084.034302142739762, 5005244.305268506519496 ], [ 481097.711720062245149, 5005221.985750999301672 ], [ 481110.202280264173169, 5005198.98100086953491 ], [ 481121.471746991330292, 5005175.354072537273169 ], [ 481131.489231418585405, 5005151.169725771993399 ], [ 481140.227276317600626, 5005126.494248187169433 ], [ 481147.661931314563844, 5005101.395273550413549 ], [ 481153.772818536905106, 5005075.941596408374608 ], [ 481158.543188467563596, 5005050.2029835190624 ], [ 481161.959965854126494, 5005024.249982632696629 ], [ 481164.013785547285806, 5004998.15372912120074 ], [ 481164.699018170009367, 5004971.985750999301672 ] ] ] } },
{ "type": "Feature", "properties": { "site": 4, "transect": 4.5 }, "geometry": { "type": "Polygon", "coordinates": [ [ [ 481059.316901327576488, 5004744.87103508412838 ], [ 481058.631668704852927, 5004718.703056962229311 ], [ 481056.577849011693615, 5004692.606803450733423 ], [ 481053.161071625130717, 5004666.653802564367652 ], [ 481048.390701694472227, 5004640.915189675055444 ], [ 481042.279814472130965, 5004615.461512533016503 ], [ 481034.845159475167748, 5004590.362537896260619 ], [ 481026.107114576152526, 5004565.687060311436653 ], [ 481016.089630148897413, 5004541.502713546156883 ], [ 481004.82016342174029, 5004517.875785213895142 ], [ 480992.32960321981227, 5004494.87103508412838 ], [ 480978.652185300306883, 5004472.551517576910555 ], [ 480963.825398515036795, 5004450.978408938273787 ], [ 480947.889882056042552, 5004430.210839559324086 ], [ 480930.889314066269435, 5004410.305731904692948 ], [ 480912.870291920844465, 5004391.317644490860403 ], [ 480893.88220450701192, 5004373.298622345551848 ], [ 480873.977096852497198, 5004356.298054355196655 ], [ 480853.209527473838534, 5004340.362537896260619 ], [ 480831.636418835085351, 5004325.535751111805439 ], [ 480809.316901327576488, 5004311.85833319183439 ], [ 480786.312151197344065, 5004299.367772989906371 ], [ 480762.685222865489777, 5004288.098306262865663 ], [ 480738.500876100210007, 5004278.080821835435927 ], [ 480713.825398515036795, 5004269.342776936478913 ], [ 480688.726423878862988, 5004261.908121939748526 ], [ 480663.272746736474801, 5004255.797234716825187 ], [ 480637.534133847686462, 5004251.026864786632359 ], [ 480611.581132961378898, 5004247.610087400302291 ], [ 480585.484879449068103, 5004245.556267706677318 ], [ 480559.316901327576488, 5004244.87103508412838 ], [ 480533.148923206084874, 5004245.556267706677318 ], [ 480507.052669693774078, 5004247.610087400302291 ], [ 480481.099668807466514, 5004251.026864786632359 ], [ 480455.361055918678176, 5004255.797234716825187 ], [ 480429.907378776289988, 5004261.908121939748526 ], [ 480404.808404140116181, 5004269.342776936478913 ], [ 480380.132926554942969, 5004278.080821835435927 ], [ 480355.948579789663199, 5004288.098306262865663 ], [ 480332.321651457808912, 5004299.367772989906371 ], [ 480309.316901327576488, 5004311.85833319183439 ], [ 480286.997383820067625, 5004325.535751111805439 ], [ 480265.424275181314442, 5004340.362537896260619 ], [ 480244.656705802655779, 5004356.298054355196655 ], [ 480224.751598148141056, 5004373.298622345551848 ], [ 480205.763510734308511, 5004391.317644490860403 ], [ 480187.744488588883542, 5004410.305731904692948 ], [ 480170.743920599110425, 5004430.210839559324086 ], [ 480154.808404140116181, 5004450.978408938273787 ], [ 480139.981617354846094, 5004472.551517576910555 ], [ 480126.304199435340706, 5004494.87103508412838 ], [ 480113.813639233412687, 5004517.875785213895142 ], [ 480102.544172506255563, 5004541.502713546156883 ], [ 480092.526688079000451, 5004565.687060311436653 ], [ 480083.788643179985229, 5004590.362537896260619 ], [ 480076.353988183022011, 5004615.461512533016503 ], [ 480070.243100960680749, 5004640.915189675055444 ], [ 480065.47273103002226, 5004666.653802564367652 ], [ 480062.055953643459361, 5004692.606803450733423 ], [ 480060.002133950300049, 5004718.703056962229311 ], [ 480059.316901327576488, 5004744.87103508412838 ], [ 480060.002133950300049, 5004771.039013206027448 ], [ 480062.055953643459361, 5004797.135266717523336 ], [ 480065.47273103002226, 5004823.088267603889108 ], [ 480070.243100960680749, 5004848.826880493201315 ], [ 480076.353988183022011, 5004874.280557635240257 ], [ 480083.788643179985229, 5004899.37953227199614 ], [ 480092.526688079000451, 5004924.055009856820107 ], [ 480102.544172506255563, 5004948.239356622099876 ], [ 480113.813639233412687, 5004971.866284954361618 ], [ 480126.304199435340706, 5004994.87103508412838 ], [ 480139.981617354846094, 5005017.190552591346204 ], [ 480154.808404140116181, 5005038.763661229982972 ], [ 480170.743920599110425, 5005059.531230608932674 ], [ 480187.744488588883542, 5005079.436338263563812 ], [ 480205.763510734308511, 5005098.424425677396357 ], [ 480224.751598148141056, 5005116.443447822704911 ], [ 480244.656705802655779, 5005133.444015813060105 ], [ 480265.424275181314442, 5005149.37953227199614 ], [ 480286.997383820067625, 5005164.206319056451321 ], [ 480309.316901327576488, 5005177.883736976422369 ], [ 480332.321651457808912, 5005190.374297178350389 ], [ 480355.948579789663199, 5005201.643763905391097 ], [ 480380.132926554942969, 5005211.661248332820833 ], [ 480404.808404140116181, 5005220.399293231777847 ], [ 480429.907378776289988, 5005227.833948228508234 ], [ 480455.361055918678176, 5005233.944835451431572 ], [ 480481.099668807466514, 5005238.715205381624401 ], [ 480507.052669693774078, 5005242.131982767954469 ], [ 480533.148923206084874, 5005244.185802461579442 ], [ 480559.316901327576488, 5005244.87103508412838 ], [ 480585.484879449068103, 5005244.185802461579442 ], [ 480611.581132961378898, 5005242.131982767954469 ], [ 480637.534133847686462, 5005238.715205381624401 ], [ 480663.272746736474801, 5005233.944835451431572 ], [ 480688.726423878862988, 5005227.833948228508234 ], [ 480713.825398515036795, 5005220.399293231777847 ], [ 480738.500876100210007, 5005211.661248332820833 ], [ 480762.685222865489777, 5005201.643763905391097 ], [ 480786.312151197344065, 5005190.374297178350389 ], [ 480809.316901327576488, 5005177.883736976422369 ], [ 480831.636418835085351, 5005164.206319056451321 ], [ 480853.209527473838534, 5005149.37953227199614 ], [ 480873.977096852497198, 5005133.444015813060105 ], [ 480893.88220450701192, 5005116.443447822704911 ], [ 480912.870291920844465, 5005098.424425677396357 ], [ 480930.889314066269435, 5005079.436338263563812 ], [ 480947.889882056042552, 5005059.531230608932674 ], [ 480963.825398515036795, 5005038.763661229982972 ], [ 480978.652185300306883, 5005017.190552591346204 ], [ 480992.32960321981227, 5004994.87103508412838 ], [ 481004.82016342174029, 5004971.866284954361618 ], [ 481016.089630148897413, 5004948.239356622099876 ], [ 481026.107114576152526, 5004924.055009856820107 ], [ 481034.845159475167748, 5004899.37953227199614 ], [ 481042.279814472130965, 5004874.280557635240257 ], [ 481048.390701694472227, 5004848.826880493201315 ], [ 481053.161071625130717, 5004823.088267603889108 ], [ 481056.577849011693615, 5004797.135266717523336 ], [ 481058.631668704852927, 5004771.039013206027448 ], [ 481059.316901327576488, 5004744.87103508412838 ] ] ] } },
{ "type": "Feature", "properties": { "site": 5, "transect": 5.1 }, "geometry": { "type": "Polygon", "coordinates": [ [ [ 465981.411161264113616, 5049020.394840496592224 ], [ 465980.725928641390055, 5048994.226862374693155 ], [ 465978.672108948230743, 5048968.130608863197267 ], [ 465975.255331561667845, 5048942.177607976831496 ], [ 465970.484961631009355, 5048916.438995087519288 ], [ 465964.374074408668093, 5048890.985317945480347 ], [ 465956.939419411704876, 5048865.886343308724463 ], [ 465948.201374512689654, 5048841.210865723900497 ], [ 465938.183890085434541, 5048817.026518958620727 ], [ 465926.914423358277418, 5048793.399590626358986 ], [ 465914.423863156349398, 5048770.394840496592224 ], [ 465900.746445236844011, 5048748.075322989374399 ], [ 465885.919658451573923, 5048726.502214350737631 ], [ 465869.98414199257968, 5048705.73464497178793 ], [ 465852.983574002806563, 5048685.829537317156792 ], [ 465834.964551857381593, 5048666.841449903324246 ], [ 465815.976464443549048, 5048648.822427758015692 ], [ 465796.071356789034326, 5048631.821859767660499 ], [ 465775.303787410375662, 5048615.886343308724463 ], [ 465753.730678771622479, 5048601.059556524269283 ], [ 465731.411161264113616, 5048587.382138604298234 ], [ 465708.406411133881193, 5048574.891578402370214 ], [ 465684.779482802026905, 5048563.622111675329506 ], [ 465660.595136036747135, 5048553.604627247899771 ], [ 465635.919658451573923, 5048544.866582348942757 ], [ 465610.820683815400116, 5048537.431927352212369 ], [ 465585.367006673011929, 5048531.321040129289031 ], [ 465559.62839378422359, 5048526.550670199096203 ], [ 465533.675392897916026, 5048523.133892812766135 ], [ 465507.579139385605231, 5048521.080073119141161 ], [ 465481.411161264113616, 5048520.394840496592224 ], [ 465455.243183142622001, 5048521.080073119141161 ], [ 465429.146929630311206, 5048523.133892812766135 ], [ 465403.193928744003642, 5048526.550670199096203 ], [ 465377.455315855215304, 5048531.321040129289031 ], [ 465352.001638712827116, 5048537.431927352212369 ], [ 465326.902664076653309, 5048544.866582348942757 ], [ 465302.227186491480097, 5048553.604627247899771 ], [ 465278.042839726200327, 5048563.622111675329506 ], [ 465254.41591139434604, 5048574.891578402370214 ], [ 465231.411161264113616, 5048587.382138604298234 ], [ 465209.091643756604753, 5048601.059556524269283 ], [ 465187.51853511785157, 5048615.886343308724463 ], [ 465166.750965739192907, 5048631.821859767660499 ], [ 465146.845858084678184, 5048648.822427758015692 ], [ 465127.857770670845639, 5048666.841449903324246 ], [ 465109.838748525420669, 5048685.829537317156792 ], [ 465092.838180535647552, 5048705.73464497178793 ], [ 465076.902664076653309, 5048726.502214350737631 ], [ 465062.075877291383222, 5048748.075322989374399 ], [ 465048.398459371877834, 5048770.394840496592224 ], [ 465035.907899169949815, 5048793.399590626358986 ], [ 465024.638432442792691, 5048817.026518958620727 ], [ 465014.620948015537579, 5048841.210865723900497 ], [ 465005.882903116522357, 5048865.886343308724463 ], [ 464998.448248119559139, 5048890.985317945480347 ], [ 464992.337360897217877, 5048916.438995087519288 ], [ 464987.566990966559388, 5048942.177607976831496 ], [ 464984.150213579996489, 5048968.130608863197267 ], [ 464982.096393886837177, 5048994.226862374693155 ], [ 464981.411161264113616, 5049020.394840496592224 ], [ 464982.096393886837177, 5049046.562818618491292 ], [ 464984.150213579996489, 5049072.65907212998718 ], [ 464987.566990966559388, 5049098.612073016352952 ], [ 464992.337360897217877, 5049124.350685905665159 ], [ 464998.448248119559139, 5049149.804363047704101 ], [ 465005.882903116522357, 5049174.903337684459984 ], [ 465014.620948015537579, 5049199.57881526928395 ], [ 465024.638432442792691, 5049223.76316203456372 ], [ 465035.907899169949815, 5049247.390090366825461 ], [ 465048.398459371877834, 5049270.394840496592224 ], [ 465062.075877291383222, 5049292.714358003810048 ], [ 465076.902664076653309, 5049314.287466642446816 ], [ 465092.838180535647552, 5049335.055036021396518 ], [ 465109.838748525420669, 5049354.960143676027656 ], [ 465127.857770670845639, 5049373.948231089860201 ], [ 465146.845858084678184, 5049391.967253235168755 ], [ 465166.750965739192907, 5049408.967821225523949 ], [ 465187.51853511785157, 5049424.903337684459984 ], [ 465209.091643756604753, 5049439.730124468915164 ], [ 465231.411161264113616, 5049453.407542388886213 ], [ 465254.41591139434604, 5049465.898102590814233 ], [ 465278.042839726200327, 5049477.167569317854941 ], [ 465302.227186491480097, 5049487.185053745284677 ], [ 465326.902664076653309, 5049495.923098644241691 ], [ 465352.001638712827116, 5049503.357753640972078 ], [ 465377.455315855215304, 5049509.468640863895416 ], [ 465403.193928744003642, 5049514.239010794088244 ], [ 465429.146929630311206, 5049517.655788180418313 ], [ 465455.243183142622001, 5049519.709607874043286 ], [ 465481.411161264113616, 5049520.394840496592224 ], [ 465507.579139385605231, 5049519.709607874043286 ], [ 465533.675392897916026, 5049517.655788180418313 ], [ 465559.62839378422359, 5049514.239010794088244 ], [ 465585.367006673011929, 5049509.468640863895416 ], [ 465610.820683815400116, 5049503.357753640972078 ], [ 465635.919658451573923, 5049495.923098644241691 ], [ 465660.595136036747135, 5049487.185053745284677 ], [ 465684.779482802026905, 5049477.167569317854941 ], [ 465708.406411133881193, 5049465.898102590814233 ], [ 465731.411161264113616, 5049453.407542388886213 ], [ 465753.730678771622479, 5049439.730124468915164 ], [ 465775.303787410375662, 5049424.903337684459984 ], [ 465796.071356789034326, 5049408.967821225523949 ], [ 465815.976464443549048, 5049391.967253235168755 ], [ 465834.964551857381593, 5049373.948231089860201 ], [ 465852.983574002806563, 5049354.960143676027656 ], [ 465869.98414199257968, 5049335.055036021396518 ], [ 465885.919658451573923, 5049314.287466642446816 ], [ 465900.746445236844011, 5049292.714358003810048 ], [ 465914.423863156349398, 5049270.394840496592224 ], [ 465926.914423358277418, 5049247.390090366825461 ], [ 465938.183890085434541, 5049223.76316203456372 ], [ 465948.201374512689654, 5049199.57881526928395 ], [ 465956.939419411704876, 5049174.903337684459984 ], [ 465964.374074408668093, 5049149.804363047704101 ], [ 465970.484961631009355, 5049124.350685905665159 ], [ 465975.255331561667845, 5049098.612073016352952 ], [ 465978.672108948230743, 5049072.65907212998718 ], [ 465980.725928641390055, 5049046.562818618491292 ], [ 465981.411161264113616, 5049020.394840496592224 ] ] ] } },
{ "type": "Feature", "properties": { "site": 5, "transect": 5.2 }, "geometry": { "type": "Polygon", "coordinates": [ [ [ 465789.480707928712945, 5048801.363324037753046 ], [ 465788.795475305989385, 5048775.195345915853977 ], [ 465786.741655612830073, 5048749.099092404358089 ], [ 465783.324878226267174, 5048723.146091517992318 ], [ 465778.554508295608684, 5048697.40747862868011 ], [ 465772.443621073267423, 5048671.953801486641169 ], [ 465765.008966076304205, 5048646.854826849885285 ], [ 465756.270921177288983, 5048622.179349265061319 ], [ 465746.25343675003387, 5048597.995002499781549 ], [ 465734.983970022876747, 5048574.368074167519808 ], [ 465722.493409820948727, 5048551.363324037753046 ], [ 465708.81599190144334, 5048529.043806530535221 ], [ 465693.989205116173252, 5048507.470697891898453 ], [ 465678.053688657179009, 5048486.703128512948751 ], [ 465661.053120667405892, 5048466.798020858317614 ], [ 465643.034098521980923, 5048447.809933444485068 ], [ 465624.046011108148377, 5048429.790911299176514 ], [ 465604.140903453633655, 5048412.790343308821321 ], [ 465583.373334074974991, 5048396.854826849885285 ], [ 465561.800225436221808, 5048382.028040065430105 ], [ 465539.480707928712945, 5048368.350622145459056 ], [ 465516.475957798480522, 5048355.860061943531036 ], [ 465492.849029466626234, 5048344.590595216490328 ], [ 465468.664682701346464, 5048334.573110789060593 ], [ 465443.989205116173252, 5048325.835065890103579 ], [ 465418.890230479999445, 5048318.400410893373191 ], [ 465393.436553337611258, 5048312.289523670449853 ], [ 465367.697940448822919, 5048307.519153740257025 ], [ 465341.744939562515356, 5048304.102376353926957 ], [ 465315.64868605020456, 5048302.048556660301983 ], [ 465289.480707928712945, 5048301.363324037753046 ], [ 465263.312729807221331, 5048302.048556660301983 ], [ 465237.216476294910535, 5048304.102376353926957 ], [ 465211.263475408602972, 5048307.519153740257025 ], [ 465185.524862519814633, 5048312.289523670449853 ], [ 465160.071185377426445, 5048318.400410893373191 ], [ 465134.972210741252638, 5048325.835065890103579 ], [ 465110.296733156079426, 5048334.573110789060593 ], [ 465086.112386390799657, 5048344.590595216490328 ], [ 465062.485458058945369, 5048355.860061943531036 ], [ 465039.480707928712945, 5048368.350622145459056 ], [ 465017.161190421204083, 5048382.028040065430105 ], [ 464995.588081782450899, 5048396.854826849885285 ], [ 464974.820512403792236, 5048412.790343308821321 ], [ 464954.915404749277513, 5048429.790911299176514 ], [ 464935.927317335444968, 5048447.809933444485068 ], [ 464917.908295190019999, 5048466.798020858317614 ], [ 464900.907727200246882, 5048486.703128512948751 ], [ 464884.972210741252638, 5048507.470697891898453 ], [ 464870.145423955982551, 5048529.043806530535221 ], [ 464856.468006036477163, 5048551.363324037753046 ], [ 464843.977445834549144, 5048574.368074167519808 ], [ 464832.707979107392021, 5048597.995002499781549 ], [ 464822.690494680136908, 5048622.179349265061319 ], [ 464813.952449781121686, 5048646.854826849885285 ], [ 464806.517794784158468, 5048671.953801486641169 ], [ 464800.406907561817206, 5048697.40747862868011 ], [ 464795.636537631158717, 5048723.146091517992318 ], [ 464792.219760244595818, 5048749.099092404358089 ], [ 464790.165940551436506, 5048775.195345915853977 ], [ 464789.480707928712945, 5048801.363324037753046 ], [ 464790.165940551436506, 5048827.531302159652114 ], [ 464792.219760244595818, 5048853.627555671148002 ], [ 464795.636537631158717, 5048879.580556557513773 ], [ 464800.406907561817206, 5048905.319169446825981 ], [ 464806.517794784158468, 5048930.772846588864923 ], [ 464813.952449781121686, 5048955.871821225620806 ], [ 464822.690494680136908, 5048980.547298810444772 ], [ 464832.707979107392021, 5049004.731645575724542 ], [ 464843.977445834549144, 5049028.358573907986283 ], [ 464856.468006036477163, 5049051.363324037753046 ], [ 464870.145423955982551, 5049073.68284154497087 ], [ 464884.972210741252638, 5049095.255950183607638 ], [ 464900.907727200246882, 5049116.02351956255734 ], [ 464917.908295190019999, 5049135.928627217188478 ], [ 464935.927317335444968, 5049154.916714631021023 ], [ 464954.915404749277513, 5049172.935736776329577 ], [ 464974.820512403792236, 5049189.936304766684771 ], [ 464995.588081782450899, 5049205.871821225620806 ], [ 465017.161190421204083, 5049220.698608010075986 ], [ 465039.480707928712945, 5049234.376025930047035 ], [ 465062.485458058945369, 5049246.866586131975055 ], [ 465086.112386390799657, 5049258.136052859015763 ], [ 465110.296733156079426, 5049268.153537286445498 ], [ 465134.972210741252638, 5049276.891582185402513 ], [ 465160.071185377426445, 5049284.3262371821329 ], [ 465185.524862519814633, 5049290.437124405056238 ], [ 465211.263475408602972, 5049295.207494335249066 ], [ 465237.216476294910535, 5049298.624271721579134 ], [ 465263.312729807221331, 5049300.678091415204108 ], [ 465289.480707928712945, 5049301.363324037753046 ], [ 465315.64868605020456, 5049300.678091415204108 ], [ 465341.744939562515356, 5049298.624271721579134 ], [ 465367.697940448822919, 5049295.207494335249066 ], [ 465393.436553337611258, 5049290.437124405056238 ], [ 465418.890230479999445, 5049284.3262371821329 ], [ 465443.989205116173252, 5049276.891582185402513 ], [ 465468.664682701346464, 5049268.153537286445498 ], [ 465492.849029466626234, 5049258.136052859015763 ], [ 465516.475957798480522, 5049246.866586131975055 ], [ 465539.480707928712945, 5049234.376025930047035 ], [ 465561.800225436221808, 5049220.698608010075986 ], [ 465583.373334074974991, 5049205.871821225620806 ], [ 465604.140903453633655, 5049189.936304766684771 ], [ 465624.046011108148377, 5049172.935736776329577 ], [ 465643.034098521980923, 5049154.916714631021023 ], [ 465661.053120667405892, 5049135.928627217188478 ], [ 465678.053688657179009, 5049116.02351956255734 ], [ 465693.989205116173252, 5049095.255950183607638 ], [ 465708.81599190144334, 5049073.68284154497087 ], [ 465722.493409820948727, 5049051.363324037753046 ], [ 465734.983970022876747, 5049028.358573907986283 ], [ 465746.25343675003387, 5049004.731645575724542 ], [ 465756.270921177288983, 5048980.547298810444772 ], [ 465765.008966076304205, 5048955.871821225620806 ], [ 465772.443621073267423, 5048930.772846588864923 ], [ 465778.554508295608684, 5048905.319169446825981 ], [ 465783.324878226267174, 5048879.580556557513773 ], [ 465786.741655612830073, 5048853.627555671148002 ], [ 465788.795475305989385, 5048827.531302159652114 ], [ 465789.480707928712945, 5048801.363324037753046 ] ] ] } },
{ "type": "Feature", "properties": { "site": 5, "transect": 5.3 }, "geometry": { "type": "Polygon", "coordinates": [ [ [ 465785.057169890846126, 5048828.764574501663446 ], [ 465784.371937268122565, 5048802.596596379764378 ], [ 465782.318117574963253, 5048776.50034286826849 ], [ 465778.901340188400354, 5048750.547341981902719 ], [ 465774.130970257741865, 5048724.808729092590511 ], [ 465768.020083035400603, 5048699.355051950551569 ], [ 465760.585428038437385, 5048674.256077313795686 ], [ 465751.847383139422163, 5048649.58059972897172 ], [ 465741.829898712167051, 5048625.39625296369195 ], [ 465730.560431985009927, 5048601.769324631430209 ], [ 465718.069871783081908, 5048578.764574501663446 ], [ 465704.39245386357652, 5048556.445056994445622 ], [ 465689.565667078306433, 5048534.871948355808854 ], [ 465673.63015061931219, 5048514.104378976859152 ], [ 465656.629582629539073, 5048494.199271322228014 ], [ 465638.610560484114103, 5048475.211183908395469 ], [ 465619.622473070281558, 5048457.192161763086915 ], [ 465599.717365415766835, 5048440.191593772731721 ], [ 465578.949796037108172, 5048424.256077313795686 ], [ 465557.376687398354989, 5048409.429290529340506 ], [ 465535.057169890846126, 5048395.751872609369457 ], [ 465512.052419760613702, 5048383.261312407441437 ], [ 465488.425491428759415, 5048371.991845680400729 ], [ 465464.241144663479645, 5048361.974361252970994 ], [ 465439.565667078306433, 5048353.236316354013979 ], [ 465414.466692442132626, 5048345.801661357283592 ], [ 465389.013015299744438, 5048339.690774134360254 ], [ 465363.2744024109561, 5048334.920404204167426 ], [ 465337.321401524648536, 5048331.503626817837358 ], [ 465311.225148012337741, 5048329.449807124212384 ], [ 465285.057169890846126, 5048328.764574501663446 ], [ 465258.889191769354511, 5048329.449807124212384 ], [ 465232.792938257043716, 5048331.503626817837358 ], [ 465206.839937370736152, 5048334.920404204167426 ], [ 465181.101324481947813, 5048339.690774134360254 ], [ 465155.647647339559626, 5048345.801661357283592 ], [ 465130.548672703385819, 5048353.236316354013979 ], [ 465105.873195118212607, 5048361.974361252970994 ], [ 465081.688848352932837, 5048371.991845680400729 ], [ 465058.061920021078549, 5048383.261312407441437 ], [ 465035.057169890846126, 5048395.751872609369457 ], [ 465012.737652383337263, 5048409.429290529340506 ], [ 464991.16454374458408, 5048424.256077313795686 ], [ 464970.396974365925416, 5048440.191593772731721 ], [ 464950.491866711410694, 5048457.192161763086915 ], [ 464931.503779297578149, 5048475.211183908395469 ], [ 464913.484757152153179, 5048494.199271322228014 ], [ 464896.484189162380062, 5048514.104378976859152 ], [ 464880.548672703385819, 5048534.871948355808854 ], [ 464865.721885918115731, 5048556.445056994445622 ], [ 464852.044467998610344, 5048578.764574501663446 ], [ 464839.553907796682324, 5048601.769324631430209 ], [ 464828.284441069525201, 5048625.39625296369195 ], [ 464818.266956642270088, 5048649.58059972897172 ], [ 464809.528911743254866, 5048674.256077313795686 ], [ 464802.094256746291649, 5048699.355051950551569 ], [ 464795.983369523950387, 5048724.808729092590511 ], [ 464791.212999593291897, 5048750.547341981902719 ], [ 464787.796222206728999, 5048776.50034286826849 ], [ 464785.742402513569687, 5048802.596596379764378 ], [ 464785.057169890846126, 5048828.764574501663446 ], [ 464785.742402513569687, 5048854.932552623562515 ], [ 464787.796222206728999, 5048881.028806135058403 ], [ 464791.212999593291897, 5048906.981807021424174 ], [ 464795.983369523950387, 5048932.720419910736382 ], [ 464802.094256746291649, 5048958.174097052775323 ], [ 464809.528911743254866, 5048983.273071689531207 ], [ 464818.266956642270088, 5049007.948549274355173 ], [ 464828.284441069525201, 5049032.132896039634943 ], [ 464839.553907796682324, 5049055.759824371896684 ], [ 464852.044467998610344, 5049078.764574501663446 ], [ 464865.721885918115731, 5049101.084092008881271 ], [ 464880.548672703385819, 5049122.657200647518039 ], [ 464896.484189162380062, 5049143.424770026467741 ], [ 464913.484757152153179, 5049163.329877681098878 ], [ 464931.503779297578149, 5049182.317965094931424 ], [ 464950.491866711410694, 5049200.336987240239978 ], [ 464970.396974365925416, 5049217.337555230595171 ], [ 464991.16454374458408, 5049233.273071689531207 ], [ 465012.737652383337263, 5049248.099858473986387 ], [ 465035.057169890846126, 5049261.777276393957436 ], [ 465058.061920021078549, 5049274.267836595885456 ], [ 465081.688848352932837, 5049285.537303322926164 ], [ 465105.873195118212607, 5049295.554787750355899 ], [ 465130.548672703385819, 5049304.292832649312913 ], [ 465155.647647339559626, 5049311.727487646043301 ], [ 465181.101324481947813, 5049317.838374868966639 ], [ 465206.839937370736152, 5049322.608744799159467 ], [ 465232.792938257043716, 5049326.025522185489535 ], [ 465258.889191769354511, 5049328.079341879114509 ], [ 465285.057169890846126, 5049328.764574501663446 ], [ 465311.225148012337741, 5049328.079341879114509 ], [ 465337.321401524648536, 5049326.025522185489535 ], [ 465363.2744024109561, 5049322.608744799159467 ], [ 465389.013015299744438, 5049317.838374868966639 ], [ 465414.466692442132626, 5049311.727487646043301 ], [ 465439.565667078306433, 5049304.292832649312913 ], [ 465464.241144663479645, 5049295.554787750355899 ], [ 465488.425491428759415, 5049285.537303322926164 ], [ 465512.052419760613702, 5049274.267836595885456 ], [ 465535.057169890846126, 5049261.777276393957436 ], [ 465557.376687398354989, 5049248.099858473986387 ], [ 465578.949796037108172, 5049233.273071689531207 ], [ 465599.717365415766835, 5049217.337555230595171 ], [ 465619.622473070281558, 5049200.336987240239978 ], [ 465638.610560484114103, 5049182.317965094931424 ], [ 465656.629582629539073, 5049163.329877681098878 ], [ 465673.63015061931219, 5049143.424770026467741 ], [ 465689.565667078306433, 5049122.657200647518039 ], [ 465704.39245386357652, 5049101.084092008881271 ], [ 465718.069871783081908, 5049078.764574501663446 ], [ 465730.560431985009927, 5049055.759824371896684 ], [ 465741.829898712167051, 5049032.132896039634943 ], [ 465751.847383139422163, 5049007.948549274355173 ], [ 465760.585428038437385, 5048983.273071689531207 ], [ 465768.020083035400603, 5048958.174097052775323 ], [ 465774.130970257741865, 5048932.720419910736382 ], [ 465778.901340188400354, 5048906.981807021424174 ], [ 465782.318117574963253, 5048881.028806135058403 ], [ 465784.371937268122565, 5048854.932552623562515 ], [ 465785.057169890846126, 5048828.764574501663446 ] ] ] } },
{ "type": "Feature", "properties": { "site": 5, "transect": 5.4 }, "geometry": { "type": "Polygon", "coordinates": [ [ [ 465786.317903604882304, 5048790.149548086337745 ], [ 465785.632670982158743, 5048763.981569964438677 ], [ 465783.578851288999431, 5048737.885316452942789 ], [ 465780.162073902436532, 5048711.932315566577017 ], [ 465775.391703971778043, 5048686.19370267726481 ], [ 465769.280816749436781, 5048660.740025535225868 ], [ 465761.846161752473563, 5048635.641050898469985 ], [ 465753.108116853458341, 5048610.965573313646019 ], [ 465743.090632426203229, 5048586.781226548366249 ], [ 465731.821165699046105, 5048563.154298216104507 ], [ 465719.330605497118086, 5048540.149548086337745 ], [ 465705.653187577612698, 5048517.830030579119921 ], [ 465690.826400792342611, 5048496.256921940483153 ], [ 465674.890884333348367, 5048475.489352561533451 ], [ 465657.89031634357525, 5048455.584244906902313 ], [ 465639.871294198150281, 5048436.596157493069768 ], [ 465620.883206784317736, 5048418.577135347761214 ], [ 465600.978099129803013, 5048401.57656735740602 ], [ 465580.21052975114435, 5048385.641050898469985 ], [ 465558.637421112391166, 5048370.814264114014804 ], [ 465536.317903604882304, 5048357.136846194043756 ], [ 465513.31315347464988, 5048344.646285992115736 ], [ 465489.686225142795593, 5048333.376819265075028 ], [ 465465.501878377515823, 5048323.359334837645292 ], [ 465440.826400792342611, 5048314.621289938688278 ], [ 465415.727426156168804, 5048307.186634941957891 ], [ 465390.273749013780616, 5048301.075747719034553 ], [ 465364.535136124992277, 5048296.305377788841724 ], [ 465338.582135238684714, 5048292.888600402511656 ], [ 465312.485881726373918, 5048290.834780708886683 ], [ 465286.317903604882304, 5048290.149548086337745 ], [ 465260.149925483390689, 5048290.834780708886683 ], [ 465234.053671971079893, 5048292.888600402511656 ], [ 465208.10067108477233, 5048296.305377788841724 ], [ 465182.362058195983991, 5048301.075747719034553 ], [ 465156.908381053595804, 5048307.186634941957891 ], [ 465131.809406417421997, 5048314.621289938688278 ], [ 465107.133928832248785, 5048323.359334837645292 ], [ 465082.949582066969015, 5048333.376819265075028 ], [ 465059.322653735114727, 5048344.646285992115736 ], [ 465036.317903604882304, 5048357.136846194043756 ], [ 465013.998386097373441, 5048370.814264114014804 ], [ 464992.425277458620258, 5048385.641050898469985 ], [ 464971.657708079961594, 5048401.57656735740602 ], [ 464951.752600425446872, 5048418.577135347761214 ], [ 464932.764513011614326, 5048436.596157493069768 ], [ 464914.745490866189357, 5048455.584244906902313 ], [ 464897.74492287641624, 5048475.489352561533451 ], [ 464881.809406417421997, 5048496.256921940483153 ], [ 464866.982619632151909, 5048517.830030579119921 ], [ 464853.305201712646522, 5048540.149548086337745 ], [ 464840.814641510718502, 5048563.154298216104507 ], [ 464829.545174783561379, 5048586.781226548366249 ], [ 464819.527690356306266, 5048610.965573313646019 ], [ 464810.789645457291044, 5048635.641050898469985 ], [ 464803.354990460327826, 5048660.740025535225868 ], [ 464797.244103237986565, 5048686.19370267726481 ], [ 464792.473733307328075, 5048711.932315566577017 ], [ 464789.056955920765176, 5048737.885316452942789 ], [ 464787.003136227605864, 5048763.981569964438677 ], [ 464786.317903604882304, 5048790.149548086337745 ], [ 464787.003136227605864, 5048816.317526208236814 ], [ 464789.056955920765176, 5048842.413779719732702 ], [ 464792.473733307328075, 5048868.366780606098473 ], [ 464797.244103237986565, 5048894.105393495410681 ], [ 464803.354990460327826, 5048919.559070637449622 ], [ 464810.789645457291044, 5048944.658045274205506 ], [ 464819.527690356306266, 5048969.333522859029472 ], [ 464829.545174783561379, 5048993.517869624309242 ], [ 464840.814641510718502, 5049017.144797956570983 ], [ 464853.305201712646522, 5049040.149548086337745 ], [ 464866.982619632151909, 5049062.46906559355557 ], [ 464881.809406417421997, 5049084.042174232192338 ], [ 464897.74492287641624, 5049104.809743611142039 ], [ 464914.745490866189357, 5049124.714851265773177 ], [ 464932.764513011614326, 5049143.702938679605722 ], [ 464951.752600425446872, 5049161.721960824914277 ], [ 464971.657708079961594, 5049178.72252881526947 ], [ 464992.425277458620258, 5049194.658045274205506 ], [ 465013.998386097373441, 5049209.484832058660686 ], [ 465036.317903604882304, 5049223.162249978631735 ], [ 465059.322653735114727, 5049235.652810180559754 ], [ 465082.949582066969015, 5049246.922276907600462 ], [ 465107.133928832248785, 5049256.939761335030198 ], [ 465131.809406417421997, 5049265.677806233987212 ], [ 465156.908381053595804, 5049273.112461230717599 ], [ 465182.362058195983991, 5049279.223348453640938 ], [ 465208.10067108477233, 5049283.993718383833766 ], [ 465234.053671971079893, 5049287.410495770163834 ], [ 465260.149925483390689, 5049289.464315463788807 ], [ 465286.317903604882304, 5049290.149548086337745 ], [ 465312.485881726373918, 5049289.464315463788807 ], [ 465338.582135238684714, 5049287.410495770163834 ], [ 465364.535136124992277, 5049283.993718383833766 ], [ 465390.273749013780616, 5049279.223348453640938 ], [ 465415.727426156168804, 5049273.112461230717599 ], [ 465440.826400792342611, 5049265.677806233987212 ], [ 465465.501878377515823, 5049256.939761335030198 ], [ 465489.686225142795593, 5049246.922276907600462 ], [ 465513.31315347464988, 5049235.652810180559754 ], [ 465536.317903604882304, 5049223.162249978631735 ], [ 465558.637421112391166, 5049209.484832058660686 ], [ 465580.21052975114435, 5049194.658045274205506 ], [ 465600.978099129803013, 5049178.72252881526947 ], [ 465620.883206784317736, 5049161.721960824914277 ], [ 465639.871294198150281, 5049143.702938679605722 ], [ 465657.89031634357525, 5049124.714851265773177 ], [ 465674.890884333348367, 5049104.809743611142039 ], [ 465690.826400792342611, 5049084.042174232192338 ], [ 465705.653187577612698, 5049062.46906559355557 ], [ 465719.330605497118086, 5049040.149548086337745 ], [ 465731.821165699046105, 5049017.144797956570983 ], [ 465743.090632426203229, 5048993.517869624309242 ], [ 465753.108116853458341, 5048969.333522859029472 ], [ 465761.846161752473563, 5048944.658045274205506 ], [ 465769.280816749436781, 5048919.559070637449622 ], [ 465775.391703971778043, 5048894.105393495410681 ], [ 465780.162073902436532, 5048868.366780606098473 ], [ 465783.578851288999431, 5048842.413779719732702 ], [ 465785.632670982158743, 5048816.317526208236814 ], [ 465786.317903604882304, 5048790.149548086337745 ] ] ] } },
{ "type": "Feature", "properties": { "site": 6, "transect": 6.1 }, "geometry": { "type": "Polygon", "coordinates": [ [ [ 485315.320447940612212, 5037412.026769702322781 ], [ 485314.635215317888651, 5037385.858791580423713 ], [ 485312.581395624729339, 5037359.762538068927824 ], [ 485309.16461823816644, 5037333.809537182562053 ], [ 485304.394248307507951, 5037308.070924293249846 ], [ 485298.283361085166689, 5037282.617247151210904 ], [ 485290.848706088203471, 5037257.51827251445502 ], [ 485282.110661189188249, 5037232.842794929631054 ], [ 485272.093176761933137, 5037208.658448164351285 ], [ 485260.823710034776013, 5037185.031519832089543 ], [ 485248.333149832847994, 5037162.026769702322781 ], [ 485234.655731913342606, 5037139.707252195104957 ], [ 485219.828945128072519, 5037118.134143556468189 ], [ 485203.893428669078276, 5037097.366574177518487 ], [ 485186.892860679305159, 5037077.461466522887349 ], [ 485168.873838533880189, 5037058.473379109054804 ], [ 485149.885751120047644, 5037040.45435696374625 ], [ 485129.980643465532921, 5037023.453788973391056 ], [ 485109.213074086874258, 5037007.51827251445502 ], [ 485087.639965448121075, 5036992.69148572999984 ], [ 485065.320447940612212, 5036979.014067810028791 ], [ 485042.315697810379788, 5036966.523507608100772 ], [ 485018.688769478525501, 5036955.254040881060064 ], [ 484994.504422713245731, 5036945.236556453630328 ], [ 484969.828945128072519, 5036936.498511554673314 ], [ 484944.729970491898712, 5036929.063856557942927 ], [ 484919.276293349510524, 5036922.952969335019588 ], [ 484893.537680460722186, 5036918.18259940482676 ], [ 484867.584679574414622, 5036914.765822018496692 ], [ 484841.488426062103827, 5036912.712002324871719 ], [ 484815.320447940612212, 5036912.026769702322781 ], [ 484789.152469819120597, 5036912.712002324871719 ], [ 484763.056216306809802, 5036914.765822018496692 ], [ 484737.103215420502238, 5036918.18259940482676 ], [ 484711.364602531713899, 5036922.952969335019588 ], [ 484685.910925389325712, 5036929.063856557942927 ], [ 484660.811950753151905, 5036936.498511554673314 ], [ 484636.136473167978693, 5036945.236556453630328 ], [ 484611.952126402698923, 5036955.254040881060064 ], [ 484588.325198070844635, 5036966.523507608100772 ], [ 484565.320447940612212, 5036979.014067810028791 ], [ 484543.000930433103349, 5036992.69148572999984 ], [ 484521.427821794350166, 5037007.51827251445502 ], [ 484500.660252415691502, 5037023.453788973391056 ], [ 484480.75514476117678, 5037040.45435696374625 ], [ 484461.767057347344235, 5037058.473379109054804 ], [ 484443.748035201919265, 5037077.461466522887349 ], [ 484426.747467212146148, 5037097.366574177518487 ], [ 484410.811950753151905, 5037118.134143556468189 ], [ 484395.985163967881817, 5037139.707252195104957 ], [ 484382.30774604837643, 5037162.026769702322781 ], [ 484369.81718584644841, 5037185.031519832089543 ], [ 484358.547719119291287, 5037208.658448164351285 ], [ 484348.530234692036174, 5037232.842794929631054 ], [ 484339.792189793020952, 5037257.51827251445502 ], [ 484332.357534796057735, 5037282.617247151210904 ], [ 484326.246647573716473, 5037308.070924293249846 ], [ 484321.476277643057983, 5037333.809537182562053 ], [ 484318.059500256495085, 5037359.762538068927824 ], [ 484316.005680563335773, 5037385.858791580423713 ], [ 484315.320447940612212, 5037412.026769702322781 ], [ 484316.005680563335773, 5037438.194747824221849 ], [ 484318.059500256495085, 5037464.291001335717738 ], [ 484321.476277643057983, 5037490.244002222083509 ], [ 484326.246647573716473, 5037515.982615111395717 ], [ 484332.357534796057735, 5037541.436292253434658 ], [ 484339.792189793020952, 5037566.535266890190542 ], [ 484348.530234692036174, 5037591.210744475014508 ], [ 484358.547719119291287, 5037615.395091240294278 ], [ 484369.81718584644841, 5037639.022019572556019 ], [ 484382.30774604837643, 5037662.026769702322781 ], [ 484395.985163967881817, 5037684.346287209540606 ], [ 484410.811950753151905, 5037705.919395848177373 ], [ 484426.747467212146148, 5037726.686965227127075 ], [ 484443.748035201919265, 5037746.592072881758213 ], [ 484461.767057347344235, 5037765.580160295590758 ], [ 484480.75514476117678, 5037783.599182440899312 ], [ 484500.660252415691502, 5037800.599750431254506 ], [ 484521.427821794350166, 5037816.535266890190542 ], [ 484543.000930433103349, 5037831.362053674645722 ], [ 484565.320447940612212, 5037845.039471594616771 ], [ 484588.325198070844635, 5037857.53003179654479 ], [ 484611.952126402698923, 5037868.799498523585498 ], [ 484636.136473167978693, 5037878.816982951015234 ], [ 484660.811950753151905, 5037887.555027849972248 ], [ 484685.910925389325712, 5037894.989682846702635 ], [ 484711.364602531713899, 5037901.100570069625974 ], [ 484737.103215420502238, 5037905.870939999818802 ], [ 484763.056216306809802, 5037909.28771738614887 ], [ 484789.152469819120597, 5037911.341537079773843 ], [ 484815.320447940612212, 5037912.026769702322781 ], [ 484841.488426062103827, 5037911.341537079773843 ], [ 484867.584679574414622, 5037909.28771738614887 ], [ 484893.537680460722186, 5037905.870939999818802 ], [ 484919.276293349510524, 5037901.100570069625974 ], [ 484944.729970491898712, 5037894.989682846702635 ], [ 484969.828945128072519, 5037887.555027849972248 ], [ 484994.504422713245731, 5037878.816982951015234 ], [ 485018.688769478525501, 5037868.799498523585498 ], [ 485042.315697810379788, 5037857.53003179654479 ], [ 485065.320447940612212, 5037845.039471594616771 ], [ 485087.639965448121075, 5037831.362053674645722 ], [ 485109.213074086874258, 5037816.535266890190542 ], [ 485129.980643465532921, 5037800.599750431254506 ], [ 485149.885751120047644, 5037783.599182440899312 ], [ 485168.873838533880189, 5037765.580160295590758 ], [ 485186.892860679305159, 5037746.592072881758213 ], [ 485203.893428669078276, 5037726.686965227127075 ], [ 485219.828945128072519, 5037705.919395848177373 ], [ 485234.655731913342606, 5037684.346287209540606 ], [ 485248.333149832847994, 5037662.026769702322781 ], [ 485260.823710034776013, 5037639.022019572556019 ], [ 485272.093176761933137, 5037615.395091240294278 ], [ 485282.110661189188249, 5037591.210744475014508 ], [ 485290.848706088203471, 5037566.535266890190542 ], [ 485298.283361085166689, 5037541.436292253434658 ], [ 485304.394248307507951, 5037515.982615111395717 ], [ 485309.16461823816644, 5037490.244002222083509 ], [ 485312.581395624729339, 5037464.291001335717738 ], [ 485314.635215317888651, 5037438.194747824221849 ], [ 485315.320447940612212, 5037412.026769702322781 ] ] ] } },
{ "type": "Feature", "properties": { "site": 6, "transect": 6.2 }, "geometry": { "type": "Polygon", "coordinates": [ [ [ 485344.971566653810441, 5037488.961274089291692 ], [ 485344.286334031086881, 5037462.793295967392623 ], [ 485342.232514337927569, 5037436.697042455896735 ], [ 485338.81573695136467, 5037410.744041569530964 ], [ 485334.04536702070618, 5037385.005428680218756 ], [ 485327.934479798364919, 5037359.551751538179815 ], [ 485320.499824801401701, 5037334.452776901423931 ], [ 485311.761779902386479, 5037309.777299316599965 ], [ 485301.744295475131366, 5037285.592952551320195 ], [ 485290.474828747974243, 5037261.966024219058454 ], [ 485277.984268546046223, 5037238.961274089291692 ], [ 485264.306850626540836, 5037216.641756582073867 ], [ 485249.480063841270749, 5037195.068647943437099 ], [ 485233.544547382276505, 5037174.301078564487398 ], [ 485216.543979392503388, 5037154.39597090985626 ], [ 485198.524957247078419, 5037135.407883496023715 ], [ 485179.536869833245873, 5037117.38886135071516 ], [ 485159.631762178731151, 5037100.388293360359967 ], [ 485138.864192800072487, 5037084.452776901423931 ], [ 485117.291084161319304, 5037069.625990116968751 ], [ 485094.971566653810441, 5037055.948572196997702 ], [ 485071.966816523578018, 5037043.458011995069683 ], [ 485048.33988819172373, 5037032.188545268028975 ], [ 485024.155541426443961, 5037022.171060840599239 ], [ 484999.480063841270749, 5037013.433015941642225 ], [ 484974.381089205096941, 5037005.998360944911838 ], [ 484948.927412062708754, 5036999.887473721988499 ], [ 484923.188799173920415, 5036995.117103791795671 ], [ 484897.235798287612852, 5036991.700326405465603 ], [ 484871.139544775302056, 5036989.64650671184063 ], [ 484844.971566653810441, 5036988.961274089291692 ], [ 484818.803588532318827, 5036989.64650671184063 ], [ 484792.707335020008031, 5036991.700326405465603 ], [ 484766.754334133700468, 5036995.117103791795671 ], [ 484741.015721244912129, 5036999.887473721988499 ], [ 484715.562044102523942, 5037005.998360944911838 ], [ 484690.463069466350134, 5037013.433015941642225 ], [ 484665.787591881176922, 5037022.171060840599239 ], [ 484641.603245115897153, 5037032.188545268028975 ], [ 484617.976316784042865, 5037043.458011995069683 ], [ 484594.971566653810441, 5037055.948572196997702 ], [ 484572.652049146301579, 5037069.625990116968751 ], [ 484551.078940507548396, 5037084.452776901423931 ], [ 484530.311371128889732, 5037100.388293360359967 ], [ 484510.40626347437501, 5037117.38886135071516 ], [ 484491.418176060542464, 5037135.407883496023715 ], [ 484473.399153915117495, 5037154.39597090985626 ], [ 484456.398585925344378, 5037174.301078564487398 ], [ 484440.463069466350134, 5037195.068647943437099 ], [ 484425.636282681080047, 5037216.641756582073867 ], [ 484411.958864761574659, 5037238.961274089291692 ], [ 484399.46830455964664, 5037261.966024219058454 ], [ 484388.198837832489517, 5037285.592952551320195 ], [ 484378.181353405234404, 5037309.777299316599965 ], [ 484369.443308506219182, 5037334.452776901423931 ], [ 484362.008653509255964, 5037359.551751538179815 ], [ 484355.897766286914703, 5037385.005428680218756 ], [ 484351.127396356256213, 5037410.744041569530964 ], [ 484347.710618969693314, 5037436.697042455896735 ], [ 484345.656799276534002, 5037462.793295967392623 ], [ 484344.971566653810441, 5037488.961274089291692 ], [ 484345.656799276534002, 5037515.12925221119076 ], [ 484347.710618969693314, 5037541.225505722686648 ], [ 484351.127396356256213, 5037567.17850660905242 ], [ 484355.897766286914703, 5037592.917119498364627 ], [ 484362.008653509255964, 5037618.370796640403569 ], [ 484369.443308506219182, 5037643.469771277159452 ], [ 484378.181353405234404, 5037668.145248861983418 ], [ 484388.198837832489517, 5037692.329595627263188 ], [ 484399.46830455964664, 5037715.95652395952493 ], [ 484411.958864761574659, 5037738.961274089291692 ], [ 484425.636282681080047, 5037761.280791596509516 ], [ 484440.463069466350134, 5037782.853900235146284 ], [ 484456.398585925344378, 5037803.621469614095986 ], [ 484473.399153915117495, 5037823.526577268727124 ], [ 484491.418176060542464, 5037842.514664682559669 ], [ 484510.40626347437501, 5037860.533686827868223 ], [ 484530.311371128889732, 5037877.534254818223417 ], [ 484551.078940507548396, 5037893.469771277159452 ], [ 484572.652049146301579, 5037908.296558061614633 ], [ 484594.971566653810441, 5037921.973975981585681 ], [ 484617.976316784042865, 5037934.464536183513701 ], [ 484641.603245115897153, 5037945.734002910554409 ], [ 484665.787591881176922, 5037955.751487337984145 ], [ 484690.463069466350134, 5037964.489532236941159 ], [ 484715.562044102523942, 5037971.924187233671546 ], [ 484741.015721244912129, 5037978.035074456594884 ], [ 484766.754334133700468, 5037982.805444386787713 ], [ 484792.707335020008031, 5037986.222221773117781 ], [ 484818.803588532318827, 5037988.276041466742754 ], [ 484844.971566653810441, 5037988.961274089291692 ], [ 484871.139544775302056, 5037988.276041466742754 ], [ 484897.235798287612852, 5037986.222221773117781 ], [ 484923.188799173920415, 5037982.805444386787713 ], [ 484948.927412062708754, 5037978.035074456594884 ], [ 484974.381089205096941, 5037971.924187233671546 ], [ 484999.480063841270749, 5037964.489532236941159 ], [ 485024.155541426443961, 5037955.751487337984145 ], [ 485048.33988819172373, 5037945.734002910554409 ], [ 485071.966816523578018, 5037934.464536183513701 ], [ 485094.971566653810441, 5037921.973975981585681 ], [ 485117.291084161319304, 5037908.296558061614633 ], [ 485138.864192800072487, 5037893.469771277159452 ], [ 485159.631762178731151, 5037877.534254818223417 ], [ 485179.536869833245873, 5037860.533686827868223 ], [ 485198.524957247078419, 5037842.514664682559669 ], [ 485216.543979392503388, 5037823.526577268727124 ], [ 485233.544547382276505, 5037803.621469614095986 ], [ 485249.480063841270749, 5037782.853900235146284 ], [ 485264.306850626540836, 5037761.280791596509516 ], [ 485277.984268546046223, 5037738.961274089291692 ], [ 485290.474828747974243, 5037715.95652395952493 ], [ 485301.744295475131366, 5037692.329595627263188 ], [ 485311.761779902386479, 5037668.145248861983418 ], [ 485320.499824801401701, 5037643.469771277159452 ], [ 485327.934479798364919, 5037618.370796640403569 ], [ 485334.04536702070618, 5037592.917119498364627 ], [ 485338.81573695136467, 5037567.17850660905242 ], [ 485342.232514337927569, 5037541.225505722686648 ], [ 485344.286334031086881, 5037515.12925221119076 ], [ 485344.971566653810441, 5037488.961274089291692 ] ] ] } },
{ "type": "Feature", "properties": { "site": 6, "transect": 6.3 }, "geometry": { "type": "Polygon", "coordinates": [ [ [ 485278.266742058913223, 5037660.159585105255246 ], [ 485277.581509436189663, 5037633.991606983356178 ], [ 485275.527689743030351, 5037607.89535347186029 ], [ 485272.110912356467452, 5037581.942352585494518 ], [ 485267.340542425808962, 5037556.203739696182311 ], [ 485261.229655203467701, 5037530.750062554143369 ], [ 485253.795000206504483, 5037505.651087917387486 ], [ 485245.056955307489261, 5037480.975610332563519 ], [ 485235.039470880234148, 5037456.79126356728375 ], [ 485223.770004153077025, 5037433.164335235022008 ], [ 485211.279443951149005, 5037410.159585105255246 ], [ 485197.602026031643618, 5037387.840067598037422 ], [ 485182.77523924637353, 5037366.266958959400654 ], [ 485166.839722787379287, 5037345.499389580450952 ], [ 485149.83915479760617, 5037325.594281925819814 ], [ 485131.820132652181201, 5037306.606194511987269 ], [ 485112.832045238348655, 5037288.587172366678715 ], [ 485092.926937583833933, 5037271.586604376323521 ], [ 485072.159368205175269, 5037255.651087917387486 ], [ 485050.586259566422086, 5037240.824301132932305 ], [ 485028.266742058913223, 5037227.146883212961257 ], [ 485005.2619919286808, 5037214.656323011033237 ], [ 484981.635063596826512, 5037203.386856283992529 ], [ 484957.450716831546742, 5037193.369371856562793 ], [ 484932.77523924637353, 5037184.631326957605779 ], [ 484907.676264610199723, 5037177.196671960875392 ], [ 484882.222587467811536, 5037171.085784737952054 ], [ 484856.483974579023197, 5037166.315414807759225 ], [ 484830.530973692715634, 5037162.898637421429157 ], [ 484804.434720180404838, 5037160.844817727804184 ], [ 484778.266742058913223, 5037160.159585105255246 ], [ 484752.098763937421609, 5037160.844817727804184 ], [ 484726.002510425110813, 5037162.898637421429157 ], [ 484700.04950953880325, 5037166.315414807759225 ], [ 484674.310896650014911, 5037171.085784737952054 ], [ 484648.857219507626723, 5037177.196671960875392 ], [ 484623.758244871452916, 5037184.631326957605779 ], [ 484599.082767286279704, 5037193.369371856562793 ], [ 484574.898420520999935, 5037203.386856283992529 ], [ 484551.271492189145647, 5037214.656323011033237 ], [ 484528.266742058913223, 5037227.146883212961257 ], [ 484505.947224551404361, 5037240.824301132932305 ], [ 484484.374115912651177, 5037255.651087917387486 ], [ 484463.606546533992514, 5037271.586604376323521 ], [ 484443.701438879477791, 5037288.587172366678715 ], [ 484424.713351465645246, 5037306.606194511987269 ], [ 484406.694329320220277, 5037325.594281925819814 ], [ 484389.69376133044716, 5037345.499389580450952 ], [ 484373.758244871452916, 5037366.266958959400654 ], [ 484358.931458086182829, 5037387.840067598037422 ], [ 484345.254040166677441, 5037410.159585105255246 ], [ 484332.763479964749422, 5037433.164335235022008 ], [ 484321.494013237592299, 5037456.79126356728375 ], [ 484311.476528810337186, 5037480.975610332563519 ], [ 484302.738483911321964, 5037505.651087917387486 ], [ 484295.303828914358746, 5037530.750062554143369 ], [ 484289.192941692017484, 5037556.203739696182311 ], [ 484284.422571761358995, 5037581.942352585494518 ], [ 484281.005794374796096, 5037607.89535347186029 ], [ 484278.951974681636784, 5037633.991606983356178 ], [ 484278.266742058913223, 5037660.159585105255246 ], [ 484278.951974681636784, 5037686.327563227154315 ], [ 484281.005794374796096, 5037712.423816738650203 ], [ 484284.422571761358995, 5037738.376817625015974 ], [ 484289.192941692017484, 5037764.115430514328182 ], [ 484295.303828914358746, 5037789.569107656367123 ], [ 484302.738483911321964, 5037814.668082293123007 ], [ 484311.476528810337186, 5037839.343559877946973 ], [ 484321.494013237592299, 5037863.527906643226743 ], [ 484332.763479964749422, 5037887.154834975488484 ], [ 484345.254040166677441, 5037910.159585105255246 ], [ 484358.931458086182829, 5037932.479102612473071 ], [ 484373.758244871452916, 5037954.052211251109838 ], [ 484389.69376133044716, 5037974.81978063005954 ], [ 484406.694329320220277, 5037994.724888284690678 ], [ 484424.713351465645246, 5038013.712975698523223 ], [ 484443.701438879477791, 5038031.731997843831778 ], [ 484463.606546533992514, 5038048.732565834186971 ], [ 484484.374115912651177, 5038064.668082293123007 ], [ 484505.947224551404361, 5038079.494869077578187 ], [ 484528.266742058913223, 5038093.172286997549236 ], [ 484551.271492189145647, 5038105.662847199477255 ], [ 484574.898420520999935, 5038116.932313926517963 ], [ 484599.082767286279704, 5038126.949798353947699 ], [ 484623.758244871452916, 5038135.687843252904713 ], [ 484648.857219507626723, 5038143.1224982496351 ], [ 484674.310896650014911, 5038149.233385472558439 ], [ 484700.04950953880325, 5038154.003755402751267 ], [ 484726.002510425110813, 5038157.420532789081335 ], [ 484752.098763937421609, 5038159.474352482706308 ], [ 484778.266742058913223, 5038160.159585105255246 ], [ 484804.434720180404838, 5038159.474352482706308 ], [ 484830.530973692715634, 5038157.420532789081335 ], [ 484856.483974579023197, 5038154.003755402751267 ], [ 484882.222587467811536, 5038149.233385472558439 ], [ 484907.676264610199723, 5038143.1224982496351 ], [ 484932.77523924637353, 5038135.687843252904713 ], [ 484957.450716831546742, 5038126.949798353947699 ], [ 484981.635063596826512, 5038116.932313926517963 ], [ 485005.2619919286808, 5038105.662847199477255 ], [ 485028.266742058913223, 5038093.172286997549236 ], [ 485050.586259566422086, 5038079.494869077578187 ], [ 485072.159368205175269, 5038064.668082293123007 ], [ 485092.926937583833933, 5038048.732565834186971 ], [ 485112.832045238348655, 5038031.731997843831778 ], [ 485131.820132652181201, 5038013.712975698523223 ], [ 485149.83915479760617, 5037994.724888284690678 ], [ 485166.839722787379287, 5037974.81978063005954 ], [ 485182.77523924637353, 5037954.052211251109838 ], [ 485197.602026031643618, 5037932.479102612473071 ], [ 485211.279443951149005, 5037910.159585105255246 ], [ 485223.770004153077025, 5037887.154834975488484 ], [ 485235.039470880234148, 5037863.527906643226743 ], [ 485245.056955307489261, 5037839.343559877946973 ], [ 485253.795000206504483, 5037814.668082293123007 ], [ 485261.229655203467701, 5037789.569107656367123 ], [ 485267.340542425808962, 5037764.115430514328182 ], [ 485272.110912356467452, 5037738.376817625015974 ], [ 485275.527689743030351, 5037712.423816738650203 ], [ 485277.581509436189663, 5037686.327563227154315 ], [ 485278.266742058913223, 5037660.159585105255246 ] ] ] } },
{ "type": "Feature", "properties": { "site": 6, "transect": 6.4 }, "geometry": { "type": "Polygon", "coordinates": [ [ [ 485156.418592090369202, 5037584.747657354921103 ], [ 485155.733359467645641, 5037558.579679233022034 ], [ 485153.679539774486329, 5037532.483425721526146 ], [ 485150.262762387923431, 5037506.530424835160375 ], [ 485145.492392457264941, 5037480.791811945848167 ], [ 485139.381505234923679, 5037455.338134803809226 ], [ 485131.946850237960462, 5037430.239160167053342 ], [ 485123.20880533894524, 5037405.563682582229376 ], [ 485113.191320911690127, 5037381.379335816949606 ], [ 485101.921854184533004, 5037357.752407484687865 ], [ 485089.431293982604984, 5037334.747657354921103 ], [ 485075.753876063099597, 5037312.428139847703278 ], [ 485060.927089277829509, 5037290.85503120906651 ], [ 485044.991572818835266, 5037270.087461830116808 ], [ 485027.991004829062149, 5037250.182354175485671 ], [ 485009.971982683637179, 5037231.194266761653125 ], [ 484990.983895269804634, 5037213.175244616344571 ], [ 484971.078787615289912, 5037196.174676625989377 ], [ 484950.311218236631248, 5037180.239160167053342 ], [ 484928.738109597878065, 5037165.412373382598162 ], [ 484906.418592090369202, 5037151.734955462627113 ], [ 484883.413841960136779, 5037139.244395260699093 ], [ 484859.786913628282491, 5037127.974928533658385 ], [ 484835.602566863002721, 5037117.95744410622865 ], [ 484810.927089277829509, 5037109.219399207271636 ], [ 484785.828114641655702, 5037101.784744210541248 ], [ 484760.374437499267515, 5037095.67385698761791 ], [ 484734.635824610479176, 5037090.903487057425082 ], [ 484708.682823724171612, 5037087.486709671095014 ], [ 484682.586570211860817, 5037085.43288997747004 ], [ 484656.418592090369202, 5037084.747657354921103 ], [ 484630.250613968877587, 5037085.43288997747004 ], [ 484604.154360456566792, 5037087.486709671095014 ], [ 484578.201359570259228, 5037090.903487057425082 ], [ 484552.46274668147089, 5037095.67385698761791 ], [ 484527.009069539082702, 5037101.784744210541248 ], [ 484501.910094902908895, 5037109.219399207271636 ], [ 484477.234617317735683, 5037117.95744410622865 ], [ 484453.050270552455913, 5037127.974928533658385 ], [ 484429.423342220601626, 5037139.244395260699093 ], [ 484406.418592090369202, 5037151.734955462627113 ], [ 484384.099074582860339, 5037165.412373382598162 ], [ 484362.525965944107156, 5037180.239160167053342 ], [ 484341.758396565448493, 5037196.174676625989377 ], [ 484321.85328891093377, 5037213.175244616344571 ], [ 484302.865201497101225, 5037231.194266761653125 ], [ 484284.846179351676255, 5037250.182354175485671 ], [ 484267.845611361903138, 5037270.087461830116808 ], [ 484251.910094902908895, 5037290.85503120906651 ], [ 484237.083308117638808, 5037312.428139847703278 ], [ 484223.40589019813342, 5037334.747657354921103 ], [ 484210.915329996205401, 5037357.752407484687865 ], [ 484199.645863269048277, 5037381.379335816949606 ], [ 484189.628378841793165, 5037405.563682582229376 ], [ 484180.890333942777943, 5037430.239160167053342 ], [ 484173.455678945814725, 5037455.338134803809226 ], [ 484167.344791723473463, 5037480.791811945848167 ], [ 484162.574421792814974, 5037506.530424835160375 ], [ 484159.157644406252075, 5037532.483425721526146 ], [ 484157.103824713092763, 5037558.579679233022034 ], [ 484156.418592090369202, 5037584.747657354921103 ], [ 484157.103824713092763, 5037610.915635476820171 ], [ 484159.157644406252075, 5037637.011888988316059 ], [ 484162.574421792814974, 5037662.96488987468183 ], [ 484167.344791723473463, 5037688.703502763994038 ], [ 484173.455678945814725, 5037714.157179906032979 ], [ 484180.890333942777943, 5037739.256154542788863 ], [ 484189.628378841793165, 5037763.931632127612829 ], [ 484199.645863269048277, 5037788.115978892892599 ], [ 484210.915329996205401, 5037811.74290722515434 ], [ 484223.40589019813342, 5037834.747657354921103 ], [ 484237.083308117638808, 5037857.067174862138927 ], [ 484251.910094902908895, 5037878.640283500775695 ], [ 484267.845611361903138, 5037899.407852879725397 ], [ 484284.846179351676255, 5037919.312960534356534 ], [ 484302.865201497101225, 5037938.30104794818908 ], [ 484321.85328891093377, 5037956.320070093497634 ], [ 484341.758396565448493, 5037973.320638083852828 ], [ 484362.525965944107156, 5037989.256154542788863 ], [ 484384.099074582860339, 5038004.082941327244043 ], [ 484406.418592090369202, 5038017.760359247215092 ], [ 484429.423342220601626, 5038030.250919449143112 ], [ 484453.050270552455913, 5038041.52038617618382 ], [ 484477.234617317735683, 5038051.537870603613555 ], [ 484501.910094902908895, 5038060.27591550257057 ], [ 484527.009069539082702, 5038067.710570499300957 ], [ 484552.46274668147089, 5038073.821457722224295 ], [ 484578.201359570259228, 5038078.591827652417123 ], [ 484604.154360456566792, 5038082.008605038747191 ], [ 484630.250613968877587, 5038084.062424732372165 ], [ 484656.418592090369202, 5038084.747657354921103 ], [ 484682.586570211860817, 5038084.062424732372165 ], [ 484708.682823724171612, 5038082.008605038747191 ], [ 484734.635824610479176, 5038078.591827652417123 ], [ 484760.374437499267515, 5038073.821457722224295 ], [ 484785.828114641655702, 5038067.710570499300957 ], [ 484810.927089277829509, 5038060.27591550257057 ], [ 484835.602566863002721, 5038051.537870603613555 ], [ 484859.786913628282491, 5038041.52038617618382 ], [ 484883.413841960136779, 5038030.250919449143112 ], [ 484906.418592090369202, 5038017.760359247215092 ], [ 484928.738109597878065, 5038004.082941327244043 ], [ 484950.311218236631248, 5037989.256154542788863 ], [ 484971.078787615289912, 5037973.320638083852828 ], [ 484990.983895269804634, 5037956.320070093497634 ], [ 485009.971982683637179, 5037938.30104794818908 ], [ 485027.991004829062149, 5037919.312960534356534 ], [ 485044.991572818835266, 5037899.407852879725397 ], [ 485060.927089277829509, 5037878.640283500775695 ], [ 485075.753876063099597, 5037857.067174862138927 ], [ 485089.431293982604984, 5037834.747657354921103 ], [ 485101.921854184533004, 5037811.74290722515434 ], [ 485113.191320911690127, 5037788.115978892892599 ], [ 485123.20880533894524, 5037763.931632127612829 ], [ 485131.946850237960462, 5037739.256154542788863 ], [ 485139.381505234923679, 5037714.157179906032979 ], [ 485145.492392457264941, 5037688.703502763994038 ], [ 485150.262762387923431, 5037662.96488987468183 ], [ 485153.679539774486329, 5037637.011888988316059 ], [ 485155.733359467645641, 5037610.915635476820171 ], [ 485156.418592090369202, 5037584.747657354921103 ] ] ] } },
{ "type": "Feature", "properties": { "site": 7, "transect": 7.1 }, "geometry": { "type": "Polygon", "coordinates": [ [ [ 339874.496701458818279, 5072970.379149129614234 ], [ 339873.811468836094718, 5072944.211171007715166 ], [ 339871.757649142935406, 5072918.114917496219277 ], [ 339868.340871756372508, 5072892.161916609853506 ], [ 339863.570501825714018, 5072866.423303720541298 ], [ 339857.459614603372756, 5072840.969626578502357 ], [ 339850.024959606409539, 5072815.870651941746473 ], [ 339841.286914707394317, 5072791.195174356922507 ], [ 339831.269430280139204, 5072767.010827591642737 ], [ 339819.999963552982081, 5072743.383899259380996 ], [ 339807.509403351054061, 5072720.379149129614234 ], [ 339793.831985431548674, 5072698.05963162239641 ], [ 339779.005198646278586, 5072676.486522983759642 ], [ 339763.069682187284343, 5072655.71895360480994 ], [ 339746.069114197511226, 5072635.813845950178802 ], [ 339728.050092052086256, 5072616.825758536346257 ], [ 339709.062004638253711, 5072598.806736391037703 ], [ 339689.156896983738989, 5072581.806168400682509 ], [ 339668.389327605080325, 5072565.870651941746473 ], [ 339646.816218966327142, 5072551.043865157291293 ], [ 339624.496701458818279, 5072537.366447237320244 ], [ 339601.491951328585856, 5072524.875887035392225 ], [ 339577.865022996731568, 5072513.606420308351517 ], [ 339553.680676231451798, 5072503.588935880921781 ], [ 339529.005198646278586, 5072494.850890981964767 ], [ 339503.906224010104779, 5072487.41623598523438 ], [ 339478.452546867716592, 5072481.305348762311041 ], [ 339452.713933978928253, 5072476.534978832118213 ], [ 339426.760933092620689, 5072473.118201445788145 ], [ 339400.664679580309894, 5072471.064381752163172 ], [ 339374.496701458818279, 5072470.379149129614234 ], [ 339348.328723337326664, 5072471.064381752163172 ], [ 339322.232469825015869, 5072473.118201445788145 ], [ 339296.279468938708305, 5072476.534978832118213 ], [ 339270.540856049919967, 5072481.305348762311041 ], [ 339245.087178907531779, 5072487.41623598523438 ], [ 339219.988204271357972, 5072494.850890981964767 ], [ 339195.31272668618476, 5072503.588935880921781 ], [ 339171.12837992090499, 5072513.606420308351517 ], [ 339147.501451589050703, 5072524.875887035392225 ], [ 339124.496701458818279, 5072537.366447237320244 ], [ 339102.177183951309416, 5072551.043865157291293 ], [ 339080.604075312556233, 5072565.870651941746473 ], [ 339059.83650593389757, 5072581.806168400682509 ], [ 339039.931398279382847, 5072598.806736391037703 ], [ 339020.943310865550302, 5072616.825758536346257 ], [ 339002.924288720125332, 5072635.813845950178802 ], [ 338985.923720730352215, 5072655.71895360480994 ], [ 338969.988204271357972, 5072676.486522983759642 ], [ 338955.161417486087885, 5072698.05963162239641 ], [ 338941.483999566582497, 5072720.379149129614234 ], [ 338928.993439364654478, 5072743.383899259380996 ], [ 338917.723972637497354, 5072767.010827591642737 ], [ 338907.706488210242242, 5072791.195174356922507 ], [ 338898.96844331122702, 5072815.870651941746473 ], [ 338891.533788314263802, 5072840.969626578502357 ], [ 338885.42290109192254, 5072866.423303720541298 ], [ 338880.652531161264051, 5072892.161916609853506 ], [ 338877.235753774701152, 5072918.114917496219277 ], [ 338875.18193408154184, 5072944.211171007715166 ], [ 338874.496701458818279, 5072970.379149129614234 ], [ 338875.18193408154184, 5072996.547127251513302 ], [ 338877.235753774701152, 5073022.643380763009191 ], [ 338880.652531161264051, 5073048.596381649374962 ], [ 338885.42290109192254, 5073074.33499453868717 ], [ 338891.533788314263802, 5073099.788671680726111 ], [ 338898.96844331122702, 5073124.887646317481995 ], [ 338907.706488210242242, 5073149.563123902305961 ], [ 338917.723972637497354, 5073173.747470667585731 ], [ 338928.993439364654478, 5073197.374398999847472 ], [ 338941.483999566582497, 5073220.379149129614234 ], [ 338955.161417486087885, 5073242.698666636832058 ], [ 338969.988204271357972, 5073264.271775275468826 ], [ 338985.923720730352215, 5073285.039344654418528 ], [ 339002.924288720125332, 5073304.944452309049666 ], [ 339020.943310865550302, 5073323.932539722882211 ], [ 339039.931398279382847, 5073341.951561868190765 ], [ 339059.83650593389757, 5073358.952129858545959 ], [ 339080.604075312556233, 5073374.887646317481995 ], [ 339102.177183951309416, 5073389.714433101937175 ], [ 339124.496701458818279, 5073403.391851021908224 ], [ 339147.501451589050703, 5073415.882411223836243 ], [ 339171.12837992090499, 5073427.151877950876951 ], [ 339195.31272668618476, 5073437.169362378306687 ], [ 339219.988204271357972, 5073445.907407277263701 ], [ 339245.087178907531779, 5073453.342062273994088 ], [ 339270.540856049919967, 5073459.452949496917427 ], [ 339296.279468938708305, 5073464.223319427110255 ], [ 339322.232469825015869, 5073467.640096813440323 ], [ 339348.328723337326664, 5073469.693916507065296 ], [ 339374.496701458818279, 5073470.379149129614234 ], [ 339400.664679580309894, 5073469.693916507065296 ], [ 339426.760933092620689, 5073467.640096813440323 ], [ 339452.713933978928253, 5073464.223319427110255 ], [ 339478.452546867716592, 5073459.452949496917427 ], [ 339503.906224010104779, 5073453.342062273994088 ], [ 339529.005198646278586, 5073445.907407277263701 ], [ 339553.680676231451798, 5073437.169362378306687 ], [ 339577.865022996731568, 5073427.151877950876951 ], [ 339601.491951328585856, 5073415.882411223836243 ], [ 339624.496701458818279, 5073403.391851021908224 ], [ 339646.816218966327142, 5073389.714433101937175 ], [ 339668.389327605080325, 5073374.887646317481995 ], [ 339689.156896983738989, 5073358.952129858545959 ], [ 339709.062004638253711, 5073341.951561868190765 ], [ 339728.050092052086256, 5073323.932539722882211 ], [ 339746.069114197511226, 5073304.944452309049666 ], [ 339763.069682187284343, 5073285.039344654418528 ], [ 339779.005198646278586, 5073264.271775275468826 ], [ 339793.831985431548674, 5073242.698666636832058 ], [ 339807.509403351054061, 5073220.379149129614234 ], [ 339819.999963552982081, 5073197.374398999847472 ], [ 339831.269430280139204, 5073173.747470667585731 ], [ 339841.286914707394317, 5073149.563123902305961 ], [ 339850.024959606409539, 5073124.887646317481995 ], [ 339857.459614603372756, 5073099.788671680726111 ], [ 339863.570501825714018, 5073074.33499453868717 ], [ 339868.340871756372508, 5073048.596381649374962 ], [ 339871.757649142935406, 5073022.643380763009191 ], [ 339873.811468836094718, 5072996.547127251513302 ], [ 339874.496701458818279, 5072970.379149129614234 ] ] ] } },
{ "type": "Feature", "properties": { "site": 7, "transect": 7.2 }, "geometry": { "type": "Polygon", "coordinates": [ [ [ 339981.391476092045195, 5073111.944846203550696 ], [ 339980.706243469321635, 5073085.776868081651628 ], [ 339978.652423776162323, 5073059.68061457015574 ], [ 339975.235646389599424, 5073033.727613683789968 ], [ 339970.465276458940934, 5073007.989000794477761 ], [ 339964.354389236599673, 5072982.535323652438819 ], [ 339956.919734239636455, 5072957.436349015682936 ], [ 339948.181689340621233, 5072932.76087143085897 ], [ 339938.16420491336612, 5072908.5765246655792 ], [ 339926.894738186208997, 5072884.949596333317459 ], [ 339914.404177984280977, 5072861.944846203550696 ], [ 339900.72676006477559, 5072839.625328696332872 ], [ 339885.899973279505502, 5072818.052220057696104 ], [ 339869.964456820511259, 5072797.284650678746402 ], [ 339852.963888830738142, 5072777.379543024115264 ], [ 339834.944866685313173, 5072758.391455610282719 ], [ 339815.956779271480627, 5072740.372433464974165 ], [ 339796.051671616965905, 5072723.371865474618971 ], [ 339775.284102238307241, 5072707.436349015682936 ], [ 339753.710993599554058, 5072692.609562231227756 ], [ 339731.391476092045195, 5072678.932144311256707 ], [ 339708.386725961812772, 5072666.441584109328687 ], [ 339684.759797629958484, 5072655.172117382287979 ], [ 339660.575450864678714, 5072645.154632954858243 ], [ 339635.899973279505502, 5072636.416588055901229 ], [ 339610.800998643331695, 5072628.981933059170842 ], [ 339585.347321500943508, 5072622.871045836247504 ], [ 339559.608708612155169, 5072618.100675906054676 ], [ 339533.655707725847606, 5072614.683898519724607 ], [ 339507.55945421353681, 5072612.630078826099634 ], [ 339481.391476092045195, 5072611.944846203550696 ], [ 339455.223497970553581, 5072612.630078826099634 ], [ 339429.127244458242785, 5072614.683898519724607 ], [ 339403.174243571935222, 5072618.100675906054676 ], [ 339377.435630683146883, 5072622.871045836247504 ], [ 339351.981953540758695, 5072628.981933059170842 ], [ 339326.882978904584888, 5072636.416588055901229 ], [ 339302.207501319411676, 5072645.154632954858243 ], [ 339278.023154554131906, 5072655.172117382287979 ], [ 339254.396226222277619, 5072666.441584109328687 ], [ 339231.391476092045195, 5072678.932144311256707 ], [ 339209.071958584536333, 5072692.609562231227756 ], [ 339187.498849945783149, 5072707.436349015682936 ], [ 339166.731280567124486, 5072723.371865474618971 ], [ 339146.826172912609763, 5072740.372433464974165 ], [ 339127.838085498777218, 5072758.391455610282719 ], [ 339109.819063353352249, 5072777.379543024115264 ], [ 339092.818495363579132, 5072797.284650678746402 ], [ 339076.882978904584888, 5072818.052220057696104 ], [ 339062.056192119314801, 5072839.625328696332872 ], [ 339048.378774199809413, 5072861.944846203550696 ], [ 339035.888213997881394, 5072884.949596333317459 ], [ 339024.61874727072427, 5072908.5765246655792 ], [ 339014.601262843469158, 5072932.76087143085897 ], [ 339005.863217944453936, 5072957.436349015682936 ], [ 338998.428562947490718, 5072982.535323652438819 ], [ 338992.317675725149456, 5073007.989000794477761 ], [ 338987.547305794490967, 5073033.727613683789968 ], [ 338984.130528407928068, 5073059.68061457015574 ], [ 338982.076708714768756, 5073085.776868081651628 ], [ 338981.391476092045195, 5073111.944846203550696 ], [ 338982.076708714768756, 5073138.112824325449765 ], [ 338984.130528407928068, 5073164.209077836945653 ], [ 338987.547305794490967, 5073190.162078723311424 ], [ 338992.317675725149456, 5073215.900691612623632 ], [ 338998.428562947490718, 5073241.354368754662573 ], [ 339005.863217944453936, 5073266.453343391418457 ], [ 339014.601262843469158, 5073291.128820976242423 ], [ 339024.61874727072427, 5073315.313167741522193 ], [ 339035.888213997881394, 5073338.940096073783934 ], [ 339048.378774199809413, 5073361.944846203550696 ], [ 339062.056192119314801, 5073384.264363710768521 ], [ 339076.882978904584888, 5073405.837472349405289 ], [ 339092.818495363579132, 5073426.60504172835499 ], [ 339109.819063353352249, 5073446.510149382986128 ], [ 339127.838085498777218, 5073465.498236796818674 ], [ 339146.826172912609763, 5073483.517258942127228 ], [ 339166.731280567124486, 5073500.517826932482421 ], [ 339187.498849945783149, 5073516.453343391418457 ], [ 339209.071958584536333, 5073531.280130175873637 ], [ 339231.391476092045195, 5073544.957548095844686 ], [ 339254.396226222277619, 5073557.448108297772706 ], [ 339278.023154554131906, 5073568.717575024813414 ], [ 339302.207501319411676, 5073578.735059452243149 ], [ 339326.882978904584888, 5073587.473104351200163 ], [ 339351.981953540758695, 5073594.907759347930551 ], [ 339377.435630683146883, 5073601.018646570853889 ], [ 339403.174243571935222, 5073605.789016501046717 ], [ 339429.127244458242785, 5073609.205793887376785 ], [ 339455.223497970553581, 5073611.259613581001759 ], [ 339481.391476092045195, 5073611.944846203550696 ], [ 339507.55945421353681, 5073611.259613581001759 ], [ 339533.655707725847606, 5073609.205793887376785 ], [ 339559.608708612155169, 5073605.789016501046717 ], [ 339585.347321500943508, 5073601.018646570853889 ], [ 339610.800998643331695, 5073594.907759347930551 ], [ 339635.899973279505502, 5073587.473104351200163 ], [ 339660.575450864678714, 5073578.735059452243149 ], [ 339684.759797629958484, 5073568.717575024813414 ], [ 339708.386725961812772, 5073557.448108297772706 ], [ 339731.391476092045195, 5073544.957548095844686 ], [ 339753.710993599554058, 5073531.280130175873637 ], [ 339775.284102238307241, 5073516.453343391418457 ], [ 339796.051671616965905, 5073500.517826932482421 ], [ 339815.956779271480627, 5073483.517258942127228 ], [ 339834.944866685313173, 5073465.498236796818674 ], [ 339852.963888830738142, 5073446.510149382986128 ], [ 339869.964456820511259, 5073426.60504172835499 ], [ 339885.899973279505502, 5073405.837472349405289 ], [ 339900.72676006477559, 5073384.264363710768521 ], [ 339914.404177984280977, 5073361.944846203550696 ], [ 339926.894738186208997, 5073338.940096073783934 ], [ 339938.16420491336612, 5073315.313167741522193 ], [ 339948.181689340621233, 5073291.128820976242423 ], [ 339956.919734239636455, 5073266.453343391418457 ], [ 339964.354389236599673, 5073241.354368754662573 ], [ 339970.465276458940934, 5073215.900691612623632 ], [ 339975.235646389599424, 5073190.162078723311424 ], [ 339978.652423776162323, 5073164.209077836945653 ], [ 339980.706243469321635, 5073138.112824325449765 ], [ 339981.391476092045195, 5073111.944846203550696 ] ] ] } },
{ "type": "Feature", "properties": { "site": 7, "transect": 7.3 }, "geometry": { "type": "Polygon", "coordinates": [ [ [ 339913.886549036717042, 5073061.595777028240263 ], [ 339913.201316413993482, 5073035.427798906341195 ], [ 339911.14749672083417, 5073009.331545394845307 ], [ 339907.730719334271271, 5072983.378544508479536 ], [ 339902.960349403612781, 5072957.639931619167328 ], [ 339896.84946218127152, 5072932.186254477128386 ], [ 339889.414807184308302, 5072907.087279840372503 ], [ 339880.67676228529308, 5072882.411802255548537 ], [ 339870.659277858037967, 5072858.227455490268767 ], [ 339859.389811130880844, 5072834.600527158007026 ], [ 339846.899250928952824, 5072811.595777028240263 ], [ 339833.221833009447437, 5072789.276259521022439 ], [ 339818.395046224177349, 5072767.703150882385671 ], [ 339802.459529765183106, 5072746.935581503435969 ], [ 339785.458961775409989, 5072727.030473848804832 ], [ 339767.43993962998502, 5072708.042386434972286 ], [ 339748.451852216152474, 5072690.023364289663732 ], [ 339728.546744561637752, 5072673.022796299308538 ], [ 339707.779175182979088, 5072657.087279840372503 ], [ 339686.206066544225905, 5072642.260493055917323 ], [ 339663.886549036717042, 5072628.583075135946274 ], [ 339640.881798906484619, 5072616.092514934018254 ], [ 339617.254870574630331, 5072604.823048206977546 ], [ 339593.070523809350561, 5072594.805563779547811 ], [ 339568.395046224177349, 5072586.067518880590796 ], [ 339543.296071588003542, 5072578.632863883860409 ], [ 339517.842394445615355, 5072572.521976660937071 ], [ 339492.103781556827016, 5072567.751606730744243 ], [ 339466.150780670519453, 5072564.334829344414175 ], [ 339440.054527158208657, 5072562.281009650789201 ], [ 339413.886549036717042, 5072561.595777028240263 ], [ 339387.718570915225428, 5072562.281009650789201 ], [ 339361.622317402914632, 5072564.334829344414175 ], [ 339335.669316516607068, 5072567.751606730744243 ], [ 339309.93070362781873, 5072572.521976660937071 ], [ 339284.477026485430542, 5072578.632863883860409 ], [ 339259.378051849256735, 5072586.067518880590796 ], [ 339234.702574264083523, 5072594.805563779547811 ], [ 339210.518227498803753, 5072604.823048206977546 ], [ 339186.891299166949466, 5072616.092514934018254 ], [ 339163.886549036717042, 5072628.583075135946274 ], [ 339141.56703152920818, 5072642.260493055917323 ], [ 339119.993922890454996, 5072657.087279840372503 ], [ 339099.226353511796333, 5072673.022796299308538 ], [ 339079.32124585728161, 5072690.023364289663732 ], [ 339060.333158443449065, 5072708.042386434972286 ], [ 339042.314136298024096, 5072727.030473848804832 ], [ 339025.313568308250979, 5072746.935581503435969 ], [ 339009.378051849256735, 5072767.703150882385671 ], [ 338994.551265063986648, 5072789.276259521022439 ], [ 338980.87384714448126, 5072811.595777028240263 ], [ 338968.383286942553241, 5072834.600527158007026 ], [ 338957.113820215396117, 5072858.227455490268767 ], [ 338947.096335788141005, 5072882.411802255548537 ], [ 338938.358290889125783, 5072907.087279840372503 ], [ 338930.923635892162565, 5072932.186254477128386 ], [ 338924.812748669821303, 5072957.639931619167328 ], [ 338920.042378739162814, 5072983.378544508479536 ], [ 338916.625601352599915, 5073009.331545394845307 ], [ 338914.571781659440603, 5073035.427798906341195 ], [ 338913.886549036717042, 5073061.595777028240263 ], [ 338914.571781659440603, 5073087.763755150139332 ], [ 338916.625601352599915, 5073113.86000866163522 ], [ 338920.042378739162814, 5073139.813009548000991 ], [ 338924.812748669821303, 5073165.551622437313199 ], [ 338930.923635892162565, 5073191.00529957935214 ], [ 338938.358290889125783, 5073216.104274216108024 ], [ 338947.096335788141005, 5073240.77975180093199 ], [ 338957.113820215396117, 5073264.96409856621176 ], [ 338968.383286942553241, 5073288.591026898473501 ], [ 338980.87384714448126, 5073311.595777028240263 ], [ 338994.551265063986648, 5073333.915294535458088 ], [ 339009.378051849256735, 5073355.488403174094856 ], [ 339025.313568308250979, 5073376.255972553044558 ], [ 339042.314136298024096, 5073396.161080207675695 ], [ 339060.333158443449065, 5073415.149167621508241 ], [ 339079.32124585728161, 5073433.168189766816795 ], [ 339099.226353511796333, 5073450.168757757171988 ], [ 339119.993922890454996, 5073466.104274216108024 ], [ 339141.56703152920818, 5073480.931061000563204 ], [ 339163.886549036717042, 5073494.608478920534253 ], [ 339186.891299166949466, 5073507.099039122462273 ], [ 339210.518227498803753, 5073518.368505849502981 ], [ 339234.702574264083523, 5073528.385990276932716 ], [ 339259.378051849256735, 5073537.12403517588973 ], [ 339284.477026485430542, 5073544.558690172620118 ], [ 339309.93070362781873, 5073550.669577395543456 ], [ 339335.669316516607068, 5073555.439947325736284 ], [ 339361.622317402914632, 5073558.856724712066352 ], [ 339387.718570915225428, 5073560.910544405691326 ], [ 339413.886549036717042, 5073561.595777028240263 ], [ 339440.054527158208657, 5073560.910544405691326 ], [ 339466.150780670519453, 5073558.856724712066352 ], [ 339492.103781556827016, 5073555.439947325736284 ], [ 339517.842394445615355, 5073550.669577395543456 ], [ 339543.296071588003542, 5073544.558690172620118 ], [ 339568.395046224177349, 5073537.12403517588973 ], [ 339593.070523809350561, 5073528.385990276932716 ], [ 339617.254870574630331, 5073518.368505849502981 ], [ 339640.881798906484619, 5073507.099039122462273 ], [ 339663.886549036717042, 5073494.608478920534253 ], [ 339686.206066544225905, 5073480.931061000563204 ], [ 339707.779175182979088, 5073466.104274216108024 ], [ 339728.546744561637752, 5073450.168757757171988 ], [ 339748.451852216152474, 5073433.168189766816795 ], [ 339767.43993962998502, 5073415.149167621508241 ], [ 339785.458961775409989, 5073396.161080207675695 ], [ 339802.459529765183106, 5073376.255972553044558 ], [ 339818.395046224177349, 5073355.488403174094856 ], [ 339833.221833009447437, 5073333.915294535458088 ], [ 339846.899250928952824, 5073311.595777028240263 ], [ 339859.389811130880844, 5073288.591026898473501 ], [ 339870.659277858037967, 5073264.96409856621176 ], [ 339880.67676228529308, 5073240.77975180093199 ], [ 339889.414807184308302, 5073216.104274216108024 ], [ 339896.84946218127152, 5073191.00529957935214 ], [ 339902.960349403612781, 5073165.551622437313199 ], [ 339907.730719334271271, 5073139.813009548000991 ], [ 339911.14749672083417, 5073113.86000866163522 ], [ 339913.201316413993482, 5073087.763755150139332 ], [ 339913.886549036717042, 5073061.595777028240263 ] ] ] } },
{ "type": "Feature", "properties": { "site": 7, "transect": 7.4 }, "geometry": { "type": "Polygon", "coordinates": [ [ [ 340104.625261124572717, 5073202.259732727892697 ], [ 340103.940028501849156, 5073176.091754605993629 ], [ 340101.886208808689844, 5073149.99550109449774 ], [ 340098.469431422126945, 5073124.042500208131969 ], [ 340093.699061491468456, 5073098.303887318819761 ], [ 340087.588174269127194, 5073072.85021017678082 ], [ 340080.153519272163976, 5073047.751235540024936 ], [ 340071.415474373148754, 5073023.07575795520097 ], [ 340061.397989945893642, 5072998.8914111899212 ], [ 340050.128523218736518, 5072975.264482857659459 ], [ 340037.637963016808499, 5072952.259732727892697 ], [ 340023.960545097303111, 5072929.940215220674872 ], [ 340009.133758312033024, 5072908.367106582038105 ], [ 339993.19824185303878, 5072887.599537203088403 ], [ 339976.197673863265663, 5072867.694429548457265 ], [ 339958.178651717840694, 5072848.70634213462472 ], [ 339939.190564304008149, 5072830.687319989316165 ], [ 339919.285456649493426, 5072813.686751998960972 ], [ 339898.517887270834763, 5072797.751235540024936 ], [ 339876.944778632081579, 5072782.924448755569756 ], [ 339854.625261124572717, 5072769.247030835598707 ], [ 339831.620510994340293, 5072756.756470633670688 ], [ 339807.993582662486006, 5072745.48700390662998 ], [ 339783.809235897206236, 5072735.469519479200244 ], [ 339759.133758312033024, 5072726.73147458024323 ], [ 339734.034783675859217, 5072719.296819583512843 ], [ 339708.581106533471029, 5072713.185932360589504 ], [ 339682.842493644682691, 5072708.415562430396676 ], [ 339656.889492758375127, 5072704.998785044066608 ], [ 339630.793239246064331, 5072702.944965350441635 ], [ 339604.625261124572717, 5072702.259732727892697 ], [ 339578.457283003081102, 5072702.944965350441635 ], [ 339552.361029490770306, 5072704.998785044066608 ], [ 339526.408028604462743, 5072708.415562430396676 ], [ 339500.669415715674404, 5072713.185932360589504 ], [ 339475.215738573286217, 5072719.296819583512843 ], [ 339450.11676393711241, 5072726.73147458024323 ], [ 339425.441286351939198, 5072735.469519479200244 ], [ 339401.256939586659428, 5072745.48700390662998 ], [ 339377.63001125480514, 5072756.756470633670688 ], [ 339354.625261124572717, 5072769.247030835598707 ], [ 339332.305743617063854, 5072782.924448755569756 ], [ 339310.732634978310671, 5072797.751235540024936 ], [ 339289.965065599652007, 5072813.686751998960972 ], [ 339270.059957945137285, 5072830.687319989316165 ], [ 339251.071870531304739, 5072848.70634213462472 ], [ 339233.05284838587977, 5072867.694429548457265 ], [ 339216.052280396106653, 5072887.599537203088403 ], [ 339200.11676393711241, 5072908.367106582038105 ], [ 339185.289977151842322, 5072929.940215220674872 ], [ 339171.612559232336935, 5072952.259732727892697 ], [ 339159.121999030408915, 5072975.264482857659459 ], [ 339147.852532303251792, 5072998.8914111899212 ], [ 339137.835047875996679, 5073023.07575795520097 ], [ 339129.097002976981457, 5073047.751235540024936 ], [ 339121.662347980018239, 5073072.85021017678082 ], [ 339115.551460757676978, 5073098.303887318819761 ], [ 339110.781090827018488, 5073124.042500208131969 ], [ 339107.364313440455589, 5073149.99550109449774 ], [ 339105.310493747296277, 5073176.091754605993629 ], [ 339104.625261124572717, 5073202.259732727892697 ], [ 339105.310493747296277, 5073228.427710849791765 ], [ 339107.364313440455589, 5073254.523964361287653 ], [ 339110.781090827018488, 5073280.476965247653425 ], [ 339115.551460757676978, 5073306.215578136965632 ], [ 339121.662347980018239, 5073331.669255279004574 ], [ 339129.097002976981457, 5073356.768229915760458 ], [ 339137.835047875996679, 5073381.443707500584424 ], [ 339147.852532303251792, 5073405.628054265864193 ], [ 339159.121999030408915, 5073429.254982598125935 ], [ 339171.612559232336935, 5073452.259732727892697 ], [ 339185.289977151842322, 5073474.579250235110521 ], [ 339200.11676393711241, 5073496.152358873747289 ], [ 339216.052280396106653, 5073516.919928252696991 ], [ 339233.05284838587977, 5073536.825035907328129 ], [ 339251.071870531304739, 5073555.813123321160674 ], [ 339270.059957945137285, 5073573.832145466469228 ], [ 339289.965065599652007, 5073590.832713456824422 ], [ 339310.732634978310671, 5073606.768229915760458 ], [ 339332.305743617063854, 5073621.595016700215638 ], [ 339354.625261124572717, 5073635.272434620186687 ], [ 339377.63001125480514, 5073647.762994822114706 ], [ 339401.256939586659428, 5073659.032461549155414 ], [ 339425.441286351939198, 5073669.04994597658515 ], [ 339450.11676393711241, 5073677.787990875542164 ], [ 339475.215738573286217, 5073685.222645872272551 ], [ 339500.669415715674404, 5073691.333533095195889 ], [ 339526.408028604462743, 5073696.103903025388718 ], [ 339552.361029490770306, 5073699.520680411718786 ], [ 339578.457283003081102, 5073701.574500105343759 ], [ 339604.625261124572717, 5073702.259732727892697 ], [ 339630.793239246064331, 5073701.574500105343759 ], [ 339656.889492758375127, 5073699.520680411718786 ], [ 339682.842493644682691, 5073696.103903025388718 ], [ 339708.581106533471029, 5073691.333533095195889 ], [ 339734.034783675859217, 5073685.222645872272551 ], [ 339759.133758312033024, 5073677.787990875542164 ], [ 339783.809235897206236, 5073669.04994597658515 ], [ 339807.993582662486006, 5073659.032461549155414 ], [ 339831.620510994340293, 5073647.762994822114706 ], [ 339854.625261124572717, 5073635.272434620186687 ], [ 339876.944778632081579, 5073621.595016700215638 ], [ 339898.517887270834763, 5073606.768229915760458 ], [ 339919.285456649493426, 5073590.832713456824422 ], [ 339939.190564304008149, 5073573.832145466469228 ], [ 339958.178651717840694, 5073555.813123321160674 ], [ 339976.197673863265663, 5073536.825035907328129 ], [ 339993.19824185303878, 5073516.919928252696991 ], [ 340009.133758312033024, 5073496.152358873747289 ], [ 340023.960545097303111, 5073474.579250235110521 ], [ 340037.637963016808499, 5073452.259732727892697 ], [ 340050.128523218736518, 5073429.254982598125935 ], [ 340061.397989945893642, 5073405.628054265864193 ], [ 340071.415474373148754, 5073381.443707500584424 ], [ 340080.153519272163976, 5073356.768229915760458 ], [ 340087.588174269127194, 5073331.669255279004574 ], [ 340093.699061491468456, 5073306.215578136965632 ], [ 340098.469431422126945, 5073280.476965247653425 ], [ 340101.886208808689844, 5073254.523964361287653 ], [ 340103.940028501849156, 5073228.427710849791765 ], [ 340104.625261124572717, 5073202.259732727892697 ] ] ] } },
{ "type": "Feature", "properties": { "site": 8, "transect": 8.1 }, "geometry": { "type": "Polygon", "coordinates": [ [ [ 426026.1984307198436, 4954105.765819686464965 ], [ 426025.513198097120039, 4954079.597841564565897 ], [ 426023.459378403960727, 4954053.501588053070009 ], [ 426020.042601017397828, 4954027.548587166704237 ], [ 426015.272231086739339, 4954001.80997427739203 ], [ 426009.161343864398077, 4953976.356297135353088 ], [ 426001.726688867434859, 4953951.257322498597205 ], [ 425992.988643968419638, 4953926.581844913773239 ], [ 425982.971159541164525, 4953902.397498148493469 ], [ 425971.701692814007401, 4953878.770569816231728 ], [ 425959.211132612079382, 4953855.765819686464965 ], [ 425945.533714692573994, 4953833.446302179247141 ], [ 425930.706927907303907, 4953811.873193540610373 ], [ 425914.771411448309664, 4953791.105624161660671 ], [ 425897.770843458536547, 4953771.200516507029533 ], [ 425879.751821313111577, 4953752.212429093196988 ], [ 425860.763733899279032, 4953734.193406947888434 ], [ 425840.858626244764309, 4953717.19283895753324 ], [ 425820.091056866105646, 4953701.257322498597205 ], [ 425798.517948227352463, 4953686.430535714142025 ], [ 425776.1984307198436, 4953672.753117794170976 ], [ 425753.193680589611176, 4953660.262557592242956 ], [ 425729.566752257756889, 4953648.993090865202248 ], [ 425705.382405492477119, 4953638.975606437772512 ], [ 425680.706927907303907, 4953630.237561538815498 ], [ 425655.6079532711301, 4953622.802906542085111 ], [ 425630.154276128741913, 4953616.692019319161773 ], [ 425604.415663239953574, 4953611.921649388968945 ], [ 425578.46266235364601, 4953608.504872002638876 ], [ 425552.366408841335215, 4953606.451052309013903 ], [ 425526.1984307198436, 4953605.765819686464965 ], [ 425500.030452598351985, 4953606.451052309013903 ], [ 425473.93419908604119, 4953608.504872002638876 ], [ 425447.981198199733626, 4953611.921649388968945 ], [ 425422.242585310945287, 4953616.692019319161773 ], [ 425396.7889081685571, 4953622.802906542085111 ], [ 425371.689933532383293, 4953630.237561538815498 ], [ 425347.014455947210081, 4953638.975606437772512 ], [ 425322.830109181930311, 4953648.993090865202248 ], [ 425299.203180850076023, 4953660.262557592242956 ], [ 425276.1984307198436, 4953672.753117794170976 ], [ 425253.878913212334737, 4953686.430535714142025 ], [ 425232.305804573581554, 4953701.257322498597205 ], [ 425211.538235194922891, 4953717.19283895753324 ], [ 425191.633127540408168, 4953734.193406947888434 ], [ 425172.645040126575623, 4953752.212429093196988 ], [ 425154.626017981150653, 4953771.200516507029533 ], [ 425137.625449991377536, 4953791.105624161660671 ], [ 425121.689933532383293, 4953811.873193540610373 ], [ 425106.863146747113205, 4953833.446302179247141 ], [ 425093.185728827607818, 4953855.765819686464965 ], [ 425080.695168625679798, 4953878.770569816231728 ], [ 425069.425701898522675, 4953902.397498148493469 ], [ 425059.408217471267562, 4953926.581844913773239 ], [ 425050.670172572252341, 4953951.257322498597205 ], [ 425043.235517575289123, 4953976.356297135353088 ], [ 425037.124630352947861, 4954001.80997427739203 ], [ 425032.354260422289371, 4954027.548587166704237 ], [ 425028.937483035726473, 4954053.501588053070009 ], [ 425026.883663342567161, 4954079.597841564565897 ], [ 425026.1984307198436, 4954105.765819686464965 ], [ 425026.883663342567161, 4954131.933797808364034 ], [ 425028.937483035726473, 4954158.030051319859922 ], [ 425032.354260422289371, 4954183.983052206225693 ], [ 425037.124630352947861, 4954209.721665095537901 ], [ 425043.235517575289123, 4954235.175342237576842 ], [ 425050.670172572252341, 4954260.274316874332726 ], [ 425059.408217471267562, 4954284.949794459156692 ], [ 425069.425701898522675, 4954309.134141224436462 ], [ 425080.695168625679798, 4954332.761069556698203 ], [ 425093.185728827607818, 4954355.765819686464965 ], [ 425106.863146747113205, 4954378.08533719368279 ], [ 425121.689933532383293, 4954399.658445832319558 ], [ 425137.625449991377536, 4954420.426015211269259 ], [ 425154.626017981150653, 4954440.331122865900397 ], [ 425172.645040126575623, 4954459.319210279732943 ], [ 425191.633127540408168, 4954477.338232425041497 ], [ 425211.538235194922891, 4954494.33880041539669 ], [ 425232.305804573581554, 4954510.274316874332726 ], [ 425253.878913212334737, 4954525.101103658787906 ], [ 425276.1984307198436, 4954538.778521578758955 ], [ 425299.203180850076023, 4954551.269081780686975 ], [ 425322.830109181930311, 4954562.538548507727683 ], [ 425347.014455947210081, 4954572.556032935157418 ], [ 425371.689933532383293, 4954581.294077834114432 ], [ 425396.7889081685571, 4954588.72873283084482 ], [ 425422.242585310945287, 4954594.839620053768158 ], [ 425447.981198199733626, 4954599.609989983960986 ], [ 425473.93419908604119, 4954603.026767370291054 ], [ 425500.030452598351985, 4954605.080587063916028 ], [ 425526.1984307198436, 4954605.765819686464965 ], [ 425552.366408841335215, 4954605.080587063916028 ], [ 425578.46266235364601, 4954603.026767370291054 ], [ 425604.415663239953574, 4954599.609989983960986 ], [ 425630.154276128741913, 4954594.839620053768158 ], [ 425655.6079532711301, 4954588.72873283084482 ], [ 425680.706927907303907, 4954581.294077834114432 ], [ 425705.382405492477119, 4954572.556032935157418 ], [ 425729.566752257756889, 4954562.538548507727683 ], [ 425753.193680589611176, 4954551.269081780686975 ], [ 425776.1984307198436, 4954538.778521578758955 ], [ 425798.517948227352463, 4954525.101103658787906 ], [ 425820.091056866105646, 4954510.274316874332726 ], [ 425840.858626244764309, 4954494.33880041539669 ], [ 425860.763733899279032, 4954477.338232425041497 ], [ 425879.751821313111577, 4954459.319210279732943 ], [ 425897.770843458536547, 4954440.331122865900397 ], [ 425914.771411448309664, 4954420.426015211269259 ], [ 425930.706927907303907, 4954399.658445832319558 ], [ 425945.533714692573994, 4954378.08533719368279 ], [ 425959.211132612079382, 4954355.765819686464965 ], [ 425971.701692814007401, 4954332.761069556698203 ], [ 425982.971159541164525, 4954309.134141224436462 ], [ 425992.988643968419638, 4954284.949794459156692 ], [ 426001.726688867434859, 4954260.274316874332726 ], [ 426009.161343864398077, 4954235.175342237576842 ], [ 426015.272231086739339, 4954209.721665095537901 ], [ 426020.042601017397828, 4954183.983052206225693 ], [ 426023.459378403960727, 4954158.030051319859922 ], [ 426025.513198097120039, 4954131.933797808364034 ], [ 426026.1984307198436, 4954105.765819686464965 ] ] ] } },
{ "type": "Feature", "properties": { "site": 9, "transect": 9.1 }, "geometry": { "type": "Polygon", "coordinates": [ [ [ 455276.851643096772023, 5030793.983066687360406 ], [ 455276.166410474048462, 5030767.815088565461338 ], [ 455274.11259078088915, 5030741.718835053965449 ], [ 455270.695813394326251, 5030715.765834167599678 ], [ 455265.925443463667762, 5030690.02722127828747 ], [ 455259.8145562413265, 5030664.573544136248529 ], [ 455252.379901244363282, 5030639.474569499492645 ], [ 455243.64185634534806, 5030614.799091914668679 ], [ 455233.624371918092947, 5030590.614745149388909 ], [ 455222.354905190935824, 5030566.987816817127168 ], [ 455209.864344989007805, 5030543.983066687360406 ], [ 455196.186927069502417, 5030521.663549180142581 ], [ 455181.36014028423233, 5030500.090440541505814 ], [ 455165.424623825238086, 5030479.322871162556112 ], [ 455148.424055835464969, 5030459.417763507924974 ], [ 455130.40503369004, 5030440.429676094092429 ], [ 455111.416946276207455, 5030422.410653948783875 ], [ 455091.511838621692732, 5030405.410085958428681 ], [ 455070.744269243034068, 5030389.474569499492645 ], [ 455049.171160604280885, 5030374.647782715037465 ], [ 455026.851643096772023, 5030360.970364795066416 ], [ 455003.846892966539599, 5030348.479804593138397 ], [ 454980.219964634685311, 5030337.210337866097689 ], [ 454956.035617869405542, 5030327.192853438667953 ], [ 454931.36014028423233, 5030318.454808539710939 ], [ 454906.261165648058522, 5030311.020153542980552 ], [ 454880.807488505670335, 5030304.909266320057213 ], [ 454855.068875616881996, 5030300.138896389864385 ], [ 454829.115874730574433, 5030296.722119003534317 ], [ 454803.019621218263637, 5030294.668299309909344 ], [ 454776.851643096772023, 5030293.983066687360406 ], [ 454750.683664975280408, 5030294.668299309909344 ], [ 454724.587411462969612, 5030296.722119003534317 ], [ 454698.634410576662049, 5030300.138896389864385 ], [ 454672.89579768787371, 5030304.909266320057213 ], [ 454647.442120545485523, 5030311.020153542980552 ], [ 454622.343145909311716, 5030318.454808539710939 ], [ 454597.667668324138504, 5030327.192853438667953 ], [ 454573.483321558858734, 5030337.210337866097689 ], [ 454549.856393227004446, 5030348.479804593138397 ], [ 454526.851643096772023, 5030360.970364795066416 ], [ 454504.53212558926316, 5030374.647782715037465 ], [ 454482.959016950509977, 5030389.474569499492645 ], [ 454462.191447571851313, 5030405.410085958428681 ], [ 454442.286339917336591, 5030422.410653948783875 ], [ 454423.298252503504045, 5030440.429676094092429 ], [ 454405.279230358079076, 5030459.417763507924974 ], [ 454388.278662368305959, 5030479.322871162556112 ], [ 454372.343145909311716, 5030500.090440541505814 ], [ 454357.516359124041628, 5030521.663549180142581 ], [ 454343.838941204536241, 5030543.983066687360406 ], [ 454331.348381002608221, 5030566.987816817127168 ], [ 454320.078914275451098, 5030590.614745149388909 ], [ 454310.061429848195985, 5030614.799091914668679 ], [ 454301.323384949180763, 5030639.474569499492645 ], [ 454293.888729952217545, 5030664.573544136248529 ], [ 454287.777842729876284, 5030690.02722127828747 ], [ 454283.007472799217794, 5030715.765834167599678 ], [ 454279.590695412654895, 5030741.718835053965449 ], [ 454277.536875719495583, 5030767.815088565461338 ], [ 454276.851643096772023, 5030793.983066687360406 ], [ 454277.536875719495583, 5030820.151044809259474 ], [ 454279.590695412654895, 5030846.247298320755363 ], [ 454283.007472799217794, 5030872.200299207121134 ], [ 454287.777842729876284, 5030897.938912096433342 ], [ 454293.888729952217545, 5030923.392589238472283 ], [ 454301.323384949180763, 5030948.491563875228167 ], [ 454310.061429848195985, 5030973.167041460052133 ], [ 454320.078914275451098, 5030997.351388225331903 ], [ 454331.348381002608221, 5031020.978316557593644 ], [ 454343.838941204536241, 5031043.983066687360406 ], [ 454357.516359124041628, 5031066.30258419457823 ], [ 454372.343145909311716, 5031087.875692833214998 ], [ 454388.278662368305959, 5031108.6432622121647 ], [ 454405.279230358079076, 5031128.548369866795838 ], [ 454423.298252503504045, 5031147.536457280628383 ], [ 454442.286339917336591, 5031165.555479425936937 ], [ 454462.191447571851313, 5031182.556047416292131 ], [ 454482.959016950509977, 5031198.491563875228167 ], [ 454504.53212558926316, 5031213.318350659683347 ], [ 454526.851643096772023, 5031226.995768579654396 ], [ 454549.856393227004446, 5031239.486328781582415 ], [ 454573.483321558858734, 5031250.755795508623123 ], [ 454597.667668324138504, 5031260.773279936052859 ], [ 454622.343145909311716, 5031269.511324835009873 ], [ 454647.442120545485523, 5031276.94597983174026 ], [ 454672.89579768787371, 5031283.056867054663599 ], [ 454698.634410576662049, 5031287.827236984856427 ], [ 454724.587411462969612, 5031291.244014371186495 ], [ 454750.683664975280408, 5031293.297834064811468 ], [ 454776.851643096772023, 5031293.983066687360406 ], [ 454803.019621218263637, 5031293.297834064811468 ], [ 454829.115874730574433, 5031291.244014371186495 ], [ 454855.068875616881996, 5031287.827236984856427 ], [ 454880.807488505670335, 5031283.056867054663599 ], [ 454906.261165648058522, 5031276.94597983174026 ], [ 454931.36014028423233, 5031269.511324835009873 ], [ 454956.035617869405542, 5031260.773279936052859 ], [ 454980.219964634685311, 5031250.755795508623123 ], [ 455003.846892966539599, 5031239.486328781582415 ], [ 455026.851643096772023, 5031226.995768579654396 ], [ 455049.171160604280885, 5031213.318350659683347 ], [ 455070.744269243034068, 5031198.491563875228167 ], [ 455091.511838621692732, 5031182.556047416292131 ], [ 455111.416946276207455, 5031165.555479425936937 ], [ 455130.40503369004, 5031147.536457280628383 ], [ 455148.424055835464969, 5031128.548369866795838 ], [ 455165.424623825238086, 5031108.6432622121647 ], [ 455181.36014028423233, 5031087.875692833214998 ], [ 455196.186927069502417, 5031066.30258419457823 ], [ 455209.864344989007805, 5031043.983066687360406 ], [ 455222.354905190935824, 5031020.978316557593644 ], [ 455233.624371918092947, 5030997.351388225331903 ], [ 455243.64185634534806, 5030973.167041460052133 ], [ 455252.379901244363282, 5030948.491563875228167 ], [ 455259.8145562413265, 5030923.392589238472283 ], [ 455265.925443463667762, 5030897.938912096433342 ], [ 455270.695813394326251, 5030872.200299207121134 ], [ 455274.11259078088915, 5030846.247298320755363 ], [ 455276.166410474048462, 5030820.151044809259474 ], [ 455276.851643096772023, 5030793.983066687360406 ] ] ] } },
{ "type": "Feature", "properties": { "site": 9, "transect": 9.2 }, "geometry": { "type": "Polygon", "coordinates": [ [ [ 454936.909196778957266, 5030515.539198934100568 ], [ 454936.223964156233706, 5030489.3712208122015 ], [ 454934.170144463074394, 5030463.274967300705612 ], [ 454930.753367076511495, 5030437.32196641433984 ], [ 454925.982997145853005, 5030411.583353525027633 ], [ 454919.872109923511744, 5030386.129676382988691 ], [ 454912.437454926548526, 5030361.030701746232808 ], [ 454903.699410027533304, 5030336.355224161408842 ], [ 454893.681925600278191, 5030312.170877396129072 ], [ 454882.412458873121068, 5030288.543949063867331 ], [ 454869.921898671193048, 5030265.539198934100568 ], [ 454856.244480751687661, 5030243.219681426882744 ], [ 454841.417693966417573, 5030221.646572788245976 ], [ 454825.48217750742333, 5030200.879003409296274 ], [ 454808.481609517650213, 5030180.973895754665136 ], [ 454790.462587372225244, 5030161.985808340832591 ], [ 454771.474499958392698, 5030143.966786195524037 ], [ 454751.569392303877976, 5030126.966218205168843 ], [ 454730.801822925219312, 5030111.030701746232808 ], [ 454709.228714286466129, 5030096.203914961777627 ], [ 454686.909196778957266, 5030082.526497041806579 ], [ 454663.904446648724843, 5030070.035936839878559 ], [ 454640.277518316870555, 5030058.766470112837851 ], [ 454616.093171551590785, 5030048.748985685408115 ], [ 454591.417693966417573, 5030040.010940786451101 ], [ 454566.318719330243766, 5030032.576285789720714 ], [ 454540.865042187855579, 5030026.465398566797376 ], [ 454515.12642929906724, 5030021.695028636604548 ], [ 454489.173428412759677, 5030018.278251250274479 ], [ 454463.077174900448881, 5030016.224431556649506 ], [ 454436.909196778957266, 5030015.539198934100568 ], [ 454410.741218657465652, 5030016.224431556649506 ], [ 454384.644965145154856, 5030018.278251250274479 ], [ 454358.691964258847293, 5030021.695028636604548 ], [ 454332.953351370058954, 5030026.465398566797376 ], [ 454307.499674227670766, 5030032.576285789720714 ], [ 454282.400699591496959, 5030040.010940786451101 ], [ 454257.725222006323747, 5030048.748985685408115 ], [ 454233.540875241043977, 5030058.766470112837851 ], [ 454209.91394690918969, 5030070.035936839878559 ], [ 454186.909196778957266, 5030082.526497041806579 ], [ 454164.589679271448404, 5030096.203914961777627 ], [ 454143.01657063269522, 5030111.030701746232808 ], [ 454122.249001254036557, 5030126.966218205168843 ], [ 454102.343893599521834, 5030143.966786195524037 ], [ 454083.355806185689289, 5030161.985808340832591 ], [ 454065.33678404026432, 5030180.973895754665136 ], [ 454048.336216050491203, 5030200.879003409296274 ], [ 454032.400699591496959, 5030221.646572788245976 ], [ 454017.573912806226872, 5030243.219681426882744 ], [ 454003.896494886721484, 5030265.539198934100568 ], [ 453991.405934684793465, 5030288.543949063867331 ], [ 453980.136467957636341, 5030312.170877396129072 ], [ 453970.118983530381229, 5030336.355224161408842 ], [ 453961.380938631366007, 5030361.030701746232808 ], [ 453953.946283634402789, 5030386.129676382988691 ], [ 453947.835396412061527, 5030411.583353525027633 ], [ 453943.065026481403038, 5030437.32196641433984 ], [ 453939.648249094840139, 5030463.274967300705612 ], [ 453937.594429401680827, 5030489.3712208122015 ], [ 453936.909196778957266, 5030515.539198934100568 ], [ 453937.594429401680827, 5030541.707177055999637 ], [ 453939.648249094840139, 5030567.803430567495525 ], [ 453943.065026481403038, 5030593.756431453861296 ], [ 453947.835396412061527, 5030619.495044343173504 ], [ 453953.946283634402789, 5030644.948721485212445 ], [ 453961.380938631366007, 5030670.047696121968329 ], [ 453970.118983530381229, 5030694.723173706792295 ], [ 453980.136467957636341, 5030718.907520472072065 ], [ 453991.405934684793465, 5030742.534448804333806 ], [ 454003.896494886721484, 5030765.539198934100568 ], [ 454017.573912806226872, 5030787.858716441318393 ], [ 454032.400699591496959, 5030809.431825079955161 ], [ 454048.336216050491203, 5030830.199394458904862 ], [ 454065.33678404026432, 5030850.104502113536 ], [ 454083.355806185689289, 5030869.092589527368546 ], [ 454102.343893599521834, 5030887.1116116726771 ], [ 454122.249001254036557, 5030904.112179663032293 ], [ 454143.01657063269522, 5030920.047696121968329 ], [ 454164.589679271448404, 5030934.874482906423509 ], [ 454186.909196778957266, 5030948.551900826394558 ], [ 454209.91394690918969, 5030961.042461028322577 ], [ 454233.540875241043977, 5030972.311927755363286 ], [ 454257.725222006323747, 5030982.329412182793021 ], [ 454282.400699591496959, 5030991.067457081750035 ], [ 454307.499674227670766, 5030998.502112078480422 ], [ 454332.953351370058954, 5031004.612999301403761 ], [ 454358.691964258847293, 5031009.383369231596589 ], [ 454384.644965145154856, 5031012.800146617926657 ], [ 454410.741218657465652, 5031014.85396631155163 ], [ 454436.909196778957266, 5031015.539198934100568 ], [ 454463.077174900448881, 5031014.85396631155163 ], [ 454489.173428412759677, 5031012.800146617926657 ], [ 454515.12642929906724, 5031009.383369231596589 ], [ 454540.865042187855579, 5031004.612999301403761 ], [ 454566.318719330243766, 5030998.502112078480422 ], [ 454591.417693966417573, 5030991.067457081750035 ], [ 454616.093171551590785, 5030982.329412182793021 ], [ 454640.277518316870555, 5030972.311927755363286 ], [ 454663.904446648724843, 5030961.042461028322577 ], [ 454686.909196778957266, 5030948.551900826394558 ], [ 454709.228714286466129, 5030934.874482906423509 ], [ 454730.801822925219312, 5030920.047696121968329 ], [ 454751.569392303877976, 5030904.112179663032293 ], [ 454771.474499958392698, 5030887.1116116726771 ], [ 454790.462587372225244, 5030869.092589527368546 ], [ 454808.481609517650213, 5030850.104502113536 ], [ 454825.48217750742333, 5030830.199394458904862 ], [ 454841.417693966417573, 5030809.431825079955161 ], [ 454856.244480751687661, 5030787.858716441318393 ], [ 454869.921898671193048, 5030765.539198934100568 ], [ 454882.412458873121068, 5030742.534448804333806 ], [ 454893.681925600278191, 5030718.907520472072065 ], [ 454903.699410027533304, 5030694.723173706792295 ], [ 454912.437454926548526, 5030670.047696121968329 ], [ 454919.872109923511744, 5030644.948721485212445 ], [ 454925.982997145853005, 5030619.495044343173504 ], [ 454930.753367076511495, 5030593.756431453861296 ], [ 454934.170144463074394, 5030567.803430567495525 ], [ 454936.223964156233706, 5030541.707177055999637 ], [ 454936.909196778957266, 5030515.539198934100568 ] ] ] } },
{ "type": "Feature", "properties": { "site": 9, "transect": 9.3 }, "geometry": { "type": "Polygon", "coordinates": [ [ [ 455119.365812230855227, 5030702.584058959037066 ], [ 455118.680579608131666, 5030676.416080837137997 ], [ 455116.626759914972354, 5030650.319827325642109 ], [ 455113.209982528409455, 5030624.366826439276338 ], [ 455108.439612597750966, 5030598.62821354996413 ], [ 455102.328725375409704, 5030573.174536407925189 ], [ 455094.894070378446486, 5030548.075561771169305 ], [ 455086.156025479431264, 5030523.400084186345339 ], [ 455076.138541052176151, 5030499.215737421065569 ], [ 455064.869074325019028, 5030475.588809088803828 ], [ 455052.378514123091009, 5030452.584058959037066 ], [ 455038.701096203585621, 5030430.264541451819241 ], [ 455023.874309418315534, 5030408.691432813182473 ], [ 455007.93879295932129, 5030387.923863434232771 ], [ 454990.938224969548173, 5030368.018755779601634 ], [ 454972.919202824123204, 5030349.030668365769088 ], [ 454953.931115410290658, 5030331.011646220460534 ], [ 454934.026007755775936, 5030314.01107823010534 ], [ 454913.258438377117272, 5030298.075561771169305 ], [ 454891.685329738364089, 5030283.248774986714125 ], [ 454869.365812230855227, 5030269.571357066743076 ], [ 454846.361062100622803, 5030257.080796864815056 ], [ 454822.734133768768515, 5030245.811330137774348 ], [ 454798.549787003488746, 5030235.793845710344613 ], [ 454773.874309418315534, 5030227.055800811387599 ], [ 454748.775334782141726, 5030219.621145814657211 ], [ 454723.321657639753539, 5030213.510258591733873 ], [ 454697.5830447509652, 5030208.739888661541045 ], [ 454671.630043864657637, 5030205.323111275210977 ], [ 454645.533790352346841, 5030203.269291581586003 ], [ 454619.365812230855227, 5030202.584058959037066 ], [ 454593.197834109363612, 5030203.269291581586003 ], [ 454567.101580597052816, 5030205.323111275210977 ], [ 454541.148579710745253, 5030208.739888661541045 ], [ 454515.409966821956914, 5030213.510258591733873 ], [ 454489.956289679568727, 5030219.621145814657211 ], [ 454464.857315043394919, 5030227.055800811387599 ], [ 454440.181837458221707, 5030235.793845710344613 ], [ 454415.997490692941938, 5030245.811330137774348 ], [ 454392.37056236108765, 5030257.080796864815056 ], [ 454369.365812230855227, 5030269.571357066743076 ], [ 454347.046294723346364, 5030283.248774986714125 ], [ 454325.473186084593181, 5030298.075561771169305 ], [ 454304.705616705934517, 5030314.01107823010534 ], [ 454284.800509051419795, 5030331.011646220460534 ], [ 454265.812421637587249, 5030349.030668365769088 ], [ 454247.79339949216228, 5030368.018755779601634 ], [ 454230.792831502389163, 5030387.923863434232771 ], [ 454214.857315043394919, 5030408.691432813182473 ], [ 454200.030528258124832, 5030430.264541451819241 ], [ 454186.353110338619445, 5030452.584058959037066 ], [ 454173.862550136691425, 5030475.588809088803828 ], [ 454162.593083409534302, 5030499.215737421065569 ], [ 454152.575598982279189, 5030523.400084186345339 ], [ 454143.837554083263967, 5030548.075561771169305 ], [ 454136.402899086300749, 5030573.174536407925189 ], [ 454130.292011863959488, 5030598.62821354996413 ], [ 454125.521641933300998, 5030624.366826439276338 ], [ 454122.104864546738099, 5030650.319827325642109 ], [ 454120.051044853578787, 5030676.416080837137997 ], [ 454119.365812230855227, 5030702.584058959037066 ], [ 454120.051044853578787, 5030728.752037080936134 ], [ 454122.104864546738099, 5030754.848290592432022 ], [ 454125.521641933300998, 5030780.801291478797793 ], [ 454130.292011863959488, 5030806.539904368110001 ], [ 454136.402899086300749, 5030831.993581510148942 ], [ 454143.837554083263967, 5030857.092556146904826 ], [ 454152.575598982279189, 5030881.768033731728792 ], [ 454162.593083409534302, 5030905.952380497008562 ], [ 454173.862550136691425, 5030929.579308829270303 ], [ 454186.353110338619445, 5030952.584058959037066 ], [ 454200.030528258124832, 5030974.90357646625489 ], [ 454214.857315043394919, 5030996.476685104891658 ], [ 454230.792831502389163, 5031017.24425448384136 ], [ 454247.79339949216228, 5031037.149362138472497 ], [ 454265.812421637587249, 5031056.137449552305043 ], [ 454284.800509051419795, 5031074.156471697613597 ], [ 454304.705616705934517, 5031091.157039687968791 ], [ 454325.473186084593181, 5031107.092556146904826 ], [ 454347.046294723346364, 5031121.919342931360006 ], [ 454369.365812230855227, 5031135.596760851331055 ], [ 454392.37056236108765, 5031148.087321053259075 ], [ 454415.997490692941938, 5031159.356787780299783 ], [ 454440.181837458221707, 5031169.374272207729518 ], [ 454464.857315043394919, 5031178.112317106686532 ], [ 454489.956289679568727, 5031185.54697210341692 ], [ 454515.409966821956914, 5031191.657859326340258 ], [ 454541.148579710745253, 5031196.428229256533086 ], [ 454567.101580597052816, 5031199.845006642863154 ], [ 454593.197834109363612, 5031201.898826336488128 ], [ 454619.365812230855227, 5031202.584058959037066 ], [ 454645.533790352346841, 5031201.898826336488128 ], [ 454671.630043864657637, 5031199.845006642863154 ], [ 454697.5830447509652, 5031196.428229256533086 ], [ 454723.321657639753539, 5031191.657859326340258 ], [ 454748.775334782141726, 5031185.54697210341692 ], [ 454773.874309418315534, 5031178.112317106686532 ], [ 454798.549787003488746, 5031169.374272207729518 ], [ 454822.734133768768515, 5031159.356787780299783 ], [ 454846.361062100622803, 5031148.087321053259075 ], [ 454869.365812230855227, 5031135.596760851331055 ], [ 454891.685329738364089, 5031121.919342931360006 ], [ 454913.258438377117272, 5031107.092556146904826 ], [ 454934.026007755775936, 5031091.157039687968791 ], [ 454953.931115410290658, 5031074.156471697613597 ], [ 454972.919202824123204, 5031056.137449552305043 ], [ 454990.938224969548173, 5031037.149362138472497 ], [ 455007.93879295932129, 5031017.24425448384136 ], [ 455023.874309418315534, 5030996.476685104891658 ], [ 455038.701096203585621, 5030974.90357646625489 ], [ 455052.378514123091009, 5030952.584058959037066 ], [ 455064.869074325019028, 5030929.579308829270303 ], [ 455076.138541052176151, 5030905.952380497008562 ], [ 455086.156025479431264, 5030881.768033731728792 ], [ 455094.894070378446486, 5030857.092556146904826 ], [ 455102.328725375409704, 5030831.993581510148942 ], [ 455108.439612597750966, 5030806.539904368110001 ], [ 455113.209982528409455, 5030780.801291478797793 ], [ 455116.626759914972354, 5030754.848290592432022 ], [ 455118.680579608131666, 5030728.752037080936134 ], [ 455119.365812230855227, 5030702.584058959037066 ] ] ] } },
{ "type": "Feature", "properties": { "site": 9, "transect": 9.4 }, "geometry": { "type": "Polygon", "coordinates": [ [ [ 455119.365812230855227, 5030702.584058959037066 ], [ 455118.680579608131666, 5030676.416080837137997 ], [ 455116.626759914972354, 5030650.319827325642109 ], [ 455113.209982528409455, 5030624.366826439276338 ], [ 455108.439612597750966, 5030598.62821354996413 ], [ 455102.328725375409704, 5030573.174536407925189 ], [ 455094.894070378446486, 5030548.075561771169305 ], [ 455086.156025479431264, 5030523.400084186345339 ], [ 455076.138541052176151, 5030499.215737421065569 ], [ 455064.869074325019028, 5030475.588809088803828 ], [ 455052.378514123091009, 5030452.584058959037066 ], [ 455038.701096203585621, 5030430.264541451819241 ], [ 455023.874309418315534, 5030408.691432813182473 ], [ 455007.93879295932129, 5030387.923863434232771 ], [ 454990.938224969548173, 5030368.018755779601634 ], [ 454972.919202824123204, 5030349.030668365769088 ], [ 454953.931115410290658, 5030331.011646220460534 ], [ 454934.026007755775936, 5030314.01107823010534 ], [ 454913.258438377117272, 5030298.075561771169305 ], [ 454891.685329738364089, 5030283.248774986714125 ], [ 454869.365812230855227, 5030269.571357066743076 ], [ 454846.361062100622803, 5030257.080796864815056 ], [ 454822.734133768768515, 5030245.811330137774348 ], [ 454798.549787003488746, 5030235.793845710344613 ], [ 454773.874309418315534, 5030227.055800811387599 ], [ 454748.775334782141726, 5030219.621145814657211 ], [ 454723.321657639753539, 5030213.510258591733873 ], [ 454697.5830447509652, 5030208.739888661541045 ], [ 454671.630043864657637, 5030205.323111275210977 ], [ 454645.533790352346841, 5030203.269291581586003 ], [ 454619.365812230855227, 5030202.584058959037066 ], [ 454593.197834109363612, 5030203.269291581586003 ], [ 454567.101580597052816, 5030205.323111275210977 ], [ 454541.148579710745253, 5030208.739888661541045 ], [ 454515.409966821956914, 5030213.510258591733873 ], [ 454489.956289679568727, 5030219.621145814657211 ], [ 454464.857315043394919, 5030227.055800811387599 ], [ 454440.181837458221707, 5030235.793845710344613 ], [ 454415.997490692941938, 5030245.811330137774348 ], [ 454392.37056236108765, 5030257.080796864815056 ], [ 454369.365812230855227, 5030269.571357066743076 ], [ 454347.046294723346364, 5030283.248774986714125 ], [ 454325.473186084593181, 5030298.075561771169305 ], [ 454304.705616705934517, 5030314.01107823010534 ], [ 454284.800509051419795, 5030331.011646220460534 ], [ 454265.812421637587249, 5030349.030668365769088 ], [ 454247.79339949216228, 5030368.018755779601634 ], [ 454230.792831502389163, 5030387.923863434232771 ], [ 454214.857315043394919, 5030408.691432813182473 ], [ 454200.030528258124832, 5030430.264541451819241 ], [ 454186.353110338619445, 5030452.584058959037066 ], [ 454173.862550136691425, 5030475.588809088803828 ], [ 454162.593083409534302, 5030499.215737421065569 ], [ 454152.575598982279189, 5030523.400084186345339 ], [ 454143.837554083263967, 5030548.075561771169305 ], [ 454136.402899086300749, 5030573.174536407925189 ], [ 454130.292011863959488, 5030598.62821354996413 ], [ 454125.521641933300998, 5030624.366826439276338 ], [ 454122.104864546738099, 5030650.319827325642109 ], [ 454120.051044853578787, 5030676.416080837137997 ], [ 454119.365812230855227, 5030702.584058959037066 ], [ 454120.051044853578787, 5030728.752037080936134 ], [ 454122.104864546738099, 5030754.848290592432022 ], [ 454125.521641933300998, 5030780.801291478797793 ], [ 454130.292011863959488, 5030806.539904368110001 ], [ 454136.402899086300749, 5030831.993581510148942 ], [ 454143.837554083263967, 5030857.092556146904826 ], [ 454152.575598982279189, 5030881.768033731728792 ], [ 454162.593083409534302, 5030905.952380497008562 ], [ 454173.862550136691425, 5030929.579308829270303 ], [ 454186.353110338619445, 5030952.584058959037066 ], [ 454200.030528258124832, 5030974.90357646625489 ], [ 454214.857315043394919, 5030996.476685104891658 ], [ 454230.792831502389163, 5031017.24425448384136 ], [ 454247.79339949216228, 5031037.149362138472497 ], [ 454265.812421637587249, 5031056.137449552305043 ], [ 454284.800509051419795, 5031074.156471697613597 ], [ 454304.705616705934517, 5031091.157039687968791 ], [ 454325.473186084593181, 5031107.092556146904826 ], [ 454347.046294723346364, 5031121.919342931360006 ], [ 454369.365812230855227, 5031135.596760851331055 ], [ 454392.37056236108765, 5031148.087321053259075 ], [ 454415.997490692941938, 5031159.356787780299783 ], [ 454440.181837458221707, 5031169.374272207729518 ], [ 454464.857315043394919, 5031178.112317106686532 ], [ 454489.956289679568727, 5031185.54697210341692 ], [ 454515.409966821956914, 5031191.657859326340258 ], [ 454541.148579710745253, 5031196.428229256533086 ], [ 454567.101580597052816, 5031199.845006642863154 ], [ 454593.197834109363612, 5031201.898826336488128 ], [ 454619.365812230855227, 5031202.584058959037066 ], [ 454645.533790352346841, 5031201.898826336488128 ], [ 454671.630043864657637, 5031199.845006642863154 ], [ 454697.5830447509652, 5031196.428229256533086 ], [ 454723.321657639753539, 5031191.657859326340258 ], [ 454748.775334782141726, 5031185.54697210341692 ], [ 454773.874309418315534, 5031178.112317106686532 ], [ 454798.549787003488746, 5031169.374272207729518 ], [ 454822.734133768768515, 5031159.356787780299783 ], [ 454846.361062100622803, 5031148.087321053259075 ], [ 454869.365812230855227, 5031135.596760851331055 ], [ 454891.685329738364089, 5031121.919342931360006 ], [ 454913.258438377117272, 5031107.092556146904826 ], [ 454934.026007755775936, 5031091.157039687968791 ], [ 454953.931115410290658, 5031074.156471697613597 ], [ 454972.919202824123204, 5031056.137449552305043 ], [ 454990.938224969548173, 5031037.149362138472497 ], [ 455007.93879295932129, 5031017.24425448384136 ], [ 455023.874309418315534, 5030996.476685104891658 ], [ 455038.701096203585621, 5030974.90357646625489 ], [ 455052.378514123091009, 5030952.584058959037066 ], [ 455064.869074325019028, 5030929.579308829270303 ], [ 455076.138541052176151, 5030905.952380497008562 ], [ 455086.156025479431264, 5030881.768033731728792 ], [ 455094.894070378446486, 5030857.092556146904826 ], [ 455102.328725375409704, 5030831.993581510148942 ], [ 455108.439612597750966, 5030806.539904368110001 ], [ 455113.209982528409455, 5030780.801291478797793 ], [ 455116.626759914972354, 5030754.848290592432022 ], [ 455118.680579608131666, 5030728.752037080936134 ], [ 455119.365812230855227, 5030702.584058959037066 ] ] ] } },
{ "type": "Feature", "properties": { "site": 10, "transect": 10.1 }, "geometry": { "type": "Polygon", "coordinates": [ [ [ 311732.66203493939247, 5046764.812838904559612 ], [ 311731.976802316668909, 5046738.644860782660544 ], [ 311729.922982623509597, 5046712.548607271164656 ], [ 311726.506205236946698, 5046686.595606384798884 ], [ 311721.735835306288209, 5046660.856993495486677 ], [ 311715.624948083946947, 5046635.403316353447735 ], [ 311708.190293086983729, 5046610.304341716691852 ], [ 311699.452248187968507, 5046585.628864131867886 ], [ 311689.434763760713395, 5046561.444517366588116 ], [ 311678.165297033556271, 5046537.817589034326375 ], [ 311665.674736831628252, 5046514.812838904559612 ], [ 311651.997318912122864, 5046492.493321397341788 ], [ 311637.170532126852777, 5046470.92021275870502 ], [ 311621.235015667858534, 5046450.152643379755318 ], [ 311604.234447678085417, 5046430.24753572512418 ], [ 311586.215425532660447, 5046411.259448311291635 ], [ 311567.227338118827902, 5046393.240426165983081 ], [ 311547.322230464313179, 5046376.239858175627887 ], [ 311526.554661085654516, 5046360.304341716691852 ], [ 311504.981552446901333, 5046345.477554932236671 ], [ 311482.66203493939247, 5046331.800137012265623 ], [ 311459.657284809160046, 5046319.309576810337603 ], [ 311436.030356477305759, 5046308.040110083296895 ], [ 311411.846009712025989, 5046298.022625655867159 ], [ 311387.170532126852777, 5046289.284580756910145 ], [ 311362.07155749067897, 5046281.849925760179758 ], [ 311336.617880348290782, 5046275.73903853725642 ], [ 311310.879267459502444, 5046270.968668607063591 ], [ 311284.92626657319488, 5046267.551891220733523 ], [ 311258.830013060884085, 5046265.49807152710855 ], [ 311232.66203493939247, 5046264.812838904559612 ], [ 311206.494056817900855, 5046265.49807152710855 ], [ 311180.39780330559006, 5046267.551891220733523 ], [ 311154.444802419282496, 5046270.968668607063591 ], [ 311128.706189530494157, 5046275.73903853725642 ], [ 311103.25251238810597, 5046281.849925760179758 ], [ 311078.153537751932163, 5046289.284580756910145 ], [ 311053.478060166758951, 5046298.022625655867159 ], [ 311029.293713401479181, 5046308.040110083296895 ], [ 311005.666785069624893, 5046319.309576810337603 ], [ 310982.66203493939247, 5046331.800137012265623 ], [ 310960.342517431883607, 5046345.477554932236671 ], [ 310938.769408793130424, 5046360.304341716691852 ], [ 310918.00183941447176, 5046376.239858175627887 ], [ 310898.096731759957038, 5046393.240426165983081 ], [ 310879.108644346124493, 5046411.259448311291635 ], [ 310861.089622200699523, 5046430.24753572512418 ], [ 310844.089054210926406, 5046450.152643379755318 ], [ 310828.153537751932163, 5046470.92021275870502 ], [ 310813.326750966662075, 5046492.493321397341788 ], [ 310799.649333047156688, 5046514.812838904559612 ], [ 310787.158772845228668, 5046537.817589034326375 ], [ 310775.889306118071545, 5046561.444517366588116 ], [ 310765.871821690816432, 5046585.628864131867886 ], [ 310757.13377679180121, 5046610.304341716691852 ], [ 310749.699121794837993, 5046635.403316353447735 ], [ 310743.588234572496731, 5046660.856993495486677 ], [ 310738.817864641838241, 5046686.595606384798884 ], [ 310735.401087255275343, 5046712.548607271164656 ], [ 310733.347267562116031, 5046738.644860782660544 ], [ 310732.66203493939247, 5046764.812838904559612 ], [ 310733.347267562116031, 5046790.980817026458681 ], [ 310735.401087255275343, 5046817.077070537954569 ], [ 310738.817864641838241, 5046843.03007142432034 ], [ 310743.588234572496731, 5046868.768684313632548 ], [ 310749.699121794837993, 5046894.222361455671489 ], [ 310757.13377679180121, 5046919.321336092427373 ], [ 310765.871821690816432, 5046943.996813677251339 ], [ 310775.889306118071545, 5046968.181160442531109 ], [ 310787.158772845228668, 5046991.80808877479285 ], [ 310799.649333047156688, 5047014.812838904559612 ], [ 310813.326750966662075, 5047037.132356411777437 ], [ 310828.153537751932163, 5047058.705465050414205 ], [ 310844.089054210926406, 5047079.473034429363906 ], [ 310861.089622200699523, 5047099.378142083995044 ], [ 310879.108644346124493, 5047118.36622949782759 ], [ 310898.096731759957038, 5047136.385251643136144 ], [ 310918.00183941447176, 5047153.385819633491337 ], [ 310938.769408793130424, 5047169.321336092427373 ], [ 310960.342517431883607, 5047184.148122876882553 ], [ 310982.66203493939247, 5047197.825540796853602 ], [ 311005.666785069624893, 5047210.316100998781621 ], [ 311029.293713401479181, 5047221.58556772582233 ], [ 311053.478060166758951, 5047231.603052153252065 ], [ 311078.153537751932163, 5047240.341097052209079 ], [ 311103.25251238810597, 5047247.775752048939466 ], [ 311128.706189530494157, 5047253.886639271862805 ], [ 311154.444802419282496, 5047258.657009202055633 ], [ 311180.39780330559006, 5047262.073786588385701 ], [ 311206.494056817900855, 5047264.127606282010674 ], [ 311232.66203493939247, 5047264.812838904559612 ], [ 311258.830013060884085, 5047264.127606282010674 ], [ 311284.92626657319488, 5047262.073786588385701 ], [ 311310.879267459502444, 5047258.657009202055633 ], [ 311336.617880348290782, 5047253.886639271862805 ], [ 311362.07155749067897, 5047247.775752048939466 ], [ 311387.170532126852777, 5047240.341097052209079 ], [ 311411.846009712025989, 5047231.603052153252065 ], [ 311436.030356477305759, 5047221.58556772582233 ], [ 311459.657284809160046, 5047210.316100998781621 ], [ 311482.66203493939247, 5047197.825540796853602 ], [ 311504.981552446901333, 5047184.148122876882553 ], [ 311526.554661085654516, 5047169.321336092427373 ], [ 311547.322230464313179, 5047153.385819633491337 ], [ 311567.227338118827902, 5047136.385251643136144 ], [ 311586.215425532660447, 5047118.36622949782759 ], [ 311604.234447678085417, 5047099.378142083995044 ], [ 311621.235015667858534, 5047079.473034429363906 ], [ 311637.170532126852777, 5047058.705465050414205 ], [ 311651.997318912122864, 5047037.132356411777437 ], [ 311665.674736831628252, 5047014.812838904559612 ], [ 311678.165297033556271, 5046991.80808877479285 ], [ 311689.434763760713395, 5046968.181160442531109 ], [ 311699.452248187968507, 5046943.996813677251339 ], [ 311708.190293086983729, 5046919.321336092427373 ], [ 311715.624948083946947, 5046894.222361455671489 ], [ 311721.735835306288209, 5046868.768684313632548 ], [ 311726.506205236946698, 5046843.03007142432034 ], [ 311729.922982623509597, 5046817.077070537954569 ], [ 311731.976802316668909, 5046790.980817026458681 ], [ 311732.66203493939247, 5046764.812838904559612 ] ] ] } },
{ "type": "Feature", "properties": { "site": 10, "transect": 10.2 }, "geometry": { "type": "Polygon", "coordinates": [ [ [ 311732.66203493939247, 5046764.812838904559612 ], [ 311731.976802316668909, 5046738.644860782660544 ], [ 311729.922982623509597, 5046712.548607271164656 ], [ 311726.506205236946698, 5046686.595606384798884 ], [ 311721.735835306288209, 5046660.856993495486677 ], [ 311715.624948083946947, 5046635.403316353447735 ], [ 311708.190293086983729, 5046610.304341716691852 ], [ 311699.452248187968507, 5046585.628864131867886 ], [ 311689.434763760713395, 5046561.444517366588116 ], [ 311678.165297033556271, 5046537.817589034326375 ], [ 311665.674736831628252, 5046514.812838904559612 ], [ 311651.997318912122864, 5046492.493321397341788 ], [ 311637.170532126852777, 5046470.92021275870502 ], [ 311621.235015667858534, 5046450.152643379755318 ], [ 311604.234447678085417, 5046430.24753572512418 ], [ 311586.215425532660447, 5046411.259448311291635 ], [ 311567.227338118827902, 5046393.240426165983081 ], [ 311547.322230464313179, 5046376.239858175627887 ], [ 311526.554661085654516, 5046360.304341716691852 ], [ 311504.981552446901333, 5046345.477554932236671 ], [ 311482.66203493939247, 5046331.800137012265623 ], [ 311459.657284809160046, 5046319.309576810337603 ], [ 311436.030356477305759, 5046308.040110083296895 ], [ 311411.846009712025989, 5046298.022625655867159 ], [ 311387.170532126852777, 5046289.284580756910145 ], [ 311362.07155749067897, 5046281.849925760179758 ], [ 311336.617880348290782, 5046275.73903853725642 ], [ 311310.879267459502444, 5046270.968668607063591 ], [ 311284.92626657319488, 5046267.551891220733523 ], [ 311258.830013060884085, 5046265.49807152710855 ], [ 311232.66203493939247, 5046264.812838904559612 ], [ 311206.494056817900855, 5046265.49807152710855 ], [ 311180.39780330559006, 5046267.551891220733523 ], [ 311154.444802419282496, 5046270.968668607063591 ], [ 311128.706189530494157, 5046275.73903853725642 ], [ 311103.25251238810597, 5046281.849925760179758 ], [ 311078.153537751932163, 5046289.284580756910145 ], [ 311053.478060166758951, 5046298.022625655867159 ], [ 311029.293713401479181, 5046308.040110083296895 ], [ 311005.666785069624893, 5046319.309576810337603 ], [ 310982.66203493939247, 5046331.800137012265623 ], [ 310960.342517431883607, 5046345.477554932236671 ], [ 310938.769408793130424, 5046360.304341716691852 ], [ 310918.00183941447176, 5046376.239858175627887 ], [ 310898.096731759957038, 5046393.240426165983081 ], [ 310879.108644346124493, 5046411.259448311291635 ], [ 310861.089622200699523, 5046430.24753572512418 ], [ 310844.089054210926406, 5046450.152643379755318 ], [ 310828.153537751932163, 5046470.92021275870502 ], [ 310813.326750966662075, 5046492.493321397341788 ], [ 310799.649333047156688, 5046514.812838904559612 ], [ 310787.158772845228668, 5046537.817589034326375 ], [ 310775.889306118071545, 5046561.444517366588116 ], [ 310765.871821690816432, 5046585.628864131867886 ], [ 310757.13377679180121, 5046610.304341716691852 ], [ 310749.699121794837993, 5046635.403316353447735 ], [ 310743.588234572496731, 5046660.856993495486677 ], [ 310738.817864641838241, 5046686.595606384798884 ], [ 310735.401087255275343, 5046712.548607271164656 ], [ 310733.347267562116031, 5046738.644860782660544 ], [ 310732.66203493939247, 5046764.812838904559612 ], [ 310733.347267562116031, 5046790.980817026458681 ], [ 310735.401087255275343, 5046817.077070537954569 ], [ 310738.817864641838241, 5046843.03007142432034 ], [ 310743.588234572496731, 5046868.768684313632548 ], [ 310749.699121794837993, 5046894.222361455671489 ], [ 310757.13377679180121, 5046919.321336092427373 ], [ 310765.871821690816432, 5046943.996813677251339 ], [ 310775.889306118071545, 5046968.181160442531109 ], [ 310787.158772845228668, 5046991.80808877479285 ], [ 310799.649333047156688, 5047014.812838904559612 ], [ 310813.326750966662075, 5047037.132356411777437 ], [ 310828.153537751932163, 5047058.705465050414205 ], [ 310844.089054210926406, 5047079.473034429363906 ], [ 310861.089622200699523, 5047099.378142083995044 ], [ 310879.108644346124493, 5047118.36622949782759 ], [ 310898.096731759957038, 5047136.385251643136144 ], [ 310918.00183941447176, 5047153.385819633491337 ], [ 310938.769408793130424, 5047169.321336092427373 ], [ 310960.342517431883607, 5047184.148122876882553 ], [ 310982.66203493939247, 5047197.825540796853602 ], [ 311005.666785069624893, 5047210.316100998781621 ], [ 311029.293713401479181, 5047221.58556772582233 ], [ 311053.478060166758951, 5047231.603052153252065 ], [ 311078.153537751932163, 5047240.341097052209079 ], [ 311103.25251238810597, 5047247.775752048939466 ], [ 311128.706189530494157, 5047253.886639271862805 ], [ 311154.444802419282496, 5047258.657009202055633 ], [ 311180.39780330559006, 5047262.073786588385701 ], [ 311206.494056817900855, 5047264.127606282010674 ], [ 311232.66203493939247, 5047264.812838904559612 ], [ 311258.830013060884085, 5047264.127606282010674 ], [ 311284.92626657319488, 5047262.073786588385701 ], [ 311310.879267459502444, 5047258.657009202055633 ], [ 311336.617880348290782, 5047253.886639271862805 ], [ 311362.07155749067897, 5047247.775752048939466 ], [ 311387.170532126852777, 5047240.341097052209079 ], [ 311411.846009712025989, 5047231.603052153252065 ], [ 311436.030356477305759, 5047221.58556772582233 ], [ 311459.657284809160046, 5047210.316100998781621 ], [ 311482.66203493939247, 5047197.825540796853602 ], [ 311504.981552446901333, 5047184.148122876882553 ], [ 311526.554661085654516, 5047169.321336092427373 ], [ 311547.322230464313179, 5047153.385819633491337 ], [ 311567.227338118827902, 5047136.385251643136144 ], [ 311586.215425532660447, 5047118.36622949782759 ], [ 311604.234447678085417, 5047099.378142083995044 ], [ 311621.235015667858534, 5047079.473034429363906 ], [ 311637.170532126852777, 5047058.705465050414205 ], [ 311651.997318912122864, 5047037.132356411777437 ], [ 311665.674736831628252, 5047014.812838904559612 ], [ 311678.165297033556271, 5046991.80808877479285 ], [ 311689.434763760713395, 5046968.181160442531109 ], [ 311699.452248187968507, 5046943.996813677251339 ], [ 311708.190293086983729, 5046919.321336092427373 ], [ 311715.624948083946947, 5046894.222361455671489 ], [ 311721.735835306288209, 5046868.768684313632548 ], [ 311726.506205236946698, 5046843.03007142432034 ], [ 311729.922982623509597, 5046817.077070537954569 ], [ 311731.976802316668909, 5046790.980817026458681 ], [ 311732.66203493939247, 5046764.812838904559612 ] ] ] } },
{ "type": "Feature", "properties": { "site": 10, "transect": 10.3 }, "geometry": { "type": "Polygon", "coordinates": [ [ [ 311596.252569667412899, 5046447.363979670219123 ], [ 311595.567337044689339, 5046421.196001548320055 ], [ 311593.513517351530027, 5046395.099748036824167 ], [ 311590.096739964967128, 5046369.146747150458395 ], [ 311585.326370034308638, 5046343.408134261146188 ], [ 311579.215482811967377, 5046317.954457119107246 ], [ 311571.780827815004159, 5046292.855482482351363 ], [ 311563.042782915988937, 5046268.180004897527397 ], [ 311553.025298488733824, 5046243.995658132247627 ], [ 311541.755831761576701, 5046220.368729799985886 ], [ 311529.265271559648681, 5046197.363979670219123 ], [ 311515.587853640143294, 5046175.044462163001299 ], [ 311500.761066854873206, 5046153.471353524364531 ], [ 311484.825550395878963, 5046132.703784145414829 ], [ 311467.824982406105846, 5046112.798676490783691 ], [ 311449.805960260680877, 5046093.810589076951146 ], [ 311430.817872846848331, 5046075.791566931642592 ], [ 311410.912765192333609, 5046058.790998941287398 ], [ 311390.145195813674945, 5046042.855482482351363 ], [ 311368.572087174921762, 5046028.028695697896183 ], [ 311346.252569667412899, 5046014.351277777925134 ], [ 311323.247819537180476, 5046001.860717575997114 ], [ 311299.620891205326188, 5045990.591250848956406 ], [ 311275.436544440046418, 5045980.57376642152667 ], [ 311250.761066854873206, 5045971.835721522569656 ], [ 311225.662092218699399, 5045964.401066525839269 ], [ 311200.208415076311212, 5045958.290179302915931 ], [ 311174.469802187522873, 5045953.519809372723103 ], [ 311148.51680130121531, 5045950.103031986393034 ], [ 311122.420547788904514, 5045948.049212292768061 ], [ 311096.252569667412899, 5045947.363979670219123 ], [ 311070.084591545921285, 5045948.049212292768061 ], [ 311043.988338033610489, 5045950.103031986393034 ], [ 311018.035337147302926, 5045953.519809372723103 ], [ 310992.296724258514587, 5045958.290179302915931 ], [ 310966.843047116126399, 5045964.401066525839269 ], [ 310941.744072479952592, 5045971.835721522569656 ], [ 310917.06859489477938, 5045980.57376642152667 ], [ 310892.884248129499611, 5045990.591250848956406 ], [ 310869.257319797645323, 5046001.860717575997114 ], [ 310846.252569667412899, 5046014.351277777925134 ], [ 310823.933052159904037, 5046028.028695697896183 ], [ 310802.359943521150853, 5046042.855482482351363 ], [ 310781.59237414249219, 5046058.790998941287398 ], [ 310761.687266487977467, 5046075.791566931642592 ], [ 310742.699179074144922, 5046093.810589076951146 ], [ 310724.680156928719953, 5046112.798676490783691 ], [ 310707.679588938946836, 5046132.703784145414829 ], [ 310691.744072479952592, 5046153.471353524364531 ], [ 310676.917285694682505, 5046175.044462163001299 ], [ 310663.239867775177117, 5046197.363979670219123 ], [ 310650.749307573249098, 5046220.368729799985886 ], [ 310639.479840846091975, 5046243.995658132247627 ], [ 310629.462356418836862, 5046268.180004897527397 ], [ 310620.72431151982164, 5046292.855482482351363 ], [ 310613.289656522858422, 5046317.954457119107246 ], [ 310607.17876930051716, 5046343.408134261146188 ], [ 310602.408399369858671, 5046369.146747150458395 ], [ 310598.991621983295772, 5046395.099748036824167 ], [ 310596.93780229013646, 5046421.196001548320055 ], [ 310596.252569667412899, 5046447.363979670219123 ], [ 310596.93780229013646, 5046473.531957792118192 ], [ 310598.991621983295772, 5046499.62821130361408 ], [ 310602.408399369858671, 5046525.581212189979851 ], [ 310607.17876930051716, 5046551.319825079292059 ], [ 310613.289656522858422, 5046576.773502221331 ], [ 310620.72431151982164, 5046601.872476858086884 ], [ 310629.462356418836862, 5046626.54795444291085 ], [ 310639.479840846091975, 5046650.73230120819062 ], [ 310650.749307573249098, 5046674.359229540452361 ], [ 310663.239867775177117, 5046697.363979670219123 ], [ 310676.917285694682505, 5046719.683497177436948 ], [ 310691.744072479952592, 5046741.256605816073716 ], [ 310707.679588938946836, 5046762.024175195023417 ], [ 310724.680156928719953, 5046781.929282849654555 ], [ 310742.699179074144922, 5046800.917370263487101 ], [ 310761.687266487977467, 5046818.936392408795655 ], [ 310781.59237414249219, 5046835.936960399150848 ], [ 310802.359943521150853, 5046851.872476858086884 ], [ 310823.933052159904037, 5046866.699263642542064 ], [ 310846.252569667412899, 5046880.376681562513113 ], [ 310869.257319797645323, 5046892.867241764441133 ], [ 310892.884248129499611, 5046904.136708491481841 ], [ 310917.06859489477938, 5046914.154192918911576 ], [ 310941.744072479952592, 5046922.89223781786859 ], [ 310966.843047116126399, 5046930.326892814598978 ], [ 310992.296724258514587, 5046936.437780037522316 ], [ 311018.035337147302926, 5046941.208149967715144 ], [ 311043.988338033610489, 5046944.624927354045212 ], [ 311070.084591545921285, 5046946.678747047670186 ], [ 311096.252569667412899, 5046947.363979670219123 ], [ 311122.420547788904514, 5046946.678747047670186 ], [ 311148.51680130121531, 5046944.624927354045212 ], [ 311174.469802187522873, 5046941.208149967715144 ], [ 311200.208415076311212, 5046936.437780037522316 ], [ 311225.662092218699399, 5046930.326892814598978 ], [ 311250.761066854873206, 5046922.89223781786859 ], [ 311275.436544440046418, 5046914.154192918911576 ], [ 311299.620891205326188, 5046904.136708491481841 ], [ 311323.247819537180476, 5046892.867241764441133 ], [ 311346.252569667412899, 5046880.376681562513113 ], [ 311368.572087174921762, 5046866.699263642542064 ], [ 311390.145195813674945, 5046851.872476858086884 ], [ 311410.912765192333609, 5046835.936960399150848 ], [ 311430.817872846848331, 5046818.936392408795655 ], [ 311449.805960260680877, 5046800.917370263487101 ], [ 311467.824982406105846, 5046781.929282849654555 ], [ 311484.825550395878963, 5046762.024175195023417 ], [ 311500.761066854873206, 5046741.256605816073716 ], [ 311515.587853640143294, 5046719.683497177436948 ], [ 311529.265271559648681, 5046697.363979670219123 ], [ 311541.755831761576701, 5046674.359229540452361 ], [ 311553.025298488733824, 5046650.73230120819062 ], [ 311563.042782915988937, 5046626.54795444291085 ], [ 311571.780827815004159, 5046601.872476858086884 ], [ 311579.215482811967377, 5046576.773502221331 ], [ 311585.326370034308638, 5046551.319825079292059 ], [ 311590.096739964967128, 5046525.581212189979851 ], [ 311593.513517351530027, 5046499.62821130361408 ], [ 311595.567337044689339, 5046473.531957792118192 ], [ 311596.252569667412899, 5046447.363979670219123 ] ] ] } },
{ "type": "Feature", "properties": { "site": 10, "transect": 10.4 }, "geometry": { "type": "Polygon", "coordinates": [ [ [ 311596.585188780212775, 5046458.390279234386981 ], [ 311595.899956157489214, 5046432.222301112487912 ], [ 311593.846136464329902, 5046406.126047600992024 ], [ 311590.429359077767003, 5046380.173046714626253 ], [ 311585.658989147108514, 5046354.434433825314045 ], [ 311579.548101924767252, 5046328.980756683275104 ], [ 311572.113446927804034, 5046303.88178204651922 ], [ 311563.375402028788812, 5046279.206304461695254 ], [ 311553.3579176015337, 5046255.021957696415484 ], [ 311542.088450874376576, 5046231.395029364153743 ], [ 311529.597890672448557, 5046208.390279234386981 ], [ 311515.920472752943169, 5046186.070761727169156 ], [ 311501.093685967673082, 5046164.497653088532388 ], [ 311485.158169508678839, 5046143.730083709582686 ], [ 311468.157601518905722, 5046123.824976054951549 ], [ 311450.138579373480752, 5046104.836888641119003 ], [ 311431.150491959648207, 5046086.817866495810449 ], [ 311411.245384305133484, 5046069.817298505455256 ], [ 311390.477814926474821, 5046053.88178204651922 ], [ 311368.904706287721638, 5046039.05499526206404 ], [ 311346.585188780212775, 5046025.377577342092991 ], [ 311323.580438649980351, 5046012.887017140164971 ], [ 311299.953510318126064, 5046001.617550413124263 ], [ 311275.769163552846294, 5045991.600065985694528 ], [ 311251.093685967673082, 5045982.862021086737514 ], [ 311225.994711331499275, 5045975.427366090007126 ], [ 311200.541034189111087, 5045969.316478867083788 ], [ 311174.802421300322749, 5045964.54610893689096 ], [ 311148.849420414015185, 5045961.129331550560892 ], [ 311122.75316690170439, 5045959.075511856935918 ], [ 311096.585188780212775, 5045958.390279234386981 ], [ 311070.41721065872116, 5045959.075511856935918 ], [ 311044.320957146410365, 5045961.129331550560892 ], [ 311018.367956260102801, 5045964.54610893689096 ], [ 310992.629343371314462, 5045969.316478867083788 ], [ 310967.175666228926275, 5045975.427366090007126 ], [ 310942.076691592752468, 5045982.862021086737514 ], [ 310917.401214007579256, 5045991.600065985694528 ], [ 310893.216867242299486, 5046001.617550413124263 ], [ 310869.589938910445198, 5046012.887017140164971 ], [ 310846.585188780212775, 5046025.377577342092991 ], [ 310824.265671272703912, 5046039.05499526206404 ], [ 310802.692562633950729, 5046053.88178204651922 ], [ 310781.924993255292065, 5046069.817298505455256 ], [ 310762.019885600777343, 5046086.817866495810449 ], [ 310743.031798186944798, 5046104.836888641119003 ], [ 310725.012776041519828, 5046123.824976054951549 ], [ 310708.012208051746711, 5046143.730083709582686 ], [ 310692.076691592752468, 5046164.497653088532388 ], [ 310677.24990480748238, 5046186.070761727169156 ], [ 310663.572486887976993, 5046208.390279234386981 ], [ 310651.081926686048973, 5046231.395029364153743 ], [ 310639.81245995889185, 5046255.021957696415484 ], [ 310629.794975531636737, 5046279.206304461695254 ], [ 310621.056930632621516, 5046303.88178204651922 ], [ 310613.622275635658298, 5046328.980756683275104 ], [ 310607.511388413317036, 5046354.434433825314045 ], [ 310602.741018482658546, 5046380.173046714626253 ], [ 310599.324241096095648, 5046406.126047600992024 ], [ 310597.270421402936336, 5046432.222301112487912 ], [ 310596.585188780212775, 5046458.390279234386981 ], [ 310597.270421402936336, 5046484.558257356286049 ], [ 310599.324241096095648, 5046510.654510867781937 ], [ 310602.741018482658546, 5046536.607511754147708 ], [ 310607.511388413317036, 5046562.346124643459916 ], [ 310613.622275635658298, 5046587.799801785498857 ], [ 310621.056930632621516, 5046612.898776422254741 ], [ 310629.794975531636737, 5046637.574254007078707 ], [ 310639.81245995889185, 5046661.758600772358477 ], [ 310651.081926686048973, 5046685.385529104620218 ], [ 310663.572486887976993, 5046708.390279234386981 ], [ 310677.24990480748238, 5046730.709796741604805 ], [ 310692.076691592752468, 5046752.282905380241573 ], [ 310708.012208051746711, 5046773.050474759191275 ], [ 310725.012776041519828, 5046792.955582413822412 ], [ 310743.031798186944798, 5046811.943669827654958 ], [ 310762.019885600777343, 5046829.962691972963512 ], [ 310781.924993255292065, 5046846.963259963318706 ], [ 310802.692562633950729, 5046862.898776422254741 ], [ 310824.265671272703912, 5046877.725563206709921 ], [ 310846.585188780212775, 5046891.40298112668097 ], [ 310869.589938910445198, 5046903.89354132860899 ], [ 310893.216867242299486, 5046915.163008055649698 ], [ 310917.401214007579256, 5046925.180492483079433 ], [ 310942.076691592752468, 5046933.918537382036448 ], [ 310967.175666228926275, 5046941.353192378766835 ], [ 310992.629343371314462, 5046947.464079601690173 ], [ 311018.367956260102801, 5046952.234449531883001 ], [ 311044.320957146410365, 5046955.651226918213069 ], [ 311070.41721065872116, 5046957.705046611838043 ], [ 311096.585188780212775, 5046958.390279234386981 ], [ 311122.75316690170439, 5046957.705046611838043 ], [ 311148.849420414015185, 5046955.651226918213069 ], [ 311174.802421300322749, 5046952.234449531883001 ], [ 311200.541034189111087, 5046947.464079601690173 ], [ 311225.994711331499275, 5046941.353192378766835 ], [ 311251.093685967673082, 5046933.918537382036448 ], [ 311275.769163552846294, 5046925.180492483079433 ], [ 311299.953510318126064, 5046915.163008055649698 ], [ 311323.580438649980351, 5046903.89354132860899 ], [ 311346.585188780212775, 5046891.40298112668097 ], [ 311368.904706287721638, 5046877.725563206709921 ], [ 311390.477814926474821, 5046862.898776422254741 ], [ 311411.245384305133484, 5046846.963259963318706 ], [ 311431.150491959648207, 5046829.962691972963512 ], [ 311450.138579373480752, 5046811.943669827654958 ], [ 311468.157601518905722, 5046792.955582413822412 ], [ 311485.158169508678839, 5046773.050474759191275 ], [ 311501.093685967673082, 5046752.282905380241573 ], [ 311515.920472752943169, 5046730.709796741604805 ], [ 311529.597890672448557, 5046708.390279234386981 ], [ 311542.088450874376576, 5046685.385529104620218 ], [ 311553.3579176015337, 5046661.758600772358477 ], [ 311563.375402028788812, 5046637.574254007078707 ], [ 311572.113446927804034, 5046612.898776422254741 ], [ 311579.548101924767252, 5046587.799801785498857 ], [ 311585.658989147108514, 5046562.346124643459916 ], [ 311590.429359077767003, 5046536.607511754147708 ], [ 311593.846136464329902, 5046510.654510867781937 ], [ 311595.899956157489214, 5046484.558257356286049 ], [ 311596.585188780212775, 5046458.390279234386981 ] ] ] } },
{ "type": "Feature", "properties": { "site": 11, "transect": 11.1 }, "geometry": { "type": "Polygon", "coordinates": [ [ [ 420555.847982786712237, 5068599.058116119354963 ], [ 420555.162750163988676, 5068572.890137997455895 ], [ 420553.108930470829364, 5068546.793884485960007 ], [ 420549.692153084266465, 5068520.840883599594235 ], [ 420544.921783153607976, 5068495.102270710282028 ], [ 420538.810895931266714, 5068469.648593568243086 ], [ 420531.376240934303496, 5068444.549618931487203 ], [ 420522.638196035288274, 5068419.874141346663237 ], [ 420512.620711608033162, 5068395.689794581383467 ], [ 420501.351244880876038, 5068372.062866249121726 ], [ 420488.860684678948019, 5068349.058116119354963 ], [ 420475.183266759442631, 5068326.738598612137139 ], [ 420460.356479974172544, 5068305.165489973500371 ], [ 420444.4209635151783, 5068284.397920594550669 ], [ 420427.420395525405183, 5068264.492812939919531 ], [ 420409.401373379980214, 5068245.504725526086986 ], [ 420390.413285966147669, 5068227.485703380778432 ], [ 420370.508178311632946, 5068210.485135390423238 ], [ 420349.740608932974283, 5068194.549618931487203 ], [ 420328.167500294221099, 5068179.722832147032022 ], [ 420305.847982786712237, 5068166.045414227060974 ], [ 420282.843232656479813, 5068153.554854025132954 ], [ 420259.216304324625526, 5068142.285387298092246 ], [ 420235.031957559345756, 5068132.26790287066251 ], [ 420210.356479974172544, 5068123.529857971705496 ], [ 420185.257505337998737, 5068116.095202974975109 ], [ 420159.803828195610549, 5068109.984315752051771 ], [ 420134.065215306822211, 5068105.213945821858943 ], [ 420108.112214420514647, 5068101.797168435528874 ], [ 420082.015960908203851, 5068099.743348741903901 ], [ 420055.847982786712237, 5068099.058116119354963 ], [ 420029.680004665220622, 5068099.743348741903901 ], [ 420003.583751152909826, 5068101.797168435528874 ], [ 419977.630750266602263, 5068105.213945821858943 ], [ 419951.892137377813924, 5068109.984315752051771 ], [ 419926.438460235425737, 5068116.095202974975109 ], [ 419901.33948559925193, 5068123.529857971705496 ], [ 419876.664008014078718, 5068132.26790287066251 ], [ 419852.479661248798948, 5068142.285387298092246 ], [ 419828.85273291694466, 5068153.554854025132954 ], [ 419805.847982786712237, 5068166.045414227060974 ], [ 419783.528465279203374, 5068179.722832147032022 ], [ 419761.955356640450191, 5068194.549618931487203 ], [ 419741.187787261791527, 5068210.485135390423238 ], [ 419721.282679607276805, 5068227.485703380778432 ], [ 419702.294592193444259, 5068245.504725526086986 ], [ 419684.27557004801929, 5068264.492812939919531 ], [ 419667.275002058246173, 5068284.397920594550669 ], [ 419651.33948559925193, 5068305.165489973500371 ], [ 419636.512698813981842, 5068326.738598612137139 ], [ 419622.835280894476455, 5068349.058116119354963 ], [ 419610.344720692548435, 5068372.062866249121726 ], [ 419599.075253965391312, 5068395.689794581383467 ], [ 419589.057769538136199, 5068419.874141346663237 ], [ 419580.319724639120977, 5068444.549618931487203 ], [ 419572.88506964215776, 5068469.648593568243086 ], [ 419566.774182419816498, 5068495.102270710282028 ], [ 419562.003812489158008, 5068520.840883599594235 ], [ 419558.587035102595109, 5068546.793884485960007 ], [ 419556.533215409435797, 5068572.890137997455895 ], [ 419555.847982786712237, 5068599.058116119354963 ], [ 419556.533215409435797, 5068625.226094241254032 ], [ 419558.587035102595109, 5068651.32234775274992 ], [ 419562.003812489158008, 5068677.275348639115691 ], [ 419566.774182419816498, 5068703.013961528427899 ], [ 419572.88506964215776, 5068728.46763867046684 ], [ 419580.319724639120977, 5068753.566613307222724 ], [ 419589.057769538136199, 5068778.24209089204669 ], [ 419599.075253965391312, 5068802.42643765732646 ], [ 419610.344720692548435, 5068826.053365989588201 ], [ 419622.835280894476455, 5068849.058116119354963 ], [ 419636.512698813981842, 5068871.377633626572788 ], [ 419651.33948559925193, 5068892.950742265209556 ], [ 419667.275002058246173, 5068913.718311644159257 ], [ 419684.27557004801929, 5068933.623419298790395 ], [ 419702.294592193444259, 5068952.611506712622941 ], [ 419721.282679607276805, 5068970.630528857931495 ], [ 419741.187787261791527, 5068987.631096848286688 ], [ 419761.955356640450191, 5069003.566613307222724 ], [ 419783.528465279203374, 5069018.393400091677904 ], [ 419805.847982786712237, 5069032.070818011648953 ], [ 419828.85273291694466, 5069044.561378213576972 ], [ 419852.479661248798948, 5069055.830844940617681 ], [ 419876.664008014078718, 5069065.848329368047416 ], [ 419901.33948559925193, 5069074.58637426700443 ], [ 419926.438460235425737, 5069082.021029263734818 ], [ 419951.892137377813924, 5069088.131916486658156 ], [ 419977.630750266602263, 5069092.902286416850984 ], [ 420003.583751152909826, 5069096.319063803181052 ], [ 420029.680004665220622, 5069098.372883496806026 ], [ 420055.847982786712237, 5069099.058116119354963 ], [ 420082.015960908203851, 5069098.372883496806026 ], [ 420108.112214420514647, 5069096.319063803181052 ], [ 420134.065215306822211, 5069092.902286416850984 ], [ 420159.803828195610549, 5069088.131916486658156 ], [ 420185.257505337998737, 5069082.021029263734818 ], [ 420210.356479974172544, 5069074.58637426700443 ], [ 420235.031957559345756, 5069065.848329368047416 ], [ 420259.216304324625526, 5069055.830844940617681 ], [ 420282.843232656479813, 5069044.561378213576972 ], [ 420305.847982786712237, 5069032.070818011648953 ], [ 420328.167500294221099, 5069018.393400091677904 ], [ 420349.740608932974283, 5069003.566613307222724 ], [ 420370.508178311632946, 5068987.631096848286688 ], [ 420390.413285966147669, 5068970.630528857931495 ], [ 420409.401373379980214, 5068952.611506712622941 ], [ 420427.420395525405183, 5068933.623419298790395 ], [ 420444.4209635151783, 5068913.718311644159257 ], [ 420460.356479974172544, 5068892.950742265209556 ], [ 420475.183266759442631, 5068871.377633626572788 ], [ 420488.860684678948019, 5068849.058116119354963 ], [ 420501.351244880876038, 5068826.053365989588201 ], [ 420512.620711608033162, 5068802.42643765732646 ], [ 420522.638196035288274, 5068778.24209089204669 ], [ 420531.376240934303496, 5068753.566613307222724 ], [ 420538.810895931266714, 5068728.46763867046684 ], [ 420544.921783153607976, 5068703.013961528427899 ], [ 420549.692153084266465, 5068677.275348639115691 ], [ 420553.108930470829364, 5068651.32234775274992 ], [ 420555.162750163988676, 5068625.226094241254032 ], [ 420555.847982786712237, 5068599.058116119354963 ] ] ] } },
{ "type": "Feature", "properties": { "site": 11, "transect": 11.2 }, "geometry": { "type": "Polygon", "coordinates": [ [ [ 420465.124132663186174, 5068599.641955625265837 ], [ 420464.438900040462613, 5068573.473977503366768 ], [ 420462.385080347303301, 5068547.37772399187088 ], [ 420458.968302960740402, 5068521.424723105505109 ], [ 420454.197933030081913, 5068495.686110216192901 ], [ 420448.087045807740651, 5068470.23243307415396 ], [ 420440.652390810777433, 5068445.133458437398076 ], [ 420431.914345911762211, 5068420.45798085257411 ], [ 420421.896861484507099, 5068396.27363408729434 ], [ 420410.627394757349975, 5068372.646705755032599 ], [ 420398.136834555421956, 5068349.641955625265837 ], [ 420384.459416635916568, 5068327.322438118048012 ], [ 420369.632629850646481, 5068305.749329479411244 ], [ 420353.697113391652238, 5068284.981760100461543 ], [ 420336.696545401879121, 5068265.076652445830405 ], [ 420318.677523256454151, 5068246.088565031997859 ], [ 420299.689435842621606, 5068228.069542886689305 ], [ 420279.784328188106883, 5068211.068974896334112 ], [ 420259.01675880944822, 5068195.133458437398076 ], [ 420237.443650170695037, 5068180.306671652942896 ], [ 420215.124132663186174, 5068166.629253732971847 ], [ 420192.11938253295375, 5068154.138693531043828 ], [ 420168.492454201099463, 5068142.869226804003119 ], [ 420144.308107435819693, 5068132.851742376573384 ], [ 420119.632629850646481, 5068124.11369747761637 ], [ 420094.533655214472674, 5068116.679042480885983 ], [ 420069.079978072084486, 5068110.568155257962644 ], [ 420043.341365183296148, 5068105.797785327769816 ], [ 420017.388364296988584, 5068102.381007941439748 ], [ 419991.292110784677789, 5068100.327188247814775 ], [ 419965.124132663186174, 5068099.641955625265837 ], [ 419938.956154541694559, 5068100.327188247814775 ], [ 419912.859901029383764, 5068102.381007941439748 ], [ 419886.9069001430762, 5068105.797785327769816 ], [ 419861.168287254287861, 5068110.568155257962644 ], [ 419835.714610111899674, 5068116.679042480885983 ], [ 419810.615635475725867, 5068124.11369747761637 ], [ 419785.940157890552655, 5068132.851742376573384 ], [ 419761.755811125272885, 5068142.869226804003119 ], [ 419738.128882793418597, 5068154.138693531043828 ], [ 419715.124132663186174, 5068166.629253732971847 ], [ 419692.804615155677311, 5068180.306671652942896 ], [ 419671.231506516924128, 5068195.133458437398076 ], [ 419650.463937138265464, 5068211.068974896334112 ], [ 419630.558829483750742, 5068228.069542886689305 ], [ 419611.570742069918197, 5068246.088565031997859 ], [ 419593.551719924493227, 5068265.076652445830405 ], [ 419576.55115193472011, 5068284.981760100461543 ], [ 419560.615635475725867, 5068305.749329479411244 ], [ 419545.788848690455779, 5068327.322438118048012 ], [ 419532.111430770950392, 5068349.641955625265837 ], [ 419519.620870569022372, 5068372.646705755032599 ], [ 419508.351403841865249, 5068396.27363408729434 ], [ 419498.333919414610136, 5068420.45798085257411 ], [ 419489.595874515594915, 5068445.133458437398076 ], [ 419482.161219518631697, 5068470.23243307415396 ], [ 419476.050332296290435, 5068495.686110216192901 ], [ 419471.279962365631945, 5068521.424723105505109 ], [ 419467.863184979069047, 5068547.37772399187088 ], [ 419465.809365285909735, 5068573.473977503366768 ], [ 419465.124132663186174, 5068599.641955625265837 ], [ 419465.809365285909735, 5068625.809933747164905 ], [ 419467.863184979069047, 5068651.906187258660793 ], [ 419471.279962365631945, 5068677.859188145026565 ], [ 419476.050332296290435, 5068703.597801034338772 ], [ 419482.161219518631697, 5068729.051478176377714 ], [ 419489.595874515594915, 5068754.150452813133597 ], [ 419498.333919414610136, 5068778.825930397957563 ], [ 419508.351403841865249, 5068803.010277163237333 ], [ 419519.620870569022372, 5068826.637205495499074 ], [ 419532.111430770950392, 5068849.641955625265837 ], [ 419545.788848690455779, 5068871.961473132483661 ], [ 419560.615635475725867, 5068893.534581771120429 ], [ 419576.55115193472011, 5068914.302151150070131 ], [ 419593.551719924493227, 5068934.207258804701269 ], [ 419611.570742069918197, 5068953.195346218533814 ], [ 419630.558829483750742, 5068971.214368363842368 ], [ 419650.463937138265464, 5068988.214936354197562 ], [ 419671.231506516924128, 5069004.150452813133597 ], [ 419692.804615155677311, 5069018.977239597588778 ], [ 419715.124132663186174, 5069032.654657517559826 ], [ 419738.128882793418597, 5069045.145217719487846 ], [ 419761.755811125272885, 5069056.414684446528554 ], [ 419785.940157890552655, 5069066.43216887395829 ], [ 419810.615635475725867, 5069075.170213772915304 ], [ 419835.714610111899674, 5069082.604868769645691 ], [ 419861.168287254287861, 5069088.715755992569029 ], [ 419886.9069001430762, 5069093.486125922761858 ], [ 419912.859901029383764, 5069096.902903309091926 ], [ 419938.956154541694559, 5069098.956723002716899 ], [ 419965.124132663186174, 5069099.641955625265837 ], [ 419991.292110784677789, 5069098.956723002716899 ], [ 420017.388364296988584, 5069096.902903309091926 ], [ 420043.341365183296148, 5069093.486125922761858 ], [ 420069.079978072084486, 5069088.715755992569029 ], [ 420094.533655214472674, 5069082.604868769645691 ], [ 420119.632629850646481, 5069075.170213772915304 ], [ 420144.308107435819693, 5069066.43216887395829 ], [ 420168.492454201099463, 5069056.414684446528554 ], [ 420192.11938253295375, 5069045.145217719487846 ], [ 420215.124132663186174, 5069032.654657517559826 ], [ 420237.443650170695037, 5069018.977239597588778 ], [ 420259.01675880944822, 5069004.150452813133597 ], [ 420279.784328188106883, 5068988.214936354197562 ], [ 420299.689435842621606, 5068971.214368363842368 ], [ 420318.677523256454151, 5068953.195346218533814 ], [ 420336.696545401879121, 5068934.207258804701269 ], [ 420353.697113391652238, 5068914.302151150070131 ], [ 420369.632629850646481, 5068893.534581771120429 ], [ 420384.459416635916568, 5068871.961473132483661 ], [ 420398.136834555421956, 5068849.641955625265837 ], [ 420410.627394757349975, 5068826.637205495499074 ], [ 420421.896861484507099, 5068803.010277163237333 ], [ 420431.914345911762211, 5068778.825930397957563 ], [ 420440.652390810777433, 5068754.150452813133597 ], [ 420448.087045807740651, 5068729.051478176377714 ], [ 420454.197933030081913, 5068703.597801034338772 ], [ 420458.968302960740402, 5068677.859188145026565 ], [ 420462.385080347303301, 5068651.906187258660793 ], [ 420464.438900040462613, 5068625.809933747164905 ], [ 420465.124132663186174, 5068599.641955625265837 ] ] ] } },
{ "type": "Feature", "properties": { "site": 11, "transect": 11.3 }, "geometry": { "type": "Polygon", "coordinates": [ [ [ 420517.370661525870673, 5068648.890373821370304 ], [ 420516.685428903147113, 5068622.722395699471235 ], [ 420514.631609209987801, 5068596.626142187975347 ], [ 420511.214831823424902, 5068570.673141301609576 ], [ 420506.444461892766412, 5068544.934528412297368 ], [ 420500.333574670425151, 5068519.480851270258427 ], [ 420492.898919673461933, 5068494.381876633502543 ], [ 420484.160874774446711, 5068469.706399048678577 ], [ 420474.143390347191598, 5068445.522052283398807 ], [ 420462.873923620034475, 5068421.895123951137066 ], [ 420450.383363418106455, 5068398.890373821370304 ], [ 420436.705945498601068, 5068376.570856314152479 ], [ 420421.87915871333098, 5068354.997747675515711 ], [ 420405.943642254336737, 5068334.23017829656601 ], [ 420388.94307426456362, 5068314.325070641934872 ], [ 420370.924052119138651, 5068295.336983228102326 ], [ 420351.935964705306105, 5068277.317961082793772 ], [ 420332.030857050791383, 5068260.317393092438579 ], [ 420311.263287672132719, 5068244.381876633502543 ], [ 420289.690179033379536, 5068229.555089849047363 ], [ 420267.370661525870673, 5068215.877671929076314 ], [ 420244.36591139563825, 5068203.387111727148294 ], [ 420220.738983063783962, 5068192.117645000107586 ], [ 420196.554636298504192, 5068182.100160572677851 ], [ 420171.87915871333098, 5068173.362115673720837 ], [ 420146.780184077157173, 5068165.927460676990449 ], [ 420121.326506934768986, 5068159.816573454067111 ], [ 420095.587894045980647, 5068155.046203523874283 ], [ 420069.634893159673084, 5068151.629426137544215 ], [ 420043.538639647362288, 5068149.575606443919241 ], [ 420017.370661525870673, 5068148.890373821370304 ], [ 419991.202683404379059, 5068149.575606443919241 ], [ 419965.106429892068263, 5068151.629426137544215 ], [ 419939.1534290057607, 5068155.046203523874283 ], [ 419913.414816116972361, 5068159.816573454067111 ], [ 419887.961138974584173, 5068165.927460676990449 ], [ 419862.862164338410366, 5068173.362115673720837 ], [ 419838.186686753237154, 5068182.100160572677851 ], [ 419814.002339987957384, 5068192.117645000107586 ], [ 419790.375411656103097, 5068203.387111727148294 ], [ 419767.370661525870673, 5068215.877671929076314 ], [ 419745.051144018361811, 5068229.555089849047363 ], [ 419723.478035379608627, 5068244.381876633502543 ], [ 419702.710466000949964, 5068260.317393092438579 ], [ 419682.805358346435241, 5068277.317961082793772 ], [ 419663.817270932602696, 5068295.336983228102326 ], [ 419645.798248787177727, 5068314.325070641934872 ], [ 419628.79768079740461, 5068334.23017829656601 ], [ 419612.862164338410366, 5068354.997747675515711 ], [ 419598.035377553140279, 5068376.570856314152479 ], [ 419584.357959633634891, 5068398.890373821370304 ], [ 419571.867399431706872, 5068421.895123951137066 ], [ 419560.597932704549748, 5068445.522052283398807 ], [ 419550.580448277294636, 5068469.706399048678577 ], [ 419541.842403378279414, 5068494.381876633502543 ], [ 419534.407748381316196, 5068519.480851270258427 ], [ 419528.296861158974934, 5068544.934528412297368 ], [ 419523.526491228316445, 5068570.673141301609576 ], [ 419520.109713841753546, 5068596.626142187975347 ], [ 419518.055894148594234, 5068622.722395699471235 ], [ 419517.370661525870673, 5068648.890373821370304 ], [ 419518.055894148594234, 5068675.058351943269372 ], [ 419520.109713841753546, 5068701.15460545476526 ], [ 419523.526491228316445, 5068727.107606341131032 ], [ 419528.296861158974934, 5068752.846219230443239 ], [ 419534.407748381316196, 5068778.299896372482181 ], [ 419541.842403378279414, 5068803.398871009238064 ], [ 419550.580448277294636, 5068828.07434859406203 ], [ 419560.597932704549748, 5068852.2586953593418 ], [ 419571.867399431706872, 5068875.885623691603541 ], [ 419584.357959633634891, 5068898.890373821370304 ], [ 419598.035377553140279, 5068921.209891328588128 ], [ 419612.862164338410366, 5068942.782999967224896 ], [ 419628.79768079740461, 5068963.550569346174598 ], [ 419645.798248787177727, 5068983.455677000805736 ], [ 419663.817270932602696, 5069002.443764414638281 ], [ 419682.805358346435241, 5069020.462786559946835 ], [ 419702.710466000949964, 5069037.463354550302029 ], [ 419723.478035379608627, 5069053.398871009238064 ], [ 419745.051144018361811, 5069068.225657793693244 ], [ 419767.370661525870673, 5069081.903075713664293 ], [ 419790.375411656103097, 5069094.393635915592313 ], [ 419814.002339987957384, 5069105.663102642633021 ], [ 419838.186686753237154, 5069115.680587070062757 ], [ 419862.862164338410366, 5069124.418631969019771 ], [ 419887.961138974584173, 5069131.853286965750158 ], [ 419913.414816116972361, 5069137.964174188673496 ], [ 419939.1534290057607, 5069142.734544118866324 ], [ 419965.106429892068263, 5069146.151321505196393 ], [ 419991.202683404379059, 5069148.205141198821366 ], [ 420017.370661525870673, 5069148.890373821370304 ], [ 420043.538639647362288, 5069148.205141198821366 ], [ 420069.634893159673084, 5069146.151321505196393 ], [ 420095.587894045980647, 5069142.734544118866324 ], [ 420121.326506934768986, 5069137.964174188673496 ], [ 420146.780184077157173, 5069131.853286965750158 ], [ 420171.87915871333098, 5069124.418631969019771 ], [ 420196.554636298504192, 5069115.680587070062757 ], [ 420220.738983063783962, 5069105.663102642633021 ], [ 420244.36591139563825, 5069094.393635915592313 ], [ 420267.370661525870673, 5069081.903075713664293 ], [ 420289.690179033379536, 5069068.225657793693244 ], [ 420311.263287672132719, 5069053.398871009238064 ], [ 420332.030857050791383, 5069037.463354550302029 ], [ 420351.935964705306105, 5069020.462786559946835 ], [ 420370.924052119138651, 5069002.443764414638281 ], [ 420388.94307426456362, 5068983.455677000805736 ], [ 420405.943642254336737, 5068963.550569346174598 ], [ 420421.87915871333098, 5068942.782999967224896 ], [ 420436.705945498601068, 5068921.209891328588128 ], [ 420450.383363418106455, 5068898.890373821370304 ], [ 420462.873923620034475, 5068875.885623691603541 ], [ 420474.143390347191598, 5068852.2586953593418 ], [ 420484.160874774446711, 5068828.07434859406203 ], [ 420492.898919673461933, 5068803.398871009238064 ], [ 420500.333574670425151, 5068778.299896372482181 ], [ 420506.444461892766412, 5068752.846219230443239 ], [ 420511.214831823424902, 5068727.107606341131032 ], [ 420514.631609209987801, 5068701.15460545476526 ], [ 420516.685428903147113, 5068675.058351943269372 ], [ 420517.370661525870673, 5068648.890373821370304 ] ] ] } },
{ "type": "Feature", "properties": { "site": 11, "transect": 11.4 }, "geometry": { "type": "Polygon", "coordinates": [ [ [ 420516.681690200639423, 5068526.29695660341531 ], [ 420515.996457577915862, 5068500.128978481516242 ], [ 420513.94263788475655, 5068474.032724970020354 ], [ 420510.525860498193651, 5068448.079724083654583 ], [ 420505.755490567535162, 5068422.341111194342375 ], [ 420499.6446033451939, 5068396.887434052303433 ], [ 420492.209948348230682, 5068371.78845941554755 ], [ 420483.471903449215461, 5068347.112981830723584 ], [ 420473.454419021960348, 5068322.928635065443814 ], [ 420462.184952294803225, 5068299.301706733182073 ], [ 420449.694392092875205, 5068276.29695660341531 ], [ 420436.016974173369817, 5068253.977439096197486 ], [ 420421.19018738809973, 5068232.404330457560718 ], [ 420405.254670929105487, 5068211.636761078611016 ], [ 420388.25410293933237, 5068191.731653423979878 ], [ 420370.2350807939074, 5068172.743566010147333 ], [ 420351.246993380074855, 5068154.724543864838779 ], [ 420331.341885725560132, 5068137.723975874483585 ], [ 420310.574316346901469, 5068121.78845941554755 ], [ 420289.001207708148286, 5068106.96167263109237 ], [ 420266.681690200639423, 5068093.284254711121321 ], [ 420243.676940070406999, 5068080.793694509193301 ], [ 420220.050011738552712, 5068069.524227782152593 ], [ 420195.865664973272942, 5068059.506743354722857 ], [ 420171.19018738809973, 5068050.768698455765843 ], [ 420146.091212751925923, 5068043.334043459035456 ], [ 420120.637535609537736, 5068037.223156236112118 ], [ 420094.898922720749397, 5068032.45278630591929 ], [ 420068.945921834441833, 5068029.036008919589221 ], [ 420042.849668322131038, 5068026.982189225964248 ], [ 420016.681690200639423, 5068026.29695660341531 ], [ 419990.513712079147808, 5068026.982189225964248 ], [ 419964.417458566837013, 5068029.036008919589221 ], [ 419938.464457680529449, 5068032.45278630591929 ], [ 419912.72584479174111, 5068037.223156236112118 ], [ 419887.272167649352923, 5068043.334043459035456 ], [ 419862.173193013179116, 5068050.768698455765843 ], [ 419837.497715428005904, 5068059.506743354722857 ], [ 419813.313368662726134, 5068069.524227782152593 ], [ 419789.686440330871847, 5068080.793694509193301 ], [ 419766.681690200639423, 5068093.284254711121321 ], [ 419744.36217269313056, 5068106.96167263109237 ], [ 419722.789064054377377, 5068121.78845941554755 ], [ 419702.021494675718714, 5068137.723975874483585 ], [ 419682.116387021203991, 5068154.724543864838779 ], [ 419663.128299607371446, 5068172.743566010147333 ], [ 419645.109277461946476, 5068191.731653423979878 ], [ 419628.108709472173359, 5068211.636761078611016 ], [ 419612.173193013179116, 5068232.404330457560718 ], [ 419597.346406227909029, 5068253.977439096197486 ], [ 419583.668988308403641, 5068276.29695660341531 ], [ 419571.178428106475621, 5068299.301706733182073 ], [ 419559.908961379318498, 5068322.928635065443814 ], [ 419549.891476952063385, 5068347.112981830723584 ], [ 419541.153432053048164, 5068371.78845941554755 ], [ 419533.718777056084946, 5068396.887434052303433 ], [ 419527.607889833743684, 5068422.341111194342375 ], [ 419522.837519903085195, 5068448.079724083654583 ], [ 419519.420742516522296, 5068474.032724970020354 ], [ 419517.366922823362984, 5068500.128978481516242 ], [ 419516.681690200639423, 5068526.29695660341531 ], [ 419517.366922823362984, 5068552.464934725314379 ], [ 419519.420742516522296, 5068578.561188236810267 ], [ 419522.837519903085195, 5068604.514189123176038 ], [ 419527.607889833743684, 5068630.252802012488246 ], [ 419533.718777056084946, 5068655.706479154527187 ], [ 419541.153432053048164, 5068680.805453791283071 ], [ 419549.891476952063385, 5068705.480931376107037 ], [ 419559.908961379318498, 5068729.665278141386807 ], [ 419571.178428106475621, 5068753.292206473648548 ], [ 419583.668988308403641, 5068776.29695660341531 ], [ 419597.346406227909029, 5068798.616474110633135 ], [ 419612.173193013179116, 5068820.189582749269903 ], [ 419628.108709472173359, 5068840.957152128219604 ], [ 419645.109277461946476, 5068860.862259782850742 ], [ 419663.128299607371446, 5068879.850347196683288 ], [ 419682.116387021203991, 5068897.869369341991842 ], [ 419702.021494675718714, 5068914.869937332347035 ], [ 419722.789064054377377, 5068930.805453791283071 ], [ 419744.36217269313056, 5068945.632240575738251 ], [ 419766.681690200639423, 5068959.3096584957093 ], [ 419789.686440330871847, 5068971.80021869763732 ], [ 419813.313368662726134, 5068983.069685424678028 ], [ 419837.497715428005904, 5068993.087169852107763 ], [ 419862.173193013179116, 5069001.825214751064777 ], [ 419887.272167649352923, 5069009.259869747795165 ], [ 419912.72584479174111, 5069015.370756970718503 ], [ 419938.464457680529449, 5069020.141126900911331 ], [ 419964.417458566837013, 5069023.557904287241399 ], [ 419990.513712079147808, 5069025.611723980866373 ], [ 420016.681690200639423, 5069026.29695660341531 ], [ 420042.849668322131038, 5069025.611723980866373 ], [ 420068.945921834441833, 5069023.557904287241399 ], [ 420094.898922720749397, 5069020.141126900911331 ], [ 420120.637535609537736, 5069015.370756970718503 ], [ 420146.091212751925923, 5069009.259869747795165 ], [ 420171.19018738809973, 5069001.825214751064777 ], [ 420195.865664973272942, 5068993.087169852107763 ], [ 420220.050011738552712, 5068983.069685424678028 ], [ 420243.676940070406999, 5068971.80021869763732 ], [ 420266.681690200639423, 5068959.3096584957093 ], [ 420289.001207708148286, 5068945.632240575738251 ], [ 420310.574316346901469, 5068930.805453791283071 ], [ 420331.341885725560132, 5068914.869937332347035 ], [ 420351.246993380074855, 5068897.869369341991842 ], [ 420370.2350807939074, 5068879.850347196683288 ], [ 420388.25410293933237, 5068860.862259782850742 ], [ 420405.254670929105487, 5068840.957152128219604 ], [ 420421.19018738809973, 5068820.189582749269903 ], [ 420436.016974173369817, 5068798.616474110633135 ], [ 420449.694392092875205, 5068776.29695660341531 ], [ 420462.184952294803225, 5068753.292206473648548 ], [ 420473.454419021960348, 5068729.665278141386807 ], [ 420483.471903449215461, 5068705.480931376107037 ], [ 420492.209948348230682, 5068680.805453791283071 ], [ 420499.6446033451939, 5068655.706479154527187 ], [ 420505.755490567535162, 5068630.252802012488246 ], [ 420510.525860498193651, 5068604.514189123176038 ], [ 420513.94263788475655, 5068578.561188236810267 ], [ 420515.996457577915862, 5068552.464934725314379 ], [ 420516.681690200639423, 5068526.29695660341531 ] ] ] } },
{ "type": "Feature", "properties": { "site": 12, "transect": 12.1 }, "geometry": { "type": "Polygon", "coordinates": [ [ [ 487387.718433759931941, 5009471.298510946333408 ], [ 487387.03320113720838, 5009445.13053282443434 ], [ 487384.979381444049068, 5009419.034279312938452 ], [ 487381.562604057486169, 5009393.08127842657268 ], [ 487376.79223412682768, 5009367.342665537260473 ], [ 487370.681346904486418, 5009341.888988395221531 ], [ 487363.2466919075232, 5009316.790013758465648 ], [ 487354.508647008507978, 5009292.114536173641682 ], [ 487344.491162581252865, 5009267.930189408361912 ], [ 487333.221695854095742, 5009244.303261076100171 ], [ 487320.731135652167723, 5009221.298510946333408 ], [ 487307.053717732662335, 5009198.978993439115584 ], [ 487292.226930947392248, 5009177.405884800478816 ], [ 487276.291414488398004, 5009156.638315421529114 ], [ 487259.290846498624887, 5009136.733207766897976 ], [ 487241.271824353199918, 5009117.745120353065431 ], [ 487222.283736939367373, 5009099.726098207756877 ], [ 487202.37862928485265, 5009082.725530217401683 ], [ 487181.611059906193987, 5009066.790013758465648 ], [ 487160.037951267440803, 5009051.963226974010468 ], [ 487137.718433759931941, 5009038.285809054039419 ], [ 487114.713683629699517, 5009025.795248852111399 ], [ 487091.08675529784523, 5009014.525782125070691 ], [ 487066.90240853256546, 5009004.508297697640955 ], [ 487042.226930947392248, 5008995.770252798683941 ], [ 487017.127956311218441, 5008988.335597801953554 ], [ 486991.674279168830253, 5008982.224710579030216 ], [ 486965.935666280041914, 5008977.454340648837388 ], [ 486939.982665393734351, 5008974.037563262507319 ], [ 486913.886411881423555, 5008971.983743568882346 ], [ 486887.718433759931941, 5008971.298510946333408 ], [ 486861.550455638440326, 5008971.983743568882346 ], [ 486835.45420212612953, 5008974.037563262507319 ], [ 486809.501201239821967, 5008977.454340648837388 ], [ 486783.762588351033628, 5008982.224710579030216 ], [ 486758.308911208645441, 5008988.335597801953554 ], [ 486733.209936572471634, 5008995.770252798683941 ], [ 486708.534458987298422, 5009004.508297697640955 ], [ 486684.350112222018652, 5009014.525782125070691 ], [ 486660.723183890164364, 5009025.795248852111399 ], [ 486637.718433759931941, 5009038.285809054039419 ], [ 486615.398916252423078, 5009051.963226974010468 ], [ 486593.825807613669895, 5009066.790013758465648 ], [ 486573.058238235011231, 5009082.725530217401683 ], [ 486553.153130580496509, 5009099.726098207756877 ], [ 486534.165043166663963, 5009117.745120353065431 ], [ 486516.146021021238994, 5009136.733207766897976 ], [ 486499.145453031465877, 5009156.638315421529114 ], [ 486483.209936572471634, 5009177.405884800478816 ], [ 486468.383149787201546, 5009198.978993439115584 ], [ 486454.705731867696159, 5009221.298510946333408 ], [ 486442.215171665768139, 5009244.303261076100171 ], [ 486430.945704938611016, 5009267.930189408361912 ], [ 486420.928220511355903, 5009292.114536173641682 ], [ 486412.190175612340681, 5009316.790013758465648 ], [ 486404.755520615377463, 5009341.888988395221531 ], [ 486398.644633393036202, 5009367.342665537260473 ], [ 486393.874263462377712, 5009393.08127842657268 ], [ 486390.457486075814813, 5009419.034279312938452 ], [ 486388.403666382655501, 5009445.13053282443434 ], [ 486387.718433759931941, 5009471.298510946333408 ], [ 486388.403666382655501, 5009497.466489068232477 ], [ 486390.457486075814813, 5009523.562742579728365 ], [ 486393.874263462377712, 5009549.515743466094136 ], [ 486398.644633393036202, 5009575.254356355406344 ], [ 486404.755520615377463, 5009600.708033497445285 ], [ 486412.190175612340681, 5009625.807008134201169 ], [ 486420.928220511355903, 5009650.482485719025135 ], [ 486430.945704938611016, 5009674.666832484304905 ], [ 486442.215171665768139, 5009698.293760816566646 ], [ 486454.705731867696159, 5009721.298510946333408 ], [ 486468.383149787201546, 5009743.618028453551233 ], [ 486483.209936572471634, 5009765.191137092188001 ], [ 486499.145453031465877, 5009785.958706471137702 ], [ 486516.146021021238994, 5009805.86381412576884 ], [ 486534.165043166663963, 5009824.851901539601386 ], [ 486553.153130580496509, 5009842.87092368490994 ], [ 486573.058238235011231, 5009859.871491675265133 ], [ 486593.825807613669895, 5009875.807008134201169 ], [ 486615.398916252423078, 5009890.633794918656349 ], [ 486637.718433759931941, 5009904.311212838627398 ], [ 486660.723183890164364, 5009916.801773040555418 ], [ 486684.350112222018652, 5009928.071239767596126 ], [ 486708.534458987298422, 5009938.088724195025861 ], [ 486733.209936572471634, 5009946.826769093982875 ], [ 486758.308911208645441, 5009954.261424090713263 ], [ 486783.762588351033628, 5009960.372311313636601 ], [ 486809.501201239821967, 5009965.142681243829429 ], [ 486835.45420212612953, 5009968.559458630159497 ], [ 486861.550455638440326, 5009970.613278323784471 ], [ 486887.718433759931941, 5009971.298510946333408 ], [ 486913.886411881423555, 5009970.613278323784471 ], [ 486939.982665393734351, 5009968.559458630159497 ], [ 486965.935666280041914, 5009965.142681243829429 ], [ 486991.674279168830253, 5009960.372311313636601 ], [ 487017.127956311218441, 5009954.261424090713263 ], [ 487042.226930947392248, 5009946.826769093982875 ], [ 487066.90240853256546, 5009938.088724195025861 ], [ 487091.08675529784523, 5009928.071239767596126 ], [ 487114.713683629699517, 5009916.801773040555418 ], [ 487137.718433759931941, 5009904.311212838627398 ], [ 487160.037951267440803, 5009890.633794918656349 ], [ 487181.611059906193987, 5009875.807008134201169 ], [ 487202.37862928485265, 5009859.871491675265133 ], [ 487222.283736939367373, 5009842.87092368490994 ], [ 487241.271824353199918, 5009824.851901539601386 ], [ 487259.290846498624887, 5009805.86381412576884 ], [ 487276.291414488398004, 5009785.958706471137702 ], [ 487292.226930947392248, 5009765.191137092188001 ], [ 487307.053717732662335, 5009743.618028453551233 ], [ 487320.731135652167723, 5009721.298510946333408 ], [ 487333.221695854095742, 5009698.293760816566646 ], [ 487344.491162581252865, 5009674.666832484304905 ], [ 487354.508647008507978, 5009650.482485719025135 ], [ 487363.2466919075232, 5009625.807008134201169 ], [ 487370.681346904486418, 5009600.708033497445285 ], [ 487376.79223412682768, 5009575.254356355406344 ], [ 487381.562604057486169, 5009549.515743466094136 ], [ 487384.979381444049068, 5009523.562742579728365 ], [ 487387.03320113720838, 5009497.466489068232477 ], [ 487387.718433759931941, 5009471.298510946333408 ] ] ] } },
{ "type": "Feature", "properties": { "site": 12, "transect": 12.2 }, "geometry": { "type": "Polygon", "coordinates": [ [ [ 487125.802612733386923, 5009650.260727689601481 ], [ 487125.117380110663362, 5009624.092749567702413 ], [ 487123.06356041750405, 5009597.996496056206524 ], [ 487119.646783030941151, 5009572.043495169840753 ], [ 487114.876413100282662, 5009546.304882280528545 ], [ 487108.7655258779414, 5009520.851205138489604 ], [ 487101.330870880978182, 5009495.75223050173372 ], [ 487092.59282598196296, 5009471.076752916909754 ], [ 487082.575341554707848, 5009446.892406151629984 ], [ 487071.305874827550724, 5009423.265477819368243 ], [ 487058.815314625622705, 5009400.260727689601481 ], [ 487045.137896706117317, 5009377.941210182383657 ], [ 487030.31110992084723, 5009356.368101543746889 ], [ 487014.375593461852986, 5009335.600532164797187 ], [ 486997.375025472079869, 5009315.695424510166049 ], [ 486979.3560033266549, 5009296.707337096333504 ], [ 486960.367915912822355, 5009278.68831495102495 ], [ 486940.462808258307632, 5009261.687746960669756 ], [ 486919.695238879648969, 5009245.75223050173372 ], [ 486898.122130240895785, 5009230.92544371727854 ], [ 486875.802612733386923, 5009217.248025797307491 ], [ 486852.797862603154499, 5009204.757465595379472 ], [ 486829.170934271300212, 5009193.487998868338764 ], [ 486804.986587506020442, 5009183.470514440909028 ], [ 486780.31110992084723, 5009174.732469541952014 ], [ 486755.212135284673423, 5009167.297814545221627 ], [ 486729.758458142285235, 5009161.186927322298288 ], [ 486704.019845253496896, 5009156.41655739210546 ], [ 486678.066844367189333, 5009152.999780005775392 ], [ 486651.970590854878537, 5009150.945960312150419 ], [ 486625.802612733386923, 5009150.260727689601481 ], [ 486599.634634611895308, 5009150.945960312150419 ], [ 486573.538381099584512, 5009152.999780005775392 ], [ 486547.585380213276949, 5009156.41655739210546 ], [ 486521.84676732448861, 5009161.186927322298288 ], [ 486496.393090182100423, 5009167.297814545221627 ], [ 486471.294115545926616, 5009174.732469541952014 ], [ 486446.618637960753404, 5009183.470514440909028 ], [ 486422.434291195473634, 5009193.487998868338764 ], [ 486398.807362863619346, 5009204.757465595379472 ], [ 486375.802612733386923, 5009217.248025797307491 ], [ 486353.48309522587806, 5009230.92544371727854 ], [ 486331.909986587124877, 5009245.75223050173372 ], [ 486311.142417208466213, 5009261.687746960669756 ], [ 486291.237309553951491, 5009278.68831495102495 ], [ 486272.249222140118945, 5009296.707337096333504 ], [ 486254.230199994693976, 5009315.695424510166049 ], [ 486237.229632004920859, 5009335.600532164797187 ], [ 486221.294115545926616, 5009356.368101543746889 ], [ 486206.467328760656528, 5009377.941210182383657 ], [ 486192.789910841151141, 5009400.260727689601481 ], [ 486180.299350639223121, 5009423.265477819368243 ], [ 486169.029883912065998, 5009446.892406151629984 ], [ 486159.012399484810885, 5009471.076752916909754 ], [ 486150.274354585795663, 5009495.75223050173372 ], [ 486142.839699588832445, 5009520.851205138489604 ], [ 486136.728812366491184, 5009546.304882280528545 ], [ 486131.958442435832694, 5009572.043495169840753 ], [ 486128.541665049269795, 5009597.996496056206524 ], [ 486126.487845356110483, 5009624.092749567702413 ], [ 486125.802612733386923, 5009650.260727689601481 ], [ 486126.487845356110483, 5009676.428705811500549 ], [ 486128.541665049269795, 5009702.524959322996438 ], [ 486131.958442435832694, 5009728.477960209362209 ], [ 486136.728812366491184, 5009754.216573098674417 ], [ 486142.839699588832445, 5009779.670250240713358 ], [ 486150.274354585795663, 5009804.769224877469242 ], [ 486159.012399484810885, 5009829.444702462293208 ], [ 486169.029883912065998, 5009853.629049227572978 ], [ 486180.299350639223121, 5009877.255977559834719 ], [ 486192.789910841151141, 5009900.260727689601481 ], [ 486206.467328760656528, 5009922.580245196819305 ], [ 486221.294115545926616, 5009944.153353835456073 ], [ 486237.229632004920859, 5009964.920923214405775 ], [ 486254.230199994693976, 5009984.826030869036913 ], [ 486272.249222140118945, 5010003.814118282869458 ], [ 486291.237309553951491, 5010021.833140428178012 ], [ 486311.142417208466213, 5010038.833708418533206 ], [ 486331.909986587124877, 5010054.769224877469242 ], [ 486353.48309522587806, 5010069.596011661924422 ], [ 486375.802612733386923, 5010083.273429581895471 ], [ 486398.807362863619346, 5010095.76398978382349 ], [ 486422.434291195473634, 5010107.033456510864198 ], [ 486446.618637960753404, 5010117.050940938293934 ], [ 486471.294115545926616, 5010125.788985837250948 ], [ 486496.393090182100423, 5010133.223640833981335 ], [ 486521.84676732448861, 5010139.334528056904674 ], [ 486547.585380213276949, 5010144.104897987097502 ], [ 486573.538381099584512, 5010147.52167537342757 ], [ 486599.634634611895308, 5010149.575495067052543 ], [ 486625.802612733386923, 5010150.260727689601481 ], [ 486651.970590854878537, 5010149.575495067052543 ], [ 486678.066844367189333, 5010147.52167537342757 ], [ 486704.019845253496896, 5010144.104897987097502 ], [ 486729.758458142285235, 5010139.334528056904674 ], [ 486755.212135284673423, 5010133.223640833981335 ], [ 486780.31110992084723, 5010125.788985837250948 ], [ 486804.986587506020442, 5010117.050940938293934 ], [ 486829.170934271300212, 5010107.033456510864198 ], [ 486852.797862603154499, 5010095.76398978382349 ], [ 486875.802612733386923, 5010083.273429581895471 ], [ 486898.122130240895785, 5010069.596011661924422 ], [ 486919.695238879648969, 5010054.769224877469242 ], [ 486940.462808258307632, 5010038.833708418533206 ], [ 486960.367915912822355, 5010021.833140428178012 ], [ 486979.3560033266549, 5010003.814118282869458 ], [ 486997.375025472079869, 5009984.826030869036913 ], [ 487014.375593461852986, 5009964.920923214405775 ], [ 487030.31110992084723, 5009944.153353835456073 ], [ 487045.137896706117317, 5009922.580245196819305 ], [ 487058.815314625622705, 5009900.260727689601481 ], [ 487071.305874827550724, 5009877.255977559834719 ], [ 487082.575341554707848, 5009853.629049227572978 ], [ 487092.59282598196296, 5009829.444702462293208 ], [ 487101.330870880978182, 5009804.769224877469242 ], [ 487108.7655258779414, 5009779.670250240713358 ], [ 487114.876413100282662, 5009754.216573098674417 ], [ 487119.646783030941151, 5009728.477960209362209 ], [ 487123.06356041750405, 5009702.524959322996438 ], [ 487125.117380110663362, 5009676.428705811500549 ], [ 487125.802612733386923, 5009650.260727689601481 ] ] ] } },
{ "type": "Feature", "properties": { "site": 12, "transect": 12.3 }, "geometry": { "type": "Polygon", "coordinates": [ [ [ 487501.764302234048955, 5009644.886472422629595 ], [ 487501.079069611325394, 5009618.718494300730526 ], [ 487499.025249918166082, 5009592.622240789234638 ], [ 487495.608472531603184, 5009566.669239902868867 ], [ 487490.838102600944694, 5009540.930627013556659 ], [ 487484.727215378603432, 5009515.476949871517718 ], [ 487477.292560381640214, 5009490.377975234761834 ], [ 487468.554515482624993, 5009465.702497649937868 ], [ 487458.53703105536988, 5009441.518150884658098 ], [ 487447.267564328212757, 5009417.891222552396357 ], [ 487434.777004126284737, 5009394.886472422629595 ], [ 487421.09958620677935, 5009372.56695491541177 ], [ 487406.272799421509262, 5009350.993846276775002 ], [ 487390.337282962515019, 5009330.226276897825301 ], [ 487373.336714972741902, 5009310.321169243194163 ], [ 487355.317692827316932, 5009291.333081829361618 ], [ 487336.329605413484387, 5009273.314059684053063 ], [ 487316.424497758969665, 5009256.31349169369787 ], [ 487295.656928380311001, 5009240.377975234761834 ], [ 487274.083819741557818, 5009225.551188450306654 ], [ 487251.764302234048955, 5009211.873770530335605 ], [ 487228.759552103816532, 5009199.383210328407586 ], [ 487205.132623771962244, 5009188.113743601366878 ], [ 487180.948277006682474, 5009178.096259173937142 ], [ 487156.272799421509262, 5009169.358214274980128 ], [ 487131.173824785335455, 5009161.923559278249741 ], [ 487105.720147642947268, 5009155.812672055326402 ], [ 487079.981534754158929, 5009151.042302125133574 ], [ 487054.028533867851365, 5009147.625524738803506 ], [ 487027.93228035554057, 5009145.571705045178533 ], [ 487001.764302234048955, 5009144.886472422629595 ], [ 486975.59632411255734, 5009145.571705045178533 ], [ 486949.500070600246545, 5009147.625524738803506 ], [ 486923.547069713938981, 5009151.042302125133574 ], [ 486897.808456825150643, 5009155.812672055326402 ], [ 486872.354779682762455, 5009161.923559278249741 ], [ 486847.255805046588648, 5009169.358214274980128 ], [ 486822.580327461415436, 5009178.096259173937142 ], [ 486798.395980696135666, 5009188.113743601366878 ], [ 486774.769052364281379, 5009199.383210328407586 ], [ 486751.764302234048955, 5009211.873770530335605 ], [ 486729.444784726540092, 5009225.551188450306654 ], [ 486707.871676087786909, 5009240.377975234761834 ], [ 486687.104106709128246, 5009256.31349169369787 ], [ 486667.198999054613523, 5009273.314059684053063 ], [ 486648.210911640780978, 5009291.333081829361618 ], [ 486630.191889495356008, 5009310.321169243194163 ], [ 486613.191321505582891, 5009330.226276897825301 ], [ 486597.255805046588648, 5009350.993846276775002 ], [ 486582.429018261318561, 5009372.56695491541177 ], [ 486568.751600341813173, 5009394.886472422629595 ], [ 486556.261040139885154, 5009417.891222552396357 ], [ 486544.99157341272803, 5009441.518150884658098 ], [ 486534.974088985472918, 5009465.702497649937868 ], [ 486526.236044086457696, 5009490.377975234761834 ], [ 486518.801389089494478, 5009515.476949871517718 ], [ 486512.690501867153216, 5009540.930627013556659 ], [ 486507.920131936494727, 5009566.669239902868867 ], [ 486504.503354549931828, 5009592.622240789234638 ], [ 486502.449534856772516, 5009618.718494300730526 ], [ 486501.764302234048955, 5009644.886472422629595 ], [ 486502.449534856772516, 5009671.054450544528663 ], [ 486504.503354549931828, 5009697.150704056024551 ], [ 486507.920131936494727, 5009723.103704942390323 ], [ 486512.690501867153216, 5009748.84231783170253 ], [ 486518.801389089494478, 5009774.295994973741472 ], [ 486526.236044086457696, 5009799.394969610497355 ], [ 486534.974088985472918, 5009824.070447195321321 ], [ 486544.99157341272803, 5009848.254793960601091 ], [ 486556.261040139885154, 5009871.881722292862833 ], [ 486568.751600341813173, 5009894.886472422629595 ], [ 486582.429018261318561, 5009917.205989929847419 ], [ 486597.255805046588648, 5009938.779098568484187 ], [ 486613.191321505582891, 5009959.546667947433889 ], [ 486630.191889495356008, 5009979.451775602065027 ], [ 486648.210911640780978, 5009998.439863015897572 ], [ 486667.198999054613523, 5010016.458885161206126 ], [ 486687.104106709128246, 5010033.45945315156132 ], [ 486707.871676087786909, 5010049.394969610497355 ], [ 486729.444784726540092, 5010064.221756394952536 ], [ 486751.764302234048955, 5010077.899174314923584 ], [ 486774.769052364281379, 5010090.389734516851604 ], [ 486798.395980696135666, 5010101.659201243892312 ], [ 486822.580327461415436, 5010111.676685671322048 ], [ 486847.255805046588648, 5010120.414730570279062 ], [ 486872.354779682762455, 5010127.849385567009449 ], [ 486897.808456825150643, 5010133.960272789932787 ], [ 486923.547069713938981, 5010138.730642720125616 ], [ 486949.500070600246545, 5010142.147420106455684 ], [ 486975.59632411255734, 5010144.201239800080657 ], [ 487001.764302234048955, 5010144.886472422629595 ], [ 487027.93228035554057, 5010144.201239800080657 ], [ 487054.028533867851365, 5010142.147420106455684 ], [ 487079.981534754158929, 5010138.730642720125616 ], [ 487105.720147642947268, 5010133.960272789932787 ], [ 487131.173824785335455, 5010127.849385567009449 ], [ 487156.272799421509262, 5010120.414730570279062 ], [ 487180.948277006682474, 5010111.676685671322048 ], [ 487205.132623771962244, 5010101.659201243892312 ], [ 487228.759552103816532, 5010090.389734516851604 ], [ 487251.764302234048955, 5010077.899174314923584 ], [ 487274.083819741557818, 5010064.221756394952536 ], [ 487295.656928380311001, 5010049.394969610497355 ], [ 487316.424497758969665, 5010033.45945315156132 ], [ 487336.329605413484387, 5010016.458885161206126 ], [ 487355.317692827316932, 5009998.439863015897572 ], [ 487373.336714972741902, 5009979.451775602065027 ], [ 487390.337282962515019, 5009959.546667947433889 ], [ 487406.272799421509262, 5009938.779098568484187 ], [ 487421.09958620677935, 5009917.205989929847419 ], [ 487434.777004126284737, 5009894.886472422629595 ], [ 487447.267564328212757, 5009871.881722292862833 ], [ 487458.53703105536988, 5009848.254793960601091 ], [ 487468.554515482624993, 5009824.070447195321321 ], [ 487477.292560381640214, 5009799.394969610497355 ], [ 487484.727215378603432, 5009774.295994973741472 ], [ 487490.838102600944694, 5009748.84231783170253 ], [ 487495.608472531603184, 5009723.103704942390323 ], [ 487499.025249918166082, 5009697.150704056024551 ], [ 487501.079069611325394, 5009671.054450544528663 ], [ 487501.764302234048955, 5009644.886472422629595 ] ] ] } },
{ "type": "Feature", "properties": { "site": 13, "transect": 13.1 }, "geometry": { "type": "Polygon", "coordinates": [ [ [ 510686.100569806701969, 4998897.518118287436664 ], [ 510685.415337183978409, 4998871.350140165537596 ], [ 510683.361517490819097, 4998845.253886654041708 ], [ 510679.944740104256198, 4998819.300885767675936 ], [ 510675.174370173597708, 4998793.562272878363729 ], [ 510669.063482951256447, 4998768.108595736324787 ], [ 510661.628827954293229, 4998743.009621099568903 ], [ 510652.890783055278007, 4998718.334143514744937 ], [ 510642.873298628022894, 4998694.149796749465168 ], [ 510631.603831900865771, 4998670.522868417203426 ], [ 510619.113271698937751, 4998647.518118287436664 ], [ 510605.435853779432364, 4998625.19860078021884 ], [ 510590.609066994162276, 4998603.625492141582072 ], [ 510574.673550535168033, 4998582.85792276263237 ], [ 510557.672982545394916, 4998562.952815108001232 ], [ 510539.653960399969947, 4998543.964727694168687 ], [ 510520.665872986137401, 4998525.945705548860133 ], [ 510500.760765331622679, 4998508.945137558504939 ], [ 510479.993195952964015, 4998493.009621099568903 ], [ 510458.420087314210832, 4998478.182834315113723 ], [ 510436.100569806701969, 4998464.505416395142674 ], [ 510413.095819676469546, 4998452.014856193214655 ], [ 510389.468891344615258, 4998440.745389466173947 ], [ 510365.284544579335488, 4998430.727905038744211 ], [ 510340.609066994162276, 4998421.989860139787197 ], [ 510315.510092357988469, 4998414.55520514305681 ], [ 510290.056415215600282, 4998408.444317920133471 ], [ 510264.317802326811943, 4998403.673947989940643 ], [ 510238.36480144050438, 4998400.257170603610575 ], [ 510212.268547928193584, 4998398.203350909985602 ], [ 510186.100569806701969, 4998397.518118287436664 ], [ 510159.932591685210355, 4998398.203350909985602 ], [ 510133.836338172899559, 4998400.257170603610575 ], [ 510107.883337286591996, 4998403.673947989940643 ], [ 510082.144724397803657, 4998408.444317920133471 ], [ 510056.691047255415469, 4998414.55520514305681 ], [ 510031.592072619241662, 4998421.989860139787197 ], [ 510006.91659503406845, 4998430.727905038744211 ], [ 509982.73224826878868, 4998440.745389466173947 ], [ 509959.105319936934393, 4998452.014856193214655 ], [ 509936.100569806701969, 4998464.505416395142674 ], [ 509913.781052299193107, 4998478.182834315113723 ], [ 509892.207943660439923, 4998493.009621099568903 ], [ 509871.44037428178126, 4998508.945137558504939 ], [ 509851.535266627266537, 4998525.945705548860133 ], [ 509832.547179213433992, 4998543.964727694168687 ], [ 509814.528157068009023, 4998562.952815108001232 ], [ 509797.527589078235906, 4998582.85792276263237 ], [ 509781.592072619241662, 4998603.625492141582072 ], [ 509766.765285833971575, 4998625.19860078021884 ], [ 509753.087867914466187, 4998647.518118287436664 ], [ 509740.597307712538168, 4998670.522868417203426 ], [ 509729.327840985381044, 4998694.149796749465168 ], [ 509719.310356558125932, 4998718.334143514744937 ], [ 509710.57231165911071, 4998743.009621099568903 ], [ 509703.137656662147492, 4998768.108595736324787 ], [ 509697.02676943980623, 4998793.562272878363729 ], [ 509692.256399509147741, 4998819.300885767675936 ], [ 509688.839622122584842, 4998845.253886654041708 ], [ 509686.78580242942553, 4998871.350140165537596 ], [ 509686.100569806701969, 4998897.518118287436664 ], [ 509686.78580242942553, 4998923.686096409335732 ], [ 509688.839622122584842, 4998949.782349920831621 ], [ 509692.256399509147741, 4998975.735350807197392 ], [ 509697.02676943980623, 4999001.4739636965096 ], [ 509703.137656662147492, 4999026.927640838548541 ], [ 509710.57231165911071, 4999052.026615475304425 ], [ 509719.310356558125932, 4999076.702093060128391 ], [ 509729.327840985381044, 4999100.886439825408161 ], [ 509740.597307712538168, 4999124.513368157669902 ], [ 509753.087867914466187, 4999147.518118287436664 ], [ 509766.765285833971575, 4999169.837635794654489 ], [ 509781.592072619241662, 4999191.410744433291256 ], [ 509797.527589078235906, 4999212.178313812240958 ], [ 509814.528157068009023, 4999232.083421466872096 ], [ 509832.547179213433992, 4999251.071508880704641 ], [ 509851.535266627266537, 4999269.090531026013196 ], [ 509871.44037428178126, 4999286.091099016368389 ], [ 509892.207943660439923, 4999302.026615475304425 ], [ 509913.781052299193107, 4999316.853402259759605 ], [ 509936.100569806701969, 4999330.530820179730654 ], [ 509959.105319936934393, 4999343.021380381658673 ], [ 509982.73224826878868, 4999354.290847108699381 ], [ 510006.91659503406845, 4999364.308331536129117 ], [ 510031.592072619241662, 4999373.046376435086131 ], [ 510056.691047255415469, 4999380.481031431816518 ], [ 510082.144724397803657, 4999386.591918654739857 ], [ 510107.883337286591996, 4999391.362288584932685 ], [ 510133.836338172899559, 4999394.779065971262753 ], [ 510159.932591685210355, 4999396.832885664887726 ], [ 510186.100569806701969, 4999397.518118287436664 ], [ 510212.268547928193584, 4999396.832885664887726 ], [ 510238.36480144050438, 4999394.779065971262753 ], [ 510264.317802326811943, 4999391.362288584932685 ], [ 510290.056415215600282, 4999386.591918654739857 ], [ 510315.510092357988469, 4999380.481031431816518 ], [ 510340.609066994162276, 4999373.046376435086131 ], [ 510365.284544579335488, 4999364.308331536129117 ], [ 510389.468891344615258, 4999354.290847108699381 ], [ 510413.095819676469546, 4999343.021380381658673 ], [ 510436.100569806701969, 4999330.530820179730654 ], [ 510458.420087314210832, 4999316.853402259759605 ], [ 510479.993195952964015, 4999302.026615475304425 ], [ 510500.760765331622679, 4999286.091099016368389 ], [ 510520.665872986137401, 4999269.090531026013196 ], [ 510539.653960399969947, 4999251.071508880704641 ], [ 510557.672982545394916, 4999232.083421466872096 ], [ 510574.673550535168033, 4999212.178313812240958 ], [ 510590.609066994162276, 4999191.410744433291256 ], [ 510605.435853779432364, 4999169.837635794654489 ], [ 510619.113271698937751, 4999147.518118287436664 ], [ 510631.603831900865771, 4999124.513368157669902 ], [ 510642.873298628022894, 4999100.886439825408161 ], [ 510652.890783055278007, 4999076.702093060128391 ], [ 510661.628827954293229, 4999052.026615475304425 ], [ 510669.063482951256447, 4999026.927640838548541 ], [ 510675.174370173597708, 4999001.4739636965096 ], [ 510679.944740104256198, 4998975.735350807197392 ], [ 510683.361517490819097, 4998949.782349920831621 ], [ 510685.415337183978409, 4998923.686096409335732 ], [ 510686.100569806701969, 4998897.518118287436664 ] ] ] } },
{ "type": "Feature", "properties": { "site": 13, "transect": 13.2 }, "geometry": { "type": "Polygon", "coordinates": [ [ [ 510706.991546117526013, 4999065.595909362658858 ], [ 510706.306313494802453, 4999039.42793124075979 ], [ 510704.252493801643141, 4999013.331677729263902 ], [ 510700.835716415080242, 4998987.37867684289813 ], [ 510696.065346484421752, 4998961.640063953585923 ], [ 510689.954459262080491, 4998936.186386811546981 ], [ 510682.519804265117273, 4998911.087412174791098 ], [ 510673.781759366102051, 4998886.411934589967132 ], [ 510663.764274938846938, 4998862.227587824687362 ], [ 510652.494808211689815, 4998838.600659492425621 ], [ 510640.004248009761795, 4998815.595909362658858 ], [ 510626.326830090256408, 4998793.276391855441034 ], [ 510611.50004330498632, 4998771.703283216804266 ], [ 510595.564526845992077, 4998750.935713837854564 ], [ 510578.56395885621896, 4998731.030606183223426 ], [ 510560.544936710793991, 4998712.042518769390881 ], [ 510541.556849296961445, 4998694.023496624082327 ], [ 510521.651741642446723, 4998677.022928633727133 ], [ 510500.884172263788059, 4998661.087412174791098 ], [ 510479.311063625034876, 4998646.260625390335917 ], [ 510456.991546117526013, 4998632.583207470364869 ], [ 510433.98679598729359, 4998620.092647268436849 ], [ 510410.359867655439302, 4998608.823180541396141 ], [ 510386.175520890159532, 4998598.805696113966405 ], [ 510361.50004330498632, 4998590.067651215009391 ], [ 510336.401068668812513, 4998582.632996218279004 ], [ 510310.947391526424326, 4998576.522108995355666 ], [ 510285.208778637635987, 4998571.751739065162838 ], [ 510259.255777751328424, 4998568.334961678832769 ], [ 510233.159524239017628, 4998566.281141985207796 ], [ 510206.991546117526013, 4998565.595909362658858 ], [ 510180.823567996034399, 4998566.281141985207796 ], [ 510154.727314483723603, 4998568.334961678832769 ], [ 510128.77431359741604, 4998571.751739065162838 ], [ 510103.035700708627701, 4998576.522108995355666 ], [ 510077.582023566239513, 4998582.632996218279004 ], [ 510052.483048930065706, 4998590.067651215009391 ], [ 510027.807571344892494, 4998598.805696113966405 ], [ 510003.623224579612724, 4998608.823180541396141 ], [ 509979.996296247758437, 4998620.092647268436849 ], [ 509956.991546117526013, 4998632.583207470364869 ], [ 509934.672028610017151, 4998646.260625390335917 ], [ 509913.098919971263967, 4998661.087412174791098 ], [ 509892.331350592605304, 4998677.022928633727133 ], [ 509872.426242938090581, 4998694.023496624082327 ], [ 509853.438155524258036, 4998712.042518769390881 ], [ 509835.419133378833067, 4998731.030606183223426 ], [ 509818.41856538905995, 4998750.935713837854564 ], [ 509802.483048930065706, 4998771.703283216804266 ], [ 509787.656262144795619, 4998793.276391855441034 ], [ 509773.978844225290231, 4998815.595909362658858 ], [ 509761.488284023362212, 4998838.600659492425621 ], [ 509750.218817296205088, 4998862.227587824687362 ], [ 509740.201332868949976, 4998886.411934589967132 ], [ 509731.463287969934754, 4998911.087412174791098 ], [ 509724.028632972971536, 4998936.186386811546981 ], [ 509717.917745750630274, 4998961.640063953585923 ], [ 509713.147375819971785, 4998987.37867684289813 ], [ 509709.730598433408886, 4999013.331677729263902 ], [ 509707.676778740249574, 4999039.42793124075979 ], [ 509706.991546117526013, 4999065.595909362658858 ], [ 509707.676778740249574, 4999091.763887484557927 ], [ 509709.730598433408886, 4999117.860140996053815 ], [ 509713.147375819971785, 4999143.813141882419586 ], [ 509717.917745750630274, 4999169.551754771731794 ], [ 509724.028632972971536, 4999195.005431913770735 ], [ 509731.463287969934754, 4999220.104406550526619 ], [ 509740.201332868949976, 4999244.779884135350585 ], [ 509750.218817296205088, 4999268.964230900630355 ], [ 509761.488284023362212, 4999292.591159232892096 ], [ 509773.978844225290231, 4999315.595909362658858 ], [ 509787.656262144795619, 4999337.915426869876683 ], [ 509802.483048930065706, 4999359.488535508513451 ], [ 509818.41856538905995, 4999380.256104887463152 ], [ 509835.419133378833067, 4999400.16121254209429 ], [ 509853.438155524258036, 4999419.149299955926836 ], [ 509872.426242938090581, 4999437.16832210123539 ], [ 509892.331350592605304, 4999454.168890091590583 ], [ 509913.098919971263967, 4999470.104406550526619 ], [ 509934.672028610017151, 4999484.931193334981799 ], [ 509956.991546117526013, 4999498.608611254952848 ], [ 509979.996296247758437, 4999511.099171456880867 ], [ 510003.623224579612724, 4999522.368638183921576 ], [ 510027.807571344892494, 4999532.386122611351311 ], [ 510052.483048930065706, 4999541.124167510308325 ], [ 510077.582023566239513, 4999548.558822507038713 ], [ 510103.035700708627701, 4999554.669709729962051 ], [ 510128.77431359741604, 4999559.440079660154879 ], [ 510154.727314483723603, 4999562.856857046484947 ], [ 510180.823567996034399, 4999564.910676740109921 ], [ 510206.991546117526013, 4999565.595909362658858 ], [ 510233.159524239017628, 4999564.910676740109921 ], [ 510259.255777751328424, 4999562.856857046484947 ], [ 510285.208778637635987, 4999559.440079660154879 ], [ 510310.947391526424326, 4999554.669709729962051 ], [ 510336.401068668812513, 4999548.558822507038713 ], [ 510361.50004330498632, 4999541.124167510308325 ], [ 510386.175520890159532, 4999532.386122611351311 ], [ 510410.359867655439302, 4999522.368638183921576 ], [ 510433.98679598729359, 4999511.099171456880867 ], [ 510456.991546117526013, 4999498.608611254952848 ], [ 510479.311063625034876, 4999484.931193334981799 ], [ 510500.884172263788059, 4999470.104406550526619 ], [ 510521.651741642446723, 4999454.168890091590583 ], [ 510541.556849296961445, 4999437.16832210123539 ], [ 510560.544936710793991, 4999419.149299955926836 ], [ 510578.56395885621896, 4999400.16121254209429 ], [ 510595.564526845992077, 4999380.256104887463152 ], [ 510611.50004330498632, 4999359.488535508513451 ], [ 510626.326830090256408, 4999337.915426869876683 ], [ 510640.004248009761795, 4999315.595909362658858 ], [ 510652.494808211689815, 4999292.591159232892096 ], [ 510663.764274938846938, 4999268.964230900630355 ], [ 510673.781759366102051, 4999244.779884135350585 ], [ 510682.519804265117273, 4999220.104406550526619 ], [ 510689.954459262080491, 4999195.005431913770735 ], [ 510696.065346484421752, 4999169.551754771731794 ], [ 510700.835716415080242, 4999143.813141882419586 ], [ 510704.252493801643141, 4999117.860140996053815 ], [ 510706.306313494802453, 4999091.763887484557927 ], [ 510706.991546117526013, 4999065.595909362658858 ] ] ] } },
{ "type": "Feature", "properties": { "site": 13, "transect": 13.3 }, "geometry": { "type": "Polygon", "coordinates": [ [ [ 510591.019901424529962, 4998984.769021216779947 ], [ 510590.334668801806401, 4998958.601043094880879 ], [ 510588.280849108647089, 4998932.504789583384991 ], [ 510584.864071722084191, 4998906.551788697019219 ], [ 510580.093701791425701, 4998880.813175807707012 ], [ 510573.982814569084439, 4998855.35949866566807 ], [ 510566.548159572121222, 4998830.260524028912187 ], [ 510557.810114673106, 4998805.585046444088221 ], [ 510547.792630245850887, 4998781.400699678808451 ], [ 510536.523163518693764, 4998757.77377134654671 ], [ 510524.032603316765744, 4998734.769021216779947 ], [ 510510.355185397260357, 4998712.449503709562123 ], [ 510495.528398611990269, 4998690.876395070925355 ], [ 510479.592882152996026, 4998670.108825691975653 ], [ 510462.592314163222909, 4998650.203718037344515 ], [ 510444.573292017797939, 4998631.21563062351197 ], [ 510425.585204603965394, 4998613.196608478203416 ], [ 510405.680096949450672, 4998596.196040487848222 ], [ 510384.912527570792008, 4998580.260524028912187 ], [ 510363.339418932038825, 4998565.433737244457006 ], [ 510341.019901424529962, 4998551.756319324485958 ], [ 510318.015151294297539, 4998539.265759122557938 ], [ 510294.388222962443251, 4998527.99629239551723 ], [ 510270.203876197163481, 4998517.978807968087494 ], [ 510245.528398611990269, 4998509.24076306913048 ], [ 510220.429423975816462, 4998501.806108072400093 ], [ 510194.975746833428275, 4998495.695220849476755 ], [ 510169.237133944639936, 4998490.924850919283926 ], [ 510143.284133058332372, 4998487.508073532953858 ], [ 510117.187879546021577, 4998485.454253839328885 ], [ 510091.019901424529962, 4998484.769021216779947 ], [ 510064.851923303038348, 4998485.454253839328885 ], [ 510038.755669790727552, 4998487.508073532953858 ], [ 510012.802668904419988, 4998490.924850919283926 ], [ 509987.06405601563165, 4998495.695220849476755 ], [ 509961.610378873243462, 4998501.806108072400093 ], [ 509936.511404237069655, 4998509.24076306913048 ], [ 509911.835926651896443, 4998517.978807968087494 ], [ 509887.651579886616673, 4998527.99629239551723 ], [ 509864.024651554762386, 4998539.265759122557938 ], [ 509841.019901424529962, 4998551.756319324485958 ], [ 509818.700383917021099, 4998565.433737244457006 ], [ 509797.127275278267916, 4998580.260524028912187 ], [ 509776.359705899609253, 4998596.196040487848222 ], [ 509756.45459824509453, 4998613.196608478203416 ], [ 509737.466510831261985, 4998631.21563062351197 ], [ 509719.447488685837016, 4998650.203718037344515 ], [ 509702.446920696063899, 4998670.108825691975653 ], [ 509686.511404237069655, 4998690.876395070925355 ], [ 509671.684617451799568, 4998712.449503709562123 ], [ 509658.00719953229418, 4998734.769021216779947 ], [ 509645.516639330366161, 4998757.77377134654671 ], [ 509634.247172603209037, 4998781.400699678808451 ], [ 509624.229688175953925, 4998805.585046444088221 ], [ 509615.491643276938703, 4998830.260524028912187 ], [ 509608.056988279975485, 4998855.35949866566807 ], [ 509601.946101057634223, 4998880.813175807707012 ], [ 509597.175731126975734, 4998906.551788697019219 ], [ 509593.758953740412835, 4998932.504789583384991 ], [ 509591.705134047253523, 4998958.601043094880879 ], [ 509591.019901424529962, 4998984.769021216779947 ], [ 509591.705134047253523, 4999010.936999338679016 ], [ 509593.758953740412835, 4999037.033252850174904 ], [ 509597.175731126975734, 4999062.986253736540675 ], [ 509601.946101057634223, 4999088.724866625852883 ], [ 509608.056988279975485, 4999114.178543767891824 ], [ 509615.491643276938703, 4999139.277518404647708 ], [ 509624.229688175953925, 4999163.952995989471674 ], [ 509634.247172603209037, 4999188.137342754751444 ], [ 509645.516639330366161, 4999211.764271087013185 ], [ 509658.00719953229418, 4999234.769021216779947 ], [ 509671.684617451799568, 4999257.088538723997772 ], [ 509686.511404237069655, 4999278.66164736263454 ], [ 509702.446920696063899, 4999299.429216741584241 ], [ 509719.447488685837016, 4999319.334324396215379 ], [ 509737.466510831261985, 4999338.322411810047925 ], [ 509756.45459824509453, 4999356.341433955356479 ], [ 509776.359705899609253, 4999373.342001945711672 ], [ 509797.127275278267916, 4999389.277518404647708 ], [ 509818.700383917021099, 4999404.104305189102888 ], [ 509841.019901424529962, 4999417.781723109073937 ], [ 509864.024651554762386, 4999430.272283311001956 ], [ 509887.651579886616673, 4999441.541750038042665 ], [ 509911.835926651896443, 4999451.5592344654724 ], [ 509936.511404237069655, 4999460.297279364429414 ], [ 509961.610378873243462, 4999467.731934361159801 ], [ 509987.06405601563165, 4999473.84282158408314 ], [ 510012.802668904419988, 4999478.613191514275968 ], [ 510038.755669790727552, 4999482.029968900606036 ], [ 510064.851923303038348, 4999484.083788594231009 ], [ 510091.019901424529962, 4999484.769021216779947 ], [ 510117.187879546021577, 4999484.083788594231009 ], [ 510143.284133058332372, 4999482.029968900606036 ], [ 510169.237133944639936, 4999478.613191514275968 ], [ 510194.975746833428275, 4999473.84282158408314 ], [ 510220.429423975816462, 4999467.731934361159801 ], [ 510245.528398611990269, 4999460.297279364429414 ], [ 510270.203876197163481, 4999451.5592344654724 ], [ 510294.388222962443251, 4999441.541750038042665 ], [ 510318.015151294297539, 4999430.272283311001956 ], [ 510341.019901424529962, 4999417.781723109073937 ], [ 510363.339418932038825, 4999404.104305189102888 ], [ 510384.912527570792008, 4999389.277518404647708 ], [ 510405.680096949450672, 4999373.342001945711672 ], [ 510425.585204603965394, 4999356.341433955356479 ], [ 510444.573292017797939, 4999338.322411810047925 ], [ 510462.592314163222909, 4999319.334324396215379 ], [ 510479.592882152996026, 4999299.429216741584241 ], [ 510495.528398611990269, 4999278.66164736263454 ], [ 510510.355185397260357, 4999257.088538723997772 ], [ 510524.032603316765744, 4999234.769021216779947 ], [ 510536.523163518693764, 4999211.764271087013185 ], [ 510547.792630245850887, 4999188.137342754751444 ], [ 510557.810114673106, 4999163.952995989471674 ], [ 510566.548159572121222, 4999139.277518404647708 ], [ 510573.982814569084439, 4999114.178543767891824 ], [ 510580.093701791425701, 4999088.724866625852883 ], [ 510584.864071722084191, 4999062.986253736540675 ], [ 510588.280849108647089, 4999037.033252850174904 ], [ 510590.334668801806401, 4999010.936999338679016 ], [ 510591.019901424529962, 4998984.769021216779947 ] ] ] } },
{ "type": "Feature", "properties": { "site": 14, "transect": 14.1 }, "geometry": { "type": "Polygon", "coordinates": [ [ [ 449313.112835026287939, 5004211.500371019355953 ], [ 449312.427602403564379, 5004185.332392897456884 ], [ 449310.373782710405067, 5004159.236139385960996 ], [ 449306.957005323842168, 5004133.283138499595225 ], [ 449302.186635393183678, 5004107.544525610283017 ], [ 449296.075748170842417, 5004082.090848468244076 ], [ 449288.641093173879199, 5004056.991873831488192 ], [ 449279.903048274863977, 5004032.316396246664226 ], [ 449269.885563847608864, 5004008.132049481384456 ], [ 449258.616097120451741, 5003984.505121149122715 ], [ 449246.125536918523721, 5003961.500371019355953 ], [ 449232.448118999018334, 5003939.180853512138128 ], [ 449217.621332213748246, 5003917.60774487350136 ], [ 449201.685815754754003, 5003896.840175494551659 ], [ 449184.685247764980886, 5003876.935067839920521 ], [ 449166.666225619555917, 5003857.946980426087976 ], [ 449147.678138205723371, 5003839.927958280779421 ], [ 449127.773030551208649, 5003822.927390290424228 ], [ 449107.005461172549985, 5003806.991873831488192 ], [ 449085.432352533796802, 5003792.165087047033012 ], [ 449063.112835026287939, 5003778.487669127061963 ], [ 449040.108084896055516, 5003765.997108925133944 ], [ 449016.481156564201228, 5003754.727642198093235 ], [ 448992.296809798921458, 5003744.7101577706635 ], [ 448967.621332213748246, 5003735.972112871706486 ], [ 448942.522357577574439, 5003728.537457874976099 ], [ 448917.068680435186252, 5003722.42657065205276 ], [ 448891.330067546397913, 5003717.656200721859932 ], [ 448865.37706666009035, 5003714.239423335529864 ], [ 448839.280813147779554, 5003712.185603641904891 ], [ 448813.112835026287939, 5003711.500371019355953 ], [ 448786.944856904796325, 5003712.185603641904891 ], [ 448760.848603392485529, 5003714.239423335529864 ], [ 448734.895602506177966, 5003717.656200721859932 ], [ 448709.156989617389627, 5003722.42657065205276 ], [ 448683.703312475001439, 5003728.537457874976099 ], [ 448658.604337838827632, 5003735.972112871706486 ], [ 448633.92886025365442, 5003744.7101577706635 ], [ 448609.74451348837465, 5003754.727642198093235 ], [ 448586.117585156520363, 5003765.997108925133944 ], [ 448563.112835026287939, 5003778.487669127061963 ], [ 448540.793317518779077, 5003792.165087047033012 ], [ 448519.220208880025893, 5003806.991873831488192 ], [ 448498.45263950136723, 5003822.927390290424228 ], [ 448478.547531846852507, 5003839.927958280779421 ], [ 448459.559444433019962, 5003857.946980426087976 ], [ 448441.540422287594993, 5003876.935067839920521 ], [ 448424.539854297821876, 5003896.840175494551659 ], [ 448408.604337838827632, 5003917.60774487350136 ], [ 448393.777551053557545, 5003939.180853512138128 ], [ 448380.100133134052157, 5003961.500371019355953 ], [ 448367.609572932124138, 5003984.505121149122715 ], [ 448356.340106204967014, 5004008.132049481384456 ], [ 448346.322621777711902, 5004032.316396246664226 ], [ 448337.58457687869668, 5004056.991873831488192 ], [ 448330.149921881733462, 5004082.090848468244076 ], [ 448324.0390346593922, 5004107.544525610283017 ], [ 448319.268664728733711, 5004133.283138499595225 ], [ 448315.851887342170812, 5004159.236139385960996 ], [ 448313.7980676490115, 5004185.332392897456884 ], [ 448313.112835026287939, 5004211.500371019355953 ], [ 448313.7980676490115, 5004237.668349141255021 ], [ 448315.851887342170812, 5004263.764602652750909 ], [ 448319.268664728733711, 5004289.717603539116681 ], [ 448324.0390346593922, 5004315.456216428428888 ], [ 448330.149921881733462, 5004340.90989357046783 ], [ 448337.58457687869668, 5004366.008868207223713 ], [ 448346.322621777711902, 5004390.684345792047679 ], [ 448356.340106204967014, 5004414.868692557327449 ], [ 448367.609572932124138, 5004438.49562088958919 ], [ 448380.100133134052157, 5004461.500371019355953 ], [ 448393.777551053557545, 5004483.819888526573777 ], [ 448408.604337838827632, 5004505.392997165210545 ], [ 448424.539854297821876, 5004526.160566544160247 ], [ 448441.540422287594993, 5004546.065674198791385 ], [ 448459.559444433019962, 5004565.05376161262393 ], [ 448478.547531846852507, 5004583.072783757932484 ], [ 448498.45263950136723, 5004600.073351748287678 ], [ 448519.220208880025893, 5004616.008868207223713 ], [ 448540.793317518779077, 5004630.835654991678894 ], [ 448563.112835026287939, 5004644.513072911649942 ], [ 448586.117585156520363, 5004657.003633113577962 ], [ 448609.74451348837465, 5004668.27309984061867 ], [ 448633.92886025365442, 5004678.290584268048406 ], [ 448658.604337838827632, 5004687.02862916700542 ], [ 448683.703312475001439, 5004694.463284163735807 ], [ 448709.156989617389627, 5004700.574171386659145 ], [ 448734.895602506177966, 5004705.344541316851974 ], [ 448760.848603392485529, 5004708.761318703182042 ], [ 448786.944856904796325, 5004710.815138396807015 ], [ 448813.112835026287939, 5004711.500371019355953 ], [ 448839.280813147779554, 5004710.815138396807015 ], [ 448865.37706666009035, 5004708.761318703182042 ], [ 448891.330067546397913, 5004705.344541316851974 ], [ 448917.068680435186252, 5004700.574171386659145 ], [ 448942.522357577574439, 5004694.463284163735807 ], [ 448967.621332213748246, 5004687.02862916700542 ], [ 448992.296809798921458, 5004678.290584268048406 ], [ 449016.481156564201228, 5004668.27309984061867 ], [ 449040.108084896055516, 5004657.003633113577962 ], [ 449063.112835026287939, 5004644.513072911649942 ], [ 449085.432352533796802, 5004630.835654991678894 ], [ 449107.005461172549985, 5004616.008868207223713 ], [ 449127.773030551208649, 5004600.073351748287678 ], [ 449147.678138205723371, 5004583.072783757932484 ], [ 449166.666225619555917, 5004565.05376161262393 ], [ 449184.685247764980886, 5004546.065674198791385 ], [ 449201.685815754754003, 5004526.160566544160247 ], [ 449217.621332213748246, 5004505.392997165210545 ], [ 449232.448118999018334, 5004483.819888526573777 ], [ 449246.125536918523721, 5004461.500371019355953 ], [ 449258.616097120451741, 5004438.49562088958919 ], [ 449269.885563847608864, 5004414.868692557327449 ], [ 449279.903048274863977, 5004390.684345792047679 ], [ 449288.641093173879199, 5004366.008868207223713 ], [ 449296.075748170842417, 5004340.90989357046783 ], [ 449302.186635393183678, 5004315.456216428428888 ], [ 449306.957005323842168, 5004289.717603539116681 ], [ 449310.373782710405067, 5004263.764602652750909 ], [ 449312.427602403564379, 5004237.668349141255021 ], [ 449313.112835026287939, 5004211.500371019355953 ] ] ] } },
{ "type": "Feature", "properties": { "site": 14, "transect": 14.2 }, "geometry": { "type": "Polygon", "coordinates": [ [ [ 448762.055950493144337, 5004155.494160602800548 ], [ 448761.370717870420776, 5004129.32618248090148 ], [ 448759.316898177261464, 5004103.229928969405591 ], [ 448755.900120790698566, 5004077.27692808303982 ], [ 448751.129750860040076, 5004051.538315193727612 ], [ 448745.018863637698814, 5004026.084638051688671 ], [ 448737.584208640735596, 5004000.985663414932787 ], [ 448728.846163741720375, 5003976.310185830108821 ], [ 448718.828679314465262, 5003952.125839064829051 ], [ 448707.559212587308139, 5003928.49891073256731 ], [ 448695.068652385380119, 5003905.494160602800548 ], [ 448681.391234465874732, 5003883.174643095582724 ], [ 448666.564447680604644, 5003861.601534456945956 ], [ 448650.628931221610401, 5003840.833965077996254 ], [ 448633.628363231837284, 5003820.928857423365116 ], [ 448615.609341086412314, 5003801.940770009532571 ], [ 448596.621253672579769, 5003783.921747864224017 ], [ 448576.716146018065047, 5003766.921179873868823 ], [ 448555.948576639406383, 5003750.985663414932787 ], [ 448534.3754680006532, 5003736.158876630477607 ], [ 448512.055950493144337, 5003722.481458710506558 ], [ 448489.051200362911914, 5003709.990898508578539 ], [ 448465.424272031057626, 5003698.721431781537831 ], [ 448441.239925265777856, 5003688.703947354108095 ], [ 448416.564447680604644, 5003679.965902455151081 ], [ 448391.465473044430837, 5003672.531247458420694 ], [ 448366.01179590204265, 5003666.420360235497355 ], [ 448340.273183013254311, 5003661.649990305304527 ], [ 448314.320182126946747, 5003658.233212918974459 ], [ 448288.223928614635952, 5003656.179393225349486 ], [ 448262.055950493144337, 5003655.494160602800548 ], [ 448235.887972371652722, 5003656.179393225349486 ], [ 448209.791718859341927, 5003658.233212918974459 ], [ 448183.838717973034363, 5003661.649990305304527 ], [ 448158.100105084246024, 5003666.420360235497355 ], [ 448132.646427941857837, 5003672.531247458420694 ], [ 448107.54745330568403, 5003679.965902455151081 ], [ 448082.871975720510818, 5003688.703947354108095 ], [ 448058.687628955231048, 5003698.721431781537831 ], [ 448035.060700623376761, 5003709.990898508578539 ], [ 448012.055950493144337, 5003722.481458710506558 ], [ 447989.736432985635474, 5003736.158876630477607 ], [ 447968.163324346882291, 5003750.985663414932787 ], [ 447947.395754968223628, 5003766.921179873868823 ], [ 447927.490647313708905, 5003783.921747864224017 ], [ 447908.50255989987636, 5003801.940770009532571 ], [ 447890.48353775445139, 5003820.928857423365116 ], [ 447873.482969764678273, 5003840.833965077996254 ], [ 447857.54745330568403, 5003861.601534456945956 ], [ 447842.720666520413943, 5003883.174643095582724 ], [ 447829.043248600908555, 5003905.494160602800548 ], [ 447816.552688398980536, 5003928.49891073256731 ], [ 447805.283221671823412, 5003952.125839064829051 ], [ 447795.2657372445683, 5003976.310185830108821 ], [ 447786.527692345553078, 5004000.985663414932787 ], [ 447779.09303734858986, 5004026.084638051688671 ], [ 447772.982150126248598, 5004051.538315193727612 ], [ 447768.211780195590109, 5004077.27692808303982 ], [ 447764.79500280902721, 5004103.229928969405591 ], [ 447762.741183115867898, 5004129.32618248090148 ], [ 447762.055950493144337, 5004155.494160602800548 ], [ 447762.741183115867898, 5004181.662138724699616 ], [ 447764.79500280902721, 5004207.758392236195505 ], [ 447768.211780195590109, 5004233.711393122561276 ], [ 447772.982150126248598, 5004259.450006011873484 ], [ 447779.09303734858986, 5004284.903683153912425 ], [ 447786.527692345553078, 5004310.002657790668309 ], [ 447795.2657372445683, 5004334.678135375492275 ], [ 447805.283221671823412, 5004358.862482140772045 ], [ 447816.552688398980536, 5004382.489410473033786 ], [ 447829.043248600908555, 5004405.494160602800548 ], [ 447842.720666520413943, 5004427.813678110018373 ], [ 447857.54745330568403, 5004449.38678674865514 ], [ 447873.482969764678273, 5004470.154356127604842 ], [ 447890.48353775445139, 5004490.05946378223598 ], [ 447908.50255989987636, 5004509.047551196068525 ], [ 447927.490647313708905, 5004527.066573341377079 ], [ 447947.395754968223628, 5004544.067141331732273 ], [ 447968.163324346882291, 5004560.002657790668309 ], [ 447989.736432985635474, 5004574.829444575123489 ], [ 448012.055950493144337, 5004588.506862495094538 ], [ 448035.060700623376761, 5004600.997422697022557 ], [ 448058.687628955231048, 5004612.266889424063265 ], [ 448082.871975720510818, 5004622.284373851493001 ], [ 448107.54745330568403, 5004631.022418750450015 ], [ 448132.646427941857837, 5004638.457073747180402 ], [ 448158.100105084246024, 5004644.567960970103741 ], [ 448183.838717973034363, 5004649.338330900296569 ], [ 448209.791718859341927, 5004652.755108286626637 ], [ 448235.887972371652722, 5004654.80892798025161 ], [ 448262.055950493144337, 5004655.494160602800548 ], [ 448288.223928614635952, 5004654.80892798025161 ], [ 448314.320182126946747, 5004652.755108286626637 ], [ 448340.273183013254311, 5004649.338330900296569 ], [ 448366.01179590204265, 5004644.567960970103741 ], [ 448391.465473044430837, 5004638.457073747180402 ], [ 448416.564447680604644, 5004631.022418750450015 ], [ 448441.239925265777856, 5004622.284373851493001 ], [ 448465.424272031057626, 5004612.266889424063265 ], [ 448489.051200362911914, 5004600.997422697022557 ], [ 448512.055950493144337, 5004588.506862495094538 ], [ 448534.3754680006532, 5004574.829444575123489 ], [ 448555.948576639406383, 5004560.002657790668309 ], [ 448576.716146018065047, 5004544.067141331732273 ], [ 448596.621253672579769, 5004527.066573341377079 ], [ 448615.609341086412314, 5004509.047551196068525 ], [ 448633.628363231837284, 5004490.05946378223598 ], [ 448650.628931221610401, 5004470.154356127604842 ], [ 448666.564447680604644, 5004449.38678674865514 ], [ 448681.391234465874732, 5004427.813678110018373 ], [ 448695.068652385380119, 5004405.494160602800548 ], [ 448707.559212587308139, 5004382.489410473033786 ], [ 448718.828679314465262, 5004358.862482140772045 ], [ 448728.846163741720375, 5004334.678135375492275 ], [ 448737.584208640735596, 5004310.002657790668309 ], [ 448745.018863637698814, 5004284.903683153912425 ], [ 448751.129750860040076, 5004259.450006011873484 ], [ 448755.900120790698566, 5004233.711393122561276 ], [ 448759.316898177261464, 5004207.758392236195505 ], [ 448761.370717870420776, 5004181.662138724699616 ], [ 448762.055950493144337, 5004155.494160602800548 ] ] ] } },
{ "type": "Feature", "properties": { "site": 14, "transect": 14.3 }, "geometry": { "type": "Polygon", "coordinates": [ [ [ 449753.886148936289828, 5004470.808536314405501 ], [ 449753.200916313566267, 5004444.640558192506433 ], [ 449751.147096620406955, 5004418.544304681010544 ], [ 449747.730319233844057, 5004392.591303794644773 ], [ 449742.959949303185567, 5004366.852690905332565 ], [ 449736.849062080844305, 5004341.399013763293624 ], [ 449729.414407083881088, 5004316.30003912653774 ], [ 449720.676362184865866, 5004291.624561541713774 ], [ 449710.658877757610753, 5004267.440214776434004 ], [ 449699.38941103045363, 5004243.813286444172263 ], [ 449686.89885082852561, 5004220.808536314405501 ], [ 449673.221432909020223, 5004198.489018807187676 ], [ 449658.394646123750135, 5004176.915910168550909 ], [ 449642.459129664755892, 5004156.148340789601207 ], [ 449625.458561674982775, 5004136.243233134970069 ], [ 449607.439539529557806, 5004117.255145721137524 ], [ 449588.45145211572526, 5004099.236123575828969 ], [ 449568.546344461210538, 5004082.235555585473776 ], [ 449547.778775082551874, 5004066.30003912653774 ], [ 449526.205666443798691, 5004051.47325234208256 ], [ 449503.886148936289828, 5004037.795834422111511 ], [ 449480.881398806057405, 5004025.305274220183492 ], [ 449457.254470474203117, 5004014.035807493142784 ], [ 449433.070123708923347, 5004004.018323065713048 ], [ 449408.394646123750135, 5003995.280278166756034 ], [ 449383.295671487576328, 5003987.845623170025647 ], [ 449357.841994345188141, 5003981.734735947102308 ], [ 449332.103381456399802, 5003976.96436601690948 ], [ 449306.150380570092238, 5003973.547588630579412 ], [ 449280.054127057781443, 5003971.493768936954439 ], [ 449253.886148936289828, 5003970.808536314405501 ], [ 449227.718170814798214, 5003971.493768936954439 ], [ 449201.621917302487418, 5003973.547588630579412 ], [ 449175.668916416179854, 5003976.96436601690948 ], [ 449149.930303527391516, 5003981.734735947102308 ], [ 449124.476626385003328, 5003987.845623170025647 ], [ 449099.377651748829521, 5003995.280278166756034 ], [ 449074.702174163656309, 5004004.018323065713048 ], [ 449050.517827398376539, 5004014.035807493142784 ], [ 449026.890899066522252, 5004025.305274220183492 ], [ 449003.886148936289828, 5004037.795834422111511 ], [ 448981.566631428780966, 5004051.47325234208256 ], [ 448959.993522790027782, 5004066.30003912653774 ], [ 448939.225953411369119, 5004082.235555585473776 ], [ 448919.320845756854396, 5004099.236123575828969 ], [ 448900.332758343021851, 5004117.255145721137524 ], [ 448882.313736197596882, 5004136.243233134970069 ], [ 448865.313168207823765, 5004156.148340789601207 ], [ 448849.377651748829521, 5004176.915910168550909 ], [ 448834.550864963559434, 5004198.489018807187676 ], [ 448820.873447044054046, 5004220.808536314405501 ], [ 448808.382886842126027, 5004243.813286444172263 ], [ 448797.113420114968903, 5004267.440214776434004 ], [ 448787.095935687713791, 5004291.624561541713774 ], [ 448778.357890788698569, 5004316.30003912653774 ], [ 448770.923235791735351, 5004341.399013763293624 ], [ 448764.812348569394089, 5004366.852690905332565 ], [ 448760.0419786387356, 5004392.591303794644773 ], [ 448756.625201252172701, 5004418.544304681010544 ], [ 448754.571381559013389, 5004444.640558192506433 ], [ 448753.886148936289828, 5004470.808536314405501 ], [ 448754.571381559013389, 5004496.976514436304569 ], [ 448756.625201252172701, 5004523.072767947800457 ], [ 448760.0419786387356, 5004549.025768834166229 ], [ 448764.812348569394089, 5004574.764381723478436 ], [ 448770.923235791735351, 5004600.218058865517378 ], [ 448778.357890788698569, 5004625.317033502273262 ], [ 448787.095935687713791, 5004649.992511087097228 ], [ 448797.113420114968903, 5004674.176857852376997 ], [ 448808.382886842126027, 5004697.803786184638739 ], [ 448820.873447044054046, 5004720.808536314405501 ], [ 448834.550864963559434, 5004743.128053821623325 ], [ 448849.377651748829521, 5004764.701162460260093 ], [ 448865.313168207823765, 5004785.468731839209795 ], [ 448882.313736197596882, 5004805.373839493840933 ], [ 448900.332758343021851, 5004824.361926907673478 ], [ 448919.320845756854396, 5004842.380949052982032 ], [ 448939.225953411369119, 5004859.381517043337226 ], [ 448959.993522790027782, 5004875.317033502273262 ], [ 448981.566631428780966, 5004890.143820286728442 ], [ 449003.886148936289828, 5004903.821238206699491 ], [ 449026.890899066522252, 5004916.31179840862751 ], [ 449050.517827398376539, 5004927.581265135668218 ], [ 449074.702174163656309, 5004937.598749563097954 ], [ 449099.377651748829521, 5004946.336794462054968 ], [ 449124.476626385003328, 5004953.771449458785355 ], [ 449149.930303527391516, 5004959.882336681708694 ], [ 449175.668916416179854, 5004964.652706611901522 ], [ 449201.621917302487418, 5004968.06948399823159 ], [ 449227.718170814798214, 5004970.123303691856563 ], [ 449253.886148936289828, 5004970.808536314405501 ], [ 449280.054127057781443, 5004970.123303691856563 ], [ 449306.150380570092238, 5004968.06948399823159 ], [ 449332.103381456399802, 5004964.652706611901522 ], [ 449357.841994345188141, 5004959.882336681708694 ], [ 449383.295671487576328, 5004953.771449458785355 ], [ 449408.394646123750135, 5004946.336794462054968 ], [ 449433.070123708923347, 5004937.598749563097954 ], [ 449457.254470474203117, 5004927.581265135668218 ], [ 449480.881398806057405, 5004916.31179840862751 ], [ 449503.886148936289828, 5004903.821238206699491 ], [ 449526.205666443798691, 5004890.143820286728442 ], [ 449547.778775082551874, 5004875.317033502273262 ], [ 449568.546344461210538, 5004859.381517043337226 ], [ 449588.45145211572526, 5004842.380949052982032 ], [ 449607.439539529557806, 5004824.361926907673478 ], [ 449625.458561674982775, 5004805.373839493840933 ], [ 449642.459129664755892, 5004785.468731839209795 ], [ 449658.394646123750135, 5004764.701162460260093 ], [ 449673.221432909020223, 5004743.128053821623325 ], [ 449686.89885082852561, 5004720.808536314405501 ], [ 449699.38941103045363, 5004697.803786184638739 ], [ 449710.658877757610753, 5004674.176857852376997 ], [ 449720.676362184865866, 5004649.992511087097228 ], [ 449729.414407083881088, 5004625.317033502273262 ], [ 449736.849062080844305, 5004600.218058865517378 ], [ 449742.959949303185567, 5004574.764381723478436 ], [ 449747.730319233844057, 5004549.025768834166229 ], [ 449751.147096620406955, 5004523.072767947800457 ], [ 449753.200916313566267, 5004496.976514436304569 ], [ 449753.886148936289828, 5004470.808536314405501 ] ] ] } },
{ "type": "Feature", "properties": { "site": 14, "transect": 14.4 }, "geometry": { "type": "Polygon", "coordinates": [ [ [ 449032.502366331522353, 5004237.370211380533874 ], [ 449031.817133708798792, 5004211.202233258634806 ], [ 449029.76331401563948, 5004185.105979747138917 ], [ 449026.346536629076581, 5004159.152978860773146 ], [ 449021.576166698418092, 5004133.414365971460938 ], [ 449015.46527947607683, 5004107.960688829421997 ], [ 449008.030624479113612, 5004082.861714192666113 ], [ 448999.292579580098391, 5004058.186236607842147 ], [ 448989.275095152843278, 5004034.001889842562377 ], [ 448978.005628425686155, 5004010.374961510300636 ], [ 448965.515068223758135, 5003987.370211380533874 ], [ 448951.837650304252747, 5003965.05069387331605 ], [ 448937.01086351898266, 5003943.477585234679282 ], [ 448921.075347059988417, 5003922.71001585572958 ], [ 448904.0747790702153, 5003902.804908201098442 ], [ 448886.05575692479033, 5003883.816820787265897 ], [ 448867.067669510957785, 5003865.797798641957343 ], [ 448847.162561856443062, 5003848.797230651602149 ], [ 448826.394992477784399, 5003832.861714192666113 ], [ 448804.821883839031216, 5003818.034927408210933 ], [ 448782.502366331522353, 5003804.357509488239884 ], [ 448759.497616201289929, 5003791.866949286311865 ], [ 448735.870687869435642, 5003780.597482559271157 ], [ 448711.686341104155872, 5003770.579998131841421 ], [ 448687.01086351898266, 5003761.841953232884407 ], [ 448661.911888882808853, 5003754.40729823615402 ], [ 448636.458211740420666, 5003748.296411013230681 ], [ 448610.719598851632327, 5003743.526041083037853 ], [ 448584.766597965324763, 5003740.109263696707785 ], [ 448558.670344453013968, 5003738.055444003082812 ], [ 448532.502366331522353, 5003737.370211380533874 ], [ 448506.334388210030738, 5003738.055444003082812 ], [ 448480.238134697719943, 5003740.109263696707785 ], [ 448454.285133811412379, 5003743.526041083037853 ], [ 448428.54652092262404, 5003748.296411013230681 ], [ 448403.092843780235853, 5003754.40729823615402 ], [ 448377.993869144062046, 5003761.841953232884407 ], [ 448353.318391558888834, 5003770.579998131841421 ], [ 448329.134044793609064, 5003780.597482559271157 ], [ 448305.507116461754777, 5003791.866949286311865 ], [ 448282.502366331522353, 5003804.357509488239884 ], [ 448260.18284882401349, 5003818.034927408210933 ], [ 448238.609740185260307, 5003832.861714192666113 ], [ 448217.842170806601644, 5003848.797230651602149 ], [ 448197.937063152086921, 5003865.797798641957343 ], [ 448178.948975738254376, 5003883.816820787265897 ], [ 448160.929953592829406, 5003902.804908201098442 ], [ 448143.929385603056289, 5003922.71001585572958 ], [ 448127.993869144062046, 5003943.477585234679282 ], [ 448113.167082358791959, 5003965.05069387331605 ], [ 448099.489664439286571, 5003987.370211380533874 ], [ 448086.999104237358551, 5004010.374961510300636 ], [ 448075.729637510201428, 5004034.001889842562377 ], [ 448065.712153082946315, 5004058.186236607842147 ], [ 448056.974108183931094, 5004082.861714192666113 ], [ 448049.539453186967876, 5004107.960688829421997 ], [ 448043.428565964626614, 5004133.414365971460938 ], [ 448038.658196033968125, 5004159.152978860773146 ], [ 448035.241418647405226, 5004185.105979747138917 ], [ 448033.187598954245914, 5004211.202233258634806 ], [ 448032.502366331522353, 5004237.370211380533874 ], [ 448033.187598954245914, 5004263.538189502432942 ], [ 448035.241418647405226, 5004289.634443013928831 ], [ 448038.658196033968125, 5004315.587443900294602 ], [ 448043.428565964626614, 5004341.32605678960681 ], [ 448049.539453186967876, 5004366.779733931645751 ], [ 448056.974108183931094, 5004391.878708568401635 ], [ 448065.712153082946315, 5004416.554186153225601 ], [ 448075.729637510201428, 5004440.738532918505371 ], [ 448086.999104237358551, 5004464.365461250767112 ], [ 448099.489664439286571, 5004487.370211380533874 ], [ 448113.167082358791959, 5004509.689728887751698 ], [ 448127.993869144062046, 5004531.262837526388466 ], [ 448143.929385603056289, 5004552.030406905338168 ], [ 448160.929953592829406, 5004571.935514559969306 ], [ 448178.948975738254376, 5004590.923601973801851 ], [ 448197.937063152086921, 5004608.942624119110405 ], [ 448217.842170806601644, 5004625.943192109465599 ], [ 448238.609740185260307, 5004641.878708568401635 ], [ 448260.18284882401349, 5004656.705495352856815 ], [ 448282.502366331522353, 5004670.382913272827864 ], [ 448305.507116461754777, 5004682.873473474755883 ], [ 448329.134044793609064, 5004694.142940201796591 ], [ 448353.318391558888834, 5004704.160424629226327 ], [ 448377.993869144062046, 5004712.898469528183341 ], [ 448403.092843780235853, 5004720.333124524913728 ], [ 448428.54652092262404, 5004726.444011747837067 ], [ 448454.285133811412379, 5004731.214381678029895 ], [ 448480.238134697719943, 5004734.631159064359963 ], [ 448506.334388210030738, 5004736.684978757984936 ], [ 448532.502366331522353, 5004737.370211380533874 ], [ 448558.670344453013968, 5004736.684978757984936 ], [ 448584.766597965324763, 5004734.631159064359963 ], [ 448610.719598851632327, 5004731.214381678029895 ], [ 448636.458211740420666, 5004726.444011747837067 ], [ 448661.911888882808853, 5004720.333124524913728 ], [ 448687.01086351898266, 5004712.898469528183341 ], [ 448711.686341104155872, 5004704.160424629226327 ], [ 448735.870687869435642, 5004694.142940201796591 ], [ 448759.497616201289929, 5004682.873473474755883 ], [ 448782.502366331522353, 5004670.382913272827864 ], [ 448804.821883839031216, 5004656.705495352856815 ], [ 448826.394992477784399, 5004641.878708568401635 ], [ 448847.162561856443062, 5004625.943192109465599 ], [ 448867.067669510957785, 5004608.942624119110405 ], [ 448886.05575692479033, 5004590.923601973801851 ], [ 448904.0747790702153, 5004571.935514559969306 ], [ 448921.075347059988417, 5004552.030406905338168 ], [ 448937.01086351898266, 5004531.262837526388466 ], [ 448951.837650304252747, 5004509.689728887751698 ], [ 448965.515068223758135, 5004487.370211380533874 ], [ 448978.005628425686155, 5004464.365461250767112 ], [ 448989.275095152843278, 5004440.738532918505371 ], [ 448999.292579580098391, 5004416.554186153225601 ], [ 449008.030624479113612, 5004391.878708568401635 ], [ 449015.46527947607683, 5004366.779733931645751 ], [ 449021.576166698418092, 5004341.32605678960681 ], [ 449026.346536629076581, 5004315.587443900294602 ], [ 449029.76331401563948, 5004289.634443013928831 ], [ 449031.817133708798792, 5004263.538189502432942 ], [ 449032.502366331522353, 5004237.370211380533874 ] ] ] } },
{ "type": "Feature", "properties": { "site": 15, "transect": 15.1 }, "geometry": { "type": "Polygon", "coordinates": [ [ [ 347572.82781097793486, 5031923.533160698600113 ], [ 347572.142578355211299, 5031897.365182576701045 ], [ 347570.088758662051987, 5031871.268929065205157 ], [ 347566.671981275489088, 5031845.315928178839386 ], [ 347561.901611344830599, 5031819.577315289527178 ], [ 347555.790724122489337, 5031794.123638147488236 ], [ 347548.356069125526119, 5031769.024663510732353 ], [ 347539.618024226510897, 5031744.349185925908387 ], [ 347529.600539799255785, 5031720.164839160628617 ], [ 347518.331073072098661, 5031696.537910828366876 ], [ 347505.840512870170642, 5031673.533160698600113 ], [ 347492.163094950665254, 5031651.213643191382289 ], [ 347477.336308165395167, 5031629.640534552745521 ], [ 347461.400791706400923, 5031608.872965173795819 ], [ 347444.400223716627806, 5031588.967857519164681 ], [ 347426.381201571202837, 5031569.979770105332136 ], [ 347407.393114157370292, 5031551.960747960023582 ], [ 347387.488006502855569, 5031534.960179969668388 ], [ 347366.720437124196906, 5031519.024663510732353 ], [ 347345.147328485443722, 5031504.197876726277173 ], [ 347322.82781097793486, 5031490.520458806306124 ], [ 347299.823060847702436, 5031478.029898604378104 ], [ 347276.196132515848149, 5031466.760431877337396 ], [ 347252.011785750568379, 5031456.74294744990766 ], [ 347227.336308165395167, 5031448.004902550950646 ], [ 347202.23733352922136, 5031440.570247554220259 ], [ 347176.783656386833172, 5031434.459360331296921 ], [ 347151.045043498044834, 5031429.688990401104093 ], [ 347125.09204261173727, 5031426.272213014774024 ], [ 347098.995789099426474, 5031424.218393321149051 ], [ 347072.82781097793486, 5031423.533160698600113 ], [ 347046.659832856443245, 5031424.218393321149051 ], [ 347020.563579344132449, 5031426.272213014774024 ], [ 346994.610578457824886, 5031429.688990401104093 ], [ 346968.871965569036547, 5031434.459360331296921 ], [ 346943.41828842664836, 5031440.570247554220259 ], [ 346918.319313790474553, 5031448.004902550950646 ], [ 346893.643836205301341, 5031456.74294744990766 ], [ 346869.459489440021571, 5031466.760431877337396 ], [ 346845.832561108167283, 5031478.029898604378104 ], [ 346822.82781097793486, 5031490.520458806306124 ], [ 346800.508293470425997, 5031504.197876726277173 ], [ 346778.935184831672814, 5031519.024663510732353 ], [ 346758.16761545301415, 5031534.960179969668388 ], [ 346738.262507798499428, 5031551.960747960023582 ], [ 346719.274420384666882, 5031569.979770105332136 ], [ 346701.255398239241913, 5031588.967857519164681 ], [ 346684.254830249468796, 5031608.872965173795819 ], [ 346668.319313790474553, 5031629.640534552745521 ], [ 346653.492527005204465, 5031651.213643191382289 ], [ 346639.815109085699078, 5031673.533160698600113 ], [ 346627.324548883771058, 5031696.537910828366876 ], [ 346616.055082156613935, 5031720.164839160628617 ], [ 346606.037597729358822, 5031744.349185925908387 ], [ 346597.2995528303436, 5031769.024663510732353 ], [ 346589.864897833380383, 5031794.123638147488236 ], [ 346583.754010611039121, 5031819.577315289527178 ], [ 346578.983640680380631, 5031845.315928178839386 ], [ 346575.566863293817732, 5031871.268929065205157 ], [ 346573.51304360065842, 5031897.365182576701045 ], [ 346572.82781097793486, 5031923.533160698600113 ], [ 346573.51304360065842, 5031949.701138820499182 ], [ 346575.566863293817732, 5031975.79739233199507 ], [ 346578.983640680380631, 5032001.750393218360841 ], [ 346583.754010611039121, 5032027.489006107673049 ], [ 346589.864897833380383, 5032052.94268324971199 ], [ 346597.2995528303436, 5032078.041657886467874 ], [ 346606.037597729358822, 5032102.71713547129184 ], [ 346616.055082156613935, 5032126.90148223657161 ], [ 346627.324548883771058, 5032150.528410568833351 ], [ 346639.815109085699078, 5032173.533160698600113 ], [ 346653.492527005204465, 5032195.852678205817938 ], [ 346668.319313790474553, 5032217.425786844454706 ], [ 346684.254830249468796, 5032238.193356223404408 ], [ 346701.255398239241913, 5032258.098463878035545 ], [ 346719.274420384666882, 5032277.086551291868091 ], [ 346738.262507798499428, 5032295.105573437176645 ], [ 346758.16761545301415, 5032312.106141427531838 ], [ 346778.935184831672814, 5032328.041657886467874 ], [ 346800.508293470425997, 5032342.868444670923054 ], [ 346822.82781097793486, 5032356.545862590894103 ], [ 346845.832561108167283, 5032369.036422792822123 ], [ 346869.459489440021571, 5032380.305889519862831 ], [ 346893.643836205301341, 5032390.323373947292566 ], [ 346918.319313790474553, 5032399.06141884624958 ], [ 346943.41828842664836, 5032406.496073842979968 ], [ 346968.871965569036547, 5032412.606961065903306 ], [ 346994.610578457824886, 5032417.377330996096134 ], [ 347020.563579344132449, 5032420.794108382426202 ], [ 347046.659832856443245, 5032422.847928076051176 ], [ 347072.82781097793486, 5032423.533160698600113 ], [ 347098.995789099426474, 5032422.847928076051176 ], [ 347125.09204261173727, 5032420.794108382426202 ], [ 347151.045043498044834, 5032417.377330996096134 ], [ 347176.783656386833172, 5032412.606961065903306 ], [ 347202.23733352922136, 5032406.496073842979968 ], [ 347227.336308165395167, 5032399.06141884624958 ], [ 347252.011785750568379, 5032390.323373947292566 ], [ 347276.196132515848149, 5032380.305889519862831 ], [ 347299.823060847702436, 5032369.036422792822123 ], [ 347322.82781097793486, 5032356.545862590894103 ], [ 347345.147328485443722, 5032342.868444670923054 ], [ 347366.720437124196906, 5032328.041657886467874 ], [ 347387.488006502855569, 5032312.106141427531838 ], [ 347407.393114157370292, 5032295.105573437176645 ], [ 347426.381201571202837, 5032277.086551291868091 ], [ 347444.400223716627806, 5032258.098463878035545 ], [ 347461.400791706400923, 5032238.193356223404408 ], [ 347477.336308165395167, 5032217.425786844454706 ], [ 347492.163094950665254, 5032195.852678205817938 ], [ 347505.840512870170642, 5032173.533160698600113 ], [ 347518.331073072098661, 5032150.528410568833351 ], [ 347529.600539799255785, 5032126.90148223657161 ], [ 347539.618024226510897, 5032102.71713547129184 ], [ 347548.356069125526119, 5032078.041657886467874 ], [ 347555.790724122489337, 5032052.94268324971199 ], [ 347561.901611344830599, 5032027.489006107673049 ], [ 347566.671981275489088, 5032001.750393218360841 ], [ 347570.088758662051987, 5031975.79739233199507 ], [ 347572.142578355211299, 5031949.701138820499182 ], [ 347572.82781097793486, 5031923.533160698600113 ] ] ] } },
{ "type": "Feature", "properties": { "site": 15, "transect": 15.2 }, "geometry": { "type": "Polygon", "coordinates": [ [ [ 347683.545607445237692, 5032194.778090464882553 ], [ 347682.860374822514132, 5032168.610112342983484 ], [ 347680.80655512935482, 5032142.513858831487596 ], [ 347677.389777742791921, 5032116.560857945121825 ], [ 347672.619407812133431, 5032090.822245055809617 ], [ 347666.50852058979217, 5032065.368567913770676 ], [ 347659.073865592828952, 5032040.269593277014792 ], [ 347650.33582069381373, 5032015.594115692190826 ], [ 347640.318336266558617, 5031991.409768926911056 ], [ 347629.048869539401494, 5031967.782840594649315 ], [ 347616.558309337473474, 5031944.778090464882553 ], [ 347602.880891417968087, 5031922.458572957664728 ], [ 347588.054104632697999, 5031900.88546431902796 ], [ 347572.118588173703756, 5031880.117894940078259 ], [ 347555.118020183930639, 5031860.212787285447121 ], [ 347537.09899803850567, 5031841.224699871614575 ], [ 347518.110910624673124, 5031823.205677726306021 ], [ 347498.205802970158402, 5031806.205109735950828 ], [ 347477.438233591499738, 5031790.269593277014792 ], [ 347455.865124952746555, 5031775.442806492559612 ], [ 347433.545607445237692, 5031761.765388572588563 ], [ 347410.540857315005269, 5031749.274828370660543 ], [ 347386.913928983150981, 5031738.005361643619835 ], [ 347362.729582217871211, 5031727.9878772161901 ], [ 347338.054104632697999, 5031719.249832317233086 ], [ 347312.955129996524192, 5031711.815177320502698 ], [ 347287.501452854136005, 5031705.70429009757936 ], [ 347261.762839965347666, 5031700.933920167386532 ], [ 347235.809839079040103, 5031697.517142781056464 ], [ 347209.713585566729307, 5031695.46332308743149 ], [ 347183.545607445237692, 5031694.778090464882553 ], [ 347157.377629323746078, 5031695.46332308743149 ], [ 347131.281375811435282, 5031697.517142781056464 ], [ 347105.328374925127719, 5031700.933920167386532 ], [ 347079.58976203633938, 5031705.70429009757936 ], [ 347054.136084893951192, 5031711.815177320502698 ], [ 347029.037110257777385, 5031719.249832317233086 ], [ 347004.361632672604173, 5031727.9878772161901 ], [ 346980.177285907324404, 5031738.005361643619835 ], [ 346956.550357575470116, 5031749.274828370660543 ], [ 346933.545607445237692, 5031761.765388572588563 ], [ 346911.22608993772883, 5031775.442806492559612 ], [ 346889.652981298975646, 5031790.269593277014792 ], [ 346868.885411920316983, 5031806.205109735950828 ], [ 346848.98030426580226, 5031823.205677726306021 ], [ 346829.992216851969715, 5031841.224699871614575 ], [ 346811.973194706544746, 5031860.212787285447121 ], [ 346794.972626716771629, 5031880.117894940078259 ], [ 346779.037110257777385, 5031900.88546431902796 ], [ 346764.210323472507298, 5031922.458572957664728 ], [ 346750.53290555300191, 5031944.778090464882553 ], [ 346738.042345351073891, 5031967.782840594649315 ], [ 346726.772878623916768, 5031991.409768926911056 ], [ 346716.755394196661655, 5032015.594115692190826 ], [ 346708.017349297646433, 5032040.269593277014792 ], [ 346700.582694300683215, 5032065.368567913770676 ], [ 346694.471807078341953, 5032090.822245055809617 ], [ 346689.701437147683464, 5032116.560857945121825 ], [ 346686.284659761120565, 5032142.513858831487596 ], [ 346684.230840067961253, 5032168.610112342983484 ], [ 346683.545607445237692, 5032194.778090464882553 ], [ 346684.230840067961253, 5032220.946068586781621 ], [ 346686.284659761120565, 5032247.042322098277509 ], [ 346689.701437147683464, 5032272.995322984643281 ], [ 346694.471807078341953, 5032298.733935873955488 ], [ 346700.582694300683215, 5032324.18761301599443 ], [ 346708.017349297646433, 5032349.286587652750313 ], [ 346716.755394196661655, 5032373.962065237574279 ], [ 346726.772878623916768, 5032398.146412002854049 ], [ 346738.042345351073891, 5032421.77334033511579 ], [ 346750.53290555300191, 5032444.778090464882553 ], [ 346764.210323472507298, 5032467.097607972100377 ], [ 346779.037110257777385, 5032488.670716610737145 ], [ 346794.972626716771629, 5032509.438285989686847 ], [ 346811.973194706544746, 5032529.343393644317985 ], [ 346829.992216851969715, 5032548.33148105815053 ], [ 346848.98030426580226, 5032566.350503203459084 ], [ 346868.885411920316983, 5032583.351071193814278 ], [ 346889.652981298975646, 5032599.286587652750313 ], [ 346911.22608993772883, 5032614.113374437205493 ], [ 346933.545607445237692, 5032627.790792357176542 ], [ 346956.550357575470116, 5032640.281352559104562 ], [ 346980.177285907324404, 5032651.55081928614527 ], [ 347004.361632672604173, 5032661.568303713575006 ], [ 347029.037110257777385, 5032670.30634861253202 ], [ 347054.136084893951192, 5032677.741003609262407 ], [ 347079.58976203633938, 5032683.851890832185745 ], [ 347105.328374925127719, 5032688.622260762378573 ], [ 347131.281375811435282, 5032692.039038148708642 ], [ 347157.377629323746078, 5032694.092857842333615 ], [ 347183.545607445237692, 5032694.778090464882553 ], [ 347209.713585566729307, 5032694.092857842333615 ], [ 347235.809839079040103, 5032692.039038148708642 ], [ 347261.762839965347666, 5032688.622260762378573 ], [ 347287.501452854136005, 5032683.851890832185745 ], [ 347312.955129996524192, 5032677.741003609262407 ], [ 347338.054104632697999, 5032670.30634861253202 ], [ 347362.729582217871211, 5032661.568303713575006 ], [ 347386.913928983150981, 5032651.55081928614527 ], [ 347410.540857315005269, 5032640.281352559104562 ], [ 347433.545607445237692, 5032627.790792357176542 ], [ 347455.865124952746555, 5032614.113374437205493 ], [ 347477.438233591499738, 5032599.286587652750313 ], [ 347498.205802970158402, 5032583.351071193814278 ], [ 347518.110910624673124, 5032566.350503203459084 ], [ 347537.09899803850567, 5032548.33148105815053 ], [ 347555.118020183930639, 5032529.343393644317985 ], [ 347572.118588173703756, 5032509.438285989686847 ], [ 347588.054104632697999, 5032488.670716610737145 ], [ 347602.880891417968087, 5032467.097607972100377 ], [ 347616.558309337473474, 5032444.778090464882553 ], [ 347629.048869539401494, 5032421.77334033511579 ], [ 347640.318336266558617, 5032398.146412002854049 ], [ 347650.33582069381373, 5032373.962065237574279 ], [ 347659.073865592828952, 5032349.286587652750313 ], [ 347666.50852058979217, 5032324.18761301599443 ], [ 347672.619407812133431, 5032298.733935873955488 ], [ 347677.389777742791921, 5032272.995322984643281 ], [ 347680.80655512935482, 5032247.042322098277509 ], [ 347682.860374822514132, 5032220.946068586781621 ], [ 347683.545607445237692, 5032194.778090464882553 ] ] ] } },
{ "type": "Feature", "properties": { "site": 15, "transect": 15.3 }, "geometry": { "type": "Polygon", "coordinates": [ [ [ 347594.525089100934565, 5032243.99028950650245 ], [ 347593.839856478211004, 5032217.822311384603381 ], [ 347591.786036785051692, 5032191.726057873107493 ], [ 347588.369259398488794, 5032165.773056986741722 ], [ 347583.598889467830304, 5032140.034444097429514 ], [ 347577.488002245489042, 5032114.580766955390573 ], [ 347570.053347248525824, 5032089.481792318634689 ], [ 347561.315302349510603, 5032064.806314733810723 ], [ 347551.29781792225549, 5032040.621967968530953 ], [ 347540.028351195098367, 5032016.995039636269212 ], [ 347527.537790993170347, 5031993.99028950650245 ], [ 347513.86037307366496, 5031971.670771999284625 ], [ 347499.033586288394872, 5031950.097663360647857 ], [ 347483.098069829400629, 5031929.330093981698155 ], [ 347466.097501839627512, 5031909.424986327067018 ], [ 347448.078479694202542, 5031890.436898913234472 ], [ 347429.090392280369997, 5031872.417876767925918 ], [ 347409.185284625855274, 5031855.417308777570724 ], [ 347388.417715247196611, 5031839.481792318634689 ], [ 347366.844606608443428, 5031824.655005534179509 ], [ 347344.525089100934565, 5031810.97758761420846 ], [ 347321.520338970702142, 5031798.48702741228044 ], [ 347297.893410638847854, 5031787.217560685239732 ], [ 347273.709063873568084, 5031777.200076257809997 ], [ 347249.033586288394872, 5031768.462031358852983 ], [ 347223.934611652221065, 5031761.027376362122595 ], [ 347198.480934509832878, 5031754.916489139199257 ], [ 347172.742321621044539, 5031750.146119209006429 ], [ 347146.789320734736975, 5031746.729341822676361 ], [ 347120.69306722242618, 5031744.675522129051387 ], [ 347094.525089100934565, 5031743.99028950650245 ], [ 347068.35711097944295, 5031744.675522129051387 ], [ 347042.260857467132155, 5031746.729341822676361 ], [ 347016.307856580824591, 5031750.146119209006429 ], [ 346990.569243692036252, 5031754.916489139199257 ], [ 346965.115566549648065, 5031761.027376362122595 ], [ 346940.016591913474258, 5031768.462031358852983 ], [ 346915.341114328301046, 5031777.200076257809997 ], [ 346891.156767563021276, 5031787.217560685239732 ], [ 346867.529839231166989, 5031798.48702741228044 ], [ 346844.525089100934565, 5031810.97758761420846 ], [ 346822.205571593425702, 5031824.655005534179509 ], [ 346800.632462954672519, 5031839.481792318634689 ], [ 346779.864893576013856, 5031855.417308777570724 ], [ 346759.959785921499133, 5031872.417876767925918 ], [ 346740.971698507666588, 5031890.436898913234472 ], [ 346722.952676362241618, 5031909.424986327067018 ], [ 346705.952108372468501, 5031929.330093981698155 ], [ 346690.016591913474258, 5031950.097663360647857 ], [ 346675.189805128204171, 5031971.670771999284625 ], [ 346661.512387208698783, 5031993.99028950650245 ], [ 346649.021827006770764, 5032016.995039636269212 ], [ 346637.75236027961364, 5032040.621967968530953 ], [ 346627.734875852358527, 5032064.806314733810723 ], [ 346618.996830953343306, 5032089.481792318634689 ], [ 346611.562175956380088, 5032114.580766955390573 ], [ 346605.451288734038826, 5032140.034444097429514 ], [ 346600.680918803380337, 5032165.773056986741722 ], [ 346597.264141416817438, 5032191.726057873107493 ], [ 346595.210321723658126, 5032217.822311384603381 ], [ 346594.525089100934565, 5032243.99028950650245 ], [ 346595.210321723658126, 5032270.158267628401518 ], [ 346597.264141416817438, 5032296.254521139897406 ], [ 346600.680918803380337, 5032322.207522026263177 ], [ 346605.451288734038826, 5032347.946134915575385 ], [ 346611.562175956380088, 5032373.399812057614326 ], [ 346618.996830953343306, 5032398.49878669437021 ], [ 346627.734875852358527, 5032423.174264279194176 ], [ 346637.75236027961364, 5032447.358611044473946 ], [ 346649.021827006770764, 5032470.985539376735687 ], [ 346661.512387208698783, 5032493.99028950650245 ], [ 346675.189805128204171, 5032516.309807013720274 ], [ 346690.016591913474258, 5032537.882915652357042 ], [ 346705.952108372468501, 5032558.650485031306744 ], [ 346722.952676362241618, 5032578.555592685937881 ], [ 346740.971698507666588, 5032597.543680099770427 ], [ 346759.959785921499133, 5032615.562702245078981 ], [ 346779.864893576013856, 5032632.563270235434175 ], [ 346800.632462954672519, 5032648.49878669437021 ], [ 346822.205571593425702, 5032663.32557347882539 ], [ 346844.525089100934565, 5032677.002991398796439 ], [ 346867.529839231166989, 5032689.493551600724459 ], [ 346891.156767563021276, 5032700.763018327765167 ], [ 346915.341114328301046, 5032710.780502755194902 ], [ 346940.016591913474258, 5032719.518547654151917 ], [ 346965.115566549648065, 5032726.953202650882304 ], [ 346990.569243692036252, 5032733.064089873805642 ], [ 347016.307856580824591, 5032737.83445980399847 ], [ 347042.260857467132155, 5032741.251237190328538 ], [ 347068.35711097944295, 5032743.305056883953512 ], [ 347094.525089100934565, 5032743.99028950650245 ], [ 347120.69306722242618, 5032743.305056883953512 ], [ 347146.789320734736975, 5032741.251237190328538 ], [ 347172.742321621044539, 5032737.83445980399847 ], [ 347198.480934509832878, 5032733.064089873805642 ], [ 347223.934611652221065, 5032726.953202650882304 ], [ 347249.033586288394872, 5032719.518547654151917 ], [ 347273.709063873568084, 5032710.780502755194902 ], [ 347297.893410638847854, 5032700.763018327765167 ], [ 347321.520338970702142, 5032689.493551600724459 ], [ 347344.525089100934565, 5032677.002991398796439 ], [ 347366.844606608443428, 5032663.32557347882539 ], [ 347388.417715247196611, 5032648.49878669437021 ], [ 347409.185284625855274, 5032632.563270235434175 ], [ 347429.090392280369997, 5032615.562702245078981 ], [ 347448.078479694202542, 5032597.543680099770427 ], [ 347466.097501839627512, 5032578.555592685937881 ], [ 347483.098069829400629, 5032558.650485031306744 ], [ 347499.033586288394872, 5032537.882915652357042 ], [ 347513.86037307366496, 5032516.309807013720274 ], [ 347527.537790993170347, 5032493.99028950650245 ], [ 347540.028351195098367, 5032470.985539376735687 ], [ 347551.29781792225549, 5032447.358611044473946 ], [ 347561.315302349510603, 5032423.174264279194176 ], [ 347570.053347248525824, 5032398.49878669437021 ], [ 347577.488002245489042, 5032373.399812057614326 ], [ 347583.598889467830304, 5032347.946134915575385 ], [ 347588.369259398488794, 5032322.207522026263177 ], [ 347591.786036785051692, 5032296.254521139897406 ], [ 347593.839856478211004, 5032270.158267628401518 ], [ 347594.525089100934565, 5032243.99028950650245 ] ] ] } },
{ "type": "Feature", "properties": { "site": 15, "transect": 15.4 }, "geometry": { "type": "Polygon", "coordinates": [ [ [ 347641.327521510538645, 5032118.820975803770125 ], [ 347640.642288887815084, 5032092.652997681871057 ], [ 347638.588469194655772, 5032066.556744170375168 ], [ 347635.171691808092874, 5032040.603743284009397 ], [ 347630.401321877434384, 5032014.865130394697189 ], [ 347624.290434655093122, 5031989.411453252658248 ], [ 347616.855779658129904, 5031964.312478615902364 ], [ 347608.117734759114683, 5031939.637001031078398 ], [ 347598.10025033185957, 5031915.452654265798628 ], [ 347586.830783604702447, 5031891.825725933536887 ], [ 347574.340223402774427, 5031868.820975803770125 ], [ 347560.66280548326904, 5031846.5014582965523 ], [ 347545.836018697998952, 5031824.928349657915533 ], [ 347529.900502239004709, 5031804.160780278965831 ], [ 347512.899934249231592, 5031784.255672624334693 ], [ 347494.880912103806622, 5031765.267585210502148 ], [ 347475.892824689974077, 5031747.248563065193594 ], [ 347455.987717035459355, 5031730.2479950748384 ], [ 347435.220147656800691, 5031714.312478615902364 ], [ 347413.647039018047508, 5031699.485691831447184 ], [ 347391.327521510538645, 5031685.808273911476135 ], [ 347368.322771380306222, 5031673.317713709548116 ], [ 347344.695843048451934, 5031662.048246982507408 ], [ 347320.511496283172164, 5031652.030762555077672 ], [ 347295.836018697998952, 5031643.292717656120658 ], [ 347270.737044061825145, 5031635.858062659390271 ], [ 347245.283366919436958, 5031629.747175436466932 ], [ 347219.544754030648619, 5031624.976805506274104 ], [ 347193.591753144341055, 5031621.560028119944036 ], [ 347167.49549963203026, 5031619.506208426319063 ], [ 347141.327521510538645, 5031618.820975803770125 ], [ 347115.15954338904703, 5031619.506208426319063 ], [ 347089.063289876736235, 5031621.560028119944036 ], [ 347063.110288990428671, 5031624.976805506274104 ], [ 347037.371676101640332, 5031629.747175436466932 ], [ 347011.917998959252145, 5031635.858062659390271 ], [ 346986.819024323078338, 5031643.292717656120658 ], [ 346962.143546737905126, 5031652.030762555077672 ], [ 346937.959199972625356, 5031662.048246982507408 ], [ 346914.332271640771069, 5031673.317713709548116 ], [ 346891.327521510538645, 5031685.808273911476135 ], [ 346869.008004003029782, 5031699.485691831447184 ], [ 346847.434895364276599, 5031714.312478615902364 ], [ 346826.667325985617936, 5031730.2479950748384 ], [ 346806.762218331103213, 5031747.248563065193594 ], [ 346787.774130917270668, 5031765.267585210502148 ], [ 346769.755108771845698, 5031784.255672624334693 ], [ 346752.754540782072581, 5031804.160780278965831 ], [ 346736.819024323078338, 5031824.928349657915533 ], [ 346721.992237537808251, 5031846.5014582965523 ], [ 346708.314819618302863, 5031868.820975803770125 ], [ 346695.824259416374844, 5031891.825725933536887 ], [ 346684.55479268921772, 5031915.452654265798628 ], [ 346674.537308261962608, 5031939.637001031078398 ], [ 346665.799263362947386, 5031964.312478615902364 ], [ 346658.364608365984168, 5031989.411453252658248 ], [ 346652.253721143642906, 5032014.865130394697189 ], [ 346647.483351212984417, 5032040.603743284009397 ], [ 346644.066573826421518, 5032066.556744170375168 ], [ 346642.012754133262206, 5032092.652997681871057 ], [ 346641.327521510538645, 5032118.820975803770125 ], [ 346642.012754133262206, 5032144.988953925669193 ], [ 346644.066573826421518, 5032171.085207437165082 ], [ 346647.483351212984417, 5032197.038208323530853 ], [ 346652.253721143642906, 5032222.77682121284306 ], [ 346658.364608365984168, 5032248.230498354882002 ], [ 346665.799263362947386, 5032273.329472991637886 ], [ 346674.537308261962608, 5032298.004950576461852 ], [ 346684.55479268921772, 5032322.189297341741621 ], [ 346695.824259416374844, 5032345.816225674003363 ], [ 346708.314819618302863, 5032368.820975803770125 ], [ 346721.992237537808251, 5032391.140493310987949 ], [ 346736.819024323078338, 5032412.713601949624717 ], [ 346752.754540782072581, 5032433.481171328574419 ], [ 346769.755108771845698, 5032453.386278983205557 ], [ 346787.774130917270668, 5032472.374366397038102 ], [ 346806.762218331103213, 5032490.393388542346656 ], [ 346826.667325985617936, 5032507.39395653270185 ], [ 346847.434895364276599, 5032523.329472991637886 ], [ 346869.008004003029782, 5032538.156259776093066 ], [ 346891.327521510538645, 5032551.833677696064115 ], [ 346914.332271640771069, 5032564.324237897992134 ], [ 346937.959199972625356, 5032575.593704625032842 ], [ 346962.143546737905126, 5032585.611189052462578 ], [ 346986.819024323078338, 5032594.349233951419592 ], [ 347011.917998959252145, 5032601.783888948149979 ], [ 347037.371676101640332, 5032607.894776171073318 ], [ 347063.110288990428671, 5032612.665146101266146 ], [ 347089.063289876736235, 5032616.081923487596214 ], [ 347115.15954338904703, 5032618.135743181221187 ], [ 347141.327521510538645, 5032618.820975803770125 ], [ 347167.49549963203026, 5032618.135743181221187 ], [ 347193.591753144341055, 5032616.081923487596214 ], [ 347219.544754030648619, 5032612.665146101266146 ], [ 347245.283366919436958, 5032607.894776171073318 ], [ 347270.737044061825145, 5032601.783888948149979 ], [ 347295.836018697998952, 5032594.349233951419592 ], [ 347320.511496283172164, 5032585.611189052462578 ], [ 347344.695843048451934, 5032575.593704625032842 ], [ 347368.322771380306222, 5032564.324237897992134 ], [ 347391.327521510538645, 5032551.833677696064115 ], [ 347413.647039018047508, 5032538.156259776093066 ], [ 347435.220147656800691, 5032523.329472991637886 ], [ 347455.987717035459355, 5032507.39395653270185 ], [ 347475.892824689974077, 5032490.393388542346656 ], [ 347494.880912103806622, 5032472.374366397038102 ], [ 347512.899934249231592, 5032453.386278983205557 ], [ 347529.900502239004709, 5032433.481171328574419 ], [ 347545.836018697998952, 5032412.713601949624717 ], [ 347560.66280548326904, 5032391.140493310987949 ], [ 347574.340223402774427, 5032368.820975803770125 ], [ 347586.830783604702447, 5032345.816225674003363 ], [ 347598.10025033185957, 5032322.189297341741621 ], [ 347608.117734759114683, 5032298.004950576461852 ], [ 347616.855779658129904, 5032273.329472991637886 ], [ 347624.290434655093122, 5032248.230498354882002 ], [ 347630.401321877434384, 5032222.77682121284306 ], [ 347635.171691808092874, 5032197.038208323530853 ], [ 347638.588469194655772, 5032171.085207437165082 ], [ 347640.642288887815084, 5032144.988953925669193 ], [ 347641.327521510538645, 5032118.820975803770125 ] ] ] } },
{ "type": "Feature", "properties": { "site": 15, "transect": 15.5 }, "geometry": { "type": "Polygon", "coordinates": [ [ [ 347520.697404938866384, 5032112.356286150403321 ], [ 347520.012172316142824, 5032086.188308028504252 ], [ 347517.958352622983512, 5032060.092054517008364 ], [ 347514.541575236420613, 5032034.139053630642593 ], [ 347509.771205305762123, 5032008.400440741330385 ], [ 347503.660318083420862, 5031982.946763599291444 ], [ 347496.225663086457644, 5031957.84778896253556 ], [ 347487.487618187442422, 5031933.172311377711594 ], [ 347477.470133760187309, 5031908.987964612431824 ], [ 347466.200667033030186, 5031885.361036280170083 ], [ 347453.710106831102166, 5031862.356286150403321 ], [ 347440.032688911596779, 5031840.036768643185496 ], [ 347425.205902126326691, 5031818.463660004548728 ], [ 347409.270385667332448, 5031797.696090625599027 ], [ 347392.269817677559331, 5031777.790982970967889 ], [ 347374.250795532134362, 5031758.802895557135344 ], [ 347355.262708118301816, 5031740.783873411826789 ], [ 347335.357600463787094, 5031723.783305421471596 ], [ 347314.59003108512843, 5031707.84778896253556 ], [ 347293.016922446375247, 5031693.02100217808038 ], [ 347270.697404938866384, 5031679.343584258109331 ], [ 347247.692654808633961, 5031666.853024056181312 ], [ 347224.065726476779673, 5031655.583557329140604 ], [ 347199.881379711499903, 5031645.566072901710868 ], [ 347175.205902126326691, 5031636.828028002753854 ], [ 347150.106927490152884, 5031629.393373006023467 ], [ 347124.653250347764697, 5031623.282485783100128 ], [ 347098.914637458976358, 5031618.5121158529073 ], [ 347072.961636572668795, 5031615.095338466577232 ], [ 347046.865383060357999, 5031613.041518772952259 ], [ 347020.697404938866384, 5031612.356286150403321 ], [ 346994.52942681737477, 5031613.041518772952259 ], [ 346968.433173305063974, 5031615.095338466577232 ], [ 346942.48017241875641, 5031618.5121158529073 ], [ 346916.741559529968072, 5031623.282485783100128 ], [ 346891.287882387579884, 5031629.393373006023467 ], [ 346866.188907751406077, 5031636.828028002753854 ], [ 346841.513430166232865, 5031645.566072901710868 ], [ 346817.329083400953095, 5031655.583557329140604 ], [ 346793.702155069098808, 5031666.853024056181312 ], [ 346770.697404938866384, 5031679.343584258109331 ], [ 346748.377887431357522, 5031693.02100217808038 ], [ 346726.804778792604338, 5031707.84778896253556 ], [ 346706.037209413945675, 5031723.783305421471596 ], [ 346686.132101759430952, 5031740.783873411826789 ], [ 346667.144014345598407, 5031758.802895557135344 ], [ 346649.124992200173438, 5031777.790982970967889 ], [ 346632.124424210400321, 5031797.696090625599027 ], [ 346616.188907751406077, 5031818.463660004548728 ], [ 346601.36212096613599, 5031840.036768643185496 ], [ 346587.684703046630602, 5031862.356286150403321 ], [ 346575.194142844702583, 5031885.361036280170083 ], [ 346563.924676117545459, 5031908.987964612431824 ], [ 346553.907191690290347, 5031933.172311377711594 ], [ 346545.169146791275125, 5031957.84778896253556 ], [ 346537.734491794311907, 5031982.946763599291444 ], [ 346531.623604571970645, 5032008.400440741330385 ], [ 346526.853234641312156, 5032034.139053630642593 ], [ 346523.436457254749257, 5032060.092054517008364 ], [ 346521.382637561589945, 5032086.188308028504252 ], [ 346520.697404938866384, 5032112.356286150403321 ], [ 346521.382637561589945, 5032138.524264272302389 ], [ 346523.436457254749257, 5032164.620517783798277 ], [ 346526.853234641312156, 5032190.573518670164049 ], [ 346531.623604571970645, 5032216.312131559476256 ], [ 346537.734491794311907, 5032241.765808701515198 ], [ 346545.169146791275125, 5032266.864783338271081 ], [ 346553.907191690290347, 5032291.540260923095047 ], [ 346563.924676117545459, 5032315.724607688374817 ], [ 346575.194142844702583, 5032339.351536020636559 ], [ 346587.684703046630602, 5032362.356286150403321 ], [ 346601.36212096613599, 5032384.675803657621145 ], [ 346616.188907751406077, 5032406.248912296257913 ], [ 346632.124424210400321, 5032427.016481675207615 ], [ 346649.124992200173438, 5032446.921589329838753 ], [ 346667.144014345598407, 5032465.909676743671298 ], [ 346686.132101759430952, 5032483.928698888979852 ], [ 346706.037209413945675, 5032500.929266879335046 ], [ 346726.804778792604338, 5032516.864783338271081 ], [ 346748.377887431357522, 5032531.691570122726262 ], [ 346770.697404938866384, 5032545.36898804269731 ], [ 346793.702155069098808, 5032557.85954824462533 ], [ 346817.329083400953095, 5032569.129014971666038 ], [ 346841.513430166232865, 5032579.146499399095774 ], [ 346866.188907751406077, 5032587.884544298052788 ], [ 346891.287882387579884, 5032595.319199294783175 ], [ 346916.741559529968072, 5032601.430086517706513 ], [ 346942.48017241875641, 5032606.200456447899342 ], [ 346968.433173305063974, 5032609.61723383422941 ], [ 346994.52942681737477, 5032611.671053527854383 ], [ 347020.697404938866384, 5032612.356286150403321 ], [ 347046.865383060357999, 5032611.671053527854383 ], [ 347072.961636572668795, 5032609.61723383422941 ], [ 347098.914637458976358, 5032606.200456447899342 ], [ 347124.653250347764697, 5032601.430086517706513 ], [ 347150.106927490152884, 5032595.319199294783175 ], [ 347175.205902126326691, 5032587.884544298052788 ], [ 347199.881379711499903, 5032579.146499399095774 ], [ 347224.065726476779673, 5032569.129014971666038 ], [ 347247.692654808633961, 5032557.85954824462533 ], [ 347270.697404938866384, 5032545.36898804269731 ], [ 347293.016922446375247, 5032531.691570122726262 ], [ 347314.59003108512843, 5032516.864783338271081 ], [ 347335.357600463787094, 5032500.929266879335046 ], [ 347355.262708118301816, 5032483.928698888979852 ], [ 347374.250795532134362, 5032465.909676743671298 ], [ 347392.269817677559331, 5032446.921589329838753 ], [ 347409.270385667332448, 5032427.016481675207615 ], [ 347425.205902126326691, 5032406.248912296257913 ], [ 347440.032688911596779, 5032384.675803657621145 ], [ 347453.710106831102166, 5032362.356286150403321 ], [ 347466.200667033030186, 5032339.351536020636559 ], [ 347477.470133760187309, 5032315.724607688374817 ], [ 347487.487618187442422, 5032291.540260923095047 ], [ 347496.225663086457644, 5032266.864783338271081 ], [ 347503.660318083420862, 5032241.765808701515198 ], [ 347509.771205305762123, 5032216.312131559476256 ], [ 347514.541575236420613, 5032190.573518670164049 ], [ 347517.958352622983512, 5032164.620517783798277 ], [ 347520.012172316142824, 5032138.524264272302389 ], [ 347520.697404938866384, 5032112.356286150403321 ] ] ] } },
{ "type": "Feature", "properties": { "site": 15, "transect": 15.6 }, "geometry": { "type": "Polygon", "coordinates": [ [ [ 347549.231065354659222, 5031993.868959991261363 ], [ 347548.545832731935661, 5031967.700981869362295 ], [ 347546.492013038776349, 5031941.604728357866406 ], [ 347543.075235652213451, 5031915.651727471500635 ], [ 347538.304865721554961, 5031889.913114582188427 ], [ 347532.193978499213699, 5031864.459437440149486 ], [ 347524.759323502250481, 5031839.360462803393602 ], [ 347516.02127860323526, 5031814.684985218569636 ], [ 347506.003794175980147, 5031790.500638453289866 ], [ 347494.734327448823024, 5031766.873710121028125 ], [ 347482.243767246895004, 5031743.868959991261363 ], [ 347468.566349327389617, 5031721.549442484043539 ], [ 347453.739562542119529, 5031699.976333845406771 ], [ 347437.804046083125286, 5031679.208764466457069 ], [ 347420.803478093352169, 5031659.303656811825931 ], [ 347402.784455947927199, 5031640.315569397993386 ], [ 347383.796368534094654, 5031622.296547252684832 ], [ 347363.891260879579931, 5031605.295979262329638 ], [ 347343.123691500921268, 5031589.360462803393602 ], [ 347321.550582862168085, 5031574.533676018938422 ], [ 347299.231065354659222, 5031560.856258098967373 ], [ 347276.226315224426799, 5031548.365697897039354 ], [ 347252.599386892572511, 5031537.096231169998646 ], [ 347228.415040127292741, 5031527.07874674256891 ], [ 347203.739562542119529, 5031518.340701843611896 ], [ 347178.640587905945722, 5031510.906046846881509 ], [ 347153.186910763557535, 5031504.79515962395817 ], [ 347127.448297874769196, 5031500.024789693765342 ], [ 347101.495296988461632, 5031496.608012307435274 ], [ 347075.399043476150837, 5031494.554192613810301 ], [ 347049.231065354659222, 5031493.868959991261363 ], [ 347023.063087233167607, 5031494.554192613810301 ], [ 346996.966833720856812, 5031496.608012307435274 ], [ 346971.013832834549248, 5031500.024789693765342 ], [ 346945.275219945760909, 5031504.79515962395817 ], [ 346919.821542803372722, 5031510.906046846881509 ], [ 346894.722568167198915, 5031518.340701843611896 ], [ 346870.047090582025703, 5031527.07874674256891 ], [ 346845.862743816745933, 5031537.096231169998646 ], [ 346822.235815484891646, 5031548.365697897039354 ], [ 346799.231065354659222, 5031560.856258098967373 ], [ 346776.911547847150359, 5031574.533676018938422 ], [ 346755.338439208397176, 5031589.360462803393602 ], [ 346734.570869829738513, 5031605.295979262329638 ], [ 346714.66576217522379, 5031622.296547252684832 ], [ 346695.677674761391245, 5031640.315569397993386 ], [ 346677.658652615966275, 5031659.303656811825931 ], [ 346660.658084626193158, 5031679.208764466457069 ], [ 346644.722568167198915, 5031699.976333845406771 ], [ 346629.895781381928828, 5031721.549442484043539 ], [ 346616.21836346242344, 5031743.868959991261363 ], [ 346603.727803260495421, 5031766.873710121028125 ], [ 346592.458336533338297, 5031790.500638453289866 ], [ 346582.440852106083184, 5031814.684985218569636 ], [ 346573.702807207067963, 5031839.360462803393602 ], [ 346566.268152210104745, 5031864.459437440149486 ], [ 346560.157264987763483, 5031889.913114582188427 ], [ 346555.386895057104994, 5031915.651727471500635 ], [ 346551.970117670542095, 5031941.604728357866406 ], [ 346549.916297977382783, 5031967.700981869362295 ], [ 346549.231065354659222, 5031993.868959991261363 ], [ 346549.916297977382783, 5032020.036938113160431 ], [ 346551.970117670542095, 5032046.13319162465632 ], [ 346555.386895057104994, 5032072.086192511022091 ], [ 346560.157264987763483, 5032097.824805400334299 ], [ 346566.268152210104745, 5032123.27848254237324 ], [ 346573.702807207067963, 5032148.377457179129124 ], [ 346582.440852106083184, 5032173.05293476395309 ], [ 346592.458336533338297, 5032197.23728152923286 ], [ 346603.727803260495421, 5032220.864209861494601 ], [ 346616.21836346242344, 5032243.868959991261363 ], [ 346629.895781381928828, 5032266.188477498479187 ], [ 346644.722568167198915, 5032287.761586137115955 ], [ 346660.658084626193158, 5032308.529155516065657 ], [ 346677.658652615966275, 5032328.434263170696795 ], [ 346695.677674761391245, 5032347.42235058452934 ], [ 346714.66576217522379, 5032365.441372729837894 ], [ 346734.570869829738513, 5032382.441940720193088 ], [ 346755.338439208397176, 5032398.377457179129124 ], [ 346776.911547847150359, 5032413.204243963584304 ], [ 346799.231065354659222, 5032426.881661883555353 ], [ 346822.235815484891646, 5032439.372222085483372 ], [ 346845.862743816745933, 5032450.64168881252408 ], [ 346870.047090582025703, 5032460.659173239953816 ], [ 346894.722568167198915, 5032469.39721813891083 ], [ 346919.821542803372722, 5032476.831873135641217 ], [ 346945.275219945760909, 5032482.942760358564556 ], [ 346971.013832834549248, 5032487.713130288757384 ], [ 346996.966833720856812, 5032491.129907675087452 ], [ 347023.063087233167607, 5032493.183727368712425 ], [ 347049.231065354659222, 5032493.868959991261363 ], [ 347075.399043476150837, 5032493.183727368712425 ], [ 347101.495296988461632, 5032491.129907675087452 ], [ 347127.448297874769196, 5032487.713130288757384 ], [ 347153.186910763557535, 5032482.942760358564556 ], [ 347178.640587905945722, 5032476.831873135641217 ], [ 347203.739562542119529, 5032469.39721813891083 ], [ 347228.415040127292741, 5032460.659173239953816 ], [ 347252.599386892572511, 5032450.64168881252408 ], [ 347276.226315224426799, 5032439.372222085483372 ], [ 347299.231065354659222, 5032426.881661883555353 ], [ 347321.550582862168085, 5032413.204243963584304 ], [ 347343.123691500921268, 5032398.377457179129124 ], [ 347363.891260879579931, 5032382.441940720193088 ], [ 347383.796368534094654, 5032365.441372729837894 ], [ 347402.784455947927199, 5032347.42235058452934 ], [ 347420.803478093352169, 5032328.434263170696795 ], [ 347437.804046083125286, 5032308.529155516065657 ], [ 347453.739562542119529, 5032287.761586137115955 ], [ 347468.566349327389617, 5032266.188477498479187 ], [ 347482.243767246895004, 5032243.868959991261363 ], [ 347494.734327448823024, 5032220.864209861494601 ], [ 347506.003794175980147, 5032197.23728152923286 ], [ 347516.02127860323526, 5032173.05293476395309 ], [ 347524.759323502250481, 5032148.377457179129124 ], [ 347532.193978499213699, 5032123.27848254237324 ], [ 347538.304865721554961, 5032097.824805400334299 ], [ 347543.075235652213451, 5032072.086192511022091 ], [ 347546.492013038776349, 5032046.13319162465632 ], [ 347548.545832731935661, 5032020.036938113160431 ], [ 347549.231065354659222, 5031993.868959991261363 ] ] ] } },
{ "type": "Feature", "properties": { "site": 15, "transect": 15.7 }, "geometry": { "type": "Polygon", "coordinates": [ [ [ 347549.231065354659222, 5031993.868959991261363 ], [ 347548.545832731935661, 5031967.700981869362295 ], [ 347546.492013038776349, 5031941.604728357866406 ], [ 347543.075235652213451, 5031915.651727471500635 ], [ 347538.304865721554961, 5031889.913114582188427 ], [ 347532.193978499213699, 5031864.459437440149486 ], [ 347524.759323502250481, 5031839.360462803393602 ], [ 347516.02127860323526, 5031814.684985218569636 ], [ 347506.003794175980147, 5031790.500638453289866 ], [ 347494.734327448823024, 5031766.873710121028125 ], [ 347482.243767246895004, 5031743.868959991261363 ], [ 347468.566349327389617, 5031721.549442484043539 ], [ 347453.739562542119529, 5031699.976333845406771 ], [ 347437.804046083125286, 5031679.208764466457069 ], [ 347420.803478093352169, 5031659.303656811825931 ], [ 347402.784455947927199, 5031640.315569397993386 ], [ 347383.796368534094654, 5031622.296547252684832 ], [ 347363.891260879579931, 5031605.295979262329638 ], [ 347343.123691500921268, 5031589.360462803393602 ], [ 347321.550582862168085, 5031574.533676018938422 ], [ 347299.231065354659222, 5031560.856258098967373 ], [ 347276.226315224426799, 5031548.365697897039354 ], [ 347252.599386892572511, 5031537.096231169998646 ], [ 347228.415040127292741, 5031527.07874674256891 ], [ 347203.739562542119529, 5031518.340701843611896 ], [ 347178.640587905945722, 5031510.906046846881509 ], [ 347153.186910763557535, 5031504.79515962395817 ], [ 347127.448297874769196, 5031500.024789693765342 ], [ 347101.495296988461632, 5031496.608012307435274 ], [ 347075.399043476150837, 5031494.554192613810301 ], [ 347049.231065354659222, 5031493.868959991261363 ], [ 347023.063087233167607, 5031494.554192613810301 ], [ 346996.966833720856812, 5031496.608012307435274 ], [ 346971.013832834549248, 5031500.024789693765342 ], [ 346945.275219945760909, 5031504.79515962395817 ], [ 346919.821542803372722, 5031510.906046846881509 ], [ 346894.722568167198915, 5031518.340701843611896 ], [ 346870.047090582025703, 5031527.07874674256891 ], [ 346845.862743816745933, 5031537.096231169998646 ], [ 346822.235815484891646, 5031548.365697897039354 ], [ 346799.231065354659222, 5031560.856258098967373 ], [ 346776.911547847150359, 5031574.533676018938422 ], [ 346755.338439208397176, 5031589.360462803393602 ], [ 346734.570869829738513, 5031605.295979262329638 ], [ 346714.66576217522379, 5031622.296547252684832 ], [ 346695.677674761391245, 5031640.315569397993386 ], [ 346677.658652615966275, 5031659.303656811825931 ], [ 346660.658084626193158, 5031679.208764466457069 ], [ 346644.722568167198915, 5031699.976333845406771 ], [ 346629.895781381928828, 5031721.549442484043539 ], [ 346616.21836346242344, 5031743.868959991261363 ], [ 346603.727803260495421, 5031766.873710121028125 ], [ 346592.458336533338297, 5031790.500638453289866 ], [ 346582.440852106083184, 5031814.684985218569636 ], [ 346573.702807207067963, 5031839.360462803393602 ], [ 346566.268152210104745, 5031864.459437440149486 ], [ 346560.157264987763483, 5031889.913114582188427 ], [ 346555.386895057104994, 5031915.651727471500635 ], [ 346551.970117670542095, 5031941.604728357866406 ], [ 346549.916297977382783, 5031967.700981869362295 ], [ 346549.231065354659222, 5031993.868959991261363 ], [ 346549.916297977382783, 5032020.036938113160431 ], [ 346551.970117670542095, 5032046.13319162465632 ], [ 346555.386895057104994, 5032072.086192511022091 ], [ 346560.157264987763483, 5032097.824805400334299 ], [ 346566.268152210104745, 5032123.27848254237324 ], [ 346573.702807207067963, 5032148.377457179129124 ], [ 346582.440852106083184, 5032173.05293476395309 ], [ 346592.458336533338297, 5032197.23728152923286 ], [ 346603.727803260495421, 5032220.864209861494601 ], [ 346616.21836346242344, 5032243.868959991261363 ], [ 346629.895781381928828, 5032266.188477498479187 ], [ 346644.722568167198915, 5032287.761586137115955 ], [ 346660.658084626193158, 5032308.529155516065657 ], [ 346677.658652615966275, 5032328.434263170696795 ], [ 346695.677674761391245, 5032347.42235058452934 ], [ 346714.66576217522379, 5032365.441372729837894 ], [ 346734.570869829738513, 5032382.441940720193088 ], [ 346755.338439208397176, 5032398.377457179129124 ], [ 346776.911547847150359, 5032413.204243963584304 ], [ 346799.231065354659222, 5032426.881661883555353 ], [ 346822.235815484891646, 5032439.372222085483372 ], [ 346845.862743816745933, 5032450.64168881252408 ], [ 346870.047090582025703, 5032460.659173239953816 ], [ 346894.722568167198915, 5032469.39721813891083 ], [ 346919.821542803372722, 5032476.831873135641217 ], [ 346945.275219945760909, 5032482.942760358564556 ], [ 346971.013832834549248, 5032487.713130288757384 ], [ 346996.966833720856812, 5032491.129907675087452 ], [ 347023.063087233167607, 5032493.183727368712425 ], [ 347049.231065354659222, 5032493.868959991261363 ], [ 347075.399043476150837, 5032493.183727368712425 ], [ 347101.495296988461632, 5032491.129907675087452 ], [ 347127.448297874769196, 5032487.713130288757384 ], [ 347153.186910763557535, 5032482.942760358564556 ], [ 347178.640587905945722, 5032476.831873135641217 ], [ 347203.739562542119529, 5032469.39721813891083 ], [ 347228.415040127292741, 5032460.659173239953816 ], [ 347252.599386892572511, 5032450.64168881252408 ], [ 347276.226315224426799, 5032439.372222085483372 ], [ 347299.231065354659222, 5032426.881661883555353 ], [ 347321.550582862168085, 5032413.204243963584304 ], [ 347343.123691500921268, 5032398.377457179129124 ], [ 347363.891260879579931, 5032382.441940720193088 ], [ 347383.796368534094654, 5032365.441372729837894 ], [ 347402.784455947927199, 5032347.42235058452934 ], [ 347420.803478093352169, 5032328.434263170696795 ], [ 347437.804046083125286, 5032308.529155516065657 ], [ 347453.739562542119529, 5032287.761586137115955 ], [ 347468.566349327389617, 5032266.188477498479187 ], [ 347482.243767246895004, 5032243.868959991261363 ], [ 347494.734327448823024, 5032220.864209861494601 ], [ 347506.003794175980147, 5032197.23728152923286 ], [ 347516.02127860323526, 5032173.05293476395309 ], [ 347524.759323502250481, 5032148.377457179129124 ], [ 347532.193978499213699, 5032123.27848254237324 ], [ 347538.304865721554961, 5032097.824805400334299 ], [ 347543.075235652213451, 5032072.086192511022091 ], [ 347546.492013038776349, 5032046.13319162465632 ], [ 347548.545832731935661, 5032020.036938113160431 ], [ 347549.231065354659222, 5031993.868959991261363 ] ] ] } },
{ "type": "Feature", "properties": { "site": 16, "transect": 16.1 }, "geometry": { "type": "Polygon", "coordinates": [ [ [ 304753.096442270267289, 5043034.447467065416276 ], [ 304752.411209647543728, 5043008.279488943517208 ], [ 304750.357389954384416, 5042982.18323543202132 ], [ 304746.940612567821518, 5042956.230234545655549 ], [ 304742.170242637163028, 5042930.491621656343341 ], [ 304736.059355414821766, 5042905.037944514304399 ], [ 304728.624700417858548, 5042879.938969877548516 ], [ 304719.886655518843327, 5042855.26349229272455 ], [ 304709.869171091588214, 5042831.07914552744478 ], [ 304698.599704364431091, 5042807.452217195183039 ], [ 304686.109144162503071, 5042784.447467065416276 ], [ 304672.431726242997684, 5042762.127949558198452 ], [ 304657.604939457727596, 5042740.554840919561684 ], [ 304641.669422998733353, 5042719.787271540611982 ], [ 304624.668855008960236, 5042699.882163885980844 ], [ 304606.649832863535266, 5042680.894076472148299 ], [ 304587.661745449702721, 5042662.875054326839745 ], [ 304567.756637795187999, 5042645.874486336484551 ], [ 304546.989068416529335, 5042629.938969877548516 ], [ 304525.415959777776152, 5042615.112183093093336 ], [ 304503.096442270267289, 5042601.434765173122287 ], [ 304480.091692140034866, 5042588.944204971194267 ], [ 304456.464763808180578, 5042577.674738244153559 ], [ 304432.280417042900808, 5042567.657253816723824 ], [ 304407.604939457727596, 5042558.919208917766809 ], [ 304382.505964821553789, 5042551.484553921036422 ], [ 304357.052287679165602, 5042545.373666698113084 ], [ 304331.313674790377263, 5042540.603296767920256 ], [ 304305.360673904069699, 5042537.186519381590188 ], [ 304279.264420391758904, 5042535.132699687965214 ], [ 304253.096442270267289, 5042534.447467065416276 ], [ 304226.928464148775674, 5042535.132699687965214 ], [ 304200.832210636464879, 5042537.186519381590188 ], [ 304174.879209750157315, 5042540.603296767920256 ], [ 304149.140596861368977, 5042545.373666698113084 ], [ 304123.686919718980789, 5042551.484553921036422 ], [ 304098.587945082806982, 5042558.919208917766809 ], [ 304073.91246749763377, 5042567.657253816723824 ], [ 304049.728120732354, 5042577.674738244153559 ], [ 304026.101192400499713, 5042588.944204971194267 ], [ 304003.096442270267289, 5042601.434765173122287 ], [ 303980.776924762758426, 5042615.112183093093336 ], [ 303959.203816124005243, 5042629.938969877548516 ], [ 303938.43624674534658, 5042645.874486336484551 ], [ 303918.531139090831857, 5042662.875054326839745 ], [ 303899.543051676999312, 5042680.894076472148299 ], [ 303881.524029531574342, 5042699.882163885980844 ], [ 303864.523461541801225, 5042719.787271540611982 ], [ 303848.587945082806982, 5042740.554840919561684 ], [ 303833.761158297536895, 5042762.127949558198452 ], [ 303820.083740378031507, 5042784.447467065416276 ], [ 303807.593180176103488, 5042807.452217195183039 ], [ 303796.323713448946364, 5042831.07914552744478 ], [ 303786.306229021691252, 5042855.26349229272455 ], [ 303777.56818412267603, 5042879.938969877548516 ], [ 303770.133529125712812, 5042905.037944514304399 ], [ 303764.02264190337155, 5042930.491621656343341 ], [ 303759.252271972713061, 5042956.230234545655549 ], [ 303755.835494586150162, 5042982.18323543202132 ], [ 303753.78167489299085, 5043008.279488943517208 ], [ 303753.096442270267289, 5043034.447467065416276 ], [ 303753.78167489299085, 5043060.615445187315345 ], [ 303755.835494586150162, 5043086.711698698811233 ], [ 303759.252271972713061, 5043112.664699585177004 ], [ 303764.02264190337155, 5043138.403312474489212 ], [ 303770.133529125712812, 5043163.856989616528153 ], [ 303777.56818412267603, 5043188.955964253284037 ], [ 303786.306229021691252, 5043213.631441838108003 ], [ 303796.323713448946364, 5043237.815788603387773 ], [ 303807.593180176103488, 5043261.442716935649514 ], [ 303820.083740378031507, 5043284.447467065416276 ], [ 303833.761158297536895, 5043306.766984572634101 ], [ 303848.587945082806982, 5043328.340093211270869 ], [ 303864.523461541801225, 5043349.107662590220571 ], [ 303881.524029531574342, 5043369.012770244851708 ], [ 303899.543051676999312, 5043388.000857658684254 ], [ 303918.531139090831857, 5043406.019879803992808 ], [ 303938.43624674534658, 5043423.020447794348001 ], [ 303959.203816124005243, 5043438.955964253284037 ], [ 303980.776924762758426, 5043453.782751037739217 ], [ 304003.096442270267289, 5043467.460168957710266 ], [ 304026.101192400499713, 5043479.950729159638286 ], [ 304049.728120732354, 5043491.220195886678994 ], [ 304073.91246749763377, 5043501.237680314108729 ], [ 304098.587945082806982, 5043509.975725213065743 ], [ 304123.686919718980789, 5043517.410380209796131 ], [ 304149.140596861368977, 5043523.521267432719469 ], [ 304174.879209750157315, 5043528.291637362912297 ], [ 304200.832210636464879, 5043531.708414749242365 ], [ 304226.928464148775674, 5043533.762234442867339 ], [ 304253.096442270267289, 5043534.447467065416276 ], [ 304279.264420391758904, 5043533.762234442867339 ], [ 304305.360673904069699, 5043531.708414749242365 ], [ 304331.313674790377263, 5043528.291637362912297 ], [ 304357.052287679165602, 5043523.521267432719469 ], [ 304382.505964821553789, 5043517.410380209796131 ], [ 304407.604939457727596, 5043509.975725213065743 ], [ 304432.280417042900808, 5043501.237680314108729 ], [ 304456.464763808180578, 5043491.220195886678994 ], [ 304480.091692140034866, 5043479.950729159638286 ], [ 304503.096442270267289, 5043467.460168957710266 ], [ 304525.415959777776152, 5043453.782751037739217 ], [ 304546.989068416529335, 5043438.955964253284037 ], [ 304567.756637795187999, 5043423.020447794348001 ], [ 304587.661745449702721, 5043406.019879803992808 ], [ 304606.649832863535266, 5043388.000857658684254 ], [ 304624.668855008960236, 5043369.012770244851708 ], [ 304641.669422998733353, 5043349.107662590220571 ], [ 304657.604939457727596, 5043328.340093211270869 ], [ 304672.431726242997684, 5043306.766984572634101 ], [ 304686.109144162503071, 5043284.447467065416276 ], [ 304698.599704364431091, 5043261.442716935649514 ], [ 304709.869171091588214, 5043237.815788603387773 ], [ 304719.886655518843327, 5043213.631441838108003 ], [ 304728.624700417858548, 5043188.955964253284037 ], [ 304736.059355414821766, 5043163.856989616528153 ], [ 304742.170242637163028, 5043138.403312474489212 ], [ 304746.940612567821518, 5043112.664699585177004 ], [ 304750.357389954384416, 5043086.711698698811233 ], [ 304752.411209647543728, 5043060.615445187315345 ], [ 304753.096442270267289, 5043034.447467065416276 ] ] ] } },
{ "type": "Feature", "properties": { "site": 17, "transect": 17.1 }, "geometry": { "type": "Polygon", "coordinates": [ [ [ 397459.323738540289924, 5027413.775410526432097 ], [ 397458.638505917566363, 5027387.607432404533029 ], [ 397456.584686224407051, 5027361.51117889303714 ], [ 397453.167908837844152, 5027335.558178006671369 ], [ 397448.397538907185663, 5027309.819565117359161 ], [ 397442.286651684844401, 5027284.36588797532022 ], [ 397434.851996687881183, 5027259.266913338564336 ], [ 397426.113951788865961, 5027234.59143575374037 ], [ 397416.096467361610848, 5027210.4070889884606 ], [ 397404.827000634453725, 5027186.780160656198859 ], [ 397392.336440432525706, 5027163.775410526432097 ], [ 397378.659022513020318, 5027141.455893019214272 ], [ 397363.832235727750231, 5027119.882784380577505 ], [ 397347.896719268755987, 5027099.115215001627803 ], [ 397330.89615127898287, 5027079.210107346996665 ], [ 397312.877129133557901, 5027060.22201993316412 ], [ 397293.889041719725356, 5027042.202997787855566 ], [ 397273.983934065210633, 5027025.202429797500372 ], [ 397253.216364686551969, 5027009.266913338564336 ], [ 397231.643256047798786, 5026994.440126554109156 ], [ 397209.323738540289924, 5026980.762708634138107 ], [ 397186.3189884100575, 5026968.272148432210088 ], [ 397162.692060078203212, 5026957.00268170516938 ], [ 397138.507713312923443, 5026946.985197277739644 ], [ 397113.832235727750231, 5026938.24715237878263 ], [ 397088.733261091576423, 5026930.812497382052243 ], [ 397063.279583949188236, 5026924.701610159128904 ], [ 397037.540971060399897, 5026919.931240228936076 ], [ 397011.587970174092334, 5026916.514462842606008 ], [ 396985.491716661781538, 5026914.460643148981035 ], [ 396959.323738540289924, 5026913.775410526432097 ], [ 396933.155760418798309, 5026914.460643148981035 ], [ 396907.059506906487513, 5026916.514462842606008 ], [ 396881.10650602017995, 5026919.931240228936076 ], [ 396855.367893131391611, 5026924.701610159128904 ], [ 396829.914215989003424, 5026930.812497382052243 ], [ 396804.815241352829617, 5026938.24715237878263 ], [ 396780.139763767656405, 5026946.985197277739644 ], [ 396755.955417002376635, 5026957.00268170516938 ], [ 396732.328488670522347, 5026968.272148432210088 ], [ 396709.323738540289924, 5026980.762708634138107 ], [ 396687.004221032781061, 5026994.440126554109156 ], [ 396665.431112394027878, 5027009.266913338564336 ], [ 396644.663543015369214, 5027025.202429797500372 ], [ 396624.758435360854492, 5027042.202997787855566 ], [ 396605.770347947021946, 5027060.22201993316412 ], [ 396587.751325801596977, 5027079.210107346996665 ], [ 396570.75075781182386, 5027099.115215001627803 ], [ 396554.815241352829617, 5027119.882784380577505 ], [ 396539.988454567559529, 5027141.455893019214272 ], [ 396526.311036648054142, 5027163.775410526432097 ], [ 396513.820476446126122, 5027186.780160656198859 ], [ 396502.551009718968999, 5027210.4070889884606 ], [ 396492.533525291713886, 5027234.59143575374037 ], [ 396483.795480392698664, 5027259.266913338564336 ], [ 396476.360825395735446, 5027284.36588797532022 ], [ 396470.249938173394185, 5027309.819565117359161 ], [ 396465.479568242735695, 5027335.558178006671369 ], [ 396462.062790856172796, 5027361.51117889303714 ], [ 396460.008971163013484, 5027387.607432404533029 ], [ 396459.323738540289924, 5027413.775410526432097 ], [ 396460.008971163013484, 5027439.943388648331165 ], [ 396462.062790856172796, 5027466.039642159827054 ], [ 396465.479568242735695, 5027491.992643046192825 ], [ 396470.249938173394185, 5027517.731255935505033 ], [ 396476.360825395735446, 5027543.184933077543974 ], [ 396483.795480392698664, 5027568.283907714299858 ], [ 396492.533525291713886, 5027592.959385299123824 ], [ 396502.551009718968999, 5027617.143732064403594 ], [ 396513.820476446126122, 5027640.770660396665335 ], [ 396526.311036648054142, 5027663.775410526432097 ], [ 396539.988454567559529, 5027686.094928033649921 ], [ 396554.815241352829617, 5027707.668036672286689 ], [ 396570.75075781182386, 5027728.435606051236391 ], [ 396587.751325801596977, 5027748.340713705867529 ], [ 396605.770347947021946, 5027767.328801119700074 ], [ 396624.758435360854492, 5027785.347823265008628 ], [ 396644.663543015369214, 5027802.348391255363822 ], [ 396665.431112394027878, 5027818.283907714299858 ], [ 396687.004221032781061, 5027833.110694498755038 ], [ 396709.323738540289924, 5027846.788112418726087 ], [ 396732.328488670522347, 5027859.278672620654106 ], [ 396755.955417002376635, 5027870.548139347694814 ], [ 396780.139763767656405, 5027880.56562377512455 ], [ 396804.815241352829617, 5027889.303668674081564 ], [ 396829.914215989003424, 5027896.738323670811951 ], [ 396855.367893131391611, 5027902.84921089373529 ], [ 396881.10650602017995, 5027907.619580823928118 ], [ 396907.059506906487513, 5027911.036358210258186 ], [ 396933.155760418798309, 5027913.090177903883159 ], [ 396959.323738540289924, 5027913.775410526432097 ], [ 396985.491716661781538, 5027913.090177903883159 ], [ 397011.587970174092334, 5027911.036358210258186 ], [ 397037.540971060399897, 5027907.619580823928118 ], [ 397063.279583949188236, 5027902.84921089373529 ], [ 397088.733261091576423, 5027896.738323670811951 ], [ 397113.832235727750231, 5027889.303668674081564 ], [ 397138.507713312923443, 5027880.56562377512455 ], [ 397162.692060078203212, 5027870.548139347694814 ], [ 397186.3189884100575, 5027859.278672620654106 ], [ 397209.323738540289924, 5027846.788112418726087 ], [ 397231.643256047798786, 5027833.110694498755038 ], [ 397253.216364686551969, 5027818.283907714299858 ], [ 397273.983934065210633, 5027802.348391255363822 ], [ 397293.889041719725356, 5027785.347823265008628 ], [ 397312.877129133557901, 5027767.328801119700074 ], [ 397330.89615127898287, 5027748.340713705867529 ], [ 397347.896719268755987, 5027728.435606051236391 ], [ 397363.832235727750231, 5027707.668036672286689 ], [ 397378.659022513020318, 5027686.094928033649921 ], [ 397392.336440432525706, 5027663.775410526432097 ], [ 397404.827000634453725, 5027640.770660396665335 ], [ 397416.096467361610848, 5027617.143732064403594 ], [ 397426.113951788865961, 5027592.959385299123824 ], [ 397434.851996687881183, 5027568.283907714299858 ], [ 397442.286651684844401, 5027543.184933077543974 ], [ 397448.397538907185663, 5027517.731255935505033 ], [ 397453.167908837844152, 5027491.992643046192825 ], [ 397456.584686224407051, 5027466.039642159827054 ], [ 397458.638505917566363, 5027439.943388648331165 ], [ 397459.323738540289924, 5027413.775410526432097 ] ] ] } },
{ "type": "Feature", "properties": { "site": 17, "transect": 17.2 }, "geometry": { "type": "Polygon", "coordinates": [ [ [ 397770.302525686565787, 5027490.093987349420786 ], [ 397769.617293063842226, 5027463.926009227521718 ], [ 397767.563473370682914, 5027437.829755716025829 ], [ 397764.146695984120015, 5027411.876754829660058 ], [ 397759.376326053461526, 5027386.13814194034785 ], [ 397753.265438831120264, 5027360.684464798308909 ], [ 397745.830783834157046, 5027335.585490161553025 ], [ 397737.092738935141824, 5027310.910012576729059 ], [ 397727.075254507886712, 5027286.725665811449289 ], [ 397715.805787780729588, 5027263.098737479187548 ], [ 397703.315227578801569, 5027240.093987349420786 ], [ 397689.637809659296181, 5027217.774469842202961 ], [ 397674.811022874026094, 5027196.201361203566194 ], [ 397658.87550641503185, 5027175.433791824616492 ], [ 397641.874938425258733, 5027155.528684169985354 ], [ 397623.855916279833764, 5027136.540596756152809 ], [ 397604.867828866001219, 5027118.521574610844254 ], [ 397584.962721211486496, 5027101.521006620489061 ], [ 397564.195151832827833, 5027085.585490161553025 ], [ 397542.622043194074649, 5027070.758703377097845 ], [ 397520.302525686565787, 5027057.081285457126796 ], [ 397497.297775556333363, 5027044.590725255198777 ], [ 397473.670847224479076, 5027033.321258528158069 ], [ 397449.486500459199306, 5027023.303774100728333 ], [ 397424.811022874026094, 5027014.565729201771319 ], [ 397399.712048237852287, 5027007.131074205040932 ], [ 397374.258371095464099, 5027001.020186982117593 ], [ 397348.51975820667576, 5026996.249817051924765 ], [ 397322.566757320368197, 5026992.833039665594697 ], [ 397296.470503808057401, 5026990.779219971969724 ], [ 397270.302525686565787, 5026990.093987349420786 ], [ 397244.134547565074172, 5026990.779219971969724 ], [ 397218.038294052763376, 5026992.833039665594697 ], [ 397192.085293166455813, 5026996.249817051924765 ], [ 397166.346680277667474, 5027001.020186982117593 ], [ 397140.893003135279287, 5027007.131074205040932 ], [ 397115.79402849910548, 5027014.565729201771319 ], [ 397091.118550913932268, 5027023.303774100728333 ], [ 397066.934204148652498, 5027033.321258528158069 ], [ 397043.30727581679821, 5027044.590725255198777 ], [ 397020.302525686565787, 5027057.081285457126796 ], [ 396997.983008179056924, 5027070.758703377097845 ], [ 396976.409899540303741, 5027085.585490161553025 ], [ 396955.642330161645077, 5027101.521006620489061 ], [ 396935.737222507130355, 5027118.521574610844254 ], [ 396916.749135093297809, 5027136.540596756152809 ], [ 396898.73011294787284, 5027155.528684169985354 ], [ 396881.729544958099723, 5027175.433791824616492 ], [ 396865.79402849910548, 5027196.201361203566194 ], [ 396850.967241713835392, 5027217.774469842202961 ], [ 396837.289823794330005, 5027240.093987349420786 ], [ 396824.799263592401985, 5027263.098737479187548 ], [ 396813.529796865244862, 5027286.725665811449289 ], [ 396803.512312437989749, 5027310.910012576729059 ], [ 396794.774267538974527, 5027335.585490161553025 ], [ 396787.339612542011309, 5027360.684464798308909 ], [ 396781.228725319670048, 5027386.13814194034785 ], [ 396776.458355389011558, 5027411.876754829660058 ], [ 396773.041578002448659, 5027437.829755716025829 ], [ 396770.987758309289347, 5027463.926009227521718 ], [ 396770.302525686565787, 5027490.093987349420786 ], [ 396770.987758309289347, 5027516.261965471319854 ], [ 396773.041578002448659, 5027542.358218982815742 ], [ 396776.458355389011558, 5027568.311219869181514 ], [ 396781.228725319670048, 5027594.049832758493721 ], [ 396787.339612542011309, 5027619.503509900532663 ], [ 396794.774267538974527, 5027644.602484537288547 ], [ 396803.512312437989749, 5027669.277962122112513 ], [ 396813.529796865244862, 5027693.462308887392282 ], [ 396824.799263592401985, 5027717.089237219654024 ], [ 396837.289823794330005, 5027740.093987349420786 ], [ 396850.967241713835392, 5027762.41350485663861 ], [ 396865.79402849910548, 5027783.986613495275378 ], [ 396881.729544958099723, 5027804.75418287422508 ], [ 396898.73011294787284, 5027824.659290528856218 ], [ 396916.749135093297809, 5027843.647377942688763 ], [ 396935.737222507130355, 5027861.666400087997317 ], [ 396955.642330161645077, 5027878.666968078352511 ], [ 396976.409899540303741, 5027894.602484537288547 ], [ 396997.983008179056924, 5027909.429271321743727 ], [ 397020.302525686565787, 5027923.106689241714776 ], [ 397043.30727581679821, 5027935.597249443642795 ], [ 397066.934204148652498, 5027946.866716170683503 ], [ 397091.118550913932268, 5027956.884200598113239 ], [ 397115.79402849910548, 5027965.622245497070253 ], [ 397140.893003135279287, 5027973.05690049380064 ], [ 397166.346680277667474, 5027979.167787716723979 ], [ 397192.085293166455813, 5027983.938157646916807 ], [ 397218.038294052763376, 5027987.354935033246875 ], [ 397244.134547565074172, 5027989.408754726871848 ], [ 397270.302525686565787, 5027990.093987349420786 ], [ 397296.470503808057401, 5027989.408754726871848 ], [ 397322.566757320368197, 5027987.354935033246875 ], [ 397348.51975820667576, 5027983.938157646916807 ], [ 397374.258371095464099, 5027979.167787716723979 ], [ 397399.712048237852287, 5027973.05690049380064 ], [ 397424.811022874026094, 5027965.622245497070253 ], [ 397449.486500459199306, 5027956.884200598113239 ], [ 397473.670847224479076, 5027946.866716170683503 ], [ 397497.297775556333363, 5027935.597249443642795 ], [ 397520.302525686565787, 5027923.106689241714776 ], [ 397542.622043194074649, 5027909.429271321743727 ], [ 397564.195151832827833, 5027894.602484537288547 ], [ 397584.962721211486496, 5027878.666968078352511 ], [ 397604.867828866001219, 5027861.666400087997317 ], [ 397623.855916279833764, 5027843.647377942688763 ], [ 397641.874938425258733, 5027824.659290528856218 ], [ 397658.87550641503185, 5027804.75418287422508 ], [ 397674.811022874026094, 5027783.986613495275378 ], [ 397689.637809659296181, 5027762.41350485663861 ], [ 397703.315227578801569, 5027740.093987349420786 ], [ 397715.805787780729588, 5027717.089237219654024 ], [ 397727.075254507886712, 5027693.462308887392282 ], [ 397737.092738935141824, 5027669.277962122112513 ], [ 397745.830783834157046, 5027644.602484537288547 ], [ 397753.265438831120264, 5027619.503509900532663 ], [ 397759.376326053461526, 5027594.049832758493721 ], [ 397764.146695984120015, 5027568.311219869181514 ], [ 397767.563473370682914, 5027542.358218982815742 ], [ 397769.617293063842226, 5027516.261965471319854 ], [ 397770.302525686565787, 5027490.093987349420786 ] ] ] } },
{ "type": "Feature", "properties": { "site": 17, "transect": 17.3 }, "geometry": { "type": "Polygon", "coordinates": [ [ [ 397803.030856579192914, 5027444.692741548642516 ], [ 397802.345623956469353, 5027418.524763426743448 ], [ 397800.291804263310041, 5027392.42850991524756 ], [ 397796.875026876747143, 5027366.475509028881788 ], [ 397792.104656946088653, 5027340.736896139569581 ], [ 397785.993769723747391, 5027315.283218997530639 ], [ 397778.559114726784173, 5027290.184244360774755 ], [ 397769.821069827768952, 5027265.508766775950789 ], [ 397759.803585400513839, 5027241.32442001067102 ], [ 397748.534118673356716, 5027217.697491678409278 ], [ 397736.043558471428696, 5027194.692741548642516 ], [ 397722.366140551923309, 5027172.373224041424692 ], [ 397707.539353766653221, 5027150.800115402787924 ], [ 397691.603837307658978, 5027130.032546023838222 ], [ 397674.603269317885861, 5027110.127438369207084 ], [ 397656.584247172460891, 5027091.139350955374539 ], [ 397637.596159758628346, 5027073.120328810065985 ], [ 397617.691052104113623, 5027056.119760819710791 ], [ 397596.92348272545496, 5027040.184244360774755 ], [ 397575.350374086701777, 5027025.357457576319575 ], [ 397553.030856579192914, 5027011.680039656348526 ], [ 397530.026106448960491, 5026999.189479454420507 ], [ 397506.399178117106203, 5026987.920012727379799 ], [ 397482.214831351826433, 5026977.902528299950063 ], [ 397457.539353766653221, 5026969.164483400993049 ], [ 397432.440379130479414, 5026961.729828404262662 ], [ 397406.986701988091227, 5026955.618941181339324 ], [ 397381.248089099302888, 5026950.848571251146495 ], [ 397355.295088212995324, 5026947.431793864816427 ], [ 397329.198834700684529, 5026945.377974171191454 ], [ 397303.030856579192914, 5026944.692741548642516 ], [ 397276.862878457701299, 5026945.377974171191454 ], [ 397250.766624945390504, 5026947.431793864816427 ], [ 397224.81362405908294, 5026950.848571251146495 ], [ 397199.075011170294601, 5026955.618941181339324 ], [ 397173.621334027906414, 5026961.729828404262662 ], [ 397148.522359391732607, 5026969.164483400993049 ], [ 397123.846881806559395, 5026977.902528299950063 ], [ 397099.662535041279625, 5026987.920012727379799 ], [ 397076.035606709425338, 5026999.189479454420507 ], [ 397053.030856579192914, 5027011.680039656348526 ], [ 397030.711339071684051, 5027025.357457576319575 ], [ 397009.138230432930868, 5027040.184244360774755 ], [ 396988.370661054272205, 5027056.119760819710791 ], [ 396968.465553399757482, 5027073.120328810065985 ], [ 396949.477465985924937, 5027091.139350955374539 ], [ 396931.458443840499967, 5027110.127438369207084 ], [ 396914.45787585072685, 5027130.032546023838222 ], [ 396898.522359391732607, 5027150.800115402787924 ], [ 396883.69557260646252, 5027172.373224041424692 ], [ 396870.018154686957132, 5027194.692741548642516 ], [ 396857.527594485029113, 5027217.697491678409278 ], [ 396846.258127757871989, 5027241.32442001067102 ], [ 396836.240643330616876, 5027265.508766775950789 ], [ 396827.502598431601655, 5027290.184244360774755 ], [ 396820.067943434638437, 5027315.283218997530639 ], [ 396813.957056212297175, 5027340.736896139569581 ], [ 396809.186686281638686, 5027366.475509028881788 ], [ 396805.769908895075787, 5027392.42850991524756 ], [ 396803.716089201916475, 5027418.524763426743448 ], [ 396803.030856579192914, 5027444.692741548642516 ], [ 396803.716089201916475, 5027470.860719670541584 ], [ 396805.769908895075787, 5027496.956973182037473 ], [ 396809.186686281638686, 5027522.909974068403244 ], [ 396813.957056212297175, 5027548.648586957715452 ], [ 396820.067943434638437, 5027574.102264099754393 ], [ 396827.502598431601655, 5027599.201238736510277 ], [ 396836.240643330616876, 5027623.876716321334243 ], [ 396846.258127757871989, 5027648.061063086614013 ], [ 396857.527594485029113, 5027671.687991418875754 ], [ 396870.018154686957132, 5027694.692741548642516 ], [ 396883.69557260646252, 5027717.012259055860341 ], [ 396898.522359391732607, 5027738.585367694497108 ], [ 396914.45787585072685, 5027759.35293707344681 ], [ 396931.458443840499967, 5027779.258044728077948 ], [ 396949.477465985924937, 5027798.246132141910493 ], [ 396968.465553399757482, 5027816.265154287219048 ], [ 396988.370661054272205, 5027833.265722277574241 ], [ 397009.138230432930868, 5027849.201238736510277 ], [ 397030.711339071684051, 5027864.028025520965457 ], [ 397053.030856579192914, 5027877.705443440936506 ], [ 397076.035606709425338, 5027890.196003642864525 ], [ 397099.662535041279625, 5027901.465470369905233 ], [ 397123.846881806559395, 5027911.482954797334969 ], [ 397148.522359391732607, 5027920.220999696291983 ], [ 397173.621334027906414, 5027927.65565469302237 ], [ 397199.075011170294601, 5027933.766541915945709 ], [ 397224.81362405908294, 5027938.536911846138537 ], [ 397250.766624945390504, 5027941.953689232468605 ], [ 397276.862878457701299, 5027944.007508926093578 ], [ 397303.030856579192914, 5027944.692741548642516 ], [ 397329.198834700684529, 5027944.007508926093578 ], [ 397355.295088212995324, 5027941.953689232468605 ], [ 397381.248089099302888, 5027938.536911846138537 ], [ 397406.986701988091227, 5027933.766541915945709 ], [ 397432.440379130479414, 5027927.65565469302237 ], [ 397457.539353766653221, 5027920.220999696291983 ], [ 397482.214831351826433, 5027911.482954797334969 ], [ 397506.399178117106203, 5027901.465470369905233 ], [ 397530.026106448960491, 5027890.196003642864525 ], [ 397553.030856579192914, 5027877.705443440936506 ], [ 397575.350374086701777, 5027864.028025520965457 ], [ 397596.92348272545496, 5027849.201238736510277 ], [ 397617.691052104113623, 5027833.265722277574241 ], [ 397637.596159758628346, 5027816.265154287219048 ], [ 397656.584247172460891, 5027798.246132141910493 ], [ 397674.603269317885861, 5027779.258044728077948 ], [ 397691.603837307658978, 5027759.35293707344681 ], [ 397707.539353766653221, 5027738.585367694497108 ], [ 397722.366140551923309, 5027717.012259055860341 ], [ 397736.043558471428696, 5027694.692741548642516 ], [ 397748.534118673356716, 5027671.687991418875754 ], [ 397759.803585400513839, 5027648.061063086614013 ], [ 397769.821069827768952, 5027623.876716321334243 ], [ 397778.559114726784173, 5027599.201238736510277 ], [ 397785.993769723747391, 5027574.102264099754393 ], [ 397792.104656946088653, 5027548.648586957715452 ], [ 397796.875026876747143, 5027522.909974068403244 ], [ 397800.291804263310041, 5027496.956973182037473 ], [ 397802.345623956469353, 5027470.860719670541584 ], [ 397803.030856579192914, 5027444.692741548642516 ] ] ] } },
{ "type": "Feature", "properties": { "site": 17, "transect": 17.4 }, "geometry": { "type": "Polygon", "coordinates": [ [ [ 397973.917358592327219, 5027303.680326510220766 ], [ 397973.232125969603658, 5027277.512348388321698 ], [ 397971.178306276444346, 5027251.416094876825809 ], [ 397967.761528889881447, 5027225.463093990460038 ], [ 397962.991158959222957, 5027199.72448110114783 ], [ 397956.880271736881696, 5027174.270803959108889 ], [ 397949.445616739918478, 5027149.171829322353005 ], [ 397940.707571840903256, 5027124.496351737529039 ], [ 397930.690087413648143, 5027100.312004972249269 ], [ 397919.42062068649102, 5027076.685076639987528 ], [ 397906.930060484563001, 5027053.680326510220766 ], [ 397893.252642565057613, 5027031.360809003002942 ], [ 397878.425855779787526, 5027009.787700364366174 ], [ 397862.490339320793282, 5026989.020130985416472 ], [ 397845.489771331020165, 5026969.115023330785334 ], [ 397827.470749185595196, 5026950.126935916952789 ], [ 397808.48266177176265, 5026932.107913771644235 ], [ 397788.577554117247928, 5026915.107345781289041 ], [ 397767.809984738589264, 5026899.171829322353005 ], [ 397746.236876099836081, 5026884.345042537897825 ], [ 397723.917358592327219, 5026870.667624617926776 ], [ 397700.912608462094795, 5026858.177064415998757 ], [ 397677.285680130240507, 5026846.907597688958049 ], [ 397653.101333364960738, 5026836.890113261528313 ], [ 397628.425855779787526, 5026828.152068362571299 ], [ 397603.326881143613718, 5026820.717413365840912 ], [ 397577.873204001225531, 5026814.606526142917573 ], [ 397552.134591112437192, 5026809.836156212724745 ], [ 397526.181590226129629, 5026806.419378826394677 ], [ 397500.085336713818833, 5026804.365559132769704 ], [ 397473.917358592327219, 5026803.680326510220766 ], [ 397447.749380470835604, 5026804.365559132769704 ], [ 397421.653126958524808, 5026806.419378826394677 ], [ 397395.700126072217245, 5026809.836156212724745 ], [ 397369.961513183428906, 5026814.606526142917573 ], [ 397344.507836041040719, 5026820.717413365840912 ], [ 397319.408861404866911, 5026828.152068362571299 ], [ 397294.733383819693699, 5026836.890113261528313 ], [ 397270.54903705441393, 5026846.907597688958049 ], [ 397246.922108722559642, 5026858.177064415998757 ], [ 397223.917358592327219, 5026870.667624617926776 ], [ 397201.597841084818356, 5026884.345042537897825 ], [ 397180.024732446065173, 5026899.171829322353005 ], [ 397159.257163067406509, 5026915.107345781289041 ], [ 397139.352055412891787, 5026932.107913771644235 ], [ 397120.363967999059241, 5026950.126935916952789 ], [ 397102.344945853634272, 5026969.115023330785334 ], [ 397085.344377863861155, 5026989.020130985416472 ], [ 397069.408861404866911, 5027009.787700364366174 ], [ 397054.582074619596824, 5027031.360809003002942 ], [ 397040.904656700091437, 5027053.680326510220766 ], [ 397028.414096498163417, 5027076.685076639987528 ], [ 397017.144629771006294, 5027100.312004972249269 ], [ 397007.127145343751181, 5027124.496351737529039 ], [ 396998.389100444735959, 5027149.171829322353005 ], [ 396990.954445447772741, 5027174.270803959108889 ], [ 396984.84355822543148, 5027199.72448110114783 ], [ 396980.07318829477299, 5027225.463093990460038 ], [ 396976.656410908210091, 5027251.416094876825809 ], [ 396974.602591215050779, 5027277.512348388321698 ], [ 396973.917358592327219, 5027303.680326510220766 ], [ 396974.602591215050779, 5027329.848304632119834 ], [ 396976.656410908210091, 5027355.944558143615723 ], [ 396980.07318829477299, 5027381.897559029981494 ], [ 396984.84355822543148, 5027407.636171919293702 ], [ 396990.954445447772741, 5027433.089849061332643 ], [ 396998.389100444735959, 5027458.188823698088527 ], [ 397007.127145343751181, 5027482.864301282912493 ], [ 397017.144629771006294, 5027507.048648048192263 ], [ 397028.414096498163417, 5027530.675576380454004 ], [ 397040.904656700091437, 5027553.680326510220766 ], [ 397054.582074619596824, 5027575.999844017438591 ], [ 397069.408861404866911, 5027597.572952656075358 ], [ 397085.344377863861155, 5027618.34052203502506 ], [ 397102.344945853634272, 5027638.245629689656198 ], [ 397120.363967999059241, 5027657.233717103488743 ], [ 397139.352055412891787, 5027675.252739248797297 ], [ 397159.257163067406509, 5027692.253307239152491 ], [ 397180.024732446065173, 5027708.188823698088527 ], [ 397201.597841084818356, 5027723.015610482543707 ], [ 397223.917358592327219, 5027736.693028402514756 ], [ 397246.922108722559642, 5027749.183588604442775 ], [ 397270.54903705441393, 5027760.453055331483483 ], [ 397294.733383819693699, 5027770.470539758913219 ], [ 397319.408861404866911, 5027779.208584657870233 ], [ 397344.507836041040719, 5027786.64323965460062 ], [ 397369.961513183428906, 5027792.754126877523959 ], [ 397395.700126072217245, 5027797.524496807716787 ], [ 397421.653126958524808, 5027800.941274194046855 ], [ 397447.749380470835604, 5027802.995093887671828 ], [ 397473.917358592327219, 5027803.680326510220766 ], [ 397500.085336713818833, 5027802.995093887671828 ], [ 397526.181590226129629, 5027800.941274194046855 ], [ 397552.134591112437192, 5027797.524496807716787 ], [ 397577.873204001225531, 5027792.754126877523959 ], [ 397603.326881143613718, 5027786.64323965460062 ], [ 397628.425855779787526, 5027779.208584657870233 ], [ 397653.101333364960738, 5027770.470539758913219 ], [ 397677.285680130240507, 5027760.453055331483483 ], [ 397700.912608462094795, 5027749.183588604442775 ], [ 397723.917358592327219, 5027736.693028402514756 ], [ 397746.236876099836081, 5027723.015610482543707 ], [ 397767.809984738589264, 5027708.188823698088527 ], [ 397788.577554117247928, 5027692.253307239152491 ], [ 397808.48266177176265, 5027675.252739248797297 ], [ 397827.470749185595196, 5027657.233717103488743 ], [ 397845.489771331020165, 5027638.245629689656198 ], [ 397862.490339320793282, 5027618.34052203502506 ], [ 397878.425855779787526, 5027597.572952656075358 ], [ 397893.252642565057613, 5027575.999844017438591 ], [ 397906.930060484563001, 5027553.680326510220766 ], [ 397919.42062068649102, 5027530.675576380454004 ], [ 397930.690087413648143, 5027507.048648048192263 ], [ 397940.707571840903256, 5027482.864301282912493 ], [ 397949.445616739918478, 5027458.188823698088527 ], [ 397956.880271736881696, 5027433.089849061332643 ], [ 397962.991158959222957, 5027407.636171919293702 ], [ 397967.761528889881447, 5027381.897559029981494 ], [ 397971.178306276444346, 5027355.944558143615723 ], [ 397973.232125969603658, 5027329.848304632119834 ], [ 397973.917358592327219, 5027303.680326510220766 ] ] ] } },
{ "type": "Feature", "properties": { "site": 17, "transect": 17.5 }, "geometry": { "type": "Polygon", "coordinates": [ [ [ 397670.09108543448383, 5027377.512481899000704 ], [ 397669.405852811760269, 5027351.344503777101636 ], [ 397667.352033118600957, 5027325.248250265605748 ], [ 397663.935255732038058, 5027299.295249379239976 ], [ 397659.164885801379569, 5027273.556636489927769 ], [ 397653.053998579038307, 5027248.102959347888827 ], [ 397645.619343582075089, 5027223.003984711132944 ], [ 397636.881298683059867, 5027198.328507126308978 ], [ 397626.863814255804755, 5027174.144160361029208 ], [ 397615.594347528647631, 5027150.517232028767467 ], [ 397603.103787326719612, 5027127.512481899000704 ], [ 397589.426369407214224, 5027105.19296439178288 ], [ 397574.599582621944137, 5027083.619855753146112 ], [ 397558.664066162949894, 5027062.85228637419641 ], [ 397541.663498173176777, 5027042.947178719565272 ], [ 397523.644476027751807, 5027023.959091305732727 ], [ 397504.656388613919262, 5027005.940069160424173 ], [ 397484.751280959404539, 5026988.939501170068979 ], [ 397463.983711580745876, 5026973.003984711132944 ], [ 397442.410602941992693, 5026958.177197926677763 ], [ 397420.09108543448383, 5026944.499780006706715 ], [ 397397.086335304251406, 5026932.009219804778695 ], [ 397373.459406972397119, 5026920.739753077737987 ], [ 397349.275060207117349, 5026910.722268650308251 ], [ 397324.599582621944137, 5026901.984223751351237 ], [ 397299.50060798577033, 5026894.54956875462085 ], [ 397274.046930843382142, 5026888.438681531697512 ], [ 397248.308317954593804, 5026883.668311601504683 ], [ 397222.35531706828624, 5026880.251534215174615 ], [ 397196.259063555975445, 5026878.197714521549642 ], [ 397170.09108543448383, 5026877.512481899000704 ], [ 397143.923107312992215, 5026878.197714521549642 ], [ 397117.82685380068142, 5026880.251534215174615 ], [ 397091.873852914373856, 5026883.668311601504683 ], [ 397066.135240025585517, 5026888.438681531697512 ], [ 397040.68156288319733, 5026894.54956875462085 ], [ 397015.582588247023523, 5026901.984223751351237 ], [ 396990.907110661850311, 5026910.722268650308251 ], [ 396966.722763896570541, 5026920.739753077737987 ], [ 396943.095835564716253, 5026932.009219804778695 ], [ 396920.09108543448383, 5026944.499780006706715 ], [ 396897.771567926974967, 5026958.177197926677763 ], [ 396876.198459288221784, 5026973.003984711132944 ], [ 396855.43088990956312, 5026988.939501170068979 ], [ 396835.525782255048398, 5027005.940069160424173 ], [ 396816.537694841215853, 5027023.959091305732727 ], [ 396798.518672695790883, 5027042.947178719565272 ], [ 396781.518104706017766, 5027062.85228637419641 ], [ 396765.582588247023523, 5027083.619855753146112 ], [ 396750.755801461753435, 5027105.19296439178288 ], [ 396737.078383542248048, 5027127.512481899000704 ], [ 396724.587823340320028, 5027150.517232028767467 ], [ 396713.318356613162905, 5027174.144160361029208 ], [ 396703.300872185907792, 5027198.328507126308978 ], [ 396694.562827286892571, 5027223.003984711132944 ], [ 396687.128172289929353, 5027248.102959347888827 ], [ 396681.017285067588091, 5027273.556636489927769 ], [ 396676.246915136929601, 5027299.295249379239976 ], [ 396672.830137750366703, 5027325.248250265605748 ], [ 396670.776318057207391, 5027351.344503777101636 ], [ 396670.09108543448383, 5027377.512481899000704 ], [ 396670.776318057207391, 5027403.680460020899773 ], [ 396672.830137750366703, 5027429.776713532395661 ], [ 396676.246915136929601, 5027455.729714418761432 ], [ 396681.017285067588091, 5027481.46832730807364 ], [ 396687.128172289929353, 5027506.922004450112581 ], [ 396694.562827286892571, 5027532.020979086868465 ], [ 396703.300872185907792, 5027556.696456671692431 ], [ 396713.318356613162905, 5027580.880803436972201 ], [ 396724.587823340320028, 5027604.507731769233942 ], [ 396737.078383542248048, 5027627.512481899000704 ], [ 396750.755801461753435, 5027649.831999406218529 ], [ 396765.582588247023523, 5027671.405108044855297 ], [ 396781.518104706017766, 5027692.172677423804998 ], [ 396798.518672695790883, 5027712.077785078436136 ], [ 396816.537694841215853, 5027731.065872492268682 ], [ 396835.525782255048398, 5027749.084894637577236 ], [ 396855.43088990956312, 5027766.085462627932429 ], [ 396876.198459288221784, 5027782.020979086868465 ], [ 396897.771567926974967, 5027796.847765871323645 ], [ 396920.09108543448383, 5027810.525183791294694 ], [ 396943.095835564716253, 5027823.015743993222713 ], [ 396966.722763896570541, 5027834.285210720263422 ], [ 396990.907110661850311, 5027844.302695147693157 ], [ 397015.582588247023523, 5027853.040740046650171 ], [ 397040.68156288319733, 5027860.475395043380558 ], [ 397066.135240025585517, 5027866.586282266303897 ], [ 397091.873852914373856, 5027871.356652196496725 ], [ 397117.82685380068142, 5027874.773429582826793 ], [ 397143.923107312992215, 5027876.827249276451766 ], [ 397170.09108543448383, 5027877.512481899000704 ], [ 397196.259063555975445, 5027876.827249276451766 ], [ 397222.35531706828624, 5027874.773429582826793 ], [ 397248.308317954593804, 5027871.356652196496725 ], [ 397274.046930843382142, 5027866.586282266303897 ], [ 397299.50060798577033, 5027860.475395043380558 ], [ 397324.599582621944137, 5027853.040740046650171 ], [ 397349.275060207117349, 5027844.302695147693157 ], [ 397373.459406972397119, 5027834.285210720263422 ], [ 397397.086335304251406, 5027823.015743993222713 ], [ 397420.09108543448383, 5027810.525183791294694 ], [ 397442.410602941992693, 5027796.847765871323645 ], [ 397463.983711580745876, 5027782.020979086868465 ], [ 397484.751280959404539, 5027766.085462627932429 ], [ 397504.656388613919262, 5027749.084894637577236 ], [ 397523.644476027751807, 5027731.065872492268682 ], [ 397541.663498173176777, 5027712.077785078436136 ], [ 397558.664066162949894, 5027692.172677423804998 ], [ 397574.599582621944137, 5027671.405108044855297 ], [ 397589.426369407214224, 5027649.831999406218529 ], [ 397603.103787326719612, 5027627.512481899000704 ], [ 397615.594347528647631, 5027604.507731769233942 ], [ 397626.863814255804755, 5027580.880803436972201 ], [ 397636.881298683059867, 5027556.696456671692431 ], [ 397645.619343582075089, 5027532.020979086868465 ], [ 397653.053998579038307, 5027506.922004450112581 ], [ 397659.164885801379569, 5027481.46832730807364 ], [ 397663.935255732038058, 5027455.729714418761432 ], [ 397667.352033118600957, 5027429.776713532395661 ], [ 397669.405852811760269, 5027403.680460020899773 ], [ 397670.09108543448383, 5027377.512481899000704 ] ] ] } },
{ "type": "Feature", "properties": { "site": 17, "transect": 17.6 }, "geometry": { "type": "Polygon", "coordinates": [ [ [ 397639.270831479574554, 5027294.968135744333267 ], [ 397638.585598856850993, 5027268.800157622434199 ], [ 397636.531779163691681, 5027242.703904110938311 ], [ 397633.115001777128782, 5027216.750903224572539 ], [ 397628.344631846470293, 5027191.012290335260332 ], [ 397622.233744624129031, 5027165.55861319322139 ], [ 397614.799089627165813, 5027140.459638556465507 ], [ 397606.061044728150591, 5027115.784160971641541 ], [ 397596.043560300895479, 5027091.599814206361771 ], [ 397584.774093573738355, 5027067.972885874100029 ], [ 397572.283533371810336, 5027044.968135744333267 ], [ 397558.606115452304948, 5027022.648618237115443 ], [ 397543.779328667034861, 5027001.075509598478675 ], [ 397527.843812208040617, 5026980.307940219528973 ], [ 397510.8432442182675, 5026960.402832564897835 ], [ 397492.824222072842531, 5026941.41474515106529 ], [ 397473.836134659009986, 5026923.395723005756736 ], [ 397453.931027004495263, 5026906.395155015401542 ], [ 397433.1634576258366, 5026890.459638556465507 ], [ 397411.590348987083416, 5026875.632851772010326 ], [ 397389.270831479574554, 5026861.955433852039278 ], [ 397366.26608134934213, 5026849.464873650111258 ], [ 397342.639153017487843, 5026838.19540692307055 ], [ 397318.454806252208073, 5026828.177922495640814 ], [ 397293.779328667034861, 5026819.4398775966838 ], [ 397268.680354030861054, 5026812.005222599953413 ], [ 397243.226676888472866, 5026805.894335377030075 ], [ 397217.488063999684528, 5026801.123965446837246 ], [ 397191.535063113376964, 5026797.707188060507178 ], [ 397165.438809601066168, 5026795.653368366882205 ], [ 397139.270831479574554, 5026794.968135744333267 ], [ 397113.102853358082939, 5026795.653368366882205 ], [ 397087.006599845772143, 5026797.707188060507178 ], [ 397061.05359895946458, 5026801.123965446837246 ], [ 397035.314986070676241, 5026805.894335377030075 ], [ 397009.861308928288054, 5026812.005222599953413 ], [ 396984.762334292114247, 5026819.4398775966838 ], [ 396960.086856706941035, 5026828.177922495640814 ], [ 396935.902509941661265, 5026838.19540692307055 ], [ 396912.275581609806977, 5026849.464873650111258 ], [ 396889.270831479574554, 5026861.955433852039278 ], [ 396866.951313972065691, 5026875.632851772010326 ], [ 396845.378205333312508, 5026890.459638556465507 ], [ 396824.610635954653844, 5026906.395155015401542 ], [ 396804.705528300139122, 5026923.395723005756736 ], [ 396785.717440886306576, 5026941.41474515106529 ], [ 396767.698418740881607, 5026960.402832564897835 ], [ 396750.69785075110849, 5026980.307940219528973 ], [ 396734.762334292114247, 5027001.075509598478675 ], [ 396719.935547506844159, 5027022.648618237115443 ], [ 396706.258129587338772, 5027044.968135744333267 ], [ 396693.767569385410752, 5027067.972885874100029 ], [ 396682.498102658253629, 5027091.599814206361771 ], [ 396672.480618230998516, 5027115.784160971641541 ], [ 396663.742573331983294, 5027140.459638556465507 ], [ 396656.307918335020076, 5027165.55861319322139 ], [ 396650.197031112678815, 5027191.012290335260332 ], [ 396645.426661182020325, 5027216.750903224572539 ], [ 396642.009883795457426, 5027242.703904110938311 ], [ 396639.956064102298114, 5027268.800157622434199 ], [ 396639.270831479574554, 5027294.968135744333267 ], [ 396639.956064102298114, 5027321.136113866232336 ], [ 396642.009883795457426, 5027347.232367377728224 ], [ 396645.426661182020325, 5027373.185368264093995 ], [ 396650.197031112678815, 5027398.923981153406203 ], [ 396656.307918335020076, 5027424.377658295445144 ], [ 396663.742573331983294, 5027449.476632932201028 ], [ 396672.480618230998516, 5027474.152110517024994 ], [ 396682.498102658253629, 5027498.336457282304764 ], [ 396693.767569385410752, 5027521.963385614566505 ], [ 396706.258129587338772, 5027544.968135744333267 ], [ 396719.935547506844159, 5027567.287653251551092 ], [ 396734.762334292114247, 5027588.86076189018786 ], [ 396750.69785075110849, 5027609.628331269137561 ], [ 396767.698418740881607, 5027629.533438923768699 ], [ 396785.717440886306576, 5027648.521526337601244 ], [ 396804.705528300139122, 5027666.540548482909799 ], [ 396824.610635954653844, 5027683.541116473264992 ], [ 396845.378205333312508, 5027699.476632932201028 ], [ 396866.951313972065691, 5027714.303419716656208 ], [ 396889.270831479574554, 5027727.980837636627257 ], [ 396912.275581609806977, 5027740.471397838555276 ], [ 396935.902509941661265, 5027751.740864565595984 ], [ 396960.086856706941035, 5027761.75834899302572 ], [ 396984.762334292114247, 5027770.496393891982734 ], [ 397009.861308928288054, 5027777.931048888713121 ], [ 397035.314986070676241, 5027784.04193611163646 ], [ 397061.05359895946458, 5027788.812306041829288 ], [ 397087.006599845772143, 5027792.229083428159356 ], [ 397113.102853358082939, 5027794.282903121784329 ], [ 397139.270831479574554, 5027794.968135744333267 ], [ 397165.438809601066168, 5027794.282903121784329 ], [ 397191.535063113376964, 5027792.229083428159356 ], [ 397217.488063999684528, 5027788.812306041829288 ], [ 397243.226676888472866, 5027784.04193611163646 ], [ 397268.680354030861054, 5027777.931048888713121 ], [ 397293.779328667034861, 5027770.496393891982734 ], [ 397318.454806252208073, 5027761.75834899302572 ], [ 397342.639153017487843, 5027751.740864565595984 ], [ 397366.26608134934213, 5027740.471397838555276 ], [ 397389.270831479574554, 5027727.980837636627257 ], [ 397411.590348987083416, 5027714.303419716656208 ], [ 397433.1634576258366, 5027699.476632932201028 ], [ 397453.931027004495263, 5027683.541116473264992 ], [ 397473.836134659009986, 5027666.540548482909799 ], [ 397492.824222072842531, 5027648.521526337601244 ], [ 397510.8432442182675, 5027629.533438923768699 ], [ 397527.843812208040617, 5027609.628331269137561 ], [ 397543.779328667034861, 5027588.86076189018786 ], [ 397558.606115452304948, 5027567.287653251551092 ], [ 397572.283533371810336, 5027544.968135744333267 ], [ 397584.774093573738355, 5027521.963385614566505 ], [ 397596.043560300895479, 5027498.336457282304764 ], [ 397606.061044728150591, 5027474.152110517024994 ], [ 397614.799089627165813, 5027449.476632932201028 ], [ 397622.233744624129031, 5027424.377658295445144 ], [ 397628.344631846470293, 5027398.923981153406203 ], [ 397633.115001777128782, 5027373.185368264093995 ], [ 397636.531779163691681, 5027347.232367377728224 ], [ 397638.585598856850993, 5027321.136113866232336 ], [ 397639.270831479574554, 5027294.968135744333267 ] ] ] } },
{ "type": "Feature", "properties": { "site": 18, "transect": 18.1 }, "geometry": { "type": "Polygon", "coordinates": [ [ [ 465729.404690052499063, 5010519.623023215681314 ], [ 465728.719457429775503, 5010493.455045093782246 ], [ 465726.665637736616191, 5010467.358791582286358 ], [ 465723.248860350053292, 5010441.405790695920587 ], [ 465718.478490419394802, 5010415.667177806608379 ], [ 465712.36760319705354, 5010390.213500664569438 ], [ 465704.932948200090323, 5010365.114526027813554 ], [ 465696.194903301075101, 5010340.439048442989588 ], [ 465686.177418873819988, 5010316.254701677709818 ], [ 465674.907952146662865, 5010292.627773345448077 ], [ 465662.417391944734845, 5010269.623023215681314 ], [ 465648.739974025229458, 5010247.30350570846349 ], [ 465633.91318723995937, 5010225.730397069826722 ], [ 465617.977670780965127, 5010204.96282769087702 ], [ 465600.97710279119201, 5010185.057720036245883 ], [ 465582.958080645767041, 5010166.069632622413337 ], [ 465563.969993231934495, 5010148.050610477104783 ], [ 465544.064885577419773, 5010131.050042486749589 ], [ 465523.297316198761109, 5010115.114526027813554 ], [ 465501.724207560007926, 5010100.287739243358374 ], [ 465479.404690052499063, 5010086.610321323387325 ], [ 465456.39993992226664, 5010074.119761121459305 ], [ 465432.773011590412352, 5010062.850294394418597 ], [ 465408.588664825132582, 5010052.832809966988862 ], [ 465383.91318723995937, 5010044.094765068031847 ], [ 465358.814212603785563, 5010036.66011007130146 ], [ 465333.360535461397376, 5010030.549222848378122 ], [ 465307.621922572609037, 5010025.778852918185294 ], [ 465281.668921686301474, 5010022.362075531855226 ], [ 465255.572668173990678, 5010020.308255838230252 ], [ 465229.404690052499063, 5010019.623023215681314 ], [ 465203.236711931007449, 5010020.308255838230252 ], [ 465177.140458418696653, 5010022.362075531855226 ], [ 465151.187457532389089, 5010025.778852918185294 ], [ 465125.448844643600751, 5010030.549222848378122 ], [ 465099.995167501212563, 5010036.66011007130146 ], [ 465074.896192865038756, 5010044.094765068031847 ], [ 465050.220715279865544, 5010052.832809966988862 ], [ 465026.036368514585774, 5010062.850294394418597 ], [ 465002.409440182731487, 5010074.119761121459305 ], [ 464979.404690052499063, 5010086.610321323387325 ], [ 464957.085172544990201, 5010100.287739243358374 ], [ 464935.512063906237017, 5010115.114526027813554 ], [ 464914.744494527578354, 5010131.050042486749589 ], [ 464894.839386873063631, 5010148.050610477104783 ], [ 464875.851299459231086, 5010166.069632622413337 ], [ 464857.832277313806117, 5010185.057720036245883 ], [ 464840.831709324033, 5010204.96282769087702 ], [ 464824.896192865038756, 5010225.730397069826722 ], [ 464810.069406079768669, 5010247.30350570846349 ], [ 464796.391988160263281, 5010269.623023215681314 ], [ 464783.901427958335262, 5010292.627773345448077 ], [ 464772.631961231178138, 5010316.254701677709818 ], [ 464762.614476803923026, 5010340.439048442989588 ], [ 464753.876431904907804, 5010365.114526027813554 ], [ 464746.441776907944586, 5010390.213500664569438 ], [ 464740.330889685603324, 5010415.667177806608379 ], [ 464735.560519754944835, 5010441.405790695920587 ], [ 464732.143742368381936, 5010467.358791582286358 ], [ 464730.089922675222624, 5010493.455045093782246 ], [ 464729.404690052499063, 5010519.623023215681314 ], [ 464730.089922675222624, 5010545.791001337580383 ], [ 464732.143742368381936, 5010571.887254849076271 ], [ 464735.560519754944835, 5010597.840255735442042 ], [ 464740.330889685603324, 5010623.57886862475425 ], [ 464746.441776907944586, 5010649.032545766793191 ], [ 464753.876431904907804, 5010674.131520403549075 ], [ 464762.614476803923026, 5010698.806997988373041 ], [ 464772.631961231178138, 5010722.991344753652811 ], [ 464783.901427958335262, 5010746.618273085914552 ], [ 464796.391988160263281, 5010769.623023215681314 ], [ 464810.069406079768669, 5010791.942540722899139 ], [ 464824.896192865038756, 5010813.515649361535907 ], [ 464840.831709324033, 5010834.283218740485609 ], [ 464857.832277313806117, 5010854.188326395116746 ], [ 464875.851299459231086, 5010873.176413808949292 ], [ 464894.839386873063631, 5010891.195435954257846 ], [ 464914.744494527578354, 5010908.196003944613039 ], [ 464935.512063906237017, 5010924.131520403549075 ], [ 464957.085172544990201, 5010938.958307188004255 ], [ 464979.404690052499063, 5010952.635725107975304 ], [ 465002.409440182731487, 5010965.126285309903324 ], [ 465026.036368514585774, 5010976.395752036944032 ], [ 465050.220715279865544, 5010986.413236464373767 ], [ 465074.896192865038756, 5010995.151281363330781 ], [ 465099.995167501212563, 5011002.585936360061169 ], [ 465125.448844643600751, 5011008.696823582984507 ], [ 465151.187457532389089, 5011013.467193513177335 ], [ 465177.140458418696653, 5011016.883970899507403 ], [ 465203.236711931007449, 5011018.937790593132377 ], [ 465229.404690052499063, 5011019.623023215681314 ], [ 465255.572668173990678, 5011018.937790593132377 ], [ 465281.668921686301474, 5011016.883970899507403 ], [ 465307.621922572609037, 5011013.467193513177335 ], [ 465333.360535461397376, 5011008.696823582984507 ], [ 465358.814212603785563, 5011002.585936360061169 ], [ 465383.91318723995937, 5010995.151281363330781 ], [ 465408.588664825132582, 5010986.413236464373767 ], [ 465432.773011590412352, 5010976.395752036944032 ], [ 465456.39993992226664, 5010965.126285309903324 ], [ 465479.404690052499063, 5010952.635725107975304 ], [ 465501.724207560007926, 5010938.958307188004255 ], [ 465523.297316198761109, 5010924.131520403549075 ], [ 465544.064885577419773, 5010908.196003944613039 ], [ 465563.969993231934495, 5010891.195435954257846 ], [ 465582.958080645767041, 5010873.176413808949292 ], [ 465600.97710279119201, 5010854.188326395116746 ], [ 465617.977670780965127, 5010834.283218740485609 ], [ 465633.91318723995937, 5010813.515649361535907 ], [ 465648.739974025229458, 5010791.942540722899139 ], [ 465662.417391944734845, 5010769.623023215681314 ], [ 465674.907952146662865, 5010746.618273085914552 ], [ 465686.177418873819988, 5010722.991344753652811 ], [ 465696.194903301075101, 5010698.806997988373041 ], [ 465704.932948200090323, 5010674.131520403549075 ], [ 465712.36760319705354, 5010649.032545766793191 ], [ 465718.478490419394802, 5010623.57886862475425 ], [ 465723.248860350053292, 5010597.840255735442042 ], [ 465726.665637736616191, 5010571.887254849076271 ], [ 465728.719457429775503, 5010545.791001337580383 ], [ 465729.404690052499063, 5010519.623023215681314 ] ] ] } },
{ "type": "Feature", "properties": { "site": 18, "transect": 18.2 }, "geometry": { "type": "Polygon", "coordinates": [ [ [ 465935.701729586173315, 5010560.449746504426003 ], [ 465935.016496963449754, 5010534.281768382526934 ], [ 465932.962677270290442, 5010508.185514871031046 ], [ 465929.545899883727543, 5010482.232513984665275 ], [ 465924.775529953069054, 5010456.493901095353067 ], [ 465918.664642730727792, 5010431.040223953314126 ], [ 465911.229987733764574, 5010405.941249316558242 ], [ 465902.491942834749352, 5010381.265771731734276 ], [ 465892.47445840749424, 5010357.081424966454506 ], [ 465881.204991680337116, 5010333.454496634192765 ], [ 465868.714431478409097, 5010310.449746504426003 ], [ 465855.037013558903709, 5010288.130228997208178 ], [ 465840.210226773633622, 5010266.55712035857141 ], [ 465824.274710314639378, 5010245.789550979621708 ], [ 465807.274142324866261, 5010225.884443324990571 ], [ 465789.255120179441292, 5010206.896355911158025 ], [ 465770.267032765608747, 5010188.877333765849471 ], [ 465750.361925111094024, 5010171.876765775494277 ], [ 465729.594355732435361, 5010155.941249316558242 ], [ 465708.021247093682177, 5010141.114462532103062 ], [ 465685.701729586173315, 5010127.437044612132013 ], [ 465662.696979455940891, 5010114.946484410203993 ], [ 465639.070051124086604, 5010103.677017683163285 ], [ 465614.885704358806834, 5010093.65953325573355 ], [ 465590.210226773633622, 5010084.921488356776536 ], [ 465565.111252137459815, 5010077.486833360046148 ], [ 465539.657574995071627, 5010071.37594613712281 ], [ 465513.918962106283288, 5010066.605576206929982 ], [ 465487.965961219975725, 5010063.188798820599914 ], [ 465461.869707707664929, 5010061.13497912697494 ], [ 465435.701729586173315, 5010060.449746504426003 ], [ 465409.5337514646817, 5010061.13497912697494 ], [ 465383.437497952370904, 5010063.188798820599914 ], [ 465357.484497066063341, 5010066.605576206929982 ], [ 465331.745884177275002, 5010071.37594613712281 ], [ 465306.292207034886815, 5010077.486833360046148 ], [ 465281.193232398713008, 5010084.921488356776536 ], [ 465256.517754813539796, 5010093.65953325573355 ], [ 465232.333408048260026, 5010103.677017683163285 ], [ 465208.706479716405738, 5010114.946484410203993 ], [ 465185.701729586173315, 5010127.437044612132013 ], [ 465163.382212078664452, 5010141.114462532103062 ], [ 465141.809103439911269, 5010155.941249316558242 ], [ 465121.041534061252605, 5010171.876765775494277 ], [ 465101.136426406737883, 5010188.877333765849471 ], [ 465082.148338992905337, 5010206.896355911158025 ], [ 465064.129316847480368, 5010225.884443324990571 ], [ 465047.128748857707251, 5010245.789550979621708 ], [ 465031.193232398713008, 5010266.55712035857141 ], [ 465016.36644561344292, 5010288.130228997208178 ], [ 465002.689027693937533, 5010310.449746504426003 ], [ 464990.198467492009513, 5010333.454496634192765 ], [ 464978.92900076485239, 5010357.081424966454506 ], [ 464968.911516337597277, 5010381.265771731734276 ], [ 464960.173471438582055, 5010405.941249316558242 ], [ 464952.738816441618837, 5010431.040223953314126 ], [ 464946.627929219277576, 5010456.493901095353067 ], [ 464941.857559288619086, 5010482.232513984665275 ], [ 464938.440781902056187, 5010508.185514871031046 ], [ 464936.386962208896875, 5010534.281768382526934 ], [ 464935.701729586173315, 5010560.449746504426003 ], [ 464936.386962208896875, 5010586.617724626325071 ], [ 464938.440781902056187, 5010612.713978137820959 ], [ 464941.857559288619086, 5010638.66697902418673 ], [ 464946.627929219277576, 5010664.405591913498938 ], [ 464952.738816441618837, 5010689.859269055537879 ], [ 464960.173471438582055, 5010714.958243692293763 ], [ 464968.911516337597277, 5010739.633721277117729 ], [ 464978.92900076485239, 5010763.818068042397499 ], [ 464990.198467492009513, 5010787.44499637465924 ], [ 465002.689027693937533, 5010810.449746504426003 ], [ 465016.36644561344292, 5010832.769264011643827 ], [ 465031.193232398713008, 5010854.342372650280595 ], [ 465047.128748857707251, 5010875.109942029230297 ], [ 465064.129316847480368, 5010895.015049683861434 ], [ 465082.148338992905337, 5010914.00313709769398 ], [ 465101.136426406737883, 5010932.022159243002534 ], [ 465121.041534061252605, 5010949.022727233357728 ], [ 465141.809103439911269, 5010964.958243692293763 ], [ 465163.382212078664452, 5010979.785030476748943 ], [ 465185.701729586173315, 5010993.462448396719992 ], [ 465208.706479716405738, 5011005.953008598648012 ], [ 465232.333408048260026, 5011017.22247532568872 ], [ 465256.517754813539796, 5011027.239959753118455 ], [ 465281.193232398713008, 5011035.978004652075469 ], [ 465306.292207034886815, 5011043.412659648805857 ], [ 465331.745884177275002, 5011049.523546871729195 ], [ 465357.484497066063341, 5011054.293916801922023 ], [ 465383.437497952370904, 5011057.710694188252091 ], [ 465409.5337514646817, 5011059.764513881877065 ], [ 465435.701729586173315, 5011060.449746504426003 ], [ 465461.869707707664929, 5011059.764513881877065 ], [ 465487.965961219975725, 5011057.710694188252091 ], [ 465513.918962106283288, 5011054.293916801922023 ], [ 465539.657574995071627, 5011049.523546871729195 ], [ 465565.111252137459815, 5011043.412659648805857 ], [ 465590.210226773633622, 5011035.978004652075469 ], [ 465614.885704358806834, 5011027.239959753118455 ], [ 465639.070051124086604, 5011017.22247532568872 ], [ 465662.696979455940891, 5011005.953008598648012 ], [ 465685.701729586173315, 5010993.462448396719992 ], [ 465708.021247093682177, 5010979.785030476748943 ], [ 465729.594355732435361, 5010964.958243692293763 ], [ 465750.361925111094024, 5010949.022727233357728 ], [ 465770.267032765608747, 5010932.022159243002534 ], [ 465789.255120179441292, 5010914.00313709769398 ], [ 465807.274142324866261, 5010895.015049683861434 ], [ 465824.274710314639378, 5010875.109942029230297 ], [ 465840.210226773633622, 5010854.342372650280595 ], [ 465855.037013558903709, 5010832.769264011643827 ], [ 465868.714431478409097, 5010810.449746504426003 ], [ 465881.204991680337116, 5010787.44499637465924 ], [ 465892.47445840749424, 5010763.818068042397499 ], [ 465902.491942834749352, 5010739.633721277117729 ], [ 465911.229987733764574, 5010714.958243692293763 ], [ 465918.664642730727792, 5010689.859269055537879 ], [ 465924.775529953069054, 5010664.405591913498938 ], [ 465929.545899883727543, 5010638.66697902418673 ], [ 465932.962677270290442, 5010612.713978137820959 ], [ 465935.016496963449754, 5010586.617724626325071 ], [ 465935.701729586173315, 5010560.449746504426003 ] ] ] } },
{ "type": "Feature", "properties": { "site": 19, "transect": 19.1 }, "geometry": { "type": "Polygon", "coordinates": [ [ [ 456673.822071194590535, 5026783.597757807001472 ], [ 456673.136838571866974, 5026757.429779685102403 ], [ 456671.083018878707662, 5026731.333526173606515 ], [ 456667.666241492144763, 5026705.380525287240744 ], [ 456662.895871561486274, 5026679.641912397928536 ], [ 456656.784984339145012, 5026654.188235255889595 ], [ 456649.350329342181794, 5026629.089260619133711 ], [ 456640.612284443166573, 5026604.413783034309745 ], [ 456630.59480001591146, 5026580.229436269029975 ], [ 456619.325333288754337, 5026556.602507936768234 ], [ 456606.834773086826317, 5026533.597757807001472 ], [ 456593.157355167320929, 5026511.278240299783647 ], [ 456578.330568382050842, 5026489.705131661146879 ], [ 456562.395051923056599, 5026468.937562282197177 ], [ 456545.394483933283482, 5026449.03245462756604 ], [ 456527.375461787858512, 5026430.044367213733494 ], [ 456508.387374374025967, 5026412.02534506842494 ], [ 456488.482266719511244, 5026395.024777078069746 ], [ 456467.714697340852581, 5026379.089260619133711 ], [ 456446.141588702099398, 5026364.262473834678531 ], [ 456423.822071194590535, 5026350.585055914707482 ], [ 456400.817321064358111, 5026338.094495712779462 ], [ 456377.190392732503824, 5026326.825028985738754 ], [ 456353.006045967224054, 5026316.807544558309019 ], [ 456328.330568382050842, 5026308.069499659352005 ], [ 456303.231593745877035, 5026300.634844662621617 ], [ 456277.777916603488848, 5026294.523957439698279 ], [ 456252.039303714700509, 5026289.753587509505451 ], [ 456226.086302828392945, 5026286.336810123175383 ], [ 456199.99004931608215, 5026284.282990429550409 ], [ 456173.822071194590535, 5026283.597757807001472 ], [ 456147.65409307309892, 5026284.282990429550409 ], [ 456121.557839560788125, 5026286.336810123175383 ], [ 456095.604838674480561, 5026289.753587509505451 ], [ 456069.866225785692222, 5026294.523957439698279 ], [ 456044.412548643304035, 5026300.634844662621617 ], [ 456019.313574007130228, 5026308.069499659352005 ], [ 455994.638096421957016, 5026316.807544558309019 ], [ 455970.453749656677246, 5026326.825028985738754 ], [ 455946.826821324822959, 5026338.094495712779462 ], [ 455923.822071194590535, 5026350.585055914707482 ], [ 455901.502553687081672, 5026364.262473834678531 ], [ 455879.929445048328489, 5026379.089260619133711 ], [ 455859.161875669669826, 5026395.024777078069746 ], [ 455839.256768015155103, 5026412.02534506842494 ], [ 455820.268680601322558, 5026430.044367213733494 ], [ 455802.249658455897588, 5026449.03245462756604 ], [ 455785.249090466124471, 5026468.937562282197177 ], [ 455769.313574007130228, 5026489.705131661146879 ], [ 455754.486787221860141, 5026511.278240299783647 ], [ 455740.809369302354753, 5026533.597757807001472 ], [ 455728.318809100426733, 5026556.602507936768234 ], [ 455717.04934237326961, 5026580.229436269029975 ], [ 455707.031857946014497, 5026604.413783034309745 ], [ 455698.293813046999276, 5026629.089260619133711 ], [ 455690.859158050036058, 5026654.188235255889595 ], [ 455684.748270827694796, 5026679.641912397928536 ], [ 455679.977900897036307, 5026705.380525287240744 ], [ 455676.561123510473408, 5026731.333526173606515 ], [ 455674.507303817314096, 5026757.429779685102403 ], [ 455673.822071194590535, 5026783.597757807001472 ], [ 455674.507303817314096, 5026809.76573592890054 ], [ 455676.561123510473408, 5026835.861989440396428 ], [ 455679.977900897036307, 5026861.814990326762199 ], [ 455684.748270827694796, 5026887.553603216074407 ], [ 455690.859158050036058, 5026913.007280358113348 ], [ 455698.293813046999276, 5026938.106254994869232 ], [ 455707.031857946014497, 5026962.781732579693198 ], [ 455717.04934237326961, 5026986.966079344972968 ], [ 455728.318809100426733, 5027010.593007677234709 ], [ 455740.809369302354753, 5027033.597757807001472 ], [ 455754.486787221860141, 5027055.917275314219296 ], [ 455769.313574007130228, 5027077.490383952856064 ], [ 455785.249090466124471, 5027098.257953331805766 ], [ 455802.249658455897588, 5027118.163060986436903 ], [ 455820.268680601322558, 5027137.151148400269449 ], [ 455839.256768015155103, 5027155.170170545578003 ], [ 455859.161875669669826, 5027172.170738535933197 ], [ 455879.929445048328489, 5027188.106254994869232 ], [ 455901.502553687081672, 5027202.933041779324412 ], [ 455923.822071194590535, 5027216.610459699295461 ], [ 455946.826821324822959, 5027229.101019901223481 ], [ 455970.453749656677246, 5027240.370486628264189 ], [ 455994.638096421957016, 5027250.387971055693924 ], [ 456019.313574007130228, 5027259.126015954650939 ], [ 456044.412548643304035, 5027266.560670951381326 ], [ 456069.866225785692222, 5027272.671558174304664 ], [ 456095.604838674480561, 5027277.441928104497492 ], [ 456121.557839560788125, 5027280.85870549082756 ], [ 456147.65409307309892, 5027282.912525184452534 ], [ 456173.822071194590535, 5027283.597757807001472 ], [ 456199.99004931608215, 5027282.912525184452534 ], [ 456226.086302828392945, 5027280.85870549082756 ], [ 456252.039303714700509, 5027277.441928104497492 ], [ 456277.777916603488848, 5027272.671558174304664 ], [ 456303.231593745877035, 5027266.560670951381326 ], [ 456328.330568382050842, 5027259.126015954650939 ], [ 456353.006045967224054, 5027250.387971055693924 ], [ 456377.190392732503824, 5027240.370486628264189 ], [ 456400.817321064358111, 5027229.101019901223481 ], [ 456423.822071194590535, 5027216.610459699295461 ], [ 456446.141588702099398, 5027202.933041779324412 ], [ 456467.714697340852581, 5027188.106254994869232 ], [ 456488.482266719511244, 5027172.170738535933197 ], [ 456508.387374374025967, 5027155.170170545578003 ], [ 456527.375461787858512, 5027137.151148400269449 ], [ 456545.394483933283482, 5027118.163060986436903 ], [ 456562.395051923056599, 5027098.257953331805766 ], [ 456578.330568382050842, 5027077.490383952856064 ], [ 456593.157355167320929, 5027055.917275314219296 ], [ 456606.834773086826317, 5027033.597757807001472 ], [ 456619.325333288754337, 5027010.593007677234709 ], [ 456630.59480001591146, 5026986.966079344972968 ], [ 456640.612284443166573, 5026962.781732579693198 ], [ 456649.350329342181794, 5026938.106254994869232 ], [ 456656.784984339145012, 5026913.007280358113348 ], [ 456662.895871561486274, 5026887.553603216074407 ], [ 456667.666241492144763, 5026861.814990326762199 ], [ 456671.083018878707662, 5026835.861989440396428 ], [ 456673.136838571866974, 5026809.76573592890054 ], [ 456673.822071194590535, 5026783.597757807001472 ] ] ] } },
{ "type": "Feature", "properties": { "site": 19, "transect": 19.2 }, "geometry": { "type": "Polygon", "coordinates": [ [ [ 456673.822071194590535, 5026783.597757807001472 ], [ 456673.136838571866974, 5026757.429779685102403 ], [ 456671.083018878707662, 5026731.333526173606515 ], [ 456667.666241492144763, 5026705.380525287240744 ], [ 456662.895871561486274, 5026679.641912397928536 ], [ 456656.784984339145012, 5026654.188235255889595 ], [ 456649.350329342181794, 5026629.089260619133711 ], [ 456640.612284443166573, 5026604.413783034309745 ], [ 456630.59480001591146, 5026580.229436269029975 ], [ 456619.325333288754337, 5026556.602507936768234 ], [ 456606.834773086826317, 5026533.597757807001472 ], [ 456593.157355167320929, 5026511.278240299783647 ], [ 456578.330568382050842, 5026489.705131661146879 ], [ 456562.395051923056599, 5026468.937562282197177 ], [ 456545.394483933283482, 5026449.03245462756604 ], [ 456527.375461787858512, 5026430.044367213733494 ], [ 456508.387374374025967, 5026412.02534506842494 ], [ 456488.482266719511244, 5026395.024777078069746 ], [ 456467.714697340852581, 5026379.089260619133711 ], [ 456446.141588702099398, 5026364.262473834678531 ], [ 456423.822071194590535, 5026350.585055914707482 ], [ 456400.817321064358111, 5026338.094495712779462 ], [ 456377.190392732503824, 5026326.825028985738754 ], [ 456353.006045967224054, 5026316.807544558309019 ], [ 456328.330568382050842, 5026308.069499659352005 ], [ 456303.231593745877035, 5026300.634844662621617 ], [ 456277.777916603488848, 5026294.523957439698279 ], [ 456252.039303714700509, 5026289.753587509505451 ], [ 456226.086302828392945, 5026286.336810123175383 ], [ 456199.99004931608215, 5026284.282990429550409 ], [ 456173.822071194590535, 5026283.597757807001472 ], [ 456147.65409307309892, 5026284.282990429550409 ], [ 456121.557839560788125, 5026286.336810123175383 ], [ 456095.604838674480561, 5026289.753587509505451 ], [ 456069.866225785692222, 5026294.523957439698279 ], [ 456044.412548643304035, 5026300.634844662621617 ], [ 456019.313574007130228, 5026308.069499659352005 ], [ 455994.638096421957016, 5026316.807544558309019 ], [ 455970.453749656677246, 5026326.825028985738754 ], [ 455946.826821324822959, 5026338.094495712779462 ], [ 455923.822071194590535, 5026350.585055914707482 ], [ 455901.502553687081672, 5026364.262473834678531 ], [ 455879.929445048328489, 5026379.089260619133711 ], [ 455859.161875669669826, 5026395.024777078069746 ], [ 455839.256768015155103, 5026412.02534506842494 ], [ 455820.268680601322558, 5026430.044367213733494 ], [ 455802.249658455897588, 5026449.03245462756604 ], [ 455785.249090466124471, 5026468.937562282197177 ], [ 455769.313574007130228, 5026489.705131661146879 ], [ 455754.486787221860141, 5026511.278240299783647 ], [ 455740.809369302354753, 5026533.597757807001472 ], [ 455728.318809100426733, 5026556.602507936768234 ], [ 455717.04934237326961, 5026580.229436269029975 ], [ 455707.031857946014497, 5026604.413783034309745 ], [ 455698.293813046999276, 5026629.089260619133711 ], [ 455690.859158050036058, 5026654.188235255889595 ], [ 455684.748270827694796, 5026679.641912397928536 ], [ 455679.977900897036307, 5026705.380525287240744 ], [ 455676.561123510473408, 5026731.333526173606515 ], [ 455674.507303817314096, 5026757.429779685102403 ], [ 455673.822071194590535, 5026783.597757807001472 ], [ 455674.507303817314096, 5026809.76573592890054 ], [ 455676.561123510473408, 5026835.861989440396428 ], [ 455679.977900897036307, 5026861.814990326762199 ], [ 455684.748270827694796, 5026887.553603216074407 ], [ 455690.859158050036058, 5026913.007280358113348 ], [ 455698.293813046999276, 5026938.106254994869232 ], [ 455707.031857946014497, 5026962.781732579693198 ], [ 455717.04934237326961, 5026986.966079344972968 ], [ 455728.318809100426733, 5027010.593007677234709 ], [ 455740.809369302354753, 5027033.597757807001472 ], [ 455754.486787221860141, 5027055.917275314219296 ], [ 455769.313574007130228, 5027077.490383952856064 ], [ 455785.249090466124471, 5027098.257953331805766 ], [ 455802.249658455897588, 5027118.163060986436903 ], [ 455820.268680601322558, 5027137.151148400269449 ], [ 455839.256768015155103, 5027155.170170545578003 ], [ 455859.161875669669826, 5027172.170738535933197 ], [ 455879.929445048328489, 5027188.106254994869232 ], [ 455901.502553687081672, 5027202.933041779324412 ], [ 455923.822071194590535, 5027216.610459699295461 ], [ 455946.826821324822959, 5027229.101019901223481 ], [ 455970.453749656677246, 5027240.370486628264189 ], [ 455994.638096421957016, 5027250.387971055693924 ], [ 456019.313574007130228, 5027259.126015954650939 ], [ 456044.412548643304035, 5027266.560670951381326 ], [ 456069.866225785692222, 5027272.671558174304664 ], [ 456095.604838674480561, 5027277.441928104497492 ], [ 456121.557839560788125, 5027280.85870549082756 ], [ 456147.65409307309892, 5027282.912525184452534 ], [ 456173.822071194590535, 5027283.597757807001472 ], [ 456199.99004931608215, 5027282.912525184452534 ], [ 456226.086302828392945, 5027280.85870549082756 ], [ 456252.039303714700509, 5027277.441928104497492 ], [ 456277.777916603488848, 5027272.671558174304664 ], [ 456303.231593745877035, 5027266.560670951381326 ], [ 456328.330568382050842, 5027259.126015954650939 ], [ 456353.006045967224054, 5027250.387971055693924 ], [ 456377.190392732503824, 5027240.370486628264189 ], [ 456400.817321064358111, 5027229.101019901223481 ], [ 456423.822071194590535, 5027216.610459699295461 ], [ 456446.141588702099398, 5027202.933041779324412 ], [ 456467.714697340852581, 5027188.106254994869232 ], [ 456488.482266719511244, 5027172.170738535933197 ], [ 456508.387374374025967, 5027155.170170545578003 ], [ 456527.375461787858512, 5027137.151148400269449 ], [ 456545.394483933283482, 5027118.163060986436903 ], [ 456562.395051923056599, 5027098.257953331805766 ], [ 456578.330568382050842, 5027077.490383952856064 ], [ 456593.157355167320929, 5027055.917275314219296 ], [ 456606.834773086826317, 5027033.597757807001472 ], [ 456619.325333288754337, 5027010.593007677234709 ], [ 456630.59480001591146, 5026986.966079344972968 ], [ 456640.612284443166573, 5026962.781732579693198 ], [ 456649.350329342181794, 5026938.106254994869232 ], [ 456656.784984339145012, 5026913.007280358113348 ], [ 456662.895871561486274, 5026887.553603216074407 ], [ 456667.666241492144763, 5026861.814990326762199 ], [ 456671.083018878707662, 5026835.861989440396428 ], [ 456673.136838571866974, 5026809.76573592890054 ], [ 456673.822071194590535, 5026783.597757807001472 ] ] ] } },
{ "type": "Feature", "properties": { "site": 19, "transect": 19.3 }, "geometry": { "type": "Polygon", "coordinates": [ [ [ 456770.590377253829502, 5026877.091635821387172 ], [ 456769.905144631105941, 5026850.923657699488103 ], [ 456767.851324937946629, 5026824.827404187992215 ], [ 456764.43454755138373, 5026798.874403301626444 ], [ 456759.664177620725241, 5026773.135790412314236 ], [ 456753.553290398383979, 5026747.682113270275295 ], [ 456746.118635401420761, 5026722.583138633519411 ], [ 456737.380590502405539, 5026697.907661048695445 ], [ 456727.363106075150426, 5026673.723314283415675 ], [ 456716.093639347993303, 5026650.096385951153934 ], [ 456703.603079146065284, 5026627.091635821387172 ], [ 456689.925661226559896, 5026604.772118314169347 ], [ 456675.098874441289809, 5026583.199009675532579 ], [ 456659.163357982295565, 5026562.431440296582878 ], [ 456642.162789992522448, 5026542.52633264195174 ], [ 456624.143767847097479, 5026523.538245228119195 ], [ 456605.155680433264934, 5026505.51922308281064 ], [ 456585.250572778750211, 5026488.518655092455447 ], [ 456564.483003400091548, 5026472.583138633519411 ], [ 456542.909894761338364, 5026457.756351849064231 ], [ 456520.590377253829502, 5026444.078933929093182 ], [ 456497.585627123597078, 5026431.588373727165163 ], [ 456473.95869879174279, 5026420.318907000124454 ], [ 456449.774352026463021, 5026410.301422572694719 ], [ 456425.098874441289809, 5026401.563377673737705 ], [ 456399.999899805116002, 5026394.128722677007318 ], [ 456374.546222662727814, 5026388.017835454083979 ], [ 456348.807609773939475, 5026383.247465523891151 ], [ 456322.854608887631912, 5026379.830688137561083 ], [ 456296.758355375321116, 5026377.77686844393611 ], [ 456270.590377253829502, 5026377.091635821387172 ], [ 456244.422399132337887, 5026377.77686844393611 ], [ 456218.326145620027091, 5026379.830688137561083 ], [ 456192.373144733719528, 5026383.247465523891151 ], [ 456166.634531844931189, 5026388.017835454083979 ], [ 456141.180854702543002, 5026394.128722677007318 ], [ 456116.081880066369195, 5026401.563377673737705 ], [ 456091.406402481195983, 5026410.301422572694719 ], [ 456067.222055715916213, 5026420.318907000124454 ], [ 456043.595127384061925, 5026431.588373727165163 ], [ 456020.590377253829502, 5026444.078933929093182 ], [ 455998.270859746320639, 5026457.756351849064231 ], [ 455976.697751107567456, 5026472.583138633519411 ], [ 455955.930181728908792, 5026488.518655092455447 ], [ 455936.02507407439407, 5026505.51922308281064 ], [ 455917.036986660561524, 5026523.538245228119195 ], [ 455899.017964515136555, 5026542.52633264195174 ], [ 455882.017396525363438, 5026562.431440296582878 ], [ 455866.081880066369195, 5026583.199009675532579 ], [ 455851.255093281099107, 5026604.772118314169347 ], [ 455837.57767536159372, 5026627.091635821387172 ], [ 455825.0871151596657, 5026650.096385951153934 ], [ 455813.817648432508577, 5026673.723314283415675 ], [ 455803.800164005253464, 5026697.907661048695445 ], [ 455795.062119106238242, 5026722.583138633519411 ], [ 455787.627464109275024, 5026747.682113270275295 ], [ 455781.516576886933763, 5026773.135790412314236 ], [ 455776.746206956275273, 5026798.874403301626444 ], [ 455773.329429569712374, 5026824.827404187992215 ], [ 455771.275609876553062, 5026850.923657699488103 ], [ 455770.590377253829502, 5026877.091635821387172 ], [ 455771.275609876553062, 5026903.25961394328624 ], [ 455773.329429569712374, 5026929.355867454782128 ], [ 455776.746206956275273, 5026955.3088683411479 ], [ 455781.516576886933763, 5026981.047481230460107 ], [ 455787.627464109275024, 5027006.501158372499049 ], [ 455795.062119106238242, 5027031.600133009254932 ], [ 455803.800164005253464, 5027056.275610594078898 ], [ 455813.817648432508577, 5027080.459957359358668 ], [ 455825.0871151596657, 5027104.086885691620409 ], [ 455837.57767536159372, 5027127.091635821387172 ], [ 455851.255093281099107, 5027149.411153328604996 ], [ 455866.081880066369195, 5027170.984261967241764 ], [ 455882.017396525363438, 5027191.751831346191466 ], [ 455899.017964515136555, 5027211.656939000822604 ], [ 455917.036986660561524, 5027230.645026414655149 ], [ 455936.02507407439407, 5027248.664048559963703 ], [ 455955.930181728908792, 5027265.664616550318897 ], [ 455976.697751107567456, 5027281.600133009254932 ], [ 455998.270859746320639, 5027296.426919793710113 ], [ 456020.590377253829502, 5027310.104337713681161 ], [ 456043.595127384061925, 5027322.594897915609181 ], [ 456067.222055715916213, 5027333.864364642649889 ], [ 456091.406402481195983, 5027343.881849070079625 ], [ 456116.081880066369195, 5027352.619893969036639 ], [ 456141.180854702543002, 5027360.054548965767026 ], [ 456166.634531844931189, 5027366.165436188690364 ], [ 456192.373144733719528, 5027370.935806118883193 ], [ 456218.326145620027091, 5027374.352583505213261 ], [ 456244.422399132337887, 5027376.406403198838234 ], [ 456270.590377253829502, 5027377.091635821387172 ], [ 456296.758355375321116, 5027376.406403198838234 ], [ 456322.854608887631912, 5027374.352583505213261 ], [ 456348.807609773939475, 5027370.935806118883193 ], [ 456374.546222662727814, 5027366.165436188690364 ], [ 456399.999899805116002, 5027360.054548965767026 ], [ 456425.098874441289809, 5027352.619893969036639 ], [ 456449.774352026463021, 5027343.881849070079625 ], [ 456473.95869879174279, 5027333.864364642649889 ], [ 456497.585627123597078, 5027322.594897915609181 ], [ 456520.590377253829502, 5027310.104337713681161 ], [ 456542.909894761338364, 5027296.426919793710113 ], [ 456564.483003400091548, 5027281.600133009254932 ], [ 456585.250572778750211, 5027265.664616550318897 ], [ 456605.155680433264934, 5027248.664048559963703 ], [ 456624.143767847097479, 5027230.645026414655149 ], [ 456642.162789992522448, 5027211.656939000822604 ], [ 456659.163357982295565, 5027191.751831346191466 ], [ 456675.098874441289809, 5027170.984261967241764 ], [ 456689.925661226559896, 5027149.411153328604996 ], [ 456703.603079146065284, 5027127.091635821387172 ], [ 456716.093639347993303, 5027104.086885691620409 ], [ 456727.363106075150426, 5027080.459957359358668 ], [ 456737.380590502405539, 5027056.275610594078898 ], [ 456746.118635401420761, 5027031.600133009254932 ], [ 456753.553290398383979, 5027006.501158372499049 ], [ 456759.664177620725241, 5026981.047481230460107 ], [ 456764.43454755138373, 5026955.3088683411479 ], [ 456767.851324937946629, 5026929.355867454782128 ], [ 456769.905144631105941, 5026903.25961394328624 ], [ 456770.590377253829502, 5026877.091635821387172 ] ] ] } },
{ "type": "Feature", "properties": { "site": 20, "transect": 20.1 }, "geometry": { "type": "Polygon", "coordinates": [ [ [ 432287.113412246399093, 5022979.894434927031398 ], [ 432286.428179623675533, 5022953.726456805132329 ], [ 432284.374359930516221, 5022927.630203293636441 ], [ 432280.957582543953322, 5022901.67720240727067 ], [ 432276.187212613294832, 5022875.938589517958462 ], [ 432270.076325390953571, 5022850.484912375919521 ], [ 432262.641670393990353, 5022825.385937739163637 ], [ 432253.903625494975131, 5022800.710460154339671 ], [ 432243.886141067720018, 5022776.526113389059901 ], [ 432232.616674340562895, 5022752.89918505679816 ], [ 432220.126114138634875, 5022729.894434927031398 ], [ 432206.448696219129488, 5022707.574917419813573 ], [ 432191.6219094338594, 5022686.001808781176805 ], [ 432175.686392974865157, 5022665.234239402227104 ], [ 432158.68582498509204, 5022645.329131747595966 ], [ 432140.666802839667071, 5022626.341044333763421 ], [ 432121.678715425834525, 5022608.322022188454866 ], [ 432101.773607771319803, 5022591.321454198099673 ], [ 432081.006038392661139, 5022575.385937739163637 ], [ 432059.432929753907956, 5022560.559150954708457 ], [ 432037.113412246399093, 5022546.881733034737408 ], [ 432014.10866211616667, 5022534.391172832809389 ], [ 431990.481733784312382, 5022523.121706105768681 ], [ 431966.297387019032612, 5022513.104221678338945 ], [ 431941.6219094338594, 5022504.366176779381931 ], [ 431916.522934797685593, 5022496.931521782651544 ], [ 431891.069257655297406, 5022490.820634559728205 ], [ 431865.330644766509067, 5022486.050264629535377 ], [ 431839.377643880201504, 5022482.633487243205309 ], [ 431813.281390367890708, 5022480.579667549580336 ], [ 431787.113412246399093, 5022479.894434927031398 ], [ 431760.945434124907479, 5022480.579667549580336 ], [ 431734.849180612596683, 5022482.633487243205309 ], [ 431708.89617972628912, 5022486.050264629535377 ], [ 431683.157566837500781, 5022490.820634559728205 ], [ 431657.703889695112593, 5022496.931521782651544 ], [ 431632.604915058938786, 5022504.366176779381931 ], [ 431607.929437473765574, 5022513.104221678338945 ], [ 431583.745090708485804, 5022523.121706105768681 ], [ 431560.118162376631517, 5022534.391172832809389 ], [ 431537.113412246399093, 5022546.881733034737408 ], [ 431514.793894738890231, 5022560.559150954708457 ], [ 431493.220786100137047, 5022575.385937739163637 ], [ 431472.453216721478384, 5022591.321454198099673 ], [ 431452.548109066963661, 5022608.322022188454866 ], [ 431433.560021653131116, 5022626.341044333763421 ], [ 431415.540999507706147, 5022645.329131747595966 ], [ 431398.54043151793303, 5022665.234239402227104 ], [ 431382.604915058938786, 5022686.001808781176805 ], [ 431367.778128273668699, 5022707.574917419813573 ], [ 431354.100710354163311, 5022729.894434927031398 ], [ 431341.610150152235292, 5022752.89918505679816 ], [ 431330.340683425078169, 5022776.526113389059901 ], [ 431320.323198997823056, 5022800.710460154339671 ], [ 431311.585154098807834, 5022825.385937739163637 ], [ 431304.150499101844616, 5022850.484912375919521 ], [ 431298.039611879503354, 5022875.938589517958462 ], [ 431293.269241948844865, 5022901.67720240727067 ], [ 431289.852464562281966, 5022927.630203293636441 ], [ 431287.798644869122654, 5022953.726456805132329 ], [ 431287.113412246399093, 5022979.894434927031398 ], [ 431287.798644869122654, 5023006.062413048930466 ], [ 431289.852464562281966, 5023032.158666560426354 ], [ 431293.269241948844865, 5023058.111667446792126 ], [ 431298.039611879503354, 5023083.850280336104333 ], [ 431304.150499101844616, 5023109.303957478143275 ], [ 431311.585154098807834, 5023134.402932114899158 ], [ 431320.323198997823056, 5023159.078409699723125 ], [ 431330.340683425078169, 5023183.262756465002894 ], [ 431341.610150152235292, 5023206.889684797264636 ], [ 431354.100710354163311, 5023229.894434927031398 ], [ 431367.778128273668699, 5023252.213952434249222 ], [ 431382.604915058938786, 5023273.78706107288599 ], [ 431398.54043151793303, 5023294.554630451835692 ], [ 431415.540999507706147, 5023314.45973810646683 ], [ 431433.560021653131116, 5023333.447825520299375 ], [ 431452.548109066963661, 5023351.466847665607929 ], [ 431472.453216721478384, 5023368.467415655963123 ], [ 431493.220786100137047, 5023384.402932114899158 ], [ 431514.793894738890231, 5023399.229718899354339 ], [ 431537.113412246399093, 5023412.907136819325387 ], [ 431560.118162376631517, 5023425.397697021253407 ], [ 431583.745090708485804, 5023436.667163748294115 ], [ 431607.929437473765574, 5023446.684648175723851 ], [ 431632.604915058938786, 5023455.422693074680865 ], [ 431657.703889695112593, 5023462.857348071411252 ], [ 431683.157566837500781, 5023468.96823529433459 ], [ 431708.89617972628912, 5023473.738605224527419 ], [ 431734.849180612596683, 5023477.155382610857487 ], [ 431760.945434124907479, 5023479.20920230448246 ], [ 431787.113412246399093, 5023479.894434927031398 ], [ 431813.281390367890708, 5023479.20920230448246 ], [ 431839.377643880201504, 5023477.155382610857487 ], [ 431865.330644766509067, 5023473.738605224527419 ], [ 431891.069257655297406, 5023468.96823529433459 ], [ 431916.522934797685593, 5023462.857348071411252 ], [ 431941.6219094338594, 5023455.422693074680865 ], [ 431966.297387019032612, 5023446.684648175723851 ], [ 431990.481733784312382, 5023436.667163748294115 ], [ 432014.10866211616667, 5023425.397697021253407 ], [ 432037.113412246399093, 5023412.907136819325387 ], [ 432059.432929753907956, 5023399.229718899354339 ], [ 432081.006038392661139, 5023384.402932114899158 ], [ 432101.773607771319803, 5023368.467415655963123 ], [ 432121.678715425834525, 5023351.466847665607929 ], [ 432140.666802839667071, 5023333.447825520299375 ], [ 432158.68582498509204, 5023314.45973810646683 ], [ 432175.686392974865157, 5023294.554630451835692 ], [ 432191.6219094338594, 5023273.78706107288599 ], [ 432206.448696219129488, 5023252.213952434249222 ], [ 432220.126114138634875, 5023229.894434927031398 ], [ 432232.616674340562895, 5023206.889684797264636 ], [ 432243.886141067720018, 5023183.262756465002894 ], [ 432253.903625494975131, 5023159.078409699723125 ], [ 432262.641670393990353, 5023134.402932114899158 ], [ 432270.076325390953571, 5023109.303957478143275 ], [ 432276.187212613294832, 5023083.850280336104333 ], [ 432280.957582543953322, 5023058.111667446792126 ], [ 432284.374359930516221, 5023032.158666560426354 ], [ 432286.428179623675533, 5023006.062413048930466 ], [ 432287.113412246399093, 5022979.894434927031398 ] ] ] } },
{ "type": "Feature", "properties": { "site": 20, "transect": 20.2 }, "geometry": { "type": "Polygon", "coordinates": [ [ [ 432140.871001275489107, 5023173.767792743630707 ], [ 432140.185768652765546, 5023147.599814621731639 ], [ 432138.131948959606234, 5023121.503561110235751 ], [ 432134.715171573043335, 5023095.550560223869979 ], [ 432129.944801642384846, 5023069.811947334557772 ], [ 432123.833914420043584, 5023044.35827019251883 ], [ 432116.399259423080366, 5023019.259295555762947 ], [ 432107.661214524065144, 5022994.583817970938981 ], [ 432097.643730096810032, 5022970.399471205659211 ], [ 432086.374263369652908, 5022946.77254287339747 ], [ 432073.883703167724889, 5022923.767792743630707 ], [ 432060.206285248219501, 5022901.448275236412883 ], [ 432045.379498462949414, 5022879.875166597776115 ], [ 432029.443982003955171, 5022859.107597218826413 ], [ 432012.443414014182054, 5022839.202489564195275 ], [ 431994.424391868757084, 5022820.21440215036273 ], [ 431975.436304454924539, 5022802.195380005054176 ], [ 431955.531196800409816, 5022785.194812014698982 ], [ 431934.763627421751153, 5022769.259295555762947 ], [ 431913.19051878299797, 5022754.432508771307766 ], [ 431890.871001275489107, 5022740.755090851336718 ], [ 431867.866251145256683, 5022728.264530649408698 ], [ 431844.239322813402396, 5022716.99506392236799 ], [ 431820.054976048122626, 5022706.977579494938254 ], [ 431795.379498462949414, 5022698.23953459598124 ], [ 431770.280523826775607, 5022690.804879599250853 ], [ 431744.826846684387419, 5022684.693992376327515 ], [ 431719.088233795599081, 5022679.923622446134686 ], [ 431693.135232909291517, 5022676.506845059804618 ], [ 431667.038979396980722, 5022674.453025366179645 ], [ 431640.871001275489107, 5022673.767792743630707 ], [ 431614.703023153997492, 5022674.453025366179645 ], [ 431588.606769641686697, 5022676.506845059804618 ], [ 431562.653768755379133, 5022679.923622446134686 ], [ 431536.915155866590794, 5022684.693992376327515 ], [ 431511.461478724202607, 5022690.804879599250853 ], [ 431486.3625040880288, 5022698.23953459598124 ], [ 431461.687026502855588, 5022706.977579494938254 ], [ 431437.502679737575818, 5022716.99506392236799 ], [ 431413.87575140572153, 5022728.264530649408698 ], [ 431390.871001275489107, 5022740.755090851336718 ], [ 431368.551483767980244, 5022754.432508771307766 ], [ 431346.978375129227061, 5022769.259295555762947 ], [ 431326.210805750568397, 5022785.194812014698982 ], [ 431306.305698096053675, 5022802.195380005054176 ], [ 431287.31761068222113, 5022820.21440215036273 ], [ 431269.29858853679616, 5022839.202489564195275 ], [ 431252.298020547023043, 5022859.107597218826413 ], [ 431236.3625040880288, 5022879.875166597776115 ], [ 431221.535717302758712, 5022901.448275236412883 ], [ 431207.858299383253325, 5022923.767792743630707 ], [ 431195.367739181325305, 5022946.77254287339747 ], [ 431184.098272454168182, 5022970.399471205659211 ], [ 431174.080788026913069, 5022994.583817970938981 ], [ 431165.342743127897847, 5023019.259295555762947 ], [ 431157.90808813093463, 5023044.35827019251883 ], [ 431151.797200908593368, 5023069.811947334557772 ], [ 431147.026830977934878, 5023095.550560223869979 ], [ 431143.61005359137198, 5023121.503561110235751 ], [ 431141.556233898212668, 5023147.599814621731639 ], [ 431140.871001275489107, 5023173.767792743630707 ], [ 431141.556233898212668, 5023199.935770865529776 ], [ 431143.61005359137198, 5023226.032024377025664 ], [ 431147.026830977934878, 5023251.985025263391435 ], [ 431151.797200908593368, 5023277.723638152703643 ], [ 431157.90808813093463, 5023303.177315294742584 ], [ 431165.342743127897847, 5023328.276289931498468 ], [ 431174.080788026913069, 5023352.951767516322434 ], [ 431184.098272454168182, 5023377.136114281602204 ], [ 431195.367739181325305, 5023400.763042613863945 ], [ 431207.858299383253325, 5023423.767792743630707 ], [ 431221.535717302758712, 5023446.087310250848532 ], [ 431236.3625040880288, 5023467.6604188894853 ], [ 431252.298020547023043, 5023488.427988268435001 ], [ 431269.29858853679616, 5023508.333095923066139 ], [ 431287.31761068222113, 5023527.321183336898685 ], [ 431306.305698096053675, 5023545.340205482207239 ], [ 431326.210805750568397, 5023562.340773472562432 ], [ 431346.978375129227061, 5023578.276289931498468 ], [ 431368.551483767980244, 5023593.103076715953648 ], [ 431390.871001275489107, 5023606.780494635924697 ], [ 431413.87575140572153, 5023619.271054837852716 ], [ 431437.502679737575818, 5023630.540521564893425 ], [ 431461.687026502855588, 5023640.55800599232316 ], [ 431486.3625040880288, 5023649.296050891280174 ], [ 431511.461478724202607, 5023656.730705888010561 ], [ 431536.915155866590794, 5023662.8415931109339 ], [ 431562.653768755379133, 5023667.611963041126728 ], [ 431588.606769641686697, 5023671.028740427456796 ], [ 431614.703023153997492, 5023673.082560121081769 ], [ 431640.871001275489107, 5023673.767792743630707 ], [ 431667.038979396980722, 5023673.082560121081769 ], [ 431693.135232909291517, 5023671.028740427456796 ], [ 431719.088233795599081, 5023667.611963041126728 ], [ 431744.826846684387419, 5023662.8415931109339 ], [ 431770.280523826775607, 5023656.730705888010561 ], [ 431795.379498462949414, 5023649.296050891280174 ], [ 431820.054976048122626, 5023640.55800599232316 ], [ 431844.239322813402396, 5023630.540521564893425 ], [ 431867.866251145256683, 5023619.271054837852716 ], [ 431890.871001275489107, 5023606.780494635924697 ], [ 431913.19051878299797, 5023593.103076715953648 ], [ 431934.763627421751153, 5023578.276289931498468 ], [ 431955.531196800409816, 5023562.340773472562432 ], [ 431975.436304454924539, 5023545.340205482207239 ], [ 431994.424391868757084, 5023527.321183336898685 ], [ 432012.443414014182054, 5023508.333095923066139 ], [ 432029.443982003955171, 5023488.427988268435001 ], [ 432045.379498462949414, 5023467.6604188894853 ], [ 432060.206285248219501, 5023446.087310250848532 ], [ 432073.883703167724889, 5023423.767792743630707 ], [ 432086.374263369652908, 5023400.763042613863945 ], [ 432097.643730096810032, 5023377.136114281602204 ], [ 432107.661214524065144, 5023352.951767516322434 ], [ 432116.399259423080366, 5023328.276289931498468 ], [ 432123.833914420043584, 5023303.177315294742584 ], [ 432129.944801642384846, 5023277.723638152703643 ], [ 432134.715171573043335, 5023251.985025263391435 ], [ 432138.131948959606234, 5023226.032024377025664 ], [ 432140.185768652765546, 5023199.935770865529776 ], [ 432140.871001275489107, 5023173.767792743630707 ] ] ] } },
{ "type": "Feature", "properties": { "site": 20, "transect": 20.3 }, "geometry": { "type": "Polygon", "coordinates": [ [ [ 432155.191024984116666, 5023098.337436094880104 ], [ 432154.505792361393105, 5023072.169457972981036 ], [ 432152.451972668233793, 5023046.073204461485147 ], [ 432149.035195281670894, 5023020.120203575119376 ], [ 432144.264825351012405, 5022994.381590685807168 ], [ 432138.153938128671143, 5022968.927913543768227 ], [ 432130.719283131707925, 5022943.828938907012343 ], [ 432121.981238232692704, 5022919.153461322188377 ], [ 432111.963753805437591, 5022894.969114556908607 ], [ 432100.694287078280468, 5022871.342186224646866 ], [ 432088.203726876352448, 5022848.337436094880104 ], [ 432074.52630895684706, 5022826.01791858766228 ], [ 432059.699522171576973, 5022804.444809949025512 ], [ 432043.76400571258273, 5022783.67724057007581 ], [ 432026.763437722809613, 5022763.772132915444672 ], [ 432008.744415577384643, 5022744.784045501612127 ], [ 431989.756328163552098, 5022726.765023356303573 ], [ 431969.851220509037375, 5022709.764455365948379 ], [ 431949.083651130378712, 5022693.828938907012343 ], [ 431927.510542491625529, 5022679.002152122557163 ], [ 431905.191024984116666, 5022665.324734202586114 ], [ 431882.186274853884242, 5022652.834174000658095 ], [ 431858.559346522029955, 5022641.564707273617387 ], [ 431834.374999756750185, 5022631.547222846187651 ], [ 431809.699522171576973, 5022622.809177947230637 ], [ 431784.600547535403166, 5022615.37452295050025 ], [ 431759.146870393014979, 5022609.263635727576911 ], [ 431733.40825750422664, 5022604.493265797384083 ], [ 431707.455256617919076, 5022601.076488411054015 ], [ 431681.359003105608281, 5022599.022668717429042 ], [ 431655.191024984116666, 5022598.337436094880104 ], [ 431629.023046862625051, 5022599.022668717429042 ], [ 431602.926793350314256, 5022601.076488411054015 ], [ 431576.973792464006692, 5022604.493265797384083 ], [ 431551.235179575218353, 5022609.263635727576911 ], [ 431525.781502432830166, 5022615.37452295050025 ], [ 431500.682527796656359, 5022622.809177947230637 ], [ 431476.007050211483147, 5022631.547222846187651 ], [ 431451.822703446203377, 5022641.564707273617387 ], [ 431428.19577511434909, 5022652.834174000658095 ], [ 431405.191024984116666, 5022665.324734202586114 ], [ 431382.871507476607803, 5022679.002152122557163 ], [ 431361.29839883785462, 5022693.828938907012343 ], [ 431340.530829459195957, 5022709.764455365948379 ], [ 431320.625721804681234, 5022726.765023356303573 ], [ 431301.637634390848689, 5022744.784045501612127 ], [ 431283.618612245423719, 5022763.772132915444672 ], [ 431266.618044255650602, 5022783.67724057007581 ], [ 431250.682527796656359, 5022804.444809949025512 ], [ 431235.855741011386272, 5022826.01791858766228 ], [ 431222.178323091880884, 5022848.337436094880104 ], [ 431209.687762889952864, 5022871.342186224646866 ], [ 431198.418296162795741, 5022894.969114556908607 ], [ 431188.400811735540628, 5022919.153461322188377 ], [ 431179.662766836525407, 5022943.828938907012343 ], [ 431172.228111839562189, 5022968.927913543768227 ], [ 431166.117224617220927, 5022994.381590685807168 ], [ 431161.346854686562438, 5023020.120203575119376 ], [ 431157.930077299999539, 5023046.073204461485147 ], [ 431155.876257606840227, 5023072.169457972981036 ], [ 431155.191024984116666, 5023098.337436094880104 ], [ 431155.876257606840227, 5023124.505414216779172 ], [ 431157.930077299999539, 5023150.601667728275061 ], [ 431161.346854686562438, 5023176.554668614640832 ], [ 431166.117224617220927, 5023202.29328150395304 ], [ 431172.228111839562189, 5023227.746958645991981 ], [ 431179.662766836525407, 5023252.845933282747865 ], [ 431188.400811735540628, 5023277.521410867571831 ], [ 431198.418296162795741, 5023301.705757632851601 ], [ 431209.687762889952864, 5023325.332685965113342 ], [ 431222.178323091880884, 5023348.337436094880104 ], [ 431235.855741011386272, 5023370.656953602097929 ], [ 431250.682527796656359, 5023392.230062240734696 ], [ 431266.618044255650602, 5023412.997631619684398 ], [ 431283.618612245423719, 5023432.902739274315536 ], [ 431301.637634390848689, 5023451.890826688148081 ], [ 431320.625721804681234, 5023469.909848833456635 ], [ 431340.530829459195957, 5023486.910416823811829 ], [ 431361.29839883785462, 5023502.845933282747865 ], [ 431382.871507476607803, 5023517.672720067203045 ], [ 431405.191024984116666, 5023531.350137987174094 ], [ 431428.19577511434909, 5023543.840698189102113 ], [ 431451.822703446203377, 5023555.110164916142821 ], [ 431476.007050211483147, 5023565.127649343572557 ], [ 431500.682527796656359, 5023573.865694242529571 ], [ 431525.781502432830166, 5023581.300349239259958 ], [ 431551.235179575218353, 5023587.411236462183297 ], [ 431576.973792464006692, 5023592.181606392376125 ], [ 431602.926793350314256, 5023595.598383778706193 ], [ 431629.023046862625051, 5023597.652203472331166 ], [ 431655.191024984116666, 5023598.337436094880104 ], [ 431681.359003105608281, 5023597.652203472331166 ], [ 431707.455256617919076, 5023595.598383778706193 ], [ 431733.40825750422664, 5023592.181606392376125 ], [ 431759.146870393014979, 5023587.411236462183297 ], [ 431784.600547535403166, 5023581.300349239259958 ], [ 431809.699522171576973, 5023573.865694242529571 ], [ 431834.374999756750185, 5023565.127649343572557 ], [ 431858.559346522029955, 5023555.110164916142821 ], [ 431882.186274853884242, 5023543.840698189102113 ], [ 431905.191024984116666, 5023531.350137987174094 ], [ 431927.510542491625529, 5023517.672720067203045 ], [ 431949.083651130378712, 5023502.845933282747865 ], [ 431969.851220509037375, 5023486.910416823811829 ], [ 431989.756328163552098, 5023469.909848833456635 ], [ 432008.744415577384643, 5023451.890826688148081 ], [ 432026.763437722809613, 5023432.902739274315536 ], [ 432043.76400571258273, 5023412.997631619684398 ], [ 432059.699522171576973, 5023392.230062240734696 ], [ 432074.52630895684706, 5023370.656953602097929 ], [ 432088.203726876352448, 5023348.337436094880104 ], [ 432100.694287078280468, 5023325.332685965113342 ], [ 432111.963753805437591, 5023301.705757632851601 ], [ 432121.981238232692704, 5023277.521410867571831 ], [ 432130.719283131707925, 5023252.845933282747865 ], [ 432138.153938128671143, 5023227.746958645991981 ], [ 432144.264825351012405, 5023202.29328150395304 ], [ 432149.035195281670894, 5023176.554668614640832 ], [ 432152.451972668233793, 5023150.601667728275061 ], [ 432154.505792361393105, 5023124.505414216779172 ], [ 432155.191024984116666, 5023098.337436094880104 ] ] ] } },
{ "type": "Feature", "properties": { "site": 20, "transect": 20.4 }, "geometry": { "type": "Polygon", "coordinates": [ [ [ 432144.513432463339996, 5023172.542797148227692 ], [ 432143.828199840616435, 5023146.374819026328623 ], [ 432141.774380147457123, 5023120.278565514832735 ], [ 432138.357602760894224, 5023094.325564628466964 ], [ 432133.587232830235735, 5023068.586951739154756 ], [ 432127.476345607894473, 5023043.133274597115815 ], [ 432120.041690610931255, 5023018.034299960359931 ], [ 432111.303645711916033, 5022993.358822375535965 ], [ 432101.286161284660921, 5022969.174475610256195 ], [ 432090.016694557503797, 5022945.547547277994454 ], [ 432077.526134355575778, 5022922.542797148227692 ], [ 432063.84871643607039, 5022900.223279641009867 ], [ 432049.021929650800303, 5022878.650171002373099 ], [ 432033.086413191806059, 5022857.882601623423398 ], [ 432016.085845202032942, 5022837.97749396879226 ], [ 431998.066823056607973, 5022818.989406554959714 ], [ 431979.078735642775428, 5022800.97038440965116 ], [ 431959.173627988260705, 5022783.969816419295967 ], [ 431938.406058609602042, 5022768.034299960359931 ], [ 431916.832949970848858, 5022753.207513175904751 ], [ 431894.513432463339996, 5022739.530095255933702 ], [ 431871.508682333107572, 5022727.039535054005682 ], [ 431847.881754001253285, 5022715.770068326964974 ], [ 431823.697407235973515, 5022705.752583899535239 ], [ 431799.021929650800303, 5022697.014539000578225 ], [ 431773.922955014626496, 5022689.579884003847837 ], [ 431748.469277872238308, 5022683.468996780924499 ], [ 431722.730664983449969, 5022678.698626850731671 ], [ 431696.777664097142406, 5022675.281849464401603 ], [ 431670.68141058483161, 5022673.228029770776629 ], [ 431644.513432463339996, 5022672.542797148227692 ], [ 431618.345454341848381, 5022673.228029770776629 ], [ 431592.249200829537585, 5022675.281849464401603 ], [ 431566.296199943230022, 5022678.698626850731671 ], [ 431540.557587054441683, 5022683.468996780924499 ], [ 431515.103909912053496, 5022689.579884003847837 ], [ 431490.004935275879689, 5022697.014539000578225 ], [ 431465.329457690706477, 5022705.752583899535239 ], [ 431441.145110925426707, 5022715.770068326964974 ], [ 431417.518182593572419, 5022727.039535054005682 ], [ 431394.513432463339996, 5022739.530095255933702 ], [ 431372.193914955831133, 5022753.207513175904751 ], [ 431350.62080631707795, 5022768.034299960359931 ], [ 431329.853236938419286, 5022783.969816419295967 ], [ 431309.948129283904564, 5022800.97038440965116 ], [ 431290.960041870072018, 5022818.989406554959714 ], [ 431272.941019724647049, 5022837.97749396879226 ], [ 431255.940451734873932, 5022857.882601623423398 ], [ 431240.004935275879689, 5022878.650171002373099 ], [ 431225.178148490609601, 5022900.223279641009867 ], [ 431211.500730571104214, 5022922.542797148227692 ], [ 431199.010170369176194, 5022945.547547277994454 ], [ 431187.740703642019071, 5022969.174475610256195 ], [ 431177.723219214763958, 5022993.358822375535965 ], [ 431168.985174315748736, 5023018.034299960359931 ], [ 431161.550519318785518, 5023043.133274597115815 ], [ 431155.439632096444257, 5023068.586951739154756 ], [ 431150.669262165785767, 5023094.325564628466964 ], [ 431147.252484779222868, 5023120.278565514832735 ], [ 431145.198665086063556, 5023146.374819026328623 ], [ 431144.513432463339996, 5023172.542797148227692 ], [ 431145.198665086063556, 5023198.71077527012676 ], [ 431147.252484779222868, 5023224.807028781622648 ], [ 431150.669262165785767, 5023250.76002966798842 ], [ 431155.439632096444257, 5023276.498642557300627 ], [ 431161.550519318785518, 5023301.952319699339569 ], [ 431168.985174315748736, 5023327.051294336095452 ], [ 431177.723219214763958, 5023351.726771920919418 ], [ 431187.740703642019071, 5023375.911118686199188 ], [ 431199.010170369176194, 5023399.538047018460929 ], [ 431211.500730571104214, 5023422.542797148227692 ], [ 431225.178148490609601, 5023444.862314655445516 ], [ 431240.004935275879689, 5023466.435423294082284 ], [ 431255.940451734873932, 5023487.202992673031986 ], [ 431272.941019724647049, 5023507.108100327663124 ], [ 431290.960041870072018, 5023526.096187741495669 ], [ 431309.948129283904564, 5023544.115209886804223 ], [ 431329.853236938419286, 5023561.115777877159417 ], [ 431350.62080631707795, 5023577.051294336095452 ], [ 431372.193914955831133, 5023591.878081120550632 ], [ 431394.513432463339996, 5023605.555499040521681 ], [ 431417.518182593572419, 5023618.046059242449701 ], [ 431441.145110925426707, 5023629.315525969490409 ], [ 431465.329457690706477, 5023639.333010396920145 ], [ 431490.004935275879689, 5023648.071055295877159 ], [ 431515.103909912053496, 5023655.505710292607546 ], [ 431540.557587054441683, 5023661.616597515530884 ], [ 431566.296199943230022, 5023666.386967445723712 ], [ 431592.249200829537585, 5023669.803744832053781 ], [ 431618.345454341848381, 5023671.857564525678754 ], [ 431644.513432463339996, 5023672.542797148227692 ], [ 431670.68141058483161, 5023671.857564525678754 ], [ 431696.777664097142406, 5023669.803744832053781 ], [ 431722.730664983449969, 5023666.386967445723712 ], [ 431748.469277872238308, 5023661.616597515530884 ], [ 431773.922955014626496, 5023655.505710292607546 ], [ 431799.021929650800303, 5023648.071055295877159 ], [ 431823.697407235973515, 5023639.333010396920145 ], [ 431847.881754001253285, 5023629.315525969490409 ], [ 431871.508682333107572, 5023618.046059242449701 ], [ 431894.513432463339996, 5023605.555499040521681 ], [ 431916.832949970848858, 5023591.878081120550632 ], [ 431938.406058609602042, 5023577.051294336095452 ], [ 431959.173627988260705, 5023561.115777877159417 ], [ 431979.078735642775428, 5023544.115209886804223 ], [ 431998.066823056607973, 5023526.096187741495669 ], [ 432016.085845202032942, 5023507.108100327663124 ], [ 432033.086413191806059, 5023487.202992673031986 ], [ 432049.021929650800303, 5023466.435423294082284 ], [ 432063.84871643607039, 5023444.862314655445516 ], [ 432077.526134355575778, 5023422.542797148227692 ], [ 432090.016694557503797, 5023399.538047018460929 ], [ 432101.286161284660921, 5023375.911118686199188 ], [ 432111.303645711916033, 5023351.726771920919418 ], [ 432120.041690610931255, 5023327.051294336095452 ], [ 432127.476345607894473, 5023301.952319699339569 ], [ 432133.587232830235735, 5023276.498642557300627 ], [ 432138.357602760894224, 5023250.76002966798842 ], [ 432141.774380147457123, 5023224.807028781622648 ], [ 432143.828199840616435, 5023198.71077527012676 ], [ 432144.513432463339996, 5023172.542797148227692 ] ] ] } },
{ "type": "Feature", "properties": { "site": 21, "transect": 21.1 }, "geometry": { "type": "Polygon", "coordinates": [ [ [ 421194.115269278001506, 5056703.750520440749824 ], [ 421193.430036655277945, 5056677.582542318850756 ], [ 421191.376216962118633, 5056651.486288807354867 ], [ 421187.959439575555734, 5056625.533287920989096 ], [ 421183.189069644897245, 5056599.794675031676888 ], [ 421177.078182422555983, 5056574.340997889637947 ], [ 421169.643527425592765, 5056549.242023252882063 ], [ 421160.905482526577543, 5056524.566545668058097 ], [ 421150.887998099322431, 5056500.382198902778327 ], [ 421139.618531372165307, 5056476.755270570516586 ], [ 421127.127971170237288, 5056453.750520440749824 ], [ 421113.4505532507319, 5056431.431002933532 ], [ 421098.623766465461813, 5056409.857894294895232 ], [ 421082.68825000646757, 5056389.09032491594553 ], [ 421065.687682016694453, 5056369.185217261314392 ], [ 421047.668659871269483, 5056350.197129847481847 ], [ 421028.680572457436938, 5056332.178107702173293 ], [ 421008.775464802922215, 5056315.177539711818099 ], [ 420988.007895424263552, 5056299.242023252882063 ], [ 420966.434786785510369, 5056284.415236468426883 ], [ 420944.115269278001506, 5056270.737818548455834 ], [ 420921.110519147769082, 5056258.247258346527815 ], [ 420897.483590815914795, 5056246.977791619487107 ], [ 420873.299244050635025, 5056236.960307192057371 ], [ 420848.623766465461813, 5056228.222262293100357 ], [ 420823.524791829288006, 5056220.78760729636997 ], [ 420798.071114686899818, 5056214.676720073446631 ], [ 420772.33250179811148, 5056209.906350143253803 ], [ 420746.379500911803916, 5056206.489572756923735 ], [ 420720.283247399493121, 5056204.435753063298762 ], [ 420694.115269278001506, 5056203.750520440749824 ], [ 420667.947291156509891, 5056204.435753063298762 ], [ 420641.851037644199096, 5056206.489572756923735 ], [ 420615.898036757891532, 5056209.906350143253803 ], [ 420590.159423869103193, 5056214.676720073446631 ], [ 420564.705746726715006, 5056220.78760729636997 ], [ 420539.606772090541199, 5056228.222262293100357 ], [ 420514.931294505367987, 5056236.960307192057371 ], [ 420490.746947740088217, 5056246.977791619487107 ], [ 420467.120019408233929, 5056258.247258346527815 ], [ 420444.115269278001506, 5056270.737818548455834 ], [ 420421.795751770492643, 5056284.415236468426883 ], [ 420400.22264313173946, 5056299.242023252882063 ], [ 420379.455073753080796, 5056315.177539711818099 ], [ 420359.549966098566074, 5056332.178107702173293 ], [ 420340.561878684733529, 5056350.197129847481847 ], [ 420322.542856539308559, 5056369.185217261314392 ], [ 420305.542288549535442, 5056389.09032491594553 ], [ 420289.606772090541199, 5056409.857894294895232 ], [ 420274.779985305271111, 5056431.431002933532 ], [ 420261.102567385765724, 5056453.750520440749824 ], [ 420248.612007183837704, 5056476.755270570516586 ], [ 420237.342540456680581, 5056500.382198902778327 ], [ 420227.325056029425468, 5056524.566545668058097 ], [ 420218.587011130410247, 5056549.242023252882063 ], [ 420211.152356133447029, 5056574.340997889637947 ], [ 420205.041468911105767, 5056599.794675031676888 ], [ 420200.271098980447277, 5056625.533287920989096 ], [ 420196.854321593884379, 5056651.486288807354867 ], [ 420194.800501900725067, 5056677.582542318850756 ], [ 420194.115269278001506, 5056703.750520440749824 ], [ 420194.800501900725067, 5056729.918498562648892 ], [ 420196.854321593884379, 5056756.014752074144781 ], [ 420200.271098980447277, 5056781.967752960510552 ], [ 420205.041468911105767, 5056807.70636584982276 ], [ 420211.152356133447029, 5056833.160042991861701 ], [ 420218.587011130410247, 5056858.259017628617585 ], [ 420227.325056029425468, 5056882.934495213441551 ], [ 420237.342540456680581, 5056907.118841978721321 ], [ 420248.612007183837704, 5056930.745770310983062 ], [ 420261.102567385765724, 5056953.750520440749824 ], [ 420274.779985305271111, 5056976.070037947967649 ], [ 420289.606772090541199, 5056997.643146586604416 ], [ 420305.542288549535442, 5057018.410715965554118 ], [ 420322.542856539308559, 5057038.315823620185256 ], [ 420340.561878684733529, 5057057.303911034017801 ], [ 420359.549966098566074, 5057075.322933179326355 ], [ 420379.455073753080796, 5057092.323501169681549 ], [ 420400.22264313173946, 5057108.259017628617585 ], [ 420421.795751770492643, 5057123.085804413072765 ], [ 420444.115269278001506, 5057136.763222333043814 ], [ 420467.120019408233929, 5057149.253782534971833 ], [ 420490.746947740088217, 5057160.523249262012541 ], [ 420514.931294505367987, 5057170.540733689442277 ], [ 420539.606772090541199, 5057179.278778588399291 ], [ 420564.705746726715006, 5057186.713433585129678 ], [ 420590.159423869103193, 5057192.824320808053017 ], [ 420615.898036757891532, 5057197.594690738245845 ], [ 420641.851037644199096, 5057201.011468124575913 ], [ 420667.947291156509891, 5057203.065287818200886 ], [ 420694.115269278001506, 5057203.750520440749824 ], [ 420720.283247399493121, 5057203.065287818200886 ], [ 420746.379500911803916, 5057201.011468124575913 ], [ 420772.33250179811148, 5057197.594690738245845 ], [ 420798.071114686899818, 5057192.824320808053017 ], [ 420823.524791829288006, 5057186.713433585129678 ], [ 420848.623766465461813, 5057179.278778588399291 ], [ 420873.299244050635025, 5057170.540733689442277 ], [ 420897.483590815914795, 5057160.523249262012541 ], [ 420921.110519147769082, 5057149.253782534971833 ], [ 420944.115269278001506, 5057136.763222333043814 ], [ 420966.434786785510369, 5057123.085804413072765 ], [ 420988.007895424263552, 5057108.259017628617585 ], [ 421008.775464802922215, 5057092.323501169681549 ], [ 421028.680572457436938, 5057075.322933179326355 ], [ 421047.668659871269483, 5057057.303911034017801 ], [ 421065.687682016694453, 5057038.315823620185256 ], [ 421082.68825000646757, 5057018.410715965554118 ], [ 421098.623766465461813, 5056997.643146586604416 ], [ 421113.4505532507319, 5056976.070037947967649 ], [ 421127.127971170237288, 5056953.750520440749824 ], [ 421139.618531372165307, 5056930.745770310983062 ], [ 421150.887998099322431, 5056907.118841978721321 ], [ 421160.905482526577543, 5056882.934495213441551 ], [ 421169.643527425592765, 5056858.259017628617585 ], [ 421177.078182422555983, 5056833.160042991861701 ], [ 421183.189069644897245, 5056807.70636584982276 ], [ 421187.959439575555734, 5056781.967752960510552 ], [ 421191.376216962118633, 5056756.014752074144781 ], [ 421193.430036655277945, 5056729.918498562648892 ], [ 421194.115269278001506, 5056703.750520440749824 ] ] ] } },
{ "type": "Feature", "properties": { "site": 21, "transect": 21.2 }, "geometry": { "type": "Polygon", "coordinates": [ [ [ 421223.461961422290187, 5056335.476862846873701 ], [ 421222.776728799566627, 5056309.308884724974632 ], [ 421220.722909106407315, 5056283.212631213478744 ], [ 421217.306131719844416, 5056257.259630327112973 ], [ 421212.535761789185926, 5056231.521017437800765 ], [ 421206.424874566844665, 5056206.067340295761824 ], [ 421198.990219569881447, 5056180.96836565900594 ], [ 421190.252174670866225, 5056156.292888074181974 ], [ 421180.234690243611112, 5056132.108541308902204 ], [ 421168.965223516453989, 5056108.481612976640463 ], [ 421156.474663314525969, 5056085.476862846873701 ], [ 421142.797245395020582, 5056063.157345339655876 ], [ 421127.970458609750494, 5056041.584236701019108 ], [ 421112.034942150756251, 5056020.816667322069407 ], [ 421095.034374160983134, 5056000.911559667438269 ], [ 421077.015352015558165, 5055981.923472253605723 ], [ 421058.027264601725619, 5055963.904450108297169 ], [ 421038.122156947210897, 5055946.903882117941976 ], [ 421017.354587568552233, 5055930.96836565900594 ], [ 420995.78147892979905, 5055916.14157887455076 ], [ 420973.461961422290187, 5055902.464160954579711 ], [ 420950.457211292057764, 5055889.973600752651691 ], [ 420926.830282960203476, 5055878.704134025610983 ], [ 420902.645936194923706, 5055868.686649598181248 ], [ 420877.970458609750494, 5055859.948604699224234 ], [ 420852.871483973576687, 5055852.513949702493846 ], [ 420827.4178068311885, 5055846.403062479570508 ], [ 420801.679193942400161, 5055841.63269254937768 ], [ 420775.726193056092598, 5055838.215915163047612 ], [ 420749.629939543781802, 5055836.162095469422638 ], [ 420723.461961422290187, 5055835.476862846873701 ], [ 420697.293983300798573, 5055836.162095469422638 ], [ 420671.197729788487777, 5055838.215915163047612 ], [ 420645.244728902180213, 5055841.63269254937768 ], [ 420619.506116013391875, 5055846.403062479570508 ], [ 420594.052438871003687, 5055852.513949702493846 ], [ 420568.95346423482988, 5055859.948604699224234 ], [ 420544.277986649656668, 5055868.686649598181248 ], [ 420520.093639884376898, 5055878.704134025610983 ], [ 420496.466711552522611, 5055889.973600752651691 ], [ 420473.461961422290187, 5055902.464160954579711 ], [ 420451.142443914781325, 5055916.14157887455076 ], [ 420429.569335276028141, 5055930.96836565900594 ], [ 420408.801765897369478, 5055946.903882117941976 ], [ 420388.896658242854755, 5055963.904450108297169 ], [ 420369.90857082902221, 5055981.923472253605723 ], [ 420351.889548683597241, 5056000.911559667438269 ], [ 420334.888980693824124, 5056020.816667322069407 ], [ 420318.95346423482988, 5056041.584236701019108 ], [ 420304.126677449559793, 5056063.157345339655876 ], [ 420290.449259530054405, 5056085.476862846873701 ], [ 420277.958699328126386, 5056108.481612976640463 ], [ 420266.689232600969262, 5056132.108541308902204 ], [ 420256.67174817371415, 5056156.292888074181974 ], [ 420247.933703274698928, 5056180.96836565900594 ], [ 420240.49904827773571, 5056206.067340295761824 ], [ 420234.388161055394448, 5056231.521017437800765 ], [ 420229.617791124735959, 5056257.259630327112973 ], [ 420226.20101373817306, 5056283.212631213478744 ], [ 420224.147194045013748, 5056309.308884724974632 ], [ 420223.461961422290187, 5056335.476862846873701 ], [ 420224.147194045013748, 5056361.644840968772769 ], [ 420226.20101373817306, 5056387.741094480268657 ], [ 420229.617791124735959, 5056413.694095366634429 ], [ 420234.388161055394448, 5056439.432708255946636 ], [ 420240.49904827773571, 5056464.886385397985578 ], [ 420247.933703274698928, 5056489.985360034741461 ], [ 420256.67174817371415, 5056514.660837619565427 ], [ 420266.689232600969262, 5056538.845184384845197 ], [ 420277.958699328126386, 5056562.472112717106938 ], [ 420290.449259530054405, 5056585.476862846873701 ], [ 420304.126677449559793, 5056607.796380354091525 ], [ 420318.95346423482988, 5056629.369488992728293 ], [ 420334.888980693824124, 5056650.137058371677995 ], [ 420351.889548683597241, 5056670.042166026309133 ], [ 420369.90857082902221, 5056689.030253440141678 ], [ 420388.896658242854755, 5056707.049275585450232 ], [ 420408.801765897369478, 5056724.049843575805426 ], [ 420429.569335276028141, 5056739.985360034741461 ], [ 420451.142443914781325, 5056754.812146819196641 ], [ 420473.461961422290187, 5056768.48956473916769 ], [ 420496.466711552522611, 5056780.98012494109571 ], [ 420520.093639884376898, 5056792.249591668136418 ], [ 420544.277986649656668, 5056802.267076095566154 ], [ 420568.95346423482988, 5056811.005120994523168 ], [ 420594.052438871003687, 5056818.439775991253555 ], [ 420619.506116013391875, 5056824.550663214176893 ], [ 420645.244728902180213, 5056829.321033144369721 ], [ 420671.197729788487777, 5056832.73781053069979 ], [ 420697.293983300798573, 5056834.791630224324763 ], [ 420723.461961422290187, 5056835.476862846873701 ], [ 420749.629939543781802, 5056834.791630224324763 ], [ 420775.726193056092598, 5056832.73781053069979 ], [ 420801.679193942400161, 5056829.321033144369721 ], [ 420827.4178068311885, 5056824.550663214176893 ], [ 420852.871483973576687, 5056818.439775991253555 ], [ 420877.970458609750494, 5056811.005120994523168 ], [ 420902.645936194923706, 5056802.267076095566154 ], [ 420926.830282960203476, 5056792.249591668136418 ], [ 420950.457211292057764, 5056780.98012494109571 ], [ 420973.461961422290187, 5056768.48956473916769 ], [ 420995.78147892979905, 5056754.812146819196641 ], [ 421017.354587568552233, 5056739.985360034741461 ], [ 421038.122156947210897, 5056724.049843575805426 ], [ 421058.027264601725619, 5056707.049275585450232 ], [ 421077.015352015558165, 5056689.030253440141678 ], [ 421095.034374160983134, 5056670.042166026309133 ], [ 421112.034942150756251, 5056650.137058371677995 ], [ 421127.970458609750494, 5056629.369488992728293 ], [ 421142.797245395020582, 5056607.796380354091525 ], [ 421156.474663314525969, 5056585.476862846873701 ], [ 421168.965223516453989, 5056562.472112717106938 ], [ 421180.234690243611112, 5056538.845184384845197 ], [ 421190.252174670866225, 5056514.660837619565427 ], [ 421198.990219569881447, 5056489.985360034741461 ], [ 421206.424874566844665, 5056464.886385397985578 ], [ 421212.535761789185926, 5056439.432708255946636 ], [ 421217.306131719844416, 5056413.694095366634429 ], [ 421220.722909106407315, 5056387.741094480268657 ], [ 421222.776728799566627, 5056361.644840968772769 ], [ 421223.461961422290187, 5056335.476862846873701 ] ] ] } },
{ "type": "Feature", "properties": { "site": 21, "transect": 21.3 }, "geometry": { "type": "Polygon", "coordinates": [ [ [ 421027.043712217768189, 5056634.279376052320004 ], [ 421026.358479595044628, 5056608.111397930420935 ], [ 421024.304659901885316, 5056582.015144418925047 ], [ 421020.887882515322417, 5056556.062143532559276 ], [ 421016.117512584663928, 5056530.323530643247068 ], [ 421010.006625362322666, 5056504.869853501208127 ], [ 421002.571970365359448, 5056479.770878864452243 ], [ 420993.833925466344226, 5056455.095401279628277 ], [ 420983.816441039089113, 5056430.911054514348507 ], [ 420972.54697431193199, 5056407.284126182086766 ], [ 420960.056414110003971, 5056384.279376052320004 ], [ 420946.378996190498583, 5056361.959858545102179 ], [ 420931.552209405228496, 5056340.386749906465411 ], [ 420915.616692946234252, 5056319.619180527515709 ], [ 420898.616124956461135, 5056299.714072872884572 ], [ 420880.597102811036166, 5056280.725985459052026 ], [ 420861.609015397203621, 5056262.706963313743472 ], [ 420841.703907742688898, 5056245.706395323388278 ], [ 420820.936338364030235, 5056229.770878864452243 ], [ 420799.363229725277051, 5056214.944092079997063 ], [ 420777.043712217768189, 5056201.266674160026014 ], [ 420754.038962087535765, 5056188.776113958097994 ], [ 420730.412033755681477, 5056177.506647231057286 ], [ 420706.227686990401708, 5056167.489162803627551 ], [ 420681.552209405228496, 5056158.751117904670537 ], [ 420656.453234769054689, 5056151.316462907940149 ], [ 420630.999557626666501, 5056145.205575685016811 ], [ 420605.260944737878162, 5056140.435205754823983 ], [ 420579.307943851570599, 5056137.018428368493915 ], [ 420553.211690339259803, 5056134.964608674868941 ], [ 420527.043712217768189, 5056134.279376052320004 ], [ 420500.875734096276574, 5056134.964608674868941 ], [ 420474.779480583965778, 5056137.018428368493915 ], [ 420448.826479697658215, 5056140.435205754823983 ], [ 420423.087866808869876, 5056145.205575685016811 ], [ 420397.634189666481689, 5056151.316462907940149 ], [ 420372.535215030307882, 5056158.751117904670537 ], [ 420347.85973744513467, 5056167.489162803627551 ], [ 420323.6753906798549, 5056177.506647231057286 ], [ 420300.048462348000612, 5056188.776113958097994 ], [ 420277.043712217768189, 5056201.266674160026014 ], [ 420254.724194710259326, 5056214.944092079997063 ], [ 420233.151086071506143, 5056229.770878864452243 ], [ 420212.383516692847479, 5056245.706395323388278 ], [ 420192.478409038332757, 5056262.706963313743472 ], [ 420173.490321624500211, 5056280.725985459052026 ], [ 420155.471299479075242, 5056299.714072872884572 ], [ 420138.470731489302125, 5056319.619180527515709 ], [ 420122.535215030307882, 5056340.386749906465411 ], [ 420107.708428245037794, 5056361.959858545102179 ], [ 420094.031010325532407, 5056384.279376052320004 ], [ 420081.540450123604387, 5056407.284126182086766 ], [ 420070.270983396447264, 5056430.911054514348507 ], [ 420060.253498969192151, 5056455.095401279628277 ], [ 420051.515454070176929, 5056479.770878864452243 ], [ 420044.080799073213711, 5056504.869853501208127 ], [ 420037.96991185087245, 5056530.323530643247068 ], [ 420033.19954192021396, 5056556.062143532559276 ], [ 420029.782764533651061, 5056582.015144418925047 ], [ 420027.728944840491749, 5056608.111397930420935 ], [ 420027.043712217768189, 5056634.279376052320004 ], [ 420027.728944840491749, 5056660.447354174219072 ], [ 420029.782764533651061, 5056686.54360768571496 ], [ 420033.19954192021396, 5056712.496608572080731 ], [ 420037.96991185087245, 5056738.235221461392939 ], [ 420044.080799073213711, 5056763.68889860343188 ], [ 420051.515454070176929, 5056788.787873240187764 ], [ 420060.253498969192151, 5056813.46335082501173 ], [ 420070.270983396447264, 5056837.6476975902915 ], [ 420081.540450123604387, 5056861.274625922553241 ], [ 420094.031010325532407, 5056884.279376052320004 ], [ 420107.708428245037794, 5056906.598893559537828 ], [ 420122.535215030307882, 5056928.172002198174596 ], [ 420138.470731489302125, 5056948.939571577124298 ], [ 420155.471299479075242, 5056968.844679231755435 ], [ 420173.490321624500211, 5056987.832766645587981 ], [ 420192.478409038332757, 5057005.851788790896535 ], [ 420212.383516692847479, 5057022.852356781251729 ], [ 420233.151086071506143, 5057038.787873240187764 ], [ 420254.724194710259326, 5057053.614660024642944 ], [ 420277.043712217768189, 5057067.292077944613993 ], [ 420300.048462348000612, 5057079.782638146542013 ], [ 420323.6753906798549, 5057091.052104873582721 ], [ 420347.85973744513467, 5057101.069589301012456 ], [ 420372.535215030307882, 5057109.807634199969471 ], [ 420397.634189666481689, 5057117.242289196699858 ], [ 420423.087866808869876, 5057123.353176419623196 ], [ 420448.826479697658215, 5057128.123546349816024 ], [ 420474.779480583965778, 5057131.540323736146092 ], [ 420500.875734096276574, 5057133.594143429771066 ], [ 420527.043712217768189, 5057134.279376052320004 ], [ 420553.211690339259803, 5057133.594143429771066 ], [ 420579.307943851570599, 5057131.540323736146092 ], [ 420605.260944737878162, 5057128.123546349816024 ], [ 420630.999557626666501, 5057123.353176419623196 ], [ 420656.453234769054689, 5057117.242289196699858 ], [ 420681.552209405228496, 5057109.807634199969471 ], [ 420706.227686990401708, 5057101.069589301012456 ], [ 420730.412033755681477, 5057091.052104873582721 ], [ 420754.038962087535765, 5057079.782638146542013 ], [ 420777.043712217768189, 5057067.292077944613993 ], [ 420799.363229725277051, 5057053.614660024642944 ], [ 420820.936338364030235, 5057038.787873240187764 ], [ 420841.703907742688898, 5057022.852356781251729 ], [ 420861.609015397203621, 5057005.851788790896535 ], [ 420880.597102811036166, 5056987.832766645587981 ], [ 420898.616124956461135, 5056968.844679231755435 ], [ 420915.616692946234252, 5056948.939571577124298 ], [ 420931.552209405228496, 5056928.172002198174596 ], [ 420946.378996190498583, 5056906.598893559537828 ], [ 420960.056414110003971, 5056884.279376052320004 ], [ 420972.54697431193199, 5056861.274625922553241 ], [ 420983.816441039089113, 5056837.6476975902915 ], [ 420993.833925466344226, 5056813.46335082501173 ], [ 421002.571970365359448, 5056788.787873240187764 ], [ 421010.006625362322666, 5056763.68889860343188 ], [ 421016.117512584663928, 5056738.235221461392939 ], [ 421020.887882515322417, 5056712.496608572080731 ], [ 421024.304659901885316, 5056686.54360768571496 ], [ 421026.358479595044628, 5056660.447354174219072 ], [ 421027.043712217768189, 5056634.279376052320004 ] ] ] } },
{ "type": "Feature", "properties": { "site": 21, "transect": 21.4 }, "geometry": { "type": "Polygon", "coordinates": [ [ [ 421052.2428881888045, 5056566.343333811499178 ], [ 421051.557655566080939, 5056540.17535568960011 ], [ 421049.503835872921627, 5056514.079102178104222 ], [ 421046.087058486358728, 5056488.126101291738451 ], [ 421041.316688555700239, 5056462.387488402426243 ], [ 421035.205801333358977, 5056436.933811260387301 ], [ 421027.771146336395759, 5056411.834836623631418 ], [ 421019.033101437380537, 5056387.159359038807452 ], [ 421009.015617010125425, 5056362.975012273527682 ], [ 420997.746150282968301, 5056339.348083941265941 ], [ 420985.255590081040282, 5056316.343333811499178 ], [ 420971.578172161534894, 5056294.023816304281354 ], [ 420956.751385376264807, 5056272.450707665644586 ], [ 420940.815868917270564, 5056251.683138286694884 ], [ 420923.815300927497447, 5056231.778030632063746 ], [ 420905.796278782072477, 5056212.789943218231201 ], [ 420886.808191368239932, 5056194.770921072922647 ], [ 420866.903083713725209, 5056177.770353082567453 ], [ 420846.135514335066546, 5056161.834836623631418 ], [ 420824.562405696313363, 5056147.008049839176238 ], [ 420802.2428881888045, 5056133.330631919205189 ], [ 420779.238138058572076, 5056120.840071717277169 ], [ 420755.611209726717789, 5056109.570604990236461 ], [ 420731.426862961438019, 5056099.553120562806726 ], [ 420706.751385376264807, 5056090.815075663849711 ], [ 420681.652410740091, 5056083.380420667119324 ], [ 420656.198733597702812, 5056077.269533444195986 ], [ 420630.460120708914474, 5056072.499163514003158 ], [ 420604.50711982260691, 5056069.08238612767309 ], [ 420578.410866310296115, 5056067.028566434048116 ], [ 420552.2428881888045, 5056066.343333811499178 ], [ 420526.074910067312885, 5056067.028566434048116 ], [ 420499.97865655500209, 5056069.08238612767309 ], [ 420474.025655668694526, 5056072.499163514003158 ], [ 420448.287042779906187, 5056077.269533444195986 ], [ 420422.833365637518, 5056083.380420667119324 ], [ 420397.734391001344193, 5056090.815075663849711 ], [ 420373.058913416170981, 5056099.553120562806726 ], [ 420348.874566650891211, 5056109.570604990236461 ], [ 420325.247638319036923, 5056120.840071717277169 ], [ 420302.2428881888045, 5056133.330631919205189 ], [ 420279.923370681295637, 5056147.008049839176238 ], [ 420258.350262042542454, 5056161.834836623631418 ], [ 420237.58269266388379, 5056177.770353082567453 ], [ 420217.677585009369068, 5056194.770921072922647 ], [ 420198.689497595536523, 5056212.789943218231201 ], [ 420180.670475450111553, 5056231.778030632063746 ], [ 420163.669907460338436, 5056251.683138286694884 ], [ 420147.734391001344193, 5056272.450707665644586 ], [ 420132.907604216074105, 5056294.023816304281354 ], [ 420119.230186296568718, 5056316.343333811499178 ], [ 420106.739626094640698, 5056339.348083941265941 ], [ 420095.470159367483575, 5056362.975012273527682 ], [ 420085.452674940228462, 5056387.159359038807452 ], [ 420076.71463004121324, 5056411.834836623631418 ], [ 420069.279975044250023, 5056436.933811260387301 ], [ 420063.169087821908761, 5056462.387488402426243 ], [ 420058.398717891250271, 5056488.126101291738451 ], [ 420054.981940504687373, 5056514.079102178104222 ], [ 420052.928120811528061, 5056540.17535568960011 ], [ 420052.2428881888045, 5056566.343333811499178 ], [ 420052.928120811528061, 5056592.511311933398247 ], [ 420054.981940504687373, 5056618.607565444894135 ], [ 420058.398717891250271, 5056644.560566331259906 ], [ 420063.169087821908761, 5056670.299179220572114 ], [ 420069.279975044250023, 5056695.752856362611055 ], [ 420076.71463004121324, 5056720.851830999366939 ], [ 420085.452674940228462, 5056745.527308584190905 ], [ 420095.470159367483575, 5056769.711655349470675 ], [ 420106.739626094640698, 5056793.338583681732416 ], [ 420119.230186296568718, 5056816.343333811499178 ], [ 420132.907604216074105, 5056838.662851318717003 ], [ 420147.734391001344193, 5056860.235959957353771 ], [ 420163.669907460338436, 5056881.003529336303473 ], [ 420180.670475450111553, 5056900.90863699093461 ], [ 420198.689497595536523, 5056919.896724404767156 ], [ 420217.677585009369068, 5056937.91574655007571 ], [ 420237.58269266388379, 5056954.916314540430903 ], [ 420258.350262042542454, 5056970.851830999366939 ], [ 420279.923370681295637, 5056985.678617783822119 ], [ 420302.2428881888045, 5056999.356035703793168 ], [ 420325.247638319036923, 5057011.846595905721188 ], [ 420348.874566650891211, 5057023.116062632761896 ], [ 420373.058913416170981, 5057033.133547060191631 ], [ 420397.734391001344193, 5057041.871591959148645 ], [ 420422.833365637518, 5057049.306246955879033 ], [ 420448.287042779906187, 5057055.417134178802371 ], [ 420474.025655668694526, 5057060.187504108995199 ], [ 420499.97865655500209, 5057063.604281495325267 ], [ 420526.074910067312885, 5057065.658101188950241 ], [ 420552.2428881888045, 5057066.343333811499178 ], [ 420578.410866310296115, 5057065.658101188950241 ], [ 420604.50711982260691, 5057063.604281495325267 ], [ 420630.460120708914474, 5057060.187504108995199 ], [ 420656.198733597702812, 5057055.417134178802371 ], [ 420681.652410740091, 5057049.306246955879033 ], [ 420706.751385376264807, 5057041.871591959148645 ], [ 420731.426862961438019, 5057033.133547060191631 ], [ 420755.611209726717789, 5057023.116062632761896 ], [ 420779.238138058572076, 5057011.846595905721188 ], [ 420802.2428881888045, 5056999.356035703793168 ], [ 420824.562405696313363, 5056985.678617783822119 ], [ 420846.135514335066546, 5056970.851830999366939 ], [ 420866.903083713725209, 5056954.916314540430903 ], [ 420886.808191368239932, 5056937.91574655007571 ], [ 420905.796278782072477, 5056919.896724404767156 ], [ 420923.815300927497447, 5056900.90863699093461 ], [ 420940.815868917270564, 5056881.003529336303473 ], [ 420956.751385376264807, 5056860.235959957353771 ], [ 420971.578172161534894, 5056838.662851318717003 ], [ 420985.255590081040282, 5056816.343333811499178 ], [ 420997.746150282968301, 5056793.338583681732416 ], [ 421009.015617010125425, 5056769.711655349470675 ], [ 421019.033101437380537, 5056745.527308584190905 ], [ 421027.771146336395759, 5056720.851830999366939 ], [ 421035.205801333358977, 5056695.752856362611055 ], [ 421041.316688555700239, 5056670.299179220572114 ], [ 421046.087058486358728, 5056644.560566331259906 ], [ 421049.503835872921627, 5056618.607565444894135 ], [ 421051.557655566080939, 5056592.511311933398247 ], [ 421052.2428881888045, 5056566.343333811499178 ] ] ] } },
{ "type": "Feature", "properties": { "site": 21, "transect": 21.5 }, "geometry": { "type": "Polygon", "coordinates": [ [ [ 421052.2428881888045, 5056566.343333811499178 ], [ 421051.557655566080939, 5056540.17535568960011 ], [ 421049.503835872921627, 5056514.079102178104222 ], [ 421046.087058486358728, 5056488.126101291738451 ], [ 421041.316688555700239, 5056462.387488402426243 ], [ 421035.205801333358977, 5056436.933811260387301 ], [ 421027.771146336395759, 5056411.834836623631418 ], [ 421019.033101437380537, 5056387.159359038807452 ], [ 421009.015617010125425, 5056362.975012273527682 ], [ 420997.746150282968301, 5056339.348083941265941 ], [ 420985.255590081040282, 5056316.343333811499178 ], [ 420971.578172161534894, 5056294.023816304281354 ], [ 420956.751385376264807, 5056272.450707665644586 ], [ 420940.815868917270564, 5056251.683138286694884 ], [ 420923.815300927497447, 5056231.778030632063746 ], [ 420905.796278782072477, 5056212.789943218231201 ], [ 420886.808191368239932, 5056194.770921072922647 ], [ 420866.903083713725209, 5056177.770353082567453 ], [ 420846.135514335066546, 5056161.834836623631418 ], [ 420824.562405696313363, 5056147.008049839176238 ], [ 420802.2428881888045, 5056133.330631919205189 ], [ 420779.238138058572076, 5056120.840071717277169 ], [ 420755.611209726717789, 5056109.570604990236461 ], [ 420731.426862961438019, 5056099.553120562806726 ], [ 420706.751385376264807, 5056090.815075663849711 ], [ 420681.652410740091, 5056083.380420667119324 ], [ 420656.198733597702812, 5056077.269533444195986 ], [ 420630.460120708914474, 5056072.499163514003158 ], [ 420604.50711982260691, 5056069.08238612767309 ], [ 420578.410866310296115, 5056067.028566434048116 ], [ 420552.2428881888045, 5056066.343333811499178 ], [ 420526.074910067312885, 5056067.028566434048116 ], [ 420499.97865655500209, 5056069.08238612767309 ], [ 420474.025655668694526, 5056072.499163514003158 ], [ 420448.287042779906187, 5056077.269533444195986 ], [ 420422.833365637518, 5056083.380420667119324 ], [ 420397.734391001344193, 5056090.815075663849711 ], [ 420373.058913416170981, 5056099.553120562806726 ], [ 420348.874566650891211, 5056109.570604990236461 ], [ 420325.247638319036923, 5056120.840071717277169 ], [ 420302.2428881888045, 5056133.330631919205189 ], [ 420279.923370681295637, 5056147.008049839176238 ], [ 420258.350262042542454, 5056161.834836623631418 ], [ 420237.58269266388379, 5056177.770353082567453 ], [ 420217.677585009369068, 5056194.770921072922647 ], [ 420198.689497595536523, 5056212.789943218231201 ], [ 420180.670475450111553, 5056231.778030632063746 ], [ 420163.669907460338436, 5056251.683138286694884 ], [ 420147.734391001344193, 5056272.450707665644586 ], [ 420132.907604216074105, 5056294.023816304281354 ], [ 420119.230186296568718, 5056316.343333811499178 ], [ 420106.739626094640698, 5056339.348083941265941 ], [ 420095.470159367483575, 5056362.975012273527682 ], [ 420085.452674940228462, 5056387.159359038807452 ], [ 420076.71463004121324, 5056411.834836623631418 ], [ 420069.279975044250023, 5056436.933811260387301 ], [ 420063.169087821908761, 5056462.387488402426243 ], [ 420058.398717891250271, 5056488.126101291738451 ], [ 420054.981940504687373, 5056514.079102178104222 ], [ 420052.928120811528061, 5056540.17535568960011 ], [ 420052.2428881888045, 5056566.343333811499178 ], [ 420052.928120811528061, 5056592.511311933398247 ], [ 420054.981940504687373, 5056618.607565444894135 ], [ 420058.398717891250271, 5056644.560566331259906 ], [ 420063.169087821908761, 5056670.299179220572114 ], [ 420069.279975044250023, 5056695.752856362611055 ], [ 420076.71463004121324, 5056720.851830999366939 ], [ 420085.452674940228462, 5056745.527308584190905 ], [ 420095.470159367483575, 5056769.711655349470675 ], [ 420106.739626094640698, 5056793.338583681732416 ], [ 420119.230186296568718, 5056816.343333811499178 ], [ 420132.907604216074105, 5056838.662851318717003 ], [ 420147.734391001344193, 5056860.235959957353771 ], [ 420163.669907460338436, 5056881.003529336303473 ], [ 420180.670475450111553, 5056900.90863699093461 ], [ 420198.689497595536523, 5056919.896724404767156 ], [ 420217.677585009369068, 5056937.91574655007571 ], [ 420237.58269266388379, 5056954.916314540430903 ], [ 420258.350262042542454, 5056970.851830999366939 ], [ 420279.923370681295637, 5056985.678617783822119 ], [ 420302.2428881888045, 5056999.356035703793168 ], [ 420325.247638319036923, 5057011.846595905721188 ], [ 420348.874566650891211, 5057023.116062632761896 ], [ 420373.058913416170981, 5057033.133547060191631 ], [ 420397.734391001344193, 5057041.871591959148645 ], [ 420422.833365637518, 5057049.306246955879033 ], [ 420448.287042779906187, 5057055.417134178802371 ], [ 420474.025655668694526, 5057060.187504108995199 ], [ 420499.97865655500209, 5057063.604281495325267 ], [ 420526.074910067312885, 5057065.658101188950241 ], [ 420552.2428881888045, 5057066.343333811499178 ], [ 420578.410866310296115, 5057065.658101188950241 ], [ 420604.50711982260691, 5057063.604281495325267 ], [ 420630.460120708914474, 5057060.187504108995199 ], [ 420656.198733597702812, 5057055.417134178802371 ], [ 420681.652410740091, 5057049.306246955879033 ], [ 420706.751385376264807, 5057041.871591959148645 ], [ 420731.426862961438019, 5057033.133547060191631 ], [ 420755.611209726717789, 5057023.116062632761896 ], [ 420779.238138058572076, 5057011.846595905721188 ], [ 420802.2428881888045, 5056999.356035703793168 ], [ 420824.562405696313363, 5056985.678617783822119 ], [ 420846.135514335066546, 5056970.851830999366939 ], [ 420866.903083713725209, 5056954.916314540430903 ], [ 420886.808191368239932, 5056937.91574655007571 ], [ 420905.796278782072477, 5056919.896724404767156 ], [ 420923.815300927497447, 5056900.90863699093461 ], [ 420940.815868917270564, 5056881.003529336303473 ], [ 420956.751385376264807, 5056860.235959957353771 ], [ 420971.578172161534894, 5056838.662851318717003 ], [ 420985.255590081040282, 5056816.343333811499178 ], [ 420997.746150282968301, 5056793.338583681732416 ], [ 421009.015617010125425, 5056769.711655349470675 ], [ 421019.033101437380537, 5056745.527308584190905 ], [ 421027.771146336395759, 5056720.851830999366939 ], [ 421035.205801333358977, 5056695.752856362611055 ], [ 421041.316688555700239, 5056670.299179220572114 ], [ 421046.087058486358728, 5056644.560566331259906 ], [ 421049.503835872921627, 5056618.607565444894135 ], [ 421051.557655566080939, 5056592.511311933398247 ], [ 421052.2428881888045, 5056566.343333811499178 ] ] ] } },
{ "type": "Feature", "properties": { "site": 22, "transect": 22.1 }, "geometry": { "type": "Polygon", "coordinates": [ [ [ 403272.792654065880924, 4918996.619773741811514 ], [ 403272.107421443157364, 4918970.451795619912446 ], [ 403270.053601749998052, 4918944.355542108416557 ], [ 403266.636824363435153, 4918918.402541222050786 ], [ 403261.866454432776663, 4918892.663928332738578 ], [ 403255.755567210435402, 4918867.210251190699637 ], [ 403248.320912213472184, 4918842.111276553943753 ], [ 403239.582867314456962, 4918817.435798969119787 ], [ 403229.565382887201849, 4918793.251452203840017 ], [ 403218.295916160044726, 4918769.624523871578276 ], [ 403205.805355958116706, 4918746.619773741811514 ], [ 403192.127938038611319, 4918724.300256234593689 ], [ 403177.301151253341231, 4918702.727147595956922 ], [ 403161.365634794346988, 4918681.95957821700722 ], [ 403144.365066804573871, 4918662.054470562376082 ], [ 403126.346044659148902, 4918643.066383148543537 ], [ 403107.357957245316356, 4918625.047361003234982 ], [ 403087.452849590801634, 4918608.046793012879789 ], [ 403066.68528021214297, 4918592.111276553943753 ], [ 403045.112171573389787, 4918577.284489769488573 ], [ 403022.792654065880924, 4918563.607071849517524 ], [ 402999.787903935648501, 4918551.116511647589505 ], [ 402976.160975603794213, 4918539.847044920548797 ], [ 402951.976628838514443, 4918529.829560493119061 ], [ 402927.301151253341231, 4918521.091515594162047 ], [ 402902.202176617167424, 4918513.65686059743166 ], [ 402876.748499474779237, 4918507.545973374508321 ], [ 402851.009886585990898, 4918502.775603444315493 ], [ 402825.056885699683335, 4918499.358826057985425 ], [ 402798.960632187372539, 4918497.305006364360452 ], [ 402772.792654065880924, 4918496.619773741811514 ], [ 402746.62467594438931, 4918497.305006364360452 ], [ 402720.528422432078514, 4918499.358826057985425 ], [ 402694.575421545770951, 4918502.775603444315493 ], [ 402668.836808656982612, 4918507.545973374508321 ], [ 402643.383131514594425, 4918513.65686059743166 ], [ 402618.284156878420617, 4918521.091515594162047 ], [ 402593.608679293247405, 4918529.829560493119061 ], [ 402569.424332527967636, 4918539.847044920548797 ], [ 402545.797404196113348, 4918551.116511647589505 ], [ 402522.792654065880924, 4918563.607071849517524 ], [ 402500.473136558372062, 4918577.284489769488573 ], [ 402478.900027919618879, 4918592.111276553943753 ], [ 402458.132458540960215, 4918608.046793012879789 ], [ 402438.227350886445493, 4918625.047361003234982 ], [ 402419.239263472612947, 4918643.066383148543537 ], [ 402401.220241327187978, 4918662.054470562376082 ], [ 402384.219673337414861, 4918681.95957821700722 ], [ 402368.284156878420617, 4918702.727147595956922 ], [ 402353.45737009315053, 4918724.300256234593689 ], [ 402339.779952173645142, 4918746.619773741811514 ], [ 402327.289391971717123, 4918769.624523871578276 ], [ 402316.01992524456, 4918793.251452203840017 ], [ 402306.002440817304887, 4918817.435798969119787 ], [ 402297.264395918289665, 4918842.111276553943753 ], [ 402289.829740921326447, 4918867.210251190699637 ], [ 402283.718853698985185, 4918892.663928332738578 ], [ 402278.948483768326696, 4918918.402541222050786 ], [ 402275.531706381763797, 4918944.355542108416557 ], [ 402273.477886688604485, 4918970.451795619912446 ], [ 402272.792654065880924, 4918996.619773741811514 ], [ 402273.477886688604485, 4919022.787751863710582 ], [ 402275.531706381763797, 4919048.88400537520647 ], [ 402278.948483768326696, 4919074.837006261572242 ], [ 402283.718853698985185, 4919100.575619150884449 ], [ 402289.829740921326447, 4919126.029296292923391 ], [ 402297.264395918289665, 4919151.128270929679275 ], [ 402306.002440817304887, 4919175.803748514503241 ], [ 402316.01992524456, 4919199.98809527978301 ], [ 402327.289391971717123, 4919223.615023612044752 ], [ 402339.779952173645142, 4919246.619773741811514 ], [ 402353.45737009315053, 4919268.939291249029338 ], [ 402368.284156878420617, 4919290.512399887666106 ], [ 402384.219673337414861, 4919311.279969266615808 ], [ 402401.220241327187978, 4919331.185076921246946 ], [ 402419.239263472612947, 4919350.173164335079491 ], [ 402438.227350886445493, 4919368.192186480388045 ], [ 402458.132458540960215, 4919385.192754470743239 ], [ 402478.900027919618879, 4919401.128270929679275 ], [ 402500.473136558372062, 4919415.955057714134455 ], [ 402522.792654065880924, 4919429.632475634105504 ], [ 402545.797404196113348, 4919442.123035836033523 ], [ 402569.424332527967636, 4919453.392502563074231 ], [ 402593.608679293247405, 4919463.409986990503967 ], [ 402618.284156878420617, 4919472.148031889460981 ], [ 402643.383131514594425, 4919479.582686886191368 ], [ 402668.836808656982612, 4919485.693574109114707 ], [ 402694.575421545770951, 4919490.463944039307535 ], [ 402720.528422432078514, 4919493.880721425637603 ], [ 402746.62467594438931, 4919495.934541119262576 ], [ 402772.792654065880924, 4919496.619773741811514 ], [ 402798.960632187372539, 4919495.934541119262576 ], [ 402825.056885699683335, 4919493.880721425637603 ], [ 402851.009886585990898, 4919490.463944039307535 ], [ 402876.748499474779237, 4919485.693574109114707 ], [ 402902.202176617167424, 4919479.582686886191368 ], [ 402927.301151253341231, 4919472.148031889460981 ], [ 402951.976628838514443, 4919463.409986990503967 ], [ 402976.160975603794213, 4919453.392502563074231 ], [ 402999.787903935648501, 4919442.123035836033523 ], [ 403022.792654065880924, 4919429.632475634105504 ], [ 403045.112171573389787, 4919415.955057714134455 ], [ 403066.68528021214297, 4919401.128270929679275 ], [ 403087.452849590801634, 4919385.192754470743239 ], [ 403107.357957245316356, 4919368.192186480388045 ], [ 403126.346044659148902, 4919350.173164335079491 ], [ 403144.365066804573871, 4919331.185076921246946 ], [ 403161.365634794346988, 4919311.279969266615808 ], [ 403177.301151253341231, 4919290.512399887666106 ], [ 403192.127938038611319, 4919268.939291249029338 ], [ 403205.805355958116706, 4919246.619773741811514 ], [ 403218.295916160044726, 4919223.615023612044752 ], [ 403229.565382887201849, 4919199.98809527978301 ], [ 403239.582867314456962, 4919175.803748514503241 ], [ 403248.320912213472184, 4919151.128270929679275 ], [ 403255.755567210435402, 4919126.029296292923391 ], [ 403261.866454432776663, 4919100.575619150884449 ], [ 403266.636824363435153, 4919074.837006261572242 ], [ 403270.053601749998052, 4919048.88400537520647 ], [ 403272.107421443157364, 4919022.787751863710582 ], [ 403272.792654065880924, 4918996.619773741811514 ] ] ] } },
{ "type": "Feature", "properties": { "site": 22, "transect": 22.2 }, "geometry": { "type": "Polygon", "coordinates": [ [ [ 403272.792654065880924, 4918996.619773741811514 ], [ 403272.107421443157364, 4918970.451795619912446 ], [ 403270.053601749998052, 4918944.355542108416557 ], [ 403266.636824363435153, 4918918.402541222050786 ], [ 403261.866454432776663, 4918892.663928332738578 ], [ 403255.755567210435402, 4918867.210251190699637 ], [ 403248.320912213472184, 4918842.111276553943753 ], [ 403239.582867314456962, 4918817.435798969119787 ], [ 403229.565382887201849, 4918793.251452203840017 ], [ 403218.295916160044726, 4918769.624523871578276 ], [ 403205.805355958116706, 4918746.619773741811514 ], [ 403192.127938038611319, 4918724.300256234593689 ], [ 403177.301151253341231, 4918702.727147595956922 ], [ 403161.365634794346988, 4918681.95957821700722 ], [ 403144.365066804573871, 4918662.054470562376082 ], [ 403126.346044659148902, 4918643.066383148543537 ], [ 403107.357957245316356, 4918625.047361003234982 ], [ 403087.452849590801634, 4918608.046793012879789 ], [ 403066.68528021214297, 4918592.111276553943753 ], [ 403045.112171573389787, 4918577.284489769488573 ], [ 403022.792654065880924, 4918563.607071849517524 ], [ 402999.787903935648501, 4918551.116511647589505 ], [ 402976.160975603794213, 4918539.847044920548797 ], [ 402951.976628838514443, 4918529.829560493119061 ], [ 402927.301151253341231, 4918521.091515594162047 ], [ 402902.202176617167424, 4918513.65686059743166 ], [ 402876.748499474779237, 4918507.545973374508321 ], [ 402851.009886585990898, 4918502.775603444315493 ], [ 402825.056885699683335, 4918499.358826057985425 ], [ 402798.960632187372539, 4918497.305006364360452 ], [ 402772.792654065880924, 4918496.619773741811514 ], [ 402746.62467594438931, 4918497.305006364360452 ], [ 402720.528422432078514, 4918499.358826057985425 ], [ 402694.575421545770951, 4918502.775603444315493 ], [ 402668.836808656982612, 4918507.545973374508321 ], [ 402643.383131514594425, 4918513.65686059743166 ], [ 402618.284156878420617, 4918521.091515594162047 ], [ 402593.608679293247405, 4918529.829560493119061 ], [ 402569.424332527967636, 4918539.847044920548797 ], [ 402545.797404196113348, 4918551.116511647589505 ], [ 402522.792654065880924, 4918563.607071849517524 ], [ 402500.473136558372062, 4918577.284489769488573 ], [ 402478.900027919618879, 4918592.111276553943753 ], [ 402458.132458540960215, 4918608.046793012879789 ], [ 402438.227350886445493, 4918625.047361003234982 ], [ 402419.239263472612947, 4918643.066383148543537 ], [ 402401.220241327187978, 4918662.054470562376082 ], [ 402384.219673337414861, 4918681.95957821700722 ], [ 402368.284156878420617, 4918702.727147595956922 ], [ 402353.45737009315053, 4918724.300256234593689 ], [ 402339.779952173645142, 4918746.619773741811514 ], [ 402327.289391971717123, 4918769.624523871578276 ], [ 402316.01992524456, 4918793.251452203840017 ], [ 402306.002440817304887, 4918817.435798969119787 ], [ 402297.264395918289665, 4918842.111276553943753 ], [ 402289.829740921326447, 4918867.210251190699637 ], [ 402283.718853698985185, 4918892.663928332738578 ], [ 402278.948483768326696, 4918918.402541222050786 ], [ 402275.531706381763797, 4918944.355542108416557 ], [ 402273.477886688604485, 4918970.451795619912446 ], [ 402272.792654065880924, 4918996.619773741811514 ], [ 402273.477886688604485, 4919022.787751863710582 ], [ 402275.531706381763797, 4919048.88400537520647 ], [ 402278.948483768326696, 4919074.837006261572242 ], [ 402283.718853698985185, 4919100.575619150884449 ], [ 402289.829740921326447, 4919126.029296292923391 ], [ 402297.264395918289665, 4919151.128270929679275 ], [ 402306.002440817304887, 4919175.803748514503241 ], [ 402316.01992524456, 4919199.98809527978301 ], [ 402327.289391971717123, 4919223.615023612044752 ], [ 402339.779952173645142, 4919246.619773741811514 ], [ 402353.45737009315053, 4919268.939291249029338 ], [ 402368.284156878420617, 4919290.512399887666106 ], [ 402384.219673337414861, 4919311.279969266615808 ], [ 402401.220241327187978, 4919331.185076921246946 ], [ 402419.239263472612947, 4919350.173164335079491 ], [ 402438.227350886445493, 4919368.192186480388045 ], [ 402458.132458540960215, 4919385.192754470743239 ], [ 402478.900027919618879, 4919401.128270929679275 ], [ 402500.473136558372062, 4919415.955057714134455 ], [ 402522.792654065880924, 4919429.632475634105504 ], [ 402545.797404196113348, 4919442.123035836033523 ], [ 402569.424332527967636, 4919453.392502563074231 ], [ 402593.608679293247405, 4919463.409986990503967 ], [ 402618.284156878420617, 4919472.148031889460981 ], [ 402643.383131514594425, 4919479.582686886191368 ], [ 402668.836808656982612, 4919485.693574109114707 ], [ 402694.575421545770951, 4919490.463944039307535 ], [ 402720.528422432078514, 4919493.880721425637603 ], [ 402746.62467594438931, 4919495.934541119262576 ], [ 402772.792654065880924, 4919496.619773741811514 ], [ 402798.960632187372539, 4919495.934541119262576 ], [ 402825.056885699683335, 4919493.880721425637603 ], [ 402851.009886585990898, 4919490.463944039307535 ], [ 402876.748499474779237, 4919485.693574109114707 ], [ 402902.202176617167424, 4919479.582686886191368 ], [ 402927.301151253341231, 4919472.148031889460981 ], [ 402951.976628838514443, 4919463.409986990503967 ], [ 402976.160975603794213, 4919453.392502563074231 ], [ 402999.787903935648501, 4919442.123035836033523 ], [ 403022.792654065880924, 4919429.632475634105504 ], [ 403045.112171573389787, 4919415.955057714134455 ], [ 403066.68528021214297, 4919401.128270929679275 ], [ 403087.452849590801634, 4919385.192754470743239 ], [ 403107.357957245316356, 4919368.192186480388045 ], [ 403126.346044659148902, 4919350.173164335079491 ], [ 403144.365066804573871, 4919331.185076921246946 ], [ 403161.365634794346988, 4919311.279969266615808 ], [ 403177.301151253341231, 4919290.512399887666106 ], [ 403192.127938038611319, 4919268.939291249029338 ], [ 403205.805355958116706, 4919246.619773741811514 ], [ 403218.295916160044726, 4919223.615023612044752 ], [ 403229.565382887201849, 4919199.98809527978301 ], [ 403239.582867314456962, 4919175.803748514503241 ], [ 403248.320912213472184, 4919151.128270929679275 ], [ 403255.755567210435402, 4919126.029296292923391 ], [ 403261.866454432776663, 4919100.575619150884449 ], [ 403266.636824363435153, 4919074.837006261572242 ], [ 403270.053601749998052, 4919048.88400537520647 ], [ 403272.107421443157364, 4919022.787751863710582 ], [ 403272.792654065880924, 4918996.619773741811514 ] ] ] } },
{ "type": "Feature", "properties": { "site": 22, "transect": 22.3 }, "geometry": { "type": "Polygon", "coordinates": [ [ [ 403257.123324631247669, 4919645.55632474180311 ], [ 403256.438092008524109, 4919619.388346619904041 ], [ 403254.384272315364797, 4919593.292093108408153 ], [ 403250.967494928801898, 4919567.339092222042382 ], [ 403246.197124998143408, 4919541.600479332730174 ], [ 403240.086237775802147, 4919516.146802190691233 ], [ 403232.651582778838929, 4919491.047827553935349 ], [ 403223.913537879823707, 4919466.372349969111383 ], [ 403213.896053452568594, 4919442.188003203831613 ], [ 403202.626586725411471, 4919418.561074871569872 ], [ 403190.136026523483451, 4919395.55632474180311 ], [ 403176.458608603978064, 4919373.236807234585285 ], [ 403161.631821818707976, 4919351.663698595948517 ], [ 403145.696305359713733, 4919330.896129216998816 ], [ 403128.695737369940616, 4919310.991021562367678 ], [ 403110.676715224515647, 4919292.002934148535132 ], [ 403091.688627810683101, 4919273.983912003226578 ], [ 403071.783520156168379, 4919256.983344012871385 ], [ 403051.015950777509715, 4919241.047827553935349 ], [ 403029.442842138756532, 4919226.221040769480169 ], [ 403007.123324631247669, 4919212.54362284950912 ], [ 402984.118574501015246, 4919200.0530626475811 ], [ 402960.491646169160958, 4919188.783595920540392 ], [ 402936.307299403881188, 4919178.766111493110657 ], [ 402911.631821818707976, 4919170.028066594153643 ], [ 402886.532847182534169, 4919162.593411597423255 ], [ 402861.079170040145982, 4919156.482524374499917 ], [ 402835.340557151357643, 4919151.712154444307089 ], [ 402809.38755626505008, 4919148.295377057977021 ], [ 402783.291302752739284, 4919146.241557364352047 ], [ 402757.123324631247669, 4919145.55632474180311 ], [ 402730.955346509756055, 4919146.241557364352047 ], [ 402704.859092997445259, 4919148.295377057977021 ], [ 402678.906092111137696, 4919151.712154444307089 ], [ 402653.167479222349357, 4919156.482524374499917 ], [ 402627.71380207996117, 4919162.593411597423255 ], [ 402602.614827443787362, 4919170.028066594153643 ], [ 402577.93934985861415, 4919178.766111493110657 ], [ 402553.755003093334381, 4919188.783595920540392 ], [ 402530.128074761480093, 4919200.0530626475811 ], [ 402507.123324631247669, 4919212.54362284950912 ], [ 402484.803807123738807, 4919226.221040769480169 ], [ 402463.230698484985624, 4919241.047827553935349 ], [ 402442.46312910632696, 4919256.983344012871385 ], [ 402422.558021451812238, 4919273.983912003226578 ], [ 402403.569934037979692, 4919292.002934148535132 ], [ 402385.550911892554723, 4919310.991021562367678 ], [ 402368.550343902781606, 4919330.896129216998816 ], [ 402352.614827443787362, 4919351.663698595948517 ], [ 402337.788040658517275, 4919373.236807234585285 ], [ 402324.110622739011887, 4919395.55632474180311 ], [ 402311.620062537083868, 4919418.561074871569872 ], [ 402300.350595809926745, 4919442.188003203831613 ], [ 402290.333111382671632, 4919466.372349969111383 ], [ 402281.59506648365641, 4919491.047827553935349 ], [ 402274.160411486693192, 4919516.146802190691233 ], [ 402268.04952426435193, 4919541.600479332730174 ], [ 402263.279154333693441, 4919567.339092222042382 ], [ 402259.862376947130542, 4919593.292093108408153 ], [ 402257.80855725397123, 4919619.388346619904041 ], [ 402257.123324631247669, 4919645.55632474180311 ], [ 402257.80855725397123, 4919671.724302863702178 ], [ 402259.862376947130542, 4919697.820556375198066 ], [ 402263.279154333693441, 4919723.773557261563838 ], [ 402268.04952426435193, 4919749.512170150876045 ], [ 402274.160411486693192, 4919774.965847292914987 ], [ 402281.59506648365641, 4919800.06482192967087 ], [ 402290.333111382671632, 4919824.740299514494836 ], [ 402300.350595809926745, 4919848.924646279774606 ], [ 402311.620062537083868, 4919872.551574612036347 ], [ 402324.110622739011887, 4919895.55632474180311 ], [ 402337.788040658517275, 4919917.875842249020934 ], [ 402352.614827443787362, 4919939.448950887657702 ], [ 402368.550343902781606, 4919960.216520266607404 ], [ 402385.550911892554723, 4919980.121627921238542 ], [ 402403.569934037979692, 4919999.109715335071087 ], [ 402422.558021451812238, 4920017.128737480379641 ], [ 402442.46312910632696, 4920034.129305470734835 ], [ 402463.230698484985624, 4920050.06482192967087 ], [ 402484.803807123738807, 4920064.89160871412605 ], [ 402507.123324631247669, 4920078.569026634097099 ], [ 402530.128074761480093, 4920091.059586836025119 ], [ 402553.755003093334381, 4920102.329053563065827 ], [ 402577.93934985861415, 4920112.346537990495563 ], [ 402602.614827443787362, 4920121.084582889452577 ], [ 402627.71380207996117, 4920128.519237886182964 ], [ 402653.167479222349357, 4920134.630125109106302 ], [ 402678.906092111137696, 4920139.40049503929913 ], [ 402704.859092997445259, 4920142.817272425629199 ], [ 402730.955346509756055, 4920144.871092119254172 ], [ 402757.123324631247669, 4920145.55632474180311 ], [ 402783.291302752739284, 4920144.871092119254172 ], [ 402809.38755626505008, 4920142.817272425629199 ], [ 402835.340557151357643, 4920139.40049503929913 ], [ 402861.079170040145982, 4920134.630125109106302 ], [ 402886.532847182534169, 4920128.519237886182964 ], [ 402911.631821818707976, 4920121.084582889452577 ], [ 402936.307299403881188, 4920112.346537990495563 ], [ 402960.491646169160958, 4920102.329053563065827 ], [ 402984.118574501015246, 4920091.059586836025119 ], [ 403007.123324631247669, 4920078.569026634097099 ], [ 403029.442842138756532, 4920064.89160871412605 ], [ 403051.015950777509715, 4920050.06482192967087 ], [ 403071.783520156168379, 4920034.129305470734835 ], [ 403091.688627810683101, 4920017.128737480379641 ], [ 403110.676715224515647, 4919999.109715335071087 ], [ 403128.695737369940616, 4919980.121627921238542 ], [ 403145.696305359713733, 4919960.216520266607404 ], [ 403161.631821818707976, 4919939.448950887657702 ], [ 403176.458608603978064, 4919917.875842249020934 ], [ 403190.136026523483451, 4919895.55632474180311 ], [ 403202.626586725411471, 4919872.551574612036347 ], [ 403213.896053452568594, 4919848.924646279774606 ], [ 403223.913537879823707, 4919824.740299514494836 ], [ 403232.651582778838929, 4919800.06482192967087 ], [ 403240.086237775802147, 4919774.965847292914987 ], [ 403246.197124998143408, 4919749.512170150876045 ], [ 403250.967494928801898, 4919723.773557261563838 ], [ 403254.384272315364797, 4919697.820556375198066 ], [ 403256.438092008524109, 4919671.724302863702178 ], [ 403257.123324631247669, 4919645.55632474180311 ] ] ] } },
{ "type": "Feature", "properties": { "site": 22, "transect": 22.4 }, "geometry": { "type": "Polygon", "coordinates": [ [ [ 403373.856796716223471, 4919397.040149241685867 ], [ 403373.17156409349991, 4919370.872171119786799 ], [ 403371.117744400340598, 4919344.775917608290911 ], [ 403367.700967013777699, 4919318.822916721925139 ], [ 403362.93059708311921, 4919293.084303832612932 ], [ 403356.819709860777948, 4919267.63062669057399 ], [ 403349.38505486381473, 4919242.531652053818107 ], [ 403340.647009964799508, 4919217.856174468994141 ], [ 403330.629525537544396, 4919193.671827703714371 ], [ 403319.360058810387272, 4919170.04489937145263 ], [ 403306.869498608459253, 4919147.040149241685867 ], [ 403293.192080688953865, 4919124.720631734468043 ], [ 403278.365293903683778, 4919103.147523095831275 ], [ 403262.429777444689535, 4919082.379953716881573 ], [ 403245.429209454916418, 4919062.474846062250435 ], [ 403227.410187309491448, 4919043.48675864841789 ], [ 403208.422099895658903, 4919025.467736503109336 ], [ 403188.51699224114418, 4919008.467168512754142 ], [ 403167.749422862485517, 4918992.531652053818107 ], [ 403146.176314223732334, 4918977.704865269362926 ], [ 403123.856796716223471, 4918964.027447349391878 ], [ 403100.852046585991047, 4918951.536887147463858 ], [ 403077.22511825413676, 4918940.26742042042315 ], [ 403053.04077148885699, 4918930.249935992993414 ], [ 403028.365293903683778, 4918921.5118910940364 ], [ 403003.266319267509971, 4918914.077236097306013 ], [ 402977.812642125121783, 4918907.966348874382675 ], [ 402952.074029236333445, 4918903.195978944189847 ], [ 402926.121028350025881, 4918899.779201557859778 ], [ 402900.024774837715086, 4918897.725381864234805 ], [ 402873.856796716223471, 4918897.040149241685867 ], [ 402847.688818594731856, 4918897.725381864234805 ], [ 402821.592565082421061, 4918899.779201557859778 ], [ 402795.639564196113497, 4918903.195978944189847 ], [ 402769.900951307325158, 4918907.966348874382675 ], [ 402744.447274164936971, 4918914.077236097306013 ], [ 402719.348299528763164, 4918921.5118910940364 ], [ 402694.672821943589952, 4918930.249935992993414 ], [ 402670.488475178310182, 4918940.26742042042315 ], [ 402646.861546846455894, 4918951.536887147463858 ], [ 402623.856796716223471, 4918964.027447349391878 ], [ 402601.537279208714608, 4918977.704865269362926 ], [ 402579.964170569961425, 4918992.531652053818107 ], [ 402559.196601191302761, 4919008.467168512754142 ], [ 402539.291493536788039, 4919025.467736503109336 ], [ 402520.303406122955494, 4919043.48675864841789 ], [ 402502.284383977530524, 4919062.474846062250435 ], [ 402485.283815987757407, 4919082.379953716881573 ], [ 402469.348299528763164, 4919103.147523095831275 ], [ 402454.521512743493076, 4919124.720631734468043 ], [ 402440.844094823987689, 4919147.040149241685867 ], [ 402428.353534622059669, 4919170.04489937145263 ], [ 402417.084067894902546, 4919193.671827703714371 ], [ 402407.066583467647433, 4919217.856174468994141 ], [ 402398.328538568632212, 4919242.531652053818107 ], [ 402390.893883571668994, 4919267.63062669057399 ], [ 402384.782996349327732, 4919293.084303832612932 ], [ 402380.012626418669242, 4919318.822916721925139 ], [ 402376.595849032106344, 4919344.775917608290911 ], [ 402374.542029338947032, 4919370.872171119786799 ], [ 402373.856796716223471, 4919397.040149241685867 ], [ 402374.542029338947032, 4919423.208127363584936 ], [ 402376.595849032106344, 4919449.304380875080824 ], [ 402380.012626418669242, 4919475.257381761446595 ], [ 402384.782996349327732, 4919500.995994650758803 ], [ 402390.893883571668994, 4919526.449671792797744 ], [ 402398.328538568632212, 4919551.548646429553628 ], [ 402407.066583467647433, 4919576.224124014377594 ], [ 402417.084067894902546, 4919600.408470779657364 ], [ 402428.353534622059669, 4919624.035399111919105 ], [ 402440.844094823987689, 4919647.040149241685867 ], [ 402454.521512743493076, 4919669.359666748903692 ], [ 402469.348299528763164, 4919690.93277538754046 ], [ 402485.283815987757407, 4919711.700344766490161 ], [ 402502.284383977530524, 4919731.605452421121299 ], [ 402520.303406122955494, 4919750.593539834953845 ], [ 402539.291493536788039, 4919768.612561980262399 ], [ 402559.196601191302761, 4919785.613129970617592 ], [ 402579.964170569961425, 4919801.548646429553628 ], [ 402601.537279208714608, 4919816.375433214008808 ], [ 402623.856796716223471, 4919830.052851133979857 ], [ 402646.861546846455894, 4919842.543411335907876 ], [ 402670.488475178310182, 4919853.812878062948585 ], [ 402694.672821943589952, 4919863.83036249037832 ], [ 402719.348299528763164, 4919872.568407389335334 ], [ 402744.447274164936971, 4919880.003062386065722 ], [ 402769.900951307325158, 4919886.11394960898906 ], [ 402795.639564196113497, 4919890.884319539181888 ], [ 402821.592565082421061, 4919894.301096925511956 ], [ 402847.688818594731856, 4919896.35491661913693 ], [ 402873.856796716223471, 4919897.040149241685867 ], [ 402900.024774837715086, 4919896.35491661913693 ], [ 402926.121028350025881, 4919894.301096925511956 ], [ 402952.074029236333445, 4919890.884319539181888 ], [ 402977.812642125121783, 4919886.11394960898906 ], [ 403003.266319267509971, 4919880.003062386065722 ], [ 403028.365293903683778, 4919872.568407389335334 ], [ 403053.04077148885699, 4919863.83036249037832 ], [ 403077.22511825413676, 4919853.812878062948585 ], [ 403100.852046585991047, 4919842.543411335907876 ], [ 403123.856796716223471, 4919830.052851133979857 ], [ 403146.176314223732334, 4919816.375433214008808 ], [ 403167.749422862485517, 4919801.548646429553628 ], [ 403188.51699224114418, 4919785.613129970617592 ], [ 403208.422099895658903, 4919768.612561980262399 ], [ 403227.410187309491448, 4919750.593539834953845 ], [ 403245.429209454916418, 4919731.605452421121299 ], [ 403262.429777444689535, 4919711.700344766490161 ], [ 403278.365293903683778, 4919690.93277538754046 ], [ 403293.192080688953865, 4919669.359666748903692 ], [ 403306.869498608459253, 4919647.040149241685867 ], [ 403319.360058810387272, 4919624.035399111919105 ], [ 403330.629525537544396, 4919600.408470779657364 ], [ 403340.647009964799508, 4919576.224124014377594 ], [ 403349.38505486381473, 4919551.548646429553628 ], [ 403356.819709860777948, 4919526.449671792797744 ], [ 403362.93059708311921, 4919500.995994650758803 ], [ 403367.700967013777699, 4919475.257381761446595 ], [ 403371.117744400340598, 4919449.304380875080824 ], [ 403373.17156409349991, 4919423.208127363584936 ], [ 403373.856796716223471, 4919397.040149241685867 ] ] ] } },
{ "type": "Feature", "properties": { "site": 22, "transect": 22.5 }, "geometry": { "type": "Polygon", "coordinates": [ [ [ 403311.683370939979795, 4918882.567504405044019 ], [ 403310.998138317256235, 4918856.399526283144951 ], [ 403308.944318624096923, 4918830.303272771649063 ], [ 403305.527541237534024, 4918804.350271885283291 ], [ 403300.757171306875534, 4918778.611658995971084 ], [ 403294.646284084534273, 4918753.157981853932142 ], [ 403287.211629087571055, 4918728.059007217176259 ], [ 403278.473584188555833, 4918703.383529632352293 ], [ 403268.45609976130072, 4918679.199182867072523 ], [ 403257.186633034143597, 4918655.572254534810781 ], [ 403244.696072832215577, 4918632.567504405044019 ], [ 403231.01865491271019, 4918610.247986897826195 ], [ 403216.191868127440102, 4918588.674878259189427 ], [ 403200.256351668445859, 4918567.907308880239725 ], [ 403183.255783678672742, 4918548.002201225608587 ], [ 403165.236761533247773, 4918529.014113811776042 ], [ 403146.248674119415227, 4918510.995091666467488 ], [ 403126.343566464900505, 4918493.994523676112294 ], [ 403105.575997086241841, 4918478.059007217176259 ], [ 403084.002888447488658, 4918463.232220432721078 ], [ 403061.683370939979795, 4918449.55480251275003 ], [ 403038.678620809747372, 4918437.06424231082201 ], [ 403015.051692477893084, 4918425.794775583781302 ], [ 402990.867345712613314, 4918415.777291156351566 ], [ 402966.191868127440102, 4918407.039246257394552 ], [ 402941.092893491266295, 4918399.604591260664165 ], [ 402915.639216348878108, 4918393.493704037740827 ], [ 402889.900603460089769, 4918388.723334107547998 ], [ 402863.947602573782206, 4918385.30655672121793 ], [ 402837.85134906147141, 4918383.252737027592957 ], [ 402811.683370939979795, 4918382.567504405044019 ], [ 402785.515392818488181, 4918383.252737027592957 ], [ 402759.419139306177385, 4918385.30655672121793 ], [ 402733.466138419869822, 4918388.723334107547998 ], [ 402707.727525531081483, 4918393.493704037740827 ], [ 402682.273848388693295, 4918399.604591260664165 ], [ 402657.174873752519488, 4918407.039246257394552 ], [ 402632.499396167346276, 4918415.777291156351566 ], [ 402608.315049402066506, 4918425.794775583781302 ], [ 402584.688121070212219, 4918437.06424231082201 ], [ 402561.683370939979795, 4918449.55480251275003 ], [ 402539.363853432470933, 4918463.232220432721078 ], [ 402517.790744793717749, 4918478.059007217176259 ], [ 402497.023175415059086, 4918493.994523676112294 ], [ 402477.118067760544363, 4918510.995091666467488 ], [ 402458.129980346711818, 4918529.014113811776042 ], [ 402440.110958201286849, 4918548.002201225608587 ], [ 402423.110390211513732, 4918567.907308880239725 ], [ 402407.174873752519488, 4918588.674878259189427 ], [ 402392.348086967249401, 4918610.247986897826195 ], [ 402378.670669047744013, 4918632.567504405044019 ], [ 402366.180108845815994, 4918655.572254534810781 ], [ 402354.91064211865887, 4918679.199182867072523 ], [ 402344.893157691403758, 4918703.383529632352293 ], [ 402336.155112792388536, 4918728.059007217176259 ], [ 402328.720457795425318, 4918753.157981853932142 ], [ 402322.609570573084056, 4918778.611658995971084 ], [ 402317.839200642425567, 4918804.350271885283291 ], [ 402314.422423255862668, 4918830.303272771649063 ], [ 402312.368603562703356, 4918856.399526283144951 ], [ 402311.683370939979795, 4918882.567504405044019 ], [ 402312.368603562703356, 4918908.735482526943088 ], [ 402314.422423255862668, 4918934.831736038438976 ], [ 402317.839200642425567, 4918960.784736924804747 ], [ 402322.609570573084056, 4918986.523349814116955 ], [ 402328.720457795425318, 4919011.977026956155896 ], [ 402336.155112792388536, 4919037.07600159291178 ], [ 402344.893157691403758, 4919061.751479177735746 ], [ 402354.91064211865887, 4919085.935825943015516 ], [ 402366.180108845815994, 4919109.562754275277257 ], [ 402378.670669047744013, 4919132.567504405044019 ], [ 402392.348086967249401, 4919154.887021912261844 ], [ 402407.174873752519488, 4919176.460130550898612 ], [ 402423.110390211513732, 4919197.227699929848313 ], [ 402440.110958201286849, 4919217.132807584479451 ], [ 402458.129980346711818, 4919236.120894998311996 ], [ 402477.118067760544363, 4919254.139917143620551 ], [ 402497.023175415059086, 4919271.140485133975744 ], [ 402517.790744793717749, 4919287.07600159291178 ], [ 402539.363853432470933, 4919301.90278837736696 ], [ 402561.683370939979795, 4919315.580206297338009 ], [ 402584.688121070212219, 4919328.070766499266028 ], [ 402608.315049402066506, 4919339.340233226306736 ], [ 402632.499396167346276, 4919349.357717653736472 ], [ 402657.174873752519488, 4919358.095762552693486 ], [ 402682.273848388693295, 4919365.530417549423873 ], [ 402707.727525531081483, 4919371.641304772347212 ], [ 402733.466138419869822, 4919376.41167470254004 ], [ 402759.419139306177385, 4919379.828452088870108 ], [ 402785.515392818488181, 4919381.882271782495081 ], [ 402811.683370939979795, 4919382.567504405044019 ], [ 402837.85134906147141, 4919381.882271782495081 ], [ 402863.947602573782206, 4919379.828452088870108 ], [ 402889.900603460089769, 4919376.41167470254004 ], [ 402915.639216348878108, 4919371.641304772347212 ], [ 402941.092893491266295, 4919365.530417549423873 ], [ 402966.191868127440102, 4919358.095762552693486 ], [ 402990.867345712613314, 4919349.357717653736472 ], [ 403015.051692477893084, 4919339.340233226306736 ], [ 403038.678620809747372, 4919328.070766499266028 ], [ 403061.683370939979795, 4919315.580206297338009 ], [ 403084.002888447488658, 4919301.90278837736696 ], [ 403105.575997086241841, 4919287.07600159291178 ], [ 403126.343566464900505, 4919271.140485133975744 ], [ 403146.248674119415227, 4919254.139917143620551 ], [ 403165.236761533247773, 4919236.120894998311996 ], [ 403183.255783678672742, 4919217.132807584479451 ], [ 403200.256351668445859, 4919197.227699929848313 ], [ 403216.191868127440102, 4919176.460130550898612 ], [ 403231.01865491271019, 4919154.887021912261844 ], [ 403244.696072832215577, 4919132.567504405044019 ], [ 403257.186633034143597, 4919109.562754275277257 ], [ 403268.45609976130072, 4919085.935825943015516 ], [ 403278.473584188555833, 4919061.751479177735746 ], [ 403287.211629087571055, 4919037.07600159291178 ], [ 403294.646284084534273, 4919011.977026956155896 ], [ 403300.757171306875534, 4918986.523349814116955 ], [ 403305.527541237534024, 4918960.784736924804747 ], [ 403308.944318624096923, 4918934.831736038438976 ], [ 403310.998138317256235, 4918908.735482526943088 ], [ 403311.683370939979795, 4918882.567504405044019 ] ] ] } },
{ "type": "Feature", "properties": { "site": 22, "transect": 22.6 }, "geometry": { "type": "Polygon", "coordinates": [ [ [ 403321.636547542351764, 4919403.623856907710433 ], [ 403320.951314919628203, 4919377.455878785811365 ], [ 403318.897495226468891, 4919351.359625274315476 ], [ 403315.480717839905992, 4919325.406624387949705 ], [ 403310.710347909247503, 4919299.668011498637497 ], [ 403304.599460686906241, 4919274.214334356598556 ], [ 403297.164805689943023, 4919249.115359719842672 ], [ 403288.426760790927801, 4919224.439882135018706 ], [ 403278.409276363672689, 4919200.255535369738936 ], [ 403267.139809636515565, 4919176.628607037477195 ], [ 403254.649249434587546, 4919153.623856907710433 ], [ 403240.971831515082158, 4919131.304339400492609 ], [ 403226.145044729812071, 4919109.731230761855841 ], [ 403210.209528270817827, 4919088.963661382906139 ], [ 403193.20896028104471, 4919069.058553728275001 ], [ 403175.189938135619741, 4919050.070466314442456 ], [ 403156.201850721787196, 4919032.051444169133902 ], [ 403136.296743067272473, 4919015.050876178778708 ], [ 403115.52917368861381, 4918999.115359719842672 ], [ 403093.956065049860626, 4918984.288572935387492 ], [ 403071.636547542351764, 4918970.611155015416443 ], [ 403048.63179741211934, 4918958.120594813488424 ], [ 403025.004869080265053, 4918946.851128086447716 ], [ 403000.820522314985283, 4918936.83364365901798 ], [ 402976.145044729812071, 4918928.095598760060966 ], [ 402951.046070093638264, 4918920.660943763330579 ], [ 402925.592392951250076, 4918914.55005654040724 ], [ 402899.853780062461738, 4918909.779686610214412 ], [ 402873.900779176154174, 4918906.362909223884344 ], [ 402847.804525663843378, 4918904.309089530259371 ], [ 402821.636547542351764, 4918903.623856907710433 ], [ 402795.468569420860149, 4918904.309089530259371 ], [ 402769.372315908549353, 4918906.362909223884344 ], [ 402743.41931502224179, 4918909.779686610214412 ], [ 402717.680702133453451, 4918914.55005654040724 ], [ 402692.227024991065264, 4918920.660943763330579 ], [ 402667.128050354891457, 4918928.095598760060966 ], [ 402642.452572769718245, 4918936.83364365901798 ], [ 402618.268226004438475, 4918946.851128086447716 ], [ 402594.641297672584187, 4918958.120594813488424 ], [ 402571.636547542351764, 4918970.611155015416443 ], [ 402549.317030034842901, 4918984.288572935387492 ], [ 402527.743921396089718, 4918999.115359719842672 ], [ 402506.976352017431054, 4919015.050876178778708 ], [ 402487.071244362916332, 4919032.051444169133902 ], [ 402468.083156949083786, 4919050.070466314442456 ], [ 402450.064134803658817, 4919069.058553728275001 ], [ 402433.0635668138857, 4919088.963661382906139 ], [ 402417.128050354891457, 4919109.731230761855841 ], [ 402402.301263569621369, 4919131.304339400492609 ], [ 402388.623845650115982, 4919153.623856907710433 ], [ 402376.133285448187962, 4919176.628607037477195 ], [ 402364.863818721030839, 4919200.255535369738936 ], [ 402354.846334293775726, 4919224.439882135018706 ], [ 402346.108289394760504, 4919249.115359719842672 ], [ 402338.673634397797287, 4919274.214334356598556 ], [ 402332.562747175456025, 4919299.668011498637497 ], [ 402327.792377244797535, 4919325.406624387949705 ], [ 402324.375599858234636, 4919351.359625274315476 ], [ 402322.321780165075324, 4919377.455878785811365 ], [ 402321.636547542351764, 4919403.623856907710433 ], [ 402322.321780165075324, 4919429.791835029609501 ], [ 402324.375599858234636, 4919455.88808854110539 ], [ 402327.792377244797535, 4919481.841089427471161 ], [ 402332.562747175456025, 4919507.579702316783369 ], [ 402338.673634397797287, 4919533.03337945882231 ], [ 402346.108289394760504, 4919558.132354095578194 ], [ 402354.846334293775726, 4919582.80783168040216 ], [ 402364.863818721030839, 4919606.99217844568193 ], [ 402376.133285448187962, 4919630.619106777943671 ], [ 402388.623845650115982, 4919653.623856907710433 ], [ 402402.301263569621369, 4919675.943374414928257 ], [ 402417.128050354891457, 4919697.516483053565025 ], [ 402433.0635668138857, 4919718.284052432514727 ], [ 402450.064134803658817, 4919738.189160087145865 ], [ 402468.083156949083786, 4919757.17724750097841 ], [ 402487.071244362916332, 4919775.196269646286964 ], [ 402506.976352017431054, 4919792.196837636642158 ], [ 402527.743921396089718, 4919808.132354095578194 ], [ 402549.317030034842901, 4919822.959140880033374 ], [ 402571.636547542351764, 4919836.636558800004423 ], [ 402594.641297672584187, 4919849.127119001932442 ], [ 402618.268226004438475, 4919860.39658572897315 ], [ 402642.452572769718245, 4919870.414070156402886 ], [ 402667.128050354891457, 4919879.1521150553599 ], [ 402692.227024991065264, 4919886.586770052090287 ], [ 402717.680702133453451, 4919892.697657275013626 ], [ 402743.41931502224179, 4919897.468027205206454 ], [ 402769.372315908549353, 4919900.884804591536522 ], [ 402795.468569420860149, 4919902.938624285161495 ], [ 402821.636547542351764, 4919903.623856907710433 ], [ 402847.804525663843378, 4919902.938624285161495 ], [ 402873.900779176154174, 4919900.884804591536522 ], [ 402899.853780062461738, 4919897.468027205206454 ], [ 402925.592392951250076, 4919892.697657275013626 ], [ 402951.046070093638264, 4919886.586770052090287 ], [ 402976.145044729812071, 4919879.1521150553599 ], [ 403000.820522314985283, 4919870.414070156402886 ], [ 403025.004869080265053, 4919860.39658572897315 ], [ 403048.63179741211934, 4919849.127119001932442 ], [ 403071.636547542351764, 4919836.636558800004423 ], [ 403093.956065049860626, 4919822.959140880033374 ], [ 403115.52917368861381, 4919808.132354095578194 ], [ 403136.296743067272473, 4919792.196837636642158 ], [ 403156.201850721787196, 4919775.196269646286964 ], [ 403175.189938135619741, 4919757.17724750097841 ], [ 403193.20896028104471, 4919738.189160087145865 ], [ 403210.209528270817827, 4919718.284052432514727 ], [ 403226.145044729812071, 4919697.516483053565025 ], [ 403240.971831515082158, 4919675.943374414928257 ], [ 403254.649249434587546, 4919653.623856907710433 ], [ 403267.139809636515565, 4919630.619106777943671 ], [ 403278.409276363672689, 4919606.99217844568193 ], [ 403288.426760790927801, 4919582.80783168040216 ], [ 403297.164805689943023, 4919558.132354095578194 ], [ 403304.599460686906241, 4919533.03337945882231 ], [ 403310.710347909247503, 4919507.579702316783369 ], [ 403315.480717839905992, 4919481.841089427471161 ], [ 403318.897495226468891, 4919455.88808854110539 ], [ 403320.951314919628203, 4919429.791835029609501 ], [ 403321.636547542351764, 4919403.623856907710433 ] ] ] } },
{ "type": "Feature", "properties": { "site": 23, "transect": 23.1 }, "geometry": { "type": "Polygon", "coordinates": [ [ [ 430988.189315239025746, 4958155.799668948166072 ], [ 430987.504082616302185, 4958129.631690826267004 ], [ 430985.450262923142873, 4958103.535437314771116 ], [ 430982.033485536579974, 4958077.582436428405344 ], [ 430977.263115605921485, 4958051.843823539093137 ], [ 430971.152228383580223, 4958026.390146397054195 ], [ 430963.717573386617005, 4958001.291171760298312 ], [ 430954.979528487601783, 4957976.615694175474346 ], [ 430944.96204406034667, 4957952.431347410194576 ], [ 430933.692577333189547, 4957928.804419077932835 ], [ 430921.202017131261528, 4957905.799668948166072 ], [ 430907.52459921175614, 4957883.480151440948248 ], [ 430892.697812426486053, 4957861.90704280231148 ], [ 430876.762295967491809, 4957841.139473423361778 ], [ 430859.761727977718692, 4957821.23436576873064 ], [ 430841.742705832293723, 4957802.246278354898095 ], [ 430822.754618418461177, 4957784.227256209589541 ], [ 430802.849510763946455, 4957767.226688219234347 ], [ 430782.081941385287791, 4957751.291171760298312 ], [ 430760.508832746534608, 4957736.464384975843132 ], [ 430738.189315239025746, 4957722.786967055872083 ], [ 430715.184565108793322, 4957710.296406853944063 ], [ 430691.557636776939034, 4957699.026940126903355 ], [ 430667.373290011659265, 4957689.009455699473619 ], [ 430642.697812426486053, 4957680.271410800516605 ], [ 430617.598837790312245, 4957672.836755803786218 ], [ 430592.145160647924058, 4957666.72586858086288 ], [ 430566.406547759135719, 4957661.955498650670052 ], [ 430540.453546872828156, 4957658.538721264339983 ], [ 430514.35729336051736, 4957656.48490157071501 ], [ 430488.189315239025746, 4957655.799668948166072 ], [ 430462.021337117534131, 4957656.48490157071501 ], [ 430435.925083605223335, 4957658.538721264339983 ], [ 430409.972082718915772, 4957661.955498650670052 ], [ 430384.233469830127433, 4957666.72586858086288 ], [ 430358.779792687739246, 4957672.836755803786218 ], [ 430333.680818051565439, 4957680.271410800516605 ], [ 430309.005340466392227, 4957689.009455699473619 ], [ 430284.820993701112457, 4957699.026940126903355 ], [ 430261.194065369258169, 4957710.296406853944063 ], [ 430238.189315239025746, 4957722.786967055872083 ], [ 430215.869797731516883, 4957736.464384975843132 ], [ 430194.2966890927637, 4957751.291171760298312 ], [ 430173.529119714105036, 4957767.226688219234347 ], [ 430153.624012059590314, 4957784.227256209589541 ], [ 430134.635924645757768, 4957802.246278354898095 ], [ 430116.616902500332799, 4957821.23436576873064 ], [ 430099.616334510559682, 4957841.139473423361778 ], [ 430083.680818051565439, 4957861.90704280231148 ], [ 430068.854031266295351, 4957883.480151440948248 ], [ 430055.176613346789964, 4957905.799668948166072 ], [ 430042.686053144861944, 4957928.804419077932835 ], [ 430031.416586417704821, 4957952.431347410194576 ], [ 430021.399101990449708, 4957976.615694175474346 ], [ 430012.661057091434486, 4958001.291171760298312 ], [ 430005.226402094471268, 4958026.390146397054195 ], [ 429999.115514872130007, 4958051.843823539093137 ], [ 429994.345144941471517, 4958077.582436428405344 ], [ 429990.928367554908618, 4958103.535437314771116 ], [ 429988.874547861749306, 4958129.631690826267004 ], [ 429988.189315239025746, 4958155.799668948166072 ], [ 429988.874547861749306, 4958181.967647070065141 ], [ 429990.928367554908618, 4958208.063900581561029 ], [ 429994.345144941471517, 4958234.0169014679268 ], [ 429999.115514872130007, 4958259.755514357239008 ], [ 430005.226402094471268, 4958285.209191499277949 ], [ 430012.661057091434486, 4958310.308166136033833 ], [ 430021.399101990449708, 4958334.983643720857799 ], [ 430031.416586417704821, 4958359.167990486137569 ], [ 430042.686053144861944, 4958382.79491881839931 ], [ 430055.176613346789964, 4958405.799668948166072 ], [ 430068.854031266295351, 4958428.119186455383897 ], [ 430083.680818051565439, 4958449.692295094020665 ], [ 430099.616334510559682, 4958470.459864472970366 ], [ 430116.616902500332799, 4958490.364972127601504 ], [ 430134.635924645757768, 4958509.35305954143405 ], [ 430153.624012059590314, 4958527.372081686742604 ], [ 430173.529119714105036, 4958544.372649677097797 ], [ 430194.2966890927637, 4958560.308166136033833 ], [ 430215.869797731516883, 4958575.134952920489013 ], [ 430238.189315239025746, 4958588.812370840460062 ], [ 430261.194065369258169, 4958601.302931042388082 ], [ 430284.820993701112457, 4958612.57239776942879 ], [ 430309.005340466392227, 4958622.589882196858525 ], [ 430333.680818051565439, 4958631.327927095815539 ], [ 430358.779792687739246, 4958638.762582092545927 ], [ 430384.233469830127433, 4958644.873469315469265 ], [ 430409.972082718915772, 4958649.643839245662093 ], [ 430435.925083605223335, 4958653.060616631992161 ], [ 430462.021337117534131, 4958655.114436325617135 ], [ 430488.189315239025746, 4958655.799668948166072 ], [ 430514.35729336051736, 4958655.114436325617135 ], [ 430540.453546872828156, 4958653.060616631992161 ], [ 430566.406547759135719, 4958649.643839245662093 ], [ 430592.145160647924058, 4958644.873469315469265 ], [ 430617.598837790312245, 4958638.762582092545927 ], [ 430642.697812426486053, 4958631.327927095815539 ], [ 430667.373290011659265, 4958622.589882196858525 ], [ 430691.557636776939034, 4958612.57239776942879 ], [ 430715.184565108793322, 4958601.302931042388082 ], [ 430738.189315239025746, 4958588.812370840460062 ], [ 430760.508832746534608, 4958575.134952920489013 ], [ 430782.081941385287791, 4958560.308166136033833 ], [ 430802.849510763946455, 4958544.372649677097797 ], [ 430822.754618418461177, 4958527.372081686742604 ], [ 430841.742705832293723, 4958509.35305954143405 ], [ 430859.761727977718692, 4958490.364972127601504 ], [ 430876.762295967491809, 4958470.459864472970366 ], [ 430892.697812426486053, 4958449.692295094020665 ], [ 430907.52459921175614, 4958428.119186455383897 ], [ 430921.202017131261528, 4958405.799668948166072 ], [ 430933.692577333189547, 4958382.79491881839931 ], [ 430944.96204406034667, 4958359.167990486137569 ], [ 430954.979528487601783, 4958334.983643720857799 ], [ 430963.717573386617005, 4958310.308166136033833 ], [ 430971.152228383580223, 4958285.209191499277949 ], [ 430977.263115605921485, 4958259.755514357239008 ], [ 430982.033485536579974, 4958234.0169014679268 ], [ 430985.450262923142873, 4958208.063900581561029 ], [ 430987.504082616302185, 4958181.967647070065141 ], [ 430988.189315239025746, 4958155.799668948166072 ] ] ] } },
{ "type": "Feature", "properties": { "site": 23, "transect": 23.2 }, "geometry": { "type": "Polygon", "coordinates": [ [ [ 430975.251413278048858, 4958083.180430570617318 ], [ 430974.566180655325297, 4958057.01245244871825 ], [ 430972.512360962165985, 4958030.916198937222362 ], [ 430969.095583575603087, 4958004.96319805085659 ], [ 430964.325213644944597, 4957979.224585161544383 ], [ 430958.214326422603335, 4957953.770908019505441 ], [ 430950.779671425640117, 4957928.671933382749557 ], [ 430942.041626526624896, 4957903.996455797925591 ], [ 430932.024142099369783, 4957879.812109032645822 ], [ 430920.75467537221266, 4957856.18518070038408 ], [ 430908.26411517028464, 4957833.180430570617318 ], [ 430894.586697250779252, 4957810.860913063399494 ], [ 430879.759910465509165, 4957789.287804424762726 ], [ 430863.824394006514922, 4957768.520235045813024 ], [ 430846.823826016741805, 4957748.615127391181886 ], [ 430828.804803871316835, 4957729.627039977349341 ], [ 430809.81671645748429, 4957711.608017832040787 ], [ 430789.911608802969567, 4957694.607449841685593 ], [ 430769.144039424310904, 4957678.671933382749557 ], [ 430747.570930785557721, 4957663.845146598294377 ], [ 430725.251413278048858, 4957650.167728678323328 ], [ 430702.246663147816435, 4957637.677168476395309 ], [ 430678.619734815962147, 4957626.407701749354601 ], [ 430654.435388050682377, 4957616.390217321924865 ], [ 430629.759910465509165, 4957607.652172422967851 ], [ 430604.660935829335358, 4957600.217517426237464 ], [ 430579.207258686947171, 4957594.106630203314126 ], [ 430553.468645798158832, 4957589.336260273121297 ], [ 430527.515644911851268, 4957585.919482886791229 ], [ 430501.419391399540473, 4957583.865663193166256 ], [ 430475.251413278048858, 4957583.180430570617318 ], [ 430449.083435156557243, 4957583.865663193166256 ], [ 430422.987181644246448, 4957585.919482886791229 ], [ 430397.034180757938884, 4957589.336260273121297 ], [ 430371.295567869150545, 4957594.106630203314126 ], [ 430345.841890726762358, 4957600.217517426237464 ], [ 430320.742916090588551, 4957607.652172422967851 ], [ 430296.067438505415339, 4957616.390217321924865 ], [ 430271.883091740135569, 4957626.407701749354601 ], [ 430248.256163408281282, 4957637.677168476395309 ], [ 430225.251413278048858, 4957650.167728678323328 ], [ 430202.931895770539995, 4957663.845146598294377 ], [ 430181.358787131786812, 4957678.671933382749557 ], [ 430160.591217753128149, 4957694.607449841685593 ], [ 430140.686110098613426, 4957711.608017832040787 ], [ 430121.698022684780881, 4957729.627039977349341 ], [ 430103.679000539355911, 4957748.615127391181886 ], [ 430086.678432549582794, 4957768.520235045813024 ], [ 430070.742916090588551, 4957789.287804424762726 ], [ 430055.916129305318464, 4957810.860913063399494 ], [ 430042.238711385813076, 4957833.180430570617318 ], [ 430029.748151183885057, 4957856.18518070038408 ], [ 430018.478684456727933, 4957879.812109032645822 ], [ 430008.46120002947282, 4957903.996455797925591 ], [ 429999.723155130457599, 4957928.671933382749557 ], [ 429992.288500133494381, 4957953.770908019505441 ], [ 429986.177612911153119, 4957979.224585161544383 ], [ 429981.40724298049463, 4958004.96319805085659 ], [ 429977.990465593931731, 4958030.916198937222362 ], [ 429975.936645900772419, 4958057.01245244871825 ], [ 429975.251413278048858, 4958083.180430570617318 ], [ 429975.936645900772419, 4958109.348408692516387 ], [ 429977.990465593931731, 4958135.444662204012275 ], [ 429981.40724298049463, 4958161.397663090378046 ], [ 429986.177612911153119, 4958187.136275979690254 ], [ 429992.288500133494381, 4958212.589953121729195 ], [ 429999.723155130457599, 4958237.688927758485079 ], [ 430008.46120002947282, 4958262.364405343309045 ], [ 430018.478684456727933, 4958286.548752108588815 ], [ 430029.748151183885057, 4958310.175680440850556 ], [ 430042.238711385813076, 4958333.180430570617318 ], [ 430055.916129305318464, 4958355.499948077835143 ], [ 430070.742916090588551, 4958377.07305671647191 ], [ 430086.678432549582794, 4958397.840626095421612 ], [ 430103.679000539355911, 4958417.74573375005275 ], [ 430121.698022684780881, 4958436.733821163885295 ], [ 430140.686110098613426, 4958454.75284330919385 ], [ 430160.591217753128149, 4958471.753411299549043 ], [ 430181.358787131786812, 4958487.688927758485079 ], [ 430202.931895770539995, 4958502.515714542940259 ], [ 430225.251413278048858, 4958516.193132462911308 ], [ 430248.256163408281282, 4958528.683692664839327 ], [ 430271.883091740135569, 4958539.953159391880035 ], [ 430296.067438505415339, 4958549.970643819309771 ], [ 430320.742916090588551, 4958558.708688718266785 ], [ 430345.841890726762358, 4958566.143343714997172 ], [ 430371.295567869150545, 4958572.254230937920511 ], [ 430397.034180757938884, 4958577.024600868113339 ], [ 430422.987181644246448, 4958580.441378254443407 ], [ 430449.083435156557243, 4958582.49519794806838 ], [ 430475.251413278048858, 4958583.180430570617318 ], [ 430501.419391399540473, 4958582.49519794806838 ], [ 430527.515644911851268, 4958580.441378254443407 ], [ 430553.468645798158832, 4958577.024600868113339 ], [ 430579.207258686947171, 4958572.254230937920511 ], [ 430604.660935829335358, 4958566.143343714997172 ], [ 430629.759910465509165, 4958558.708688718266785 ], [ 430654.435388050682377, 4958549.970643819309771 ], [ 430678.619734815962147, 4958539.953159391880035 ], [ 430702.246663147816435, 4958528.683692664839327 ], [ 430725.251413278048858, 4958516.193132462911308 ], [ 430747.570930785557721, 4958502.515714542940259 ], [ 430769.144039424310904, 4958487.688927758485079 ], [ 430789.911608802969567, 4958471.753411299549043 ], [ 430809.81671645748429, 4958454.75284330919385 ], [ 430828.804803871316835, 4958436.733821163885295 ], [ 430846.823826016741805, 4958417.74573375005275 ], [ 430863.824394006514922, 4958397.840626095421612 ], [ 430879.759910465509165, 4958377.07305671647191 ], [ 430894.586697250779252, 4958355.499948077835143 ], [ 430908.26411517028464, 4958333.180430570617318 ], [ 430920.75467537221266, 4958310.175680440850556 ], [ 430932.024142099369783, 4958286.548752108588815 ], [ 430942.041626526624896, 4958262.364405343309045 ], [ 430950.779671425640117, 4958237.688927758485079 ], [ 430958.214326422603335, 4958212.589953121729195 ], [ 430964.325213644944597, 4958187.136275979690254 ], [ 430969.095583575603087, 4958161.397663090378046 ], [ 430972.512360962165985, 4958135.444662204012275 ], [ 430974.566180655325297, 4958109.348408692516387 ], [ 430975.251413278048858, 4958083.180430570617318 ] ] ] } },
{ "type": "Feature", "properties": { "site": 24, "transect": 24.1 }, "geometry": { "type": "Polygon", "coordinates": [ [ [ 425656.962881085346453, 5002055.339749965816736 ], [ 425656.277648462622892, 5002029.171771843917668 ], [ 425654.22382876946358, 5002003.07551833242178 ], [ 425650.807051382900681, 5001977.122517446056008 ], [ 425646.036681452242192, 5001951.383904556743801 ], [ 425639.92579422990093, 5001925.930227414704859 ], [ 425632.491139232937712, 5001900.831252777948976 ], [ 425623.75309433392249, 5001876.15577519312501 ], [ 425613.735609906667378, 5001851.97142842784524 ], [ 425602.466143179510254, 5001828.344500095583498 ], [ 425589.975582977582235, 5001805.339749965816736 ], [ 425576.298165058076847, 5001783.020232458598912 ], [ 425561.47137827280676, 5001761.447123819962144 ], [ 425545.535861813812517, 5001740.679554441012442 ], [ 425528.5352938240394, 5001720.774446786381304 ], [ 425510.51627167861443, 5001701.786359372548759 ], [ 425491.528184264781885, 5001683.767337227240205 ], [ 425471.623076610267162, 5001666.766769236885011 ], [ 425450.855507231608499, 5001650.831252777948976 ], [ 425429.282398592855316, 5001636.004465993493795 ], [ 425406.962881085346453, 5001622.327048073522747 ], [ 425383.958130955114029, 5001609.836487871594727 ], [ 425360.331202623259742, 5001598.567021144554019 ], [ 425336.146855857979972, 5001588.549536717124283 ], [ 425311.47137827280676, 5001579.811491818167269 ], [ 425286.372403636632953, 5001572.376836821436882 ], [ 425260.918726494244765, 5001566.265949598513544 ], [ 425235.180113605456427, 5001561.495579668320715 ], [ 425209.227112719148863, 5001558.078802281990647 ], [ 425183.130859206838068, 5001556.024982588365674 ], [ 425156.962881085346453, 5001555.339749965816736 ], [ 425130.794902963854838, 5001556.024982588365674 ], [ 425104.698649451544043, 5001558.078802281990647 ], [ 425078.745648565236479, 5001561.495579668320715 ], [ 425053.00703567644814, 5001566.265949598513544 ], [ 425027.553358534059953, 5001572.376836821436882 ], [ 425002.454383897886146, 5001579.811491818167269 ], [ 424977.778906312712934, 5001588.549536717124283 ], [ 424953.594559547433164, 5001598.567021144554019 ], [ 424929.967631215578876, 5001609.836487871594727 ], [ 424906.962881085346453, 5001622.327048073522747 ], [ 424884.64336357783759, 5001636.004465993493795 ], [ 424863.070254939084407, 5001650.831252777948976 ], [ 424842.302685560425743, 5001666.766769236885011 ], [ 424822.397577905911021, 5001683.767337227240205 ], [ 424803.409490492078476, 5001701.786359372548759 ], [ 424785.390468346653506, 5001720.774446786381304 ], [ 424768.389900356880389, 5001740.679554441012442 ], [ 424752.454383897886146, 5001761.447123819962144 ], [ 424737.627597112616058, 5001783.020232458598912 ], [ 424723.950179193110671, 5001805.339749965816736 ], [ 424711.459618991182651, 5001828.344500095583498 ], [ 424700.190152264025528, 5001851.97142842784524 ], [ 424690.172667836770415, 5001876.15577519312501 ], [ 424681.434622937755194, 5001900.831252777948976 ], [ 424673.999967940791976, 5001925.930227414704859 ], [ 424667.889080718450714, 5001951.383904556743801 ], [ 424663.118710787792224, 5001977.122517446056008 ], [ 424659.701933401229326, 5002003.07551833242178 ], [ 424657.648113708070014, 5002029.171771843917668 ], [ 424656.962881085346453, 5002055.339749965816736 ], [ 424657.648113708070014, 5002081.507728087715805 ], [ 424659.701933401229326, 5002107.603981599211693 ], [ 424663.118710787792224, 5002133.556982485577464 ], [ 424667.889080718450714, 5002159.295595374889672 ], [ 424673.999967940791976, 5002184.749272516928613 ], [ 424681.434622937755194, 5002209.848247153684497 ], [ 424690.172667836770415, 5002234.523724738508463 ], [ 424700.190152264025528, 5002258.708071503788233 ], [ 424711.459618991182651, 5002282.334999836049974 ], [ 424723.950179193110671, 5002305.339749965816736 ], [ 424737.627597112616058, 5002327.659267473034561 ], [ 424752.454383897886146, 5002349.232376111671329 ], [ 424768.389900356880389, 5002369.99994549062103 ], [ 424785.390468346653506, 5002389.905053145252168 ], [ 424803.409490492078476, 5002408.893140559084713 ], [ 424822.397577905911021, 5002426.912162704393268 ], [ 424842.302685560425743, 5002443.912730694748461 ], [ 424863.070254939084407, 5002459.848247153684497 ], [ 424884.64336357783759, 5002474.675033938139677 ], [ 424906.962881085346453, 5002488.352451858110726 ], [ 424929.967631215578876, 5002500.843012060038745 ], [ 424953.594559547433164, 5002512.112478787079453 ], [ 424977.778906312712934, 5002522.129963214509189 ], [ 425002.454383897886146, 5002530.868008113466203 ], [ 425027.553358534059953, 5002538.30266311019659 ], [ 425053.00703567644814, 5002544.413550333119929 ], [ 425078.745648565236479, 5002549.183920263312757 ], [ 425104.698649451544043, 5002552.600697649642825 ], [ 425130.794902963854838, 5002554.654517343267798 ], [ 425156.962881085346453, 5002555.339749965816736 ], [ 425183.130859206838068, 5002554.654517343267798 ], [ 425209.227112719148863, 5002552.600697649642825 ], [ 425235.180113605456427, 5002549.183920263312757 ], [ 425260.918726494244765, 5002544.413550333119929 ], [ 425286.372403636632953, 5002538.30266311019659 ], [ 425311.47137827280676, 5002530.868008113466203 ], [ 425336.146855857979972, 5002522.129963214509189 ], [ 425360.331202623259742, 5002512.112478787079453 ], [ 425383.958130955114029, 5002500.843012060038745 ], [ 425406.962881085346453, 5002488.352451858110726 ], [ 425429.282398592855316, 5002474.675033938139677 ], [ 425450.855507231608499, 5002459.848247153684497 ], [ 425471.623076610267162, 5002443.912730694748461 ], [ 425491.528184264781885, 5002426.912162704393268 ], [ 425510.51627167861443, 5002408.893140559084713 ], [ 425528.5352938240394, 5002389.905053145252168 ], [ 425545.535861813812517, 5002369.99994549062103 ], [ 425561.47137827280676, 5002349.232376111671329 ], [ 425576.298165058076847, 5002327.659267473034561 ], [ 425589.975582977582235, 5002305.339749965816736 ], [ 425602.466143179510254, 5002282.334999836049974 ], [ 425613.735609906667378, 5002258.708071503788233 ], [ 425623.75309433392249, 5002234.523724738508463 ], [ 425632.491139232937712, 5002209.848247153684497 ], [ 425639.92579422990093, 5002184.749272516928613 ], [ 425646.036681452242192, 5002159.295595374889672 ], [ 425650.807051382900681, 5002133.556982485577464 ], [ 425654.22382876946358, 5002107.603981599211693 ], [ 425656.277648462622892, 5002081.507728087715805 ], [ 425656.962881085346453, 5002055.339749965816736 ] ] ] } },
{ "type": "Feature", "properties": { "site": 24, "transect": 24.2 }, "geometry": { "type": "Polygon", "coordinates": [ [ [ 425580.899340347328689, 5002288.726313075982034 ], [ 425580.214107724605128, 5002262.558334954082966 ], [ 425578.160288031445816, 5002236.462081442587078 ], [ 425574.743510644882917, 5002210.509080556221306 ], [ 425569.973140714224428, 5002184.770467666909099 ], [ 425563.862253491883166, 5002159.316790524870157 ], [ 425556.427598494919948, 5002134.217815888114274 ], [ 425547.689553595904727, 5002109.542338303290308 ], [ 425537.672069168649614, 5002085.357991538010538 ], [ 425526.40260244149249, 5002061.731063205748796 ], [ 425513.912042239564471, 5002038.726313075982034 ], [ 425500.234624320059083, 5002016.40679556876421 ], [ 425485.407837534788996, 5001994.833686930127442 ], [ 425469.472321075794753, 5001974.06611755117774 ], [ 425452.471753086021636, 5001954.161009896546602 ], [ 425434.452730940596666, 5001935.172922482714057 ], [ 425415.464643526764121, 5001917.153900337405503 ], [ 425395.559535872249398, 5001900.153332347050309 ], [ 425374.791966493590735, 5001884.217815888114274 ], [ 425353.218857854837552, 5001869.391029103659093 ], [ 425330.899340347328689, 5001855.713611183688045 ], [ 425307.894590217096265, 5001843.223050981760025 ], [ 425284.267661885241978, 5001831.953584254719317 ], [ 425260.083315119962208, 5001821.936099827289581 ], [ 425235.407837534788996, 5001813.198054928332567 ], [ 425210.308862898615189, 5001805.76339993160218 ], [ 425184.855185756227002, 5001799.652512708678842 ], [ 425159.116572867438663, 5001794.882142778486013 ], [ 425133.163571981131099, 5001791.465365392155945 ], [ 425107.067318468820304, 5001789.411545698530972 ], [ 425080.899340347328689, 5001788.726313075982034 ], [ 425054.731362225837074, 5001789.411545698530972 ], [ 425028.635108713526279, 5001791.465365392155945 ], [ 425002.682107827218715, 5001794.882142778486013 ], [ 424976.943494938430376, 5001799.652512708678842 ], [ 424951.489817796042189, 5001805.76339993160218 ], [ 424926.390843159868382, 5001813.198054928332567 ], [ 424901.71536557469517, 5001821.936099827289581 ], [ 424877.5310188094154, 5001831.953584254719317 ], [ 424853.904090477561112, 5001843.223050981760025 ], [ 424830.899340347328689, 5001855.713611183688045 ], [ 424808.579822839819826, 5001869.391029103659093 ], [ 424787.006714201066643, 5001884.217815888114274 ], [ 424766.23914482240798, 5001900.153332347050309 ], [ 424746.334037167893257, 5001917.153900337405503 ], [ 424727.345949754060712, 5001935.172922482714057 ], [ 424709.326927608635742, 5001954.161009896546602 ], [ 424692.326359618862625, 5001974.06611755117774 ], [ 424676.390843159868382, 5001994.833686930127442 ], [ 424661.564056374598294, 5002016.40679556876421 ], [ 424647.886638455092907, 5002038.726313075982034 ], [ 424635.396078253164887, 5002061.731063205748796 ], [ 424624.126611526007764, 5002085.357991538010538 ], [ 424614.109127098752651, 5002109.542338303290308 ], [ 424605.37108219973743, 5002134.217815888114274 ], [ 424597.936427202774212, 5002159.316790524870157 ], [ 424591.82553998043295, 5002184.770467666909099 ], [ 424587.05517004977446, 5002210.509080556221306 ], [ 424583.638392663211562, 5002236.462081442587078 ], [ 424581.58457297005225, 5002262.558334954082966 ], [ 424580.899340347328689, 5002288.726313075982034 ], [ 424581.58457297005225, 5002314.894291197881103 ], [ 424583.638392663211562, 5002340.990544709376991 ], [ 424587.05517004977446, 5002366.943545595742762 ], [ 424591.82553998043295, 5002392.68215848505497 ], [ 424597.936427202774212, 5002418.135835627093911 ], [ 424605.37108219973743, 5002443.234810263849795 ], [ 424614.109127098752651, 5002467.910287848673761 ], [ 424624.126611526007764, 5002492.094634613953531 ], [ 424635.396078253164887, 5002515.721562946215272 ], [ 424647.886638455092907, 5002538.726313075982034 ], [ 424661.564056374598294, 5002561.045830583199859 ], [ 424676.390843159868382, 5002582.618939221836627 ], [ 424692.326359618862625, 5002603.386508600786328 ], [ 424709.326927608635742, 5002623.291616255417466 ], [ 424727.345949754060712, 5002642.279703669250011 ], [ 424746.334037167893257, 5002660.298725814558566 ], [ 424766.23914482240798, 5002677.299293804913759 ], [ 424787.006714201066643, 5002693.234810263849795 ], [ 424808.579822839819826, 5002708.061597048304975 ], [ 424830.899340347328689, 5002721.739014968276024 ], [ 424853.904090477561112, 5002734.229575170204043 ], [ 424877.5310188094154, 5002745.499041897244751 ], [ 424901.71536557469517, 5002755.516526324674487 ], [ 424926.390843159868382, 5002764.254571223631501 ], [ 424951.489817796042189, 5002771.689226220361888 ], [ 424976.943494938430376, 5002777.800113443285227 ], [ 425002.682107827218715, 5002782.570483373478055 ], [ 425028.635108713526279, 5002785.987260759808123 ], [ 425054.731362225837074, 5002788.041080453433096 ], [ 425080.899340347328689, 5002788.726313075982034 ], [ 425107.067318468820304, 5002788.041080453433096 ], [ 425133.163571981131099, 5002785.987260759808123 ], [ 425159.116572867438663, 5002782.570483373478055 ], [ 425184.855185756227002, 5002777.800113443285227 ], [ 425210.308862898615189, 5002771.689226220361888 ], [ 425235.407837534788996, 5002764.254571223631501 ], [ 425260.083315119962208, 5002755.516526324674487 ], [ 425284.267661885241978, 5002745.499041897244751 ], [ 425307.894590217096265, 5002734.229575170204043 ], [ 425330.899340347328689, 5002721.739014968276024 ], [ 425353.218857854837552, 5002708.061597048304975 ], [ 425374.791966493590735, 5002693.234810263849795 ], [ 425395.559535872249398, 5002677.299293804913759 ], [ 425415.464643526764121, 5002660.298725814558566 ], [ 425434.452730940596666, 5002642.279703669250011 ], [ 425452.471753086021636, 5002623.291616255417466 ], [ 425469.472321075794753, 5002603.386508600786328 ], [ 425485.407837534788996, 5002582.618939221836627 ], [ 425500.234624320059083, 5002561.045830583199859 ], [ 425513.912042239564471, 5002538.726313075982034 ], [ 425526.40260244149249, 5002515.721562946215272 ], [ 425537.672069168649614, 5002492.094634613953531 ], [ 425547.689553595904727, 5002467.910287848673761 ], [ 425556.427598494919948, 5002443.234810263849795 ], [ 425563.862253491883166, 5002418.135835627093911 ], [ 425569.973140714224428, 5002392.68215848505497 ], [ 425574.743510644882917, 5002366.943545595742762 ], [ 425578.160288031445816, 5002340.990544709376991 ], [ 425580.214107724605128, 5002314.894291197881103 ], [ 425580.899340347328689, 5002288.726313075982034 ] ] ] } },
{ "type": "Feature", "properties": { "site": 24, "transect": 24.3 }, "geometry": { "type": "Polygon", "coordinates": [ [ [ 425731.411622391606215, 5001970.716387028805912 ], [ 425730.726389768882655, 5001944.548408906906843 ], [ 425728.672570075723343, 5001918.452155395410955 ], [ 425725.255792689160444, 5001892.499154509045184 ], [ 425720.485422758501954, 5001866.760541619732976 ], [ 425714.374535536160693, 5001841.306864477694035 ], [ 425706.939880539197475, 5001816.207889840938151 ], [ 425698.201835640182253, 5001791.532412256114185 ], [ 425688.18435121292714, 5001767.348065490834415 ], [ 425676.914884485770017, 5001743.721137158572674 ], [ 425664.424324283841997, 5001720.716387028805912 ], [ 425650.74690636433661, 5001698.396869521588087 ], [ 425635.920119579066522, 5001676.823760882951319 ], [ 425619.984603120072279, 5001656.056191504001617 ], [ 425602.984035130299162, 5001636.15108384937048 ], [ 425584.965012984874193, 5001617.162996435537934 ], [ 425565.976925571041647, 5001599.14397429022938 ], [ 425546.071817916526925, 5001582.143406299874187 ], [ 425525.304248537868261, 5001566.207889840938151 ], [ 425503.731139899115078, 5001551.381103056482971 ], [ 425481.411622391606215, 5001537.703685136511922 ], [ 425458.406872261373792, 5001525.213124934583902 ], [ 425434.779943929519504, 5001513.943658207543194 ], [ 425410.595597164239734, 5001503.926173780113459 ], [ 425385.920119579066522, 5001495.188128881156445 ], [ 425360.821144942892715, 5001487.753473884426057 ], [ 425335.367467800504528, 5001481.642586661502719 ], [ 425309.628854911716189, 5001476.872216731309891 ], [ 425283.675854025408626, 5001473.455439344979823 ], [ 425257.57960051309783, 5001471.401619651354849 ], [ 425231.411622391606215, 5001470.716387028805912 ], [ 425205.243644270114601, 5001471.401619651354849 ], [ 425179.147390757803805, 5001473.455439344979823 ], [ 425153.194389871496242, 5001476.872216731309891 ], [ 425127.455776982707903, 5001481.642586661502719 ], [ 425102.002099840319715, 5001487.753473884426057 ], [ 425076.903125204145908, 5001495.188128881156445 ], [ 425052.227647618972696, 5001503.926173780113459 ], [ 425028.043300853692926, 5001513.943658207543194 ], [ 425004.416372521838639, 5001525.213124934583902 ], [ 424981.411622391606215, 5001537.703685136511922 ], [ 424959.092104884097353, 5001551.381103056482971 ], [ 424937.518996245344169, 5001566.207889840938151 ], [ 424916.751426866685506, 5001582.143406299874187 ], [ 424896.846319212170783, 5001599.14397429022938 ], [ 424877.858231798338238, 5001617.162996435537934 ], [ 424859.839209652913269, 5001636.15108384937048 ], [ 424842.838641663140152, 5001656.056191504001617 ], [ 424826.903125204145908, 5001676.823760882951319 ], [ 424812.076338418875821, 5001698.396869521588087 ], [ 424798.398920499370433, 5001720.716387028805912 ], [ 424785.908360297442414, 5001743.721137158572674 ], [ 424774.63889357028529, 5001767.348065490834415 ], [ 424764.621409143030178, 5001791.532412256114185 ], [ 424755.883364244014956, 5001816.207889840938151 ], [ 424748.448709247051738, 5001841.306864477694035 ], [ 424742.337822024710476, 5001866.760541619732976 ], [ 424737.567452094051987, 5001892.499154509045184 ], [ 424734.150674707489088, 5001918.452155395410955 ], [ 424732.096855014329776, 5001944.548408906906843 ], [ 424731.411622391606215, 5001970.716387028805912 ], [ 424732.096855014329776, 5001996.88436515070498 ], [ 424734.150674707489088, 5002022.980618662200868 ], [ 424737.567452094051987, 5002048.933619548566639 ], [ 424742.337822024710476, 5002074.672232437878847 ], [ 424748.448709247051738, 5002100.125909579917789 ], [ 424755.883364244014956, 5002125.224884216673672 ], [ 424764.621409143030178, 5002149.900361801497638 ], [ 424774.63889357028529, 5002174.084708566777408 ], [ 424785.908360297442414, 5002197.711636899039149 ], [ 424798.398920499370433, 5002220.716387028805912 ], [ 424812.076338418875821, 5002243.035904536023736 ], [ 424826.903125204145908, 5002264.609013174660504 ], [ 424842.838641663140152, 5002285.376582553610206 ], [ 424859.839209652913269, 5002305.281690208241343 ], [ 424877.858231798338238, 5002324.269777622073889 ], [ 424896.846319212170783, 5002342.288799767382443 ], [ 424916.751426866685506, 5002359.289367757737637 ], [ 424937.518996245344169, 5002375.224884216673672 ], [ 424959.092104884097353, 5002390.051671001128852 ], [ 424981.411622391606215, 5002403.729088921099901 ], [ 425004.416372521838639, 5002416.219649123027921 ], [ 425028.043300853692926, 5002427.489115850068629 ], [ 425052.227647618972696, 5002437.506600277498364 ], [ 425076.903125204145908, 5002446.244645176455379 ], [ 425102.002099840319715, 5002453.679300173185766 ], [ 425127.455776982707903, 5002459.790187396109104 ], [ 425153.194389871496242, 5002464.560557326301932 ], [ 425179.147390757803805, 5002467.977334712632 ], [ 425205.243644270114601, 5002470.031154406256974 ], [ 425231.411622391606215, 5002470.716387028805912 ], [ 425257.57960051309783, 5002470.031154406256974 ], [ 425283.675854025408626, 5002467.977334712632 ], [ 425309.628854911716189, 5002464.560557326301932 ], [ 425335.367467800504528, 5002459.790187396109104 ], [ 425360.821144942892715, 5002453.679300173185766 ], [ 425385.920119579066522, 5002446.244645176455379 ], [ 425410.595597164239734, 5002437.506600277498364 ], [ 425434.779943929519504, 5002427.489115850068629 ], [ 425458.406872261373792, 5002416.219649123027921 ], [ 425481.411622391606215, 5002403.729088921099901 ], [ 425503.731139899115078, 5002390.051671001128852 ], [ 425525.304248537868261, 5002375.224884216673672 ], [ 425546.071817916526925, 5002359.289367757737637 ], [ 425565.976925571041647, 5002342.288799767382443 ], [ 425584.965012984874193, 5002324.269777622073889 ], [ 425602.984035130299162, 5002305.281690208241343 ], [ 425619.984603120072279, 5002285.376582553610206 ], [ 425635.920119579066522, 5002264.609013174660504 ], [ 425650.74690636433661, 5002243.035904536023736 ], [ 425664.424324283841997, 5002220.716387028805912 ], [ 425676.914884485770017, 5002197.711636899039149 ], [ 425688.18435121292714, 5002174.084708566777408 ], [ 425698.201835640182253, 5002149.900361801497638 ], [ 425706.939880539197475, 5002125.224884216673672 ], [ 425714.374535536160693, 5002100.125909579917789 ], [ 425720.485422758501954, 5002074.672232437878847 ], [ 425725.255792689160444, 5002048.933619548566639 ], [ 425728.672570075723343, 5002022.980618662200868 ], [ 425730.726389768882655, 5001996.88436515070498 ], [ 425731.411622391606215, 5001970.716387028805912 ] ] ] } },
{ "type": "Feature", "properties": { "site": 24, "transect": 24.4 }, "geometry": { "type": "Polygon", "coordinates": [ [ [ 425590.831374500354286, 5002219.084494897164404 ], [ 425590.146141877630726, 5002192.916516775265336 ], [ 425588.092322184471413, 5002166.820263263769448 ], [ 425584.675544797908515, 5002140.867262377403677 ], [ 425579.905174867250025, 5002115.128649488091469 ], [ 425573.794287644908763, 5002089.674972346052527 ], [ 425566.359632647945546, 5002064.575997709296644 ], [ 425557.621587748930324, 5002039.900520124472678 ], [ 425547.604103321675211, 5002015.716173359192908 ], [ 425536.334636594518088, 5001992.089245026931167 ], [ 425523.844076392590068, 5001969.084494897164404 ], [ 425510.166658473084681, 5001946.76497738994658 ], [ 425495.339871687814593, 5001925.191868751309812 ], [ 425479.40435522882035, 5001904.42429937236011 ], [ 425462.403787239047233, 5001884.519191717728972 ], [ 425444.384765093622264, 5001865.531104303896427 ], [ 425425.396677679789718, 5001847.512082158587873 ], [ 425405.491570025274996, 5001830.511514168232679 ], [ 425384.724000646616332, 5001814.575997709296644 ], [ 425363.150892007863149, 5001799.749210924841464 ], [ 425340.831374500354286, 5001786.071793004870415 ], [ 425317.826624370121863, 5001773.581232802942395 ], [ 425294.199696038267575, 5001762.311766075901687 ], [ 425270.015349272987805, 5001752.294281648471951 ], [ 425245.339871687814593, 5001743.556236749514937 ], [ 425220.240897051640786, 5001736.12158175278455 ], [ 425194.787219909252599, 5001730.010694529861212 ], [ 425169.04860702046426, 5001725.240324599668384 ], [ 425143.095606134156696, 5001721.823547213338315 ], [ 425116.999352621845901, 5001719.769727519713342 ], [ 425090.831374500354286, 5001719.084494897164404 ], [ 425064.663396378862672, 5001719.769727519713342 ], [ 425038.567142866551876, 5001721.823547213338315 ], [ 425012.614141980244312, 5001725.240324599668384 ], [ 424986.875529091455974, 5001730.010694529861212 ], [ 424961.421851949067786, 5001736.12158175278455 ], [ 424936.322877312893979, 5001743.556236749514937 ], [ 424911.647399727720767, 5001752.294281648471951 ], [ 424887.463052962440997, 5001762.311766075901687 ], [ 424863.83612463058671, 5001773.581232802942395 ], [ 424840.831374500354286, 5001786.071793004870415 ], [ 424818.511856992845424, 5001799.749210924841464 ], [ 424796.93874835409224, 5001814.575997709296644 ], [ 424776.171178975433577, 5001830.511514168232679 ], [ 424756.266071320918854, 5001847.512082158587873 ], [ 424737.277983907086309, 5001865.531104303896427 ], [ 424719.25896176166134, 5001884.519191717728972 ], [ 424702.258393771888223, 5001904.42429937236011 ], [ 424686.322877312893979, 5001925.191868751309812 ], [ 424671.496090527623892, 5001946.76497738994658 ], [ 424657.818672608118504, 5001969.084494897164404 ], [ 424645.328112406190485, 5001992.089245026931167 ], [ 424634.058645679033361, 5002015.716173359192908 ], [ 424624.041161251778249, 5002039.900520124472678 ], [ 424615.303116352763027, 5002064.575997709296644 ], [ 424607.868461355799809, 5002089.674972346052527 ], [ 424601.757574133458547, 5002115.128649488091469 ], [ 424596.987204202800058, 5002140.867262377403677 ], [ 424593.570426816237159, 5002166.820263263769448 ], [ 424591.516607123077847, 5002192.916516775265336 ], [ 424590.831374500354286, 5002219.084494897164404 ], [ 424591.516607123077847, 5002245.252473019063473 ], [ 424593.570426816237159, 5002271.348726530559361 ], [ 424596.987204202800058, 5002297.301727416925132 ], [ 424601.757574133458547, 5002323.04034030623734 ], [ 424607.868461355799809, 5002348.494017448276281 ], [ 424615.303116352763027, 5002373.592992085032165 ], [ 424624.041161251778249, 5002398.268469669856131 ], [ 424634.058645679033361, 5002422.452816435135901 ], [ 424645.328112406190485, 5002446.079744767397642 ], [ 424657.818672608118504, 5002469.084494897164404 ], [ 424671.496090527623892, 5002491.404012404382229 ], [ 424686.322877312893979, 5002512.977121043018997 ], [ 424702.258393771888223, 5002533.744690421968699 ], [ 424719.25896176166134, 5002553.649798076599836 ], [ 424737.277983907086309, 5002572.637885490432382 ], [ 424756.266071320918854, 5002590.656907635740936 ], [ 424776.171178975433577, 5002607.657475626096129 ], [ 424796.93874835409224, 5002623.592992085032165 ], [ 424818.511856992845424, 5002638.419778869487345 ], [ 424840.831374500354286, 5002652.097196789458394 ], [ 424863.83612463058671, 5002664.587756991386414 ], [ 424887.463052962440997, 5002675.857223718427122 ], [ 424911.647399727720767, 5002685.874708145856857 ], [ 424936.322877312893979, 5002694.612753044813871 ], [ 424961.421851949067786, 5002702.047408041544259 ], [ 424986.875529091455974, 5002708.158295264467597 ], [ 425012.614141980244312, 5002712.928665194660425 ], [ 425038.567142866551876, 5002716.345442580990493 ], [ 425064.663396378862672, 5002718.399262274615467 ], [ 425090.831374500354286, 5002719.084494897164404 ], [ 425116.999352621845901, 5002718.399262274615467 ], [ 425143.095606134156696, 5002716.345442580990493 ], [ 425169.04860702046426, 5002712.928665194660425 ], [ 425194.787219909252599, 5002708.158295264467597 ], [ 425220.240897051640786, 5002702.047408041544259 ], [ 425245.339871687814593, 5002694.612753044813871 ], [ 425270.015349272987805, 5002685.874708145856857 ], [ 425294.199696038267575, 5002675.857223718427122 ], [ 425317.826624370121863, 5002664.587756991386414 ], [ 425340.831374500354286, 5002652.097196789458394 ], [ 425363.150892007863149, 5002638.419778869487345 ], [ 425384.724000646616332, 5002623.592992085032165 ], [ 425405.491570025274996, 5002607.657475626096129 ], [ 425425.396677679789718, 5002590.656907635740936 ], [ 425444.384765093622264, 5002572.637885490432382 ], [ 425462.403787239047233, 5002553.649798076599836 ], [ 425479.40435522882035, 5002533.744690421968699 ], [ 425495.339871687814593, 5002512.977121043018997 ], [ 425510.166658473084681, 5002491.404012404382229 ], [ 425523.844076392590068, 5002469.084494897164404 ], [ 425536.334636594518088, 5002446.079744767397642 ], [ 425547.604103321675211, 5002422.452816435135901 ], [ 425557.621587748930324, 5002398.268469669856131 ], [ 425566.359632647945546, 5002373.592992085032165 ], [ 425573.794287644908763, 5002348.494017448276281 ], [ 425579.905174867250025, 5002323.04034030623734 ], [ 425584.675544797908515, 5002297.301727416925132 ], [ 425588.092322184471413, 5002271.348726530559361 ], [ 425590.146141877630726, 5002245.252473019063473 ], [ 425590.831374500354286, 5002219.084494897164404 ] ] ] } },
{ "type": "Feature", "properties": { "site": 25, "transect": 25.1 }, "geometry": { "type": "Polygon", "coordinates": [ [ [ 344688.921767609892413, 5055708.863791472278535 ], [ 344688.236534987168852, 5055682.695813350379467 ], [ 344686.18271529400954, 5055656.599559838883579 ], [ 344682.765937907446641, 5055630.646558952517807 ], [ 344677.995567976788152, 5055604.9079460632056 ], [ 344671.88468075444689, 5055579.454268921166658 ], [ 344664.450025757483672, 5055554.355294284410775 ], [ 344655.711980858468451, 5055529.679816699586809 ], [ 344645.694496431213338, 5055505.495469934307039 ], [ 344634.425029704056215, 5055481.868541602045298 ], [ 344621.934469502128195, 5055458.863791472278535 ], [ 344608.257051582622807, 5055436.544273965060711 ], [ 344593.43026479735272, 5055414.971165326423943 ], [ 344577.494748338358477, 5055394.203595947474241 ], [ 344560.49418034858536, 5055374.298488292843103 ], [ 344542.47515820316039, 5055355.310400879010558 ], [ 344523.487070789327845, 5055337.291378733702004 ], [ 344503.581963134813122, 5055320.29081074334681 ], [ 344482.814393756154459, 5055304.355294284410775 ], [ 344461.241285117401276, 5055289.528507499955595 ], [ 344438.921767609892413, 5055275.851089579984546 ], [ 344415.917017479659989, 5055263.360529378056526 ], [ 344392.290089147805702, 5055252.091062651015818 ], [ 344368.105742382525932, 5055242.073578223586082 ], [ 344343.43026479735272, 5055233.335533324629068 ], [ 344318.331290161178913, 5055225.900878327898681 ], [ 344292.877613018790726, 5055219.789991104975343 ], [ 344267.139000130002387, 5055215.019621174782515 ], [ 344241.185999243694823, 5055211.602843788452446 ], [ 344215.089745731384028, 5055209.549024094827473 ], [ 344188.921767609892413, 5055208.863791472278535 ], [ 344162.753789488400798, 5055209.549024094827473 ], [ 344136.657535976090003, 5055211.602843788452446 ], [ 344110.704535089782439, 5055215.019621174782515 ], [ 344084.9659222009941, 5055219.789991104975343 ], [ 344059.512245058605913, 5055225.900878327898681 ], [ 344034.413270422432106, 5055233.335533324629068 ], [ 344009.737792837258894, 5055242.073578223586082 ], [ 343985.553446071979124, 5055252.091062651015818 ], [ 343961.926517740124837, 5055263.360529378056526 ], [ 343938.921767609892413, 5055275.851089579984546 ], [ 343916.60225010238355, 5055289.528507499955595 ], [ 343895.029141463630367, 5055304.355294284410775 ], [ 343874.261572084971704, 5055320.29081074334681 ], [ 343854.356464430456981, 5055337.291378733702004 ], [ 343835.368377016624436, 5055355.310400879010558 ], [ 343817.349354871199466, 5055374.298488292843103 ], [ 343800.348786881426349, 5055394.203595947474241 ], [ 343784.413270422432106, 5055414.971165326423943 ], [ 343769.586483637162019, 5055436.544273965060711 ], [ 343755.909065717656631, 5055458.863791472278535 ], [ 343743.418505515728611, 5055481.868541602045298 ], [ 343732.149038788571488, 5055505.495469934307039 ], [ 343722.131554361316375, 5055529.679816699586809 ], [ 343713.393509462301154, 5055554.355294284410775 ], [ 343705.958854465337936, 5055579.454268921166658 ], [ 343699.847967242996674, 5055604.9079460632056 ], [ 343695.077597312338185, 5055630.646558952517807 ], [ 343691.660819925775286, 5055656.599559838883579 ], [ 343689.607000232615974, 5055682.695813350379467 ], [ 343688.921767609892413, 5055708.863791472278535 ], [ 343689.607000232615974, 5055735.031769594177604 ], [ 343691.660819925775286, 5055761.128023105673492 ], [ 343695.077597312338185, 5055787.081023992039263 ], [ 343699.847967242996674, 5055812.819636881351471 ], [ 343705.958854465337936, 5055838.273314023390412 ], [ 343713.393509462301154, 5055863.372288660146296 ], [ 343722.131554361316375, 5055888.047766244970262 ], [ 343732.149038788571488, 5055912.232113010250032 ], [ 343743.418505515728611, 5055935.859041342511773 ], [ 343755.909065717656631, 5055958.863791472278535 ], [ 343769.586483637162019, 5055981.18330897949636 ], [ 343784.413270422432106, 5056002.756417618133128 ], [ 343800.348786881426349, 5056023.523986997082829 ], [ 343817.349354871199466, 5056043.429094651713967 ], [ 343835.368377016624436, 5056062.417182065546513 ], [ 343854.356464430456981, 5056080.436204210855067 ], [ 343874.261572084971704, 5056097.43677220121026 ], [ 343895.029141463630367, 5056113.372288660146296 ], [ 343916.60225010238355, 5056128.199075444601476 ], [ 343938.921767609892413, 5056141.876493364572525 ], [ 343961.926517740124837, 5056154.367053566500545 ], [ 343985.553446071979124, 5056165.636520293541253 ], [ 344009.737792837258894, 5056175.654004720970988 ], [ 344034.413270422432106, 5056184.392049619928002 ], [ 344059.512245058605913, 5056191.82670461665839 ], [ 344084.9659222009941, 5056197.937591839581728 ], [ 344110.704535089782439, 5056202.707961769774556 ], [ 344136.657535976090003, 5056206.124739156104624 ], [ 344162.753789488400798, 5056208.178558849729598 ], [ 344188.921767609892413, 5056208.863791472278535 ], [ 344215.089745731384028, 5056208.178558849729598 ], [ 344241.185999243694823, 5056206.124739156104624 ], [ 344267.139000130002387, 5056202.707961769774556 ], [ 344292.877613018790726, 5056197.937591839581728 ], [ 344318.331290161178913, 5056191.82670461665839 ], [ 344343.43026479735272, 5056184.392049619928002 ], [ 344368.105742382525932, 5056175.654004720970988 ], [ 344392.290089147805702, 5056165.636520293541253 ], [ 344415.917017479659989, 5056154.367053566500545 ], [ 344438.921767609892413, 5056141.876493364572525 ], [ 344461.241285117401276, 5056128.199075444601476 ], [ 344482.814393756154459, 5056113.372288660146296 ], [ 344503.581963134813122, 5056097.43677220121026 ], [ 344523.487070789327845, 5056080.436204210855067 ], [ 344542.47515820316039, 5056062.417182065546513 ], [ 344560.49418034858536, 5056043.429094651713967 ], [ 344577.494748338358477, 5056023.523986997082829 ], [ 344593.43026479735272, 5056002.756417618133128 ], [ 344608.257051582622807, 5055981.18330897949636 ], [ 344621.934469502128195, 5055958.863791472278535 ], [ 344634.425029704056215, 5055935.859041342511773 ], [ 344645.694496431213338, 5055912.232113010250032 ], [ 344655.711980858468451, 5055888.047766244970262 ], [ 344664.450025757483672, 5055863.372288660146296 ], [ 344671.88468075444689, 5055838.273314023390412 ], [ 344677.995567976788152, 5055812.819636881351471 ], [ 344682.765937907446641, 5055787.081023992039263 ], [ 344686.18271529400954, 5055761.128023105673492 ], [ 344688.236534987168852, 5055735.031769594177604 ], [ 344688.921767609892413, 5055708.863791472278535 ] ] ] } },
{ "type": "Feature", "properties": { "site": 25, "transect": 25.2 }, "geometry": { "type": "Polygon", "coordinates": [ [ [ 344688.921767609892413, 5055708.863791472278535 ], [ 344688.236534987168852, 5055682.695813350379467 ], [ 344686.18271529400954, 5055656.599559838883579 ], [ 344682.765937907446641, 5055630.646558952517807 ], [ 344677.995567976788152, 5055604.9079460632056 ], [ 344671.88468075444689, 5055579.454268921166658 ], [ 344664.450025757483672, 5055554.355294284410775 ], [ 344655.711980858468451, 5055529.679816699586809 ], [ 344645.694496431213338, 5055505.495469934307039 ], [ 344634.425029704056215, 5055481.868541602045298 ], [ 344621.934469502128195, 5055458.863791472278535 ], [ 344608.257051582622807, 5055436.544273965060711 ], [ 344593.43026479735272, 5055414.971165326423943 ], [ 344577.494748338358477, 5055394.203595947474241 ], [ 344560.49418034858536, 5055374.298488292843103 ], [ 344542.47515820316039, 5055355.310400879010558 ], [ 344523.487070789327845, 5055337.291378733702004 ], [ 344503.581963134813122, 5055320.29081074334681 ], [ 344482.814393756154459, 5055304.355294284410775 ], [ 344461.241285117401276, 5055289.528507499955595 ], [ 344438.921767609892413, 5055275.851089579984546 ], [ 344415.917017479659989, 5055263.360529378056526 ], [ 344392.290089147805702, 5055252.091062651015818 ], [ 344368.105742382525932, 5055242.073578223586082 ], [ 344343.43026479735272, 5055233.335533324629068 ], [ 344318.331290161178913, 5055225.900878327898681 ], [ 344292.877613018790726, 5055219.789991104975343 ], [ 344267.139000130002387, 5055215.019621174782515 ], [ 344241.185999243694823, 5055211.602843788452446 ], [ 344215.089745731384028, 5055209.549024094827473 ], [ 344188.921767609892413, 5055208.863791472278535 ], [ 344162.753789488400798, 5055209.549024094827473 ], [ 344136.657535976090003, 5055211.602843788452446 ], [ 344110.704535089782439, 5055215.019621174782515 ], [ 344084.9659222009941, 5055219.789991104975343 ], [ 344059.512245058605913, 5055225.900878327898681 ], [ 344034.413270422432106, 5055233.335533324629068 ], [ 344009.737792837258894, 5055242.073578223586082 ], [ 343985.553446071979124, 5055252.091062651015818 ], [ 343961.926517740124837, 5055263.360529378056526 ], [ 343938.921767609892413, 5055275.851089579984546 ], [ 343916.60225010238355, 5055289.528507499955595 ], [ 343895.029141463630367, 5055304.355294284410775 ], [ 343874.261572084971704, 5055320.29081074334681 ], [ 343854.356464430456981, 5055337.291378733702004 ], [ 343835.368377016624436, 5055355.310400879010558 ], [ 343817.349354871199466, 5055374.298488292843103 ], [ 343800.348786881426349, 5055394.203595947474241 ], [ 343784.413270422432106, 5055414.971165326423943 ], [ 343769.586483637162019, 5055436.544273965060711 ], [ 343755.909065717656631, 5055458.863791472278535 ], [ 343743.418505515728611, 5055481.868541602045298 ], [ 343732.149038788571488, 5055505.495469934307039 ], [ 343722.131554361316375, 5055529.679816699586809 ], [ 343713.393509462301154, 5055554.355294284410775 ], [ 343705.958854465337936, 5055579.454268921166658 ], [ 343699.847967242996674, 5055604.9079460632056 ], [ 343695.077597312338185, 5055630.646558952517807 ], [ 343691.660819925775286, 5055656.599559838883579 ], [ 343689.607000232615974, 5055682.695813350379467 ], [ 343688.921767609892413, 5055708.863791472278535 ], [ 343689.607000232615974, 5055735.031769594177604 ], [ 343691.660819925775286, 5055761.128023105673492 ], [ 343695.077597312338185, 5055787.081023992039263 ], [ 343699.847967242996674, 5055812.819636881351471 ], [ 343705.958854465337936, 5055838.273314023390412 ], [ 343713.393509462301154, 5055863.372288660146296 ], [ 343722.131554361316375, 5055888.047766244970262 ], [ 343732.149038788571488, 5055912.232113010250032 ], [ 343743.418505515728611, 5055935.859041342511773 ], [ 343755.909065717656631, 5055958.863791472278535 ], [ 343769.586483637162019, 5055981.18330897949636 ], [ 343784.413270422432106, 5056002.756417618133128 ], [ 343800.348786881426349, 5056023.523986997082829 ], [ 343817.349354871199466, 5056043.429094651713967 ], [ 343835.368377016624436, 5056062.417182065546513 ], [ 343854.356464430456981, 5056080.436204210855067 ], [ 343874.261572084971704, 5056097.43677220121026 ], [ 343895.029141463630367, 5056113.372288660146296 ], [ 343916.60225010238355, 5056128.199075444601476 ], [ 343938.921767609892413, 5056141.876493364572525 ], [ 343961.926517740124837, 5056154.367053566500545 ], [ 343985.553446071979124, 5056165.636520293541253 ], [ 344009.737792837258894, 5056175.654004720970988 ], [ 344034.413270422432106, 5056184.392049619928002 ], [ 344059.512245058605913, 5056191.82670461665839 ], [ 344084.9659222009941, 5056197.937591839581728 ], [ 344110.704535089782439, 5056202.707961769774556 ], [ 344136.657535976090003, 5056206.124739156104624 ], [ 344162.753789488400798, 5056208.178558849729598 ], [ 344188.921767609892413, 5056208.863791472278535 ], [ 344215.089745731384028, 5056208.178558849729598 ], [ 344241.185999243694823, 5056206.124739156104624 ], [ 344267.139000130002387, 5056202.707961769774556 ], [ 344292.877613018790726, 5056197.937591839581728 ], [ 344318.331290161178913, 5056191.82670461665839 ], [ 344343.43026479735272, 5056184.392049619928002 ], [ 344368.105742382525932, 5056175.654004720970988 ], [ 344392.290089147805702, 5056165.636520293541253 ], [ 344415.917017479659989, 5056154.367053566500545 ], [ 344438.921767609892413, 5056141.876493364572525 ], [ 344461.241285117401276, 5056128.199075444601476 ], [ 344482.814393756154459, 5056113.372288660146296 ], [ 344503.581963134813122, 5056097.43677220121026 ], [ 344523.487070789327845, 5056080.436204210855067 ], [ 344542.47515820316039, 5056062.417182065546513 ], [ 344560.49418034858536, 5056043.429094651713967 ], [ 344577.494748338358477, 5056023.523986997082829 ], [ 344593.43026479735272, 5056002.756417618133128 ], [ 344608.257051582622807, 5055981.18330897949636 ], [ 344621.934469502128195, 5055958.863791472278535 ], [ 344634.425029704056215, 5055935.859041342511773 ], [ 344645.694496431213338, 5055912.232113010250032 ], [ 344655.711980858468451, 5055888.047766244970262 ], [ 344664.450025757483672, 5055863.372288660146296 ], [ 344671.88468075444689, 5055838.273314023390412 ], [ 344677.995567976788152, 5055812.819636881351471 ], [ 344682.765937907446641, 5055787.081023992039263 ], [ 344686.18271529400954, 5055761.128023105673492 ], [ 344688.236534987168852, 5055735.031769594177604 ], [ 344688.921767609892413, 5055708.863791472278535 ] ] ] } },
{ "type": "Feature", "properties": { "site": 25, "transect": 25.3 }, "geometry": { "type": "Polygon", "coordinates": [ [ [ 344839.214095022412948, 5055800.103011912666261 ], [ 344838.528862399689388, 5055773.935033790767193 ], [ 344836.475042706530076, 5055747.838780279271305 ], [ 344833.058265319967177, 5055721.885779392905533 ], [ 344828.287895389308687, 5055696.147166503593326 ], [ 344822.177008166967425, 5055670.693489361554384 ], [ 344814.742353170004208, 5055645.594514724798501 ], [ 344806.004308270988986, 5055620.919037139974535 ], [ 344795.986823843733873, 5055596.734690374694765 ], [ 344784.71735711657675, 5055573.107762042433023 ], [ 344772.22679691464873, 5055550.103011912666261 ], [ 344758.549378995143343, 5055527.783494405448437 ], [ 344743.722592209873255, 5055506.210385766811669 ], [ 344727.787075750879012, 5055485.442816387861967 ], [ 344710.786507761105895, 5055465.537708733230829 ], [ 344692.767485615680926, 5055446.549621319398284 ], [ 344673.77939820184838, 5055428.53059917408973 ], [ 344653.874290547333658, 5055411.530031183734536 ], [ 344633.106721168674994, 5055395.594514724798501 ], [ 344611.533612529921811, 5055380.76772794034332 ], [ 344589.214095022412948, 5055367.090310020372272 ], [ 344566.209344892180525, 5055354.599749818444252 ], [ 344542.582416560326237, 5055343.330283091403544 ], [ 344518.398069795046467, 5055333.312798663973808 ], [ 344493.722592209873255, 5055324.574753765016794 ], [ 344468.623617573699448, 5055317.140098768286407 ], [ 344443.169940431311261, 5055311.029211545363069 ], [ 344417.431327542522922, 5055306.25884161517024 ], [ 344391.478326656215359, 5055302.842064228840172 ], [ 344365.382073143904563, 5055300.788244535215199 ], [ 344339.214095022412948, 5055300.103011912666261 ], [ 344313.046116900921334, 5055300.788244535215199 ], [ 344286.949863388610538, 5055302.842064228840172 ], [ 344260.996862502302974, 5055306.25884161517024 ], [ 344235.258249613514636, 5055311.029211545363069 ], [ 344209.804572471126448, 5055317.140098768286407 ], [ 344184.705597834952641, 5055324.574753765016794 ], [ 344160.030120249779429, 5055333.312798663973808 ], [ 344135.845773484499659, 5055343.330283091403544 ], [ 344112.218845152645372, 5055354.599749818444252 ], [ 344089.214095022412948, 5055367.090310020372272 ], [ 344066.894577514904086, 5055380.76772794034332 ], [ 344045.321468876150902, 5055395.594514724798501 ], [ 344024.553899497492239, 5055411.530031183734536 ], [ 344004.648791842977516, 5055428.53059917408973 ], [ 343985.660704429144971, 5055446.549621319398284 ], [ 343967.641682283720002, 5055465.537708733230829 ], [ 343950.641114293946885, 5055485.442816387861967 ], [ 343934.705597834952641, 5055506.210385766811669 ], [ 343919.878811049682554, 5055527.783494405448437 ], [ 343906.201393130177166, 5055550.103011912666261 ], [ 343893.710832928249147, 5055573.107762042433023 ], [ 343882.441366201092023, 5055596.734690374694765 ], [ 343872.423881773836911, 5055620.919037139974535 ], [ 343863.685836874821689, 5055645.594514724798501 ], [ 343856.251181877858471, 5055670.693489361554384 ], [ 343850.140294655517209, 5055696.147166503593326 ], [ 343845.36992472485872, 5055721.885779392905533 ], [ 343841.953147338295821, 5055747.838780279271305 ], [ 343839.899327645136509, 5055773.935033790767193 ], [ 343839.214095022412948, 5055800.103011912666261 ], [ 343839.899327645136509, 5055826.27099003456533 ], [ 343841.953147338295821, 5055852.367243546061218 ], [ 343845.36992472485872, 5055878.320244432426989 ], [ 343850.140294655517209, 5055904.058857321739197 ], [ 343856.251181877858471, 5055929.512534463778138 ], [ 343863.685836874821689, 5055954.611509100534022 ], [ 343872.423881773836911, 5055979.286986685357988 ], [ 343882.441366201092023, 5056003.471333450637758 ], [ 343893.710832928249147, 5056027.098261782899499 ], [ 343906.201393130177166, 5056050.103011912666261 ], [ 343919.878811049682554, 5056072.422529419884086 ], [ 343934.705597834952641, 5056093.995638058520854 ], [ 343950.641114293946885, 5056114.763207437470555 ], [ 343967.641682283720002, 5056134.668315092101693 ], [ 343985.660704429144971, 5056153.656402505934238 ], [ 344004.648791842977516, 5056171.675424651242793 ], [ 344024.553899497492239, 5056188.675992641597986 ], [ 344045.321468876150902, 5056204.611509100534022 ], [ 344066.894577514904086, 5056219.438295884989202 ], [ 344089.214095022412948, 5056233.115713804960251 ], [ 344112.218845152645372, 5056245.60627400688827 ], [ 344135.845773484499659, 5056256.875740733928978 ], [ 344160.030120249779429, 5056266.893225161358714 ], [ 344184.705597834952641, 5056275.631270060315728 ], [ 344209.804572471126448, 5056283.065925057046115 ], [ 344235.258249613514636, 5056289.176812279969454 ], [ 344260.996862502302974, 5056293.947182210162282 ], [ 344286.949863388610538, 5056297.36395959649235 ], [ 344313.046116900921334, 5056299.417779290117323 ], [ 344339.214095022412948, 5056300.103011912666261 ], [ 344365.382073143904563, 5056299.417779290117323 ], [ 344391.478326656215359, 5056297.36395959649235 ], [ 344417.431327542522922, 5056293.947182210162282 ], [ 344443.169940431311261, 5056289.176812279969454 ], [ 344468.623617573699448, 5056283.065925057046115 ], [ 344493.722592209873255, 5056275.631270060315728 ], [ 344518.398069795046467, 5056266.893225161358714 ], [ 344542.582416560326237, 5056256.875740733928978 ], [ 344566.209344892180525, 5056245.60627400688827 ], [ 344589.214095022412948, 5056233.115713804960251 ], [ 344611.533612529921811, 5056219.438295884989202 ], [ 344633.106721168674994, 5056204.611509100534022 ], [ 344653.874290547333658, 5056188.675992641597986 ], [ 344673.77939820184838, 5056171.675424651242793 ], [ 344692.767485615680926, 5056153.656402505934238 ], [ 344710.786507761105895, 5056134.668315092101693 ], [ 344727.787075750879012, 5056114.763207437470555 ], [ 344743.722592209873255, 5056093.995638058520854 ], [ 344758.549378995143343, 5056072.422529419884086 ], [ 344772.22679691464873, 5056050.103011912666261 ], [ 344784.71735711657675, 5056027.098261782899499 ], [ 344795.986823843733873, 5056003.471333450637758 ], [ 344806.004308270988986, 5055979.286986685357988 ], [ 344814.742353170004208, 5055954.611509100534022 ], [ 344822.177008166967425, 5055929.512534463778138 ], [ 344828.287895389308687, 5055904.058857321739197 ], [ 344833.058265319967177, 5055878.320244432426989 ], [ 344836.475042706530076, 5055852.367243546061218 ], [ 344838.528862399689388, 5055826.27099003456533 ], [ 344839.214095022412948, 5055800.103011912666261 ] ] ] } },
{ "type": "Feature", "properties": { "site": 25, "transect": 25.4 }, "geometry": { "type": "Polygon", "coordinates": [ [ [ 344518.757711793296039, 5055518.245806044898927 ], [ 344518.072479170572478, 5055492.077827922999859 ], [ 344516.018659477413166, 5055465.981574411503971 ], [ 344512.601882090850268, 5055440.028573525138199 ], [ 344507.831512160191778, 5055414.289960635825992 ], [ 344501.720624937850516, 5055388.83628349378705 ], [ 344494.285969940887298, 5055363.737308857031167 ], [ 344485.547925041872077, 5055339.061831272207201 ], [ 344475.530440614616964, 5055314.877484506927431 ], [ 344464.260973887459841, 5055291.250556174665689 ], [ 344451.770413685531821, 5055268.245806044898927 ], [ 344438.092995766026434, 5055245.926288537681103 ], [ 344423.266208980756346, 5055224.353179899044335 ], [ 344407.330692521762103, 5055203.585610520094633 ], [ 344390.330124531988986, 5055183.680502865463495 ], [ 344372.311102386564016, 5055164.69241545163095 ], [ 344353.323014972731471, 5055146.673393306322396 ], [ 344333.417907318216749, 5055129.672825315967202 ], [ 344312.650337939558085, 5055113.737308857031167 ], [ 344291.077229300804902, 5055098.910522072575986 ], [ 344268.757711793296039, 5055085.233104152604938 ], [ 344245.752961663063616, 5055072.742543950676918 ], [ 344222.126033331209328, 5055061.47307722363621 ], [ 344197.941686565929558, 5055051.455592796206474 ], [ 344173.266208980756346, 5055042.71754789724946 ], [ 344148.167234344582539, 5055035.282892900519073 ], [ 344122.713557202194352, 5055029.172005677595735 ], [ 344096.974944313406013, 5055024.401635747402906 ], [ 344071.021943427098449, 5055020.984858361072838 ], [ 344044.925689914787654, 5055018.931038667447865 ], [ 344018.757711793296039, 5055018.245806044898927 ], [ 343992.589733671804424, 5055018.931038667447865 ], [ 343966.493480159493629, 5055020.984858361072838 ], [ 343940.540479273186065, 5055024.401635747402906 ], [ 343914.801866384397727, 5055029.172005677595735 ], [ 343889.348189242009539, 5055035.282892900519073 ], [ 343864.249214605835732, 5055042.71754789724946 ], [ 343839.57373702066252, 5055051.455592796206474 ], [ 343815.38939025538275, 5055061.47307722363621 ], [ 343791.762461923528463, 5055072.742543950676918 ], [ 343768.757711793296039, 5055085.233104152604938 ], [ 343746.438194285787176, 5055098.910522072575986 ], [ 343724.865085647033993, 5055113.737308857031167 ], [ 343704.09751626837533, 5055129.672825315967202 ], [ 343684.192408613860607, 5055146.673393306322396 ], [ 343665.204321200028062, 5055164.69241545163095 ], [ 343647.185299054603092, 5055183.680502865463495 ], [ 343630.184731064829975, 5055203.585610520094633 ], [ 343614.249214605835732, 5055224.353179899044335 ], [ 343599.422427820565645, 5055245.926288537681103 ], [ 343585.745009901060257, 5055268.245806044898927 ], [ 343573.254449699132238, 5055291.250556174665689 ], [ 343561.984982971975114, 5055314.877484506927431 ], [ 343551.967498544720002, 5055339.061831272207201 ], [ 343543.22945364570478, 5055363.737308857031167 ], [ 343535.794798648741562, 5055388.83628349378705 ], [ 343529.6839114264003, 5055414.289960635825992 ], [ 343524.913541495741811, 5055440.028573525138199 ], [ 343521.496764109178912, 5055465.981574411503971 ], [ 343519.4429444160196, 5055492.077827922999859 ], [ 343518.757711793296039, 5055518.245806044898927 ], [ 343519.4429444160196, 5055544.413784166797996 ], [ 343521.496764109178912, 5055570.510037678293884 ], [ 343524.913541495741811, 5055596.463038564659655 ], [ 343529.6839114264003, 5055622.201651453971863 ], [ 343535.794798648741562, 5055647.655328596010804 ], [ 343543.22945364570478, 5055672.754303232766688 ], [ 343551.967498544720002, 5055697.429780817590654 ], [ 343561.984982971975114, 5055721.614127582870424 ], [ 343573.254449699132238, 5055745.241055915132165 ], [ 343585.745009901060257, 5055768.245806044898927 ], [ 343599.422427820565645, 5055790.565323552116752 ], [ 343614.249214605835732, 5055812.13843219075352 ], [ 343630.184731064829975, 5055832.906001569703221 ], [ 343647.185299054603092, 5055852.811109224334359 ], [ 343665.204321200028062, 5055871.799196638166904 ], [ 343684.192408613860607, 5055889.818218783475459 ], [ 343704.09751626837533, 5055906.818786773830652 ], [ 343724.865085647033993, 5055922.754303232766688 ], [ 343746.438194285787176, 5055937.581090017221868 ], [ 343768.757711793296039, 5055951.258507937192917 ], [ 343791.762461923528463, 5055963.749068139120936 ], [ 343815.38939025538275, 5055975.018534866161644 ], [ 343839.57373702066252, 5055985.03601929359138 ], [ 343864.249214605835732, 5055993.774064192548394 ], [ 343889.348189242009539, 5056001.208719189278781 ], [ 343914.801866384397727, 5056007.31960641220212 ], [ 343940.540479273186065, 5056012.089976342394948 ], [ 343966.493480159493629, 5056015.506753728725016 ], [ 343992.589733671804424, 5056017.560573422349989 ], [ 344018.757711793296039, 5056018.245806044898927 ], [ 344044.925689914787654, 5056017.560573422349989 ], [ 344071.021943427098449, 5056015.506753728725016 ], [ 344096.974944313406013, 5056012.089976342394948 ], [ 344122.713557202194352, 5056007.31960641220212 ], [ 344148.167234344582539, 5056001.208719189278781 ], [ 344173.266208980756346, 5055993.774064192548394 ], [ 344197.941686565929558, 5055985.03601929359138 ], [ 344222.126033331209328, 5055975.018534866161644 ], [ 344245.752961663063616, 5055963.749068139120936 ], [ 344268.757711793296039, 5055951.258507937192917 ], [ 344291.077229300804902, 5055937.581090017221868 ], [ 344312.650337939558085, 5055922.754303232766688 ], [ 344333.417907318216749, 5055906.818786773830652 ], [ 344353.323014972731471, 5055889.818218783475459 ], [ 344372.311102386564016, 5055871.799196638166904 ], [ 344390.330124531988986, 5055852.811109224334359 ], [ 344407.330692521762103, 5055832.906001569703221 ], [ 344423.266208980756346, 5055812.13843219075352 ], [ 344438.092995766026434, 5055790.565323552116752 ], [ 344451.770413685531821, 5055768.245806044898927 ], [ 344464.260973887459841, 5055745.241055915132165 ], [ 344475.530440614616964, 5055721.614127582870424 ], [ 344485.547925041872077, 5055697.429780817590654 ], [ 344494.285969940887298, 5055672.754303232766688 ], [ 344501.720624937850516, 5055647.655328596010804 ], [ 344507.831512160191778, 5055622.201651453971863 ], [ 344512.601882090850268, 5055596.463038564659655 ], [ 344516.018659477413166, 5055570.510037678293884 ], [ 344518.072479170572478, 5055544.413784166797996 ], [ 344518.757711793296039, 5055518.245806044898927 ] ] ] } },
{ "type": "Feature", "properties": { "site": 25, "transect": 25.5 }, "geometry": { "type": "Polygon", "coordinates": [ [ [ 344518.757711793296039, 5055518.245806044898927 ], [ 344518.072479170572478, 5055492.077827922999859 ], [ 344516.018659477413166, 5055465.981574411503971 ], [ 344512.601882090850268, 5055440.028573525138199 ], [ 344507.831512160191778, 5055414.289960635825992 ], [ 344501.720624937850516, 5055388.83628349378705 ], [ 344494.285969940887298, 5055363.737308857031167 ], [ 344485.547925041872077, 5055339.061831272207201 ], [ 344475.530440614616964, 5055314.877484506927431 ], [ 344464.260973887459841, 5055291.250556174665689 ], [ 344451.770413685531821, 5055268.245806044898927 ], [ 344438.092995766026434, 5055245.926288537681103 ], [ 344423.266208980756346, 5055224.353179899044335 ], [ 344407.330692521762103, 5055203.585610520094633 ], [ 344390.330124531988986, 5055183.680502865463495 ], [ 344372.311102386564016, 5055164.69241545163095 ], [ 344353.323014972731471, 5055146.673393306322396 ], [ 344333.417907318216749, 5055129.672825315967202 ], [ 344312.650337939558085, 5055113.737308857031167 ], [ 344291.077229300804902, 5055098.910522072575986 ], [ 344268.757711793296039, 5055085.233104152604938 ], [ 344245.752961663063616, 5055072.742543950676918 ], [ 344222.126033331209328, 5055061.47307722363621 ], [ 344197.941686565929558, 5055051.455592796206474 ], [ 344173.266208980756346, 5055042.71754789724946 ], [ 344148.167234344582539, 5055035.282892900519073 ], [ 344122.713557202194352, 5055029.172005677595735 ], [ 344096.974944313406013, 5055024.401635747402906 ], [ 344071.021943427098449, 5055020.984858361072838 ], [ 344044.925689914787654, 5055018.931038667447865 ], [ 344018.757711793296039, 5055018.245806044898927 ], [ 343992.589733671804424, 5055018.931038667447865 ], [ 343966.493480159493629, 5055020.984858361072838 ], [ 343940.540479273186065, 5055024.401635747402906 ], [ 343914.801866384397727, 5055029.172005677595735 ], [ 343889.348189242009539, 5055035.282892900519073 ], [ 343864.249214605835732, 5055042.71754789724946 ], [ 343839.57373702066252, 5055051.455592796206474 ], [ 343815.38939025538275, 5055061.47307722363621 ], [ 343791.762461923528463, 5055072.742543950676918 ], [ 343768.757711793296039, 5055085.233104152604938 ], [ 343746.438194285787176, 5055098.910522072575986 ], [ 343724.865085647033993, 5055113.737308857031167 ], [ 343704.09751626837533, 5055129.672825315967202 ], [ 343684.192408613860607, 5055146.673393306322396 ], [ 343665.204321200028062, 5055164.69241545163095 ], [ 343647.185299054603092, 5055183.680502865463495 ], [ 343630.184731064829975, 5055203.585610520094633 ], [ 343614.249214605835732, 5055224.353179899044335 ], [ 343599.422427820565645, 5055245.926288537681103 ], [ 343585.745009901060257, 5055268.245806044898927 ], [ 343573.254449699132238, 5055291.250556174665689 ], [ 343561.984982971975114, 5055314.877484506927431 ], [ 343551.967498544720002, 5055339.061831272207201 ], [ 343543.22945364570478, 5055363.737308857031167 ], [ 343535.794798648741562, 5055388.83628349378705 ], [ 343529.6839114264003, 5055414.289960635825992 ], [ 343524.913541495741811, 5055440.028573525138199 ], [ 343521.496764109178912, 5055465.981574411503971 ], [ 343519.4429444160196, 5055492.077827922999859 ], [ 343518.757711793296039, 5055518.245806044898927 ], [ 343519.4429444160196, 5055544.413784166797996 ], [ 343521.496764109178912, 5055570.510037678293884 ], [ 343524.913541495741811, 5055596.463038564659655 ], [ 343529.6839114264003, 5055622.201651453971863 ], [ 343535.794798648741562, 5055647.655328596010804 ], [ 343543.22945364570478, 5055672.754303232766688 ], [ 343551.967498544720002, 5055697.429780817590654 ], [ 343561.984982971975114, 5055721.614127582870424 ], [ 343573.254449699132238, 5055745.241055915132165 ], [ 343585.745009901060257, 5055768.245806044898927 ], [ 343599.422427820565645, 5055790.565323552116752 ], [ 343614.249214605835732, 5055812.13843219075352 ], [ 343630.184731064829975, 5055832.906001569703221 ], [ 343647.185299054603092, 5055852.811109224334359 ], [ 343665.204321200028062, 5055871.799196638166904 ], [ 343684.192408613860607, 5055889.818218783475459 ], [ 343704.09751626837533, 5055906.818786773830652 ], [ 343724.865085647033993, 5055922.754303232766688 ], [ 343746.438194285787176, 5055937.581090017221868 ], [ 343768.757711793296039, 5055951.258507937192917 ], [ 343791.762461923528463, 5055963.749068139120936 ], [ 343815.38939025538275, 5055975.018534866161644 ], [ 343839.57373702066252, 5055985.03601929359138 ], [ 343864.249214605835732, 5055993.774064192548394 ], [ 343889.348189242009539, 5056001.208719189278781 ], [ 343914.801866384397727, 5056007.31960641220212 ], [ 343940.540479273186065, 5056012.089976342394948 ], [ 343966.493480159493629, 5056015.506753728725016 ], [ 343992.589733671804424, 5056017.560573422349989 ], [ 344018.757711793296039, 5056018.245806044898927 ], [ 344044.925689914787654, 5056017.560573422349989 ], [ 344071.021943427098449, 5056015.506753728725016 ], [ 344096.974944313406013, 5056012.089976342394948 ], [ 344122.713557202194352, 5056007.31960641220212 ], [ 344148.167234344582539, 5056001.208719189278781 ], [ 344173.266208980756346, 5055993.774064192548394 ], [ 344197.941686565929558, 5055985.03601929359138 ], [ 344222.126033331209328, 5055975.018534866161644 ], [ 344245.752961663063616, 5055963.749068139120936 ], [ 344268.757711793296039, 5055951.258507937192917 ], [ 344291.077229300804902, 5055937.581090017221868 ], [ 344312.650337939558085, 5055922.754303232766688 ], [ 344333.417907318216749, 5055906.818786773830652 ], [ 344353.323014972731471, 5055889.818218783475459 ], [ 344372.311102386564016, 5055871.799196638166904 ], [ 344390.330124531988986, 5055852.811109224334359 ], [ 344407.330692521762103, 5055832.906001569703221 ], [ 344423.266208980756346, 5055812.13843219075352 ], [ 344438.092995766026434, 5055790.565323552116752 ], [ 344451.770413685531821, 5055768.245806044898927 ], [ 344464.260973887459841, 5055745.241055915132165 ], [ 344475.530440614616964, 5055721.614127582870424 ], [ 344485.547925041872077, 5055697.429780817590654 ], [ 344494.285969940887298, 5055672.754303232766688 ], [ 344501.720624937850516, 5055647.655328596010804 ], [ 344507.831512160191778, 5055622.201651453971863 ], [ 344512.601882090850268, 5055596.463038564659655 ], [ 344516.018659477413166, 5055570.510037678293884 ], [ 344518.072479170572478, 5055544.413784166797996 ], [ 344518.757711793296039, 5055518.245806044898927 ] ] ] } },
{ "type": "Feature", "properties": { "site": 25, "transect": 25.6 }, "geometry": { "type": "Polygon", "coordinates": [ [ [ 344543.318975765956566, 5055491.65127931162715 ], [ 344542.633743143233005, 5055465.483301189728081 ], [ 344540.579923450073693, 5055439.387047678232193 ], [ 344537.163146063510794, 5055413.434046791866422 ], [ 344532.392776132852305, 5055387.695433902554214 ], [ 344526.281888910511043, 5055362.241756760515273 ], [ 344518.847233913547825, 5055337.142782123759389 ], [ 344510.109189014532603, 5055312.467304538935423 ], [ 344500.091704587277491, 5055288.282957773655653 ], [ 344488.822237860120367, 5055264.656029441393912 ], [ 344476.331677658192348, 5055241.65127931162715 ], [ 344462.65425973868696, 5055219.331761804409325 ], [ 344447.827472953416873, 5055197.758653165772557 ], [ 344431.891956494422629, 5055176.991083786822855 ], [ 344414.891388504649512, 5055157.085976132191718 ], [ 344396.872366359224543, 5055138.097888718359172 ], [ 344377.884278945391998, 5055120.078866573050618 ], [ 344357.979171290877275, 5055103.078298582695425 ], [ 344337.211601912218612, 5055087.142782123759389 ], [ 344315.638493273465429, 5055072.315995339304209 ], [ 344293.318975765956566, 5055058.63857741933316 ], [ 344270.314225635724142, 5055046.14801721740514 ], [ 344246.687297303869855, 5055034.878550490364432 ], [ 344222.502950538590085, 5055024.861066062934697 ], [ 344197.827472953416873, 5055016.123021163977683 ], [ 344172.728498317243066, 5055008.688366167247295 ], [ 344147.274821174854878, 5055002.577478944323957 ], [ 344121.53620828606654, 5054997.807109014131129 ], [ 344095.583207399758976, 5054994.390331627801061 ], [ 344069.48695388744818, 5054992.336511934176087 ], [ 344043.318975765956566, 5054991.65127931162715 ], [ 344017.150997644464951, 5054992.336511934176087 ], [ 343991.054744132154156, 5054994.390331627801061 ], [ 343965.101743245846592, 5054997.807109014131129 ], [ 343939.363130357058253, 5055002.577478944323957 ], [ 343913.909453214670066, 5055008.688366167247295 ], [ 343888.810478578496259, 5055016.123021163977683 ], [ 343864.135000993323047, 5055024.861066062934697 ], [ 343839.950654228043277, 5055034.878550490364432 ], [ 343816.323725896188989, 5055046.14801721740514 ], [ 343793.318975765956566, 5055058.63857741933316 ], [ 343770.999458258447703, 5055072.315995339304209 ], [ 343749.42634961969452, 5055087.142782123759389 ], [ 343728.658780241035856, 5055103.078298582695425 ], [ 343708.753672586521134, 5055120.078866573050618 ], [ 343689.765585172688589, 5055138.097888718359172 ], [ 343671.746563027263619, 5055157.085976132191718 ], [ 343654.745995037490502, 5055176.991083786822855 ], [ 343638.810478578496259, 5055197.758653165772557 ], [ 343623.983691793226171, 5055219.331761804409325 ], [ 343610.306273873720784, 5055241.65127931162715 ], [ 343597.815713671792764, 5055264.656029441393912 ], [ 343586.546246944635641, 5055288.282957773655653 ], [ 343576.528762517380528, 5055312.467304538935423 ], [ 343567.790717618365306, 5055337.142782123759389 ], [ 343560.356062621402089, 5055362.241756760515273 ], [ 343554.245175399060827, 5055387.695433902554214 ], [ 343549.474805468402337, 5055413.434046791866422 ], [ 343546.058028081839439, 5055439.387047678232193 ], [ 343544.004208388680127, 5055465.483301189728081 ], [ 343543.318975765956566, 5055491.65127931162715 ], [ 343544.004208388680127, 5055517.819257433526218 ], [ 343546.058028081839439, 5055543.915510945022106 ], [ 343549.474805468402337, 5055569.868511831387877 ], [ 343554.245175399060827, 5055595.607124720700085 ], [ 343560.356062621402089, 5055621.060801862739027 ], [ 343567.790717618365306, 5055646.15977649949491 ], [ 343576.528762517380528, 5055670.835254084318876 ], [ 343586.546246944635641, 5055695.019600849598646 ], [ 343597.815713671792764, 5055718.646529181860387 ], [ 343610.306273873720784, 5055741.65127931162715 ], [ 343623.983691793226171, 5055763.970796818844974 ], [ 343638.810478578496259, 5055785.543905457481742 ], [ 343654.745995037490502, 5055806.311474836431444 ], [ 343671.746563027263619, 5055826.216582491062582 ], [ 343689.765585172688589, 5055845.204669904895127 ], [ 343708.753672586521134, 5055863.223692050203681 ], [ 343728.658780241035856, 5055880.224260040558875 ], [ 343749.42634961969452, 5055896.15977649949491 ], [ 343770.999458258447703, 5055910.98656328395009 ], [ 343793.318975765956566, 5055924.663981203921139 ], [ 343816.323725896188989, 5055937.154541405849159 ], [ 343839.950654228043277, 5055948.424008132889867 ], [ 343864.135000993323047, 5055958.441492560319602 ], [ 343888.810478578496259, 5055967.179537459276617 ], [ 343913.909453214670066, 5055974.614192456007004 ], [ 343939.363130357058253, 5055980.725079678930342 ], [ 343965.101743245846592, 5055985.49544960912317 ], [ 343991.054744132154156, 5055988.912226995453238 ], [ 344017.150997644464951, 5055990.966046689078212 ], [ 344043.318975765956566, 5055991.65127931162715 ], [ 344069.48695388744818, 5055990.966046689078212 ], [ 344095.583207399758976, 5055988.912226995453238 ], [ 344121.53620828606654, 5055985.49544960912317 ], [ 344147.274821174854878, 5055980.725079678930342 ], [ 344172.728498317243066, 5055974.614192456007004 ], [ 344197.827472953416873, 5055967.179537459276617 ], [ 344222.502950538590085, 5055958.441492560319602 ], [ 344246.687297303869855, 5055948.424008132889867 ], [ 344270.314225635724142, 5055937.154541405849159 ], [ 344293.318975765956566, 5055924.663981203921139 ], [ 344315.638493273465429, 5055910.98656328395009 ], [ 344337.211601912218612, 5055896.15977649949491 ], [ 344357.979171290877275, 5055880.224260040558875 ], [ 344377.884278945391998, 5055863.223692050203681 ], [ 344396.872366359224543, 5055845.204669904895127 ], [ 344414.891388504649512, 5055826.216582491062582 ], [ 344431.891956494422629, 5055806.311474836431444 ], [ 344447.827472953416873, 5055785.543905457481742 ], [ 344462.65425973868696, 5055763.970796818844974 ], [ 344476.331677658192348, 5055741.65127931162715 ], [ 344488.822237860120367, 5055718.646529181860387 ], [ 344500.091704587277491, 5055695.019600849598646 ], [ 344510.109189014532603, 5055670.835254084318876 ], [ 344518.847233913547825, 5055646.15977649949491 ], [ 344526.281888910511043, 5055621.060801862739027 ], [ 344532.392776132852305, 5055595.607124720700085 ], [ 344537.163146063510794, 5055569.868511831387877 ], [ 344540.579923450073693, 5055543.915510945022106 ], [ 344542.633743143233005, 5055517.819257433526218 ], [ 344543.318975765956566, 5055491.65127931162715 ] ] ] } },
{ "type": "Feature", "properties": { "site": 25, "transect": 25.7 }, "geometry": { "type": "Polygon", "coordinates": [ [ [ 344543.318975765956566, 5055491.65127931162715 ], [ 344542.633743143233005, 5055465.483301189728081 ], [ 344540.579923450073693, 5055439.387047678232193 ], [ 344537.163146063510794, 5055413.434046791866422 ], [ 344532.392776132852305, 5055387.695433902554214 ], [ 344526.281888910511043, 5055362.241756760515273 ], [ 344518.847233913547825, 5055337.142782123759389 ], [ 344510.109189014532603, 5055312.467304538935423 ], [ 344500.091704587277491, 5055288.282957773655653 ], [ 344488.822237860120367, 5055264.656029441393912 ], [ 344476.331677658192348, 5055241.65127931162715 ], [ 344462.65425973868696, 5055219.331761804409325 ], [ 344447.827472953416873, 5055197.758653165772557 ], [ 344431.891956494422629, 5055176.991083786822855 ], [ 344414.891388504649512, 5055157.085976132191718 ], [ 344396.872366359224543, 5055138.097888718359172 ], [ 344377.884278945391998, 5055120.078866573050618 ], [ 344357.979171290877275, 5055103.078298582695425 ], [ 344337.211601912218612, 5055087.142782123759389 ], [ 344315.638493273465429, 5055072.315995339304209 ], [ 344293.318975765956566, 5055058.63857741933316 ], [ 344270.314225635724142, 5055046.14801721740514 ], [ 344246.687297303869855, 5055034.878550490364432 ], [ 344222.502950538590085, 5055024.861066062934697 ], [ 344197.827472953416873, 5055016.123021163977683 ], [ 344172.728498317243066, 5055008.688366167247295 ], [ 344147.274821174854878, 5055002.577478944323957 ], [ 344121.53620828606654, 5054997.807109014131129 ], [ 344095.583207399758976, 5054994.390331627801061 ], [ 344069.48695388744818, 5054992.336511934176087 ], [ 344043.318975765956566, 5054991.65127931162715 ], [ 344017.150997644464951, 5054992.336511934176087 ], [ 343991.054744132154156, 5054994.390331627801061 ], [ 343965.101743245846592, 5054997.807109014131129 ], [ 343939.363130357058253, 5055002.577478944323957 ], [ 343913.909453214670066, 5055008.688366167247295 ], [ 343888.810478578496259, 5055016.123021163977683 ], [ 343864.135000993323047, 5055024.861066062934697 ], [ 343839.950654228043277, 5055034.878550490364432 ], [ 343816.323725896188989, 5055046.14801721740514 ], [ 343793.318975765956566, 5055058.63857741933316 ], [ 343770.999458258447703, 5055072.315995339304209 ], [ 343749.42634961969452, 5055087.142782123759389 ], [ 343728.658780241035856, 5055103.078298582695425 ], [ 343708.753672586521134, 5055120.078866573050618 ], [ 343689.765585172688589, 5055138.097888718359172 ], [ 343671.746563027263619, 5055157.085976132191718 ], [ 343654.745995037490502, 5055176.991083786822855 ], [ 343638.810478578496259, 5055197.758653165772557 ], [ 343623.983691793226171, 5055219.331761804409325 ], [ 343610.306273873720784, 5055241.65127931162715 ], [ 343597.815713671792764, 5055264.656029441393912 ], [ 343586.546246944635641, 5055288.282957773655653 ], [ 343576.528762517380528, 5055312.467304538935423 ], [ 343567.790717618365306, 5055337.142782123759389 ], [ 343560.356062621402089, 5055362.241756760515273 ], [ 343554.245175399060827, 5055387.695433902554214 ], [ 343549.474805468402337, 5055413.434046791866422 ], [ 343546.058028081839439, 5055439.387047678232193 ], [ 343544.004208388680127, 5055465.483301189728081 ], [ 343543.318975765956566, 5055491.65127931162715 ], [ 343544.004208388680127, 5055517.819257433526218 ], [ 343546.058028081839439, 5055543.915510945022106 ], [ 343549.474805468402337, 5055569.868511831387877 ], [ 343554.245175399060827, 5055595.607124720700085 ], [ 343560.356062621402089, 5055621.060801862739027 ], [ 343567.790717618365306, 5055646.15977649949491 ], [ 343576.528762517380528, 5055670.835254084318876 ], [ 343586.546246944635641, 5055695.019600849598646 ], [ 343597.815713671792764, 5055718.646529181860387 ], [ 343610.306273873720784, 5055741.65127931162715 ], [ 343623.983691793226171, 5055763.970796818844974 ], [ 343638.810478578496259, 5055785.543905457481742 ], [ 343654.745995037490502, 5055806.311474836431444 ], [ 343671.746563027263619, 5055826.216582491062582 ], [ 343689.765585172688589, 5055845.204669904895127 ], [ 343708.753672586521134, 5055863.223692050203681 ], [ 343728.658780241035856, 5055880.224260040558875 ], [ 343749.42634961969452, 5055896.15977649949491 ], [ 343770.999458258447703, 5055910.98656328395009 ], [ 343793.318975765956566, 5055924.663981203921139 ], [ 343816.323725896188989, 5055937.154541405849159 ], [ 343839.950654228043277, 5055948.424008132889867 ], [ 343864.135000993323047, 5055958.441492560319602 ], [ 343888.810478578496259, 5055967.179537459276617 ], [ 343913.909453214670066, 5055974.614192456007004 ], [ 343939.363130357058253, 5055980.725079678930342 ], [ 343965.101743245846592, 5055985.49544960912317 ], [ 343991.054744132154156, 5055988.912226995453238 ], [ 344017.150997644464951, 5055990.966046689078212 ], [ 344043.318975765956566, 5055991.65127931162715 ], [ 344069.48695388744818, 5055990.966046689078212 ], [ 344095.583207399758976, 5055988.912226995453238 ], [ 344121.53620828606654, 5055985.49544960912317 ], [ 344147.274821174854878, 5055980.725079678930342 ], [ 344172.728498317243066, 5055974.614192456007004 ], [ 344197.827472953416873, 5055967.179537459276617 ], [ 344222.502950538590085, 5055958.441492560319602 ], [ 344246.687297303869855, 5055948.424008132889867 ], [ 344270.314225635724142, 5055937.154541405849159 ], [ 344293.318975765956566, 5055924.663981203921139 ], [ 344315.638493273465429, 5055910.98656328395009 ], [ 344337.211601912218612, 5055896.15977649949491 ], [ 344357.979171290877275, 5055880.224260040558875 ], [ 344377.884278945391998, 5055863.223692050203681 ], [ 344396.872366359224543, 5055845.204669904895127 ], [ 344414.891388504649512, 5055826.216582491062582 ], [ 344431.891956494422629, 5055806.311474836431444 ], [ 344447.827472953416873, 5055785.543905457481742 ], [ 344462.65425973868696, 5055763.970796818844974 ], [ 344476.331677658192348, 5055741.65127931162715 ], [ 344488.822237860120367, 5055718.646529181860387 ], [ 344500.091704587277491, 5055695.019600849598646 ], [ 344510.109189014532603, 5055670.835254084318876 ], [ 344518.847233913547825, 5055646.15977649949491 ], [ 344526.281888910511043, 5055621.060801862739027 ], [ 344532.392776132852305, 5055595.607124720700085 ], [ 344537.163146063510794, 5055569.868511831387877 ], [ 344540.579923450073693, 5055543.915510945022106 ], [ 344542.633743143233005, 5055517.819257433526218 ], [ 344543.318975765956566, 5055491.65127931162715 ] ] ] } },
{ "type": "Feature", "properties": { "site": 26, "transect": 26.1 }, "geometry": { "type": "Polygon", "coordinates": [ [ [ 476671.350824788387399, 5048499.694541798904538 ], [ 476670.665592165663838, 5048473.52656367700547 ], [ 476668.611772472504526, 5048447.430310165509582 ], [ 476665.194995085941628, 5048421.47730927914381 ], [ 476660.424625155283138, 5048395.738696389831603 ], [ 476654.313737932941876, 5048370.285019247792661 ], [ 476646.879082935978658, 5048345.186044611036777 ], [ 476638.141038036963437, 5048320.510567026212811 ], [ 476628.123553609708324, 5048296.326220260933042 ], [ 476616.854086882551201, 5048272.6992919286713 ], [ 476604.363526680623181, 5048249.694541798904538 ], [ 476590.686108761117794, 5048227.375024291686714 ], [ 476575.859321975847706, 5048205.801915653049946 ], [ 476559.923805516853463, 5048185.034346274100244 ], [ 476542.923237527080346, 5048165.129238619469106 ], [ 476524.904215381655376, 5048146.141151205636561 ], [ 476505.916127967822831, 5048128.122129060328007 ], [ 476486.011020313308109, 5048111.121561069972813 ], [ 476465.243450934649445, 5048095.186044611036777 ], [ 476443.670342295896262, 5048080.359257826581597 ], [ 476421.350824788387399, 5048066.681839906610548 ], [ 476398.346074658154976, 5048054.191279704682529 ], [ 476374.719146326300688, 5048042.921812977641821 ], [ 476350.534799561020918, 5048032.904328550212085 ], [ 476325.859321975847706, 5048024.166283651255071 ], [ 476300.760347339673899, 5048016.731628654524684 ], [ 476275.306670197285712, 5048010.620741431601346 ], [ 476249.568057308497373, 5048005.850371501408517 ], [ 476223.615056422189809, 5048002.433594115078449 ], [ 476197.518802909879014, 5048000.379774421453476 ], [ 476171.350824788387399, 5047999.694541798904538 ], [ 476145.182846666895784, 5048000.379774421453476 ], [ 476119.086593154584989, 5048002.433594115078449 ], [ 476093.133592268277425, 5048005.850371501408517 ], [ 476067.394979379489087, 5048010.620741431601346 ], [ 476041.941302237100899, 5048016.731628654524684 ], [ 476016.842327600927092, 5048024.166283651255071 ], [ 475992.16685001575388, 5048032.904328550212085 ], [ 475967.98250325047411, 5048042.921812977641821 ], [ 475944.355574918619823, 5048054.191279704682529 ], [ 475921.350824788387399, 5048066.681839906610548 ], [ 475899.031307280878536, 5048080.359257826581597 ], [ 475877.458198642125353, 5048095.186044611036777 ], [ 475856.69062926346669, 5048111.121561069972813 ], [ 475836.785521608951967, 5048128.122129060328007 ], [ 475817.797434195119422, 5048146.141151205636561 ], [ 475799.778412049694452, 5048165.129238619469106 ], [ 475782.777844059921335, 5048185.034346274100244 ], [ 475766.842327600927092, 5048205.801915653049946 ], [ 475752.015540815657005, 5048227.375024291686714 ], [ 475738.338122896151617, 5048249.694541798904538 ], [ 475725.847562694223598, 5048272.6992919286713 ], [ 475714.578095967066474, 5048296.326220260933042 ], [ 475704.560611539811362, 5048320.510567026212811 ], [ 475695.82256664079614, 5048345.186044611036777 ], [ 475688.387911643832922, 5048370.285019247792661 ], [ 475682.27702442149166, 5048395.738696389831603 ], [ 475677.506654490833171, 5048421.47730927914381 ], [ 475674.089877104270272, 5048447.430310165509582 ], [ 475672.03605741111096, 5048473.52656367700547 ], [ 475671.350824788387399, 5048499.694541798904538 ], [ 475672.03605741111096, 5048525.862519920803607 ], [ 475674.089877104270272, 5048551.958773432299495 ], [ 475677.506654490833171, 5048577.911774318665266 ], [ 475682.27702442149166, 5048603.650387207977474 ], [ 475688.387911643832922, 5048629.104064350016415 ], [ 475695.82256664079614, 5048654.203038986772299 ], [ 475704.560611539811362, 5048678.878516571596265 ], [ 475714.578095967066474, 5048703.062863336876035 ], [ 475725.847562694223598, 5048726.689791669137776 ], [ 475738.338122896151617, 5048749.694541798904538 ], [ 475752.015540815657005, 5048772.014059306122363 ], [ 475766.842327600927092, 5048793.58716794475913 ], [ 475782.777844059921335, 5048814.354737323708832 ], [ 475799.778412049694452, 5048834.25984497833997 ], [ 475817.797434195119422, 5048853.247932392172515 ], [ 475836.785521608951967, 5048871.26695453748107 ], [ 475856.69062926346669, 5048888.267522527836263 ], [ 475877.458198642125353, 5048904.203038986772299 ], [ 475899.031307280878536, 5048919.029825771227479 ], [ 475921.350824788387399, 5048932.707243691198528 ], [ 475944.355574918619823, 5048945.197803893126547 ], [ 475967.98250325047411, 5048956.467270620167255 ], [ 475992.16685001575388, 5048966.484755047596991 ], [ 476016.842327600927092, 5048975.222799946554005 ], [ 476041.941302237100899, 5048982.657454943284392 ], [ 476067.394979379489087, 5048988.768342166207731 ], [ 476093.133592268277425, 5048993.538712096400559 ], [ 476119.086593154584989, 5048996.955489482730627 ], [ 476145.182846666895784, 5048999.0093091763556 ], [ 476171.350824788387399, 5048999.694541798904538 ], [ 476197.518802909879014, 5048999.0093091763556 ], [ 476223.615056422189809, 5048996.955489482730627 ], [ 476249.568057308497373, 5048993.538712096400559 ], [ 476275.306670197285712, 5048988.768342166207731 ], [ 476300.760347339673899, 5048982.657454943284392 ], [ 476325.859321975847706, 5048975.222799946554005 ], [ 476350.534799561020918, 5048966.484755047596991 ], [ 476374.719146326300688, 5048956.467270620167255 ], [ 476398.346074658154976, 5048945.197803893126547 ], [ 476421.350824788387399, 5048932.707243691198528 ], [ 476443.670342295896262, 5048919.029825771227479 ], [ 476465.243450934649445, 5048904.203038986772299 ], [ 476486.011020313308109, 5048888.267522527836263 ], [ 476505.916127967822831, 5048871.26695453748107 ], [ 476524.904215381655376, 5048853.247932392172515 ], [ 476542.923237527080346, 5048834.25984497833997 ], [ 476559.923805516853463, 5048814.354737323708832 ], [ 476575.859321975847706, 5048793.58716794475913 ], [ 476590.686108761117794, 5048772.014059306122363 ], [ 476604.363526680623181, 5048749.694541798904538 ], [ 476616.854086882551201, 5048726.689791669137776 ], [ 476628.123553609708324, 5048703.062863336876035 ], [ 476638.141038036963437, 5048678.878516571596265 ], [ 476646.879082935978658, 5048654.203038986772299 ], [ 476654.313737932941876, 5048629.104064350016415 ], [ 476660.424625155283138, 5048603.650387207977474 ], [ 476665.194995085941628, 5048577.911774318665266 ], [ 476668.611772472504526, 5048551.958773432299495 ], [ 476670.665592165663838, 5048525.862519920803607 ], [ 476671.350824788387399, 5048499.694541798904538 ] ] ] } },
{ "type": "Feature", "properties": { "site": 26, "transect": 26.2 }, "geometry": { "type": "Polygon", "coordinates": [ [ [ 476548.55990217521321, 5048383.457976358942688 ], [ 476547.87466955248965, 5048357.289998237043619 ], [ 476545.820849859330337, 5048331.193744725547731 ], [ 476542.404072472767439, 5048305.24074383918196 ], [ 476537.633702542108949, 5048279.502130949869752 ], [ 476531.522815319767687, 5048254.048453807830811 ], [ 476524.08816032280447, 5048228.949479171074927 ], [ 476515.350115423789248, 5048204.274001586250961 ], [ 476505.332630996534135, 5048180.089654820971191 ], [ 476494.063164269377012, 5048156.46272648870945 ], [ 476481.572604067448992, 5048133.457976358942688 ], [ 476467.895186147943605, 5048111.138458851724863 ], [ 476453.068399362673517, 5048089.565350213088095 ], [ 476437.132882903679274, 5048068.797780834138393 ], [ 476420.132314913906157, 5048048.892673179507256 ], [ 476402.113292768481188, 5048029.90458576567471 ], [ 476383.125205354648642, 5048011.885563620366156 ], [ 476363.22009770013392, 5047994.884995630010962 ], [ 476342.452528321475256, 5047978.949479171074927 ], [ 476320.879419682722073, 5047964.122692386619747 ], [ 476298.55990217521321, 5047950.445274466648698 ], [ 476275.555152044980787, 5047937.954714264720678 ], [ 476251.928223713126499, 5047926.68524753767997 ], [ 476227.743876947846729, 5047916.667763110250235 ], [ 476203.068399362673517, 5047907.929718211293221 ], [ 476177.96942472649971, 5047900.495063214562833 ], [ 476152.515747584111523, 5047894.384175991639495 ], [ 476126.777134695323184, 5047889.613806061446667 ], [ 476100.82413380901562, 5047886.197028675116599 ], [ 476074.727880296704825, 5047884.143208981491625 ], [ 476048.55990217521321, 5047883.457976358942688 ], [ 476022.391924053721596, 5047884.143208981491625 ], [ 475996.2956705414108, 5047886.197028675116599 ], [ 475970.342669655103236, 5047889.613806061446667 ], [ 475944.604056766314898, 5047894.384175991639495 ], [ 475919.15037962392671, 5047900.495063214562833 ], [ 475894.051404987752903, 5047907.929718211293221 ], [ 475869.375927402579691, 5047916.667763110250235 ], [ 475845.191580637299921, 5047926.68524753767997 ], [ 475821.564652305445634, 5047937.954714264720678 ], [ 475798.55990217521321, 5047950.445274466648698 ], [ 475776.240384667704348, 5047964.122692386619747 ], [ 475754.667276028951164, 5047978.949479171074927 ], [ 475733.899706650292501, 5047994.884995630010962 ], [ 475713.994598995777778, 5048011.885563620366156 ], [ 475695.006511581945233, 5048029.90458576567471 ], [ 475676.987489436520264, 5048048.892673179507256 ], [ 475659.986921446747147, 5048068.797780834138393 ], [ 475644.051404987752903, 5048089.565350213088095 ], [ 475629.224618202482816, 5048111.138458851724863 ], [ 475615.547200282977428, 5048133.457976358942688 ], [ 475603.056640081049409, 5048156.46272648870945 ], [ 475591.787173353892285, 5048180.089654820971191 ], [ 475581.769688926637173, 5048204.274001586250961 ], [ 475573.031644027621951, 5048228.949479171074927 ], [ 475565.596989030658733, 5048254.048453807830811 ], [ 475559.486101808317471, 5048279.502130949869752 ], [ 475554.715731877658982, 5048305.24074383918196 ], [ 475551.298954491096083, 5048331.193744725547731 ], [ 475549.245134797936771, 5048357.289998237043619 ], [ 475548.55990217521321, 5048383.457976358942688 ], [ 475549.245134797936771, 5048409.625954480841756 ], [ 475551.298954491096083, 5048435.722207992337644 ], [ 475554.715731877658982, 5048461.675208878703415 ], [ 475559.486101808317471, 5048487.413821768015623 ], [ 475565.596989030658733, 5048512.867498910054564 ], [ 475573.031644027621951, 5048537.966473546810448 ], [ 475581.769688926637173, 5048562.641951131634414 ], [ 475591.787173353892285, 5048586.826297896914184 ], [ 475603.056640081049409, 5048610.453226229175925 ], [ 475615.547200282977428, 5048633.457976358942688 ], [ 475629.224618202482816, 5048655.777493866160512 ], [ 475644.051404987752903, 5048677.35060250479728 ], [ 475659.986921446747147, 5048698.118171883746982 ], [ 475676.987489436520264, 5048718.023279538378119 ], [ 475695.006511581945233, 5048737.011366952210665 ], [ 475713.994598995777778, 5048755.030389097519219 ], [ 475733.899706650292501, 5048772.030957087874413 ], [ 475754.667276028951164, 5048787.966473546810448 ], [ 475776.240384667704348, 5048802.793260331265628 ], [ 475798.55990217521321, 5048816.470678251236677 ], [ 475821.564652305445634, 5048828.961238453164697 ], [ 475845.191580637299921, 5048840.230705180205405 ], [ 475869.375927402579691, 5048850.24818960763514 ], [ 475894.051404987752903, 5048858.986234506592155 ], [ 475919.15037962392671, 5048866.420889503322542 ], [ 475944.604056766314898, 5048872.53177672624588 ], [ 475970.342669655103236, 5048877.302146656438708 ], [ 475996.2956705414108, 5048880.718924042768776 ], [ 476022.391924053721596, 5048882.77274373639375 ], [ 476048.55990217521321, 5048883.457976358942688 ], [ 476074.727880296704825, 5048882.77274373639375 ], [ 476100.82413380901562, 5048880.718924042768776 ], [ 476126.777134695323184, 5048877.302146656438708 ], [ 476152.515747584111523, 5048872.53177672624588 ], [ 476177.96942472649971, 5048866.420889503322542 ], [ 476203.068399362673517, 5048858.986234506592155 ], [ 476227.743876947846729, 5048850.24818960763514 ], [ 476251.928223713126499, 5048840.230705180205405 ], [ 476275.555152044980787, 5048828.961238453164697 ], [ 476298.55990217521321, 5048816.470678251236677 ], [ 476320.879419682722073, 5048802.793260331265628 ], [ 476342.452528321475256, 5048787.966473546810448 ], [ 476363.22009770013392, 5048772.030957087874413 ], [ 476383.125205354648642, 5048755.030389097519219 ], [ 476402.113292768481188, 5048737.011366952210665 ], [ 476420.132314913906157, 5048718.023279538378119 ], [ 476437.132882903679274, 5048698.118171883746982 ], [ 476453.068399362673517, 5048677.35060250479728 ], [ 476467.895186147943605, 5048655.777493866160512 ], [ 476481.572604067448992, 5048633.457976358942688 ], [ 476494.063164269377012, 5048610.453226229175925 ], [ 476505.332630996534135, 5048586.826297896914184 ], [ 476515.350115423789248, 5048562.641951131634414 ], [ 476524.08816032280447, 5048537.966473546810448 ], [ 476531.522815319767687, 5048512.867498910054564 ], [ 476537.633702542108949, 5048487.413821768015623 ], [ 476542.404072472767439, 5048461.675208878703415 ], [ 476545.820849859330337, 5048435.722207992337644 ], [ 476547.87466955248965, 5048409.625954480841756 ], [ 476548.55990217521321, 5048383.457976358942688 ] ] ] } },
{ "type": "Feature", "properties": { "site": 26, "transect": 26.3 }, "geometry": { "type": "Polygon", "coordinates": [ [ [ 476524.758592368511017, 5048316.400045676156878 ], [ 476524.073359745787457, 5048290.23206755425781 ], [ 476522.019540052628145, 5048264.135814042761922 ], [ 476518.602762666065246, 5048238.182813156396151 ], [ 476513.832392735406756, 5048212.444200267083943 ], [ 476507.721505513065495, 5048186.990523125045002 ], [ 476500.286850516102277, 5048161.891548488289118 ], [ 476491.548805617087055, 5048137.216070903465152 ], [ 476481.531321189831942, 5048113.031724138185382 ], [ 476470.261854462674819, 5048089.404795805923641 ], [ 476457.771294260746799, 5048066.400045676156878 ], [ 476444.093876341241412, 5048044.080528168939054 ], [ 476429.267089555971324, 5048022.507419530302286 ], [ 476413.331573096977081, 5048001.739850151352584 ], [ 476396.331005107203964, 5047981.834742496721447 ], [ 476378.311982961778995, 5047962.846655082888901 ], [ 476359.323895547946449, 5047944.827632937580347 ], [ 476339.418787893431727, 5047927.827064947225153 ], [ 476318.651218514773063, 5047911.891548488289118 ], [ 476297.07810987601988, 5047897.064761703833938 ], [ 476274.758592368511017, 5047883.387343783862889 ], [ 476251.753842238278594, 5047870.896783581934869 ], [ 476228.126913906424306, 5047859.627316854894161 ], [ 476203.942567141144536, 5047849.609832427464426 ], [ 476179.267089555971324, 5047840.871787528507411 ], [ 476154.168114919797517, 5047833.437132531777024 ], [ 476128.71443777740933, 5047827.326245308853686 ], [ 476102.975824888620991, 5047822.555875378660858 ], [ 476077.022824002313428, 5047819.13909799233079 ], [ 476050.926570490002632, 5047817.085278298705816 ], [ 476024.758592368511017, 5047816.400045676156878 ], [ 475998.590614247019403, 5047817.085278298705816 ], [ 475972.494360734708607, 5047819.13909799233079 ], [ 475946.541359848401044, 5047822.555875378660858 ], [ 475920.802746959612705, 5047827.326245308853686 ], [ 475895.349069817224517, 5047833.437132531777024 ], [ 475870.25009518105071, 5047840.871787528507411 ], [ 475845.574617595877498, 5047849.609832427464426 ], [ 475821.390270830597728, 5047859.627316854894161 ], [ 475797.763342498743441, 5047870.896783581934869 ], [ 475774.758592368511017, 5047883.387343783862889 ], [ 475752.439074861002155, 5047897.064761703833938 ], [ 475730.865966222248971, 5047911.891548488289118 ], [ 475710.098396843590308, 5047927.827064947225153 ], [ 475690.193289189075585, 5047944.827632937580347 ], [ 475671.20520177524304, 5047962.846655082888901 ], [ 475653.186179629818071, 5047981.834742496721447 ], [ 475636.185611640044954, 5048001.739850151352584 ], [ 475620.25009518105071, 5048022.507419530302286 ], [ 475605.423308395780623, 5048044.080528168939054 ], [ 475591.745890476275235, 5048066.400045676156878 ], [ 475579.255330274347216, 5048089.404795805923641 ], [ 475567.985863547190093, 5048113.031724138185382 ], [ 475557.96837911993498, 5048137.216070903465152 ], [ 475549.230334220919758, 5048161.891548488289118 ], [ 475541.79567922395654, 5048186.990523125045002 ], [ 475535.684792001615278, 5048212.444200267083943 ], [ 475530.914422070956789, 5048238.182813156396151 ], [ 475527.49764468439389, 5048264.135814042761922 ], [ 475525.443824991234578, 5048290.23206755425781 ], [ 475524.758592368511017, 5048316.400045676156878 ], [ 475525.443824991234578, 5048342.568023798055947 ], [ 475527.49764468439389, 5048368.664277309551835 ], [ 475530.914422070956789, 5048394.617278195917606 ], [ 475535.684792001615278, 5048420.355891085229814 ], [ 475541.79567922395654, 5048445.809568227268755 ], [ 475549.230334220919758, 5048470.908542864024639 ], [ 475557.96837911993498, 5048495.584020448848605 ], [ 475567.985863547190093, 5048519.768367214128375 ], [ 475579.255330274347216, 5048543.395295546390116 ], [ 475591.745890476275235, 5048566.400045676156878 ], [ 475605.423308395780623, 5048588.719563183374703 ], [ 475620.25009518105071, 5048610.292671822011471 ], [ 475636.185611640044954, 5048631.060241200961173 ], [ 475653.186179629818071, 5048650.96534885559231 ], [ 475671.20520177524304, 5048669.953436269424856 ], [ 475690.193289189075585, 5048687.97245841473341 ], [ 475710.098396843590308, 5048704.973026405088603 ], [ 475730.865966222248971, 5048720.908542864024639 ], [ 475752.439074861002155, 5048735.735329648479819 ], [ 475774.758592368511017, 5048749.412747568450868 ], [ 475797.763342498743441, 5048761.903307770378888 ], [ 475821.390270830597728, 5048773.172774497419596 ], [ 475845.574617595877498, 5048783.190258924849331 ], [ 475870.25009518105071, 5048791.928303823806345 ], [ 475895.349069817224517, 5048799.362958820536733 ], [ 475920.802746959612705, 5048805.473846043460071 ], [ 475946.541359848401044, 5048810.244215973652899 ], [ 475972.494360734708607, 5048813.660993359982967 ], [ 475998.590614247019403, 5048815.714813053607941 ], [ 476024.758592368511017, 5048816.400045676156878 ], [ 476050.926570490002632, 5048815.714813053607941 ], [ 476077.022824002313428, 5048813.660993359982967 ], [ 476102.975824888620991, 5048810.244215973652899 ], [ 476128.71443777740933, 5048805.473846043460071 ], [ 476154.168114919797517, 5048799.362958820536733 ], [ 476179.267089555971324, 5048791.928303823806345 ], [ 476203.942567141144536, 5048783.190258924849331 ], [ 476228.126913906424306, 5048773.172774497419596 ], [ 476251.753842238278594, 5048761.903307770378888 ], [ 476274.758592368511017, 5048749.412747568450868 ], [ 476297.07810987601988, 5048735.735329648479819 ], [ 476318.651218514773063, 5048720.908542864024639 ], [ 476339.418787893431727, 5048704.973026405088603 ], [ 476359.323895547946449, 5048687.97245841473341 ], [ 476378.311982961778995, 5048669.953436269424856 ], [ 476396.331005107203964, 5048650.96534885559231 ], [ 476413.331573096977081, 5048631.060241200961173 ], [ 476429.267089555971324, 5048610.292671822011471 ], [ 476444.093876341241412, 5048588.719563183374703 ], [ 476457.771294260746799, 5048566.400045676156878 ], [ 476470.261854462674819, 5048543.395295546390116 ], [ 476481.531321189831942, 5048519.768367214128375 ], [ 476491.548805617087055, 5048495.584020448848605 ], [ 476500.286850516102277, 5048470.908542864024639 ], [ 476507.721505513065495, 5048445.809568227268755 ], [ 476513.832392735406756, 5048420.355891085229814 ], [ 476518.602762666065246, 5048394.617278195917606 ], [ 476522.019540052628145, 5048368.664277309551835 ], [ 476524.073359745787457, 5048342.568023798055947 ], [ 476524.758592368511017, 5048316.400045676156878 ] ] ] } },
{ "type": "Feature", "properties": { "site": 26, "transect": 26.4 }, "geometry": { "type": "Polygon", "coordinates": [ [ [ 476586.670041642326396, 5048141.562185348942876 ], [ 476585.984809019602835, 5048115.394207227043808 ], [ 476583.930989326443523, 5048089.297953715547919 ], [ 476580.514211939880624, 5048063.344952829182148 ], [ 476575.743842009222135, 5048037.60633993986994 ], [ 476569.632954786880873, 5048012.152662797830999 ], [ 476562.198299789917655, 5047987.053688161075115 ], [ 476553.460254890902434, 5047962.378210576251149 ], [ 476543.442770463647321, 5047938.193863810971379 ], [ 476532.173303736490197, 5047914.566935478709638 ], [ 476519.682743534562178, 5047891.562185348942876 ], [ 476506.00532561505679, 5047869.242667841725051 ], [ 476491.178538829786703, 5047847.669559203088284 ], [ 476475.24302237079246, 5047826.901989824138582 ], [ 476458.242454381019343, 5047806.996882169507444 ], [ 476440.223432235594373, 5047788.008794755674899 ], [ 476421.235344821761828, 5047769.989772610366344 ], [ 476401.330237167247105, 5047752.989204620011151 ], [ 476380.562667788588442, 5047737.053688161075115 ], [ 476358.989559149835259, 5047722.226901376619935 ], [ 476336.670041642326396, 5047708.549483456648886 ], [ 476313.665291512093972, 5047696.058923254720867 ], [ 476290.038363180239685, 5047684.789456527680159 ], [ 476265.854016414959915, 5047674.771972100250423 ], [ 476241.178538829786703, 5047666.033927201293409 ], [ 476216.079564193612896, 5047658.599272204563022 ], [ 476190.625887051224709, 5047652.488384981639683 ], [ 476164.88727416243637, 5047647.718015051446855 ], [ 476138.934273276128806, 5047644.301237665116787 ], [ 476112.838019763818011, 5047642.247417971491814 ], [ 476086.670041642326396, 5047641.562185348942876 ], [ 476060.502063520834781, 5047642.247417971491814 ], [ 476034.405810008523986, 5047644.301237665116787 ], [ 476008.452809122216422, 5047647.718015051446855 ], [ 475982.714196233428083, 5047652.488384981639683 ], [ 475957.260519091039896, 5047658.599272204563022 ], [ 475932.161544454866089, 5047666.033927201293409 ], [ 475907.486066869692877, 5047674.771972100250423 ], [ 475883.301720104413107, 5047684.789456527680159 ], [ 475859.67479177255882, 5047696.058923254720867 ], [ 475836.670041642326396, 5047708.549483456648886 ], [ 475814.350524134817533, 5047722.226901376619935 ], [ 475792.77741549606435, 5047737.053688161075115 ], [ 475772.009846117405687, 5047752.989204620011151 ], [ 475752.104738462890964, 5047769.989772610366344 ], [ 475733.116651049058419, 5047788.008794755674899 ], [ 475715.097628903633449, 5047806.996882169507444 ], [ 475698.097060913860332, 5047826.901989824138582 ], [ 475682.161544454866089, 5047847.669559203088284 ], [ 475667.334757669596002, 5047869.242667841725051 ], [ 475653.657339750090614, 5047891.562185348942876 ], [ 475641.166779548162594, 5047914.566935478709638 ], [ 475629.897312821005471, 5047938.193863810971379 ], [ 475619.879828393750358, 5047962.378210576251149 ], [ 475611.141783494735137, 5047987.053688161075115 ], [ 475603.707128497771919, 5048012.152662797830999 ], [ 475597.596241275430657, 5048037.60633993986994 ], [ 475592.825871344772168, 5048063.344952829182148 ], [ 475589.409093958209269, 5048089.297953715547919 ], [ 475587.355274265049957, 5048115.394207227043808 ], [ 475586.670041642326396, 5048141.562185348942876 ], [ 475587.355274265049957, 5048167.730163470841944 ], [ 475589.409093958209269, 5048193.826416982337832 ], [ 475592.825871344772168, 5048219.779417868703604 ], [ 475597.596241275430657, 5048245.518030758015811 ], [ 475603.707128497771919, 5048270.971707900054753 ], [ 475611.141783494735137, 5048296.070682536810637 ], [ 475619.879828393750358, 5048320.746160121634603 ], [ 475629.897312821005471, 5048344.930506886914372 ], [ 475641.166779548162594, 5048368.557435219176114 ], [ 475653.657339750090614, 5048391.562185348942876 ], [ 475667.334757669596002, 5048413.8817028561607 ], [ 475682.161544454866089, 5048435.454811494797468 ], [ 475698.097060913860332, 5048456.22238087374717 ], [ 475715.097628903633449, 5048476.127488528378308 ], [ 475733.116651049058419, 5048495.115575942210853 ], [ 475752.104738462890964, 5048513.134598087519407 ], [ 475772.009846117405687, 5048530.135166077874601 ], [ 475792.77741549606435, 5048546.070682536810637 ], [ 475814.350524134817533, 5048560.897469321265817 ], [ 475836.670041642326396, 5048574.574887241236866 ], [ 475859.67479177255882, 5048587.065447443164885 ], [ 475883.301720104413107, 5048598.334914170205593 ], [ 475907.486066869692877, 5048608.352398597635329 ], [ 475932.161544454866089, 5048617.090443496592343 ], [ 475957.260519091039896, 5048624.52509849332273 ], [ 475982.714196233428083, 5048630.635985716246068 ], [ 476008.452809122216422, 5048635.406355646438897 ], [ 476034.405810008523986, 5048638.823133032768965 ], [ 476060.502063520834781, 5048640.876952726393938 ], [ 476086.670041642326396, 5048641.562185348942876 ], [ 476112.838019763818011, 5048640.876952726393938 ], [ 476138.934273276128806, 5048638.823133032768965 ], [ 476164.88727416243637, 5048635.406355646438897 ], [ 476190.625887051224709, 5048630.635985716246068 ], [ 476216.079564193612896, 5048624.52509849332273 ], [ 476241.178538829786703, 5048617.090443496592343 ], [ 476265.854016414959915, 5048608.352398597635329 ], [ 476290.038363180239685, 5048598.334914170205593 ], [ 476313.665291512093972, 5048587.065447443164885 ], [ 476336.670041642326396, 5048574.574887241236866 ], [ 476358.989559149835259, 5048560.897469321265817 ], [ 476380.562667788588442, 5048546.070682536810637 ], [ 476401.330237167247105, 5048530.135166077874601 ], [ 476421.235344821761828, 5048513.134598087519407 ], [ 476440.223432235594373, 5048495.115575942210853 ], [ 476458.242454381019343, 5048476.127488528378308 ], [ 476475.24302237079246, 5048456.22238087374717 ], [ 476491.178538829786703, 5048435.454811494797468 ], [ 476506.00532561505679, 5048413.8817028561607 ], [ 476519.682743534562178, 5048391.562185348942876 ], [ 476532.173303736490197, 5048368.557435219176114 ], [ 476543.442770463647321, 5048344.930506886914372 ], [ 476553.460254890902434, 5048320.746160121634603 ], [ 476562.198299789917655, 5048296.070682536810637 ], [ 476569.632954786880873, 5048270.971707900054753 ], [ 476575.743842009222135, 5048245.518030758015811 ], [ 476580.514211939880624, 5048219.779417868703604 ], [ 476583.930989326443523, 5048193.826416982337832 ], [ 476585.984809019602835, 5048167.730163470841944 ], [ 476586.670041642326396, 5048141.562185348942876 ] ] ] } },
{ "type": "Feature", "properties": { "site": 26, "transect": 26.5 }, "geometry": { "type": "Polygon", "coordinates": [ [ [ 476561.23948440735694, 5048150.16749519482255 ], [ 476560.554251784633379, 5048123.999517072923481 ], [ 476558.500432091474067, 5048097.903263561427593 ], [ 476555.083654704911169, 5048071.950262675061822 ], [ 476550.313284774252679, 5048046.211649785749614 ], [ 476544.202397551911417, 5048020.757972643710673 ], [ 476536.7677425549482, 5047995.658998006954789 ], [ 476528.029697655932978, 5047970.983520422130823 ], [ 476518.012213228677865, 5047946.799173656851053 ], [ 476506.742746501520742, 5047923.172245324589312 ], [ 476494.252186299592722, 5047900.16749519482255 ], [ 476480.574768380087335, 5047877.847977687604725 ], [ 476465.747981594817247, 5047856.274869048967957 ], [ 476449.812465135823004, 5047835.507299670018256 ], [ 476432.811897146049887, 5047815.602192015387118 ], [ 476414.792875000624917, 5047796.614104601554573 ], [ 476395.804787586792372, 5047778.595082456246018 ], [ 476375.89967993227765, 5047761.594514465890825 ], [ 476355.132110553618986, 5047745.658998006954789 ], [ 476333.559001914865803, 5047730.832211222499609 ], [ 476311.23948440735694, 5047717.15479330252856 ], [ 476288.234734277124517, 5047704.664233100600541 ], [ 476264.607805945270229, 5047693.394766373559833 ], [ 476240.423459179990459, 5047683.377281946130097 ], [ 476215.747981594817247, 5047674.639237047173083 ], [ 476190.64900695864344, 5047667.204582050442696 ], [ 476165.195329816255253, 5047661.093694827519357 ], [ 476139.456716927466914, 5047656.323324897326529 ], [ 476113.50371604115935, 5047652.906547510996461 ], [ 476087.407462528848555, 5047650.852727817371488 ], [ 476061.23948440735694, 5047650.16749519482255 ], [ 476035.071506285865325, 5047650.852727817371488 ], [ 476008.97525277355453, 5047652.906547510996461 ], [ 475983.022251887246966, 5047656.323324897326529 ], [ 475957.283638998458628, 5047661.093694827519357 ], [ 475931.82996185607044, 5047667.204582050442696 ], [ 475906.730987219896633, 5047674.639237047173083 ], [ 475882.055509634723421, 5047683.377281946130097 ], [ 475857.871162869443651, 5047693.394766373559833 ], [ 475834.244234537589364, 5047704.664233100600541 ], [ 475811.23948440735694, 5047717.15479330252856 ], [ 475788.919966899848077, 5047730.832211222499609 ], [ 475767.346858261094894, 5047745.658998006954789 ], [ 475746.579288882436231, 5047761.594514465890825 ], [ 475726.674181227921508, 5047778.595082456246018 ], [ 475707.686093814088963, 5047796.614104601554573 ], [ 475689.667071668663993, 5047815.602192015387118 ], [ 475672.666503678890876, 5047835.507299670018256 ], [ 475656.730987219896633, 5047856.274869048967957 ], [ 475641.904200434626546, 5047877.847977687604725 ], [ 475628.226782515121158, 5047900.16749519482255 ], [ 475615.736222313193139, 5047923.172245324589312 ], [ 475604.466755586036015, 5047946.799173656851053 ], [ 475594.449271158780903, 5047970.983520422130823 ], [ 475585.711226259765681, 5047995.658998006954789 ], [ 475578.276571262802463, 5048020.757972643710673 ], [ 475572.165684040461201, 5048046.211649785749614 ], [ 475567.395314109802712, 5048071.950262675061822 ], [ 475563.978536723239813, 5048097.903263561427593 ], [ 475561.924717030080501, 5048123.999517072923481 ], [ 475561.23948440735694, 5048150.16749519482255 ], [ 475561.924717030080501, 5048176.335473316721618 ], [ 475563.978536723239813, 5048202.431726828217506 ], [ 475567.395314109802712, 5048228.384727714583278 ], [ 475572.165684040461201, 5048254.123340603895485 ], [ 475578.276571262802463, 5048279.577017745934427 ], [ 475585.711226259765681, 5048304.67599238269031 ], [ 475594.449271158780903, 5048329.351469967514277 ], [ 475604.466755586036015, 5048353.535816732794046 ], [ 475615.736222313193139, 5048377.162745065055788 ], [ 475628.226782515121158, 5048400.16749519482255 ], [ 475641.904200434626546, 5048422.487012702040374 ], [ 475656.730987219896633, 5048444.060121340677142 ], [ 475672.666503678890876, 5048464.827690719626844 ], [ 475689.667071668663993, 5048484.732798374257982 ], [ 475707.686093814088963, 5048503.720885788090527 ], [ 475726.674181227921508, 5048521.739907933399081 ], [ 475746.579288882436231, 5048538.740475923754275 ], [ 475767.346858261094894, 5048554.67599238269031 ], [ 475788.919966899848077, 5048569.502779167145491 ], [ 475811.23948440735694, 5048583.180197087116539 ], [ 475834.244234537589364, 5048595.670757289044559 ], [ 475857.871162869443651, 5048606.940224016085267 ], [ 475882.055509634723421, 5048616.957708443515003 ], [ 475906.730987219896633, 5048625.695753342472017 ], [ 475931.82996185607044, 5048633.130408339202404 ], [ 475957.283638998458628, 5048639.241295562125742 ], [ 475983.022251887246966, 5048644.011665492318571 ], [ 476008.97525277355453, 5048647.428442878648639 ], [ 476035.071506285865325, 5048649.482262572273612 ], [ 476061.23948440735694, 5048650.16749519482255 ], [ 476087.407462528848555, 5048649.482262572273612 ], [ 476113.50371604115935, 5048647.428442878648639 ], [ 476139.456716927466914, 5048644.011665492318571 ], [ 476165.195329816255253, 5048639.241295562125742 ], [ 476190.64900695864344, 5048633.130408339202404 ], [ 476215.747981594817247, 5048625.695753342472017 ], [ 476240.423459179990459, 5048616.957708443515003 ], [ 476264.607805945270229, 5048606.940224016085267 ], [ 476288.234734277124517, 5048595.670757289044559 ], [ 476311.23948440735694, 5048583.180197087116539 ], [ 476333.559001914865803, 5048569.502779167145491 ], [ 476355.132110553618986, 5048554.67599238269031 ], [ 476375.89967993227765, 5048538.740475923754275 ], [ 476395.804787586792372, 5048521.739907933399081 ], [ 476414.792875000624917, 5048503.720885788090527 ], [ 476432.811897146049887, 5048484.732798374257982 ], [ 476449.812465135823004, 5048464.827690719626844 ], [ 476465.747981594817247, 5048444.060121340677142 ], [ 476480.574768380087335, 5048422.487012702040374 ], [ 476494.252186299592722, 5048400.16749519482255 ], [ 476506.742746501520742, 5048377.162745065055788 ], [ 476518.012213228677865, 5048353.535816732794046 ], [ 476528.029697655932978, 5048329.351469967514277 ], [ 476536.7677425549482, 5048304.67599238269031 ], [ 476544.202397551911417, 5048279.577017745934427 ], [ 476550.313284774252679, 5048254.123340603895485 ], [ 476555.083654704911169, 5048228.384727714583278 ], [ 476558.500432091474067, 5048202.431726828217506 ], [ 476560.554251784633379, 5048176.335473316721618 ], [ 476561.23948440735694, 5048150.16749519482255 ] ] ] } },
{ "type": "Feature", "properties": { "site": 26, "transect": 26.6 }, "geometry": { "type": "Polygon", "coordinates": [ [ [ 476582.417405921034515, 5048098.804797396995127 ], [ 476581.732173298310954, 5048072.636819275096059 ], [ 476579.678353605151642, 5048046.540565763600171 ], [ 476576.261576218588743, 5048020.587564877234399 ], [ 476571.491206287930254, 5047994.848951987922192 ], [ 476565.380319065588992, 5047969.39527484588325 ], [ 476557.945664068625774, 5047944.296300209127367 ], [ 476549.207619169610552, 5047919.620822624303401 ], [ 476539.19013474235544, 5047895.436475859023631 ], [ 476527.920668015198316, 5047871.809547526761889 ], [ 476515.430107813270297, 5047848.804797396995127 ], [ 476501.752689893764909, 5047826.485279889777303 ], [ 476486.925903108494822, 5047804.912171251140535 ], [ 476470.990386649500579, 5047784.144601872190833 ], [ 476453.989818659727462, 5047764.239494217559695 ], [ 476435.970796514302492, 5047745.25140680372715 ], [ 476416.982709100469947, 5047727.232384658418596 ], [ 476397.077601445955224, 5047710.231816668063402 ], [ 476376.310032067296561, 5047694.296300209127367 ], [ 476354.736923428543378, 5047679.469513424672186 ], [ 476332.417405921034515, 5047665.792095504701138 ], [ 476309.412655790802091, 5047653.301535302773118 ], [ 476285.785727458947804, 5047642.03206857573241 ], [ 476261.601380693668034, 5047632.014584148302674 ], [ 476236.925903108494822, 5047623.27653924934566 ], [ 476211.826928472321015, 5047615.841884252615273 ], [ 476186.373251329932828, 5047609.730997029691935 ], [ 476160.634638441144489, 5047604.960627099499106 ], [ 476134.681637554836925, 5047601.543849713169038 ], [ 476108.58538404252613, 5047599.490030019544065 ], [ 476082.417405921034515, 5047598.804797396995127 ], [ 476056.2494277995429, 5047599.490030019544065 ], [ 476030.153174287232105, 5047601.543849713169038 ], [ 476004.200173400924541, 5047604.960627099499106 ], [ 475978.461560512136202, 5047609.730997029691935 ], [ 475953.007883369748015, 5047615.841884252615273 ], [ 475927.908908733574208, 5047623.27653924934566 ], [ 475903.233431148400996, 5047632.014584148302674 ], [ 475879.049084383121226, 5047642.03206857573241 ], [ 475855.422156051266938, 5047653.301535302773118 ], [ 475832.417405921034515, 5047665.792095504701138 ], [ 475810.097888413525652, 5047679.469513424672186 ], [ 475788.524779774772469, 5047694.296300209127367 ], [ 475767.757210396113805, 5047710.231816668063402 ], [ 475747.852102741599083, 5047727.232384658418596 ], [ 475728.864015327766538, 5047745.25140680372715 ], [ 475710.844993182341568, 5047764.239494217559695 ], [ 475693.844425192568451, 5047784.144601872190833 ], [ 475677.908908733574208, 5047804.912171251140535 ], [ 475663.08212194830412, 5047826.485279889777303 ], [ 475649.404704028798733, 5047848.804797396995127 ], [ 475636.914143826870713, 5047871.809547526761889 ], [ 475625.64467709971359, 5047895.436475859023631 ], [ 475615.627192672458477, 5047919.620822624303401 ], [ 475606.889147773443256, 5047944.296300209127367 ], [ 475599.454492776480038, 5047969.39527484588325 ], [ 475593.343605554138776, 5047994.848951987922192 ], [ 475588.573235623480286, 5048020.587564877234399 ], [ 475585.156458236917388, 5048046.540565763600171 ], [ 475583.102638543758076, 5048072.636819275096059 ], [ 475582.417405921034515, 5048098.804797396995127 ], [ 475583.102638543758076, 5048124.972775518894196 ], [ 475585.156458236917388, 5048151.069029030390084 ], [ 475588.573235623480286, 5048177.022029916755855 ], [ 475593.343605554138776, 5048202.760642806068063 ], [ 475599.454492776480038, 5048228.214319948107004 ], [ 475606.889147773443256, 5048253.313294584862888 ], [ 475615.627192672458477, 5048277.988772169686854 ], [ 475625.64467709971359, 5048302.173118934966624 ], [ 475636.914143826870713, 5048325.800047267228365 ], [ 475649.404704028798733, 5048348.804797396995127 ], [ 475663.08212194830412, 5048371.124314904212952 ], [ 475677.908908733574208, 5048392.69742354284972 ], [ 475693.844425192568451, 5048413.464992921799421 ], [ 475710.844993182341568, 5048433.370100576430559 ], [ 475728.864015327766538, 5048452.358187990263104 ], [ 475747.852102741599083, 5048470.377210135571659 ], [ 475767.757210396113805, 5048487.377778125926852 ], [ 475788.524779774772469, 5048503.313294584862888 ], [ 475810.097888413525652, 5048518.140081369318068 ], [ 475832.417405921034515, 5048531.817499289289117 ], [ 475855.422156051266938, 5048544.308059491217136 ], [ 475879.049084383121226, 5048555.577526218257844 ], [ 475903.233431148400996, 5048565.59501064568758 ], [ 475927.908908733574208, 5048574.333055544644594 ], [ 475953.007883369748015, 5048581.767710541374981 ], [ 475978.461560512136202, 5048587.87859776429832 ], [ 476004.200173400924541, 5048592.648967694491148 ], [ 476030.153174287232105, 5048596.065745080821216 ], [ 476056.2494277995429, 5048598.119564774446189 ], [ 476082.417405921034515, 5048598.804797396995127 ], [ 476108.58538404252613, 5048598.119564774446189 ], [ 476134.681637554836925, 5048596.065745080821216 ], [ 476160.634638441144489, 5048592.648967694491148 ], [ 476186.373251329932828, 5048587.87859776429832 ], [ 476211.826928472321015, 5048581.767710541374981 ], [ 476236.925903108494822, 5048574.333055544644594 ], [ 476261.601380693668034, 5048565.59501064568758 ], [ 476285.785727458947804, 5048555.577526218257844 ], [ 476309.412655790802091, 5048544.308059491217136 ], [ 476332.417405921034515, 5048531.817499289289117 ], [ 476354.736923428543378, 5048518.140081369318068 ], [ 476376.310032067296561, 5048503.313294584862888 ], [ 476397.077601445955224, 5048487.377778125926852 ], [ 476416.982709100469947, 5048470.377210135571659 ], [ 476435.970796514302492, 5048452.358187990263104 ], [ 476453.989818659727462, 5048433.370100576430559 ], [ 476470.990386649500579, 5048413.464992921799421 ], [ 476486.925903108494822, 5048392.69742354284972 ], [ 476501.752689893764909, 5048371.124314904212952 ], [ 476515.430107813270297, 5048348.804797396995127 ], [ 476527.920668015198316, 5048325.800047267228365 ], [ 476539.19013474235544, 5048302.173118934966624 ], [ 476549.207619169610552, 5048277.988772169686854 ], [ 476557.945664068625774, 5048253.313294584862888 ], [ 476565.380319065588992, 5048228.214319948107004 ], [ 476571.491206287930254, 5048202.760642806068063 ], [ 476576.261576218588743, 5048177.022029916755855 ], [ 476579.678353605151642, 5048151.069029030390084 ], [ 476581.732173298310954, 5048124.972775518894196 ], [ 476582.417405921034515, 5048098.804797396995127 ] ] ] } },
{ "type": "Feature", "properties": { "site": 27, "transect": 27.1 }, "geometry": { "type": "Polygon", "coordinates": [ [ [ 385021.066028204164468, 5042836.950853999704123 ], [ 385020.380795581440907, 5042810.782875877805054 ], [ 385018.326975888281595, 5042784.686622366309166 ], [ 385014.910198501718696, 5042758.733621479943395 ], [ 385010.139828571060207, 5042732.995008590631187 ], [ 385004.028941348718945, 5042707.541331448592246 ], [ 384996.594286351755727, 5042682.442356811836362 ], [ 384987.856241452740505, 5042657.766879227012396 ], [ 384977.838757025485393, 5042633.582532461732626 ], [ 384966.569290298328269, 5042609.955604129470885 ], [ 384954.07873009640025, 5042586.950853999704123 ], [ 384940.401312176894862, 5042564.631336492486298 ], [ 384925.574525391624775, 5042543.05822785384953 ], [ 384909.639008932630531, 5042522.290658474899828 ], [ 384892.638440942857414, 5042502.385550820268691 ], [ 384874.619418797432445, 5042483.397463406436145 ], [ 384855.6313313835999, 5042465.378441261127591 ], [ 384835.726223729085177, 5042448.377873270772398 ], [ 384814.958654350426514, 5042432.442356811836362 ], [ 384793.385545711673331, 5042417.615570027381182 ], [ 384771.066028204164468, 5042403.938152107410133 ], [ 384748.061278073932044, 5042391.447591905482113 ], [ 384724.434349742077757, 5042380.178125178441405 ], [ 384700.250002976797987, 5042370.16064075101167 ], [ 384675.574525391624775, 5042361.422595852054656 ], [ 384650.475550755450968, 5042353.987940855324268 ], [ 384625.02187361306278, 5042347.87705363240093 ], [ 384599.283260724274442, 5042343.106683702208102 ], [ 384573.330259837966878, 5042339.689906315878034 ], [ 384547.234006325656082, 5042337.63608662225306 ], [ 384521.066028204164468, 5042336.950853999704123 ], [ 384494.898050082672853, 5042337.63608662225306 ], [ 384468.801796570362058, 5042339.689906315878034 ], [ 384442.848795684054494, 5042343.106683702208102 ], [ 384417.110182795266155, 5042347.87705363240093 ], [ 384391.656505652877968, 5042353.987940855324268 ], [ 384366.557531016704161, 5042361.422595852054656 ], [ 384341.882053431530949, 5042370.16064075101167 ], [ 384317.697706666251179, 5042380.178125178441405 ], [ 384294.070778334396891, 5042391.447591905482113 ], [ 384271.066028204164468, 5042403.938152107410133 ], [ 384248.746510696655605, 5042417.615570027381182 ], [ 384227.173402057902422, 5042432.442356811836362 ], [ 384206.405832679243758, 5042448.377873270772398 ], [ 384186.500725024729036, 5042465.378441261127591 ], [ 384167.512637610896491, 5042483.397463406436145 ], [ 384149.493615465471521, 5042502.385550820268691 ], [ 384132.493047475698404, 5042522.290658474899828 ], [ 384116.557531016704161, 5042543.05822785384953 ], [ 384101.730744231434073, 5042564.631336492486298 ], [ 384088.053326311928686, 5042586.950853999704123 ], [ 384075.562766110000666, 5042609.955604129470885 ], [ 384064.293299382843543, 5042633.582532461732626 ], [ 384054.27581495558843, 5042657.766879227012396 ], [ 384045.537770056573208, 5042682.442356811836362 ], [ 384038.103115059609991, 5042707.541331448592246 ], [ 384031.992227837268729, 5042732.995008590631187 ], [ 384027.221857906610239, 5042758.733621479943395 ], [ 384023.805080520047341, 5042784.686622366309166 ], [ 384021.751260826888029, 5042810.782875877805054 ], [ 384021.066028204164468, 5042836.950853999704123 ], [ 384021.751260826888029, 5042863.118832121603191 ], [ 384023.805080520047341, 5042889.215085633099079 ], [ 384027.221857906610239, 5042915.16808651946485 ], [ 384031.992227837268729, 5042940.906699408777058 ], [ 384038.103115059609991, 5042966.360376550816 ], [ 384045.537770056573208, 5042991.459351187571883 ], [ 384054.27581495558843, 5043016.134828772395849 ], [ 384064.293299382843543, 5043040.319175537675619 ], [ 384075.562766110000666, 5043063.94610386993736 ], [ 384088.053326311928686, 5043086.950853999704123 ], [ 384101.730744231434073, 5043109.270371506921947 ], [ 384116.557531016704161, 5043130.843480145558715 ], [ 384132.493047475698404, 5043151.611049524508417 ], [ 384149.493615465471521, 5043171.516157179139555 ], [ 384167.512637610896491, 5043190.5042445929721 ], [ 384186.500725024729036, 5043208.523266738280654 ], [ 384206.405832679243758, 5043225.523834728635848 ], [ 384227.173402057902422, 5043241.459351187571883 ], [ 384248.746510696655605, 5043256.286137972027063 ], [ 384271.066028204164468, 5043269.963555891998112 ], [ 384294.070778334396891, 5043282.454116093926132 ], [ 384317.697706666251179, 5043293.72358282096684 ], [ 384341.882053431530949, 5043303.741067248396575 ], [ 384366.557531016704161, 5043312.47911214735359 ], [ 384391.656505652877968, 5043319.913767144083977 ], [ 384417.110182795266155, 5043326.024654367007315 ], [ 384442.848795684054494, 5043330.795024297200143 ], [ 384468.801796570362058, 5043334.211801683530211 ], [ 384494.898050082672853, 5043336.265621377155185 ], [ 384521.066028204164468, 5043336.950853999704123 ], [ 384547.234006325656082, 5043336.265621377155185 ], [ 384573.330259837966878, 5043334.211801683530211 ], [ 384599.283260724274442, 5043330.795024297200143 ], [ 384625.02187361306278, 5043326.024654367007315 ], [ 384650.475550755450968, 5043319.913767144083977 ], [ 384675.574525391624775, 5043312.47911214735359 ], [ 384700.250002976797987, 5043303.741067248396575 ], [ 384724.434349742077757, 5043293.72358282096684 ], [ 384748.061278073932044, 5043282.454116093926132 ], [ 384771.066028204164468, 5043269.963555891998112 ], [ 384793.385545711673331, 5043256.286137972027063 ], [ 384814.958654350426514, 5043241.459351187571883 ], [ 384835.726223729085177, 5043225.523834728635848 ], [ 384855.6313313835999, 5043208.523266738280654 ], [ 384874.619418797432445, 5043190.5042445929721 ], [ 384892.638440942857414, 5043171.516157179139555 ], [ 384909.639008932630531, 5043151.611049524508417 ], [ 384925.574525391624775, 5043130.843480145558715 ], [ 384940.401312176894862, 5043109.270371506921947 ], [ 384954.07873009640025, 5043086.950853999704123 ], [ 384966.569290298328269, 5043063.94610386993736 ], [ 384977.838757025485393, 5043040.319175537675619 ], [ 384987.856241452740505, 5043016.134828772395849 ], [ 384996.594286351755727, 5042991.459351187571883 ], [ 385004.028941348718945, 5042966.360376550816 ], [ 385010.139828571060207, 5042940.906699408777058 ], [ 385014.910198501718696, 5042915.16808651946485 ], [ 385018.326975888281595, 5042889.215085633099079 ], [ 385020.380795581440907, 5042863.118832121603191 ], [ 385021.066028204164468, 5042836.950853999704123 ] ] ] } },
{ "type": "Feature", "properties": { "site": 27, "transect": 27.2 }, "geometry": { "type": "Polygon", "coordinates": [ [ [ 385049.048004353884608, 5042889.149935405701399 ], [ 385048.362771731161047, 5042862.98195728380233 ], [ 385046.308952038001735, 5042836.885703772306442 ], [ 385042.892174651438836, 5042810.932702885940671 ], [ 385038.121804720780347, 5042785.194089996628463 ], [ 385032.010917498439085, 5042759.740412854589522 ], [ 385024.576262501475867, 5042734.641438217833638 ], [ 385015.838217602460645, 5042709.965960633009672 ], [ 385005.820733175205532, 5042685.781613867729902 ], [ 384994.551266448048409, 5042662.154685535468161 ], [ 384982.06070624612039, 5042639.149935405701399 ], [ 384968.383288326615002, 5042616.830417898483574 ], [ 384953.556501541344915, 5042595.257309259846807 ], [ 384937.620985082350671, 5042574.489739880897105 ], [ 384920.620417092577554, 5042554.584632226265967 ], [ 384902.601394947152585, 5042535.596544812433422 ], [ 384883.61330753332004, 5042517.577522667124867 ], [ 384863.708199878805317, 5042500.576954676769674 ], [ 384842.940630500146654, 5042484.641438217833638 ], [ 384821.36752186139347, 5042469.814651433378458 ], [ 384799.048004353884608, 5042456.137233513407409 ], [ 384776.043254223652184, 5042443.64667331147939 ], [ 384752.416325891797896, 5042432.377206584438682 ], [ 384728.231979126518127, 5042422.359722157008946 ], [ 384703.556501541344915, 5042413.621677258051932 ], [ 384678.457526905171108, 5042406.187022261321545 ], [ 384653.00384976278292, 5042400.076135038398206 ], [ 384627.265236873994581, 5042395.305765108205378 ], [ 384601.312235987687018, 5042391.88898772187531 ], [ 384575.215982475376222, 5042389.835168028250337 ], [ 384549.048004353884608, 5042389.149935405701399 ], [ 384522.880026232392993, 5042389.835168028250337 ], [ 384496.783772720082197, 5042391.88898772187531 ], [ 384470.830771833774634, 5042395.305765108205378 ], [ 384445.092158944986295, 5042400.076135038398206 ], [ 384419.638481802598108, 5042406.187022261321545 ], [ 384394.539507166424301, 5042413.621677258051932 ], [ 384369.864029581251089, 5042422.359722157008946 ], [ 384345.679682815971319, 5042432.377206584438682 ], [ 384322.052754484117031, 5042443.64667331147939 ], [ 384299.048004353884608, 5042456.137233513407409 ], [ 384276.728486846375745, 5042469.814651433378458 ], [ 384255.155378207622562, 5042484.641438217833638 ], [ 384234.387808828963898, 5042500.576954676769674 ], [ 384214.482701174449176, 5042517.577522667124867 ], [ 384195.49461376061663, 5042535.596544812433422 ], [ 384177.475591615191661, 5042554.584632226265967 ], [ 384160.475023625418544, 5042574.489739880897105 ], [ 384144.539507166424301, 5042595.257309259846807 ], [ 384129.712720381154213, 5042616.830417898483574 ], [ 384116.035302461648826, 5042639.149935405701399 ], [ 384103.544742259720806, 5042662.154685535468161 ], [ 384092.275275532563683, 5042685.781613867729902 ], [ 384082.25779110530857, 5042709.965960633009672 ], [ 384073.519746206293348, 5042734.641438217833638 ], [ 384066.08509120933013, 5042759.740412854589522 ], [ 384059.974203986988869, 5042785.194089996628463 ], [ 384055.203834056330379, 5042810.932702885940671 ], [ 384051.78705666976748, 5042836.885703772306442 ], [ 384049.733236976608168, 5042862.98195728380233 ], [ 384049.048004353884608, 5042889.149935405701399 ], [ 384049.733236976608168, 5042915.317913527600467 ], [ 384051.78705666976748, 5042941.414167039096355 ], [ 384055.203834056330379, 5042967.367167925462127 ], [ 384059.974203986988869, 5042993.105780814774334 ], [ 384066.08509120933013, 5043018.559457956813276 ], [ 384073.519746206293348, 5043043.65843259356916 ], [ 384082.25779110530857, 5043068.333910178393126 ], [ 384092.275275532563683, 5043092.518256943672895 ], [ 384103.544742259720806, 5043116.145185275934637 ], [ 384116.035302461648826, 5043139.149935405701399 ], [ 384129.712720381154213, 5043161.469452912919223 ], [ 384144.539507166424301, 5043183.042561551555991 ], [ 384160.475023625418544, 5043203.810130930505693 ], [ 384177.475591615191661, 5043223.715238585136831 ], [ 384195.49461376061663, 5043242.703325998969376 ], [ 384214.482701174449176, 5043260.72234814427793 ], [ 384234.387808828963898, 5043277.722916134633124 ], [ 384255.155378207622562, 5043293.65843259356916 ], [ 384276.728486846375745, 5043308.48521937802434 ], [ 384299.048004353884608, 5043322.162637297995389 ], [ 384322.052754484117031, 5043334.653197499923408 ], [ 384345.679682815971319, 5043345.922664226964116 ], [ 384369.864029581251089, 5043355.940148654393852 ], [ 384394.539507166424301, 5043364.678193553350866 ], [ 384419.638481802598108, 5043372.112848550081253 ], [ 384445.092158944986295, 5043378.223735773004591 ], [ 384470.830771833774634, 5043382.99410570319742 ], [ 384496.783772720082197, 5043386.410883089527488 ], [ 384522.880026232392993, 5043388.464702783152461 ], [ 384549.048004353884608, 5043389.149935405701399 ], [ 384575.215982475376222, 5043388.464702783152461 ], [ 384601.312235987687018, 5043386.410883089527488 ], [ 384627.265236873994581, 5043382.99410570319742 ], [ 384653.00384976278292, 5043378.223735773004591 ], [ 384678.457526905171108, 5043372.112848550081253 ], [ 384703.556501541344915, 5043364.678193553350866 ], [ 384728.231979126518127, 5043355.940148654393852 ], [ 384752.416325891797896, 5043345.922664226964116 ], [ 384776.043254223652184, 5043334.653197499923408 ], [ 384799.048004353884608, 5043322.162637297995389 ], [ 384821.36752186139347, 5043308.48521937802434 ], [ 384842.940630500146654, 5043293.65843259356916 ], [ 384863.708199878805317, 5043277.722916134633124 ], [ 384883.61330753332004, 5043260.72234814427793 ], [ 384902.601394947152585, 5043242.703325998969376 ], [ 384920.620417092577554, 5043223.715238585136831 ], [ 384937.620985082350671, 5043203.810130930505693 ], [ 384953.556501541344915, 5043183.042561551555991 ], [ 384968.383288326615002, 5043161.469452912919223 ], [ 384982.06070624612039, 5043139.149935405701399 ], [ 384994.551266448048409, 5043116.145185275934637 ], [ 385005.820733175205532, 5043092.518256943672895 ], [ 385015.838217602460645, 5043068.333910178393126 ], [ 385024.576262501475867, 5043043.65843259356916 ], [ 385032.010917498439085, 5043018.559457956813276 ], [ 385038.121804720780347, 5042993.105780814774334 ], [ 385042.892174651438836, 5042967.367167925462127 ], [ 385046.308952038001735, 5042941.414167039096355 ], [ 385048.362771731161047, 5042915.317913527600467 ], [ 385049.048004353884608, 5042889.149935405701399 ] ] ] } },
{ "type": "Feature", "properties": { "site": 27, "transect": 27.3 }, "geometry": { "type": "Polygon", "coordinates": [ [ [ 385169.813456047035288, 5042856.197976366616786 ], [ 385169.128223424311727, 5042830.029998244717717 ], [ 385167.074403731152415, 5042803.933744733221829 ], [ 385163.657626344589517, 5042777.980743846856058 ], [ 385158.887256413931027, 5042752.24213095754385 ], [ 385152.776369191589765, 5042726.788453815504909 ], [ 385145.341714194626547, 5042701.689479178749025 ], [ 385136.603669295611326, 5042677.014001593925059 ], [ 385126.586184868356213, 5042652.829654828645289 ], [ 385115.31671814119909, 5042629.202726496383548 ], [ 385102.82615793927107, 5042606.197976366616786 ], [ 385089.148740019765683, 5042583.878458859398961 ], [ 385074.321953234495595, 5042562.305350220762193 ], [ 385058.386436775501352, 5042541.537780841812491 ], [ 385041.385868785728235, 5042521.632673187181354 ], [ 385023.366846640303265, 5042502.644585773348808 ], [ 385004.37875922647072, 5042484.625563628040254 ], [ 384984.473651571955997, 5042467.624995637685061 ], [ 384963.706082193297334, 5042451.689479178749025 ], [ 384942.132973554544151, 5042436.862692394293845 ], [ 384919.813456047035288, 5042423.185274474322796 ], [ 384896.808705916802865, 5042410.694714272394776 ], [ 384873.181777584948577, 5042399.425247545354068 ], [ 384848.997430819668807, 5042389.407763117924333 ], [ 384824.321953234495595, 5042380.669718218967319 ], [ 384799.222978598321788, 5042373.235063222236931 ], [ 384773.769301455933601, 5042367.124175999313593 ], [ 384748.030688567145262, 5042362.353806069120765 ], [ 384722.077687680837698, 5042358.937028682790697 ], [ 384695.981434168526903, 5042356.883208989165723 ], [ 384669.813456047035288, 5042356.197976366616786 ], [ 384643.645477925543673, 5042356.883208989165723 ], [ 384617.549224413232878, 5042358.937028682790697 ], [ 384591.596223526925314, 5042362.353806069120765 ], [ 384565.857610638136975, 5042367.124175999313593 ], [ 384540.403933495748788, 5042373.235063222236931 ], [ 384515.304958859574981, 5042380.669718218967319 ], [ 384490.629481274401769, 5042389.407763117924333 ], [ 384466.445134509121999, 5042399.425247545354068 ], [ 384442.818206177267712, 5042410.694714272394776 ], [ 384419.813456047035288, 5042423.185274474322796 ], [ 384397.493938539526425, 5042436.862692394293845 ], [ 384375.920829900773242, 5042451.689479178749025 ], [ 384355.153260522114579, 5042467.624995637685061 ], [ 384335.248152867599856, 5042484.625563628040254 ], [ 384316.260065453767311, 5042502.644585773348808 ], [ 384298.241043308342341, 5042521.632673187181354 ], [ 384281.240475318569224, 5042541.537780841812491 ], [ 384265.304958859574981, 5042562.305350220762193 ], [ 384250.478172074304894, 5042583.878458859398961 ], [ 384236.800754154799506, 5042606.197976366616786 ], [ 384224.310193952871487, 5042629.202726496383548 ], [ 384213.040727225714363, 5042652.829654828645289 ], [ 384203.02324279845925, 5042677.014001593925059 ], [ 384194.285197899444029, 5042701.689479178749025 ], [ 384186.850542902480811, 5042726.788453815504909 ], [ 384180.739655680139549, 5042752.24213095754385 ], [ 384175.96928574948106, 5042777.980743846856058 ], [ 384172.552508362918161, 5042803.933744733221829 ], [ 384170.498688669758849, 5042830.029998244717717 ], [ 384169.813456047035288, 5042856.197976366616786 ], [ 384170.498688669758849, 5042882.365954488515854 ], [ 384172.552508362918161, 5042908.462208 ], [ 384175.96928574948106, 5042934.415208886377513 ], [ 384180.739655680139549, 5042960.153821775689721 ], [ 384186.850542902480811, 5042985.607498917728662 ], [ 384194.285197899444029, 5043010.706473554484546 ], [ 384203.02324279845925, 5043035.381951139308512 ], [ 384213.040727225714363, 5043059.566297904588282 ], [ 384224.310193952871487, 5043083.193226236850023 ], [ 384236.800754154799506, 5043106.197976366616786 ], [ 384250.478172074304894, 5043128.51749387383461 ], [ 384265.304958859574981, 5043150.090602512471378 ], [ 384281.240475318569224, 5043170.85817189142108 ], [ 384298.241043308342341, 5043190.763279546052217 ], [ 384316.260065453767311, 5043209.751366959884763 ], [ 384335.248152867599856, 5043227.770389105193317 ], [ 384355.153260522114579, 5043244.770957095548511 ], [ 384375.920829900773242, 5043260.706473554484546 ], [ 384397.493938539526425, 5043275.533260338939726 ], [ 384419.813456047035288, 5043289.210678258910775 ], [ 384442.818206177267712, 5043301.701238460838795 ], [ 384466.445134509121999, 5043312.970705187879503 ], [ 384490.629481274401769, 5043322.988189615309238 ], [ 384515.304958859574981, 5043331.726234514266253 ], [ 384540.403933495748788, 5043339.16088951099664 ], [ 384565.857610638136975, 5043345.271776733919978 ], [ 384591.596223526925314, 5043350.042146664112806 ], [ 384617.549224413232878, 5043353.458924050442874 ], [ 384643.645477925543673, 5043355.512743744067848 ], [ 384669.813456047035288, 5043356.197976366616786 ], [ 384695.981434168526903, 5043355.512743744067848 ], [ 384722.077687680837698, 5043353.458924050442874 ], [ 384748.030688567145262, 5043350.042146664112806 ], [ 384773.769301455933601, 5043345.271776733919978 ], [ 384799.222978598321788, 5043339.16088951099664 ], [ 384824.321953234495595, 5043331.726234514266253 ], [ 384848.997430819668807, 5043322.988189615309238 ], [ 384873.181777584948577, 5043312.970705187879503 ], [ 384896.808705916802865, 5043301.701238460838795 ], [ 384919.813456047035288, 5043289.210678258910775 ], [ 384942.132973554544151, 5043275.533260338939726 ], [ 384963.706082193297334, 5043260.706473554484546 ], [ 384984.473651571955997, 5043244.770957095548511 ], [ 385004.37875922647072, 5043227.770389105193317 ], [ 385023.366846640303265, 5043209.751366959884763 ], [ 385041.385868785728235, 5043190.763279546052217 ], [ 385058.386436775501352, 5043170.85817189142108 ], [ 385074.321953234495595, 5043150.090602512471378 ], [ 385089.148740019765683, 5043128.51749387383461 ], [ 385102.82615793927107, 5043106.197976366616786 ], [ 385115.31671814119909, 5043083.193226236850023 ], [ 385126.586184868356213, 5043059.566297904588282 ], [ 385136.603669295611326, 5043035.381951139308512 ], [ 385145.341714194626547, 5043010.706473554484546 ], [ 385152.776369191589765, 5042985.607498917728662 ], [ 385158.887256413931027, 5042960.153821775689721 ], [ 385163.657626344589517, 5042934.415208886377513 ], [ 385167.074403731152415, 5042908.462208 ], [ 385169.128223424311727, 5042882.365954488515854 ], [ 385169.813456047035288, 5042856.197976366616786 ] ] ] } },
{ "type": "Feature", "properties": { "site": 27, "transect": 27.4 }, "geometry": { "type": "Polygon", "coordinates": [ [ [ 385169.813456047035288, 5042856.197976366616786 ], [ 385169.128223424311727, 5042830.029998244717717 ], [ 385167.074403731152415, 5042803.933744733221829 ], [ 385163.657626344589517, 5042777.980743846856058 ], [ 385158.887256413931027, 5042752.24213095754385 ], [ 385152.776369191589765, 5042726.788453815504909 ], [ 385145.341714194626547, 5042701.689479178749025 ], [ 385136.603669295611326, 5042677.014001593925059 ], [ 385126.586184868356213, 5042652.829654828645289 ], [ 385115.31671814119909, 5042629.202726496383548 ], [ 385102.82615793927107, 5042606.197976366616786 ], [ 385089.148740019765683, 5042583.878458859398961 ], [ 385074.321953234495595, 5042562.305350220762193 ], [ 385058.386436775501352, 5042541.537780841812491 ], [ 385041.385868785728235, 5042521.632673187181354 ], [ 385023.366846640303265, 5042502.644585773348808 ], [ 385004.37875922647072, 5042484.625563628040254 ], [ 384984.473651571955997, 5042467.624995637685061 ], [ 384963.706082193297334, 5042451.689479178749025 ], [ 384942.132973554544151, 5042436.862692394293845 ], [ 384919.813456047035288, 5042423.185274474322796 ], [ 384896.808705916802865, 5042410.694714272394776 ], [ 384873.181777584948577, 5042399.425247545354068 ], [ 384848.997430819668807, 5042389.407763117924333 ], [ 384824.321953234495595, 5042380.669718218967319 ], [ 384799.222978598321788, 5042373.235063222236931 ], [ 384773.769301455933601, 5042367.124175999313593 ], [ 384748.030688567145262, 5042362.353806069120765 ], [ 384722.077687680837698, 5042358.937028682790697 ], [ 384695.981434168526903, 5042356.883208989165723 ], [ 384669.813456047035288, 5042356.197976366616786 ], [ 384643.645477925543673, 5042356.883208989165723 ], [ 384617.549224413232878, 5042358.937028682790697 ], [ 384591.596223526925314, 5042362.353806069120765 ], [ 384565.857610638136975, 5042367.124175999313593 ], [ 384540.403933495748788, 5042373.235063222236931 ], [ 384515.304958859574981, 5042380.669718218967319 ], [ 384490.629481274401769, 5042389.407763117924333 ], [ 384466.445134509121999, 5042399.425247545354068 ], [ 384442.818206177267712, 5042410.694714272394776 ], [ 384419.813456047035288, 5042423.185274474322796 ], [ 384397.493938539526425, 5042436.862692394293845 ], [ 384375.920829900773242, 5042451.689479178749025 ], [ 384355.153260522114579, 5042467.624995637685061 ], [ 384335.248152867599856, 5042484.625563628040254 ], [ 384316.260065453767311, 5042502.644585773348808 ], [ 384298.241043308342341, 5042521.632673187181354 ], [ 384281.240475318569224, 5042541.537780841812491 ], [ 384265.304958859574981, 5042562.305350220762193 ], [ 384250.478172074304894, 5042583.878458859398961 ], [ 384236.800754154799506, 5042606.197976366616786 ], [ 384224.310193952871487, 5042629.202726496383548 ], [ 384213.040727225714363, 5042652.829654828645289 ], [ 384203.02324279845925, 5042677.014001593925059 ], [ 384194.285197899444029, 5042701.689479178749025 ], [ 384186.850542902480811, 5042726.788453815504909 ], [ 384180.739655680139549, 5042752.24213095754385 ], [ 384175.96928574948106, 5042777.980743846856058 ], [ 384172.552508362918161, 5042803.933744733221829 ], [ 384170.498688669758849, 5042830.029998244717717 ], [ 384169.813456047035288, 5042856.197976366616786 ], [ 384170.498688669758849, 5042882.365954488515854 ], [ 384172.552508362918161, 5042908.462208 ], [ 384175.96928574948106, 5042934.415208886377513 ], [ 384180.739655680139549, 5042960.153821775689721 ], [ 384186.850542902480811, 5042985.607498917728662 ], [ 384194.285197899444029, 5043010.706473554484546 ], [ 384203.02324279845925, 5043035.381951139308512 ], [ 384213.040727225714363, 5043059.566297904588282 ], [ 384224.310193952871487, 5043083.193226236850023 ], [ 384236.800754154799506, 5043106.197976366616786 ], [ 384250.478172074304894, 5043128.51749387383461 ], [ 384265.304958859574981, 5043150.090602512471378 ], [ 384281.240475318569224, 5043170.85817189142108 ], [ 384298.241043308342341, 5043190.763279546052217 ], [ 384316.260065453767311, 5043209.751366959884763 ], [ 384335.248152867599856, 5043227.770389105193317 ], [ 384355.153260522114579, 5043244.770957095548511 ], [ 384375.920829900773242, 5043260.706473554484546 ], [ 384397.493938539526425, 5043275.533260338939726 ], [ 384419.813456047035288, 5043289.210678258910775 ], [ 384442.818206177267712, 5043301.701238460838795 ], [ 384466.445134509121999, 5043312.970705187879503 ], [ 384490.629481274401769, 5043322.988189615309238 ], [ 384515.304958859574981, 5043331.726234514266253 ], [ 384540.403933495748788, 5043339.16088951099664 ], [ 384565.857610638136975, 5043345.271776733919978 ], [ 384591.596223526925314, 5043350.042146664112806 ], [ 384617.549224413232878, 5043353.458924050442874 ], [ 384643.645477925543673, 5043355.512743744067848 ], [ 384669.813456047035288, 5043356.197976366616786 ], [ 384695.981434168526903, 5043355.512743744067848 ], [ 384722.077687680837698, 5043353.458924050442874 ], [ 384748.030688567145262, 5043350.042146664112806 ], [ 384773.769301455933601, 5043345.271776733919978 ], [ 384799.222978598321788, 5043339.16088951099664 ], [ 384824.321953234495595, 5043331.726234514266253 ], [ 384848.997430819668807, 5043322.988189615309238 ], [ 384873.181777584948577, 5043312.970705187879503 ], [ 384896.808705916802865, 5043301.701238460838795 ], [ 384919.813456047035288, 5043289.210678258910775 ], [ 384942.132973554544151, 5043275.533260338939726 ], [ 384963.706082193297334, 5043260.706473554484546 ], [ 384984.473651571955997, 5043244.770957095548511 ], [ 385004.37875922647072, 5043227.770389105193317 ], [ 385023.366846640303265, 5043209.751366959884763 ], [ 385041.385868785728235, 5043190.763279546052217 ], [ 385058.386436775501352, 5043170.85817189142108 ], [ 385074.321953234495595, 5043150.090602512471378 ], [ 385089.148740019765683, 5043128.51749387383461 ], [ 385102.82615793927107, 5043106.197976366616786 ], [ 385115.31671814119909, 5043083.193226236850023 ], [ 385126.586184868356213, 5043059.566297904588282 ], [ 385136.603669295611326, 5043035.381951139308512 ], [ 385145.341714194626547, 5043010.706473554484546 ], [ 385152.776369191589765, 5042985.607498917728662 ], [ 385158.887256413931027, 5042960.153821775689721 ], [ 385163.657626344589517, 5042934.415208886377513 ], [ 385167.074403731152415, 5042908.462208 ], [ 385169.128223424311727, 5042882.365954488515854 ], [ 385169.813456047035288, 5042856.197976366616786 ] ] ] } }
]
}
