{
"type": "FeatureCollection",
"name": "gf2021_buf250",
"crs": { "type": "name", "properties": { "name": "urn:ogc:def:crs:EPSG::32618" } },
"features": [
{ "type": "Feature", "properties": { "site": 1, "transect": 1.1 }, "geometry": { "type": "Polygon", "coordinates": [ [ [ 424339.949256094056182, 5019019.379502239637077 ], [ 424339.606639782723505, 5019006.295513179153204 ], [ 424338.579729936143849, 5018993.247386422939599 ], [ 424336.8713412428624, 5018980.270885979756713 ], [ 424334.486156277533155, 5018967.40157953556627 ], [ 424331.430712666304316, 5018954.674740963615477 ], [ 424327.713385167822707, 5018942.125253645703197 ], [ 424323.3443627183442, 5018929.787514853291214 ], [ 424318.33562050468754, 5018917.695341470651329 ], [ 424312.700887141167186, 5018905.881877304986119 ], [ 424306.455607040144969, 5018894.379502239637077 ], [ 424299.616898080392275, 5018883.219743485562503 ], [ 424292.203504687815439, 5018872.433189166709781 ], [ 424284.235746458289213, 5018862.049404476769269 ], [ 424275.735462463402655, 5018852.096850650385022 ], [ 424266.72595139069017, 5018842.602806942537427 ], [ 424257.231907683773898, 5018833.593295870348811 ], [ 424247.279353856516536, 5018825.093011875636876 ], [ 424236.895569167158101, 5018817.125253645703197 ], [ 424226.109014847839717, 5018809.711860253475606 ], [ 424214.949256094056182, 5018802.873151293955743 ], [ 424203.44688102893997, 5018796.627871192991734 ], [ 424191.633416862983722, 5018790.993137829005718 ], [ 424179.541243480402045, 5018785.984395615756512 ], [ 424167.203504687815439, 5018781.615373166278005 ], [ 424154.654017369670328, 5018777.89804566744715 ], [ 424141.927178798476234, 5018774.842602056451142 ], [ 424129.057872354111169, 5018772.457417090423405 ], [ 424116.081371910986491, 5018770.749028397724032 ], [ 424103.033245154772885, 5018769.722118550911546 ], [ 424089.949256094056182, 5018769.379502239637077 ], [ 424076.865267033339478, 5018769.722118550911546 ], [ 424063.817140277125873, 5018770.749028397724032 ], [ 424050.840639834001195, 5018772.457417090423405 ], [ 424037.971333389636129, 5018774.842602056451142 ], [ 424025.244494818442035, 5018777.89804566744715 ], [ 424012.695007500296924, 5018781.615373166278005 ], [ 424000.357268707710318, 5018785.984395615756512 ], [ 423988.265095325128641, 5018790.993137829005718 ], [ 423976.451631159172393, 5018796.627871192991734 ], [ 423964.949256094056182, 5018802.873151293955743 ], [ 423953.789497340272646, 5018809.711860253475606 ], [ 423943.002943020954262, 5018817.125253645703197 ], [ 423932.619158331595827, 5018825.093011875636876 ], [ 423922.666604504338466, 5018833.593295870348811 ], [ 423913.172560797422193, 5018842.602806942537427 ], [ 423904.163049724709708, 5018852.096850650385022 ], [ 423895.66276572982315, 5018862.049404476769269 ], [ 423887.695007500296924, 5018872.433189166709781 ], [ 423880.281614107720088, 5018883.219743485562503 ], [ 423873.442905147967394, 5018894.379502239637077 ], [ 423867.197625046945177, 5018905.881877304986119 ], [ 423861.562891683424823, 5018917.695341470651329 ], [ 423856.554149469768163, 5018929.787514853291214 ], [ 423852.185127020289656, 5018942.125253645703197 ], [ 423848.467799521808047, 5018954.674740963615477 ], [ 423845.412355910579208, 5018967.40157953556627 ], [ 423843.027170945249964, 5018980.270885979756713 ], [ 423841.318782251968514, 5018993.247386422939599 ], [ 423840.291872405388858, 5019006.295513179153204 ], [ 423839.949256094056182, 5019019.379502239637077 ], [ 423840.291872405388858, 5019032.46349130012095 ], [ 423841.318782251968514, 5019045.511618056334555 ], [ 423843.027170945249964, 5019058.488118499517441 ], [ 423845.412355910579208, 5019071.357424943707883 ], [ 423848.467799521808047, 5019084.084263515658677 ], [ 423852.185127020289656, 5019096.633750833570957 ], [ 423856.554149469768163, 5019108.97148962598294 ], [ 423861.562891683424823, 5019121.063663008622825 ], [ 423867.197625046945177, 5019132.877127174288034 ], [ 423873.442905147967394, 5019144.379502239637077 ], [ 423880.281614107720088, 5019155.53926099371165 ], [ 423887.695007500296924, 5019166.325815312564373 ], [ 423895.66276572982315, 5019176.709600002504885 ], [ 423904.163049724709708, 5019186.662153828889132 ], [ 423913.172560797422193, 5019196.156197536736727 ], [ 423922.666604504338466, 5019205.165708608925343 ], [ 423932.619158331595827, 5019213.665992603637278 ], [ 423943.002943020954262, 5019221.633750833570957 ], [ 423953.789497340272646, 5019229.047144225798547 ], [ 423964.949256094056182, 5019235.88585318531841 ], [ 423976.451631159172393, 5019242.13113328628242 ], [ 423988.265095325128641, 5019247.765866650268435 ], [ 424000.357268707710318, 5019252.774608863517642 ], [ 424012.695007500296924, 5019257.143631312996149 ], [ 424025.244494818442035, 5019260.860958811827004 ], [ 424037.971333389636129, 5019263.916402422823012 ], [ 424050.840639834001195, 5019266.301587388850749 ], [ 424063.817140277125873, 5019268.009976081550121 ], [ 424076.865267033339478, 5019269.036885928362608 ], [ 424089.949256094056182, 5019269.379502239637077 ], [ 424103.033245154772885, 5019269.036885928362608 ], [ 424116.081371910986491, 5019268.009976081550121 ], [ 424129.057872354111169, 5019266.301587388850749 ], [ 424141.927178798476234, 5019263.916402422823012 ], [ 424154.654017369670328, 5019260.860958811827004 ], [ 424167.203504687815439, 5019257.143631312996149 ], [ 424179.541243480402045, 5019252.774608863517642 ], [ 424191.633416862983722, 5019247.765866650268435 ], [ 424203.44688102893997, 5019242.13113328628242 ], [ 424214.949256094056182, 5019235.88585318531841 ], [ 424226.109014847839717, 5019229.047144225798547 ], [ 424236.895569167158101, 5019221.633750833570957 ], [ 424247.279353856516536, 5019213.665992603637278 ], [ 424257.231907683773898, 5019205.165708608925343 ], [ 424266.72595139069017, 5019196.156197536736727 ], [ 424275.735462463402655, 5019186.662153828889132 ], [ 424284.235746458289213, 5019176.709600002504885 ], [ 424292.203504687815439, 5019166.325815312564373 ], [ 424299.616898080392275, 5019155.53926099371165 ], [ 424306.455607040144969, 5019144.379502239637077 ], [ 424312.700887141167186, 5019132.877127174288034 ], [ 424318.33562050468754, 5019121.063663008622825 ], [ 424323.3443627183442, 5019108.97148962598294 ], [ 424327.713385167822707, 5019096.633750833570957 ], [ 424331.430712666304316, 5019084.084263515658677 ], [ 424334.486156277533155, 5019071.357424943707883 ], [ 424336.8713412428624, 5019058.488118499517441 ], [ 424338.579729936143849, 5019045.511618056334555 ], [ 424339.606639782723505, 5019032.46349130012095 ], [ 424339.949256094056182, 5019019.379502239637077 ] ] ] } },
{ "type": "Feature", "properties": { "site": 1, "transect": 1.2 }, "geometry": { "type": "Polygon", "coordinates": [ [ [ 424028.405602406710386, 5018726.617454793304205 ], [ 424028.06298609537771, 5018713.533465732820332 ], [ 424027.036076248798054, 5018700.485338976606727 ], [ 424025.327687555516604, 5018687.508838533423841 ], [ 424022.94250259018736, 5018674.639532089233398 ], [ 424019.887058978958521, 5018661.912693517282605 ], [ 424016.169731480476912, 5018649.363206199370325 ], [ 424011.800709030998405, 5018637.025467406958342 ], [ 424006.791966817341745, 5018624.933294024318457 ], [ 424001.157233453821391, 5018613.119829858653247 ], [ 423994.911953352799173, 5018601.617454793304205 ], [ 423988.07324439304648, 5018590.457696039229631 ], [ 423980.659851000469644, 5018579.671141720376909 ], [ 423972.692092770943418, 5018569.287357030436397 ], [ 423964.19180877605686, 5018559.33480320405215 ], [ 423955.182297703344375, 5018549.840759496204555 ], [ 423945.688253996428102, 5018540.831248424015939 ], [ 423935.735700169170741, 5018532.330964429304004 ], [ 423925.351915479812305, 5018524.363206199370325 ], [ 423914.565361160493921, 5018516.949812807142735 ], [ 423903.405602406710386, 5018510.111103847622871 ], [ 423891.903227341594175, 5018503.865823746658862 ], [ 423880.089763175637927, 5018498.231090382672846 ], [ 423867.99758979305625, 5018493.22234816942364 ], [ 423855.659851000469644, 5018488.853325719945133 ], [ 423843.110363682324532, 5018485.135998221114278 ], [ 423830.383525111130439, 5018482.08055461011827 ], [ 423817.514218666765373, 5018479.695369644090533 ], [ 423804.537718223640695, 5018477.98698095139116 ], [ 423791.48959146742709, 5018476.960071104578674 ], [ 423778.405602406710386, 5018476.617454793304205 ], [ 423765.321613345993683, 5018476.960071104578674 ], [ 423752.273486589780077, 5018477.98698095139116 ], [ 423739.296986146655399, 5018479.695369644090533 ], [ 423726.427679702290334, 5018482.08055461011827 ], [ 423713.70084113109624, 5018485.135998221114278 ], [ 423701.151353812951129, 5018488.853325719945133 ], [ 423688.813615020364523, 5018493.22234816942364 ], [ 423676.721441637782846, 5018498.231090382672846 ], [ 423664.907977471826598, 5018503.865823746658862 ], [ 423653.405602406710386, 5018510.111103847622871 ], [ 423642.245843652926851, 5018516.949812807142735 ], [ 423631.459289333608467, 5018524.363206199370325 ], [ 423621.075504644250032, 5018532.330964429304004 ], [ 423611.12295081699267, 5018540.831248424015939 ], [ 423601.628907110076398, 5018549.840759496204555 ], [ 423592.619396037363913, 5018559.33480320405215 ], [ 423584.119112042477354, 5018569.287357030436397 ], [ 423576.151353812951129, 5018579.671141720376909 ], [ 423568.737960420374293, 5018590.457696039229631 ], [ 423561.899251460621599, 5018601.617454793304205 ], [ 423555.653971359599382, 5018613.119829858653247 ], [ 423550.019237996079028, 5018624.933294024318457 ], [ 423545.010495782422367, 5018637.025467406958342 ], [ 423540.64147333294386, 5018649.363206199370325 ], [ 423536.924145834462252, 5018661.912693517282605 ], [ 423533.868702223233413, 5018674.639532089233398 ], [ 423531.483517257904168, 5018687.508838533423841 ], [ 423529.775128564622719, 5018700.485338976606727 ], [ 423528.748218718043063, 5018713.533465732820332 ], [ 423528.405602406710386, 5018726.617454793304205 ], [ 423528.748218718043063, 5018739.701443853788078 ], [ 423529.775128564622719, 5018752.749570610001683 ], [ 423531.483517257904168, 5018765.726071053184569 ], [ 423533.868702223233413, 5018778.595377497375011 ], [ 423536.924145834462252, 5018791.322216069325805 ], [ 423540.64147333294386, 5018803.871703387238085 ], [ 423545.010495782422367, 5018816.209442179650068 ], [ 423550.019237996079028, 5018828.301615562289953 ], [ 423555.653971359599382, 5018840.115079727955163 ], [ 423561.899251460621599, 5018851.617454793304205 ], [ 423568.737960420374293, 5018862.777213547378778 ], [ 423576.151353812951129, 5018873.563767866231501 ], [ 423584.119112042477354, 5018883.947552556172013 ], [ 423592.619396037363913, 5018893.90010638255626 ], [ 423601.628907110076398, 5018903.394150090403855 ], [ 423611.12295081699267, 5018912.403661162592471 ], [ 423621.075504644250032, 5018920.903945157304406 ], [ 423631.459289333608467, 5018928.871703387238085 ], [ 423642.245843652926851, 5018936.285096779465675 ], [ 423653.405602406710386, 5018943.123805738985538 ], [ 423664.907977471826598, 5018949.369085839949548 ], [ 423676.721441637782846, 5018955.003819203935564 ], [ 423688.813615020364523, 5018960.01256141718477 ], [ 423701.151353812951129, 5018964.381583866663277 ], [ 423713.70084113109624, 5018968.098911365494132 ], [ 423726.427679702290334, 5018971.15435497649014 ], [ 423739.296986146655399, 5018973.539539942517877 ], [ 423752.273486589780077, 5018975.247928635217249 ], [ 423765.321613345993683, 5018976.274838482029736 ], [ 423778.405602406710386, 5018976.617454793304205 ], [ 423791.48959146742709, 5018976.274838482029736 ], [ 423804.537718223640695, 5018975.247928635217249 ], [ 423817.514218666765373, 5018973.539539942517877 ], [ 423830.383525111130439, 5018971.15435497649014 ], [ 423843.110363682324532, 5018968.098911365494132 ], [ 423855.659851000469644, 5018964.381583866663277 ], [ 423867.99758979305625, 5018960.01256141718477 ], [ 423880.089763175637927, 5018955.003819203935564 ], [ 423891.903227341594175, 5018949.369085839949548 ], [ 423903.405602406710386, 5018943.123805738985538 ], [ 423914.565361160493921, 5018936.285096779465675 ], [ 423925.351915479812305, 5018928.871703387238085 ], [ 423935.735700169170741, 5018920.903945157304406 ], [ 423945.688253996428102, 5018912.403661162592471 ], [ 423955.182297703344375, 5018903.394150090403855 ], [ 423964.19180877605686, 5018893.90010638255626 ], [ 423972.692092770943418, 5018883.947552556172013 ], [ 423980.659851000469644, 5018873.563767866231501 ], [ 423988.07324439304648, 5018862.777213547378778 ], [ 423994.911953352799173, 5018851.617454793304205 ], [ 424001.157233453821391, 5018840.115079727955163 ], [ 424006.791966817341745, 5018828.301615562289953 ], [ 424011.800709030998405, 5018816.209442179650068 ], [ 424016.169731480476912, 5018803.871703387238085 ], [ 424019.887058978958521, 5018791.322216069325805 ], [ 424022.94250259018736, 5018778.595377497375011 ], [ 424025.327687555516604, 5018765.726071053184569 ], [ 424027.036076248798054, 5018752.749570610001683 ], [ 424028.06298609537771, 5018739.701443853788078 ], [ 424028.405602406710386, 5018726.617454793304205 ] ] ] } },
{ "type": "Feature", "properties": { "site": 1, "transect": 1.3 }, "geometry": { "type": "Polygon", "coordinates": [ [ [ 424027.793661950563546, 5018723.58821611572057 ], [ 424027.45104563923087, 5018710.504227055236697 ], [ 424026.424135792651214, 5018697.456100299023092 ], [ 424024.715747099369764, 5018684.479599855840206 ], [ 424022.33056213404052, 5018671.610293411649764 ], [ 424019.275118522811681, 5018658.88345483969897 ], [ 424015.557791024330072, 5018646.33396752178669 ], [ 424011.188768574851565, 5018633.996228729374707 ], [ 424006.180026361194905, 5018621.904055346734822 ], [ 424000.545292997674551, 5018610.090591181069613 ], [ 423994.300012896652333, 5018598.58821611572057 ], [ 423987.46130393689964, 5018587.428457361645997 ], [ 423980.047910544322804, 5018576.641903042793274 ], [ 423972.080152314796578, 5018566.258118352852762 ], [ 423963.57986831991002, 5018556.305564526468515 ], [ 423954.570357247197535, 5018546.81152081862092 ], [ 423945.076313540281262, 5018537.802009746432304 ], [ 423935.123759713023901, 5018529.301725751720369 ], [ 423924.739975023665465, 5018521.33396752178669 ], [ 423913.953420704347081, 5018513.9205741295591 ], [ 423902.793661950563546, 5018507.081865170039237 ], [ 423891.291286885447334, 5018500.836585069075227 ], [ 423879.477822719491087, 5018495.201851705089211 ], [ 423867.38564933690941, 5018490.193109491840005 ], [ 423855.047910544322804, 5018485.824087042361498 ], [ 423842.498423226177692, 5018482.106759543530643 ], [ 423829.771584654983599, 5018479.051315932534635 ], [ 423816.902278210618533, 5018476.666130966506898 ], [ 423803.925777767493855, 5018474.957742273807526 ], [ 423790.87765101128025, 5018473.930832426995039 ], [ 423777.793661950563546, 5018473.58821611572057 ], [ 423764.709672889846843, 5018473.930832426995039 ], [ 423751.661546133633237, 5018474.957742273807526 ], [ 423738.685045690508559, 5018476.666130966506898 ], [ 423725.815739246143494, 5018479.051315932534635 ], [ 423713.0889006749494, 5018482.106759543530643 ], [ 423700.539413356804289, 5018485.824087042361498 ], [ 423688.201674564217683, 5018490.193109491840005 ], [ 423676.109501181636006, 5018495.201851705089211 ], [ 423664.296037015679758, 5018500.836585069075227 ], [ 423652.793661950563546, 5018507.081865170039237 ], [ 423641.633903196780011, 5018513.9205741295591 ], [ 423630.847348877461627, 5018521.33396752178669 ], [ 423620.463564188103192, 5018529.301725751720369 ], [ 423610.51101036084583, 5018537.802009746432304 ], [ 423601.016966653929558, 5018546.81152081862092 ], [ 423592.007455581217073, 5018556.305564526468515 ], [ 423583.507171586330514, 5018566.258118352852762 ], [ 423575.539413356804289, 5018576.641903042793274 ], [ 423568.126019964227453, 5018587.428457361645997 ], [ 423561.287311004474759, 5018598.58821611572057 ], [ 423555.042030903452542, 5018610.090591181069613 ], [ 423549.407297539932188, 5018621.904055346734822 ], [ 423544.398555326275527, 5018633.996228729374707 ], [ 423540.02953287679702, 5018646.33396752178669 ], [ 423536.312205378315412, 5018658.88345483969897 ], [ 423533.256761767086573, 5018671.610293411649764 ], [ 423530.871576801757328, 5018684.479599855840206 ], [ 423529.163188108475879, 5018697.456100299023092 ], [ 423528.136278261896223, 5018710.504227055236697 ], [ 423527.793661950563546, 5018723.58821611572057 ], [ 423528.136278261896223, 5018736.672205176204443 ], [ 423529.163188108475879, 5018749.720331932418048 ], [ 423530.871576801757328, 5018762.696832375600934 ], [ 423533.256761767086573, 5018775.566138819791377 ], [ 423536.312205378315412, 5018788.29297739174217 ], [ 423540.02953287679702, 5018800.84246470965445 ], [ 423544.398555326275527, 5018813.180203502066433 ], [ 423549.407297539932188, 5018825.272376884706318 ], [ 423555.042030903452542, 5018837.085841050371528 ], [ 423561.287311004474759, 5018848.58821611572057 ], [ 423568.126019964227453, 5018859.747974869795144 ], [ 423575.539413356804289, 5018870.534529188647866 ], [ 423583.507171586330514, 5018880.918313878588378 ], [ 423592.007455581217073, 5018890.870867704972625 ], [ 423601.016966653929558, 5018900.36491141282022 ], [ 423610.51101036084583, 5018909.374422485008836 ], [ 423620.463564188103192, 5018917.874706479720771 ], [ 423630.847348877461627, 5018925.84246470965445 ], [ 423641.633903196780011, 5018933.255858101882041 ], [ 423652.793661950563546, 5018940.094567061401904 ], [ 423664.296037015679758, 5018946.339847162365913 ], [ 423676.109501181636006, 5018951.974580526351929 ], [ 423688.201674564217683, 5018956.983322739601135 ], [ 423700.539413356804289, 5018961.352345189079642 ], [ 423713.0889006749494, 5018965.069672687910497 ], [ 423725.815739246143494, 5018968.125116298906505 ], [ 423738.685045690508559, 5018970.510301264934242 ], [ 423751.661546133633237, 5018972.218689957633615 ], [ 423764.709672889846843, 5018973.245599804446101 ], [ 423777.793661950563546, 5018973.58821611572057 ], [ 423790.87765101128025, 5018973.245599804446101 ], [ 423803.925777767493855, 5018972.218689957633615 ], [ 423816.902278210618533, 5018970.510301264934242 ], [ 423829.771584654983599, 5018968.125116298906505 ], [ 423842.498423226177692, 5018965.069672687910497 ], [ 423855.047910544322804, 5018961.352345189079642 ], [ 423867.38564933690941, 5018956.983322739601135 ], [ 423879.477822719491087, 5018951.974580526351929 ], [ 423891.291286885447334, 5018946.339847162365913 ], [ 423902.793661950563546, 5018940.094567061401904 ], [ 423913.953420704347081, 5018933.255858101882041 ], [ 423924.739975023665465, 5018925.84246470965445 ], [ 423935.123759713023901, 5018917.874706479720771 ], [ 423945.076313540281262, 5018909.374422485008836 ], [ 423954.570357247197535, 5018900.36491141282022 ], [ 423963.57986831991002, 5018890.870867704972625 ], [ 423972.080152314796578, 5018880.918313878588378 ], [ 423980.047910544322804, 5018870.534529188647866 ], [ 423987.46130393689964, 5018859.747974869795144 ], [ 423994.300012896652333, 5018848.58821611572057 ], [ 424000.545292997674551, 5018837.085841050371528 ], [ 424006.180026361194905, 5018825.272376884706318 ], [ 424011.188768574851565, 5018813.180203502066433 ], [ 424015.557791024330072, 5018800.84246470965445 ], [ 424019.275118522811681, 5018788.29297739174217 ], [ 424022.33056213404052, 5018775.566138819791377 ], [ 424024.715747099369764, 5018762.696832375600934 ], [ 424026.424135792651214, 5018749.720331932418048 ], [ 424027.45104563923087, 5018736.672205176204443 ], [ 424027.793661950563546, 5018723.58821611572057 ] ] ] } },
{ "type": "Feature", "properties": { "site": 1, "transect": 1.4 }, "geometry": { "type": "Polygon", "coordinates": [ [ [ 424238.179423607536592, 5018722.024694699794054 ], [ 424237.836807296203915, 5018708.940705639310181 ], [ 424236.809897449624259, 5018695.892578883096576 ], [ 424235.10150875634281, 5018682.91607843991369 ], [ 424232.716323791013565, 5018670.046771995723248 ], [ 424229.660880179784726, 5018657.319933423772454 ], [ 424225.943552681303117, 5018644.770446105860174 ], [ 424221.57453023182461, 5018632.432707313448191 ], [ 424216.56578801816795, 5018620.340533930808306 ], [ 424210.931054654647596, 5018608.527069765143096 ], [ 424204.685774553625379, 5018597.024694699794054 ], [ 424197.847065593872685, 5018585.864935945719481 ], [ 424190.433672201295849, 5018575.078381626866758 ], [ 424182.465913971769623, 5018564.694596936926246 ], [ 424173.965629976883065, 5018554.742043110541999 ], [ 424164.95611890417058, 5018545.247999402694404 ], [ 424155.462075197254308, 5018536.238488330505788 ], [ 424145.509521369996946, 5018527.738204335793853 ], [ 424135.125736680638511, 5018519.770446105860174 ], [ 424124.339182361320127, 5018512.357052713632584 ], [ 424113.179423607536592, 5018505.51834375411272 ], [ 424101.67704854242038, 5018499.273063653148711 ], [ 424089.863584376464132, 5018493.638330289162695 ], [ 424077.771410993882455, 5018488.629588075913489 ], [ 424065.433672201295849, 5018484.260565626434982 ], [ 424052.884184883150738, 5018480.543238127604127 ], [ 424040.157346311956644, 5018477.487794516608119 ], [ 424027.288039867591579, 5018475.102609550580382 ], [ 424014.311539424466901, 5018473.39422085788101 ], [ 424001.263412668253295, 5018472.367311011068523 ], [ 423988.179423607536592, 5018472.024694699794054 ], [ 423975.095434546819888, 5018472.367311011068523 ], [ 423962.047307790606283, 5018473.39422085788101 ], [ 423949.070807347481605, 5018475.102609550580382 ], [ 423936.201500903116539, 5018477.487794516608119 ], [ 423923.474662331922445, 5018480.543238127604127 ], [ 423910.925175013777334, 5018484.260565626434982 ], [ 423898.587436221190728, 5018488.629588075913489 ], [ 423886.495262838609051, 5018493.638330289162695 ], [ 423874.681798672652803, 5018499.273063653148711 ], [ 423863.179423607536592, 5018505.51834375411272 ], [ 423852.019664853753056, 5018512.357052713632584 ], [ 423841.233110534434672, 5018519.770446105860174 ], [ 423830.849325845076237, 5018527.738204335793853 ], [ 423820.896772017818876, 5018536.238488330505788 ], [ 423811.402728310902603, 5018545.247999402694404 ], [ 423802.393217238190118, 5018554.742043110541999 ], [ 423793.89293324330356, 5018564.694596936926246 ], [ 423785.925175013777334, 5018575.078381626866758 ], [ 423778.511781621200498, 5018585.864935945719481 ], [ 423771.673072661447804, 5018597.024694699794054 ], [ 423765.427792560425587, 5018608.527069765143096 ], [ 423759.793059196905233, 5018620.340533930808306 ], [ 423754.784316983248573, 5018632.432707313448191 ], [ 423750.415294533770066, 5018644.770446105860174 ], [ 423746.697967035288457, 5018657.319933423772454 ], [ 423743.642523424059618, 5018670.046771995723248 ], [ 423741.257338458730374, 5018682.91607843991369 ], [ 423739.548949765448924, 5018695.892578883096576 ], [ 423738.522039918869268, 5018708.940705639310181 ], [ 423738.179423607536592, 5018722.024694699794054 ], [ 423738.522039918869268, 5018735.108683760277927 ], [ 423739.548949765448924, 5018748.156810516491532 ], [ 423741.257338458730374, 5018761.133310959674418 ], [ 423743.642523424059618, 5018774.002617403864861 ], [ 423746.697967035288457, 5018786.729455975815654 ], [ 423750.415294533770066, 5018799.278943293727934 ], [ 423754.784316983248573, 5018811.616682086139917 ], [ 423759.793059196905233, 5018823.708855468779802 ], [ 423765.427792560425587, 5018835.522319634445012 ], [ 423771.673072661447804, 5018847.024694699794054 ], [ 423778.511781621200498, 5018858.184453453868628 ], [ 423785.925175013777334, 5018868.97100777272135 ], [ 423793.89293324330356, 5018879.354792462661862 ], [ 423802.393217238190118, 5018889.307346289046109 ], [ 423811.402728310902603, 5018898.801389996893704 ], [ 423820.896772017818876, 5018907.81090106908232 ], [ 423830.849325845076237, 5018916.311185063794255 ], [ 423841.233110534434672, 5018924.278943293727934 ], [ 423852.019664853753056, 5018931.692336685955524 ], [ 423863.179423607536592, 5018938.531045645475388 ], [ 423874.681798672652803, 5018944.776325746439397 ], [ 423886.495262838609051, 5018950.411059110425413 ], [ 423898.587436221190728, 5018955.419801323674619 ], [ 423910.925175013777334, 5018959.788823773153126 ], [ 423923.474662331922445, 5018963.506151271983981 ], [ 423936.201500903116539, 5018966.561594882979989 ], [ 423949.070807347481605, 5018968.946779849007726 ], [ 423962.047307790606283, 5018970.655168541707098 ], [ 423975.095434546819888, 5018971.682078388519585 ], [ 423988.179423607536592, 5018972.024694699794054 ], [ 424001.263412668253295, 5018971.682078388519585 ], [ 424014.311539424466901, 5018970.655168541707098 ], [ 424027.288039867591579, 5018968.946779849007726 ], [ 424040.157346311956644, 5018966.561594882979989 ], [ 424052.884184883150738, 5018963.506151271983981 ], [ 424065.433672201295849, 5018959.788823773153126 ], [ 424077.771410993882455, 5018955.419801323674619 ], [ 424089.863584376464132, 5018950.411059110425413 ], [ 424101.67704854242038, 5018944.776325746439397 ], [ 424113.179423607536592, 5018938.531045645475388 ], [ 424124.339182361320127, 5018931.692336685955524 ], [ 424135.125736680638511, 5018924.278943293727934 ], [ 424145.509521369996946, 5018916.311185063794255 ], [ 424155.462075197254308, 5018907.81090106908232 ], [ 424164.95611890417058, 5018898.801389996893704 ], [ 424173.965629976883065, 5018889.307346289046109 ], [ 424182.465913971769623, 5018879.354792462661862 ], [ 424190.433672201295849, 5018868.97100777272135 ], [ 424197.847065593872685, 5018858.184453453868628 ], [ 424204.685774553625379, 5018847.024694699794054 ], [ 424210.931054654647596, 5018835.522319634445012 ], [ 424216.56578801816795, 5018823.708855468779802 ], [ 424221.57453023182461, 5018811.616682086139917 ], [ 424225.943552681303117, 5018799.278943293727934 ], [ 424229.660880179784726, 5018786.729455975815654 ], [ 424232.716323791013565, 5018774.002617403864861 ], [ 424235.10150875634281, 5018761.133310959674418 ], [ 424236.809897449624259, 5018748.156810516491532 ], [ 424237.836807296203915, 5018735.108683760277927 ], [ 424238.179423607536592, 5018722.024694699794054 ] ] ] } },
{ "type": "Feature", "properties": { "site": 2, "transect": 2.1 }, "geometry": { "type": "Polygon", "coordinates": [ [ [ 452161.902064582274761, 5009061.847530745901167 ], [ 452161.559448270942084, 5009048.763541685417295 ], [ 452160.532538424362428, 5009035.715414929203689 ], [ 452158.824149731080979, 5009022.738914486020803 ], [ 452156.438964765751734, 5009009.869608041830361 ], [ 452153.383521154522896, 5008997.142769469879568 ], [ 452149.666193656041287, 5008984.593282151967287 ], [ 452145.29717120656278, 5008972.255543359555304 ], [ 452140.28842899290612, 5008960.163369976915419 ], [ 452134.653695629385766, 5008948.34990581125021 ], [ 452128.408415528363548, 5008936.847530745901167 ], [ 452121.569706568610854, 5008925.687771991826594 ], [ 452114.156313176034018, 5008914.901217672973871 ], [ 452106.188554946507793, 5008904.517432983033359 ], [ 452097.688270951621234, 5008894.564879156649113 ], [ 452088.67875987890875, 5008885.070835448801517 ], [ 452079.184716171992477, 5008876.061324376612902 ], [ 452069.232162344735116, 5008867.561040381900966 ], [ 452058.84837765537668, 5008859.593282151967287 ], [ 452048.061823336058296, 5008852.179888759739697 ], [ 452036.902064582274761, 5008845.341179800219834 ], [ 452025.399689517158549, 5008839.095899699255824 ], [ 452013.586225351202302, 5008833.461166335269809 ], [ 452001.494051968620624, 5008828.452424122020602 ], [ 451989.156313176034018, 5008824.083401672542095 ], [ 451976.606825857888907, 5008820.36607417371124 ], [ 451963.879987286694814, 5008817.310630562715232 ], [ 451951.010680842329748, 5008814.925445596687496 ], [ 451938.03418039920507, 5008813.217056903988123 ], [ 451924.986053642991465, 5008812.190147057175636 ], [ 451911.902064582274761, 5008811.847530745901167 ], [ 451898.818075521558058, 5008812.190147057175636 ], [ 451885.769948765344452, 5008813.217056903988123 ], [ 451872.793448322219774, 5008814.925445596687496 ], [ 451859.924141877854709, 5008817.310630562715232 ], [ 451847.197303306660615, 5008820.36607417371124 ], [ 451834.647815988515504, 5008824.083401672542095 ], [ 451822.310077195928898, 5008828.452424122020602 ], [ 451810.21790381334722, 5008833.461166335269809 ], [ 451798.404439647390973, 5008839.095899699255824 ], [ 451786.902064582274761, 5008845.341179800219834 ], [ 451775.742305828491226, 5008852.179888759739697 ], [ 451764.955751509172842, 5008859.593282151967287 ], [ 451754.571966819814406, 5008867.561040381900966 ], [ 451744.619412992557045, 5008876.061324376612902 ], [ 451735.125369285640772, 5008885.070835448801517 ], [ 451726.115858212928288, 5008894.564879156649113 ], [ 451717.615574218041729, 5008904.517432983033359 ], [ 451709.647815988515504, 5008914.901217672973871 ], [ 451702.234422595938668, 5008925.687771991826594 ], [ 451695.395713636185974, 5008936.847530745901167 ], [ 451689.150433535163756, 5008948.34990581125021 ], [ 451683.515700171643402, 5008960.163369976915419 ], [ 451678.506957957986742, 5008972.255543359555304 ], [ 451674.137935508508235, 5008984.593282151967287 ], [ 451670.420608010026626, 5008997.142769469879568 ], [ 451667.365164398797788, 5009009.869608041830361 ], [ 451664.979979433468543, 5009022.738914486020803 ], [ 451663.271590740187094, 5009035.715414929203689 ], [ 451662.244680893607438, 5009048.763541685417295 ], [ 451661.902064582274761, 5009061.847530745901167 ], [ 451662.244680893607438, 5009074.93151980638504 ], [ 451663.271590740187094, 5009087.979646562598646 ], [ 451664.979979433468543, 5009100.956147005781531 ], [ 451667.365164398797788, 5009113.825453449971974 ], [ 451670.420608010026626, 5009126.552292021922767 ], [ 451674.137935508508235, 5009139.101779339835048 ], [ 451678.506957957986742, 5009151.439518132247031 ], [ 451683.515700171643402, 5009163.531691514886916 ], [ 451689.150433535163756, 5009175.345155680552125 ], [ 451695.395713636185974, 5009186.847530745901167 ], [ 451702.234422595938668, 5009198.007289499975741 ], [ 451709.647815988515504, 5009208.793843818828464 ], [ 451717.615574218041729, 5009219.177628508768976 ], [ 451726.115858212928288, 5009229.130182335153222 ], [ 451735.125369285640772, 5009238.624226043000817 ], [ 451744.619412992557045, 5009247.633737115189433 ], [ 451754.571966819814406, 5009256.134021109901369 ], [ 451764.955751509172842, 5009264.101779339835048 ], [ 451775.742305828491226, 5009271.515172732062638 ], [ 451786.902064582274761, 5009278.353881691582501 ], [ 451798.404439647390973, 5009284.599161792546511 ], [ 451810.21790381334722, 5009290.233895156532526 ], [ 451822.310077195928898, 5009295.242637369781733 ], [ 451834.647815988515504, 5009299.61165981926024 ], [ 451847.197303306660615, 5009303.328987318091094 ], [ 451859.924141877854709, 5009306.384430929087102 ], [ 451872.793448322219774, 5009308.769615895114839 ], [ 451885.769948765344452, 5009310.478004587814212 ], [ 451898.818075521558058, 5009311.504914434626698 ], [ 451911.902064582274761, 5009311.847530745901167 ], [ 451924.986053642991465, 5009311.504914434626698 ], [ 451938.03418039920507, 5009310.478004587814212 ], [ 451951.010680842329748, 5009308.769615895114839 ], [ 451963.879987286694814, 5009306.384430929087102 ], [ 451976.606825857888907, 5009303.328987318091094 ], [ 451989.156313176034018, 5009299.61165981926024 ], [ 452001.494051968620624, 5009295.242637369781733 ], [ 452013.586225351202302, 5009290.233895156532526 ], [ 452025.399689517158549, 5009284.599161792546511 ], [ 452036.902064582274761, 5009278.353881691582501 ], [ 452048.061823336058296, 5009271.515172732062638 ], [ 452058.84837765537668, 5009264.101779339835048 ], [ 452069.232162344735116, 5009256.134021109901369 ], [ 452079.184716171992477, 5009247.633737115189433 ], [ 452088.67875987890875, 5009238.624226043000817 ], [ 452097.688270951621234, 5009229.130182335153222 ], [ 452106.188554946507793, 5009219.177628508768976 ], [ 452114.156313176034018, 5009208.793843818828464 ], [ 452121.569706568610854, 5009198.007289499975741 ], [ 452128.408415528363548, 5009186.847530745901167 ], [ 452134.653695629385766, 5009175.345155680552125 ], [ 452140.28842899290612, 5009163.531691514886916 ], [ 452145.29717120656278, 5009151.439518132247031 ], [ 452149.666193656041287, 5009139.101779339835048 ], [ 452153.383521154522896, 5009126.552292021922767 ], [ 452156.438964765751734, 5009113.825453449971974 ], [ 452158.824149731080979, 5009100.956147005781531 ], [ 452160.532538424362428, 5009087.979646562598646 ], [ 452161.559448270942084, 5009074.93151980638504 ], [ 452161.902064582274761, 5009061.847530745901167 ] ] ] } },
{ "type": "Feature", "properties": { "site": 2, "transect": 2.2 }, "geometry": { "type": "Polygon", "coordinates": [ [ [ 452263.959195427480154, 5009122.519772339612246 ], [ 452263.616579116147477, 5009109.435783279128373 ], [ 452262.589669269567821, 5009096.387656522914767 ], [ 452260.881280576286372, 5009083.411156079731882 ], [ 452258.496095610957127, 5009070.541849635541439 ], [ 452255.440651999728289, 5009057.815011063590646 ], [ 452251.72332450124668, 5009045.265523745678365 ], [ 452247.354302051768173, 5009032.927784953266382 ], [ 452242.345559838111512, 5009020.835611570626497 ], [ 452236.710826474591158, 5009009.022147404961288 ], [ 452230.465546373568941, 5008997.519772339612246 ], [ 452223.626837413816247, 5008986.360013585537672 ], [ 452216.213444021239411, 5008975.573459266684949 ], [ 452208.245685791713186, 5008965.189674576744437 ], [ 452199.745401796826627, 5008955.237120750360191 ], [ 452190.735890724114142, 5008945.743077042512596 ], [ 452181.24184701719787, 5008936.73356597032398 ], [ 452171.289293189940508, 5008928.233281975612044 ], [ 452160.905508500582073, 5008920.265523745678365 ], [ 452150.118954181263689, 5008912.852130353450775 ], [ 452138.959195427480154, 5008906.013421393930912 ], [ 452127.456820362363942, 5008899.768141292966902 ], [ 452115.643356196407694, 5008894.133407928980887 ], [ 452103.551182813826017, 5008889.12466571573168 ], [ 452091.213444021239411, 5008884.755643266253173 ], [ 452078.6639567030943, 5008881.038315767422318 ], [ 452065.937118131900206, 5008877.982872156426311 ], [ 452053.067811687535141, 5008875.597687190398574 ], [ 452040.091311244410463, 5008873.889298497699201 ], [ 452027.043184488196857, 5008872.862388650886714 ], [ 452013.959195427480154, 5008872.519772339612246 ], [ 452000.87520636676345, 5008872.862388650886714 ], [ 451987.827079610549845, 5008873.889298497699201 ], [ 451974.850579167425167, 5008875.597687190398574 ], [ 451961.981272723060101, 5008877.982872156426311 ], [ 451949.254434151866008, 5008881.038315767422318 ], [ 451936.704946833720896, 5008884.755643266253173 ], [ 451924.36720804113429, 5008889.12466571573168 ], [ 451912.275034658552613, 5008894.133407928980887 ], [ 451900.461570492596366, 5008899.768141292966902 ], [ 451888.959195427480154, 5008906.013421393930912 ], [ 451877.799436673696619, 5008912.852130353450775 ], [ 451867.012882354378235, 5008920.265523745678365 ], [ 451856.629097665019799, 5008928.233281975612044 ], [ 451846.676543837762438, 5008936.73356597032398 ], [ 451837.182500130846165, 5008945.743077042512596 ], [ 451828.17298905813368, 5008955.237120750360191 ], [ 451819.672705063247122, 5008965.189674576744437 ], [ 451811.704946833720896, 5008975.573459266684949 ], [ 451804.29155344114406, 5008986.360013585537672 ], [ 451797.452844481391367, 5008997.519772339612246 ], [ 451791.207564380369149, 5009009.022147404961288 ], [ 451785.572831016848795, 5009020.835611570626497 ], [ 451780.564088803192135, 5009032.927784953266382 ], [ 451776.195066353713628, 5009045.265523745678365 ], [ 451772.477738855232019, 5009057.815011063590646 ], [ 451769.42229524400318, 5009070.541849635541439 ], [ 451767.037110278673936, 5009083.411156079731882 ], [ 451765.328721585392486, 5009096.387656522914767 ], [ 451764.30181173881283, 5009109.435783279128373 ], [ 451763.959195427480154, 5009122.519772339612246 ], [ 451764.30181173881283, 5009135.603761400096118 ], [ 451765.328721585392486, 5009148.651888156309724 ], [ 451767.037110278673936, 5009161.62838859949261 ], [ 451769.42229524400318, 5009174.497695043683052 ], [ 451772.477738855232019, 5009187.224533615633845 ], [ 451776.195066353713628, 5009199.774020933546126 ], [ 451780.564088803192135, 5009212.111759725958109 ], [ 451785.572831016848795, 5009224.203933108597994 ], [ 451791.207564380369149, 5009236.017397274263203 ], [ 451797.452844481391367, 5009247.519772339612246 ], [ 451804.29155344114406, 5009258.679531093686819 ], [ 451811.704946833720896, 5009269.466085412539542 ], [ 451819.672705063247122, 5009279.849870102480054 ], [ 451828.17298905813368, 5009289.8024239288643 ], [ 451837.182500130846165, 5009299.296467636711895 ], [ 451846.676543837762438, 5009308.305978708900511 ], [ 451856.629097665019799, 5009316.806262703612447 ], [ 451867.012882354378235, 5009324.774020933546126 ], [ 451877.799436673696619, 5009332.187414325773716 ], [ 451888.959195427480154, 5009339.026123285293579 ], [ 451900.461570492596366, 5009345.271403386257589 ], [ 451912.275034658552613, 5009350.906136750243604 ], [ 451924.36720804113429, 5009355.914878963492811 ], [ 451936.704946833720896, 5009360.283901412971318 ], [ 451949.254434151866008, 5009364.001228911802173 ], [ 451961.981272723060101, 5009367.056672522798181 ], [ 451974.850579167425167, 5009369.441857488825917 ], [ 451987.827079610549845, 5009371.15024618152529 ], [ 452000.87520636676345, 5009372.177156028337777 ], [ 452013.959195427480154, 5009372.519772339612246 ], [ 452027.043184488196857, 5009372.177156028337777 ], [ 452040.091311244410463, 5009371.15024618152529 ], [ 452053.067811687535141, 5009369.441857488825917 ], [ 452065.937118131900206, 5009367.056672522798181 ], [ 452078.6639567030943, 5009364.001228911802173 ], [ 452091.213444021239411, 5009360.283901412971318 ], [ 452103.551182813826017, 5009355.914878963492811 ], [ 452115.643356196407694, 5009350.906136750243604 ], [ 452127.456820362363942, 5009345.271403386257589 ], [ 452138.959195427480154, 5009339.026123285293579 ], [ 452150.118954181263689, 5009332.187414325773716 ], [ 452160.905508500582073, 5009324.774020933546126 ], [ 452171.289293189940508, 5009316.806262703612447 ], [ 452181.24184701719787, 5009308.305978708900511 ], [ 452190.735890724114142, 5009299.296467636711895 ], [ 452199.745401796826627, 5009289.8024239288643 ], [ 452208.245685791713186, 5009279.849870102480054 ], [ 452216.213444021239411, 5009269.466085412539542 ], [ 452223.626837413816247, 5009258.679531093686819 ], [ 452230.465546373568941, 5009247.519772339612246 ], [ 452236.710826474591158, 5009236.017397274263203 ], [ 452242.345559838111512, 5009224.203933108597994 ], [ 452247.354302051768173, 5009212.111759725958109 ], [ 452251.72332450124668, 5009199.774020933546126 ], [ 452255.440651999728289, 5009187.224533615633845 ], [ 452258.496095610957127, 5009174.497695043683052 ], [ 452260.881280576286372, 5009161.62838859949261 ], [ 452262.589669269567821, 5009148.651888156309724 ], [ 452263.616579116147477, 5009135.603761400096118 ], [ 452263.959195427480154, 5009122.519772339612246 ] ] ] } },
{ "type": "Feature", "properties": { "site": 2, "transect": 2.3 }, "geometry": { "type": "Polygon", "coordinates": [ [ [ 452083.344839826633688, 5009019.833772604353726 ], [ 452083.002223515301012, 5009006.749783543869853 ], [ 452081.975313668721355, 5008993.701656787656248 ], [ 452080.266924975439906, 5008980.725156344473362 ], [ 452077.881740010110661, 5008967.855849900282919 ], [ 452074.826296398881823, 5008955.129011328332126 ], [ 452071.108968900400214, 5008942.579524010419846 ], [ 452066.739946450921707, 5008930.241785218007863 ], [ 452061.731204237265047, 5008918.149611835367978 ], [ 452056.096470873744693, 5008906.336147669702768 ], [ 452049.851190772722475, 5008894.833772604353726 ], [ 452043.012481812969781, 5008883.674013850279152 ], [ 452035.599088420392945, 5008872.88745953142643 ], [ 452027.63133019086672, 5008862.503674841485918 ], [ 452019.131046195980161, 5008852.551121015101671 ], [ 452010.121535123267677, 5008843.057077307254076 ], [ 452000.627491416351404, 5008834.04756623506546 ], [ 451990.674937589094043, 5008825.547282240353525 ], [ 451980.291152899735607, 5008817.579524010419846 ], [ 451969.504598580417223, 5008810.166130618192255 ], [ 451958.344839826633688, 5008803.327421658672392 ], [ 451946.842464761517476, 5008797.082141557708383 ], [ 451935.029000595561229, 5008791.447408193722367 ], [ 451922.936827212979551, 5008786.438665980473161 ], [ 451910.599088420392945, 5008782.069643530994654 ], [ 451898.049601102247834, 5008778.352316032163799 ], [ 451885.322762531053741, 5008775.296872421167791 ], [ 451872.453456086688675, 5008772.911687455140054 ], [ 451859.476955643563997, 5008771.203298762440681 ], [ 451846.428828887350392, 5008770.176388915628195 ], [ 451833.344839826633688, 5008769.833772604353726 ], [ 451820.260850765916985, 5008770.176388915628195 ], [ 451807.212724009703379, 5008771.203298762440681 ], [ 451794.236223566578701, 5008772.911687455140054 ], [ 451781.366917122213636, 5008775.296872421167791 ], [ 451768.640078551019542, 5008778.352316032163799 ], [ 451756.090591232874431, 5008782.069643530994654 ], [ 451743.752852440287825, 5008786.438665980473161 ], [ 451731.660679057706147, 5008791.447408193722367 ], [ 451719.8472148917499, 5008797.082141557708383 ], [ 451708.344839826633688, 5008803.327421658672392 ], [ 451697.185081072850153, 5008810.166130618192255 ], [ 451686.398526753531769, 5008817.579524010419846 ], [ 451676.014742064173333, 5008825.547282240353525 ], [ 451666.062188236915972, 5008834.04756623506546 ], [ 451656.568144529999699, 5008843.057077307254076 ], [ 451647.558633457287215, 5008852.551121015101671 ], [ 451639.058349462400656, 5008862.503674841485918 ], [ 451631.090591232874431, 5008872.88745953142643 ], [ 451623.677197840297595, 5008883.674013850279152 ], [ 451616.838488880544901, 5008894.833772604353726 ], [ 451610.593208779522683, 5008906.336147669702768 ], [ 451604.958475416002329, 5008918.149611835367978 ], [ 451599.949733202345669, 5008930.241785218007863 ], [ 451595.580710752867162, 5008942.579524010419846 ], [ 451591.863383254385553, 5008955.129011328332126 ], [ 451588.807939643156715, 5008967.855849900282919 ], [ 451586.42275467782747, 5008980.725156344473362 ], [ 451584.714365984546021, 5008993.701656787656248 ], [ 451583.687456137966365, 5009006.749783543869853 ], [ 451583.344839826633688, 5009019.833772604353726 ], [ 451583.687456137966365, 5009032.917761664837599 ], [ 451584.714365984546021, 5009045.965888421051204 ], [ 451586.42275467782747, 5009058.94238886423409 ], [ 451588.807939643156715, 5009071.811695308424532 ], [ 451591.863383254385553, 5009084.538533880375326 ], [ 451595.580710752867162, 5009097.088021198287606 ], [ 451599.949733202345669, 5009109.425759990699589 ], [ 451604.958475416002329, 5009121.517933373339474 ], [ 451610.593208779522683, 5009133.331397539004683 ], [ 451616.838488880544901, 5009144.833772604353726 ], [ 451623.677197840297595, 5009155.993531358428299 ], [ 451631.090591232874431, 5009166.780085677281022 ], [ 451639.058349462400656, 5009177.163870367221534 ], [ 451647.558633457287215, 5009187.116424193605781 ], [ 451656.568144529999699, 5009196.610467901453376 ], [ 451666.062188236915972, 5009205.619978973641992 ], [ 451676.014742064173333, 5009214.120262968353927 ], [ 451686.398526753531769, 5009222.088021198287606 ], [ 451697.185081072850153, 5009229.501414590515196 ], [ 451708.344839826633688, 5009236.340123550035059 ], [ 451719.8472148917499, 5009242.585403650999069 ], [ 451731.660679057706147, 5009248.220137014985085 ], [ 451743.752852440287825, 5009253.228879228234291 ], [ 451756.090591232874431, 5009257.597901677712798 ], [ 451768.640078551019542, 5009261.315229176543653 ], [ 451781.366917122213636, 5009264.370672787539661 ], [ 451794.236223566578701, 5009266.755857753567398 ], [ 451807.212724009703379, 5009268.46424644626677 ], [ 451820.260850765916985, 5009269.491156293079257 ], [ 451833.344839826633688, 5009269.833772604353726 ], [ 451846.428828887350392, 5009269.491156293079257 ], [ 451859.476955643563997, 5009268.46424644626677 ], [ 451872.453456086688675, 5009266.755857753567398 ], [ 451885.322762531053741, 5009264.370672787539661 ], [ 451898.049601102247834, 5009261.315229176543653 ], [ 451910.599088420392945, 5009257.597901677712798 ], [ 451922.936827212979551, 5009253.228879228234291 ], [ 451935.029000595561229, 5009248.220137014985085 ], [ 451946.842464761517476, 5009242.585403650999069 ], [ 451958.344839826633688, 5009236.340123550035059 ], [ 451969.504598580417223, 5009229.501414590515196 ], [ 451980.291152899735607, 5009222.088021198287606 ], [ 451990.674937589094043, 5009214.120262968353927 ], [ 452000.627491416351404, 5009205.619978973641992 ], [ 452010.121535123267677, 5009196.610467901453376 ], [ 452019.131046195980161, 5009187.116424193605781 ], [ 452027.63133019086672, 5009177.163870367221534 ], [ 452035.599088420392945, 5009166.780085677281022 ], [ 452043.012481812969781, 5009155.993531358428299 ], [ 452049.851190772722475, 5009144.833772604353726 ], [ 452056.096470873744693, 5009133.331397539004683 ], [ 452061.731204237265047, 5009121.517933373339474 ], [ 452066.739946450921707, 5009109.425759990699589 ], [ 452071.108968900400214, 5009097.088021198287606 ], [ 452074.826296398881823, 5009084.538533880375326 ], [ 452077.881740010110661, 5009071.811695308424532 ], [ 452080.266924975439906, 5009058.94238886423409 ], [ 452081.975313668721355, 5009045.965888421051204 ], [ 452083.002223515301012, 5009032.917761664837599 ], [ 452083.344839826633688, 5009019.833772604353726 ] ] ] } },
{ "type": "Feature", "properties": { "site": 2, "transect": 2.4 }, "geometry": { "type": "Polygon", "coordinates": [ [ [ 452248.049805355840363, 5009102.614861198700964 ], [ 452247.707189044507686, 5009089.530872138217092 ], [ 452246.68027919792803, 5009076.482745382003486 ], [ 452244.971890504646581, 5009063.506244938820601 ], [ 452242.586705539317336, 5009050.636938494630158 ], [ 452239.531261928088497, 5009037.910099922679365 ], [ 452235.813934429606888, 5009025.360612604767084 ], [ 452231.444911980128381, 5009013.022873812355101 ], [ 452226.436169766471721, 5009000.930700429715216 ], [ 452220.801436402951367, 5008989.117236264050007 ], [ 452214.55615630192915, 5008977.614861198700964 ], [ 452207.717447342176456, 5008966.455102444626391 ], [ 452200.30405394959962, 5008955.668548125773668 ], [ 452192.336295720073394, 5008945.284763435833156 ], [ 452183.836011725186836, 5008935.33220960944891 ], [ 452174.826500652474351, 5008925.838165901601315 ], [ 452165.332456945558079, 5008916.828654829412699 ], [ 452155.379903118300717, 5008908.328370834700763 ], [ 452144.996118428942282, 5008900.360612604767084 ], [ 452134.209564109623898, 5008892.947219212539494 ], [ 452123.049805355840363, 5008886.108510253019631 ], [ 452111.547430290724151, 5008879.863230152055621 ], [ 452099.733966124767903, 5008874.228496788069606 ], [ 452087.641792742186226, 5008869.219754574820399 ], [ 452075.30405394959962, 5008864.850732125341892 ], [ 452062.754566631454509, 5008861.133404626511037 ], [ 452050.027728060260415, 5008858.077961015515029 ], [ 452037.15842161589535, 5008855.692776049487293 ], [ 452024.181921172770672, 5008853.98438735678792 ], [ 452011.133794416557066, 5008852.957477509975433 ], [ 451998.049805355840363, 5008852.614861198700964 ], [ 451984.965816295123659, 5008852.957477509975433 ], [ 451971.917689538910054, 5008853.98438735678792 ], [ 451958.941189095785376, 5008855.692776049487293 ], [ 451946.07188265142031, 5008858.077961015515029 ], [ 451933.345044080226216, 5008861.133404626511037 ], [ 451920.795556762081105, 5008864.850732125341892 ], [ 451908.457817969494499, 5008869.219754574820399 ], [ 451896.365644586912822, 5008874.228496788069606 ], [ 451884.552180420956574, 5008879.863230152055621 ], [ 451873.049805355840363, 5008886.108510253019631 ], [ 451861.890046602056827, 5008892.947219212539494 ], [ 451851.103492282738443, 5008900.360612604767084 ], [ 451840.719707593380008, 5008908.328370834700763 ], [ 451830.767153766122647, 5008916.828654829412699 ], [ 451821.273110059206374, 5008925.838165901601315 ], [ 451812.263598986493889, 5008935.33220960944891 ], [ 451803.763314991607331, 5008945.284763435833156 ], [ 451795.795556762081105, 5008955.668548125773668 ], [ 451788.382163369504269, 5008966.455102444626391 ], [ 451781.543454409751575, 5008977.614861198700964 ], [ 451775.298174308729358, 5008989.117236264050007 ], [ 451769.663440945209004, 5009000.930700429715216 ], [ 451764.654698731552344, 5009013.022873812355101 ], [ 451760.285676282073837, 5009025.360612604767084 ], [ 451756.568348783592228, 5009037.910099922679365 ], [ 451753.512905172363389, 5009050.636938494630158 ], [ 451751.127720207034145, 5009063.506244938820601 ], [ 451749.419331513752695, 5009076.482745382003486 ], [ 451748.392421667173039, 5009089.530872138217092 ], [ 451748.049805355840363, 5009102.614861198700964 ], [ 451748.392421667173039, 5009115.698850259184837 ], [ 451749.419331513752695, 5009128.746977015398443 ], [ 451751.127720207034145, 5009141.723477458581328 ], [ 451753.512905172363389, 5009154.592783902771771 ], [ 451756.568348783592228, 5009167.319622474722564 ], [ 451760.285676282073837, 5009179.869109792634845 ], [ 451764.654698731552344, 5009192.206848585046828 ], [ 451769.663440945209004, 5009204.299021967686713 ], [ 451775.298174308729358, 5009216.112486133351922 ], [ 451781.543454409751575, 5009227.614861198700964 ], [ 451788.382163369504269, 5009238.774619952775538 ], [ 451795.795556762081105, 5009249.561174271628261 ], [ 451803.763314991607331, 5009259.944958961568773 ], [ 451812.263598986493889, 5009269.897512787953019 ], [ 451821.273110059206374, 5009279.391556495800614 ], [ 451830.767153766122647, 5009288.40106756798923 ], [ 451840.719707593380008, 5009296.901351562701166 ], [ 451851.103492282738443, 5009304.869109792634845 ], [ 451861.890046602056827, 5009312.282503184862435 ], [ 451873.049805355840363, 5009319.121212144382298 ], [ 451884.552180420956574, 5009325.366492245346308 ], [ 451896.365644586912822, 5009331.001225609332323 ], [ 451908.457817969494499, 5009336.00996782258153 ], [ 451920.795556762081105, 5009340.378990272060037 ], [ 451933.345044080226216, 5009344.096317770890892 ], [ 451946.07188265142031, 5009347.151761381886899 ], [ 451958.941189095785376, 5009349.536946347914636 ], [ 451971.917689538910054, 5009351.245335040614009 ], [ 451984.965816295123659, 5009352.272244887426496 ], [ 451998.049805355840363, 5009352.614861198700964 ], [ 452011.133794416557066, 5009352.272244887426496 ], [ 452024.181921172770672, 5009351.245335040614009 ], [ 452037.15842161589535, 5009349.536946347914636 ], [ 452050.027728060260415, 5009347.151761381886899 ], [ 452062.754566631454509, 5009344.096317770890892 ], [ 452075.30405394959962, 5009340.378990272060037 ], [ 452087.641792742186226, 5009336.00996782258153 ], [ 452099.733966124767903, 5009331.001225609332323 ], [ 452111.547430290724151, 5009325.366492245346308 ], [ 452123.049805355840363, 5009319.121212144382298 ], [ 452134.209564109623898, 5009312.282503184862435 ], [ 452144.996118428942282, 5009304.869109792634845 ], [ 452155.379903118300717, 5009296.901351562701166 ], [ 452165.332456945558079, 5009288.40106756798923 ], [ 452174.826500652474351, 5009279.391556495800614 ], [ 452183.836011725186836, 5009269.897512787953019 ], [ 452192.336295720073394, 5009259.944958961568773 ], [ 452200.30405394959962, 5009249.561174271628261 ], [ 452207.717447342176456, 5009238.774619952775538 ], [ 452214.55615630192915, 5009227.614861198700964 ], [ 452220.801436402951367, 5009216.112486133351922 ], [ 452226.436169766471721, 5009204.299021967686713 ], [ 452231.444911980128381, 5009192.206848585046828 ], [ 452235.813934429606888, 5009179.869109792634845 ], [ 452239.531261928088497, 5009167.319622474722564 ], [ 452242.586705539317336, 5009154.592783902771771 ], [ 452244.971890504646581, 5009141.723477458581328 ], [ 452246.68027919792803, 5009128.746977015398443 ], [ 452247.707189044507686, 5009115.698850259184837 ], [ 452248.049805355840363, 5009102.614861198700964 ] ] ] } },
{ "type": "Feature", "properties": { "site": 2, "transect": 2.5 }, "geometry": { "type": "Polygon", "coordinates": [ [ [ 452145.440706346649677, 5009066.694197344593704 ], [ 452145.098090035317, 5009053.610208284109831 ], [ 452144.071180188737344, 5009040.562081527896225 ], [ 452142.362791495455895, 5009027.58558108471334 ], [ 452139.97760653012665, 5009014.716274640522897 ], [ 452136.922162918897811, 5009001.989436068572104 ], [ 452133.204835420416202, 5008989.439948750659823 ], [ 452128.835812970937695, 5008977.10220995824784 ], [ 452123.827070757281035, 5008965.010036575607955 ], [ 452118.192337393760681, 5008953.196572409942746 ], [ 452111.947057292738464, 5008941.694197344593704 ], [ 452105.10834833298577, 5008930.53443859051913 ], [ 452097.694954940408934, 5008919.747884271666408 ], [ 452089.727196710882708, 5008909.364099581725895 ], [ 452081.22691271599615, 5008899.411545755341649 ], [ 452072.217401643283665, 5008889.917502047494054 ], [ 452062.723357936367393, 5008880.907990975305438 ], [ 452052.770804109110031, 5008872.407706980593503 ], [ 452042.387019419751596, 5008864.439948750659823 ], [ 452031.600465100433212, 5008857.026555358432233 ], [ 452020.440706346649677, 5008850.18784639891237 ], [ 452008.938331281533465, 5008843.94256629794836 ], [ 451997.124867115577217, 5008838.307832933962345 ], [ 451985.03269373299554, 5008833.299090720713139 ], [ 451972.694954940408934, 5008828.930068271234632 ], [ 451960.145467622263823, 5008825.212740772403777 ], [ 451947.418629051069729, 5008822.157297161407769 ], [ 451934.549322606704663, 5008819.772112195380032 ], [ 451921.572822163579985, 5008818.063723502680659 ], [ 451908.52469540736638, 5008817.036813655868173 ], [ 451895.440706346649677, 5008816.694197344593704 ], [ 451882.356717285932973, 5008817.036813655868173 ], [ 451869.308590529719368, 5008818.063723502680659 ], [ 451856.33209008659469, 5008819.772112195380032 ], [ 451843.462783642229624, 5008822.157297161407769 ], [ 451830.73594507103553, 5008825.212740772403777 ], [ 451818.186457752890419, 5008828.930068271234632 ], [ 451805.848718960303813, 5008833.299090720713139 ], [ 451793.756545577722136, 5008838.307832933962345 ], [ 451781.943081411765888, 5008843.94256629794836 ], [ 451770.440706346649677, 5008850.18784639891237 ], [ 451759.280947592866141, 5008857.026555358432233 ], [ 451748.494393273547757, 5008864.439948750659823 ], [ 451738.110608584189322, 5008872.407706980593503 ], [ 451728.158054756931961, 5008880.907990975305438 ], [ 451718.664011050015688, 5008889.917502047494054 ], [ 451709.654499977303203, 5008899.411545755341649 ], [ 451701.154215982416645, 5008909.364099581725895 ], [ 451693.186457752890419, 5008919.747884271666408 ], [ 451685.773064360313583, 5008930.53443859051913 ], [ 451678.934355400560889, 5008941.694197344593704 ], [ 451672.689075299538672, 5008953.196572409942746 ], [ 451667.054341936018318, 5008965.010036575607955 ], [ 451662.045599722361658, 5008977.10220995824784 ], [ 451657.676577272883151, 5008989.439948750659823 ], [ 451653.959249774401542, 5009001.989436068572104 ], [ 451650.903806163172703, 5009014.716274640522897 ], [ 451648.518621197843459, 5009027.58558108471334 ], [ 451646.810232504562009, 5009040.562081527896225 ], [ 451645.783322657982353, 5009053.610208284109831 ], [ 451645.440706346649677, 5009066.694197344593704 ], [ 451645.783322657982353, 5009079.778186405077577 ], [ 451646.810232504562009, 5009092.826313161291182 ], [ 451648.518621197843459, 5009105.802813604474068 ], [ 451650.903806163172703, 5009118.67212004866451 ], [ 451653.959249774401542, 5009131.398958620615304 ], [ 451657.676577272883151, 5009143.948445938527584 ], [ 451662.045599722361658, 5009156.286184730939567 ], [ 451667.054341936018318, 5009168.378358113579452 ], [ 451672.689075299538672, 5009180.191822279244661 ], [ 451678.934355400560889, 5009191.694197344593704 ], [ 451685.773064360313583, 5009202.853956098668277 ], [ 451693.186457752890419, 5009213.640510417521 ], [ 451701.154215982416645, 5009224.024295107461512 ], [ 451709.654499977303203, 5009233.976848933845758 ], [ 451718.664011050015688, 5009243.470892641693354 ], [ 451728.158054756931961, 5009252.480403713881969 ], [ 451738.110608584189322, 5009260.980687708593905 ], [ 451748.494393273547757, 5009268.948445938527584 ], [ 451759.280947592866141, 5009276.361839330755174 ], [ 451770.440706346649677, 5009283.200548290275037 ], [ 451781.943081411765888, 5009289.445828391239047 ], [ 451793.756545577722136, 5009295.080561755225062 ], [ 451805.848718960303813, 5009300.089303968474269 ], [ 451818.186457752890419, 5009304.458326417952776 ], [ 451830.73594507103553, 5009308.175653916783631 ], [ 451843.462783642229624, 5009311.231097527779639 ], [ 451856.33209008659469, 5009313.616282493807375 ], [ 451869.308590529719368, 5009315.324671186506748 ], [ 451882.356717285932973, 5009316.351581033319235 ], [ 451895.440706346649677, 5009316.694197344593704 ], [ 451908.52469540736638, 5009316.351581033319235 ], [ 451921.572822163579985, 5009315.324671186506748 ], [ 451934.549322606704663, 5009313.616282493807375 ], [ 451947.418629051069729, 5009311.231097527779639 ], [ 451960.145467622263823, 5009308.175653916783631 ], [ 451972.694954940408934, 5009304.458326417952776 ], [ 451985.03269373299554, 5009300.089303968474269 ], [ 451997.124867115577217, 5009295.080561755225062 ], [ 452008.938331281533465, 5009289.445828391239047 ], [ 452020.440706346649677, 5009283.200548290275037 ], [ 452031.600465100433212, 5009276.361839330755174 ], [ 452042.387019419751596, 5009268.948445938527584 ], [ 452052.770804109110031, 5009260.980687708593905 ], [ 452062.723357936367393, 5009252.480403713881969 ], [ 452072.217401643283665, 5009243.470892641693354 ], [ 452081.22691271599615, 5009233.976848933845758 ], [ 452089.727196710882708, 5009224.024295107461512 ], [ 452097.694954940408934, 5009213.640510417521 ], [ 452105.10834833298577, 5009202.853956098668277 ], [ 452111.947057292738464, 5009191.694197344593704 ], [ 452118.192337393760681, 5009180.191822279244661 ], [ 452123.827070757281035, 5009168.378358113579452 ], [ 452128.835812970937695, 5009156.286184730939567 ], [ 452133.204835420416202, 5009143.948445938527584 ], [ 452136.922162918897811, 5009131.398958620615304 ], [ 452139.97760653012665, 5009118.67212004866451 ], [ 452142.362791495455895, 5009105.802813604474068 ], [ 452144.071180188737344, 5009092.826313161291182 ], [ 452145.098090035317, 5009079.778186405077577 ], [ 452145.440706346649677, 5009066.694197344593704 ] ] ] } },
{ "type": "Feature", "properties": { "site": 2, "transect": 2.6 }, "geometry": { "type": "Polygon", "coordinates": [ [ [ 452150.577675518463366, 5009069.173785045742989 ], [ 452150.235059207130689, 5009056.089795985259116 ], [ 452149.208149360551033, 5009043.04166922904551 ], [ 452147.499760667269584, 5009030.065168785862625 ], [ 452145.114575701940339, 5009017.195862341672182 ], [ 452142.0591320907115, 5009004.469023769721389 ], [ 452138.341804592229892, 5008991.919536451809108 ], [ 452133.972782142751385, 5008979.581797659397125 ], [ 452128.964039929094724, 5008967.48962427675724 ], [ 452123.32930656557437, 5008955.676160111092031 ], [ 452117.084026464552153, 5008944.173785045742989 ], [ 452110.245317504799459, 5008933.014026291668415 ], [ 452102.831924112222623, 5008922.227471972815692 ], [ 452094.864165882696398, 5008911.84368728287518 ], [ 452086.363881887809839, 5008901.891133456490934 ], [ 452077.354370815097354, 5008892.397089748643339 ], [ 452067.860327108181082, 5008883.387578676454723 ], [ 452057.90777328092372, 5008874.887294681742787 ], [ 452047.523988591565285, 5008866.919536451809108 ], [ 452036.737434272246901, 5008859.506143059581518 ], [ 452025.577675518463366, 5008852.667434100061655 ], [ 452014.075300453347154, 5008846.422153999097645 ], [ 452002.261836287390906, 5008840.78742063511163 ], [ 451990.169662904809229, 5008835.778678421862423 ], [ 451977.831924112222623, 5008831.409655972383916 ], [ 451965.282436794077512, 5008827.692328473553061 ], [ 451952.555598222883418, 5008824.636884862557054 ], [ 451939.686291778518353, 5008822.251699896529317 ], [ 451926.709791335393675, 5008820.543311203829944 ], [ 451913.661664579180069, 5008819.516401357017457 ], [ 451900.577675518463366, 5008819.173785045742989 ], [ 451887.493686457746662, 5008819.516401357017457 ], [ 451874.445559701533057, 5008820.543311203829944 ], [ 451861.469059258408379, 5008822.251699896529317 ], [ 451848.599752814043313, 5008824.636884862557054 ], [ 451835.87291424284922, 5008827.692328473553061 ], [ 451823.323426924704108, 5008831.409655972383916 ], [ 451810.985688132117502, 5008835.778678421862423 ], [ 451798.893514749535825, 5008840.78742063511163 ], [ 451787.080050583579578, 5008846.422153999097645 ], [ 451775.577675518463366, 5008852.667434100061655 ], [ 451764.417916764679831, 5008859.506143059581518 ], [ 451753.631362445361447, 5008866.919536451809108 ], [ 451743.247577756003011, 5008874.887294681742787 ], [ 451733.29502392874565, 5008883.387578676454723 ], [ 451723.800980221829377, 5008892.397089748643339 ], [ 451714.791469149116892, 5008901.891133456490934 ], [ 451706.291185154230334, 5008911.84368728287518 ], [ 451698.323426924704108, 5008922.227471972815692 ], [ 451690.910033532127272, 5008933.014026291668415 ], [ 451684.071324572374579, 5008944.173785045742989 ], [ 451677.826044471352361, 5008955.676160111092031 ], [ 451672.191311107832007, 5008967.48962427675724 ], [ 451667.182568894175347, 5008979.581797659397125 ], [ 451662.81354644469684, 5008991.919536451809108 ], [ 451659.096218946215231, 5009004.469023769721389 ], [ 451656.040775334986392, 5009017.195862341672182 ], [ 451653.655590369657148, 5009030.065168785862625 ], [ 451651.947201676375698, 5009043.04166922904551 ], [ 451650.920291829796042, 5009056.089795985259116 ], [ 451650.577675518463366, 5009069.173785045742989 ], [ 451650.920291829796042, 5009082.257774106226861 ], [ 451651.947201676375698, 5009095.305900862440467 ], [ 451653.655590369657148, 5009108.282401305623353 ], [ 451656.040775334986392, 5009121.151707749813795 ], [ 451659.096218946215231, 5009133.878546321764588 ], [ 451662.81354644469684, 5009146.428033639676869 ], [ 451667.182568894175347, 5009158.765772432088852 ], [ 451672.191311107832007, 5009170.857945814728737 ], [ 451677.826044471352361, 5009182.671409980393946 ], [ 451684.071324572374579, 5009194.173785045742989 ], [ 451690.910033532127272, 5009205.333543799817562 ], [ 451698.323426924704108, 5009216.120098118670285 ], [ 451706.291185154230334, 5009226.503882808610797 ], [ 451714.791469149116892, 5009236.456436634995043 ], [ 451723.800980221829377, 5009245.950480342842638 ], [ 451733.29502392874565, 5009254.959991415031254 ], [ 451743.247577756003011, 5009263.46027540974319 ], [ 451753.631362445361447, 5009271.428033639676869 ], [ 451764.417916764679831, 5009278.841427031904459 ], [ 451775.577675518463366, 5009285.680135991424322 ], [ 451787.080050583579578, 5009291.925416092388332 ], [ 451798.893514749535825, 5009297.560149456374347 ], [ 451810.985688132117502, 5009302.568891669623554 ], [ 451823.323426924704108, 5009306.937914119102061 ], [ 451835.87291424284922, 5009310.655241617932916 ], [ 451848.599752814043313, 5009313.710685228928924 ], [ 451861.469059258408379, 5009316.09587019495666 ], [ 451874.445559701533057, 5009317.804258887656033 ], [ 451887.493686457746662, 5009318.83116873446852 ], [ 451900.577675518463366, 5009319.173785045742989 ], [ 451913.661664579180069, 5009318.83116873446852 ], [ 451926.709791335393675, 5009317.804258887656033 ], [ 451939.686291778518353, 5009316.09587019495666 ], [ 451952.555598222883418, 5009313.710685228928924 ], [ 451965.282436794077512, 5009310.655241617932916 ], [ 451977.831924112222623, 5009306.937914119102061 ], [ 451990.169662904809229, 5009302.568891669623554 ], [ 452002.261836287390906, 5009297.560149456374347 ], [ 452014.075300453347154, 5009291.925416092388332 ], [ 452025.577675518463366, 5009285.680135991424322 ], [ 452036.737434272246901, 5009278.841427031904459 ], [ 452047.523988591565285, 5009271.428033639676869 ], [ 452057.90777328092372, 5009263.46027540974319 ], [ 452067.860327108181082, 5009254.959991415031254 ], [ 452077.354370815097354, 5009245.950480342842638 ], [ 452086.363881887809839, 5009236.456436634995043 ], [ 452094.864165882696398, 5009226.503882808610797 ], [ 452102.831924112222623, 5009216.120098118670285 ], [ 452110.245317504799459, 5009205.333543799817562 ], [ 452117.084026464552153, 5009194.173785045742989 ], [ 452123.32930656557437, 5009182.671409980393946 ], [ 452128.964039929094724, 5009170.857945814728737 ], [ 452133.972782142751385, 5009158.765772432088852 ], [ 452138.341804592229892, 5009146.428033639676869 ], [ 452142.0591320907115, 5009133.878546321764588 ], [ 452145.114575701940339, 5009121.151707749813795 ], [ 452147.499760667269584, 5009108.282401305623353 ], [ 452149.208149360551033, 5009095.305900862440467 ], [ 452150.235059207130689, 5009082.257774106226861 ], [ 452150.577675518463366, 5009069.173785045742989 ] ] ] } },
{ "type": "Feature", "properties": { "site": 3, "transect": 3.1 }, "geometry": { "type": "Polygon", "coordinates": [ [ [ 376077.785098933847621, 5040937.903013350442052 ], [ 376077.442482622514945, 5040924.819024289958179 ], [ 376076.415572775935289, 5040911.770897533744574 ], [ 376074.707184082653839, 5040898.794397090561688 ], [ 376072.321999117324594, 5040885.925090646371245 ], [ 376069.266555506095756, 5040873.198252074420452 ], [ 376065.549228007614147, 5040860.648764756508172 ], [ 376061.18020555813564, 5040848.311025964096189 ], [ 376056.17146334447898, 5040836.218852581456304 ], [ 376050.536729980958626, 5040824.405388415791094 ], [ 376044.291449879936408, 5040812.903013350442052 ], [ 376037.452740920183714, 5040801.743254596367478 ], [ 376030.039347527606878, 5040790.956700277514756 ], [ 376022.071589298080653, 5040780.572915587574244 ], [ 376013.571305303194094, 5040770.620361761189997 ], [ 376004.56179423048161, 5040761.126318053342402 ], [ 375995.067750523565337, 5040752.116806981153786 ], [ 375985.115196696307976, 5040743.616522986441851 ], [ 375974.73141200694954, 5040735.648764756508172 ], [ 375963.944857687631156, 5040728.235371364280581 ], [ 375952.785098933847621, 5040721.396662404760718 ], [ 375941.282723868731409, 5040715.151382303796709 ], [ 375929.469259702775162, 5040709.516648939810693 ], [ 375917.377086320193484, 5040704.507906726561487 ], [ 375905.039347527606878, 5040700.13888427708298 ], [ 375892.489860209461767, 5040696.421556778252125 ], [ 375879.763021638267674, 5040693.366113167256117 ], [ 375866.893715193902608, 5040690.98092820122838 ], [ 375853.91721475077793, 5040689.272539508529007 ], [ 375840.869087994564325, 5040688.245629661716521 ], [ 375827.785098933847621, 5040687.903013350442052 ], [ 375814.701109873130918, 5040688.245629661716521 ], [ 375801.652983116917312, 5040689.272539508529007 ], [ 375788.676482673792634, 5040690.98092820122838 ], [ 375775.807176229427569, 5040693.366113167256117 ], [ 375763.080337658233475, 5040696.421556778252125 ], [ 375750.530850340088364, 5040700.13888427708298 ], [ 375738.193111547501758, 5040704.507906726561487 ], [ 375726.10093816492008, 5040709.516648939810693 ], [ 375714.287473998963833, 5040715.151382303796709 ], [ 375702.785098933847621, 5040721.396662404760718 ], [ 375691.625340180064086, 5040728.235371364280581 ], [ 375680.838785860745702, 5040735.648764756508172 ], [ 375670.455001171387266, 5040743.616522986441851 ], [ 375660.502447344129905, 5040752.116806981153786 ], [ 375651.008403637213632, 5040761.126318053342402 ], [ 375641.998892564501148, 5040770.620361761189997 ], [ 375633.498608569614589, 5040780.572915587574244 ], [ 375625.530850340088364, 5040790.956700277514756 ], [ 375618.117456947511528, 5040801.743254596367478 ], [ 375611.278747987758834, 5040812.903013350442052 ], [ 375605.033467886736616, 5040824.405388415791094 ], [ 375599.398734523216262, 5040836.218852581456304 ], [ 375594.389992309559602, 5040848.311025964096189 ], [ 375590.020969860081095, 5040860.648764756508172 ], [ 375586.303642361599486, 5040873.198252074420452 ], [ 375583.248198750370648, 5040885.925090646371245 ], [ 375580.863013785041403, 5040898.794397090561688 ], [ 375579.154625091759954, 5040911.770897533744574 ], [ 375578.127715245180298, 5040924.819024289958179 ], [ 375577.785098933847621, 5040937.903013350442052 ], [ 375578.127715245180298, 5040950.987002410925925 ], [ 375579.154625091759954, 5040964.03512916713953 ], [ 375580.863013785041403, 5040977.011629610322416 ], [ 375583.248198750370648, 5040989.880936054512858 ], [ 375586.303642361599486, 5041002.607774626463652 ], [ 375590.020969860081095, 5041015.157261944375932 ], [ 375594.389992309559602, 5041027.495000736787915 ], [ 375599.398734523216262, 5041039.5871741194278 ], [ 375605.033467886736616, 5041051.400638285093009 ], [ 375611.278747987758834, 5041062.903013350442052 ], [ 375618.117456947511528, 5041074.062772104516625 ], [ 375625.530850340088364, 5041084.849326423369348 ], [ 375633.498608569614589, 5041095.23311111330986 ], [ 375641.998892564501148, 5041105.185664939694107 ], [ 375651.008403637213632, 5041114.679708647541702 ], [ 375660.502447344129905, 5041123.689219719730318 ], [ 375670.455001171387266, 5041132.189503714442253 ], [ 375680.838785860745702, 5041140.157261944375932 ], [ 375691.625340180064086, 5041147.570655336603522 ], [ 375702.785098933847621, 5041154.409364296123385 ], [ 375714.287473998963833, 5041160.654644397087395 ], [ 375726.10093816492008, 5041166.289377761073411 ], [ 375738.193111547501758, 5041171.298119974322617 ], [ 375750.530850340088364, 5041175.667142423801124 ], [ 375763.080337658233475, 5041179.384469922631979 ], [ 375775.807176229427569, 5041182.439913533627987 ], [ 375788.676482673792634, 5041184.825098499655724 ], [ 375801.652983116917312, 5041186.533487192355096 ], [ 375814.701109873130918, 5041187.560397039167583 ], [ 375827.785098933847621, 5041187.903013350442052 ], [ 375840.869087994564325, 5041187.560397039167583 ], [ 375853.91721475077793, 5041186.533487192355096 ], [ 375866.893715193902608, 5041184.825098499655724 ], [ 375879.763021638267674, 5041182.439913533627987 ], [ 375892.489860209461767, 5041179.384469922631979 ], [ 375905.039347527606878, 5041175.667142423801124 ], [ 375917.377086320193484, 5041171.298119974322617 ], [ 375929.469259702775162, 5041166.289377761073411 ], [ 375941.282723868731409, 5041160.654644397087395 ], [ 375952.785098933847621, 5041154.409364296123385 ], [ 375963.944857687631156, 5041147.570655336603522 ], [ 375974.73141200694954, 5041140.157261944375932 ], [ 375985.115196696307976, 5041132.189503714442253 ], [ 375995.067750523565337, 5041123.689219719730318 ], [ 376004.56179423048161, 5041114.679708647541702 ], [ 376013.571305303194094, 5041105.185664939694107 ], [ 376022.071589298080653, 5041095.23311111330986 ], [ 376030.039347527606878, 5041084.849326423369348 ], [ 376037.452740920183714, 5041074.062772104516625 ], [ 376044.291449879936408, 5041062.903013350442052 ], [ 376050.536729980958626, 5041051.400638285093009 ], [ 376056.17146334447898, 5041039.5871741194278 ], [ 376061.18020555813564, 5041027.495000736787915 ], [ 376065.549228007614147, 5041015.157261944375932 ], [ 376069.266555506095756, 5041002.607774626463652 ], [ 376072.321999117324594, 5040989.880936054512858 ], [ 376074.707184082653839, 5040977.011629610322416 ], [ 376076.415572775935289, 5040964.03512916713953 ], [ 376077.442482622514945, 5040950.987002410925925 ], [ 376077.785098933847621, 5040937.903013350442052 ] ] ] } },
{ "type": "Feature", "properties": { "site": 3, "transect": 3.2 }, "geometry": { "type": "Polygon", "coordinates": [ [ [ 376325.066768546646927, 5040918.869639378041029 ], [ 376324.72415223531425, 5040905.785650317557156 ], [ 376323.697242388734594, 5040892.737523561343551 ], [ 376321.988853695453145, 5040879.761023118160665 ], [ 376319.6036687301239, 5040866.891716673970222 ], [ 376316.548225118895061, 5040854.164878102019429 ], [ 376312.830897620413452, 5040841.615390784107149 ], [ 376308.461875170934945, 5040829.277651991695166 ], [ 376303.453132957278285, 5040817.185478609055281 ], [ 376297.818399593757931, 5040805.372014443390071 ], [ 376291.573119492735714, 5040793.869639378041029 ], [ 376284.73441053298302, 5040782.709880623966455 ], [ 376277.321017140406184, 5040771.923326305113733 ], [ 376269.353258910879958, 5040761.539541615173221 ], [ 376260.8529749159934, 5040751.586987788788974 ], [ 376251.843463843280915, 5040742.092944080941379 ], [ 376242.349420136364643, 5040733.083433008752763 ], [ 376232.396866309107281, 5040724.583149014040828 ], [ 376222.013081619748846, 5040716.615390784107149 ], [ 376211.226527300430462, 5040709.201997391879559 ], [ 376200.066768546646927, 5040702.363288432359695 ], [ 376188.564393481530715, 5040696.118008331395686 ], [ 376176.750929315574467, 5040690.48327496740967 ], [ 376164.65875593299279, 5040685.474532754160464 ], [ 376152.321017140406184, 5040681.105510304681957 ], [ 376139.771529822261073, 5040677.388182805851102 ], [ 376127.044691251066979, 5040674.332739194855094 ], [ 376114.175384806701913, 5040671.947554228827357 ], [ 376101.198884363577235, 5040670.239165536127985 ], [ 376088.15075760736363, 5040669.212255689315498 ], [ 376075.066768546646927, 5040668.869639378041029 ], [ 376061.982779485930223, 5040669.212255689315498 ], [ 376048.934652729716618, 5040670.239165536127985 ], [ 376035.95815228659194, 5040671.947554228827357 ], [ 376023.088845842226874, 5040674.332739194855094 ], [ 376010.36200727103278, 5040677.388182805851102 ], [ 375997.812519952887669, 5040681.105510304681957 ], [ 375985.474781160301063, 5040685.474532754160464 ], [ 375973.382607777719386, 5040690.48327496740967 ], [ 375961.569143611763138, 5040696.118008331395686 ], [ 375950.066768546646927, 5040702.363288432359695 ], [ 375938.907009792863391, 5040709.201997391879559 ], [ 375928.120455473545007, 5040716.615390784107149 ], [ 375917.736670784186572, 5040724.583149014040828 ], [ 375907.784116956929211, 5040733.083433008752763 ], [ 375898.290073250012938, 5040742.092944080941379 ], [ 375889.280562177300453, 5040751.586987788788974 ], [ 375880.780278182413895, 5040761.539541615173221 ], [ 375872.812519952887669, 5040771.923326305113733 ], [ 375865.399126560310833, 5040782.709880623966455 ], [ 375858.560417600558139, 5040793.869639378041029 ], [ 375852.315137499535922, 5040805.372014443390071 ], [ 375846.680404136015568, 5040817.185478609055281 ], [ 375841.671661922358908, 5040829.277651991695166 ], [ 375837.302639472880401, 5040841.615390784107149 ], [ 375833.585311974398792, 5040854.164878102019429 ], [ 375830.529868363169953, 5040866.891716673970222 ], [ 375828.144683397840708, 5040879.761023118160665 ], [ 375826.436294704559259, 5040892.737523561343551 ], [ 375825.409384857979603, 5040905.785650317557156 ], [ 375825.066768546646927, 5040918.869639378041029 ], [ 375825.409384857979603, 5040931.953628438524902 ], [ 375826.436294704559259, 5040945.001755194738507 ], [ 375828.144683397840708, 5040957.978255637921393 ], [ 375830.529868363169953, 5040970.847562082111835 ], [ 375833.585311974398792, 5040983.574400654062629 ], [ 375837.302639472880401, 5040996.123887971974909 ], [ 375841.671661922358908, 5041008.461626764386892 ], [ 375846.680404136015568, 5041020.553800147026777 ], [ 375852.315137499535922, 5041032.367264312691987 ], [ 375858.560417600558139, 5041043.869639378041029 ], [ 375865.399126560310833, 5041055.029398132115602 ], [ 375872.812519952887669, 5041065.815952450968325 ], [ 375880.780278182413895, 5041076.199737140908837 ], [ 375889.280562177300453, 5041086.152290967293084 ], [ 375898.290073250012938, 5041095.646334675140679 ], [ 375907.784116956929211, 5041104.655845747329295 ], [ 375917.736670784186572, 5041113.15612974204123 ], [ 375928.120455473545007, 5041121.123887971974909 ], [ 375938.907009792863391, 5041128.537281364202499 ], [ 375950.066768546646927, 5041135.375990323722363 ], [ 375961.569143611763138, 5041141.621270424686372 ], [ 375973.382607777719386, 5041147.256003788672388 ], [ 375985.474781160301063, 5041152.264746001921594 ], [ 375997.812519952887669, 5041156.633768451400101 ], [ 376010.36200727103278, 5041160.351095950230956 ], [ 376023.088845842226874, 5041163.406539561226964 ], [ 376035.95815228659194, 5041165.791724527254701 ], [ 376048.934652729716618, 5041167.500113219954073 ], [ 376061.982779485930223, 5041168.52702306676656 ], [ 376075.066768546646927, 5041168.869639378041029 ], [ 376088.15075760736363, 5041168.52702306676656 ], [ 376101.198884363577235, 5041167.500113219954073 ], [ 376114.175384806701913, 5041165.791724527254701 ], [ 376127.044691251066979, 5041163.406539561226964 ], [ 376139.771529822261073, 5041160.351095950230956 ], [ 376152.321017140406184, 5041156.633768451400101 ], [ 376164.65875593299279, 5041152.264746001921594 ], [ 376176.750929315574467, 5041147.256003788672388 ], [ 376188.564393481530715, 5041141.621270424686372 ], [ 376200.066768546646927, 5041135.375990323722363 ], [ 376211.226527300430462, 5041128.537281364202499 ], [ 376222.013081619748846, 5041121.123887971974909 ], [ 376232.396866309107281, 5041113.15612974204123 ], [ 376242.349420136364643, 5041104.655845747329295 ], [ 376251.843463843280915, 5041095.646334675140679 ], [ 376260.8529749159934, 5041086.152290967293084 ], [ 376269.353258910879958, 5041076.199737140908837 ], [ 376277.321017140406184, 5041065.815952450968325 ], [ 376284.73441053298302, 5041055.029398132115602 ], [ 376291.573119492735714, 5041043.869639378041029 ], [ 376297.818399593757931, 5041032.367264312691987 ], [ 376303.453132957278285, 5041020.553800147026777 ], [ 376308.461875170934945, 5041008.461626764386892 ], [ 376312.830897620413452, 5040996.123887971974909 ], [ 376316.548225118895061, 5040983.574400654062629 ], [ 376319.6036687301239, 5040970.847562082111835 ], [ 376321.988853695453145, 5040957.978255637921393 ], [ 376323.697242388734594, 5040945.001755194738507 ], [ 376324.72415223531425, 5040931.953628438524902 ], [ 376325.066768546646927, 5040918.869639378041029 ] ] ] } },
{ "type": "Feature", "properties": { "site": 3, "transect": 3.3 }, "geometry": { "type": "Polygon", "coordinates": [ [ [ 376325.066768546646927, 5040918.869639378041029 ], [ 376324.72415223531425, 5040905.785650317557156 ], [ 376323.697242388734594, 5040892.737523561343551 ], [ 376321.988853695453145, 5040879.761023118160665 ], [ 376319.6036687301239, 5040866.891716673970222 ], [ 376316.548225118895061, 5040854.164878102019429 ], [ 376312.830897620413452, 5040841.615390784107149 ], [ 376308.461875170934945, 5040829.277651991695166 ], [ 376303.453132957278285, 5040817.185478609055281 ], [ 376297.818399593757931, 5040805.372014443390071 ], [ 376291.573119492735714, 5040793.869639378041029 ], [ 376284.73441053298302, 5040782.709880623966455 ], [ 376277.321017140406184, 5040771.923326305113733 ], [ 376269.353258910879958, 5040761.539541615173221 ], [ 376260.8529749159934, 5040751.586987788788974 ], [ 376251.843463843280915, 5040742.092944080941379 ], [ 376242.349420136364643, 5040733.083433008752763 ], [ 376232.396866309107281, 5040724.583149014040828 ], [ 376222.013081619748846, 5040716.615390784107149 ], [ 376211.226527300430462, 5040709.201997391879559 ], [ 376200.066768546646927, 5040702.363288432359695 ], [ 376188.564393481530715, 5040696.118008331395686 ], [ 376176.750929315574467, 5040690.48327496740967 ], [ 376164.65875593299279, 5040685.474532754160464 ], [ 376152.321017140406184, 5040681.105510304681957 ], [ 376139.771529822261073, 5040677.388182805851102 ], [ 376127.044691251066979, 5040674.332739194855094 ], [ 376114.175384806701913, 5040671.947554228827357 ], [ 376101.198884363577235, 5040670.239165536127985 ], [ 376088.15075760736363, 5040669.212255689315498 ], [ 376075.066768546646927, 5040668.869639378041029 ], [ 376061.982779485930223, 5040669.212255689315498 ], [ 376048.934652729716618, 5040670.239165536127985 ], [ 376035.95815228659194, 5040671.947554228827357 ], [ 376023.088845842226874, 5040674.332739194855094 ], [ 376010.36200727103278, 5040677.388182805851102 ], [ 375997.812519952887669, 5040681.105510304681957 ], [ 375985.474781160301063, 5040685.474532754160464 ], [ 375973.382607777719386, 5040690.48327496740967 ], [ 375961.569143611763138, 5040696.118008331395686 ], [ 375950.066768546646927, 5040702.363288432359695 ], [ 375938.907009792863391, 5040709.201997391879559 ], [ 375928.120455473545007, 5040716.615390784107149 ], [ 375917.736670784186572, 5040724.583149014040828 ], [ 375907.784116956929211, 5040733.083433008752763 ], [ 375898.290073250012938, 5040742.092944080941379 ], [ 375889.280562177300453, 5040751.586987788788974 ], [ 375880.780278182413895, 5040761.539541615173221 ], [ 375872.812519952887669, 5040771.923326305113733 ], [ 375865.399126560310833, 5040782.709880623966455 ], [ 375858.560417600558139, 5040793.869639378041029 ], [ 375852.315137499535922, 5040805.372014443390071 ], [ 375846.680404136015568, 5040817.185478609055281 ], [ 375841.671661922358908, 5040829.277651991695166 ], [ 375837.302639472880401, 5040841.615390784107149 ], [ 375833.585311974398792, 5040854.164878102019429 ], [ 375830.529868363169953, 5040866.891716673970222 ], [ 375828.144683397840708, 5040879.761023118160665 ], [ 375826.436294704559259, 5040892.737523561343551 ], [ 375825.409384857979603, 5040905.785650317557156 ], [ 375825.066768546646927, 5040918.869639378041029 ], [ 375825.409384857979603, 5040931.953628438524902 ], [ 375826.436294704559259, 5040945.001755194738507 ], [ 375828.144683397840708, 5040957.978255637921393 ], [ 375830.529868363169953, 5040970.847562082111835 ], [ 375833.585311974398792, 5040983.574400654062629 ], [ 375837.302639472880401, 5040996.123887971974909 ], [ 375841.671661922358908, 5041008.461626764386892 ], [ 375846.680404136015568, 5041020.553800147026777 ], [ 375852.315137499535922, 5041032.367264312691987 ], [ 375858.560417600558139, 5041043.869639378041029 ], [ 375865.399126560310833, 5041055.029398132115602 ], [ 375872.812519952887669, 5041065.815952450968325 ], [ 375880.780278182413895, 5041076.199737140908837 ], [ 375889.280562177300453, 5041086.152290967293084 ], [ 375898.290073250012938, 5041095.646334675140679 ], [ 375907.784116956929211, 5041104.655845747329295 ], [ 375917.736670784186572, 5041113.15612974204123 ], [ 375928.120455473545007, 5041121.123887971974909 ], [ 375938.907009792863391, 5041128.537281364202499 ], [ 375950.066768546646927, 5041135.375990323722363 ], [ 375961.569143611763138, 5041141.621270424686372 ], [ 375973.382607777719386, 5041147.256003788672388 ], [ 375985.474781160301063, 5041152.264746001921594 ], [ 375997.812519952887669, 5041156.633768451400101 ], [ 376010.36200727103278, 5041160.351095950230956 ], [ 376023.088845842226874, 5041163.406539561226964 ], [ 376035.95815228659194, 5041165.791724527254701 ], [ 376048.934652729716618, 5041167.500113219954073 ], [ 376061.982779485930223, 5041168.52702306676656 ], [ 376075.066768546646927, 5041168.869639378041029 ], [ 376088.15075760736363, 5041168.52702306676656 ], [ 376101.198884363577235, 5041167.500113219954073 ], [ 376114.175384806701913, 5041165.791724527254701 ], [ 376127.044691251066979, 5041163.406539561226964 ], [ 376139.771529822261073, 5041160.351095950230956 ], [ 376152.321017140406184, 5041156.633768451400101 ], [ 376164.65875593299279, 5041152.264746001921594 ], [ 376176.750929315574467, 5041147.256003788672388 ], [ 376188.564393481530715, 5041141.621270424686372 ], [ 376200.066768546646927, 5041135.375990323722363 ], [ 376211.226527300430462, 5041128.537281364202499 ], [ 376222.013081619748846, 5041121.123887971974909 ], [ 376232.396866309107281, 5041113.15612974204123 ], [ 376242.349420136364643, 5041104.655845747329295 ], [ 376251.843463843280915, 5041095.646334675140679 ], [ 376260.8529749159934, 5041086.152290967293084 ], [ 376269.353258910879958, 5041076.199737140908837 ], [ 376277.321017140406184, 5041065.815952450968325 ], [ 376284.73441053298302, 5041055.029398132115602 ], [ 376291.573119492735714, 5041043.869639378041029 ], [ 376297.818399593757931, 5041032.367264312691987 ], [ 376303.453132957278285, 5041020.553800147026777 ], [ 376308.461875170934945, 5041008.461626764386892 ], [ 376312.830897620413452, 5040996.123887971974909 ], [ 376316.548225118895061, 5040983.574400654062629 ], [ 376319.6036687301239, 5040970.847562082111835 ], [ 376321.988853695453145, 5040957.978255637921393 ], [ 376323.697242388734594, 5040945.001755194738507 ], [ 376324.72415223531425, 5040931.953628438524902 ], [ 376325.066768546646927, 5040918.869639378041029 ] ] ] } },
{ "type": "Feature", "properties": { "site": 3, "transect": 3.4 }, "geometry": { "type": "Polygon", "coordinates": [ [ [ 375995.050898205197882, 5041075.873906247317791 ], [ 375994.708281893865205, 5041062.789917186833918 ], [ 375993.681372047285549, 5041049.741790430620313 ], [ 375991.9729833540041, 5041036.765289987437427 ], [ 375989.587798388674855, 5041023.895983543246984 ], [ 375986.532354777446017, 5041011.169144971296191 ], [ 375982.815027278964408, 5040998.619657653383911 ], [ 375978.446004829485901, 5040986.281918860971928 ], [ 375973.437262615829241, 5040974.189745478332043 ], [ 375967.802529252308886, 5040962.376281312666833 ], [ 375961.557249151286669, 5040950.873906247317791 ], [ 375954.718540191533975, 5040939.714147493243217 ], [ 375947.305146798957139, 5040928.927593174390495 ], [ 375939.337388569430914, 5040918.543808484449983 ], [ 375930.837104574544355, 5040908.591254658065736 ], [ 375921.827593501831871, 5040899.097210950218141 ], [ 375912.333549794915598, 5040890.087699878029525 ], [ 375902.380995967658237, 5040881.58741588331759 ], [ 375891.997211278299801, 5040873.619657653383911 ], [ 375881.210656958981417, 5040866.206264261156321 ], [ 375870.050898205197882, 5040859.367555301636457 ], [ 375858.54852314008167, 5040853.122275200672448 ], [ 375846.735058974125423, 5040847.487541836686432 ], [ 375834.642885591543745, 5040842.478799623437226 ], [ 375822.305146798957139, 5040838.109777173958719 ], [ 375809.755659480812028, 5040834.392449675127864 ], [ 375797.028820909617934, 5040831.337006064131856 ], [ 375784.159514465252869, 5040828.951821098104119 ], [ 375771.183014022128191, 5040827.243432405404747 ], [ 375758.134887265914585, 5040826.21652255859226 ], [ 375745.050898205197882, 5040825.873906247317791 ], [ 375731.966909144481178, 5040826.21652255859226 ], [ 375718.918782388267573, 5040827.243432405404747 ], [ 375705.942281945142895, 5040828.951821098104119 ], [ 375693.072975500777829, 5040831.337006064131856 ], [ 375680.346136929583736, 5040834.392449675127864 ], [ 375667.796649611438625, 5040838.109777173958719 ], [ 375655.458910818852019, 5040842.478799623437226 ], [ 375643.366737436270341, 5040847.487541836686432 ], [ 375631.553273270314094, 5040853.122275200672448 ], [ 375620.050898205197882, 5040859.367555301636457 ], [ 375608.891139451414347, 5040866.206264261156321 ], [ 375598.104585132095963, 5040873.619657653383911 ], [ 375587.720800442737527, 5040881.58741588331759 ], [ 375577.768246615480166, 5040890.087699878029525 ], [ 375568.274202908563893, 5040899.097210950218141 ], [ 375559.264691835851409, 5040908.591254658065736 ], [ 375550.76440784096485, 5040918.543808484449983 ], [ 375542.796649611438625, 5040928.927593174390495 ], [ 375535.383256218861789, 5040939.714147493243217 ], [ 375528.544547259109095, 5040950.873906247317791 ], [ 375522.299267158086877, 5040962.376281312666833 ], [ 375516.664533794566523, 5040974.189745478332043 ], [ 375511.655791580909863, 5040986.281918860971928 ], [ 375507.286769131431356, 5040998.619657653383911 ], [ 375503.569441632949747, 5041011.169144971296191 ], [ 375500.513998021720909, 5041023.895983543246984 ], [ 375498.128813056391664, 5041036.765289987437427 ], [ 375496.420424363110214, 5041049.741790430620313 ], [ 375495.393514516530558, 5041062.789917186833918 ], [ 375495.050898205197882, 5041075.873906247317791 ], [ 375495.393514516530558, 5041088.957895307801664 ], [ 375496.420424363110214, 5041102.006022064015269 ], [ 375498.128813056391664, 5041114.982522507198155 ], [ 375500.513998021720909, 5041127.851828951388597 ], [ 375503.569441632949747, 5041140.578667523339391 ], [ 375507.286769131431356, 5041153.128154841251671 ], [ 375511.655791580909863, 5041165.465893633663654 ], [ 375516.664533794566523, 5041177.558067016303539 ], [ 375522.299267158086877, 5041189.371531181968749 ], [ 375528.544547259109095, 5041200.873906247317791 ], [ 375535.383256218861789, 5041212.033665001392365 ], [ 375542.796649611438625, 5041222.820219320245087 ], [ 375550.76440784096485, 5041233.204004010185599 ], [ 375559.264691835851409, 5041243.156557836569846 ], [ 375568.274202908563893, 5041252.650601544417441 ], [ 375577.768246615480166, 5041261.660112616606057 ], [ 375587.720800442737527, 5041270.160396611317992 ], [ 375598.104585132095963, 5041278.128154841251671 ], [ 375608.891139451414347, 5041285.541548233479261 ], [ 375620.050898205197882, 5041292.380257192999125 ], [ 375631.553273270314094, 5041298.625537293963134 ], [ 375643.366737436270341, 5041304.26027065794915 ], [ 375655.458910818852019, 5041309.269012871198356 ], [ 375667.796649611438625, 5041313.638035320676863 ], [ 375680.346136929583736, 5041317.355362819507718 ], [ 375693.072975500777829, 5041320.410806430503726 ], [ 375705.942281945142895, 5041322.795991396531463 ], [ 375718.918782388267573, 5041324.504380089230835 ], [ 375731.966909144481178, 5041325.531289936043322 ], [ 375745.050898205197882, 5041325.873906247317791 ], [ 375758.134887265914585, 5041325.531289936043322 ], [ 375771.183014022128191, 5041324.504380089230835 ], [ 375784.159514465252869, 5041322.795991396531463 ], [ 375797.028820909617934, 5041320.410806430503726 ], [ 375809.755659480812028, 5041317.355362819507718 ], [ 375822.305146798957139, 5041313.638035320676863 ], [ 375834.642885591543745, 5041309.269012871198356 ], [ 375846.735058974125423, 5041304.26027065794915 ], [ 375858.54852314008167, 5041298.625537293963134 ], [ 375870.050898205197882, 5041292.380257192999125 ], [ 375881.210656958981417, 5041285.541548233479261 ], [ 375891.997211278299801, 5041278.128154841251671 ], [ 375902.380995967658237, 5041270.160396611317992 ], [ 375912.333549794915598, 5041261.660112616606057 ], [ 375921.827593501831871, 5041252.650601544417441 ], [ 375930.837104574544355, 5041243.156557836569846 ], [ 375939.337388569430914, 5041233.204004010185599 ], [ 375947.305146798957139, 5041222.820219320245087 ], [ 375954.718540191533975, 5041212.033665001392365 ], [ 375961.557249151286669, 5041200.873906247317791 ], [ 375967.802529252308886, 5041189.371531181968749 ], [ 375973.437262615829241, 5041177.558067016303539 ], [ 375978.446004829485901, 5041165.465893633663654 ], [ 375982.815027278964408, 5041153.128154841251671 ], [ 375986.532354777446017, 5041140.578667523339391 ], [ 375989.587798388674855, 5041127.851828951388597 ], [ 375991.9729833540041, 5041114.982522507198155 ], [ 375993.681372047285549, 5041102.006022064015269 ], [ 375994.708281893865205, 5041088.957895307801664 ], [ 375995.050898205197882, 5041075.873906247317791 ] ] ] } },
{ "type": "Feature", "properties": { "site": 3, "transect": 3.5 }, "geometry": { "type": "Polygon", "coordinates": [ [ [ 376213.324551838450134, 5041011.444254434667528 ], [ 376212.981935527117457, 5040998.360265374183655 ], [ 376211.955025680537801, 5040985.312138617970049 ], [ 376210.246636987256352, 5040972.335638174787164 ], [ 376207.861452021927107, 5040959.466331730596721 ], [ 376204.806008410698269, 5040946.739493158645928 ], [ 376201.08868091221666, 5040934.190005840733647 ], [ 376196.719658462738153, 5040921.852267048321664 ], [ 376191.710916249081492, 5040909.760093665681779 ], [ 376186.076182885561138, 5040897.94662950001657 ], [ 376179.830902784538921, 5040886.444254434667528 ], [ 376172.992193824786227, 5040875.284495680592954 ], [ 376165.578800432209391, 5040864.497941361740232 ], [ 376157.611042202683166, 5040854.114156671799719 ], [ 376149.110758207796607, 5040844.161602845415473 ], [ 376140.101247135084122, 5040834.667559137567878 ], [ 376130.60720342816785, 5040825.658048065379262 ], [ 376120.654649600910489, 5040817.157764070667326 ], [ 376110.270864911552053, 5040809.190005840733647 ], [ 376099.484310592233669, 5040801.776612448506057 ], [ 376088.324551838450134, 5040794.937903488986194 ], [ 376076.822176773333922, 5040788.692623388022184 ], [ 376065.008712607377674, 5040783.057890024036169 ], [ 376052.916539224795997, 5040778.049147810786963 ], [ 376040.578800432209391, 5040773.680125361308455 ], [ 376028.02931311406428, 5040769.962797862477601 ], [ 376015.302474542870186, 5040766.907354251481593 ], [ 376002.433168098505121, 5040764.522169285453856 ], [ 375989.456667655380443, 5040762.813780592754483 ], [ 375976.408540899166837, 5040761.786870745941997 ], [ 375963.324551838450134, 5040761.444254434667528 ], [ 375950.24056277773343, 5040761.786870745941997 ], [ 375937.192436021519825, 5040762.813780592754483 ], [ 375924.215935578395147, 5040764.522169285453856 ], [ 375911.346629134030081, 5040766.907354251481593 ], [ 375898.619790562835988, 5040769.962797862477601 ], [ 375886.070303244690876, 5040773.680125361308455 ], [ 375873.73256445210427, 5040778.049147810786963 ], [ 375861.640391069522593, 5040783.057890024036169 ], [ 375849.826926903566346, 5040788.692623388022184 ], [ 375838.324551838450134, 5040794.937903488986194 ], [ 375827.164793084666599, 5040801.776612448506057 ], [ 375816.378238765348215, 5040809.190005840733647 ], [ 375805.994454075989779, 5040817.157764070667326 ], [ 375796.041900248732418, 5040825.658048065379262 ], [ 375786.547856541816145, 5040834.667559137567878 ], [ 375777.53834546910366, 5040844.161602845415473 ], [ 375769.038061474217102, 5040854.114156671799719 ], [ 375761.070303244690876, 5040864.497941361740232 ], [ 375753.65690985211404, 5040875.284495680592954 ], [ 375746.818200892361347, 5040886.444254434667528 ], [ 375740.572920791339129, 5040897.94662950001657 ], [ 375734.938187427818775, 5040909.760093665681779 ], [ 375729.929445214162115, 5040921.852267048321664 ], [ 375725.560422764683608, 5040934.190005840733647 ], [ 375721.843095266201999, 5040946.739493158645928 ], [ 375718.78765165497316, 5040959.466331730596721 ], [ 375716.402466689643916, 5040972.335638174787164 ], [ 375714.694077996362466, 5040985.312138617970049 ], [ 375713.66716814978281, 5040998.360265374183655 ], [ 375713.324551838450134, 5041011.444254434667528 ], [ 375713.66716814978281, 5041024.528243495151401 ], [ 375714.694077996362466, 5041037.576370251365006 ], [ 375716.402466689643916, 5041050.552870694547892 ], [ 375718.78765165497316, 5041063.422177138738334 ], [ 375721.843095266201999, 5041076.149015710689127 ], [ 375725.560422764683608, 5041088.698503028601408 ], [ 375729.929445214162115, 5041101.036241821013391 ], [ 375734.938187427818775, 5041113.128415203653276 ], [ 375740.572920791339129, 5041124.941879369318485 ], [ 375746.818200892361347, 5041136.444254434667528 ], [ 375753.65690985211404, 5041147.604013188742101 ], [ 375761.070303244690876, 5041158.390567507594824 ], [ 375769.038061474217102, 5041168.774352197535336 ], [ 375777.53834546910366, 5041178.726906023919582 ], [ 375786.547856541816145, 5041188.220949731767178 ], [ 375796.041900248732418, 5041197.230460803955793 ], [ 375805.994454075989779, 5041205.730744798667729 ], [ 375816.378238765348215, 5041213.698503028601408 ], [ 375827.164793084666599, 5041221.111896420828998 ], [ 375838.324551838450134, 5041227.950605380348861 ], [ 375849.826926903566346, 5041234.195885481312871 ], [ 375861.640391069522593, 5041239.830618845298886 ], [ 375873.73256445210427, 5041244.839361058548093 ], [ 375886.070303244690876, 5041249.2083835080266 ], [ 375898.619790562835988, 5041252.925711006857455 ], [ 375911.346629134030081, 5041255.981154617853463 ], [ 375924.215935578395147, 5041258.366339583881199 ], [ 375937.192436021519825, 5041260.074728276580572 ], [ 375950.24056277773343, 5041261.101638123393059 ], [ 375963.324551838450134, 5041261.444254434667528 ], [ 375976.408540899166837, 5041261.101638123393059 ], [ 375989.456667655380443, 5041260.074728276580572 ], [ 376002.433168098505121, 5041258.366339583881199 ], [ 376015.302474542870186, 5041255.981154617853463 ], [ 376028.02931311406428, 5041252.925711006857455 ], [ 376040.578800432209391, 5041249.2083835080266 ], [ 376052.916539224795997, 5041244.839361058548093 ], [ 376065.008712607377674, 5041239.830618845298886 ], [ 376076.822176773333922, 5041234.195885481312871 ], [ 376088.324551838450134, 5041227.950605380348861 ], [ 376099.484310592233669, 5041221.111896420828998 ], [ 376110.270864911552053, 5041213.698503028601408 ], [ 376120.654649600910489, 5041205.730744798667729 ], [ 376130.60720342816785, 5041197.230460803955793 ], [ 376140.101247135084122, 5041188.220949731767178 ], [ 376149.110758207796607, 5041178.726906023919582 ], [ 376157.611042202683166, 5041168.774352197535336 ], [ 376165.578800432209391, 5041158.390567507594824 ], [ 376172.992193824786227, 5041147.604013188742101 ], [ 376179.830902784538921, 5041136.444254434667528 ], [ 376186.076182885561138, 5041124.941879369318485 ], [ 376191.710916249081492, 5041113.128415203653276 ], [ 376196.719658462738153, 5041101.036241821013391 ], [ 376201.08868091221666, 5041088.698503028601408 ], [ 376204.806008410698269, 5041076.149015710689127 ], [ 376207.861452021927107, 5041063.422177138738334 ], [ 376210.246636987256352, 5041050.552870694547892 ], [ 376211.955025680537801, 5041037.576370251365006 ], [ 376212.981935527117457, 5041024.528243495151401 ], [ 376213.324551838450134, 5041011.444254434667528 ] ] ] } },
{ "type": "Feature", "properties": { "site": 3, "transect": 3.6 }, "geometry": { "type": "Polygon", "coordinates": [ [ [ 376213.324551838450134, 5041011.444254434667528 ], [ 376212.981935527117457, 5040998.360265374183655 ], [ 376211.955025680537801, 5040985.312138617970049 ], [ 376210.246636987256352, 5040972.335638174787164 ], [ 376207.861452021927107, 5040959.466331730596721 ], [ 376204.806008410698269, 5040946.739493158645928 ], [ 376201.08868091221666, 5040934.190005840733647 ], [ 376196.719658462738153, 5040921.852267048321664 ], [ 376191.710916249081492, 5040909.760093665681779 ], [ 376186.076182885561138, 5040897.94662950001657 ], [ 376179.830902784538921, 5040886.444254434667528 ], [ 376172.992193824786227, 5040875.284495680592954 ], [ 376165.578800432209391, 5040864.497941361740232 ], [ 376157.611042202683166, 5040854.114156671799719 ], [ 376149.110758207796607, 5040844.161602845415473 ], [ 376140.101247135084122, 5040834.667559137567878 ], [ 376130.60720342816785, 5040825.658048065379262 ], [ 376120.654649600910489, 5040817.157764070667326 ], [ 376110.270864911552053, 5040809.190005840733647 ], [ 376099.484310592233669, 5040801.776612448506057 ], [ 376088.324551838450134, 5040794.937903488986194 ], [ 376076.822176773333922, 5040788.692623388022184 ], [ 376065.008712607377674, 5040783.057890024036169 ], [ 376052.916539224795997, 5040778.049147810786963 ], [ 376040.578800432209391, 5040773.680125361308455 ], [ 376028.02931311406428, 5040769.962797862477601 ], [ 376015.302474542870186, 5040766.907354251481593 ], [ 376002.433168098505121, 5040764.522169285453856 ], [ 375989.456667655380443, 5040762.813780592754483 ], [ 375976.408540899166837, 5040761.786870745941997 ], [ 375963.324551838450134, 5040761.444254434667528 ], [ 375950.24056277773343, 5040761.786870745941997 ], [ 375937.192436021519825, 5040762.813780592754483 ], [ 375924.215935578395147, 5040764.522169285453856 ], [ 375911.346629134030081, 5040766.907354251481593 ], [ 375898.619790562835988, 5040769.962797862477601 ], [ 375886.070303244690876, 5040773.680125361308455 ], [ 375873.73256445210427, 5040778.049147810786963 ], [ 375861.640391069522593, 5040783.057890024036169 ], [ 375849.826926903566346, 5040788.692623388022184 ], [ 375838.324551838450134, 5040794.937903488986194 ], [ 375827.164793084666599, 5040801.776612448506057 ], [ 375816.378238765348215, 5040809.190005840733647 ], [ 375805.994454075989779, 5040817.157764070667326 ], [ 375796.041900248732418, 5040825.658048065379262 ], [ 375786.547856541816145, 5040834.667559137567878 ], [ 375777.53834546910366, 5040844.161602845415473 ], [ 375769.038061474217102, 5040854.114156671799719 ], [ 375761.070303244690876, 5040864.497941361740232 ], [ 375753.65690985211404, 5040875.284495680592954 ], [ 375746.818200892361347, 5040886.444254434667528 ], [ 375740.572920791339129, 5040897.94662950001657 ], [ 375734.938187427818775, 5040909.760093665681779 ], [ 375729.929445214162115, 5040921.852267048321664 ], [ 375725.560422764683608, 5040934.190005840733647 ], [ 375721.843095266201999, 5040946.739493158645928 ], [ 375718.78765165497316, 5040959.466331730596721 ], [ 375716.402466689643916, 5040972.335638174787164 ], [ 375714.694077996362466, 5040985.312138617970049 ], [ 375713.66716814978281, 5040998.360265374183655 ], [ 375713.324551838450134, 5041011.444254434667528 ], [ 375713.66716814978281, 5041024.528243495151401 ], [ 375714.694077996362466, 5041037.576370251365006 ], [ 375716.402466689643916, 5041050.552870694547892 ], [ 375718.78765165497316, 5041063.422177138738334 ], [ 375721.843095266201999, 5041076.149015710689127 ], [ 375725.560422764683608, 5041088.698503028601408 ], [ 375729.929445214162115, 5041101.036241821013391 ], [ 375734.938187427818775, 5041113.128415203653276 ], [ 375740.572920791339129, 5041124.941879369318485 ], [ 375746.818200892361347, 5041136.444254434667528 ], [ 375753.65690985211404, 5041147.604013188742101 ], [ 375761.070303244690876, 5041158.390567507594824 ], [ 375769.038061474217102, 5041168.774352197535336 ], [ 375777.53834546910366, 5041178.726906023919582 ], [ 375786.547856541816145, 5041188.220949731767178 ], [ 375796.041900248732418, 5041197.230460803955793 ], [ 375805.994454075989779, 5041205.730744798667729 ], [ 375816.378238765348215, 5041213.698503028601408 ], [ 375827.164793084666599, 5041221.111896420828998 ], [ 375838.324551838450134, 5041227.950605380348861 ], [ 375849.826926903566346, 5041234.195885481312871 ], [ 375861.640391069522593, 5041239.830618845298886 ], [ 375873.73256445210427, 5041244.839361058548093 ], [ 375886.070303244690876, 5041249.2083835080266 ], [ 375898.619790562835988, 5041252.925711006857455 ], [ 375911.346629134030081, 5041255.981154617853463 ], [ 375924.215935578395147, 5041258.366339583881199 ], [ 375937.192436021519825, 5041260.074728276580572 ], [ 375950.24056277773343, 5041261.101638123393059 ], [ 375963.324551838450134, 5041261.444254434667528 ], [ 375976.408540899166837, 5041261.101638123393059 ], [ 375989.456667655380443, 5041260.074728276580572 ], [ 376002.433168098505121, 5041258.366339583881199 ], [ 376015.302474542870186, 5041255.981154617853463 ], [ 376028.02931311406428, 5041252.925711006857455 ], [ 376040.578800432209391, 5041249.2083835080266 ], [ 376052.916539224795997, 5041244.839361058548093 ], [ 376065.008712607377674, 5041239.830618845298886 ], [ 376076.822176773333922, 5041234.195885481312871 ], [ 376088.324551838450134, 5041227.950605380348861 ], [ 376099.484310592233669, 5041221.111896420828998 ], [ 376110.270864911552053, 5041213.698503028601408 ], [ 376120.654649600910489, 5041205.730744798667729 ], [ 376130.60720342816785, 5041197.230460803955793 ], [ 376140.101247135084122, 5041188.220949731767178 ], [ 376149.110758207796607, 5041178.726906023919582 ], [ 376157.611042202683166, 5041168.774352197535336 ], [ 376165.578800432209391, 5041158.390567507594824 ], [ 376172.992193824786227, 5041147.604013188742101 ], [ 376179.830902784538921, 5041136.444254434667528 ], [ 376186.076182885561138, 5041124.941879369318485 ], [ 376191.710916249081492, 5041113.128415203653276 ], [ 376196.719658462738153, 5041101.036241821013391 ], [ 376201.08868091221666, 5041088.698503028601408 ], [ 376204.806008410698269, 5041076.149015710689127 ], [ 376207.861452021927107, 5041063.422177138738334 ], [ 376210.246636987256352, 5041050.552870694547892 ], [ 376211.955025680537801, 5041037.576370251365006 ], [ 376212.981935527117457, 5041024.528243495151401 ], [ 376213.324551838450134, 5041011.444254434667528 ] ] ] } },
{ "type": "Feature", "properties": { "site": 4, "transect": 4.1 }, "geometry": { "type": "Polygon", "coordinates": [ [ [ 480857.318825683847535, 5004933.273108070716262 ], [ 480856.976209372514859, 5004920.189119010232389 ], [ 480855.949299525935203, 5004907.140992254018784 ], [ 480854.240910832653753, 5004894.164491810835898 ], [ 480851.855725867324509, 5004881.295185366645455 ], [ 480848.80028225609567, 5004868.568346794694662 ], [ 480845.082954757614061, 5004856.018859476782382 ], [ 480840.713932308135554, 5004843.681120684370399 ], [ 480835.705190094478894, 5004831.588947301730514 ], [ 480830.07045673095854, 5004819.775483136065304 ], [ 480823.825176629936323, 5004808.273108070716262 ], [ 480816.986467670183629, 5004797.113349316641688 ], [ 480809.573074277606793, 5004786.326794997788966 ], [ 480801.605316048080567, 5004775.943010307848454 ], [ 480793.105032053194009, 5004765.990456481464207 ], [ 480784.095520980481524, 5004756.496412773616612 ], [ 480774.601477273565251, 5004747.486901701427996 ], [ 480764.64892344630789, 5004738.986617706716061 ], [ 480754.265138756949455, 5004731.018859476782382 ], [ 480743.478584437631071, 5004723.605466084554791 ], [ 480732.318825683847535, 5004716.766757125034928 ], [ 480720.816450618731324, 5004710.521477024070919 ], [ 480709.002986452775076, 5004704.886743660084903 ], [ 480696.910813070193399, 5004699.878001446835697 ], [ 480684.573074277606793, 5004695.50897899735719 ], [ 480672.023586959461682, 5004691.791651498526335 ], [ 480659.296748388267588, 5004688.736207887530327 ], [ 480646.427441943902522, 5004686.35102292150259 ], [ 480633.450941500777844, 5004684.642634228803217 ], [ 480620.402814744564239, 5004683.615724381990731 ], [ 480607.318825683847535, 5004683.273108070716262 ], [ 480594.234836623130832, 5004683.615724381990731 ], [ 480581.186709866917226, 5004684.642634228803217 ], [ 480568.210209423792548, 5004686.35102292150259 ], [ 480555.340902979427483, 5004688.736207887530327 ], [ 480542.614064408233389, 5004691.791651498526335 ], [ 480530.064577090088278, 5004695.50897899735719 ], [ 480517.726838297501672, 5004699.878001446835697 ], [ 480505.634664914919995, 5004704.886743660084903 ], [ 480493.821200748963747, 5004710.521477024070919 ], [ 480482.318825683847535, 5004716.766757125034928 ], [ 480471.159066930064, 5004723.605466084554791 ], [ 480460.372512610745616, 5004731.018859476782382 ], [ 480449.988727921387181, 5004738.986617706716061 ], [ 480440.036174094129819, 5004747.486901701427996 ], [ 480430.542130387213547, 5004756.496412773616612 ], [ 480421.532619314501062, 5004765.990456481464207 ], [ 480413.032335319614504, 5004775.943010307848454 ], [ 480405.064577090088278, 5004786.326794997788966 ], [ 480397.651183697511442, 5004797.113349316641688 ], [ 480390.812474737758748, 5004808.273108070716262 ], [ 480384.567194636736531, 5004819.775483136065304 ], [ 480378.932461273216177, 5004831.588947301730514 ], [ 480373.923719059559517, 5004843.681120684370399 ], [ 480369.55469661008101, 5004856.018859476782382 ], [ 480365.837369111599401, 5004868.568346794694662 ], [ 480362.781925500370562, 5004881.295185366645455 ], [ 480360.396740535041317, 5004894.164491810835898 ], [ 480358.688351841759868, 5004907.140992254018784 ], [ 480357.661441995180212, 5004920.189119010232389 ], [ 480357.318825683847535, 5004933.273108070716262 ], [ 480357.661441995180212, 5004946.357097131200135 ], [ 480358.688351841759868, 5004959.40522388741374 ], [ 480360.396740535041317, 5004972.381724330596626 ], [ 480362.781925500370562, 5004985.251030774787068 ], [ 480365.837369111599401, 5004997.977869346737862 ], [ 480369.55469661008101, 5005010.527356664650142 ], [ 480373.923719059559517, 5005022.865095457062125 ], [ 480378.932461273216177, 5005034.95726883970201 ], [ 480384.567194636736531, 5005046.770733005367219 ], [ 480390.812474737758748, 5005058.273108070716262 ], [ 480397.651183697511442, 5005069.432866824790835 ], [ 480405.064577090088278, 5005080.219421143643558 ], [ 480413.032335319614504, 5005090.60320583358407 ], [ 480421.532619314501062, 5005100.555759659968317 ], [ 480430.542130387213547, 5005110.049803367815912 ], [ 480440.036174094129819, 5005119.059314440004528 ], [ 480449.988727921387181, 5005127.559598434716463 ], [ 480460.372512610745616, 5005135.527356664650142 ], [ 480471.159066930064, 5005142.940750056877732 ], [ 480482.318825683847535, 5005149.779459016397595 ], [ 480493.821200748963747, 5005156.024739117361605 ], [ 480505.634664914919995, 5005161.65947248134762 ], [ 480517.726838297501672, 5005166.668214694596827 ], [ 480530.064577090088278, 5005171.037237144075334 ], [ 480542.614064408233389, 5005174.754564642906189 ], [ 480555.340902979427483, 5005177.810008253902197 ], [ 480568.210209423792548, 5005180.195193219929934 ], [ 480581.186709866917226, 5005181.903581912629306 ], [ 480594.234836623130832, 5005182.930491759441793 ], [ 480607.318825683847535, 5005183.273108070716262 ], [ 480620.402814744564239, 5005182.930491759441793 ], [ 480633.450941500777844, 5005181.903581912629306 ], [ 480646.427441943902522, 5005180.195193219929934 ], [ 480659.296748388267588, 5005177.810008253902197 ], [ 480672.023586959461682, 5005174.754564642906189 ], [ 480684.573074277606793, 5005171.037237144075334 ], [ 480696.910813070193399, 5005166.668214694596827 ], [ 480709.002986452775076, 5005161.65947248134762 ], [ 480720.816450618731324, 5005156.024739117361605 ], [ 480732.318825683847535, 5005149.779459016397595 ], [ 480743.478584437631071, 5005142.940750056877732 ], [ 480754.265138756949455, 5005135.527356664650142 ], [ 480764.64892344630789, 5005127.559598434716463 ], [ 480774.601477273565251, 5005119.059314440004528 ], [ 480784.095520980481524, 5005110.049803367815912 ], [ 480793.105032053194009, 5005100.555759659968317 ], [ 480801.605316048080567, 5005090.60320583358407 ], [ 480809.573074277606793, 5005080.219421143643558 ], [ 480816.986467670183629, 5005069.432866824790835 ], [ 480823.825176629936323, 5005058.273108070716262 ], [ 480830.07045673095854, 5005046.770733005367219 ], [ 480835.705190094478894, 5005034.95726883970201 ], [ 480840.713932308135554, 5005022.865095457062125 ], [ 480845.082954757614061, 5005010.527356664650142 ], [ 480848.80028225609567, 5004997.977869346737862 ], [ 480851.855725867324509, 5004985.251030774787068 ], [ 480854.240910832653753, 5004972.381724330596626 ], [ 480855.949299525935203, 5004959.40522388741374 ], [ 480856.976209372514859, 5004946.357097131200135 ], [ 480857.318825683847535, 5004933.273108070716262 ] ] ] } },
{ "type": "Feature", "properties": { "site": 4, "transect": 4.2 }, "geometry": { "type": "Polygon", "coordinates": [ [ [ 480557.934188283747062, 5004795.921290937811136 ], [ 480557.591571972414386, 5004782.837301877327263 ], [ 480556.56466212583473, 5004769.789175121113658 ], [ 480554.85627343255328, 5004756.812674677930772 ], [ 480552.471088467224035, 5004743.94336823374033 ], [ 480549.415644855995197, 5004731.216529661789536 ], [ 480545.698317357513588, 5004718.667042343877256 ], [ 480541.329294908035081, 5004706.329303551465273 ], [ 480536.320552694378421, 5004694.237130168825388 ], [ 480530.685819330858067, 5004682.423666003160179 ], [ 480524.440539229835849, 5004670.921290937811136 ], [ 480517.601830270083155, 5004659.761532183736563 ], [ 480510.188436877506319, 5004648.97497786488384 ], [ 480502.220678647980094, 5004638.591193174943328 ], [ 480493.720394653093535, 5004628.638639348559082 ], [ 480484.710883580381051, 5004619.144595640711486 ], [ 480475.216839873464778, 5004610.135084568522871 ], [ 480465.264286046207417, 5004601.634800573810935 ], [ 480454.880501356848981, 5004593.667042343877256 ], [ 480444.093947037530597, 5004586.253648951649666 ], [ 480432.934188283747062, 5004579.414939992129803 ], [ 480421.43181321863085, 5004573.169659891165793 ], [ 480409.618349052674603, 5004567.534926527179778 ], [ 480397.526175670092925, 5004562.526184313930571 ], [ 480385.188436877506319, 5004558.157161864452064 ], [ 480372.638949559361208, 5004554.439834365621209 ], [ 480359.912110988167115, 5004551.384390754625201 ], [ 480347.042804543802049, 5004548.999205788597465 ], [ 480334.066304100677371, 5004547.290817095898092 ], [ 480321.018177344463766, 5004546.263907249085605 ], [ 480307.934188283747062, 5004545.921290937811136 ], [ 480294.850199223030359, 5004546.263907249085605 ], [ 480281.802072466816753, 5004547.290817095898092 ], [ 480268.825572023692075, 5004548.999205788597465 ], [ 480255.95626557932701, 5004551.384390754625201 ], [ 480243.229427008132916, 5004554.439834365621209 ], [ 480230.679939689987805, 5004558.157161864452064 ], [ 480218.342200897401199, 5004562.526184313930571 ], [ 480206.250027514819521, 5004567.534926527179778 ], [ 480194.436563348863274, 5004573.169659891165793 ], [ 480182.934188283747062, 5004579.414939992129803 ], [ 480171.774429529963527, 5004586.253648951649666 ], [ 480160.987875210645143, 5004593.667042343877256 ], [ 480150.604090521286707, 5004601.634800573810935 ], [ 480140.651536694029346, 5004610.135084568522871 ], [ 480131.157492987113073, 5004619.144595640711486 ], [ 480122.147981914400589, 5004628.638639348559082 ], [ 480113.64769791951403, 5004638.591193174943328 ], [ 480105.679939689987805, 5004648.97497786488384 ], [ 480098.266546297410969, 5004659.761532183736563 ], [ 480091.427837337658275, 5004670.921290937811136 ], [ 480085.182557236636057, 5004682.423666003160179 ], [ 480079.547823873115703, 5004694.237130168825388 ], [ 480074.539081659459043, 5004706.329303551465273 ], [ 480070.170059209980536, 5004718.667042343877256 ], [ 480066.452731711498927, 5004731.216529661789536 ], [ 480063.397288100270089, 5004743.94336823374033 ], [ 480061.012103134940844, 5004756.812674677930772 ], [ 480059.303714441659395, 5004769.789175121113658 ], [ 480058.276804595079739, 5004782.837301877327263 ], [ 480057.934188283747062, 5004795.921290937811136 ], [ 480058.276804595079739, 5004809.005279998295009 ], [ 480059.303714441659395, 5004822.053406754508615 ], [ 480061.012103134940844, 5004835.0299071976915 ], [ 480063.397288100270089, 5004847.899213641881943 ], [ 480066.452731711498927, 5004860.626052213832736 ], [ 480070.170059209980536, 5004873.175539531745017 ], [ 480074.539081659459043, 5004885.513278324157 ], [ 480079.547823873115703, 5004897.605451706796885 ], [ 480085.182557236636057, 5004909.418915872462094 ], [ 480091.427837337658275, 5004920.921290937811136 ], [ 480098.266546297410969, 5004932.08104969188571 ], [ 480105.679939689987805, 5004942.867604010738432 ], [ 480113.64769791951403, 5004953.251388700678945 ], [ 480122.147981914400589, 5004963.203942527063191 ], [ 480131.157492987113073, 5004972.697986234910786 ], [ 480140.651536694029346, 5004981.707497307099402 ], [ 480150.604090521286707, 5004990.207781301811337 ], [ 480160.987875210645143, 5004998.175539531745017 ], [ 480171.774429529963527, 5005005.588932923972607 ], [ 480182.934188283747062, 5005012.42764188349247 ], [ 480194.436563348863274, 5005018.67292198445648 ], [ 480206.250027514819521, 5005024.307655348442495 ], [ 480218.342200897401199, 5005029.316397561691701 ], [ 480230.679939689987805, 5005033.685420011170208 ], [ 480243.229427008132916, 5005037.402747510001063 ], [ 480255.95626557932701, 5005040.458191120997071 ], [ 480268.825572023692075, 5005042.843376087024808 ], [ 480281.802072466816753, 5005044.551764779724181 ], [ 480294.850199223030359, 5005045.578674626536667 ], [ 480307.934188283747062, 5005045.921290937811136 ], [ 480321.018177344463766, 5005045.578674626536667 ], [ 480334.066304100677371, 5005044.551764779724181 ], [ 480347.042804543802049, 5005042.843376087024808 ], [ 480359.912110988167115, 5005040.458191120997071 ], [ 480372.638949559361208, 5005037.402747510001063 ], [ 480385.188436877506319, 5005033.685420011170208 ], [ 480397.526175670092925, 5005029.316397561691701 ], [ 480409.618349052674603, 5005024.307655348442495 ], [ 480421.43181321863085, 5005018.67292198445648 ], [ 480432.934188283747062, 5005012.42764188349247 ], [ 480444.093947037530597, 5005005.588932923972607 ], [ 480454.880501356848981, 5004998.175539531745017 ], [ 480465.264286046207417, 5004990.207781301811337 ], [ 480475.216839873464778, 5004981.707497307099402 ], [ 480484.710883580381051, 5004972.697986234910786 ], [ 480493.720394653093535, 5004963.203942527063191 ], [ 480502.220678647980094, 5004953.251388700678945 ], [ 480510.188436877506319, 5004942.867604010738432 ], [ 480517.601830270083155, 5004932.08104969188571 ], [ 480524.440539229835849, 5004920.921290937811136 ], [ 480530.685819330858067, 5004909.418915872462094 ], [ 480536.320552694378421, 5004897.605451706796885 ], [ 480541.329294908035081, 5004885.513278324157 ], [ 480545.698317357513588, 5004873.175539531745017 ], [ 480549.415644855995197, 5004860.626052213832736 ], [ 480552.471088467224035, 5004847.899213641881943 ], [ 480554.85627343255328, 5004835.0299071976915 ], [ 480556.56466212583473, 5004822.053406754508615 ], [ 480557.591571972414386, 5004809.005279998295009 ], [ 480557.934188283747062, 5004795.921290937811136 ] ] ] } },
{ "type": "Feature", "properties": { "site": 4, "transect": 4.3 }, "geometry": { "type": "Polygon", "coordinates": [ [ [ 481175.403074088215362, 5004746.460194014012814 ], [ 481175.060457776882686, 5004733.376204953528941 ], [ 481174.03354793030303, 5004720.328078197315335 ], [ 481172.32515923702158, 5004707.35157775413245 ], [ 481169.939974271692336, 5004694.482271309942007 ], [ 481166.884530660463497, 5004681.755432737991214 ], [ 481163.167203161981888, 5004669.205945420078933 ], [ 481158.798180712503381, 5004656.86820662766695 ], [ 481153.789438498846721, 5004644.776033245027065 ], [ 481148.154705135326367, 5004632.962569079361856 ], [ 481141.909425034304149, 5004621.460194014012814 ], [ 481135.070716074551456, 5004610.30043525993824 ], [ 481127.65732268197462, 5004599.513880941085517 ], [ 481119.689564452448394, 5004589.130096251145005 ], [ 481111.189280457561836, 5004579.177542424760759 ], [ 481102.179769384849351, 5004569.683498716913164 ], [ 481092.685725677933078, 5004560.673987644724548 ], [ 481082.733171850675717, 5004552.173703650012612 ], [ 481072.349387161317281, 5004544.205945420078933 ], [ 481061.562832841998897, 5004536.792552027851343 ], [ 481050.403074088215362, 5004529.95384306833148 ], [ 481038.900699023099151, 5004523.70856296736747 ], [ 481027.087234857142903, 5004518.073829603381455 ], [ 481014.995061474561226, 5004513.065087390132248 ], [ 481002.65732268197462, 5004508.696064940653741 ], [ 480990.107835363829508, 5004504.978737441822886 ], [ 480977.380996792635415, 5004501.923293830826879 ], [ 480964.511690348270349, 5004499.538108864799142 ], [ 480951.535189905145671, 5004497.829720172099769 ], [ 480938.487063148932066, 5004496.802810325287282 ], [ 480925.403074088215362, 5004496.460194014012814 ], [ 480912.319085027498659, 5004496.802810325287282 ], [ 480899.270958271285053, 5004497.829720172099769 ], [ 480886.294457828160375, 5004499.538108864799142 ], [ 480873.42515138379531, 5004501.923293830826879 ], [ 480860.698312812601216, 5004504.978737441822886 ], [ 480848.148825494456105, 5004508.696064940653741 ], [ 480835.811086701869499, 5004513.065087390132248 ], [ 480823.718913319287822, 5004518.073829603381455 ], [ 480811.905449153331574, 5004523.70856296736747 ], [ 480800.403074088215362, 5004529.95384306833148 ], [ 480789.243315334431827, 5004536.792552027851343 ], [ 480778.456761015113443, 5004544.205945420078933 ], [ 480768.072976325755008, 5004552.173703650012612 ], [ 480758.120422498497646, 5004560.673987644724548 ], [ 480748.626378791581374, 5004569.683498716913164 ], [ 480739.616867718868889, 5004579.177542424760759 ], [ 480731.11658372398233, 5004589.130096251145005 ], [ 480723.148825494456105, 5004599.513880941085517 ], [ 480715.735432101879269, 5004610.30043525993824 ], [ 480708.896723142126575, 5004621.460194014012814 ], [ 480702.651443041104358, 5004632.962569079361856 ], [ 480697.016709677584004, 5004644.776033245027065 ], [ 480692.007967463927343, 5004656.86820662766695 ], [ 480687.638945014448836, 5004669.205945420078933 ], [ 480683.921617515967228, 5004681.755432737991214 ], [ 480680.866173904738389, 5004694.482271309942007 ], [ 480678.480988939409144, 5004707.35157775413245 ], [ 480676.772600246127695, 5004720.328078197315335 ], [ 480675.745690399548039, 5004733.376204953528941 ], [ 480675.403074088215362, 5004746.460194014012814 ], [ 480675.745690399548039, 5004759.544183074496686 ], [ 480676.772600246127695, 5004772.592309830710292 ], [ 480678.480988939409144, 5004785.568810273893178 ], [ 480680.866173904738389, 5004798.43811671808362 ], [ 480683.921617515967228, 5004811.164955290034413 ], [ 480687.638945014448836, 5004823.714442607946694 ], [ 480692.007967463927343, 5004836.052181400358677 ], [ 480697.016709677584004, 5004848.144354782998562 ], [ 480702.651443041104358, 5004859.957818948663771 ], [ 480708.896723142126575, 5004871.460194014012814 ], [ 480715.735432101879269, 5004882.619952768087387 ], [ 480723.148825494456105, 5004893.40650708694011 ], [ 480731.11658372398233, 5004903.790291776880622 ], [ 480739.616867718868889, 5004913.742845603264868 ], [ 480748.626378791581374, 5004923.236889311112463 ], [ 480758.120422498497646, 5004932.246400383301079 ], [ 480768.072976325755008, 5004940.746684378013015 ], [ 480778.456761015113443, 5004948.714442607946694 ], [ 480789.243315334431827, 5004956.127836000174284 ], [ 480800.403074088215362, 5004962.966544959694147 ], [ 480811.905449153331574, 5004969.211825060658157 ], [ 480823.718913319287822, 5004974.846558424644172 ], [ 480835.811086701869499, 5004979.855300637893379 ], [ 480848.148825494456105, 5004984.224323087371886 ], [ 480860.698312812601216, 5004987.941650586202741 ], [ 480873.42515138379531, 5004990.997094197198749 ], [ 480886.294457828160375, 5004993.382279163226485 ], [ 480899.270958271285053, 5004995.090667855925858 ], [ 480912.319085027498659, 5004996.117577702738345 ], [ 480925.403074088215362, 5004996.460194014012814 ], [ 480938.487063148932066, 5004996.117577702738345 ], [ 480951.535189905145671, 5004995.090667855925858 ], [ 480964.511690348270349, 5004993.382279163226485 ], [ 480977.380996792635415, 5004990.997094197198749 ], [ 480990.107835363829508, 5004987.941650586202741 ], [ 481002.65732268197462, 5004984.224323087371886 ], [ 481014.995061474561226, 5004979.855300637893379 ], [ 481027.087234857142903, 5004974.846558424644172 ], [ 481038.900699023099151, 5004969.211825060658157 ], [ 481050.403074088215362, 5004962.966544959694147 ], [ 481061.562832841998897, 5004956.127836000174284 ], [ 481072.349387161317281, 5004948.714442607946694 ], [ 481082.733171850675717, 5004940.746684378013015 ], [ 481092.685725677933078, 5004932.246400383301079 ], [ 481102.179769384849351, 5004923.236889311112463 ], [ 481111.189280457561836, 5004913.742845603264868 ], [ 481119.689564452448394, 5004903.790291776880622 ], [ 481127.65732268197462, 5004893.40650708694011 ], [ 481135.070716074551456, 5004882.619952768087387 ], [ 481141.909425034304149, 5004871.460194014012814 ], [ 481148.154705135326367, 5004859.957818948663771 ], [ 481153.789438498846721, 5004848.144354782998562 ], [ 481158.798180712503381, 5004836.052181400358677 ], [ 481163.167203161981888, 5004823.714442607946694 ], [ 481166.884530660463497, 5004811.164955290034413 ], [ 481169.939974271692336, 5004798.43811671808362 ], [ 481172.32515923702158, 5004785.568810273893178 ], [ 481174.03354793030303, 5004772.592309830710292 ], [ 481175.060457776882686, 5004759.544183074496686 ], [ 481175.403074088215362, 5004746.460194014012814 ] ] ] } },
{ "type": "Feature", "properties": { "site": 4, "transect": 4.4 }, "geometry": { "type": "Polygon", "coordinates": [ [ [ 480914.699018170009367, 5004971.985750999301672 ], [ 480914.356401858676691, 5004958.901761938817799 ], [ 480913.329492012097035, 5004945.853635182604194 ], [ 480911.621103318815585, 5004932.877134739421308 ], [ 480909.23591835348634, 5004920.007828295230865 ], [ 480906.180474742257502, 5004907.280989723280072 ], [ 480902.463147243775893, 5004894.731502405367792 ], [ 480898.094124794297386, 5004882.393763612955809 ], [ 480893.085382580640726, 5004870.301590230315924 ], [ 480887.450649217120372, 5004858.488126064650714 ], [ 480881.205369116098154, 5004846.985750999301672 ], [ 480874.366660156345461, 5004835.825992245227098 ], [ 480866.953266763768625, 5004825.039437926374376 ], [ 480858.985508534242399, 5004814.655653236433864 ], [ 480850.485224539355841, 5004804.703099410049617 ], [ 480841.475713466643356, 5004795.209055702202022 ], [ 480831.981669759727083, 5004786.199544630013406 ], [ 480822.029115932469722, 5004777.699260635301471 ], [ 480811.645331243111286, 5004769.731502405367792 ], [ 480800.858776923792902, 5004762.318109013140202 ], [ 480789.699018170009367, 5004755.479400053620338 ], [ 480778.196643104893155, 5004749.234119952656329 ], [ 480766.383178938936908, 5004743.599386588670313 ], [ 480754.291005556355231, 5004738.590644375421107 ], [ 480741.953266763768625, 5004734.2216219259426 ], [ 480729.403779445623513, 5004730.504294427111745 ], [ 480716.67694087442942, 5004727.448850816115737 ], [ 480703.807634430064354, 5004725.063665850088 ], [ 480690.831133986939676, 5004723.355277157388628 ], [ 480677.783007230726071, 5004722.328367310576141 ], [ 480664.699018170009367, 5004721.985750999301672 ], [ 480651.615029109292664, 5004722.328367310576141 ], [ 480638.566902353079058, 5004723.355277157388628 ], [ 480625.59040190995438, 5004725.063665850088 ], [ 480612.721095465589315, 5004727.448850816115737 ], [ 480599.994256894395221, 5004730.504294427111745 ], [ 480587.44476957625011, 5004734.2216219259426 ], [ 480575.107030783663504, 5004738.590644375421107 ], [ 480563.014857401081827, 5004743.599386588670313 ], [ 480551.201393235125579, 5004749.234119952656329 ], [ 480539.699018170009367, 5004755.479400053620338 ], [ 480528.539259416225832, 5004762.318109013140202 ], [ 480517.752705096907448, 5004769.731502405367792 ], [ 480507.368920407549012, 5004777.699260635301471 ], [ 480497.416366580291651, 5004786.199544630013406 ], [ 480487.922322873375379, 5004795.209055702202022 ], [ 480478.912811800662894, 5004804.703099410049617 ], [ 480470.412527805776335, 5004814.655653236433864 ], [ 480462.44476957625011, 5004825.039437926374376 ], [ 480455.031376183673274, 5004835.825992245227098 ], [ 480448.19266722392058, 5004846.985750999301672 ], [ 480441.947387122898363, 5004858.488126064650714 ], [ 480436.312653759378009, 5004870.301590230315924 ], [ 480431.303911545721348, 5004882.393763612955809 ], [ 480426.934889096242841, 5004894.731502405367792 ], [ 480423.217561597761232, 5004907.280989723280072 ], [ 480420.162117986532394, 5004920.007828295230865 ], [ 480417.776933021203149, 5004932.877134739421308 ], [ 480416.0685443279217, 5004945.853635182604194 ], [ 480415.041634481342044, 5004958.901761938817799 ], [ 480414.699018170009367, 5004971.985750999301672 ], [ 480415.041634481342044, 5004985.069740059785545 ], [ 480416.0685443279217, 5004998.11786681599915 ], [ 480417.776933021203149, 5005011.094367259182036 ], [ 480420.162117986532394, 5005023.963673703372478 ], [ 480423.217561597761232, 5005036.690512275323272 ], [ 480426.934889096242841, 5005049.239999593235552 ], [ 480431.303911545721348, 5005061.577738385647535 ], [ 480436.312653759378009, 5005073.66991176828742 ], [ 480441.947387122898363, 5005085.48337593395263 ], [ 480448.19266722392058, 5005096.985750999301672 ], [ 480455.031376183673274, 5005108.145509753376245 ], [ 480462.44476957625011, 5005118.932064072228968 ], [ 480470.412527805776335, 5005129.31584876216948 ], [ 480478.912811800662894, 5005139.268402588553727 ], [ 480487.922322873375379, 5005148.762446296401322 ], [ 480497.416366580291651, 5005157.771957368589938 ], [ 480507.368920407549012, 5005166.272241363301873 ], [ 480517.752705096907448, 5005174.239999593235552 ], [ 480528.539259416225832, 5005181.653392985463142 ], [ 480539.699018170009367, 5005188.492101944983006 ], [ 480551.201393235125579, 5005194.737382045947015 ], [ 480563.014857401081827, 5005200.372115409933031 ], [ 480575.107030783663504, 5005205.380857623182237 ], [ 480587.44476957625011, 5005209.749880072660744 ], [ 480599.994256894395221, 5005213.467207571491599 ], [ 480612.721095465589315, 5005216.522651182487607 ], [ 480625.59040190995438, 5005218.907836148515344 ], [ 480638.566902353079058, 5005220.616224841214716 ], [ 480651.615029109292664, 5005221.643134688027203 ], [ 480664.699018170009367, 5005221.985750999301672 ], [ 480677.783007230726071, 5005221.643134688027203 ], [ 480690.831133986939676, 5005220.616224841214716 ], [ 480703.807634430064354, 5005218.907836148515344 ], [ 480716.67694087442942, 5005216.522651182487607 ], [ 480729.403779445623513, 5005213.467207571491599 ], [ 480741.953266763768625, 5005209.749880072660744 ], [ 480754.291005556355231, 5005205.380857623182237 ], [ 480766.383178938936908, 5005200.372115409933031 ], [ 480778.196643104893155, 5005194.737382045947015 ], [ 480789.699018170009367, 5005188.492101944983006 ], [ 480800.858776923792902, 5005181.653392985463142 ], [ 480811.645331243111286, 5005174.239999593235552 ], [ 480822.029115932469722, 5005166.272241363301873 ], [ 480831.981669759727083, 5005157.771957368589938 ], [ 480841.475713466643356, 5005148.762446296401322 ], [ 480850.485224539355841, 5005139.268402588553727 ], [ 480858.985508534242399, 5005129.31584876216948 ], [ 480866.953266763768625, 5005118.932064072228968 ], [ 480874.366660156345461, 5005108.145509753376245 ], [ 480881.205369116098154, 5005096.985750999301672 ], [ 480887.450649217120372, 5005085.48337593395263 ], [ 480893.085382580640726, 5005073.66991176828742 ], [ 480898.094124794297386, 5005061.577738385647535 ], [ 480902.463147243775893, 5005049.239999593235552 ], [ 480906.180474742257502, 5005036.690512275323272 ], [ 480909.23591835348634, 5005023.963673703372478 ], [ 480911.621103318815585, 5005011.094367259182036 ], [ 480913.329492012097035, 5004998.11786681599915 ], [ 480914.356401858676691, 5004985.069740059785545 ], [ 480914.699018170009367, 5004971.985750999301672 ] ] ] } },
{ "type": "Feature", "properties": { "site": 4, "transect": 4.5 }, "geometry": { "type": "Polygon", "coordinates": [ [ [ 480809.316901327576488, 5004744.87103508412838 ], [ 480808.974285016243812, 5004731.787046023644507 ], [ 480807.947375169664156, 5004718.738919267430902 ], [ 480806.238986476382706, 5004705.762418824248016 ], [ 480803.853801511053462, 5004692.893112380057573 ], [ 480800.798357899824623, 5004680.16627380810678 ], [ 480797.081030401343014, 5004667.616786490194499 ], [ 480792.712007951864507, 5004655.279047697782516 ], [ 480787.703265738207847, 5004643.186874315142632 ], [ 480782.068532374687493, 5004631.373410149477422 ], [ 480775.823252273665275, 5004619.87103508412838 ], [ 480768.984543313912582, 5004608.711276330053806 ], [ 480761.571149921335746, 5004597.924722011201084 ], [ 480753.60339169180952, 5004587.540937321260571 ], [ 480745.103107696922962, 5004577.588383494876325 ], [ 480736.093596624210477, 5004568.09433978702873 ], [ 480726.599552917294204, 5004559.084828714840114 ], [ 480716.646999090036843, 5004550.584544720128179 ], [ 480706.263214400678407, 5004542.616786490194499 ], [ 480695.476660081360023, 5004535.203393097966909 ], [ 480684.316901327576488, 5004528.364684138447046 ], [ 480672.814526262460276, 5004522.119404037483037 ], [ 480661.001062096504029, 5004516.484670673497021 ], [ 480648.908888713922352, 5004511.475928460247815 ], [ 480636.571149921335746, 5004507.106906010769308 ], [ 480624.021662603190634, 5004503.389578511938453 ], [ 480611.294824031996541, 5004500.334134900942445 ], [ 480598.425517587631475, 5004497.948949934914708 ], [ 480585.449017144506797, 5004496.240561242215335 ], [ 480572.400890388293192, 5004495.213651395402849 ], [ 480559.316901327576488, 5004494.87103508412838 ], [ 480546.232912266859785, 5004495.213651395402849 ], [ 480533.184785510646179, 5004496.240561242215335 ], [ 480520.208285067521501, 5004497.948949934914708 ], [ 480507.338978623156436, 5004500.334134900942445 ], [ 480494.612140051962342, 5004503.389578511938453 ], [ 480482.062652733817231, 5004507.106906010769308 ], [ 480469.724913941230625, 5004511.475928460247815 ], [ 480457.632740558648948, 5004516.484670673497021 ], [ 480445.8192763926927, 5004522.119404037483037 ], [ 480434.316901327576488, 5004528.364684138447046 ], [ 480423.157142573792953, 5004535.203393097966909 ], [ 480412.370588254474569, 5004542.616786490194499 ], [ 480401.986803565116134, 5004550.584544720128179 ], [ 480392.034249737858772, 5004559.084828714840114 ], [ 480382.5402060309425, 5004568.09433978702873 ], [ 480373.530694958230015, 5004577.588383494876325 ], [ 480365.030410963343456, 5004587.540937321260571 ], [ 480357.062652733817231, 5004597.924722011201084 ], [ 480349.649259341240395, 5004608.711276330053806 ], [ 480342.810550381487701, 5004619.87103508412838 ], [ 480336.565270280465484, 5004631.373410149477422 ], [ 480330.93053691694513, 5004643.186874315142632 ], [ 480325.921794703288469, 5004655.279047697782516 ], [ 480321.552772253809962, 5004667.616786490194499 ], [ 480317.835444755328353, 5004680.16627380810678 ], [ 480314.780001144099515, 5004692.893112380057573 ], [ 480312.39481617877027, 5004705.762418824248016 ], [ 480310.686427485488821, 5004718.738919267430902 ], [ 480309.659517638909165, 5004731.787046023644507 ], [ 480309.316901327576488, 5004744.87103508412838 ], [ 480309.659517638909165, 5004757.955024144612253 ], [ 480310.686427485488821, 5004771.003150900825858 ], [ 480312.39481617877027, 5004783.979651344008744 ], [ 480314.780001144099515, 5004796.848957788199186 ], [ 480317.835444755328353, 5004809.57579636014998 ], [ 480321.552772253809962, 5004822.12528367806226 ], [ 480325.921794703288469, 5004834.463022470474243 ], [ 480330.93053691694513, 5004846.555195853114128 ], [ 480336.565270280465484, 5004858.368660018779337 ], [ 480342.810550381487701, 5004869.87103508412838 ], [ 480349.649259341240395, 5004881.030793838202953 ], [ 480357.062652733817231, 5004891.817348157055676 ], [ 480365.030410963343456, 5004902.201132846996188 ], [ 480373.530694958230015, 5004912.153686673380435 ], [ 480382.5402060309425, 5004921.64773038122803 ], [ 480392.034249737858772, 5004930.657241453416646 ], [ 480401.986803565116134, 5004939.157525448128581 ], [ 480412.370588254474569, 5004947.12528367806226 ], [ 480423.157142573792953, 5004954.53867707028985 ], [ 480434.316901327576488, 5004961.377386029809713 ], [ 480445.8192763926927, 5004967.622666130773723 ], [ 480457.632740558648948, 5004973.257399494759738 ], [ 480469.724913941230625, 5004978.266141708008945 ], [ 480482.062652733817231, 5004982.635164157487452 ], [ 480494.612140051962342, 5004986.352491656318307 ], [ 480507.338978623156436, 5004989.407935267314315 ], [ 480520.208285067521501, 5004991.793120233342052 ], [ 480533.184785510646179, 5004993.501508926041424 ], [ 480546.232912266859785, 5004994.528418772853911 ], [ 480559.316901327576488, 5004994.87103508412838 ], [ 480572.400890388293192, 5004994.528418772853911 ], [ 480585.449017144506797, 5004993.501508926041424 ], [ 480598.425517587631475, 5004991.793120233342052 ], [ 480611.294824031996541, 5004989.407935267314315 ], [ 480624.021662603190634, 5004986.352491656318307 ], [ 480636.571149921335746, 5004982.635164157487452 ], [ 480648.908888713922352, 5004978.266141708008945 ], [ 480661.001062096504029, 5004973.257399494759738 ], [ 480672.814526262460276, 5004967.622666130773723 ], [ 480684.316901327576488, 5004961.377386029809713 ], [ 480695.476660081360023, 5004954.53867707028985 ], [ 480706.263214400678407, 5004947.12528367806226 ], [ 480716.646999090036843, 5004939.157525448128581 ], [ 480726.599552917294204, 5004930.657241453416646 ], [ 480736.093596624210477, 5004921.64773038122803 ], [ 480745.103107696922962, 5004912.153686673380435 ], [ 480753.60339169180952, 5004902.201132846996188 ], [ 480761.571149921335746, 5004891.817348157055676 ], [ 480768.984543313912582, 5004881.030793838202953 ], [ 480775.823252273665275, 5004869.87103508412838 ], [ 480782.068532374687493, 5004858.368660018779337 ], [ 480787.703265738207847, 5004846.555195853114128 ], [ 480792.712007951864507, 5004834.463022470474243 ], [ 480797.081030401343014, 5004822.12528367806226 ], [ 480800.798357899824623, 5004809.57579636014998 ], [ 480803.853801511053462, 5004796.848957788199186 ], [ 480806.238986476382706, 5004783.979651344008744 ], [ 480807.947375169664156, 5004771.003150900825858 ], [ 480808.974285016243812, 5004757.955024144612253 ], [ 480809.316901327576488, 5004744.87103508412838 ] ] ] } },
{ "type": "Feature", "properties": { "site": 5, "transect": 5.1 }, "geometry": { "type": "Polygon", "coordinates": [ [ [ 465731.411161264113616, 5049020.394840496592224 ], [ 465731.06854495278094, 5049007.310851436108351 ], [ 465730.041635106201284, 5048994.262724679894745 ], [ 465728.333246412919834, 5048981.28622423671186 ], [ 465725.94806144759059, 5048968.416917792521417 ], [ 465722.892617836361751, 5048955.690079220570624 ], [ 465719.175290337880142, 5048943.140591902658343 ], [ 465714.806267888401635, 5048930.80285311024636 ], [ 465709.797525674744975, 5048918.710679727606475 ], [ 465704.162792311224621, 5048906.897215561941266 ], [ 465697.917512210202403, 5048895.394840496592224 ], [ 465691.07880325044971, 5048884.23508174251765 ], [ 465683.665409857872874, 5048873.448527423664927 ], [ 465675.697651628346648, 5048863.064742733724415 ], [ 465667.19736763346009, 5048853.112188907340169 ], [ 465658.187856560747605, 5048843.618145199492574 ], [ 465648.693812853831332, 5048834.608634127303958 ], [ 465638.741259026573971, 5048826.108350132592022 ], [ 465628.357474337215535, 5048818.140591902658343 ], [ 465617.570920017897151, 5048810.727198510430753 ], [ 465606.411161264113616, 5048803.88848955091089 ], [ 465594.908786198997404, 5048797.64320944994688 ], [ 465583.095322033041157, 5048792.008476085960865 ], [ 465571.00314865045948, 5048786.999733872711658 ], [ 465558.665409857872874, 5048782.630711423233151 ], [ 465546.115922539727762, 5048778.913383924402297 ], [ 465533.389083968533669, 5048775.857940313406289 ], [ 465520.519777524168603, 5048773.472755347378552 ], [ 465507.543277081043925, 5048771.764366654679179 ], [ 465494.49515032483032, 5048770.737456807866693 ], [ 465481.411161264113616, 5048770.394840496592224 ], [ 465468.327172203396913, 5048770.737456807866693 ], [ 465455.279045447183307, 5048771.764366654679179 ], [ 465442.302545004058629, 5048773.472755347378552 ], [ 465429.433238559693564, 5048775.857940313406289 ], [ 465416.70639998849947, 5048778.913383924402297 ], [ 465404.156912670354359, 5048782.630711423233151 ], [ 465391.819173877767753, 5048786.999733872711658 ], [ 465379.727000495186076, 5048792.008476085960865 ], [ 465367.913536329229828, 5048797.64320944994688 ], [ 465356.411161264113616, 5048803.88848955091089 ], [ 465345.251402510330081, 5048810.727198510430753 ], [ 465334.464848191011697, 5048818.140591902658343 ], [ 465324.081063501653261, 5048826.108350132592022 ], [ 465314.1285096743959, 5048834.608634127303958 ], [ 465304.634465967479628, 5048843.618145199492574 ], [ 465295.624954894767143, 5048853.112188907340169 ], [ 465287.124670899880584, 5048863.064742733724415 ], [ 465279.156912670354359, 5048873.448527423664927 ], [ 465271.743519277777523, 5048884.23508174251765 ], [ 465264.904810318024829, 5048895.394840496592224 ], [ 465258.659530217002612, 5048906.897215561941266 ], [ 465253.024796853482258, 5048918.710679727606475 ], [ 465248.016054639825597, 5048930.80285311024636 ], [ 465243.64703219034709, 5048943.140591902658343 ], [ 465239.929704691865481, 5048955.690079220570624 ], [ 465236.874261080636643, 5048968.416917792521417 ], [ 465234.489076115307398, 5048981.28622423671186 ], [ 465232.780687422025949, 5048994.262724679894745 ], [ 465231.753777575446293, 5049007.310851436108351 ], [ 465231.411161264113616, 5049020.394840496592224 ], [ 465231.753777575446293, 5049033.478829557076097 ], [ 465232.780687422025949, 5049046.526956313289702 ], [ 465234.489076115307398, 5049059.503456756472588 ], [ 465236.874261080636643, 5049072.37276320066303 ], [ 465239.929704691865481, 5049085.099601772613823 ], [ 465243.64703219034709, 5049097.649089090526104 ], [ 465248.016054639825597, 5049109.986827882938087 ], [ 465253.024796853482258, 5049122.079001265577972 ], [ 465258.659530217002612, 5049133.892465431243181 ], [ 465264.904810318024829, 5049145.394840496592224 ], [ 465271.743519277777523, 5049156.554599250666797 ], [ 465279.156912670354359, 5049167.34115356951952 ], [ 465287.124670899880584, 5049177.724938259460032 ], [ 465295.624954894767143, 5049187.677492085844278 ], [ 465304.634465967479628, 5049197.171535793691874 ], [ 465314.1285096743959, 5049206.181046865880489 ], [ 465324.081063501653261, 5049214.681330860592425 ], [ 465334.464848191011697, 5049222.649089090526104 ], [ 465345.251402510330081, 5049230.062482482753694 ], [ 465356.411161264113616, 5049236.901191442273557 ], [ 465367.913536329229828, 5049243.146471543237567 ], [ 465379.727000495186076, 5049248.781204907223582 ], [ 465391.819173877767753, 5049253.789947120472789 ], [ 465404.156912670354359, 5049258.158969569951296 ], [ 465416.70639998849947, 5049261.876297068782151 ], [ 465429.433238559693564, 5049264.931740679778159 ], [ 465442.302545004058629, 5049267.316925645805895 ], [ 465455.279045447183307, 5049269.025314338505268 ], [ 465468.327172203396913, 5049270.052224185317755 ], [ 465481.411161264113616, 5049270.394840496592224 ], [ 465494.49515032483032, 5049270.052224185317755 ], [ 465507.543277081043925, 5049269.025314338505268 ], [ 465520.519777524168603, 5049267.316925645805895 ], [ 465533.389083968533669, 5049264.931740679778159 ], [ 465546.115922539727762, 5049261.876297068782151 ], [ 465558.665409857872874, 5049258.158969569951296 ], [ 465571.00314865045948, 5049253.789947120472789 ], [ 465583.095322033041157, 5049248.781204907223582 ], [ 465594.908786198997404, 5049243.146471543237567 ], [ 465606.411161264113616, 5049236.901191442273557 ], [ 465617.570920017897151, 5049230.062482482753694 ], [ 465628.357474337215535, 5049222.649089090526104 ], [ 465638.741259026573971, 5049214.681330860592425 ], [ 465648.693812853831332, 5049206.181046865880489 ], [ 465658.187856560747605, 5049197.171535793691874 ], [ 465667.19736763346009, 5049187.677492085844278 ], [ 465675.697651628346648, 5049177.724938259460032 ], [ 465683.665409857872874, 5049167.34115356951952 ], [ 465691.07880325044971, 5049156.554599250666797 ], [ 465697.917512210202403, 5049145.394840496592224 ], [ 465704.162792311224621, 5049133.892465431243181 ], [ 465709.797525674744975, 5049122.079001265577972 ], [ 465714.806267888401635, 5049109.986827882938087 ], [ 465719.175290337880142, 5049097.649089090526104 ], [ 465722.892617836361751, 5049085.099601772613823 ], [ 465725.94806144759059, 5049072.37276320066303 ], [ 465728.333246412919834, 5049059.503456756472588 ], [ 465730.041635106201284, 5049046.526956313289702 ], [ 465731.06854495278094, 5049033.478829557076097 ], [ 465731.411161264113616, 5049020.394840496592224 ] ] ] } },
{ "type": "Feature", "properties": { "site": 5, "transect": 5.2 }, "geometry": { "type": "Polygon", "coordinates": [ [ [ 465539.480707928712945, 5048801.363324037753046 ], [ 465539.138091617380269, 5048788.279334977269173 ], [ 465538.111181770800613, 5048775.231208221055567 ], [ 465536.402793077519163, 5048762.254707777872682 ], [ 465534.017608112189919, 5048749.385401333682239 ], [ 465530.96216450096108, 5048736.658562761731446 ], [ 465527.244837002479471, 5048724.109075443819165 ], [ 465522.875814553000964, 5048711.771336651407182 ], [ 465517.867072339344304, 5048699.679163268767297 ], [ 465512.23233897582395, 5048687.865699103102088 ], [ 465505.987058874801733, 5048676.363324037753046 ], [ 465499.148349915049039, 5048665.203565283678472 ], [ 465491.734956522472203, 5048654.417010964825749 ], [ 465483.767198292945977, 5048644.033226274885237 ], [ 465475.266914298059419, 5048634.080672448500991 ], [ 465466.257403225346934, 5048624.586628740653396 ], [ 465456.763359518430661, 5048615.57711766846478 ], [ 465446.8108056911733, 5048607.076833673752844 ], [ 465436.427021001814865, 5048599.109075443819165 ], [ 465425.640466682496481, 5048591.695682051591575 ], [ 465414.480707928712945, 5048584.856973092071712 ], [ 465402.978332863596734, 5048578.611692991107702 ], [ 465391.164868697640486, 5048572.976959627121687 ], [ 465379.072695315058809, 5048567.96821741387248 ], [ 465366.734956522472203, 5048563.599194964393973 ], [ 465354.185469204327092, 5048559.881867465563118 ], [ 465341.458630633132998, 5048556.826423854567111 ], [ 465328.589324188767932, 5048554.441238888539374 ], [ 465315.612823745643254, 5048552.732850195840001 ], [ 465302.564696989429649, 5048551.705940349027514 ], [ 465289.480707928712945, 5048551.363324037753046 ], [ 465276.396718867996242, 5048551.705940349027514 ], [ 465263.348592111782636, 5048552.732850195840001 ], [ 465250.372091668657959, 5048554.441238888539374 ], [ 465237.502785224292893, 5048556.826423854567111 ], [ 465224.775946653098799, 5048559.881867465563118 ], [ 465212.226459334953688, 5048563.599194964393973 ], [ 465199.888720542367082, 5048567.96821741387248 ], [ 465187.796547159785405, 5048572.976959627121687 ], [ 465175.983082993829157, 5048578.611692991107702 ], [ 465164.480707928712945, 5048584.856973092071712 ], [ 465153.32094917492941, 5048591.695682051591575 ], [ 465142.534394855611026, 5048599.109075443819165 ], [ 465132.150610166252591, 5048607.076833673752844 ], [ 465122.198056338995229, 5048615.57711766846478 ], [ 465112.704012632078957, 5048624.586628740653396 ], [ 465103.694501559366472, 5048634.080672448500991 ], [ 465095.194217564479914, 5048644.033226274885237 ], [ 465087.226459334953688, 5048654.417010964825749 ], [ 465079.813065942376852, 5048665.203565283678472 ], [ 465072.974356982624158, 5048676.363324037753046 ], [ 465066.729076881601941, 5048687.865699103102088 ], [ 465061.094343518081587, 5048699.679163268767297 ], [ 465056.085601304424927, 5048711.771336651407182 ], [ 465051.71657885494642, 5048724.109075443819165 ], [ 465047.999251356464811, 5048736.658562761731446 ], [ 465044.943807745235972, 5048749.385401333682239 ], [ 465042.558622779906727, 5048762.254707777872682 ], [ 465040.850234086625278, 5048775.231208221055567 ], [ 465039.823324240045622, 5048788.279334977269173 ], [ 465039.480707928712945, 5048801.363324037753046 ], [ 465039.823324240045622, 5048814.447313098236918 ], [ 465040.850234086625278, 5048827.495439854450524 ], [ 465042.558622779906727, 5048840.47194029763341 ], [ 465044.943807745235972, 5048853.341246741823852 ], [ 465047.999251356464811, 5048866.068085313774645 ], [ 465051.71657885494642, 5048878.617572631686926 ], [ 465056.085601304424927, 5048890.955311424098909 ], [ 465061.094343518081587, 5048903.047484806738794 ], [ 465066.729076881601941, 5048914.860948972404003 ], [ 465072.974356982624158, 5048926.363324037753046 ], [ 465079.813065942376852, 5048937.523082791827619 ], [ 465087.226459334953688, 5048948.309637110680342 ], [ 465095.194217564479914, 5048958.693421800620854 ], [ 465103.694501559366472, 5048968.6459756270051 ], [ 465112.704012632078957, 5048978.140019334852695 ], [ 465122.198056338995229, 5048987.149530407041311 ], [ 465132.150610166252591, 5048995.649814401753247 ], [ 465142.534394855611026, 5049003.617572631686926 ], [ 465153.32094917492941, 5049011.030966023914516 ], [ 465164.480707928712945, 5049017.869674983434379 ], [ 465175.983082993829157, 5049024.114955084398389 ], [ 465187.796547159785405, 5049029.749688448384404 ], [ 465199.888720542367082, 5049034.758430661633611 ], [ 465212.226459334953688, 5049039.127453111112118 ], [ 465224.775946653098799, 5049042.844780609942973 ], [ 465237.502785224292893, 5049045.900224220938981 ], [ 465250.372091668657959, 5049048.285409186966717 ], [ 465263.348592111782636, 5049049.99379787966609 ], [ 465276.396718867996242, 5049051.020707726478577 ], [ 465289.480707928712945, 5049051.363324037753046 ], [ 465302.564696989429649, 5049051.020707726478577 ], [ 465315.612823745643254, 5049049.99379787966609 ], [ 465328.589324188767932, 5049048.285409186966717 ], [ 465341.458630633132998, 5049045.900224220938981 ], [ 465354.185469204327092, 5049042.844780609942973 ], [ 465366.734956522472203, 5049039.127453111112118 ], [ 465379.072695315058809, 5049034.758430661633611 ], [ 465391.164868697640486, 5049029.749688448384404 ], [ 465402.978332863596734, 5049024.114955084398389 ], [ 465414.480707928712945, 5049017.869674983434379 ], [ 465425.640466682496481, 5049011.030966023914516 ], [ 465436.427021001814865, 5049003.617572631686926 ], [ 465446.8108056911733, 5048995.649814401753247 ], [ 465456.763359518430661, 5048987.149530407041311 ], [ 465466.257403225346934, 5048978.140019334852695 ], [ 465475.266914298059419, 5048968.6459756270051 ], [ 465483.767198292945977, 5048958.693421800620854 ], [ 465491.734956522472203, 5048948.309637110680342 ], [ 465499.148349915049039, 5048937.523082791827619 ], [ 465505.987058874801733, 5048926.363324037753046 ], [ 465512.23233897582395, 5048914.860948972404003 ], [ 465517.867072339344304, 5048903.047484806738794 ], [ 465522.875814553000964, 5048890.955311424098909 ], [ 465527.244837002479471, 5048878.617572631686926 ], [ 465530.96216450096108, 5048866.068085313774645 ], [ 465534.017608112189919, 5048853.341246741823852 ], [ 465536.402793077519163, 5048840.47194029763341 ], [ 465538.111181770800613, 5048827.495439854450524 ], [ 465539.138091617380269, 5048814.447313098236918 ], [ 465539.480707928712945, 5048801.363324037753046 ] ] ] } },
{ "type": "Feature", "properties": { "site": 5, "transect": 5.3 }, "geometry": { "type": "Polygon", "coordinates": [ [ [ 465535.057169890846126, 5048828.764574501663446 ], [ 465534.714553579513449, 5048815.680585441179574 ], [ 465533.687643732933793, 5048802.632458684965968 ], [ 465531.979255039652344, 5048789.655958241783082 ], [ 465529.594070074323099, 5048776.78665179759264 ], [ 465526.538626463094261, 5048764.059813225641847 ], [ 465522.821298964612652, 5048751.510325907729566 ], [ 465518.452276515134145, 5048739.172587115317583 ], [ 465513.443534301477484, 5048727.080413732677698 ], [ 465507.80880093795713, 5048715.266949567012489 ], [ 465501.563520836934913, 5048703.764574501663446 ], [ 465494.724811877182219, 5048692.604815747588873 ], [ 465487.311418484605383, 5048681.81826142873615 ], [ 465479.343660255079158, 5048671.434476738795638 ], [ 465470.843376260192599, 5048661.481922912411392 ], [ 465461.833865187480114, 5048651.987879204563797 ], [ 465452.339821480563842, 5048642.978368132375181 ], [ 465442.38726765330648, 5048634.478084137663245 ], [ 465432.003482963948045, 5048626.510325907729566 ], [ 465421.216928644629661, 5048619.096932515501976 ], [ 465410.057169890846126, 5048612.258223555982113 ], [ 465398.554794825729914, 5048606.012943455018103 ], [ 465386.741330659773666, 5048600.378210091032088 ], [ 465374.649157277191989, 5048595.369467877782881 ], [ 465362.311418484605383, 5048591.000445428304374 ], [ 465349.761931166460272, 5048587.283117929473519 ], [ 465337.035092595266178, 5048584.227674318477511 ], [ 465324.165786150901113, 5048581.842489352449775 ], [ 465311.189285707776435, 5048580.134100659750402 ], [ 465298.141158951562829, 5048579.107190812937915 ], [ 465285.057169890846126, 5048578.764574501663446 ], [ 465271.973180830129422, 5048579.107190812937915 ], [ 465258.925054073915817, 5048580.134100659750402 ], [ 465245.948553630791139, 5048581.842489352449775 ], [ 465233.079247186426073, 5048584.227674318477511 ], [ 465220.35240861523198, 5048587.283117929473519 ], [ 465207.802921297086868, 5048591.000445428304374 ], [ 465195.465182504500262, 5048595.369467877782881 ], [ 465183.373009121918585, 5048600.378210091032088 ], [ 465171.559544955962338, 5048606.012943455018103 ], [ 465160.057169890846126, 5048612.258223555982113 ], [ 465148.897411137062591, 5048619.096932515501976 ], [ 465138.110856817744207, 5048626.510325907729566 ], [ 465127.727072128385771, 5048634.478084137663245 ], [ 465117.77451830112841, 5048642.978368132375181 ], [ 465108.280474594212137, 5048651.987879204563797 ], [ 465099.270963521499652, 5048661.481922912411392 ], [ 465090.770679526613094, 5048671.434476738795638 ], [ 465082.802921297086868, 5048681.81826142873615 ], [ 465075.389527904510032, 5048692.604815747588873 ], [ 465068.550818944757339, 5048703.764574501663446 ], [ 465062.305538843735121, 5048715.266949567012489 ], [ 465056.670805480214767, 5048727.080413732677698 ], [ 465051.662063266558107, 5048739.172587115317583 ], [ 465047.2930408170796, 5048751.510325907729566 ], [ 465043.575713318597991, 5048764.059813225641847 ], [ 465040.520269707369152, 5048776.78665179759264 ], [ 465038.135084742039908, 5048789.655958241783082 ], [ 465036.426696048758458, 5048802.632458684965968 ], [ 465035.399786202178802, 5048815.680585441179574 ], [ 465035.057169890846126, 5048828.764574501663446 ], [ 465035.399786202178802, 5048841.848563562147319 ], [ 465036.426696048758458, 5048854.896690318360925 ], [ 465038.135084742039908, 5048867.87319076154381 ], [ 465040.520269707369152, 5048880.742497205734253 ], [ 465043.575713318597991, 5048893.469335777685046 ], [ 465047.2930408170796, 5048906.018823095597327 ], [ 465051.662063266558107, 5048918.35656188800931 ], [ 465056.670805480214767, 5048930.448735270649195 ], [ 465062.305538843735121, 5048942.262199436314404 ], [ 465068.550818944757339, 5048953.764574501663446 ], [ 465075.389527904510032, 5048964.92433325573802 ], [ 465082.802921297086868, 5048975.710887574590743 ], [ 465090.770679526613094, 5048986.094672264531255 ], [ 465099.270963521499652, 5048996.047226090915501 ], [ 465108.280474594212137, 5049005.541269798763096 ], [ 465117.77451830112841, 5049014.550780870951712 ], [ 465127.727072128385771, 5049023.051064865663648 ], [ 465138.110856817744207, 5049031.018823095597327 ], [ 465148.897411137062591, 5049038.432216487824917 ], [ 465160.057169890846126, 5049045.27092544734478 ], [ 465171.559544955962338, 5049051.51620554830879 ], [ 465183.373009121918585, 5049057.150938912294805 ], [ 465195.465182504500262, 5049062.159681125544012 ], [ 465207.802921297086868, 5049066.528703575022519 ], [ 465220.35240861523198, 5049070.246031073853374 ], [ 465233.079247186426073, 5049073.301474684849381 ], [ 465245.948553630791139, 5049075.686659650877118 ], [ 465258.925054073915817, 5049077.395048343576491 ], [ 465271.973180830129422, 5049078.421958190388978 ], [ 465285.057169890846126, 5049078.764574501663446 ], [ 465298.141158951562829, 5049078.421958190388978 ], [ 465311.189285707776435, 5049077.395048343576491 ], [ 465324.165786150901113, 5049075.686659650877118 ], [ 465337.035092595266178, 5049073.301474684849381 ], [ 465349.761931166460272, 5049070.246031073853374 ], [ 465362.311418484605383, 5049066.528703575022519 ], [ 465374.649157277191989, 5049062.159681125544012 ], [ 465386.741330659773666, 5049057.150938912294805 ], [ 465398.554794825729914, 5049051.51620554830879 ], [ 465410.057169890846126, 5049045.27092544734478 ], [ 465421.216928644629661, 5049038.432216487824917 ], [ 465432.003482963948045, 5049031.018823095597327 ], [ 465442.38726765330648, 5049023.051064865663648 ], [ 465452.339821480563842, 5049014.550780870951712 ], [ 465461.833865187480114, 5049005.541269798763096 ], [ 465470.843376260192599, 5048996.047226090915501 ], [ 465479.343660255079158, 5048986.094672264531255 ], [ 465487.311418484605383, 5048975.710887574590743 ], [ 465494.724811877182219, 5048964.92433325573802 ], [ 465501.563520836934913, 5048953.764574501663446 ], [ 465507.80880093795713, 5048942.262199436314404 ], [ 465513.443534301477484, 5048930.448735270649195 ], [ 465518.452276515134145, 5048918.35656188800931 ], [ 465522.821298964612652, 5048906.018823095597327 ], [ 465526.538626463094261, 5048893.469335777685046 ], [ 465529.594070074323099, 5048880.742497205734253 ], [ 465531.979255039652344, 5048867.87319076154381 ], [ 465533.687643732933793, 5048854.896690318360925 ], [ 465534.714553579513449, 5048841.848563562147319 ], [ 465535.057169890846126, 5048828.764574501663446 ] ] ] } },
{ "type": "Feature", "properties": { "site": 5, "transect": 5.4 }, "geometry": { "type": "Polygon", "coordinates": [ [ [ 465536.317903604882304, 5048790.149548086337745 ], [ 465535.975287293549627, 5048777.065559025853872 ], [ 465534.948377446969971, 5048764.017432269640267 ], [ 465533.239988753688522, 5048751.040931826457381 ], [ 465530.854803788359277, 5048738.171625382266939 ], [ 465527.799360177130438, 5048725.444786810316145 ], [ 465524.082032678648829, 5048712.895299492403865 ], [ 465519.713010229170322, 5048700.557560699991882 ], [ 465514.704268015513662, 5048688.465387317351997 ], [ 465509.069534651993308, 5048676.651923151686788 ], [ 465502.824254550971091, 5048665.149548086337745 ], [ 465495.985545591218397, 5048653.989789332263172 ], [ 465488.572152198641561, 5048643.203235013410449 ], [ 465480.604393969115335, 5048632.819450323469937 ], [ 465472.104109974228777, 5048622.86689649708569 ], [ 465463.094598901516292, 5048613.372852789238095 ], [ 465453.60055519460002, 5048604.363341717049479 ], [ 465443.648001367342658, 5048595.863057722337544 ], [ 465433.264216677984223, 5048587.895299492403865 ], [ 465422.477662358665839, 5048580.481906100176275 ], [ 465411.317903604882304, 5048573.643197140656412 ], [ 465399.815528539766092, 5048567.397917039692402 ], [ 465388.002064373809844, 5048561.763183675706387 ], [ 465375.909890991228167, 5048556.75444146245718 ], [ 465363.572152198641561, 5048552.385419012978673 ], [ 465351.02266488049645, 5048548.668091514147818 ], [ 465338.295826309302356, 5048545.61264790315181 ], [ 465325.426519864937291, 5048543.227462937124074 ], [ 465312.450019421812613, 5048541.519074244424701 ], [ 465299.401892665599007, 5048540.492164397612214 ], [ 465286.317903604882304, 5048540.149548086337745 ], [ 465273.2339145441656, 5048540.492164397612214 ], [ 465260.185787787951995, 5048541.519074244424701 ], [ 465247.209287344827317, 5048543.227462937124074 ], [ 465234.339980900462251, 5048545.61264790315181 ], [ 465221.613142329268157, 5048548.668091514147818 ], [ 465209.063655011123046, 5048552.385419012978673 ], [ 465196.72591621853644, 5048556.75444146245718 ], [ 465184.633742835954763, 5048561.763183675706387 ], [ 465172.820278669998515, 5048567.397917039692402 ], [ 465161.317903604882304, 5048573.643197140656412 ], [ 465150.158144851098768, 5048580.481906100176275 ], [ 465139.371590531780384, 5048587.895299492403865 ], [ 465128.987805842421949, 5048595.863057722337544 ], [ 465119.035252015164588, 5048604.363341717049479 ], [ 465109.541208308248315, 5048613.372852789238095 ], [ 465100.53169723553583, 5048622.86689649708569 ], [ 465092.031413240649272, 5048632.819450323469937 ], [ 465084.063655011123046, 5048643.203235013410449 ], [ 465076.65026161854621, 5048653.989789332263172 ], [ 465069.811552658793516, 5048665.149548086337745 ], [ 465063.566272557771299, 5048676.651923151686788 ], [ 465057.931539194250945, 5048688.465387317351997 ], [ 465052.922796980594285, 5048700.557560699991882 ], [ 465048.553774531115778, 5048712.895299492403865 ], [ 465044.836447032634169, 5048725.444786810316145 ], [ 465041.78100342140533, 5048738.171625382266939 ], [ 465039.395818456076086, 5048751.040931826457381 ], [ 465037.687429762794636, 5048764.017432269640267 ], [ 465036.66051991621498, 5048777.065559025853872 ], [ 465036.317903604882304, 5048790.149548086337745 ], [ 465036.66051991621498, 5048803.233537146821618 ], [ 465037.687429762794636, 5048816.281663903035223 ], [ 465039.395818456076086, 5048829.258164346218109 ], [ 465041.78100342140533, 5048842.127470790408552 ], [ 465044.836447032634169, 5048854.854309362359345 ], [ 465048.553774531115778, 5048867.403796680271626 ], [ 465052.922796980594285, 5048879.741535472683609 ], [ 465057.931539194250945, 5048891.833708855323493 ], [ 465063.566272557771299, 5048903.647173020988703 ], [ 465069.811552658793516, 5048915.149548086337745 ], [ 465076.65026161854621, 5048926.309306840412319 ], [ 465084.063655011123046, 5048937.095861159265041 ], [ 465092.031413240649272, 5048947.479645849205554 ], [ 465100.53169723553583, 5048957.4321996755898 ], [ 465109.541208308248315, 5048966.926243383437395 ], [ 465119.035252015164588, 5048975.935754455626011 ], [ 465128.987805842421949, 5048984.436038450337946 ], [ 465139.371590531780384, 5048992.403796680271626 ], [ 465150.158144851098768, 5048999.817190072499216 ], [ 465161.317903604882304, 5049006.655899032019079 ], [ 465172.820278669998515, 5049012.901179132983088 ], [ 465184.633742835954763, 5049018.535912496969104 ], [ 465196.72591621853644, 5049023.54465471021831 ], [ 465209.063655011123046, 5049027.913677159696817 ], [ 465221.613142329268157, 5049031.631004658527672 ], [ 465234.339980900462251, 5049034.68644826952368 ], [ 465247.209287344827317, 5049037.071633235551417 ], [ 465260.185787787951995, 5049038.78002192825079 ], [ 465273.2339145441656, 5049039.806931775063276 ], [ 465286.317903604882304, 5049040.149548086337745 ], [ 465299.401892665599007, 5049039.806931775063276 ], [ 465312.450019421812613, 5049038.78002192825079 ], [ 465325.426519864937291, 5049037.071633235551417 ], [ 465338.295826309302356, 5049034.68644826952368 ], [ 465351.02266488049645, 5049031.631004658527672 ], [ 465363.572152198641561, 5049027.913677159696817 ], [ 465375.909890991228167, 5049023.54465471021831 ], [ 465388.002064373809844, 5049018.535912496969104 ], [ 465399.815528539766092, 5049012.901179132983088 ], [ 465411.317903604882304, 5049006.655899032019079 ], [ 465422.477662358665839, 5048999.817190072499216 ], [ 465433.264216677984223, 5048992.403796680271626 ], [ 465443.648001367342658, 5048984.436038450337946 ], [ 465453.60055519460002, 5048975.935754455626011 ], [ 465463.094598901516292, 5048966.926243383437395 ], [ 465472.104109974228777, 5048957.4321996755898 ], [ 465480.604393969115335, 5048947.479645849205554 ], [ 465488.572152198641561, 5048937.095861159265041 ], [ 465495.985545591218397, 5048926.309306840412319 ], [ 465502.824254550971091, 5048915.149548086337745 ], [ 465509.069534651993308, 5048903.647173020988703 ], [ 465514.704268015513662, 5048891.833708855323493 ], [ 465519.713010229170322, 5048879.741535472683609 ], [ 465524.082032678648829, 5048867.403796680271626 ], [ 465527.799360177130438, 5048854.854309362359345 ], [ 465530.854803788359277, 5048842.127470790408552 ], [ 465533.239988753688522, 5048829.258164346218109 ], [ 465534.948377446969971, 5048816.281663903035223 ], [ 465535.975287293549627, 5048803.233537146821618 ], [ 465536.317903604882304, 5048790.149548086337745 ] ] ] } },
{ "type": "Feature", "properties": { "site": 6, "transect": 6.1 }, "geometry": { "type": "Polygon", "coordinates": [ [ [ 485065.320447940612212, 5037412.026769702322781 ], [ 485064.977831629279535, 5037398.942780641838908 ], [ 485063.950921782699879, 5037385.894653885625303 ], [ 485062.24253308941843, 5037372.918153442442417 ], [ 485059.857348124089185, 5037360.048846998251975 ], [ 485056.801904512860347, 5037347.322008426301181 ], [ 485053.084577014378738, 5037334.772521108388901 ], [ 485048.715554564900231, 5037322.434782315976918 ], [ 485043.70681235124357, 5037310.342608933337033 ], [ 485038.072078987723216, 5037298.529144767671824 ], [ 485031.826798886700999, 5037287.026769702322781 ], [ 485024.988089926948305, 5037275.867010948248208 ], [ 485017.574696534371469, 5037265.080456629395485 ], [ 485009.606938304845244, 5037254.696671939454973 ], [ 485001.106654309958685, 5037244.744118113070726 ], [ 484992.0971432372462, 5037235.250074405223131 ], [ 484982.603099530329928, 5037226.240563333034515 ], [ 484972.650545703072567, 5037217.74027933832258 ], [ 484962.266761013714131, 5037209.772521108388901 ], [ 484951.480206694395747, 5037202.359127716161311 ], [ 484940.320447940612212, 5037195.520418756641448 ], [ 484928.818072875496, 5037189.275138655677438 ], [ 484917.004608709539752, 5037183.640405291691422 ], [ 484904.912435326958075, 5037178.631663078442216 ], [ 484892.574696534371469, 5037174.262640628963709 ], [ 484880.025209216226358, 5037170.545313130132854 ], [ 484867.298370645032264, 5037167.489869519136846 ], [ 484854.429064200667199, 5037165.104684553109109 ], [ 484841.452563757542521, 5037163.396295860409737 ], [ 484828.404437001328915, 5037162.36938601359725 ], [ 484815.320447940612212, 5037162.026769702322781 ], [ 484802.236458879895508, 5037162.36938601359725 ], [ 484789.188332123681903, 5037163.396295860409737 ], [ 484776.211831680557225, 5037165.104684553109109 ], [ 484763.342525236192159, 5037167.489869519136846 ], [ 484750.615686664998066, 5037170.545313130132854 ], [ 484738.066199346852954, 5037174.262640628963709 ], [ 484725.728460554266348, 5037178.631663078442216 ], [ 484713.636287171684671, 5037183.640405291691422 ], [ 484701.822823005728424, 5037189.275138655677438 ], [ 484690.320447940612212, 5037195.520418756641448 ], [ 484679.160689186828677, 5037202.359127716161311 ], [ 484668.374134867510293, 5037209.772521108388901 ], [ 484657.990350178151857, 5037217.74027933832258 ], [ 484648.037796350894496, 5037226.240563333034515 ], [ 484638.543752643978223, 5037235.250074405223131 ], [ 484629.534241571265738, 5037244.744118113070726 ], [ 484621.03395757637918, 5037254.696671939454973 ], [ 484613.066199346852954, 5037265.080456629395485 ], [ 484605.652805954276118, 5037275.867010948248208 ], [ 484598.814096994523425, 5037287.026769702322781 ], [ 484592.568816893501207, 5037298.529144767671824 ], [ 484586.934083529980853, 5037310.342608933337033 ], [ 484581.925341316324193, 5037322.434782315976918 ], [ 484577.556318866845686, 5037334.772521108388901 ], [ 484573.838991368364077, 5037347.322008426301181 ], [ 484570.783547757135238, 5037360.048846998251975 ], [ 484568.398362791805994, 5037372.918153442442417 ], [ 484566.689974098524544, 5037385.894653885625303 ], [ 484565.663064251944888, 5037398.942780641838908 ], [ 484565.320447940612212, 5037412.026769702322781 ], [ 484565.663064251944888, 5037425.110758762806654 ], [ 484566.689974098524544, 5037438.158885519020259 ], [ 484568.398362791805994, 5037451.135385962203145 ], [ 484570.783547757135238, 5037464.004692406393588 ], [ 484573.838991368364077, 5037476.731530978344381 ], [ 484577.556318866845686, 5037489.281018296256661 ], [ 484581.925341316324193, 5037501.618757088668644 ], [ 484586.934083529980853, 5037513.710930471308529 ], [ 484592.568816893501207, 5037525.524394636973739 ], [ 484598.814096994523425, 5037537.026769702322781 ], [ 484605.652805954276118, 5037548.186528456397355 ], [ 484613.066199346852954, 5037558.973082775250077 ], [ 484621.03395757637918, 5037569.356867465190589 ], [ 484629.534241571265738, 5037579.309421291574836 ], [ 484638.543752643978223, 5037588.803464999422431 ], [ 484648.037796350894496, 5037597.812976071611047 ], [ 484657.990350178151857, 5037606.313260066322982 ], [ 484668.374134867510293, 5037614.281018296256661 ], [ 484679.160689186828677, 5037621.694411688484251 ], [ 484690.320447940612212, 5037628.533120648004115 ], [ 484701.822823005728424, 5037634.778400748968124 ], [ 484713.636287171684671, 5037640.41313411295414 ], [ 484725.728460554266348, 5037645.421876326203346 ], [ 484738.066199346852954, 5037649.790898775681853 ], [ 484750.615686664998066, 5037653.508226274512708 ], [ 484763.342525236192159, 5037656.563669885508716 ], [ 484776.211831680557225, 5037658.948854851536453 ], [ 484789.188332123681903, 5037660.657243544235826 ], [ 484802.236458879895508, 5037661.684153391048312 ], [ 484815.320447940612212, 5037662.026769702322781 ], [ 484828.404437001328915, 5037661.684153391048312 ], [ 484841.452563757542521, 5037660.657243544235826 ], [ 484854.429064200667199, 5037658.948854851536453 ], [ 484867.298370645032264, 5037656.563669885508716 ], [ 484880.025209216226358, 5037653.508226274512708 ], [ 484892.574696534371469, 5037649.790898775681853 ], [ 484904.912435326958075, 5037645.421876326203346 ], [ 484917.004608709539752, 5037640.41313411295414 ], [ 484928.818072875496, 5037634.778400748968124 ], [ 484940.320447940612212, 5037628.533120648004115 ], [ 484951.480206694395747, 5037621.694411688484251 ], [ 484962.266761013714131, 5037614.281018296256661 ], [ 484972.650545703072567, 5037606.313260066322982 ], [ 484982.603099530329928, 5037597.812976071611047 ], [ 484992.0971432372462, 5037588.803464999422431 ], [ 485001.106654309958685, 5037579.309421291574836 ], [ 485009.606938304845244, 5037569.356867465190589 ], [ 485017.574696534371469, 5037558.973082775250077 ], [ 485024.988089926948305, 5037548.186528456397355 ], [ 485031.826798886700999, 5037537.026769702322781 ], [ 485038.072078987723216, 5037525.524394636973739 ], [ 485043.70681235124357, 5037513.710930471308529 ], [ 485048.715554564900231, 5037501.618757088668644 ], [ 485053.084577014378738, 5037489.281018296256661 ], [ 485056.801904512860347, 5037476.731530978344381 ], [ 485059.857348124089185, 5037464.004692406393588 ], [ 485062.24253308941843, 5037451.135385962203145 ], [ 485063.950921782699879, 5037438.158885519020259 ], [ 485064.977831629279535, 5037425.110758762806654 ], [ 485065.320447940612212, 5037412.026769702322781 ] ] ] } },
{ "type": "Feature", "properties": { "site": 6, "transect": 6.2 }, "geometry": { "type": "Polygon", "coordinates": [ [ [ 485094.971566653810441, 5037488.961274089291692 ], [ 485094.628950342477765, 5037475.877285028807819 ], [ 485093.602040495898109, 5037462.829158272594213 ], [ 485091.89365180261666, 5037449.852657829411328 ], [ 485089.508466837287415, 5037436.983351385220885 ], [ 485086.453023226058576, 5037424.256512813270092 ], [ 485082.735695727576967, 5037411.707025495357811 ], [ 485078.36667327809846, 5037399.369286702945828 ], [ 485073.3579310644418, 5037387.277113320305943 ], [ 485067.723197700921446, 5037375.463649154640734 ], [ 485061.477917599899229, 5037363.961274089291692 ], [ 485054.639208640146535, 5037352.801515335217118 ], [ 485047.225815247569699, 5037342.014961016364396 ], [ 485039.258057018043473, 5037331.631176326423883 ], [ 485030.757773023156915, 5037321.678622500039637 ], [ 485021.74826195044443, 5037312.184578792192042 ], [ 485012.254218243528157, 5037303.175067720003426 ], [ 485002.301664416270796, 5037294.674783725291491 ], [ 484991.917879726912361, 5037286.707025495357811 ], [ 484981.131325407593977, 5037279.293632103130221 ], [ 484969.971566653810441, 5037272.454923143610358 ], [ 484958.46919158869423, 5037266.209643042646348 ], [ 484946.655727422737982, 5037260.574909678660333 ], [ 484934.563554040156305, 5037255.566167465411127 ], [ 484922.225815247569699, 5037251.19714501593262 ], [ 484909.676327929424588, 5037247.479817517101765 ], [ 484896.949489358230494, 5037244.424373906105757 ], [ 484884.080182913865428, 5037242.03918894007802 ], [ 484871.10368247074075, 5037240.330800247378647 ], [ 484858.055555714527145, 5037239.303890400566161 ], [ 484844.971566653810441, 5037238.961274089291692 ], [ 484831.887577593093738, 5037239.303890400566161 ], [ 484818.839450836880133, 5037240.330800247378647 ], [ 484805.862950393755455, 5037242.03918894007802 ], [ 484792.993643949390389, 5037244.424373906105757 ], [ 484780.266805378196295, 5037247.479817517101765 ], [ 484767.717318060051184, 5037251.19714501593262 ], [ 484755.379579267464578, 5037255.566167465411127 ], [ 484743.287405884882901, 5037260.574909678660333 ], [ 484731.473941718926653, 5037266.209643042646348 ], [ 484719.971566653810441, 5037272.454923143610358 ], [ 484708.811807900026906, 5037279.293632103130221 ], [ 484698.025253580708522, 5037286.707025495357811 ], [ 484687.641468891350087, 5037294.674783725291491 ], [ 484677.688915064092726, 5037303.175067720003426 ], [ 484668.194871357176453, 5037312.184578792192042 ], [ 484659.185360284463968, 5037321.678622500039637 ], [ 484650.68507628957741, 5037331.631176326423883 ], [ 484642.717318060051184, 5037342.014961016364396 ], [ 484635.303924667474348, 5037352.801515335217118 ], [ 484628.465215707721654, 5037363.961274089291692 ], [ 484622.219935606699437, 5037375.463649154640734 ], [ 484616.585202243179083, 5037387.277113320305943 ], [ 484611.576460029522423, 5037399.369286702945828 ], [ 484607.207437580043916, 5037411.707025495357811 ], [ 484603.490110081562307, 5037424.256512813270092 ], [ 484600.434666470333468, 5037436.983351385220885 ], [ 484598.049481505004223, 5037449.852657829411328 ], [ 484596.341092811722774, 5037462.829158272594213 ], [ 484595.314182965143118, 5037475.877285028807819 ], [ 484594.971566653810441, 5037488.961274089291692 ], [ 484595.314182965143118, 5037502.045263149775565 ], [ 484596.341092811722774, 5037515.09338990598917 ], [ 484598.049481505004223, 5037528.069890349172056 ], [ 484600.434666470333468, 5037540.939196793362498 ], [ 484603.490110081562307, 5037553.666035365313292 ], [ 484607.207437580043916, 5037566.215522683225572 ], [ 484611.576460029522423, 5037578.553261475637555 ], [ 484616.585202243179083, 5037590.64543485827744 ], [ 484622.219935606699437, 5037602.458899023942649 ], [ 484628.465215707721654, 5037613.961274089291692 ], [ 484635.303924667474348, 5037625.121032843366265 ], [ 484642.717318060051184, 5037635.907587162218988 ], [ 484650.68507628957741, 5037646.2913718521595 ], [ 484659.185360284463968, 5037656.243925678543746 ], [ 484668.194871357176453, 5037665.737969386391342 ], [ 484677.688915064092726, 5037674.747480458579957 ], [ 484687.641468891350087, 5037683.247764453291893 ], [ 484698.025253580708522, 5037691.215522683225572 ], [ 484708.811807900026906, 5037698.628916075453162 ], [ 484719.971566653810441, 5037705.467625034973025 ], [ 484731.473941718926653, 5037711.712905135937035 ], [ 484743.287405884882901, 5037717.34763849992305 ], [ 484755.379579267464578, 5037722.356380713172257 ], [ 484767.717318060051184, 5037726.725403162650764 ], [ 484780.266805378196295, 5037730.442730661481619 ], [ 484792.993643949390389, 5037733.498174272477627 ], [ 484805.862950393755455, 5037735.883359238505363 ], [ 484818.839450836880133, 5037737.591747931204736 ], [ 484831.887577593093738, 5037738.618657778017223 ], [ 484844.971566653810441, 5037738.961274089291692 ], [ 484858.055555714527145, 5037738.618657778017223 ], [ 484871.10368247074075, 5037737.591747931204736 ], [ 484884.080182913865428, 5037735.883359238505363 ], [ 484896.949489358230494, 5037733.498174272477627 ], [ 484909.676327929424588, 5037730.442730661481619 ], [ 484922.225815247569699, 5037726.725403162650764 ], [ 484934.563554040156305, 5037722.356380713172257 ], [ 484946.655727422737982, 5037717.34763849992305 ], [ 484958.46919158869423, 5037711.712905135937035 ], [ 484969.971566653810441, 5037705.467625034973025 ], [ 484981.131325407593977, 5037698.628916075453162 ], [ 484991.917879726912361, 5037691.215522683225572 ], [ 485002.301664416270796, 5037683.247764453291893 ], [ 485012.254218243528157, 5037674.747480458579957 ], [ 485021.74826195044443, 5037665.737969386391342 ], [ 485030.757773023156915, 5037656.243925678543746 ], [ 485039.258057018043473, 5037646.2913718521595 ], [ 485047.225815247569699, 5037635.907587162218988 ], [ 485054.639208640146535, 5037625.121032843366265 ], [ 485061.477917599899229, 5037613.961274089291692 ], [ 485067.723197700921446, 5037602.458899023942649 ], [ 485073.3579310644418, 5037590.64543485827744 ], [ 485078.36667327809846, 5037578.553261475637555 ], [ 485082.735695727576967, 5037566.215522683225572 ], [ 485086.453023226058576, 5037553.666035365313292 ], [ 485089.508466837287415, 5037540.939196793362498 ], [ 485091.89365180261666, 5037528.069890349172056 ], [ 485093.602040495898109, 5037515.09338990598917 ], [ 485094.628950342477765, 5037502.045263149775565 ], [ 485094.971566653810441, 5037488.961274089291692 ] ] ] } },
{ "type": "Feature", "properties": { "site": 6, "transect": 6.3 }, "geometry": { "type": "Polygon", "coordinates": [ [ [ 485028.266742058913223, 5037660.159585105255246 ], [ 485027.924125747580547, 5037647.075596044771373 ], [ 485026.897215901000891, 5037634.027469288557768 ], [ 485025.188827207719442, 5037621.050968845374882 ], [ 485022.803642242390197, 5037608.18166240118444 ], [ 485019.748198631161358, 5037595.454823829233646 ], [ 485016.030871132679749, 5037582.905336511321366 ], [ 485011.661848683201242, 5037570.567597718909383 ], [ 485006.653106469544582, 5037558.475424336269498 ], [ 485001.018373106024228, 5037546.661960170604289 ], [ 484994.773093005002011, 5037535.159585105255246 ], [ 484987.934384045249317, 5037523.999826351180673 ], [ 484980.520990652672481, 5037513.21327203232795 ], [ 484972.553232423146255, 5037502.829487342387438 ], [ 484964.052948428259697, 5037492.876933516003191 ], [ 484955.043437355547212, 5037483.382889808155596 ], [ 484945.549393648630939, 5037474.37337873596698 ], [ 484935.596839821373578, 5037465.873094741255045 ], [ 484925.213055132015143, 5037457.905336511321366 ], [ 484914.426500812696759, 5037450.491943119093776 ], [ 484903.266742058913223, 5037443.653234159573913 ], [ 484891.764366993797012, 5037437.407954058609903 ], [ 484879.950902827840764, 5037431.773220694623888 ], [ 484867.858729445259087, 5037426.764478481374681 ], [ 484855.520990652672481, 5037422.395456031896174 ], [ 484842.97150333452737, 5037418.678128533065319 ], [ 484830.244664763333276, 5037415.622684922069311 ], [ 484817.37535831896821, 5037413.237499956041574 ], [ 484804.398857875843532, 5037411.529111263342202 ], [ 484791.350731119629927, 5037410.502201416529715 ], [ 484778.266742058913223, 5037410.159585105255246 ], [ 484765.18275299819652, 5037410.502201416529715 ], [ 484752.134626241982915, 5037411.529111263342202 ], [ 484739.158125798858237, 5037413.237499956041574 ], [ 484726.288819354493171, 5037415.622684922069311 ], [ 484713.561980783299077, 5037418.678128533065319 ], [ 484701.012493465153966, 5037422.395456031896174 ], [ 484688.67475467256736, 5037426.764478481374681 ], [ 484676.582581289985683, 5037431.773220694623888 ], [ 484664.769117124029435, 5037437.407954058609903 ], [ 484653.266742058913223, 5037443.653234159573913 ], [ 484642.106983305129688, 5037450.491943119093776 ], [ 484631.320428985811304, 5037457.905336511321366 ], [ 484620.936644296452869, 5037465.873094741255045 ], [ 484610.984090469195507, 5037474.37337873596698 ], [ 484601.490046762279235, 5037483.382889808155596 ], [ 484592.48053568956675, 5037492.876933516003191 ], [ 484583.980251694680192, 5037502.829487342387438 ], [ 484576.012493465153966, 5037513.21327203232795 ], [ 484568.59910007257713, 5037523.999826351180673 ], [ 484561.760391112824436, 5037535.159585105255246 ], [ 484555.515111011802219, 5037546.661960170604289 ], [ 484549.880377648281865, 5037558.475424336269498 ], [ 484544.871635434625205, 5037570.567597718909383 ], [ 484540.502612985146698, 5037582.905336511321366 ], [ 484536.785285486665089, 5037595.454823829233646 ], [ 484533.72984187543625, 5037608.18166240118444 ], [ 484531.344656910107005, 5037621.050968845374882 ], [ 484529.636268216825556, 5037634.027469288557768 ], [ 484528.6093583702459, 5037647.075596044771373 ], [ 484528.266742058913223, 5037660.159585105255246 ], [ 484528.6093583702459, 5037673.243574165739119 ], [ 484529.636268216825556, 5037686.291700921952724 ], [ 484531.344656910107005, 5037699.26820136513561 ], [ 484533.72984187543625, 5037712.137507809326053 ], [ 484536.785285486665089, 5037724.864346381276846 ], [ 484540.502612985146698, 5037737.413833699189126 ], [ 484544.871635434625205, 5037749.75157249160111 ], [ 484549.880377648281865, 5037761.843745874240994 ], [ 484555.515111011802219, 5037773.657210039906204 ], [ 484561.760391112824436, 5037785.159585105255246 ], [ 484568.59910007257713, 5037796.31934385932982 ], [ 484576.012493465153966, 5037807.105898178182542 ], [ 484583.980251694680192, 5037817.489682868123055 ], [ 484592.48053568956675, 5037827.442236694507301 ], [ 484601.490046762279235, 5037836.936280402354896 ], [ 484610.984090469195507, 5037845.945791474543512 ], [ 484620.936644296452869, 5037854.446075469255447 ], [ 484631.320428985811304, 5037862.413833699189126 ], [ 484642.106983305129688, 5037869.827227091416717 ], [ 484653.266742058913223, 5037876.66593605093658 ], [ 484664.769117124029435, 5037882.911216151900589 ], [ 484676.582581289985683, 5037888.545949515886605 ], [ 484688.67475467256736, 5037893.554691729135811 ], [ 484701.012493465153966, 5037897.923714178614318 ], [ 484713.561980783299077, 5037901.641041677445173 ], [ 484726.288819354493171, 5037904.696485288441181 ], [ 484739.158125798858237, 5037907.081670254468918 ], [ 484752.134626241982915, 5037908.790058947168291 ], [ 484765.18275299819652, 5037909.816968793980777 ], [ 484778.266742058913223, 5037910.159585105255246 ], [ 484791.350731119629927, 5037909.816968793980777 ], [ 484804.398857875843532, 5037908.790058947168291 ], [ 484817.37535831896821, 5037907.081670254468918 ], [ 484830.244664763333276, 5037904.696485288441181 ], [ 484842.97150333452737, 5037901.641041677445173 ], [ 484855.520990652672481, 5037897.923714178614318 ], [ 484867.858729445259087, 5037893.554691729135811 ], [ 484879.950902827840764, 5037888.545949515886605 ], [ 484891.764366993797012, 5037882.911216151900589 ], [ 484903.266742058913223, 5037876.66593605093658 ], [ 484914.426500812696759, 5037869.827227091416717 ], [ 484925.213055132015143, 5037862.413833699189126 ], [ 484935.596839821373578, 5037854.446075469255447 ], [ 484945.549393648630939, 5037845.945791474543512 ], [ 484955.043437355547212, 5037836.936280402354896 ], [ 484964.052948428259697, 5037827.442236694507301 ], [ 484972.553232423146255, 5037817.489682868123055 ], [ 484980.520990652672481, 5037807.105898178182542 ], [ 484987.934384045249317, 5037796.31934385932982 ], [ 484994.773093005002011, 5037785.159585105255246 ], [ 485001.018373106024228, 5037773.657210039906204 ], [ 485006.653106469544582, 5037761.843745874240994 ], [ 485011.661848683201242, 5037749.75157249160111 ], [ 485016.030871132679749, 5037737.413833699189126 ], [ 485019.748198631161358, 5037724.864346381276846 ], [ 485022.803642242390197, 5037712.137507809326053 ], [ 485025.188827207719442, 5037699.26820136513561 ], [ 485026.897215901000891, 5037686.291700921952724 ], [ 485027.924125747580547, 5037673.243574165739119 ], [ 485028.266742058913223, 5037660.159585105255246 ] ] ] } },
{ "type": "Feature", "properties": { "site": 6, "transect": 6.4 }, "geometry": { "type": "Polygon", "coordinates": [ [ [ 484906.418592090369202, 5037584.747657354921103 ], [ 484906.075975779036526, 5037571.66366829443723 ], [ 484905.04906593245687, 5037558.615541538223624 ], [ 484903.34067723917542, 5037545.639041095040739 ], [ 484900.955492273846176, 5037532.769734650850296 ], [ 484897.900048662617337, 5037520.042896078899503 ], [ 484894.182721164135728, 5037507.493408760987222 ], [ 484889.813698714657221, 5037495.155669968575239 ], [ 484884.804956501000561, 5037483.063496585935354 ], [ 484879.170223137480207, 5037471.250032420270145 ], [ 484872.924943036457989, 5037459.747657354921103 ], [ 484866.086234076705296, 5037448.587898600846529 ], [ 484858.67284068412846, 5037437.801344281993806 ], [ 484850.705082454602234, 5037427.417559592053294 ], [ 484842.204798459715676, 5037417.465005765669048 ], [ 484833.195287387003191, 5037407.970962057821453 ], [ 484823.701243680086918, 5037398.961450985632837 ], [ 484813.748689852829557, 5037390.461166990920901 ], [ 484803.364905163471121, 5037382.493408760987222 ], [ 484792.578350844152737, 5037375.080015368759632 ], [ 484781.418592090369202, 5037368.241306409239769 ], [ 484769.91621702525299, 5037361.996026308275759 ], [ 484758.102752859296743, 5037356.361292944289744 ], [ 484746.010579476715066, 5037351.352550731040537 ], [ 484733.67284068412846, 5037346.98352828156203 ], [ 484721.123353365983348, 5037343.266200782731175 ], [ 484708.396514794789255, 5037340.210757171735168 ], [ 484695.527208350424189, 5037337.825572205707431 ], [ 484682.550707907299511, 5037336.117183513008058 ], [ 484669.502581151085906, 5037335.090273666195571 ], [ 484656.418592090369202, 5037334.747657354921103 ], [ 484643.334603029652499, 5037335.090273666195571 ], [ 484630.286476273438893, 5037336.117183513008058 ], [ 484617.309975830314215, 5037337.825572205707431 ], [ 484604.44066938594915, 5037340.210757171735168 ], [ 484591.713830814755056, 5037343.266200782731175 ], [ 484579.164343496609945, 5037346.98352828156203 ], [ 484566.826604704023339, 5037351.352550731040537 ], [ 484554.734431321441662, 5037356.361292944289744 ], [ 484542.920967155485414, 5037361.996026308275759 ], [ 484531.418592090369202, 5037368.241306409239769 ], [ 484520.258833336585667, 5037375.080015368759632 ], [ 484509.472279017267283, 5037382.493408760987222 ], [ 484499.088494327908847, 5037390.461166990920901 ], [ 484489.135940500651486, 5037398.961450985632837 ], [ 484479.641896793735214, 5037407.970962057821453 ], [ 484470.632385721022729, 5037417.465005765669048 ], [ 484462.13210172613617, 5037427.417559592053294 ], [ 484454.164343496609945, 5037437.801344281993806 ], [ 484446.750950104033109, 5037448.587898600846529 ], [ 484439.912241144280415, 5037459.747657354921103 ], [ 484433.666961043258198, 5037471.250032420270145 ], [ 484428.032227679737844, 5037483.063496585935354 ], [ 484423.023485466081183, 5037495.155669968575239 ], [ 484418.654463016602676, 5037507.493408760987222 ], [ 484414.937135518121067, 5037520.042896078899503 ], [ 484411.881691906892229, 5037532.769734650850296 ], [ 484409.496506941562984, 5037545.639041095040739 ], [ 484407.788118248281535, 5037558.615541538223624 ], [ 484406.761208401701879, 5037571.66366829443723 ], [ 484406.418592090369202, 5037584.747657354921103 ], [ 484406.761208401701879, 5037597.831646415404975 ], [ 484407.788118248281535, 5037610.879773171618581 ], [ 484409.496506941562984, 5037623.856273614801466 ], [ 484411.881691906892229, 5037636.725580058991909 ], [ 484414.937135518121067, 5037649.452418630942702 ], [ 484418.654463016602676, 5037662.001905948854983 ], [ 484423.023485466081183, 5037674.339644741266966 ], [ 484428.032227679737844, 5037686.431818123906851 ], [ 484433.666961043258198, 5037698.24528228957206 ], [ 484439.912241144280415, 5037709.747657354921103 ], [ 484446.750950104033109, 5037720.907416108995676 ], [ 484454.164343496609945, 5037731.693970427848399 ], [ 484462.13210172613617, 5037742.077755117788911 ], [ 484470.632385721022729, 5037752.030308944173157 ], [ 484479.641896793735214, 5037761.524352652020752 ], [ 484489.135940500651486, 5037770.533863724209368 ], [ 484499.088494327908847, 5037779.034147718921304 ], [ 484509.472279017267283, 5037787.001905948854983 ], [ 484520.258833336585667, 5037794.415299341082573 ], [ 484531.418592090369202, 5037801.254008300602436 ], [ 484542.920967155485414, 5037807.499288401566446 ], [ 484554.734431321441662, 5037813.134021765552461 ], [ 484566.826604704023339, 5037818.142763978801668 ], [ 484579.164343496609945, 5037822.511786428280175 ], [ 484591.713830814755056, 5037826.22911392711103 ], [ 484604.44066938594915, 5037829.284557538107038 ], [ 484617.309975830314215, 5037831.669742504134774 ], [ 484630.286476273438893, 5037833.378131196834147 ], [ 484643.334603029652499, 5037834.405041043646634 ], [ 484656.418592090369202, 5037834.747657354921103 ], [ 484669.502581151085906, 5037834.405041043646634 ], [ 484682.550707907299511, 5037833.378131196834147 ], [ 484695.527208350424189, 5037831.669742504134774 ], [ 484708.396514794789255, 5037829.284557538107038 ], [ 484721.123353365983348, 5037826.22911392711103 ], [ 484733.67284068412846, 5037822.511786428280175 ], [ 484746.010579476715066, 5037818.142763978801668 ], [ 484758.102752859296743, 5037813.134021765552461 ], [ 484769.91621702525299, 5037807.499288401566446 ], [ 484781.418592090369202, 5037801.254008300602436 ], [ 484792.578350844152737, 5037794.415299341082573 ], [ 484803.364905163471121, 5037787.001905948854983 ], [ 484813.748689852829557, 5037779.034147718921304 ], [ 484823.701243680086918, 5037770.533863724209368 ], [ 484833.195287387003191, 5037761.524352652020752 ], [ 484842.204798459715676, 5037752.030308944173157 ], [ 484850.705082454602234, 5037742.077755117788911 ], [ 484858.67284068412846, 5037731.693970427848399 ], [ 484866.086234076705296, 5037720.907416108995676 ], [ 484872.924943036457989, 5037709.747657354921103 ], [ 484879.170223137480207, 5037698.24528228957206 ], [ 484884.804956501000561, 5037686.431818123906851 ], [ 484889.813698714657221, 5037674.339644741266966 ], [ 484894.182721164135728, 5037662.001905948854983 ], [ 484897.900048662617337, 5037649.452418630942702 ], [ 484900.955492273846176, 5037636.725580058991909 ], [ 484903.34067723917542, 5037623.856273614801466 ], [ 484905.04906593245687, 5037610.879773171618581 ], [ 484906.075975779036526, 5037597.831646415404975 ], [ 484906.418592090369202, 5037584.747657354921103 ] ] ] } },
{ "type": "Feature", "properties": { "site": 7, "transect": 7.1 }, "geometry": { "type": "Polygon", "coordinates": [ [ [ 339624.496701458818279, 5072970.379149129614234 ], [ 339624.154085147485603, 5072957.295160069130361 ], [ 339623.127175300905947, 5072944.247033312916756 ], [ 339621.418786607624497, 5072931.27053286973387 ], [ 339619.033601642295253, 5072918.401226425543427 ], [ 339615.978158031066414, 5072905.674387853592634 ], [ 339612.260830532584805, 5072893.124900535680354 ], [ 339607.891808083106298, 5072880.787161743268371 ], [ 339602.883065869449638, 5072868.694988360628486 ], [ 339597.248332505929284, 5072856.881524194963276 ], [ 339591.003052404907066, 5072845.379149129614234 ], [ 339584.164343445154373, 5072834.21939037553966 ], [ 339576.750950052577537, 5072823.432836056686938 ], [ 339568.783191823051311, 5072813.049051366746426 ], [ 339560.282907828164753, 5072803.096497540362179 ], [ 339551.273396755452268, 5072793.602453832514584 ], [ 339541.779353048535995, 5072784.592942760325968 ], [ 339531.826799221278634, 5072776.092658765614033 ], [ 339521.443014531920198, 5072768.124900535680354 ], [ 339510.656460212601814, 5072760.711507143452764 ], [ 339499.496701458818279, 5072753.8727981839329 ], [ 339487.994326393702067, 5072747.627518082968891 ], [ 339476.18086222774582, 5072741.992784718982875 ], [ 339464.088688845164143, 5072736.984042505733669 ], [ 339451.750950052577537, 5072732.615020056255162 ], [ 339439.201462734432425, 5072728.897692557424307 ], [ 339426.474624163238332, 5072725.842248946428299 ], [ 339413.605317718873266, 5072723.457063980400562 ], [ 339400.628817275748588, 5072721.74867528770119 ], [ 339387.580690519534983, 5072720.721765440888703 ], [ 339374.496701458818279, 5072720.379149129614234 ], [ 339361.412712398101576, 5072720.721765440888703 ], [ 339348.36458564188797, 5072721.74867528770119 ], [ 339335.388085198763292, 5072723.457063980400562 ], [ 339322.518778754398227, 5072725.842248946428299 ], [ 339309.791940183204133, 5072728.897692557424307 ], [ 339297.242452865059022, 5072732.615020056255162 ], [ 339284.904714072472416, 5072736.984042505733669 ], [ 339272.812540689890739, 5072741.992784718982875 ], [ 339260.999076523934491, 5072747.627518082968891 ], [ 339249.496701458818279, 5072753.8727981839329 ], [ 339238.336942705034744, 5072760.711507143452764 ], [ 339227.55038838571636, 5072768.124900535680354 ], [ 339217.166603696357924, 5072776.092658765614033 ], [ 339207.214049869100563, 5072784.592942760325968 ], [ 339197.720006162184291, 5072793.602453832514584 ], [ 339188.710495089471806, 5072803.096497540362179 ], [ 339180.210211094585247, 5072813.049051366746426 ], [ 339172.242452865059022, 5072823.432836056686938 ], [ 339164.829059472482186, 5072834.21939037553966 ], [ 339157.990350512729492, 5072845.379149129614234 ], [ 339151.745070411707275, 5072856.881524194963276 ], [ 339146.110337048186921, 5072868.694988360628486 ], [ 339141.10159483453026, 5072880.787161743268371 ], [ 339136.732572385051753, 5072893.124900535680354 ], [ 339133.015244886570144, 5072905.674387853592634 ], [ 339129.959801275341306, 5072918.401226425543427 ], [ 339127.574616310012061, 5072931.27053286973387 ], [ 339125.866227616730612, 5072944.247033312916756 ], [ 339124.839317770150956, 5072957.295160069130361 ], [ 339124.496701458818279, 5072970.379149129614234 ], [ 339124.839317770150956, 5072983.463138190098107 ], [ 339125.866227616730612, 5072996.511264946311712 ], [ 339127.574616310012061, 5073009.487765389494598 ], [ 339129.959801275341306, 5073022.35707183368504 ], [ 339133.015244886570144, 5073035.083910405635834 ], [ 339136.732572385051753, 5073047.633397723548114 ], [ 339141.10159483453026, 5073059.971136515960097 ], [ 339146.110337048186921, 5073072.063309898599982 ], [ 339151.745070411707275, 5073083.876774064265192 ], [ 339157.990350512729492, 5073095.379149129614234 ], [ 339164.829059472482186, 5073106.538907883688807 ], [ 339172.242452865059022, 5073117.32546220254153 ], [ 339180.210211094585247, 5073127.709246892482042 ], [ 339188.710495089471806, 5073137.661800718866289 ], [ 339197.720006162184291, 5073147.155844426713884 ], [ 339207.214049869100563, 5073156.1653554989025 ], [ 339217.166603696357924, 5073164.665639493614435 ], [ 339227.55038838571636, 5073172.633397723548114 ], [ 339238.336942705034744, 5073180.046791115775704 ], [ 339249.496701458818279, 5073186.885500075295568 ], [ 339260.999076523934491, 5073193.130780176259577 ], [ 339272.812540689890739, 5073198.765513540245593 ], [ 339284.904714072472416, 5073203.774255753494799 ], [ 339297.242452865059022, 5073208.143278202973306 ], [ 339309.791940183204133, 5073211.860605701804161 ], [ 339322.518778754398227, 5073214.916049312800169 ], [ 339335.388085198763292, 5073217.301234278827906 ], [ 339348.36458564188797, 5073219.009622971527278 ], [ 339361.412712398101576, 5073220.036532818339765 ], [ 339374.496701458818279, 5073220.379149129614234 ], [ 339387.580690519534983, 5073220.036532818339765 ], [ 339400.628817275748588, 5073219.009622971527278 ], [ 339413.605317718873266, 5073217.301234278827906 ], [ 339426.474624163238332, 5073214.916049312800169 ], [ 339439.201462734432425, 5073211.860605701804161 ], [ 339451.750950052577537, 5073208.143278202973306 ], [ 339464.088688845164143, 5073203.774255753494799 ], [ 339476.18086222774582, 5073198.765513540245593 ], [ 339487.994326393702067, 5073193.130780176259577 ], [ 339499.496701458818279, 5073186.885500075295568 ], [ 339510.656460212601814, 5073180.046791115775704 ], [ 339521.443014531920198, 5073172.633397723548114 ], [ 339531.826799221278634, 5073164.665639493614435 ], [ 339541.779353048535995, 5073156.1653554989025 ], [ 339551.273396755452268, 5073147.155844426713884 ], [ 339560.282907828164753, 5073137.661800718866289 ], [ 339568.783191823051311, 5073127.709246892482042 ], [ 339576.750950052577537, 5073117.32546220254153 ], [ 339584.164343445154373, 5073106.538907883688807 ], [ 339591.003052404907066, 5073095.379149129614234 ], [ 339597.248332505929284, 5073083.876774064265192 ], [ 339602.883065869449638, 5073072.063309898599982 ], [ 339607.891808083106298, 5073059.971136515960097 ], [ 339612.260830532584805, 5073047.633397723548114 ], [ 339615.978158031066414, 5073035.083910405635834 ], [ 339619.033601642295253, 5073022.35707183368504 ], [ 339621.418786607624497, 5073009.487765389494598 ], [ 339623.127175300905947, 5072996.511264946311712 ], [ 339624.154085147485603, 5072983.463138190098107 ], [ 339624.496701458818279, 5072970.379149129614234 ] ] ] } },
{ "type": "Feature", "properties": { "site": 7, "transect": 7.2 }, "geometry": { "type": "Polygon", "coordinates": [ [ [ 339731.391476092045195, 5073111.944846203550696 ], [ 339731.048859780712519, 5073098.860857143066823 ], [ 339730.021949934132863, 5073085.812730386853218 ], [ 339728.313561240851413, 5073072.836229943670332 ], [ 339725.928376275522169, 5073059.96692349947989 ], [ 339722.87293266429333, 5073047.240084927529097 ], [ 339719.155605165811721, 5073034.690597609616816 ], [ 339714.786582716333214, 5073022.352858817204833 ], [ 339709.777840502676554, 5073010.260685434564948 ], [ 339704.1431071391562, 5072998.447221268899739 ], [ 339697.897827038133983, 5072986.944846203550696 ], [ 339691.059118078381289, 5072975.785087449476123 ], [ 339683.645724685804453, 5072964.9985331306234 ], [ 339675.677966456278227, 5072954.614748440682888 ], [ 339667.177682461391669, 5072944.662194614298642 ], [ 339658.168171388679184, 5072935.168150906451046 ], [ 339648.674127681762911, 5072926.158639834262431 ], [ 339638.72157385450555, 5072917.658355839550495 ], [ 339628.337789165147115, 5072909.690597609616816 ], [ 339617.551234845828731, 5072902.277204217389226 ], [ 339606.391476092045195, 5072895.438495257869363 ], [ 339594.889101026928984, 5072889.193215156905353 ], [ 339583.075636860972736, 5072883.558481792919338 ], [ 339570.983463478391059, 5072878.549739579670131 ], [ 339558.645724685804453, 5072874.180717130191624 ], [ 339546.096237367659342, 5072870.463389631360769 ], [ 339533.369398796465248, 5072867.407946020364761 ], [ 339520.500092352100182, 5072865.022761054337025 ], [ 339507.523591908975504, 5072863.314372361637652 ], [ 339494.475465152761899, 5072862.287462514825165 ], [ 339481.391476092045195, 5072861.944846203550696 ], [ 339468.307487031328492, 5072862.287462514825165 ], [ 339455.259360275114886, 5072863.314372361637652 ], [ 339442.282859831990208, 5072865.022761054337025 ], [ 339429.413553387625143, 5072867.407946020364761 ], [ 339416.686714816431049, 5072870.463389631360769 ], [ 339404.137227498285938, 5072874.180717130191624 ], [ 339391.799488705699332, 5072878.549739579670131 ], [ 339379.707315323117655, 5072883.558481792919338 ], [ 339367.893851157161407, 5072889.193215156905353 ], [ 339356.391476092045195, 5072895.438495257869363 ], [ 339345.23171733826166, 5072902.277204217389226 ], [ 339334.445163018943276, 5072909.690597609616816 ], [ 339324.061378329584841, 5072917.658355839550495 ], [ 339314.108824502327479, 5072926.158639834262431 ], [ 339304.614780795411207, 5072935.168150906451046 ], [ 339295.605269722698722, 5072944.662194614298642 ], [ 339287.104985727812164, 5072954.614748440682888 ], [ 339279.137227498285938, 5072964.9985331306234 ], [ 339271.723834105709102, 5072975.785087449476123 ], [ 339264.885125145956408, 5072986.944846203550696 ], [ 339258.639845044934191, 5072998.447221268899739 ], [ 339253.005111681413837, 5073010.260685434564948 ], [ 339247.996369467757177, 5073022.352858817204833 ], [ 339243.62734701827867, 5073034.690597609616816 ], [ 339239.910019519797061, 5073047.240084927529097 ], [ 339236.854575908568222, 5073059.96692349947989 ], [ 339234.469390943238977, 5073072.836229943670332 ], [ 339232.761002249957528, 5073085.812730386853218 ], [ 339231.734092403377872, 5073098.860857143066823 ], [ 339231.391476092045195, 5073111.944846203550696 ], [ 339231.734092403377872, 5073125.028835264034569 ], [ 339232.761002249957528, 5073138.076962020248175 ], [ 339234.469390943238977, 5073151.05346246343106 ], [ 339236.854575908568222, 5073163.922768907621503 ], [ 339239.910019519797061, 5073176.649607479572296 ], [ 339243.62734701827867, 5073189.199094797484577 ], [ 339247.996369467757177, 5073201.53683358989656 ], [ 339253.005111681413837, 5073213.629006972536445 ], [ 339258.639845044934191, 5073225.442471138201654 ], [ 339264.885125145956408, 5073236.944846203550696 ], [ 339271.723834105709102, 5073248.10460495762527 ], [ 339279.137227498285938, 5073258.891159276477993 ], [ 339287.104985727812164, 5073269.274943966418505 ], [ 339295.605269722698722, 5073279.227497792802751 ], [ 339304.614780795411207, 5073288.721541500650346 ], [ 339314.108824502327479, 5073297.731052572838962 ], [ 339324.061378329584841, 5073306.231336567550898 ], [ 339334.445163018943276, 5073314.199094797484577 ], [ 339345.23171733826166, 5073321.612488189712167 ], [ 339356.391476092045195, 5073328.45119714923203 ], [ 339367.893851157161407, 5073334.69647725019604 ], [ 339379.707315323117655, 5073340.331210614182055 ], [ 339391.799488705699332, 5073345.339952827431262 ], [ 339404.137227498285938, 5073349.708975276909769 ], [ 339416.686714816431049, 5073353.426302775740623 ], [ 339429.413553387625143, 5073356.481746386736631 ], [ 339442.282859831990208, 5073358.866931352764368 ], [ 339455.259360275114886, 5073360.575320045463741 ], [ 339468.307487031328492, 5073361.602229892276227 ], [ 339481.391476092045195, 5073361.944846203550696 ], [ 339494.475465152761899, 5073361.602229892276227 ], [ 339507.523591908975504, 5073360.575320045463741 ], [ 339520.500092352100182, 5073358.866931352764368 ], [ 339533.369398796465248, 5073356.481746386736631 ], [ 339546.096237367659342, 5073353.426302775740623 ], [ 339558.645724685804453, 5073349.708975276909769 ], [ 339570.983463478391059, 5073345.339952827431262 ], [ 339583.075636860972736, 5073340.331210614182055 ], [ 339594.889101026928984, 5073334.69647725019604 ], [ 339606.391476092045195, 5073328.45119714923203 ], [ 339617.551234845828731, 5073321.612488189712167 ], [ 339628.337789165147115, 5073314.199094797484577 ], [ 339638.72157385450555, 5073306.231336567550898 ], [ 339648.674127681762911, 5073297.731052572838962 ], [ 339658.168171388679184, 5073288.721541500650346 ], [ 339667.177682461391669, 5073279.227497792802751 ], [ 339675.677966456278227, 5073269.274943966418505 ], [ 339683.645724685804453, 5073258.891159276477993 ], [ 339691.059118078381289, 5073248.10460495762527 ], [ 339697.897827038133983, 5073236.944846203550696 ], [ 339704.1431071391562, 5073225.442471138201654 ], [ 339709.777840502676554, 5073213.629006972536445 ], [ 339714.786582716333214, 5073201.53683358989656 ], [ 339719.155605165811721, 5073189.199094797484577 ], [ 339722.87293266429333, 5073176.649607479572296 ], [ 339725.928376275522169, 5073163.922768907621503 ], [ 339728.313561240851413, 5073151.05346246343106 ], [ 339730.021949934132863, 5073138.076962020248175 ], [ 339731.048859780712519, 5073125.028835264034569 ], [ 339731.391476092045195, 5073111.944846203550696 ] ] ] } },
{ "type": "Feature", "properties": { "site": 7, "transect": 7.3 }, "geometry": { "type": "Polygon", "coordinates": [ [ [ 339663.886549036717042, 5073061.595777028240263 ], [ 339663.543932725384366, 5073048.511787967756391 ], [ 339662.51702287880471, 5073035.463661211542785 ], [ 339660.80863418552326, 5073022.4871607683599 ], [ 339658.423449220194016, 5073009.617854324169457 ], [ 339655.368005608965177, 5072996.891015752218664 ], [ 339651.650678110483568, 5072984.341528434306383 ], [ 339647.281655661005061, 5072972.0037896418944 ], [ 339642.272913447348401, 5072959.911616259254515 ], [ 339636.638180083828047, 5072948.098152093589306 ], [ 339630.392899982805829, 5072936.595777028240263 ], [ 339623.554191023053136, 5072925.43601827416569 ], [ 339616.1407976304763, 5072914.649463955312967 ], [ 339608.173039400950074, 5072904.265679265372455 ], [ 339599.672755406063516, 5072894.313125438988209 ], [ 339590.663244333351031, 5072884.819081731140614 ], [ 339581.169200626434758, 5072875.809570658951998 ], [ 339571.216646799177397, 5072867.309286664240062 ], [ 339560.832862109818961, 5072859.341528434306383 ], [ 339550.046307790500578, 5072851.928135042078793 ], [ 339538.886549036717042, 5072845.08942608255893 ], [ 339527.384173971600831, 5072838.84414598159492 ], [ 339515.570709805644583, 5072833.209412617608905 ], [ 339503.478536423062906, 5072828.200670404359698 ], [ 339491.1407976304763, 5072823.831647954881191 ], [ 339478.591310312331188, 5072820.114320456050336 ], [ 339465.864471741137095, 5072817.058876845054328 ], [ 339452.995165296772029, 5072814.673691879026592 ], [ 339440.018664853647351, 5072812.965303186327219 ], [ 339426.970538097433746, 5072811.938393339514732 ], [ 339413.886549036717042, 5072811.595777028240263 ], [ 339400.802559976000339, 5072811.938393339514732 ], [ 339387.754433219786733, 5072812.965303186327219 ], [ 339374.777932776662055, 5072814.673691879026592 ], [ 339361.90862633229699, 5072817.058876845054328 ], [ 339349.181787761102896, 5072820.114320456050336 ], [ 339336.632300442957785, 5072823.831647954881191 ], [ 339324.294561650371179, 5072828.200670404359698 ], [ 339312.202388267789502, 5072833.209412617608905 ], [ 339300.388924101833254, 5072838.84414598159492 ], [ 339288.886549036717042, 5072845.08942608255893 ], [ 339277.726790282933507, 5072851.928135042078793 ], [ 339266.940235963615123, 5072859.341528434306383 ], [ 339256.556451274256688, 5072867.309286664240062 ], [ 339246.603897446999326, 5072875.809570658951998 ], [ 339237.109853740083054, 5072884.819081731140614 ], [ 339228.100342667370569, 5072894.313125438988209 ], [ 339219.60005867248401, 5072904.265679265372455 ], [ 339211.632300442957785, 5072914.649463955312967 ], [ 339204.218907050380949, 5072925.43601827416569 ], [ 339197.380198090628255, 5072936.595777028240263 ], [ 339191.134917989606038, 5072948.098152093589306 ], [ 339185.500184626085684, 5072959.911616259254515 ], [ 339180.491442412429024, 5072972.0037896418944 ], [ 339176.122419962950516, 5072984.341528434306383 ], [ 339172.405092464468908, 5072996.891015752218664 ], [ 339169.349648853240069, 5073009.617854324169457 ], [ 339166.964463887910824, 5073022.4871607683599 ], [ 339165.256075194629375, 5073035.463661211542785 ], [ 339164.229165348049719, 5073048.511787967756391 ], [ 339163.886549036717042, 5073061.595777028240263 ], [ 339164.229165348049719, 5073074.679766088724136 ], [ 339165.256075194629375, 5073087.727892844937742 ], [ 339166.964463887910824, 5073100.704393288120627 ], [ 339169.349648853240069, 5073113.57369973231107 ], [ 339172.405092464468908, 5073126.300538304261863 ], [ 339176.122419962950516, 5073138.850025622174144 ], [ 339180.491442412429024, 5073151.187764414586127 ], [ 339185.500184626085684, 5073163.279937797226012 ], [ 339191.134917989606038, 5073175.093401962891221 ], [ 339197.380198090628255, 5073186.595777028240263 ], [ 339204.218907050380949, 5073197.755535782314837 ], [ 339211.632300442957785, 5073208.54209010116756 ], [ 339219.60005867248401, 5073218.925874791108072 ], [ 339228.100342667370569, 5073228.878428617492318 ], [ 339237.109853740083054, 5073238.372472325339913 ], [ 339246.603897446999326, 5073247.381983397528529 ], [ 339256.556451274256688, 5073255.882267392240465 ], [ 339266.940235963615123, 5073263.850025622174144 ], [ 339277.726790282933507, 5073271.263419014401734 ], [ 339288.886549036717042, 5073278.102127973921597 ], [ 339300.388924101833254, 5073284.347408074885607 ], [ 339312.202388267789502, 5073289.982141438871622 ], [ 339324.294561650371179, 5073294.990883652120829 ], [ 339336.632300442957785, 5073299.359906101599336 ], [ 339349.181787761102896, 5073303.077233600430191 ], [ 339361.90862633229699, 5073306.132677211426198 ], [ 339374.777932776662055, 5073308.517862177453935 ], [ 339387.754433219786733, 5073310.226250870153308 ], [ 339400.802559976000339, 5073311.253160716965795 ], [ 339413.886549036717042, 5073311.595777028240263 ], [ 339426.970538097433746, 5073311.253160716965795 ], [ 339440.018664853647351, 5073310.226250870153308 ], [ 339452.995165296772029, 5073308.517862177453935 ], [ 339465.864471741137095, 5073306.132677211426198 ], [ 339478.591310312331188, 5073303.077233600430191 ], [ 339491.1407976304763, 5073299.359906101599336 ], [ 339503.478536423062906, 5073294.990883652120829 ], [ 339515.570709805644583, 5073289.982141438871622 ], [ 339527.384173971600831, 5073284.347408074885607 ], [ 339538.886549036717042, 5073278.102127973921597 ], [ 339550.046307790500578, 5073271.263419014401734 ], [ 339560.832862109818961, 5073263.850025622174144 ], [ 339571.216646799177397, 5073255.882267392240465 ], [ 339581.169200626434758, 5073247.381983397528529 ], [ 339590.663244333351031, 5073238.372472325339913 ], [ 339599.672755406063516, 5073228.878428617492318 ], [ 339608.173039400950074, 5073218.925874791108072 ], [ 339616.1407976304763, 5073208.54209010116756 ], [ 339623.554191023053136, 5073197.755535782314837 ], [ 339630.392899982805829, 5073186.595777028240263 ], [ 339636.638180083828047, 5073175.093401962891221 ], [ 339642.272913447348401, 5073163.279937797226012 ], [ 339647.281655661005061, 5073151.187764414586127 ], [ 339651.650678110483568, 5073138.850025622174144 ], [ 339655.368005608965177, 5073126.300538304261863 ], [ 339658.423449220194016, 5073113.57369973231107 ], [ 339660.80863418552326, 5073100.704393288120627 ], [ 339662.51702287880471, 5073087.727892844937742 ], [ 339663.543932725384366, 5073074.679766088724136 ], [ 339663.886549036717042, 5073061.595777028240263 ] ] ] } },
{ "type": "Feature", "properties": { "site": 7, "transect": 7.4 }, "geometry": { "type": "Polygon", "coordinates": [ [ [ 339854.625261124572717, 5073202.259732727892697 ], [ 339854.28264481324004, 5073189.175743667408824 ], [ 339853.255734966660384, 5073176.127616911195219 ], [ 339851.547346273378935, 5073163.151116468012333 ], [ 339849.16216130804969, 5073150.28181002382189 ], [ 339846.106717696820851, 5073137.554971451871097 ], [ 339842.389390198339242, 5073125.005484133958817 ], [ 339838.020367748860735, 5073112.667745341546834 ], [ 339833.011625535204075, 5073100.575571958906949 ], [ 339827.376892171683721, 5073088.762107793241739 ], [ 339821.131612070661504, 5073077.259732727892697 ], [ 339814.29290311090881, 5073066.099973973818123 ], [ 339806.879509718331974, 5073055.313419654965401 ], [ 339798.911751488805749, 5073044.929634965024889 ], [ 339790.41146749391919, 5073034.977081138640642 ], [ 339781.401956421206705, 5073025.483037430793047 ], [ 339771.907912714290433, 5073016.473526358604431 ], [ 339761.955358887033071, 5073007.973242363892496 ], [ 339751.571574197674636, 5073000.005484133958817 ], [ 339740.785019878356252, 5072992.592090741731226 ], [ 339729.625261124572717, 5072985.753381782211363 ], [ 339718.122886059456505, 5072979.508101681247354 ], [ 339706.309421893500257, 5072973.873368317261338 ], [ 339694.21724851091858, 5072968.864626104012132 ], [ 339681.879509718331974, 5072964.495603654533625 ], [ 339669.330022400186863, 5072960.77827615570277 ], [ 339656.603183828992769, 5072957.722832544706762 ], [ 339643.733877384627704, 5072955.337647578679025 ], [ 339630.757376941503026, 5072953.629258885979652 ], [ 339617.70925018528942, 5072952.602349039167166 ], [ 339604.625261124572717, 5072952.259732727892697 ], [ 339591.541272063856013, 5072952.602349039167166 ], [ 339578.493145307642408, 5072953.629258885979652 ], [ 339565.51664486451773, 5072955.337647578679025 ], [ 339552.647338420152664, 5072957.722832544706762 ], [ 339539.920499848958571, 5072960.77827615570277 ], [ 339527.371012530813459, 5072964.495603654533625 ], [ 339515.033273738226853, 5072968.864626104012132 ], [ 339502.941100355645176, 5072973.873368317261338 ], [ 339491.127636189688928, 5072979.508101681247354 ], [ 339479.625261124572717, 5072985.753381782211363 ], [ 339468.465502370789181, 5072992.592090741731226 ], [ 339457.678948051470798, 5073000.005484133958817 ], [ 339447.295163362112362, 5073007.973242363892496 ], [ 339437.342609534855001, 5073016.473526358604431 ], [ 339427.848565827938728, 5073025.483037430793047 ], [ 339418.839054755226243, 5073034.977081138640642 ], [ 339410.338770760339685, 5073044.929634965024889 ], [ 339402.371012530813459, 5073055.313419654965401 ], [ 339394.957619138236623, 5073066.099973973818123 ], [ 339388.118910178483929, 5073077.259732727892697 ], [ 339381.873630077461712, 5073088.762107793241739 ], [ 339376.238896713941358, 5073100.575571958906949 ], [ 339371.230154500284698, 5073112.667745341546834 ], [ 339366.861132050806191, 5073125.005484133958817 ], [ 339363.143804552324582, 5073137.554971451871097 ], [ 339360.088360941095743, 5073150.28181002382189 ], [ 339357.703175975766499, 5073163.151116468012333 ], [ 339355.994787282485049, 5073176.127616911195219 ], [ 339354.967877435905393, 5073189.175743667408824 ], [ 339354.625261124572717, 5073202.259732727892697 ], [ 339354.967877435905393, 5073215.34372178837657 ], [ 339355.994787282485049, 5073228.391848544590175 ], [ 339357.703175975766499, 5073241.368348987773061 ], [ 339360.088360941095743, 5073254.237655431963503 ], [ 339363.143804552324582, 5073266.964494003914297 ], [ 339366.861132050806191, 5073279.513981321826577 ], [ 339371.230154500284698, 5073291.85172011423856 ], [ 339376.238896713941358, 5073303.943893496878445 ], [ 339381.873630077461712, 5073315.757357662543654 ], [ 339388.118910178483929, 5073327.259732727892697 ], [ 339394.957619138236623, 5073338.41949148196727 ], [ 339402.371012530813459, 5073349.206045800819993 ], [ 339410.338770760339685, 5073359.589830490760505 ], [ 339418.839054755226243, 5073369.542384317144752 ], [ 339427.848565827938728, 5073379.036428024992347 ], [ 339437.342609534855001, 5073388.045939097180963 ], [ 339447.295163362112362, 5073396.546223091892898 ], [ 339457.678948051470798, 5073404.513981321826577 ], [ 339468.465502370789181, 5073411.927374714054167 ], [ 339479.625261124572717, 5073418.76608367357403 ], [ 339491.127636189688928, 5073425.01136377453804 ], [ 339502.941100355645176, 5073430.646097138524055 ], [ 339515.033273738226853, 5073435.654839351773262 ], [ 339527.371012530813459, 5073440.023861801251769 ], [ 339539.920499848958571, 5073443.741189300082624 ], [ 339552.647338420152664, 5073446.796632911078632 ], [ 339565.51664486451773, 5073449.181817877106369 ], [ 339578.493145307642408, 5073450.890206569805741 ], [ 339591.541272063856013, 5073451.917116416618228 ], [ 339604.625261124572717, 5073452.259732727892697 ], [ 339617.70925018528942, 5073451.917116416618228 ], [ 339630.757376941503026, 5073450.890206569805741 ], [ 339643.733877384627704, 5073449.181817877106369 ], [ 339656.603183828992769, 5073446.796632911078632 ], [ 339669.330022400186863, 5073443.741189300082624 ], [ 339681.879509718331974, 5073440.023861801251769 ], [ 339694.21724851091858, 5073435.654839351773262 ], [ 339706.309421893500257, 5073430.646097138524055 ], [ 339718.122886059456505, 5073425.01136377453804 ], [ 339729.625261124572717, 5073418.76608367357403 ], [ 339740.785019878356252, 5073411.927374714054167 ], [ 339751.571574197674636, 5073404.513981321826577 ], [ 339761.955358887033071, 5073396.546223091892898 ], [ 339771.907912714290433, 5073388.045939097180963 ], [ 339781.401956421206705, 5073379.036428024992347 ], [ 339790.41146749391919, 5073369.542384317144752 ], [ 339798.911751488805749, 5073359.589830490760505 ], [ 339806.879509718331974, 5073349.206045800819993 ], [ 339814.29290311090881, 5073338.41949148196727 ], [ 339821.131612070661504, 5073327.259732727892697 ], [ 339827.376892171683721, 5073315.757357662543654 ], [ 339833.011625535204075, 5073303.943893496878445 ], [ 339838.020367748860735, 5073291.85172011423856 ], [ 339842.389390198339242, 5073279.513981321826577 ], [ 339846.106717696820851, 5073266.964494003914297 ], [ 339849.16216130804969, 5073254.237655431963503 ], [ 339851.547346273378935, 5073241.368348987773061 ], [ 339853.255734966660384, 5073228.391848544590175 ], [ 339854.28264481324004, 5073215.34372178837657 ], [ 339854.625261124572717, 5073202.259732727892697 ] ] ] } },
{ "type": "Feature", "properties": { "site": 8, "transect": 8.1 }, "geometry": { "type": "Polygon", "coordinates": [ [ [ 425776.1984307198436, 4954105.765819686464965 ], [ 425775.855814408510923, 4954092.681830625981092 ], [ 425774.828904561931267, 4954079.633703869767487 ], [ 425773.120515868649818, 4954066.657203426584601 ], [ 425770.735330903320573, 4954053.787896982394159 ], [ 425767.679887292091735, 4954041.061058410443366 ], [ 425763.962559793610126, 4954028.511571092531085 ], [ 425759.593537344131619, 4954016.173832300119102 ], [ 425754.584795130474959, 4954004.081658917479217 ], [ 425748.950061766954605, 4953992.268194751814008 ], [ 425742.704781665932387, 4953980.765819686464965 ], [ 425735.866072706179693, 4953969.606060932390392 ], [ 425728.452679313602857, 4953958.819506613537669 ], [ 425720.484921084076632, 4953948.435721923597157 ], [ 425711.984637089190073, 4953938.483168097212911 ], [ 425702.975126016477589, 4953928.989124389365315 ], [ 425693.481082309561316, 4953919.9796133171767 ], [ 425683.528528482303955, 4953911.479329322464764 ], [ 425673.144743792945519, 4953903.511571092531085 ], [ 425662.358189473627135, 4953896.098177700303495 ], [ 425651.1984307198436, 4953889.259468740783632 ], [ 425639.696055654727388, 4953883.014188639819622 ], [ 425627.882591488771141, 4953877.379455275833607 ], [ 425615.790418106189463, 4953872.3707130625844 ], [ 425603.452679313602857, 4953868.001690613105893 ], [ 425590.903191995457746, 4953864.284363114275038 ], [ 425578.176353424263652, 4953861.22891950327903 ], [ 425565.307046979898587, 4953858.843734537251294 ], [ 425552.330546536773909, 4953857.135345844551921 ], [ 425539.282419780560303, 4953856.108435997739434 ], [ 425526.1984307198436, 4953855.765819686464965 ], [ 425513.114441659126896, 4953856.108435997739434 ], [ 425500.066314902913291, 4953857.135345844551921 ], [ 425487.089814459788613, 4953858.843734537251294 ], [ 425474.220508015423547, 4953861.22891950327903 ], [ 425461.493669444229454, 4953864.284363114275038 ], [ 425448.944182126084343, 4953868.001690613105893 ], [ 425436.606443333497737, 4953872.3707130625844 ], [ 425424.514269950916059, 4953877.379455275833607 ], [ 425412.700805784959812, 4953883.014188639819622 ], [ 425401.1984307198436, 4953889.259468740783632 ], [ 425390.038671966060065, 4953896.098177700303495 ], [ 425379.252117646741681, 4953903.511571092531085 ], [ 425368.868332957383245, 4953911.479329322464764 ], [ 425358.915779130125884, 4953919.9796133171767 ], [ 425349.421735423209611, 4953928.989124389365315 ], [ 425340.412224350497127, 4953938.483168097212911 ], [ 425331.911940355610568, 4953948.435721923597157 ], [ 425323.944182126084343, 4953958.819506613537669 ], [ 425316.530788733507507, 4953969.606060932390392 ], [ 425309.692079773754813, 4953980.765819686464965 ], [ 425303.446799672732595, 4953992.268194751814008 ], [ 425297.812066309212241, 4954004.081658917479217 ], [ 425292.803324095555581, 4954016.173832300119102 ], [ 425288.434301646077074, 4954028.511571092531085 ], [ 425284.716974147595465, 4954041.061058410443366 ], [ 425281.661530536366627, 4954053.787896982394159 ], [ 425279.276345571037382, 4954066.657203426584601 ], [ 425277.567956877755933, 4954079.633703869767487 ], [ 425276.541047031176277, 4954092.681830625981092 ], [ 425276.1984307198436, 4954105.765819686464965 ], [ 425276.541047031176277, 4954118.849808746948838 ], [ 425277.567956877755933, 4954131.897935503162444 ], [ 425279.276345571037382, 4954144.874435946345329 ], [ 425281.661530536366627, 4954157.743742390535772 ], [ 425284.716974147595465, 4954170.470580962486565 ], [ 425288.434301646077074, 4954183.020068280398846 ], [ 425292.803324095555581, 4954195.357807072810829 ], [ 425297.812066309212241, 4954207.449980455450714 ], [ 425303.446799672732595, 4954219.263444621115923 ], [ 425309.692079773754813, 4954230.765819686464965 ], [ 425316.530788733507507, 4954241.925578440539539 ], [ 425323.944182126084343, 4954252.712132759392262 ], [ 425331.911940355610568, 4954263.095917449332774 ], [ 425340.412224350497127, 4954273.04847127571702 ], [ 425349.421735423209611, 4954282.542514983564615 ], [ 425358.915779130125884, 4954291.552026055753231 ], [ 425368.868332957383245, 4954300.052310050465167 ], [ 425379.252117646741681, 4954308.020068280398846 ], [ 425390.038671966060065, 4954315.433461672626436 ], [ 425401.1984307198436, 4954322.272170632146299 ], [ 425412.700805784959812, 4954328.517450733110309 ], [ 425424.514269950916059, 4954334.152184097096324 ], [ 425436.606443333497737, 4954339.160926310345531 ], [ 425448.944182126084343, 4954343.529948759824038 ], [ 425461.493669444229454, 4954347.247276258654892 ], [ 425474.220508015423547, 4954350.3027198696509 ], [ 425487.089814459788613, 4954352.687904835678637 ], [ 425500.066314902913291, 4954354.39629352837801 ], [ 425513.114441659126896, 4954355.423203375190496 ], [ 425526.1984307198436, 4954355.765819686464965 ], [ 425539.282419780560303, 4954355.423203375190496 ], [ 425552.330546536773909, 4954354.39629352837801 ], [ 425565.307046979898587, 4954352.687904835678637 ], [ 425578.176353424263652, 4954350.3027198696509 ], [ 425590.903191995457746, 4954347.247276258654892 ], [ 425603.452679313602857, 4954343.529948759824038 ], [ 425615.790418106189463, 4954339.160926310345531 ], [ 425627.882591488771141, 4954334.152184097096324 ], [ 425639.696055654727388, 4954328.517450733110309 ], [ 425651.1984307198436, 4954322.272170632146299 ], [ 425662.358189473627135, 4954315.433461672626436 ], [ 425673.144743792945519, 4954308.020068280398846 ], [ 425683.528528482303955, 4954300.052310050465167 ], [ 425693.481082309561316, 4954291.552026055753231 ], [ 425702.975126016477589, 4954282.542514983564615 ], [ 425711.984637089190073, 4954273.04847127571702 ], [ 425720.484921084076632, 4954263.095917449332774 ], [ 425728.452679313602857, 4954252.712132759392262 ], [ 425735.866072706179693, 4954241.925578440539539 ], [ 425742.704781665932387, 4954230.765819686464965 ], [ 425748.950061766954605, 4954219.263444621115923 ], [ 425754.584795130474959, 4954207.449980455450714 ], [ 425759.593537344131619, 4954195.357807072810829 ], [ 425763.962559793610126, 4954183.020068280398846 ], [ 425767.679887292091735, 4954170.470580962486565 ], [ 425770.735330903320573, 4954157.743742390535772 ], [ 425773.120515868649818, 4954144.874435946345329 ], [ 425774.828904561931267, 4954131.897935503162444 ], [ 425775.855814408510923, 4954118.849808746948838 ], [ 425776.1984307198436, 4954105.765819686464965 ] ] ] } },
{ "type": "Feature", "properties": { "site": 9, "transect": 9.1 }, "geometry": { "type": "Polygon", "coordinates": [ [ [ 455026.851643096772023, 5030793.983066687360406 ], [ 455026.509026785439346, 5030780.899077626876533 ], [ 455025.48211693885969, 5030767.850950870662928 ], [ 455023.773728245578241, 5030754.874450427480042 ], [ 455021.388543280248996, 5030742.005143983289599 ], [ 455018.333099669020157, 5030729.278305411338806 ], [ 455014.615772170538548, 5030716.728818093426526 ], [ 455010.246749721060041, 5030704.391079301014543 ], [ 455005.238007507403381, 5030692.298905918374658 ], [ 454999.603274143883027, 5030680.485441752709448 ], [ 454993.35799404286081, 5030668.983066687360406 ], [ 454986.519285083108116, 5030657.823307933285832 ], [ 454979.10589169053128, 5030647.03675361443311 ], [ 454971.138133461005054, 5030636.652968924492598 ], [ 454962.637849466118496, 5030626.700415098108351 ], [ 454953.628338393406011, 5030617.206371390260756 ], [ 454944.134294686489739, 5030608.19686031807214 ], [ 454934.181740859232377, 5030599.696576323360205 ], [ 454923.797956169873942, 5030591.728818093426526 ], [ 454913.011401850555558, 5030584.315424701198936 ], [ 454901.851643096772023, 5030577.476715741679072 ], [ 454890.349268031655811, 5030571.231435640715063 ], [ 454878.535803865699563, 5030565.596702276729047 ], [ 454866.443630483117886, 5030560.587960063479841 ], [ 454854.10589169053128, 5030556.218937614001334 ], [ 454841.556404372386169, 5030552.501610115170479 ], [ 454828.829565801192075, 5030549.446166504174471 ], [ 454815.960259356827009, 5030547.060981538146734 ], [ 454802.983758913702331, 5030545.352592845447361 ], [ 454789.935632157488726, 5030544.325682998634875 ], [ 454776.851643096772023, 5030543.983066687360406 ], [ 454763.767654036055319, 5030544.325682998634875 ], [ 454750.719527279841714, 5030545.352592845447361 ], [ 454737.743026836717036, 5030547.060981538146734 ], [ 454724.87372039235197, 5030549.446166504174471 ], [ 454712.146881821157876, 5030552.501610115170479 ], [ 454699.597394503012765, 5030556.218937614001334 ], [ 454687.259655710426159, 5030560.587960063479841 ], [ 454675.167482327844482, 5030565.596702276729047 ], [ 454663.354018161888234, 5030571.231435640715063 ], [ 454651.851643096772023, 5030577.476715741679072 ], [ 454640.691884342988487, 5030584.315424701198936 ], [ 454629.905330023670103, 5030591.728818093426526 ], [ 454619.521545334311668, 5030599.696576323360205 ], [ 454609.568991507054307, 5030608.19686031807214 ], [ 454600.074947800138034, 5030617.206371390260756 ], [ 454591.065436727425549, 5030626.700415098108351 ], [ 454582.565152732538991, 5030636.652968924492598 ], [ 454574.597394503012765, 5030647.03675361443311 ], [ 454567.184001110435929, 5030657.823307933285832 ], [ 454560.345292150683235, 5030668.983066687360406 ], [ 454554.100012049661018, 5030680.485441752709448 ], [ 454548.465278686140664, 5030692.298905918374658 ], [ 454543.456536472484004, 5030704.391079301014543 ], [ 454539.087514023005497, 5030716.728818093426526 ], [ 454535.370186524523888, 5030729.278305411338806 ], [ 454532.314742913295049, 5030742.005143983289599 ], [ 454529.929557947965804, 5030754.874450427480042 ], [ 454528.221169254684355, 5030767.850950870662928 ], [ 454527.194259408104699, 5030780.899077626876533 ], [ 454526.851643096772023, 5030793.983066687360406 ], [ 454527.194259408104699, 5030807.067055747844279 ], [ 454528.221169254684355, 5030820.115182504057884 ], [ 454529.929557947965804, 5030833.09168294724077 ], [ 454532.314742913295049, 5030845.960989391431212 ], [ 454535.370186524523888, 5030858.687827963382006 ], [ 454539.087514023005497, 5030871.237315281294286 ], [ 454543.456536472484004, 5030883.575054073706269 ], [ 454548.465278686140664, 5030895.667227456346154 ], [ 454554.100012049661018, 5030907.480691622011364 ], [ 454560.345292150683235, 5030918.983066687360406 ], [ 454567.184001110435929, 5030930.142825441434979 ], [ 454574.597394503012765, 5030940.929379760287702 ], [ 454582.565152732538991, 5030951.313164450228214 ], [ 454591.065436727425549, 5030961.265718276612461 ], [ 454600.074947800138034, 5030970.759761984460056 ], [ 454609.568991507054307, 5030979.769273056648672 ], [ 454619.521545334311668, 5030988.269557051360607 ], [ 454629.905330023670103, 5030996.237315281294286 ], [ 454640.691884342988487, 5031003.650708673521876 ], [ 454651.851643096772023, 5031010.489417633041739 ], [ 454663.354018161888234, 5031016.734697734005749 ], [ 454675.167482327844482, 5031022.369431097991765 ], [ 454687.259655710426159, 5031027.378173311240971 ], [ 454699.597394503012765, 5031031.747195760719478 ], [ 454712.146881821157876, 5031035.464523259550333 ], [ 454724.87372039235197, 5031038.519966870546341 ], [ 454737.743026836717036, 5031040.905151836574078 ], [ 454750.719527279841714, 5031042.61354052927345 ], [ 454763.767654036055319, 5031043.640450376085937 ], [ 454776.851643096772023, 5031043.983066687360406 ], [ 454789.935632157488726, 5031043.640450376085937 ], [ 454802.983758913702331, 5031042.61354052927345 ], [ 454815.960259356827009, 5031040.905151836574078 ], [ 454828.829565801192075, 5031038.519966870546341 ], [ 454841.556404372386169, 5031035.464523259550333 ], [ 454854.10589169053128, 5031031.747195760719478 ], [ 454866.443630483117886, 5031027.378173311240971 ], [ 454878.535803865699563, 5031022.369431097991765 ], [ 454890.349268031655811, 5031016.734697734005749 ], [ 454901.851643096772023, 5031010.489417633041739 ], [ 454913.011401850555558, 5031003.650708673521876 ], [ 454923.797956169873942, 5030996.237315281294286 ], [ 454934.181740859232377, 5030988.269557051360607 ], [ 454944.134294686489739, 5030979.769273056648672 ], [ 454953.628338393406011, 5030970.759761984460056 ], [ 454962.637849466118496, 5030961.265718276612461 ], [ 454971.138133461005054, 5030951.313164450228214 ], [ 454979.10589169053128, 5030940.929379760287702 ], [ 454986.519285083108116, 5030930.142825441434979 ], [ 454993.35799404286081, 5030918.983066687360406 ], [ 454999.603274143883027, 5030907.480691622011364 ], [ 455005.238007507403381, 5030895.667227456346154 ], [ 455010.246749721060041, 5030883.575054073706269 ], [ 455014.615772170538548, 5030871.237315281294286 ], [ 455018.333099669020157, 5030858.687827963382006 ], [ 455021.388543280248996, 5030845.960989391431212 ], [ 455023.773728245578241, 5030833.09168294724077 ], [ 455025.48211693885969, 5030820.115182504057884 ], [ 455026.509026785439346, 5030807.067055747844279 ], [ 455026.851643096772023, 5030793.983066687360406 ] ] ] } },
{ "type": "Feature", "properties": { "site": 9, "transect": 9.2 }, "geometry": { "type": "Polygon", "coordinates": [ [ [ 454686.909196778957266, 5030515.539198934100568 ], [ 454686.56658046762459, 5030502.455209873616695 ], [ 454685.539670621044934, 5030489.40708311740309 ], [ 454683.831281927763484, 5030476.430582674220204 ], [ 454681.44609696243424, 5030463.561276230029762 ], [ 454678.390653351205401, 5030450.834437658078969 ], [ 454674.673325852723792, 5030438.284950340166688 ], [ 454670.304303403245285, 5030425.947211547754705 ], [ 454665.295561189588625, 5030413.85503816511482 ], [ 454659.660827826068271, 5030402.041573999449611 ], [ 454653.415547725046054, 5030390.539198934100568 ], [ 454646.57683876529336, 5030379.379440180025995 ], [ 454639.163445372716524, 5030368.592885861173272 ], [ 454631.195687143190298, 5030358.20910117123276 ], [ 454622.69540314830374, 5030348.256547344848514 ], [ 454613.685892075591255, 5030338.762503637000918 ], [ 454604.191848368674982, 5030329.752992564812303 ], [ 454594.239294541417621, 5030321.252708570100367 ], [ 454583.855509852059186, 5030313.284950340166688 ], [ 454573.068955532740802, 5030305.871556947939098 ], [ 454561.909196778957266, 5030299.032847988419235 ], [ 454550.406821713841055, 5030292.787567887455225 ], [ 454538.593357547884807, 5030287.15283452346921 ], [ 454526.50118416530313, 5030282.144092310220003 ], [ 454514.163445372716524, 5030277.775069860741496 ], [ 454501.613958054571413, 5030274.057742361910641 ], [ 454488.887119483377319, 5030271.002298750914633 ], [ 454476.017813039012253, 5030268.617113784886897 ], [ 454463.041312595887575, 5030266.908725092187524 ], [ 454449.99318583967397, 5030265.881815245375037 ], [ 454436.909196778957266, 5030265.539198934100568 ], [ 454423.825207718240563, 5030265.881815245375037 ], [ 454410.777080962026957, 5030266.908725092187524 ], [ 454397.800580518902279, 5030268.617113784886897 ], [ 454384.931274074537214, 5030271.002298750914633 ], [ 454372.20443550334312, 5030274.057742361910641 ], [ 454359.654948185198009, 5030277.775069860741496 ], [ 454347.317209392611403, 5030282.144092310220003 ], [ 454335.225036010029726, 5030287.15283452346921 ], [ 454323.411571844073478, 5030292.787567887455225 ], [ 454311.909196778957266, 5030299.032847988419235 ], [ 454300.749438025173731, 5030305.871556947939098 ], [ 454289.962883705855347, 5030313.284950340166688 ], [ 454279.579099016496912, 5030321.252708570100367 ], [ 454269.62654518923955, 5030329.752992564812303 ], [ 454260.132501482323278, 5030338.762503637000918 ], [ 454251.122990409610793, 5030348.256547344848514 ], [ 454242.622706414724234, 5030358.20910117123276 ], [ 454234.654948185198009, 5030368.592885861173272 ], [ 454227.241554792621173, 5030379.379440180025995 ], [ 454220.402845832868479, 5030390.539198934100568 ], [ 454214.157565731846262, 5030402.041573999449611 ], [ 454208.522832368325908, 5030413.85503816511482 ], [ 454203.514090154669248, 5030425.947211547754705 ], [ 454199.145067705190741, 5030438.284950340166688 ], [ 454195.427740206709132, 5030450.834437658078969 ], [ 454192.372296595480293, 5030463.561276230029762 ], [ 454189.987111630151048, 5030476.430582674220204 ], [ 454188.278722936869599, 5030489.40708311740309 ], [ 454187.251813090289943, 5030502.455209873616695 ], [ 454186.909196778957266, 5030515.539198934100568 ], [ 454187.251813090289943, 5030528.623187994584441 ], [ 454188.278722936869599, 5030541.671314750798047 ], [ 454189.987111630151048, 5030554.647815193980932 ], [ 454192.372296595480293, 5030567.517121638171375 ], [ 454195.427740206709132, 5030580.243960210122168 ], [ 454199.145067705190741, 5030592.793447528034449 ], [ 454203.514090154669248, 5030605.131186320446432 ], [ 454208.522832368325908, 5030617.223359703086317 ], [ 454214.157565731846262, 5030629.036823868751526 ], [ 454220.402845832868479, 5030640.539198934100568 ], [ 454227.241554792621173, 5030651.698957688175142 ], [ 454234.654948185198009, 5030662.485512007027864 ], [ 454242.622706414724234, 5030672.869296696968377 ], [ 454251.122990409610793, 5030682.821850523352623 ], [ 454260.132501482323278, 5030692.315894231200218 ], [ 454269.62654518923955, 5030701.325405303388834 ], [ 454279.579099016496912, 5030709.82568929810077 ], [ 454289.962883705855347, 5030717.793447528034449 ], [ 454300.749438025173731, 5030725.206840920262039 ], [ 454311.909196778957266, 5030732.045549879781902 ], [ 454323.411571844073478, 5030738.290829980745912 ], [ 454335.225036010029726, 5030743.925563344731927 ], [ 454347.317209392611403, 5030748.934305557981133 ], [ 454359.654948185198009, 5030753.303328007459641 ], [ 454372.20443550334312, 5030757.020655506290495 ], [ 454384.931274074537214, 5030760.076099117286503 ], [ 454397.800580518902279, 5030762.46128408331424 ], [ 454410.777080962026957, 5030764.169672776013613 ], [ 454423.825207718240563, 5030765.196582622826099 ], [ 454436.909196778957266, 5030765.539198934100568 ], [ 454449.99318583967397, 5030765.196582622826099 ], [ 454463.041312595887575, 5030764.169672776013613 ], [ 454476.017813039012253, 5030762.46128408331424 ], [ 454488.887119483377319, 5030760.076099117286503 ], [ 454501.613958054571413, 5030757.020655506290495 ], [ 454514.163445372716524, 5030753.303328007459641 ], [ 454526.50118416530313, 5030748.934305557981133 ], [ 454538.593357547884807, 5030743.925563344731927 ], [ 454550.406821713841055, 5030738.290829980745912 ], [ 454561.909196778957266, 5030732.045549879781902 ], [ 454573.068955532740802, 5030725.206840920262039 ], [ 454583.855509852059186, 5030717.793447528034449 ], [ 454594.239294541417621, 5030709.82568929810077 ], [ 454604.191848368674982, 5030701.325405303388834 ], [ 454613.685892075591255, 5030692.315894231200218 ], [ 454622.69540314830374, 5030682.821850523352623 ], [ 454631.195687143190298, 5030672.869296696968377 ], [ 454639.163445372716524, 5030662.485512007027864 ], [ 454646.57683876529336, 5030651.698957688175142 ], [ 454653.415547725046054, 5030640.539198934100568 ], [ 454659.660827826068271, 5030629.036823868751526 ], [ 454665.295561189588625, 5030617.223359703086317 ], [ 454670.304303403245285, 5030605.131186320446432 ], [ 454674.673325852723792, 5030592.793447528034449 ], [ 454678.390653351205401, 5030580.243960210122168 ], [ 454681.44609696243424, 5030567.517121638171375 ], [ 454683.831281927763484, 5030554.647815193980932 ], [ 454685.539670621044934, 5030541.671314750798047 ], [ 454686.56658046762459, 5030528.623187994584441 ], [ 454686.909196778957266, 5030515.539198934100568 ] ] ] } },
{ "type": "Feature", "properties": { "site": 9, "transect": 9.3 }, "geometry": { "type": "Polygon", "coordinates": [ [ [ 454869.365812230855227, 5030702.584058959037066 ], [ 454869.02319591952255, 5030689.500069898553193 ], [ 454867.996286072942894, 5030676.451943142339587 ], [ 454866.287897379661445, 5030663.475442699156702 ], [ 454863.9027124143322, 5030650.606136254966259 ], [ 454860.847268803103361, 5030637.879297683015466 ], [ 454857.129941304621752, 5030625.329810365103185 ], [ 454852.760918855143245, 5030612.992071572691202 ], [ 454847.752176641486585, 5030600.899898190051317 ], [ 454842.117443277966231, 5030589.086434024386108 ], [ 454835.872163176944014, 5030577.584058959037066 ], [ 454829.03345421719132, 5030566.424300204962492 ], [ 454821.620060824614484, 5030555.637745886109769 ], [ 454813.652302595088258, 5030545.253961196169257 ], [ 454805.1520186002017, 5030535.301407369785011 ], [ 454796.142507527489215, 5030525.807363661937416 ], [ 454786.648463820572942, 5030516.7978525897488 ], [ 454776.695909993315581, 5030508.297568595036864 ], [ 454766.312125303957146, 5030500.329810365103185 ], [ 454755.525570984638762, 5030492.916416972875595 ], [ 454744.365812230855227, 5030486.077708013355732 ], [ 454732.863437165739015, 5030479.832427912391722 ], [ 454721.049972999782767, 5030474.197694548405707 ], [ 454708.95779961720109, 5030469.1889523351565 ], [ 454696.620060824614484, 5030464.819929885677993 ], [ 454684.070573506469373, 5030461.102602386847138 ], [ 454671.343734935275279, 5030458.04715877585113 ], [ 454658.474428490910213, 5030455.661973809823394 ], [ 454645.497928047785535, 5030453.953585117124021 ], [ 454632.44980129157193, 5030452.926675270311534 ], [ 454619.365812230855227, 5030452.584058959037066 ], [ 454606.281823170138523, 5030452.926675270311534 ], [ 454593.233696413924918, 5030453.953585117124021 ], [ 454580.25719597080024, 5030455.661973809823394 ], [ 454567.387889526435174, 5030458.04715877585113 ], [ 454554.66105095524108, 5030461.102602386847138 ], [ 454542.111563637095969, 5030464.819929885677993 ], [ 454529.773824844509363, 5030469.1889523351565 ], [ 454517.681651461927686, 5030474.197694548405707 ], [ 454505.868187295971438, 5030479.832427912391722 ], [ 454494.365812230855227, 5030486.077708013355732 ], [ 454483.206053477071691, 5030492.916416972875595 ], [ 454472.419499157753307, 5030500.329810365103185 ], [ 454462.035714468394872, 5030508.297568595036864 ], [ 454452.083160641137511, 5030516.7978525897488 ], [ 454442.589116934221238, 5030525.807363661937416 ], [ 454433.579605861508753, 5030535.301407369785011 ], [ 454425.079321866622195, 5030545.253961196169257 ], [ 454417.111563637095969, 5030555.637745886109769 ], [ 454409.698170244519133, 5030566.424300204962492 ], [ 454402.859461284766439, 5030577.584058959037066 ], [ 454396.614181183744222, 5030589.086434024386108 ], [ 454390.979447820223868, 5030600.899898190051317 ], [ 454385.970705606567208, 5030612.992071572691202 ], [ 454381.601683157088701, 5030625.329810365103185 ], [ 454377.884355658607092, 5030637.879297683015466 ], [ 454374.828912047378253, 5030650.606136254966259 ], [ 454372.443727082049008, 5030663.475442699156702 ], [ 454370.735338388767559, 5030676.451943142339587 ], [ 454369.708428542187903, 5030689.500069898553193 ], [ 454369.365812230855227, 5030702.584058959037066 ], [ 454369.708428542187903, 5030715.668048019520938 ], [ 454370.735338388767559, 5030728.716174775734544 ], [ 454372.443727082049008, 5030741.692675218917429 ], [ 454374.828912047378253, 5030754.561981663107872 ], [ 454377.884355658607092, 5030767.288820235058665 ], [ 454381.601683157088701, 5030779.838307552970946 ], [ 454385.970705606567208, 5030792.176046345382929 ], [ 454390.979447820223868, 5030804.268219728022814 ], [ 454396.614181183744222, 5030816.081683893688023 ], [ 454402.859461284766439, 5030827.584058959037066 ], [ 454409.698170244519133, 5030838.743817713111639 ], [ 454417.111563637095969, 5030849.530372031964362 ], [ 454425.079321866622195, 5030859.914156721904874 ], [ 454433.579605861508753, 5030869.86671054828912 ], [ 454442.589116934221238, 5030879.360754256136715 ], [ 454452.083160641137511, 5030888.370265328325331 ], [ 454462.035714468394872, 5030896.870549323037267 ], [ 454472.419499157753307, 5030904.838307552970946 ], [ 454483.206053477071691, 5030912.251700945198536 ], [ 454494.365812230855227, 5030919.090409904718399 ], [ 454505.868187295971438, 5030925.335690005682409 ], [ 454517.681651461927686, 5030930.970423369668424 ], [ 454529.773824844509363, 5030935.979165582917631 ], [ 454542.111563637095969, 5030940.348188032396138 ], [ 454554.66105095524108, 5030944.065515531226993 ], [ 454567.387889526435174, 5030947.120959142223001 ], [ 454580.25719597080024, 5030949.506144108250737 ], [ 454593.233696413924918, 5030951.21453280095011 ], [ 454606.281823170138523, 5030952.241442647762597 ], [ 454619.365812230855227, 5030952.584058959037066 ], [ 454632.44980129157193, 5030952.241442647762597 ], [ 454645.497928047785535, 5030951.21453280095011 ], [ 454658.474428490910213, 5030949.506144108250737 ], [ 454671.343734935275279, 5030947.120959142223001 ], [ 454684.070573506469373, 5030944.065515531226993 ], [ 454696.620060824614484, 5030940.348188032396138 ], [ 454708.95779961720109, 5030935.979165582917631 ], [ 454721.049972999782767, 5030930.970423369668424 ], [ 454732.863437165739015, 5030925.335690005682409 ], [ 454744.365812230855227, 5030919.090409904718399 ], [ 454755.525570984638762, 5030912.251700945198536 ], [ 454766.312125303957146, 5030904.838307552970946 ], [ 454776.695909993315581, 5030896.870549323037267 ], [ 454786.648463820572942, 5030888.370265328325331 ], [ 454796.142507527489215, 5030879.360754256136715 ], [ 454805.1520186002017, 5030869.86671054828912 ], [ 454813.652302595088258, 5030859.914156721904874 ], [ 454821.620060824614484, 5030849.530372031964362 ], [ 454829.03345421719132, 5030838.743817713111639 ], [ 454835.872163176944014, 5030827.584058959037066 ], [ 454842.117443277966231, 5030816.081683893688023 ], [ 454847.752176641486585, 5030804.268219728022814 ], [ 454852.760918855143245, 5030792.176046345382929 ], [ 454857.129941304621752, 5030779.838307552970946 ], [ 454860.847268803103361, 5030767.288820235058665 ], [ 454863.9027124143322, 5030754.561981663107872 ], [ 454866.287897379661445, 5030741.692675218917429 ], [ 454867.996286072942894, 5030728.716174775734544 ], [ 454869.02319591952255, 5030715.668048019520938 ], [ 454869.365812230855227, 5030702.584058959037066 ] ] ] } },
{ "type": "Feature", "properties": { "site": 9, "transect": 9.4 }, "geometry": { "type": "Polygon", "coordinates": [ [ [ 454869.365812230855227, 5030702.584058959037066 ], [ 454869.02319591952255, 5030689.500069898553193 ], [ 454867.996286072942894, 5030676.451943142339587 ], [ 454866.287897379661445, 5030663.475442699156702 ], [ 454863.9027124143322, 5030650.606136254966259 ], [ 454860.847268803103361, 5030637.879297683015466 ], [ 454857.129941304621752, 5030625.329810365103185 ], [ 454852.760918855143245, 5030612.992071572691202 ], [ 454847.752176641486585, 5030600.899898190051317 ], [ 454842.117443277966231, 5030589.086434024386108 ], [ 454835.872163176944014, 5030577.584058959037066 ], [ 454829.03345421719132, 5030566.424300204962492 ], [ 454821.620060824614484, 5030555.637745886109769 ], [ 454813.652302595088258, 5030545.253961196169257 ], [ 454805.1520186002017, 5030535.301407369785011 ], [ 454796.142507527489215, 5030525.807363661937416 ], [ 454786.648463820572942, 5030516.7978525897488 ], [ 454776.695909993315581, 5030508.297568595036864 ], [ 454766.312125303957146, 5030500.329810365103185 ], [ 454755.525570984638762, 5030492.916416972875595 ], [ 454744.365812230855227, 5030486.077708013355732 ], [ 454732.863437165739015, 5030479.832427912391722 ], [ 454721.049972999782767, 5030474.197694548405707 ], [ 454708.95779961720109, 5030469.1889523351565 ], [ 454696.620060824614484, 5030464.819929885677993 ], [ 454684.070573506469373, 5030461.102602386847138 ], [ 454671.343734935275279, 5030458.04715877585113 ], [ 454658.474428490910213, 5030455.661973809823394 ], [ 454645.497928047785535, 5030453.953585117124021 ], [ 454632.44980129157193, 5030452.926675270311534 ], [ 454619.365812230855227, 5030452.584058959037066 ], [ 454606.281823170138523, 5030452.926675270311534 ], [ 454593.233696413924918, 5030453.953585117124021 ], [ 454580.25719597080024, 5030455.661973809823394 ], [ 454567.387889526435174, 5030458.04715877585113 ], [ 454554.66105095524108, 5030461.102602386847138 ], [ 454542.111563637095969, 5030464.819929885677993 ], [ 454529.773824844509363, 5030469.1889523351565 ], [ 454517.681651461927686, 5030474.197694548405707 ], [ 454505.868187295971438, 5030479.832427912391722 ], [ 454494.365812230855227, 5030486.077708013355732 ], [ 454483.206053477071691, 5030492.916416972875595 ], [ 454472.419499157753307, 5030500.329810365103185 ], [ 454462.035714468394872, 5030508.297568595036864 ], [ 454452.083160641137511, 5030516.7978525897488 ], [ 454442.589116934221238, 5030525.807363661937416 ], [ 454433.579605861508753, 5030535.301407369785011 ], [ 454425.079321866622195, 5030545.253961196169257 ], [ 454417.111563637095969, 5030555.637745886109769 ], [ 454409.698170244519133, 5030566.424300204962492 ], [ 454402.859461284766439, 5030577.584058959037066 ], [ 454396.614181183744222, 5030589.086434024386108 ], [ 454390.979447820223868, 5030600.899898190051317 ], [ 454385.970705606567208, 5030612.992071572691202 ], [ 454381.601683157088701, 5030625.329810365103185 ], [ 454377.884355658607092, 5030637.879297683015466 ], [ 454374.828912047378253, 5030650.606136254966259 ], [ 454372.443727082049008, 5030663.475442699156702 ], [ 454370.735338388767559, 5030676.451943142339587 ], [ 454369.708428542187903, 5030689.500069898553193 ], [ 454369.365812230855227, 5030702.584058959037066 ], [ 454369.708428542187903, 5030715.668048019520938 ], [ 454370.735338388767559, 5030728.716174775734544 ], [ 454372.443727082049008, 5030741.692675218917429 ], [ 454374.828912047378253, 5030754.561981663107872 ], [ 454377.884355658607092, 5030767.288820235058665 ], [ 454381.601683157088701, 5030779.838307552970946 ], [ 454385.970705606567208, 5030792.176046345382929 ], [ 454390.979447820223868, 5030804.268219728022814 ], [ 454396.614181183744222, 5030816.081683893688023 ], [ 454402.859461284766439, 5030827.584058959037066 ], [ 454409.698170244519133, 5030838.743817713111639 ], [ 454417.111563637095969, 5030849.530372031964362 ], [ 454425.079321866622195, 5030859.914156721904874 ], [ 454433.579605861508753, 5030869.86671054828912 ], [ 454442.589116934221238, 5030879.360754256136715 ], [ 454452.083160641137511, 5030888.370265328325331 ], [ 454462.035714468394872, 5030896.870549323037267 ], [ 454472.419499157753307, 5030904.838307552970946 ], [ 454483.206053477071691, 5030912.251700945198536 ], [ 454494.365812230855227, 5030919.090409904718399 ], [ 454505.868187295971438, 5030925.335690005682409 ], [ 454517.681651461927686, 5030930.970423369668424 ], [ 454529.773824844509363, 5030935.979165582917631 ], [ 454542.111563637095969, 5030940.348188032396138 ], [ 454554.66105095524108, 5030944.065515531226993 ], [ 454567.387889526435174, 5030947.120959142223001 ], [ 454580.25719597080024, 5030949.506144108250737 ], [ 454593.233696413924918, 5030951.21453280095011 ], [ 454606.281823170138523, 5030952.241442647762597 ], [ 454619.365812230855227, 5030952.584058959037066 ], [ 454632.44980129157193, 5030952.241442647762597 ], [ 454645.497928047785535, 5030951.21453280095011 ], [ 454658.474428490910213, 5030949.506144108250737 ], [ 454671.343734935275279, 5030947.120959142223001 ], [ 454684.070573506469373, 5030944.065515531226993 ], [ 454696.620060824614484, 5030940.348188032396138 ], [ 454708.95779961720109, 5030935.979165582917631 ], [ 454721.049972999782767, 5030930.970423369668424 ], [ 454732.863437165739015, 5030925.335690005682409 ], [ 454744.365812230855227, 5030919.090409904718399 ], [ 454755.525570984638762, 5030912.251700945198536 ], [ 454766.312125303957146, 5030904.838307552970946 ], [ 454776.695909993315581, 5030896.870549323037267 ], [ 454786.648463820572942, 5030888.370265328325331 ], [ 454796.142507527489215, 5030879.360754256136715 ], [ 454805.1520186002017, 5030869.86671054828912 ], [ 454813.652302595088258, 5030859.914156721904874 ], [ 454821.620060824614484, 5030849.530372031964362 ], [ 454829.03345421719132, 5030838.743817713111639 ], [ 454835.872163176944014, 5030827.584058959037066 ], [ 454842.117443277966231, 5030816.081683893688023 ], [ 454847.752176641486585, 5030804.268219728022814 ], [ 454852.760918855143245, 5030792.176046345382929 ], [ 454857.129941304621752, 5030779.838307552970946 ], [ 454860.847268803103361, 5030767.288820235058665 ], [ 454863.9027124143322, 5030754.561981663107872 ], [ 454866.287897379661445, 5030741.692675218917429 ], [ 454867.996286072942894, 5030728.716174775734544 ], [ 454869.02319591952255, 5030715.668048019520938 ], [ 454869.365812230855227, 5030702.584058959037066 ] ] ] } },
{ "type": "Feature", "properties": { "site": 10, "transect": 10.1 }, "geometry": { "type": "Polygon", "coordinates": [ [ [ 311482.66203493939247, 5046764.812838904559612 ], [ 311482.319418628059793, 5046751.728849844075739 ], [ 311481.292508781480137, 5046738.680723087862134 ], [ 311479.584120088198688, 5046725.704222644679248 ], [ 311477.198935122869443, 5046712.834916200488806 ], [ 311474.143491511640605, 5046700.108077628538013 ], [ 311470.426164013158996, 5046687.558590310625732 ], [ 311466.057141563680489, 5046675.220851518213749 ], [ 311461.048399350023828, 5046663.128678135573864 ], [ 311455.413665986503474, 5046651.315213969908655 ], [ 311449.168385885481257, 5046639.812838904559612 ], [ 311442.329676925728563, 5046628.653080150485039 ], [ 311434.916283533151727, 5046617.866525831632316 ], [ 311426.948525303625502, 5046607.482741141691804 ], [ 311418.448241308738943, 5046597.530187315307558 ], [ 311409.438730236026458, 5046588.036143607459962 ], [ 311399.944686529110186, 5046579.026632535271347 ], [ 311389.992132701852825, 5046570.526348540559411 ], [ 311379.608348012494389, 5046562.558590310625732 ], [ 311368.821793693176005, 5046555.145196918398142 ], [ 311357.66203493939247, 5046548.306487958878279 ], [ 311346.159659874276258, 5046542.061207857914269 ], [ 311334.34619570832001, 5046536.426474493928254 ], [ 311322.254022325738333, 5046531.417732280679047 ], [ 311309.916283533151727, 5046527.04870983120054 ], [ 311297.366796215006616, 5046523.331382332369685 ], [ 311284.639957643812522, 5046520.275938721373677 ], [ 311271.770651199447457, 5046517.890753755345941 ], [ 311258.794150756322779, 5046516.182365062646568 ], [ 311245.746024000109173, 5046515.155455215834081 ], [ 311232.66203493939247, 5046514.812838904559612 ], [ 311219.578045878675766, 5046515.155455215834081 ], [ 311206.529919122462161, 5046516.182365062646568 ], [ 311193.553418679337483, 5046517.890753755345941 ], [ 311180.684112234972417, 5046520.275938721373677 ], [ 311167.957273663778324, 5046523.331382332369685 ], [ 311155.407786345633212, 5046527.04870983120054 ], [ 311143.070047553046606, 5046531.417732280679047 ], [ 311130.977874170464929, 5046536.426474493928254 ], [ 311119.164410004508682, 5046542.061207857914269 ], [ 311107.66203493939247, 5046548.306487958878279 ], [ 311096.502276185608935, 5046555.145196918398142 ], [ 311085.715721866290551, 5046562.558590310625732 ], [ 311075.331937176932115, 5046570.526348540559411 ], [ 311065.379383349674754, 5046579.026632535271347 ], [ 311055.885339642758481, 5046588.036143607459962 ], [ 311046.875828570045996, 5046597.530187315307558 ], [ 311038.375544575159438, 5046607.482741141691804 ], [ 311030.407786345633212, 5046617.866525831632316 ], [ 311022.994392953056376, 5046628.653080150485039 ], [ 311016.155683993303683, 5046639.812838904559612 ], [ 311009.910403892281465, 5046651.315213969908655 ], [ 311004.275670528761111, 5046663.128678135573864 ], [ 310999.266928315104451, 5046675.220851518213749 ], [ 310994.897905865625944, 5046687.558590310625732 ], [ 310991.180578367144335, 5046700.108077628538013 ], [ 310988.125134755915496, 5046712.834916200488806 ], [ 310985.739949790586252, 5046725.704222644679248 ], [ 310984.031561097304802, 5046738.680723087862134 ], [ 310983.004651250725146, 5046751.728849844075739 ], [ 310982.66203493939247, 5046764.812838904559612 ], [ 310983.004651250725146, 5046777.896827965043485 ], [ 310984.031561097304802, 5046790.944954721257091 ], [ 310985.739949790586252, 5046803.921455164439976 ], [ 310988.125134755915496, 5046816.790761608630419 ], [ 310991.180578367144335, 5046829.517600180581212 ], [ 310994.897905865625944, 5046842.067087498493493 ], [ 310999.266928315104451, 5046854.404826290905476 ], [ 311004.275670528761111, 5046866.496999673545361 ], [ 311009.910403892281465, 5046878.31046383921057 ], [ 311016.155683993303683, 5046889.812838904559612 ], [ 311022.994392953056376, 5046900.972597658634186 ], [ 311030.407786345633212, 5046911.759151977486908 ], [ 311038.375544575159438, 5046922.142936667427421 ], [ 311046.875828570045996, 5046932.095490493811667 ], [ 311055.885339642758481, 5046941.589534201659262 ], [ 311065.379383349674754, 5046950.599045273847878 ], [ 311075.331937176932115, 5046959.099329268559813 ], [ 311085.715721866290551, 5046967.067087498493493 ], [ 311096.502276185608935, 5046974.480480890721083 ], [ 311107.66203493939247, 5046981.319189850240946 ], [ 311119.164410004508682, 5046987.564469951204956 ], [ 311130.977874170464929, 5046993.199203315190971 ], [ 311143.070047553046606, 5046998.207945528440177 ], [ 311155.407786345633212, 5047002.576967977918684 ], [ 311167.957273663778324, 5047006.294295476749539 ], [ 311180.684112234972417, 5047009.349739087745547 ], [ 311193.553418679337483, 5047011.734924053773284 ], [ 311206.529919122462161, 5047013.443312746472657 ], [ 311219.578045878675766, 5047014.470222593285143 ], [ 311232.66203493939247, 5047014.812838904559612 ], [ 311245.746024000109173, 5047014.470222593285143 ], [ 311258.794150756322779, 5047013.443312746472657 ], [ 311271.770651199447457, 5047011.734924053773284 ], [ 311284.639957643812522, 5047009.349739087745547 ], [ 311297.366796215006616, 5047006.294295476749539 ], [ 311309.916283533151727, 5047002.576967977918684 ], [ 311322.254022325738333, 5046998.207945528440177 ], [ 311334.34619570832001, 5046993.199203315190971 ], [ 311346.159659874276258, 5046987.564469951204956 ], [ 311357.66203493939247, 5046981.319189850240946 ], [ 311368.821793693176005, 5046974.480480890721083 ], [ 311379.608348012494389, 5046967.067087498493493 ], [ 311389.992132701852825, 5046959.099329268559813 ], [ 311399.944686529110186, 5046950.599045273847878 ], [ 311409.438730236026458, 5046941.589534201659262 ], [ 311418.448241308738943, 5046932.095490493811667 ], [ 311426.948525303625502, 5046922.142936667427421 ], [ 311434.916283533151727, 5046911.759151977486908 ], [ 311442.329676925728563, 5046900.972597658634186 ], [ 311449.168385885481257, 5046889.812838904559612 ], [ 311455.413665986503474, 5046878.31046383921057 ], [ 311461.048399350023828, 5046866.496999673545361 ], [ 311466.057141563680489, 5046854.404826290905476 ], [ 311470.426164013158996, 5046842.067087498493493 ], [ 311474.143491511640605, 5046829.517600180581212 ], [ 311477.198935122869443, 5046816.790761608630419 ], [ 311479.584120088198688, 5046803.921455164439976 ], [ 311481.292508781480137, 5046790.944954721257091 ], [ 311482.319418628059793, 5046777.896827965043485 ], [ 311482.66203493939247, 5046764.812838904559612 ] ] ] } },
{ "type": "Feature", "properties": { "site": 10, "transect": 10.2 }, "geometry": { "type": "Polygon", "coordinates": [ [ [ 311482.66203493939247, 5046764.812838904559612 ], [ 311482.319418628059793, 5046751.728849844075739 ], [ 311481.292508781480137, 5046738.680723087862134 ], [ 311479.584120088198688, 5046725.704222644679248 ], [ 311477.198935122869443, 5046712.834916200488806 ], [ 311474.143491511640605, 5046700.108077628538013 ], [ 311470.426164013158996, 5046687.558590310625732 ], [ 311466.057141563680489, 5046675.220851518213749 ], [ 311461.048399350023828, 5046663.128678135573864 ], [ 311455.413665986503474, 5046651.315213969908655 ], [ 311449.168385885481257, 5046639.812838904559612 ], [ 311442.329676925728563, 5046628.653080150485039 ], [ 311434.916283533151727, 5046617.866525831632316 ], [ 311426.948525303625502, 5046607.482741141691804 ], [ 311418.448241308738943, 5046597.530187315307558 ], [ 311409.438730236026458, 5046588.036143607459962 ], [ 311399.944686529110186, 5046579.026632535271347 ], [ 311389.992132701852825, 5046570.526348540559411 ], [ 311379.608348012494389, 5046562.558590310625732 ], [ 311368.821793693176005, 5046555.145196918398142 ], [ 311357.66203493939247, 5046548.306487958878279 ], [ 311346.159659874276258, 5046542.061207857914269 ], [ 311334.34619570832001, 5046536.426474493928254 ], [ 311322.254022325738333, 5046531.417732280679047 ], [ 311309.916283533151727, 5046527.04870983120054 ], [ 311297.366796215006616, 5046523.331382332369685 ], [ 311284.639957643812522, 5046520.275938721373677 ], [ 311271.770651199447457, 5046517.890753755345941 ], [ 311258.794150756322779, 5046516.182365062646568 ], [ 311245.746024000109173, 5046515.155455215834081 ], [ 311232.66203493939247, 5046514.812838904559612 ], [ 311219.578045878675766, 5046515.155455215834081 ], [ 311206.529919122462161, 5046516.182365062646568 ], [ 311193.553418679337483, 5046517.890753755345941 ], [ 311180.684112234972417, 5046520.275938721373677 ], [ 311167.957273663778324, 5046523.331382332369685 ], [ 311155.407786345633212, 5046527.04870983120054 ], [ 311143.070047553046606, 5046531.417732280679047 ], [ 311130.977874170464929, 5046536.426474493928254 ], [ 311119.164410004508682, 5046542.061207857914269 ], [ 311107.66203493939247, 5046548.306487958878279 ], [ 311096.502276185608935, 5046555.145196918398142 ], [ 311085.715721866290551, 5046562.558590310625732 ], [ 311075.331937176932115, 5046570.526348540559411 ], [ 311065.379383349674754, 5046579.026632535271347 ], [ 311055.885339642758481, 5046588.036143607459962 ], [ 311046.875828570045996, 5046597.530187315307558 ], [ 311038.375544575159438, 5046607.482741141691804 ], [ 311030.407786345633212, 5046617.866525831632316 ], [ 311022.994392953056376, 5046628.653080150485039 ], [ 311016.155683993303683, 5046639.812838904559612 ], [ 311009.910403892281465, 5046651.315213969908655 ], [ 311004.275670528761111, 5046663.128678135573864 ], [ 310999.266928315104451, 5046675.220851518213749 ], [ 310994.897905865625944, 5046687.558590310625732 ], [ 310991.180578367144335, 5046700.108077628538013 ], [ 310988.125134755915496, 5046712.834916200488806 ], [ 310985.739949790586252, 5046725.704222644679248 ], [ 310984.031561097304802, 5046738.680723087862134 ], [ 310983.004651250725146, 5046751.728849844075739 ], [ 310982.66203493939247, 5046764.812838904559612 ], [ 310983.004651250725146, 5046777.896827965043485 ], [ 310984.031561097304802, 5046790.944954721257091 ], [ 310985.739949790586252, 5046803.921455164439976 ], [ 310988.125134755915496, 5046816.790761608630419 ], [ 310991.180578367144335, 5046829.517600180581212 ], [ 310994.897905865625944, 5046842.067087498493493 ], [ 310999.266928315104451, 5046854.404826290905476 ], [ 311004.275670528761111, 5046866.496999673545361 ], [ 311009.910403892281465, 5046878.31046383921057 ], [ 311016.155683993303683, 5046889.812838904559612 ], [ 311022.994392953056376, 5046900.972597658634186 ], [ 311030.407786345633212, 5046911.759151977486908 ], [ 311038.375544575159438, 5046922.142936667427421 ], [ 311046.875828570045996, 5046932.095490493811667 ], [ 311055.885339642758481, 5046941.589534201659262 ], [ 311065.379383349674754, 5046950.599045273847878 ], [ 311075.331937176932115, 5046959.099329268559813 ], [ 311085.715721866290551, 5046967.067087498493493 ], [ 311096.502276185608935, 5046974.480480890721083 ], [ 311107.66203493939247, 5046981.319189850240946 ], [ 311119.164410004508682, 5046987.564469951204956 ], [ 311130.977874170464929, 5046993.199203315190971 ], [ 311143.070047553046606, 5046998.207945528440177 ], [ 311155.407786345633212, 5047002.576967977918684 ], [ 311167.957273663778324, 5047006.294295476749539 ], [ 311180.684112234972417, 5047009.349739087745547 ], [ 311193.553418679337483, 5047011.734924053773284 ], [ 311206.529919122462161, 5047013.443312746472657 ], [ 311219.578045878675766, 5047014.470222593285143 ], [ 311232.66203493939247, 5047014.812838904559612 ], [ 311245.746024000109173, 5047014.470222593285143 ], [ 311258.794150756322779, 5047013.443312746472657 ], [ 311271.770651199447457, 5047011.734924053773284 ], [ 311284.639957643812522, 5047009.349739087745547 ], [ 311297.366796215006616, 5047006.294295476749539 ], [ 311309.916283533151727, 5047002.576967977918684 ], [ 311322.254022325738333, 5046998.207945528440177 ], [ 311334.34619570832001, 5046993.199203315190971 ], [ 311346.159659874276258, 5046987.564469951204956 ], [ 311357.66203493939247, 5046981.319189850240946 ], [ 311368.821793693176005, 5046974.480480890721083 ], [ 311379.608348012494389, 5046967.067087498493493 ], [ 311389.992132701852825, 5046959.099329268559813 ], [ 311399.944686529110186, 5046950.599045273847878 ], [ 311409.438730236026458, 5046941.589534201659262 ], [ 311418.448241308738943, 5046932.095490493811667 ], [ 311426.948525303625502, 5046922.142936667427421 ], [ 311434.916283533151727, 5046911.759151977486908 ], [ 311442.329676925728563, 5046900.972597658634186 ], [ 311449.168385885481257, 5046889.812838904559612 ], [ 311455.413665986503474, 5046878.31046383921057 ], [ 311461.048399350023828, 5046866.496999673545361 ], [ 311466.057141563680489, 5046854.404826290905476 ], [ 311470.426164013158996, 5046842.067087498493493 ], [ 311474.143491511640605, 5046829.517600180581212 ], [ 311477.198935122869443, 5046816.790761608630419 ], [ 311479.584120088198688, 5046803.921455164439976 ], [ 311481.292508781480137, 5046790.944954721257091 ], [ 311482.319418628059793, 5046777.896827965043485 ], [ 311482.66203493939247, 5046764.812838904559612 ] ] ] } },
{ "type": "Feature", "properties": { "site": 10, "transect": 10.3 }, "geometry": { "type": "Polygon", "coordinates": [ [ [ 311346.252569667412899, 5046447.363979670219123 ], [ 311345.909953356080223, 5046434.27999060973525 ], [ 311344.883043509500567, 5046421.231863853521645 ], [ 311343.174654816219117, 5046408.255363410338759 ], [ 311340.789469850889873, 5046395.386056966148317 ], [ 311337.734026239661034, 5046382.659218394197524 ], [ 311334.016698741179425, 5046370.109731076285243 ], [ 311329.647676291700918, 5046357.77199228387326 ], [ 311324.638934078044258, 5046345.679818901233375 ], [ 311319.004200714523904, 5046333.866354735568166 ], [ 311312.758920613501687, 5046322.363979670219123 ], [ 311305.920211653748993, 5046311.20422091614455 ], [ 311298.506818261172157, 5046300.417666597291827 ], [ 311290.539060031645931, 5046290.033881907351315 ], [ 311282.038776036759373, 5046280.081328080967069 ], [ 311273.029264964046888, 5046270.587284373119473 ], [ 311263.535221257130615, 5046261.577773300930858 ], [ 311253.582667429873254, 5046253.077489306218922 ], [ 311243.198882740514819, 5046245.109731076285243 ], [ 311232.412328421196435, 5046237.696337684057653 ], [ 311221.252569667412899, 5046230.85762872453779 ], [ 311209.750194602296688, 5046224.61234862357378 ], [ 311197.93673043634044, 5046218.977615259587765 ], [ 311185.844557053758763, 5046213.968873046338558 ], [ 311173.506818261172157, 5046209.599850596860051 ], [ 311160.957330943027046, 5046205.882523098029196 ], [ 311148.230492371832952, 5046202.827079487033188 ], [ 311135.361185927467886, 5046200.441894521005452 ], [ 311122.384685484343208, 5046198.733505828306079 ], [ 311109.336558728129603, 5046197.706595981493592 ], [ 311096.252569667412899, 5046197.363979670219123 ], [ 311083.168580606696196, 5046197.706595981493592 ], [ 311070.12045385048259, 5046198.733505828306079 ], [ 311057.143953407357913, 5046200.441894521005452 ], [ 311044.274646962992847, 5046202.827079487033188 ], [ 311031.547808391798753, 5046205.882523098029196 ], [ 311018.998321073653642, 5046209.599850596860051 ], [ 311006.660582281067036, 5046213.968873046338558 ], [ 310994.568408898485359, 5046218.977615259587765 ], [ 310982.754944732529111, 5046224.61234862357378 ], [ 310971.252569667412899, 5046230.85762872453779 ], [ 310960.092810913629364, 5046237.696337684057653 ], [ 310949.30625659431098, 5046245.109731076285243 ], [ 310938.922471904952545, 5046253.077489306218922 ], [ 310928.969918077695183, 5046261.577773300930858 ], [ 310919.475874370778911, 5046270.587284373119473 ], [ 310910.466363298066426, 5046280.081328080967069 ], [ 310901.966079303179868, 5046290.033881907351315 ], [ 310893.998321073653642, 5046300.417666597291827 ], [ 310886.584927681076806, 5046311.20422091614455 ], [ 310879.746218721324112, 5046322.363979670219123 ], [ 310873.500938620301895, 5046333.866354735568166 ], [ 310867.866205256781541, 5046345.679818901233375 ], [ 310862.857463043124881, 5046357.77199228387326 ], [ 310858.488440593646374, 5046370.109731076285243 ], [ 310854.771113095164765, 5046382.659218394197524 ], [ 310851.715669483935926, 5046395.386056966148317 ], [ 310849.330484518606681, 5046408.255363410338759 ], [ 310847.622095825325232, 5046421.231863853521645 ], [ 310846.595185978745576, 5046434.27999060973525 ], [ 310846.252569667412899, 5046447.363979670219123 ], [ 310846.595185978745576, 5046460.447968730702996 ], [ 310847.622095825325232, 5046473.496095486916602 ], [ 310849.330484518606681, 5046486.472595930099487 ], [ 310851.715669483935926, 5046499.34190237428993 ], [ 310854.771113095164765, 5046512.068740946240723 ], [ 310858.488440593646374, 5046524.618228264153004 ], [ 310862.857463043124881, 5046536.955967056564987 ], [ 310867.866205256781541, 5046549.048140439204872 ], [ 310873.500938620301895, 5046560.861604604870081 ], [ 310879.746218721324112, 5046572.363979670219123 ], [ 310886.584927681076806, 5046583.523738424293697 ], [ 310893.998321073653642, 5046594.31029274314642 ], [ 310901.966079303179868, 5046604.694077433086932 ], [ 310910.466363298066426, 5046614.646631259471178 ], [ 310919.475874370778911, 5046624.140674967318773 ], [ 310928.969918077695183, 5046633.150186039507389 ], [ 310938.922471904952545, 5046641.650470034219325 ], [ 310949.30625659431098, 5046649.618228264153004 ], [ 310960.092810913629364, 5046657.031621656380594 ], [ 310971.252569667412899, 5046663.870330615900457 ], [ 310982.754944732529111, 5046670.115610716864467 ], [ 310994.568408898485359, 5046675.750344080850482 ], [ 311006.660582281067036, 5046680.759086294099689 ], [ 311018.998321073653642, 5046685.128108743578196 ], [ 311031.547808391798753, 5046688.84543624240905 ], [ 311044.274646962992847, 5046691.900879853405058 ], [ 311057.143953407357913, 5046694.286064819432795 ], [ 311070.12045385048259, 5046695.994453512132168 ], [ 311083.168580606696196, 5046697.021363358944654 ], [ 311096.252569667412899, 5046697.363979670219123 ], [ 311109.336558728129603, 5046697.021363358944654 ], [ 311122.384685484343208, 5046695.994453512132168 ], [ 311135.361185927467886, 5046694.286064819432795 ], [ 311148.230492371832952, 5046691.900879853405058 ], [ 311160.957330943027046, 5046688.84543624240905 ], [ 311173.506818261172157, 5046685.128108743578196 ], [ 311185.844557053758763, 5046680.759086294099689 ], [ 311197.93673043634044, 5046675.750344080850482 ], [ 311209.750194602296688, 5046670.115610716864467 ], [ 311221.252569667412899, 5046663.870330615900457 ], [ 311232.412328421196435, 5046657.031621656380594 ], [ 311243.198882740514819, 5046649.618228264153004 ], [ 311253.582667429873254, 5046641.650470034219325 ], [ 311263.535221257130615, 5046633.150186039507389 ], [ 311273.029264964046888, 5046624.140674967318773 ], [ 311282.038776036759373, 5046614.646631259471178 ], [ 311290.539060031645931, 5046604.694077433086932 ], [ 311298.506818261172157, 5046594.31029274314642 ], [ 311305.920211653748993, 5046583.523738424293697 ], [ 311312.758920613501687, 5046572.363979670219123 ], [ 311319.004200714523904, 5046560.861604604870081 ], [ 311324.638934078044258, 5046549.048140439204872 ], [ 311329.647676291700918, 5046536.955967056564987 ], [ 311334.016698741179425, 5046524.618228264153004 ], [ 311337.734026239661034, 5046512.068740946240723 ], [ 311340.789469850889873, 5046499.34190237428993 ], [ 311343.174654816219117, 5046486.472595930099487 ], [ 311344.883043509500567, 5046473.496095486916602 ], [ 311345.909953356080223, 5046460.447968730702996 ], [ 311346.252569667412899, 5046447.363979670219123 ] ] ] } },
{ "type": "Feature", "properties": { "site": 10, "transect": 10.4 }, "geometry": { "type": "Polygon", "coordinates": [ [ [ 311346.585188780212775, 5046458.390279234386981 ], [ 311346.242572468880098, 5046445.306290173903108 ], [ 311345.215662622300442, 5046432.258163417689502 ], [ 311343.507273929018993, 5046419.281662974506617 ], [ 311341.122088963689748, 5046406.412356530316174 ], [ 311338.06664535246091, 5046393.685517958365381 ], [ 311334.349317853979301, 5046381.1360306404531 ], [ 311329.980295404500794, 5046368.798291848041117 ], [ 311324.971553190844133, 5046356.706118465401232 ], [ 311319.336819827323779, 5046344.892654299736023 ], [ 311313.091539726301562, 5046333.390279234386981 ], [ 311306.252830766548868, 5046322.230520480312407 ], [ 311298.839437373972032, 5046311.443966161459684 ], [ 311290.871679144445807, 5046301.060181471519172 ], [ 311282.371395149559248, 5046291.107627645134926 ], [ 311273.361884076846763, 5046281.613583937287331 ], [ 311263.867840369930491, 5046272.604072865098715 ], [ 311253.91528654267313, 5046264.103788870386779 ], [ 311243.531501853314694, 5046256.1360306404531 ], [ 311232.74494753399631, 5046248.72263724822551 ], [ 311221.585188780212775, 5046241.883928288705647 ], [ 311210.082813715096563, 5046235.638648187741637 ], [ 311198.269349549140316, 5046230.003914823755622 ], [ 311186.177176166558638, 5046224.995172610506415 ], [ 311173.839437373972032, 5046220.626150161027908 ], [ 311161.289950055826921, 5046216.908822662197053 ], [ 311148.563111484632827, 5046213.853379051201046 ], [ 311135.693805040267762, 5046211.468194085173309 ], [ 311122.717304597143084, 5046209.759805392473936 ], [ 311109.669177840929478, 5046208.732895545661449 ], [ 311096.585188780212775, 5046208.390279234386981 ], [ 311083.501199719496071, 5046208.732895545661449 ], [ 311070.453072963282466, 5046209.759805392473936 ], [ 311057.476572520157788, 5046211.468194085173309 ], [ 311044.607266075792722, 5046213.853379051201046 ], [ 311031.880427504598629, 5046216.908822662197053 ], [ 311019.330940186453518, 5046220.626150161027908 ], [ 311006.993201393866912, 5046224.995172610506415 ], [ 310994.901028011285234, 5046230.003914823755622 ], [ 310983.087563845328987, 5046235.638648187741637 ], [ 310971.585188780212775, 5046241.883928288705647 ], [ 310960.42543002642924, 5046248.72263724822551 ], [ 310949.638875707110856, 5046256.1360306404531 ], [ 310939.25509101775242, 5046264.103788870386779 ], [ 310929.302537190495059, 5046272.604072865098715 ], [ 310919.808493483578786, 5046281.613583937287331 ], [ 310910.798982410866302, 5046291.107627645134926 ], [ 310902.298698415979743, 5046301.060181471519172 ], [ 310894.330940186453518, 5046311.443966161459684 ], [ 310886.917546793876681, 5046322.230520480312407 ], [ 310880.078837834123988, 5046333.390279234386981 ], [ 310873.83355773310177, 5046344.892654299736023 ], [ 310868.198824369581416, 5046356.706118465401232 ], [ 310863.190082155924756, 5046368.798291848041117 ], [ 310858.821059706446249, 5046381.1360306404531 ], [ 310855.10373220796464, 5046393.685517958365381 ], [ 310852.048288596735802, 5046406.412356530316174 ], [ 310849.663103631406557, 5046419.281662974506617 ], [ 310847.954714938125107, 5046432.258163417689502 ], [ 310846.927805091545451, 5046445.306290173903108 ], [ 310846.585188780212775, 5046458.390279234386981 ], [ 310846.927805091545451, 5046471.474268294870853 ], [ 310847.954714938125107, 5046484.522395051084459 ], [ 310849.663103631406557, 5046497.498895494267344 ], [ 310852.048288596735802, 5046510.368201938457787 ], [ 310855.10373220796464, 5046523.09504051040858 ], [ 310858.821059706446249, 5046535.644527828320861 ], [ 310863.190082155924756, 5046547.982266620732844 ], [ 310868.198824369581416, 5046560.074440003372729 ], [ 310873.83355773310177, 5046571.887904169037938 ], [ 310880.078837834123988, 5046583.390279234386981 ], [ 310886.917546793876681, 5046594.550037988461554 ], [ 310894.330940186453518, 5046605.336592307314277 ], [ 310902.298698415979743, 5046615.720376997254789 ], [ 310910.798982410866302, 5046625.672930823639035 ], [ 310919.808493483578786, 5046635.16697453148663 ], [ 310929.302537190495059, 5046644.176485603675246 ], [ 310939.25509101775242, 5046652.676769598387182 ], [ 310949.638875707110856, 5046660.644527828320861 ], [ 310960.42543002642924, 5046668.057921220548451 ], [ 310971.585188780212775, 5046674.896630180068314 ], [ 310983.087563845328987, 5046681.141910281032324 ], [ 310994.901028011285234, 5046686.776643645018339 ], [ 311006.993201393866912, 5046691.785385858267546 ], [ 311019.330940186453518, 5046696.154408307746053 ], [ 311031.880427504598629, 5046699.871735806576908 ], [ 311044.607266075792722, 5046702.927179417572916 ], [ 311057.476572520157788, 5046705.312364383600652 ], [ 311070.453072963282466, 5046707.020753076300025 ], [ 311083.501199719496071, 5046708.047662923112512 ], [ 311096.585188780212775, 5046708.390279234386981 ], [ 311109.669177840929478, 5046708.047662923112512 ], [ 311122.717304597143084, 5046707.020753076300025 ], [ 311135.693805040267762, 5046705.312364383600652 ], [ 311148.563111484632827, 5046702.927179417572916 ], [ 311161.289950055826921, 5046699.871735806576908 ], [ 311173.839437373972032, 5046696.154408307746053 ], [ 311186.177176166558638, 5046691.785385858267546 ], [ 311198.269349549140316, 5046686.776643645018339 ], [ 311210.082813715096563, 5046681.141910281032324 ], [ 311221.585188780212775, 5046674.896630180068314 ], [ 311232.74494753399631, 5046668.057921220548451 ], [ 311243.531501853314694, 5046660.644527828320861 ], [ 311253.91528654267313, 5046652.676769598387182 ], [ 311263.867840369930491, 5046644.176485603675246 ], [ 311273.361884076846763, 5046635.16697453148663 ], [ 311282.371395149559248, 5046625.672930823639035 ], [ 311290.871679144445807, 5046615.720376997254789 ], [ 311298.839437373972032, 5046605.336592307314277 ], [ 311306.252830766548868, 5046594.550037988461554 ], [ 311313.091539726301562, 5046583.390279234386981 ], [ 311319.336819827323779, 5046571.887904169037938 ], [ 311324.971553190844133, 5046560.074440003372729 ], [ 311329.980295404500794, 5046547.982266620732844 ], [ 311334.349317853979301, 5046535.644527828320861 ], [ 311338.06664535246091, 5046523.09504051040858 ], [ 311341.122088963689748, 5046510.368201938457787 ], [ 311343.507273929018993, 5046497.498895494267344 ], [ 311345.215662622300442, 5046484.522395051084459 ], [ 311346.242572468880098, 5046471.474268294870853 ], [ 311346.585188780212775, 5046458.390279234386981 ] ] ] } },
{ "type": "Feature", "properties": { "site": 11, "transect": 11.1 }, "geometry": { "type": "Polygon", "coordinates": [ [ [ 420305.847982786712237, 5068599.058116119354963 ], [ 420305.50536647537956, 5068585.97412705887109 ], [ 420304.478456628799904, 5068572.926000302657485 ], [ 420302.770067935518455, 5068559.949499859474599 ], [ 420300.38488297018921, 5068547.080193415284157 ], [ 420297.329439358960371, 5068534.353354843333364 ], [ 420293.612111860478763, 5068521.803867525421083 ], [ 420289.243089411000255, 5068509.4661287330091 ], [ 420284.234347197343595, 5068497.373955350369215 ], [ 420278.599613833823241, 5068485.560491184704006 ], [ 420272.354333732801024, 5068474.058116119354963 ], [ 420265.51562477304833, 5068462.89835736528039 ], [ 420258.102231380471494, 5068452.111803046427667 ], [ 420250.134473150945269, 5068441.728018356487155 ], [ 420241.63418915605871, 5068431.775464530102909 ], [ 420232.624678083346225, 5068422.281420822255313 ], [ 420223.130634376429953, 5068413.271909750066698 ], [ 420213.178080549172591, 5068404.771625755354762 ], [ 420202.794295859814156, 5068396.803867525421083 ], [ 420192.007741540495772, 5068389.390474133193493 ], [ 420180.847982786712237, 5068382.55176517367363 ], [ 420169.345607721596025, 5068376.30648507270962 ], [ 420157.532143555639777, 5068370.671751708723605 ], [ 420145.4399701730581, 5068365.663009495474398 ], [ 420133.102231380471494, 5068361.293987045995891 ], [ 420120.552744062326383, 5068357.576659547165036 ], [ 420107.825905491132289, 5068354.521215936169028 ], [ 420094.956599046767224, 5068352.136030970141292 ], [ 420081.980098603642546, 5068350.427642277441919 ], [ 420068.93197184742894, 5068349.400732430629432 ], [ 420055.847982786712237, 5068349.058116119354963 ], [ 420042.763993725995533, 5068349.400732430629432 ], [ 420029.715866969781928, 5068350.427642277441919 ], [ 420016.73936652665725, 5068352.136030970141292 ], [ 420003.870060082292184, 5068354.521215936169028 ], [ 419991.143221511098091, 5068357.576659547165036 ], [ 419978.593734192952979, 5068361.293987045995891 ], [ 419966.255995400366373, 5068365.663009495474398 ], [ 419954.163822017784696, 5068370.671751708723605 ], [ 419942.350357851828448, 5068376.30648507270962 ], [ 419930.847982786712237, 5068382.55176517367363 ], [ 419919.688224032928701, 5068389.390474133193493 ], [ 419908.901669713610318, 5068396.803867525421083 ], [ 419898.517885024251882, 5068404.771625755354762 ], [ 419888.565331196994521, 5068413.271909750066698 ], [ 419879.071287490078248, 5068422.281420822255313 ], [ 419870.061776417365763, 5068431.775464530102909 ], [ 419861.561492422479205, 5068441.728018356487155 ], [ 419853.593734192952979, 5068452.111803046427667 ], [ 419846.180340800376143, 5068462.89835736528039 ], [ 419839.34163184062345, 5068474.058116119354963 ], [ 419833.096351739601232, 5068485.560491184704006 ], [ 419827.461618376080878, 5068497.373955350369215 ], [ 419822.452876162424218, 5068509.4661287330091 ], [ 419818.083853712945711, 5068521.803867525421083 ], [ 419814.366526214464102, 5068534.353354843333364 ], [ 419811.311082603235263, 5068547.080193415284157 ], [ 419808.925897637906019, 5068559.949499859474599 ], [ 419807.217508944624569, 5068572.926000302657485 ], [ 419806.190599098044913, 5068585.97412705887109 ], [ 419805.847982786712237, 5068599.058116119354963 ], [ 419806.190599098044913, 5068612.142105179838836 ], [ 419807.217508944624569, 5068625.190231936052442 ], [ 419808.925897637906019, 5068638.166732379235327 ], [ 419811.311082603235263, 5068651.03603882342577 ], [ 419814.366526214464102, 5068663.762877395376563 ], [ 419818.083853712945711, 5068676.312364713288844 ], [ 419822.452876162424218, 5068688.650103505700827 ], [ 419827.461618376080878, 5068700.742276888340712 ], [ 419833.096351739601232, 5068712.555741054005921 ], [ 419839.34163184062345, 5068724.058116119354963 ], [ 419846.180340800376143, 5068735.217874873429537 ], [ 419853.593734192952979, 5068746.004429192282259 ], [ 419861.561492422479205, 5068756.388213882222772 ], [ 419870.061776417365763, 5068766.340767708607018 ], [ 419879.071287490078248, 5068775.834811416454613 ], [ 419888.565331196994521, 5068784.844322488643229 ], [ 419898.517885024251882, 5068793.344606483355165 ], [ 419908.901669713610318, 5068801.312364713288844 ], [ 419919.688224032928701, 5068808.725758105516434 ], [ 419930.847982786712237, 5068815.564467065036297 ], [ 419942.350357851828448, 5068821.809747166000307 ], [ 419954.163822017784696, 5068827.444480529986322 ], [ 419966.255995400366373, 5068832.453222743235528 ], [ 419978.593734192952979, 5068836.822245192714036 ], [ 419991.143221511098091, 5068840.53957269154489 ], [ 420003.870060082292184, 5068843.595016302540898 ], [ 420016.73936652665725, 5068845.980201268568635 ], [ 420029.715866969781928, 5068847.688589961268008 ], [ 420042.763993725995533, 5068848.715499808080494 ], [ 420055.847982786712237, 5068849.058116119354963 ], [ 420068.93197184742894, 5068848.715499808080494 ], [ 420081.980098603642546, 5068847.688589961268008 ], [ 420094.956599046767224, 5068845.980201268568635 ], [ 420107.825905491132289, 5068843.595016302540898 ], [ 420120.552744062326383, 5068840.53957269154489 ], [ 420133.102231380471494, 5068836.822245192714036 ], [ 420145.4399701730581, 5068832.453222743235528 ], [ 420157.532143555639777, 5068827.444480529986322 ], [ 420169.345607721596025, 5068821.809747166000307 ], [ 420180.847982786712237, 5068815.564467065036297 ], [ 420192.007741540495772, 5068808.725758105516434 ], [ 420202.794295859814156, 5068801.312364713288844 ], [ 420213.178080549172591, 5068793.344606483355165 ], [ 420223.130634376429953, 5068784.844322488643229 ], [ 420232.624678083346225, 5068775.834811416454613 ], [ 420241.63418915605871, 5068766.340767708607018 ], [ 420250.134473150945269, 5068756.388213882222772 ], [ 420258.102231380471494, 5068746.004429192282259 ], [ 420265.51562477304833, 5068735.217874873429537 ], [ 420272.354333732801024, 5068724.058116119354963 ], [ 420278.599613833823241, 5068712.555741054005921 ], [ 420284.234347197343595, 5068700.742276888340712 ], [ 420289.243089411000255, 5068688.650103505700827 ], [ 420293.612111860478763, 5068676.312364713288844 ], [ 420297.329439358960371, 5068663.762877395376563 ], [ 420300.38488297018921, 5068651.03603882342577 ], [ 420302.770067935518455, 5068638.166732379235327 ], [ 420304.478456628799904, 5068625.190231936052442 ], [ 420305.50536647537956, 5068612.142105179838836 ], [ 420305.847982786712237, 5068599.058116119354963 ] ] ] } },
{ "type": "Feature", "properties": { "site": 11, "transect": 11.2 }, "geometry": { "type": "Polygon", "coordinates": [ [ [ 420215.124132663186174, 5068599.641955625265837 ], [ 420214.781516351853497, 5068586.557966564781964 ], [ 420213.754606505273841, 5068573.509839808568358 ], [ 420212.046217811992392, 5068560.533339365385473 ], [ 420209.661032846663147, 5068547.66403292119503 ], [ 420206.605589235434309, 5068534.937194349244237 ], [ 420202.8882617369527, 5068522.387707031331956 ], [ 420198.519239287474193, 5068510.049968238919973 ], [ 420193.510497073817533, 5068497.957794856280088 ], [ 420187.875763710297178, 5068486.144330690614879 ], [ 420181.630483609274961, 5068474.641955625265837 ], [ 420174.791774649522267, 5068463.482196871191263 ], [ 420167.378381256945431, 5068452.695642552338541 ], [ 420159.410623027419206, 5068442.311857862398028 ], [ 420150.910339032532647, 5068432.359304036013782 ], [ 420141.900827959820163, 5068422.865260328166187 ], [ 420132.40678425290389, 5068413.855749255977571 ], [ 420122.454230425646529, 5068405.355465261265635 ], [ 420112.070445736288093, 5068397.387707031331956 ], [ 420101.283891416969709, 5068389.974313639104366 ], [ 420090.124132663186174, 5068383.135604679584503 ], [ 420078.621757598069962, 5068376.890324578620493 ], [ 420066.808293432113715, 5068371.255591214634478 ], [ 420054.716120049532037, 5068366.246849001385272 ], [ 420042.378381256945431, 5068361.877826551906765 ], [ 420029.82889393880032, 5068358.16049905307591 ], [ 420017.102055367606226, 5068355.105055442079902 ], [ 420004.232748923241161, 5068352.719870476052165 ], [ 419991.256248480116483, 5068351.011481783352792 ], [ 419978.208121723902877, 5068349.984571936540306 ], [ 419965.124132663186174, 5068349.641955625265837 ], [ 419952.04014360246947, 5068349.984571936540306 ], [ 419938.992016846255865, 5068351.011481783352792 ], [ 419926.015516403131187, 5068352.719870476052165 ], [ 419913.146209958766121, 5068355.105055442079902 ], [ 419900.419371387572028, 5068358.16049905307591 ], [ 419887.869884069426917, 5068361.877826551906765 ], [ 419875.532145276840311, 5068366.246849001385272 ], [ 419863.439971894258633, 5068371.255591214634478 ], [ 419851.626507728302386, 5068376.890324578620493 ], [ 419840.124132663186174, 5068383.135604679584503 ], [ 419828.964373909402639, 5068389.974313639104366 ], [ 419818.177819590084255, 5068397.387707031331956 ], [ 419807.794034900725819, 5068405.355465261265635 ], [ 419797.841481073468458, 5068413.855749255977571 ], [ 419788.347437366552185, 5068422.865260328166187 ], [ 419779.337926293839701, 5068432.359304036013782 ], [ 419770.837642298953142, 5068442.311857862398028 ], [ 419762.869884069426917, 5068452.695642552338541 ], [ 419755.45649067685008, 5068463.482196871191263 ], [ 419748.617781717097387, 5068474.641955625265837 ], [ 419742.372501616075169, 5068486.144330690614879 ], [ 419736.737768252554815, 5068497.957794856280088 ], [ 419731.729026038898155, 5068510.049968238919973 ], [ 419727.360003589419648, 5068522.387707031331956 ], [ 419723.642676090938039, 5068534.937194349244237 ], [ 419720.587232479709201, 5068547.66403292119503 ], [ 419718.202047514379956, 5068560.533339365385473 ], [ 419716.493658821098506, 5068573.509839808568358 ], [ 419715.46674897451885, 5068586.557966564781964 ], [ 419715.124132663186174, 5068599.641955625265837 ], [ 419715.46674897451885, 5068612.72594468574971 ], [ 419716.493658821098506, 5068625.774071441963315 ], [ 419718.202047514379956, 5068638.750571885146201 ], [ 419720.587232479709201, 5068651.619878329336643 ], [ 419723.642676090938039, 5068664.346716901287436 ], [ 419727.360003589419648, 5068676.896204219199717 ], [ 419731.729026038898155, 5068689.2339430116117 ], [ 419736.737768252554815, 5068701.326116394251585 ], [ 419742.372501616075169, 5068713.139580559916794 ], [ 419748.617781717097387, 5068724.641955625265837 ], [ 419755.45649067685008, 5068735.80171437934041 ], [ 419762.869884069426917, 5068746.588268698193133 ], [ 419770.837642298953142, 5068756.972053388133645 ], [ 419779.337926293839701, 5068766.924607214517891 ], [ 419788.347437366552185, 5068776.418650922365487 ], [ 419797.841481073468458, 5068785.428161994554102 ], [ 419807.794034900725819, 5068793.928445989266038 ], [ 419818.177819590084255, 5068801.896204219199717 ], [ 419828.964373909402639, 5068809.309597611427307 ], [ 419840.124132663186174, 5068816.14830657094717 ], [ 419851.626507728302386, 5068822.39358667191118 ], [ 419863.439971894258633, 5068828.028320035897195 ], [ 419875.532145276840311, 5068833.037062249146402 ], [ 419887.869884069426917, 5068837.406084698624909 ], [ 419900.419371387572028, 5068841.123412197455764 ], [ 419913.146209958766121, 5068844.178855808451772 ], [ 419926.015516403131187, 5068846.564040774479508 ], [ 419938.992016846255865, 5068848.272429467178881 ], [ 419952.04014360246947, 5068849.299339313991368 ], [ 419965.124132663186174, 5068849.641955625265837 ], [ 419978.208121723902877, 5068849.299339313991368 ], [ 419991.256248480116483, 5068848.272429467178881 ], [ 420004.232748923241161, 5068846.564040774479508 ], [ 420017.102055367606226, 5068844.178855808451772 ], [ 420029.82889393880032, 5068841.123412197455764 ], [ 420042.378381256945431, 5068837.406084698624909 ], [ 420054.716120049532037, 5068833.037062249146402 ], [ 420066.808293432113715, 5068828.028320035897195 ], [ 420078.621757598069962, 5068822.39358667191118 ], [ 420090.124132663186174, 5068816.14830657094717 ], [ 420101.283891416969709, 5068809.309597611427307 ], [ 420112.070445736288093, 5068801.896204219199717 ], [ 420122.454230425646529, 5068793.928445989266038 ], [ 420132.40678425290389, 5068785.428161994554102 ], [ 420141.900827959820163, 5068776.418650922365487 ], [ 420150.910339032532647, 5068766.924607214517891 ], [ 420159.410623027419206, 5068756.972053388133645 ], [ 420167.378381256945431, 5068746.588268698193133 ], [ 420174.791774649522267, 5068735.80171437934041 ], [ 420181.630483609274961, 5068724.641955625265837 ], [ 420187.875763710297178, 5068713.139580559916794 ], [ 420193.510497073817533, 5068701.326116394251585 ], [ 420198.519239287474193, 5068689.2339430116117 ], [ 420202.8882617369527, 5068676.896204219199717 ], [ 420206.605589235434309, 5068664.346716901287436 ], [ 420209.661032846663147, 5068651.619878329336643 ], [ 420212.046217811992392, 5068638.750571885146201 ], [ 420213.754606505273841, 5068625.774071441963315 ], [ 420214.781516351853497, 5068612.72594468574971 ], [ 420215.124132663186174, 5068599.641955625265837 ] ] ] } },
{ "type": "Feature", "properties": { "site": 11, "transect": 11.3 }, "geometry": { "type": "Polygon", "coordinates": [ [ [ 420267.370661525870673, 5068648.890373821370304 ], [ 420267.028045214537997, 5068635.806384760886431 ], [ 420266.001135367958341, 5068622.758258004672825 ], [ 420264.292746674676891, 5068609.78175756148994 ], [ 420261.907561709347647, 5068596.912451117299497 ], [ 420258.852118098118808, 5068584.185612545348704 ], [ 420255.134790599637199, 5068571.636125227436423 ], [ 420250.765768150158692, 5068559.29838643502444 ], [ 420245.757025936502032, 5068547.206213052384555 ], [ 420240.122292572981678, 5068535.392748886719346 ], [ 420233.877012471959461, 5068523.890373821370304 ], [ 420227.038303512206767, 5068512.73061506729573 ], [ 420219.624910119629931, 5068501.944060748443007 ], [ 420211.657151890103705, 5068491.560276058502495 ], [ 420203.156867895217147, 5068481.607722232118249 ], [ 420194.147356822504662, 5068472.113678524270654 ], [ 420184.653313115588389, 5068463.104167452082038 ], [ 420174.700759288331028, 5068454.603883457370102 ], [ 420164.316974598972593, 5068446.636125227436423 ], [ 420153.530420279654209, 5068439.222731835208833 ], [ 420142.370661525870673, 5068432.38402287568897 ], [ 420130.868286460754462, 5068426.13874277472496 ], [ 420119.054822294798214, 5068420.504009410738945 ], [ 420106.962648912216537, 5068415.495267197489738 ], [ 420094.624910119629931, 5068411.126244748011231 ], [ 420082.07542280148482, 5068407.408917249180377 ], [ 420069.348584230290726, 5068404.353473638184369 ], [ 420056.47927778592566, 5068401.968288672156632 ], [ 420043.502777342800982, 5068400.259899979457259 ], [ 420030.454650586587377, 5068399.232990132644773 ], [ 420017.370661525870673, 5068398.890373821370304 ], [ 420004.28667246515397, 5068399.232990132644773 ], [ 419991.238545708940364, 5068400.259899979457259 ], [ 419978.262045265815686, 5068401.968288672156632 ], [ 419965.392738821450621, 5068404.353473638184369 ], [ 419952.665900250256527, 5068407.408917249180377 ], [ 419940.116412932111416, 5068411.126244748011231 ], [ 419927.77867413952481, 5068415.495267197489738 ], [ 419915.686500756943133, 5068420.504009410738945 ], [ 419903.873036590986885, 5068426.13874277472496 ], [ 419892.370661525870673, 5068432.38402287568897 ], [ 419881.210902772087138, 5068439.222731835208833 ], [ 419870.424348452768754, 5068446.636125227436423 ], [ 419860.040563763410319, 5068454.603883457370102 ], [ 419850.088009936152957, 5068463.104167452082038 ], [ 419840.593966229236685, 5068472.113678524270654 ], [ 419831.5844551565242, 5068481.607722232118249 ], [ 419823.084171161637641, 5068491.560276058502495 ], [ 419815.116412932111416, 5068501.944060748443007 ], [ 419807.70301953953458, 5068512.73061506729573 ], [ 419800.864310579781886, 5068523.890373821370304 ], [ 419794.619030478759669, 5068535.392748886719346 ], [ 419788.984297115239315, 5068547.206213052384555 ], [ 419783.975554901582655, 5068559.29838643502444 ], [ 419779.606532452104148, 5068571.636125227436423 ], [ 419775.889204953622539, 5068584.185612545348704 ], [ 419772.8337613423937, 5068596.912451117299497 ], [ 419770.448576377064455, 5068609.78175756148994 ], [ 419768.740187683783006, 5068622.758258004672825 ], [ 419767.71327783720335, 5068635.806384760886431 ], [ 419767.370661525870673, 5068648.890373821370304 ], [ 419767.71327783720335, 5068661.974362881854177 ], [ 419768.740187683783006, 5068675.022489638067782 ], [ 419770.448576377064455, 5068687.998990081250668 ], [ 419772.8337613423937, 5068700.86829652544111 ], [ 419775.889204953622539, 5068713.595135097391903 ], [ 419779.606532452104148, 5068726.144622415304184 ], [ 419783.975554901582655, 5068738.482361207716167 ], [ 419788.984297115239315, 5068750.574534590356052 ], [ 419794.619030478759669, 5068762.387998756021261 ], [ 419800.864310579781886, 5068773.890373821370304 ], [ 419807.70301953953458, 5068785.050132575444877 ], [ 419815.116412932111416, 5068795.8366868942976 ], [ 419823.084171161637641, 5068806.220471584238112 ], [ 419831.5844551565242, 5068816.173025410622358 ], [ 419840.593966229236685, 5068825.667069118469954 ], [ 419850.088009936152957, 5068834.676580190658569 ], [ 419860.040563763410319, 5068843.176864185370505 ], [ 419870.424348452768754, 5068851.144622415304184 ], [ 419881.210902772087138, 5068858.558015807531774 ], [ 419892.370661525870673, 5068865.396724767051637 ], [ 419903.873036590986885, 5068871.642004868015647 ], [ 419915.686500756943133, 5068877.276738232001662 ], [ 419927.77867413952481, 5068882.285480445250869 ], [ 419940.116412932111416, 5068886.654502894729376 ], [ 419952.665900250256527, 5068890.371830393560231 ], [ 419965.392738821450621, 5068893.427274004556239 ], [ 419978.262045265815686, 5068895.812458970583975 ], [ 419991.238545708940364, 5068897.520847663283348 ], [ 420004.28667246515397, 5068898.547757510095835 ], [ 420017.370661525870673, 5068898.890373821370304 ], [ 420030.454650586587377, 5068898.547757510095835 ], [ 420043.502777342800982, 5068897.520847663283348 ], [ 420056.47927778592566, 5068895.812458970583975 ], [ 420069.348584230290726, 5068893.427274004556239 ], [ 420082.07542280148482, 5068890.371830393560231 ], [ 420094.624910119629931, 5068886.654502894729376 ], [ 420106.962648912216537, 5068882.285480445250869 ], [ 420119.054822294798214, 5068877.276738232001662 ], [ 420130.868286460754462, 5068871.642004868015647 ], [ 420142.370661525870673, 5068865.396724767051637 ], [ 420153.530420279654209, 5068858.558015807531774 ], [ 420164.316974598972593, 5068851.144622415304184 ], [ 420174.700759288331028, 5068843.176864185370505 ], [ 420184.653313115588389, 5068834.676580190658569 ], [ 420194.147356822504662, 5068825.667069118469954 ], [ 420203.156867895217147, 5068816.173025410622358 ], [ 420211.657151890103705, 5068806.220471584238112 ], [ 420219.624910119629931, 5068795.8366868942976 ], [ 420227.038303512206767, 5068785.050132575444877 ], [ 420233.877012471959461, 5068773.890373821370304 ], [ 420240.122292572981678, 5068762.387998756021261 ], [ 420245.757025936502032, 5068750.574534590356052 ], [ 420250.765768150158692, 5068738.482361207716167 ], [ 420255.134790599637199, 5068726.144622415304184 ], [ 420258.852118098118808, 5068713.595135097391903 ], [ 420261.907561709347647, 5068700.86829652544111 ], [ 420264.292746674676891, 5068687.998990081250668 ], [ 420266.001135367958341, 5068675.022489638067782 ], [ 420267.028045214537997, 5068661.974362881854177 ], [ 420267.370661525870673, 5068648.890373821370304 ] ] ] } },
{ "type": "Feature", "properties": { "site": 11, "transect": 11.4 }, "geometry": { "type": "Polygon", "coordinates": [ [ [ 420266.681690200639423, 5068526.29695660341531 ], [ 420266.339073889306746, 5068513.212967542931437 ], [ 420265.31216404272709, 5068500.164840786717832 ], [ 420263.603775349445641, 5068487.188340343534946 ], [ 420261.218590384116396, 5068474.319033899344504 ], [ 420258.163146772887558, 5068461.592195327393711 ], [ 420254.445819274405949, 5068449.04270800948143 ], [ 420250.076796824927442, 5068436.704969217069447 ], [ 420245.068054611270782, 5068424.612795834429562 ], [ 420239.433321247750428, 5068412.799331668764353 ], [ 420233.18804114672821, 5068401.29695660341531 ], [ 420226.349332186975516, 5068390.137197849340737 ], [ 420218.93593879439868, 5068379.350643530488014 ], [ 420210.968180564872455, 5068368.966858840547502 ], [ 420202.467896569985896, 5068359.014305014163256 ], [ 420193.458385497273412, 5068349.52026130631566 ], [ 420183.964341790357139, 5068340.510750234127045 ], [ 420174.011787963099778, 5068332.010466239415109 ], [ 420163.628003273741342, 5068324.04270800948143 ], [ 420152.841448954422958, 5068316.62931461725384 ], [ 420141.681690200639423, 5068309.790605657733977 ], [ 420130.179315135523211, 5068303.545325556769967 ], [ 420118.365850969566964, 5068297.910592192783952 ], [ 420106.273677586985286, 5068292.901849979534745 ], [ 420093.93593879439868, 5068288.532827530056238 ], [ 420081.386451476253569, 5068284.815500031225383 ], [ 420068.659612905059475, 5068281.760056420229375 ], [ 420055.79030646069441, 5068279.374871454201639 ], [ 420042.813806017569732, 5068277.666482761502266 ], [ 420029.765679261356127, 5068276.639572914689779 ], [ 420016.681690200639423, 5068276.29695660341531 ], [ 420003.597701139922719, 5068276.639572914689779 ], [ 419990.549574383709114, 5068277.666482761502266 ], [ 419977.573073940584436, 5068279.374871454201639 ], [ 419964.703767496219371, 5068281.760056420229375 ], [ 419951.976928925025277, 5068284.815500031225383 ], [ 419939.427441606880166, 5068288.532827530056238 ], [ 419927.08970281429356, 5068292.901849979534745 ], [ 419914.997529431711882, 5068297.910592192783952 ], [ 419903.184065265755635, 5068303.545325556769967 ], [ 419891.681690200639423, 5068309.790605657733977 ], [ 419880.521931446855888, 5068316.62931461725384 ], [ 419869.735377127537504, 5068324.04270800948143 ], [ 419859.351592438179068, 5068332.010466239415109 ], [ 419849.399038610921707, 5068340.510750234127045 ], [ 419839.904994904005434, 5068349.52026130631566 ], [ 419830.89548383129295, 5068359.014305014163256 ], [ 419822.395199836406391, 5068368.966858840547502 ], [ 419814.427441606880166, 5068379.350643530488014 ], [ 419807.01404821430333, 5068390.137197849340737 ], [ 419800.175339254550636, 5068401.29695660341531 ], [ 419793.930059153528418, 5068412.799331668764353 ], [ 419788.295325790008064, 5068424.612795834429562 ], [ 419783.286583576351404, 5068436.704969217069447 ], [ 419778.917561126872897, 5068449.04270800948143 ], [ 419775.200233628391288, 5068461.592195327393711 ], [ 419772.14479001716245, 5068474.319033899344504 ], [ 419769.759605051833205, 5068487.188340343534946 ], [ 419768.051216358551756, 5068500.164840786717832 ], [ 419767.0243065119721, 5068513.212967542931437 ], [ 419766.681690200639423, 5068526.29695660341531 ], [ 419767.0243065119721, 5068539.380945663899183 ], [ 419768.051216358551756, 5068552.429072420112789 ], [ 419769.759605051833205, 5068565.405572863295674 ], [ 419772.14479001716245, 5068578.274879307486117 ], [ 419775.200233628391288, 5068591.00171787943691 ], [ 419778.917561126872897, 5068603.551205197349191 ], [ 419783.286583576351404, 5068615.888943989761174 ], [ 419788.295325790008064, 5068627.981117372401059 ], [ 419793.930059153528418, 5068639.794581538066268 ], [ 419800.175339254550636, 5068651.29695660341531 ], [ 419807.01404821430333, 5068662.456715357489884 ], [ 419814.427441606880166, 5068673.243269676342607 ], [ 419822.395199836406391, 5068683.627054366283119 ], [ 419830.89548383129295, 5068693.579608192667365 ], [ 419839.904994904005434, 5068703.07365190051496 ], [ 419849.399038610921707, 5068712.083162972703576 ], [ 419859.351592438179068, 5068720.583446967415512 ], [ 419869.735377127537504, 5068728.551205197349191 ], [ 419880.521931446855888, 5068735.964598589576781 ], [ 419891.681690200639423, 5068742.803307549096644 ], [ 419903.184065265755635, 5068749.048587650060654 ], [ 419914.997529431711882, 5068754.683321014046669 ], [ 419927.08970281429356, 5068759.692063227295876 ], [ 419939.427441606880166, 5068764.061085676774383 ], [ 419951.976928925025277, 5068767.778413175605237 ], [ 419964.703767496219371, 5068770.833856786601245 ], [ 419977.573073940584436, 5068773.219041752628982 ], [ 419990.549574383709114, 5068774.927430445328355 ], [ 420003.597701139922719, 5068775.954340292140841 ], [ 420016.681690200639423, 5068776.29695660341531 ], [ 420029.765679261356127, 5068775.954340292140841 ], [ 420042.813806017569732, 5068774.927430445328355 ], [ 420055.79030646069441, 5068773.219041752628982 ], [ 420068.659612905059475, 5068770.833856786601245 ], [ 420081.386451476253569, 5068767.778413175605237 ], [ 420093.93593879439868, 5068764.061085676774383 ], [ 420106.273677586985286, 5068759.692063227295876 ], [ 420118.365850969566964, 5068754.683321014046669 ], [ 420130.179315135523211, 5068749.048587650060654 ], [ 420141.681690200639423, 5068742.803307549096644 ], [ 420152.841448954422958, 5068735.964598589576781 ], [ 420163.628003273741342, 5068728.551205197349191 ], [ 420174.011787963099778, 5068720.583446967415512 ], [ 420183.964341790357139, 5068712.083162972703576 ], [ 420193.458385497273412, 5068703.07365190051496 ], [ 420202.467896569985896, 5068693.579608192667365 ], [ 420210.968180564872455, 5068683.627054366283119 ], [ 420218.93593879439868, 5068673.243269676342607 ], [ 420226.349332186975516, 5068662.456715357489884 ], [ 420233.18804114672821, 5068651.29695660341531 ], [ 420239.433321247750428, 5068639.794581538066268 ], [ 420245.068054611270782, 5068627.981117372401059 ], [ 420250.076796824927442, 5068615.888943989761174 ], [ 420254.445819274405949, 5068603.551205197349191 ], [ 420258.163146772887558, 5068591.00171787943691 ], [ 420261.218590384116396, 5068578.274879307486117 ], [ 420263.603775349445641, 5068565.405572863295674 ], [ 420265.31216404272709, 5068552.429072420112789 ], [ 420266.339073889306746, 5068539.380945663899183 ], [ 420266.681690200639423, 5068526.29695660341531 ] ] ] } },
{ "type": "Feature", "properties": { "site": 12, "transect": 12.1 }, "geometry": { "type": "Polygon", "coordinates": [ [ [ 487137.718433759931941, 5009471.298510946333408 ], [ 487137.375817448599264, 5009458.214521885849535 ], [ 487136.348907602019608, 5009445.16639512963593 ], [ 487134.640518908738159, 5009432.189894686453044 ], [ 487132.255333943408914, 5009419.320588242262602 ], [ 487129.199890332180075, 5009406.593749670311809 ], [ 487125.482562833698466, 5009394.044262352399528 ], [ 487121.113540384219959, 5009381.706523559987545 ], [ 487116.104798170563299, 5009369.61435017734766 ], [ 487110.470064807042945, 5009357.800886011682451 ], [ 487104.224784706020728, 5009346.298510946333408 ], [ 487097.386075746268034, 5009335.138752192258835 ], [ 487089.972682353691198, 5009324.352197873406112 ], [ 487082.004924124164972, 5009313.9684131834656 ], [ 487073.504640129278414, 5009304.015859357081354 ], [ 487064.495129056565929, 5009294.521815649233758 ], [ 487055.001085349649657, 5009285.512304577045143 ], [ 487045.048531522392295, 5009277.012020582333207 ], [ 487034.66474683303386, 5009269.044262352399528 ], [ 487023.878192513715476, 5009261.630868960171938 ], [ 487012.718433759931941, 5009254.792160000652075 ], [ 487001.216058694815729, 5009248.546879899688065 ], [ 486989.402594528859481, 5009242.91214653570205 ], [ 486977.310421146277804, 5009237.903404322452843 ], [ 486964.972682353691198, 5009233.534381872974336 ], [ 486952.423195035546087, 5009229.817054374143481 ], [ 486939.696356464351993, 5009226.761610763147473 ], [ 486926.827050019986928, 5009224.376425797119737 ], [ 486913.85054957686225, 5009222.668037104420364 ], [ 486900.802422820648644, 5009221.641127257607877 ], [ 486887.718433759931941, 5009221.298510946333408 ], [ 486874.634444699215237, 5009221.641127257607877 ], [ 486861.586317943001632, 5009222.668037104420364 ], [ 486848.609817499876954, 5009224.376425797119737 ], [ 486835.740511055511888, 5009226.761610763147473 ], [ 486823.013672484317794, 5009229.817054374143481 ], [ 486810.464185166172683, 5009233.534381872974336 ], [ 486798.126446373586077, 5009237.903404322452843 ], [ 486786.0342729910044, 5009242.91214653570205 ], [ 486774.220808825048152, 5009248.546879899688065 ], [ 486762.718433759931941, 5009254.792160000652075 ], [ 486751.558675006148405, 5009261.630868960171938 ], [ 486740.772120686830021, 5009269.044262352399528 ], [ 486730.388335997471586, 5009277.012020582333207 ], [ 486720.435782170214225, 5009285.512304577045143 ], [ 486710.941738463297952, 5009294.521815649233758 ], [ 486701.932227390585467, 5009304.015859357081354 ], [ 486693.431943395698909, 5009313.9684131834656 ], [ 486685.464185166172683, 5009324.352197873406112 ], [ 486678.050791773595847, 5009335.138752192258835 ], [ 486671.212082813843153, 5009346.298510946333408 ], [ 486664.966802712820936, 5009357.800886011682451 ], [ 486659.332069349300582, 5009369.61435017734766 ], [ 486654.323327135643922, 5009381.706523559987545 ], [ 486649.954304686165415, 5009394.044262352399528 ], [ 486646.236977187683806, 5009406.593749670311809 ], [ 486643.181533576454967, 5009419.320588242262602 ], [ 486640.796348611125723, 5009432.189894686453044 ], [ 486639.087959917844273, 5009445.16639512963593 ], [ 486638.061050071264617, 5009458.214521885849535 ], [ 486637.718433759931941, 5009471.298510946333408 ], [ 486638.061050071264617, 5009484.382500006817281 ], [ 486639.087959917844273, 5009497.430626763030887 ], [ 486640.796348611125723, 5009510.407127206213772 ], [ 486643.181533576454967, 5009523.276433650404215 ], [ 486646.236977187683806, 5009536.003272222355008 ], [ 486649.954304686165415, 5009548.552759540267289 ], [ 486654.323327135643922, 5009560.890498332679272 ], [ 486659.332069349300582, 5009572.982671715319157 ], [ 486664.966802712820936, 5009584.796135880984366 ], [ 486671.212082813843153, 5009596.298510946333408 ], [ 486678.050791773595847, 5009607.458269700407982 ], [ 486685.464185166172683, 5009618.244824019260705 ], [ 486693.431943395698909, 5009628.628608709201217 ], [ 486701.932227390585467, 5009638.581162535585463 ], [ 486710.941738463297952, 5009648.075206243433058 ], [ 486720.435782170214225, 5009657.084717315621674 ], [ 486730.388335997471586, 5009665.58500131033361 ], [ 486740.772120686830021, 5009673.552759540267289 ], [ 486751.558675006148405, 5009680.966152932494879 ], [ 486762.718433759931941, 5009687.804861892014742 ], [ 486774.220808825048152, 5009694.050141992978752 ], [ 486786.0342729910044, 5009699.684875356964767 ], [ 486798.126446373586077, 5009704.693617570213974 ], [ 486810.464185166172683, 5009709.062640019692481 ], [ 486823.013672484317794, 5009712.779967518523335 ], [ 486835.740511055511888, 5009715.835411129519343 ], [ 486848.609817499876954, 5009718.22059609554708 ], [ 486861.586317943001632, 5009719.928984788246453 ], [ 486874.634444699215237, 5009720.955894635058939 ], [ 486887.718433759931941, 5009721.298510946333408 ], [ 486900.802422820648644, 5009720.955894635058939 ], [ 486913.85054957686225, 5009719.928984788246453 ], [ 486926.827050019986928, 5009718.22059609554708 ], [ 486939.696356464351993, 5009715.835411129519343 ], [ 486952.423195035546087, 5009712.779967518523335 ], [ 486964.972682353691198, 5009709.062640019692481 ], [ 486977.310421146277804, 5009704.693617570213974 ], [ 486989.402594528859481, 5009699.684875356964767 ], [ 487001.216058694815729, 5009694.050141992978752 ], [ 487012.718433759931941, 5009687.804861892014742 ], [ 487023.878192513715476, 5009680.966152932494879 ], [ 487034.66474683303386, 5009673.552759540267289 ], [ 487045.048531522392295, 5009665.58500131033361 ], [ 487055.001085349649657, 5009657.084717315621674 ], [ 487064.495129056565929, 5009648.075206243433058 ], [ 487073.504640129278414, 5009638.581162535585463 ], [ 487082.004924124164972, 5009628.628608709201217 ], [ 487089.972682353691198, 5009618.244824019260705 ], [ 487097.386075746268034, 5009607.458269700407982 ], [ 487104.224784706020728, 5009596.298510946333408 ], [ 487110.470064807042945, 5009584.796135880984366 ], [ 487116.104798170563299, 5009572.982671715319157 ], [ 487121.113540384219959, 5009560.890498332679272 ], [ 487125.482562833698466, 5009548.552759540267289 ], [ 487129.199890332180075, 5009536.003272222355008 ], [ 487132.255333943408914, 5009523.276433650404215 ], [ 487134.640518908738159, 5009510.407127206213772 ], [ 487136.348907602019608, 5009497.430626763030887 ], [ 487137.375817448599264, 5009484.382500006817281 ], [ 487137.718433759931941, 5009471.298510946333408 ] ] ] } },
{ "type": "Feature", "properties": { "site": 12, "transect": 12.2 }, "geometry": { "type": "Polygon", "coordinates": [ [ [ 486875.802612733386923, 5009650.260727689601481 ], [ 486875.459996422054246, 5009637.176738629117608 ], [ 486874.43308657547459, 5009624.128611872904003 ], [ 486872.724697882193141, 5009611.152111429721117 ], [ 486870.339512916863896, 5009598.282804985530674 ], [ 486867.284069305635057, 5009585.555966413579881 ], [ 486863.566741807153448, 5009573.006479095667601 ], [ 486859.197719357674941, 5009560.668740303255618 ], [ 486854.188977144018281, 5009548.576566920615733 ], [ 486848.554243780497927, 5009536.763102754950523 ], [ 486842.30896367947571, 5009525.260727689601481 ], [ 486835.470254719723016, 5009514.100968935526907 ], [ 486828.05686132714618, 5009503.314414616674185 ], [ 486820.089103097619954, 5009492.930629926733673 ], [ 486811.588819102733396, 5009482.978076100349426 ], [ 486802.579308030020911, 5009473.484032392501831 ], [ 486793.085264323104639, 5009464.474521320313215 ], [ 486783.132710495847277, 5009455.97423732560128 ], [ 486772.748925806488842, 5009448.006479095667601 ], [ 486761.962371487170458, 5009440.593085703440011 ], [ 486750.802612733386923, 5009433.754376743920147 ], [ 486739.300237668270711, 5009427.509096642956138 ], [ 486727.486773502314463, 5009421.874363278970122 ], [ 486715.394600119732786, 5009416.865621065720916 ], [ 486703.05686132714618, 5009412.496598616242409 ], [ 486690.507374009001069, 5009408.779271117411554 ], [ 486677.780535437806975, 5009405.723827506415546 ], [ 486664.91122899344191, 5009403.338642540387809 ], [ 486651.934728550317232, 5009401.630253847688437 ], [ 486638.886601794103626, 5009400.60334400087595 ], [ 486625.802612733386923, 5009400.260727689601481 ], [ 486612.718623672670219, 5009400.60334400087595 ], [ 486599.670496916456614, 5009401.630253847688437 ], [ 486586.693996473331936, 5009403.338642540387809 ], [ 486573.82469002896687, 5009405.723827506415546 ], [ 486561.097851457772776, 5009408.779271117411554 ], [ 486548.548364139627665, 5009412.496598616242409 ], [ 486536.210625347041059, 5009416.865621065720916 ], [ 486524.118451964459382, 5009421.874363278970122 ], [ 486512.304987798503134, 5009427.509096642956138 ], [ 486500.802612733386923, 5009433.754376743920147 ], [ 486489.642853979603387, 5009440.593085703440011 ], [ 486478.856299660285003, 5009448.006479095667601 ], [ 486468.472514970926568, 5009455.97423732560128 ], [ 486458.519961143669207, 5009464.474521320313215 ], [ 486449.025917436752934, 5009473.484032392501831 ], [ 486440.016406364040449, 5009482.978076100349426 ], [ 486431.516122369153891, 5009492.930629926733673 ], [ 486423.548364139627665, 5009503.314414616674185 ], [ 486416.134970747050829, 5009514.100968935526907 ], [ 486409.296261787298135, 5009525.260727689601481 ], [ 486403.050981686275918, 5009536.763102754950523 ], [ 486397.416248322755564, 5009548.576566920615733 ], [ 486392.407506109098904, 5009560.668740303255618 ], [ 486388.038483659620397, 5009573.006479095667601 ], [ 486384.321156161138788, 5009585.555966413579881 ], [ 486381.265712549909949, 5009598.282804985530674 ], [ 486378.880527584580705, 5009611.152111429721117 ], [ 486377.172138891299255, 5009624.128611872904003 ], [ 486376.145229044719599, 5009637.176738629117608 ], [ 486375.802612733386923, 5009650.260727689601481 ], [ 486376.145229044719599, 5009663.344716750085354 ], [ 486377.172138891299255, 5009676.392843506298959 ], [ 486378.880527584580705, 5009689.369343949481845 ], [ 486381.265712549909949, 5009702.238650393672287 ], [ 486384.321156161138788, 5009714.965488965623081 ], [ 486388.038483659620397, 5009727.514976283535361 ], [ 486392.407506109098904, 5009739.852715075947344 ], [ 486397.416248322755564, 5009751.944888458587229 ], [ 486403.050981686275918, 5009763.758352624252439 ], [ 486409.296261787298135, 5009775.260727689601481 ], [ 486416.134970747050829, 5009786.420486443676054 ], [ 486423.548364139627665, 5009797.207040762528777 ], [ 486431.516122369153891, 5009807.590825452469289 ], [ 486440.016406364040449, 5009817.543379278853536 ], [ 486449.025917436752934, 5009827.037422986701131 ], [ 486458.519961143669207, 5009836.046934058889747 ], [ 486468.472514970926568, 5009844.547218053601682 ], [ 486478.856299660285003, 5009852.514976283535361 ], [ 486489.642853979603387, 5009859.928369675762951 ], [ 486500.802612733386923, 5009866.767078635282815 ], [ 486512.304987798503134, 5009873.012358736246824 ], [ 486524.118451964459382, 5009878.64709210023284 ], [ 486536.210625347041059, 5009883.655834313482046 ], [ 486548.548364139627665, 5009888.024856762960553 ], [ 486561.097851457772776, 5009891.742184261791408 ], [ 486573.82469002896687, 5009894.797627872787416 ], [ 486586.693996473331936, 5009897.182812838815153 ], [ 486599.670496916456614, 5009898.891201531514525 ], [ 486612.718623672670219, 5009899.918111378327012 ], [ 486625.802612733386923, 5009900.260727689601481 ], [ 486638.886601794103626, 5009899.918111378327012 ], [ 486651.934728550317232, 5009898.891201531514525 ], [ 486664.91122899344191, 5009897.182812838815153 ], [ 486677.780535437806975, 5009894.797627872787416 ], [ 486690.507374009001069, 5009891.742184261791408 ], [ 486703.05686132714618, 5009888.024856762960553 ], [ 486715.394600119732786, 5009883.655834313482046 ], [ 486727.486773502314463, 5009878.64709210023284 ], [ 486739.300237668270711, 5009873.012358736246824 ], [ 486750.802612733386923, 5009866.767078635282815 ], [ 486761.962371487170458, 5009859.928369675762951 ], [ 486772.748925806488842, 5009852.514976283535361 ], [ 486783.132710495847277, 5009844.547218053601682 ], [ 486793.085264323104639, 5009836.046934058889747 ], [ 486802.579308030020911, 5009827.037422986701131 ], [ 486811.588819102733396, 5009817.543379278853536 ], [ 486820.089103097619954, 5009807.590825452469289 ], [ 486828.05686132714618, 5009797.207040762528777 ], [ 486835.470254719723016, 5009786.420486443676054 ], [ 486842.30896367947571, 5009775.260727689601481 ], [ 486848.554243780497927, 5009763.758352624252439 ], [ 486854.188977144018281, 5009751.944888458587229 ], [ 486859.197719357674941, 5009739.852715075947344 ], [ 486863.566741807153448, 5009727.514976283535361 ], [ 486867.284069305635057, 5009714.965488965623081 ], [ 486870.339512916863896, 5009702.238650393672287 ], [ 486872.724697882193141, 5009689.369343949481845 ], [ 486874.43308657547459, 5009676.392843506298959 ], [ 486875.459996422054246, 5009663.344716750085354 ], [ 486875.802612733386923, 5009650.260727689601481 ] ] ] } },
{ "type": "Feature", "properties": { "site": 12, "transect": 12.3 }, "geometry": { "type": "Polygon", "coordinates": [ [ [ 487251.764302234048955, 5009644.886472422629595 ], [ 487251.421685922716279, 5009631.802483362145722 ], [ 487250.394776076136623, 5009618.754356605932117 ], [ 487248.686387382855173, 5009605.777856162749231 ], [ 487246.301202417525928, 5009592.908549718558788 ], [ 487243.24575880629709, 5009580.181711146607995 ], [ 487239.528431307815481, 5009567.632223828695714 ], [ 487235.159408858336974, 5009555.294485036283731 ], [ 487230.150666644680314, 5009543.202311653643847 ], [ 487224.51593328115996, 5009531.388847487978637 ], [ 487218.270653180137742, 5009519.886472422629595 ], [ 487211.431944220385049, 5009508.726713668555021 ], [ 487204.018550827808212, 5009497.940159349702299 ], [ 487196.050792598281987, 5009487.556374659761786 ], [ 487187.550508603395429, 5009477.60382083337754 ], [ 487178.540997530682944, 5009468.109777125529945 ], [ 487169.046953823766671, 5009459.100266053341329 ], [ 487159.09439999650931, 5009450.599982058629394 ], [ 487148.710615307150874, 5009442.632223828695714 ], [ 487137.92406098783249, 5009435.218830436468124 ], [ 487126.764302234048955, 5009428.380121476948261 ], [ 487115.261927168932743, 5009422.134841375984251 ], [ 487103.448463002976496, 5009416.500108011998236 ], [ 487091.356289620394818, 5009411.49136579874903 ], [ 487079.018550827808212, 5009407.122343349270523 ], [ 487066.469063509663101, 5009403.405015850439668 ], [ 487053.742224938469008, 5009400.34957223944366 ], [ 487040.872918494103942, 5009397.964387273415923 ], [ 487027.896418050979264, 5009396.25599858071655 ], [ 487014.848291294765659, 5009395.229088733904064 ], [ 487001.764302234048955, 5009394.886472422629595 ], [ 486988.680313173332252, 5009395.229088733904064 ], [ 486975.632186417118646, 5009396.25599858071655 ], [ 486962.655685973993968, 5009397.964387273415923 ], [ 486949.786379529628903, 5009400.34957223944366 ], [ 486937.059540958434809, 5009403.405015850439668 ], [ 486924.510053640289698, 5009407.122343349270523 ], [ 486912.172314847703092, 5009411.49136579874903 ], [ 486900.080141465121415, 5009416.500108011998236 ], [ 486888.266677299165167, 5009422.134841375984251 ], [ 486876.764302234048955, 5009428.380121476948261 ], [ 486865.60454348026542, 5009435.218830436468124 ], [ 486854.817989160947036, 5009442.632223828695714 ], [ 486844.4342044715886, 5009450.599982058629394 ], [ 486834.481650644331239, 5009459.100266053341329 ], [ 486824.987606937414967, 5009468.109777125529945 ], [ 486815.978095864702482, 5009477.60382083337754 ], [ 486807.477811869815923, 5009487.556374659761786 ], [ 486799.510053640289698, 5009497.940159349702299 ], [ 486792.096660247712862, 5009508.726713668555021 ], [ 486785.257951287960168, 5009519.886472422629595 ], [ 486779.012671186937951, 5009531.388847487978637 ], [ 486773.377937823417597, 5009543.202311653643847 ], [ 486768.369195609760936, 5009555.294485036283731 ], [ 486764.000173160282429, 5009567.632223828695714 ], [ 486760.28284566180082, 5009580.181711146607995 ], [ 486757.227402050571982, 5009592.908549718558788 ], [ 486754.842217085242737, 5009605.777856162749231 ], [ 486753.133828391961288, 5009618.754356605932117 ], [ 486752.106918545381632, 5009631.802483362145722 ], [ 486751.764302234048955, 5009644.886472422629595 ], [ 486752.106918545381632, 5009657.970461483113468 ], [ 486753.133828391961288, 5009671.018588239327073 ], [ 486754.842217085242737, 5009683.995088682509959 ], [ 486757.227402050571982, 5009696.864395126700401 ], [ 486760.28284566180082, 5009709.591233698651195 ], [ 486764.000173160282429, 5009722.140721016563475 ], [ 486768.369195609760936, 5009734.478459808975458 ], [ 486773.377937823417597, 5009746.570633191615343 ], [ 486779.012671186937951, 5009758.384097357280552 ], [ 486785.257951287960168, 5009769.886472422629595 ], [ 486792.096660247712862, 5009781.046231176704168 ], [ 486799.510053640289698, 5009791.832785495556891 ], [ 486807.477811869815923, 5009802.216570185497403 ], [ 486815.978095864702482, 5009812.169124011881649 ], [ 486824.987606937414967, 5009821.663167719729245 ], [ 486834.481650644331239, 5009830.672678791917861 ], [ 486844.4342044715886, 5009839.172962786629796 ], [ 486854.817989160947036, 5009847.140721016563475 ], [ 486865.60454348026542, 5009854.554114408791065 ], [ 486876.764302234048955, 5009861.392823368310928 ], [ 486888.266677299165167, 5009867.638103469274938 ], [ 486900.080141465121415, 5009873.272836833260953 ], [ 486912.172314847703092, 5009878.28157904651016 ], [ 486924.510053640289698, 5009882.650601495988667 ], [ 486937.059540958434809, 5009886.367928994819522 ], [ 486949.786379529628903, 5009889.42337260581553 ], [ 486962.655685973993968, 5009891.808557571843266 ], [ 486975.632186417118646, 5009893.516946264542639 ], [ 486988.680313173332252, 5009894.543856111355126 ], [ 487001.764302234048955, 5009894.886472422629595 ], [ 487014.848291294765659, 5009894.543856111355126 ], [ 487027.896418050979264, 5009893.516946264542639 ], [ 487040.872918494103942, 5009891.808557571843266 ], [ 487053.742224938469008, 5009889.42337260581553 ], [ 487066.469063509663101, 5009886.367928994819522 ], [ 487079.018550827808212, 5009882.650601495988667 ], [ 487091.356289620394818, 5009878.28157904651016 ], [ 487103.448463002976496, 5009873.272836833260953 ], [ 487115.261927168932743, 5009867.638103469274938 ], [ 487126.764302234048955, 5009861.392823368310928 ], [ 487137.92406098783249, 5009854.554114408791065 ], [ 487148.710615307150874, 5009847.140721016563475 ], [ 487159.09439999650931, 5009839.172962786629796 ], [ 487169.046953823766671, 5009830.672678791917861 ], [ 487178.540997530682944, 5009821.663167719729245 ], [ 487187.550508603395429, 5009812.169124011881649 ], [ 487196.050792598281987, 5009802.216570185497403 ], [ 487204.018550827808212, 5009791.832785495556891 ], [ 487211.431944220385049, 5009781.046231176704168 ], [ 487218.270653180137742, 5009769.886472422629595 ], [ 487224.51593328115996, 5009758.384097357280552 ], [ 487230.150666644680314, 5009746.570633191615343 ], [ 487235.159408858336974, 5009734.478459808975458 ], [ 487239.528431307815481, 5009722.140721016563475 ], [ 487243.24575880629709, 5009709.591233698651195 ], [ 487246.301202417525928, 5009696.864395126700401 ], [ 487248.686387382855173, 5009683.995088682509959 ], [ 487250.394776076136623, 5009671.018588239327073 ], [ 487251.421685922716279, 5009657.970461483113468 ], [ 487251.764302234048955, 5009644.886472422629595 ] ] ] } },
{ "type": "Feature", "properties": { "site": 13, "transect": 13.1 }, "geometry": { "type": "Polygon", "coordinates": [ [ [ 510436.100569806701969, 4998897.518118287436664 ], [ 510435.757953495369293, 4998884.434129226952791 ], [ 510434.731043648789637, 4998871.386002470739186 ], [ 510433.022654955508187, 4998858.4095020275563 ], [ 510430.637469990178943, 4998845.540195583365858 ], [ 510427.582026378950104, 4998832.813357011415064 ], [ 510423.864698880468495, 4998820.263869693502784 ], [ 510419.495676430989988, 4998807.926130901090801 ], [ 510414.486934217333328, 4998795.833957518450916 ], [ 510408.852200853812974, 4998784.020493352785707 ], [ 510402.606920752790757, 4998772.518118287436664 ], [ 510395.768211793038063, 4998761.358359533362091 ], [ 510388.354818400461227, 4998750.571805214509368 ], [ 510380.387060170935001, 4998740.188020524568856 ], [ 510371.886776176048443, 4998730.235466698184609 ], [ 510362.877265103335958, 4998720.741422990337014 ], [ 510353.383221396419685, 4998711.731911918148398 ], [ 510343.430667569162324, 4998703.231627923436463 ], [ 510333.046882879803888, 4998695.263869693502784 ], [ 510322.260328560485505, 4998687.850476301275194 ], [ 510311.100569806701969, 4998681.011767341755331 ], [ 510299.598194741585758, 4998674.766487240791321 ], [ 510287.78473057562951, 4998669.131753876805305 ], [ 510275.692557193047833, 4998664.123011663556099 ], [ 510263.354818400461227, 4998659.753989214077592 ], [ 510250.805331082316115, 4998656.036661715246737 ], [ 510238.078492511122022, 4998652.981218104250729 ], [ 510225.209186066756956, 4998650.596033138222992 ], [ 510212.232685623632278, 4998648.88764444552362 ], [ 510199.184558867418673, 4998647.860734598711133 ], [ 510186.100569806701969, 4998647.518118287436664 ], [ 510173.016580745985266, 4998647.860734598711133 ], [ 510159.96845398977166, 4998648.88764444552362 ], [ 510146.991953546646982, 4998650.596033138222992 ], [ 510134.122647102281917, 4998652.981218104250729 ], [ 510121.395808531087823, 4998656.036661715246737 ], [ 510108.846321212942712, 4998659.753989214077592 ], [ 510096.508582420356106, 4998664.123011663556099 ], [ 510084.416409037774429, 4998669.131753876805305 ], [ 510072.602944871818181, 4998674.766487240791321 ], [ 510061.100569806701969, 4998681.011767341755331 ], [ 510049.940811052918434, 4998687.850476301275194 ], [ 510039.15425673360005, 4998695.263869693502784 ], [ 510028.770472044241615, 4998703.231627923436463 ], [ 510018.817918216984253, 4998711.731911918148398 ], [ 510009.323874510067981, 4998720.741422990337014 ], [ 510000.314363437355496, 4998730.235466698184609 ], [ 509991.814079442468937, 4998740.188020524568856 ], [ 509983.846321212942712, 4998750.571805214509368 ], [ 509976.432927820365876, 4998761.358359533362091 ], [ 509969.594218860613182, 4998772.518118287436664 ], [ 509963.348938759590965, 4998784.020493352785707 ], [ 509957.714205396070611, 4998795.833957518450916 ], [ 509952.705463182413951, 4998807.926130901090801 ], [ 509948.336440732935444, 4998820.263869693502784 ], [ 509944.619113234453835, 4998832.813357011415064 ], [ 509941.563669623224996, 4998845.540195583365858 ], [ 509939.178484657895751, 4998858.4095020275563 ], [ 509937.470095964614302, 4998871.386002470739186 ], [ 509936.443186118034646, 4998884.434129226952791 ], [ 509936.100569806701969, 4998897.518118287436664 ], [ 509936.443186118034646, 4998910.602107347920537 ], [ 509937.470095964614302, 4998923.650234104134142 ], [ 509939.178484657895751, 4998936.626734547317028 ], [ 509941.563669623224996, 4998949.496040991507471 ], [ 509944.619113234453835, 4998962.222879563458264 ], [ 509948.336440732935444, 4998974.772366881370544 ], [ 509952.705463182413951, 4998987.110105673782527 ], [ 509957.714205396070611, 4998999.202279056422412 ], [ 509963.348938759590965, 4999011.015743222087622 ], [ 509969.594218860613182, 4999022.518118287436664 ], [ 509976.432927820365876, 4999033.677877041511238 ], [ 509983.846321212942712, 4999044.46443136036396 ], [ 509991.814079442468937, 4999054.848216050304472 ], [ 510000.314363437355496, 4999064.800769876688719 ], [ 510009.323874510067981, 4999074.294813584536314 ], [ 510018.817918216984253, 4999083.30432465672493 ], [ 510028.770472044241615, 4999091.804608651436865 ], [ 510039.15425673360005, 4999099.772366881370544 ], [ 510049.940811052918434, 4999107.185760273598135 ], [ 510061.100569806701969, 4999114.024469233117998 ], [ 510072.602944871818181, 4999120.269749334082007 ], [ 510084.416409037774429, 4999125.904482698068023 ], [ 510096.508582420356106, 4999130.913224911317229 ], [ 510108.846321212942712, 4999135.282247360795736 ], [ 510121.395808531087823, 4999138.999574859626591 ], [ 510134.122647102281917, 4999142.055018470622599 ], [ 510146.991953546646982, 4999144.440203436650336 ], [ 510159.96845398977166, 4999146.148592129349709 ], [ 510173.016580745985266, 4999147.175501976162195 ], [ 510186.100569806701969, 4999147.518118287436664 ], [ 510199.184558867418673, 4999147.175501976162195 ], [ 510212.232685623632278, 4999146.148592129349709 ], [ 510225.209186066756956, 4999144.440203436650336 ], [ 510238.078492511122022, 4999142.055018470622599 ], [ 510250.805331082316115, 4999138.999574859626591 ], [ 510263.354818400461227, 4999135.282247360795736 ], [ 510275.692557193047833, 4999130.913224911317229 ], [ 510287.78473057562951, 4999125.904482698068023 ], [ 510299.598194741585758, 4999120.269749334082007 ], [ 510311.100569806701969, 4999114.024469233117998 ], [ 510322.260328560485505, 4999107.185760273598135 ], [ 510333.046882879803888, 4999099.772366881370544 ], [ 510343.430667569162324, 4999091.804608651436865 ], [ 510353.383221396419685, 4999083.30432465672493 ], [ 510362.877265103335958, 4999074.294813584536314 ], [ 510371.886776176048443, 4999064.800769876688719 ], [ 510380.387060170935001, 4999054.848216050304472 ], [ 510388.354818400461227, 4999044.46443136036396 ], [ 510395.768211793038063, 4999033.677877041511238 ], [ 510402.606920752790757, 4999022.518118287436664 ], [ 510408.852200853812974, 4999011.015743222087622 ], [ 510414.486934217333328, 4998999.202279056422412 ], [ 510419.495676430989988, 4998987.110105673782527 ], [ 510423.864698880468495, 4998974.772366881370544 ], [ 510427.582026378950104, 4998962.222879563458264 ], [ 510430.637469990178943, 4998949.496040991507471 ], [ 510433.022654955508187, 4998936.626734547317028 ], [ 510434.731043648789637, 4998923.650234104134142 ], [ 510435.757953495369293, 4998910.602107347920537 ], [ 510436.100569806701969, 4998897.518118287436664 ] ] ] } },
{ "type": "Feature", "properties": { "site": 13, "transect": 13.2 }, "geometry": { "type": "Polygon", "coordinates": [ [ [ 510456.991546117526013, 4999065.595909362658858 ], [ 510456.648929806193337, 4999052.511920302174985 ], [ 510455.622019959613681, 4999039.46379354596138 ], [ 510453.913631266332231, 4999026.487293102778494 ], [ 510451.528446301002987, 4999013.617986658588052 ], [ 510448.473002689774148, 4999000.891148086637259 ], [ 510444.755675191292539, 4998988.341660768724978 ], [ 510440.386652741814032, 4998976.003921976312995 ], [ 510435.377910528157372, 4998963.91174859367311 ], [ 510429.743177164637018, 4998952.098284428007901 ], [ 510423.497897063614801, 4998940.595909362658858 ], [ 510416.659188103862107, 4998929.436150608584285 ], [ 510409.245794711285271, 4998918.649596289731562 ], [ 510401.278036481759045, 4998908.26581159979105 ], [ 510392.777752486872487, 4998898.313257773406804 ], [ 510383.768241414160002, 4998888.819214065559208 ], [ 510374.274197707243729, 4998879.809702993370593 ], [ 510364.321643879986368, 4998871.309418998658657 ], [ 510353.937859190627933, 4998863.341660768724978 ], [ 510343.151304871309549, 4998855.928267376497388 ], [ 510331.991546117526013, 4998849.089558416977525 ], [ 510320.489171052409802, 4998842.844278316013515 ], [ 510308.675706886453554, 4998837.2095449520275 ], [ 510296.583533503871877, 4998832.200802738778293 ], [ 510284.245794711285271, 4998827.831780289299786 ], [ 510271.69630739314016, 4998824.114452790468931 ], [ 510258.969468821946066, 4998821.059009179472923 ], [ 510246.100162377581, 4998818.673824213445187 ], [ 510233.123661934456322, 4998816.965435520745814 ], [ 510220.075535178242717, 4998815.938525673933327 ], [ 510206.991546117526013, 4998815.595909362658858 ], [ 510193.90755705680931, 4998815.938525673933327 ], [ 510180.859430300595704, 4998816.965435520745814 ], [ 510167.882929857471026, 4998818.673824213445187 ], [ 510155.013623413105961, 4998821.059009179472923 ], [ 510142.286784841911867, 4998824.114452790468931 ], [ 510129.737297523766756, 4998827.831780289299786 ], [ 510117.39955873118015, 4998832.200802738778293 ], [ 510105.307385348598473, 4998837.2095449520275 ], [ 510093.493921182642225, 4998842.844278316013515 ], [ 510081.991546117526013, 4998849.089558416977525 ], [ 510070.831787363742478, 4998855.928267376497388 ], [ 510060.045233044424094, 4998863.341660768724978 ], [ 510049.661448355065659, 4998871.309418998658657 ], [ 510039.708894527808297, 4998879.809702993370593 ], [ 510030.214850820892025, 4998888.819214065559208 ], [ 510021.20533974817954, 4998898.313257773406804 ], [ 510012.705055753292982, 4998908.26581159979105 ], [ 510004.737297523766756, 4998918.649596289731562 ], [ 509997.32390413118992, 4998929.436150608584285 ], [ 509990.485195171437226, 4998940.595909362658858 ], [ 509984.239915070415009, 4998952.098284428007901 ], [ 509978.605181706894655, 4998963.91174859367311 ], [ 509973.596439493237995, 4998976.003921976312995 ], [ 509969.227417043759488, 4998988.341660768724978 ], [ 509965.510089545277879, 4999000.891148086637259 ], [ 509962.45464593404904, 4999013.617986658588052 ], [ 509960.069460968719795, 4999026.487293102778494 ], [ 509958.361072275438346, 4999039.46379354596138 ], [ 509957.33416242885869, 4999052.511920302174985 ], [ 509956.991546117526013, 4999065.595909362658858 ], [ 509957.33416242885869, 4999078.679898423142731 ], [ 509958.361072275438346, 4999091.728025179356337 ], [ 509960.069460968719795, 4999104.704525622539222 ], [ 509962.45464593404904, 4999117.573832066729665 ], [ 509965.510089545277879, 4999130.300670638680458 ], [ 509969.227417043759488, 4999142.850157956592739 ], [ 509973.596439493237995, 4999155.187896749004722 ], [ 509978.605181706894655, 4999167.280070131644607 ], [ 509984.239915070415009, 4999179.093534297309816 ], [ 509990.485195171437226, 4999190.595909362658858 ], [ 509997.32390413118992, 4999201.755668116733432 ], [ 510004.737297523766756, 4999212.542222435586154 ], [ 510012.705055753292982, 4999222.926007125526667 ], [ 510021.20533974817954, 4999232.878560951910913 ], [ 510030.214850820892025, 4999242.372604659758508 ], [ 510039.708894527808297, 4999251.382115731947124 ], [ 510049.661448355065659, 4999259.88239972665906 ], [ 510060.045233044424094, 4999267.850157956592739 ], [ 510070.831787363742478, 4999275.263551348820329 ], [ 510081.991546117526013, 4999282.102260308340192 ], [ 510093.493921182642225, 4999288.347540409304202 ], [ 510105.307385348598473, 4999293.982273773290217 ], [ 510117.39955873118015, 4999298.991015986539423 ], [ 510129.737297523766756, 4999303.360038436017931 ], [ 510142.286784841911867, 4999307.077365934848785 ], [ 510155.013623413105961, 4999310.132809545844793 ], [ 510167.882929857471026, 4999312.51799451187253 ], [ 510180.859430300595704, 4999314.226383204571903 ], [ 510193.90755705680931, 4999315.253293051384389 ], [ 510206.991546117526013, 4999315.595909362658858 ], [ 510220.075535178242717, 4999315.253293051384389 ], [ 510233.123661934456322, 4999314.226383204571903 ], [ 510246.100162377581, 4999312.51799451187253 ], [ 510258.969468821946066, 4999310.132809545844793 ], [ 510271.69630739314016, 4999307.077365934848785 ], [ 510284.245794711285271, 4999303.360038436017931 ], [ 510296.583533503871877, 4999298.991015986539423 ], [ 510308.675706886453554, 4999293.982273773290217 ], [ 510320.489171052409802, 4999288.347540409304202 ], [ 510331.991546117526013, 4999282.102260308340192 ], [ 510343.151304871309549, 4999275.263551348820329 ], [ 510353.937859190627933, 4999267.850157956592739 ], [ 510364.321643879986368, 4999259.88239972665906 ], [ 510374.274197707243729, 4999251.382115731947124 ], [ 510383.768241414160002, 4999242.372604659758508 ], [ 510392.777752486872487, 4999232.878560951910913 ], [ 510401.278036481759045, 4999222.926007125526667 ], [ 510409.245794711285271, 4999212.542222435586154 ], [ 510416.659188103862107, 4999201.755668116733432 ], [ 510423.497897063614801, 4999190.595909362658858 ], [ 510429.743177164637018, 4999179.093534297309816 ], [ 510435.377910528157372, 4999167.280070131644607 ], [ 510440.386652741814032, 4999155.187896749004722 ], [ 510444.755675191292539, 4999142.850157956592739 ], [ 510448.473002689774148, 4999130.300670638680458 ], [ 510451.528446301002987, 4999117.573832066729665 ], [ 510453.913631266332231, 4999104.704525622539222 ], [ 510455.622019959613681, 4999091.728025179356337 ], [ 510456.648929806193337, 4999078.679898423142731 ], [ 510456.991546117526013, 4999065.595909362658858 ] ] ] } },
{ "type": "Feature", "properties": { "site": 13, "transect": 13.3 }, "geometry": { "type": "Polygon", "coordinates": [ [ [ 510341.019901424529962, 4998984.769021216779947 ], [ 510340.677285113197286, 4998971.685032156296074 ], [ 510339.65037526661763, 4998958.636905400082469 ], [ 510337.94198657333618, 4998945.660404956899583 ], [ 510335.556801608006936, 4998932.791098512709141 ], [ 510332.501357996778097, 4998920.064259940758348 ], [ 510328.784030498296488, 4998907.514772622846067 ], [ 510324.415008048817981, 4998895.177033830434084 ], [ 510319.406265835161321, 4998883.084860447794199 ], [ 510313.771532471640967, 4998871.27139628212899 ], [ 510307.526252370618749, 4998859.769021216779947 ], [ 510300.687543410866056, 4998848.609262462705374 ], [ 510293.27415001828922, 4998837.822708143852651 ], [ 510285.306391788762994, 4998827.438923453912139 ], [ 510276.806107793876436, 4998817.486369627527893 ], [ 510267.796596721163951, 4998807.992325919680297 ], [ 510258.302553014247678, 4998798.982814847491682 ], [ 510248.349999186990317, 4998790.482530852779746 ], [ 510237.966214497631881, 4998782.514772622846067 ], [ 510227.179660178313497, 4998775.101379230618477 ], [ 510216.019901424529962, 4998768.262670271098614 ], [ 510204.51752635941375, 4998762.017390170134604 ], [ 510192.704062193457503, 4998756.382656806148589 ], [ 510180.611888810875826, 4998751.373914592899382 ], [ 510168.27415001828922, 4998747.004892143420875 ], [ 510155.724662700144108, 4998743.28756464459002 ], [ 510142.997824128950015, 4998740.232121033594012 ], [ 510130.128517684584949, 4998737.846936067566276 ], [ 510117.152017241460271, 4998736.138547374866903 ], [ 510104.103890485246666, 4998735.111637528054416 ], [ 510091.019901424529962, 4998734.769021216779947 ], [ 510077.935912363813259, 4998735.111637528054416 ], [ 510064.887785607599653, 4998736.138547374866903 ], [ 510051.911285164474975, 4998737.846936067566276 ], [ 510039.04197872010991, 4998740.232121033594012 ], [ 510026.315140148915816, 4998743.28756464459002 ], [ 510013.765652830770705, 4998747.004892143420875 ], [ 510001.427914038184099, 4998751.373914592899382 ], [ 509989.335740655602422, 4998756.382656806148589 ], [ 509977.522276489646174, 4998762.017390170134604 ], [ 509966.019901424529962, 4998768.262670271098614 ], [ 509954.860142670746427, 4998775.101379230618477 ], [ 509944.073588351428043, 4998782.514772622846067 ], [ 509933.689803662069608, 4998790.482530852779746 ], [ 509923.737249834812246, 4998798.982814847491682 ], [ 509914.243206127895974, 4998807.992325919680297 ], [ 509905.233695055183489, 4998817.486369627527893 ], [ 509896.73341106029693, 4998827.438923453912139 ], [ 509888.765652830770705, 4998837.822708143852651 ], [ 509881.352259438193869, 4998848.609262462705374 ], [ 509874.513550478441175, 4998859.769021216779947 ], [ 509868.268270377418958, 4998871.27139628212899 ], [ 509862.633537013898604, 4998883.084860447794199 ], [ 509857.624794800241943, 4998895.177033830434084 ], [ 509853.255772350763436, 4998907.514772622846067 ], [ 509849.538444852281827, 4998920.064259940758348 ], [ 509846.483001241052989, 4998932.791098512709141 ], [ 509844.097816275723744, 4998945.660404956899583 ], [ 509842.389427582442295, 4998958.636905400082469 ], [ 509841.362517735862639, 4998971.685032156296074 ], [ 509841.019901424529962, 4998984.769021216779947 ], [ 509841.362517735862639, 4998997.85301027726382 ], [ 509842.389427582442295, 4999010.901137033477426 ], [ 509844.097816275723744, 4999023.877637476660311 ], [ 509846.483001241052989, 4999036.746943920850754 ], [ 509849.538444852281827, 4999049.473782492801547 ], [ 509853.255772350763436, 4999062.023269810713828 ], [ 509857.624794800241943, 4999074.361008603125811 ], [ 509862.633537013898604, 4999086.453181985765696 ], [ 509868.268270377418958, 4999098.266646151430905 ], [ 509874.513550478441175, 4999109.769021216779947 ], [ 509881.352259438193869, 4999120.928779970854521 ], [ 509888.765652830770705, 4999131.715334289707243 ], [ 509896.73341106029693, 4999142.099118979647756 ], [ 509905.233695055183489, 4999152.051672806032002 ], [ 509914.243206127895974, 4999161.545716513879597 ], [ 509923.737249834812246, 4999170.555227586068213 ], [ 509933.689803662069608, 4999179.055511580780149 ], [ 509944.073588351428043, 4999187.023269810713828 ], [ 509954.860142670746427, 4999194.436663202941418 ], [ 509966.019901424529962, 4999201.275372162461281 ], [ 509977.522276489646174, 4999207.520652263425291 ], [ 509989.335740655602422, 4999213.155385627411306 ], [ 510001.427914038184099, 4999218.164127840660512 ], [ 510013.765652830770705, 4999222.533150290139019 ], [ 510026.315140148915816, 4999226.250477788969874 ], [ 510039.04197872010991, 4999229.305921399965882 ], [ 510051.911285164474975, 4999231.691106365993619 ], [ 510064.887785607599653, 4999233.399495058692992 ], [ 510077.935912363813259, 4999234.426404905505478 ], [ 510091.019901424529962, 4999234.769021216779947 ], [ 510104.103890485246666, 4999234.426404905505478 ], [ 510117.152017241460271, 4999233.399495058692992 ], [ 510130.128517684584949, 4999231.691106365993619 ], [ 510142.997824128950015, 4999229.305921399965882 ], [ 510155.724662700144108, 4999226.250477788969874 ], [ 510168.27415001828922, 4999222.533150290139019 ], [ 510180.611888810875826, 4999218.164127840660512 ], [ 510192.704062193457503, 4999213.155385627411306 ], [ 510204.51752635941375, 4999207.520652263425291 ], [ 510216.019901424529962, 4999201.275372162461281 ], [ 510227.179660178313497, 4999194.436663202941418 ], [ 510237.966214497631881, 4999187.023269810713828 ], [ 510248.349999186990317, 4999179.055511580780149 ], [ 510258.302553014247678, 4999170.555227586068213 ], [ 510267.796596721163951, 4999161.545716513879597 ], [ 510276.806107793876436, 4999152.051672806032002 ], [ 510285.306391788762994, 4999142.099118979647756 ], [ 510293.27415001828922, 4999131.715334289707243 ], [ 510300.687543410866056, 4999120.928779970854521 ], [ 510307.526252370618749, 4999109.769021216779947 ], [ 510313.771532471640967, 4999098.266646151430905 ], [ 510319.406265835161321, 4999086.453181985765696 ], [ 510324.415008048817981, 4999074.361008603125811 ], [ 510328.784030498296488, 4999062.023269810713828 ], [ 510332.501357996778097, 4999049.473782492801547 ], [ 510335.556801608006936, 4999036.746943920850754 ], [ 510337.94198657333618, 4999023.877637476660311 ], [ 510339.65037526661763, 4999010.901137033477426 ], [ 510340.677285113197286, 4998997.85301027726382 ], [ 510341.019901424529962, 4998984.769021216779947 ] ] ] } },
{ "type": "Feature", "properties": { "site": 14, "transect": 14.1 }, "geometry": { "type": "Polygon", "coordinates": [ [ [ 449063.112835026287939, 5004211.500371019355953 ], [ 449062.770218714955263, 5004198.41638195887208 ], [ 449061.743308868375607, 5004185.368255202658474 ], [ 449060.034920175094157, 5004172.391754759475589 ], [ 449057.649735209764913, 5004159.522448315285146 ], [ 449054.594291598536074, 5004146.795609743334353 ], [ 449050.876964100054465, 5004134.246122425422072 ], [ 449046.507941650575958, 5004121.908383633010089 ], [ 449041.499199436919298, 5004109.816210250370204 ], [ 449035.864466073398944, 5004098.002746084704995 ], [ 449029.619185972376727, 5004086.500371019355953 ], [ 449022.780477012624033, 5004075.340612265281379 ], [ 449015.367083620047197, 5004064.554057946428657 ], [ 449007.399325390520971, 5004054.170273256488144 ], [ 448998.899041395634413, 5004044.217719430103898 ], [ 448989.889530322921928, 5004034.723675722256303 ], [ 448980.395486616005655, 5004025.714164650067687 ], [ 448970.442932788748294, 5004017.213880655355752 ], [ 448960.059148099389859, 5004009.246122425422072 ], [ 448949.272593780071475, 5004001.832729033194482 ], [ 448938.112835026287939, 5003994.994020073674619 ], [ 448926.610459961171728, 5003988.748739972710609 ], [ 448914.79699579521548, 5003983.114006608724594 ], [ 448902.704822412633803, 5003978.105264395475388 ], [ 448890.367083620047197, 5003973.736241945996881 ], [ 448877.817596301902086, 5003970.018914447166026 ], [ 448865.090757730707992, 5003966.963470836170018 ], [ 448852.221451286342926, 5003964.578285870142281 ], [ 448839.244950843218248, 5003962.869897177442908 ], [ 448826.196824087004643, 5003961.842987330630422 ], [ 448813.112835026287939, 5003961.500371019355953 ], [ 448800.028845965571236, 5003961.842987330630422 ], [ 448786.98071920935763, 5003962.869897177442908 ], [ 448774.004218766232952, 5003964.578285870142281 ], [ 448761.134912321867887, 5003966.963470836170018 ], [ 448748.408073750673793, 5003970.018914447166026 ], [ 448735.858586432528682, 5003973.736241945996881 ], [ 448723.520847639942076, 5003978.105264395475388 ], [ 448711.428674257360399, 5003983.114006608724594 ], [ 448699.615210091404151, 5003988.748739972710609 ], [ 448688.112835026287939, 5003994.994020073674619 ], [ 448676.953076272504404, 5004001.832729033194482 ], [ 448666.16652195318602, 5004009.246122425422072 ], [ 448655.782737263827585, 5004017.213880655355752 ], [ 448645.830183436570223, 5004025.714164650067687 ], [ 448636.336139729653951, 5004034.723675722256303 ], [ 448627.326628656941466, 5004044.217719430103898 ], [ 448618.826344662054908, 5004054.170273256488144 ], [ 448610.858586432528682, 5004064.554057946428657 ], [ 448603.445193039951846, 5004075.340612265281379 ], [ 448596.606484080199152, 5004086.500371019355953 ], [ 448590.361203979176935, 5004098.002746084704995 ], [ 448584.726470615656581, 5004109.816210250370204 ], [ 448579.717728401999921, 5004121.908383633010089 ], [ 448575.348705952521414, 5004134.246122425422072 ], [ 448571.631378454039805, 5004146.795609743334353 ], [ 448568.575934842810966, 5004159.522448315285146 ], [ 448566.190749877481721, 5004172.391754759475589 ], [ 448564.482361184200272, 5004185.368255202658474 ], [ 448563.455451337620616, 5004198.41638195887208 ], [ 448563.112835026287939, 5004211.500371019355953 ], [ 448563.455451337620616, 5004224.584360079839826 ], [ 448564.482361184200272, 5004237.632486836053431 ], [ 448566.190749877481721, 5004250.608987279236317 ], [ 448568.575934842810966, 5004263.478293723426759 ], [ 448571.631378454039805, 5004276.205132295377553 ], [ 448575.348705952521414, 5004288.754619613289833 ], [ 448579.717728401999921, 5004301.092358405701816 ], [ 448584.726470615656581, 5004313.184531788341701 ], [ 448590.361203979176935, 5004324.99799595400691 ], [ 448596.606484080199152, 5004336.500371019355953 ], [ 448603.445193039951846, 5004347.660129773430526 ], [ 448610.858586432528682, 5004358.446684092283249 ], [ 448618.826344662054908, 5004368.830468782223761 ], [ 448627.326628656941466, 5004378.783022608608007 ], [ 448636.336139729653951, 5004388.277066316455603 ], [ 448645.830183436570223, 5004397.286577388644218 ], [ 448655.782737263827585, 5004405.786861383356154 ], [ 448666.16652195318602, 5004413.754619613289833 ], [ 448676.953076272504404, 5004421.168013005517423 ], [ 448688.112835026287939, 5004428.006721965037286 ], [ 448699.615210091404151, 5004434.252002066001296 ], [ 448711.428674257360399, 5004439.886735429987311 ], [ 448723.520847639942076, 5004444.895477643236518 ], [ 448735.858586432528682, 5004449.264500092715025 ], [ 448748.408073750673793, 5004452.98182759154588 ], [ 448761.134912321867887, 5004456.037271202541888 ], [ 448774.004218766232952, 5004458.422456168569624 ], [ 448786.98071920935763, 5004460.130844861268997 ], [ 448800.028845965571236, 5004461.157754708081484 ], [ 448813.112835026287939, 5004461.500371019355953 ], [ 448826.196824087004643, 5004461.157754708081484 ], [ 448839.244950843218248, 5004460.130844861268997 ], [ 448852.221451286342926, 5004458.422456168569624 ], [ 448865.090757730707992, 5004456.037271202541888 ], [ 448877.817596301902086, 5004452.98182759154588 ], [ 448890.367083620047197, 5004449.264500092715025 ], [ 448902.704822412633803, 5004444.895477643236518 ], [ 448914.79699579521548, 5004439.886735429987311 ], [ 448926.610459961171728, 5004434.252002066001296 ], [ 448938.112835026287939, 5004428.006721965037286 ], [ 448949.272593780071475, 5004421.168013005517423 ], [ 448960.059148099389859, 5004413.754619613289833 ], [ 448970.442932788748294, 5004405.786861383356154 ], [ 448980.395486616005655, 5004397.286577388644218 ], [ 448989.889530322921928, 5004388.277066316455603 ], [ 448998.899041395634413, 5004378.783022608608007 ], [ 449007.399325390520971, 5004368.830468782223761 ], [ 449015.367083620047197, 5004358.446684092283249 ], [ 449022.780477012624033, 5004347.660129773430526 ], [ 449029.619185972376727, 5004336.500371019355953 ], [ 449035.864466073398944, 5004324.99799595400691 ], [ 449041.499199436919298, 5004313.184531788341701 ], [ 449046.507941650575958, 5004301.092358405701816 ], [ 449050.876964100054465, 5004288.754619613289833 ], [ 449054.594291598536074, 5004276.205132295377553 ], [ 449057.649735209764913, 5004263.478293723426759 ], [ 449060.034920175094157, 5004250.608987279236317 ], [ 449061.743308868375607, 5004237.632486836053431 ], [ 449062.770218714955263, 5004224.584360079839826 ], [ 449063.112835026287939, 5004211.500371019355953 ] ] ] } },
{ "type": "Feature", "properties": { "site": 14, "transect": 14.2 }, "geometry": { "type": "Polygon", "coordinates": [ [ [ 448512.055950493144337, 5004155.494160602800548 ], [ 448511.713334181811661, 5004142.410171542316675 ], [ 448510.686424335232005, 5004129.36204478610307 ], [ 448508.978035641950555, 5004116.385544342920184 ], [ 448506.59285067662131, 5004103.516237898729742 ], [ 448503.537407065392472, 5004090.789399326778948 ], [ 448499.820079566910863, 5004078.239912008866668 ], [ 448495.451057117432356, 5004065.902173216454685 ], [ 448490.442314903775696, 5004053.8099998338148 ], [ 448484.807581540255342, 5004041.99653566814959 ], [ 448478.562301439233124, 5004030.494160602800548 ], [ 448471.72359247948043, 5004019.334401848725975 ], [ 448464.310199086903594, 5004008.547847529873252 ], [ 448456.342440857377369, 5003998.16406283993274 ], [ 448447.84215686249081, 5003988.211509013548493 ], [ 448438.832645789778326, 5003978.717465305700898 ], [ 448429.338602082862053, 5003969.707954233512282 ], [ 448419.386048255604692, 5003961.207670238800347 ], [ 448409.002263566246256, 5003953.239912008866668 ], [ 448398.215709246927872, 5003945.826518616639078 ], [ 448387.055950493144337, 5003938.987809657119215 ], [ 448375.553575428028125, 5003932.742529556155205 ], [ 448363.740111262071878, 5003927.107796192169189 ], [ 448351.6479378794902, 5003922.099053978919983 ], [ 448339.310199086903594, 5003917.730031529441476 ], [ 448326.760711768758483, 5003914.012704030610621 ], [ 448314.03387319756439, 5003910.957260419614613 ], [ 448301.164566753199324, 5003908.572075453586876 ], [ 448288.188066310074646, 5003906.863686760887504 ], [ 448275.139939553861041, 5003905.836776914075017 ], [ 448262.055950493144337, 5003905.494160602800548 ], [ 448248.971961432427634, 5003905.836776914075017 ], [ 448235.923834676214028, 5003906.863686760887504 ], [ 448222.94733423308935, 5003908.572075453586876 ], [ 448210.078027788724285, 5003910.957260419614613 ], [ 448197.351189217530191, 5003914.012704030610621 ], [ 448184.80170189938508, 5003917.730031529441476 ], [ 448172.463963106798474, 5003922.099053978919983 ], [ 448160.371789724216796, 5003927.107796192169189 ], [ 448148.558325558260549, 5003932.742529556155205 ], [ 448137.055950493144337, 5003938.987809657119215 ], [ 448125.896191739360802, 5003945.826518616639078 ], [ 448115.109637420042418, 5003953.239912008866668 ], [ 448104.725852730683982, 5003961.207670238800347 ], [ 448094.773298903426621, 5003969.707954233512282 ], [ 448085.279255196510348, 5003978.717465305700898 ], [ 448076.269744123797864, 5003988.211509013548493 ], [ 448067.769460128911305, 5003998.16406283993274 ], [ 448059.80170189938508, 5004008.547847529873252 ], [ 448052.388308506808244, 5004019.334401848725975 ], [ 448045.54959954705555, 5004030.494160602800548 ], [ 448039.304319446033332, 5004041.99653566814959 ], [ 448033.669586082512978, 5004053.8099998338148 ], [ 448028.660843868856318, 5004065.902173216454685 ], [ 448024.291821419377811, 5004078.239912008866668 ], [ 448020.574493920896202, 5004090.789399326778948 ], [ 448017.519050309667364, 5004103.516237898729742 ], [ 448015.133865344338119, 5004116.385544342920184 ], [ 448013.42547665105667, 5004129.36204478610307 ], [ 448012.398566804477014, 5004142.410171542316675 ], [ 448012.055950493144337, 5004155.494160602800548 ], [ 448012.398566804477014, 5004168.578149663284421 ], [ 448013.42547665105667, 5004181.626276419498026 ], [ 448015.133865344338119, 5004194.602776862680912 ], [ 448017.519050309667364, 5004207.472083306871355 ], [ 448020.574493920896202, 5004220.198921878822148 ], [ 448024.291821419377811, 5004232.748409196734428 ], [ 448028.660843868856318, 5004245.086147989146411 ], [ 448033.669586082512978, 5004257.178321371786296 ], [ 448039.304319446033332, 5004268.991785537451506 ], [ 448045.54959954705555, 5004280.494160602800548 ], [ 448052.388308506808244, 5004291.653919356875122 ], [ 448059.80170189938508, 5004302.440473675727844 ], [ 448067.769460128911305, 5004312.824258365668356 ], [ 448076.269744123797864, 5004322.776812192052603 ], [ 448085.279255196510348, 5004332.270855899900198 ], [ 448094.773298903426621, 5004341.280366972088814 ], [ 448104.725852730683982, 5004349.780650966800749 ], [ 448115.109637420042418, 5004357.748409196734428 ], [ 448125.896191739360802, 5004365.161802588962018 ], [ 448137.055950493144337, 5004372.000511548481882 ], [ 448148.558325558260549, 5004378.245791649445891 ], [ 448160.371789724216796, 5004383.880525013431907 ], [ 448172.463963106798474, 5004388.889267226681113 ], [ 448184.80170189938508, 5004393.25828967615962 ], [ 448197.351189217530191, 5004396.975617174990475 ], [ 448210.078027788724285, 5004400.031060785986483 ], [ 448222.94733423308935, 5004402.41624575201422 ], [ 448235.923834676214028, 5004404.124634444713593 ], [ 448248.971961432427634, 5004405.151544291526079 ], [ 448262.055950493144337, 5004405.494160602800548 ], [ 448275.139939553861041, 5004405.151544291526079 ], [ 448288.188066310074646, 5004404.124634444713593 ], [ 448301.164566753199324, 5004402.41624575201422 ], [ 448314.03387319756439, 5004400.031060785986483 ], [ 448326.760711768758483, 5004396.975617174990475 ], [ 448339.310199086903594, 5004393.25828967615962 ], [ 448351.6479378794902, 5004388.889267226681113 ], [ 448363.740111262071878, 5004383.880525013431907 ], [ 448375.553575428028125, 5004378.245791649445891 ], [ 448387.055950493144337, 5004372.000511548481882 ], [ 448398.215709246927872, 5004365.161802588962018 ], [ 448409.002263566246256, 5004357.748409196734428 ], [ 448419.386048255604692, 5004349.780650966800749 ], [ 448429.338602082862053, 5004341.280366972088814 ], [ 448438.832645789778326, 5004332.270855899900198 ], [ 448447.84215686249081, 5004322.776812192052603 ], [ 448456.342440857377369, 5004312.824258365668356 ], [ 448464.310199086903594, 5004302.440473675727844 ], [ 448471.72359247948043, 5004291.653919356875122 ], [ 448478.562301439233124, 5004280.494160602800548 ], [ 448484.807581540255342, 5004268.991785537451506 ], [ 448490.442314903775696, 5004257.178321371786296 ], [ 448495.451057117432356, 5004245.086147989146411 ], [ 448499.820079566910863, 5004232.748409196734428 ], [ 448503.537407065392472, 5004220.198921878822148 ], [ 448506.59285067662131, 5004207.472083306871355 ], [ 448508.978035641950555, 5004194.602776862680912 ], [ 448510.686424335232005, 5004181.626276419498026 ], [ 448511.713334181811661, 5004168.578149663284421 ], [ 448512.055950493144337, 5004155.494160602800548 ] ] ] } },
{ "type": "Feature", "properties": { "site": 14, "transect": 14.3 }, "geometry": { "type": "Polygon", "coordinates": [ [ [ 449503.886148936289828, 5004470.808536314405501 ], [ 449503.543532624957152, 5004457.724547253921628 ], [ 449502.516622778377496, 5004444.676420497708023 ], [ 449500.808234085096046, 5004431.699920054525137 ], [ 449498.423049119766802, 5004418.830613610334694 ], [ 449495.367605508537963, 5004406.103775038383901 ], [ 449491.650278010056354, 5004393.554287720471621 ], [ 449487.281255560577847, 5004381.216548928059638 ], [ 449482.272513346921187, 5004369.124375545419753 ], [ 449476.637779983400833, 5004357.310911379754543 ], [ 449470.392499882378615, 5004345.808536314405501 ], [ 449463.553790922625922, 5004334.648777560330927 ], [ 449456.140397530049086, 5004323.862223241478205 ], [ 449448.17263930052286, 5004313.478438551537693 ], [ 449439.672355305636302, 5004303.525884725153446 ], [ 449430.662844232923817, 5004294.031841017305851 ], [ 449421.168800526007544, 5004285.022329945117235 ], [ 449411.216246698750183, 5004276.5220459504053 ], [ 449400.832462009391747, 5004268.554287720471621 ], [ 449390.045907690073363, 5004261.14089432824403 ], [ 449378.886148936289828, 5004254.302185368724167 ], [ 449367.383773871173616, 5004248.056905267760158 ], [ 449355.570309705217369, 5004242.422171903774142 ], [ 449343.478136322635692, 5004237.413429690524936 ], [ 449331.140397530049086, 5004233.044407241046429 ], [ 449318.590910211903974, 5004229.327079742215574 ], [ 449305.864071640709881, 5004226.271636131219566 ], [ 449292.994765196344815, 5004223.886451165191829 ], [ 449280.018264753220137, 5004222.178062472492456 ], [ 449266.970137997006532, 5004221.15115262567997 ], [ 449253.886148936289828, 5004220.808536314405501 ], [ 449240.802159875573125, 5004221.15115262567997 ], [ 449227.754033119359519, 5004222.178062472492456 ], [ 449214.777532676234841, 5004223.886451165191829 ], [ 449201.908226231869776, 5004226.271636131219566 ], [ 449189.181387660675682, 5004229.327079742215574 ], [ 449176.631900342530571, 5004233.044407241046429 ], [ 449164.294161549943965, 5004237.413429690524936 ], [ 449152.201988167362288, 5004242.422171903774142 ], [ 449140.38852400140604, 5004248.056905267760158 ], [ 449128.886148936289828, 5004254.302185368724167 ], [ 449117.726390182506293, 5004261.14089432824403 ], [ 449106.939835863187909, 5004268.554287720471621 ], [ 449096.556051173829474, 5004276.5220459504053 ], [ 449086.603497346572112, 5004285.022329945117235 ], [ 449077.10945363965584, 5004294.031841017305851 ], [ 449068.099942566943355, 5004303.525884725153446 ], [ 449059.599658572056796, 5004313.478438551537693 ], [ 449051.631900342530571, 5004323.862223241478205 ], [ 449044.218506949953735, 5004334.648777560330927 ], [ 449037.379797990201041, 5004345.808536314405501 ], [ 449031.134517889178824, 5004357.310911379754543 ], [ 449025.49978452565847, 5004369.124375545419753 ], [ 449020.491042312001809, 5004381.216548928059638 ], [ 449016.122019862523302, 5004393.554287720471621 ], [ 449012.404692364041694, 5004406.103775038383901 ], [ 449009.349248752812855, 5004418.830613610334694 ], [ 449006.96406378748361, 5004431.699920054525137 ], [ 449005.255675094202161, 5004444.676420497708023 ], [ 449004.228765247622505, 5004457.724547253921628 ], [ 449003.886148936289828, 5004470.808536314405501 ], [ 449004.228765247622505, 5004483.892525374889374 ], [ 449005.255675094202161, 5004496.940652131102979 ], [ 449006.96406378748361, 5004509.917152574285865 ], [ 449009.349248752812855, 5004522.786459018476307 ], [ 449012.404692364041694, 5004535.513297590427101 ], [ 449016.122019862523302, 5004548.062784908339381 ], [ 449020.491042312001809, 5004560.400523700751364 ], [ 449025.49978452565847, 5004572.492697083391249 ], [ 449031.134517889178824, 5004584.306161249056458 ], [ 449037.379797990201041, 5004595.808536314405501 ], [ 449044.218506949953735, 5004606.968295068480074 ], [ 449051.631900342530571, 5004617.754849387332797 ], [ 449059.599658572056796, 5004628.138634077273309 ], [ 449068.099942566943355, 5004638.091187903657556 ], [ 449077.10945363965584, 5004647.585231611505151 ], [ 449086.603497346572112, 5004656.594742683693767 ], [ 449096.556051173829474, 5004665.095026678405702 ], [ 449106.939835863187909, 5004673.062784908339381 ], [ 449117.726390182506293, 5004680.476178300566971 ], [ 449128.886148936289828, 5004687.314887260086834 ], [ 449140.38852400140604, 5004693.560167361050844 ], [ 449152.201988167362288, 5004699.19490072503686 ], [ 449164.294161549943965, 5004704.203642938286066 ], [ 449176.631900342530571, 5004708.572665387764573 ], [ 449189.181387660675682, 5004712.289992886595428 ], [ 449201.908226231869776, 5004715.345436497591436 ], [ 449214.777532676234841, 5004717.730621463619173 ], [ 449227.754033119359519, 5004719.439010156318545 ], [ 449240.802159875573125, 5004720.465920003131032 ], [ 449253.886148936289828, 5004720.808536314405501 ], [ 449266.970137997006532, 5004720.465920003131032 ], [ 449280.018264753220137, 5004719.439010156318545 ], [ 449292.994765196344815, 5004717.730621463619173 ], [ 449305.864071640709881, 5004715.345436497591436 ], [ 449318.590910211903974, 5004712.289992886595428 ], [ 449331.140397530049086, 5004708.572665387764573 ], [ 449343.478136322635692, 5004704.203642938286066 ], [ 449355.570309705217369, 5004699.19490072503686 ], [ 449367.383773871173616, 5004693.560167361050844 ], [ 449378.886148936289828, 5004687.314887260086834 ], [ 449390.045907690073363, 5004680.476178300566971 ], [ 449400.832462009391747, 5004673.062784908339381 ], [ 449411.216246698750183, 5004665.095026678405702 ], [ 449421.168800526007544, 5004656.594742683693767 ], [ 449430.662844232923817, 5004647.585231611505151 ], [ 449439.672355305636302, 5004638.091187903657556 ], [ 449448.17263930052286, 5004628.138634077273309 ], [ 449456.140397530049086, 5004617.754849387332797 ], [ 449463.553790922625922, 5004606.968295068480074 ], [ 449470.392499882378615, 5004595.808536314405501 ], [ 449476.637779983400833, 5004584.306161249056458 ], [ 449482.272513346921187, 5004572.492697083391249 ], [ 449487.281255560577847, 5004560.400523700751364 ], [ 449491.650278010056354, 5004548.062784908339381 ], [ 449495.367605508537963, 5004535.513297590427101 ], [ 449498.423049119766802, 5004522.786459018476307 ], [ 449500.808234085096046, 5004509.917152574285865 ], [ 449502.516622778377496, 5004496.940652131102979 ], [ 449503.543532624957152, 5004483.892525374889374 ], [ 449503.886148936289828, 5004470.808536314405501 ] ] ] } },
{ "type": "Feature", "properties": { "site": 14, "transect": 14.4 }, "geometry": { "type": "Polygon", "coordinates": [ [ [ 448782.502366331522353, 5004237.370211380533874 ], [ 448782.159750020189676, 5004224.286222320050001 ], [ 448781.13284017361002, 5004211.238095563836396 ], [ 448779.424451480328571, 5004198.26159512065351 ], [ 448777.039266514999326, 5004185.392288676463068 ], [ 448773.983822903770488, 5004172.665450104512274 ], [ 448770.266495405288879, 5004160.115962786599994 ], [ 448765.897472955810372, 5004147.778223994188011 ], [ 448760.888730742153712, 5004135.686050611548126 ], [ 448755.253997378633358, 5004123.872586445882916 ], [ 448749.00871727761114, 5004112.370211380533874 ], [ 448742.170008317858446, 5004101.210452626459301 ], [ 448734.75661492528161, 5004090.423898307606578 ], [ 448726.788856695755385, 5004080.040113617666066 ], [ 448718.288572700868826, 5004070.087559791281819 ], [ 448709.279061628156342, 5004060.593516083434224 ], [ 448699.785017921240069, 5004051.584005011245608 ], [ 448689.832464093982708, 5004043.083721016533673 ], [ 448679.448679404624272, 5004035.115962786599994 ], [ 448668.662125085305888, 5004027.702569394372404 ], [ 448657.502366331522353, 5004020.86386043485254 ], [ 448645.999991266406141, 5004014.618580333888531 ], [ 448634.186527100449894, 5004008.983846969902515 ], [ 448622.094353717868216, 5004003.975104756653309 ], [ 448609.75661492528161, 5003999.606082307174802 ], [ 448597.207127607136499, 5003995.888754808343947 ], [ 448584.480289035942405, 5003992.833311197347939 ], [ 448571.61098259157734, 5003990.448126231320202 ], [ 448558.634482148452662, 5003988.73973753862083 ], [ 448545.586355392239057, 5003987.712827691808343 ], [ 448532.502366331522353, 5003987.370211380533874 ], [ 448519.418377270805649, 5003987.712827691808343 ], [ 448506.370250514592044, 5003988.73973753862083 ], [ 448493.393750071467366, 5003990.448126231320202 ], [ 448480.524443627102301, 5003992.833311197347939 ], [ 448467.797605055908207, 5003995.888754808343947 ], [ 448455.248117737763096, 5003999.606082307174802 ], [ 448442.91037894517649, 5004003.975104756653309 ], [ 448430.818205562594812, 5004008.983846969902515 ], [ 448419.004741396638565, 5004014.618580333888531 ], [ 448407.502366331522353, 5004020.86386043485254 ], [ 448396.342607577738818, 5004027.702569394372404 ], [ 448385.556053258420434, 5004035.115962786599994 ], [ 448375.172268569061998, 5004043.083721016533673 ], [ 448365.219714741804637, 5004051.584005011245608 ], [ 448355.725671034888364, 5004060.593516083434224 ], [ 448346.71615996217588, 5004070.087559791281819 ], [ 448338.215875967289321, 5004080.040113617666066 ], [ 448330.248117737763096, 5004090.423898307606578 ], [ 448322.83472434518626, 5004101.210452626459301 ], [ 448315.996015385433566, 5004112.370211380533874 ], [ 448309.750735284411348, 5004123.872586445882916 ], [ 448304.116001920890994, 5004135.686050611548126 ], [ 448299.107259707234334, 5004147.778223994188011 ], [ 448294.738237257755827, 5004160.115962786599994 ], [ 448291.020909759274218, 5004172.665450104512274 ], [ 448287.96546614804538, 5004185.392288676463068 ], [ 448285.580281182716135, 5004198.26159512065351 ], [ 448283.871892489434686, 5004211.238095563836396 ], [ 448282.84498264285503, 5004224.286222320050001 ], [ 448282.502366331522353, 5004237.370211380533874 ], [ 448282.84498264285503, 5004250.454200441017747 ], [ 448283.871892489434686, 5004263.502327197231352 ], [ 448285.580281182716135, 5004276.478827640414238 ], [ 448287.96546614804538, 5004289.348134084604681 ], [ 448291.020909759274218, 5004302.074972656555474 ], [ 448294.738237257755827, 5004314.624459974467754 ], [ 448299.107259707234334, 5004326.962198766879737 ], [ 448304.116001920890994, 5004339.054372149519622 ], [ 448309.750735284411348, 5004350.867836315184832 ], [ 448315.996015385433566, 5004362.370211380533874 ], [ 448322.83472434518626, 5004373.529970134608448 ], [ 448330.248117737763096, 5004384.31652445346117 ], [ 448338.215875967289321, 5004394.700309143401682 ], [ 448346.71615996217588, 5004404.652862969785929 ], [ 448355.725671034888364, 5004414.146906677633524 ], [ 448365.219714741804637, 5004423.15641774982214 ], [ 448375.172268569061998, 5004431.656701744534075 ], [ 448385.556053258420434, 5004439.624459974467754 ], [ 448396.342607577738818, 5004447.037853366695344 ], [ 448407.502366331522353, 5004453.876562326215208 ], [ 448419.004741396638565, 5004460.121842427179217 ], [ 448430.818205562594812, 5004465.756575791165233 ], [ 448442.91037894517649, 5004470.765318004414439 ], [ 448455.248117737763096, 5004475.134340453892946 ], [ 448467.797605055908207, 5004478.851667952723801 ], [ 448480.524443627102301, 5004481.907111563719809 ], [ 448493.393750071467366, 5004484.292296529747546 ], [ 448506.370250514592044, 5004486.000685222446918 ], [ 448519.418377270805649, 5004487.027595069259405 ], [ 448532.502366331522353, 5004487.370211380533874 ], [ 448545.586355392239057, 5004487.027595069259405 ], [ 448558.634482148452662, 5004486.000685222446918 ], [ 448571.61098259157734, 5004484.292296529747546 ], [ 448584.480289035942405, 5004481.907111563719809 ], [ 448597.207127607136499, 5004478.851667952723801 ], [ 448609.75661492528161, 5004475.134340453892946 ], [ 448622.094353717868216, 5004470.765318004414439 ], [ 448634.186527100449894, 5004465.756575791165233 ], [ 448645.999991266406141, 5004460.121842427179217 ], [ 448657.502366331522353, 5004453.876562326215208 ], [ 448668.662125085305888, 5004447.037853366695344 ], [ 448679.448679404624272, 5004439.624459974467754 ], [ 448689.832464093982708, 5004431.656701744534075 ], [ 448699.785017921240069, 5004423.15641774982214 ], [ 448709.279061628156342, 5004414.146906677633524 ], [ 448718.288572700868826, 5004404.652862969785929 ], [ 448726.788856695755385, 5004394.700309143401682 ], [ 448734.75661492528161, 5004384.31652445346117 ], [ 448742.170008317858446, 5004373.529970134608448 ], [ 448749.00871727761114, 5004362.370211380533874 ], [ 448755.253997378633358, 5004350.867836315184832 ], [ 448760.888730742153712, 5004339.054372149519622 ], [ 448765.897472955810372, 5004326.962198766879737 ], [ 448770.266495405288879, 5004314.624459974467754 ], [ 448773.983822903770488, 5004302.074972656555474 ], [ 448777.039266514999326, 5004289.348134084604681 ], [ 448779.424451480328571, 5004276.478827640414238 ], [ 448781.13284017361002, 5004263.502327197231352 ], [ 448782.159750020189676, 5004250.454200441017747 ], [ 448782.502366331522353, 5004237.370211380533874 ] ] ] } },
{ "type": "Feature", "properties": { "site": 15, "transect": 15.1 }, "geometry": { "type": "Polygon", "coordinates": [ [ [ 347322.82781097793486, 5031923.533160698600113 ], [ 347322.485194666602183, 5031910.449171638116241 ], [ 347321.458284820022527, 5031897.401044881902635 ], [ 347319.749896126741078, 5031884.424544438719749 ], [ 347317.364711161411833, 5031871.555237994529307 ], [ 347314.309267550182994, 5031858.828399422578514 ], [ 347310.591940051701386, 5031846.278912104666233 ], [ 347306.222917602222878, 5031833.94117331225425 ], [ 347301.214175388566218, 5031821.848999929614365 ], [ 347295.579442025045864, 5031810.035535763949156 ], [ 347289.334161924023647, 5031798.533160698600113 ], [ 347282.495452964270953, 5031787.37340194452554 ], [ 347275.082059571694117, 5031776.586847625672817 ], [ 347267.114301342167892, 5031766.203062935732305 ], [ 347258.614017347281333, 5031756.250509109348059 ], [ 347249.604506274568848, 5031746.756465401500463 ], [ 347240.110462567652576, 5031737.746954329311848 ], [ 347230.157908740395214, 5031729.246670334599912 ], [ 347219.774124051036779, 5031721.278912104666233 ], [ 347208.987569731718395, 5031713.865518712438643 ], [ 347197.82781097793486, 5031707.02680975291878 ], [ 347186.325435912818648, 5031700.78152965195477 ], [ 347174.5119717468624, 5031695.146796287968755 ], [ 347162.419798364280723, 5031690.138054074719548 ], [ 347150.082059571694117, 5031685.769031625241041 ], [ 347137.532572253549006, 5031682.051704126410186 ], [ 347124.805733682354912, 5031678.996260515414178 ], [ 347111.936427237989847, 5031676.611075549386442 ], [ 347098.959926794865169, 5031674.902686856687069 ], [ 347085.911800038651563, 5031673.875777009874582 ], [ 347072.82781097793486, 5031673.533160698600113 ], [ 347059.743821917218156, 5031673.875777009874582 ], [ 347046.695695161004551, 5031674.902686856687069 ], [ 347033.719194717879873, 5031676.611075549386442 ], [ 347020.849888273514807, 5031678.996260515414178 ], [ 347008.123049702320714, 5031682.051704126410186 ], [ 346995.573562384175602, 5031685.769031625241041 ], [ 346983.235823591588996, 5031690.138054074719548 ], [ 346971.143650209007319, 5031695.146796287968755 ], [ 346959.330186043051071, 5031700.78152965195477 ], [ 346947.82781097793486, 5031707.02680975291878 ], [ 346936.668052224151324, 5031713.865518712438643 ], [ 346925.881497904832941, 5031721.278912104666233 ], [ 346915.497713215474505, 5031729.246670334599912 ], [ 346905.545159388217144, 5031737.746954329311848 ], [ 346896.051115681300871, 5031746.756465401500463 ], [ 346887.041604608588386, 5031756.250509109348059 ], [ 346878.541320613701828, 5031766.203062935732305 ], [ 346870.573562384175602, 5031776.586847625672817 ], [ 346863.160168991598766, 5031787.37340194452554 ], [ 346856.321460031846073, 5031798.533160698600113 ], [ 346850.076179930823855, 5031810.035535763949156 ], [ 346844.441446567303501, 5031821.848999929614365 ], [ 346839.432704353646841, 5031833.94117331225425 ], [ 346835.063681904168334, 5031846.278912104666233 ], [ 346831.346354405686725, 5031858.828399422578514 ], [ 346828.290910794457886, 5031871.555237994529307 ], [ 346825.905725829128642, 5031884.424544438719749 ], [ 346824.197337135847192, 5031897.401044881902635 ], [ 346823.170427289267536, 5031910.449171638116241 ], [ 346822.82781097793486, 5031923.533160698600113 ], [ 346823.170427289267536, 5031936.617149759083986 ], [ 346824.197337135847192, 5031949.665276515297592 ], [ 346825.905725829128642, 5031962.641776958480477 ], [ 346828.290910794457886, 5031975.51108340267092 ], [ 346831.346354405686725, 5031988.237921974621713 ], [ 346835.063681904168334, 5032000.787409292533994 ], [ 346839.432704353646841, 5032013.125148084945977 ], [ 346844.441446567303501, 5032025.217321467585862 ], [ 346850.076179930823855, 5032037.030785633251071 ], [ 346856.321460031846073, 5032048.533160698600113 ], [ 346863.160168991598766, 5032059.692919452674687 ], [ 346870.573562384175602, 5032070.47947377152741 ], [ 346878.541320613701828, 5032080.863258461467922 ], [ 346887.041604608588386, 5032090.815812287852168 ], [ 346896.051115681300871, 5032100.309855995699763 ], [ 346905.545159388217144, 5032109.319367067888379 ], [ 346915.497713215474505, 5032117.819651062600315 ], [ 346925.881497904832941, 5032125.787409292533994 ], [ 346936.668052224151324, 5032133.200802684761584 ], [ 346947.82781097793486, 5032140.039511644281447 ], [ 346959.330186043051071, 5032146.284791745245457 ], [ 346971.143650209007319, 5032151.919525109231472 ], [ 346983.235823591588996, 5032156.928267322480679 ], [ 346995.573562384175602, 5032161.297289771959186 ], [ 347008.123049702320714, 5032165.01461727079004 ], [ 347020.849888273514807, 5032168.070060881786048 ], [ 347033.719194717879873, 5032170.455245847813785 ], [ 347046.695695161004551, 5032172.163634540513158 ], [ 347059.743821917218156, 5032173.190544387325644 ], [ 347072.82781097793486, 5032173.533160698600113 ], [ 347085.911800038651563, 5032173.190544387325644 ], [ 347098.959926794865169, 5032172.163634540513158 ], [ 347111.936427237989847, 5032170.455245847813785 ], [ 347124.805733682354912, 5032168.070060881786048 ], [ 347137.532572253549006, 5032165.01461727079004 ], [ 347150.082059571694117, 5032161.297289771959186 ], [ 347162.419798364280723, 5032156.928267322480679 ], [ 347174.5119717468624, 5032151.919525109231472 ], [ 347186.325435912818648, 5032146.284791745245457 ], [ 347197.82781097793486, 5032140.039511644281447 ], [ 347208.987569731718395, 5032133.200802684761584 ], [ 347219.774124051036779, 5032125.787409292533994 ], [ 347230.157908740395214, 5032117.819651062600315 ], [ 347240.110462567652576, 5032109.319367067888379 ], [ 347249.604506274568848, 5032100.309855995699763 ], [ 347258.614017347281333, 5032090.815812287852168 ], [ 347267.114301342167892, 5032080.863258461467922 ], [ 347275.082059571694117, 5032070.47947377152741 ], [ 347282.495452964270953, 5032059.692919452674687 ], [ 347289.334161924023647, 5032048.533160698600113 ], [ 347295.579442025045864, 5032037.030785633251071 ], [ 347301.214175388566218, 5032025.217321467585862 ], [ 347306.222917602222878, 5032013.125148084945977 ], [ 347310.591940051701386, 5032000.787409292533994 ], [ 347314.309267550182994, 5031988.237921974621713 ], [ 347317.364711161411833, 5031975.51108340267092 ], [ 347319.749896126741078, 5031962.641776958480477 ], [ 347321.458284820022527, 5031949.665276515297592 ], [ 347322.485194666602183, 5031936.617149759083986 ], [ 347322.82781097793486, 5031923.533160698600113 ] ] ] } },
{ "type": "Feature", "properties": { "site": 15, "transect": 15.2 }, "geometry": { "type": "Polygon", "coordinates": [ [ [ 347433.545607445237692, 5032194.778090464882553 ], [ 347433.202991133905016, 5032181.69410140439868 ], [ 347432.17608128732536, 5032168.645974648185074 ], [ 347430.467692594043911, 5032155.669474205002189 ], [ 347428.082507628714666, 5032142.800167760811746 ], [ 347425.027064017485827, 5032130.073329188860953 ], [ 347421.309736519004218, 5032117.523841870948672 ], [ 347416.940714069525711, 5032105.186103078536689 ], [ 347411.931971855869051, 5032093.093929695896804 ], [ 347406.297238492348697, 5032081.280465530231595 ], [ 347400.05195839132648, 5032069.778090464882553 ], [ 347393.213249431573786, 5032058.618331710807979 ], [ 347385.79985603899695, 5032047.831777391955256 ], [ 347377.832097809470724, 5032037.447992702014744 ], [ 347369.331813814584166, 5032027.495438875630498 ], [ 347360.322302741871681, 5032018.001395167782903 ], [ 347350.828259034955408, 5032008.991884095594287 ], [ 347340.875705207698047, 5032000.491600100882351 ], [ 347330.491920518339612, 5031992.523841870948672 ], [ 347319.705366199021228, 5031985.110448478721082 ], [ 347308.545607445237692, 5031978.271739519201219 ], [ 347297.043232380121481, 5031972.026459418237209 ], [ 347285.229768214165233, 5031966.391726054251194 ], [ 347273.137594831583556, 5031961.382983841001987 ], [ 347260.79985603899695, 5031957.01396139152348 ], [ 347248.250368720851839, 5031953.296633892692626 ], [ 347235.523530149657745, 5031950.241190281696618 ], [ 347222.654223705292679, 5031947.856005315668881 ], [ 347209.677723262168001, 5031946.147616622969508 ], [ 347196.629596505954396, 5031945.120706776157022 ], [ 347183.545607445237692, 5031944.778090464882553 ], [ 347170.461618384520989, 5031945.120706776157022 ], [ 347157.413491628307384, 5031946.147616622969508 ], [ 347144.436991185182706, 5031947.856005315668881 ], [ 347131.56768474081764, 5031950.241190281696618 ], [ 347118.840846169623546, 5031953.296633892692626 ], [ 347106.291358851478435, 5031957.01396139152348 ], [ 347093.953620058891829, 5031961.382983841001987 ], [ 347081.861446676310152, 5031966.391726054251194 ], [ 347070.047982510353904, 5031972.026459418237209 ], [ 347058.545607445237692, 5031978.271739519201219 ], [ 347047.385848691454157, 5031985.110448478721082 ], [ 347036.599294372135773, 5031992.523841870948672 ], [ 347026.215509682777338, 5032000.491600100882351 ], [ 347016.262955855519976, 5032008.991884095594287 ], [ 347006.768912148603704, 5032018.001395167782903 ], [ 346997.759401075891219, 5032027.495438875630498 ], [ 346989.259117081004661, 5032037.447992702014744 ], [ 346981.291358851478435, 5032047.831777391955256 ], [ 346973.877965458901599, 5032058.618331710807979 ], [ 346967.039256499148905, 5032069.778090464882553 ], [ 346960.793976398126688, 5032081.280465530231595 ], [ 346955.159243034606334, 5032093.093929695896804 ], [ 346950.150500820949674, 5032105.186103078536689 ], [ 346945.781478371471167, 5032117.523841870948672 ], [ 346942.064150872989558, 5032130.073329188860953 ], [ 346939.008707261760719, 5032142.800167760811746 ], [ 346936.623522296431474, 5032155.669474205002189 ], [ 346934.915133603150025, 5032168.645974648185074 ], [ 346933.888223756570369, 5032181.69410140439868 ], [ 346933.545607445237692, 5032194.778090464882553 ], [ 346933.888223756570369, 5032207.862079525366426 ], [ 346934.915133603150025, 5032220.910206281580031 ], [ 346936.623522296431474, 5032233.886706724762917 ], [ 346939.008707261760719, 5032246.756013168953359 ], [ 346942.064150872989558, 5032259.482851740904152 ], [ 346945.781478371471167, 5032272.032339058816433 ], [ 346950.150500820949674, 5032284.370077851228416 ], [ 346955.159243034606334, 5032296.462251233868301 ], [ 346960.793976398126688, 5032308.27571539953351 ], [ 346967.039256499148905, 5032319.778090464882553 ], [ 346973.877965458901599, 5032330.937849218957126 ], [ 346981.291358851478435, 5032341.724403537809849 ], [ 346989.259117081004661, 5032352.108188227750361 ], [ 346997.759401075891219, 5032362.060742054134607 ], [ 347006.768912148603704, 5032371.554785761982203 ], [ 347016.262955855519976, 5032380.564296834170818 ], [ 347026.215509682777338, 5032389.064580828882754 ], [ 347036.599294372135773, 5032397.032339058816433 ], [ 347047.385848691454157, 5032404.445732451044023 ], [ 347058.545607445237692, 5032411.284441410563886 ], [ 347070.047982510353904, 5032417.529721511527896 ], [ 347081.861446676310152, 5032423.164454875513911 ], [ 347093.953620058891829, 5032428.173197088763118 ], [ 347106.291358851478435, 5032432.542219538241625 ], [ 347118.840846169623546, 5032436.25954703707248 ], [ 347131.56768474081764, 5032439.314990648068488 ], [ 347144.436991185182706, 5032441.700175614096224 ], [ 347157.413491628307384, 5032443.408564306795597 ], [ 347170.461618384520989, 5032444.435474153608084 ], [ 347183.545607445237692, 5032444.778090464882553 ], [ 347196.629596505954396, 5032444.435474153608084 ], [ 347209.677723262168001, 5032443.408564306795597 ], [ 347222.654223705292679, 5032441.700175614096224 ], [ 347235.523530149657745, 5032439.314990648068488 ], [ 347248.250368720851839, 5032436.25954703707248 ], [ 347260.79985603899695, 5032432.542219538241625 ], [ 347273.137594831583556, 5032428.173197088763118 ], [ 347285.229768214165233, 5032423.164454875513911 ], [ 347297.043232380121481, 5032417.529721511527896 ], [ 347308.545607445237692, 5032411.284441410563886 ], [ 347319.705366199021228, 5032404.445732451044023 ], [ 347330.491920518339612, 5032397.032339058816433 ], [ 347340.875705207698047, 5032389.064580828882754 ], [ 347350.828259034955408, 5032380.564296834170818 ], [ 347360.322302741871681, 5032371.554785761982203 ], [ 347369.331813814584166, 5032362.060742054134607 ], [ 347377.832097809470724, 5032352.108188227750361 ], [ 347385.79985603899695, 5032341.724403537809849 ], [ 347393.213249431573786, 5032330.937849218957126 ], [ 347400.05195839132648, 5032319.778090464882553 ], [ 347406.297238492348697, 5032308.27571539953351 ], [ 347411.931971855869051, 5032296.462251233868301 ], [ 347416.940714069525711, 5032284.370077851228416 ], [ 347421.309736519004218, 5032272.032339058816433 ], [ 347425.027064017485827, 5032259.482851740904152 ], [ 347428.082507628714666, 5032246.756013168953359 ], [ 347430.467692594043911, 5032233.886706724762917 ], [ 347432.17608128732536, 5032220.910206281580031 ], [ 347433.202991133905016, 5032207.862079525366426 ], [ 347433.545607445237692, 5032194.778090464882553 ] ] ] } },
{ "type": "Feature", "properties": { "site": 15, "transect": 15.3 }, "geometry": { "type": "Polygon", "coordinates": [ [ [ 347344.525089100934565, 5032243.99028950650245 ], [ 347344.182472789601889, 5032230.906300446018577 ], [ 347343.155562943022233, 5032217.858173689804971 ], [ 347341.447174249740783, 5032204.881673246622086 ], [ 347339.061989284411538, 5032192.012366802431643 ], [ 347336.0065456731827, 5032179.28552823048085 ], [ 347332.289218174701091, 5032166.736040912568569 ], [ 347327.920195725222584, 5032154.398302120156586 ], [ 347322.911453511565924, 5032142.306128737516701 ], [ 347317.27672014804557, 5032130.492664571851492 ], [ 347311.031440047023352, 5032118.99028950650245 ], [ 347304.192731087270658, 5032107.830530752427876 ], [ 347296.779337694693822, 5032097.043976433575153 ], [ 347288.811579465167597, 5032086.660191743634641 ], [ 347280.311295470281038, 5032076.707637917250395 ], [ 347271.301784397568554, 5032067.2135942094028 ], [ 347261.807740690652281, 5032058.204083137214184 ], [ 347251.85518686339492, 5032049.703799142502248 ], [ 347241.471402174036484, 5032041.736040912568569 ], [ 347230.6848478547181, 5032034.322647520340979 ], [ 347219.525089100934565, 5032027.483938560821116 ], [ 347208.022714035818353, 5032021.238658459857106 ], [ 347196.209249869862106, 5032015.603925095871091 ], [ 347184.117076487280428, 5032010.595182882621884 ], [ 347171.779337694693822, 5032006.226160433143377 ], [ 347159.229850376548711, 5032002.508832934312522 ], [ 347146.503011805354618, 5031999.453389323316514 ], [ 347133.633705360989552, 5031997.068204357288778 ], [ 347120.657204917864874, 5031995.359815664589405 ], [ 347107.609078161651269, 5031994.332905817776918 ], [ 347094.525089100934565, 5031993.99028950650245 ], [ 347081.441100040217862, 5031994.332905817776918 ], [ 347068.392973284004256, 5031995.359815664589405 ], [ 347055.416472840879578, 5031997.068204357288778 ], [ 347042.547166396514513, 5031999.453389323316514 ], [ 347029.820327825320419, 5032002.508832934312522 ], [ 347017.270840507175308, 5032006.226160433143377 ], [ 347004.933101714588702, 5032010.595182882621884 ], [ 346992.840928332007024, 5032015.603925095871091 ], [ 346981.027464166050777, 5032021.238658459857106 ], [ 346969.525089100934565, 5032027.483938560821116 ], [ 346958.36533034715103, 5032034.322647520340979 ], [ 346947.578776027832646, 5032041.736040912568569 ], [ 346937.19499133847421, 5032049.703799142502248 ], [ 346927.242437511216849, 5032058.204083137214184 ], [ 346917.748393804300576, 5032067.2135942094028 ], [ 346908.738882731588092, 5032076.707637917250395 ], [ 346900.238598736701533, 5032086.660191743634641 ], [ 346892.270840507175308, 5032097.043976433575153 ], [ 346884.857447114598472, 5032107.830530752427876 ], [ 346878.018738154845778, 5032118.99028950650245 ], [ 346871.77345805382356, 5032130.492664571851492 ], [ 346866.138724690303206, 5032142.306128737516701 ], [ 346861.129982476646546, 5032154.398302120156586 ], [ 346856.760960027168039, 5032166.736040912568569 ], [ 346853.04363252868643, 5032179.28552823048085 ], [ 346849.988188917457592, 5032192.012366802431643 ], [ 346847.603003952128347, 5032204.881673246622086 ], [ 346845.894615258846898, 5032217.858173689804971 ], [ 346844.867705412267242, 5032230.906300446018577 ], [ 346844.525089100934565, 5032243.99028950650245 ], [ 346844.867705412267242, 5032257.074278566986322 ], [ 346845.894615258846898, 5032270.122405323199928 ], [ 346847.603003952128347, 5032283.098905766382813 ], [ 346849.988188917457592, 5032295.968212210573256 ], [ 346853.04363252868643, 5032308.695050782524049 ], [ 346856.760960027168039, 5032321.24453810043633 ], [ 346861.129982476646546, 5032333.582276892848313 ], [ 346866.138724690303206, 5032345.674450275488198 ], [ 346871.77345805382356, 5032357.487914441153407 ], [ 346878.018738154845778, 5032368.99028950650245 ], [ 346884.857447114598472, 5032380.150048260577023 ], [ 346892.270840507175308, 5032390.936602579429746 ], [ 346900.238598736701533, 5032401.320387269370258 ], [ 346908.738882731588092, 5032411.272941095754504 ], [ 346917.748393804300576, 5032420.766984803602099 ], [ 346927.242437511216849, 5032429.776495875790715 ], [ 346937.19499133847421, 5032438.276779870502651 ], [ 346947.578776027832646, 5032446.24453810043633 ], [ 346958.36533034715103, 5032453.65793149266392 ], [ 346969.525089100934565, 5032460.496640452183783 ], [ 346981.027464166050777, 5032466.741920553147793 ], [ 346992.840928332007024, 5032472.376653917133808 ], [ 347004.933101714588702, 5032477.385396130383015 ], [ 347017.270840507175308, 5032481.754418579861522 ], [ 347029.820327825320419, 5032485.471746078692377 ], [ 347042.547166396514513, 5032488.527189689688385 ], [ 347055.416472840879578, 5032490.912374655716121 ], [ 347068.392973284004256, 5032492.620763348415494 ], [ 347081.441100040217862, 5032493.647673195227981 ], [ 347094.525089100934565, 5032493.99028950650245 ], [ 347107.609078161651269, 5032493.647673195227981 ], [ 347120.657204917864874, 5032492.620763348415494 ], [ 347133.633705360989552, 5032490.912374655716121 ], [ 347146.503011805354618, 5032488.527189689688385 ], [ 347159.229850376548711, 5032485.471746078692377 ], [ 347171.779337694693822, 5032481.754418579861522 ], [ 347184.117076487280428, 5032477.385396130383015 ], [ 347196.209249869862106, 5032472.376653917133808 ], [ 347208.022714035818353, 5032466.741920553147793 ], [ 347219.525089100934565, 5032460.496640452183783 ], [ 347230.6848478547181, 5032453.65793149266392 ], [ 347241.471402174036484, 5032446.24453810043633 ], [ 347251.85518686339492, 5032438.276779870502651 ], [ 347261.807740690652281, 5032429.776495875790715 ], [ 347271.301784397568554, 5032420.766984803602099 ], [ 347280.311295470281038, 5032411.272941095754504 ], [ 347288.811579465167597, 5032401.320387269370258 ], [ 347296.779337694693822, 5032390.936602579429746 ], [ 347304.192731087270658, 5032380.150048260577023 ], [ 347311.031440047023352, 5032368.99028950650245 ], [ 347317.27672014804557, 5032357.487914441153407 ], [ 347322.911453511565924, 5032345.674450275488198 ], [ 347327.920195725222584, 5032333.582276892848313 ], [ 347332.289218174701091, 5032321.24453810043633 ], [ 347336.0065456731827, 5032308.695050782524049 ], [ 347339.061989284411538, 5032295.968212210573256 ], [ 347341.447174249740783, 5032283.098905766382813 ], [ 347343.155562943022233, 5032270.122405323199928 ], [ 347344.182472789601889, 5032257.074278566986322 ], [ 347344.525089100934565, 5032243.99028950650245 ] ] ] } },
{ "type": "Feature", "properties": { "site": 15, "transect": 15.4 }, "geometry": { "type": "Polygon", "coordinates": [ [ [ 347391.327521510538645, 5032118.820975803770125 ], [ 347390.984905199205969, 5032105.736986743286252 ], [ 347389.957995352626313, 5032092.688859987072647 ], [ 347388.249606659344863, 5032079.712359543889761 ], [ 347385.864421694015618, 5032066.843053099699318 ], [ 347382.80897808278678, 5032054.116214527748525 ], [ 347379.091650584305171, 5032041.566727209836245 ], [ 347374.722628134826664, 5032029.228988417424262 ], [ 347369.713885921170004, 5032017.136815034784377 ], [ 347364.07915255764965, 5032005.323350869119167 ], [ 347357.833872456627432, 5031993.820975803770125 ], [ 347350.995163496874738, 5031982.661217049695551 ], [ 347343.581770104297902, 5031971.874662730842829 ], [ 347335.614011874771677, 5031961.490878040902317 ], [ 347327.113727879885118, 5031951.53832421451807 ], [ 347318.104216807172634, 5031942.044280506670475 ], [ 347308.610173100256361, 5031933.034769434481859 ], [ 347298.657619272999, 5031924.534485439769924 ], [ 347288.273834583640564, 5031916.566727209836245 ], [ 347277.48728026432218, 5031909.153333817608654 ], [ 347266.327521510538645, 5031902.314624858088791 ], [ 347254.825146445422433, 5031896.069344757124782 ], [ 347243.011682279466186, 5031890.434611393138766 ], [ 347230.919508896884508, 5031885.42586917988956 ], [ 347218.581770104297902, 5031881.056846730411053 ], [ 347206.032282786152791, 5031877.339519231580198 ], [ 347193.305444214958698, 5031874.28407562058419 ], [ 347180.436137770593632, 5031871.898890654556453 ], [ 347167.459637327468954, 5031870.19050196185708 ], [ 347154.411510571255349, 5031869.163592115044594 ], [ 347141.327521510538645, 5031868.820975803770125 ], [ 347128.243532449821942, 5031869.163592115044594 ], [ 347115.195405693608336, 5031870.19050196185708 ], [ 347102.218905250483658, 5031871.898890654556453 ], [ 347089.349598806118593, 5031874.28407562058419 ], [ 347076.622760234924499, 5031877.339519231580198 ], [ 347064.073272916779388, 5031881.056846730411053 ], [ 347051.735534124192782, 5031885.42586917988956 ], [ 347039.643360741611104, 5031890.434611393138766 ], [ 347027.829896575654857, 5031896.069344757124782 ], [ 347016.327521510538645, 5031902.314624858088791 ], [ 347005.16776275675511, 5031909.153333817608654 ], [ 346994.381208437436726, 5031916.566727209836245 ], [ 346983.99742374807829, 5031924.534485439769924 ], [ 346974.044869920820929, 5031933.034769434481859 ], [ 346964.550826213904656, 5031942.044280506670475 ], [ 346955.541315141192172, 5031951.53832421451807 ], [ 346947.041031146305613, 5031961.490878040902317 ], [ 346939.073272916779388, 5031971.874662730842829 ], [ 346931.659879524202552, 5031982.661217049695551 ], [ 346924.821170564449858, 5031993.820975803770125 ], [ 346918.57589046342764, 5032005.323350869119167 ], [ 346912.941157099907286, 5032017.136815034784377 ], [ 346907.932414886250626, 5032029.228988417424262 ], [ 346903.563392436772119, 5032041.566727209836245 ], [ 346899.84606493829051, 5032054.116214527748525 ], [ 346896.790621327061672, 5032066.843053099699318 ], [ 346894.405436361732427, 5032079.712359543889761 ], [ 346892.697047668450978, 5032092.688859987072647 ], [ 346891.670137821871322, 5032105.736986743286252 ], [ 346891.327521510538645, 5032118.820975803770125 ], [ 346891.670137821871322, 5032131.904964864253998 ], [ 346892.697047668450978, 5032144.953091620467603 ], [ 346894.405436361732427, 5032157.929592063650489 ], [ 346896.790621327061672, 5032170.798898507840931 ], [ 346899.84606493829051, 5032183.525737079791725 ], [ 346903.563392436772119, 5032196.075224397704005 ], [ 346907.932414886250626, 5032208.412963190115988 ], [ 346912.941157099907286, 5032220.505136572755873 ], [ 346918.57589046342764, 5032232.318600738421082 ], [ 346924.821170564449858, 5032243.820975803770125 ], [ 346931.659879524202552, 5032254.980734557844698 ], [ 346939.073272916779388, 5032265.767288876697421 ], [ 346947.041031146305613, 5032276.151073566637933 ], [ 346955.541315141192172, 5032286.10362739302218 ], [ 346964.550826213904656, 5032295.597671100869775 ], [ 346974.044869920820929, 5032304.607182173058391 ], [ 346983.99742374807829, 5032313.107466167770326 ], [ 346994.381208437436726, 5032321.075224397704005 ], [ 347005.16776275675511, 5032328.488617789931595 ], [ 347016.327521510538645, 5032335.327326749451458 ], [ 347027.829896575654857, 5032341.572606850415468 ], [ 347039.643360741611104, 5032347.207340214401484 ], [ 347051.735534124192782, 5032352.21608242765069 ], [ 347064.073272916779388, 5032356.585104877129197 ], [ 347076.622760234924499, 5032360.302432375960052 ], [ 347089.349598806118593, 5032363.35787598695606 ], [ 347102.218905250483658, 5032365.743060952983797 ], [ 347115.195405693608336, 5032367.451449645683169 ], [ 347128.243532449821942, 5032368.478359492495656 ], [ 347141.327521510538645, 5032368.820975803770125 ], [ 347154.411510571255349, 5032368.478359492495656 ], [ 347167.459637327468954, 5032367.451449645683169 ], [ 347180.436137770593632, 5032365.743060952983797 ], [ 347193.305444214958698, 5032363.35787598695606 ], [ 347206.032282786152791, 5032360.302432375960052 ], [ 347218.581770104297902, 5032356.585104877129197 ], [ 347230.919508896884508, 5032352.21608242765069 ], [ 347243.011682279466186, 5032347.207340214401484 ], [ 347254.825146445422433, 5032341.572606850415468 ], [ 347266.327521510538645, 5032335.327326749451458 ], [ 347277.48728026432218, 5032328.488617789931595 ], [ 347288.273834583640564, 5032321.075224397704005 ], [ 347298.657619272999, 5032313.107466167770326 ], [ 347308.610173100256361, 5032304.607182173058391 ], [ 347318.104216807172634, 5032295.597671100869775 ], [ 347327.113727879885118, 5032286.10362739302218 ], [ 347335.614011874771677, 5032276.151073566637933 ], [ 347343.581770104297902, 5032265.767288876697421 ], [ 347350.995163496874738, 5032254.980734557844698 ], [ 347357.833872456627432, 5032243.820975803770125 ], [ 347364.07915255764965, 5032232.318600738421082 ], [ 347369.713885921170004, 5032220.505136572755873 ], [ 347374.722628134826664, 5032208.412963190115988 ], [ 347379.091650584305171, 5032196.075224397704005 ], [ 347382.80897808278678, 5032183.525737079791725 ], [ 347385.864421694015618, 5032170.798898507840931 ], [ 347388.249606659344863, 5032157.929592063650489 ], [ 347389.957995352626313, 5032144.953091620467603 ], [ 347390.984905199205969, 5032131.904964864253998 ], [ 347391.327521510538645, 5032118.820975803770125 ] ] ] } },
{ "type": "Feature", "properties": { "site": 15, "transect": 15.5 }, "geometry": { "type": "Polygon", "coordinates": [ [ [ 347270.697404938866384, 5032112.356286150403321 ], [ 347270.354788627533708, 5032099.272297089919448 ], [ 347269.327878780954052, 5032086.224170333705842 ], [ 347267.619490087672602, 5032073.247669890522957 ], [ 347265.234305122343358, 5032060.378363446332514 ], [ 347262.178861511114519, 5032047.651524874381721 ], [ 347258.46153401263291, 5032035.10203755646944 ], [ 347254.092511563154403, 5032022.764298764057457 ], [ 347249.083769349497743, 5032010.672125381417572 ], [ 347243.449035985977389, 5031998.858661215752363 ], [ 347237.203755884955171, 5031987.356286150403321 ], [ 347230.365046925202478, 5031976.196527396328747 ], [ 347222.951653532625642, 5031965.409973077476025 ], [ 347214.983895303099416, 5031955.026188387535512 ], [ 347206.483611308212858, 5031945.073634561151266 ], [ 347197.474100235500373, 5031935.579590853303671 ], [ 347187.9800565285841, 5031926.570079781115055 ], [ 347178.027502701326739, 5031918.06979578640312 ], [ 347167.643718011968303, 5031910.10203755646944 ], [ 347156.85716369264992, 5031902.68864416424185 ], [ 347145.697404938866384, 5031895.849935204721987 ], [ 347134.195029873750173, 5031889.604655103757977 ], [ 347122.381565707793925, 5031883.969921739771962 ], [ 347110.289392325212248, 5031878.961179526522756 ], [ 347097.951653532625642, 5031874.592157077044249 ], [ 347085.40216621448053, 5031870.874829578213394 ], [ 347072.675327643286437, 5031867.819385967217386 ], [ 347059.806021198921371, 5031865.434201001189649 ], [ 347046.829520755796693, 5031863.725812308490276 ], [ 347033.781393999583088, 5031862.69890246167779 ], [ 347020.697404938866384, 5031862.356286150403321 ], [ 347007.613415878149681, 5031862.69890246167779 ], [ 346994.565289121936075, 5031863.725812308490276 ], [ 346981.588788678811397, 5031865.434201001189649 ], [ 346968.719482234446332, 5031867.819385967217386 ], [ 346955.992643663252238, 5031870.874829578213394 ], [ 346943.443156345107127, 5031874.592157077044249 ], [ 346931.105417552520521, 5031878.961179526522756 ], [ 346919.013244169938844, 5031883.969921739771962 ], [ 346907.199780003982596, 5031889.604655103757977 ], [ 346895.697404938866384, 5031895.849935204721987 ], [ 346884.537646185082849, 5031902.68864416424185 ], [ 346873.751091865764465, 5031910.10203755646944 ], [ 346863.36730717640603, 5031918.06979578640312 ], [ 346853.414753349148668, 5031926.570079781115055 ], [ 346843.920709642232396, 5031935.579590853303671 ], [ 346834.911198569519911, 5031945.073634561151266 ], [ 346826.410914574633352, 5031955.026188387535512 ], [ 346818.443156345107127, 5031965.409973077476025 ], [ 346811.029762952530291, 5031976.196527396328747 ], [ 346804.191053992777597, 5031987.356286150403321 ], [ 346797.94577389175538, 5031998.858661215752363 ], [ 346792.311040528235026, 5032010.672125381417572 ], [ 346787.302298314578366, 5032022.764298764057457 ], [ 346782.933275865099858, 5032035.10203755646944 ], [ 346779.21594836661825, 5032047.651524874381721 ], [ 346776.160504755389411, 5032060.378363446332514 ], [ 346773.775319790060166, 5032073.247669890522957 ], [ 346772.066931096778717, 5032086.224170333705842 ], [ 346771.040021250199061, 5032099.272297089919448 ], [ 346770.697404938866384, 5032112.356286150403321 ], [ 346771.040021250199061, 5032125.440275210887194 ], [ 346772.066931096778717, 5032138.488401967100799 ], [ 346773.775319790060166, 5032151.464902410283685 ], [ 346776.160504755389411, 5032164.334208854474127 ], [ 346779.21594836661825, 5032177.061047426424921 ], [ 346782.933275865099858, 5032189.610534744337201 ], [ 346787.302298314578366, 5032201.948273536749184 ], [ 346792.311040528235026, 5032214.040446919389069 ], [ 346797.94577389175538, 5032225.853911085054278 ], [ 346804.191053992777597, 5032237.356286150403321 ], [ 346811.029762952530291, 5032248.516044904477894 ], [ 346818.443156345107127, 5032259.302599223330617 ], [ 346826.410914574633352, 5032269.686383913271129 ], [ 346834.911198569519911, 5032279.638937739655375 ], [ 346843.920709642232396, 5032289.132981447502971 ], [ 346853.414753349148668, 5032298.142492519691586 ], [ 346863.36730717640603, 5032306.642776514403522 ], [ 346873.751091865764465, 5032314.610534744337201 ], [ 346884.537646185082849, 5032322.023928136564791 ], [ 346895.697404938866384, 5032328.862637096084654 ], [ 346907.199780003982596, 5032335.107917197048664 ], [ 346919.013244169938844, 5032340.742650561034679 ], [ 346931.105417552520521, 5032345.751392774283886 ], [ 346943.443156345107127, 5032350.120415223762393 ], [ 346955.992643663252238, 5032353.837742722593248 ], [ 346968.719482234446332, 5032356.893186333589256 ], [ 346981.588788678811397, 5032359.278371299616992 ], [ 346994.565289121936075, 5032360.986759992316365 ], [ 347007.613415878149681, 5032362.013669839128852 ], [ 347020.697404938866384, 5032362.356286150403321 ], [ 347033.781393999583088, 5032362.013669839128852 ], [ 347046.829520755796693, 5032360.986759992316365 ], [ 347059.806021198921371, 5032359.278371299616992 ], [ 347072.675327643286437, 5032356.893186333589256 ], [ 347085.40216621448053, 5032353.837742722593248 ], [ 347097.951653532625642, 5032350.120415223762393 ], [ 347110.289392325212248, 5032345.751392774283886 ], [ 347122.381565707793925, 5032340.742650561034679 ], [ 347134.195029873750173, 5032335.107917197048664 ], [ 347145.697404938866384, 5032328.862637096084654 ], [ 347156.85716369264992, 5032322.023928136564791 ], [ 347167.643718011968303, 5032314.610534744337201 ], [ 347178.027502701326739, 5032306.642776514403522 ], [ 347187.9800565285841, 5032298.142492519691586 ], [ 347197.474100235500373, 5032289.132981447502971 ], [ 347206.483611308212858, 5032279.638937739655375 ], [ 347214.983895303099416, 5032269.686383913271129 ], [ 347222.951653532625642, 5032259.302599223330617 ], [ 347230.365046925202478, 5032248.516044904477894 ], [ 347237.203755884955171, 5032237.356286150403321 ], [ 347243.449035985977389, 5032225.853911085054278 ], [ 347249.083769349497743, 5032214.040446919389069 ], [ 347254.092511563154403, 5032201.948273536749184 ], [ 347258.46153401263291, 5032189.610534744337201 ], [ 347262.178861511114519, 5032177.061047426424921 ], [ 347265.234305122343358, 5032164.334208854474127 ], [ 347267.619490087672602, 5032151.464902410283685 ], [ 347269.327878780954052, 5032138.488401967100799 ], [ 347270.354788627533708, 5032125.440275210887194 ], [ 347270.697404938866384, 5032112.356286150403321 ] ] ] } },
{ "type": "Feature", "properties": { "site": 15, "transect": 15.6 }, "geometry": { "type": "Polygon", "coordinates": [ [ [ 347299.231065354659222, 5031993.868959991261363 ], [ 347298.888449043326546, 5031980.78497093077749 ], [ 347297.86153919674689, 5031967.736844174563885 ], [ 347296.15315050346544, 5031954.760343731380999 ], [ 347293.767965538136195, 5031941.891037287190557 ], [ 347290.712521926907357, 5031929.164198715239763 ], [ 347286.995194428425748, 5031916.614711397327483 ], [ 347282.626171978947241, 5031904.2769726049155 ], [ 347277.617429765290581, 5031892.184799222275615 ], [ 347271.982696401770227, 5031880.371335056610405 ], [ 347265.737416300748009, 5031868.868959991261363 ], [ 347258.898707340995315, 5031857.70920123718679 ], [ 347251.485313948418479, 5031846.922646918334067 ], [ 347243.517555718892254, 5031836.538862228393555 ], [ 347235.017271724005695, 5031826.586308402009308 ], [ 347226.007760651293211, 5031817.092264694161713 ], [ 347216.513716944376938, 5031808.082753621973097 ], [ 347206.561163117119577, 5031799.582469627261162 ], [ 347196.177378427761141, 5031791.614711397327483 ], [ 347185.390824108442757, 5031784.201318005099893 ], [ 347174.231065354659222, 5031777.362609045580029 ], [ 347162.72869028954301, 5031771.11732894461602 ], [ 347150.915226123586763, 5031765.482595580630004 ], [ 347138.823052741005085, 5031760.473853367380798 ], [ 347126.485313948418479, 5031756.104830917902291 ], [ 347113.935826630273368, 5031752.387503419071436 ], [ 347101.208988059079275, 5031749.332059808075428 ], [ 347088.339681614714209, 5031746.946874842047691 ], [ 347075.363181171589531, 5031745.238486149348319 ], [ 347062.315054415375926, 5031744.211576302535832 ], [ 347049.231065354659222, 5031743.868959991261363 ], [ 347036.147076293942519, 5031744.211576302535832 ], [ 347023.098949537728913, 5031745.238486149348319 ], [ 347010.122449094604235, 5031746.946874842047691 ], [ 346997.25314265023917, 5031749.332059808075428 ], [ 346984.526304079045076, 5031752.387503419071436 ], [ 346971.976816760899965, 5031756.104830917902291 ], [ 346959.639077968313359, 5031760.473853367380798 ], [ 346947.546904585731681, 5031765.482595580630004 ], [ 346935.733440419775434, 5031771.11732894461602 ], [ 346924.231065354659222, 5031777.362609045580029 ], [ 346913.071306600875687, 5031784.201318005099893 ], [ 346902.284752281557303, 5031791.614711397327483 ], [ 346891.900967592198867, 5031799.582469627261162 ], [ 346881.948413764941506, 5031808.082753621973097 ], [ 346872.454370058025233, 5031817.092264694161713 ], [ 346863.444858985312749, 5031826.586308402009308 ], [ 346854.94457499042619, 5031836.538862228393555 ], [ 346846.976816760899965, 5031846.922646918334067 ], [ 346839.563423368323129, 5031857.70920123718679 ], [ 346832.724714408570435, 5031868.868959991261363 ], [ 346826.479434307548217, 5031880.371335056610405 ], [ 346820.844700944027863, 5031892.184799222275615 ], [ 346815.835958730371203, 5031904.2769726049155 ], [ 346811.466936280892696, 5031916.614711397327483 ], [ 346807.749608782411087, 5031929.164198715239763 ], [ 346804.694165171182249, 5031941.891037287190557 ], [ 346802.308980205853004, 5031954.760343731380999 ], [ 346800.600591512571555, 5031967.736844174563885 ], [ 346799.573681665991899, 5031980.78497093077749 ], [ 346799.231065354659222, 5031993.868959991261363 ], [ 346799.573681665991899, 5032006.952949051745236 ], [ 346800.600591512571555, 5032020.001075807958841 ], [ 346802.308980205853004, 5032032.977576251141727 ], [ 346804.694165171182249, 5032045.84688269533217 ], [ 346807.749608782411087, 5032058.573721267282963 ], [ 346811.466936280892696, 5032071.123208585195243 ], [ 346815.835958730371203, 5032083.460947377607226 ], [ 346820.844700944027863, 5032095.553120760247111 ], [ 346826.479434307548217, 5032107.366584925912321 ], [ 346832.724714408570435, 5032118.868959991261363 ], [ 346839.563423368323129, 5032130.028718745335937 ], [ 346846.976816760899965, 5032140.815273064188659 ], [ 346854.94457499042619, 5032151.199057754129171 ], [ 346863.444858985312749, 5032161.151611580513418 ], [ 346872.454370058025233, 5032170.645655288361013 ], [ 346881.948413764941506, 5032179.655166360549629 ], [ 346891.900967592198867, 5032188.155450355261564 ], [ 346902.284752281557303, 5032196.123208585195243 ], [ 346913.071306600875687, 5032203.536601977422833 ], [ 346924.231065354659222, 5032210.375310936942697 ], [ 346935.733440419775434, 5032216.620591037906706 ], [ 346947.546904585731681, 5032222.255324401892722 ], [ 346959.639077968313359, 5032227.264066615141928 ], [ 346971.976816760899965, 5032231.633089064620435 ], [ 346984.526304079045076, 5032235.35041656345129 ], [ 346997.25314265023917, 5032238.405860174447298 ], [ 347010.122449094604235, 5032240.791045140475035 ], [ 347023.098949537728913, 5032242.499433833174407 ], [ 347036.147076293942519, 5032243.526343679986894 ], [ 347049.231065354659222, 5032243.868959991261363 ], [ 347062.315054415375926, 5032243.526343679986894 ], [ 347075.363181171589531, 5032242.499433833174407 ], [ 347088.339681614714209, 5032240.791045140475035 ], [ 347101.208988059079275, 5032238.405860174447298 ], [ 347113.935826630273368, 5032235.35041656345129 ], [ 347126.485313948418479, 5032231.633089064620435 ], [ 347138.823052741005085, 5032227.264066615141928 ], [ 347150.915226123586763, 5032222.255324401892722 ], [ 347162.72869028954301, 5032216.620591037906706 ], [ 347174.231065354659222, 5032210.375310936942697 ], [ 347185.390824108442757, 5032203.536601977422833 ], [ 347196.177378427761141, 5032196.123208585195243 ], [ 347206.561163117119577, 5032188.155450355261564 ], [ 347216.513716944376938, 5032179.655166360549629 ], [ 347226.007760651293211, 5032170.645655288361013 ], [ 347235.017271724005695, 5032161.151611580513418 ], [ 347243.517555718892254, 5032151.199057754129171 ], [ 347251.485313948418479, 5032140.815273064188659 ], [ 347258.898707340995315, 5032130.028718745335937 ], [ 347265.737416300748009, 5032118.868959991261363 ], [ 347271.982696401770227, 5032107.366584925912321 ], [ 347277.617429765290581, 5032095.553120760247111 ], [ 347282.626171978947241, 5032083.460947377607226 ], [ 347286.995194428425748, 5032071.123208585195243 ], [ 347290.712521926907357, 5032058.573721267282963 ], [ 347293.767965538136195, 5032045.84688269533217 ], [ 347296.15315050346544, 5032032.977576251141727 ], [ 347297.86153919674689, 5032020.001075807958841 ], [ 347298.888449043326546, 5032006.952949051745236 ], [ 347299.231065354659222, 5031993.868959991261363 ] ] ] } },
{ "type": "Feature", "properties": { "site": 15, "transect": 15.7 }, "geometry": { "type": "Polygon", "coordinates": [ [ [ 347299.231065354659222, 5031993.868959991261363 ], [ 347298.888449043326546, 5031980.78497093077749 ], [ 347297.86153919674689, 5031967.736844174563885 ], [ 347296.15315050346544, 5031954.760343731380999 ], [ 347293.767965538136195, 5031941.891037287190557 ], [ 347290.712521926907357, 5031929.164198715239763 ], [ 347286.995194428425748, 5031916.614711397327483 ], [ 347282.626171978947241, 5031904.2769726049155 ], [ 347277.617429765290581, 5031892.184799222275615 ], [ 347271.982696401770227, 5031880.371335056610405 ], [ 347265.737416300748009, 5031868.868959991261363 ], [ 347258.898707340995315, 5031857.70920123718679 ], [ 347251.485313948418479, 5031846.922646918334067 ], [ 347243.517555718892254, 5031836.538862228393555 ], [ 347235.017271724005695, 5031826.586308402009308 ], [ 347226.007760651293211, 5031817.092264694161713 ], [ 347216.513716944376938, 5031808.082753621973097 ], [ 347206.561163117119577, 5031799.582469627261162 ], [ 347196.177378427761141, 5031791.614711397327483 ], [ 347185.390824108442757, 5031784.201318005099893 ], [ 347174.231065354659222, 5031777.362609045580029 ], [ 347162.72869028954301, 5031771.11732894461602 ], [ 347150.915226123586763, 5031765.482595580630004 ], [ 347138.823052741005085, 5031760.473853367380798 ], [ 347126.485313948418479, 5031756.104830917902291 ], [ 347113.935826630273368, 5031752.387503419071436 ], [ 347101.208988059079275, 5031749.332059808075428 ], [ 347088.339681614714209, 5031746.946874842047691 ], [ 347075.363181171589531, 5031745.238486149348319 ], [ 347062.315054415375926, 5031744.211576302535832 ], [ 347049.231065354659222, 5031743.868959991261363 ], [ 347036.147076293942519, 5031744.211576302535832 ], [ 347023.098949537728913, 5031745.238486149348319 ], [ 347010.122449094604235, 5031746.946874842047691 ], [ 346997.25314265023917, 5031749.332059808075428 ], [ 346984.526304079045076, 5031752.387503419071436 ], [ 346971.976816760899965, 5031756.104830917902291 ], [ 346959.639077968313359, 5031760.473853367380798 ], [ 346947.546904585731681, 5031765.482595580630004 ], [ 346935.733440419775434, 5031771.11732894461602 ], [ 346924.231065354659222, 5031777.362609045580029 ], [ 346913.071306600875687, 5031784.201318005099893 ], [ 346902.284752281557303, 5031791.614711397327483 ], [ 346891.900967592198867, 5031799.582469627261162 ], [ 346881.948413764941506, 5031808.082753621973097 ], [ 346872.454370058025233, 5031817.092264694161713 ], [ 346863.444858985312749, 5031826.586308402009308 ], [ 346854.94457499042619, 5031836.538862228393555 ], [ 346846.976816760899965, 5031846.922646918334067 ], [ 346839.563423368323129, 5031857.70920123718679 ], [ 346832.724714408570435, 5031868.868959991261363 ], [ 346826.479434307548217, 5031880.371335056610405 ], [ 346820.844700944027863, 5031892.184799222275615 ], [ 346815.835958730371203, 5031904.2769726049155 ], [ 346811.466936280892696, 5031916.614711397327483 ], [ 346807.749608782411087, 5031929.164198715239763 ], [ 346804.694165171182249, 5031941.891037287190557 ], [ 346802.308980205853004, 5031954.760343731380999 ], [ 346800.600591512571555, 5031967.736844174563885 ], [ 346799.573681665991899, 5031980.78497093077749 ], [ 346799.231065354659222, 5031993.868959991261363 ], [ 346799.573681665991899, 5032006.952949051745236 ], [ 346800.600591512571555, 5032020.001075807958841 ], [ 346802.308980205853004, 5032032.977576251141727 ], [ 346804.694165171182249, 5032045.84688269533217 ], [ 346807.749608782411087, 5032058.573721267282963 ], [ 346811.466936280892696, 5032071.123208585195243 ], [ 346815.835958730371203, 5032083.460947377607226 ], [ 346820.844700944027863, 5032095.553120760247111 ], [ 346826.479434307548217, 5032107.366584925912321 ], [ 346832.724714408570435, 5032118.868959991261363 ], [ 346839.563423368323129, 5032130.028718745335937 ], [ 346846.976816760899965, 5032140.815273064188659 ], [ 346854.94457499042619, 5032151.199057754129171 ], [ 346863.444858985312749, 5032161.151611580513418 ], [ 346872.454370058025233, 5032170.645655288361013 ], [ 346881.948413764941506, 5032179.655166360549629 ], [ 346891.900967592198867, 5032188.155450355261564 ], [ 346902.284752281557303, 5032196.123208585195243 ], [ 346913.071306600875687, 5032203.536601977422833 ], [ 346924.231065354659222, 5032210.375310936942697 ], [ 346935.733440419775434, 5032216.620591037906706 ], [ 346947.546904585731681, 5032222.255324401892722 ], [ 346959.639077968313359, 5032227.264066615141928 ], [ 346971.976816760899965, 5032231.633089064620435 ], [ 346984.526304079045076, 5032235.35041656345129 ], [ 346997.25314265023917, 5032238.405860174447298 ], [ 347010.122449094604235, 5032240.791045140475035 ], [ 347023.098949537728913, 5032242.499433833174407 ], [ 347036.147076293942519, 5032243.526343679986894 ], [ 347049.231065354659222, 5032243.868959991261363 ], [ 347062.315054415375926, 5032243.526343679986894 ], [ 347075.363181171589531, 5032242.499433833174407 ], [ 347088.339681614714209, 5032240.791045140475035 ], [ 347101.208988059079275, 5032238.405860174447298 ], [ 347113.935826630273368, 5032235.35041656345129 ], [ 347126.485313948418479, 5032231.633089064620435 ], [ 347138.823052741005085, 5032227.264066615141928 ], [ 347150.915226123586763, 5032222.255324401892722 ], [ 347162.72869028954301, 5032216.620591037906706 ], [ 347174.231065354659222, 5032210.375310936942697 ], [ 347185.390824108442757, 5032203.536601977422833 ], [ 347196.177378427761141, 5032196.123208585195243 ], [ 347206.561163117119577, 5032188.155450355261564 ], [ 347216.513716944376938, 5032179.655166360549629 ], [ 347226.007760651293211, 5032170.645655288361013 ], [ 347235.017271724005695, 5032161.151611580513418 ], [ 347243.517555718892254, 5032151.199057754129171 ], [ 347251.485313948418479, 5032140.815273064188659 ], [ 347258.898707340995315, 5032130.028718745335937 ], [ 347265.737416300748009, 5032118.868959991261363 ], [ 347271.982696401770227, 5032107.366584925912321 ], [ 347277.617429765290581, 5032095.553120760247111 ], [ 347282.626171978947241, 5032083.460947377607226 ], [ 347286.995194428425748, 5032071.123208585195243 ], [ 347290.712521926907357, 5032058.573721267282963 ], [ 347293.767965538136195, 5032045.84688269533217 ], [ 347296.15315050346544, 5032032.977576251141727 ], [ 347297.86153919674689, 5032020.001075807958841 ], [ 347298.888449043326546, 5032006.952949051745236 ], [ 347299.231065354659222, 5031993.868959991261363 ] ] ] } },
{ "type": "Feature", "properties": { "site": 16, "transect": 16.1 }, "geometry": { "type": "Polygon", "coordinates": [ [ [ 304503.096442270267289, 5043034.447467065416276 ], [ 304502.753825958934613, 5043021.363478004932404 ], [ 304501.726916112354957, 5043008.315351248718798 ], [ 304500.018527419073507, 5042995.338850805535913 ], [ 304497.633342453744262, 5042982.46954436134547 ], [ 304494.577898842515424, 5042969.742705789394677 ], [ 304490.860571344033815, 5042957.193218471482396 ], [ 304486.491548894555308, 5042944.855479679070413 ], [ 304481.482806680898648, 5042932.763306296430528 ], [ 304475.848073317378294, 5042920.949842130765319 ], [ 304469.602793216356076, 5042909.447467065416276 ], [ 304462.764084256603383, 5042898.287708311341703 ], [ 304455.350690864026546, 5042887.50115399248898 ], [ 304447.382932634500321, 5042877.117369302548468 ], [ 304438.882648639613762, 5042867.164815476164222 ], [ 304429.873137566901278, 5042857.670771768316627 ], [ 304420.379093859985005, 5042848.661260696128011 ], [ 304410.426540032727644, 5042840.160976701416075 ], [ 304400.042755343369208, 5042832.193218471482396 ], [ 304389.256201024050824, 5042824.779825079254806 ], [ 304378.096442270267289, 5042817.941116119734943 ], [ 304366.594067205151077, 5042811.695836018770933 ], [ 304354.78060303919483, 5042806.061102654784918 ], [ 304342.688429656613152, 5042801.052360441535711 ], [ 304330.350690864026546, 5042796.683337992057204 ], [ 304317.801203545881435, 5042792.966010493226349 ], [ 304305.074364974687342, 5042789.910566882230341 ], [ 304292.205058530322276, 5042787.525381916202605 ], [ 304279.228558087197598, 5042785.816993223503232 ], [ 304266.180431330983993, 5042784.790083376690745 ], [ 304253.096442270267289, 5042784.447467065416276 ], [ 304240.012453209550586, 5042784.790083376690745 ], [ 304226.96432645333698, 5042785.816993223503232 ], [ 304213.987826010212302, 5042787.525381916202605 ], [ 304201.118519565847237, 5042789.910566882230341 ], [ 304188.391680994653143, 5042792.966010493226349 ], [ 304175.842193676508032, 5042796.683337992057204 ], [ 304163.504454883921426, 5042801.052360441535711 ], [ 304151.412281501339749, 5042806.061102654784918 ], [ 304139.598817335383501, 5042811.695836018770933 ], [ 304128.096442270267289, 5042817.941116119734943 ], [ 304116.936683516483754, 5042824.779825079254806 ], [ 304106.15012919716537, 5042832.193218471482396 ], [ 304095.766344507806934, 5042840.160976701416075 ], [ 304085.813790680549573, 5042848.661260696128011 ], [ 304076.319746973633301, 5042857.670771768316627 ], [ 304067.310235900920816, 5042867.164815476164222 ], [ 304058.809951906034257, 5042877.117369302548468 ], [ 304050.842193676508032, 5042887.50115399248898 ], [ 304043.428800283931196, 5042898.287708311341703 ], [ 304036.590091324178502, 5042909.447467065416276 ], [ 304030.344811223156285, 5042920.949842130765319 ], [ 304024.710077859635931, 5042932.763306296430528 ], [ 304019.70133564597927, 5042944.855479679070413 ], [ 304015.332313196500763, 5042957.193218471482396 ], [ 304011.614985698019154, 5042969.742705789394677 ], [ 304008.559542086790316, 5042982.46954436134547 ], [ 304006.174357121461071, 5042995.338850805535913 ], [ 304004.465968428179622, 5043008.315351248718798 ], [ 304003.439058581599966, 5043021.363478004932404 ], [ 304003.096442270267289, 5043034.447467065416276 ], [ 304003.439058581599966, 5043047.531456125900149 ], [ 304004.465968428179622, 5043060.579582882113755 ], [ 304006.174357121461071, 5043073.55608332529664 ], [ 304008.559542086790316, 5043086.425389769487083 ], [ 304011.614985698019154, 5043099.152228341437876 ], [ 304015.332313196500763, 5043111.701715659350157 ], [ 304019.70133564597927, 5043124.03945445176214 ], [ 304024.710077859635931, 5043136.131627834402025 ], [ 304030.344811223156285, 5043147.945092 ], [ 304036.590091324178502, 5043159.447467065416276 ], [ 304043.428800283931196, 5043170.60722581949085 ], [ 304050.842193676508032, 5043181.393780138343573 ], [ 304058.809951906034257, 5043191.777564828284085 ], [ 304067.310235900920816, 5043201.730118654668331 ], [ 304076.319746973633301, 5043211.224162362515926 ], [ 304085.813790680549573, 5043220.233673434704542 ], [ 304095.766344507806934, 5043228.733957429416478 ], [ 304106.15012919716537, 5043236.701715659350157 ], [ 304116.936683516483754, 5043244.115109051577747 ], [ 304128.096442270267289, 5043250.95381801109761 ], [ 304139.598817335383501, 5043257.19909811206162 ], [ 304151.412281501339749, 5043262.833831476047635 ], [ 304163.504454883921426, 5043267.842573689296842 ], [ 304175.842193676508032, 5043272.211596138775349 ], [ 304188.391680994653143, 5043275.928923637606204 ], [ 304201.118519565847237, 5043278.984367248602211 ], [ 304213.987826010212302, 5043281.369552214629948 ], [ 304226.96432645333698, 5043283.077940907329321 ], [ 304240.012453209550586, 5043284.104850754141808 ], [ 304253.096442270267289, 5043284.447467065416276 ], [ 304266.180431330983993, 5043284.104850754141808 ], [ 304279.228558087197598, 5043283.077940907329321 ], [ 304292.205058530322276, 5043281.369552214629948 ], [ 304305.074364974687342, 5043278.984367248602211 ], [ 304317.801203545881435, 5043275.928923637606204 ], [ 304330.350690864026546, 5043272.211596138775349 ], [ 304342.688429656613152, 5043267.842573689296842 ], [ 304354.78060303919483, 5043262.833831476047635 ], [ 304366.594067205151077, 5043257.19909811206162 ], [ 304378.096442270267289, 5043250.95381801109761 ], [ 304389.256201024050824, 5043244.115109051577747 ], [ 304400.042755343369208, 5043236.701715659350157 ], [ 304410.426540032727644, 5043228.733957429416478 ], [ 304420.379093859985005, 5043220.233673434704542 ], [ 304429.873137566901278, 5043211.224162362515926 ], [ 304438.882648639613762, 5043201.730118654668331 ], [ 304447.382932634500321, 5043191.777564828284085 ], [ 304455.350690864026546, 5043181.393780138343573 ], [ 304462.764084256603383, 5043170.60722581949085 ], [ 304469.602793216356076, 5043159.447467065416276 ], [ 304475.848073317378294, 5043147.945092 ], [ 304481.482806680898648, 5043136.131627834402025 ], [ 304486.491548894555308, 5043124.03945445176214 ], [ 304490.860571344033815, 5043111.701715659350157 ], [ 304494.577898842515424, 5043099.152228341437876 ], [ 304497.633342453744262, 5043086.425389769487083 ], [ 304500.018527419073507, 5043073.55608332529664 ], [ 304501.726916112354957, 5043060.579582882113755 ], [ 304502.753825958934613, 5043047.531456125900149 ], [ 304503.096442270267289, 5043034.447467065416276 ] ] ] } },
{ "type": "Feature", "properties": { "site": 17, "transect": 17.1 }, "geometry": { "type": "Polygon", "coordinates": [ [ [ 397209.323738540289924, 5027413.775410526432097 ], [ 397208.981122228957247, 5027400.691421465948224 ], [ 397207.954212382377591, 5027387.643294709734619 ], [ 397206.245823689096142, 5027374.666794266551733 ], [ 397203.860638723766897, 5027361.79748782236129 ], [ 397200.805195112538058, 5027349.070649250410497 ], [ 397197.087867614056449, 5027336.521161932498217 ], [ 397192.718845164577942, 5027324.183423140086234 ], [ 397187.710102950921282, 5027312.091249757446349 ], [ 397182.075369587400928, 5027300.277785591781139 ], [ 397175.830089486378711, 5027288.775410526432097 ], [ 397168.991380526626017, 5027277.615651772357523 ], [ 397161.577987134049181, 5027266.829097453504801 ], [ 397153.610228904522955, 5027256.445312763564289 ], [ 397145.109944909636397, 5027246.492758937180042 ], [ 397136.100433836923912, 5027236.998715229332447 ], [ 397126.60639013000764, 5027227.989204157143831 ], [ 397116.653836302750278, 5027219.488920162431896 ], [ 397106.270051613391843, 5027211.521161932498217 ], [ 397095.483497294073459, 5027204.107768540270627 ], [ 397084.323738540289924, 5027197.269059580750763 ], [ 397072.821363475173712, 5027191.023779479786754 ], [ 397061.007899309217464, 5027185.389046115800738 ], [ 397048.915725926635787, 5027180.380303902551532 ], [ 397036.577987134049181, 5027176.011281453073025 ], [ 397024.02849981590407, 5027172.29395395424217 ], [ 397011.301661244709976, 5027169.238510343246162 ], [ 396998.43235480034491, 5027166.853325377218425 ], [ 396985.455854357220232, 5027165.144936684519053 ], [ 396972.407727601006627, 5027164.118026837706566 ], [ 396959.323738540289924, 5027163.775410526432097 ], [ 396946.23974947957322, 5027164.118026837706566 ], [ 396933.191622723359615, 5027165.144936684519053 ], [ 396920.215122280234937, 5027166.853325377218425 ], [ 396907.345815835869871, 5027169.238510343246162 ], [ 396894.618977264675777, 5027172.29395395424217 ], [ 396882.069489946530666, 5027176.011281453073025 ], [ 396869.73175115394406, 5027180.380303902551532 ], [ 396857.639577771362383, 5027185.389046115800738 ], [ 396845.826113605406135, 5027191.023779479786754 ], [ 396834.323738540289924, 5027197.269059580750763 ], [ 396823.163979786506388, 5027204.107768540270627 ], [ 396812.377425467188004, 5027211.521161932498217 ], [ 396801.993640777829569, 5027219.488920162431896 ], [ 396792.041086950572208, 5027227.989204157143831 ], [ 396782.547043243655935, 5027236.998715229332447 ], [ 396773.53753217094345, 5027246.492758937180042 ], [ 396765.037248176056892, 5027256.445312763564289 ], [ 396757.069489946530666, 5027266.829097453504801 ], [ 396749.65609655395383, 5027277.615651772357523 ], [ 396742.817387594201136, 5027288.775410526432097 ], [ 396736.572107493178919, 5027300.277785591781139 ], [ 396730.937374129658565, 5027312.091249757446349 ], [ 396725.928631916001905, 5027324.183423140086234 ], [ 396721.559609466523398, 5027336.521161932498217 ], [ 396717.842281968041789, 5027349.070649250410497 ], [ 396714.78683835681295, 5027361.79748782236129 ], [ 396712.401653391483705, 5027374.666794266551733 ], [ 396710.693264698202256, 5027387.643294709734619 ], [ 396709.6663548516226, 5027400.691421465948224 ], [ 396709.323738540289924, 5027413.775410526432097 ], [ 396709.6663548516226, 5027426.85939958691597 ], [ 396710.693264698202256, 5027439.907526343129575 ], [ 396712.401653391483705, 5027452.884026786312461 ], [ 396714.78683835681295, 5027465.753333230502903 ], [ 396717.842281968041789, 5027478.480171802453697 ], [ 396721.559609466523398, 5027491.029659120365977 ], [ 396725.928631916001905, 5027503.36739791277796 ], [ 396730.937374129658565, 5027515.459571295417845 ], [ 396736.572107493178919, 5027527.273035461083055 ], [ 396742.817387594201136, 5027538.775410526432097 ], [ 396749.65609655395383, 5027549.93516928050667 ], [ 396757.069489946530666, 5027560.721723599359393 ], [ 396765.037248176056892, 5027571.105508289299905 ], [ 396773.53753217094345, 5027581.058062115684152 ], [ 396782.547043243655935, 5027590.552105823531747 ], [ 396792.041086950572208, 5027599.561616895720363 ], [ 396801.993640777829569, 5027608.061900890432298 ], [ 396812.377425467188004, 5027616.029659120365977 ], [ 396823.163979786506388, 5027623.443052512593567 ], [ 396834.323738540289924, 5027630.281761472113431 ], [ 396845.826113605406135, 5027636.52704157307744 ], [ 396857.639577771362383, 5027642.161774937063456 ], [ 396869.73175115394406, 5027647.170517150312662 ], [ 396882.069489946530666, 5027651.539539599791169 ], [ 396894.618977264675777, 5027655.256867098622024 ], [ 396907.345815835869871, 5027658.312310709618032 ], [ 396920.215122280234937, 5027660.697495675645769 ], [ 396933.191622723359615, 5027662.405884368345141 ], [ 396946.23974947957322, 5027663.432794215157628 ], [ 396959.323738540289924, 5027663.775410526432097 ], [ 396972.407727601006627, 5027663.432794215157628 ], [ 396985.455854357220232, 5027662.405884368345141 ], [ 396998.43235480034491, 5027660.697495675645769 ], [ 397011.301661244709976, 5027658.312310709618032 ], [ 397024.02849981590407, 5027655.256867098622024 ], [ 397036.577987134049181, 5027651.539539599791169 ], [ 397048.915725926635787, 5027647.170517150312662 ], [ 397061.007899309217464, 5027642.161774937063456 ], [ 397072.821363475173712, 5027636.52704157307744 ], [ 397084.323738540289924, 5027630.281761472113431 ], [ 397095.483497294073459, 5027623.443052512593567 ], [ 397106.270051613391843, 5027616.029659120365977 ], [ 397116.653836302750278, 5027608.061900890432298 ], [ 397126.60639013000764, 5027599.561616895720363 ], [ 397136.100433836923912, 5027590.552105823531747 ], [ 397145.109944909636397, 5027581.058062115684152 ], [ 397153.610228904522955, 5027571.105508289299905 ], [ 397161.577987134049181, 5027560.721723599359393 ], [ 397168.991380526626017, 5027549.93516928050667 ], [ 397175.830089486378711, 5027538.775410526432097 ], [ 397182.075369587400928, 5027527.273035461083055 ], [ 397187.710102950921282, 5027515.459571295417845 ], [ 397192.718845164577942, 5027503.36739791277796 ], [ 397197.087867614056449, 5027491.029659120365977 ], [ 397200.805195112538058, 5027478.480171802453697 ], [ 397203.860638723766897, 5027465.753333230502903 ], [ 397206.245823689096142, 5027452.884026786312461 ], [ 397207.954212382377591, 5027439.907526343129575 ], [ 397208.981122228957247, 5027426.85939958691597 ], [ 397209.323738540289924, 5027413.775410526432097 ] ] ] } },
{ "type": "Feature", "properties": { "site": 17, "transect": 17.2 }, "geometry": { "type": "Polygon", "coordinates": [ [ [ 397520.302525686565787, 5027490.093987349420786 ], [ 397519.95990937523311, 5027477.009998288936913 ], [ 397518.932999528653454, 5027463.961871532723308 ], [ 397517.224610835372005, 5027450.985371089540422 ], [ 397514.83942587004276, 5027438.116064645349979 ], [ 397511.783982258813921, 5027425.389226073399186 ], [ 397508.066654760332312, 5027412.839738755486906 ], [ 397503.697632310853805, 5027400.501999963074923 ], [ 397498.688890097197145, 5027388.409826580435038 ], [ 397493.054156733676791, 5027376.596362414769828 ], [ 397486.808876632654574, 5027365.093987349420786 ], [ 397479.97016767290188, 5027353.934228595346212 ], [ 397472.556774280325044, 5027343.14767427649349 ], [ 397464.589016050798818, 5027332.763889586552978 ], [ 397456.08873205591226, 5027322.811335760168731 ], [ 397447.079220983199775, 5027313.317292052321136 ], [ 397437.585177276283503, 5027304.30778098013252 ], [ 397427.632623449026141, 5027295.807496985420585 ], [ 397417.248838759667706, 5027287.839738755486906 ], [ 397406.462284440349322, 5027280.426345363259315 ], [ 397395.302525686565787, 5027273.587636403739452 ], [ 397383.800150621449575, 5027267.342356302775443 ], [ 397371.986686455493327, 5027261.707622938789427 ], [ 397359.89451307291165, 5027256.698880725540221 ], [ 397347.556774280325044, 5027252.329858276061714 ], [ 397335.007286962179933, 5027248.612530777230859 ], [ 397322.280448390985839, 5027245.557087166234851 ], [ 397309.411141946620774, 5027243.171902200207114 ], [ 397296.434641503496096, 5027241.463513507507741 ], [ 397283.38651474728249, 5027240.436603660695255 ], [ 397270.302525686565787, 5027240.093987349420786 ], [ 397257.218536625849083, 5027240.436603660695255 ], [ 397244.170409869635478, 5027241.463513507507741 ], [ 397231.1939094265108, 5027243.171902200207114 ], [ 397218.324602982145734, 5027245.557087166234851 ], [ 397205.59776441095164, 5027248.612530777230859 ], [ 397193.048277092806529, 5027252.329858276061714 ], [ 397180.710538300219923, 5027256.698880725540221 ], [ 397168.618364917638246, 5027261.707622938789427 ], [ 397156.804900751681998, 5027267.342356302775443 ], [ 397145.302525686565787, 5027273.587636403739452 ], [ 397134.142766932782251, 5027280.426345363259315 ], [ 397123.356212613463867, 5027287.839738755486906 ], [ 397112.972427924105432, 5027295.807496985420585 ], [ 397103.019874096848071, 5027304.30778098013252 ], [ 397093.525830389931798, 5027313.317292052321136 ], [ 397084.516319317219313, 5027322.811335760168731 ], [ 397076.016035322332755, 5027332.763889586552978 ], [ 397068.048277092806529, 5027343.14767427649349 ], [ 397060.634883700229693, 5027353.934228595346212 ], [ 397053.796174740476999, 5027365.093987349420786 ], [ 397047.550894639454782, 5027376.596362414769828 ], [ 397041.916161275934428, 5027388.409826580435038 ], [ 397036.907419062277768, 5027400.501999963074923 ], [ 397032.538396612799261, 5027412.839738755486906 ], [ 397028.821069114317652, 5027425.389226073399186 ], [ 397025.765625503088813, 5027438.116064645349979 ], [ 397023.380440537759569, 5027450.985371089540422 ], [ 397021.672051844478119, 5027463.961871532723308 ], [ 397020.645141997898463, 5027477.009998288936913 ], [ 397020.302525686565787, 5027490.093987349420786 ], [ 397020.645141997898463, 5027503.177976409904659 ], [ 397021.672051844478119, 5027516.226103166118264 ], [ 397023.380440537759569, 5027529.20260360930115 ], [ 397025.765625503088813, 5027542.071910053491592 ], [ 397028.821069114317652, 5027554.798748625442386 ], [ 397032.538396612799261, 5027567.348235943354666 ], [ 397036.907419062277768, 5027579.685974735766649 ], [ 397041.916161275934428, 5027591.778148118406534 ], [ 397047.550894639454782, 5027603.591612284071743 ], [ 397053.796174740476999, 5027615.093987349420786 ], [ 397060.634883700229693, 5027626.253746103495359 ], [ 397068.048277092806529, 5027637.040300422348082 ], [ 397076.016035322332755, 5027647.424085112288594 ], [ 397084.516319317219313, 5027657.376638938672841 ], [ 397093.525830389931798, 5027666.870682646520436 ], [ 397103.019874096848071, 5027675.880193718709052 ], [ 397112.972427924105432, 5027684.380477713420987 ], [ 397123.356212613463867, 5027692.348235943354666 ], [ 397134.142766932782251, 5027699.761629335582256 ], [ 397145.302525686565787, 5027706.600338295102119 ], [ 397156.804900751681998, 5027712.845618396066129 ], [ 397168.618364917638246, 5027718.480351760052145 ], [ 397180.710538300219923, 5027723.489093973301351 ], [ 397193.048277092806529, 5027727.858116422779858 ], [ 397205.59776441095164, 5027731.575443921610713 ], [ 397218.324602982145734, 5027734.630887532606721 ], [ 397231.1939094265108, 5027737.016072498634458 ], [ 397244.170409869635478, 5027738.72446119133383 ], [ 397257.218536625849083, 5027739.751371038146317 ], [ 397270.302525686565787, 5027740.093987349420786 ], [ 397283.38651474728249, 5027739.751371038146317 ], [ 397296.434641503496096, 5027738.72446119133383 ], [ 397309.411141946620774, 5027737.016072498634458 ], [ 397322.280448390985839, 5027734.630887532606721 ], [ 397335.007286962179933, 5027731.575443921610713 ], [ 397347.556774280325044, 5027727.858116422779858 ], [ 397359.89451307291165, 5027723.489093973301351 ], [ 397371.986686455493327, 5027718.480351760052145 ], [ 397383.800150621449575, 5027712.845618396066129 ], [ 397395.302525686565787, 5027706.600338295102119 ], [ 397406.462284440349322, 5027699.761629335582256 ], [ 397417.248838759667706, 5027692.348235943354666 ], [ 397427.632623449026141, 5027684.380477713420987 ], [ 397437.585177276283503, 5027675.880193718709052 ], [ 397447.079220983199775, 5027666.870682646520436 ], [ 397456.08873205591226, 5027657.376638938672841 ], [ 397464.589016050798818, 5027647.424085112288594 ], [ 397472.556774280325044, 5027637.040300422348082 ], [ 397479.97016767290188, 5027626.253746103495359 ], [ 397486.808876632654574, 5027615.093987349420786 ], [ 397493.054156733676791, 5027603.591612284071743 ], [ 397498.688890097197145, 5027591.778148118406534 ], [ 397503.697632310853805, 5027579.685974735766649 ], [ 397508.066654760332312, 5027567.348235943354666 ], [ 397511.783982258813921, 5027554.798748625442386 ], [ 397514.83942587004276, 5027542.071910053491592 ], [ 397517.224610835372005, 5027529.20260360930115 ], [ 397518.932999528653454, 5027516.226103166118264 ], [ 397519.95990937523311, 5027503.177976409904659 ], [ 397520.302525686565787, 5027490.093987349420786 ] ] ] } },
{ "type": "Feature", "properties": { "site": 17, "transect": 17.3 }, "geometry": { "type": "Polygon", "coordinates": [ [ [ 397553.030856579192914, 5027444.692741548642516 ], [ 397552.688240267860238, 5027431.608752488158643 ], [ 397551.661330421280582, 5027418.560625731945038 ], [ 397549.952941727999132, 5027405.584125288762152 ], [ 397547.567756762669887, 5027392.71481884457171 ], [ 397544.512313151441049, 5027379.987980272620916 ], [ 397540.79498565295944, 5027367.438492954708636 ], [ 397536.425963203480933, 5027355.100754162296653 ], [ 397531.417220989824273, 5027343.008580779656768 ], [ 397525.782487626303919, 5027331.195116613991559 ], [ 397519.537207525281701, 5027319.692741548642516 ], [ 397512.698498565529007, 5027308.532982794567943 ], [ 397505.285105172952171, 5027297.74642847571522 ], [ 397497.317346943425946, 5027287.362643785774708 ], [ 397488.817062948539387, 5027277.410089959390461 ], [ 397479.807551875826903, 5027267.916046251542866 ], [ 397470.31350816891063, 5027258.90653517935425 ], [ 397460.360954341653269, 5027250.406251184642315 ], [ 397449.977169652294833, 5027242.438492954708636 ], [ 397439.190615332976449, 5027235.025099562481046 ], [ 397428.030856579192914, 5027228.186390602961183 ], [ 397416.528481514076702, 5027221.941110501997173 ], [ 397404.715017348120455, 5027216.306377138011158 ], [ 397392.622843965538777, 5027211.297634924761951 ], [ 397380.285105172952171, 5027206.928612475283444 ], [ 397367.73561785480706, 5027203.211284976452589 ], [ 397355.008779283612967, 5027200.155841365456581 ], [ 397342.139472839247901, 5027197.770656399428844 ], [ 397329.162972396123223, 5027196.062267706729472 ], [ 397316.114845639909618, 5027195.035357859916985 ], [ 397303.030856579192914, 5027194.692741548642516 ], [ 397289.946867518476211, 5027195.035357859916985 ], [ 397276.898740762262605, 5027196.062267706729472 ], [ 397263.922240319137927, 5027197.770656399428844 ], [ 397251.052933874772862, 5027200.155841365456581 ], [ 397238.326095303578768, 5027203.211284976452589 ], [ 397225.776607985433657, 5027206.928612475283444 ], [ 397213.438869192847051, 5027211.297634924761951 ], [ 397201.346695810265373, 5027216.306377138011158 ], [ 397189.533231644309126, 5027221.941110501997173 ], [ 397178.030856579192914, 5027228.186390602961183 ], [ 397166.871097825409379, 5027235.025099562481046 ], [ 397156.084543506090995, 5027242.438492954708636 ], [ 397145.700758816732559, 5027250.406251184642315 ], [ 397135.748204989475198, 5027258.90653517935425 ], [ 397126.254161282558925, 5027267.916046251542866 ], [ 397117.244650209846441, 5027277.410089959390461 ], [ 397108.744366214959882, 5027287.362643785774708 ], [ 397100.776607985433657, 5027297.74642847571522 ], [ 397093.363214592856821, 5027308.532982794567943 ], [ 397086.524505633104127, 5027319.692741548642516 ], [ 397080.279225532081909, 5027331.195116613991559 ], [ 397074.644492168561555, 5027343.008580779656768 ], [ 397069.635749954904895, 5027355.100754162296653 ], [ 397065.266727505426388, 5027367.438492954708636 ], [ 397061.549400006944779, 5027379.987980272620916 ], [ 397058.493956395715941, 5027392.71481884457171 ], [ 397056.108771430386696, 5027405.584125288762152 ], [ 397054.400382737105247, 5027418.560625731945038 ], [ 397053.373472890525591, 5027431.608752488158643 ], [ 397053.030856579192914, 5027444.692741548642516 ], [ 397053.373472890525591, 5027457.776730609126389 ], [ 397054.400382737105247, 5027470.824857365339994 ], [ 397056.108771430386696, 5027483.80135780852288 ], [ 397058.493956395715941, 5027496.670664252713323 ], [ 397061.549400006944779, 5027509.397502824664116 ], [ 397065.266727505426388, 5027521.946990142576396 ], [ 397069.635749954904895, 5027534.284728934988379 ], [ 397074.644492168561555, 5027546.376902317628264 ], [ 397080.279225532081909, 5027558.190366483293474 ], [ 397086.524505633104127, 5027569.692741548642516 ], [ 397093.363214592856821, 5027580.85250030271709 ], [ 397100.776607985433657, 5027591.639054621569812 ], [ 397108.744366214959882, 5027602.022839311510324 ], [ 397117.244650209846441, 5027611.975393137894571 ], [ 397126.254161282558925, 5027621.469436845742166 ], [ 397135.748204989475198, 5027630.478947917930782 ], [ 397145.700758816732559, 5027638.979231912642717 ], [ 397156.084543506090995, 5027646.946990142576396 ], [ 397166.871097825409379, 5027654.360383534803987 ], [ 397178.030856579192914, 5027661.19909249432385 ], [ 397189.533231644309126, 5027667.444372595287859 ], [ 397201.346695810265373, 5027673.079105959273875 ], [ 397213.438869192847051, 5027678.087848172523081 ], [ 397225.776607985433657, 5027682.456870622001588 ], [ 397238.326095303578768, 5027686.174198120832443 ], [ 397251.052933874772862, 5027689.229641731828451 ], [ 397263.922240319137927, 5027691.614826697856188 ], [ 397276.898740762262605, 5027693.323215390555561 ], [ 397289.946867518476211, 5027694.350125237368047 ], [ 397303.030856579192914, 5027694.692741548642516 ], [ 397316.114845639909618, 5027694.350125237368047 ], [ 397329.162972396123223, 5027693.323215390555561 ], [ 397342.139472839247901, 5027691.614826697856188 ], [ 397355.008779283612967, 5027689.229641731828451 ], [ 397367.73561785480706, 5027686.174198120832443 ], [ 397380.285105172952171, 5027682.456870622001588 ], [ 397392.622843965538777, 5027678.087848172523081 ], [ 397404.715017348120455, 5027673.079105959273875 ], [ 397416.528481514076702, 5027667.444372595287859 ], [ 397428.030856579192914, 5027661.19909249432385 ], [ 397439.190615332976449, 5027654.360383534803987 ], [ 397449.977169652294833, 5027646.946990142576396 ], [ 397460.360954341653269, 5027638.979231912642717 ], [ 397470.31350816891063, 5027630.478947917930782 ], [ 397479.807551875826903, 5027621.469436845742166 ], [ 397488.817062948539387, 5027611.975393137894571 ], [ 397497.317346943425946, 5027602.022839311510324 ], [ 397505.285105172952171, 5027591.639054621569812 ], [ 397512.698498565529007, 5027580.85250030271709 ], [ 397519.537207525281701, 5027569.692741548642516 ], [ 397525.782487626303919, 5027558.190366483293474 ], [ 397531.417220989824273, 5027546.376902317628264 ], [ 397536.425963203480933, 5027534.284728934988379 ], [ 397540.79498565295944, 5027521.946990142576396 ], [ 397544.512313151441049, 5027509.397502824664116 ], [ 397547.567756762669887, 5027496.670664252713323 ], [ 397549.952941727999132, 5027483.80135780852288 ], [ 397551.661330421280582, 5027470.824857365339994 ], [ 397552.688240267860238, 5027457.776730609126389 ], [ 397553.030856579192914, 5027444.692741548642516 ] ] ] } },
{ "type": "Feature", "properties": { "site": 17, "transect": 17.4 }, "geometry": { "type": "Polygon", "coordinates": [ [ [ 397723.917358592327219, 5027303.680326510220766 ], [ 397723.574742280994542, 5027290.596337449736893 ], [ 397722.547832434414886, 5027277.548210693523288 ], [ 397720.839443741133437, 5027264.571710250340402 ], [ 397718.454258775804192, 5027251.70240380614996 ], [ 397715.398815164575353, 5027238.975565234199166 ], [ 397711.681487666093744, 5027226.426077916286886 ], [ 397707.312465216615237, 5027214.088339123874903 ], [ 397702.303723002958577, 5027201.996165741235018 ], [ 397696.668989639438223, 5027190.182701575569808 ], [ 397690.423709538416006, 5027178.680326510220766 ], [ 397683.585000578663312, 5027167.520567756146193 ], [ 397676.171607186086476, 5027156.73401343729347 ], [ 397668.20384895656025, 5027146.350228747352958 ], [ 397659.703564961673692, 5027136.397674920968711 ], [ 397650.694053888961207, 5027126.903631213121116 ], [ 397641.200010182044934, 5027117.8941201409325 ], [ 397631.247456354787573, 5027109.393836146220565 ], [ 397620.863671665429138, 5027101.426077916286886 ], [ 397610.077117346110754, 5027094.012684524059296 ], [ 397598.917358592327219, 5027087.173975564539433 ], [ 397587.414983527211007, 5027080.928695463575423 ], [ 397575.601519361254759, 5027075.293962099589407 ], [ 397563.509345978673082, 5027070.285219886340201 ], [ 397551.171607186086476, 5027065.916197436861694 ], [ 397538.622119867941365, 5027062.198869938030839 ], [ 397525.895281296747271, 5027059.143426327034831 ], [ 397513.025974852382205, 5027056.758241361007094 ], [ 397500.049474409257527, 5027055.049852668307722 ], [ 397487.001347653043922, 5027054.022942821495235 ], [ 397473.917358592327219, 5027053.680326510220766 ], [ 397460.833369531610515, 5027054.022942821495235 ], [ 397447.78524277539691, 5027055.049852668307722 ], [ 397434.808742332272232, 5027056.758241361007094 ], [ 397421.939435887907166, 5027059.143426327034831 ], [ 397409.212597316713072, 5027062.198869938030839 ], [ 397396.663109998567961, 5027065.916197436861694 ], [ 397384.325371205981355, 5027070.285219886340201 ], [ 397372.233197823399678, 5027075.293962099589407 ], [ 397360.41973365744343, 5027080.928695463575423 ], [ 397348.917358592327219, 5027087.173975564539433 ], [ 397337.757599838543683, 5027094.012684524059296 ], [ 397326.971045519225299, 5027101.426077916286886 ], [ 397316.587260829866864, 5027109.393836146220565 ], [ 397306.634707002609503, 5027117.8941201409325 ], [ 397297.14066329569323, 5027126.903631213121116 ], [ 397288.131152222980745, 5027136.397674920968711 ], [ 397279.630868228094187, 5027146.350228747352958 ], [ 397271.663109998567961, 5027156.73401343729347 ], [ 397264.249716605991125, 5027167.520567756146193 ], [ 397257.411007646238431, 5027178.680326510220766 ], [ 397251.165727545216214, 5027190.182701575569808 ], [ 397245.53099418169586, 5027201.996165741235018 ], [ 397240.5222519680392, 5027214.088339123874903 ], [ 397236.153229518560693, 5027226.426077916286886 ], [ 397232.435902020079084, 5027238.975565234199166 ], [ 397229.380458408850245, 5027251.70240380614996 ], [ 397226.995273443521, 5027264.571710250340402 ], [ 397225.286884750239551, 5027277.548210693523288 ], [ 397224.259974903659895, 5027290.596337449736893 ], [ 397223.917358592327219, 5027303.680326510220766 ], [ 397224.259974903659895, 5027316.764315570704639 ], [ 397225.286884750239551, 5027329.812442326918244 ], [ 397226.995273443521, 5027342.78894277010113 ], [ 397229.380458408850245, 5027355.658249214291573 ], [ 397232.435902020079084, 5027368.385087786242366 ], [ 397236.153229518560693, 5027380.934575104154646 ], [ 397240.5222519680392, 5027393.272313896566629 ], [ 397245.53099418169586, 5027405.364487279206514 ], [ 397251.165727545216214, 5027417.177951444871724 ], [ 397257.411007646238431, 5027428.680326510220766 ], [ 397264.249716605991125, 5027439.84008526429534 ], [ 397271.663109998567961, 5027450.626639583148062 ], [ 397279.630868228094187, 5027461.010424273088574 ], [ 397288.131152222980745, 5027470.962978099472821 ], [ 397297.14066329569323, 5027480.457021807320416 ], [ 397306.634707002609503, 5027489.466532879509032 ], [ 397316.587260829866864, 5027497.966816874220967 ], [ 397326.971045519225299, 5027505.934575104154646 ], [ 397337.757599838543683, 5027513.347968496382236 ], [ 397348.917358592327219, 5027520.1866774559021 ], [ 397360.41973365744343, 5027526.431957556866109 ], [ 397372.233197823399678, 5027532.066690920852125 ], [ 397384.325371205981355, 5027537.075433134101331 ], [ 397396.663109998567961, 5027541.444455583579838 ], [ 397409.212597316713072, 5027545.161783082410693 ], [ 397421.939435887907166, 5027548.217226693406701 ], [ 397434.808742332272232, 5027550.602411659434438 ], [ 397447.78524277539691, 5027552.310800352133811 ], [ 397460.833369531610515, 5027553.337710198946297 ], [ 397473.917358592327219, 5027553.680326510220766 ], [ 397487.001347653043922, 5027553.337710198946297 ], [ 397500.049474409257527, 5027552.310800352133811 ], [ 397513.025974852382205, 5027550.602411659434438 ], [ 397525.895281296747271, 5027548.217226693406701 ], [ 397538.622119867941365, 5027545.161783082410693 ], [ 397551.171607186086476, 5027541.444455583579838 ], [ 397563.509345978673082, 5027537.075433134101331 ], [ 397575.601519361254759, 5027532.066690920852125 ], [ 397587.414983527211007, 5027526.431957556866109 ], [ 397598.917358592327219, 5027520.1866774559021 ], [ 397610.077117346110754, 5027513.347968496382236 ], [ 397620.863671665429138, 5027505.934575104154646 ], [ 397631.247456354787573, 5027497.966816874220967 ], [ 397641.200010182044934, 5027489.466532879509032 ], [ 397650.694053888961207, 5027480.457021807320416 ], [ 397659.703564961673692, 5027470.962978099472821 ], [ 397668.20384895656025, 5027461.010424273088574 ], [ 397676.171607186086476, 5027450.626639583148062 ], [ 397683.585000578663312, 5027439.84008526429534 ], [ 397690.423709538416006, 5027428.680326510220766 ], [ 397696.668989639438223, 5027417.177951444871724 ], [ 397702.303723002958577, 5027405.364487279206514 ], [ 397707.312465216615237, 5027393.272313896566629 ], [ 397711.681487666093744, 5027380.934575104154646 ], [ 397715.398815164575353, 5027368.385087786242366 ], [ 397718.454258775804192, 5027355.658249214291573 ], [ 397720.839443741133437, 5027342.78894277010113 ], [ 397722.547832434414886, 5027329.812442326918244 ], [ 397723.574742280994542, 5027316.764315570704639 ], [ 397723.917358592327219, 5027303.680326510220766 ] ] ] } },
{ "type": "Feature", "properties": { "site": 17, "transect": 17.5 }, "geometry": { "type": "Polygon", "coordinates": [ [ [ 397420.09108543448383, 5027377.512481899000704 ], [ 397419.748469123151153, 5027364.428492838516831 ], [ 397418.721559276571497, 5027351.380366082303226 ], [ 397417.013170583290048, 5027338.40386563912034 ], [ 397414.627985617960803, 5027325.534559194929898 ], [ 397411.572542006731965, 5027312.807720622979105 ], [ 397407.855214508250356, 5027300.258233305066824 ], [ 397403.486192058771849, 5027287.920494512654841 ], [ 397398.477449845115189, 5027275.828321130014956 ], [ 397392.842716481594834, 5027264.014856964349747 ], [ 397386.597436380572617, 5027252.512481899000704 ], [ 397379.758727420819923, 5027241.352723144926131 ], [ 397372.345334028243087, 5027230.566168826073408 ], [ 397364.377575798716862, 5027220.182384136132896 ], [ 397355.877291803830303, 5027210.22983030974865 ], [ 397346.867780731117819, 5027200.735786601901054 ], [ 397337.373737024201546, 5027191.726275529712439 ], [ 397327.421183196944185, 5027183.225991535000503 ], [ 397317.037398507585749, 5027175.258233305066824 ], [ 397306.250844188267365, 5027167.844839912839234 ], [ 397295.09108543448383, 5027161.006130953319371 ], [ 397283.588710369367618, 5027154.760850852355361 ], [ 397271.775246203411371, 5027149.126117488369346 ], [ 397259.683072820829693, 5027144.117375275120139 ], [ 397247.345334028243087, 5027139.748352825641632 ], [ 397234.795846710097976, 5027136.031025326810777 ], [ 397222.069008138903882, 5027132.975581715814769 ], [ 397209.199701694538817, 5027130.590396749787033 ], [ 397196.223201251414139, 5027128.88200805708766 ], [ 397183.175074495200533, 5027127.855098210275173 ], [ 397170.09108543448383, 5027127.512481899000704 ], [ 397157.007096373767126, 5027127.855098210275173 ], [ 397143.958969617553521, 5027128.88200805708766 ], [ 397130.982469174428843, 5027130.590396749787033 ], [ 397118.113162730063777, 5027132.975581715814769 ], [ 397105.386324158869684, 5027136.031025326810777 ], [ 397092.836836840724573, 5027139.748352825641632 ], [ 397080.499098048137967, 5027144.117375275120139 ], [ 397068.406924665556289, 5027149.126117488369346 ], [ 397056.593460499600042, 5027154.760850852355361 ], [ 397045.09108543448383, 5027161.006130953319371 ], [ 397033.931326680700295, 5027167.844839912839234 ], [ 397023.144772361381911, 5027175.258233305066824 ], [ 397012.760987672023475, 5027183.225991535000503 ], [ 397002.808433844766114, 5027191.726275529712439 ], [ 396993.314390137849841, 5027200.735786601901054 ], [ 396984.304879065137357, 5027210.22983030974865 ], [ 396975.804595070250798, 5027220.182384136132896 ], [ 396967.836836840724573, 5027230.566168826073408 ], [ 396960.423443448147736, 5027241.352723144926131 ], [ 396953.584734488395043, 5027252.512481899000704 ], [ 396947.339454387372825, 5027264.014856964349747 ], [ 396941.704721023852471, 5027275.828321130014956 ], [ 396936.695978810195811, 5027287.920494512654841 ], [ 396932.326956360717304, 5027300.258233305066824 ], [ 396928.609628862235695, 5027312.807720622979105 ], [ 396925.554185251006857, 5027325.534559194929898 ], [ 396923.169000285677612, 5027338.40386563912034 ], [ 396921.460611592396162, 5027351.380366082303226 ], [ 396920.433701745816506, 5027364.428492838516831 ], [ 396920.09108543448383, 5027377.512481899000704 ], [ 396920.433701745816506, 5027390.596470959484577 ], [ 396921.460611592396162, 5027403.644597715698183 ], [ 396923.169000285677612, 5027416.621098158881068 ], [ 396925.554185251006857, 5027429.490404603071511 ], [ 396928.609628862235695, 5027442.217243175022304 ], [ 396932.326956360717304, 5027454.766730492934585 ], [ 396936.695978810195811, 5027467.104469285346568 ], [ 396941.704721023852471, 5027479.196642667986453 ], [ 396947.339454387372825, 5027491.010106833651662 ], [ 396953.584734488395043, 5027502.512481899000704 ], [ 396960.423443448147736, 5027513.672240653075278 ], [ 396967.836836840724573, 5027524.458794971928 ], [ 396975.804595070250798, 5027534.842579661868513 ], [ 396984.304879065137357, 5027544.795133488252759 ], [ 396993.314390137849841, 5027554.289177196100354 ], [ 397002.808433844766114, 5027563.29868826828897 ], [ 397012.760987672023475, 5027571.798972263000906 ], [ 397023.144772361381911, 5027579.766730492934585 ], [ 397033.931326680700295, 5027587.180123885162175 ], [ 397045.09108543448383, 5027594.018832844682038 ], [ 397056.593460499600042, 5027600.264112945646048 ], [ 397068.406924665556289, 5027605.898846309632063 ], [ 397080.499098048137967, 5027610.907588522881269 ], [ 397092.836836840724573, 5027615.276610972359776 ], [ 397105.386324158869684, 5027618.993938471190631 ], [ 397118.113162730063777, 5027622.049382082186639 ], [ 397130.982469174428843, 5027624.434567048214376 ], [ 397143.958969617553521, 5027626.142955740913749 ], [ 397157.007096373767126, 5027627.169865587726235 ], [ 397170.09108543448383, 5027627.512481899000704 ], [ 397183.175074495200533, 5027627.169865587726235 ], [ 397196.223201251414139, 5027626.142955740913749 ], [ 397209.199701694538817, 5027624.434567048214376 ], [ 397222.069008138903882, 5027622.049382082186639 ], [ 397234.795846710097976, 5027618.993938471190631 ], [ 397247.345334028243087, 5027615.276610972359776 ], [ 397259.683072820829693, 5027610.907588522881269 ], [ 397271.775246203411371, 5027605.898846309632063 ], [ 397283.588710369367618, 5027600.264112945646048 ], [ 397295.09108543448383, 5027594.018832844682038 ], [ 397306.250844188267365, 5027587.180123885162175 ], [ 397317.037398507585749, 5027579.766730492934585 ], [ 397327.421183196944185, 5027571.798972263000906 ], [ 397337.373737024201546, 5027563.29868826828897 ], [ 397346.867780731117819, 5027554.289177196100354 ], [ 397355.877291803830303, 5027544.795133488252759 ], [ 397364.377575798716862, 5027534.842579661868513 ], [ 397372.345334028243087, 5027524.458794971928 ], [ 397379.758727420819923, 5027513.672240653075278 ], [ 397386.597436380572617, 5027502.512481899000704 ], [ 397392.842716481594834, 5027491.010106833651662 ], [ 397398.477449845115189, 5027479.196642667986453 ], [ 397403.486192058771849, 5027467.104469285346568 ], [ 397407.855214508250356, 5027454.766730492934585 ], [ 397411.572542006731965, 5027442.217243175022304 ], [ 397414.627985617960803, 5027429.490404603071511 ], [ 397417.013170583290048, 5027416.621098158881068 ], [ 397418.721559276571497, 5027403.644597715698183 ], [ 397419.748469123151153, 5027390.596470959484577 ], [ 397420.09108543448383, 5027377.512481899000704 ] ] ] } },
{ "type": "Feature", "properties": { "site": 17, "transect": 17.6 }, "geometry": { "type": "Polygon", "coordinates": [ [ [ 397389.270831479574554, 5027294.968135744333267 ], [ 397388.928215168241877, 5027281.884146683849394 ], [ 397387.901305321662221, 5027268.836019927635789 ], [ 397386.192916628380772, 5027255.859519484452903 ], [ 397383.807731663051527, 5027242.990213040262461 ], [ 397380.752288051822688, 5027230.263374468311667 ], [ 397377.03496055334108, 5027217.713887150399387 ], [ 397372.665938103862572, 5027205.376148357987404 ], [ 397367.657195890205912, 5027193.283974975347519 ], [ 397362.022462526685558, 5027181.47051080968231 ], [ 397355.777182425663341, 5027169.968135744333267 ], [ 397348.938473465910647, 5027158.808376990258694 ], [ 397341.525080073333811, 5027148.021822671405971 ], [ 397333.557321843807586, 5027137.638037981465459 ], [ 397325.057037848921027, 5027127.685484155081213 ], [ 397316.047526776208542, 5027118.191440447233617 ], [ 397306.55348306929227, 5027109.181929375045002 ], [ 397296.600929242034908, 5027100.681645380333066 ], [ 397286.217144552676473, 5027092.713887150399387 ], [ 397275.430590233358089, 5027085.300493758171797 ], [ 397264.270831479574554, 5027078.461784798651934 ], [ 397252.768456414458342, 5027072.216504697687924 ], [ 397240.954992248502094, 5027066.581771333701909 ], [ 397228.862818865920417, 5027061.573029120452702 ], [ 397216.525080073333811, 5027057.204006670974195 ], [ 397203.9755927551887, 5027053.48667917214334 ], [ 397191.248754183994606, 5027050.431235561147332 ], [ 397178.379447739629541, 5027048.046050595119596 ], [ 397165.402947296504863, 5027046.337661902420223 ], [ 397152.354820540291257, 5027045.310752055607736 ], [ 397139.270831479574554, 5027044.968135744333267 ], [ 397126.18684241885785, 5027045.310752055607736 ], [ 397113.138715662644245, 5027046.337661902420223 ], [ 397100.162215219519567, 5027048.046050595119596 ], [ 397087.292908775154501, 5027050.431235561147332 ], [ 397074.566070203960408, 5027053.48667917214334 ], [ 397062.016582885815296, 5027057.204006670974195 ], [ 397049.67884409322869, 5027061.573029120452702 ], [ 397037.586670710647013, 5027066.581771333701909 ], [ 397025.773206544690765, 5027072.216504697687924 ], [ 397014.270831479574554, 5027078.461784798651934 ], [ 397003.111072725791018, 5027085.300493758171797 ], [ 396992.324518406472635, 5027092.713887150399387 ], [ 396981.940733717114199, 5027100.681645380333066 ], [ 396971.988179889856838, 5027109.181929375045002 ], [ 396962.494136182940565, 5027118.191440447233617 ], [ 396953.48462511022808, 5027127.685484155081213 ], [ 396944.984341115341522, 5027137.638037981465459 ], [ 396937.016582885815296, 5027148.021822671405971 ], [ 396929.60318949323846, 5027158.808376990258694 ], [ 396922.764480533485767, 5027169.968135744333267 ], [ 396916.519200432463549, 5027181.47051080968231 ], [ 396910.884467068943195, 5027193.283974975347519 ], [ 396905.875724855286535, 5027205.376148357987404 ], [ 396901.506702405808028, 5027217.713887150399387 ], [ 396897.789374907326419, 5027230.263374468311667 ], [ 396894.73393129609758, 5027242.990213040262461 ], [ 396892.348746330768336, 5027255.859519484452903 ], [ 396890.640357637486886, 5027268.836019927635789 ], [ 396889.61344779090723, 5027281.884146683849394 ], [ 396889.270831479574554, 5027294.968135744333267 ], [ 396889.61344779090723, 5027308.05212480481714 ], [ 396890.640357637486886, 5027321.100251561030746 ], [ 396892.348746330768336, 5027334.076752004213631 ], [ 396894.73393129609758, 5027346.946058448404074 ], [ 396897.789374907326419, 5027359.672897020354867 ], [ 396901.506702405808028, 5027372.222384338267148 ], [ 396905.875724855286535, 5027384.560123130679131 ], [ 396910.884467068943195, 5027396.652296513319016 ], [ 396916.519200432463549, 5027408.465760678984225 ], [ 396922.764480533485767, 5027419.968135744333267 ], [ 396929.60318949323846, 5027431.127894498407841 ], [ 396937.016582885815296, 5027441.914448817260563 ], [ 396944.984341115341522, 5027452.298233507201076 ], [ 396953.48462511022808, 5027462.250787333585322 ], [ 396962.494136182940565, 5027471.744831041432917 ], [ 396971.988179889856838, 5027480.754342113621533 ], [ 396981.940733717114199, 5027489.254626108333468 ], [ 396992.324518406472635, 5027497.222384338267148 ], [ 397003.111072725791018, 5027504.635777730494738 ], [ 397014.270831479574554, 5027511.474486690014601 ], [ 397025.773206544690765, 5027517.719766790978611 ], [ 397037.586670710647013, 5027523.354500154964626 ], [ 397049.67884409322869, 5027528.363242368213832 ], [ 397062.016582885815296, 5027532.732264817692339 ], [ 397074.566070203960408, 5027536.449592316523194 ], [ 397087.292908775154501, 5027539.505035927519202 ], [ 397100.162215219519567, 5027541.890220893546939 ], [ 397113.138715662644245, 5027543.598609586246312 ], [ 397126.18684241885785, 5027544.625519433058798 ], [ 397139.270831479574554, 5027544.968135744333267 ], [ 397152.354820540291257, 5027544.625519433058798 ], [ 397165.402947296504863, 5027543.598609586246312 ], [ 397178.379447739629541, 5027541.890220893546939 ], [ 397191.248754183994606, 5027539.505035927519202 ], [ 397203.9755927551887, 5027536.449592316523194 ], [ 397216.525080073333811, 5027532.732264817692339 ], [ 397228.862818865920417, 5027528.363242368213832 ], [ 397240.954992248502094, 5027523.354500154964626 ], [ 397252.768456414458342, 5027517.719766790978611 ], [ 397264.270831479574554, 5027511.474486690014601 ], [ 397275.430590233358089, 5027504.635777730494738 ], [ 397286.217144552676473, 5027497.222384338267148 ], [ 397296.600929242034908, 5027489.254626108333468 ], [ 397306.55348306929227, 5027480.754342113621533 ], [ 397316.047526776208542, 5027471.744831041432917 ], [ 397325.057037848921027, 5027462.250787333585322 ], [ 397333.557321843807586, 5027452.298233507201076 ], [ 397341.525080073333811, 5027441.914448817260563 ], [ 397348.938473465910647, 5027431.127894498407841 ], [ 397355.777182425663341, 5027419.968135744333267 ], [ 397362.022462526685558, 5027408.465760678984225 ], [ 397367.657195890205912, 5027396.652296513319016 ], [ 397372.665938103862572, 5027384.560123130679131 ], [ 397377.03496055334108, 5027372.222384338267148 ], [ 397380.752288051822688, 5027359.672897020354867 ], [ 397383.807731663051527, 5027346.946058448404074 ], [ 397386.192916628380772, 5027334.076752004213631 ], [ 397387.901305321662221, 5027321.100251561030746 ], [ 397388.928215168241877, 5027308.05212480481714 ], [ 397389.270831479574554, 5027294.968135744333267 ] ] ] } },
{ "type": "Feature", "properties": { "site": 18, "transect": 18.1 }, "geometry": { "type": "Polygon", "coordinates": [ [ [ 465479.404690052499063, 5010519.623023215681314 ], [ 465479.062073741166387, 5010506.539034155197442 ], [ 465478.035163894586731, 5010493.490907398983836 ], [ 465476.326775201305281, 5010480.514406955800951 ], [ 465473.941590235976037, 5010467.645100511610508 ], [ 465470.886146624747198, 5010454.918261939659715 ], [ 465467.168819126265589, 5010442.368774621747434 ], [ 465462.799796676787082, 5010430.031035829335451 ], [ 465457.791054463130422, 5010417.938862446695566 ], [ 465452.156321099610068, 5010406.125398281030357 ], [ 465445.91104099858785, 5010394.623023215681314 ], [ 465439.072332038835157, 5010383.463264461606741 ], [ 465431.658938646258321, 5010372.676710142754018 ], [ 465423.691180416732095, 5010362.292925452813506 ], [ 465415.190896421845537, 5010352.34037162642926 ], [ 465406.181385349133052, 5010342.846327918581665 ], [ 465396.687341642216779, 5010333.836816846393049 ], [ 465386.734787814959418, 5010325.336532851681113 ], [ 465376.351003125600982, 5010317.368774621747434 ], [ 465365.564448806282599, 5010309.955381229519844 ], [ 465354.404690052499063, 5010303.116672269999981 ], [ 465342.902314987382852, 5010296.871392169035971 ], [ 465331.088850821426604, 5010291.236658805049956 ], [ 465318.996677438844927, 5010286.227916591800749 ], [ 465306.658938646258321, 5010281.858894142322242 ], [ 465294.109451328113209, 5010278.141566643491387 ], [ 465281.382612756919116, 5010275.086123032495379 ], [ 465268.51330631255405, 5010272.700938066467643 ], [ 465255.536805869429372, 5010270.99254937376827 ], [ 465242.488679113215767, 5010269.965639526955783 ], [ 465229.404690052499063, 5010269.623023215681314 ], [ 465216.32070099178236, 5010269.965639526955783 ], [ 465203.272574235568754, 5010270.99254937376827 ], [ 465190.296073792444076, 5010272.700938066467643 ], [ 465177.426767348079011, 5010275.086123032495379 ], [ 465164.699928776884917, 5010278.141566643491387 ], [ 465152.150441458739806, 5010281.858894142322242 ], [ 465139.8127026661532, 5010286.227916591800749 ], [ 465127.720529283571523, 5010291.236658805049956 ], [ 465115.907065117615275, 5010296.871392169035971 ], [ 465104.404690052499063, 5010303.116672269999981 ], [ 465093.244931298715528, 5010309.955381229519844 ], [ 465082.458376979397144, 5010317.368774621747434 ], [ 465072.074592290038709, 5010325.336532851681113 ], [ 465062.122038462781347, 5010333.836816846393049 ], [ 465052.627994755865075, 5010342.846327918581665 ], [ 465043.61848368315259, 5010352.34037162642926 ], [ 465035.118199688266031, 5010362.292925452813506 ], [ 465027.150441458739806, 5010372.676710142754018 ], [ 465019.73704806616297, 5010383.463264461606741 ], [ 465012.898339106410276, 5010394.623023215681314 ], [ 465006.653059005388059, 5010406.125398281030357 ], [ 465001.018325641867705, 5010417.938862446695566 ], [ 464996.009583428211045, 5010430.031035829335451 ], [ 464991.640560978732537, 5010442.368774621747434 ], [ 464987.923233480250929, 5010454.918261939659715 ], [ 464984.86778986902209, 5010467.645100511610508 ], [ 464982.482604903692845, 5010480.514406955800951 ], [ 464980.774216210411396, 5010493.490907398983836 ], [ 464979.74730636383174, 5010506.539034155197442 ], [ 464979.404690052499063, 5010519.623023215681314 ], [ 464979.74730636383174, 5010532.707012276165187 ], [ 464980.774216210411396, 5010545.755139032378793 ], [ 464982.482604903692845, 5010558.731639475561678 ], [ 464984.86778986902209, 5010571.600945919752121 ], [ 464987.923233480250929, 5010584.327784491702914 ], [ 464991.640560978732537, 5010596.877271809615195 ], [ 464996.009583428211045, 5010609.215010602027178 ], [ 465001.018325641867705, 5010621.307183984667063 ], [ 465006.653059005388059, 5010633.120648150332272 ], [ 465012.898339106410276, 5010644.623023215681314 ], [ 465019.73704806616297, 5010655.782781969755888 ], [ 465027.150441458739806, 5010666.569336288608611 ], [ 465035.118199688266031, 5010676.953120978549123 ], [ 465043.61848368315259, 5010686.905674804933369 ], [ 465052.627994755865075, 5010696.399718512780964 ], [ 465062.122038462781347, 5010705.40922958496958 ], [ 465072.074592290038709, 5010713.909513579681516 ], [ 465082.458376979397144, 5010721.877271809615195 ], [ 465093.244931298715528, 5010729.290665201842785 ], [ 465104.404690052499063, 5010736.129374161362648 ], [ 465115.907065117615275, 5010742.374654262326658 ], [ 465127.720529283571523, 5010748.009387626312673 ], [ 465139.8127026661532, 5010753.01812983956188 ], [ 465152.150441458739806, 5010757.387152289040387 ], [ 465164.699928776884917, 5010761.104479787871242 ], [ 465177.426767348079011, 5010764.159923398867249 ], [ 465190.296073792444076, 5010766.545108364894986 ], [ 465203.272574235568754, 5010768.253497057594359 ], [ 465216.32070099178236, 5010769.280406904406846 ], [ 465229.404690052499063, 5010769.623023215681314 ], [ 465242.488679113215767, 5010769.280406904406846 ], [ 465255.536805869429372, 5010768.253497057594359 ], [ 465268.51330631255405, 5010766.545108364894986 ], [ 465281.382612756919116, 5010764.159923398867249 ], [ 465294.109451328113209, 5010761.104479787871242 ], [ 465306.658938646258321, 5010757.387152289040387 ], [ 465318.996677438844927, 5010753.01812983956188 ], [ 465331.088850821426604, 5010748.009387626312673 ], [ 465342.902314987382852, 5010742.374654262326658 ], [ 465354.404690052499063, 5010736.129374161362648 ], [ 465365.564448806282599, 5010729.290665201842785 ], [ 465376.351003125600982, 5010721.877271809615195 ], [ 465386.734787814959418, 5010713.909513579681516 ], [ 465396.687341642216779, 5010705.40922958496958 ], [ 465406.181385349133052, 5010696.399718512780964 ], [ 465415.190896421845537, 5010686.905674804933369 ], [ 465423.691180416732095, 5010676.953120978549123 ], [ 465431.658938646258321, 5010666.569336288608611 ], [ 465439.072332038835157, 5010655.782781969755888 ], [ 465445.91104099858785, 5010644.623023215681314 ], [ 465452.156321099610068, 5010633.120648150332272 ], [ 465457.791054463130422, 5010621.307183984667063 ], [ 465462.799796676787082, 5010609.215010602027178 ], [ 465467.168819126265589, 5010596.877271809615195 ], [ 465470.886146624747198, 5010584.327784491702914 ], [ 465473.941590235976037, 5010571.600945919752121 ], [ 465476.326775201305281, 5010558.731639475561678 ], [ 465478.035163894586731, 5010545.755139032378793 ], [ 465479.062073741166387, 5010532.707012276165187 ], [ 465479.404690052499063, 5010519.623023215681314 ] ] ] } },
{ "type": "Feature", "properties": { "site": 18, "transect": 18.2 }, "geometry": { "type": "Polygon", "coordinates": [ [ [ 465685.701729586173315, 5010560.449746504426003 ], [ 465685.359113274840638, 5010547.36575744394213 ], [ 465684.332203428260982, 5010534.317630687728524 ], [ 465682.623814734979533, 5010521.341130244545639 ], [ 465680.238629769650288, 5010508.471823800355196 ], [ 465677.183186158421449, 5010495.744985228404403 ], [ 465673.46585865993984, 5010483.195497910492122 ], [ 465669.096836210461333, 5010470.857759118080139 ], [ 465664.088093996804673, 5010458.765585735440254 ], [ 465658.453360633284319, 5010446.952121569775045 ], [ 465652.208080532262102, 5010435.449746504426003 ], [ 465645.369371572509408, 5010424.289987750351429 ], [ 465637.955978179932572, 5010413.503433431498706 ], [ 465629.988219950406346, 5010403.119648741558194 ], [ 465621.487935955519788, 5010393.167094915173948 ], [ 465612.478424882807303, 5010383.673051207326353 ], [ 465602.984381175891031, 5010374.663540135137737 ], [ 465593.031827348633669, 5010366.163256140425801 ], [ 465582.648042659275234, 5010358.195497910492122 ], [ 465571.86148833995685, 5010350.782104518264532 ], [ 465560.701729586173315, 5010343.943395558744669 ], [ 465549.199354521057103, 5010337.698115457780659 ], [ 465537.385890355100855, 5010332.063382093794644 ], [ 465525.293716972519178, 5010327.054639880545437 ], [ 465512.955978179932572, 5010322.68561743106693 ], [ 465500.406490861787461, 5010318.968289932236075 ], [ 465487.679652290593367, 5010315.912846321240067 ], [ 465474.810345846228302, 5010313.527661355212331 ], [ 465461.833845403103624, 5010311.819272662512958 ], [ 465448.785718646890018, 5010310.792362815700471 ], [ 465435.701729586173315, 5010310.449746504426003 ], [ 465422.617740525456611, 5010310.792362815700471 ], [ 465409.569613769243006, 5010311.819272662512958 ], [ 465396.593113326118328, 5010313.527661355212331 ], [ 465383.723806881753262, 5010315.912846321240067 ], [ 465370.996968310559168, 5010318.968289932236075 ], [ 465358.447480992414057, 5010322.68561743106693 ], [ 465346.109742199827451, 5010327.054639880545437 ], [ 465334.017568817245774, 5010332.063382093794644 ], [ 465322.204104651289526, 5010337.698115457780659 ], [ 465310.701729586173315, 5010343.943395558744669 ], [ 465299.541970832389779, 5010350.782104518264532 ], [ 465288.755416513071395, 5010358.195497910492122 ], [ 465278.37163182371296, 5010366.163256140425801 ], [ 465268.419077996455599, 5010374.663540135137737 ], [ 465258.925034289539326, 5010383.673051207326353 ], [ 465249.915523216826841, 5010393.167094915173948 ], [ 465241.415239221940283, 5010403.119648741558194 ], [ 465233.447480992414057, 5010413.503433431498706 ], [ 465226.034087599837221, 5010424.289987750351429 ], [ 465219.195378640084527, 5010435.449746504426003 ], [ 465212.95009853906231, 5010446.952121569775045 ], [ 465207.315365175541956, 5010458.765585735440254 ], [ 465202.306622961885296, 5010470.857759118080139 ], [ 465197.937600512406789, 5010483.195497910492122 ], [ 465194.22027301392518, 5010495.744985228404403 ], [ 465191.164829402696341, 5010508.471823800355196 ], [ 465188.779644437367097, 5010521.341130244545639 ], [ 465187.071255744085647, 5010534.317630687728524 ], [ 465186.044345897505991, 5010547.36575744394213 ], [ 465185.701729586173315, 5010560.449746504426003 ], [ 465186.044345897505991, 5010573.533735564909875 ], [ 465187.071255744085647, 5010586.581862321123481 ], [ 465188.779644437367097, 5010599.558362764306366 ], [ 465191.164829402696341, 5010612.427669208496809 ], [ 465194.22027301392518, 5010625.154507780447602 ], [ 465197.937600512406789, 5010637.703995098359883 ], [ 465202.306622961885296, 5010650.041733890771866 ], [ 465207.315365175541956, 5010662.133907273411751 ], [ 465212.95009853906231, 5010673.94737143907696 ], [ 465219.195378640084527, 5010685.449746504426003 ], [ 465226.034087599837221, 5010696.609505258500576 ], [ 465233.447480992414057, 5010707.396059577353299 ], [ 465241.415239221940283, 5010717.779844267293811 ], [ 465249.915523216826841, 5010727.732398093678057 ], [ 465258.925034289539326, 5010737.226441801525652 ], [ 465268.419077996455599, 5010746.235952873714268 ], [ 465278.37163182371296, 5010754.736236868426204 ], [ 465288.755416513071395, 5010762.703995098359883 ], [ 465299.541970832389779, 5010770.117388490587473 ], [ 465310.701729586173315, 5010776.956097450107336 ], [ 465322.204104651289526, 5010783.201377551071346 ], [ 465334.017568817245774, 5010788.836110915057361 ], [ 465346.109742199827451, 5010793.844853128306568 ], [ 465358.447480992414057, 5010798.213875577785075 ], [ 465370.996968310559168, 5010801.93120307661593 ], [ 465383.723806881753262, 5010804.986646687611938 ], [ 465396.593113326118328, 5010807.371831653639674 ], [ 465409.569613769243006, 5010809.080220346339047 ], [ 465422.617740525456611, 5010810.107130193151534 ], [ 465435.701729586173315, 5010810.449746504426003 ], [ 465448.785718646890018, 5010810.107130193151534 ], [ 465461.833845403103624, 5010809.080220346339047 ], [ 465474.810345846228302, 5010807.371831653639674 ], [ 465487.679652290593367, 5010804.986646687611938 ], [ 465500.406490861787461, 5010801.93120307661593 ], [ 465512.955978179932572, 5010798.213875577785075 ], [ 465525.293716972519178, 5010793.844853128306568 ], [ 465537.385890355100855, 5010788.836110915057361 ], [ 465549.199354521057103, 5010783.201377551071346 ], [ 465560.701729586173315, 5010776.956097450107336 ], [ 465571.86148833995685, 5010770.117388490587473 ], [ 465582.648042659275234, 5010762.703995098359883 ], [ 465593.031827348633669, 5010754.736236868426204 ], [ 465602.984381175891031, 5010746.235952873714268 ], [ 465612.478424882807303, 5010737.226441801525652 ], [ 465621.487935955519788, 5010727.732398093678057 ], [ 465629.988219950406346, 5010717.779844267293811 ], [ 465637.955978179932572, 5010707.396059577353299 ], [ 465645.369371572509408, 5010696.609505258500576 ], [ 465652.208080532262102, 5010685.449746504426003 ], [ 465658.453360633284319, 5010673.94737143907696 ], [ 465664.088093996804673, 5010662.133907273411751 ], [ 465669.096836210461333, 5010650.041733890771866 ], [ 465673.46585865993984, 5010637.703995098359883 ], [ 465677.183186158421449, 5010625.154507780447602 ], [ 465680.238629769650288, 5010612.427669208496809 ], [ 465682.623814734979533, 5010599.558362764306366 ], [ 465684.332203428260982, 5010586.581862321123481 ], [ 465685.359113274840638, 5010573.533735564909875 ], [ 465685.701729586173315, 5010560.449746504426003 ] ] ] } },
{ "type": "Feature", "properties": { "site": 19, "transect": 19.1 }, "geometry": { "type": "Polygon", "coordinates": [ [ [ 456423.822071194590535, 5026783.597757807001472 ], [ 456423.479454883257858, 5026770.513768746517599 ], [ 456422.452545036678202, 5026757.465641990303993 ], [ 456420.744156343396753, 5026744.489141547121108 ], [ 456418.358971378067508, 5026731.619835102930665 ], [ 456415.30352776683867, 5026718.892996530979872 ], [ 456411.586200268357061, 5026706.343509213067591 ], [ 456407.217177818878554, 5026694.005770420655608 ], [ 456402.208435605221894, 5026681.913597038015723 ], [ 456396.57370224170154, 5026670.100132872350514 ], [ 456390.328422140679322, 5026658.597757807001472 ], [ 456383.489713180926628, 5026647.437999052926898 ], [ 456376.076319788349792, 5026636.651444734074175 ], [ 456368.108561558823567, 5026626.267660044133663 ], [ 456359.608277563937008, 5026616.315106217749417 ], [ 456350.598766491224524, 5026606.821062509901822 ], [ 456341.104722784308251, 5026597.811551437713206 ], [ 456331.15216895705089, 5026589.31126744300127 ], [ 456320.768384267692454, 5026581.343509213067591 ], [ 456309.98182994837407, 5026573.930115820840001 ], [ 456298.822071194590535, 5026567.091406861320138 ], [ 456287.319696129474323, 5026560.846126760356128 ], [ 456275.506231963518076, 5026555.211393396370113 ], [ 456263.414058580936398, 5026550.202651183120906 ], [ 456251.076319788349792, 5026545.833628733642399 ], [ 456238.526832470204681, 5026542.116301234811544 ], [ 456225.799993899010587, 5026539.060857623815536 ], [ 456212.930687454645522, 5026536.6756726577878 ], [ 456199.954187011520844, 5026534.967283965088427 ], [ 456186.906060255307239, 5026533.94037411827594 ], [ 456173.822071194590535, 5026533.597757807001472 ], [ 456160.738082133873831, 5026533.94037411827594 ], [ 456147.689955377660226, 5026534.967283965088427 ], [ 456134.713454934535548, 5026536.6756726577878 ], [ 456121.844148490170483, 5026539.060857623815536 ], [ 456109.117309918976389, 5026542.116301234811544 ], [ 456096.567822600831278, 5026545.833628733642399 ], [ 456084.230083808244672, 5026550.202651183120906 ], [ 456072.137910425662994, 5026555.211393396370113 ], [ 456060.324446259706747, 5026560.846126760356128 ], [ 456048.822071194590535, 5026567.091406861320138 ], [ 456037.662312440807, 5026573.930115820840001 ], [ 456026.875758121488616, 5026581.343509213067591 ], [ 456016.49197343213018, 5026589.31126744300127 ], [ 456006.539419604872819, 5026597.811551437713206 ], [ 455997.045375897956546, 5026606.821062509901822 ], [ 455988.035864825244062, 5026616.315106217749417 ], [ 455979.535580830357503, 5026626.267660044133663 ], [ 455971.567822600831278, 5026636.651444734074175 ], [ 455964.154429208254442, 5026647.437999052926898 ], [ 455957.315720248501748, 5026658.597757807001472 ], [ 455951.07044014747953, 5026670.100132872350514 ], [ 455945.435706783959176, 5026681.913597038015723 ], [ 455940.426964570302516, 5026694.005770420655608 ], [ 455936.057942120824009, 5026706.343509213067591 ], [ 455932.3406146223424, 5026718.892996530979872 ], [ 455929.285171011113562, 5026731.619835102930665 ], [ 455926.899986045784317, 5026744.489141547121108 ], [ 455925.191597352502868, 5026757.465641990303993 ], [ 455924.164687505923212, 5026770.513768746517599 ], [ 455923.822071194590535, 5026783.597757807001472 ], [ 455924.164687505923212, 5026796.681746867485344 ], [ 455925.191597352502868, 5026809.72987362369895 ], [ 455926.899986045784317, 5026822.706374066881835 ], [ 455929.285171011113562, 5026835.575680511072278 ], [ 455932.3406146223424, 5026848.302519083023071 ], [ 455936.057942120824009, 5026860.852006400935352 ], [ 455940.426964570302516, 5026873.189745193347335 ], [ 455945.435706783959176, 5026885.28191857598722 ], [ 455951.07044014747953, 5026897.095382741652429 ], [ 455957.315720248501748, 5026908.597757807001472 ], [ 455964.154429208254442, 5026919.757516561076045 ], [ 455971.567822600831278, 5026930.544070879928768 ], [ 455979.535580830357503, 5026940.92785556986928 ], [ 455988.035864825244062, 5026950.880409396253526 ], [ 455997.045375897956546, 5026960.374453104101121 ], [ 456006.539419604872819, 5026969.383964176289737 ], [ 456016.49197343213018, 5026977.884248171001673 ], [ 456026.875758121488616, 5026985.852006400935352 ], [ 456037.662312440807, 5026993.265399793162942 ], [ 456048.822071194590535, 5027000.104108752682805 ], [ 456060.324446259706747, 5027006.349388853646815 ], [ 456072.137910425662994, 5027011.98412221763283 ], [ 456084.230083808244672, 5027016.992864430882037 ], [ 456096.567822600831278, 5027021.361886880360544 ], [ 456109.117309918976389, 5027025.079214379191399 ], [ 456121.844148490170483, 5027028.134657990187407 ], [ 456134.713454934535548, 5027030.519842956215143 ], [ 456147.689955377660226, 5027032.228231648914516 ], [ 456160.738082133873831, 5027033.255141495727003 ], [ 456173.822071194590535, 5027033.597757807001472 ], [ 456186.906060255307239, 5027033.255141495727003 ], [ 456199.954187011520844, 5027032.228231648914516 ], [ 456212.930687454645522, 5027030.519842956215143 ], [ 456225.799993899010587, 5027028.134657990187407 ], [ 456238.526832470204681, 5027025.079214379191399 ], [ 456251.076319788349792, 5027021.361886880360544 ], [ 456263.414058580936398, 5027016.992864430882037 ], [ 456275.506231963518076, 5027011.98412221763283 ], [ 456287.319696129474323, 5027006.349388853646815 ], [ 456298.822071194590535, 5027000.104108752682805 ], [ 456309.98182994837407, 5026993.265399793162942 ], [ 456320.768384267692454, 5026985.852006400935352 ], [ 456331.15216895705089, 5026977.884248171001673 ], [ 456341.104722784308251, 5026969.383964176289737 ], [ 456350.598766491224524, 5026960.374453104101121 ], [ 456359.608277563937008, 5026950.880409396253526 ], [ 456368.108561558823567, 5026940.92785556986928 ], [ 456376.076319788349792, 5026930.544070879928768 ], [ 456383.489713180926628, 5026919.757516561076045 ], [ 456390.328422140679322, 5026908.597757807001472 ], [ 456396.57370224170154, 5026897.095382741652429 ], [ 456402.208435605221894, 5026885.28191857598722 ], [ 456407.217177818878554, 5026873.189745193347335 ], [ 456411.586200268357061, 5026860.852006400935352 ], [ 456415.30352776683867, 5026848.302519083023071 ], [ 456418.358971378067508, 5026835.575680511072278 ], [ 456420.744156343396753, 5026822.706374066881835 ], [ 456422.452545036678202, 5026809.72987362369895 ], [ 456423.479454883257858, 5026796.681746867485344 ], [ 456423.822071194590535, 5026783.597757807001472 ] ] ] } },
{ "type": "Feature", "properties": { "site": 19, "transect": 19.2 }, "geometry": { "type": "Polygon", "coordinates": [ [ [ 456423.822071194590535, 5026783.597757807001472 ], [ 456423.479454883257858, 5026770.513768746517599 ], [ 456422.452545036678202, 5026757.465641990303993 ], [ 456420.744156343396753, 5026744.489141547121108 ], [ 456418.358971378067508, 5026731.619835102930665 ], [ 456415.30352776683867, 5026718.892996530979872 ], [ 456411.586200268357061, 5026706.343509213067591 ], [ 456407.217177818878554, 5026694.005770420655608 ], [ 456402.208435605221894, 5026681.913597038015723 ], [ 456396.57370224170154, 5026670.100132872350514 ], [ 456390.328422140679322, 5026658.597757807001472 ], [ 456383.489713180926628, 5026647.437999052926898 ], [ 456376.076319788349792, 5026636.651444734074175 ], [ 456368.108561558823567, 5026626.267660044133663 ], [ 456359.608277563937008, 5026616.315106217749417 ], [ 456350.598766491224524, 5026606.821062509901822 ], [ 456341.104722784308251, 5026597.811551437713206 ], [ 456331.15216895705089, 5026589.31126744300127 ], [ 456320.768384267692454, 5026581.343509213067591 ], [ 456309.98182994837407, 5026573.930115820840001 ], [ 456298.822071194590535, 5026567.091406861320138 ], [ 456287.319696129474323, 5026560.846126760356128 ], [ 456275.506231963518076, 5026555.211393396370113 ], [ 456263.414058580936398, 5026550.202651183120906 ], [ 456251.076319788349792, 5026545.833628733642399 ], [ 456238.526832470204681, 5026542.116301234811544 ], [ 456225.799993899010587, 5026539.060857623815536 ], [ 456212.930687454645522, 5026536.6756726577878 ], [ 456199.954187011520844, 5026534.967283965088427 ], [ 456186.906060255307239, 5026533.94037411827594 ], [ 456173.822071194590535, 5026533.597757807001472 ], [ 456160.738082133873831, 5026533.94037411827594 ], [ 456147.689955377660226, 5026534.967283965088427 ], [ 456134.713454934535548, 5026536.6756726577878 ], [ 456121.844148490170483, 5026539.060857623815536 ], [ 456109.117309918976389, 5026542.116301234811544 ], [ 456096.567822600831278, 5026545.833628733642399 ], [ 456084.230083808244672, 5026550.202651183120906 ], [ 456072.137910425662994, 5026555.211393396370113 ], [ 456060.324446259706747, 5026560.846126760356128 ], [ 456048.822071194590535, 5026567.091406861320138 ], [ 456037.662312440807, 5026573.930115820840001 ], [ 456026.875758121488616, 5026581.343509213067591 ], [ 456016.49197343213018, 5026589.31126744300127 ], [ 456006.539419604872819, 5026597.811551437713206 ], [ 455997.045375897956546, 5026606.821062509901822 ], [ 455988.035864825244062, 5026616.315106217749417 ], [ 455979.535580830357503, 5026626.267660044133663 ], [ 455971.567822600831278, 5026636.651444734074175 ], [ 455964.154429208254442, 5026647.437999052926898 ], [ 455957.315720248501748, 5026658.597757807001472 ], [ 455951.07044014747953, 5026670.100132872350514 ], [ 455945.435706783959176, 5026681.913597038015723 ], [ 455940.426964570302516, 5026694.005770420655608 ], [ 455936.057942120824009, 5026706.343509213067591 ], [ 455932.3406146223424, 5026718.892996530979872 ], [ 455929.285171011113562, 5026731.619835102930665 ], [ 455926.899986045784317, 5026744.489141547121108 ], [ 455925.191597352502868, 5026757.465641990303993 ], [ 455924.164687505923212, 5026770.513768746517599 ], [ 455923.822071194590535, 5026783.597757807001472 ], [ 455924.164687505923212, 5026796.681746867485344 ], [ 455925.191597352502868, 5026809.72987362369895 ], [ 455926.899986045784317, 5026822.706374066881835 ], [ 455929.285171011113562, 5026835.575680511072278 ], [ 455932.3406146223424, 5026848.302519083023071 ], [ 455936.057942120824009, 5026860.852006400935352 ], [ 455940.426964570302516, 5026873.189745193347335 ], [ 455945.435706783959176, 5026885.28191857598722 ], [ 455951.07044014747953, 5026897.095382741652429 ], [ 455957.315720248501748, 5026908.597757807001472 ], [ 455964.154429208254442, 5026919.757516561076045 ], [ 455971.567822600831278, 5026930.544070879928768 ], [ 455979.535580830357503, 5026940.92785556986928 ], [ 455988.035864825244062, 5026950.880409396253526 ], [ 455997.045375897956546, 5026960.374453104101121 ], [ 456006.539419604872819, 5026969.383964176289737 ], [ 456016.49197343213018, 5026977.884248171001673 ], [ 456026.875758121488616, 5026985.852006400935352 ], [ 456037.662312440807, 5026993.265399793162942 ], [ 456048.822071194590535, 5027000.104108752682805 ], [ 456060.324446259706747, 5027006.349388853646815 ], [ 456072.137910425662994, 5027011.98412221763283 ], [ 456084.230083808244672, 5027016.992864430882037 ], [ 456096.567822600831278, 5027021.361886880360544 ], [ 456109.117309918976389, 5027025.079214379191399 ], [ 456121.844148490170483, 5027028.134657990187407 ], [ 456134.713454934535548, 5027030.519842956215143 ], [ 456147.689955377660226, 5027032.228231648914516 ], [ 456160.738082133873831, 5027033.255141495727003 ], [ 456173.822071194590535, 5027033.597757807001472 ], [ 456186.906060255307239, 5027033.255141495727003 ], [ 456199.954187011520844, 5027032.228231648914516 ], [ 456212.930687454645522, 5027030.519842956215143 ], [ 456225.799993899010587, 5027028.134657990187407 ], [ 456238.526832470204681, 5027025.079214379191399 ], [ 456251.076319788349792, 5027021.361886880360544 ], [ 456263.414058580936398, 5027016.992864430882037 ], [ 456275.506231963518076, 5027011.98412221763283 ], [ 456287.319696129474323, 5027006.349388853646815 ], [ 456298.822071194590535, 5027000.104108752682805 ], [ 456309.98182994837407, 5026993.265399793162942 ], [ 456320.768384267692454, 5026985.852006400935352 ], [ 456331.15216895705089, 5026977.884248171001673 ], [ 456341.104722784308251, 5026969.383964176289737 ], [ 456350.598766491224524, 5026960.374453104101121 ], [ 456359.608277563937008, 5026950.880409396253526 ], [ 456368.108561558823567, 5026940.92785556986928 ], [ 456376.076319788349792, 5026930.544070879928768 ], [ 456383.489713180926628, 5026919.757516561076045 ], [ 456390.328422140679322, 5026908.597757807001472 ], [ 456396.57370224170154, 5026897.095382741652429 ], [ 456402.208435605221894, 5026885.28191857598722 ], [ 456407.217177818878554, 5026873.189745193347335 ], [ 456411.586200268357061, 5026860.852006400935352 ], [ 456415.30352776683867, 5026848.302519083023071 ], [ 456418.358971378067508, 5026835.575680511072278 ], [ 456420.744156343396753, 5026822.706374066881835 ], [ 456422.452545036678202, 5026809.72987362369895 ], [ 456423.479454883257858, 5026796.681746867485344 ], [ 456423.822071194590535, 5026783.597757807001472 ] ] ] } },
{ "type": "Feature", "properties": { "site": 19, "transect": 19.3 }, "geometry": { "type": "Polygon", "coordinates": [ [ [ 456520.590377253829502, 5026877.091635821387172 ], [ 456520.247760942496825, 5026864.007646760903299 ], [ 456519.220851095917169, 5026850.959520004689693 ], [ 456517.51246240263572, 5026837.983019561506808 ], [ 456515.127277437306475, 5026825.113713117316365 ], [ 456512.071833826077636, 5026812.386874545365572 ], [ 456508.354506327596027, 5026799.837387227453291 ], [ 456503.98548387811752, 5026787.499648435041308 ], [ 456498.97674166446086, 5026775.407475052401423 ], [ 456493.342008300940506, 5026763.594010886736214 ], [ 456487.096728199918289, 5026752.091635821387172 ], [ 456480.258019240165595, 5026740.931877067312598 ], [ 456472.844625847588759, 5026730.145322748459876 ], [ 456464.876867618062533, 5026719.761538058519363 ], [ 456456.376583623175975, 5026709.808984232135117 ], [ 456447.36707255046349, 5026700.314940524287522 ], [ 456437.873028843547218, 5026691.305429452098906 ], [ 456427.920475016289856, 5026682.805145457386971 ], [ 456417.536690326931421, 5026674.837387227453291 ], [ 456406.750136007613037, 5026667.423993835225701 ], [ 456395.590377253829502, 5026660.585284875705838 ], [ 456384.08800218871329, 5026654.340004774741828 ], [ 456372.274538022757042, 5026648.705271410755813 ], [ 456360.182364640175365, 5026643.696529197506607 ], [ 456347.844625847588759, 5026639.3275067480281 ], [ 456335.295138529443648, 5026635.610179249197245 ], [ 456322.568299958249554, 5026632.554735638201237 ], [ 456309.698993513884488, 5026630.1695506721735 ], [ 456296.722493070759811, 5026628.461161979474127 ], [ 456283.674366314546205, 5026627.434252132661641 ], [ 456270.590377253829502, 5026627.091635821387172 ], [ 456257.506388193112798, 5026627.434252132661641 ], [ 456244.458261436899193, 5026628.461161979474127 ], [ 456231.481760993774515, 5026630.1695506721735 ], [ 456218.612454549409449, 5026632.554735638201237 ], [ 456205.885615978215355, 5026635.610179249197245 ], [ 456193.336128660070244, 5026639.3275067480281 ], [ 456180.998389867483638, 5026643.696529197506607 ], [ 456168.906216484901961, 5026648.705271410755813 ], [ 456157.092752318945713, 5026654.340004774741828 ], [ 456145.590377253829502, 5026660.585284875705838 ], [ 456134.430618500045966, 5026667.423993835225701 ], [ 456123.644064180727582, 5026674.837387227453291 ], [ 456113.260279491369147, 5026682.805145457386971 ], [ 456103.307725664111786, 5026691.305429452098906 ], [ 456093.813681957195513, 5026700.314940524287522 ], [ 456084.804170884483028, 5026709.808984232135117 ], [ 456076.30388688959647, 5026719.761538058519363 ], [ 456068.336128660070244, 5026730.145322748459876 ], [ 456060.922735267493408, 5026740.931877067312598 ], [ 456054.084026307740714, 5026752.091635821387172 ], [ 456047.838746206718497, 5026763.594010886736214 ], [ 456042.204012843198143, 5026775.407475052401423 ], [ 456037.195270629541483, 5026787.499648435041308 ], [ 456032.826248180062976, 5026799.837387227453291 ], [ 456029.108920681581367, 5026812.386874545365572 ], [ 456026.053477070352528, 5026825.113713117316365 ], [ 456023.668292105023284, 5026837.983019561506808 ], [ 456021.959903411741834, 5026850.959520004689693 ], [ 456020.932993565162178, 5026864.007646760903299 ], [ 456020.590377253829502, 5026877.091635821387172 ], [ 456020.932993565162178, 5026890.175624881871045 ], [ 456021.959903411741834, 5026903.22375163808465 ], [ 456023.668292105023284, 5026916.200252081267536 ], [ 456026.053477070352528, 5026929.069558525457978 ], [ 456029.108920681581367, 5026941.796397097408772 ], [ 456032.826248180062976, 5026954.345884415321052 ], [ 456037.195270629541483, 5026966.683623207733035 ], [ 456042.204012843198143, 5026978.77579659037292 ], [ 456047.838746206718497, 5026990.589260756038129 ], [ 456054.084026307740714, 5027002.091635821387172 ], [ 456060.922735267493408, 5027013.251394575461745 ], [ 456068.336128660070244, 5027024.037948894314468 ], [ 456076.30388688959647, 5027034.42173358425498 ], [ 456084.804170884483028, 5027044.374287410639226 ], [ 456093.813681957195513, 5027053.868331118486822 ], [ 456103.307725664111786, 5027062.877842190675437 ], [ 456113.260279491369147, 5027071.378126185387373 ], [ 456123.644064180727582, 5027079.345884415321052 ], [ 456134.430618500045966, 5027086.759277807548642 ], [ 456145.590377253829502, 5027093.597986767068505 ], [ 456157.092752318945713, 5027099.843266868032515 ], [ 456168.906216484901961, 5027105.47800023201853 ], [ 456180.998389867483638, 5027110.486742445267737 ], [ 456193.336128660070244, 5027114.855764894746244 ], [ 456205.885615978215355, 5027118.573092393577099 ], [ 456218.612454549409449, 5027121.628536004573107 ], [ 456231.481760993774515, 5027124.013720970600843 ], [ 456244.458261436899193, 5027125.722109663300216 ], [ 456257.506388193112798, 5027126.749019510112703 ], [ 456270.590377253829502, 5027127.091635821387172 ], [ 456283.674366314546205, 5027126.749019510112703 ], [ 456296.722493070759811, 5027125.722109663300216 ], [ 456309.698993513884488, 5027124.013720970600843 ], [ 456322.568299958249554, 5027121.628536004573107 ], [ 456335.295138529443648, 5027118.573092393577099 ], [ 456347.844625847588759, 5027114.855764894746244 ], [ 456360.182364640175365, 5027110.486742445267737 ], [ 456372.274538022757042, 5027105.47800023201853 ], [ 456384.08800218871329, 5027099.843266868032515 ], [ 456395.590377253829502, 5027093.597986767068505 ], [ 456406.750136007613037, 5027086.759277807548642 ], [ 456417.536690326931421, 5027079.345884415321052 ], [ 456427.920475016289856, 5027071.378126185387373 ], [ 456437.873028843547218, 5027062.877842190675437 ], [ 456447.36707255046349, 5027053.868331118486822 ], [ 456456.376583623175975, 5027044.374287410639226 ], [ 456464.876867618062533, 5027034.42173358425498 ], [ 456472.844625847588759, 5027024.037948894314468 ], [ 456480.258019240165595, 5027013.251394575461745 ], [ 456487.096728199918289, 5027002.091635821387172 ], [ 456493.342008300940506, 5026990.589260756038129 ], [ 456498.97674166446086, 5026978.77579659037292 ], [ 456503.98548387811752, 5026966.683623207733035 ], [ 456508.354506327596027, 5026954.345884415321052 ], [ 456512.071833826077636, 5026941.796397097408772 ], [ 456515.127277437306475, 5026929.069558525457978 ], [ 456517.51246240263572, 5026916.200252081267536 ], [ 456519.220851095917169, 5026903.22375163808465 ], [ 456520.247760942496825, 5026890.175624881871045 ], [ 456520.590377253829502, 5026877.091635821387172 ] ] ] } },
{ "type": "Feature", "properties": { "site": 20, "transect": 20.1 }, "geometry": { "type": "Polygon", "coordinates": [ [ [ 432037.113412246399093, 5022979.894434927031398 ], [ 432036.770795935066417, 5022966.810445866547525 ], [ 432035.743886088486761, 5022953.76231911033392 ], [ 432034.035497395205311, 5022940.785818667151034 ], [ 432031.650312429876067, 5022927.916512222960591 ], [ 432028.594868818647228, 5022915.189673651009798 ], [ 432024.877541320165619, 5022902.640186333097517 ], [ 432020.508518870687112, 5022890.302447540685534 ], [ 432015.499776657030452, 5022878.21027415804565 ], [ 432009.865043293510098, 5022866.39680999238044 ], [ 432003.619763192487881, 5022854.894434927031398 ], [ 431996.781054232735187, 5022843.734676172956824 ], [ 431989.367660840158351, 5022832.948121854104102 ], [ 431981.399902610632125, 5022822.564337164163589 ], [ 431972.899618615745567, 5022812.611783337779343 ], [ 431963.890107543033082, 5022803.117739629931748 ], [ 431954.396063836116809, 5022794.108228557743132 ], [ 431944.443510008859448, 5022785.607944563031197 ], [ 431934.059725319501013, 5022777.640186333097517 ], [ 431923.273171000182629, 5022770.226792940869927 ], [ 431912.113412246399093, 5022763.388083981350064 ], [ 431900.611037181282882, 5022757.142803880386055 ], [ 431888.797573015326634, 5022751.508070516400039 ], [ 431876.705399632744957, 5022746.499328303150833 ], [ 431864.367660840158351, 5022742.130305853672326 ], [ 431851.81817352201324, 5022738.412978354841471 ], [ 431839.091334950819146, 5022735.357534743845463 ], [ 431826.22202850645408, 5022732.972349777817726 ], [ 431813.245528063329402, 5022731.263961085118353 ], [ 431800.197401307115797, 5022730.237051238305867 ], [ 431787.113412246399093, 5022729.894434927031398 ], [ 431774.02942318568239, 5022730.237051238305867 ], [ 431760.981296429468784, 5022731.263961085118353 ], [ 431748.004795986344106, 5022732.972349777817726 ], [ 431735.135489541979041, 5022735.357534743845463 ], [ 431722.408650970784947, 5022738.412978354841471 ], [ 431709.859163652639836, 5022742.130305853672326 ], [ 431697.52142486005323, 5022746.499328303150833 ], [ 431685.429251477471553, 5022751.508070516400039 ], [ 431673.615787311515305, 5022757.142803880386055 ], [ 431662.113412246399093, 5022763.388083981350064 ], [ 431650.953653492615558, 5022770.226792940869927 ], [ 431640.167099173297174, 5022777.640186333097517 ], [ 431629.783314483938739, 5022785.607944563031197 ], [ 431619.830760656681377, 5022794.108228557743132 ], [ 431610.336716949765105, 5022803.117739629931748 ], [ 431601.32720587705262, 5022812.611783337779343 ], [ 431592.826921882166062, 5022822.564337164163589 ], [ 431584.859163652639836, 5022832.948121854104102 ], [ 431577.445770260063, 5022843.734676172956824 ], [ 431570.607061300310306, 5022854.894434927031398 ], [ 431564.361781199288089, 5022866.39680999238044 ], [ 431558.727047835767735, 5022878.21027415804565 ], [ 431553.718305622111075, 5022890.302447540685534 ], [ 431549.349283172632568, 5022902.640186333097517 ], [ 431545.631955674150959, 5022915.189673651009798 ], [ 431542.57651206292212, 5022927.916512222960591 ], [ 431540.191327097592875, 5022940.785818667151034 ], [ 431538.482938404311426, 5022953.76231911033392 ], [ 431537.45602855773177, 5022966.810445866547525 ], [ 431537.113412246399093, 5022979.894434927031398 ], [ 431537.45602855773177, 5022992.978423987515271 ], [ 431538.482938404311426, 5023006.026550743728876 ], [ 431540.191327097592875, 5023019.003051186911762 ], [ 431542.57651206292212, 5023031.872357631102204 ], [ 431545.631955674150959, 5023044.599196203052998 ], [ 431549.349283172632568, 5023057.148683520965278 ], [ 431553.718305622111075, 5023069.486422313377261 ], [ 431558.727047835767735, 5023081.578595696017146 ], [ 431564.361781199288089, 5023093.392059861682355 ], [ 431570.607061300310306, 5023104.894434927031398 ], [ 431577.445770260063, 5023116.054193681105971 ], [ 431584.859163652639836, 5023126.840748 ], [ 431592.826921882166062, 5023137.224532689899206 ], [ 431601.32720587705262, 5023147.177086516283453 ], [ 431610.336716949765105, 5023156.671130224131048 ], [ 431619.830760656681377, 5023165.680641296319664 ], [ 431629.783314483938739, 5023174.180925291031599 ], [ 431640.167099173297174, 5023182.148683520965278 ], [ 431650.953653492615558, 5023189.562076913192868 ], [ 431662.113412246399093, 5023196.400785872712731 ], [ 431673.615787311515305, 5023202.646065973676741 ], [ 431685.429251477471553, 5023208.280799337662756 ], [ 431697.52142486005323, 5023213.289541550911963 ], [ 431709.859163652639836, 5023217.65856400039047 ], [ 431722.408650970784947, 5023221.375891499221325 ], [ 431735.135489541979041, 5023224.431335110217333 ], [ 431748.004795986344106, 5023226.81652007624507 ], [ 431760.981296429468784, 5023228.524908768944442 ], [ 431774.02942318568239, 5023229.551818615756929 ], [ 431787.113412246399093, 5023229.894434927031398 ], [ 431800.197401307115797, 5023229.551818615756929 ], [ 431813.245528063329402, 5023228.524908768944442 ], [ 431826.22202850645408, 5023226.81652007624507 ], [ 431839.091334950819146, 5023224.431335110217333 ], [ 431851.81817352201324, 5023221.375891499221325 ], [ 431864.367660840158351, 5023217.65856400039047 ], [ 431876.705399632744957, 5023213.289541550911963 ], [ 431888.797573015326634, 5023208.280799337662756 ], [ 431900.611037181282882, 5023202.646065973676741 ], [ 431912.113412246399093, 5023196.400785872712731 ], [ 431923.273171000182629, 5023189.562076913192868 ], [ 431934.059725319501013, 5023182.148683520965278 ], [ 431944.443510008859448, 5023174.180925291031599 ], [ 431954.396063836116809, 5023165.680641296319664 ], [ 431963.890107543033082, 5023156.671130224131048 ], [ 431972.899618615745567, 5023147.177086516283453 ], [ 431981.399902610632125, 5023137.224532689899206 ], [ 431989.367660840158351, 5023126.840748 ], [ 431996.781054232735187, 5023116.054193681105971 ], [ 432003.619763192487881, 5023104.894434927031398 ], [ 432009.865043293510098, 5023093.392059861682355 ], [ 432015.499776657030452, 5023081.578595696017146 ], [ 432020.508518870687112, 5023069.486422313377261 ], [ 432024.877541320165619, 5023057.148683520965278 ], [ 432028.594868818647228, 5023044.599196203052998 ], [ 432031.650312429876067, 5023031.872357631102204 ], [ 432034.035497395205311, 5023019.003051186911762 ], [ 432035.743886088486761, 5023006.026550743728876 ], [ 432036.770795935066417, 5022992.978423987515271 ], [ 432037.113412246399093, 5022979.894434927031398 ] ] ] } },
{ "type": "Feature", "properties": { "site": 20, "transect": 20.2 }, "geometry": { "type": "Polygon", "coordinates": [ [ [ 431890.871001275489107, 5023173.767792743630707 ], [ 431890.52838496415643, 5023160.683803683146834 ], [ 431889.501475117576774, 5023147.635676926933229 ], [ 431887.793086424295325, 5023134.659176483750343 ], [ 431885.40790145896608, 5023121.789870039559901 ], [ 431882.352457847737242, 5023109.063031467609107 ], [ 431878.635130349255633, 5023096.513544149696827 ], [ 431874.266107899777126, 5023084.175805357284844 ], [ 431869.257365686120465, 5023072.083631974644959 ], [ 431863.622632322600111, 5023060.27016780897975 ], [ 431857.377352221577894, 5023048.767792743630707 ], [ 431850.5386432618252, 5023037.608033989556134 ], [ 431843.125249869248364, 5023026.821479670703411 ], [ 431835.157491639722139, 5023016.437694980762899 ], [ 431826.65720764483558, 5023006.485141154378653 ], [ 431817.647696572123095, 5022996.991097446531057 ], [ 431808.153652865206823, 5022987.981586374342442 ], [ 431798.201099037949461, 5022979.481302379630506 ], [ 431787.817314348591026, 5022971.513544149696827 ], [ 431777.030760029272642, 5022964.100150757469237 ], [ 431765.871001275489107, 5022957.261441797949374 ], [ 431754.368626210372895, 5022951.016161696985364 ], [ 431742.555162044416647, 5022945.381428332999349 ], [ 431730.46298866183497, 5022940.372686119750142 ], [ 431718.125249869248364, 5022936.003663670271635 ], [ 431705.575762551103253, 5022932.28633617144078 ], [ 431692.848923979909159, 5022929.230892560444772 ], [ 431679.979617535544094, 5022926.845707594417036 ], [ 431667.003117092419416, 5022925.137318901717663 ], [ 431653.95499033620581, 5022924.110409054905176 ], [ 431640.871001275489107, 5022923.767792743630707 ], [ 431627.787012214772403, 5022924.110409054905176 ], [ 431614.738885458558798, 5022925.137318901717663 ], [ 431601.76238501543412, 5022926.845707594417036 ], [ 431588.893078571069054, 5022929.230892560444772 ], [ 431576.166239999874961, 5022932.28633617144078 ], [ 431563.616752681729849, 5022936.003663670271635 ], [ 431551.279013889143243, 5022940.372686119750142 ], [ 431539.186840506561566, 5022945.381428332999349 ], [ 431527.373376340605319, 5022951.016161696985364 ], [ 431515.871001275489107, 5022957.261441797949374 ], [ 431504.711242521705572, 5022964.100150757469237 ], [ 431493.924688202387188, 5022971.513544149696827 ], [ 431483.540903513028752, 5022979.481302379630506 ], [ 431473.588349685771391, 5022987.981586374342442 ], [ 431464.094305978855118, 5022996.991097446531057 ], [ 431455.084794906142633, 5023006.485141154378653 ], [ 431446.584510911256075, 5023016.437694980762899 ], [ 431438.616752681729849, 5023026.821479670703411 ], [ 431431.203359289153013, 5023037.608033989556134 ], [ 431424.36465032940032, 5023048.767792743630707 ], [ 431418.119370228378102, 5023060.27016780897975 ], [ 431412.484636864857748, 5023072.083631974644959 ], [ 431407.475894651201088, 5023084.175805357284844 ], [ 431403.106872201722581, 5023096.513544149696827 ], [ 431399.389544703240972, 5023109.063031467609107 ], [ 431396.334101092012133, 5023121.789870039559901 ], [ 431393.948916126682889, 5023134.659176483750343 ], [ 431392.240527433401439, 5023147.635676926933229 ], [ 431391.213617586821783, 5023160.683803683146834 ], [ 431390.871001275489107, 5023173.767792743630707 ], [ 431391.213617586821783, 5023186.85178180411458 ], [ 431392.240527433401439, 5023199.899908560328186 ], [ 431393.948916126682889, 5023212.876409003511071 ], [ 431396.334101092012133, 5023225.745715447701514 ], [ 431399.389544703240972, 5023238.472554019652307 ], [ 431403.106872201722581, 5023251.022041337564588 ], [ 431407.475894651201088, 5023263.359780129976571 ], [ 431412.484636864857748, 5023275.451953512616456 ], [ 431418.119370228378102, 5023287.265417678281665 ], [ 431424.36465032940032, 5023298.767792743630707 ], [ 431431.203359289153013, 5023309.927551497705281 ], [ 431438.616752681729849, 5023320.714105816558003 ], [ 431446.584510911256075, 5023331.097890506498516 ], [ 431455.084794906142633, 5023341.050444332882762 ], [ 431464.094305978855118, 5023350.544488040730357 ], [ 431473.588349685771391, 5023359.553999112918973 ], [ 431483.540903513028752, 5023368.054283107630908 ], [ 431493.924688202387188, 5023376.022041337564588 ], [ 431504.711242521705572, 5023383.435434729792178 ], [ 431515.871001275489107, 5023390.274143689312041 ], [ 431527.373376340605319, 5023396.519423790276051 ], [ 431539.186840506561566, 5023402.154157154262066 ], [ 431551.279013889143243, 5023407.162899367511272 ], [ 431563.616752681729849, 5023411.531921816989779 ], [ 431576.166239999874961, 5023415.249249315820634 ], [ 431588.893078571069054, 5023418.304692926816642 ], [ 431601.76238501543412, 5023420.689877892844379 ], [ 431614.738885458558798, 5023422.398266585543752 ], [ 431627.787012214772403, 5023423.425176432356238 ], [ 431640.871001275489107, 5023423.767792743630707 ], [ 431653.95499033620581, 5023423.425176432356238 ], [ 431667.003117092419416, 5023422.398266585543752 ], [ 431679.979617535544094, 5023420.689877892844379 ], [ 431692.848923979909159, 5023418.304692926816642 ], [ 431705.575762551103253, 5023415.249249315820634 ], [ 431718.125249869248364, 5023411.531921816989779 ], [ 431730.46298866183497, 5023407.162899367511272 ], [ 431742.555162044416647, 5023402.154157154262066 ], [ 431754.368626210372895, 5023396.519423790276051 ], [ 431765.871001275489107, 5023390.274143689312041 ], [ 431777.030760029272642, 5023383.435434729792178 ], [ 431787.817314348591026, 5023376.022041337564588 ], [ 431798.201099037949461, 5023368.054283107630908 ], [ 431808.153652865206823, 5023359.553999112918973 ], [ 431817.647696572123095, 5023350.544488040730357 ], [ 431826.65720764483558, 5023341.050444332882762 ], [ 431835.157491639722139, 5023331.097890506498516 ], [ 431843.125249869248364, 5023320.714105816558003 ], [ 431850.5386432618252, 5023309.927551497705281 ], [ 431857.377352221577894, 5023298.767792743630707 ], [ 431863.622632322600111, 5023287.265417678281665 ], [ 431869.257365686120465, 5023275.451953512616456 ], [ 431874.266107899777126, 5023263.359780129976571 ], [ 431878.635130349255633, 5023251.022041337564588 ], [ 431882.352457847737242, 5023238.472554019652307 ], [ 431885.40790145896608, 5023225.745715447701514 ], [ 431887.793086424295325, 5023212.876409003511071 ], [ 431889.501475117576774, 5023199.899908560328186 ], [ 431890.52838496415643, 5023186.85178180411458 ], [ 431890.871001275489107, 5023173.767792743630707 ] ] ] } },
{ "type": "Feature", "properties": { "site": 20, "transect": 20.3 }, "geometry": { "type": "Polygon", "coordinates": [ [ [ 431905.191024984116666, 5023098.337436094880104 ], [ 431904.848408672783989, 5023085.253447034396231 ], [ 431903.821498826204333, 5023072.205320278182626 ], [ 431902.113110132922884, 5023059.22881983499974 ], [ 431899.727925167593639, 5023046.359513390809298 ], [ 431896.672481556364801, 5023033.632674818858504 ], [ 431892.955154057883192, 5023021.083187500946224 ], [ 431888.586131608404685, 5023008.745448708534241 ], [ 431883.577389394748025, 5022996.653275325894356 ], [ 431877.942656031227671, 5022984.839811160229146 ], [ 431871.697375930205453, 5022973.337436094880104 ], [ 431864.858666970452759, 5022962.177677340805531 ], [ 431857.445273577875923, 5022951.391123021952808 ], [ 431849.477515348349698, 5022941.007338332012296 ], [ 431840.977231353463139, 5022931.054784505628049 ], [ 431831.967720280750655, 5022921.560740797780454 ], [ 431822.473676573834382, 5022912.551229725591838 ], [ 431812.521122746577021, 5022904.050945730879903 ], [ 431802.137338057218585, 5022896.083187500946224 ], [ 431791.350783737900201, 5022888.669794108718634 ], [ 431780.191024984116666, 5022881.831085149198771 ], [ 431768.688649919000454, 5022875.585805048234761 ], [ 431756.875185753044207, 5022869.951071684248745 ], [ 431744.783012370462529, 5022864.942329470999539 ], [ 431732.445273577875923, 5022860.573307021521032 ], [ 431719.895786259730812, 5022856.855979522690177 ], [ 431707.168947688536718, 5022853.800535911694169 ], [ 431694.299641244171653, 5022851.415350945666432 ], [ 431681.323140801046975, 5022849.70696225296706 ], [ 431668.27501404483337, 5022848.680052406154573 ], [ 431655.191024984116666, 5022848.337436094880104 ], [ 431642.107035923399962, 5022848.680052406154573 ], [ 431629.058909167186357, 5022849.70696225296706 ], [ 431616.082408724061679, 5022851.415350945666432 ], [ 431603.213102279696614, 5022853.800535911694169 ], [ 431590.48626370850252, 5022856.855979522690177 ], [ 431577.936776390357409, 5022860.573307021521032 ], [ 431565.599037597770803, 5022864.942329470999539 ], [ 431553.506864215189125, 5022869.951071684248745 ], [ 431541.693400049232878, 5022875.585805048234761 ], [ 431530.191024984116666, 5022881.831085149198771 ], [ 431519.031266230333131, 5022888.669794108718634 ], [ 431508.244711911014747, 5022896.083187500946224 ], [ 431497.860927221656311, 5022904.050945730879903 ], [ 431487.90837339439895, 5022912.551229725591838 ], [ 431478.414329687482677, 5022921.560740797780454 ], [ 431469.404818614770193, 5022931.054784505628049 ], [ 431460.904534619883634, 5022941.007338332012296 ], [ 431452.936776390357409, 5022951.391123021952808 ], [ 431445.523382997780573, 5022962.177677340805531 ], [ 431438.684674038027879, 5022973.337436094880104 ], [ 431432.439393937005661, 5022984.839811160229146 ], [ 431426.804660573485307, 5022996.653275325894356 ], [ 431421.795918359828647, 5023008.745448708534241 ], [ 431417.42689591035014, 5023021.083187500946224 ], [ 431413.709568411868531, 5023033.632674818858504 ], [ 431410.654124800639693, 5023046.359513390809298 ], [ 431408.268939835310448, 5023059.22881983499974 ], [ 431406.560551142028999, 5023072.205320278182626 ], [ 431405.533641295449343, 5023085.253447034396231 ], [ 431405.191024984116666, 5023098.337436094880104 ], [ 431405.533641295449343, 5023111.421425155363977 ], [ 431406.560551142028999, 5023124.469551911577582 ], [ 431408.268939835310448, 5023137.446052354760468 ], [ 431410.654124800639693, 5023150.315358798950911 ], [ 431413.709568411868531, 5023163.042197370901704 ], [ 431417.42689591035014, 5023175.591684688813984 ], [ 431421.795918359828647, 5023187.929423481225967 ], [ 431426.804660573485307, 5023200.021596863865852 ], [ 431432.439393937005661, 5023211.835061029531062 ], [ 431438.684674038027879, 5023223.337436094880104 ], [ 431445.523382997780573, 5023234.497194848954678 ], [ 431452.936776390357409, 5023245.2837491678074 ], [ 431460.904534619883634, 5023255.667533857747912 ], [ 431469.404818614770193, 5023265.620087684132159 ], [ 431478.414329687482677, 5023275.114131391979754 ], [ 431487.90837339439895, 5023284.12364246416837 ], [ 431497.860927221656311, 5023292.623926458880305 ], [ 431508.244711911014747, 5023300.591684688813984 ], [ 431519.031266230333131, 5023308.005078081041574 ], [ 431530.191024984116666, 5023314.843787040561438 ], [ 431541.693400049232878, 5023321.089067141525447 ], [ 431553.506864215189125, 5023326.723800505511463 ], [ 431565.599037597770803, 5023331.732542718760669 ], [ 431577.936776390357409, 5023336.101565168239176 ], [ 431590.48626370850252, 5023339.818892667070031 ], [ 431603.213102279696614, 5023342.874336278066039 ], [ 431616.082408724061679, 5023345.259521244093776 ], [ 431629.058909167186357, 5023346.967909936793149 ], [ 431642.107035923399962, 5023347.994819783605635 ], [ 431655.191024984116666, 5023348.337436094880104 ], [ 431668.27501404483337, 5023347.994819783605635 ], [ 431681.323140801046975, 5023346.967909936793149 ], [ 431694.299641244171653, 5023345.259521244093776 ], [ 431707.168947688536718, 5023342.874336278066039 ], [ 431719.895786259730812, 5023339.818892667070031 ], [ 431732.445273577875923, 5023336.101565168239176 ], [ 431744.783012370462529, 5023331.732542718760669 ], [ 431756.875185753044207, 5023326.723800505511463 ], [ 431768.688649919000454, 5023321.089067141525447 ], [ 431780.191024984116666, 5023314.843787040561438 ], [ 431791.350783737900201, 5023308.005078081041574 ], [ 431802.137338057218585, 5023300.591684688813984 ], [ 431812.521122746577021, 5023292.623926458880305 ], [ 431822.473676573834382, 5023284.12364246416837 ], [ 431831.967720280750655, 5023275.114131391979754 ], [ 431840.977231353463139, 5023265.620087684132159 ], [ 431849.477515348349698, 5023255.667533857747912 ], [ 431857.445273577875923, 5023245.2837491678074 ], [ 431864.858666970452759, 5023234.497194848954678 ], [ 431871.697375930205453, 5023223.337436094880104 ], [ 431877.942656031227671, 5023211.835061029531062 ], [ 431883.577389394748025, 5023200.021596863865852 ], [ 431888.586131608404685, 5023187.929423481225967 ], [ 431892.955154057883192, 5023175.591684688813984 ], [ 431896.672481556364801, 5023163.042197370901704 ], [ 431899.727925167593639, 5023150.315358798950911 ], [ 431902.113110132922884, 5023137.446052354760468 ], [ 431903.821498826204333, 5023124.469551911577582 ], [ 431904.848408672783989, 5023111.421425155363977 ], [ 431905.191024984116666, 5023098.337436094880104 ] ] ] } },
{ "type": "Feature", "properties": { "site": 20, "transect": 20.4 }, "geometry": { "type": "Polygon", "coordinates": [ [ [ 431894.513432463339996, 5023172.542797148227692 ], [ 431894.170816152007319, 5023159.458808087743819 ], [ 431893.143906305427663, 5023146.410681331530213 ], [ 431891.435517612146214, 5023133.434180888347328 ], [ 431889.050332646816969, 5023120.564874444156885 ], [ 431885.99488903558813, 5023107.838035872206092 ], [ 431882.277561537106521, 5023095.288548554293811 ], [ 431877.908539087628014, 5023082.950809761881828 ], [ 431872.899796873971354, 5023070.858636379241943 ], [ 431867.265063510451, 5023059.045172213576734 ], [ 431861.019783409428783, 5023047.542797148227692 ], [ 431854.181074449676089, 5023036.383038394153118 ], [ 431846.767681057099253, 5023025.596484075300395 ], [ 431838.799922827573027, 5023015.212699385359883 ], [ 431830.299638832686469, 5023005.260145558975637 ], [ 431821.290127759973984, 5022995.766101851128042 ], [ 431811.796084053057712, 5022986.756590778939426 ], [ 431801.84353022580035, 5022978.25630678422749 ], [ 431791.459745536441915, 5022970.288548554293811 ], [ 431780.673191217123531, 5022962.875155162066221 ], [ 431769.513432463339996, 5022956.036446202546358 ], [ 431758.011057398223784, 5022949.791166101582348 ], [ 431746.197593232267536, 5022944.156432737596333 ], [ 431734.105419849685859, 5022939.147690524347126 ], [ 431721.767681057099253, 5022934.778668074868619 ], [ 431709.218193738954142, 5022931.061340576037765 ], [ 431696.491355167760048, 5022928.005896965041757 ], [ 431683.622048723394983, 5022925.62071199901402 ], [ 431670.645548280270305, 5022923.912323306314647 ], [ 431657.597421524056699, 5022922.885413459502161 ], [ 431644.513432463339996, 5022922.542797148227692 ], [ 431631.429443402623292, 5022922.885413459502161 ], [ 431618.381316646409687, 5022923.912323306314647 ], [ 431605.404816203285009, 5022925.62071199901402 ], [ 431592.535509758919943, 5022928.005896965041757 ], [ 431579.808671187725849, 5022931.061340576037765 ], [ 431567.259183869580738, 5022934.778668074868619 ], [ 431554.921445076994132, 5022939.147690524347126 ], [ 431542.829271694412455, 5022944.156432737596333 ], [ 431531.015807528456207, 5022949.791166101582348 ], [ 431519.513432463339996, 5022956.036446202546358 ], [ 431508.35367370955646, 5022962.875155162066221 ], [ 431497.567119390238076, 5022970.288548554293811 ], [ 431487.183334700879641, 5022978.25630678422749 ], [ 431477.23078087362228, 5022986.756590778939426 ], [ 431467.736737166706007, 5022995.766101851128042 ], [ 431458.727226093993522, 5023005.260145558975637 ], [ 431450.226942099106964, 5023015.212699385359883 ], [ 431442.259183869580738, 5023025.596484075300395 ], [ 431434.845790477003902, 5023036.383038394153118 ], [ 431428.007081517251208, 5023047.542797148227692 ], [ 431421.761801416228991, 5023059.045172213576734 ], [ 431416.127068052708637, 5023070.858636379241943 ], [ 431411.118325839051977, 5023082.950809761881828 ], [ 431406.74930338957347, 5023095.288548554293811 ], [ 431403.031975891091861, 5023107.838035872206092 ], [ 431399.976532279863022, 5023120.564874444156885 ], [ 431397.591347314533778, 5023133.434180888347328 ], [ 431395.882958621252328, 5023146.410681331530213 ], [ 431394.856048774672672, 5023159.458808087743819 ], [ 431394.513432463339996, 5023172.542797148227692 ], [ 431394.856048774672672, 5023185.626786208711565 ], [ 431395.882958621252328, 5023198.67491296492517 ], [ 431397.591347314533778, 5023211.651413408108056 ], [ 431399.976532279863022, 5023224.520719852298498 ], [ 431403.031975891091861, 5023237.247558424249291 ], [ 431406.74930338957347, 5023249.797045742161572 ], [ 431411.118325839051977, 5023262.134784534573555 ], [ 431416.127068052708637, 5023274.22695791721344 ], [ 431421.761801416228991, 5023286.040422082878649 ], [ 431428.007081517251208, 5023297.542797148227692 ], [ 431434.845790477003902, 5023308.702555902302265 ], [ 431442.259183869580738, 5023319.489110221154988 ], [ 431450.226942099106964, 5023329.8728949110955 ], [ 431458.727226093993522, 5023339.825448737479746 ], [ 431467.736737166706007, 5023349.319492445327342 ], [ 431477.23078087362228, 5023358.329003517515957 ], [ 431487.183334700879641, 5023366.829287512227893 ], [ 431497.567119390238076, 5023374.797045742161572 ], [ 431508.35367370955646, 5023382.210439134389162 ], [ 431519.513432463339996, 5023389.049148093909025 ], [ 431531.015807528456207, 5023395.294428194873035 ], [ 431542.829271694412455, 5023400.92916155885905 ], [ 431554.921445076994132, 5023405.937903772108257 ], [ 431567.259183869580738, 5023410.306926221586764 ], [ 431579.808671187725849, 5023414.024253720417619 ], [ 431592.535509758919943, 5023417.079697331413627 ], [ 431605.404816203285009, 5023419.464882297441363 ], [ 431618.381316646409687, 5023421.173270990140736 ], [ 431631.429443402623292, 5023422.200180836953223 ], [ 431644.513432463339996, 5023422.542797148227692 ], [ 431657.597421524056699, 5023422.200180836953223 ], [ 431670.645548280270305, 5023421.173270990140736 ], [ 431683.622048723394983, 5023419.464882297441363 ], [ 431696.491355167760048, 5023417.079697331413627 ], [ 431709.218193738954142, 5023414.024253720417619 ], [ 431721.767681057099253, 5023410.306926221586764 ], [ 431734.105419849685859, 5023405.937903772108257 ], [ 431746.197593232267536, 5023400.92916155885905 ], [ 431758.011057398223784, 5023395.294428194873035 ], [ 431769.513432463339996, 5023389.049148093909025 ], [ 431780.673191217123531, 5023382.210439134389162 ], [ 431791.459745536441915, 5023374.797045742161572 ], [ 431801.84353022580035, 5023366.829287512227893 ], [ 431811.796084053057712, 5023358.329003517515957 ], [ 431821.290127759973984, 5023349.319492445327342 ], [ 431830.299638832686469, 5023339.825448737479746 ], [ 431838.799922827573027, 5023329.8728949110955 ], [ 431846.767681057099253, 5023319.489110221154988 ], [ 431854.181074449676089, 5023308.702555902302265 ], [ 431861.019783409428783, 5023297.542797148227692 ], [ 431867.265063510451, 5023286.040422082878649 ], [ 431872.899796873971354, 5023274.22695791721344 ], [ 431877.908539087628014, 5023262.134784534573555 ], [ 431882.277561537106521, 5023249.797045742161572 ], [ 431885.99488903558813, 5023237.247558424249291 ], [ 431889.050332646816969, 5023224.520719852298498 ], [ 431891.435517612146214, 5023211.651413408108056 ], [ 431893.143906305427663, 5023198.67491296492517 ], [ 431894.170816152007319, 5023185.626786208711565 ], [ 431894.513432463339996, 5023172.542797148227692 ] ] ] } },
{ "type": "Feature", "properties": { "site": 21, "transect": 21.1 }, "geometry": { "type": "Polygon", "coordinates": [ [ [ 420944.115269278001506, 5056703.750520440749824 ], [ 420943.772652966668829, 5056690.666531380265951 ], [ 420942.745743120089173, 5056677.618404624052346 ], [ 420941.037354426807724, 5056664.64190418086946 ], [ 420938.652169461478479, 5056651.772597736679018 ], [ 420935.596725850249641, 5056639.045759164728224 ], [ 420931.879398351768032, 5056626.496271846815944 ], [ 420927.510375902289525, 5056614.158533054403961 ], [ 420922.501633688632865, 5056602.066359671764076 ], [ 420916.86690032511251, 5056590.252895506098866 ], [ 420910.621620224090293, 5056578.750520440749824 ], [ 420903.782911264337599, 5056567.590761686675251 ], [ 420896.369517871760763, 5056556.804207367822528 ], [ 420888.401759642234538, 5056546.420422677882016 ], [ 420879.901475647347979, 5056536.467868851497769 ], [ 420870.891964574635495, 5056526.973825143650174 ], [ 420861.397920867719222, 5056517.964314071461558 ], [ 420851.445367040461861, 5056509.464030076749623 ], [ 420841.061582351103425, 5056501.496271846815944 ], [ 420830.275028031785041, 5056494.082878454588354 ], [ 420819.115269278001506, 5056487.244169495068491 ], [ 420807.612894212885294, 5056480.998889394104481 ], [ 420795.799430046929047, 5056475.364156030118465 ], [ 420783.707256664347369, 5056470.355413816869259 ], [ 420771.369517871760763, 5056465.986391367390752 ], [ 420758.820030553615652, 5056462.269063868559897 ], [ 420746.093191982421558, 5056459.213620257563889 ], [ 420733.223885538056493, 5056456.828435291536152 ], [ 420720.247385094931815, 5056455.12004659883678 ], [ 420707.199258338718209, 5056454.093136752024293 ], [ 420694.115269278001506, 5056453.750520440749824 ], [ 420681.031280217284802, 5056454.093136752024293 ], [ 420667.983153461071197, 5056455.12004659883678 ], [ 420655.006653017946519, 5056456.828435291536152 ], [ 420642.137346573581453, 5056459.213620257563889 ], [ 420629.41050800238736, 5056462.269063868559897 ], [ 420616.861020684242249, 5056465.986391367390752 ], [ 420604.523281891655643, 5056470.355413816869259 ], [ 420592.431108509073965, 5056475.364156030118465 ], [ 420580.617644343117718, 5056480.998889394104481 ], [ 420569.115269278001506, 5056487.244169495068491 ], [ 420557.955510524217971, 5056494.082878454588354 ], [ 420547.168956204899587, 5056501.496271846815944 ], [ 420536.785171515541151, 5056509.464030076749623 ], [ 420526.83261768828379, 5056517.964314071461558 ], [ 420517.338573981367517, 5056526.973825143650174 ], [ 420508.329062908655033, 5056536.467868851497769 ], [ 420499.828778913768474, 5056546.420422677882016 ], [ 420491.861020684242249, 5056556.804207367822528 ], [ 420484.447627291665412, 5056567.590761686675251 ], [ 420477.608918331912719, 5056578.750520440749824 ], [ 420471.363638230890501, 5056590.252895506098866 ], [ 420465.728904867370147, 5056602.066359671764076 ], [ 420460.720162653713487, 5056614.158533054403961 ], [ 420456.35114020423498, 5056626.496271846815944 ], [ 420452.633812705753371, 5056639.045759164728224 ], [ 420449.578369094524533, 5056651.772597736679018 ], [ 420447.193184129195288, 5056664.64190418086946 ], [ 420445.484795435913838, 5056677.618404624052346 ], [ 420444.457885589334182, 5056690.666531380265951 ], [ 420444.115269278001506, 5056703.750520440749824 ], [ 420444.457885589334182, 5056716.834509501233697 ], [ 420445.484795435913838, 5056729.882636257447302 ], [ 420447.193184129195288, 5056742.859136700630188 ], [ 420449.578369094524533, 5056755.728443144820631 ], [ 420452.633812705753371, 5056768.455281716771424 ], [ 420456.35114020423498, 5056781.004769034683704 ], [ 420460.720162653713487, 5056793.342507827095687 ], [ 420465.728904867370147, 5056805.434681209735572 ], [ 420471.363638230890501, 5056817.248145375400782 ], [ 420477.608918331912719, 5056828.750520440749824 ], [ 420484.447627291665412, 5056839.910279194824398 ], [ 420491.861020684242249, 5056850.69683351367712 ], [ 420499.828778913768474, 5056861.080618203617632 ], [ 420508.329062908655033, 5056871.033172030001879 ], [ 420517.338573981367517, 5056880.527215737849474 ], [ 420526.83261768828379, 5056889.53672681003809 ], [ 420536.785171515541151, 5056898.037010804750025 ], [ 420547.168956204899587, 5056906.004769034683704 ], [ 420557.955510524217971, 5056913.418162426911294 ], [ 420569.115269278001506, 5056920.256871386431158 ], [ 420580.617644343117718, 5056926.502151487395167 ], [ 420592.431108509073965, 5056932.136884851381183 ], [ 420604.523281891655643, 5056937.145627064630389 ], [ 420616.861020684242249, 5056941.514649514108896 ], [ 420629.41050800238736, 5056945.231977012939751 ], [ 420642.137346573581453, 5056948.287420623935759 ], [ 420655.006653017946519, 5056950.672605589963496 ], [ 420667.983153461071197, 5056952.380994282662868 ], [ 420681.031280217284802, 5056953.407904129475355 ], [ 420694.115269278001506, 5056953.750520440749824 ], [ 420707.199258338718209, 5056953.407904129475355 ], [ 420720.247385094931815, 5056952.380994282662868 ], [ 420733.223885538056493, 5056950.672605589963496 ], [ 420746.093191982421558, 5056948.287420623935759 ], [ 420758.820030553615652, 5056945.231977012939751 ], [ 420771.369517871760763, 5056941.514649514108896 ], [ 420783.707256664347369, 5056937.145627064630389 ], [ 420795.799430046929047, 5056932.136884851381183 ], [ 420807.612894212885294, 5056926.502151487395167 ], [ 420819.115269278001506, 5056920.256871386431158 ], [ 420830.275028031785041, 5056913.418162426911294 ], [ 420841.061582351103425, 5056906.004769034683704 ], [ 420851.445367040461861, 5056898.037010804750025 ], [ 420861.397920867719222, 5056889.53672681003809 ], [ 420870.891964574635495, 5056880.527215737849474 ], [ 420879.901475647347979, 5056871.033172030001879 ], [ 420888.401759642234538, 5056861.080618203617632 ], [ 420896.369517871760763, 5056850.69683351367712 ], [ 420903.782911264337599, 5056839.910279194824398 ], [ 420910.621620224090293, 5056828.750520440749824 ], [ 420916.86690032511251, 5056817.248145375400782 ], [ 420922.501633688632865, 5056805.434681209735572 ], [ 420927.510375902289525, 5056793.342507827095687 ], [ 420931.879398351768032, 5056781.004769034683704 ], [ 420935.596725850249641, 5056768.455281716771424 ], [ 420938.652169461478479, 5056755.728443144820631 ], [ 420941.037354426807724, 5056742.859136700630188 ], [ 420942.745743120089173, 5056729.882636257447302 ], [ 420943.772652966668829, 5056716.834509501233697 ], [ 420944.115269278001506, 5056703.750520440749824 ] ] ] } },
{ "type": "Feature", "properties": { "site": 21, "transect": 21.2 }, "geometry": { "type": "Polygon", "coordinates": [ [ [ 420973.461961422290187, 5056335.476862846873701 ], [ 420973.119345110957511, 5056322.392873786389828 ], [ 420972.092435264377855, 5056309.344747030176222 ], [ 420970.384046571096405, 5056296.368246586993337 ], [ 420967.998861605767161, 5056283.498940142802894 ], [ 420964.943417994538322, 5056270.772101570852101 ], [ 420961.226090496056713, 5056258.22261425293982 ], [ 420956.857068046578206, 5056245.884875460527837 ], [ 420951.848325832921546, 5056233.792702077887952 ], [ 420946.213592469401192, 5056221.979237912222743 ], [ 420939.968312368378974, 5056210.476862846873701 ], [ 420933.129603408626281, 5056199.317104092799127 ], [ 420925.716210016049445, 5056188.530549773946404 ], [ 420917.748451786523219, 5056178.146765084005892 ], [ 420909.248167791636661, 5056168.194211257621646 ], [ 420900.238656718924176, 5056158.700167549774051 ], [ 420890.744613012007903, 5056149.690656477585435 ], [ 420880.792059184750542, 5056141.190372482873499 ], [ 420870.408274495392106, 5056133.22261425293982 ], [ 420859.621720176073723, 5056125.80922086071223 ], [ 420848.461961422290187, 5056118.970511901192367 ], [ 420836.959586357173976, 5056112.725231800228357 ], [ 420825.146122191217728, 5056107.090498436242342 ], [ 420813.053948808636051, 5056102.081756222993135 ], [ 420800.716210016049445, 5056097.712733773514628 ], [ 420788.166722697904333, 5056093.995406274683774 ], [ 420775.43988412671024, 5056090.939962663687766 ], [ 420762.570577682345174, 5056088.554777697660029 ], [ 420749.594077239220496, 5056086.846389004960656 ], [ 420736.545950483006891, 5056085.81947915814817 ], [ 420723.461961422290187, 5056085.476862846873701 ], [ 420710.377972361573484, 5056085.81947915814817 ], [ 420697.329845605359878, 5056086.846389004960656 ], [ 420684.3533451622352, 5056088.554777697660029 ], [ 420671.484038717870135, 5056090.939962663687766 ], [ 420658.757200146676041, 5056093.995406274683774 ], [ 420646.20771282853093, 5056097.712733773514628 ], [ 420633.869974035944324, 5056102.081756222993135 ], [ 420621.777800653362647, 5056107.090498436242342 ], [ 420609.964336487406399, 5056112.725231800228357 ], [ 420598.461961422290187, 5056118.970511901192367 ], [ 420587.302202668506652, 5056125.80922086071223 ], [ 420576.515648349188268, 5056133.22261425293982 ], [ 420566.131863659829833, 5056141.190372482873499 ], [ 420556.179309832572471, 5056149.690656477585435 ], [ 420546.685266125656199, 5056158.700167549774051 ], [ 420537.675755052943714, 5056168.194211257621646 ], [ 420529.175471058057155, 5056178.146765084005892 ], [ 420521.20771282853093, 5056188.530549773946404 ], [ 420513.794319435954094, 5056199.317104092799127 ], [ 420506.9556104762014, 5056210.476862846873701 ], [ 420500.710330375179183, 5056221.979237912222743 ], [ 420495.075597011658829, 5056233.792702077887952 ], [ 420490.066854798002169, 5056245.884875460527837 ], [ 420485.697832348523661, 5056258.22261425293982 ], [ 420481.980504850042053, 5056270.772101570852101 ], [ 420478.925061238813214, 5056283.498940142802894 ], [ 420476.539876273483969, 5056296.368246586993337 ], [ 420474.83148758020252, 5056309.344747030176222 ], [ 420473.804577733622864, 5056322.392873786389828 ], [ 420473.461961422290187, 5056335.476862846873701 ], [ 420473.804577733622864, 5056348.560851907357574 ], [ 420474.83148758020252, 5056361.608978663571179 ], [ 420476.539876273483969, 5056374.585479106754065 ], [ 420478.925061238813214, 5056387.454785550944507 ], [ 420481.980504850042053, 5056400.1816241228953 ], [ 420485.697832348523661, 5056412.731111440807581 ], [ 420490.066854798002169, 5056425.068850233219564 ], [ 420495.075597011658829, 5056437.161023615859449 ], [ 420500.710330375179183, 5056448.974487781524658 ], [ 420506.9556104762014, 5056460.476862846873701 ], [ 420513.794319435954094, 5056471.636621600948274 ], [ 420521.20771282853093, 5056482.423175919800997 ], [ 420529.175471058057155, 5056492.806960609741509 ], [ 420537.675755052943714, 5056502.759514436125755 ], [ 420546.685266125656199, 5056512.253558143973351 ], [ 420556.179309832572471, 5056521.263069216161966 ], [ 420566.131863659829833, 5056529.763353210873902 ], [ 420576.515648349188268, 5056537.731111440807581 ], [ 420587.302202668506652, 5056545.144504833035171 ], [ 420598.461961422290187, 5056551.983213792555034 ], [ 420609.964336487406399, 5056558.228493893519044 ], [ 420621.777800653362647, 5056563.863227257505059 ], [ 420633.869974035944324, 5056568.871969470754266 ], [ 420646.20771282853093, 5056573.240991920232773 ], [ 420658.757200146676041, 5056576.958319419063628 ], [ 420671.484038717870135, 5056580.013763030059636 ], [ 420684.3533451622352, 5056582.398947996087372 ], [ 420697.329845605359878, 5056584.107336688786745 ], [ 420710.377972361573484, 5056585.134246535599232 ], [ 420723.461961422290187, 5056585.476862846873701 ], [ 420736.545950483006891, 5056585.134246535599232 ], [ 420749.594077239220496, 5056584.107336688786745 ], [ 420762.570577682345174, 5056582.398947996087372 ], [ 420775.43988412671024, 5056580.013763030059636 ], [ 420788.166722697904333, 5056576.958319419063628 ], [ 420800.716210016049445, 5056573.240991920232773 ], [ 420813.053948808636051, 5056568.871969470754266 ], [ 420825.146122191217728, 5056563.863227257505059 ], [ 420836.959586357173976, 5056558.228493893519044 ], [ 420848.461961422290187, 5056551.983213792555034 ], [ 420859.621720176073723, 5056545.144504833035171 ], [ 420870.408274495392106, 5056537.731111440807581 ], [ 420880.792059184750542, 5056529.763353210873902 ], [ 420890.744613012007903, 5056521.263069216161966 ], [ 420900.238656718924176, 5056512.253558143973351 ], [ 420909.248167791636661, 5056502.759514436125755 ], [ 420917.748451786523219, 5056492.806960609741509 ], [ 420925.716210016049445, 5056482.423175919800997 ], [ 420933.129603408626281, 5056471.636621600948274 ], [ 420939.968312368378974, 5056460.476862846873701 ], [ 420946.213592469401192, 5056448.974487781524658 ], [ 420951.848325832921546, 5056437.161023615859449 ], [ 420956.857068046578206, 5056425.068850233219564 ], [ 420961.226090496056713, 5056412.731111440807581 ], [ 420964.943417994538322, 5056400.1816241228953 ], [ 420967.998861605767161, 5056387.454785550944507 ], [ 420970.384046571096405, 5056374.585479106754065 ], [ 420972.092435264377855, 5056361.608978663571179 ], [ 420973.119345110957511, 5056348.560851907357574 ], [ 420973.461961422290187, 5056335.476862846873701 ] ] ] } },
{ "type": "Feature", "properties": { "site": 21, "transect": 21.3 }, "geometry": { "type": "Polygon", "coordinates": [ [ [ 420777.043712217768189, 5056634.279376052320004 ], [ 420776.701095906435512, 5056621.195386991836131 ], [ 420775.674186059855856, 5056608.147260235622525 ], [ 420773.965797366574407, 5056595.17075979243964 ], [ 420771.580612401245162, 5056582.301453348249197 ], [ 420768.525168790016323, 5056569.574614776298404 ], [ 420764.807841291534714, 5056557.025127458386123 ], [ 420760.438818842056207, 5056544.68738866597414 ], [ 420755.430076628399547, 5056532.595215283334255 ], [ 420749.795343264879193, 5056520.781751117669046 ], [ 420743.550063163856976, 5056509.279376052320004 ], [ 420736.711354204104282, 5056498.11961729824543 ], [ 420729.297960811527446, 5056487.333062979392707 ], [ 420721.33020258200122, 5056476.949278289452195 ], [ 420712.829918587114662, 5056466.996724463067949 ], [ 420703.820407514402177, 5056457.502680755220354 ], [ 420694.326363807485905, 5056448.493169683031738 ], [ 420684.373809980228543, 5056439.992885688319802 ], [ 420673.990025290870108, 5056432.025127458386123 ], [ 420663.203470971551724, 5056424.611734066158533 ], [ 420652.043712217768189, 5056417.77302510663867 ], [ 420640.541337152651977, 5056411.52774500567466 ], [ 420628.727872986695729, 5056405.893011641688645 ], [ 420616.635699604114052, 5056400.884269428439438 ], [ 420604.297960811527446, 5056396.515246978960931 ], [ 420591.748473493382335, 5056392.797919480130076 ], [ 420579.021634922188241, 5056389.742475869134068 ], [ 420566.152328477823175, 5056387.357290903106332 ], [ 420553.175828034698498, 5056385.648902210406959 ], [ 420540.127701278484892, 5056384.621992363594472 ], [ 420527.043712217768189, 5056384.279376052320004 ], [ 420513.959723157051485, 5056384.621992363594472 ], [ 420500.91159640083788, 5056385.648902210406959 ], [ 420487.935095957713202, 5056387.357290903106332 ], [ 420475.065789513348136, 5056389.742475869134068 ], [ 420462.338950942154042, 5056392.797919480130076 ], [ 420449.789463624008931, 5056396.515246978960931 ], [ 420437.451724831422325, 5056400.884269428439438 ], [ 420425.359551448840648, 5056405.893011641688645 ], [ 420413.5460872828844, 5056411.52774500567466 ], [ 420402.043712217768189, 5056417.77302510663867 ], [ 420390.883953463984653, 5056424.611734066158533 ], [ 420380.097399144666269, 5056432.025127458386123 ], [ 420369.713614455307834, 5056439.992885688319802 ], [ 420359.761060628050473, 5056448.493169683031738 ], [ 420350.2670169211342, 5056457.502680755220354 ], [ 420341.257505848421715, 5056466.996724463067949 ], [ 420332.757221853535157, 5056476.949278289452195 ], [ 420324.789463624008931, 5056487.333062979392707 ], [ 420317.376070231432095, 5056498.11961729824543 ], [ 420310.537361271679401, 5056509.279376052320004 ], [ 420304.292081170657184, 5056520.781751117669046 ], [ 420298.65734780713683, 5056532.595215283334255 ], [ 420293.64860559348017, 5056544.68738866597414 ], [ 420289.279583144001663, 5056557.025127458386123 ], [ 420285.562255645520054, 5056569.574614776298404 ], [ 420282.506812034291215, 5056582.301453348249197 ], [ 420280.121627068961971, 5056595.17075979243964 ], [ 420278.413238375680521, 5056608.147260235622525 ], [ 420277.386328529100865, 5056621.195386991836131 ], [ 420277.043712217768189, 5056634.279376052320004 ], [ 420277.386328529100865, 5056647.363365112803876 ], [ 420278.413238375680521, 5056660.411491869017482 ], [ 420280.121627068961971, 5056673.387992312200367 ], [ 420282.506812034291215, 5056686.25729875639081 ], [ 420285.562255645520054, 5056698.984137328341603 ], [ 420289.279583144001663, 5056711.533624646253884 ], [ 420293.64860559348017, 5056723.871363438665867 ], [ 420298.65734780713683, 5056735.963536821305752 ], [ 420304.292081170657184, 5056747.777000986970961 ], [ 420310.537361271679401, 5056759.279376052320004 ], [ 420317.376070231432095, 5056770.439134806394577 ], [ 420324.789463624008931, 5056781.2256891252473 ], [ 420332.757221853535157, 5056791.609473815187812 ], [ 420341.257505848421715, 5056801.562027641572058 ], [ 420350.2670169211342, 5056811.056071349419653 ], [ 420359.761060628050473, 5056820.065582421608269 ], [ 420369.713614455307834, 5056828.565866416320205 ], [ 420380.097399144666269, 5056836.533624646253884 ], [ 420390.883953463984653, 5056843.947018038481474 ], [ 420402.043712217768189, 5056850.785726998001337 ], [ 420413.5460872828844, 5056857.031007098965347 ], [ 420425.359551448840648, 5056862.665740462951362 ], [ 420437.451724831422325, 5056867.674482676200569 ], [ 420449.789463624008931, 5056872.043505125679076 ], [ 420462.338950942154042, 5056875.760832624509931 ], [ 420475.065789513348136, 5056878.816276235505939 ], [ 420487.935095957713202, 5056881.201461201533675 ], [ 420500.91159640083788, 5056882.909849894233048 ], [ 420513.959723157051485, 5056883.936759741045535 ], [ 420527.043712217768189, 5056884.279376052320004 ], [ 420540.127701278484892, 5056883.936759741045535 ], [ 420553.175828034698498, 5056882.909849894233048 ], [ 420566.152328477823175, 5056881.201461201533675 ], [ 420579.021634922188241, 5056878.816276235505939 ], [ 420591.748473493382335, 5056875.760832624509931 ], [ 420604.297960811527446, 5056872.043505125679076 ], [ 420616.635699604114052, 5056867.674482676200569 ], [ 420628.727872986695729, 5056862.665740462951362 ], [ 420640.541337152651977, 5056857.031007098965347 ], [ 420652.043712217768189, 5056850.785726998001337 ], [ 420663.203470971551724, 5056843.947018038481474 ], [ 420673.990025290870108, 5056836.533624646253884 ], [ 420684.373809980228543, 5056828.565866416320205 ], [ 420694.326363807485905, 5056820.065582421608269 ], [ 420703.820407514402177, 5056811.056071349419653 ], [ 420712.829918587114662, 5056801.562027641572058 ], [ 420721.33020258200122, 5056791.609473815187812 ], [ 420729.297960811527446, 5056781.2256891252473 ], [ 420736.711354204104282, 5056770.439134806394577 ], [ 420743.550063163856976, 5056759.279376052320004 ], [ 420749.795343264879193, 5056747.777000986970961 ], [ 420755.430076628399547, 5056735.963536821305752 ], [ 420760.438818842056207, 5056723.871363438665867 ], [ 420764.807841291534714, 5056711.533624646253884 ], [ 420768.525168790016323, 5056698.984137328341603 ], [ 420771.580612401245162, 5056686.25729875639081 ], [ 420773.965797366574407, 5056673.387992312200367 ], [ 420775.674186059855856, 5056660.411491869017482 ], [ 420776.701095906435512, 5056647.363365112803876 ], [ 420777.043712217768189, 5056634.279376052320004 ] ] ] } },
{ "type": "Feature", "properties": { "site": 21, "transect": 21.4 }, "geometry": { "type": "Polygon", "coordinates": [ [ [ 420802.2428881888045, 5056566.343333811499178 ], [ 420801.900271877471823, 5056553.259344751015306 ], [ 420800.873362030892167, 5056540.2112179948017 ], [ 420799.164973337610718, 5056527.234717551618814 ], [ 420796.779788372281473, 5056514.365411107428372 ], [ 420793.724344761052635, 5056501.638572535477579 ], [ 420790.007017262571026, 5056489.089085217565298 ], [ 420785.637994813092519, 5056476.751346425153315 ], [ 420780.629252599435858, 5056464.65917304251343 ], [ 420774.994519235915504, 5056452.845708876848221 ], [ 420768.749239134893287, 5056441.343333811499178 ], [ 420761.910530175140593, 5056430.183575057424605 ], [ 420754.497136782563757, 5056419.397020738571882 ], [ 420746.529378553037532, 5056409.01323604863137 ], [ 420738.029094558150973, 5056399.060682222247124 ], [ 420729.019583485438488, 5056389.566638514399529 ], [ 420719.525539778522216, 5056380.557127442210913 ], [ 420709.572985951264855, 5056372.056843447498977 ], [ 420699.189201261906419, 5056364.089085217565298 ], [ 420688.402646942588035, 5056356.675691825337708 ], [ 420677.2428881888045, 5056349.836982865817845 ], [ 420665.740513123688288, 5056343.591702764853835 ], [ 420653.92704895773204, 5056337.95696940086782 ], [ 420641.834875575150363, 5056332.948227187618613 ], [ 420629.497136782563757, 5056328.579204738140106 ], [ 420616.947649464418646, 5056324.861877239309251 ], [ 420604.220810893224552, 5056321.806433628313243 ], [ 420591.351504448859487, 5056319.421248662285507 ], [ 420578.375004005734809, 5056317.712859969586134 ], [ 420565.326877249521203, 5056316.685950122773647 ], [ 420552.2428881888045, 5056316.343333811499178 ], [ 420539.158899128087796, 5056316.685950122773647 ], [ 420526.110772371874191, 5056317.712859969586134 ], [ 420513.134271928749513, 5056319.421248662285507 ], [ 420500.264965484384447, 5056321.806433628313243 ], [ 420487.538126913190354, 5056324.861877239309251 ], [ 420474.988639595045242, 5056328.579204738140106 ], [ 420462.650900802458636, 5056332.948227187618613 ], [ 420450.558727419876959, 5056337.95696940086782 ], [ 420438.745263253920712, 5056343.591702764853835 ], [ 420427.2428881888045, 5056349.836982865817845 ], [ 420416.083129435020965, 5056356.675691825337708 ], [ 420405.296575115702581, 5056364.089085217565298 ], [ 420394.912790426344145, 5056372.056843447498977 ], [ 420384.960236599086784, 5056380.557127442210913 ], [ 420375.466192892170511, 5056389.566638514399529 ], [ 420366.456681819458026, 5056399.060682222247124 ], [ 420357.956397824571468, 5056409.01323604863137 ], [ 420349.988639595045242, 5056419.397020738571882 ], [ 420342.575246202468406, 5056430.183575057424605 ], [ 420335.736537242715713, 5056441.343333811499178 ], [ 420329.491257141693495, 5056452.845708876848221 ], [ 420323.856523778173141, 5056464.65917304251343 ], [ 420318.847781564516481, 5056476.751346425153315 ], [ 420314.478759115037974, 5056489.089085217565298 ], [ 420310.761431616556365, 5056501.638572535477579 ], [ 420307.705988005327526, 5056514.365411107428372 ], [ 420305.320803039998282, 5056527.234717551618814 ], [ 420303.612414346716832, 5056540.2112179948017 ], [ 420302.585504500137176, 5056553.259344751015306 ], [ 420302.2428881888045, 5056566.343333811499178 ], [ 420302.585504500137176, 5056579.427322871983051 ], [ 420303.612414346716832, 5056592.475449628196657 ], [ 420305.320803039998282, 5056605.451950071379542 ], [ 420307.705988005327526, 5056618.321256515569985 ], [ 420310.761431616556365, 5056631.048095087520778 ], [ 420314.478759115037974, 5056643.597582405433059 ], [ 420318.847781564516481, 5056655.935321197845042 ], [ 420323.856523778173141, 5056668.027494580484927 ], [ 420329.491257141693495, 5056679.840958746150136 ], [ 420335.736537242715713, 5056691.343333811499178 ], [ 420342.575246202468406, 5056702.503092565573752 ], [ 420349.988639595045242, 5056713.289646884426475 ], [ 420357.956397824571468, 5056723.673431574366987 ], [ 420366.456681819458026, 5056733.625985400751233 ], [ 420375.466192892170511, 5056743.120029108598828 ], [ 420384.960236599086784, 5056752.129540180787444 ], [ 420394.912790426344145, 5056760.62982417549938 ], [ 420405.296575115702581, 5056768.597582405433059 ], [ 420416.083129435020965, 5056776.010975797660649 ], [ 420427.2428881888045, 5056782.849684757180512 ], [ 420438.745263253920712, 5056789.094964858144522 ], [ 420450.558727419876959, 5056794.729698222130537 ], [ 420462.650900802458636, 5056799.738440435379744 ], [ 420474.988639595045242, 5056804.107462884858251 ], [ 420487.538126913190354, 5056807.824790383689106 ], [ 420500.264965484384447, 5056810.880233994685113 ], [ 420513.134271928749513, 5056813.26541896071285 ], [ 420526.110772371874191, 5056814.973807653412223 ], [ 420539.158899128087796, 5056816.00071750022471 ], [ 420552.2428881888045, 5056816.343333811499178 ], [ 420565.326877249521203, 5056816.00071750022471 ], [ 420578.375004005734809, 5056814.973807653412223 ], [ 420591.351504448859487, 5056813.26541896071285 ], [ 420604.220810893224552, 5056810.880233994685113 ], [ 420616.947649464418646, 5056807.824790383689106 ], [ 420629.497136782563757, 5056804.107462884858251 ], [ 420641.834875575150363, 5056799.738440435379744 ], [ 420653.92704895773204, 5056794.729698222130537 ], [ 420665.740513123688288, 5056789.094964858144522 ], [ 420677.2428881888045, 5056782.849684757180512 ], [ 420688.402646942588035, 5056776.010975797660649 ], [ 420699.189201261906419, 5056768.597582405433059 ], [ 420709.572985951264855, 5056760.62982417549938 ], [ 420719.525539778522216, 5056752.129540180787444 ], [ 420729.019583485438488, 5056743.120029108598828 ], [ 420738.029094558150973, 5056733.625985400751233 ], [ 420746.529378553037532, 5056723.673431574366987 ], [ 420754.497136782563757, 5056713.289646884426475 ], [ 420761.910530175140593, 5056702.503092565573752 ], [ 420768.749239134893287, 5056691.343333811499178 ], [ 420774.994519235915504, 5056679.840958746150136 ], [ 420780.629252599435858, 5056668.027494580484927 ], [ 420785.637994813092519, 5056655.935321197845042 ], [ 420790.007017262571026, 5056643.597582405433059 ], [ 420793.724344761052635, 5056631.048095087520778 ], [ 420796.779788372281473, 5056618.321256515569985 ], [ 420799.164973337610718, 5056605.451950071379542 ], [ 420800.873362030892167, 5056592.475449628196657 ], [ 420801.900271877471823, 5056579.427322871983051 ], [ 420802.2428881888045, 5056566.343333811499178 ] ] ] } },
{ "type": "Feature", "properties": { "site": 21, "transect": 21.5 }, "geometry": { "type": "Polygon", "coordinates": [ [ [ 420802.2428881888045, 5056566.343333811499178 ], [ 420801.900271877471823, 5056553.259344751015306 ], [ 420800.873362030892167, 5056540.2112179948017 ], [ 420799.164973337610718, 5056527.234717551618814 ], [ 420796.779788372281473, 5056514.365411107428372 ], [ 420793.724344761052635, 5056501.638572535477579 ], [ 420790.007017262571026, 5056489.089085217565298 ], [ 420785.637994813092519, 5056476.751346425153315 ], [ 420780.629252599435858, 5056464.65917304251343 ], [ 420774.994519235915504, 5056452.845708876848221 ], [ 420768.749239134893287, 5056441.343333811499178 ], [ 420761.910530175140593, 5056430.183575057424605 ], [ 420754.497136782563757, 5056419.397020738571882 ], [ 420746.529378553037532, 5056409.01323604863137 ], [ 420738.029094558150973, 5056399.060682222247124 ], [ 420729.019583485438488, 5056389.566638514399529 ], [ 420719.525539778522216, 5056380.557127442210913 ], [ 420709.572985951264855, 5056372.056843447498977 ], [ 420699.189201261906419, 5056364.089085217565298 ], [ 420688.402646942588035, 5056356.675691825337708 ], [ 420677.2428881888045, 5056349.836982865817845 ], [ 420665.740513123688288, 5056343.591702764853835 ], [ 420653.92704895773204, 5056337.95696940086782 ], [ 420641.834875575150363, 5056332.948227187618613 ], [ 420629.497136782563757, 5056328.579204738140106 ], [ 420616.947649464418646, 5056324.861877239309251 ], [ 420604.220810893224552, 5056321.806433628313243 ], [ 420591.351504448859487, 5056319.421248662285507 ], [ 420578.375004005734809, 5056317.712859969586134 ], [ 420565.326877249521203, 5056316.685950122773647 ], [ 420552.2428881888045, 5056316.343333811499178 ], [ 420539.158899128087796, 5056316.685950122773647 ], [ 420526.110772371874191, 5056317.712859969586134 ], [ 420513.134271928749513, 5056319.421248662285507 ], [ 420500.264965484384447, 5056321.806433628313243 ], [ 420487.538126913190354, 5056324.861877239309251 ], [ 420474.988639595045242, 5056328.579204738140106 ], [ 420462.650900802458636, 5056332.948227187618613 ], [ 420450.558727419876959, 5056337.95696940086782 ], [ 420438.745263253920712, 5056343.591702764853835 ], [ 420427.2428881888045, 5056349.836982865817845 ], [ 420416.083129435020965, 5056356.675691825337708 ], [ 420405.296575115702581, 5056364.089085217565298 ], [ 420394.912790426344145, 5056372.056843447498977 ], [ 420384.960236599086784, 5056380.557127442210913 ], [ 420375.466192892170511, 5056389.566638514399529 ], [ 420366.456681819458026, 5056399.060682222247124 ], [ 420357.956397824571468, 5056409.01323604863137 ], [ 420349.988639595045242, 5056419.397020738571882 ], [ 420342.575246202468406, 5056430.183575057424605 ], [ 420335.736537242715713, 5056441.343333811499178 ], [ 420329.491257141693495, 5056452.845708876848221 ], [ 420323.856523778173141, 5056464.65917304251343 ], [ 420318.847781564516481, 5056476.751346425153315 ], [ 420314.478759115037974, 5056489.089085217565298 ], [ 420310.761431616556365, 5056501.638572535477579 ], [ 420307.705988005327526, 5056514.365411107428372 ], [ 420305.320803039998282, 5056527.234717551618814 ], [ 420303.612414346716832, 5056540.2112179948017 ], [ 420302.585504500137176, 5056553.259344751015306 ], [ 420302.2428881888045, 5056566.343333811499178 ], [ 420302.585504500137176, 5056579.427322871983051 ], [ 420303.612414346716832, 5056592.475449628196657 ], [ 420305.320803039998282, 5056605.451950071379542 ], [ 420307.705988005327526, 5056618.321256515569985 ], [ 420310.761431616556365, 5056631.048095087520778 ], [ 420314.478759115037974, 5056643.597582405433059 ], [ 420318.847781564516481, 5056655.935321197845042 ], [ 420323.856523778173141, 5056668.027494580484927 ], [ 420329.491257141693495, 5056679.840958746150136 ], [ 420335.736537242715713, 5056691.343333811499178 ], [ 420342.575246202468406, 5056702.503092565573752 ], [ 420349.988639595045242, 5056713.289646884426475 ], [ 420357.956397824571468, 5056723.673431574366987 ], [ 420366.456681819458026, 5056733.625985400751233 ], [ 420375.466192892170511, 5056743.120029108598828 ], [ 420384.960236599086784, 5056752.129540180787444 ], [ 420394.912790426344145, 5056760.62982417549938 ], [ 420405.296575115702581, 5056768.597582405433059 ], [ 420416.083129435020965, 5056776.010975797660649 ], [ 420427.2428881888045, 5056782.849684757180512 ], [ 420438.745263253920712, 5056789.094964858144522 ], [ 420450.558727419876959, 5056794.729698222130537 ], [ 420462.650900802458636, 5056799.738440435379744 ], [ 420474.988639595045242, 5056804.107462884858251 ], [ 420487.538126913190354, 5056807.824790383689106 ], [ 420500.264965484384447, 5056810.880233994685113 ], [ 420513.134271928749513, 5056813.26541896071285 ], [ 420526.110772371874191, 5056814.973807653412223 ], [ 420539.158899128087796, 5056816.00071750022471 ], [ 420552.2428881888045, 5056816.343333811499178 ], [ 420565.326877249521203, 5056816.00071750022471 ], [ 420578.375004005734809, 5056814.973807653412223 ], [ 420591.351504448859487, 5056813.26541896071285 ], [ 420604.220810893224552, 5056810.880233994685113 ], [ 420616.947649464418646, 5056807.824790383689106 ], [ 420629.497136782563757, 5056804.107462884858251 ], [ 420641.834875575150363, 5056799.738440435379744 ], [ 420653.92704895773204, 5056794.729698222130537 ], [ 420665.740513123688288, 5056789.094964858144522 ], [ 420677.2428881888045, 5056782.849684757180512 ], [ 420688.402646942588035, 5056776.010975797660649 ], [ 420699.189201261906419, 5056768.597582405433059 ], [ 420709.572985951264855, 5056760.62982417549938 ], [ 420719.525539778522216, 5056752.129540180787444 ], [ 420729.019583485438488, 5056743.120029108598828 ], [ 420738.029094558150973, 5056733.625985400751233 ], [ 420746.529378553037532, 5056723.673431574366987 ], [ 420754.497136782563757, 5056713.289646884426475 ], [ 420761.910530175140593, 5056702.503092565573752 ], [ 420768.749239134893287, 5056691.343333811499178 ], [ 420774.994519235915504, 5056679.840958746150136 ], [ 420780.629252599435858, 5056668.027494580484927 ], [ 420785.637994813092519, 5056655.935321197845042 ], [ 420790.007017262571026, 5056643.597582405433059 ], [ 420793.724344761052635, 5056631.048095087520778 ], [ 420796.779788372281473, 5056618.321256515569985 ], [ 420799.164973337610718, 5056605.451950071379542 ], [ 420800.873362030892167, 5056592.475449628196657 ], [ 420801.900271877471823, 5056579.427322871983051 ], [ 420802.2428881888045, 5056566.343333811499178 ] ] ] } },
{ "type": "Feature", "properties": { "site": 22, "transect": 22.1 }, "geometry": { "type": "Polygon", "coordinates": [ [ [ 403022.792654065880924, 4918996.619773741811514 ], [ 403022.450037754548248, 4918983.535784681327641 ], [ 403021.423127907968592, 4918970.487657925114036 ], [ 403019.714739214687143, 4918957.51115748193115 ], [ 403017.329554249357898, 4918944.641851037740707 ], [ 403014.274110638129059, 4918931.915012465789914 ], [ 403010.55678313964745, 4918919.365525147877634 ], [ 403006.187760690168943, 4918907.027786355465651 ], [ 403001.179018476512283, 4918894.935612972825766 ], [ 402995.544285112991929, 4918883.122148807160556 ], [ 402989.299005011969712, 4918871.619773741811514 ], [ 402982.460296052217018, 4918860.46001498773694 ], [ 402975.046902659640182, 4918849.673460668884218 ], [ 402967.079144430113956, 4918839.289675978943706 ], [ 402958.578860435227398, 4918829.337122152559459 ], [ 402949.569349362514913, 4918819.843078444711864 ], [ 402940.07530565559864, 4918810.833567372523248 ], [ 402930.122751828341279, 4918802.333283377811313 ], [ 402919.738967138982844, 4918794.365525147877634 ], [ 402908.95241281966446, 4918786.952131755650043 ], [ 402897.792654065880924, 4918780.11342279613018 ], [ 402886.290279000764713, 4918773.868142695166171 ], [ 402874.476814834808465, 4918768.233409331180155 ], [ 402862.384641452226788, 4918763.224667117930949 ], [ 402850.046902659640182, 4918758.855644668452442 ], [ 402837.497415341495071, 4918755.138317169621587 ], [ 402824.770576770300977, 4918752.082873558625579 ], [ 402811.901270325935911, 4918749.697688592597842 ], [ 402798.924769882811233, 4918747.989299899898469 ], [ 402785.876643126597628, 4918746.962390053085983 ], [ 402772.792654065880924, 4918746.619773741811514 ], [ 402759.708665005164221, 4918746.962390053085983 ], [ 402746.660538248950616, 4918747.989299899898469 ], [ 402733.684037805825938, 4918749.697688592597842 ], [ 402720.814731361460872, 4918752.082873558625579 ], [ 402708.087892790266778, 4918755.138317169621587 ], [ 402695.538405472121667, 4918758.855644668452442 ], [ 402683.200666679535061, 4918763.224667117930949 ], [ 402671.108493296953384, 4918768.233409331180155 ], [ 402659.295029130997136, 4918773.868142695166171 ], [ 402647.792654065880924, 4918780.11342279613018 ], [ 402636.632895312097389, 4918786.952131755650043 ], [ 402625.846340992779005, 4918794.365525147877634 ], [ 402615.46255630342057, 4918802.333283377811313 ], [ 402605.510002476163208, 4918810.833567372523248 ], [ 402596.015958769246936, 4918819.843078444711864 ], [ 402587.006447696534451, 4918829.337122152559459 ], [ 402578.506163701647893, 4918839.289675978943706 ], [ 402570.538405472121667, 4918849.673460668884218 ], [ 402563.125012079544831, 4918860.46001498773694 ], [ 402556.286303119792137, 4918871.619773741811514 ], [ 402550.04102301876992, 4918883.122148807160556 ], [ 402544.406289655249566, 4918894.935612972825766 ], [ 402539.397547441592906, 4918907.027786355465651 ], [ 402535.028524992114399, 4918919.365525147877634 ], [ 402531.31119749363279, 4918931.915012465789914 ], [ 402528.255753882403951, 4918944.641851037740707 ], [ 402525.870568917074706, 4918957.51115748193115 ], [ 402524.162180223793257, 4918970.487657925114036 ], [ 402523.135270377213601, 4918983.535784681327641 ], [ 402522.792654065880924, 4918996.619773741811514 ], [ 402523.135270377213601, 4919009.703762802295387 ], [ 402524.162180223793257, 4919022.751889558508992 ], [ 402525.870568917074706, 4919035.728390001691878 ], [ 402528.255753882403951, 4919048.59769644588232 ], [ 402531.31119749363279, 4919061.324535017833114 ], [ 402535.028524992114399, 4919073.874022335745394 ], [ 402539.397547441592906, 4919086.211761128157377 ], [ 402544.406289655249566, 4919098.303934510797262 ], [ 402550.04102301876992, 4919110.117398676462471 ], [ 402556.286303119792137, 4919121.619773741811514 ], [ 402563.125012079544831, 4919132.779532495886087 ], [ 402570.538405472121667, 4919143.56608681473881 ], [ 402578.506163701647893, 4919153.949871504679322 ], [ 402587.006447696534451, 4919163.902425331063569 ], [ 402596.015958769246936, 4919173.396469038911164 ], [ 402605.510002476163208, 4919182.40598011109978 ], [ 402615.46255630342057, 4919190.906264105811715 ], [ 402625.846340992779005, 4919198.874022335745394 ], [ 402636.632895312097389, 4919206.287415727972984 ], [ 402647.792654065880924, 4919213.126124687492847 ], [ 402659.295029130997136, 4919219.371404788456857 ], [ 402671.108493296953384, 4919225.006138152442873 ], [ 402683.200666679535061, 4919230.014880365692079 ], [ 402695.538405472121667, 4919234.383902815170586 ], [ 402708.087892790266778, 4919238.101230314001441 ], [ 402720.814731361460872, 4919241.156673924997449 ], [ 402733.684037805825938, 4919243.541858891025186 ], [ 402746.660538248950616, 4919245.250247583724558 ], [ 402759.708665005164221, 4919246.277157430537045 ], [ 402772.792654065880924, 4919246.619773741811514 ], [ 402785.876643126597628, 4919246.277157430537045 ], [ 402798.924769882811233, 4919245.250247583724558 ], [ 402811.901270325935911, 4919243.541858891025186 ], [ 402824.770576770300977, 4919241.156673924997449 ], [ 402837.497415341495071, 4919238.101230314001441 ], [ 402850.046902659640182, 4919234.383902815170586 ], [ 402862.384641452226788, 4919230.014880365692079 ], [ 402874.476814834808465, 4919225.006138152442873 ], [ 402886.290279000764713, 4919219.371404788456857 ], [ 402897.792654065880924, 4919213.126124687492847 ], [ 402908.95241281966446, 4919206.287415727972984 ], [ 402919.738967138982844, 4919198.874022335745394 ], [ 402930.122751828341279, 4919190.906264105811715 ], [ 402940.07530565559864, 4919182.40598011109978 ], [ 402949.569349362514913, 4919173.396469038911164 ], [ 402958.578860435227398, 4919163.902425331063569 ], [ 402967.079144430113956, 4919153.949871504679322 ], [ 402975.046902659640182, 4919143.56608681473881 ], [ 402982.460296052217018, 4919132.779532495886087 ], [ 402989.299005011969712, 4919121.619773741811514 ], [ 402995.544285112991929, 4919110.117398676462471 ], [ 403001.179018476512283, 4919098.303934510797262 ], [ 403006.187760690168943, 4919086.211761128157377 ], [ 403010.55678313964745, 4919073.874022335745394 ], [ 403014.274110638129059, 4919061.324535017833114 ], [ 403017.329554249357898, 4919048.59769644588232 ], [ 403019.714739214687143, 4919035.728390001691878 ], [ 403021.423127907968592, 4919022.751889558508992 ], [ 403022.450037754548248, 4919009.703762802295387 ], [ 403022.792654065880924, 4918996.619773741811514 ] ] ] } },
{ "type": "Feature", "properties": { "site": 22, "transect": 22.2 }, "geometry": { "type": "Polygon", "coordinates": [ [ [ 403022.792654065880924, 4918996.619773741811514 ], [ 403022.450037754548248, 4918983.535784681327641 ], [ 403021.423127907968592, 4918970.487657925114036 ], [ 403019.714739214687143, 4918957.51115748193115 ], [ 403017.329554249357898, 4918944.641851037740707 ], [ 403014.274110638129059, 4918931.915012465789914 ], [ 403010.55678313964745, 4918919.365525147877634 ], [ 403006.187760690168943, 4918907.027786355465651 ], [ 403001.179018476512283, 4918894.935612972825766 ], [ 402995.544285112991929, 4918883.122148807160556 ], [ 402989.299005011969712, 4918871.619773741811514 ], [ 402982.460296052217018, 4918860.46001498773694 ], [ 402975.046902659640182, 4918849.673460668884218 ], [ 402967.079144430113956, 4918839.289675978943706 ], [ 402958.578860435227398, 4918829.337122152559459 ], [ 402949.569349362514913, 4918819.843078444711864 ], [ 402940.07530565559864, 4918810.833567372523248 ], [ 402930.122751828341279, 4918802.333283377811313 ], [ 402919.738967138982844, 4918794.365525147877634 ], [ 402908.95241281966446, 4918786.952131755650043 ], [ 402897.792654065880924, 4918780.11342279613018 ], [ 402886.290279000764713, 4918773.868142695166171 ], [ 402874.476814834808465, 4918768.233409331180155 ], [ 402862.384641452226788, 4918763.224667117930949 ], [ 402850.046902659640182, 4918758.855644668452442 ], [ 402837.497415341495071, 4918755.138317169621587 ], [ 402824.770576770300977, 4918752.082873558625579 ], [ 402811.901270325935911, 4918749.697688592597842 ], [ 402798.924769882811233, 4918747.989299899898469 ], [ 402785.876643126597628, 4918746.962390053085983 ], [ 402772.792654065880924, 4918746.619773741811514 ], [ 402759.708665005164221, 4918746.962390053085983 ], [ 402746.660538248950616, 4918747.989299899898469 ], [ 402733.684037805825938, 4918749.697688592597842 ], [ 402720.814731361460872, 4918752.082873558625579 ], [ 402708.087892790266778, 4918755.138317169621587 ], [ 402695.538405472121667, 4918758.855644668452442 ], [ 402683.200666679535061, 4918763.224667117930949 ], [ 402671.108493296953384, 4918768.233409331180155 ], [ 402659.295029130997136, 4918773.868142695166171 ], [ 402647.792654065880924, 4918780.11342279613018 ], [ 402636.632895312097389, 4918786.952131755650043 ], [ 402625.846340992779005, 4918794.365525147877634 ], [ 402615.46255630342057, 4918802.333283377811313 ], [ 402605.510002476163208, 4918810.833567372523248 ], [ 402596.015958769246936, 4918819.843078444711864 ], [ 402587.006447696534451, 4918829.337122152559459 ], [ 402578.506163701647893, 4918839.289675978943706 ], [ 402570.538405472121667, 4918849.673460668884218 ], [ 402563.125012079544831, 4918860.46001498773694 ], [ 402556.286303119792137, 4918871.619773741811514 ], [ 402550.04102301876992, 4918883.122148807160556 ], [ 402544.406289655249566, 4918894.935612972825766 ], [ 402539.397547441592906, 4918907.027786355465651 ], [ 402535.028524992114399, 4918919.365525147877634 ], [ 402531.31119749363279, 4918931.915012465789914 ], [ 402528.255753882403951, 4918944.641851037740707 ], [ 402525.870568917074706, 4918957.51115748193115 ], [ 402524.162180223793257, 4918970.487657925114036 ], [ 402523.135270377213601, 4918983.535784681327641 ], [ 402522.792654065880924, 4918996.619773741811514 ], [ 402523.135270377213601, 4919009.703762802295387 ], [ 402524.162180223793257, 4919022.751889558508992 ], [ 402525.870568917074706, 4919035.728390001691878 ], [ 402528.255753882403951, 4919048.59769644588232 ], [ 402531.31119749363279, 4919061.324535017833114 ], [ 402535.028524992114399, 4919073.874022335745394 ], [ 402539.397547441592906, 4919086.211761128157377 ], [ 402544.406289655249566, 4919098.303934510797262 ], [ 402550.04102301876992, 4919110.117398676462471 ], [ 402556.286303119792137, 4919121.619773741811514 ], [ 402563.125012079544831, 4919132.779532495886087 ], [ 402570.538405472121667, 4919143.56608681473881 ], [ 402578.506163701647893, 4919153.949871504679322 ], [ 402587.006447696534451, 4919163.902425331063569 ], [ 402596.015958769246936, 4919173.396469038911164 ], [ 402605.510002476163208, 4919182.40598011109978 ], [ 402615.46255630342057, 4919190.906264105811715 ], [ 402625.846340992779005, 4919198.874022335745394 ], [ 402636.632895312097389, 4919206.287415727972984 ], [ 402647.792654065880924, 4919213.126124687492847 ], [ 402659.295029130997136, 4919219.371404788456857 ], [ 402671.108493296953384, 4919225.006138152442873 ], [ 402683.200666679535061, 4919230.014880365692079 ], [ 402695.538405472121667, 4919234.383902815170586 ], [ 402708.087892790266778, 4919238.101230314001441 ], [ 402720.814731361460872, 4919241.156673924997449 ], [ 402733.684037805825938, 4919243.541858891025186 ], [ 402746.660538248950616, 4919245.250247583724558 ], [ 402759.708665005164221, 4919246.277157430537045 ], [ 402772.792654065880924, 4919246.619773741811514 ], [ 402785.876643126597628, 4919246.277157430537045 ], [ 402798.924769882811233, 4919245.250247583724558 ], [ 402811.901270325935911, 4919243.541858891025186 ], [ 402824.770576770300977, 4919241.156673924997449 ], [ 402837.497415341495071, 4919238.101230314001441 ], [ 402850.046902659640182, 4919234.383902815170586 ], [ 402862.384641452226788, 4919230.014880365692079 ], [ 402874.476814834808465, 4919225.006138152442873 ], [ 402886.290279000764713, 4919219.371404788456857 ], [ 402897.792654065880924, 4919213.126124687492847 ], [ 402908.95241281966446, 4919206.287415727972984 ], [ 402919.738967138982844, 4919198.874022335745394 ], [ 402930.122751828341279, 4919190.906264105811715 ], [ 402940.07530565559864, 4919182.40598011109978 ], [ 402949.569349362514913, 4919173.396469038911164 ], [ 402958.578860435227398, 4919163.902425331063569 ], [ 402967.079144430113956, 4919153.949871504679322 ], [ 402975.046902659640182, 4919143.56608681473881 ], [ 402982.460296052217018, 4919132.779532495886087 ], [ 402989.299005011969712, 4919121.619773741811514 ], [ 402995.544285112991929, 4919110.117398676462471 ], [ 403001.179018476512283, 4919098.303934510797262 ], [ 403006.187760690168943, 4919086.211761128157377 ], [ 403010.55678313964745, 4919073.874022335745394 ], [ 403014.274110638129059, 4919061.324535017833114 ], [ 403017.329554249357898, 4919048.59769644588232 ], [ 403019.714739214687143, 4919035.728390001691878 ], [ 403021.423127907968592, 4919022.751889558508992 ], [ 403022.450037754548248, 4919009.703762802295387 ], [ 403022.792654065880924, 4918996.619773741811514 ] ] ] } },
{ "type": "Feature", "properties": { "site": 22, "transect": 22.3 }, "geometry": { "type": "Polygon", "coordinates": [ [ [ 403007.123324631247669, 4919645.55632474180311 ], [ 403006.780708319914993, 4919632.472335681319237 ], [ 403005.753798473335337, 4919619.424208925105631 ], [ 403004.045409780053888, 4919606.447708481922746 ], [ 403001.660224814724643, 4919593.578402037732303 ], [ 402998.604781203495804, 4919580.85156346578151 ], [ 402994.887453705014195, 4919568.302076147869229 ], [ 402990.518431255535688, 4919555.964337355457246 ], [ 402985.509689041879028, 4919543.872163972817361 ], [ 402979.874955678358674, 4919532.058699807152152 ], [ 402973.629675577336457, 4919520.55632474180311 ], [ 402966.790966617583763, 4919509.396565987728536 ], [ 402959.377573225006927, 4919498.610011668875813 ], [ 402951.409814995480701, 4919488.226226978935301 ], [ 402942.909531000594143, 4919478.273673152551055 ], [ 402933.900019927881658, 4919468.77962944470346 ], [ 402924.405976220965385, 4919459.770118372514844 ], [ 402914.453422393708024, 4919451.269834377802908 ], [ 402904.069637704349589, 4919443.302076147869229 ], [ 402893.283083385031205, 4919435.888682755641639 ], [ 402882.123324631247669, 4919429.049973796121776 ], [ 402870.620949566131458, 4919422.804693695157766 ], [ 402858.80748540017521, 4919417.169960331171751 ], [ 402846.715312017593533, 4919412.161218117922544 ], [ 402834.377573225006927, 4919407.792195668444037 ], [ 402821.828085906861816, 4919404.074868169613183 ], [ 402809.101247335667722, 4919401.019424558617175 ], [ 402796.231940891302656, 4919398.634239592589438 ], [ 402783.255440448177978, 4919396.925850899890065 ], [ 402770.207313691964373, 4919395.898941053077579 ], [ 402757.123324631247669, 4919395.55632474180311 ], [ 402744.039335570530966, 4919395.898941053077579 ], [ 402730.991208814317361, 4919396.925850899890065 ], [ 402718.014708371192683, 4919398.634239592589438 ], [ 402705.145401926827617, 4919401.019424558617175 ], [ 402692.418563355633523, 4919404.074868169613183 ], [ 402679.869076037488412, 4919407.792195668444037 ], [ 402667.531337244901806, 4919412.161218117922544 ], [ 402655.439163862320129, 4919417.169960331171751 ], [ 402643.625699696363881, 4919422.804693695157766 ], [ 402632.123324631247669, 4919429.049973796121776 ], [ 402620.963565877464134, 4919435.888682755641639 ], [ 402610.17701155814575, 4919443.302076147869229 ], [ 402599.793226868787315, 4919451.269834377802908 ], [ 402589.840673041529953, 4919459.770118372514844 ], [ 402580.346629334613681, 4919468.77962944470346 ], [ 402571.337118261901196, 4919478.273673152551055 ], [ 402562.836834267014638, 4919488.226226978935301 ], [ 402554.869076037488412, 4919498.610011668875813 ], [ 402547.455682644911576, 4919509.396565987728536 ], [ 402540.616973685158882, 4919520.55632474180311 ], [ 402534.371693584136665, 4919532.058699807152152 ], [ 402528.736960220616311, 4919543.872163972817361 ], [ 402523.728218006959651, 4919555.964337355457246 ], [ 402519.359195557481144, 4919568.302076147869229 ], [ 402515.641868058999535, 4919580.85156346578151 ], [ 402512.586424447770696, 4919593.578402037732303 ], [ 402510.201239482441451, 4919606.447708481922746 ], [ 402508.492850789160002, 4919619.424208925105631 ], [ 402507.465940942580346, 4919632.472335681319237 ], [ 402507.123324631247669, 4919645.55632474180311 ], [ 402507.465940942580346, 4919658.640313802286983 ], [ 402508.492850789160002, 4919671.688440558500588 ], [ 402510.201239482441451, 4919684.664941001683474 ], [ 402512.586424447770696, 4919697.534247445873916 ], [ 402515.641868058999535, 4919710.261086017824709 ], [ 402519.359195557481144, 4919722.81057333573699 ], [ 402523.728218006959651, 4919735.148312128148973 ], [ 402528.736960220616311, 4919747.240485510788858 ], [ 402534.371693584136665, 4919759.053949676454067 ], [ 402540.616973685158882, 4919770.55632474180311 ], [ 402547.455682644911576, 4919781.716083495877683 ], [ 402554.869076037488412, 4919792.502637814730406 ], [ 402562.836834267014638, 4919802.886422504670918 ], [ 402571.337118261901196, 4919812.838976331055164 ], [ 402580.346629334613681, 4919822.33302003890276 ], [ 402589.840673041529953, 4919831.342531111091375 ], [ 402599.793226868787315, 4919839.842815105803311 ], [ 402610.17701155814575, 4919847.81057333573699 ], [ 402620.963565877464134, 4919855.22396672796458 ], [ 402632.123324631247669, 4919862.062675687484443 ], [ 402643.625699696363881, 4919868.307955788448453 ], [ 402655.439163862320129, 4919873.942689152434468 ], [ 402667.531337244901806, 4919878.951431365683675 ], [ 402679.869076037488412, 4919883.320453815162182 ], [ 402692.418563355633523, 4919887.037781313993037 ], [ 402705.145401926827617, 4919890.093224924989045 ], [ 402718.014708371192683, 4919892.478409891016781 ], [ 402730.991208814317361, 4919894.186798583716154 ], [ 402744.039335570530966, 4919895.213708430528641 ], [ 402757.123324631247669, 4919895.55632474180311 ], [ 402770.207313691964373, 4919895.213708430528641 ], [ 402783.255440448177978, 4919894.186798583716154 ], [ 402796.231940891302656, 4919892.478409891016781 ], [ 402809.101247335667722, 4919890.093224924989045 ], [ 402821.828085906861816, 4919887.037781313993037 ], [ 402834.377573225006927, 4919883.320453815162182 ], [ 402846.715312017593533, 4919878.951431365683675 ], [ 402858.80748540017521, 4919873.942689152434468 ], [ 402870.620949566131458, 4919868.307955788448453 ], [ 402882.123324631247669, 4919862.062675687484443 ], [ 402893.283083385031205, 4919855.22396672796458 ], [ 402904.069637704349589, 4919847.81057333573699 ], [ 402914.453422393708024, 4919839.842815105803311 ], [ 402924.405976220965385, 4919831.342531111091375 ], [ 402933.900019927881658, 4919822.33302003890276 ], [ 402942.909531000594143, 4919812.838976331055164 ], [ 402951.409814995480701, 4919802.886422504670918 ], [ 402959.377573225006927, 4919792.502637814730406 ], [ 402966.790966617583763, 4919781.716083495877683 ], [ 402973.629675577336457, 4919770.55632474180311 ], [ 402979.874955678358674, 4919759.053949676454067 ], [ 402985.509689041879028, 4919747.240485510788858 ], [ 402990.518431255535688, 4919735.148312128148973 ], [ 402994.887453705014195, 4919722.81057333573699 ], [ 402998.604781203495804, 4919710.261086017824709 ], [ 403001.660224814724643, 4919697.534247445873916 ], [ 403004.045409780053888, 4919684.664941001683474 ], [ 403005.753798473335337, 4919671.688440558500588 ], [ 403006.780708319914993, 4919658.640313802286983 ], [ 403007.123324631247669, 4919645.55632474180311 ] ] ] } },
{ "type": "Feature", "properties": { "site": 22, "transect": 22.4 }, "geometry": { "type": "Polygon", "coordinates": [ [ [ 403123.856796716223471, 4919397.040149241685867 ], [ 403123.514180404890794, 4919383.956160181201994 ], [ 403122.487270558311138, 4919370.908033424988389 ], [ 403120.778881865029689, 4919357.931532981805503 ], [ 403118.393696899700444, 4919345.062226537615061 ], [ 403115.338253288471606, 4919332.335387965664268 ], [ 403111.620925789989997, 4919319.785900647751987 ], [ 403107.25190334051149, 4919307.448161855340004 ], [ 403102.243161126854829, 4919295.355988472700119 ], [ 403096.608427763334475, 4919283.54252430703491 ], [ 403090.363147662312258, 4919272.040149241685867 ], [ 403083.524438702559564, 4919260.880390487611294 ], [ 403076.111045309982728, 4919250.093836168758571 ], [ 403068.143287080456503, 4919239.710051478818059 ], [ 403059.643003085569944, 4919229.757497652433813 ], [ 403050.633492012857459, 4919220.263453944586217 ], [ 403041.139448305941187, 4919211.253942872397602 ], [ 403031.186894478683826, 4919202.753658877685666 ], [ 403020.80310978932539, 4919194.785900647751987 ], [ 403010.016555470007006, 4919187.372507255524397 ], [ 402998.856796716223471, 4919180.533798296004534 ], [ 402987.354421651107259, 4919174.288518195040524 ], [ 402975.540957485151011, 4919168.653784831054509 ], [ 402963.448784102569334, 4919163.645042617805302 ], [ 402951.111045309982728, 4919159.276020168326795 ], [ 402938.561557991837617, 4919155.55869266949594 ], [ 402925.834719420643523, 4919152.503249058499932 ], [ 402912.965412976278458, 4919150.118064092472196 ], [ 402899.98891253315378, 4919148.409675399772823 ], [ 402886.940785776940174, 4919147.382765552960336 ], [ 402873.856796716223471, 4919147.040149241685867 ], [ 402860.772807655506767, 4919147.382765552960336 ], [ 402847.724680899293162, 4919148.409675399772823 ], [ 402834.748180456168484, 4919150.118064092472196 ], [ 402821.878874011803418, 4919152.503249058499932 ], [ 402809.152035440609325, 4919155.55869266949594 ], [ 402796.602548122464214, 4919159.276020168326795 ], [ 402784.264809329877608, 4919163.645042617805302 ], [ 402772.17263594729593, 4919168.653784831054509 ], [ 402760.359171781339683, 4919174.288518195040524 ], [ 402748.856796716223471, 4919180.533798296004534 ], [ 402737.697037962439936, 4919187.372507255524397 ], [ 402726.910483643121552, 4919194.785900647751987 ], [ 402716.526698953763116, 4919202.753658877685666 ], [ 402706.574145126505755, 4919211.253942872397602 ], [ 402697.080101419589482, 4919220.263453944586217 ], [ 402688.070590346876998, 4919229.757497652433813 ], [ 402679.570306351990439, 4919239.710051478818059 ], [ 402671.602548122464214, 4919250.093836168758571 ], [ 402664.189154729887377, 4919260.880390487611294 ], [ 402657.350445770134684, 4919272.040149241685867 ], [ 402651.105165669112466, 4919283.54252430703491 ], [ 402645.470432305592112, 4919295.355988472700119 ], [ 402640.461690091935452, 4919307.448161855340004 ], [ 402636.092667642456945, 4919319.785900647751987 ], [ 402632.375340143975336, 4919332.335387965664268 ], [ 402629.319896532746498, 4919345.062226537615061 ], [ 402626.934711567417253, 4919357.931532981805503 ], [ 402625.226322874135803, 4919370.908033424988389 ], [ 402624.199413027556147, 4919383.956160181201994 ], [ 402623.856796716223471, 4919397.040149241685867 ], [ 402624.199413027556147, 4919410.12413830216974 ], [ 402625.226322874135803, 4919423.172265058383346 ], [ 402626.934711567417253, 4919436.148765501566231 ], [ 402629.319896532746498, 4919449.018071945756674 ], [ 402632.375340143975336, 4919461.744910517707467 ], [ 402636.092667642456945, 4919474.294397835619748 ], [ 402640.461690091935452, 4919486.632136628031731 ], [ 402645.470432305592112, 4919498.724310010671616 ], [ 402651.105165669112466, 4919510.537774176336825 ], [ 402657.350445770134684, 4919522.040149241685867 ], [ 402664.189154729887377, 4919533.199907995760441 ], [ 402671.602548122464214, 4919543.986462314613163 ], [ 402679.570306351990439, 4919554.370247004553676 ], [ 402688.070590346876998, 4919564.322800830937922 ], [ 402697.080101419589482, 4919573.816844538785517 ], [ 402706.574145126505755, 4919582.826355610974133 ], [ 402716.526698953763116, 4919591.326639605686069 ], [ 402726.910483643121552, 4919599.294397835619748 ], [ 402737.697037962439936, 4919606.707791227847338 ], [ 402748.856796716223471, 4919613.546500187367201 ], [ 402760.359171781339683, 4919619.791780288331211 ], [ 402772.17263594729593, 4919625.426513652317226 ], [ 402784.264809329877608, 4919630.435255865566432 ], [ 402796.602548122464214, 4919634.80427831504494 ], [ 402809.152035440609325, 4919638.521605813875794 ], [ 402821.878874011803418, 4919641.577049424871802 ], [ 402834.748180456168484, 4919643.962234390899539 ], [ 402847.724680899293162, 4919645.670623083598912 ], [ 402860.772807655506767, 4919646.697532930411398 ], [ 402873.856796716223471, 4919647.040149241685867 ], [ 402886.940785776940174, 4919646.697532930411398 ], [ 402899.98891253315378, 4919645.670623083598912 ], [ 402912.965412976278458, 4919643.962234390899539 ], [ 402925.834719420643523, 4919641.577049424871802 ], [ 402938.561557991837617, 4919638.521605813875794 ], [ 402951.111045309982728, 4919634.80427831504494 ], [ 402963.448784102569334, 4919630.435255865566432 ], [ 402975.540957485151011, 4919625.426513652317226 ], [ 402987.354421651107259, 4919619.791780288331211 ], [ 402998.856796716223471, 4919613.546500187367201 ], [ 403010.016555470007006, 4919606.707791227847338 ], [ 403020.80310978932539, 4919599.294397835619748 ], [ 403031.186894478683826, 4919591.326639605686069 ], [ 403041.139448305941187, 4919582.826355610974133 ], [ 403050.633492012857459, 4919573.816844538785517 ], [ 403059.643003085569944, 4919564.322800830937922 ], [ 403068.143287080456503, 4919554.370247004553676 ], [ 403076.111045309982728, 4919543.986462314613163 ], [ 403083.524438702559564, 4919533.199907995760441 ], [ 403090.363147662312258, 4919522.040149241685867 ], [ 403096.608427763334475, 4919510.537774176336825 ], [ 403102.243161126854829, 4919498.724310010671616 ], [ 403107.25190334051149, 4919486.632136628031731 ], [ 403111.620925789989997, 4919474.294397835619748 ], [ 403115.338253288471606, 4919461.744910517707467 ], [ 403118.393696899700444, 4919449.018071945756674 ], [ 403120.778881865029689, 4919436.148765501566231 ], [ 403122.487270558311138, 4919423.172265058383346 ], [ 403123.514180404890794, 4919410.12413830216974 ], [ 403123.856796716223471, 4919397.040149241685867 ] ] ] } },
{ "type": "Feature", "properties": { "site": 22, "transect": 22.5 }, "geometry": { "type": "Polygon", "coordinates": [ [ [ 403061.683370939979795, 4918882.567504405044019 ], [ 403061.340754628647119, 4918869.483515344560146 ], [ 403060.313844782067463, 4918856.435388588346541 ], [ 403058.605456088786013, 4918843.458888145163655 ], [ 403056.220271123456769, 4918830.589581700973213 ], [ 403053.16482751222793, 4918817.862743129022419 ], [ 403049.447500013746321, 4918805.313255811110139 ], [ 403045.078477564267814, 4918792.975517018698156 ], [ 403040.069735350611154, 4918780.883343636058271 ], [ 403034.4350019870908, 4918769.069879470393062 ], [ 403028.189721886068583, 4918757.567504405044019 ], [ 403021.351012926315889, 4918746.407745650969446 ], [ 403013.937619533739053, 4918735.621191332116723 ], [ 403005.969861304212827, 4918725.237406642176211 ], [ 402997.469577309326269, 4918715.284852815791965 ], [ 402988.460066236613784, 4918705.790809107944369 ], [ 402978.966022529697511, 4918696.781298035755754 ], [ 402969.01346870244015, 4918688.281014041043818 ], [ 402958.629684013081715, 4918680.313255811110139 ], [ 402947.843129693763331, 4918672.899862418882549 ], [ 402936.683370939979795, 4918666.061153459362686 ], [ 402925.180995874863584, 4918659.815873358398676 ], [ 402913.367531708907336, 4918654.181139994412661 ], [ 402901.275358326325659, 4918649.172397781163454 ], [ 402888.937619533739053, 4918644.803375331684947 ], [ 402876.388132215593942, 4918641.086047832854092 ], [ 402863.661293644399848, 4918638.030604221858084 ], [ 402850.791987200034782, 4918635.645419255830348 ], [ 402837.815486756910104, 4918633.937030563130975 ], [ 402824.767360000696499, 4918632.910120716318488 ], [ 402811.683370939979795, 4918632.567504405044019 ], [ 402798.599381879263092, 4918632.910120716318488 ], [ 402785.551255123049486, 4918633.937030563130975 ], [ 402772.574754679924808, 4918635.645419255830348 ], [ 402759.705448235559743, 4918638.030604221858084 ], [ 402746.978609664365649, 4918641.086047832854092 ], [ 402734.429122346220538, 4918644.803375331684947 ], [ 402722.091383553633932, 4918649.172397781163454 ], [ 402709.999210171052255, 4918654.181139994412661 ], [ 402698.185746005096007, 4918659.815873358398676 ], [ 402686.683370939979795, 4918666.061153459362686 ], [ 402675.52361218619626, 4918672.899862418882549 ], [ 402664.737057866877876, 4918680.313255811110139 ], [ 402654.353273177519441, 4918688.281014041043818 ], [ 402644.400719350262079, 4918696.781298035755754 ], [ 402634.906675643345807, 4918705.790809107944369 ], [ 402625.897164570633322, 4918715.284852815791965 ], [ 402617.396880575746763, 4918725.237406642176211 ], [ 402609.429122346220538, 4918735.621191332116723 ], [ 402602.015728953643702, 4918746.407745650969446 ], [ 402595.177019993891008, 4918757.567504405044019 ], [ 402588.931739892868791, 4918769.069879470393062 ], [ 402583.297006529348437, 4918780.883343636058271 ], [ 402578.288264315691777, 4918792.975517018698156 ], [ 402573.91924186621327, 4918805.313255811110139 ], [ 402570.201914367731661, 4918817.862743129022419 ], [ 402567.146470756502822, 4918830.589581700973213 ], [ 402564.761285791173577, 4918843.458888145163655 ], [ 402563.052897097892128, 4918856.435388588346541 ], [ 402562.025987251312472, 4918869.483515344560146 ], [ 402561.683370939979795, 4918882.567504405044019 ], [ 402562.025987251312472, 4918895.651493465527892 ], [ 402563.052897097892128, 4918908.699620221741498 ], [ 402564.761285791173577, 4918921.676120664924383 ], [ 402567.146470756502822, 4918934.545427109114826 ], [ 402570.201914367731661, 4918947.272265681065619 ], [ 402573.91924186621327, 4918959.8217529989779 ], [ 402578.288264315691777, 4918972.159491791389883 ], [ 402583.297006529348437, 4918984.251665174029768 ], [ 402588.931739892868791, 4918996.065129339694977 ], [ 402595.177019993891008, 4919007.567504405044019 ], [ 402602.015728953643702, 4919018.727263159118593 ], [ 402609.429122346220538, 4919029.513817477971315 ], [ 402617.396880575746763, 4919039.897602167911828 ], [ 402625.897164570633322, 4919049.850155994296074 ], [ 402634.906675643345807, 4919059.344199702143669 ], [ 402644.400719350262079, 4919068.353710774332285 ], [ 402654.353273177519441, 4919076.85399476904422 ], [ 402664.737057866877876, 4919084.8217529989779 ], [ 402675.52361218619626, 4919092.23514639120549 ], [ 402686.683370939979795, 4919099.073855350725353 ], [ 402698.185746005096007, 4919105.319135451689363 ], [ 402709.999210171052255, 4919110.953868815675378 ], [ 402722.091383553633932, 4919115.962611028924584 ], [ 402734.429122346220538, 4919120.331633478403091 ], [ 402746.978609664365649, 4919124.048960977233946 ], [ 402759.705448235559743, 4919127.104404588229954 ], [ 402772.574754679924808, 4919129.489589554257691 ], [ 402785.551255123049486, 4919131.197978246957064 ], [ 402798.599381879263092, 4919132.22488809376955 ], [ 402811.683370939979795, 4919132.567504405044019 ], [ 402824.767360000696499, 4919132.22488809376955 ], [ 402837.815486756910104, 4919131.197978246957064 ], [ 402850.791987200034782, 4919129.489589554257691 ], [ 402863.661293644399848, 4919127.104404588229954 ], [ 402876.388132215593942, 4919124.048960977233946 ], [ 402888.937619533739053, 4919120.331633478403091 ], [ 402901.275358326325659, 4919115.962611028924584 ], [ 402913.367531708907336, 4919110.953868815675378 ], [ 402925.180995874863584, 4919105.319135451689363 ], [ 402936.683370939979795, 4919099.073855350725353 ], [ 402947.843129693763331, 4919092.23514639120549 ], [ 402958.629684013081715, 4919084.8217529989779 ], [ 402969.01346870244015, 4919076.85399476904422 ], [ 402978.966022529697511, 4919068.353710774332285 ], [ 402988.460066236613784, 4919059.344199702143669 ], [ 402997.469577309326269, 4919049.850155994296074 ], [ 403005.969861304212827, 4919039.897602167911828 ], [ 403013.937619533739053, 4919029.513817477971315 ], [ 403021.351012926315889, 4919018.727263159118593 ], [ 403028.189721886068583, 4919007.567504405044019 ], [ 403034.4350019870908, 4918996.065129339694977 ], [ 403040.069735350611154, 4918984.251665174029768 ], [ 403045.078477564267814, 4918972.159491791389883 ], [ 403049.447500013746321, 4918959.8217529989779 ], [ 403053.16482751222793, 4918947.272265681065619 ], [ 403056.220271123456769, 4918934.545427109114826 ], [ 403058.605456088786013, 4918921.676120664924383 ], [ 403060.313844782067463, 4918908.699620221741498 ], [ 403061.340754628647119, 4918895.651493465527892 ], [ 403061.683370939979795, 4918882.567504405044019 ] ] ] } },
{ "type": "Feature", "properties": { "site": 22, "transect": 22.6 }, "geometry": { "type": "Polygon", "coordinates": [ [ [ 403071.636547542351764, 4919403.623856907710433 ], [ 403071.293931231019087, 4919390.53986784722656 ], [ 403070.267021384439431, 4919377.491741091012955 ], [ 403068.558632691157982, 4919364.515240647830069 ], [ 403066.173447725828737, 4919351.645934203639627 ], [ 403063.118004114599898, 4919338.919095631688833 ], [ 403059.40067661611829, 4919326.369608313776553 ], [ 403055.031654166639782, 4919314.03186952136457 ], [ 403050.022911952983122, 4919301.939696138724685 ], [ 403044.388178589462768, 4919290.126231973059475 ], [ 403038.142898488440551, 4919278.623856907710433 ], [ 403031.304189528687857, 4919267.464098153635859 ], [ 403023.890796136111021, 4919256.677543834783137 ], [ 403015.923037906584796, 4919246.293759144842625 ], [ 403007.422753911698237, 4919236.341205318458378 ], [ 402998.413242838985752, 4919226.847161610610783 ], [ 402988.91919913206948, 4919217.837650538422167 ], [ 402978.966645304812118, 4919209.337366543710232 ], [ 402968.582860615453683, 4919201.369608313776553 ], [ 402957.796306296135299, 4919193.956214921548963 ], [ 402946.636547542351764, 4919187.117505962029099 ], [ 402935.134172477235552, 4919180.87222586106509 ], [ 402923.320708311279304, 4919175.237492497079074 ], [ 402911.228534928697627, 4919170.228750283829868 ], [ 402898.890796136111021, 4919165.859727834351361 ], [ 402886.34130881796591, 4919162.142400335520506 ], [ 402873.614470246771816, 4919159.086956724524498 ], [ 402860.745163802406751, 4919156.701771758496761 ], [ 402847.768663359282073, 4919154.993383065797389 ], [ 402834.720536603068467, 4919153.966473218984902 ], [ 402821.636547542351764, 4919153.623856907710433 ], [ 402808.55255848163506, 4919153.966473218984902 ], [ 402795.504431725421455, 4919154.993383065797389 ], [ 402782.527931282296777, 4919156.701771758496761 ], [ 402769.658624837931711, 4919159.086956724524498 ], [ 402756.931786266737618, 4919162.142400335520506 ], [ 402744.382298948592506, 4919165.859727834351361 ], [ 402732.0445601560059, 4919170.228750283829868 ], [ 402719.952386773424223, 4919175.237492497079074 ], [ 402708.138922607467975, 4919180.87222586106509 ], [ 402696.636547542351764, 4919187.117505962029099 ], [ 402685.476788788568228, 4919193.956214921548963 ], [ 402674.690234469249845, 4919201.369608313776553 ], [ 402664.306449779891409, 4919209.337366543710232 ], [ 402654.353895952634048, 4919217.837650538422167 ], [ 402644.859852245717775, 4919226.847161610610783 ], [ 402635.85034117300529, 4919236.341205318458378 ], [ 402627.350057178118732, 4919246.293759144842625 ], [ 402619.382298948592506, 4919256.677543834783137 ], [ 402611.96890555601567, 4919267.464098153635859 ], [ 402605.130196596262977, 4919278.623856907710433 ], [ 402598.884916495240759, 4919290.126231973059475 ], [ 402593.250183131720405, 4919301.939696138724685 ], [ 402588.241440918063745, 4919314.03186952136457 ], [ 402583.872418468585238, 4919326.369608313776553 ], [ 402580.155090970103629, 4919338.919095631688833 ], [ 402577.09964735887479, 4919351.645934203639627 ], [ 402574.714462393545546, 4919364.515240647830069 ], [ 402573.006073700264096, 4919377.491741091012955 ], [ 402571.97916385368444, 4919390.53986784722656 ], [ 402571.636547542351764, 4919403.623856907710433 ], [ 402571.97916385368444, 4919416.707845968194306 ], [ 402573.006073700264096, 4919429.755972724407911 ], [ 402574.714462393545546, 4919442.732473167590797 ], [ 402577.09964735887479, 4919455.60177961178124 ], [ 402580.155090970103629, 4919468.328618183732033 ], [ 402583.872418468585238, 4919480.878105501644313 ], [ 402588.241440918063745, 4919493.215844294056296 ], [ 402593.250183131720405, 4919505.308017676696181 ], [ 402598.884916495240759, 4919517.121481842361391 ], [ 402605.130196596262977, 4919528.623856907710433 ], [ 402611.96890555601567, 4919539.783615661785007 ], [ 402619.382298948592506, 4919550.570169980637729 ], [ 402627.350057178118732, 4919560.953954670578241 ], [ 402635.85034117300529, 4919570.906508496962488 ], [ 402644.859852245717775, 4919580.400552204810083 ], [ 402654.353895952634048, 4919589.410063276998699 ], [ 402664.306449779891409, 4919597.910347271710634 ], [ 402674.690234469249845, 4919605.878105501644313 ], [ 402685.476788788568228, 4919613.291498893871903 ], [ 402696.636547542351764, 4919620.130207853391767 ], [ 402708.138922607467975, 4919626.375487954355776 ], [ 402719.952386773424223, 4919632.010221318341792 ], [ 402732.0445601560059, 4919637.018963531590998 ], [ 402744.382298948592506, 4919641.387985981069505 ], [ 402756.931786266737618, 4919645.10531347990036 ], [ 402769.658624837931711, 4919648.160757090896368 ], [ 402782.527931282296777, 4919650.545942056924105 ], [ 402795.504431725421455, 4919652.254330749623477 ], [ 402808.55255848163506, 4919653.281240596435964 ], [ 402821.636547542351764, 4919653.623856907710433 ], [ 402834.720536603068467, 4919653.281240596435964 ], [ 402847.768663359282073, 4919652.254330749623477 ], [ 402860.745163802406751, 4919650.545942056924105 ], [ 402873.614470246771816, 4919648.160757090896368 ], [ 402886.34130881796591, 4919645.10531347990036 ], [ 402898.890796136111021, 4919641.387985981069505 ], [ 402911.228534928697627, 4919637.018963531590998 ], [ 402923.320708311279304, 4919632.010221318341792 ], [ 402935.134172477235552, 4919626.375487954355776 ], [ 402946.636547542351764, 4919620.130207853391767 ], [ 402957.796306296135299, 4919613.291498893871903 ], [ 402968.582860615453683, 4919605.878105501644313 ], [ 402978.966645304812118, 4919597.910347271710634 ], [ 402988.91919913206948, 4919589.410063276998699 ], [ 402998.413242838985752, 4919580.400552204810083 ], [ 403007.422753911698237, 4919570.906508496962488 ], [ 403015.923037906584796, 4919560.953954670578241 ], [ 403023.890796136111021, 4919550.570169980637729 ], [ 403031.304189528687857, 4919539.783615661785007 ], [ 403038.142898488440551, 4919528.623856907710433 ], [ 403044.388178589462768, 4919517.121481842361391 ], [ 403050.022911952983122, 4919505.308017676696181 ], [ 403055.031654166639782, 4919493.215844294056296 ], [ 403059.40067661611829, 4919480.878105501644313 ], [ 403063.118004114599898, 4919468.328618183732033 ], [ 403066.173447725828737, 4919455.60177961178124 ], [ 403068.558632691157982, 4919442.732473167590797 ], [ 403070.267021384439431, 4919429.755972724407911 ], [ 403071.293931231019087, 4919416.707845968194306 ], [ 403071.636547542351764, 4919403.623856907710433 ] ] ] } },
{ "type": "Feature", "properties": { "site": 23, "transect": 23.1 }, "geometry": { "type": "Polygon", "coordinates": [ [ [ 430738.189315239025746, 4958155.799668948166072 ], [ 430737.846698927693069, 4958142.715679887682199 ], [ 430736.819789081113413, 4958129.667553131468594 ], [ 430735.111400387831964, 4958116.691052688285708 ], [ 430732.726215422502719, 4958103.821746244095266 ], [ 430729.67077181127388, 4958091.094907672144473 ], [ 430725.953444312792271, 4958078.545420354232192 ], [ 430721.584421863313764, 4958066.207681561820209 ], [ 430716.575679649657104, 4958054.115508179180324 ], [ 430710.94094628613675, 4958042.302044013515115 ], [ 430704.695666185114533, 4958030.799668948166072 ], [ 430697.856957225361839, 4958019.639910194091499 ], [ 430690.443563832785003, 4958008.853355875238776 ], [ 430682.475805603258777, 4957998.469571185298264 ], [ 430673.975521608372219, 4957988.517017358914018 ], [ 430664.966010535659734, 4957979.022973651066422 ], [ 430655.471966828743462, 4957970.013462578877807 ], [ 430645.5194130014861, 4957961.513178584165871 ], [ 430635.135628312127665, 4957953.545420354232192 ], [ 430624.349073992809281, 4957946.132026962004602 ], [ 430613.189315239025746, 4957939.293318002484739 ], [ 430601.686940173909534, 4957933.048037901520729 ], [ 430589.873476007953286, 4957927.413304537534714 ], [ 430577.781302625371609, 4957922.404562324285507 ], [ 430565.443563832785003, 4957918.035539874807 ], [ 430552.894076514639892, 4957914.318212375976145 ], [ 430540.167237943445798, 4957911.262768764980137 ], [ 430527.297931499080732, 4957908.877583798952401 ], [ 430514.321431055956054, 4957907.169195106253028 ], [ 430501.273304299742449, 4957906.142285259440541 ], [ 430488.189315239025746, 4957905.799668948166072 ], [ 430475.105326178309042, 4957906.142285259440541 ], [ 430462.057199422095437, 4957907.169195106253028 ], [ 430449.080698978970759, 4957908.877583798952401 ], [ 430436.211392534605693, 4957911.262768764980137 ], [ 430423.484553963411599, 4957914.318212375976145 ], [ 430410.935066645266488, 4957918.035539874807 ], [ 430398.597327852679882, 4957922.404562324285507 ], [ 430386.505154470098205, 4957927.413304537534714 ], [ 430374.691690304141957, 4957933.048037901520729 ], [ 430363.189315239025746, 4957939.293318002484739 ], [ 430352.02955648524221, 4957946.132026962004602 ], [ 430341.243002165923826, 4957953.545420354232192 ], [ 430330.859217476565391, 4957961.513178584165871 ], [ 430320.90666364930803, 4957970.013462578877807 ], [ 430311.412619942391757, 4957979.022973651066422 ], [ 430302.403108869679272, 4957988.517017358914018 ], [ 430293.902824874792714, 4957998.469571185298264 ], [ 430285.935066645266488, 4958008.853355875238776 ], [ 430278.521673252689652, 4958019.639910194091499 ], [ 430271.682964292936958, 4958030.799668948166072 ], [ 430265.437684191914741, 4958042.302044013515115 ], [ 430259.802950828394387, 4958054.115508179180324 ], [ 430254.794208614737727, 4958066.207681561820209 ], [ 430250.42518616525922, 4958078.545420354232192 ], [ 430246.707858666777611, 4958091.094907672144473 ], [ 430243.652415055548772, 4958103.821746244095266 ], [ 430241.267230090219527, 4958116.691052688285708 ], [ 430239.558841396938078, 4958129.667553131468594 ], [ 430238.531931550358422, 4958142.715679887682199 ], [ 430238.189315239025746, 4958155.799668948166072 ], [ 430238.531931550358422, 4958168.883658008649945 ], [ 430239.558841396938078, 4958181.931784764863551 ], [ 430241.267230090219527, 4958194.908285208046436 ], [ 430243.652415055548772, 4958207.777591652236879 ], [ 430246.707858666777611, 4958220.504430224187672 ], [ 430250.42518616525922, 4958233.053917542099953 ], [ 430254.794208614737727, 4958245.391656334511936 ], [ 430259.802950828394387, 4958257.483829717151821 ], [ 430265.437684191914741, 4958269.29729388281703 ], [ 430271.682964292936958, 4958280.799668948166072 ], [ 430278.521673252689652, 4958291.959427702240646 ], [ 430285.935066645266488, 4958302.745982021093369 ], [ 430293.902824874792714, 4958313.129766711033881 ], [ 430302.403108869679272, 4958323.082320537418127 ], [ 430311.412619942391757, 4958332.576364245265722 ], [ 430320.90666364930803, 4958341.585875317454338 ], [ 430330.859217476565391, 4958350.086159312166274 ], [ 430341.243002165923826, 4958358.053917542099953 ], [ 430352.02955648524221, 4958365.467310934327543 ], [ 430363.189315239025746, 4958372.306019893847406 ], [ 430374.691690304141957, 4958378.551299994811416 ], [ 430386.505154470098205, 4958384.186033358797431 ], [ 430398.597327852679882, 4958389.194775572046638 ], [ 430410.935066645266488, 4958393.563798021525145 ], [ 430423.484553963411599, 4958397.281125520355999 ], [ 430436.211392534605693, 4958400.336569131352007 ], [ 430449.080698978970759, 4958402.721754097379744 ], [ 430462.057199422095437, 4958404.430142790079117 ], [ 430475.105326178309042, 4958405.457052636891603 ], [ 430488.189315239025746, 4958405.799668948166072 ], [ 430501.273304299742449, 4958405.457052636891603 ], [ 430514.321431055956054, 4958404.430142790079117 ], [ 430527.297931499080732, 4958402.721754097379744 ], [ 430540.167237943445798, 4958400.336569131352007 ], [ 430552.894076514639892, 4958397.281125520355999 ], [ 430565.443563832785003, 4958393.563798021525145 ], [ 430577.781302625371609, 4958389.194775572046638 ], [ 430589.873476007953286, 4958384.186033358797431 ], [ 430601.686940173909534, 4958378.551299994811416 ], [ 430613.189315239025746, 4958372.306019893847406 ], [ 430624.349073992809281, 4958365.467310934327543 ], [ 430635.135628312127665, 4958358.053917542099953 ], [ 430645.5194130014861, 4958350.086159312166274 ], [ 430655.471966828743462, 4958341.585875317454338 ], [ 430664.966010535659734, 4958332.576364245265722 ], [ 430673.975521608372219, 4958323.082320537418127 ], [ 430682.475805603258777, 4958313.129766711033881 ], [ 430690.443563832785003, 4958302.745982021093369 ], [ 430697.856957225361839, 4958291.959427702240646 ], [ 430704.695666185114533, 4958280.799668948166072 ], [ 430710.94094628613675, 4958269.29729388281703 ], [ 430716.575679649657104, 4958257.483829717151821 ], [ 430721.584421863313764, 4958245.391656334511936 ], [ 430725.953444312792271, 4958233.053917542099953 ], [ 430729.67077181127388, 4958220.504430224187672 ], [ 430732.726215422502719, 4958207.777591652236879 ], [ 430735.111400387831964, 4958194.908285208046436 ], [ 430736.819789081113413, 4958181.931784764863551 ], [ 430737.846698927693069, 4958168.883658008649945 ], [ 430738.189315239025746, 4958155.799668948166072 ] ] ] } },
{ "type": "Feature", "properties": { "site": 23, "transect": 23.2 }, "geometry": { "type": "Polygon", "coordinates": [ [ [ 430725.251413278048858, 4958083.180430570617318 ], [ 430724.908796966716181, 4958070.096441510133445 ], [ 430723.881887120136525, 4958057.04831475391984 ], [ 430722.173498426855076, 4958044.071814310736954 ], [ 430719.788313461525831, 4958031.202507866546512 ], [ 430716.732869850296993, 4958018.475669294595718 ], [ 430713.015542351815384, 4958005.926181976683438 ], [ 430708.646519902336877, 4957993.588443184271455 ], [ 430703.637777688680217, 4957981.49626980163157 ], [ 430698.003044325159863, 4957969.682805635966361 ], [ 430691.757764224137645, 4957958.180430570617318 ], [ 430684.919055264384951, 4957947.020671816542745 ], [ 430677.505661871808115, 4957936.234117497690022 ], [ 430669.53790364228189, 4957925.85033280774951 ], [ 430661.037619647395331, 4957915.897778981365263 ], [ 430652.028108574682847, 4957906.403735273517668 ], [ 430642.534064867766574, 4957897.394224201329052 ], [ 430632.581511040509213, 4957888.893940206617117 ], [ 430622.197726351150777, 4957880.926181976683438 ], [ 430611.411172031832393, 4957873.512788584455848 ], [ 430600.251413278048858, 4957866.674079624935985 ], [ 430588.749038212932646, 4957860.428799523971975 ], [ 430576.935574046976399, 4957854.79406615998596 ], [ 430564.843400664394721, 4957849.785323946736753 ], [ 430552.505661871808115, 4957845.416301497258246 ], [ 430539.956174553663004, 4957841.698973998427391 ], [ 430527.229335982468911, 4957838.643530387431383 ], [ 430514.360029538103845, 4957836.258345421403646 ], [ 430501.383529094979167, 4957834.549956728704274 ], [ 430488.335402338765562, 4957833.523046881891787 ], [ 430475.251413278048858, 4957833.180430570617318 ], [ 430462.167424217332155, 4957833.523046881891787 ], [ 430449.119297461118549, 4957834.549956728704274 ], [ 430436.142797017993871, 4957836.258345421403646 ], [ 430423.273490573628806, 4957838.643530387431383 ], [ 430410.546652002434712, 4957841.698973998427391 ], [ 430397.997164684289601, 4957845.416301497258246 ], [ 430385.659425891702995, 4957849.785323946736753 ], [ 430373.567252509121317, 4957854.79406615998596 ], [ 430361.75378834316507, 4957860.428799523971975 ], [ 430350.251413278048858, 4957866.674079624935985 ], [ 430339.091654524265323, 4957873.512788584455848 ], [ 430328.305100204946939, 4957880.926181976683438 ], [ 430317.921315515588503, 4957888.893940206617117 ], [ 430307.968761688331142, 4957897.394224201329052 ], [ 430298.474717981414869, 4957906.403735273517668 ], [ 430289.465206908702385, 4957915.897778981365263 ], [ 430280.964922913815826, 4957925.85033280774951 ], [ 430272.997164684289601, 4957936.234117497690022 ], [ 430265.583771291712765, 4957947.020671816542745 ], [ 430258.745062331960071, 4957958.180430570617318 ], [ 430252.499782230937853, 4957969.682805635966361 ], [ 430246.865048867417499, 4957981.49626980163157 ], [ 430241.856306653760839, 4957993.588443184271455 ], [ 430237.487284204282332, 4958005.926181976683438 ], [ 430233.769956705800723, 4958018.475669294595718 ], [ 430230.714513094571885, 4958031.202507866546512 ], [ 430228.32932812924264, 4958044.071814310736954 ], [ 430226.620939435961191, 4958057.04831475391984 ], [ 430225.594029589381535, 4958070.096441510133445 ], [ 430225.251413278048858, 4958083.180430570617318 ], [ 430225.594029589381535, 4958096.264419631101191 ], [ 430226.620939435961191, 4958109.312546387314796 ], [ 430228.32932812924264, 4958122.289046830497682 ], [ 430230.714513094571885, 4958135.158353274688125 ], [ 430233.769956705800723, 4958147.885191846638918 ], [ 430237.487284204282332, 4958160.434679164551198 ], [ 430241.856306653760839, 4958172.772417956963181 ], [ 430246.865048867417499, 4958184.864591339603066 ], [ 430252.499782230937853, 4958196.678055505268276 ], [ 430258.745062331960071, 4958208.180430570617318 ], [ 430265.583771291712765, 4958219.340189324691892 ], [ 430272.997164684289601, 4958230.126743643544614 ], [ 430280.964922913815826, 4958240.510528333485126 ], [ 430289.465206908702385, 4958250.463082159869373 ], [ 430298.474717981414869, 4958259.957125867716968 ], [ 430307.968761688331142, 4958268.966636939905584 ], [ 430317.921315515588503, 4958277.466920934617519 ], [ 430328.305100204946939, 4958285.434679164551198 ], [ 430339.091654524265323, 4958292.848072556778789 ], [ 430350.251413278048858, 4958299.686781516298652 ], [ 430361.75378834316507, 4958305.932061617262661 ], [ 430373.567252509121317, 4958311.566794981248677 ], [ 430385.659425891702995, 4958316.575537194497883 ], [ 430397.997164684289601, 4958320.94455964397639 ], [ 430410.546652002434712, 4958324.661887142807245 ], [ 430423.273490573628806, 4958327.717330753803253 ], [ 430436.142797017993871, 4958330.10251571983099 ], [ 430449.119297461118549, 4958331.810904412530363 ], [ 430462.167424217332155, 4958332.837814259342849 ], [ 430475.251413278048858, 4958333.180430570617318 ], [ 430488.335402338765562, 4958332.837814259342849 ], [ 430501.383529094979167, 4958331.810904412530363 ], [ 430514.360029538103845, 4958330.10251571983099 ], [ 430527.229335982468911, 4958327.717330753803253 ], [ 430539.956174553663004, 4958324.661887142807245 ], [ 430552.505661871808115, 4958320.94455964397639 ], [ 430564.843400664394721, 4958316.575537194497883 ], [ 430576.935574046976399, 4958311.566794981248677 ], [ 430588.749038212932646, 4958305.932061617262661 ], [ 430600.251413278048858, 4958299.686781516298652 ], [ 430611.411172031832393, 4958292.848072556778789 ], [ 430622.197726351150777, 4958285.434679164551198 ], [ 430632.581511040509213, 4958277.466920934617519 ], [ 430642.534064867766574, 4958268.966636939905584 ], [ 430652.028108574682847, 4958259.957125867716968 ], [ 430661.037619647395331, 4958250.463082159869373 ], [ 430669.53790364228189, 4958240.510528333485126 ], [ 430677.505661871808115, 4958230.126743643544614 ], [ 430684.919055264384951, 4958219.340189324691892 ], [ 430691.757764224137645, 4958208.180430570617318 ], [ 430698.003044325159863, 4958196.678055505268276 ], [ 430703.637777688680217, 4958184.864591339603066 ], [ 430708.646519902336877, 4958172.772417956963181 ], [ 430713.015542351815384, 4958160.434679164551198 ], [ 430716.732869850296993, 4958147.885191846638918 ], [ 430719.788313461525831, 4958135.158353274688125 ], [ 430722.173498426855076, 4958122.289046830497682 ], [ 430723.881887120136525, 4958109.312546387314796 ], [ 430724.908796966716181, 4958096.264419631101191 ], [ 430725.251413278048858, 4958083.180430570617318 ] ] ] } },
{ "type": "Feature", "properties": { "site": 24, "transect": 24.1 }, "geometry": { "type": "Polygon", "coordinates": [ [ [ 425406.962881085346453, 5002055.339749965816736 ], [ 425406.620264774013776, 5002042.255760905332863 ], [ 425405.59335492743412, 5002029.207634149119258 ], [ 425403.884966234152671, 5002016.231133705936372 ], [ 425401.499781268823426, 5002003.36182726174593 ], [ 425398.444337657594588, 5001990.634988689795136 ], [ 425394.727010159112979, 5001978.085501371882856 ], [ 425390.357987709634472, 5001965.747762579470873 ], [ 425385.349245495977812, 5001953.655589196830988 ], [ 425379.714512132457457, 5001941.842125031165779 ], [ 425373.46923203143524, 5001930.339749965816736 ], [ 425366.630523071682546, 5001919.179991211742163 ], [ 425359.21712967910571, 5001908.39343689288944 ], [ 425351.249371449579485, 5001898.009652202948928 ], [ 425342.749087454692926, 5001888.057098376564682 ], [ 425333.739576381980442, 5001878.563054668717086 ], [ 425324.245532675064169, 5001869.553543596528471 ], [ 425314.292978847806808, 5001861.053259601816535 ], [ 425303.909194158448372, 5001853.085501371882856 ], [ 425293.122639839129988, 5001845.672107979655266 ], [ 425281.962881085346453, 5001838.833399020135403 ], [ 425270.460506020230241, 5001832.588118919171393 ], [ 425258.647041854273994, 5001826.953385555185378 ], [ 425246.554868471692316, 5001821.944643341936171 ], [ 425234.21712967910571, 5001817.575620892457664 ], [ 425221.667642360960599, 5001813.858293393626809 ], [ 425208.940803789766505, 5001810.802849782630801 ], [ 425196.07149734540144, 5001808.417664816603065 ], [ 425183.094996902276762, 5001806.709276123903692 ], [ 425170.046870146063156, 5001805.682366277091205 ], [ 425156.962881085346453, 5001805.339749965816736 ], [ 425143.878892024629749, 5001805.682366277091205 ], [ 425130.830765268416144, 5001806.709276123903692 ], [ 425117.854264825291466, 5001808.417664816603065 ], [ 425104.9849583809264, 5001810.802849782630801 ], [ 425092.258119809732307, 5001813.858293393626809 ], [ 425079.708632491587196, 5001817.575620892457664 ], [ 425067.37089369900059, 5001821.944643341936171 ], [ 425055.278720316418912, 5001826.953385555185378 ], [ 425043.465256150462665, 5001832.588118919171393 ], [ 425031.962881085346453, 5001838.833399020135403 ], [ 425020.803122331562918, 5001845.672107979655266 ], [ 425010.016568012244534, 5001853.085501371882856 ], [ 424999.632783322886098, 5001861.053259601816535 ], [ 424989.680229495628737, 5001869.553543596528471 ], [ 424980.186185788712464, 5001878.563054668717086 ], [ 424971.17667471599998, 5001888.057098376564682 ], [ 424962.676390721113421, 5001898.009652202948928 ], [ 424954.708632491587196, 5001908.39343689288944 ], [ 424947.295239099010359, 5001919.179991211742163 ], [ 424940.456530139257666, 5001930.339749965816736 ], [ 424934.211250038235448, 5001941.842125031165779 ], [ 424928.576516674715094, 5001953.655589196830988 ], [ 424923.567774461058434, 5001965.747762579470873 ], [ 424919.198752011579927, 5001978.085501371882856 ], [ 424915.481424513098318, 5001990.634988689795136 ], [ 424912.42598090186948, 5002003.36182726174593 ], [ 424910.040795936540235, 5002016.231133705936372 ], [ 424908.332407243258785, 5002029.207634149119258 ], [ 424907.305497396679129, 5002042.255760905332863 ], [ 424906.962881085346453, 5002055.339749965816736 ], [ 424907.305497396679129, 5002068.423739026300609 ], [ 424908.332407243258785, 5002081.471865782514215 ], [ 424910.040795936540235, 5002094.4483662256971 ], [ 424912.42598090186948, 5002107.317672669887543 ], [ 424915.481424513098318, 5002120.044511241838336 ], [ 424919.198752011579927, 5002132.593998559750617 ], [ 424923.567774461058434, 5002144.9317373521626 ], [ 424928.576516674715094, 5002157.023910734802485 ], [ 424934.211250038235448, 5002168.837374900467694 ], [ 424940.456530139257666, 5002180.339749965816736 ], [ 424947.295239099010359, 5002191.49950871989131 ], [ 424954.708632491587196, 5002202.286063038744032 ], [ 424962.676390721113421, 5002212.669847728684545 ], [ 424971.17667471599998, 5002222.622401555068791 ], [ 424980.186185788712464, 5002232.116445262916386 ], [ 424989.680229495628737, 5002241.125956335105002 ], [ 424999.632783322886098, 5002249.626240329816937 ], [ 425010.016568012244534, 5002257.593998559750617 ], [ 425020.803122331562918, 5002265.007391951978207 ], [ 425031.962881085346453, 5002271.84610091149807 ], [ 425043.465256150462665, 5002278.09138101246208 ], [ 425055.278720316418912, 5002283.726114376448095 ], [ 425067.37089369900059, 5002288.734856589697301 ], [ 425079.708632491587196, 5002293.103879039175808 ], [ 425092.258119809732307, 5002296.821206538006663 ], [ 425104.9849583809264, 5002299.876650149002671 ], [ 425117.854264825291466, 5002302.261835115030408 ], [ 425130.830765268416144, 5002303.970223807729781 ], [ 425143.878892024629749, 5002304.997133654542267 ], [ 425156.962881085346453, 5002305.339749965816736 ], [ 425170.046870146063156, 5002304.997133654542267 ], [ 425183.094996902276762, 5002303.970223807729781 ], [ 425196.07149734540144, 5002302.261835115030408 ], [ 425208.940803789766505, 5002299.876650149002671 ], [ 425221.667642360960599, 5002296.821206538006663 ], [ 425234.21712967910571, 5002293.103879039175808 ], [ 425246.554868471692316, 5002288.734856589697301 ], [ 425258.647041854273994, 5002283.726114376448095 ], [ 425270.460506020230241, 5002278.09138101246208 ], [ 425281.962881085346453, 5002271.84610091149807 ], [ 425293.122639839129988, 5002265.007391951978207 ], [ 425303.909194158448372, 5002257.593998559750617 ], [ 425314.292978847806808, 5002249.626240329816937 ], [ 425324.245532675064169, 5002241.125956335105002 ], [ 425333.739576381980442, 5002232.116445262916386 ], [ 425342.749087454692926, 5002222.622401555068791 ], [ 425351.249371449579485, 5002212.669847728684545 ], [ 425359.21712967910571, 5002202.286063038744032 ], [ 425366.630523071682546, 5002191.49950871989131 ], [ 425373.46923203143524, 5002180.339749965816736 ], [ 425379.714512132457457, 5002168.837374900467694 ], [ 425385.349245495977812, 5002157.023910734802485 ], [ 425390.357987709634472, 5002144.9317373521626 ], [ 425394.727010159112979, 5002132.593998559750617 ], [ 425398.444337657594588, 5002120.044511241838336 ], [ 425401.499781268823426, 5002107.317672669887543 ], [ 425403.884966234152671, 5002094.4483662256971 ], [ 425405.59335492743412, 5002081.471865782514215 ], [ 425406.620264774013776, 5002068.423739026300609 ], [ 425406.962881085346453, 5002055.339749965816736 ] ] ] } },
{ "type": "Feature", "properties": { "site": 24, "transect": 24.2 }, "geometry": { "type": "Polygon", "coordinates": [ [ [ 425330.899340347328689, 5002288.726313075982034 ], [ 425330.556724035996012, 5002275.642324015498161 ], [ 425329.529814189416356, 5002262.594197259284556 ], [ 425327.821425496134907, 5002249.61769681610167 ], [ 425325.436240530805662, 5002236.748390371911228 ], [ 425322.380796919576824, 5002224.021551799960434 ], [ 425318.663469421095215, 5002211.472064482048154 ], [ 425314.294446971616708, 5002199.134325689636171 ], [ 425309.285704757960048, 5002187.042152306996286 ], [ 425303.650971394439694, 5002175.228688141331077 ], [ 425297.405691293417476, 5002163.726313075982034 ], [ 425290.566982333664782, 5002152.566554321907461 ], [ 425283.153588941087946, 5002141.780000003054738 ], [ 425275.185830711561721, 5002131.396215313114226 ], [ 425266.685546716675162, 5002121.44366148672998 ], [ 425257.676035643962678, 5002111.949617778882384 ], [ 425248.181991937046405, 5002102.940106706693769 ], [ 425238.229438109789044, 5002094.439822711981833 ], [ 425227.845653420430608, 5002086.472064482048154 ], [ 425217.059099101112224, 5002079.058671089820564 ], [ 425205.899340347328689, 5002072.219962130300701 ], [ 425194.396965282212477, 5002065.974682029336691 ], [ 425182.58350111625623, 5002060.339948665350676 ], [ 425170.491327733674552, 5002055.331206452101469 ], [ 425158.153588941087946, 5002050.962184002622962 ], [ 425145.604101622942835, 5002047.244856503792107 ], [ 425132.877263051748741, 5002044.189412892796099 ], [ 425120.007956607383676, 5002041.804227926768363 ], [ 425107.031456164258998, 5002040.09583923406899 ], [ 425093.983329408045392, 5002039.068929387256503 ], [ 425080.899340347328689, 5002038.726313075982034 ], [ 425067.815351286611985, 5002039.068929387256503 ], [ 425054.76722453039838, 5002040.09583923406899 ], [ 425041.790724087273702, 5002041.804227926768363 ], [ 425028.921417642908636, 5002044.189412892796099 ], [ 425016.194579071714543, 5002047.244856503792107 ], [ 425003.645091753569432, 5002050.962184002622962 ], [ 424991.307352960982826, 5002055.331206452101469 ], [ 424979.215179578401148, 5002060.339948665350676 ], [ 424967.401715412444901, 5002065.974682029336691 ], [ 424955.899340347328689, 5002072.219962130300701 ], [ 424944.739581593545154, 5002079.058671089820564 ], [ 424933.95302727422677, 5002086.472064482048154 ], [ 424923.569242584868334, 5002094.439822711981833 ], [ 424913.616688757610973, 5002102.940106706693769 ], [ 424904.1226450506947, 5002111.949617778882384 ], [ 424895.113133977982216, 5002121.44366148672998 ], [ 424886.612849983095657, 5002131.396215313114226 ], [ 424878.645091753569432, 5002141.780000003054738 ], [ 424871.231698360992596, 5002152.566554321907461 ], [ 424864.392989401239902, 5002163.726313075982034 ], [ 424858.147709300217684, 5002175.228688141331077 ], [ 424852.51297593669733, 5002187.042152306996286 ], [ 424847.50423372304067, 5002199.134325689636171 ], [ 424843.135211273562163, 5002211.472064482048154 ], [ 424839.417883775080554, 5002224.021551799960434 ], [ 424836.362440163851716, 5002236.748390371911228 ], [ 424833.977255198522471, 5002249.61769681610167 ], [ 424832.268866505241022, 5002262.594197259284556 ], [ 424831.241956658661366, 5002275.642324015498161 ], [ 424830.899340347328689, 5002288.726313075982034 ], [ 424831.241956658661366, 5002301.810302136465907 ], [ 424832.268866505241022, 5002314.858428892679513 ], [ 424833.977255198522471, 5002327.834929335862398 ], [ 424836.362440163851716, 5002340.704235780052841 ], [ 424839.417883775080554, 5002353.431074352003634 ], [ 424843.135211273562163, 5002365.980561669915915 ], [ 424847.50423372304067, 5002378.318300462327898 ], [ 424852.51297593669733, 5002390.410473844967782 ], [ 424858.147709300217684, 5002402.223938010632992 ], [ 424864.392989401239902, 5002413.726313075982034 ], [ 424871.231698360992596, 5002424.886071830056608 ], [ 424878.645091753569432, 5002435.67262614890933 ], [ 424886.612849983095657, 5002446.056410838849843 ], [ 424895.113133977982216, 5002456.008964665234089 ], [ 424904.1226450506947, 5002465.503008373081684 ], [ 424913.616688757610973, 5002474.5125194452703 ], [ 424923.569242584868334, 5002483.012803439982235 ], [ 424933.95302727422677, 5002490.980561669915915 ], [ 424944.739581593545154, 5002498.393955062143505 ], [ 424955.899340347328689, 5002505.232664021663368 ], [ 424967.401715412444901, 5002511.477944122627378 ], [ 424979.215179578401148, 5002517.112677486613393 ], [ 424991.307352960982826, 5002522.121419699862599 ], [ 425003.645091753569432, 5002526.490442149341106 ], [ 425016.194579071714543, 5002530.207769648171961 ], [ 425028.921417642908636, 5002533.263213259167969 ], [ 425041.790724087273702, 5002535.648398225195706 ], [ 425054.76722453039838, 5002537.356786917895079 ], [ 425067.815351286611985, 5002538.383696764707565 ], [ 425080.899340347328689, 5002538.726313075982034 ], [ 425093.983329408045392, 5002538.383696764707565 ], [ 425107.031456164258998, 5002537.356786917895079 ], [ 425120.007956607383676, 5002535.648398225195706 ], [ 425132.877263051748741, 5002533.263213259167969 ], [ 425145.604101622942835, 5002530.207769648171961 ], [ 425158.153588941087946, 5002526.490442149341106 ], [ 425170.491327733674552, 5002522.121419699862599 ], [ 425182.58350111625623, 5002517.112677486613393 ], [ 425194.396965282212477, 5002511.477944122627378 ], [ 425205.899340347328689, 5002505.232664021663368 ], [ 425217.059099101112224, 5002498.393955062143505 ], [ 425227.845653420430608, 5002490.980561669915915 ], [ 425238.229438109789044, 5002483.012803439982235 ], [ 425248.181991937046405, 5002474.5125194452703 ], [ 425257.676035643962678, 5002465.503008373081684 ], [ 425266.685546716675162, 5002456.008964665234089 ], [ 425275.185830711561721, 5002446.056410838849843 ], [ 425283.153588941087946, 5002435.67262614890933 ], [ 425290.566982333664782, 5002424.886071830056608 ], [ 425297.405691293417476, 5002413.726313075982034 ], [ 425303.650971394439694, 5002402.223938010632992 ], [ 425309.285704757960048, 5002390.410473844967782 ], [ 425314.294446971616708, 5002378.318300462327898 ], [ 425318.663469421095215, 5002365.980561669915915 ], [ 425322.380796919576824, 5002353.431074352003634 ], [ 425325.436240530805662, 5002340.704235780052841 ], [ 425327.821425496134907, 5002327.834929335862398 ], [ 425329.529814189416356, 5002314.858428892679513 ], [ 425330.556724035996012, 5002301.810302136465907 ], [ 425330.899340347328689, 5002288.726313075982034 ] ] ] } },
{ "type": "Feature", "properties": { "site": 24, "transect": 24.3 }, "geometry": { "type": "Polygon", "coordinates": [ [ [ 425481.411622391606215, 5001970.716387028805912 ], [ 425481.069006080273539, 5001957.632397968322039 ], [ 425480.042096233693883, 5001944.584271212108433 ], [ 425478.333707540412433, 5001931.607770768925548 ], [ 425475.948522575083189, 5001918.738464324735105 ], [ 425472.89307896385435, 5001906.011625752784312 ], [ 425469.175751465372741, 5001893.462138434872031 ], [ 425464.806729015894234, 5001881.124399642460048 ], [ 425459.797986802237574, 5001869.032226259820163 ], [ 425454.16325343871722, 5001857.218762094154954 ], [ 425447.917973337695003, 5001845.716387028805912 ], [ 425441.079264377942309, 5001834.556628274731338 ], [ 425433.665870985365473, 5001823.770073955878615 ], [ 425425.698112755839247, 5001813.386289265938103 ], [ 425417.197828760952689, 5001803.433735439553857 ], [ 425408.188317688240204, 5001793.939691731706262 ], [ 425398.694273981323931, 5001784.930180659517646 ], [ 425388.74172015406657, 5001776.42989666480571 ], [ 425378.357935464708135, 5001768.462138434872031 ], [ 425367.571381145389751, 5001761.048745042644441 ], [ 425356.411622391606215, 5001754.210036083124578 ], [ 425344.909247326490004, 5001747.964755982160568 ], [ 425333.095783160533756, 5001742.330022618174553 ], [ 425321.003609777952079, 5001737.321280404925346 ], [ 425308.665870985365473, 5001732.952257955446839 ], [ 425296.116383667220362, 5001729.234930456615984 ], [ 425283.389545096026268, 5001726.179486845619977 ], [ 425270.520238651661202, 5001723.79430187959224 ], [ 425257.543738208536524, 5001722.085913186892867 ], [ 425244.495611452322919, 5001721.05900334008038 ], [ 425231.411622391606215, 5001720.716387028805912 ], [ 425218.327633330889512, 5001721.05900334008038 ], [ 425205.279506574675906, 5001722.085913186892867 ], [ 425192.303006131551228, 5001723.79430187959224 ], [ 425179.433699687186163, 5001726.179486845619977 ], [ 425166.706861115992069, 5001729.234930456615984 ], [ 425154.157373797846958, 5001732.952257955446839 ], [ 425141.819635005260352, 5001737.321280404925346 ], [ 425129.727461622678675, 5001742.330022618174553 ], [ 425117.913997456722427, 5001747.964755982160568 ], [ 425106.411622391606215, 5001754.210036083124578 ], [ 425095.25186363782268, 5001761.048745042644441 ], [ 425084.465309318504296, 5001768.462138434872031 ], [ 425074.081524629145861, 5001776.42989666480571 ], [ 425064.128970801888499, 5001784.930180659517646 ], [ 425054.634927094972227, 5001793.939691731706262 ], [ 425045.625416022259742, 5001803.433735439553857 ], [ 425037.125132027373184, 5001813.386289265938103 ], [ 425029.157373797846958, 5001823.770073955878615 ], [ 425021.743980405270122, 5001834.556628274731338 ], [ 425014.905271445517428, 5001845.716387028805912 ], [ 425008.659991344495211, 5001857.218762094154954 ], [ 425003.025257980974857, 5001869.032226259820163 ], [ 424998.016515767318197, 5001881.124399642460048 ], [ 424993.64749331783969, 5001893.462138434872031 ], [ 424989.930165819358081, 5001906.011625752784312 ], [ 424986.874722208129242, 5001918.738464324735105 ], [ 424984.489537242799997, 5001931.607770768925548 ], [ 424982.781148549518548, 5001944.584271212108433 ], [ 424981.754238702938892, 5001957.632397968322039 ], [ 424981.411622391606215, 5001970.716387028805912 ], [ 424981.754238702938892, 5001983.800376089289784 ], [ 424982.781148549518548, 5001996.84850284550339 ], [ 424984.489537242799997, 5002009.825003288686275 ], [ 424986.874722208129242, 5002022.694309732876718 ], [ 424989.930165819358081, 5002035.421148304827511 ], [ 424993.64749331783969, 5002047.970635622739792 ], [ 424998.016515767318197, 5002060.308374415151775 ], [ 425003.025257980974857, 5002072.40054779779166 ], [ 425008.659991344495211, 5002084.214011963456869 ], [ 425014.905271445517428, 5002095.716387028805912 ], [ 425021.743980405270122, 5002106.876145782880485 ], [ 425029.157373797846958, 5002117.662700101733208 ], [ 425037.125132027373184, 5002128.04648479167372 ], [ 425045.625416022259742, 5002137.999038618057966 ], [ 425054.634927094972227, 5002147.493082325905561 ], [ 425064.128970801888499, 5002156.502593398094177 ], [ 425074.081524629145861, 5002165.002877392806113 ], [ 425084.465309318504296, 5002172.970635622739792 ], [ 425095.25186363782268, 5002180.384029014967382 ], [ 425106.411622391606215, 5002187.222737974487245 ], [ 425117.913997456722427, 5002193.468018075451255 ], [ 425129.727461622678675, 5002199.10275143943727 ], [ 425141.819635005260352, 5002204.111493652686477 ], [ 425154.157373797846958, 5002208.480516102164984 ], [ 425166.706861115992069, 5002212.197843600995839 ], [ 425179.433699687186163, 5002215.253287211991847 ], [ 425192.303006131551228, 5002217.638472178019583 ], [ 425205.279506574675906, 5002219.346860870718956 ], [ 425218.327633330889512, 5002220.373770717531443 ], [ 425231.411622391606215, 5002220.716387028805912 ], [ 425244.495611452322919, 5002220.373770717531443 ], [ 425257.543738208536524, 5002219.346860870718956 ], [ 425270.520238651661202, 5002217.638472178019583 ], [ 425283.389545096026268, 5002215.253287211991847 ], [ 425296.116383667220362, 5002212.197843600995839 ], [ 425308.665870985365473, 5002208.480516102164984 ], [ 425321.003609777952079, 5002204.111493652686477 ], [ 425333.095783160533756, 5002199.10275143943727 ], [ 425344.909247326490004, 5002193.468018075451255 ], [ 425356.411622391606215, 5002187.222737974487245 ], [ 425367.571381145389751, 5002180.384029014967382 ], [ 425378.357935464708135, 5002172.970635622739792 ], [ 425388.74172015406657, 5002165.002877392806113 ], [ 425398.694273981323931, 5002156.502593398094177 ], [ 425408.188317688240204, 5002147.493082325905561 ], [ 425417.197828760952689, 5002137.999038618057966 ], [ 425425.698112755839247, 5002128.04648479167372 ], [ 425433.665870985365473, 5002117.662700101733208 ], [ 425441.079264377942309, 5002106.876145782880485 ], [ 425447.917973337695003, 5002095.716387028805912 ], [ 425454.16325343871722, 5002084.214011963456869 ], [ 425459.797986802237574, 5002072.40054779779166 ], [ 425464.806729015894234, 5002060.308374415151775 ], [ 425469.175751465372741, 5002047.970635622739792 ], [ 425472.89307896385435, 5002035.421148304827511 ], [ 425475.948522575083189, 5002022.694309732876718 ], [ 425478.333707540412433, 5002009.825003288686275 ], [ 425480.042096233693883, 5001996.84850284550339 ], [ 425481.069006080273539, 5001983.800376089289784 ], [ 425481.411622391606215, 5001970.716387028805912 ] ] ] } },
{ "type": "Feature", "properties": { "site": 24, "transect": 24.4 }, "geometry": { "type": "Polygon", "coordinates": [ [ [ 425340.831374500354286, 5002219.084494897164404 ], [ 425340.48875818902161, 5002206.000505836680532 ], [ 425339.461848342441954, 5002192.952379080466926 ], [ 425337.753459649160504, 5002179.97587863728404 ], [ 425335.36827468383126, 5002167.106572193093598 ], [ 425332.312831072602421, 5002154.379733621142805 ], [ 425328.595503574120812, 5002141.830246303230524 ], [ 425324.226481124642305, 5002129.492507510818541 ], [ 425319.217738910985645, 5002117.400334128178656 ], [ 425313.583005547465291, 5002105.586869962513447 ], [ 425307.337725446443073, 5002094.084494897164404 ], [ 425300.49901648669038, 5002082.924736143089831 ], [ 425293.085623094113544, 5002072.138181824237108 ], [ 425285.117864864587318, 5002061.754397134296596 ], [ 425276.61758086970076, 5002051.80184330791235 ], [ 425267.608069796988275, 5002042.307799600064754 ], [ 425258.114026090072002, 5002033.298288527876139 ], [ 425248.161472262814641, 5002024.798004533164203 ], [ 425237.777687573456205, 5002016.830246303230524 ], [ 425226.991133254137821, 5002009.416852911002934 ], [ 425215.831374500354286, 5002002.578143951483071 ], [ 425204.328999435238075, 5001996.332863850519061 ], [ 425192.515535269281827, 5001990.698130486533046 ], [ 425180.42336188670015, 5001985.689388273283839 ], [ 425168.085623094113544, 5001981.320365823805332 ], [ 425155.536135775968432, 5001977.603038324974477 ], [ 425142.809297204774339, 5001974.547594713978469 ], [ 425129.939990760409273, 5001972.162409747950733 ], [ 425116.963490317284595, 5001970.45402105525136 ], [ 425103.91536356107099, 5001969.427111208438873 ], [ 425090.831374500354286, 5001969.084494897164404 ], [ 425077.747385439637583, 5001969.427111208438873 ], [ 425064.699258683423977, 5001970.45402105525136 ], [ 425051.722758240299299, 5001972.162409747950733 ], [ 425038.853451795934234, 5001974.547594713978469 ], [ 425026.12661322474014, 5001977.603038324974477 ], [ 425013.577125906595029, 5001981.320365823805332 ], [ 425001.239387114008423, 5001985.689388273283839 ], [ 424989.147213731426746, 5001990.698130486533046 ], [ 424977.333749565470498, 5001996.332863850519061 ], [ 424965.831374500354286, 5002002.578143951483071 ], [ 424954.671615746570751, 5002009.416852911002934 ], [ 424943.885061427252367, 5002016.830246303230524 ], [ 424933.501276737893932, 5002024.798004533164203 ], [ 424923.54872291063657, 5002033.298288527876139 ], [ 424914.054679203720298, 5002042.307799600064754 ], [ 424905.045168131007813, 5002051.80184330791235 ], [ 424896.544884136121254, 5002061.754397134296596 ], [ 424888.577125906595029, 5002072.138181824237108 ], [ 424881.163732514018193, 5002082.924736143089831 ], [ 424874.325023554265499, 5002094.084494897164404 ], [ 424868.079743453243282, 5002105.586869962513447 ], [ 424862.445010089722928, 5002117.400334128178656 ], [ 424857.436267876066267, 5002129.492507510818541 ], [ 424853.06724542658776, 5002141.830246303230524 ], [ 424849.349917928106152, 5002154.379733621142805 ], [ 424846.294474316877313, 5002167.106572193093598 ], [ 424843.909289351548068, 5002179.97587863728404 ], [ 424842.200900658266619, 5002192.952379080466926 ], [ 424841.173990811686963, 5002206.000505836680532 ], [ 424840.831374500354286, 5002219.084494897164404 ], [ 424841.173990811686963, 5002232.168483957648277 ], [ 424842.200900658266619, 5002245.216610713861883 ], [ 424843.909289351548068, 5002258.193111157044768 ], [ 424846.294474316877313, 5002271.062417601235211 ], [ 424849.349917928106152, 5002283.789256173186004 ], [ 424853.06724542658776, 5002296.338743491098285 ], [ 424857.436267876066267, 5002308.676482283510268 ], [ 424862.445010089722928, 5002320.768655666150153 ], [ 424868.079743453243282, 5002332.582119831815362 ], [ 424874.325023554265499, 5002344.084494897164404 ], [ 424881.163732514018193, 5002355.244253651238978 ], [ 424888.577125906595029, 5002366.030807970091701 ], [ 424896.544884136121254, 5002376.414592660032213 ], [ 424905.045168131007813, 5002386.367146486416459 ], [ 424914.054679203720298, 5002395.861190194264054 ], [ 424923.54872291063657, 5002404.87070126645267 ], [ 424933.501276737893932, 5002413.370985261164606 ], [ 424943.885061427252367, 5002421.338743491098285 ], [ 424954.671615746570751, 5002428.752136883325875 ], [ 424965.831374500354286, 5002435.590845842845738 ], [ 424977.333749565470498, 5002441.836125943809748 ], [ 424989.147213731426746, 5002447.470859307795763 ], [ 425001.239387114008423, 5002452.47960152104497 ], [ 425013.577125906595029, 5002456.848623970523477 ], [ 425026.12661322474014, 5002460.565951469354331 ], [ 425038.853451795934234, 5002463.621395080350339 ], [ 425051.722758240299299, 5002466.006580046378076 ], [ 425064.699258683423977, 5002467.714968739077449 ], [ 425077.747385439637583, 5002468.741878585889935 ], [ 425090.831374500354286, 5002469.084494897164404 ], [ 425103.91536356107099, 5002468.741878585889935 ], [ 425116.963490317284595, 5002467.714968739077449 ], [ 425129.939990760409273, 5002466.006580046378076 ], [ 425142.809297204774339, 5002463.621395080350339 ], [ 425155.536135775968432, 5002460.565951469354331 ], [ 425168.085623094113544, 5002456.848623970523477 ], [ 425180.42336188670015, 5002452.47960152104497 ], [ 425192.515535269281827, 5002447.470859307795763 ], [ 425204.328999435238075, 5002441.836125943809748 ], [ 425215.831374500354286, 5002435.590845842845738 ], [ 425226.991133254137821, 5002428.752136883325875 ], [ 425237.777687573456205, 5002421.338743491098285 ], [ 425248.161472262814641, 5002413.370985261164606 ], [ 425258.114026090072002, 5002404.87070126645267 ], [ 425267.608069796988275, 5002395.861190194264054 ], [ 425276.61758086970076, 5002386.367146486416459 ], [ 425285.117864864587318, 5002376.414592660032213 ], [ 425293.085623094113544, 5002366.030807970091701 ], [ 425300.49901648669038, 5002355.244253651238978 ], [ 425307.337725446443073, 5002344.084494897164404 ], [ 425313.583005547465291, 5002332.582119831815362 ], [ 425319.217738910985645, 5002320.768655666150153 ], [ 425324.226481124642305, 5002308.676482283510268 ], [ 425328.595503574120812, 5002296.338743491098285 ], [ 425332.312831072602421, 5002283.789256173186004 ], [ 425335.36827468383126, 5002271.062417601235211 ], [ 425337.753459649160504, 5002258.193111157044768 ], [ 425339.461848342441954, 5002245.216610713861883 ], [ 425340.48875818902161, 5002232.168483957648277 ], [ 425340.831374500354286, 5002219.084494897164404 ] ] ] } },
{ "type": "Feature", "properties": { "site": 25, "transect": 25.1 }, "geometry": { "type": "Polygon", "coordinates": [ [ [ 344438.921767609892413, 5055708.863791472278535 ], [ 344438.579151298559736, 5055695.779802411794662 ], [ 344437.55224145198008, 5055682.731675655581057 ], [ 344435.843852758698631, 5055669.755175212398171 ], [ 344433.458667793369386, 5055656.885868768207729 ], [ 344430.403224182140548, 5055644.159030196256936 ], [ 344426.685896683658939, 5055631.609542878344655 ], [ 344422.316874234180432, 5055619.271804085932672 ], [ 344417.308132020523772, 5055607.179630703292787 ], [ 344411.673398657003418, 5055595.366166537627578 ], [ 344405.4281185559812, 5055583.863791472278535 ], [ 344398.589409596228506, 5055572.704032718203962 ], [ 344391.17601620365167, 5055561.917478399351239 ], [ 344383.208257974125445, 5055551.533693709410727 ], [ 344374.707973979238886, 5055541.581139883026481 ], [ 344365.698462906526402, 5055532.087096175178885 ], [ 344356.204419199610129, 5055523.07758510299027 ], [ 344346.251865372352768, 5055514.577301108278334 ], [ 344335.868080682994332, 5055506.609542878344655 ], [ 344325.081526363675948, 5055499.196149486117065 ], [ 344313.921767609892413, 5055492.357440526597202 ], [ 344302.419392544776201, 5055486.112160425633192 ], [ 344290.605928378819954, 5055480.477427061647177 ], [ 344278.513754996238276, 5055475.46868484839797 ], [ 344266.17601620365167, 5055471.099662398919463 ], [ 344253.626528885506559, 5055467.382334900088608 ], [ 344240.899690314312465, 5055464.3268912890926 ], [ 344228.0303838699474, 5055461.941706323064864 ], [ 344215.053883426822722, 5055460.233317630365491 ], [ 344202.005756670609117, 5055459.206407783553004 ], [ 344188.921767609892413, 5055458.863791472278535 ], [ 344175.837778549175709, 5055459.206407783553004 ], [ 344162.789651792962104, 5055460.233317630365491 ], [ 344149.813151349837426, 5055461.941706323064864 ], [ 344136.943844905472361, 5055464.3268912890926 ], [ 344124.217006334278267, 5055467.382334900088608 ], [ 344111.667519016133156, 5055471.099662398919463 ], [ 344099.32978022354655, 5055475.46868484839797 ], [ 344087.237606840964872, 5055480.477427061647177 ], [ 344075.424142675008625, 5055486.112160425633192 ], [ 344063.921767609892413, 5055492.357440526597202 ], [ 344052.762008856108878, 5055499.196149486117065 ], [ 344041.975454536790494, 5055506.609542878344655 ], [ 344031.591669847432058, 5055514.577301108278334 ], [ 344021.639116020174697, 5055523.07758510299027 ], [ 344012.145072313258424, 5055532.087096175178885 ], [ 344003.13556124054594, 5055541.581139883026481 ], [ 343994.635277245659381, 5055551.533693709410727 ], [ 343986.667519016133156, 5055561.917478399351239 ], [ 343979.25412562355632, 5055572.704032718203962 ], [ 343972.415416663803626, 5055583.863791472278535 ], [ 343966.170136562781408, 5055595.366166537627578 ], [ 343960.535403199261054, 5055607.179630703292787 ], [ 343955.526660985604394, 5055619.271804085932672 ], [ 343951.157638536125887, 5055631.609542878344655 ], [ 343947.440311037644278, 5055644.159030196256936 ], [ 343944.38486742641544, 5055656.885868768207729 ], [ 343941.999682461086195, 5055669.755175212398171 ], [ 343940.291293767804746, 5055682.731675655581057 ], [ 343939.26438392122509, 5055695.779802411794662 ], [ 343938.921767609892413, 5055708.863791472278535 ], [ 343939.26438392122509, 5055721.947780532762408 ], [ 343940.291293767804746, 5055734.995907288976014 ], [ 343941.999682461086195, 5055747.972407732158899 ], [ 343944.38486742641544, 5055760.841714176349342 ], [ 343947.440311037644278, 5055773.568552748300135 ], [ 343951.157638536125887, 5055786.118040066212416 ], [ 343955.526660985604394, 5055798.455778858624399 ], [ 343960.535403199261054, 5055810.547952241264284 ], [ 343966.170136562781408, 5055822.361416406929493 ], [ 343972.415416663803626, 5055833.863791472278535 ], [ 343979.25412562355632, 5055845.023550226353109 ], [ 343986.667519016133156, 5055855.810104545205832 ], [ 343994.635277245659381, 5055866.193889235146344 ], [ 344003.13556124054594, 5055876.14644306153059 ], [ 344012.145072313258424, 5055885.640486769378185 ], [ 344021.639116020174697, 5055894.649997841566801 ], [ 344031.591669847432058, 5055903.150281836278737 ], [ 344041.975454536790494, 5055911.118040066212416 ], [ 344052.762008856108878, 5055918.531433458440006 ], [ 344063.921767609892413, 5055925.370142417959869 ], [ 344075.424142675008625, 5055931.615422518923879 ], [ 344087.237606840964872, 5055937.250155882909894 ], [ 344099.32978022354655, 5055942.258898096159101 ], [ 344111.667519016133156, 5055946.627920545637608 ], [ 344124.217006334278267, 5055950.345248044468462 ], [ 344136.943844905472361, 5055953.40069165546447 ], [ 344149.813151349837426, 5055955.785876621492207 ], [ 344162.789651792962104, 5055957.49426531419158 ], [ 344175.837778549175709, 5055958.521175161004066 ], [ 344188.921767609892413, 5055958.863791472278535 ], [ 344202.005756670609117, 5055958.521175161004066 ], [ 344215.053883426822722, 5055957.49426531419158 ], [ 344228.0303838699474, 5055955.785876621492207 ], [ 344240.899690314312465, 5055953.40069165546447 ], [ 344253.626528885506559, 5055950.345248044468462 ], [ 344266.17601620365167, 5055946.627920545637608 ], [ 344278.513754996238276, 5055942.258898096159101 ], [ 344290.605928378819954, 5055937.250155882909894 ], [ 344302.419392544776201, 5055931.615422518923879 ], [ 344313.921767609892413, 5055925.370142417959869 ], [ 344325.081526363675948, 5055918.531433458440006 ], [ 344335.868080682994332, 5055911.118040066212416 ], [ 344346.251865372352768, 5055903.150281836278737 ], [ 344356.204419199610129, 5055894.649997841566801 ], [ 344365.698462906526402, 5055885.640486769378185 ], [ 344374.707973979238886, 5055876.14644306153059 ], [ 344383.208257974125445, 5055866.193889235146344 ], [ 344391.17601620365167, 5055855.810104545205832 ], [ 344398.589409596228506, 5055845.023550226353109 ], [ 344405.4281185559812, 5055833.863791472278535 ], [ 344411.673398657003418, 5055822.361416406929493 ], [ 344417.308132020523772, 5055810.547952241264284 ], [ 344422.316874234180432, 5055798.455778858624399 ], [ 344426.685896683658939, 5055786.118040066212416 ], [ 344430.403224182140548, 5055773.568552748300135 ], [ 344433.458667793369386, 5055760.841714176349342 ], [ 344435.843852758698631, 5055747.972407732158899 ], [ 344437.55224145198008, 5055734.995907288976014 ], [ 344438.579151298559736, 5055721.947780532762408 ], [ 344438.921767609892413, 5055708.863791472278535 ] ] ] } },
{ "type": "Feature", "properties": { "site": 25, "transect": 25.2 }, "geometry": { "type": "Polygon", "coordinates": [ [ [ 344438.921767609892413, 5055708.863791472278535 ], [ 344438.579151298559736, 5055695.779802411794662 ], [ 344437.55224145198008, 5055682.731675655581057 ], [ 344435.843852758698631, 5055669.755175212398171 ], [ 344433.458667793369386, 5055656.885868768207729 ], [ 344430.403224182140548, 5055644.159030196256936 ], [ 344426.685896683658939, 5055631.609542878344655 ], [ 344422.316874234180432, 5055619.271804085932672 ], [ 344417.308132020523772, 5055607.179630703292787 ], [ 344411.673398657003418, 5055595.366166537627578 ], [ 344405.4281185559812, 5055583.863791472278535 ], [ 344398.589409596228506, 5055572.704032718203962 ], [ 344391.17601620365167, 5055561.917478399351239 ], [ 344383.208257974125445, 5055551.533693709410727 ], [ 344374.707973979238886, 5055541.581139883026481 ], [ 344365.698462906526402, 5055532.087096175178885 ], [ 344356.204419199610129, 5055523.07758510299027 ], [ 344346.251865372352768, 5055514.577301108278334 ], [ 344335.868080682994332, 5055506.609542878344655 ], [ 344325.081526363675948, 5055499.196149486117065 ], [ 344313.921767609892413, 5055492.357440526597202 ], [ 344302.419392544776201, 5055486.112160425633192 ], [ 344290.605928378819954, 5055480.477427061647177 ], [ 344278.513754996238276, 5055475.46868484839797 ], [ 344266.17601620365167, 5055471.099662398919463 ], [ 344253.626528885506559, 5055467.382334900088608 ], [ 344240.899690314312465, 5055464.3268912890926 ], [ 344228.0303838699474, 5055461.941706323064864 ], [ 344215.053883426822722, 5055460.233317630365491 ], [ 344202.005756670609117, 5055459.206407783553004 ], [ 344188.921767609892413, 5055458.863791472278535 ], [ 344175.837778549175709, 5055459.206407783553004 ], [ 344162.789651792962104, 5055460.233317630365491 ], [ 344149.813151349837426, 5055461.941706323064864 ], [ 344136.943844905472361, 5055464.3268912890926 ], [ 344124.217006334278267, 5055467.382334900088608 ], [ 344111.667519016133156, 5055471.099662398919463 ], [ 344099.32978022354655, 5055475.46868484839797 ], [ 344087.237606840964872, 5055480.477427061647177 ], [ 344075.424142675008625, 5055486.112160425633192 ], [ 344063.921767609892413, 5055492.357440526597202 ], [ 344052.762008856108878, 5055499.196149486117065 ], [ 344041.975454536790494, 5055506.609542878344655 ], [ 344031.591669847432058, 5055514.577301108278334 ], [ 344021.639116020174697, 5055523.07758510299027 ], [ 344012.145072313258424, 5055532.087096175178885 ], [ 344003.13556124054594, 5055541.581139883026481 ], [ 343994.635277245659381, 5055551.533693709410727 ], [ 343986.667519016133156, 5055561.917478399351239 ], [ 343979.25412562355632, 5055572.704032718203962 ], [ 343972.415416663803626, 5055583.863791472278535 ], [ 343966.170136562781408, 5055595.366166537627578 ], [ 343960.535403199261054, 5055607.179630703292787 ], [ 343955.526660985604394, 5055619.271804085932672 ], [ 343951.157638536125887, 5055631.609542878344655 ], [ 343947.440311037644278, 5055644.159030196256936 ], [ 343944.38486742641544, 5055656.885868768207729 ], [ 343941.999682461086195, 5055669.755175212398171 ], [ 343940.291293767804746, 5055682.731675655581057 ], [ 343939.26438392122509, 5055695.779802411794662 ], [ 343938.921767609892413, 5055708.863791472278535 ], [ 343939.26438392122509, 5055721.947780532762408 ], [ 343940.291293767804746, 5055734.995907288976014 ], [ 343941.999682461086195, 5055747.972407732158899 ], [ 343944.38486742641544, 5055760.841714176349342 ], [ 343947.440311037644278, 5055773.568552748300135 ], [ 343951.157638536125887, 5055786.118040066212416 ], [ 343955.526660985604394, 5055798.455778858624399 ], [ 343960.535403199261054, 5055810.547952241264284 ], [ 343966.170136562781408, 5055822.361416406929493 ], [ 343972.415416663803626, 5055833.863791472278535 ], [ 343979.25412562355632, 5055845.023550226353109 ], [ 343986.667519016133156, 5055855.810104545205832 ], [ 343994.635277245659381, 5055866.193889235146344 ], [ 344003.13556124054594, 5055876.14644306153059 ], [ 344012.145072313258424, 5055885.640486769378185 ], [ 344021.639116020174697, 5055894.649997841566801 ], [ 344031.591669847432058, 5055903.150281836278737 ], [ 344041.975454536790494, 5055911.118040066212416 ], [ 344052.762008856108878, 5055918.531433458440006 ], [ 344063.921767609892413, 5055925.370142417959869 ], [ 344075.424142675008625, 5055931.615422518923879 ], [ 344087.237606840964872, 5055937.250155882909894 ], [ 344099.32978022354655, 5055942.258898096159101 ], [ 344111.667519016133156, 5055946.627920545637608 ], [ 344124.217006334278267, 5055950.345248044468462 ], [ 344136.943844905472361, 5055953.40069165546447 ], [ 344149.813151349837426, 5055955.785876621492207 ], [ 344162.789651792962104, 5055957.49426531419158 ], [ 344175.837778549175709, 5055958.521175161004066 ], [ 344188.921767609892413, 5055958.863791472278535 ], [ 344202.005756670609117, 5055958.521175161004066 ], [ 344215.053883426822722, 5055957.49426531419158 ], [ 344228.0303838699474, 5055955.785876621492207 ], [ 344240.899690314312465, 5055953.40069165546447 ], [ 344253.626528885506559, 5055950.345248044468462 ], [ 344266.17601620365167, 5055946.627920545637608 ], [ 344278.513754996238276, 5055942.258898096159101 ], [ 344290.605928378819954, 5055937.250155882909894 ], [ 344302.419392544776201, 5055931.615422518923879 ], [ 344313.921767609892413, 5055925.370142417959869 ], [ 344325.081526363675948, 5055918.531433458440006 ], [ 344335.868080682994332, 5055911.118040066212416 ], [ 344346.251865372352768, 5055903.150281836278737 ], [ 344356.204419199610129, 5055894.649997841566801 ], [ 344365.698462906526402, 5055885.640486769378185 ], [ 344374.707973979238886, 5055876.14644306153059 ], [ 344383.208257974125445, 5055866.193889235146344 ], [ 344391.17601620365167, 5055855.810104545205832 ], [ 344398.589409596228506, 5055845.023550226353109 ], [ 344405.4281185559812, 5055833.863791472278535 ], [ 344411.673398657003418, 5055822.361416406929493 ], [ 344417.308132020523772, 5055810.547952241264284 ], [ 344422.316874234180432, 5055798.455778858624399 ], [ 344426.685896683658939, 5055786.118040066212416 ], [ 344430.403224182140548, 5055773.568552748300135 ], [ 344433.458667793369386, 5055760.841714176349342 ], [ 344435.843852758698631, 5055747.972407732158899 ], [ 344437.55224145198008, 5055734.995907288976014 ], [ 344438.579151298559736, 5055721.947780532762408 ], [ 344438.921767609892413, 5055708.863791472278535 ] ] ] } },
{ "type": "Feature", "properties": { "site": 25, "transect": 25.3 }, "geometry": { "type": "Polygon", "coordinates": [ [ [ 344589.214095022412948, 5055800.103011912666261 ], [ 344588.871478711080272, 5055787.019022852182388 ], [ 344587.844568864500616, 5055773.970896095968783 ], [ 344586.136180171219166, 5055760.994395652785897 ], [ 344583.750995205889922, 5055748.125089208595455 ], [ 344580.695551594661083, 5055735.398250636644661 ], [ 344576.978224096179474, 5055722.848763318732381 ], [ 344572.609201646700967, 5055710.511024526320398 ], [ 344567.600459433044307, 5055698.418851143680513 ], [ 344561.965726069523953, 5055686.605386978015304 ], [ 344555.720445968501735, 5055675.103011912666261 ], [ 344548.881737008749042, 5055663.943253158591688 ], [ 344541.468343616172206, 5055653.156698839738965 ], [ 344533.50058538664598, 5055642.772914149798453 ], [ 344525.000301391759422, 5055632.820360323414207 ], [ 344515.990790319046937, 5055623.326316615566611 ], [ 344506.496746612130664, 5055614.316805543377995 ], [ 344496.544192784873303, 5055605.81652154866606 ], [ 344486.160408095514867, 5055597.848763318732381 ], [ 344475.373853776196484, 5055590.435369926504791 ], [ 344464.214095022412948, 5055583.596660966984928 ], [ 344452.711719957296737, 5055577.351380866020918 ], [ 344440.898255791340489, 5055571.716647502034903 ], [ 344428.806082408758812, 5055566.707905288785696 ], [ 344416.468343616172206, 5055562.338882839307189 ], [ 344403.918856298027094, 5055558.621555340476334 ], [ 344391.192017726833001, 5055555.566111729480326 ], [ 344378.322711282467935, 5055553.18092676345259 ], [ 344365.346210839343257, 5055551.472538070753217 ], [ 344352.298084083129652, 5055550.44562822394073 ], [ 344339.214095022412948, 5055550.103011912666261 ], [ 344326.130105961696245, 5055550.44562822394073 ], [ 344313.081979205482639, 5055551.472538070753217 ], [ 344300.105478762357961, 5055553.18092676345259 ], [ 344287.236172317992896, 5055555.566111729480326 ], [ 344274.509333746798802, 5055558.621555340476334 ], [ 344261.959846428653691, 5055562.338882839307189 ], [ 344249.622107636067085, 5055566.707905288785696 ], [ 344237.529934253485408, 5055571.716647502034903 ], [ 344225.71647008752916, 5055577.351380866020918 ], [ 344214.214095022412948, 5055583.596660966984928 ], [ 344203.054336268629413, 5055590.435369926504791 ], [ 344192.267781949311029, 5055597.848763318732381 ], [ 344181.883997259952594, 5055605.81652154866606 ], [ 344171.931443432695232, 5055614.316805543377995 ], [ 344162.43739972577896, 5055623.326316615566611 ], [ 344153.427888653066475, 5055632.820360323414207 ], [ 344144.927604658179916, 5055642.772914149798453 ], [ 344136.959846428653691, 5055653.156698839738965 ], [ 344129.546453036076855, 5055663.943253158591688 ], [ 344122.707744076324161, 5055675.103011912666261 ], [ 344116.462463975301944, 5055686.605386978015304 ], [ 344110.82773061178159, 5055698.418851143680513 ], [ 344105.81898839812493, 5055710.511024526320398 ], [ 344101.449965948646422, 5055722.848763318732381 ], [ 344097.732638450164814, 5055735.398250636644661 ], [ 344094.677194838935975, 5055748.125089208595455 ], [ 344092.29200987360673, 5055760.994395652785897 ], [ 344090.583621180325281, 5055773.970896095968783 ], [ 344089.556711333745625, 5055787.019022852182388 ], [ 344089.214095022412948, 5055800.103011912666261 ], [ 344089.556711333745625, 5055813.187000973150134 ], [ 344090.583621180325281, 5055826.235127729363739 ], [ 344092.29200987360673, 5055839.211628172546625 ], [ 344094.677194838935975, 5055852.080934616737068 ], [ 344097.732638450164814, 5055864.807773188687861 ], [ 344101.449965948646422, 5055877.357260506600142 ], [ 344105.81898839812493, 5055889.694999299012125 ], [ 344110.82773061178159, 5055901.787172681652009 ], [ 344116.462463975301944, 5055913.600636847317219 ], [ 344122.707744076324161, 5055925.103011912666261 ], [ 344129.546453036076855, 5055936.262770666740835 ], [ 344136.959846428653691, 5055947.049324985593557 ], [ 344144.927604658179916, 5055957.43310967553407 ], [ 344153.427888653066475, 5055967.385663501918316 ], [ 344162.43739972577896, 5055976.879707209765911 ], [ 344171.931443432695232, 5055985.889218281954527 ], [ 344181.883997259952594, 5055994.389502276666462 ], [ 344192.267781949311029, 5056002.357260506600142 ], [ 344203.054336268629413, 5056009.770653898827732 ], [ 344214.214095022412948, 5056016.609362858347595 ], [ 344225.71647008752916, 5056022.854642959311604 ], [ 344237.529934253485408, 5056028.48937632329762 ], [ 344249.622107636067085, 5056033.498118536546826 ], [ 344261.959846428653691, 5056037.867140986025333 ], [ 344274.509333746798802, 5056041.584468484856188 ], [ 344287.236172317992896, 5056044.639912095852196 ], [ 344300.105478762357961, 5056047.025097061879933 ], [ 344313.081979205482639, 5056048.733485754579306 ], [ 344326.130105961696245, 5056049.760395601391792 ], [ 344339.214095022412948, 5056050.103011912666261 ], [ 344352.298084083129652, 5056049.760395601391792 ], [ 344365.346210839343257, 5056048.733485754579306 ], [ 344378.322711282467935, 5056047.025097061879933 ], [ 344391.192017726833001, 5056044.639912095852196 ], [ 344403.918856298027094, 5056041.584468484856188 ], [ 344416.468343616172206, 5056037.867140986025333 ], [ 344428.806082408758812, 5056033.498118536546826 ], [ 344440.898255791340489, 5056028.48937632329762 ], [ 344452.711719957296737, 5056022.854642959311604 ], [ 344464.214095022412948, 5056016.609362858347595 ], [ 344475.373853776196484, 5056009.770653898827732 ], [ 344486.160408095514867, 5056002.357260506600142 ], [ 344496.544192784873303, 5055994.389502276666462 ], [ 344506.496746612130664, 5055985.889218281954527 ], [ 344515.990790319046937, 5055976.879707209765911 ], [ 344525.000301391759422, 5055967.385663501918316 ], [ 344533.50058538664598, 5055957.43310967553407 ], [ 344541.468343616172206, 5055947.049324985593557 ], [ 344548.881737008749042, 5055936.262770666740835 ], [ 344555.720445968501735, 5055925.103011912666261 ], [ 344561.965726069523953, 5055913.600636847317219 ], [ 344567.600459433044307, 5055901.787172681652009 ], [ 344572.609201646700967, 5055889.694999299012125 ], [ 344576.978224096179474, 5055877.357260506600142 ], [ 344580.695551594661083, 5055864.807773188687861 ], [ 344583.750995205889922, 5055852.080934616737068 ], [ 344586.136180171219166, 5055839.211628172546625 ], [ 344587.844568864500616, 5055826.235127729363739 ], [ 344588.871478711080272, 5055813.187000973150134 ], [ 344589.214095022412948, 5055800.103011912666261 ] ] ] } },
{ "type": "Feature", "properties": { "site": 25, "transect": 25.4 }, "geometry": { "type": "Polygon", "coordinates": [ [ [ 344268.757711793296039, 5055518.245806044898927 ], [ 344268.415095481963363, 5055505.161816984415054 ], [ 344267.388185635383707, 5055492.113690228201449 ], [ 344265.679796942102257, 5055479.137189785018563 ], [ 344263.294611976773012, 5055466.267883340828121 ], [ 344260.239168365544174, 5055453.541044768877327 ], [ 344256.521840867062565, 5055440.991557450965047 ], [ 344252.152818417584058, 5055428.653818658553064 ], [ 344247.144076203927398, 5055416.561645275913179 ], [ 344241.509342840407044, 5055404.74818111024797 ], [ 344235.264062739384826, 5055393.245806044898927 ], [ 344228.425353779632133, 5055382.086047290824354 ], [ 344221.011960387055296, 5055371.299492971971631 ], [ 344213.044202157529071, 5055360.915708282031119 ], [ 344204.543918162642512, 5055350.963154455646873 ], [ 344195.534407089930028, 5055341.469110747799277 ], [ 344186.040363383013755, 5055332.459599675610662 ], [ 344176.087809555756394, 5055323.959315680898726 ], [ 344165.704024866397958, 5055315.991557450965047 ], [ 344154.917470547079574, 5055308.578164058737457 ], [ 344143.757711793296039, 5055301.739455099217594 ], [ 344132.255336728179827, 5055295.494174998253584 ], [ 344120.44187256222358, 5055289.859441634267569 ], [ 344108.349699179641902, 5055284.850699421018362 ], [ 344096.011960387055296, 5055280.481676971539855 ], [ 344083.462473068910185, 5055276.764349472709 ], [ 344070.735634497716092, 5055273.708905861712992 ], [ 344057.866328053351026, 5055271.323720895685256 ], [ 344044.889827610226348, 5055269.615332202985883 ], [ 344031.841700854012743, 5055268.588422356173396 ], [ 344018.757711793296039, 5055268.245806044898927 ], [ 344005.673722732579336, 5055268.588422356173396 ], [ 343992.62559597636573, 5055269.615332202985883 ], [ 343979.649095533241052, 5055271.323720895685256 ], [ 343966.779789088875987, 5055273.708905861712992 ], [ 343954.052950517681893, 5055276.764349472709 ], [ 343941.503463199536782, 5055280.481676971539855 ], [ 343929.165724406950176, 5055284.850699421018362 ], [ 343917.073551024368498, 5055289.859441634267569 ], [ 343905.260086858412251, 5055295.494174998253584 ], [ 343893.757711793296039, 5055301.739455099217594 ], [ 343882.597953039512504, 5055308.578164058737457 ], [ 343871.81139872019412, 5055315.991557450965047 ], [ 343861.427614030835684, 5055323.959315680898726 ], [ 343851.475060203578323, 5055332.459599675610662 ], [ 343841.98101649666205, 5055341.469110747799277 ], [ 343832.971505423949566, 5055350.963154455646873 ], [ 343824.471221429063007, 5055360.915708282031119 ], [ 343816.503463199536782, 5055371.299492971971631 ], [ 343809.090069806959946, 5055382.086047290824354 ], [ 343802.251360847207252, 5055393.245806044898927 ], [ 343796.006080746185035, 5055404.74818111024797 ], [ 343790.37134738266468, 5055416.561645275913179 ], [ 343785.36260516900802, 5055428.653818658553064 ], [ 343780.993582719529513, 5055440.991557450965047 ], [ 343777.276255221047904, 5055453.541044768877327 ], [ 343774.220811609819066, 5055466.267883340828121 ], [ 343771.835626644489821, 5055479.137189785018563 ], [ 343770.127237951208372, 5055492.113690228201449 ], [ 343769.100328104628716, 5055505.161816984415054 ], [ 343768.757711793296039, 5055518.245806044898927 ], [ 343769.100328104628716, 5055531.3297951053828 ], [ 343770.127237951208372, 5055544.377921861596406 ], [ 343771.835626644489821, 5055557.354422304779291 ], [ 343774.220811609819066, 5055570.223728748969734 ], [ 343777.276255221047904, 5055582.950567320920527 ], [ 343780.993582719529513, 5055595.500054638832808 ], [ 343785.36260516900802, 5055607.837793431244791 ], [ 343790.37134738266468, 5055619.929966813884676 ], [ 343796.006080746185035, 5055631.743430979549885 ], [ 343802.251360847207252, 5055643.245806044898927 ], [ 343809.090069806959946, 5055654.405564798973501 ], [ 343816.503463199536782, 5055665.192119117826223 ], [ 343824.471221429063007, 5055675.575903807766736 ], [ 343832.971505423949566, 5055685.528457634150982 ], [ 343841.98101649666205, 5055695.022501341998577 ], [ 343851.475060203578323, 5055704.032012414187193 ], [ 343861.427614030835684, 5055712.532296408899128 ], [ 343871.81139872019412, 5055720.500054638832808 ], [ 343882.597953039512504, 5055727.913448031060398 ], [ 343893.757711793296039, 5055734.752156990580261 ], [ 343905.260086858412251, 5055740.997437091544271 ], [ 343917.073551024368498, 5055746.632170455530286 ], [ 343929.165724406950176, 5055751.640912668779492 ], [ 343941.503463199536782, 5055756.009935118257999 ], [ 343954.052950517681893, 5055759.727262617088854 ], [ 343966.779789088875987, 5055762.782706228084862 ], [ 343979.649095533241052, 5055765.167891194112599 ], [ 343992.62559597636573, 5055766.876279886811972 ], [ 344005.673722732579336, 5055767.903189733624458 ], [ 344018.757711793296039, 5055768.245806044898927 ], [ 344031.841700854012743, 5055767.903189733624458 ], [ 344044.889827610226348, 5055766.876279886811972 ], [ 344057.866328053351026, 5055765.167891194112599 ], [ 344070.735634497716092, 5055762.782706228084862 ], [ 344083.462473068910185, 5055759.727262617088854 ], [ 344096.011960387055296, 5055756.009935118257999 ], [ 344108.349699179641902, 5055751.640912668779492 ], [ 344120.44187256222358, 5055746.632170455530286 ], [ 344132.255336728179827, 5055740.997437091544271 ], [ 344143.757711793296039, 5055734.752156990580261 ], [ 344154.917470547079574, 5055727.913448031060398 ], [ 344165.704024866397958, 5055720.500054638832808 ], [ 344176.087809555756394, 5055712.532296408899128 ], [ 344186.040363383013755, 5055704.032012414187193 ], [ 344195.534407089930028, 5055695.022501341998577 ], [ 344204.543918162642512, 5055685.528457634150982 ], [ 344213.044202157529071, 5055675.575903807766736 ], [ 344221.011960387055296, 5055665.192119117826223 ], [ 344228.425353779632133, 5055654.405564798973501 ], [ 344235.264062739384826, 5055643.245806044898927 ], [ 344241.509342840407044, 5055631.743430979549885 ], [ 344247.144076203927398, 5055619.929966813884676 ], [ 344252.152818417584058, 5055607.837793431244791 ], [ 344256.521840867062565, 5055595.500054638832808 ], [ 344260.239168365544174, 5055582.950567320920527 ], [ 344263.294611976773012, 5055570.223728748969734 ], [ 344265.679796942102257, 5055557.354422304779291 ], [ 344267.388185635383707, 5055544.377921861596406 ], [ 344268.415095481963363, 5055531.3297951053828 ], [ 344268.757711793296039, 5055518.245806044898927 ] ] ] } },
{ "type": "Feature", "properties": { "site": 25, "transect": 25.5 }, "geometry": { "type": "Polygon", "coordinates": [ [ [ 344268.757711793296039, 5055518.245806044898927 ], [ 344268.415095481963363, 5055505.161816984415054 ], [ 344267.388185635383707, 5055492.113690228201449 ], [ 344265.679796942102257, 5055479.137189785018563 ], [ 344263.294611976773012, 5055466.267883340828121 ], [ 344260.239168365544174, 5055453.541044768877327 ], [ 344256.521840867062565, 5055440.991557450965047 ], [ 344252.152818417584058, 5055428.653818658553064 ], [ 344247.144076203927398, 5055416.561645275913179 ], [ 344241.509342840407044, 5055404.74818111024797 ], [ 344235.264062739384826, 5055393.245806044898927 ], [ 344228.425353779632133, 5055382.086047290824354 ], [ 344221.011960387055296, 5055371.299492971971631 ], [ 344213.044202157529071, 5055360.915708282031119 ], [ 344204.543918162642512, 5055350.963154455646873 ], [ 344195.534407089930028, 5055341.469110747799277 ], [ 344186.040363383013755, 5055332.459599675610662 ], [ 344176.087809555756394, 5055323.959315680898726 ], [ 344165.704024866397958, 5055315.991557450965047 ], [ 344154.917470547079574, 5055308.578164058737457 ], [ 344143.757711793296039, 5055301.739455099217594 ], [ 344132.255336728179827, 5055295.494174998253584 ], [ 344120.44187256222358, 5055289.859441634267569 ], [ 344108.349699179641902, 5055284.850699421018362 ], [ 344096.011960387055296, 5055280.481676971539855 ], [ 344083.462473068910185, 5055276.764349472709 ], [ 344070.735634497716092, 5055273.708905861712992 ], [ 344057.866328053351026, 5055271.323720895685256 ], [ 344044.889827610226348, 5055269.615332202985883 ], [ 344031.841700854012743, 5055268.588422356173396 ], [ 344018.757711793296039, 5055268.245806044898927 ], [ 344005.673722732579336, 5055268.588422356173396 ], [ 343992.62559597636573, 5055269.615332202985883 ], [ 343979.649095533241052, 5055271.323720895685256 ], [ 343966.779789088875987, 5055273.708905861712992 ], [ 343954.052950517681893, 5055276.764349472709 ], [ 343941.503463199536782, 5055280.481676971539855 ], [ 343929.165724406950176, 5055284.850699421018362 ], [ 343917.073551024368498, 5055289.859441634267569 ], [ 343905.260086858412251, 5055295.494174998253584 ], [ 343893.757711793296039, 5055301.739455099217594 ], [ 343882.597953039512504, 5055308.578164058737457 ], [ 343871.81139872019412, 5055315.991557450965047 ], [ 343861.427614030835684, 5055323.959315680898726 ], [ 343851.475060203578323, 5055332.459599675610662 ], [ 343841.98101649666205, 5055341.469110747799277 ], [ 343832.971505423949566, 5055350.963154455646873 ], [ 343824.471221429063007, 5055360.915708282031119 ], [ 343816.503463199536782, 5055371.299492971971631 ], [ 343809.090069806959946, 5055382.086047290824354 ], [ 343802.251360847207252, 5055393.245806044898927 ], [ 343796.006080746185035, 5055404.74818111024797 ], [ 343790.37134738266468, 5055416.561645275913179 ], [ 343785.36260516900802, 5055428.653818658553064 ], [ 343780.993582719529513, 5055440.991557450965047 ], [ 343777.276255221047904, 5055453.541044768877327 ], [ 343774.220811609819066, 5055466.267883340828121 ], [ 343771.835626644489821, 5055479.137189785018563 ], [ 343770.127237951208372, 5055492.113690228201449 ], [ 343769.100328104628716, 5055505.161816984415054 ], [ 343768.757711793296039, 5055518.245806044898927 ], [ 343769.100328104628716, 5055531.3297951053828 ], [ 343770.127237951208372, 5055544.377921861596406 ], [ 343771.835626644489821, 5055557.354422304779291 ], [ 343774.220811609819066, 5055570.223728748969734 ], [ 343777.276255221047904, 5055582.950567320920527 ], [ 343780.993582719529513, 5055595.500054638832808 ], [ 343785.36260516900802, 5055607.837793431244791 ], [ 343790.37134738266468, 5055619.929966813884676 ], [ 343796.006080746185035, 5055631.743430979549885 ], [ 343802.251360847207252, 5055643.245806044898927 ], [ 343809.090069806959946, 5055654.405564798973501 ], [ 343816.503463199536782, 5055665.192119117826223 ], [ 343824.471221429063007, 5055675.575903807766736 ], [ 343832.971505423949566, 5055685.528457634150982 ], [ 343841.98101649666205, 5055695.022501341998577 ], [ 343851.475060203578323, 5055704.032012414187193 ], [ 343861.427614030835684, 5055712.532296408899128 ], [ 343871.81139872019412, 5055720.500054638832808 ], [ 343882.597953039512504, 5055727.913448031060398 ], [ 343893.757711793296039, 5055734.752156990580261 ], [ 343905.260086858412251, 5055740.997437091544271 ], [ 343917.073551024368498, 5055746.632170455530286 ], [ 343929.165724406950176, 5055751.640912668779492 ], [ 343941.503463199536782, 5055756.009935118257999 ], [ 343954.052950517681893, 5055759.727262617088854 ], [ 343966.779789088875987, 5055762.782706228084862 ], [ 343979.649095533241052, 5055765.167891194112599 ], [ 343992.62559597636573, 5055766.876279886811972 ], [ 344005.673722732579336, 5055767.903189733624458 ], [ 344018.757711793296039, 5055768.245806044898927 ], [ 344031.841700854012743, 5055767.903189733624458 ], [ 344044.889827610226348, 5055766.876279886811972 ], [ 344057.866328053351026, 5055765.167891194112599 ], [ 344070.735634497716092, 5055762.782706228084862 ], [ 344083.462473068910185, 5055759.727262617088854 ], [ 344096.011960387055296, 5055756.009935118257999 ], [ 344108.349699179641902, 5055751.640912668779492 ], [ 344120.44187256222358, 5055746.632170455530286 ], [ 344132.255336728179827, 5055740.997437091544271 ], [ 344143.757711793296039, 5055734.752156990580261 ], [ 344154.917470547079574, 5055727.913448031060398 ], [ 344165.704024866397958, 5055720.500054638832808 ], [ 344176.087809555756394, 5055712.532296408899128 ], [ 344186.040363383013755, 5055704.032012414187193 ], [ 344195.534407089930028, 5055695.022501341998577 ], [ 344204.543918162642512, 5055685.528457634150982 ], [ 344213.044202157529071, 5055675.575903807766736 ], [ 344221.011960387055296, 5055665.192119117826223 ], [ 344228.425353779632133, 5055654.405564798973501 ], [ 344235.264062739384826, 5055643.245806044898927 ], [ 344241.509342840407044, 5055631.743430979549885 ], [ 344247.144076203927398, 5055619.929966813884676 ], [ 344252.152818417584058, 5055607.837793431244791 ], [ 344256.521840867062565, 5055595.500054638832808 ], [ 344260.239168365544174, 5055582.950567320920527 ], [ 344263.294611976773012, 5055570.223728748969734 ], [ 344265.679796942102257, 5055557.354422304779291 ], [ 344267.388185635383707, 5055544.377921861596406 ], [ 344268.415095481963363, 5055531.3297951053828 ], [ 344268.757711793296039, 5055518.245806044898927 ] ] ] } },
{ "type": "Feature", "properties": { "site": 25, "transect": 25.6 }, "geometry": { "type": "Polygon", "coordinates": [ [ [ 344293.318975765956566, 5055491.65127931162715 ], [ 344292.976359454623889, 5055478.567290251143277 ], [ 344291.949449608044233, 5055465.519163494929671 ], [ 344290.241060914762784, 5055452.542663051746786 ], [ 344287.855875949433539, 5055439.673356607556343 ], [ 344284.8004323382047, 5055426.94651803560555 ], [ 344281.083104839723092, 5055414.397030717693269 ], [ 344276.714082390244585, 5055402.059291925281286 ], [ 344271.705340176587924, 5055389.967118542641401 ], [ 344266.07060681306757, 5055378.153654376976192 ], [ 344259.825326712045353, 5055366.65127931162715 ], [ 344252.986617752292659, 5055355.491520557552576 ], [ 344245.573224359715823, 5055344.704966238699853 ], [ 344237.605466130189598, 5055334.321181548759341 ], [ 344229.105182135303039, 5055324.368627722375095 ], [ 344220.095671062590554, 5055314.8745840145275 ], [ 344210.601627355674282, 5055305.865072942338884 ], [ 344200.64907352841692, 5055297.364788947626948 ], [ 344190.265288839058485, 5055289.397030717693269 ], [ 344179.478734519740101, 5055281.983637325465679 ], [ 344168.318975765956566, 5055275.144928365945816 ], [ 344156.816600700840354, 5055268.899648264981806 ], [ 344145.003136534884106, 5055263.264914900995791 ], [ 344132.910963152302429, 5055258.256172687746584 ], [ 344120.573224359715823, 5055253.887150238268077 ], [ 344108.023737041570712, 5055250.169822739437222 ], [ 344095.296898470376618, 5055247.114379128441215 ], [ 344082.427592026011553, 5055244.729194162413478 ], [ 344069.451091582886875, 5055243.020805469714105 ], [ 344056.402964826673269, 5055241.993895622901618 ], [ 344043.318975765956566, 5055241.65127931162715 ], [ 344030.234986705239862, 5055241.993895622901618 ], [ 344017.186859949026257, 5055243.020805469714105 ], [ 344004.210359505901579, 5055244.729194162413478 ], [ 343991.341053061536513, 5055247.114379128441215 ], [ 343978.61421449034242, 5055250.169822739437222 ], [ 343966.064727172197308, 5055253.887150238268077 ], [ 343953.726988379610702, 5055258.256172687746584 ], [ 343941.634814997029025, 5055263.264914900995791 ], [ 343929.821350831072778, 5055268.899648264981806 ], [ 343918.318975765956566, 5055275.144928365945816 ], [ 343907.159217012173031, 5055281.983637325465679 ], [ 343896.372662692854647, 5055289.397030717693269 ], [ 343885.988878003496211, 5055297.364788947626948 ], [ 343876.03632417623885, 5055305.865072942338884 ], [ 343866.542280469322577, 5055314.8745840145275 ], [ 343857.532769396610092, 5055324.368627722375095 ], [ 343849.032485401723534, 5055334.321181548759341 ], [ 343841.064727172197308, 5055344.704966238699853 ], [ 343833.651333779620472, 5055355.491520557552576 ], [ 343826.812624819867779, 5055366.65127931162715 ], [ 343820.567344718845561, 5055378.153654376976192 ], [ 343814.932611355325207, 5055389.967118542641401 ], [ 343809.923869141668547, 5055402.059291925281286 ], [ 343805.55484669219004, 5055414.397030717693269 ], [ 343801.837519193708431, 5055426.94651803560555 ], [ 343798.782075582479592, 5055439.673356607556343 ], [ 343796.396890617150348, 5055452.542663051746786 ], [ 343794.688501923868898, 5055465.519163494929671 ], [ 343793.661592077289242, 5055478.567290251143277 ], [ 343793.318975765956566, 5055491.65127931162715 ], [ 343793.661592077289242, 5055504.735268372111022 ], [ 343794.688501923868898, 5055517.783395128324628 ], [ 343796.396890617150348, 5055530.759895571507514 ], [ 343798.782075582479592, 5055543.629202015697956 ], [ 343801.837519193708431, 5055556.356040587648749 ], [ 343805.55484669219004, 5055568.90552790556103 ], [ 343809.923869141668547, 5055581.243266697973013 ], [ 343814.932611355325207, 5055593.335440080612898 ], [ 343820.567344718845561, 5055605.148904246278107 ], [ 343826.812624819867779, 5055616.65127931162715 ], [ 343833.651333779620472, 5055627.811038065701723 ], [ 343841.064727172197308, 5055638.597592384554446 ], [ 343849.032485401723534, 5055648.981377074494958 ], [ 343857.532769396610092, 5055658.933930900879204 ], [ 343866.542280469322577, 5055668.427974608726799 ], [ 343876.03632417623885, 5055677.437485680915415 ], [ 343885.988878003496211, 5055685.937769675627351 ], [ 343896.372662692854647, 5055693.90552790556103 ], [ 343907.159217012173031, 5055701.31892129778862 ], [ 343918.318975765956566, 5055708.157630257308483 ], [ 343929.821350831072778, 5055714.402910358272493 ], [ 343941.634814997029025, 5055720.037643722258508 ], [ 343953.726988379610702, 5055725.046385935507715 ], [ 343966.064727172197308, 5055729.415408384986222 ], [ 343978.61421449034242, 5055733.132735883817077 ], [ 343991.341053061536513, 5055736.188179494813085 ], [ 344004.210359505901579, 5055738.573364460840821 ], [ 344017.186859949026257, 5055740.281753153540194 ], [ 344030.234986705239862, 5055741.308663000352681 ], [ 344043.318975765956566, 5055741.65127931162715 ], [ 344056.402964826673269, 5055741.308663000352681 ], [ 344069.451091582886875, 5055740.281753153540194 ], [ 344082.427592026011553, 5055738.573364460840821 ], [ 344095.296898470376618, 5055736.188179494813085 ], [ 344108.023737041570712, 5055733.132735883817077 ], [ 344120.573224359715823, 5055729.415408384986222 ], [ 344132.910963152302429, 5055725.046385935507715 ], [ 344145.003136534884106, 5055720.037643722258508 ], [ 344156.816600700840354, 5055714.402910358272493 ], [ 344168.318975765956566, 5055708.157630257308483 ], [ 344179.478734519740101, 5055701.31892129778862 ], [ 344190.265288839058485, 5055693.90552790556103 ], [ 344200.64907352841692, 5055685.937769675627351 ], [ 344210.601627355674282, 5055677.437485680915415 ], [ 344220.095671062590554, 5055668.427974608726799 ], [ 344229.105182135303039, 5055658.933930900879204 ], [ 344237.605466130189598, 5055648.981377074494958 ], [ 344245.573224359715823, 5055638.597592384554446 ], [ 344252.986617752292659, 5055627.811038065701723 ], [ 344259.825326712045353, 5055616.65127931162715 ], [ 344266.07060681306757, 5055605.148904246278107 ], [ 344271.705340176587924, 5055593.335440080612898 ], [ 344276.714082390244585, 5055581.243266697973013 ], [ 344281.083104839723092, 5055568.90552790556103 ], [ 344284.8004323382047, 5055556.356040587648749 ], [ 344287.855875949433539, 5055543.629202015697956 ], [ 344290.241060914762784, 5055530.759895571507514 ], [ 344291.949449608044233, 5055517.783395128324628 ], [ 344292.976359454623889, 5055504.735268372111022 ], [ 344293.318975765956566, 5055491.65127931162715 ] ] ] } },
{ "type": "Feature", "properties": { "site": 25, "transect": 25.7 }, "geometry": { "type": "Polygon", "coordinates": [ [ [ 344293.318975765956566, 5055491.65127931162715 ], [ 344292.976359454623889, 5055478.567290251143277 ], [ 344291.949449608044233, 5055465.519163494929671 ], [ 344290.241060914762784, 5055452.542663051746786 ], [ 344287.855875949433539, 5055439.673356607556343 ], [ 344284.8004323382047, 5055426.94651803560555 ], [ 344281.083104839723092, 5055414.397030717693269 ], [ 344276.714082390244585, 5055402.059291925281286 ], [ 344271.705340176587924, 5055389.967118542641401 ], [ 344266.07060681306757, 5055378.153654376976192 ], [ 344259.825326712045353, 5055366.65127931162715 ], [ 344252.986617752292659, 5055355.491520557552576 ], [ 344245.573224359715823, 5055344.704966238699853 ], [ 344237.605466130189598, 5055334.321181548759341 ], [ 344229.105182135303039, 5055324.368627722375095 ], [ 344220.095671062590554, 5055314.8745840145275 ], [ 344210.601627355674282, 5055305.865072942338884 ], [ 344200.64907352841692, 5055297.364788947626948 ], [ 344190.265288839058485, 5055289.397030717693269 ], [ 344179.478734519740101, 5055281.983637325465679 ], [ 344168.318975765956566, 5055275.144928365945816 ], [ 344156.816600700840354, 5055268.899648264981806 ], [ 344145.003136534884106, 5055263.264914900995791 ], [ 344132.910963152302429, 5055258.256172687746584 ], [ 344120.573224359715823, 5055253.887150238268077 ], [ 344108.023737041570712, 5055250.169822739437222 ], [ 344095.296898470376618, 5055247.114379128441215 ], [ 344082.427592026011553, 5055244.729194162413478 ], [ 344069.451091582886875, 5055243.020805469714105 ], [ 344056.402964826673269, 5055241.993895622901618 ], [ 344043.318975765956566, 5055241.65127931162715 ], [ 344030.234986705239862, 5055241.993895622901618 ], [ 344017.186859949026257, 5055243.020805469714105 ], [ 344004.210359505901579, 5055244.729194162413478 ], [ 343991.341053061536513, 5055247.114379128441215 ], [ 343978.61421449034242, 5055250.169822739437222 ], [ 343966.064727172197308, 5055253.887150238268077 ], [ 343953.726988379610702, 5055258.256172687746584 ], [ 343941.634814997029025, 5055263.264914900995791 ], [ 343929.821350831072778, 5055268.899648264981806 ], [ 343918.318975765956566, 5055275.144928365945816 ], [ 343907.159217012173031, 5055281.983637325465679 ], [ 343896.372662692854647, 5055289.397030717693269 ], [ 343885.988878003496211, 5055297.364788947626948 ], [ 343876.03632417623885, 5055305.865072942338884 ], [ 343866.542280469322577, 5055314.8745840145275 ], [ 343857.532769396610092, 5055324.368627722375095 ], [ 343849.032485401723534, 5055334.321181548759341 ], [ 343841.064727172197308, 5055344.704966238699853 ], [ 343833.651333779620472, 5055355.491520557552576 ], [ 343826.812624819867779, 5055366.65127931162715 ], [ 343820.567344718845561, 5055378.153654376976192 ], [ 343814.932611355325207, 5055389.967118542641401 ], [ 343809.923869141668547, 5055402.059291925281286 ], [ 343805.55484669219004, 5055414.397030717693269 ], [ 343801.837519193708431, 5055426.94651803560555 ], [ 343798.782075582479592, 5055439.673356607556343 ], [ 343796.396890617150348, 5055452.542663051746786 ], [ 343794.688501923868898, 5055465.519163494929671 ], [ 343793.661592077289242, 5055478.567290251143277 ], [ 343793.318975765956566, 5055491.65127931162715 ], [ 343793.661592077289242, 5055504.735268372111022 ], [ 343794.688501923868898, 5055517.783395128324628 ], [ 343796.396890617150348, 5055530.759895571507514 ], [ 343798.782075582479592, 5055543.629202015697956 ], [ 343801.837519193708431, 5055556.356040587648749 ], [ 343805.55484669219004, 5055568.90552790556103 ], [ 343809.923869141668547, 5055581.243266697973013 ], [ 343814.932611355325207, 5055593.335440080612898 ], [ 343820.567344718845561, 5055605.148904246278107 ], [ 343826.812624819867779, 5055616.65127931162715 ], [ 343833.651333779620472, 5055627.811038065701723 ], [ 343841.064727172197308, 5055638.597592384554446 ], [ 343849.032485401723534, 5055648.981377074494958 ], [ 343857.532769396610092, 5055658.933930900879204 ], [ 343866.542280469322577, 5055668.427974608726799 ], [ 343876.03632417623885, 5055677.437485680915415 ], [ 343885.988878003496211, 5055685.937769675627351 ], [ 343896.372662692854647, 5055693.90552790556103 ], [ 343907.159217012173031, 5055701.31892129778862 ], [ 343918.318975765956566, 5055708.157630257308483 ], [ 343929.821350831072778, 5055714.402910358272493 ], [ 343941.634814997029025, 5055720.037643722258508 ], [ 343953.726988379610702, 5055725.046385935507715 ], [ 343966.064727172197308, 5055729.415408384986222 ], [ 343978.61421449034242, 5055733.132735883817077 ], [ 343991.341053061536513, 5055736.188179494813085 ], [ 344004.210359505901579, 5055738.573364460840821 ], [ 344017.186859949026257, 5055740.281753153540194 ], [ 344030.234986705239862, 5055741.308663000352681 ], [ 344043.318975765956566, 5055741.65127931162715 ], [ 344056.402964826673269, 5055741.308663000352681 ], [ 344069.451091582886875, 5055740.281753153540194 ], [ 344082.427592026011553, 5055738.573364460840821 ], [ 344095.296898470376618, 5055736.188179494813085 ], [ 344108.023737041570712, 5055733.132735883817077 ], [ 344120.573224359715823, 5055729.415408384986222 ], [ 344132.910963152302429, 5055725.046385935507715 ], [ 344145.003136534884106, 5055720.037643722258508 ], [ 344156.816600700840354, 5055714.402910358272493 ], [ 344168.318975765956566, 5055708.157630257308483 ], [ 344179.478734519740101, 5055701.31892129778862 ], [ 344190.265288839058485, 5055693.90552790556103 ], [ 344200.64907352841692, 5055685.937769675627351 ], [ 344210.601627355674282, 5055677.437485680915415 ], [ 344220.095671062590554, 5055668.427974608726799 ], [ 344229.105182135303039, 5055658.933930900879204 ], [ 344237.605466130189598, 5055648.981377074494958 ], [ 344245.573224359715823, 5055638.597592384554446 ], [ 344252.986617752292659, 5055627.811038065701723 ], [ 344259.825326712045353, 5055616.65127931162715 ], [ 344266.07060681306757, 5055605.148904246278107 ], [ 344271.705340176587924, 5055593.335440080612898 ], [ 344276.714082390244585, 5055581.243266697973013 ], [ 344281.083104839723092, 5055568.90552790556103 ], [ 344284.8004323382047, 5055556.356040587648749 ], [ 344287.855875949433539, 5055543.629202015697956 ], [ 344290.241060914762784, 5055530.759895571507514 ], [ 344291.949449608044233, 5055517.783395128324628 ], [ 344292.976359454623889, 5055504.735268372111022 ], [ 344293.318975765956566, 5055491.65127931162715 ] ] ] } },
{ "type": "Feature", "properties": { "site": 26, "transect": 26.1 }, "geometry": { "type": "Polygon", "coordinates": [ [ [ 476421.350824788387399, 5048499.694541798904538 ], [ 476421.008208477054723, 5048486.610552738420665 ], [ 476419.981298630475067, 5048473.56242598220706 ], [ 476418.272909937193617, 5048460.585925539024174 ], [ 476415.887724971864372, 5048447.716619094833732 ], [ 476412.832281360635534, 5048434.989780522882938 ], [ 476409.114953862153925, 5048422.440293204970658 ], [ 476404.745931412675418, 5048410.102554412558675 ], [ 476399.737189199018758, 5048398.01038102991879 ], [ 476394.102455835498404, 5048386.196916864253581 ], [ 476387.857175734476186, 5048374.694541798904538 ], [ 476381.018466774723493, 5048363.534783044829965 ], [ 476373.605073382146657, 5048352.748228725977242 ], [ 476365.637315152620431, 5048342.36444403603673 ], [ 476357.137031157733873, 5048332.411890209652483 ], [ 476348.127520085021388, 5048322.917846501804888 ], [ 476338.633476378105115, 5048313.908335429616272 ], [ 476328.680922550847754, 5048305.408051434904337 ], [ 476318.297137861489318, 5048297.440293204970658 ], [ 476307.510583542170934, 5048290.026899812743068 ], [ 476296.350824788387399, 5048283.188190853223205 ], [ 476284.848449723271187, 5048276.942910752259195 ], [ 476273.03498555731494, 5048271.30817738827318 ], [ 476260.942812174733263, 5048266.299435175023973 ], [ 476248.605073382146657, 5048261.930412725545466 ], [ 476236.055586064001545, 5048258.213085226714611 ], [ 476223.328747492807452, 5048255.157641615718603 ], [ 476210.459441048442386, 5048252.772456649690866 ], [ 476197.482940605317708, 5048251.064067956991494 ], [ 476184.434813849104103, 5048250.037158110179007 ], [ 476171.350824788387399, 5048249.694541798904538 ], [ 476158.266835727670696, 5048250.037158110179007 ], [ 476145.21870897145709, 5048251.064067956991494 ], [ 476132.242208528332412, 5048252.772456649690866 ], [ 476119.372902083967347, 5048255.157641615718603 ], [ 476106.646063512773253, 5048258.213085226714611 ], [ 476094.096576194628142, 5048261.930412725545466 ], [ 476081.758837402041536, 5048266.299435175023973 ], [ 476069.666664019459859, 5048271.30817738827318 ], [ 476057.853199853503611, 5048276.942910752259195 ], [ 476046.350824788387399, 5048283.188190853223205 ], [ 476035.191066034603864, 5048290.026899812743068 ], [ 476024.40451171528548, 5048297.440293204970658 ], [ 476014.020727025927044, 5048305.408051434904337 ], [ 476004.068173198669683, 5048313.908335429616272 ], [ 475994.574129491753411, 5048322.917846501804888 ], [ 475985.564618419040926, 5048332.411890209652483 ], [ 475977.064334424154367, 5048342.36444403603673 ], [ 475969.096576194628142, 5048352.748228725977242 ], [ 475961.683182802051306, 5048363.534783044829965 ], [ 475954.844473842298612, 5048374.694541798904538 ], [ 475948.599193741276395, 5048386.196916864253581 ], [ 475942.964460377756041, 5048398.01038102991879 ], [ 475937.95571816409938, 5048410.102554412558675 ], [ 475933.586695714620873, 5048422.440293204970658 ], [ 475929.869368216139264, 5048434.989780522882938 ], [ 475926.813924604910426, 5048447.716619094833732 ], [ 475924.428739639581181, 5048460.585925539024174 ], [ 475922.720350946299732, 5048473.56242598220706 ], [ 475921.693441099720076, 5048486.610552738420665 ], [ 475921.350824788387399, 5048499.694541798904538 ], [ 475921.693441099720076, 5048512.778530859388411 ], [ 475922.720350946299732, 5048525.826657615602016 ], [ 475924.428739639581181, 5048538.803158058784902 ], [ 475926.813924604910426, 5048551.672464502975345 ], [ 475929.869368216139264, 5048564.399303074926138 ], [ 475933.586695714620873, 5048576.948790392838418 ], [ 475937.95571816409938, 5048589.286529185250401 ], [ 475942.964460377756041, 5048601.378702567890286 ], [ 475948.599193741276395, 5048613.192166733555496 ], [ 475954.844473842298612, 5048624.694541798904538 ], [ 475961.683182802051306, 5048635.854300552979112 ], [ 475969.096576194628142, 5048646.640854871831834 ], [ 475977.064334424154367, 5048657.024639561772346 ], [ 475985.564618419040926, 5048666.977193388156593 ], [ 475994.574129491753411, 5048676.471237096004188 ], [ 476004.068173198669683, 5048685.480748168192804 ], [ 476014.020727025927044, 5048693.981032162904739 ], [ 476024.40451171528548, 5048701.948790392838418 ], [ 476035.191066034603864, 5048709.362183785066009 ], [ 476046.350824788387399, 5048716.200892744585872 ], [ 476057.853199853503611, 5048722.446172845549881 ], [ 476069.666664019459859, 5048728.080906209535897 ], [ 476081.758837402041536, 5048733.089648422785103 ], [ 476094.096576194628142, 5048737.45867087226361 ], [ 476106.646063512773253, 5048741.175998371094465 ], [ 476119.372902083967347, 5048744.231441982090473 ], [ 476132.242208528332412, 5048746.61662694811821 ], [ 476145.21870897145709, 5048748.325015640817583 ], [ 476158.266835727670696, 5048749.351925487630069 ], [ 476171.350824788387399, 5048749.694541798904538 ], [ 476184.434813849104103, 5048749.351925487630069 ], [ 476197.482940605317708, 5048748.325015640817583 ], [ 476210.459441048442386, 5048746.61662694811821 ], [ 476223.328747492807452, 5048744.231441982090473 ], [ 476236.055586064001545, 5048741.175998371094465 ], [ 476248.605073382146657, 5048737.45867087226361 ], [ 476260.942812174733263, 5048733.089648422785103 ], [ 476273.03498555731494, 5048728.080906209535897 ], [ 476284.848449723271187, 5048722.446172845549881 ], [ 476296.350824788387399, 5048716.200892744585872 ], [ 476307.510583542170934, 5048709.362183785066009 ], [ 476318.297137861489318, 5048701.948790392838418 ], [ 476328.680922550847754, 5048693.981032162904739 ], [ 476338.633476378105115, 5048685.480748168192804 ], [ 476348.127520085021388, 5048676.471237096004188 ], [ 476357.137031157733873, 5048666.977193388156593 ], [ 476365.637315152620431, 5048657.024639561772346 ], [ 476373.605073382146657, 5048646.640854871831834 ], [ 476381.018466774723493, 5048635.854300552979112 ], [ 476387.857175734476186, 5048624.694541798904538 ], [ 476394.102455835498404, 5048613.192166733555496 ], [ 476399.737189199018758, 5048601.378702567890286 ], [ 476404.745931412675418, 5048589.286529185250401 ], [ 476409.114953862153925, 5048576.948790392838418 ], [ 476412.832281360635534, 5048564.399303074926138 ], [ 476415.887724971864372, 5048551.672464502975345 ], [ 476418.272909937193617, 5048538.803158058784902 ], [ 476419.981298630475067, 5048525.826657615602016 ], [ 476421.008208477054723, 5048512.778530859388411 ], [ 476421.350824788387399, 5048499.694541798904538 ] ] ] } },
{ "type": "Feature", "properties": { "site": 26, "transect": 26.2 }, "geometry": { "type": "Polygon", "coordinates": [ [ [ 476298.55990217521321, 5048383.457976358942688 ], [ 476298.217285863880534, 5048370.373987298458815 ], [ 476297.190376017300878, 5048357.325860542245209 ], [ 476295.481987324019428, 5048344.349360099062324 ], [ 476293.096802358690184, 5048331.480053654871881 ], [ 476290.041358747461345, 5048318.753215082921088 ], [ 476286.324031248979736, 5048306.203727765008807 ], [ 476281.955008799501229, 5048293.865988972596824 ], [ 476276.946266585844569, 5048281.773815589956939 ], [ 476271.311533222324215, 5048269.96035142429173 ], [ 476265.066253121301997, 5048258.457976358942688 ], [ 476258.227544161549304, 5048247.298217604868114 ], [ 476250.814150768972468, 5048236.511663286015391 ], [ 476242.846392539446242, 5048226.127878596074879 ], [ 476234.346108544559684, 5048216.175324769690633 ], [ 476225.336597471847199, 5048206.681281061843038 ], [ 476215.842553764930926, 5048197.671769989654422 ], [ 476205.889999937673565, 5048189.171485994942486 ], [ 476195.506215248315129, 5048181.203727765008807 ], [ 476184.719660928996745, 5048173.790334372781217 ], [ 476173.55990217521321, 5048166.951625413261354 ], [ 476162.057527110096999, 5048160.706345312297344 ], [ 476150.244062944140751, 5048155.071611948311329 ], [ 476138.151889561559074, 5048150.062869735062122 ], [ 476125.814150768972468, 5048145.693847285583615 ], [ 476113.264663450827356, 5048141.97651978675276 ], [ 476100.537824879633263, 5048138.921076175756752 ], [ 476087.668518435268197, 5048136.535891209729016 ], [ 476074.692017992143519, 5048134.827502517029643 ], [ 476061.643891235929914, 5048133.800592670217156 ], [ 476048.55990217521321, 5048133.457976358942688 ], [ 476035.475913114496507, 5048133.800592670217156 ], [ 476022.427786358282901, 5048134.827502517029643 ], [ 476009.451285915158223, 5048136.535891209729016 ], [ 475996.581979470793158, 5048138.921076175756752 ], [ 475983.855140899599064, 5048141.97651978675276 ], [ 475971.305653581453953, 5048145.693847285583615 ], [ 475958.967914788867347, 5048150.062869735062122 ], [ 475946.87574140628567, 5048155.071611948311329 ], [ 475935.062277240329422, 5048160.706345312297344 ], [ 475923.55990217521321, 5048166.951625413261354 ], [ 475912.400143421429675, 5048173.790334372781217 ], [ 475901.613589102111291, 5048181.203727765008807 ], [ 475891.229804412752856, 5048189.171485994942486 ], [ 475881.277250585495494, 5048197.671769989654422 ], [ 475871.783206878579222, 5048206.681281061843038 ], [ 475862.773695805866737, 5048216.175324769690633 ], [ 475854.273411810980178, 5048226.127878596074879 ], [ 475846.305653581453953, 5048236.511663286015391 ], [ 475838.892260188877117, 5048247.298217604868114 ], [ 475832.053551229124423, 5048258.457976358942688 ], [ 475825.808271128102206, 5048269.96035142429173 ], [ 475820.173537764581852, 5048281.773815589956939 ], [ 475815.164795550925191, 5048293.865988972596824 ], [ 475810.795773101446684, 5048306.203727765008807 ], [ 475807.078445602965076, 5048318.753215082921088 ], [ 475804.023001991736237, 5048331.480053654871881 ], [ 475801.637817026406992, 5048344.349360099062324 ], [ 475799.929428333125543, 5048357.325860542245209 ], [ 475798.902518486545887, 5048370.373987298458815 ], [ 475798.55990217521321, 5048383.457976358942688 ], [ 475798.902518486545887, 5048396.54196541942656 ], [ 475799.929428333125543, 5048409.590092175640166 ], [ 475801.637817026406992, 5048422.566592618823051 ], [ 475804.023001991736237, 5048435.435899063013494 ], [ 475807.078445602965076, 5048448.162737634964287 ], [ 475810.795773101446684, 5048460.712224952876568 ], [ 475815.164795550925191, 5048473.049963745288551 ], [ 475820.173537764581852, 5048485.142137127928436 ], [ 475825.808271128102206, 5048496.955601293593645 ], [ 475832.053551229124423, 5048508.457976358942688 ], [ 475838.892260188877117, 5048519.617735113017261 ], [ 475846.305653581453953, 5048530.404289431869984 ], [ 475854.273411810980178, 5048540.788074121810496 ], [ 475862.773695805866737, 5048550.740627948194742 ], [ 475871.783206878579222, 5048560.234671656042337 ], [ 475881.277250585495494, 5048569.244182728230953 ], [ 475891.229804412752856, 5048577.744466722942889 ], [ 475901.613589102111291, 5048585.712224952876568 ], [ 475912.400143421429675, 5048593.125618345104158 ], [ 475923.55990217521321, 5048599.964327304624021 ], [ 475935.062277240329422, 5048606.209607405588031 ], [ 475946.87574140628567, 5048611.844340769574046 ], [ 475958.967914788867347, 5048616.853082982823253 ], [ 475971.305653581453953, 5048621.22210543230176 ], [ 475983.855140899599064, 5048624.939432931132615 ], [ 475996.581979470793158, 5048627.994876542128623 ], [ 476009.451285915158223, 5048630.380061508156359 ], [ 476022.427786358282901, 5048632.088450200855732 ], [ 476035.475913114496507, 5048633.115360047668219 ], [ 476048.55990217521321, 5048633.457976358942688 ], [ 476061.643891235929914, 5048633.115360047668219 ], [ 476074.692017992143519, 5048632.088450200855732 ], [ 476087.668518435268197, 5048630.380061508156359 ], [ 476100.537824879633263, 5048627.994876542128623 ], [ 476113.264663450827356, 5048624.939432931132615 ], [ 476125.814150768972468, 5048621.22210543230176 ], [ 476138.151889561559074, 5048616.853082982823253 ], [ 476150.244062944140751, 5048611.844340769574046 ], [ 476162.057527110096999, 5048606.209607405588031 ], [ 476173.55990217521321, 5048599.964327304624021 ], [ 476184.719660928996745, 5048593.125618345104158 ], [ 476195.506215248315129, 5048585.712224952876568 ], [ 476205.889999937673565, 5048577.744466722942889 ], [ 476215.842553764930926, 5048569.244182728230953 ], [ 476225.336597471847199, 5048560.234671656042337 ], [ 476234.346108544559684, 5048550.740627948194742 ], [ 476242.846392539446242, 5048540.788074121810496 ], [ 476250.814150768972468, 5048530.404289431869984 ], [ 476258.227544161549304, 5048519.617735113017261 ], [ 476265.066253121301997, 5048508.457976358942688 ], [ 476271.311533222324215, 5048496.955601293593645 ], [ 476276.946266585844569, 5048485.142137127928436 ], [ 476281.955008799501229, 5048473.049963745288551 ], [ 476286.324031248979736, 5048460.712224952876568 ], [ 476290.041358747461345, 5048448.162737634964287 ], [ 476293.096802358690184, 5048435.435899063013494 ], [ 476295.481987324019428, 5048422.566592618823051 ], [ 476297.190376017300878, 5048409.590092175640166 ], [ 476298.217285863880534, 5048396.54196541942656 ], [ 476298.55990217521321, 5048383.457976358942688 ] ] ] } },
{ "type": "Feature", "properties": { "site": 26, "transect": 26.3 }, "geometry": { "type": "Polygon", "coordinates": [ [ [ 476274.758592368511017, 5048316.400045676156878 ], [ 476274.415976057178341, 5048303.316056615673006 ], [ 476273.389066210598685, 5048290.2679298594594 ], [ 476271.680677517317235, 5048277.291429416276515 ], [ 476269.295492551987991, 5048264.422122972086072 ], [ 476266.240048940759152, 5048251.695284400135279 ], [ 476262.522721442277543, 5048239.145797082222998 ], [ 476258.153698992799036, 5048226.808058289811015 ], [ 476253.144956779142376, 5048214.71588490717113 ], [ 476247.510223415622022, 5048202.902420741505921 ], [ 476241.264943314599805, 5048191.400045676156878 ], [ 476234.426234354847111, 5048180.240286922082305 ], [ 476227.012840962270275, 5048169.453732603229582 ], [ 476219.045082732744049, 5048159.06994791328907 ], [ 476210.544798737857491, 5048149.117394086904824 ], [ 476201.535287665145006, 5048139.623350379057229 ], [ 476192.041243958228733, 5048130.613839306868613 ], [ 476182.088690130971372, 5048122.113555312156677 ], [ 476171.704905441612937, 5048114.145797082222998 ], [ 476160.918351122294553, 5048106.732403689995408 ], [ 476149.758592368511017, 5048099.893694730475545 ], [ 476138.256217303394806, 5048093.648414629511535 ], [ 476126.442753137438558, 5048088.01368126552552 ], [ 476114.350579754856881, 5048083.004939052276313 ], [ 476102.012840962270275, 5048078.635916602797806 ], [ 476089.463353644125164, 5048074.918589103966951 ], [ 476076.73651507293107, 5048071.863145492970943 ], [ 476063.867208628566004, 5048069.477960526943207 ], [ 476050.890708185441326, 5048067.769571834243834 ], [ 476037.842581429227721, 5048066.742661987431347 ], [ 476024.758592368511017, 5048066.400045676156878 ], [ 476011.674603307794314, 5048066.742661987431347 ], [ 475998.626476551580708, 5048067.769571834243834 ], [ 475985.64997610845603, 5048069.477960526943207 ], [ 475972.780669664090965, 5048071.863145492970943 ], [ 475960.053831092896871, 5048074.918589103966951 ], [ 475947.50434377475176, 5048078.635916602797806 ], [ 475935.166604982165154, 5048083.004939052276313 ], [ 475923.074431599583477, 5048088.01368126552552 ], [ 475911.260967433627229, 5048093.648414629511535 ], [ 475899.758592368511017, 5048099.893694730475545 ], [ 475888.598833614727482, 5048106.732403689995408 ], [ 475877.812279295409098, 5048114.145797082222998 ], [ 475867.428494606050663, 5048122.113555312156677 ], [ 475857.475940778793301, 5048130.613839306868613 ], [ 475847.981897071877029, 5048139.623350379057229 ], [ 475838.972385999164544, 5048149.117394086904824 ], [ 475830.472102004277986, 5048159.06994791328907 ], [ 475822.50434377475176, 5048169.453732603229582 ], [ 475815.090950382174924, 5048180.240286922082305 ], [ 475808.25224142242223, 5048191.400045676156878 ], [ 475802.006961321400013, 5048202.902420741505921 ], [ 475796.372227957879659, 5048214.71588490717113 ], [ 475791.363485744222999, 5048226.808058289811015 ], [ 475786.994463294744492, 5048239.145797082222998 ], [ 475783.277135796262883, 5048251.695284400135279 ], [ 475780.221692185034044, 5048264.422122972086072 ], [ 475777.836507219704799, 5048277.291429416276515 ], [ 475776.12811852642335, 5048290.2679298594594 ], [ 475775.101208679843694, 5048303.316056615673006 ], [ 475774.758592368511017, 5048316.400045676156878 ], [ 475775.101208679843694, 5048329.484034736640751 ], [ 475776.12811852642335, 5048342.532161492854357 ], [ 475777.836507219704799, 5048355.508661936037242 ], [ 475780.221692185034044, 5048368.377968380227685 ], [ 475783.277135796262883, 5048381.104806952178478 ], [ 475786.994463294744492, 5048393.654294270090759 ], [ 475791.363485744222999, 5048405.992033062502742 ], [ 475796.372227957879659, 5048418.084206445142627 ], [ 475802.006961321400013, 5048429.897670610807836 ], [ 475808.25224142242223, 5048441.400045676156878 ], [ 475815.090950382174924, 5048452.559804430231452 ], [ 475822.50434377475176, 5048463.346358749084175 ], [ 475830.472102004277986, 5048473.730143439024687 ], [ 475838.972385999164544, 5048483.682697265408933 ], [ 475847.981897071877029, 5048493.176740973256528 ], [ 475857.475940778793301, 5048502.186252045445144 ], [ 475867.428494606050663, 5048510.68653604015708 ], [ 475877.812279295409098, 5048518.654294270090759 ], [ 475888.598833614727482, 5048526.067687662318349 ], [ 475899.758592368511017, 5048532.906396621838212 ], [ 475911.260967433627229, 5048539.151676722802222 ], [ 475923.074431599583477, 5048544.786410086788237 ], [ 475935.166604982165154, 5048549.795152300037444 ], [ 475947.50434377475176, 5048554.164174749515951 ], [ 475960.053831092896871, 5048557.881502248346806 ], [ 475972.780669664090965, 5048560.936945859342813 ], [ 475985.64997610845603, 5048563.32213082537055 ], [ 475998.626476551580708, 5048565.030519518069923 ], [ 476011.674603307794314, 5048566.05742936488241 ], [ 476024.758592368511017, 5048566.400045676156878 ], [ 476037.842581429227721, 5048566.05742936488241 ], [ 476050.890708185441326, 5048565.030519518069923 ], [ 476063.867208628566004, 5048563.32213082537055 ], [ 476076.73651507293107, 5048560.936945859342813 ], [ 476089.463353644125164, 5048557.881502248346806 ], [ 476102.012840962270275, 5048554.164174749515951 ], [ 476114.350579754856881, 5048549.795152300037444 ], [ 476126.442753137438558, 5048544.786410086788237 ], [ 476138.256217303394806, 5048539.151676722802222 ], [ 476149.758592368511017, 5048532.906396621838212 ], [ 476160.918351122294553, 5048526.067687662318349 ], [ 476171.704905441612937, 5048518.654294270090759 ], [ 476182.088690130971372, 5048510.68653604015708 ], [ 476192.041243958228733, 5048502.186252045445144 ], [ 476201.535287665145006, 5048493.176740973256528 ], [ 476210.544798737857491, 5048483.682697265408933 ], [ 476219.045082732744049, 5048473.730143439024687 ], [ 476227.012840962270275, 5048463.346358749084175 ], [ 476234.426234354847111, 5048452.559804430231452 ], [ 476241.264943314599805, 5048441.400045676156878 ], [ 476247.510223415622022, 5048429.897670610807836 ], [ 476253.144956779142376, 5048418.084206445142627 ], [ 476258.153698992799036, 5048405.992033062502742 ], [ 476262.522721442277543, 5048393.654294270090759 ], [ 476266.240048940759152, 5048381.104806952178478 ], [ 476269.295492551987991, 5048368.377968380227685 ], [ 476271.680677517317235, 5048355.508661936037242 ], [ 476273.389066210598685, 5048342.532161492854357 ], [ 476274.415976057178341, 5048329.484034736640751 ], [ 476274.758592368511017, 5048316.400045676156878 ] ] ] } },
{ "type": "Feature", "properties": { "site": 26, "transect": 26.4 }, "geometry": { "type": "Polygon", "coordinates": [ [ [ 476336.670041642326396, 5048141.562185348942876 ], [ 476336.327425330993719, 5048128.478196288459003 ], [ 476335.300515484414063, 5048115.430069532245398 ], [ 476333.592126791132614, 5048102.453569089062512 ], [ 476331.206941825803369, 5048089.584262644872069 ], [ 476328.151498214574531, 5048076.857424072921276 ], [ 476324.434170716092922, 5048064.307936755008996 ], [ 476320.065148266614415, 5048051.970197962597013 ], [ 476315.056406052957755, 5048039.878024579957128 ], [ 476309.421672689437401, 5048028.064560414291918 ], [ 476303.176392588415183, 5048016.562185348942876 ], [ 476296.337683628662489, 5048005.402426594868302 ], [ 476288.924290236085653, 5047994.61587227601558 ], [ 476280.956532006559428, 5047984.232087586075068 ], [ 476272.456248011672869, 5047974.279533759690821 ], [ 476263.446736938960385, 5047964.785490051843226 ], [ 476253.952693232044112, 5047955.77597897965461 ], [ 476244.000139404786751, 5047947.275694984942675 ], [ 476233.616354715428315, 5047939.307936755008996 ], [ 476222.829800396109931, 5047931.894543362781405 ], [ 476211.670041642326396, 5047925.055834403261542 ], [ 476200.167666577210184, 5047918.810554302297533 ], [ 476188.354202411253937, 5047913.175820938311517 ], [ 476176.262029028672259, 5047908.167078725062311 ], [ 476163.924290236085653, 5047903.798056275583804 ], [ 476151.374802917940542, 5047900.080728776752949 ], [ 476138.647964346746448, 5047897.025285165756941 ], [ 476125.778657902381383, 5047894.640100199729204 ], [ 476112.802157459256705, 5047892.931711507029831 ], [ 476099.754030703043099, 5047891.904801660217345 ], [ 476086.670041642326396, 5047891.562185348942876 ], [ 476073.586052581609692, 5047891.904801660217345 ], [ 476060.537925825396087, 5047892.931711507029831 ], [ 476047.561425382271409, 5047894.640100199729204 ], [ 476034.692118937906343, 5047897.025285165756941 ], [ 476021.96528036671225, 5047900.080728776752949 ], [ 476009.415793048567139, 5047903.798056275583804 ], [ 475997.078054255980533, 5047908.167078725062311 ], [ 475984.985880873398855, 5047913.175820938311517 ], [ 475973.172416707442608, 5047918.810554302297533 ], [ 475961.670041642326396, 5047925.055834403261542 ], [ 475950.510282888542861, 5047931.894543362781405 ], [ 475939.723728569224477, 5047939.307936755008996 ], [ 475929.339943879866041, 5047947.275694984942675 ], [ 475919.38739005260868, 5047955.77597897965461 ], [ 475909.893346345692407, 5047964.785490051843226 ], [ 475900.883835272979923, 5047974.279533759690821 ], [ 475892.383551278093364, 5047984.232087586075068 ], [ 475884.415793048567139, 5047994.61587227601558 ], [ 475877.002399655990303, 5048005.402426594868302 ], [ 475870.163690696237609, 5048016.562185348942876 ], [ 475863.918410595215391, 5048028.064560414291918 ], [ 475858.283677231695037, 5048039.878024579957128 ], [ 475853.274935018038377, 5048051.970197962597013 ], [ 475848.90591256855987, 5048064.307936755008996 ], [ 475845.188585070078261, 5048076.857424072921276 ], [ 475842.133141458849423, 5048089.584262644872069 ], [ 475839.747956493520178, 5048102.453569089062512 ], [ 475838.039567800238729, 5048115.430069532245398 ], [ 475837.012657953659073, 5048128.478196288459003 ], [ 475836.670041642326396, 5048141.562185348942876 ], [ 475837.012657953659073, 5048154.646174409426749 ], [ 475838.039567800238729, 5048167.694301165640354 ], [ 475839.747956493520178, 5048180.67080160882324 ], [ 475842.133141458849423, 5048193.540108053013682 ], [ 475845.188585070078261, 5048206.266946624964476 ], [ 475848.90591256855987, 5048218.816433942876756 ], [ 475853.274935018038377, 5048231.154172735288739 ], [ 475858.283677231695037, 5048243.246346117928624 ], [ 475863.918410595215391, 5048255.059810283593833 ], [ 475870.163690696237609, 5048266.562185348942876 ], [ 475877.002399655990303, 5048277.721944103017449 ], [ 475884.415793048567139, 5048288.508498421870172 ], [ 475892.383551278093364, 5048298.892283111810684 ], [ 475900.883835272979923, 5048308.844836938194931 ], [ 475909.893346345692407, 5048318.338880646042526 ], [ 475919.38739005260868, 5048327.348391718231142 ], [ 475929.339943879866041, 5048335.848675712943077 ], [ 475939.723728569224477, 5048343.816433942876756 ], [ 475950.510282888542861, 5048351.229827335104346 ], [ 475961.670041642326396, 5048358.068536294624209 ], [ 475973.172416707442608, 5048364.313816395588219 ], [ 475984.985880873398855, 5048369.948549759574234 ], [ 475997.078054255980533, 5048374.957291972823441 ], [ 476009.415793048567139, 5048379.326314422301948 ], [ 476021.96528036671225, 5048383.043641921132803 ], [ 476034.692118937906343, 5048386.099085532128811 ], [ 476047.561425382271409, 5048388.484270498156548 ], [ 476060.537925825396087, 5048390.19265919085592 ], [ 476073.586052581609692, 5048391.219569037668407 ], [ 476086.670041642326396, 5048391.562185348942876 ], [ 476099.754030703043099, 5048391.219569037668407 ], [ 476112.802157459256705, 5048390.19265919085592 ], [ 476125.778657902381383, 5048388.484270498156548 ], [ 476138.647964346746448, 5048386.099085532128811 ], [ 476151.374802917940542, 5048383.043641921132803 ], [ 476163.924290236085653, 5048379.326314422301948 ], [ 476176.262029028672259, 5048374.957291972823441 ], [ 476188.354202411253937, 5048369.948549759574234 ], [ 476200.167666577210184, 5048364.313816395588219 ], [ 476211.670041642326396, 5048358.068536294624209 ], [ 476222.829800396109931, 5048351.229827335104346 ], [ 476233.616354715428315, 5048343.816433942876756 ], [ 476244.000139404786751, 5048335.848675712943077 ], [ 476253.952693232044112, 5048327.348391718231142 ], [ 476263.446736938960385, 5048318.338880646042526 ], [ 476272.456248011672869, 5048308.844836938194931 ], [ 476280.956532006559428, 5048298.892283111810684 ], [ 476288.924290236085653, 5048288.508498421870172 ], [ 476296.337683628662489, 5048277.721944103017449 ], [ 476303.176392588415183, 5048266.562185348942876 ], [ 476309.421672689437401, 5048255.059810283593833 ], [ 476315.056406052957755, 5048243.246346117928624 ], [ 476320.065148266614415, 5048231.154172735288739 ], [ 476324.434170716092922, 5048218.816433942876756 ], [ 476328.151498214574531, 5048206.266946624964476 ], [ 476331.206941825803369, 5048193.540108053013682 ], [ 476333.592126791132614, 5048180.67080160882324 ], [ 476335.300515484414063, 5048167.694301165640354 ], [ 476336.327425330993719, 5048154.646174409426749 ], [ 476336.670041642326396, 5048141.562185348942876 ] ] ] } },
{ "type": "Feature", "properties": { "site": 26, "transect": 26.5 }, "geometry": { "type": "Polygon", "coordinates": [ [ [ 476311.23948440735694, 5048150.16749519482255 ], [ 476310.896868096024264, 5048137.083506134338677 ], [ 476309.869958249444608, 5048124.035379378125072 ], [ 476308.161569556163158, 5048111.058878934942186 ], [ 476305.776384590833914, 5048098.189572490751743 ], [ 476302.720940979605075, 5048085.46273391880095 ], [ 476299.003613481123466, 5048072.913246600888669 ], [ 476294.634591031644959, 5048060.575507808476686 ], [ 476289.625848817988299, 5048048.483334425836802 ], [ 476283.991115454467945, 5048036.669870260171592 ], [ 476277.745835353445727, 5048025.16749519482255 ], [ 476270.907126393693034, 5048014.007736440747976 ], [ 476263.493733001116198, 5048003.221182121895254 ], [ 476255.525974771589972, 5047992.837397431954741 ], [ 476247.025690776703414, 5047982.884843605570495 ], [ 476238.016179703990929, 5047973.3907998977229 ], [ 476228.522135997074656, 5047964.381288825534284 ], [ 476218.569582169817295, 5047955.881004830822349 ], [ 476208.185797480458859, 5047947.913246600888669 ], [ 476197.399243161140475, 5047940.499853208661079 ], [ 476186.23948440735694, 5047933.661144249141216 ], [ 476174.737109342240728, 5047927.415864148177207 ], [ 476162.923645176284481, 5047921.781130784191191 ], [ 476150.831471793702804, 5047916.772388570941985 ], [ 476138.493733001116198, 5047912.403366121463478 ], [ 476125.944245682971086, 5047908.686038622632623 ], [ 476113.217407111776993, 5047905.630595011636615 ], [ 476100.348100667411927, 5047903.245410045608878 ], [ 476087.371600224287249, 5047901.537021352909505 ], [ 476074.323473468073644, 5047900.510111506097019 ], [ 476061.23948440735694, 5047900.16749519482255 ], [ 476048.155495346640237, 5047900.510111506097019 ], [ 476035.107368590426631, 5047901.537021352909505 ], [ 476022.130868147301953, 5047903.245410045608878 ], [ 476009.261561702936888, 5047905.630595011636615 ], [ 475996.534723131742794, 5047908.686038622632623 ], [ 475983.985235813597683, 5047912.403366121463478 ], [ 475971.647497021011077, 5047916.772388570941985 ], [ 475959.5553236384294, 5047921.781130784191191 ], [ 475947.741859472473152, 5047927.415864148177207 ], [ 475936.23948440735694, 5047933.661144249141216 ], [ 475925.079725653573405, 5047940.499853208661079 ], [ 475914.293171334255021, 5047947.913246600888669 ], [ 475903.909386644896585, 5047955.881004830822349 ], [ 475893.956832817639224, 5047964.381288825534284 ], [ 475884.462789110722952, 5047973.3907998977229 ], [ 475875.453278038010467, 5047982.884843605570495 ], [ 475866.952994043123908, 5047992.837397431954741 ], [ 475858.985235813597683, 5048003.221182121895254 ], [ 475851.571842421020847, 5048014.007736440747976 ], [ 475844.733133461268153, 5048025.16749519482255 ], [ 475838.487853360245936, 5048036.669870260171592 ], [ 475832.853119996725582, 5048048.483334425836802 ], [ 475827.844377783068921, 5048060.575507808476686 ], [ 475823.475355333590414, 5048072.913246600888669 ], [ 475819.758027835108805, 5048085.46273391880095 ], [ 475816.702584223879967, 5048098.189572490751743 ], [ 475814.317399258550722, 5048111.058878934942186 ], [ 475812.609010565269273, 5048124.035379378125072 ], [ 475811.582100718689617, 5048137.083506134338677 ], [ 475811.23948440735694, 5048150.16749519482255 ], [ 475811.582100718689617, 5048163.251484255306423 ], [ 475812.609010565269273, 5048176.299611011520028 ], [ 475814.317399258550722, 5048189.276111454702914 ], [ 475816.702584223879967, 5048202.145417898893356 ], [ 475819.758027835108805, 5048214.87225647084415 ], [ 475823.475355333590414, 5048227.42174378875643 ], [ 475827.844377783068921, 5048239.759482581168413 ], [ 475832.853119996725582, 5048251.851655963808298 ], [ 475838.487853360245936, 5048263.665120129473507 ], [ 475844.733133461268153, 5048275.16749519482255 ], [ 475851.571842421020847, 5048286.327253948897123 ], [ 475858.985235813597683, 5048297.113808267749846 ], [ 475866.952994043123908, 5048307.497592957690358 ], [ 475875.453278038010467, 5048317.450146784074605 ], [ 475884.462789110722952, 5048326.9441904919222 ], [ 475893.956832817639224, 5048335.953701564110816 ], [ 475903.909386644896585, 5048344.453985558822751 ], [ 475914.293171334255021, 5048352.42174378875643 ], [ 475925.079725653573405, 5048359.83513718098402 ], [ 475936.23948440735694, 5048366.673846140503883 ], [ 475947.741859472473152, 5048372.919126241467893 ], [ 475959.5553236384294, 5048378.553859605453908 ], [ 475971.647497021011077, 5048383.562601818703115 ], [ 475983.985235813597683, 5048387.931624268181622 ], [ 475996.534723131742794, 5048391.648951767012477 ], [ 476009.261561702936888, 5048394.704395378008485 ], [ 476022.130868147301953, 5048397.089580344036222 ], [ 476035.107368590426631, 5048398.797969036735594 ], [ 476048.155495346640237, 5048399.824878883548081 ], [ 476061.23948440735694, 5048400.16749519482255 ], [ 476074.323473468073644, 5048399.824878883548081 ], [ 476087.371600224287249, 5048398.797969036735594 ], [ 476100.348100667411927, 5048397.089580344036222 ], [ 476113.217407111776993, 5048394.704395378008485 ], [ 476125.944245682971086, 5048391.648951767012477 ], [ 476138.493733001116198, 5048387.931624268181622 ], [ 476150.831471793702804, 5048383.562601818703115 ], [ 476162.923645176284481, 5048378.553859605453908 ], [ 476174.737109342240728, 5048372.919126241467893 ], [ 476186.23948440735694, 5048366.673846140503883 ], [ 476197.399243161140475, 5048359.83513718098402 ], [ 476208.185797480458859, 5048352.42174378875643 ], [ 476218.569582169817295, 5048344.453985558822751 ], [ 476228.522135997074656, 5048335.953701564110816 ], [ 476238.016179703990929, 5048326.9441904919222 ], [ 476247.025690776703414, 5048317.450146784074605 ], [ 476255.525974771589972, 5048307.497592957690358 ], [ 476263.493733001116198, 5048297.113808267749846 ], [ 476270.907126393693034, 5048286.327253948897123 ], [ 476277.745835353445727, 5048275.16749519482255 ], [ 476283.991115454467945, 5048263.665120129473507 ], [ 476289.625848817988299, 5048251.851655963808298 ], [ 476294.634591031644959, 5048239.759482581168413 ], [ 476299.003613481123466, 5048227.42174378875643 ], [ 476302.720940979605075, 5048214.87225647084415 ], [ 476305.776384590833914, 5048202.145417898893356 ], [ 476308.161569556163158, 5048189.276111454702914 ], [ 476309.869958249444608, 5048176.299611011520028 ], [ 476310.896868096024264, 5048163.251484255306423 ], [ 476311.23948440735694, 5048150.16749519482255 ] ] ] } },
{ "type": "Feature", "properties": { "site": 26, "transect": 26.6 }, "geometry": { "type": "Polygon", "coordinates": [ [ [ 476332.417405921034515, 5048098.804797396995127 ], [ 476332.074789609701838, 5048085.720808336511254 ], [ 476331.047879763122182, 5048072.672681580297649 ], [ 476329.339491069840733, 5048059.696181137114763 ], [ 476326.954306104511488, 5048046.826874692924321 ], [ 476323.89886249328265, 5048034.100036120973527 ], [ 476320.181534994801041, 5048021.550548803061247 ], [ 476315.812512545322534, 5048009.212810010649264 ], [ 476310.803770331665874, 5047997.120636628009379 ], [ 476305.169036968145519, 5047985.30717246234417 ], [ 476298.923756867123302, 5047973.804797396995127 ], [ 476292.085047907370608, 5047962.645038642920554 ], [ 476284.671654514793772, 5047951.858484324067831 ], [ 476276.703896285267547, 5047941.474699634127319 ], [ 476268.203612290380988, 5047931.522145807743073 ], [ 476259.194101217668504, 5047922.028102099895477 ], [ 476249.700057510752231, 5047913.018591027706861 ], [ 476239.74750368349487, 5047904.518307032994926 ], [ 476229.363718994136434, 5047896.550548803061247 ], [ 476218.57716467481805, 5047889.137155410833657 ], [ 476207.417405921034515, 5047882.298446451313794 ], [ 476195.915030855918303, 5047876.053166350349784 ], [ 476184.101566689962056, 5047870.418432986363769 ], [ 476172.009393307380378, 5047865.409690773114562 ], [ 476159.671654514793772, 5047861.040668323636055 ], [ 476147.122167196648661, 5047857.3233408248052 ], [ 476134.395328625454567, 5047854.267897213809192 ], [ 476121.526022181089502, 5047851.882712247781456 ], [ 476108.549521737964824, 5047850.174323555082083 ], [ 476095.501394981751218, 5047849.147413708269596 ], [ 476082.417405921034515, 5047848.804797396995127 ], [ 476069.333416860317811, 5047849.147413708269596 ], [ 476056.285290104104206, 5047850.174323555082083 ], [ 476043.308789660979528, 5047851.882712247781456 ], [ 476030.439483216614462, 5047854.267897213809192 ], [ 476017.712644645420369, 5047857.3233408248052 ], [ 476005.163157327275258, 5047861.040668323636055 ], [ 475992.825418534688652, 5047865.409690773114562 ], [ 475980.733245152106974, 5047870.418432986363769 ], [ 475968.919780986150727, 5047876.053166350349784 ], [ 475957.417405921034515, 5047882.298446451313794 ], [ 475946.25764716725098, 5047889.137155410833657 ], [ 475935.471092847932596, 5047896.550548803061247 ], [ 475925.08730815857416, 5047904.518307032994926 ], [ 475915.134754331316799, 5047913.018591027706861 ], [ 475905.640710624400526, 5047922.028102099895477 ], [ 475896.631199551688042, 5047931.522145807743073 ], [ 475888.130915556801483, 5047941.474699634127319 ], [ 475880.163157327275258, 5047951.858484324067831 ], [ 475872.749763934698422, 5047962.645038642920554 ], [ 475865.911054974945728, 5047973.804797396995127 ], [ 475859.66577487392351, 5047985.30717246234417 ], [ 475854.031041510403156, 5047997.120636628009379 ], [ 475849.022299296746496, 5048009.212810010649264 ], [ 475844.653276847267989, 5048021.550548803061247 ], [ 475840.93594934878638, 5048034.100036120973527 ], [ 475837.880505737557542, 5048046.826874692924321 ], [ 475835.495320772228297, 5048059.696181137114763 ], [ 475833.786932078946847, 5048072.672681580297649 ], [ 475832.760022232367191, 5048085.720808336511254 ], [ 475832.417405921034515, 5048098.804797396995127 ], [ 475832.760022232367191, 5048111.888786457479 ], [ 475833.786932078946847, 5048124.936913213692605 ], [ 475835.495320772228297, 5048137.913413656875491 ], [ 475837.880505737557542, 5048150.782720101065934 ], [ 475840.93594934878638, 5048163.509558673016727 ], [ 475844.653276847267989, 5048176.059045990929008 ], [ 475849.022299296746496, 5048188.396784783340991 ], [ 475854.031041510403156, 5048200.488958165980875 ], [ 475859.66577487392351, 5048212.302422331646085 ], [ 475865.911054974945728, 5048223.804797396995127 ], [ 475872.749763934698422, 5048234.964556151069701 ], [ 475880.163157327275258, 5048245.751110469922423 ], [ 475888.130915556801483, 5048256.134895159862936 ], [ 475896.631199551688042, 5048266.087448986247182 ], [ 475905.640710624400526, 5048275.581492694094777 ], [ 475915.134754331316799, 5048284.591003766283393 ], [ 475925.08730815857416, 5048293.091287760995328 ], [ 475935.471092847932596, 5048301.059045990929008 ], [ 475946.25764716725098, 5048308.472439383156598 ], [ 475957.417405921034515, 5048315.311148342676461 ], [ 475968.919780986150727, 5048321.556428443640471 ], [ 475980.733245152106974, 5048327.191161807626486 ], [ 475992.825418534688652, 5048332.199904020875692 ], [ 476005.163157327275258, 5048336.568926470354199 ], [ 476017.712644645420369, 5048340.286253969185054 ], [ 476030.439483216614462, 5048343.341697580181062 ], [ 476043.308789660979528, 5048345.726882546208799 ], [ 476056.285290104104206, 5048347.435271238908172 ], [ 476069.333416860317811, 5048348.462181085720658 ], [ 476082.417405921034515, 5048348.804797396995127 ], [ 476095.501394981751218, 5048348.462181085720658 ], [ 476108.549521737964824, 5048347.435271238908172 ], [ 476121.526022181089502, 5048345.726882546208799 ], [ 476134.395328625454567, 5048343.341697580181062 ], [ 476147.122167196648661, 5048340.286253969185054 ], [ 476159.671654514793772, 5048336.568926470354199 ], [ 476172.009393307380378, 5048332.199904020875692 ], [ 476184.101566689962056, 5048327.191161807626486 ], [ 476195.915030855918303, 5048321.556428443640471 ], [ 476207.417405921034515, 5048315.311148342676461 ], [ 476218.57716467481805, 5048308.472439383156598 ], [ 476229.363718994136434, 5048301.059045990929008 ], [ 476239.74750368349487, 5048293.091287760995328 ], [ 476249.700057510752231, 5048284.591003766283393 ], [ 476259.194101217668504, 5048275.581492694094777 ], [ 476268.203612290380988, 5048266.087448986247182 ], [ 476276.703896285267547, 5048256.134895159862936 ], [ 476284.671654514793772, 5048245.751110469922423 ], [ 476292.085047907370608, 5048234.964556151069701 ], [ 476298.923756867123302, 5048223.804797396995127 ], [ 476305.169036968145519, 5048212.302422331646085 ], [ 476310.803770331665874, 5048200.488958165980875 ], [ 476315.812512545322534, 5048188.396784783340991 ], [ 476320.181534994801041, 5048176.059045990929008 ], [ 476323.89886249328265, 5048163.509558673016727 ], [ 476326.954306104511488, 5048150.782720101065934 ], [ 476329.339491069840733, 5048137.913413656875491 ], [ 476331.047879763122182, 5048124.936913213692605 ], [ 476332.074789609701838, 5048111.888786457479 ], [ 476332.417405921034515, 5048098.804797396995127 ] ] ] } },
{ "type": "Feature", "properties": { "site": 27, "transect": 27.1 }, "geometry": { "type": "Polygon", "coordinates": [ [ [ 384771.066028204164468, 5042836.950853999704123 ], [ 384770.723411892831791, 5042823.86686493922025 ], [ 384769.696502046252135, 5042810.818738183006644 ], [ 384767.988113352970686, 5042797.842237739823759 ], [ 384765.602928387641441, 5042784.972931295633316 ], [ 384762.547484776412603, 5042772.246092723682523 ], [ 384758.830157277930994, 5042759.696605405770242 ], [ 384754.461134828452487, 5042747.358866613358259 ], [ 384749.452392614795826, 5042735.266693230718374 ], [ 384743.817659251275472, 5042723.453229065053165 ], [ 384737.572379150253255, 5042711.950853999704123 ], [ 384730.733670190500561, 5042700.791095245629549 ], [ 384723.320276797923725, 5042690.004540926776826 ], [ 384715.3525185683975, 5042679.620756236836314 ], [ 384706.852234573510941, 5042669.668202410452068 ], [ 384697.842723500798456, 5042660.174158702604473 ], [ 384688.348679793882184, 5042651.164647630415857 ], [ 384678.396125966624822, 5042642.664363635703921 ], [ 384668.012341277266387, 5042634.696605405770242 ], [ 384657.225786957948003, 5042627.283212013542652 ], [ 384646.066028204164468, 5042620.444503054022789 ], [ 384634.563653139048256, 5042614.199222953058779 ], [ 384622.750188973092008, 5042608.564489589072764 ], [ 384610.658015590510331, 5042603.555747375823557 ], [ 384598.320276797923725, 5042599.18672492634505 ], [ 384585.770789479778614, 5042595.469397427514195 ], [ 384573.04395090858452, 5042592.413953816518188 ], [ 384560.174644464219455, 5042590.028768850490451 ], [ 384547.198144021094777, 5042588.320380157791078 ], [ 384534.150017264881171, 5042587.293470310978591 ], [ 384521.066028204164468, 5042586.950853999704123 ], [ 384507.982039143447764, 5042587.293470310978591 ], [ 384494.933912387234159, 5042588.320380157791078 ], [ 384481.957411944109481, 5042590.028768850490451 ], [ 384469.088105499744415, 5042592.413953816518188 ], [ 384456.361266928550322, 5042595.469397427514195 ], [ 384443.81177961040521, 5042599.18672492634505 ], [ 384431.474040817818604, 5042603.555747375823557 ], [ 384419.381867435236927, 5042608.564489589072764 ], [ 384407.56840326928068, 5042614.199222953058779 ], [ 384396.066028204164468, 5042620.444503054022789 ], [ 384384.906269450380933, 5042627.283212013542652 ], [ 384374.119715131062549, 5042634.696605405770242 ], [ 384363.735930441704113, 5042642.664363635703921 ], [ 384353.783376614446752, 5042651.164647630415857 ], [ 384344.289332907530479, 5042660.174158702604473 ], [ 384335.279821834817994, 5042669.668202410452068 ], [ 384326.779537839931436, 5042679.620756236836314 ], [ 384318.81177961040521, 5042690.004540926776826 ], [ 384311.398386217828374, 5042700.791095245629549 ], [ 384304.559677258075681, 5042711.950853999704123 ], [ 384298.314397157053463, 5042723.453229065053165 ], [ 384292.679663793533109, 5042735.266693230718374 ], [ 384287.670921579876449, 5042747.358866613358259 ], [ 384283.301899130397942, 5042759.696605405770242 ], [ 384279.584571631916333, 5042772.246092723682523 ], [ 384276.529128020687494, 5042784.972931295633316 ], [ 384274.14394305535825, 5042797.842237739823759 ], [ 384272.4355543620768, 5042810.818738183006644 ], [ 384271.408644515497144, 5042823.86686493922025 ], [ 384271.066028204164468, 5042836.950853999704123 ], [ 384271.408644515497144, 5042850.034843060187995 ], [ 384272.4355543620768, 5042863.082969816401601 ], [ 384274.14394305535825, 5042876.059470259584486 ], [ 384276.529128020687494, 5042888.928776703774929 ], [ 384279.584571631916333, 5042901.655615275725722 ], [ 384283.301899130397942, 5042914.205102593638003 ], [ 384287.670921579876449, 5042926.542841386049986 ], [ 384292.679663793533109, 5042938.635014768689871 ], [ 384298.314397157053463, 5042950.44847893435508 ], [ 384304.559677258075681, 5042961.950853999704123 ], [ 384311.398386217828374, 5042973.110612753778696 ], [ 384318.81177961040521, 5042983.897167072631419 ], [ 384326.779537839931436, 5042994.280951762571931 ], [ 384335.279821834817994, 5043004.233505588956177 ], [ 384344.289332907530479, 5043013.727549296803772 ], [ 384353.783376614446752, 5043022.737060368992388 ], [ 384363.735930441704113, 5043031.237344363704324 ], [ 384374.119715131062549, 5043039.205102593638003 ], [ 384384.906269450380933, 5043046.618495985865593 ], [ 384396.066028204164468, 5043053.457204945385456 ], [ 384407.56840326928068, 5043059.702485046349466 ], [ 384419.381867435236927, 5043065.337218410335481 ], [ 384431.474040817818604, 5043070.345960623584688 ], [ 384443.81177961040521, 5043074.714983073063195 ], [ 384456.361266928550322, 5043078.43231057189405 ], [ 384469.088105499744415, 5043081.487754182890058 ], [ 384481.957411944109481, 5043083.872939148917794 ], [ 384494.933912387234159, 5043085.581327841617167 ], [ 384507.982039143447764, 5043086.608237688429654 ], [ 384521.066028204164468, 5043086.950853999704123 ], [ 384534.150017264881171, 5043086.608237688429654 ], [ 384547.198144021094777, 5043085.581327841617167 ], [ 384560.174644464219455, 5043083.872939148917794 ], [ 384573.04395090858452, 5043081.487754182890058 ], [ 384585.770789479778614, 5043078.43231057189405 ], [ 384598.320276797923725, 5043074.714983073063195 ], [ 384610.658015590510331, 5043070.345960623584688 ], [ 384622.750188973092008, 5043065.337218410335481 ], [ 384634.563653139048256, 5043059.702485046349466 ], [ 384646.066028204164468, 5043053.457204945385456 ], [ 384657.225786957948003, 5043046.618495985865593 ], [ 384668.012341277266387, 5043039.205102593638003 ], [ 384678.396125966624822, 5043031.237344363704324 ], [ 384688.348679793882184, 5043022.737060368992388 ], [ 384697.842723500798456, 5043013.727549296803772 ], [ 384706.852234573510941, 5043004.233505588956177 ], [ 384715.3525185683975, 5042994.280951762571931 ], [ 384723.320276797923725, 5042983.897167072631419 ], [ 384730.733670190500561, 5042973.110612753778696 ], [ 384737.572379150253255, 5042961.950853999704123 ], [ 384743.817659251275472, 5042950.44847893435508 ], [ 384749.452392614795826, 5042938.635014768689871 ], [ 384754.461134828452487, 5042926.542841386049986 ], [ 384758.830157277930994, 5042914.205102593638003 ], [ 384762.547484776412603, 5042901.655615275725722 ], [ 384765.602928387641441, 5042888.928776703774929 ], [ 384767.988113352970686, 5042876.059470259584486 ], [ 384769.696502046252135, 5042863.082969816401601 ], [ 384770.723411892831791, 5042850.034843060187995 ], [ 384771.066028204164468, 5042836.950853999704123 ] ] ] } },
{ "type": "Feature", "properties": { "site": 27, "transect": 27.2 }, "geometry": { "type": "Polygon", "coordinates": [ [ [ 384799.048004353884608, 5042889.149935405701399 ], [ 384798.705388042551931, 5042876.065946345217526 ], [ 384797.678478195972275, 5042863.017819589003921 ], [ 384795.970089502690826, 5042850.041319145821035 ], [ 384793.584904537361581, 5042837.172012701630592 ], [ 384790.529460926132742, 5042824.445174129679799 ], [ 384786.812133427651133, 5042811.895686811767519 ], [ 384782.443110978172626, 5042799.557948019355536 ], [ 384777.434368764515966, 5042787.465774636715651 ], [ 384771.799635400995612, 5042775.652310471050441 ], [ 384765.554355299973395, 5042764.149935405701399 ], [ 384758.715646340220701, 5042752.990176651626825 ], [ 384751.302252947643865, 5042742.203622332774103 ], [ 384743.334494718117639, 5042731.819837642833591 ], [ 384734.834210723231081, 5042721.867283816449344 ], [ 384725.824699650518596, 5042712.373240108601749 ], [ 384716.330655943602324, 5042703.363729036413133 ], [ 384706.378102116344962, 5042694.863445041701198 ], [ 384695.994317426986527, 5042686.895686811767519 ], [ 384685.207763107668143, 5042679.482293419539928 ], [ 384674.048004353884608, 5042672.643584460020065 ], [ 384662.545629288768396, 5042666.398304359056056 ], [ 384650.732165122812148, 5042660.76357099507004 ], [ 384638.639991740230471, 5042655.754828781820834 ], [ 384626.302252947643865, 5042651.385806332342327 ], [ 384613.752765629498754, 5042647.668478833511472 ], [ 384601.02592705830466, 5042644.613035222515464 ], [ 384588.156620613939594, 5042642.227850256487727 ], [ 384575.180120170814916, 5042640.519461563788354 ], [ 384562.131993414601311, 5042639.492551716975868 ], [ 384549.048004353884608, 5042639.149935405701399 ], [ 384535.964015293167904, 5042639.492551716975868 ], [ 384522.915888536954299, 5042640.519461563788354 ], [ 384509.939388093829621, 5042642.227850256487727 ], [ 384497.070081649464555, 5042644.613035222515464 ], [ 384484.343243078270461, 5042647.668478833511472 ], [ 384471.79375576012535, 5042651.385806332342327 ], [ 384459.456016967538744, 5042655.754828781820834 ], [ 384447.363843584957067, 5042660.76357099507004 ], [ 384435.550379419000819, 5042666.398304359056056 ], [ 384424.048004353884608, 5042672.643584460020065 ], [ 384412.888245600101072, 5042679.482293419539928 ], [ 384402.101691280782688, 5042686.895686811767519 ], [ 384391.717906591424253, 5042694.863445041701198 ], [ 384381.765352764166892, 5042703.363729036413133 ], [ 384372.271309057250619, 5042712.373240108601749 ], [ 384363.261797984538134, 5042721.867283816449344 ], [ 384354.761513989651576, 5042731.819837642833591 ], [ 384346.79375576012535, 5042742.203622332774103 ], [ 384339.380362367548514, 5042752.990176651626825 ], [ 384332.54165340779582, 5042764.149935405701399 ], [ 384326.296373306773603, 5042775.652310471050441 ], [ 384320.661639943253249, 5042787.465774636715651 ], [ 384315.652897729596589, 5042799.557948019355536 ], [ 384311.283875280118082, 5042811.895686811767519 ], [ 384307.566547781636473, 5042824.445174129679799 ], [ 384304.511104170407634, 5042837.172012701630592 ], [ 384302.125919205078389, 5042850.041319145821035 ], [ 384300.41753051179694, 5042863.017819589003921 ], [ 384299.390620665217284, 5042876.065946345217526 ], [ 384299.048004353884608, 5042889.149935405701399 ], [ 384299.390620665217284, 5042902.233924466185272 ], [ 384300.41753051179694, 5042915.282051222398877 ], [ 384302.125919205078389, 5042928.258551665581763 ], [ 384304.511104170407634, 5042941.127858109772205 ], [ 384307.566547781636473, 5042953.854696681722999 ], [ 384311.283875280118082, 5042966.404183999635279 ], [ 384315.652897729596589, 5042978.741922792047262 ], [ 384320.661639943253249, 5042990.834096174687147 ], [ 384326.296373306773603, 5043002.647560340352356 ], [ 384332.54165340779582, 5043014.149935405701399 ], [ 384339.380362367548514, 5043025.309694159775972 ], [ 384346.79375576012535, 5043036.096248478628695 ], [ 384354.761513989651576, 5043046.480033168569207 ], [ 384363.261797984538134, 5043056.432586994953454 ], [ 384372.271309057250619, 5043065.926630702801049 ], [ 384381.765352764166892, 5043074.936141774989665 ], [ 384391.717906591424253, 5043083.4364257697016 ], [ 384402.101691280782688, 5043091.404183999635279 ], [ 384412.888245600101072, 5043098.817577391862869 ], [ 384424.048004353884608, 5043105.656286351382732 ], [ 384435.550379419000819, 5043111.901566452346742 ], [ 384447.363843584957067, 5043117.536299816332757 ], [ 384459.456016967538744, 5043122.545042029581964 ], [ 384471.79375576012535, 5043126.914064479060471 ], [ 384484.343243078270461, 5043130.631391977891326 ], [ 384497.070081649464555, 5043133.686835588887334 ], [ 384509.939388093829621, 5043136.072020554915071 ], [ 384522.915888536954299, 5043137.780409247614443 ], [ 384535.964015293167904, 5043138.80731909442693 ], [ 384549.048004353884608, 5043139.149935405701399 ], [ 384562.131993414601311, 5043138.80731909442693 ], [ 384575.180120170814916, 5043137.780409247614443 ], [ 384588.156620613939594, 5043136.072020554915071 ], [ 384601.02592705830466, 5043133.686835588887334 ], [ 384613.752765629498754, 5043130.631391977891326 ], [ 384626.302252947643865, 5043126.914064479060471 ], [ 384638.639991740230471, 5043122.545042029581964 ], [ 384650.732165122812148, 5043117.536299816332757 ], [ 384662.545629288768396, 5043111.901566452346742 ], [ 384674.048004353884608, 5043105.656286351382732 ], [ 384685.207763107668143, 5043098.817577391862869 ], [ 384695.994317426986527, 5043091.404183999635279 ], [ 384706.378102116344962, 5043083.4364257697016 ], [ 384716.330655943602324, 5043074.936141774989665 ], [ 384725.824699650518596, 5043065.926630702801049 ], [ 384734.834210723231081, 5043056.432586994953454 ], [ 384743.334494718117639, 5043046.480033168569207 ], [ 384751.302252947643865, 5043036.096248478628695 ], [ 384758.715646340220701, 5043025.309694159775972 ], [ 384765.554355299973395, 5043014.149935405701399 ], [ 384771.799635400995612, 5043002.647560340352356 ], [ 384777.434368764515966, 5042990.834096174687147 ], [ 384782.443110978172626, 5042978.741922792047262 ], [ 384786.812133427651133, 5042966.404183999635279 ], [ 384790.529460926132742, 5042953.854696681722999 ], [ 384793.584904537361581, 5042941.127858109772205 ], [ 384795.970089502690826, 5042928.258551665581763 ], [ 384797.678478195972275, 5042915.282051222398877 ], [ 384798.705388042551931, 5042902.233924466185272 ], [ 384799.048004353884608, 5042889.149935405701399 ] ] ] } },
{ "type": "Feature", "properties": { "site": 27, "transect": 27.3 }, "geometry": { "type": "Polygon", "coordinates": [ [ [ 384919.813456047035288, 5042856.197976366616786 ], [ 384919.470839735702612, 5042843.113987306132913 ], [ 384918.443929889122956, 5042830.065860549919307 ], [ 384916.735541195841506, 5042817.089360106736422 ], [ 384914.350356230512261, 5042804.220053662545979 ], [ 384911.294912619283423, 5042791.493215090595186 ], [ 384907.577585120801814, 5042778.943727772682905 ], [ 384903.208562671323307, 5042766.605988980270922 ], [ 384898.199820457666647, 5042754.513815597631037 ], [ 384892.565087094146293, 5042742.700351431965828 ], [ 384886.319806993124075, 5042731.197976366616786 ], [ 384879.481098033371381, 5042720.038217612542212 ], [ 384872.067704640794545, 5042709.251663293689489 ], [ 384864.09994641126832, 5042698.867878603748977 ], [ 384855.599662416381761, 5042688.915324777364731 ], [ 384846.590151343669277, 5042679.421281069517136 ], [ 384837.096107636753004, 5042670.41176999732852 ], [ 384827.143553809495643, 5042661.911486002616584 ], [ 384816.759769120137207, 5042653.943727772682905 ], [ 384805.973214800818823, 5042646.530334380455315 ], [ 384794.813456047035288, 5042639.691625420935452 ], [ 384783.311080981919076, 5042633.446345319971442 ], [ 384771.497616815962829, 5042627.811611955985427 ], [ 384759.405443433381151, 5042622.80286974273622 ], [ 384747.067704640794545, 5042618.433847293257713 ], [ 384734.518217322649434, 5042614.716519794426858 ], [ 384721.791378751455341, 5042611.661076183430851 ], [ 384708.922072307090275, 5042609.275891217403114 ], [ 384695.945571863965597, 5042607.567502524703741 ], [ 384682.897445107751992, 5042606.540592677891254 ], [ 384669.813456047035288, 5042606.197976366616786 ], [ 384656.729466986318585, 5042606.540592677891254 ], [ 384643.681340230104979, 5042607.567502524703741 ], [ 384630.704839786980301, 5042609.275891217403114 ], [ 384617.835533342615236, 5042611.661076183430851 ], [ 384605.108694771421142, 5042614.716519794426858 ], [ 384592.559207453276031, 5042618.433847293257713 ], [ 384580.221468660689425, 5042622.80286974273622 ], [ 384568.129295278107747, 5042627.811611955985427 ], [ 384556.3158311121515, 5042633.446345319971442 ], [ 384544.813456047035288, 5042639.691625420935452 ], [ 384533.653697293251753, 5042646.530334380455315 ], [ 384522.867142973933369, 5042653.943727772682905 ], [ 384512.483358284574933, 5042661.911486002616584 ], [ 384502.530804457317572, 5042670.41176999732852 ], [ 384493.036760750401299, 5042679.421281069517136 ], [ 384484.027249677688815, 5042688.915324777364731 ], [ 384475.526965682802256, 5042698.867878603748977 ], [ 384467.559207453276031, 5042709.251663293689489 ], [ 384460.145814060699195, 5042720.038217612542212 ], [ 384453.307105100946501, 5042731.197976366616786 ], [ 384447.061824999924283, 5042742.700351431965828 ], [ 384441.427091636403929, 5042754.513815597631037 ], [ 384436.418349422747269, 5042766.605988980270922 ], [ 384432.049326973268762, 5042778.943727772682905 ], [ 384428.331999474787153, 5042791.493215090595186 ], [ 384425.276555863558315, 5042804.220053662545979 ], [ 384422.89137089822907, 5042817.089360106736422 ], [ 384421.182982204947621, 5042830.065860549919307 ], [ 384420.156072358367965, 5042843.113987306132913 ], [ 384419.813456047035288, 5042856.197976366616786 ], [ 384420.156072358367965, 5042869.281965427100658 ], [ 384421.182982204947621, 5042882.330092183314264 ], [ 384422.89137089822907, 5042895.306592626497149 ], [ 384425.276555863558315, 5042908.175899070687592 ], [ 384428.331999474787153, 5042920.902737642638385 ], [ 384432.049326973268762, 5042933.452224960550666 ], [ 384436.418349422747269, 5042945.789963752962649 ], [ 384441.427091636403929, 5042957.882137135602534 ], [ 384447.061824999924283, 5042969.695601301267743 ], [ 384453.307105100946501, 5042981.197976366616786 ], [ 384460.145814060699195, 5042992.357735120691359 ], [ 384467.559207453276031, 5043003.144289439544082 ], [ 384475.526965682802256, 5043013.528074129484594 ], [ 384484.027249677688815, 5043023.48062795586884 ], [ 384493.036760750401299, 5043032.974671663716435 ], [ 384502.530804457317572, 5043041.984182735905051 ], [ 384512.483358284574933, 5043050.484466730616987 ], [ 384522.867142973933369, 5043058.452224960550666 ], [ 384533.653697293251753, 5043065.865618352778256 ], [ 384544.813456047035288, 5043072.704327312298119 ], [ 384556.3158311121515, 5043078.949607413262129 ], [ 384568.129295278107747, 5043084.584340777248144 ], [ 384580.221468660689425, 5043089.593082990497351 ], [ 384592.559207453276031, 5043093.962105439975858 ], [ 384605.108694771421142, 5043097.679432938806713 ], [ 384617.835533342615236, 5043100.734876549802721 ], [ 384630.704839786980301, 5043103.120061515830457 ], [ 384643.681340230104979, 5043104.82845020852983 ], [ 384656.729466986318585, 5043105.855360055342317 ], [ 384669.813456047035288, 5043106.197976366616786 ], [ 384682.897445107751992, 5043105.855360055342317 ], [ 384695.945571863965597, 5043104.82845020852983 ], [ 384708.922072307090275, 5043103.120061515830457 ], [ 384721.791378751455341, 5043100.734876549802721 ], [ 384734.518217322649434, 5043097.679432938806713 ], [ 384747.067704640794545, 5043093.962105439975858 ], [ 384759.405443433381151, 5043089.593082990497351 ], [ 384771.497616815962829, 5043084.584340777248144 ], [ 384783.311080981919076, 5043078.949607413262129 ], [ 384794.813456047035288, 5043072.704327312298119 ], [ 384805.973214800818823, 5043065.865618352778256 ], [ 384816.759769120137207, 5043058.452224960550666 ], [ 384827.143553809495643, 5043050.484466730616987 ], [ 384837.096107636753004, 5043041.984182735905051 ], [ 384846.590151343669277, 5043032.974671663716435 ], [ 384855.599662416381761, 5043023.48062795586884 ], [ 384864.09994641126832, 5043013.528074129484594 ], [ 384872.067704640794545, 5043003.144289439544082 ], [ 384879.481098033371381, 5042992.357735120691359 ], [ 384886.319806993124075, 5042981.197976366616786 ], [ 384892.565087094146293, 5042969.695601301267743 ], [ 384898.199820457666647, 5042957.882137135602534 ], [ 384903.208562671323307, 5042945.789963752962649 ], [ 384907.577585120801814, 5042933.452224960550666 ], [ 384911.294912619283423, 5042920.902737642638385 ], [ 384914.350356230512261, 5042908.175899070687592 ], [ 384916.735541195841506, 5042895.306592626497149 ], [ 384918.443929889122956, 5042882.330092183314264 ], [ 384919.470839735702612, 5042869.281965427100658 ], [ 384919.813456047035288, 5042856.197976366616786 ] ] ] } },
{ "type": "Feature", "properties": { "site": 27, "transect": 27.4 }, "geometry": { "type": "Polygon", "coordinates": [ [ [ 384919.813456047035288, 5042856.197976366616786 ], [ 384919.470839735702612, 5042843.113987306132913 ], [ 384918.443929889122956, 5042830.065860549919307 ], [ 384916.735541195841506, 5042817.089360106736422 ], [ 384914.350356230512261, 5042804.220053662545979 ], [ 384911.294912619283423, 5042791.493215090595186 ], [ 384907.577585120801814, 5042778.943727772682905 ], [ 384903.208562671323307, 5042766.605988980270922 ], [ 384898.199820457666647, 5042754.513815597631037 ], [ 384892.565087094146293, 5042742.700351431965828 ], [ 384886.319806993124075, 5042731.197976366616786 ], [ 384879.481098033371381, 5042720.038217612542212 ], [ 384872.067704640794545, 5042709.251663293689489 ], [ 384864.09994641126832, 5042698.867878603748977 ], [ 384855.599662416381761, 5042688.915324777364731 ], [ 384846.590151343669277, 5042679.421281069517136 ], [ 384837.096107636753004, 5042670.41176999732852 ], [ 384827.143553809495643, 5042661.911486002616584 ], [ 384816.759769120137207, 5042653.943727772682905 ], [ 384805.973214800818823, 5042646.530334380455315 ], [ 384794.813456047035288, 5042639.691625420935452 ], [ 384783.311080981919076, 5042633.446345319971442 ], [ 384771.497616815962829, 5042627.811611955985427 ], [ 384759.405443433381151, 5042622.80286974273622 ], [ 384747.067704640794545, 5042618.433847293257713 ], [ 384734.518217322649434, 5042614.716519794426858 ], [ 384721.791378751455341, 5042611.661076183430851 ], [ 384708.922072307090275, 5042609.275891217403114 ], [ 384695.945571863965597, 5042607.567502524703741 ], [ 384682.897445107751992, 5042606.540592677891254 ], [ 384669.813456047035288, 5042606.197976366616786 ], [ 384656.729466986318585, 5042606.540592677891254 ], [ 384643.681340230104979, 5042607.567502524703741 ], [ 384630.704839786980301, 5042609.275891217403114 ], [ 384617.835533342615236, 5042611.661076183430851 ], [ 384605.108694771421142, 5042614.716519794426858 ], [ 384592.559207453276031, 5042618.433847293257713 ], [ 384580.221468660689425, 5042622.80286974273622 ], [ 384568.129295278107747, 5042627.811611955985427 ], [ 384556.3158311121515, 5042633.446345319971442 ], [ 384544.813456047035288, 5042639.691625420935452 ], [ 384533.653697293251753, 5042646.530334380455315 ], [ 384522.867142973933369, 5042653.943727772682905 ], [ 384512.483358284574933, 5042661.911486002616584 ], [ 384502.530804457317572, 5042670.41176999732852 ], [ 384493.036760750401299, 5042679.421281069517136 ], [ 384484.027249677688815, 5042688.915324777364731 ], [ 384475.526965682802256, 5042698.867878603748977 ], [ 384467.559207453276031, 5042709.251663293689489 ], [ 384460.145814060699195, 5042720.038217612542212 ], [ 384453.307105100946501, 5042731.197976366616786 ], [ 384447.061824999924283, 5042742.700351431965828 ], [ 384441.427091636403929, 5042754.513815597631037 ], [ 384436.418349422747269, 5042766.605988980270922 ], [ 384432.049326973268762, 5042778.943727772682905 ], [ 384428.331999474787153, 5042791.493215090595186 ], [ 384425.276555863558315, 5042804.220053662545979 ], [ 384422.89137089822907, 5042817.089360106736422 ], [ 384421.182982204947621, 5042830.065860549919307 ], [ 384420.156072358367965, 5042843.113987306132913 ], [ 384419.813456047035288, 5042856.197976366616786 ], [ 384420.156072358367965, 5042869.281965427100658 ], [ 384421.182982204947621, 5042882.330092183314264 ], [ 384422.89137089822907, 5042895.306592626497149 ], [ 384425.276555863558315, 5042908.175899070687592 ], [ 384428.331999474787153, 5042920.902737642638385 ], [ 384432.049326973268762, 5042933.452224960550666 ], [ 384436.418349422747269, 5042945.789963752962649 ], [ 384441.427091636403929, 5042957.882137135602534 ], [ 384447.061824999924283, 5042969.695601301267743 ], [ 384453.307105100946501, 5042981.197976366616786 ], [ 384460.145814060699195, 5042992.357735120691359 ], [ 384467.559207453276031, 5043003.144289439544082 ], [ 384475.526965682802256, 5043013.528074129484594 ], [ 384484.027249677688815, 5043023.48062795586884 ], [ 384493.036760750401299, 5043032.974671663716435 ], [ 384502.530804457317572, 5043041.984182735905051 ], [ 384512.483358284574933, 5043050.484466730616987 ], [ 384522.867142973933369, 5043058.452224960550666 ], [ 384533.653697293251753, 5043065.865618352778256 ], [ 384544.813456047035288, 5043072.704327312298119 ], [ 384556.3158311121515, 5043078.949607413262129 ], [ 384568.129295278107747, 5043084.584340777248144 ], [ 384580.221468660689425, 5043089.593082990497351 ], [ 384592.559207453276031, 5043093.962105439975858 ], [ 384605.108694771421142, 5043097.679432938806713 ], [ 384617.835533342615236, 5043100.734876549802721 ], [ 384630.704839786980301, 5043103.120061515830457 ], [ 384643.681340230104979, 5043104.82845020852983 ], [ 384656.729466986318585, 5043105.855360055342317 ], [ 384669.813456047035288, 5043106.197976366616786 ], [ 384682.897445107751992, 5043105.855360055342317 ], [ 384695.945571863965597, 5043104.82845020852983 ], [ 384708.922072307090275, 5043103.120061515830457 ], [ 384721.791378751455341, 5043100.734876549802721 ], [ 384734.518217322649434, 5043097.679432938806713 ], [ 384747.067704640794545, 5043093.962105439975858 ], [ 384759.405443433381151, 5043089.593082990497351 ], [ 384771.497616815962829, 5043084.584340777248144 ], [ 384783.311080981919076, 5043078.949607413262129 ], [ 384794.813456047035288, 5043072.704327312298119 ], [ 384805.973214800818823, 5043065.865618352778256 ], [ 384816.759769120137207, 5043058.452224960550666 ], [ 384827.143553809495643, 5043050.484466730616987 ], [ 384837.096107636753004, 5043041.984182735905051 ], [ 384846.590151343669277, 5043032.974671663716435 ], [ 384855.599662416381761, 5043023.48062795586884 ], [ 384864.09994641126832, 5043013.528074129484594 ], [ 384872.067704640794545, 5043003.144289439544082 ], [ 384879.481098033371381, 5042992.357735120691359 ], [ 384886.319806993124075, 5042981.197976366616786 ], [ 384892.565087094146293, 5042969.695601301267743 ], [ 384898.199820457666647, 5042957.882137135602534 ], [ 384903.208562671323307, 5042945.789963752962649 ], [ 384907.577585120801814, 5042933.452224960550666 ], [ 384911.294912619283423, 5042920.902737642638385 ], [ 384914.350356230512261, 5042908.175899070687592 ], [ 384916.735541195841506, 5042895.306592626497149 ], [ 384918.443929889122956, 5042882.330092183314264 ], [ 384919.470839735702612, 5042869.281965427100658 ], [ 384919.813456047035288, 5042856.197976366616786 ] ] ] } }
]
}
