original,original,,,,is the plant from the urban surveys or not,,Dates based on Plants of Pennsylvania (Rhoads and Block 2007),,"Dates based on Flora of the Cayuga Lake Basin, Wiegand and Eames 1926",,"If this column says ""used PA"" it means I didn't have values from Wiegand or Mundy, so I used bloom range from Rhoads",Dates based on Mundy,,In which dataset of Mundy were data reported (from 1986-1999 dataset or from 2000-2010 dataset)?,Predicted start of bloom date based on the relationship of Start_Cayuga to Start_Cornell (attempting to account for phenology shift since 1926),Start of bloom date that we plan to use,End of bloom date that we plan to use,,,,,,,,,,,,,
Genus,species,author,family,common,urban_noturban,urban_tree,Start_PA,End_PA,Start_Cayuga,End_Cayuga,Notes_Cayuga,Start_Cornell,End_Cornell,notes_Cornell ,predicted_start,start_use,end_use,start_use_date,end_use_date,Start_FRW,End_FRW,Start_ALI,End_ALI,Start_AJE,End_AJE,Peak_urban,Start_final,End_final,Notes,
Abutilon ,theophrasti,Medik,Malvaceae,velvetleaf,not_urban,not_urban_tree,182,283,213,304,,NA,NA,not in either datasheet,210,210,301,30-Jul,29-Oct,25-Jul,ok,,,,,,207,301,,
Acer,negundo,L.,Sapindaceae,box elder maple,not_urban,not_urban_tree,110,151,121,151,,107,122,2000,120,107,137,18-Apr,18-May,ok,ok,,,,,,99,137,I put 8 days earlier based on Canton phenology 2021.,
Acer,pensylvanicum,L.,Sapindaceae,striped maple,not_urban,not_urban_tree,91,130,130,152,,137,152,2000,129,137,159,18-May,9-Jun,12-May,5-Jun,,,,,,133,157,,
Acer,platanoides,L.,Sapindaceae,Norway maple,not_urban,not_urban_tree,79,130,NA,NA,,113,126,2000,NA,113,126,24-Apr,7-May,ok,ok,,,,,,105,126,I put 8 days earlier based on Canton phenology 2021.,
Acer,rubrum,L.,Sapindaceae,red maple,not_urban,not_urban_tree,91,151,91,120,,100,112,2000; in 2017 Kass recorded them blooming April ~5(recorded starting april 10th but they had been blooming already)-16 in her 6 sites around Ithaca,91,100,129,11-Apr,10-May,10-Apr,ok,5-Apr,,,,,95,129,"April 8 and 7 for 2020/2021 in Canton, so pushed the start date up 5 days. End date seems good based on Kass' data and Canton (early May end)",
Acer,saccharinum,L.,Sapindaceae,Silver maple,not_urban,not_urban_tree,91,151,60,120,,77,126,2000,61,77,137,19-Mar,18-May,14-Mar,5-May,9-Mar,30-Apr,,,,68,120,"May 5 end time seemed quite late, even for Canton. 9 mar was start of bloom 2024, so I set to this---it was warmest year on record, but I'm assuming ithaca could get this often",
Acer,saccharum,Marsh,Sapindaceae,sugar maple,not_urban,not_urban_tree,91,151,132,150,,106,127,2000; in 2017 Kass recorded them blooming April 17-28 in her 6 sites around Ithaca,131,106,124,17-Apr,5-May,20-Apr,15-May,,,,,,103,135,I put 7 days earlier based on Canton data 2021.,
Achillea ,millefolium,L.,Asteraceae,yarrow,not_urban,not_urban_tree,152,273,161,243,,179,222,2000,159,179,261,29-Jun,19-Sep,15-Jun,10-Sep,,,,,,166,253,,
Actaea,pachypoda,Ell.,Ranunculaceae,white baneberry,not_urban,not_urban_tree,121,181,130,151,,135,158,2000,129,135,156,16-May,6-Jun,15-May,2-Jun,,,,,,135,153,,
Actaea,rubra,(Ait.) Willd.,Ranunculaceae,red baneberry,not_urban,not_urban_tree,121,181,115,145,,123,139,2000,114,123,153,4-May,3-Jun,1-May,28-May,,,,,,121,148,,
Adiantum,pedatum,L.,Pteridaceae,maidenhair fern,not_urban,not_urban_tree,NA,NA,NA,NA,,NA,NA,not in either datasheet,NA,NA,NA,NA,NA,,,,,,,,NA,NA,,
Ageratina ,altissima,(L.) King & H.E. Robins.,Asteraceae,white snake-root,not_urban,not_urban_tree,NA,NA,213,273,,NA,NA,not in either datasheet,210,210,270,30-Jul,28-Sep,ok,ok,,,,,,210,270,,
Agrimonia,gryposepala,Wallr.,Rosaceae,agrimony,not_urban,not_urban_tree,182,273,182,243,,194,226,2000,180,194,255,14-Jul,13-Sep,ok,ok,,,,,,194,225,,
Agrimonia,striata,Michx.,Rosaceae,Woodland agrimony,not_urban,not_urban_tree,NA,NA,213,273,,NA,NA,not in either datasheet,210,210,270,30-Jul,28-Sep,ok,ok,,,,,,210,270,,
Agrostis,stolonifera,L.,Poaceae,creeping bentgrass,not_urban,not_urban_tree,NA,NA,NA,NA,,NA,NA,not in either datasheet,NA,NA,NA,NA,NA,20-Jun,15-Jul,,,,,,171,196,,
Ailanthus ,altissima,(P. Mill.) Swingle,Simaroubaceae,tree of heaven,not_urban,not_urban_tree,152,191,182,212,,NA,NA,not in either datasheet,180,180,210,30-Jun,30-Jul,ok,ok,,,,,,180,210,,
Alisma,triviale,Pursh,Alismataceae,northern water plantain,not_urban,not_urban_tree,NA,NA,202,243,,219,252,"Used ""Alisma sp."" from 2000 set",199,219,260,8-Aug,18-Sep,ok,ok,,,,,,219,260,,
Alliaria,petiolata,(Bieb.) Cavara & Grande,Brassicaceae,garlic mustard,not_urban,not_urban_tree,91,181,NA,NA,,122,160,2000,NA,122,160,3-May,10-Jun,ok,ok,,,,,,122,160,,
Allium,ampeloprasum ,,Alliaceae,leek,not_urban,not_urban_tree,NA,NA,NA,NA,,NA,NA,not in either datasheet,NA,NA,NA,NA,NA,,,,,,,,NA,NA,,
Allium,canadense,L.,Alliaceae,meadow garlic,not_urban,not_urban_tree,NA,NA,140,181,,167,180,2000,139,167,208,17-Jun,28-Jul,ok,ok,,,,,,167,208,,
Allium,cepa,L.,Alliaceae,onion,not_urban,not_urban_tree,NA,NA,NA,NA,,NA,NA,not in either datasheet,NA,NA,NA,NA,NA,,,,,,,,NA,NA,,
Allium,oleraceum,L.,Alliaceae,field garlic,not_urban,not_urban_tree,152,212,NA,NA,used PA,NA,NA,not in either datasheet,NA,152,212,2-Jun,1-Aug,,,,,,,,,,,
Allium,schoenoprasum,L.,Alliaceae,chives,not_urban,not_urban_tree,121,181,152,181,,NA,NA,not in either datasheet,151,151,180,1-Jun,30-Jun,,,ok,ok,,,,151,180,IW (=Illinois Wildflowers) late spring early summer 3-4 weeks,
Allium,tricoccum,Ait.,Alliaceae,wild leek,not_urban,not_urban_tree,91,212,182,212,,179,210,2000,180,179,209,29-Jun,29-Jul,ok,21-Jul,,,,,,179,202,,
Alnus ,incana,(L.) Moench,Betulaceae,speckled alder,not_urban,not_urban_tree,60,120,79,110,,NA,NA,not in either datasheet,79,79,110,21-Mar,21-Apr,17-Mar,15-Apr,,,,,,76,105,,
Amaranthus ,albus,L.,Amaranthaceae,tumble pigweed,not_urban,not_urban_tree,201,304,201,243,,NA,NA,not in either datasheet,198,198,240,18-Jul,29-Aug,ok,ok,,,,,,198,240,,
Amaranthus ,powellii,S. Wats.,Amaranthaceae,Powell's amaranth,not_urban,not_urban_tree,182,243,NA,NA,used PA,NA,NA,not in either datasheet,NA,182,243,2-Jul,1-Sep,,,ok,ok,,,,182,243,Weeds of northeast: late june start,
Amaranthus ,retroflexus,L.,Amaranthaceae,redroot pigweed,not_urban,not_urban_tree,212,243,201,273,,NA,NA,not in either datasheet,198,198,270,18-Jul,28-Sep,ok,ok,,,,,,198,270,,
Ambrosia,artemesiifolia,L.,Asteraceae,common ragweed,not_urban,not_urban_tree,213,304,196,227,,207,263,2000,194,207,238,27-Jul,27-Aug,ok,5-Sep,,,,,,207,248,,
Amelanchier,arborea,(Michx. f.) Fern.,Rosaceae,serviceberry,not_urban,not_urban_tree,100,130,NA,NA,,114,126,"Used ""Amelanchier sp."" from 2000 set",NA,114,126,25-Apr,7-May,ok,10-May,,,,,,104,130,I put 10 days earlier based on 2021 phenology Canton,
Amphicarpaea,bracteata,(L.) Fern.,Fabaceae,hog peanut,not_urban,not_urban_tree,140,253,213,243,,221,249,2000,210,221,251,10-Aug,9-Sep,5-Aug,ok,,,,,,217,251,,
Anemone ,acutiloba,(DC.) G. Lawson,Ranunculaceae,sharp-lobed hepatica,not_urban,not_urban_tree,NA,NA,84,135,,NA,NA,not in either datasheet,84,84,135,26-Mar,16-May,ok,ok,,,,,,84,135,,
Anemone ,virginiana,L.,Ranunculaceae,tall thimble weed,not_urban,not_urban_tree,140,243,182,212,,175,212,2000,180,175,205,25-Jun,25-Jul,ok,ok,,,,,,175,205,,
Anethum ,graveolens,L.,Apiaceae,dill,not_urban,not_urban_tree,182,243,NA,NA,used PA,NA,NA,not in either datasheet,NA,182,243,2-Jul,1-Sep,,,ok,ok,,,,182,243,,
Angelica ,atropurpurea,L.,Apiaceae,purple-stemmed Angelica,not_urban,not_urban_tree,182,243,152,212,,163,194,2000,151,163,223,13-Jun,12-Aug,ok,ok,,,,,,163,223,,
Anthemis,arvensis,L.,Asteraceae,corn chamomile,not_urban,not_urban_tree,152,304,135,243,,NA,NA,not in either datasheet,134,134,242,15-May,31-Aug,,,1-Jun,31-Aug,,,,151,242,IW late spring mid summer about 1-2 months,
Anthoxanthum ,odoratum,L.,Poaceae,sweet vernal grass,not_urban,not_urban_tree,NA,NA,NA,NA,,147,164,2000,NA,147,164,28-May,14-Jun,21-May,ok,,,,,,141,164,,
Apium ,graveolens,L.,Apiaceae,celery,not_urban,not_urban_tree,NA,NA,NA,NA,,NA,NA,not in either datasheet,NA,NA,NA,NA,NA,,,,,,,,NA,NA,,
Apocynum ,androsaemifolium,L.,Apocynaceae,spreading dogbane,not_urban,not_urban_tree,152,243,171,212,,NA,NA,not in either datasheet,169,169,210,19-Jun,30-Jul,ok,ok,,,,,,169,210,,
Aralia,nudicaulis,L.,Apiaceae,sarsaparilla,not_urban,not_urban_tree,121,151,121,151,,NA,NA,not in either datasheet,120,120,150,1-May,31-May,ok,ok,,,,,,120,150,,
Arctium ,minus,Bernh.,Asteraceae,common burdock,not_urban,not_urban_tree,182,273,213,273,,228,NA,2000,210,228,288,17-Aug,16-Oct,ok,ok,,,,,,228,288,,
Arenaria,serpyllifolia,L.,Caryophyllaceae,thyme-leaved sandwort,not_urban,not_urban_tree,91,181,121,365,,NA,NA,not in either datasheet,120,120,364,1-May,31-Dec,ok,ok,,,,,,120,364,,
Arisaema ,triphyllum,(L.) Schott,Araceae,jack-in-the-pulpit,not_urban,not_urban_tree,110,181,121,151,,123,173,2000,120,123,153,4-May,3-Jun,ok,ok,,,,,,123,153,,
Aronia,melanocarpa,(Michx.) Ell.,Rosaceae,black chokeberry,not_urban,not_urban_tree,110,151,140,166,,138,154,2000,139,138,164,19-May,14-Jun,ok,ok,,,,,,138,164,,
Artemesia,vulgaris,L.,Asteraceae,common wormwood,not_urban,not_urban_tree,152,304,NA,NA,,252,268,2000,NA,252,268,10-Sep,26-Sep,5-Sep,ok,,,,,,248,268,,
Asarum,canadense,L.,Aristolochiaceae,wild ginger,not_urban,not_urban_tree,110,151,91,151,,108,169,2000,91,108,168,19-Apr,18-Jun,ok,ok,,,,,,108,168,,
Asclepias ,incarnata,L.,Apocynaceae,swamp milkweed,not_urban,not_urban_tree,152,243,176,222,,180,232,2000,174,180,226,30-Jun,15-Aug,28-Jun,ok,,,,,,179,226,,
Asclepias ,syriaca,L.,Apocynaceae,common milkweed,not_urban,not_urban_tree,140,222,182,212,,177,202,2000,180,177,207,27-Jun,27-Jul,ok,ok,,,,,,177,207,,
Athyrium,filix-femina,,Woodsiaceae,lady fern,not_urban,not_urban_tree,NA,NA,NA,NA,,NA,NA,not in either datasheet,NA,NA,NA,NA,NA,,,,,,,,NA,NA,,
Avena,sativa,L.,Poaceae,oats,not_urban,not_urban_tree,NA,NA,NA,NA,,NA,NA,not in either datasheet,NA,NA,NA,NA,NA,,,,,,,,NA,NA,,
Azolla,caroliniana,Willd,Azollaceae,Carolina Mosquito Fern,not_urban,not_urban_tree,NA,NA,NA,NA,,NA,NA,not in either datasheet,NA,NA,NA,NA,NA,,,,,,,,NA,NA,,
Barbarea ,vulgaris,Ait. f.,Brassicaceae,yellow-rocket,not_urban,not_urban_tree,91,181,121,181,,127,164,2000,120,127,187,8-May,7-Jul,ok,ok,,,,,,127,187,,
Berberis,thunbergii,DC.,Berberidaceae,Japanese barberry,not_urban,not_urban_tree,91,120,140,166,,NA,NA,Data removed (Mundy 2000 says 124-124- bad range),139,139,165,20-May,15-Jun,ok,ok,,,,,,139,165,,
Berteroa ,incana,(Vent.) DC.,Brassicaceae,hoary alyssum,not_urban,not_urban_tree,121,243,196,243,,NA,NA,not in either datasheet,194,194,241,14-Jul,30-Aug,ok,ok,,,,,,194,241,,
Beta,vulgaris,L.,Amaranthaceae,beets,not_urban,not_urban_tree,NA,NA,NA,NA,,NA,NA,not in either datasheet,NA,NA,NA,NA,NA,,,,,,,,NA,NA,,
Betula,alleghaniensis,Britt.,Betulaceae,yellow birch,not_urban,not_urban_tree,110,130,120,140,,NA,NA,not in either datasheet,119,119,139,30-Apr,20-May,ok,ok,,,,,,117,139,shifted 2 days earlier start based on Kass' 2019 data,
Betula,lenta,L.,Betulaceae,black birch,not_urban,not_urban_tree,110,130,120,140,,NA,NA,not in either datasheet,119,119,139,30-Apr,20-May,ok,ok,,,,,,117,139,shifted 2 days earlier start based on Kass' 2019 data,
Bidens,bipinnata,L.,Asteraceae,spanish needles,not_urban,not_urban_tree,213,304,NA,NA,used PA,NA,NA,not in either datasheet,NA,213,304,2-Aug,1-Nov,,,15-Aug,15-Oct,,,,226,287,IW late summer early fall,
Bidens,cernua,L.,Asteraceae,nodding bur-marigold,not_urban,not_urban_tree,182,334,237,304,,243,261,2000,234,243,310,1-Sep,7-Nov,ok,ok,,,,,,243,310,,
Bidens,connata,Muhl. ex Willd.,Asteraceae,purplestem beggarticks,not_urban,not_urban_tree,213,304,213,273,,NA,NA,not in either datasheet,210,210,270,30-Jul,28-Sep,ok,ok,,,,,,210,270,,
Bidens,tripartita,L.,Asteraceae,threelobe beggar's ticks,not_urban,not_urban_tree,NA,NA,244,273,,NA,NA,not in either datasheet,241,241,270,30-Aug,28-Sep,,,,,212,303,,212,303,Aug-Oct -MN wildflowers,
Blephilia ,hirsuta,(Pursh) Benth.,Lamiaceae,hairy wood mint,not_urban,not_urban_tree,121,243,182,212,,185,228,2000,180,185,215,5-Jul,4-Aug,22-Jun,ok,,,,,,173,215,,
Boehmeria ,cylindrica,(L.) Sw.,Urticaceae,false nettle,not_urban,not_urban_tree,NA,NA,182,273,,NA,NA,2000,180,180,271,30-Jun,29-Sep,ok,ok,,,,,,180,271,,
Bolboschoenus,fluviatilis,(Torr.) Soják,Cyperaceae,river tuber-bulrush,not_urban,not_urban_tree,NA,NA,NA,NA,,NA,NA,not in either datasheet,NA,NA,NA,NA,NA,,,,,,,,NA,NA,,
Borago ,officinalis,L.,Boraginaceae,star flower,not_urban,not_urban_tree,NA,NA,NA,NA,,NA,NA,Not present in Cayuga no PA,NA,NA,NA,NA,NA,,,1-Aug,1-Oct,,,,213,274,personal observation in Ithaca and internet,
Brachyelytrum ,erectum,(Schreb.) Beauv.,Poaceae,husk grass,not_urban,not_urban_tree,NA,NA,NA,NA,,NA,NA,not in either datasheet,NA,NA,NA,NA,NA,43271,28-Jul,,,,,,171,209,,
Brassica ,nigra,(L.) W.D.J. Koch,Brassicaceae,black mustard,not_urban,not_urban_tree,NA,NA,152,304,,164,267,2000,151,164,316,14-Jun,13-Nov,,,ok,15-Oct,,,,164,287,,
Brassica ,oleracea var. capitata,,Brassicaceae,cabbage,not_urban,not_urban_tree,NA,NA,NA,NA,,NA,NA,not in either datasheet,NA,NA,NA,NA,NA,,,,,,,,NA,NA,,
Brassica ,oleracea var. italica,,Brassicaceae,broccoli,not_urban,not_urban_tree,NA,NA,NA,NA,,NA,NA,not in either datasheet,NA,NA,NA,NA,NA,,,,,,,,NA,NA,,
Brassica ,oleracea var. sabellica,,Brassicaceae,kale,not_urban,not_urban_tree,NA,NA,NA,NA,,NA,NA,not in either datasheet,NA,NA,NA,NA,NA,,,,,,,,NA,NA,,
Brassica ,rapa subsp. chinensis,,Brassicaceae,bok choy,not_urban,not_urban_tree,NA,NA,NA,NA,,NA,NA,not in either datasheet,NA,NA,NA,NA,NA,,,,,,,,NA,NA,,
Brassica ,rapa subsp. pekinensis,,Brassicaceae,nappa cabbage,not_urban,not_urban_tree,NA,NA,NA,NA,,NA,NA,not in either datasheet,NA,NA,NA,NA,NA,,,,,,,,NA,NA,,
Brassica ,rapa subsp. rapa,,Brassicaceae,turnip,not_urban,not_urban_tree,NA,NA,NA,NA,,NA,NA,not in either datasheet,NA,NA,NA,NA,NA,,,,,,,,NA,NA,,
Bromus,pubescens,Muhl. ex Willd.,Poaceae,hairy wood brome,not_urban,not_urban_tree,NA,NA,NA,NA,,NA,NA,not in either datasheet,NA,NA,NA,NA,NA,,,,,,,,NA,NA,,
Bromus ,inermis,Leyss.,Poaceae,smooth brome,not_urban,not_urban_tree,NA,NA,NA,NA,,NA,NA,not in either datasheet,NA,NA,NA,NA,NA,10-Jun,15-Jul,,,,,,161,196,,
Calamagrostis,canadensis,(Michx.) Beauv.,Poaceae,blue joint grass,not_urban,not_urban_tree,NA,NA,NA,NA,,NA,NA,not in either datasheet,NA,NA,NA,NA,NA,18-Jun,28-Jul,,,,,,169,209,,
Calystegia ,sepium,(L.) R. Br.,Convulvulacea,hedge bindweed,not_urban,not_urban_tree,152,273,182,243,,177,248,2000,180,177,238,27-Jun,27-Aug,ok,ok,,,,,,177,238,,
Campsis ,radicans,(L.) Seem. ex Bureau,Bignoniaceae,trumpet vine,not_urban,not_urban_tree,201,243,NA,NA,used PA,NA,NA,not in either datasheet,NA,201,243,21-Jul,1-Sep,ok,ok,,,,,,201,243,,
Capsella,bursa-pastoris,(L.) Medik.,Brassicaceae,Shepard's purse,not_urban,not_urban_tree,91,304,60,365,,NA,NA,Data removed (Mundy 2000 says 128-200 bloom range),61,61,365,3-Mar,31-Dec,ok,ok,,,,,,61,365,,
Capsicum ,annuum ,,Solanaceae,jalapeno,not_urban,not_urban_tree,NA,NA,NA,NA,,NA,NA,not in either datasheet,NA,NA,NA,NA,NA,,,20-Jun,1-Oct,,,,172,274,Based on personal observations in Ithaca,
Cardamine,diphylla,(Michx.) Wood,Brassicaceae,two-leaved toothwort,not_urban,not_urban_tree,91,181,121,145,,NA,NA,not in either datasheet,120,120,144,1-May,25-May,ok,ok,,,,,,120,144,,
Cardamine,hirsuta,L.,Brassicaceae,hairy bittercress,not_urban,not_urban_tree,60,120,121,212,,103,137,2000,120,103,194,14-Apr,14-Jul,ok,ok,,,,,,103,194,,
Cardamine ,concatenata,(Michx.) Sw.,Brassicaceae,cutleaf toothwort,not_urban,not_urban_tree,60,130,110,140,,NA,NA,not in either datasheet,110,110,140,21-Apr,21-May,18-Apr,20-May,,,,,,108,140,,
Cardamine ,pensylvanica,Muhl. ex Willd.,Brassicaceae,pennsylvania bittercress,not_urban,not_urban_tree,91,304,121,212,,NA,NA,not in either datasheet,120,120,211,1-May,31-Jul,ok,ok,,,,,,120,211,,
Carex,albursina,Sheldon,Cyperaceae,White bear sedge,not_urban,not_urban_tree,NA,NA,NA,NA,,NA,NA,not in either datasheet,NA,NA,NA,NA,NA,,,,,,,,NA,NA,,
Carex,arctata,Boott in hook,Cyperaceae,dropping wood sedge,not_urban,not_urban_tree,NA,NA,NA,NA,,NA,NA,not in either datasheet,NA,NA,NA,NA,NA,,,,,,,,NA,NA,,
Carex,blanda,Dewey,Cyperaceae,eastern woodland sedge,not_urban,not_urban_tree,NA,NA,NA,NA,,NA,NA,not in either datasheet,NA,NA,NA,NA,NA,,,,,,,,NA,NA,,
Carex,bromoides,Schkuhr ex Willd.,Cyperaceae,brome hummock sedge,not_urban,not_urban_tree,NA,NA,NA,NA,,NA,NA,not in either datasheet,NA,NA,NA,NA,NA,,,,,,,,NA,NA,,
Carex,communis,Bailey,Cyperaceae,fibrousroot sedge,not_urban,not_urban_tree,NA,NA,NA,NA,,NA,NA,not in either datasheet,NA,NA,NA,NA,NA,,,,,,,,NA,NA,,
Carex,comosa,Boott,Cyperaceae,longhair sedge,not_urban,not_urban_tree,NA,NA,NA,NA,,NA,NA,not in either datasheet,NA,NA,NA,NA,NA,,,,,,,,NA,NA,,
Carex,crinita,Lam .,Cyperaceae,fringed sedge,not_urban,not_urban_tree,NA,NA,NA,NA,,NA,NA,not in either datasheet,NA,NA,NA,NA,NA,,,,,,,,NA,NA,,
Carex,cristatella,Britt.,Cyperaceae,crested sedge,not_urban,not_urban_tree,NA,NA,NA,NA,,NA,NA,not in either datasheet,NA,NA,NA,NA,NA,,,,,,,,NA,NA,,
Carex,debilis,Michx.,Cyperaceae,white edge sedge,not_urban,not_urban_tree,NA,NA,NA,NA,,NA,NA,not in either datasheet,NA,NA,NA,NA,NA,,,,,,,,NA,NA,,
Carex,declinata,,Cyperaceae,sedge,not_urban,not_urban_tree,NA,NA,NA,NA,,NA,NA,not in either datasheet,NA,NA,NA,NA,NA,,,,,,,,NA,NA,,
Carex,deweyana,Schwein.,Cyperaceae,dewey sedge,not_urban,not_urban_tree,NA,NA,NA,NA,,NA,NA,not in either datasheet,NA,NA,NA,NA,NA,,,,,,,,NA,NA,,
Carex,digitalis,Willd.,Cyperaceae,slender woodland sedge,not_urban,not_urban_tree,NA,NA,NA,NA,,NA,NA,not in either datasheet,NA,NA,NA,NA,NA,,,,,,,,NA,NA,,
Carex,echinata,Murr.,Cyperaceae,star sedge,not_urban,not_urban_tree,NA,NA,NA,NA,,NA,NA,not in either datasheet,NA,NA,NA,NA,NA,,,,,,,,NA,NA,,
Carex,flava,L.,Cyperaceae,yellow sedge,not_urban,not_urban_tree,NA,NA,NA,NA,,NA,NA,not in either datasheet,NA,NA,NA,NA,NA,,,,,,,,NA,NA,,
Carex,formosa,Dewey,Cyperaceae,handsome  sedge,not_urban,not_urban_tree,NA,NA,NA,NA,,NA,NA,not in either datasheet,NA,NA,NA,NA,NA,,,,,,,,NA,NA,,
Carex,gracillima,Schwein.,Cyperaceae,graceful sedge,not_urban,not_urban_tree,NA,NA,NA,NA,,NA,NA,not in either datasheet,NA,NA,NA,NA,NA,,,,,,,,NA,NA,,
Carex,grayii,,Cyperaceae,sedge,not_urban,not_urban_tree,NA,NA,NA,NA,,145,177,2000,NA,145,177,26-May,27-Jun,ok,ok,,,,,,145,177,,
Carex,grisea,Wahlenb.,Cyperaceae,inflated narrow-leaf sedge,not_urban,not_urban_tree,NA,NA,NA,NA,,166,174,2000,NA,166,174,16-Jun,24-Jun,ok,ok,,,,,,166,174,,
Carex,hirsutella,Mackenzie,Cyperaceae,fuzzy wuzzy sedge,not_urban,not_urban_tree,NA,NA,NA,NA,,NA,NA,not in either datasheet,NA,NA,NA,NA,NA,,,,,,,,NA,NA,,
Carex,hirtifolia,Mackenzie,Cyperaceae,hairy wood sedge,not_urban,not_urban_tree,NA,NA,NA,NA,,142,177,2000,NA,142,177,23-May,27-Jun,ok,ok,,,,,,142,177,,
Carex,hitchcockonia,Dewey,Cyperaceae,Hitchcock's sedge,not_urban,not_urban_tree,NA,NA,NA,NA,,NA,NA,not in either datasheet,NA,NA,NA,NA,NA,,,,,,,,NA,NA,,
Carex,intumescens,Rudge,Cyperaceae,greater bladder sedge,not_urban,not_urban_tree,NA,NA,NA,NA,,145,180,2000,NA,145,180,26-May,30-Jun,ok,ok,,,,,,145,180,,
Carex,laxiculmis,Schwein.,Cyperaceae,spreading sedge,not_urban,not_urban_tree,NA,NA,NA,NA,,NA,NA,not in either datasheet,NA,NA,NA,NA,NA,,,,,,,,NA,NA,,
Carex,laxiflora,Lam.,Cyperaceae,broad loose-flowered sedge,not_urban,not_urban_tree,NA,NA,NA,NA,,NA,NA,not in either datasheet,NA,NA,NA,NA,NA,,,,,,,,NA,NA,,
Carex,leptalea,Wahlenb.,Cyperaceae,bristlystalked sedge,not_urban,not_urban_tree,NA,NA,NA,NA,,NA,NA,not in either datasheet,NA,NA,NA,NA,NA,,,,,,,,NA,NA,,
Carex,lupulina,Muhl. ex Willd.,Cyperaceae,hop sedge,not_urban,not_urban_tree,NA,NA,NA,NA,,NA,NA,not in either datasheet,NA,NA,NA,NA,NA,,,,,,,,NA,NA,,
Carex,lurida,Wahlenb.,Cyperaceae,shallow sedge,not_urban,not_urban_tree,NA,NA,NA,NA,,NA,NA,not in either datasheet,NA,NA,NA,NA,NA,,,,,,,,NA,NA,,
Carex,pallescens,L.,Cyperaceae,Pale sedge,not_urban,not_urban_tree,NA,NA,NA,NA,,NA,NA,not in either datasheet,NA,NA,NA,NA,NA,,,,,,,,NA,NA,,
Carex,pallida,,Cyperaceae,sedge,not_urban,not_urban_tree,NA,NA,NA,NA,,NA,NA,not in either datasheet,NA,NA,NA,NA,NA,,,,,,,,NA,NA,,
Carex,pedunculata,Muhl. ex Willd.,Cyperaceae,longstalk sedge,not_urban,not_urban_tree,NA,NA,NA,NA,,NA,NA,not in either datasheet,NA,NA,NA,NA,NA,,,,,,,,NA,NA,,
Carex,pensylvanica,Lam .,Cyperaceae,pennsylvania sedge,not_urban,not_urban_tree,NA,NA,NA,NA,,106,155,2000,NA,106,155,17-Apr,5-Jun,22-Apr,ok,,,,,,112,155,,
Carex,prasina,Wahlenb.,Cyperaceae,drooping sedge,not_urban,not_urban_tree,NA,NA,NA,NA,,117,124,2000,NA,117,124,28-Apr,5-May,ok,ok,,,,,,117,124,,
Carex,projecta,Mackenzie,Cyperaceae,necklace sedge,not_urban,not_urban_tree,NA,NA,NA,NA,,NA,NA,not in either datasheet,NA,NA,NA,NA,NA,,,,,,,,NA,NA,,
Carex,radiata,(Wahlenb.) Small,Cyperaceae,eastern star sedge,not_urban,not_urban_tree,NA,NA,NA,NA,,NA,NA,not in either datasheet,NA,NA,NA,NA,NA,,,,,,,,NA,NA,,
Carex,retrorsa,Schwein.,Cyperaceae,knotsheath sedge,not_urban,not_urban_tree,NA,NA,NA,NA,,NA,NA,not in either datasheet,NA,NA,NA,NA,NA,,,,,,,,NA,NA,,
Carex,rosea,Schkuhr ex Willd.,Cyperaceae,rosy sedge,not_urban,not_urban_tree,NA,NA,NA,NA,,NA,NA,not in either datasheet,NA,NA,NA,NA,NA,,,,,,,,NA,NA,,
Carex,scabrata,Schwein.,Cyperaceae,eastern rough sedge,not_urban,not_urban_tree,NA,NA,NA,NA,,NA,NA,not in either datasheet,NA,NA,NA,NA,NA,,,,,,,,NA,NA,,
Carex,scoparia,Schkuhr ex Willd.,Cyperaceae,broom sedge,not_urban,not_urban_tree,NA,NA,NA,NA,,NA,NA,not in either datasheet,NA,NA,NA,NA,NA,,,,,,,,NA,NA,,
Carex,sparganioides,Muhl. ex Willd.,Cyperaceae,bur-reed sedge,not_urban,not_urban_tree,NA,NA,NA,NA,,NA,NA,not in either datasheet,NA,NA,NA,NA,NA,,,,,,,,NA,NA,,
Carex,stellulata,,Cyperaceae,sedge,not_urban,not_urban_tree,NA,NA,NA,NA,,NA,NA,not in either datasheet,NA,NA,NA,NA,NA,,,,,,,,NA,NA,,
Carex,stipata,Muhl. ex Willd.,Cyperaceae,awlfruit sedge,not_urban,not_urban_tree,NA,NA,NA,NA,,NA,NA,not in either datasheet,NA,NA,NA,NA,NA,,,,,,,,NA,NA,,
Carex,stricta,Lam .,Cyperaceae,upright sedge,not_urban,not_urban_tree,NA,NA,NA,NA,,NA,NA,not in either datasheet,NA,NA,NA,NA,NA,,,,,,,,NA,NA,,
Carex,swanii,(Fern.) Mackenzie,Cyperaceae,Swan's sedge,not_urban,not_urban_tree,NA,NA,NA,NA,,NA,NA,not in either datasheet,NA,NA,NA,NA,NA,,,,,,,,NA,NA,,
Carex,tenera,Dewey,Cyperaceae,quill sedge,not_urban,not_urban_tree,NA,NA,NA,NA,,NA,NA,not in either datasheet,NA,NA,NA,NA,NA,,,,,,,,NA,NA,,
Carex,tribuloides,Wahlenb.,Cyperaceae,blunt broom sedge,not_urban,not_urban_tree,NA,NA,NA,NA,,NA,NA,not in either datasheet,NA,NA,NA,NA,NA,,,,,,,,NA,NA,,
Carex,trichocarpa,Muhl. ex Willd.,Cyperaceae,hairy-fruited sedge,not_urban,not_urban_tree,NA,NA,NA,NA,,NA,NA,not in either datasheet,NA,NA,NA,NA,NA,,,,,,,,NA,NA,,
Carex,trisperma,Dewey,Cyperaceae,three-seeded sedge,not_urban,not_urban_tree,NA,NA,NA,NA,,NA,NA,not in either datasheet,NA,NA,NA,NA,NA,,,,,,,,NA,NA,,
Carex,utriculata,Boott,Cyperaceae,northwest territory sedge,not_urban,not_urban_tree,NA,NA,NA,NA,,NA,NA,not in either datasheet,NA,NA,NA,NA,NA,,,,,,,,NA,NA,,
Carex,vulpinoidea,Michx.,Cyperaceae,fox sedge,not_urban,not_urban_tree,NA,NA,NA,NA,,170,180,2000,NA,170,180,20-Jun,30-Jun,ok,ok,,,,,,170,180,,
Carex,woodii,,Cyperaceae,sedge,not_urban,not_urban_tree,NA,NA,NA,NA,,NA,NA,not in either datasheet,NA,NA,NA,NA,NA,,,,,,,,NA,NA,,
Carex ,canescens,L.,Cyperaceae,hoary sedge,not_urban,not_urban_tree,NA,NA,NA,NA,,NA,NA,not in either datasheet,NA,NA,NA,NA,NA,,,,,,,,NA,NA,,
Carpinus,caroliniana,Walt.,Betulaceae,blue beech,not_urban,not_urban_tree,79,130,115,135,,115,133,2000,114,115,135,26-Apr,16-May,ok,ok,,,,,,113,135,shifted 2 days earlier start based on Kass' 2019 data,
Carya,cordiformis,(Wangenh.) K. Koch,Juglandaceae,bitternut hickory,not_urban,not_urban_tree,NA,NA,145,161,,NA,NA,not in either datasheet,144,144,160,25-May,10-Jun,ok,ok,,,,,,142,160,I subtracted 2 days based on Kass' 2018 observations,
Carya,glabra,(P. Mill.) Sweet,Juglandaceae,pignut hickory,not_urban,not_urban_tree,NA,NA,140,166,,NA,NA,not in either datasheet,139,139,165,20-May,15-Jun,ok,ok,,,,,,139,165,,
Carya,ovata,(P. Mill.) K. Koch,Juglandaceae,shagbark hickory,not_urban,not_urban_tree,NA,NA,135,161,,133,155,2000,134,133,159,14-May,9-Jun,ok,15-Jun,,,,,,133,166,,
Castilleja,coccinea,(L.) Spreng.,Orobanchaceae,indian paintbrush,not_urban,not_urban_tree,NA,NA,121,212,,NA,NA,not in either datasheet,120,120,211,1-May,31-Jul,5-May,ok,,,,,,125,211,,
Catalpa,speciosa,(Warder) Warder ex Engelm.,Bignoniaceae,catalpa,not_urban,not_urban_tree,182,212,152,196,,NA,NA,not in either datasheet,151,151,195,1-Jun,15-Jul,ok,ok,,,,,,151,195,,
Caulophyllum ,thalictroides,(L.) Michx.,Berberidaceae,blue cohosh,not_urban,not_urban_tree,91,120,91,151,,103,132,2000,91,103,163,14-Apr,13-Jun,10-Apr,5-Jun,,,,,,100,156,Robert changed this from thalictroides to giganteum---but I will keep thalictroides because giganteum is not in werier 2017,
Celastrus,orbiculatus,Thunb.,Celastraceae,oriental bittersweet,not_urban,not_urban_tree,121,181,NA,NA,,168,183,2000,NA,168,183,18-Jun,3-Jul,ok,ok,,,,,,168,183,,
Celastrus,scandens,L.,Celastraceae,American bittersweet,not_urban,not_urban_tree,NA,NA,NA,NA,,161,181,1986 - bad range,NA,161,181,11-Jun,1-Jul,ok,ok,,,,,,161,181,,
Centaurea ,cyanus,L.,Asteraceae,cornflower,not_urban,not_urban_tree,121,273,213,243,,NA,NA,not in either datasheet,210,210,240,30-Jul,29-Aug,,,20-May,20-Jul,,,,140,200,IW spring to early summer for 2 weeks,
Centaurea ,jacea,L.,Asteraceae,brown knapweed,not_urban,not_urban_tree,152,273,213,273,,NA,NA,not in either datasheet,210,210,270,30-Jul,28-Sep,ok,ok,,,,,,210,270,,
Centaurea ,nigra,L.,Asteraceae,common knapweed,not_urban,not_urban_tree,152,304,182,243,,NA,NA,not in either datasheet,180,180,241,30-Jun,30-Aug,ok,ok,,,,,,180,241,,
Centaurea ,stoebe,L.,Asteraceae,spotted knapweed,not_urban,not_urban_tree,152,304,213,273,,206,288,2000,210,206,266,26-Jul,24-Sep,ok,ok,,,,,,206,266,,
Centaurium,erythraea,Raf.,Gentianaceae,common centaury,not_urban,not_urban_tree,182,273,152,273,,NA,NA,not in either datasheet,151,151,272,1-Jun,30-Sep,ok,25-Sep,,,,,,151,268,,
Cerastium,fontanum,Baumg.,Caryophyllaceae,mouse-eared chickweed,not_urban,not_urban_tree,91,304,121,273,,129,237,2000,120,129,281,10-May,9-Oct,5-May,10-Aug,,,,,,125,222,,
Chelidonium ,majus,L.,Papaveraceae,greater celandine,not_urban,not_urban_tree,60,151,140,171,,130,228,2000,139,130,161,11-May,11-Jun,ok,ok,,,,,,130,161,,
Chelone,glabra,L. ,Plantaginaceae,white turtlehead,not_urban,not_urban_tree,202,273,201,273,,222,269,2000,198,222,294,11-Aug,22-Oct,5-Aug,10-Oct,,,,,,217,283,,
Chenopodium ,album,L.,Amaranthaceae,lamb's quarters,not_urban,not_urban_tree,NA,NA,182,273,,NA,NA,not in either datasheet,180,180,271,30-Jun,29-Sep,ok,ok,,,,,,180,271,,
Chenopodium ,glaucum,L.,Amaranthaceae,oak-leaved goosefoot,not_urban,not_urban_tree,NA,NA,171,243,,NA,NA,not in either datasheet,169,169,241,19-Jun,30-Aug,ok,ok,,,,,,169,241,,
Chenopodium ,urbicum,L.,Amaranthaceae,city goosefoot,not_urban,not_urban_tree,NA,NA,213,273,,NA,NA,not in either datasheet,210,210,270,30-Jul,28-Sep,,,ok,ok,,,,180,270,,
Cichorium,intybus,L.,Asteraceae,chicory,not_urban,not_urban_tree,152,273,182,243,,179,295,2000,180,179,240,29-Jun,29-Aug,ok,ok,,,,,,179,240,,
Cicuta,bulbifera,L.,Apiaceae,bulb-bearing water hemlock,not_urban,not_urban_tree,182,273,244,304,,NA,NA,not in either datasheet,241,241,301,30-Aug,29-Oct,20-Jul,10-Sep,,,,,,201,253,robert says W&E fruit dates I think for initial entries,
Cicuta,maculata,L.,Apiaceae,water hemlock,not_urban,not_urban_tree,152,243,201,273,,182,211,2000,198,182,254,2-Jul,12-Sep,5-Jun,15-Jul,,,,,,156,196,robert says W&E fruit dates I think for initial entries,
Circaea,canadensis,(L.) Hill,Onagaraceae,Enchanter's nightshade,not_urban,not_urban_tree,152,243,182,273,,NA,NA,not in either datasheet,180,180,271,30-Jun,29-Sep,ok,10-Sep,,,,,,180,253,,
Cirsium ,altissima,(L.) Spreng.,Asteraceae,tall thistle,not_urban,not_urban_tree,182,273,213,243,,NA,NA,not in either datasheet,210,210,240,30-Jul,29-Aug,ok,ok,,,,,,210,240,,
Cirsium ,arvense,(L.) Scop.,Asteraceae,canada thistle,not_urban,not_urban_tree,152,273,182,304,,191,244,1986,180,191,313,11-Jul,10-Nov,ok,25-Oct,,,,,,191,298,,
Cirsium ,discolor,(Muhl. ex Willd.) Spreng.,Asteraceae,field thistle,not_urban,not_urban_tree,213,304,213,243,,NA,NA,not in either datasheet,210,210,240,30-Jul,29-Aug,ok,ok,,,,,,210,240,,
Cirsium ,vulgare,(Savi) Ten.,Asteraceae,bull thistle,not_urban,not_urban_tree,182,304,196,273,,213,235,2000,194,213,290,2-Aug,18-Oct,20-Jul,5-Oct,,,,,,201,278,,
Claytonia,virginica,L.,Portulacaceae,spring beauty,not_urban,not_urban_tree,79,130,105,135,,108,134,2000,105,108,138,19-Apr,19-May,ok,ok,,,,,,105,138,shifted 3 days earlier based on Kass' 2019 data,
Clematis,virginiana,L.,Ranunculaceae,virgins bower,not_urban,not_urban_tree,182,232,201,243,,214,240,2000,198,214,256,3-Aug,14-Sep,ok,5-Sep,,,,,,214,248,,
Clinopodium,vulgare,L.,Lamiaceae,wild basil,not_urban,not_urban_tree,152,273,182,212,,187,223,2000,180,187,217,7-Jul,6-Aug,ok,ok,,,,,,187,217,,
Clintonia ,borealis,(Ait.) Raf.,Liliaceae,bluebead,not_urban,not_urban_tree,121,181,145,181,,NA,NA,not in either datasheet,144,144,180,25-May,30-Jun,ok,ok,,,,,,144,180,,
Collinsonia,canadensis,L.,Lamiaceae,horse balm,not_urban,not_urban_tree,182,273,NA,243,,214,262,2000,NA,214,262,3-Aug,20-Sep,ok,15-Sep,,,,,,214,258,,
Conopholis ,americana,(L.) Wallr. f.,Orobanchaceae,squawroot,not_urban,not_urban_tree,121,161,152,212,,NA,NA,not in either datasheet,151,151,211,1-Jun,31-Jul,25-May,15-Jul,,,,,,145,196,,
Convolvulus ,arvensis,L.,Convulvulacea,field bindweed,not_urban,not_urban_tree,121,283,171,212,,NA,NA,not in either datasheet,169,169,210,19-Jun,30-Jul,ok,ok,,,,,,169,210,,
Coptis,trifolia,(L.) Salisb.,Ranunculaceae,gold thread,not_urban,not_urban_tree,91,151,130,150,,NA,NA,not in either datasheet,129,129,149,10-May,30-May,6-May,ok,,,,,,126,149,,
Coreopsis,lanceolata,L.,Asteraceae,Lanceleaf coreopsis,not_urban,not_urban_tree,121,273,NA,NA,,166,261,2000,NA,166,261,16-Jun,19-Sep,ok,ok,,,,,,166,261,,
Coriandrum ,sativum,L.,Apiaceae,cilantro,not_urban,not_urban_tree,NA,NA,NA,NA,,NA,NA,not in either datasheet,NA,NA,NA,NA,NA,,,,,,,,NA,NA,,
Cornus,alternifolia,(L. f.) Small,Cornaceae,alternate-leaved dogwood,not_urban,not_urban_tree,121,161,152,181,,150,163,2000,151,150,179,31-May,29-Jun,20-May,25-Jun,,,,,,140,176,,
Cornus,amomum,(P. Mill.) Small,Cornaceae,silky dogwood,not_urban,not_urban_tree,171,191,NA,227,,167,185,2000,NA,167,185,17-Jun,5-Jul,10-Jun,ok,,,,,,150,185,adjusted 11 days earlier based on Canton 2021 phenology,
Cornus,racemosa,(Lam.) Moldenke,Cornaceae,Gray dogwood,not_urban,not_urban_tree,152,191,NA,NA,,167,185,2000,NA,167,185,17-Jun,5-Jul,15-Jun,ok,,,,,,166,185,,
Cornus,rugosa,(Lam.) Rydb.,Cornaceae,round-leaved dogwood,not_urban,not_urban_tree,152,181,161,181,,165,170,2000,159,165,185,15-Jun,5-Jul,ok,30-Jun,,,,,,165,181,,
Cornus,sericea,(L.) Holub,Cornaceae,red oiser dogwood,not_urban,not_urban_tree,121,151,176,217,,138,186,2000,174,138,179,19-May,29-Jun,15-May,20-Jun,,,,,,135,171,,
Corylus,avellana,,Betulaceae,hazelnut,not_urban,not_urban_tree,60,69,NA,NA,,93,108,2000,NA,93,108,4-Apr,19-Apr,ok,ok,,,,,,93,108,,
Corylus,sp.,,Betulaceae,ornamental hazelnut,not_urban,not_urban_tree,NA,NA,NA,NA,,90,107,2000,NA,90,107,1-Apr,18-Apr,,,1-Apr,15-Apr,,,,91,105,Based on personal observation at Cornell,
Crataegus,sp.,,Rosaceae,hawthorn,not_urban,not_urban_tree,NA,NA,131,162,,NA,NA,these dates (from Cayuga) encompass range of most Crataegus sp. In region,130,130,161,11-May,11-Jun,,,10-May,10-Jun,,,,130,161,"based on most common Crataegus in Wesley 2008 (macropserma, pruinosa, punctata, crus-galli)--I took their whole range.",
Cryptotaenia,canadensis,(L.) DC.,Apiaceae,honewort,not_urban,not_urban_tree,140,191,NA,273,,158,200,2000,NA,158,200,8-Jun,20-Jul,ok,ok,,,,,,158,200,,
Cucumis ,sativus,L.,Cucurbitaceae,cucumber,not_urban,not_urban_tree,NA,NA,NA,NA,,NA,NA,not in either datasheet,NA,NA,NA,NA,NA,,,15-Jun,15-Aug,,,,166,196,Based on personal observations in Ithaca,
Cucurbita,maxima,Duchesne,Cucurbitaceae,domestic squash,not_urban,not_urban_tree,NA,NA,NA,NA,,NA,NA,not in either datasheet,NA,NA,NA,NA,NA,,,15-Jun,20-Sep,,,,166,263,Based on personal observations in Ithaca,
Cucurbita,pepo,L.,Cucurbitaceae,pumpkin,not_urban,not_urban_tree,NA,NA,NA,NA,,NA,NA,not in either datasheet,NA,NA,NA,NA,NA,,,15-Jun,20-Sep,,,,166,263,Based on personal observations in Ithaca,
Cucurbita,pepo var. cylindrica,,Cucurbitaceae,zucchini,not_urban,not_urban_tree,NA,NA,NA,NA,,NA,NA,not in either datasheet,NA,NA,NA,NA,NA,,,15-Jun,1-Sep,,,,166,244,Based on personal observations in Ithaca,
Cuscuta,sp.,,,dodder,not_urban,not_urban_tree,152,273,213,273,,212,253,"Used ""Cuscuta gronovii"" from 2000 set",210,212,272,1-Aug,30-Sep,ok,ok,,,,,,212,272,,
Cynanchum ,rossicum,(Kleopov) Borhidi,Apocynaceae,pale swallowort,not_urban,not_urban_tree,121,212,152,273,,NA,NA,not in either datasheet,151,151,272,1-Jun,30-Sep,25-May,15-Sep,,,,,,145,258,,
Cyperus ,esculentus,L.,Cyperaceae,yellow nutsedge,not_urban,not_urban_tree,NA,NA,NA,NA,,NA,NA,not in either datasheet,NA,NA,NA,NA,NA,,,,,,,,NA,NA,,
Cyperus ,strigosus,L.,Cyperaceae,straw-colored flatsedge,not_urban,not_urban_tree,NA,NA,NA,NA,,NA,NA,not in either datasheet,NA,NA,NA,NA,NA,,,,,,,,NA,NA,,
Dactylis,glomerata,L.,Poaceae,orchardgrass,not_urban,not_urban_tree,NA,NA,NA,NA,,164,183,2000,NA,164,183,14-Jun,3-Jul,10-Jun,ok,,,,,,161,183,,
Datura,stramonium,L.,Solanaceae,jimsonweed,not_urban,not_urban_tree,NA,NA,213,273,,NA,NA,not in either datasheet,210,210,270,30-Jul,28-Sep,25-Jul,ok,,,,,,206,270,,
Daucus ,carota,L.,Apiaceae,wild carrot,not_urban,not_urban_tree,NA,NA,NA,273,,187,299,2000,NA,187,299,7-Jul,27-Oct,28-Jun,ok,,,,,,179,299,,
Daucus ,carota subsp. sativus,,Apiaceae,carrot,not_urban,not_urban_tree,NA,NA,NA,NA,,NA,NA,not in either datasheet,NA,NA,NA,NA,NA,,,,,,,,NA,NA,,
Dennstaedtia ,punctilobula,(Michx.) T. Moore,Dennstaedtiaceae,eastern hay-scented fern,not_urban,not_urban_tree,NA,NA,NA,NA,,NA,NA,not in either datasheet,NA,NA,NA,NA,NA,,,,,,,,NA,NA,,
Desmodium ,canadense,(L.) DC.,Fabaceae,showy-tick trefoil,not_urban,not_urban_tree,182,273,213,273,,204,228,2000,210,204,264,24-Jul,22-Sep,ok,ok,,,,,,204,264,,
Dianthus,armeria,L.,Caryophyllaceae,deptford pink,not_urban,not_urban_tree,121,243,166,222,,178,259,2000,164,178,234,28-Jun,23-Aug,14-Jun,ok,,,,,,165,234,,
Dianthus ,barbatus,L.,Caryophyllaceae,sweet william,not_urban,not_urban_tree,121,243,152,181,,NA,NA,not in either datasheet,151,151,180,1-Jun,30-Jun,ok,ok,,,,,,151,180,,
Dicanthelium,acuminatum,(Sw.) Gould & C.A. Clark,Poaceae,hairy rosette-panicgrass,not_urban,not_urban_tree,NA,NA,115,130,,NA,NA,not in either datasheet,114,114,129,25-Apr,10-May,,,,,,,,NA,NA,,
Dicentra,canadensis,(Goldie) Walp.,Papaveraceae,squirrel corn,not_urban,not_urban_tree,91,151,NA,NA,,116,128,2000,NA,116,128,27-Apr,9-May,ok,ok,,,,,,116,128,,
Digitaria,ischaemum,(Schreb.) Muhl.,Poaceae,smooth crabrass,not_urban,not_urban_tree,NA,NA,NA,NA,,NA,NA,not in either datasheet,NA,NA,NA,NA,NA,,,,,,,,NA,NA,,
Digitaria,sanguinalis,(L.) Scop.,Poaceae,large crabgrass,not_urban,not_urban_tree,NA,NA,NA,NA,,NA,NA,not in either datasheet,NA,NA,NA,NA,NA,,,,,,,,NA,NA,,
Diplotaxis,muralis,(L.) DC.,Brassicaceae,annual wallrocket,not_urban,not_urban_tree,121,304,NA,NA,used PA,NA,NA,not in either datasheet,NA,121,304,2-May,1-Nov,ok,ok,,,,,,121,304,,
Dipsacus,fullonum,L.,Caprifoliaceae,wild teasal,not_urban,not_urban_tree,182,212,NA,304,,202,241,2000,NA,202,241,22-Jul,30-Aug,ok,ok,,,,,,202,241,,
Doellingeria ,umbellata,(P. Mill.) Nees,Asteraceae,flat-topped aster,not_urban,not_urban_tree,NA,NA,222,258,,225,275,2000,219,225,261,14-Aug,19-Sep,ok,ok,,,,,,225,261,,
Dryopteris,carthusiana,(Vill.) H.P. Fuchs,Dryopteridaceae,spinulose wood fern,not_urban,not_urban_tree,NA,NA,NA,NA,,NA,NA,not in either datasheet,NA,NA,NA,NA,NA,,,,,,,,NA,NA,,
Dryopteris,clintoniana,(D.C. Eat.) Dowell,Dryopteridaceae,Clinton's wood fern,not_urban,not_urban_tree,NA,NA,NA,NA,,NA,NA,not in either datasheet,NA,NA,NA,NA,NA,,,,,,,,NA,NA,,
Dryopteris ,cristata,(L.) Gray,Dryopteridaceae,crested wood fern,not_urban,not_urban_tree,NA,NA,NA,NA,,NA,NA,not in either datasheet,NA,NA,NA,NA,NA,,,,,,,,NA,NA,,
Duchesnea,indica,,,Indian strawberry,not_urban,not_urban_tree,60,273,121,181,,128,285,2000,120,128,188,9-May,8-Jul,ok,ok,,,,,,128,188,this now potentilla indica and is duplicated below- Allyson moved to Potentilla indica,
Echinochloa ,crus-galli,(L.) Beauv.,Poaceae,barnyard grass,not_urban,not_urban_tree,NA,NA,NA,NA,,NA,NA,not in either datasheet,NA,NA,NA,NA,NA,,,,,,,,NA,NA,,
Echinocystis,lobata,(L.) Beauv.,Poaceae,Wild cucumber,not_urban,not_urban_tree,182,273,213,243,,214,248,2000,210,214,244,3-Aug,2-Sep,ok,ok,,,,,,214,244,,
Elaeagnus,umbellata,Thunb.,Elaeaganus,autumn olive,not_urban,not_urban_tree,140,151,NA,NA,used PA,NA,NA,not in either datasheet,NA,140,151,21-May,1-Jun,ok,5-Jun,,,,,,140,156,,
Eleocharis,acicularis,(L.) Roemer & J.A. Schultes,Cyperaceae,needle spikerush,not_urban,not_urban_tree,NA,NA,NA,NA,,NA,NA,not in either datasheet,NA,NA,NA,NA,NA,,,,,,,,NA,NA,,
Eleocharis,erythropoda,Steud.,Cyperaceae,bald spikerush,not_urban,not_urban_tree,NA,NA,NA,NA,,NA,NA,not in either datasheet,NA,NA,NA,NA,NA,,,,,,,,NA,NA,,
Eleocharis,intermedia,J.A. Schultes,Cyperaceae,matted spikerush,not_urban,not_urban_tree,NA,NA,NA,NA,,NA,NA,not in either datasheet,NA,NA,NA,NA,NA,,,,,,,,NA,NA,,
Eleocharis,obtusa, J.A Schultes,Cyperaceae,blunt spikerush,not_urban,not_urban_tree,NA,NA,NA,NA,,NA,NA,not in either datasheet,NA,NA,NA,NA,NA,,,,,,,,NA,NA,,
Eleusine ,indica,(L.) Gaertn.,Poaceae,goose grass,not_urban,not_urban_tree,NA,NA,NA,NA,,NA,NA,not in either datasheet,NA,NA,NA,NA,NA,,,,,,,,NA,NA,,
Elymus,villosus,Muhl. ex Willd.,Poaceae,downy wild-rye,not_urban,not_urban_tree,NA,NA,NA,NA,,NA,NA,not in either datasheet,NA,NA,NA,NA,NA,,,,,,,,NA,NA,,
Elymus ,repens,(L.) Gould,Poaceae,quackgrass,not_urban,not_urban_tree,NA,NA,NA,NA,,NA,NA,not in either datasheet,NA,NA,NA,NA,NA,,,,,,,,NA,NA,,
Elymus ,riparius,Wieg,Poaceae,riverbank wild ryegrass,not_urban,not_urban_tree,NA,NA,NA,NA,,209,241,2000,NA,209,241,29-Jul,30-Aug,,,,,,,,NA,NA,,
Epifagus,virginiana,(L.) W. Bart.,Orobanchaceae,beechdrops,not_urban,not_urban_tree,182,304,244,304,,NA,NA,not in either datasheet,241,241,301,30-Aug,29-Oct,ok,ok,,,,,,241,301,,
Epilobium,ciliatum ,Raf.,Onagaraceae,fringed willowherb,not_urban,not_urban_tree,152,273,NA,273,,209,242,2000,NA,209,242,29-Jul,31-Aug,,,ok,ok,,,,209,242,"can't find data to corroborate Mundy, so we will trust Mundy",
Epilobium,coloratum,Buehler,Onagaraceae,purpleleaf willowherb,not_urban,not_urban_tree,182,253,NA,273,,231,231,1986 - bad range,NA,231,231,20-Aug,20-Aug,10-Jul,20-Aug,,,,,,191,232,,
Epilobium,hirsutum,L.,Onagaraceae,hairy willowherb,not_urban,not_urban_tree,182,273,NA,243,,219,228,1986,NA,219,228,8-Aug,17-Aug,20-Jul,20-Aug,,,,,,201,232,,
Epilobium,parviflorum,Schreb.,Onagaraceae,hoary willowherb,not_urban,not_urban_tree,213,273,196,258,,NA,NA,not in either datasheet,194,194,256,14-Jul,14-Sep,ok,ok,,,,,,194,256,,
Epipactis,helleborine,(L.) Crantz,Orchidaceae,broad-leaf helleborine,not_urban,not_urban_tree,152,243,NA,NA,,203,215,2000,NA,203,215,23-Jul,4-Aug,20-Jul,15-Aug,,,,,,201,227,,
Equisetum,arvense,L.,Equisetaceae,Field horsetail,not_urban,not_urban_tree,NA,NA,NA,NA,,NA,NA,not in either datasheet,NA,NA,NA,NA,NA,,,,,,,,NA,NA,,
Equisetum,hyemale,L.,Equisetaceae,puzzlegrass,not_urban,not_urban_tree,NA,NA,NA,NA,,NA,NA,not in either datasheet,NA,NA,NA,NA,NA,,,,,,,,NA,NA,,
Equisetum,sylvaticum,L.,Equisetaceae,woodland horsetail,not_urban,not_urban_tree,NA,NA,NA,NA,,NA,NA,not in either datasheet,NA,NA,NA,NA,NA,,,,,,,,NA,NA,,
Erigeron,annuus,(L.) Pers.,Asteraceae,Daisy fleabane,not_urban,not_urban_tree,121,334,182,273,,158,303,2000,180,158,249,8-Jun,7-Sep,ok,ok,,,,,,158,249,,
Erigeron,canadensis ,L. ,Asteraceae,horseweed,not_urban,not_urban_tree,182,304,213,304,,222,271,2000,210,222,313,11-Aug,10-Nov,ok,ok,,,,,,222,313,,
Erigeron,philadelphicus,L.,Asteraceae,common fleabane,not_urban,not_urban_tree,121,243,152,181,,147,186,2000,151,147,176,28-May,26-Jun,25-May,30-Jun,,,,,,145,181,,
Erigeron ,strigosus,Muhl. ex Willd.,Asteraceae,lesser daisy fleabane,not_urban,not_urban_tree,121,304,NA,273,,180,273,2000,NA,180,273,30-Jun,1-Oct,ok,ok,,,,,,180,273,,
Erysimum,repandum,L.,Brassicaceae,spreading wallflower,not_urban,not_urban_tree,91,243,182,243,,NA,NA,not in either datasheet,180,180,241,30-Jun,30-Aug,,,15-May,15-Jul,,,,134,195,"IW: mid-spring to early summer for 1-2 months, also based on personal observation (Mattoon field in early spring).",
Erythronium,americanum,Ker-Gawl.,Liliaceae,trout lily,not_urban,not_urban_tree,91,151,91,151,,101,124,2000,91,101,161,12-Apr,11-Jun,5-Apr,10-Jun,,,,,,95,151,"seemed really late for end bloom (and according to Kass' data), I adjusted to cayuga flora's 151",
Euonymus,alatus,(Thunb.) Sieb.,Celastraceae,winged wahoo,not_urban,not_urban_tree,91,181,NA,NA,used PA,NA,NA,not in either datasheet,NA,91,181,2-Apr,1-Jul,ok,ok,,,,,,106,181,adjusted 15 days later according to Canton 2021 phenologhy,
Eupatorium,perfoliatum,L.,Asteraceae,common boneset,not_urban,not_urban_tree,182,301,213,273,,208,271,2000,210,208,268,28-Jul,26-Sep,ok,ok,,,,,,208,268,,
Euphorbia,maculata,L.,Euphorbiaceae,spotted spurge,not_urban,not_urban_tree,152,283,182,304,,NA,NA,not in either datasheet,180,180,302,30-Jun,30-Oct,ok,ok,,,,,,180,302,,
Eurybia ,divaricata,(L.) Nesom,Asteraceae,white wood aster,not_urban,not_urban_tree,NA,NA,201,259,,211,302,2000,198,211,269,31-Jul,27-Sep,ok,ok,,,,,,211,269,,
Eurybia ,macrophylla,(L.) Cass.,Asteraceae,large-leaved aster,not_urban,not_urban_tree,NA,NA,213,263,,NA,NA,not in either datasheet,210,210,260,30-Jul,18-Sep,ok,ok,,,,,,210,260,,
Eurybia ,schreberi,(Nees) Nees,Asteraceae,Schreber's aster,not_urban,not_urban_tree,NA,NA,196,273,,194,264,2000,194,194,271,14-Jul,29-Sep,8-Jul,10-Sep,,,,,,189,253,,
Euthamia,graminifolia,(L.) Nutt.,Asteraceae,grass-leaved golderon,not_urban,not_urban_tree,NA,NA,213,273,,221,267,2000,210,221,281,10-Aug,9-Oct,ok,ok,,,,,,221,281,,
Eutrochium,maculatum,(L.) E.E. Lamont,Asteraceae,spotted joe pye weed,not_urban,not_urban_tree,182,273,213,273,,NA,NA,not in either datasheet,210,210,270,30-Jul,28-Sep,ok,ok,,,,,,191,270,Shifted to Jul 10 start based on Canton data,
Eutrochium ,purpureum,(L.) E.E. Lamont,Asteraceae,sweet joe pyeweed,not_urban,not_urban_tree,182,304,213,273,,217,237,1986,210,217,277,6-Aug,5-Oct,ok,ok,,,,,,198,270,"Shifted to match eutrochium mac, but one week later (this was initial diffference reported)",
Fagus ,grandifolium,Ehrh. ,Fagaceae,american beech,not_urban,not_urban_tree,152,181,130,152,,NA,NA,not in either datasheet,129,129,151,10-May,1-Jun,8-May,ok,,,,,,128,151,,
Fallopia ,convolvulus,(L.) A. Löve,Polygonaceae,black bindweed,not_urban,not_urban_tree,NA,NA,182,304,,NA,NA,not in either datasheet,180,180,302,30-Jun,30-Oct,ok,ok,,,,,,180,302,,
Fallopia ,japonica,(Houtt.) R. Decr.,Polygonaceae,japanese knotweed,not_urban,not_urban_tree,NA,NA,NA,NA,used PA,NA,NA,"not present in Cayuga; used conneticut botanical society (wrote ""used PA"" so those values wouldn't be adjusted for phenology shift)",NA,NA,NA,NA,NA,15-Aug,5-Sep,,,,,,227,248,,
Festuca,ovina,L.,Poaceae,sheep fescue,not_urban,not_urban_tree,NA,NA,NA,NA,,NA,NA,not in either datasheet,NA,NA,NA,NA,NA,,,,,,,,NA,NA,,
Festuca,subverticillata,(Pers.) Alexeev,Poaceae,nodding fescue,not_urban,not_urban_tree,NA,NA,NA,NA,,NA,NA,not in either datasheet,NA,NA,NA,NA,NA,,,,,,,,NA,NA,,
Foeniculum ,vulgare,P. Mill.,Apiaceae,fennel,not_urban,not_urban_tree,NA,NA,NA,NA,,NA,NA,not in either datasheet,NA,NA,NA,NA,NA,,,,,,,,NA,NA,,
Fragaria ,vesca,L.,Rosaceae,woodland strawberry,not_urban,not_urban_tree,NA,NA,91,151,,NA,NA,not in either datasheet,91,91,151,2-Apr,1-Jun,1-May,5-Jun,,,,,,121,156,,
Fragaria ,virginiana,Duchesne,Rosaceae,common strawberry,not_urban,not_urban_tree,91,181,130,166,,132,159,2000,129,132,168,13-May,18-Jun,8-May,10-Jun,,,,,,124,161,shifted 4 days earlier start based on Canton phenology 2021,
Fragaria ,x ananassa,,Rosaceae,domestic strawberry,not_urban,not_urban_tree,NA,NA,130,166,,NA,NA,not in either datasheet,129,129,165,10-May,15-Jun,,,10-May,5-Jun,,,,130,156,based on Heather's experience and personal observation 2018,
Frangula,alnus,P. Mill.,Rhamnaceae,glossy buckthorn,not_urban,not_urban_tree,121,181,NA,NA,used PA,NA,NA,not in either datasheet,NA,121,181,2-May,1-Jul,ok,ok,,,,,,121,181,,
Fraxinus,nigra,Marsh.,Oleaceae,black ash,not_urban,not_urban_tree,110,130,121,140,,NA,NA,not in either datasheet,120,120,139,1-May,20-May,25-Apr,15-May,,,,,,115,135,,
Fraxinus ,americana,L.,Oleaceae,white ash,not_urban,not_urban_tree,110,130,130,140,,113,131,2000,129,113,123,24-Apr,4-May,ok,12-May,,,,,,113,132,,
Fraxinus ,pennsylvanica,Marsh.,Oleaceae,red ash,not_urban,not_urban_tree,110,130,130,150,,NA,NA,not in either datasheet,129,129,149,10-May,30-May,5-May,20-May,,,,,,125,140,,
Galinsoga,quadriradiata,Ruiz & Pavón,Asteraceae,hairy galinsoga,not_urban,not_urban_tree,152,334,182,304,,NA,NA,not in either datasheet,180,180,302,30-Jun,30-Oct,ok,ok,,,,,,180,302,,
Galium,aparine,L.,Rubiaceae,cleavers,not_urban,not_urban_tree,31,212,121,151,,133,163,2000,120,133,163,14-May,13-Jun,ok,ok,,,,,,133,163,,
Galium,asprellum,Michx.,Rubiaceae,rough bedstraw,not_urban,not_urban_tree,152,304,182,304,,NA,NA,not in either datasheet,180,180,302,30-Jun,30-Oct,,,10-Jun,20-Aug,,,,161,231,IW May to August,
Galium,boreale,L.,Rubiaceae,northern bedstraw,not_urban,not_urban_tree,152,273,152,212,,NA,NA,not in either datasheet,151,151,211,1-Jun,31-Jul,,,10-Jun,10-Sep,,,,161,253,MW june to September,
Galium,circaezans,Michx.,Rubiaceae,wild licorice,not_urban,not_urban_tree,152,243,171,212,,NA,NA,not in either datasheet,169,169,210,19-Jun,30-Jul,,,ok,ok,,,,169,210,IW early summer for 1 month,
Galium,concinnum,,Rubiaceae,shining bedstraw,not_urban,not_urban_tree,152,243,NA,NA,used PA,NA,NA,not in either datasheet,NA,152,243,2-Jun,1-Sep,,,ok,1-Jul,,,,153,182,IW early summer lasting 2-3 weeks,
Galium,mollugo,L.,Rubiaceae,wild madder,not_urban,not_urban_tree,121,334,152,212,,156,255,2000,151,156,216,6-Jun,5-Aug,1-Jun,ok,,,,,,152,216,,
Galium,palustre,L.,Rubiaceae,marsh bedstraw,not_urban,not_urban_tree,152,181,152,212,,164,193,2000,151,164,224,14-Jun,13-Aug,,,ok,ok,,,,164,224,,
Galium,pilosum,Ait.,Rubiaceae,hairy bedstraw,not_urban,not_urban_tree,152,243,182,212,,NA,NA,not in either datasheet,180,180,210,30-Jun,30-Jul,,,ok,ok,,,,180,210,,
Galium,tinctorium,(L.) Scop.,Rubiaceae,clayton's bedstraw,not_urban,not_urban_tree,152,243,182,212,,NA,NA,not in either datasheet,180,180,210,30-Jun,30-Jul,,,ok,1-Oct,,,,180,274,IW summer 2-3 months,
Galium,trifidum,L.,Rubiaceae,threepetal bedstraw,not_urban,not_urban_tree,152,181,196,243,,NA,NA,not in either datasheet,194,194,241,14-Jul,30-Aug,,,ok,ok,,,,194,241,IW midsummer to late summer 1.5 months,
Galium,triflorum,Michx.,Rubiaceae,fragrant bedstraw,not_urban,not_urban_tree,152,253,182,212,,NA,NA,not in either datasheet,180,180,210,30-Jun,30-Jul,,,ok,30-Aug,,,,180,241,IW summer for 2 months,
Gaultheria,procumbens,L.,Ericaceae,wintergreen,not_urban,not_urban_tree,182,212,182,212,,NA,NA,not in either datasheet,180,180,210,30-Jun,30-Jul,ok,ok,,,,,,180,210,,
Gentiana,clausa,Raf.,Gentianaceae,bottle gentian,not_urban,not_urban_tree,213,304,268,283,,241,279,2000,264,241,256,30-Aug,14-Sep,ok,20-Sep,,,,,,241,263,,
Geranium,maculatum,L.,Geraniaceae,wild geranium,not_urban,not_urban_tree,121,243,121,181,,117,165,2000,120,117,177,28-Apr,27-Jun,ok,ok,,,,,,117,177,,
Geranium,robertianum,L.,Geraniaceae,herb Robert,not_urban,not_urban_tree,121,304,121,273,,NA,NA,2000,120,120,272,1-May,30-Sep,ok,ok,,,,,,120,272,,
Geum,aleppicum,Jacq.,Rosaceae,yellow avens,not_urban,not_urban_tree,121,212,166,196,,NA,NA,1986,164,164,194,14-Jun,14-Jul,ok,ok,,,,,,164,194,,
Geum,canadense,Jacq.,Rosaceae,white avens,not_urban,not_urban_tree,121,243,171,212,,169,237,2000,169,169,210,19-Jun,30-Jul,ok,ok,,,,,,169,210,,
Geum,fragarioides,(Michx.) Smedmark,Rosaceae,barren strawberry,not_urban,not_urban_tree,91,212,115,140,,NA,NA,not in either datasheet,114,114,139,25-Apr,20-May,ok,ok,,,,,,114,139,,
Geum,laciniatum,Murr.,Rosaceae,rough avens,not_urban,not_urban_tree,152,212,NA,NA,used PA,NA,NA,not in either datasheet,NA,152,212,2-Jun,1-Aug,,,2-Jun,15-Jul,,,,153,196,seems OK based on Illinois wildflowers,
Geum,macrophylum,Willd.,Rosaceae,large-leaved avens,not_urban,not_urban_tree,NA,NA,152,243,,NA,NA,Not present in Cayuga; used Minnesota wildflowers,151,151,242,1-Jun,31-Aug,,,1-Jun,1-Aug,,,,152,213,this is state ranking S1--very rare. Check to make sure it is accurate. I changed end bloom date to reflect range of most other geums. This date is not in cayuga…not sure where it came from. Correct spelling macrophyullum,
Glechoma,hederacea,L.,Lamiaceae,ground ivy,not_urban,not_urban_tree,91,181,NA,243,,119,192,2000,NA,119,192,30-Apr,12-Jul,ok,ok,,,,,,119,192,,
Gleditsia ,triacanthos,L.,Fabaceae,honey locust,not_urban,not_urban_tree,121,130,156,176,,NA,NA,not in either datasheet,154,154,174,4-Jun,24-Jun,ok,ok,,,,,,146,174,shifted to May 26 based on Canton data (2021/2024),
Glyceria,grandis,S. Wats.,Poaceae,american mannagrass,not_urban,not_urban_tree,NA,NA,NA,NA,,NA,NA,not in either datasheet,NA,NA,NA,NA,NA,,,,,,,,NA,NA,,
Glyceria,melicaria,(Michx.) F.T. Hubbard,Poaceae,northeastern manna grass,not_urban,not_urban_tree,NA,NA,NA,NA,,NA,NA,not in either datasheet,NA,NA,NA,NA,NA,,,,,,,,NA,NA,,
Glyceria,striata,(Lam.) A.S. Hitchc.,Poaceae,fowl mannagrass,not_urban,not_urban_tree,NA,NA,NA,NA,,NA,NA,not in either datasheet,NA,NA,NA,NA,NA,,,,,,,,NA,NA,,
Glycine,maxima,(L.) Merr.,Fabaceae,soybean,not_urban,not_urban_tree,NA,NA,NA,NA,,NA,NA,not in either datasheet,NA,NA,NA,NA,NA,,,,,,,,171,219,see 'corn_soy_density.xls' for notes on determining this range,
Hackelia ,virginiana,(L.) I.M. Johnston,Boraginaceae,virginia stickseed,not_urban,not_urban_tree,182,243,191,227,,197,218,2000,189,197,233,17-Jul,22-Aug,15-Jul,ok,,,,,,196,233,,
Hamamelis ,virginiana,L.,Hamamelidaceae,witch hazel,not_urban,not_urban_tree,247,334,274,334,,279,330,2000,270,279,339,7-Oct,6-Dec,ok,ok,,,,,,279,339,,
Helianthus ,annuus,L.,Asteraceae,Sunflower,not_urban,not_urban_tree,NA,NA,NA,NA,,NA,NA,not in either datasheet,NA,NA,NA,NA,NA,,,20-Jul,1-Oct,,,,201,274,based on personal observations in Ithaca,
Helianthus ,decapetalus,L.,Asteraceae,thin-leaved sunflower,not_urban,not_urban_tree,182,273,206,273,,186,266,2000,203,186,253,6-Jul,11-Sep,ok,ok,,,,,,186,253,,
Heliopsis ,helianthoides,(L.) Sweet,Asteraceae,false sunflower,not_urban,not_urban_tree,152,273,171,243,,190,251,2000,169,190,262,10-Jul,20-Sep,25-Jun,15-Sep,,,,,,176,258,,
Hemerocallis,fulva,(L.)L.,Hemercallidaceae,daylily,not_urban,not_urban_tree,152,222,171,212,,177,205,2000,169,177,218,27-Jun,7-Aug,ok,ok,,,,,,177,218,this date confirmed by pers obs in Ithaca (june 30),
Hesperis,matronalis,L.,Brassicaceae,dame's rocket,not_urban,not_urban_tree,121,181,152,212,,137,202,2000,151,137,197,18-May,17-Jul,ok,ok,,,,,,137,197,,
Hibiscus,syriacus,L.,Malvaceae,rose of Sharon,not_urban,not_urban_tree,201,253,NA,NA,used PA,NA,NA,not in either datasheet,NA,201,253,21-Jul,11-Sep,ok,ok,,,,,,201,253,,
Hieracium,aurantiacum,L.,Asteraceae,orange hawkweed,not_urban,not_urban_tree,152,273,152,192,,NA,NA,not in either datasheet,151,151,191,1-Jun,11-Jul,ok,ok,,,,,,151,191,,
Hieracium,caespitosum,Dumort.,Asteraceae,king devil hawkweed,not_urban,not_urban_tree,121,334,152,191,,163,202,1986,151,163,202,13-Jun,22-Jul,ok,ok,,,,,,163,202,,
Hieracium,gronovii,L.,Asteraceae,queendevil hawkweed,not_urban,not_urban_tree,182,273,NA,NA,used PA,NA,NA,not in either datasheet,NA,182,273,2-Jul,1-Oct,,,ok,ok,,,,182,273,,
Hieracium,paniculatum,L.,Asteraceae,panicled hawkweed,not_urban,not_urban_tree,182,304,213,254,,NA,NA,not in either datasheet,210,210,251,30-Jul,9-Sep,ok,ok,,,,,,210,251,,
Hieracium,pilosella,L.,Asteraceae,mouse-eared hawkweed,not_urban,not_urban_tree,121,181,152,212,,NA,NA,not in either datasheet,151,151,211,1-Jun,31-Jul,ok,ok,,,,,,151,211,,
Hieracium,sp.,,Asteraceae,hawkweed,not_urban,not_urban_tree,NA,NA,NA,NA,,163,202,2000,NA,163,202,13-Jun,22-Jul,,,1-Jun,9-Sep,,,,152,252,used the whole range of the other hieraciums with exception of gronovii which was based on PA,
Holcus ,lanatus,L.,Poaceae,common velvet grass,not_urban,not_urban_tree,NA,NA,NA,NA,,NA,NA,not in either datasheet,NA,NA,NA,NA,NA,,,,,,,,NA,NA,,
Hordeum,vulgare,L. ,Poaceae,barley,not_urban,not_urban_tree,NA,NA,NA,NA,,NA,NA,not in either datasheet,NA,NA,NA,NA,NA,,,,,,,,NA,NA,,
Hosta ,sp.,,Hostaceae,plantain lilly,not_urban,not_urban_tree,NA,NA,NA,NA,,NA,NA,not in either datasheet,NA,NA,NA,NA,NA,,,15-Jul,10-Oct,,,,179,284,based on website (blog) claiming they bloom end of june/first of jul in virginia; end date based on personal obs in Ithaca. Start date changed to 179 from 196 based on personal obs in Ithaca.,
Hydrocotyle ,americana,,Apiaceae,water pennywort,not_urban,not_urban_tree,121,243,196,243,,NA,NA,not in either datasheet,194,194,241,14-Jul,30-Aug,,,,,,,,196,243,S1 ranking in NYS---perhaps misidentified? Changed from ranunculoides to americana : I put in new bloom from cayuga (jul 15-aug) Emer_Wet9 Ellis,
Hydrophyllum,macrophyllum,L.,Boraginaceae,large-leaved waterleaf,not_urban,not_urban_tree,152,191,NA,NA,used PA,NA,NA,not in either datasheet,NA,152,191,2-Jun,11-Jul,,,, ,,,,171,191,does not occur in NY. Entries moved to H. virginanum (and bloom window made equivalent),
Hydrophyllum ,canadense,L.,Boraginaceae,broadleaf waterleaf,not_urban,not_urban_tree,152,161,171,191,,147,169,2000,169,147,167,28-May,17-Jun,30-May,1-Jul,,,,,,148,182,moved 2 days earlier based on Kass' data,
Hydrophyllum ,virginianum,,Boraginaceae,virginia waterleaf,not_urban,not_urban_tree,121,151,NA,171,,178,234,2000,NA,178,234,28-Jun,23-Aug,20-Jun,10-Jul,,,,,,171,191,,
Hylotelephium,telephium,(L.) H. Ohba,Crassulaceae,witch's moneybags,not_urban,not_urban_tree,NA,NA,213,273,,NA,NA,not in either datasheet,210,210,270,30-Jul,28-Sep,ok,ok,,,,,,210,270,,
Hypericum ,perforatum,L.,Hypericaceae,St. John's wort,not_urban,not_urban_tree,152,273,182,243,,195,240,2000,180,195,256,15-Jul,14-Sep,10-Jul,5-Sep,,,,,,191,248,,
Hypericum ,punctatum,Lam.,Hypericaceae,spotted St. John's wort,not_urban,not_urban_tree,152,243,182,243,,195,270,2000,180,195,256,15-Jul,14-Sep,ok,ok,,,,,,195,256,,
Ilex ,verticillata,(L.) Gray,Aquifoliaceae,winterberry,not_urban,not_urban_tree,121,180,181,212,,NA,NA,not in either datasheet,181,210,209,30-Jun,29-Jul,30-Jun,ok,,,,,,181,209,ALI observation Jun 28 2019 start bloom,
Impatiens,capensis,,Balsaminaceae,jewelweed,not_urban,not_urban_tree,121,NA,213,243,,188,256,2000,210,188,218,8-Jul,7-Aug,ok,ok,,,,,,188,218,,
Ipomoea ,purpurea,(L.) Roth,Convulvulacea,small red morning glory,not_urban,not_urban_tree,213,304,NA,NA,used PA,NA,NA,not in either datasheet,NA,213,304,2-Aug,1-Nov,,,ok,ok,,,,213,304,,
Iris ,versicolor,L.,Iridaceae,large blue flag iris,not_urban,not_urban_tree,121,212,152,181,,110,119,2000,151,110,139,21-Apr,20-May,20-May,2-Jul,,,,,,140,183,,
Juglans ,cinerea,L.,Juglandaceae,butternut,not_urban,not_urban_tree,NA,NA,135,150,,145,160,2000,134,145,160,26-May,10-Jun,20-May,ok,,,,,,140,160,,
Juglans ,nigra,L.,Juglandaceae,black walnut,not_urban,not_urban_tree,NA,NA,135,150,,NA,NA,2000,134,134,149,15-May,30-May,10-May,25-May,,,,,,140,157,shifted May 20 to Jun 6 based on Kass' 2018 data,
Juncus,acuminatus,Michx.,Juncaceae,tapertip rush,not_urban,not_urban_tree,NA,NA,NA,NA,,NA,NA,not in either datasheet,NA,NA,NA,NA,NA,,,,,,,,NA,NA,,
Juncus,brachycephalus,(Engelm.) Buch.,Juncaceae,smallhead rush,not_urban,not_urban_tree,NA,NA,NA,NA,,NA,NA,not in either datasheet,NA,NA,NA,NA,NA,,,,,,,,NA,NA,,
Juncus,effusus,L.,Juncaceae,soft rush,not_urban,not_urban_tree,NA,NA,NA,NA,,NA,NA,not in either datasheet,NA,NA,NA,NA,NA,,,,,,,,NA,NA,,
Juncus,marginatus,Rostk.,Juncaceae,grass-leaved rush,not_urban,not_urban_tree,NA,NA,NA,NA,,NA,NA,not in either datasheet,NA,NA,NA,NA,NA,,,,,,,,NA,NA,,
Juncus,pylaei,Laharpe,Juncaceae,pylaei soft rush,not_urban,not_urban_tree,NA,NA,NA,NA,,NA,NA,not in either datasheet,NA,NA,NA,NA,NA,,,,,,,,NA,NA,,
Juncus,tenuis,Willd.,Juncaceae,path rush,not_urban,not_urban_tree,NA,NA,NA,NA,,162,177,2000,NA,162,177,12-Jun,27-Jun,,,,,,,,NA,NA,,
Juniperus ,virginiana,L.,Cupressaceae,red cedar,not_urban,not_urban_tree,NA,NA,NA,NA,,NA,NA,not in either datasheet,NA,NA,NA,NA,NA,,,,,,,,NA,NA,,
Lactuca,canadensis,L.,Asteraceae,canada wild lettuce,not_urban,not_urban_tree,152,273,182,273,,183,223,2000,180,183,274,3-Jul,2-Oct,ok,ok,,,,,,183,274,,
Lactuca,sativa,L.,Asteraceae,lettuce,not_urban,not_urban_tree,NA,NA,NA,NA,,NA,NA,not in either datasheet,NA,NA,NA,NA,NA,,,,,,,,NA,NA,,
Lamium,album,L.,Lamiaceae,white dead-nettle,not_urban,not_urban_tree,91,273,NA,NA,used PA,NA,NA,not in either datasheet,NA,91,273,2-Apr,1-Oct,,,15-May,15-Sep,,,,135,258,website says 'late spring to late summer' https://worldoffloweringplants.com/lamium-album-white-dead-nettle/,
Lamium,amplexicaule,L.,Lamiaceae,henbit,not_urban,not_urban_tree,91,304,121,151,,NA,NA,not in either datasheet,120,120,150,1-May,31-May,1-May,25-Jun,,,,,,121,176,,
Lamium,purpureum,L.,Lamiaceae,purple dead nettle,not_urban,not_urban_tree,NA,NA,91,212,,NA,NA,Data removed (Mundy 2000 says 197-232),91,91,212,2-Apr,1-Aug,5-Apr,10-Jun,,,,,,95,161,,
Lapsana,communis,L.,Asteraceae,common nipplewort,not_urban,not_urban_tree,152,273,182,243,,NA,NA,end date not present,180,180,241,30-Jun,30-Aug,ok,ok,,,,,,180,241,,
Leersia ,oryzoides,(L.) Sw.,Poaceae,rice cutgrass,not_urban,not_urban_tree,NA,NA,NA,NA,,NA,NA,not in either datasheet,NA,NA,NA,NA,NA,,,,,,,,NA,NA,,
Lemna,minor,L.,Araceae,duckweed,not_urban,not_urban_tree,NA,NA,NA,NA,,NA,NA,not in either datasheet,NA,NA,NA,NA,NA,,,,,,,,NA,NA,,
Leonurus ,cardiaca,L.,Lamiaceae,motherwort,not_urban,not_urban_tree,152,243,182,273,,136,171,2000,180,136,227,17-May,16-Aug,25-Jun,20-Aug,,,,,,176,232,,
Leucantheum ,vulgare,Lam.,Asteraceae,oxeye daisy,not_urban,not_urban_tree,121,304,152,212,,155,246,2000,151,155,215,5-Jun,4-Aug,ok,ok,,,,,,155,215,ALI obs in Ithaca of Jun 26 but not sure this was necessarily the first---first I noticed though.,
Ligustrum,vulgare,L.,Oleaceae,privet,not_urban,not_urban_tree,152,191,152,212,,NA,NA,2000,151,151,211,1-Jun,31-Jul,ok,ok,,,,,,151,211,,
Lilium ,canadense,L.,Liliaceae,Canada Lily,not_urban,not_urban_tree,152,191,182,212,,NA,NA,2000,180,180,210,30-Jun,30-Jul,ok,ok,,,,,,180,210,,
Linaria, vulgaris,P. Mill.,Plantaginaceae,butter-and-eggs,not_urban,not_urban_tree,152,304,152,304,,108,128,2000,151,108,260,19-Apr,18-Sep,20-May,ok,,,,,,140,260,,
Lindera,benzoin,(L.) Blume,Lauraceae,spicebush,not_urban,not_urban_tree,79,120,110,130,,NA,NA,Data removed (Mundy 2000 says 157-179),110,110,130,21-Apr,11-May,ok,ok,,,,,,110,130,,
Lindernia,dubia,(L.) Pennell,Linderniaceae,false pimpernel,not_urban,not_urban_tree,NA,NA,213,243,,NA,NA,not in either datasheet,210,210,240,30-Jul,29-Aug,,,ok,ok,,,,210,240,illinois wildflowers--summer to early fall,
Liriodendron,tulipifera,L.,Magnoliaceae,tulip poplar,not_urban,not_urban_tree,140,151,152,171,,132,175,2000,151,132,151,13-May,1-Jun,25-May,20-Jun,,,,,,145,171,,
Lithospermum,latifolium,,Boraginaceae,,not_urban,not_urban_tree,141,181,152,181,,NA,NA,2000,151,151,180,1-Jun,30-Jun,ok,ok,,,,,,151,180,,
Lobelia,erinus,,Campanulaceae,garden lobelia,not_urban,not_urban_tree,121,212,NA,NA,,NA,NA,not in either datasheet,NA,121,212,2-May,1-Aug,,,10-May,10-Aug,,,,130,222,personal observation in Ithaca,
Lobelia,inflata,L.,Campanulaceae,Indian tobacco,not_urban,not_urban_tree,152,243,182,212,,NA,NA,2000,180,180,210,30-Jun,30-Jul,ok,10-Aug,,,,,,180,222,,
Lobelia ,siphilitica,L.,Campanulaceae,great blue lobelia,not_urban,not_urban_tree,213,273,243,273,,NA,NA,2000,240,240,270,29-Aug,28-Sep,20-Aug,ok,,,,,,232,270,,
Lolium, multiflorum,Lam.,Poaceae,itlaian ryegrass,not_urban,not_urban_tree,NA,NA,NA,NA,,NA,NA,not in either datasheet,NA,NA,NA,NA,NA,,,,,,,,NA,NA,,
Lolium ,perenne,L.,Poaceae,perennial rye-grass,not_urban,not_urban_tree,NA,NA,NA,NA,,NA,NA,not in either datasheet,NA,NA,NA,NA,NA,,,,,,,,NA,NA,,
Lonicera ,morrowii,Gray,Caprifoliaceae,Morrow's honeysuckle,not_urban,not_urban_tree,121,151,NA,NA,,134,153,2000,NA,134,153,15-May,3-Jun,ok,ok,,,,,,134,160,shifted 7 days later for end bloom based on Kass' data 2019,
Lonicera ,tatarica,L.,Caprifoliaceae,tartarian honeysuckle,not_urban,not_urban_tree,121,151,130,166,,NA,NA,2000,129,129,165,10-May,15-Jun,ok,ok,,,,,,129,165,,
Lotus,corniculatus,L. ,Fabaceae,birds-foot trefoil,not_urban,not_urban_tree,121,273,NA,NA,,163,182,2000,NA,163,182,13-Jun,2-Jul,ok,5-Aug,,,,,,163,218,,
Ludwigia ,palustris,(L.) Ell.,Onagraceae,marsh seedbox,not_urban,not_urban_tree,182,273,213,273,,NA,NA,not in either datasheet,210,210,270,30-Jul,28-Sep,,,ok,ok,,,,210,270,illinois wildflowers--mid-summer into the fall,
Luzula,acuminata,Raf.,Juncaceae,hairy woodrush,not_urban,not_urban_tree,NA,NA,NA,NA,,NA,NA,not in either datasheet,NA,NA,NA,NA,NA,,,,,,,,NA,NA,,
Lycopodium,sp. ,,,club moss,not_urban,not_urban_tree,NA,NA,NA,NA,,NA,NA,not in either datasheet,NA,NA,NA,NA,NA,,,,,,,,NA,NA,,
Lycopus,americanus,Muhl. ex W. Bart.,Lamiaceae,water horehound,not_urban,not_urban_tree,152,253,206,243,,189,233,2000,203,189,226,9-Jul,15-Aug,20-Jun,30-Jul,,,,,,171,211,,
Lycopus,uniflorus,Michx.,Lamiaceae,northern bugleweed,not_urban,not_urban_tree,152,253,176,243,,NA,NA,not in either datasheet,174,174,241,24-Jun,30-Aug,20-Jul,ok,,,,,,201,241,,
Lysimachia,ciliata,L.,Myrsinaceae,yellow fringed-loosestrife,not_urban,not_urban_tree,152,243,NA,258,,168,200,2000,NA,168,200,18-Jun,20-Jul,5-Jul,15-Aug,,,,,,186,227,,
Lysimachia,nummularia,L.,Myrsinaceae,moneywort,not_urban,not_urban_tree,140,304,NA,201,,192,263,2000,NA,192,263,12-Jul,21-Sep,15-Jun,20-Jul,,,,,,166,201,,
Lysimachia,punctata,L.,Myrsinaceae,large yellow loosestrife,not_urban,not_urban_tree,121,212,NA,NA,used PA,NA,NA,not in either datasheet,NA,121,212,2-May,1-Aug,,,15-Jun,1-Sep,,,,166,244,based on a few websites---triangulating,
Lysimachia,terrestris,(L.) B.S.P.,Myrsinaceae,swamp loosestrife,not_urban,not_urban_tree,152,243,182,212,,NA,NA,not in either datasheet,180,180,210,30-Jun,30-Jul,ok,ok,,,,,,180,210,,
Lythrum ,salicaria,L.,Lythraceae,purple-loosestrife,not_urban,not_urban_tree,182,273,201,232,,NA,NA,2000,198,198,229,18-Jul,18-Aug,15-Jul,20-Aug,,,,,,196,232,,
Maclura ,pomifera,(Raf.) Schneid,Moraceae,osage-orange,not_urban,not_urban_tree,152,181,152,181,,NA,NA,not in either datasheet,151,151,180,1-Jun,30-Jun,ok,ok,,,,,,151,180,,
Magnolia ,acuminata,L.,Magnoliaceae,cucumber tree,not_urban,not_urban_tree,121,151,140,161,,145,165,2000,139,145,166,26-May,16-Jun,ok,ok,,,,,,145,166,,
Maianthemum ,canadensis,Desf.,Ruscaceae,Canada mayflower,not_urban,not_urban_tree,121,161,145,171,,124,140,2000,144,124,150,5-May,31-May,10-May,10-Jun,,,,,,130,161,,
Maianthemum ,racemosum,(L.) Link,Ruscaceae,false solomon seal,not_urban,not_urban_tree,121,151,140,181,,138,179,2000,139,138,179,19-May,29-Jun,15-May,20-Jun,,,,,,135,171,,
Malus ,baccata,(L.) Borkh.,Rosaceae,crabapple,not_urban,not_urban_tree,91,140,135,161,,NA,NA,2000,134,134,160,15-May,10-Jun,,,ok,ok,,,,105,135,ALI obs start in Canton (this if for crab apple),
Malus ,pumila,P. Mill.,Rosaceae,apple,not_urban,not_urban_tree,NA,NA,121,145,,NA,NA,Data removed (Mundy 2000 says 177-209),120,120,144,1-May,25-May,ok,ok,,,,,,120,144,,
Malva,moschata,L.,Malvaceae,musk mallow,not_urban,not_urban_tree,121,253,166,196,,178,224,2000,164,178,208,28-Jun,28-Jul,20-Jun,25-Jul,,,,,,171,206,,
Malva,neglecta,Wallr.,Malvaceae,common mallow,not_urban,not_urban_tree,121,243,152,304,,NA,NA,not in either datasheet,151,151,303,1-Jun,31-Oct,ok,ok,,,,,,151,303,,
Matteuccia ,struthiopteris,(L.) Todaro,Onoclearceae,ostrich fern,not_urban,not_urban_tree,NA,NA,NA,NA,,NA,NA,not in either datasheet,NA,NA,NA,NA,NA,,,,,,,,NA,NA,,
Medeola,virginiana,L.,Liliaceae,indian cucumber root,not_urban,not_urban_tree,121,273,152,181,,NA,NA,not in either datasheet,151,151,180,1-Jun,30-Jun,25-May,28-Jun,,,,,,145,179,,
Medicago,lupulina,L.,Fabaceae,black medic,not_urban,not_urban_tree,140,130,NA,273,,184,244,2000,NA,184,244,4-Jul,2-Sep,10-Jun,ok,,,,,,161,244,,
Medicago,sativa,L.,Fabaceae,alfalfa,not_urban,not_urban_tree,121,304,152,212,,NA,NA,not in either datasheet,151,151,211,1-Jun,31-Jul,ok,ok,,,,,,151,211,,
Melilotus ,albus,Medik.,Fabaceae,white sweet clover,not_urban,not_urban_tree,121,334,152,304,,NA,NA,2000,151,151,303,1-Jun,31-Oct,ok,ok,,,,,,151,303,,
Melilotus ,officinalis,(L.) Lam,Fabaceae,yellow sweet clover,not_urban,not_urban_tree,121,334,152,212,,171,181,2000,151,171,231,21-Jun,20-Aug,15-Jun,ok,,,,,,166,231,,
Menispermum ,canadense,L.,Menispermaceae,moonseed,not_urban,not_urban_tree,273,304,152,181,,NA,NA,2000,151,151,180,1-Jun,30-Jun,ok,ok,,,,,,151,180,,
Mentha ,arvensis,L.,Lamiaceae,wild mint,not_urban,not_urban_tree,152,273,182,273,,NA,NA,2000,180,180,271,30-Jun,29-Sep,ok,ok,,,,,,180,271,,
Mentha ,spicata,L.,Lamiaceae,spearmint,not_urban,not_urban_tree,NA,NA,213,273,,NA,NA,not in either datasheet,210,210,270,30-Jul,28-Sep,ok,ok,,,,,,210,270,,
Mimulus ,ringens,L.,Phrymaceae,square-stem monkey flower,not_urban,not_urban_tree,152,243,182,243,,NA,NA,2000,180,180,241,30-Jun,30-Aug,ok,ok,,,,,,180,241,,
Mitchella ,repens,L.,Rubiaceae,partridge berry,not_urban,not_urban_tree,152,181,176,206,,NA,NA,not in either datasheet,174,174,204,24-Jun,24-Jul,10-Jun,20-Jul,,,,,,161,201,,
Mitella,diphylla,L.,Saxifragaceae,two-leaf miterwort,not_urban,not_urban_tree,NA,NA,NA,151,,181,261,2000,NA,181,261,1-Jul,19-Sep,2-May,29-May,,,,,,122,149,,
Monarda,fistulosa,L.,Lamiaceae,wild bergamot,not_urban,not_urban_tree,152,273,201,253,,219,256,2000,198,219,271,8-Aug,29-Sep,20-Jul,ok,,,,,,201,271,,
Monotropa,uniflora,L.,Ericaceae,Indian pipe,not_urban,not_urban_tree,NA,NA,182,243,,144,223,2000,180,144,205,25-May,25-Jul,ok,ok,,,,,,144,205,,
Morus,alba,L.,Moraceae,white mulberry,not_urban,not_urban_tree,121,152,140,161,,NA,NA,not in either datasheet,139,139,160,20-May,10-Jun,ok,ok,,,,,,139,160,,
Myosotis ,scirpioides,L.,Boraginaceae,white mulberry,not_urban,not_urban_tree,152,273,166,201,,124,173,2000,164,124,159,5-May,9-Jun,5-Jun,15-Jul,,,,,,156,196,,
Nabalus,albus,(L.) Hook.,Asteraceae,white lettuce,not_urban,not_urban_tree,182,304,213,258,,NA,NA,not in either datasheet,210,210,255,30-Jul,13-Sep,ok,ok,,,,,,210,255,,
Nasturtium ,officinale,Ait. f.,Brassicaceae,watercress,not_urban,not_urban_tree,91,273,152,212,,NA,NA,2000,151,151,211,1-Jun,31-Jul,ok,ok,,,,,,151,211,,
Nepeta ,cataria,L. ,Lamiaceae,catnip,not_urban,not_urban_tree,182,304,182,304,,208,271,2000,180,208,330,28-Jul,27-Nov,28-Jun,20-Oct,,,,,,170,293,updated from 179 to 170 based on ALI personal obs in ithaca,
Ocimum ,basilicum,L. ,Lamiaceae,basil,not_urban,not_urban_tree,NA,NA,NA,NA,,NA,NA,not in either datasheet,NA,NA,NA,NA,NA,,,1-Jul,25-Sep,,,,182,268,based on personal observations in Ithaca,
Oenothera ,biennis,L.,Onagraceae,Common evening-primrose,not_urban,not_urban_tree,152,283,182,243,,173,199,2000,180,173,234,23-Jun,23-Aug,ok,ok,,,,,,173,234,,
Oenothera ,perennis,L.,Onagraceae,small sundrops,not_urban,not_urban_tree,140,222,171,212,,NA,NA,not in either datasheet,169,169,210,19-Jun,30-Jul,15-Jun,ok,,,,,,166,210,,
Onoclea ,sensibilis,L.,Onoclearceae,sensitive fern,not_urban,not_urban_tree,NA,NA,NA,NA,,NA,NA,not in either datasheet,NA,NA,NA,NA,NA,,,,,,,,NA,NA,,
Ornithogalum,nutans,L.,Hyacinthaceae,nodding star-of-Bethlehem,not_urban,not_urban_tree,91,151,NA,NA,used PA,NA,NA,not in either datasheet,NA,91,151,2-Apr,1-Jun,ok,ok,,,,,,91,151,,
Osmorhiza,longistylis,(L.) Scop.,Apiaceae,sweet cicely,not_urban,not_urban_tree,121,181,171,212,,150,284,2000,169,150,191,31-May,11-Jul,20-May,15-Jun,,,,,,140,166,,
Osmunda,claytoniana,L.,Osmundaceae,interupted fern,not_urban,not_urban_tree,NA,NA,NA,NA,,NA,NA,not in either datasheet,NA,NA,NA,NA,NA,,,,,,,,NA,NA,,
Osmunda ,regalis,L.,Osmundaceae,royal fern,not_urban,not_urban_tree,NA,NA,NA,NA,,NA,NA,not in either datasheet,NA,NA,NA,NA,NA,,,,,,,,NA,NA,,
Osmundastrum ,cinnamomeum,(L.) C. Presl,Osmundaceae,cinnamon fern,not_urban,not_urban_tree,NA,NA,NA,NA,,NA,NA,not in either datasheet,NA,NA,NA,NA,NA,,,,,,,,NA,NA,,
Ostrya ,virginiana,(P. Mill) K. Koch,Betulaceae,american hophornbeam,not_urban,not_urban_tree,110,130,115,135,,NA,NA,not in either datasheet,114,114,134,25-Apr,15-May,ok,ok,,,,,,114,134,,
Oxalis,dillenii,Jacq.,Oxalidaceae,slender yellow wood sorrel,not_urban,not_urban_tree,121,273,121,243,,NA,NA,1986,120,120,242,1-May,31-Aug,,,ok,ok,,,,120,242,,
Oxalis,stricta,L.,Oxalidaceae,yellow wood sorrel,not_urban,not_urban_tree,121,273,121,243,,NA,NA,2000,120,120,242,1-May,31-Aug,ok,ok,,,,,,120,242,,
Packera,aurea,(L.) A. & D. Löve,Asteraceae,golden ragwort,not_urban,not_urban_tree,121,212,135,181,,NA,NA,2000,134,134,180,15-May,30-Jun,ok,ok,,,,,,134,180,,
Panicum ,capillare,L. ,Poaceae,witch grass,not_urban,not_urban_tree,NA,NA,NA,NA,,NA,NA,not in either datasheet,NA,NA,NA,NA,NA,,,,,,,,NA,NA,,
Panicum ,dichotomiflorum,Michx.,Poaceae,fall panicum,not_urban,not_urban_tree,NA,NA,NA,NA,,NA,NA,not in either datasheet,NA,NA,NA,NA,NA,,,,,,,,NA,NA,,
Parthenocissus,quinquifolia,(L.) Planch.,vitaceae,virginia creeper,not_urban,not_urban_tree,121,181,166,212,,NA,NA,not in either datasheet,164,164,210,14-Jun,30-Jul,ok,ok,,,,,,164,210,,
Pastinaca,sativa,L.,Apiaceae,wild parsnip,not_urban,not_urban_tree,152,201,182,243,,165,200,2000,180,165,226,15-Jun,15-Aug,10-Jun,15-Jul,,,,,,161,211,extended the end bloom by 15 days based on personal observation.,
Penstemon ,digitalis,Nutt. ex Sims,Plantaginaceae,foxglove beardtongue,not_urban,not_urban_tree,152,222,152,243,,152,203,2000,151,152,243,2-Jun,1-Sep,ok,20-Jul,,,,,,152,201,,
Penthorum,sedioides,L.,Penthoraceae,ditch stonecrop,not_urban,not_urban_tree,182,253,191,243,,NA,NA,2000,189,189,241,9-Jul,30-Aug,ok,ok,,,,,,189,241,,
Persicaria,arifolium,(L.) Haroldson,Polygonaceae,halberdleaf tearthumb,not_urban,not_urban_tree,NA,NA,213,273,,NA,NA,not in either datasheet,210,210,270,30-Jul,28-Sep,ok,ok,,,,,,210,270,,
Persicaria,coccinea,(Muhl. ex Willd.) Greene,Polygonaceae,scarlet smarteweed,not_urban,not_urban_tree,NA,NA,213,273,,NA,NA,not in either datasheet,210,210,270,30-Jul,28-Sep,ok,ok,,,,,,210,270,,
Persicaria,hydropiper,(L.) Opiz,Polygonaceae,water pepper,not_urban,not_urban_tree,NA,NA,213,273,,NA,NA,not in either datasheet,210,210,270,30-Jul,28-Sep,ok,ok,,,,,,210,270,,
Persicaria,hydropiperoides,(Michx.) Small,Polygonaceae,mild water pepper,not_urban,not_urban_tree,NA,NA,213,273,,NA,NA,not in either datasheet,210,210,270,30-Jul,28-Sep,ok,ok,,,,,,210,270,,
Persicaria,lapathifolia,(L.) S.F. Gray,Polygonaceae,curlytop knotweed,not_urban,not_urban_tree,NA,NA,182,273,,181,229,1986,180,181,272,1-Jul,30-Sep,ok,ok,,,,,,181,272,,
Persicaria,maculosa,S.F. Gray,Polygonaceae,spotted lady's thumb,not_urban,not_urban_tree,NA,NA,182,273,,NA,NA,1986,180,180,271,30-Jun,29-Sep,ok,ok,,,,,,180,271,,
Persicaria,pensylvanica,(L.) G. Maza,Polygonaceae,Pennsylvania Smartweed,not_urban,not_urban_tree,NA,NA,213,273,,225,268,1986,210,225,285,14-Aug,13-Oct,ok,ok,,,,,,225,285,,
Persicaria,punctata,(Ell.) Small,Polygonaceae,dotted smartweed,not_urban,not_urban_tree,NA,NA,213,273,,NA,NA,not in either datasheet,210,210,270,30-Jul,28-Sep,ok,ok,,,,,,210,270,,
Persicaria,sagittata,(L.) H. Gross,Polygonaceae,arrowleaf tearthumb,not_urban,not_urban_tree,NA,NA,213,273,,NA,NA,not in either datasheet,210,210,270,30-Jul,28-Sep,ok,ok,,,,,,210,270,,
Persicaria,virginiana,(L.) Gaertn.,Polygonaceae,virginia knotweed,not_urban,not_urban_tree,NA,NA,213,273,,197,237,1986,210,197,257,17-Jul,15-Sep,ok,ok,,,,,,197,257,,
Petroselinum,crispum,(P. Mill.) Nyman ex A.W. Hill,Apiaceae,parsley,not_urban,not_urban_tree,NA,NA,NA,NA,,NA,NA,not in either datasheet,NA,NA,NA,NA,NA,,,,,,,,NA,NA,,
Phalaris ,arundinacea,L.,Poaceae,reed canary grass,not_urban,not_urban_tree,NA,NA,NA,NA,,140,164,2000,NA,140,164,21-May,14-Jun,ok,25-Jun,,,,,,140,176,,
Phaseolus ,vulgaris,L.,Fabaceae,green bean,not_urban,not_urban_tree,NA,NA,NA,NA,,NA,NA,not in either datasheet,NA,NA,NA,NA,NA,,,20-Jun,20-Sep,,,,171,263,Based on personal observations in Ithaca,
Phleum,pratense,L.,Fabaceae,timothy-grass,not_urban,not_urban_tree,NA,NA,NA,NA,,126,155,2000,NA,126,155,7-May,5-Jun,5-Jun,5-Jul,,,,,,156,186,,
Phragmites,australis subsp. australis,(Cav.) Trin. ex Steud.,Poaceae,common reed,not_urban,not_urban_tree,NA,NA,NA,NA,,NA,NA,not in either datasheet,NA,NA,NA,NA,NA,,,,,,,,NA,NA,,
Physalis,longifolia,Nutt.,Solanaceae,long-leaved ground cherry,not_urban,not_urban_tree,NA,NA,182,273,,NA,NA,not in either datasheet,180,180,271,30-Jun,29-Sep,,,15-Jun,15-Aug,,,,166,227,from http://www.kansasnativeplants.com/guide/plant_detail.php?plnt_id=478,
Physalis ,philadelphica,Lam.,Solanaceae,tomatillo,not_urban,not_urban_tree,152,304,182,273,,NA,NA,not in either datasheet,180,180,271,30-Jun,29-Sep,,,15-Jun,1-Oct,,,,166,274,personal observation in Ithaca,
Phytolacca ,americana,L.,Phytolaccaceae,american pokeweed,not_urban,not_urban_tree,152,304,182,243,,NA,NA,2000,180,180,241,30-Jun,30-Aug,ok,ok,,,,,,180,241,,
Picea ,abies,(L.) Karst.,Pinaceae,norway spruce,not_urban,not_urban_tree,NA,NA,NA,NA,,NA,NA,not in either datasheet,NA,NA,NA,NA,NA,,,,,,,,NA,NA,,
Picea ,glauca,(Moench) Voss,Pinaceae,white spruce,not_urban,not_urban_tree,NA,NA,NA,NA,,NA,NA,not in either datasheet,NA,NA,NA,NA,NA,,,,,,,,NA,NA,,
Pilea ,pumila,(L.) Gray,Urticaceae,clearweed,not_urban,not_urban_tree,NA,NA,182,273,,157,256,2000,180,157,248,7-Jun,6-Sep,ok,ok,,,,,,157,248,,
Pinus,resinosa,Ait.,Pinaceae,red pine,not_urban,not_urban_tree,NA,NA,NA,NA,,NA,NA,not in either datasheet,NA,NA,NA,NA,NA,,,,,,,,NA,NA,,
Pinus,strobus,L.,Pinaceae,white pine,not_urban,not_urban_tree,NA,NA,NA,NA,,NA,NA,not in either datasheet,NA,NA,NA,NA,NA,,,,,,,,NA,NA,,
Pinus,sylvestris,L.,Pinaceae,Scotch Pine,not_urban,not_urban_tree,NA,NA,NA,NA,,NA,NA,not in either datasheet,NA,NA,NA,NA,NA,,,,,,,,NA,NA,,
Pisum,sativum,L.,Fabaceae,field pea,not_urban,not_urban_tree,NA,NA,NA,NA,,NA,NA,not in either datasheet,NA,NA,NA,NA,NA,,,1-Jun,1-Aug,,,,152,213,personal observation in Ithaca,
Plantago,lanceolata,L.,Plantaginaceae,narrow-leaved plantain,not_urban,not_urban_tree,121,283,152,243,,NA,NA,2000,151,151,242,1-Jun,31-Aug,ok,ok,,,,,,151,242,,
Plantago,major,L.,Plantaginaceae,wide-leaf plantain,not_urban,not_urban_tree,152,273,152,273,,135,153,2000,151,135,256,16-May,14-Sep,ok,ok,,,,,,135,256,,
Platanus ,occidentalis,L.,Platanaceae,American sycamore,not_urban,not_urban_tree,91,120,152,181,,NA,NA,not in either datasheet,151,151,180,1-Jun,30-Jun,ok,ok,,,,,,151,180,,
Poa,alsodes,Gray.,Poaceae,grove bluegrass,not_urban,not_urban_tree,NA,NA,NA,NA,,NA,NA,not in either datasheet,NA,NA,NA,NA,NA,,,,,,,,NA,NA,,
Poa,annua,L.,Poaceae,annual bluegrass,not_urban,not_urban_tree,NA,NA,NA,NA,,NA,NA,not in either datasheet,NA,NA,NA,NA,NA,,,,,,,,NA,NA,,
Poa,compressa,L.,Poaceae,canada bluegrass,not_urban,not_urban_tree,NA,NA,NA,NA,,NA,NA,not in either datasheet,NA,NA,NA,NA,NA,,,,,,,,NA,NA,,
Poa,palustris,L.,Poaceae,fowl bluegrass,not_urban,not_urban_tree,NA,NA,NA,NA,,NA,NA,not in either datasheet,NA,NA,NA,NA,NA,,,,,,,,NA,NA,,
Poa,pratensis,L.,Poaceae,Kentucky bluegrass,not_urban,not_urban_tree,NA,NA,NA,NA,,NA,NA,not in either datasheet,NA,NA,NA,NA,NA,,,,,,,,NA,NA,,
Poa,pratensis subsp. angustifolia,,Poaceae,Kentucky bluegrass,not_urban,not_urban_tree,NA,NA,NA,NA,,NA,NA,not in either datasheet,NA,NA,NA,NA,NA,,,,,,,,NA,NA,,
Poa,trivialis,L.,Poaceae,rough bluegrass,not_urban,not_urban_tree,NA,NA,NA,NA,,NA,NA,not in either datasheet,NA,NA,NA,NA,NA,,,,,,,,NA,NA,,
Podophyllum,peltata,L.,Berberidaceae,mayapple,not_urban,not_urban_tree,121,151,140,161,,126,167,2000,139,126,147,7-May,28-May,10-May,5-Jun,,,,,,130,156,,
Polygala,paucifolia,Willd.,Polygalaceae,gaywings,not_urban,not_urban_tree,121,181,121,151,,NA,NA,not in either datasheet,120,120,150,1-May,31-May,ok,ok,,,,,,120,150,,
Polygonatum,biflorum,(Walt.) Ell.,Ruscaceae,smooth solomon seal,not_urban,not_urban_tree,91,181,152,181,,128,151,2000,151,128,157,9-May,7-Jun,20-May,10-Jun,,,,,,140,161,,
Polygonatum,pubescens,(Willd.) Pursh,Ruscaceae,hairy solomon's seal,not_urban,not_urban_tree,NA,NA,121,151,,NA,NA,2000,120,120,150,1-May,31-May,ok,ok,,,,,,120,150,,
Polygonum,aviculare,L.,Polygonaceae,Prostrate knotweed,not_urban,not_urban_tree,NA,NA,182,304,,NA,NA,not in either datasheet,180,180,302,30-Jun,30-Oct,ok,ok,,,,,,180,302,,
Polystichum ,acrostichoides,(Michx.) Schott,Dryopteridaceae,Christmas fern,not_urban,not_urban_tree,NA,NA,NA,NA,,NA,NA,not in either datasheet,NA,NA,NA,NA,NA,,,,,,,,NA,NA,,
Populus,deltoides,Bartr. ex Marsh.,Salicaceae,cottonwood,not_urban,not_urban_tree,NA,NA,115,130,,NA,NA,Data removed (Mundy 2000 says 174-229),114,114,129,25-Apr,10-May,ok,ok,,,,,,106,125,"bumped ahead 8 days based on Canton phenology (2021), end date pushed ahead 4 days to be more conservative with window",
Populus,grandidentata,Michx.,Salicaceae,big tooth aspen,not_urban,not_urban_tree,NA,NA,100,120,,NA,NA,not in either datasheet,100,100,120,11-Apr,1-May,ok,ok,,,,,,100,120,,
Populus,tremuloides,Michx.,Salicaceae,quaking aspen,not_urban,not_urban_tree,NA,NA,84,105,,NA,NA,not in either datasheet,84,84,105,26-Mar,16-Apr,ok,ok,,,,,,84,105,,
Portulaca ,oleracea,L.,Portulacaceae,purslane,not_urban,not_urban_tree,NA,NA,182,273,,NA,NA,not in either datasheet,180,180,271,30-Jun,29-Sep,ok,ok,,,,,,180,271,,
Potamogeton,natans,L.,Potamogetonaceae,floating pondweed,not_urban,not_urban_tree,NA,NA,182,273,,NA,NA,not in either datasheet,180,180,271,30-Jun,29-Sep,,,ok,ok,,,,180,271,http://www.bwsr.state.mn.us/wetlands/delineation/WPPC_MN_WI/I%20ShallowOpenWater.pdf,
Potentilla,indica,(Andr.) T. Wolf,Rosaceae,mock strawberry,not_urban,not_urban_tree,60,273,121,181,,128,285,2000,120,128,188,9-May,8-Jul,ok,ok,,,,,,128,188,,
Potentilla,norvegica,L.,Rosaceae,rough cinquefoil,not_urban,not_urban_tree,181,243,182,304,,175,209,2000,180,175,297,25-Jun,25-Oct,ok,ok,,,,,,175,297,,
Potentilla,recta,L.,Rosaceae,sulphur cinquefoil,not_urban,not_urban_tree,121,304,171,222,,NA,NA,2000,169,169,220,19-Jun,9-Aug,ok,ok,,,,,,169,220,,
Potentilla,simplex,Michx.,Rosaceae,common cinquefoil,not_urban,not_urban_tree,121,212,140,182,,NA,NA,not in either datasheet,139,139,181,20-May,1-Jul,ok,ok,,,,,,139,181,,
Prunella ,vulgaris,L.,Lamiaceae,common selfheal,not_urban,not_urban_tree,121,304,182,304,,NA,NA,2000,180,180,302,30-Jun,30-Oct,ok,ok,,,,,,133,302,changed to May 13 start based on Canton phenology 2020,
Prunus ,avium,(L.) L.,Rosaceae,Sweet cherry,not_urban,not_urban_tree,121,151,121,151,,98,115,2000,120,98,128,9-Apr,9-May,25-Apr,15-May,,,,,,115,135,,
Prunus ,pensylvanica,L. f.,Rosaceae,pin cherry,not_urban,not_urban_tree,121,151,130,145,,NA,NA,Data removed (Mundy 1986 says 124-124- bad range),129,129,144,10-May,25-May,ok,ok,,,,,,129,144,,
Prunus ,serotina,Ehrh.,Rosaceae,black cherry,not_urban,not_urban_tree,121,161,140,161,,NA,NA,2000,139,139,160,20-May,10-Jun,ok,ok,,,,,,135,160,Adjusted 4 days earlier based on canon phenology,
Prunus ,virginiana,L.,Rosaceae,choke cherry,not_urban,not_urban_tree,121,161,125,150,,NA,NA,2000,124,124,149,5-May,30-May,ok,ok,,,,,,124,149,,
Pteridium,aquilinum,(L.),Pteridum,bracken fern,not_urban,not_urban_tree,NA,NA,NA,NA,,NA,NA,not in either datasheet,NA,NA,NA,NA,NA,,,,,,,,NA,NA,,
Pycnanthemum,tenuifolium,Schrad.,Lamiaceae,narrow-leaved mountain mint,not_urban,not_urban_tree,NA,NA,NA,NA,,128,138,2000,NA,128,138,9-May,19-May,20-Jul,15-Sep,,,,,,171,258,,
Pyrola,americana,Sweet,Ericaceae,american wintergreeen,not_urban,not_urban_tree,152,191,191,211,,NA,NA,not in either datasheet,189,189,209,9-Jul,29-Jul,ok,ok,,,,,,189,209,,
Pyrus,communis,L.,Rosaceae,common pear,not_urban,not_urban_tree,91,120,121,140,,NA,NA,not in either datasheet,120,120,139,1-May,20-May,ok,ok,,,,,,120,139,,
Quercus,alba,L.,Fagaceae,white oak,not_urban,not_urban_tree,NA,NA,130,150,,NA,NA,not in either datasheet,129,129,149,10-May,30-May,ok,ok,,,,,,121,144,,
Quercus,imbricaria ,Michx.,Fagaceae,shingle oak,not_urban,not_urban_tree,NA,NA,NA,NA,,NA,NA,not in either datasheet,NA,NA,NA,NA,NA,,,10-May,1-Jun,,,,130,152,illinois wildflowers: mid to late spring for about 2 weeks,
Quercus,macrocarpa,Michx.,Fagaceae,Bur oak,not_urban,not_urban_tree,NA,NA,135,152,,NA,NA,not in either datasheet,134,134,151,15-May,1-Jun,ok,ok,,,,,,134,151,,
Quercus,montana,Willd.,Fagaceae,Chestnut oak,not_urban,not_urban_tree,NA,NA,135,150,,NA,NA,not in either datasheet,134,134,149,15-May,30-May,ok,ok,,,,,,134,209,,
Quercus,rubra,L.,Fagaceae,Red Oak,not_urban,not_urban_tree,NA,NA,135,145,,123,152,2000,134,123,133,4-May,14-May,6-May,20-May,,,,,,126,144,add 4 days to match ending of white/black oak per Kass' data,
Quercus,velutina,Lam.,Fagaceae,black oak,not_urban,not_urban_tree,NA,NA,130,145,,NA,NA,not in either datasheet,129,129,144,10-May,25-May,ok,ok,,,,,,121,144,shifted 5 days earlier based on Kass' data (2018/2019),
Ranunculus,abortivus,L.,Ranunculaceae,small-flowered crowfoot/kidney-leaved buttercup,not_urban,not_urban_tree,60,181,121,151,,147,223,2000,120,147,177,28-May,27-Jun,5-May,28-May,,,,,,125,148,,
Ranunculus,acris,L.,Ranunculaceae,meadow buttercup,not_urban,not_urban_tree,121,273,166,196,,NA,NA,2000,164,164,194,14-Jun,14-Jul,ok,ok,,,,,,164,194,,
Ranunculus,bulbosus,L.,Ranunculaceae,bulbous crowfoot,not_urban,not_urban_tree,135,166,NA,NA,used PA,NA,NA,not in either datasheet,NA,135,166,16-May,16-Jun,ok,ok,,,,,,135,166,,
Ranunculus,caricetorum,Greene,Ranunculaceae,swamp buttercup,not_urban,not_urban_tree,91,181,121,181,,NA,NA,not in either datasheet,120,120,180,1-May,30-Jun,ok,ok,,,,,,120,180,,
Ranunculus,pensylvanicus,L. f.,Ranunculaceae,bristly crowfoot,not_urban,not_urban_tree,121,181,182,243,,NA,NA,not in either datasheet,180,180,241,30-Jun,30-Aug,ok,ok,,,,,,180,241,,
Ranunculus,recurvatus,Poir.,Ranunculaceae,hooked buttercup,not_urban,not_urban_tree,121,181,NA,181,,147,166,2000,NA,147,166,28-May,16-Jun,10-May,ok,,,,,,130,166,,
Ranunculus,repens,L.,Ranunculaceae,creeping buttercup,not_urban,not_urban_tree,121,232,152,196,,135,163,2000,151,135,179,16-May,29-Jun,ok,ok,,,,,,135,179,,
Ranunculus,sceleratus,L.,Ranunculaceae,cursed crowfoot,not_urban,not_urban_tree,91,151,121,212,,NA,NA,not in either datasheet,120,120,211,1-May,31-Jul,,,ok,15-Jul,,,,120,196,IW summer 1-2 months,
Raphanus ,sativus,L.,Brassicaceae,radish,not_urban,not_urban_tree,NA,NA,NA,NA,,NA,NA,not in either datasheet,NA,NA,NA,NA,NA,,,1-Jul,1-Sep,,,,182,244,illinois wildflowers--summer for 1-2 months,
Rhamnus ,cathartica,L.,Rhamnaceae,European buckthorn,not_urban,not_urban_tree,110,152,135,166,,154,173,2000,134,154,185,4-Jun,5-Jul,10-May,20-Jun,,,,,,130,171,,
Rhododendron,periclymnoides,(Michx.) Shinners,Ericaceae,pink azalea,not_urban,not_urban_tree,121,152,121,151,,NA,NA,not in either datasheet,120,120,150,1-May,31-May,5-May,10-Jun,,,,,,125,161,Prinophyllum is 'frequent' and Periclymenoides is 'rare' in wesley 2008. Change to prinophyllum in final species list.,
Rhus ,hirta,(L.) Sudworth,Anacardiaceae,staghorn sumac,not_urban,not_urban_tree,152,181,182,196,,NA,NA,not in either datasheet,180,180,194,30-Jun,14-Jul,ok,ok,,,,,,180,194,Gobotany has hirta but Werier 2017 rejects that. ,
Ribes ,americanum,P. Mill.,Grossulariaceae,wild black currant,not_urban,not_urban_tree,110,152,121,151,,NA,NA,not in either datasheet,120,120,150,1-May,31-May,ok,ok,,,,,,120,150,,
Ribes ,cynosbati,L.,Grossulariaceae,prickly gooseberry,not_urban,not_urban_tree,121,181,121,151,,NA,NA,not in either datasheet,120,120,150,1-May,31-May,ok,ok,,,,,,120,150,,
Robinia,pseudoacacia,L.,Fabaceae,black locust,not_urban,not_urban_tree,NA,NA,152,166,,NA,NA,2000,151,151,165,1-Jun,15-Jun,28-May,12-Jun,,,,,,144,165,went 2 days earlier based on Kass' 2018 data; went another 2 days earlier based on Canton phenology (2024); went 2 days later based on Kass' 2019 data,
Rorippa,palustris,(L.) Bess.,Brassicaceae,common yellow-cress,not_urban,not_urban_tree,121,273,171,273,,NA,NA,not in either datasheet,169,169,271,19-Jun,29-Sep,ok,ok,,,,,,169,271,,
Rorippa,sylvestris,(L.) Bess.,Brassicaceae,creeping yellowcress,not_urban,not_urban_tree,121,304,171,273,,165,188,2000,169,165,267,15-Jun,25-Sep,ok,ok,,,,,,165,267,,
Rosa,carolina,L.,Rosaceae,carolina rose,not_urban,not_urban_tree,121,181,171,212,,158,174,2000,169,158,199,8-Jun,19-Jul,ok,25-Jul,,,,,,158,206,,
Rosa,multiflora,Thunb. ex Murr.,Rosaceae,multiflora rose,not_urban,not_urban_tree,121,181,NA,NA,,183,227,2000,NA,183,227,3-Jul,16-Aug,20-Jun,30-Jul,,,,,,171,211,,
Rosa ,palustris,Marsh.,Rosaceae,swamp rose,not_urban,not_urban_tree,121,181,191,227,,166,264,2000,189,166,202,16-Jun,22-Jul,ok,ok,,,,,,166,202,,
Rubus,allegheniensis,Porter,Rosaceae,common blackberry,not_urban,not_urban_tree,121,181,152,181,,NA,NA,not in either datasheet,151,151,180,1-Jun,30-Jun,ok,ok,,,,,,151,180,,
Rubus,hispidus,L.,Rosaceae,common dewberry,not_urban,not_urban_tree,121,222,176,206,,NA,NA,not in either datasheet,174,174,204,24-Jun,24-Jul,ok,ok,,,,,,174,204,,
Rubus,idaeus,L.,Rosaceae,red raspberry,not_urban,not_urban_tree,121,243,152,181,,NA,NA,not in either datasheet,151,151,180,1-Jun,30-Jun,ok,ok,,,,,,151,180,,
Rubus,occidentalis,L.,Rosaceae,black raspberry,not_urban,not_urban_tree,121,181,152,181,,NA,NA,not in either datasheet,151,151,180,1-Jun,30-Jun,ok,ok,,,,,,151,180,,
Rubus,odoratus,L.,Rosaceae,purple-flowering raspberry,not_urban,not_urban_tree,121,243,152,212,,148,163,2000,151,148,208,29-May,28-Jul,15-Jun,30-Jul,,,,,,166,211,,
Rubus,phoenicolasius,Maxim.,Rosaceae,wineberry,not_urban,not_urban_tree,151,181,NA,NA,used PA,NA,NA,not in either datasheet,NA,151,181,1-Jun,1-Jul,ok,ok,,,,,,151,181,,
Rubus,pubescens,raf.,Rosaceae,dwarf raspberry,not_urban,not_urban_tree,121,181,121,151,,NA,NA,not in either datasheet,120,120,150,1-May,31-May,ok,ok,,,,,,120,150,,
Rudbeckia,hirta,L.,Asteraceae,black-eyed susan,not_urban,not_urban_tree,151,181,NA,273,,204,260,2000,NA,204,260,24-Jul,18-Sep,ok,5-Sep,,,,,,204,248,,
Rudbeckia,laciniata,L.,Asteraceae,green-headed coneflower,not_urban,not_urban_tree,NA,NA,202,253,,209,277,2000,199,209,260,29-Jul,18-Sep,ok,ok,,,,,,209,260,,
Rudbeckia,triloba,L.,Asteraceae,brown-eyed susan,not_urban,not_urban_tree,213,243,NA,304,,188,246,2000,NA,188,246,8-Jul,4-Sep,ok,5-Oct,,,,,,188,278,,
Rumex,acetosella,L.,Polygonaceae,sheep sorrel,not_urban,not_urban_tree,NA,NA,121,273,,NA,NA,not in either datasheet,120,120,272,1-May,30-Sep,ok,ok,,,,,,120,272,,
Rumex,britannica,L.,Polygonaceae,greater water dock,not_urban,not_urban_tree,NA,NA,213,273,,NA,NA,not in either datasheet,210,210,270,30-Jul,28-Sep,ok,ok,,,,,,210,270,,
Rumex,crispus,L.,Polygonaceae,curly dock,not_urban,not_urban_tree,NA,NA,152,273,,173,187,2000,151,173,294,23-Jun,22-Oct,ok,20-Sep,,,,,,173,263,,
Rumex,obtusifolius,L.,Polygonaceae,bitter dock,not_urban,not_urban_tree,NA,NA,182,273,,NA,NA,2000,180,180,271,30-Jun,29-Sep,ok,ok,,,,,,180,271,,
Sagittaria,latifolia,Willd.,Alismataceae,Broadleaf arrowhead,not_urban,not_urban_tree,182,253,182,243,,NA,NA,2000,180,180,241,30-Jun,30-Aug,ok,ok,,,,,,180,241,,
Sagittaria,rigida,Pursh,Alismataceae,sessilefruit arrowhead,not_urban,not_urban_tree,182,222,182,273,,NA,NA,not in either datasheet,180,180,271,30-Jun,29-Sep,ok,ok,,,,,,180,271,,
Salix,myricoides,Muhl.,Salicaceae,bayberry willow,not_urban,not_urban_tree,NA,NA,NA,NA,,NA,NA,not in either datasheet,NA,NA,NA,NA,NA,,,,,,,,134,165,This was likely S. exigua (so I put exigua bloom dates),(not) myricoides--not found here
Salix,eriocephala,Michx.,Salicaceae,Missouri River willow,not_urban,not_urban_tree,NA,NA,111,131,,NA,NA,not in either datasheet,111,111,131,22-Apr,12-May,,,ok,ok,,,,111,131,,
Salix,exigua,Nutt.,Salicaceae,sandbar willow,not_urban,not_urban_tree,NA,NA,135,166,,NA,NA,not in either datasheet,134,134,165,15-May,15-Jun,,,ok,ok,,,,111,131,"not sure what this species is, but earlier bloom seems likely based on Canton phenology",
Salix,fragilis,,Salicaceae,,not_urban,not_urban_tree,NA,NA,126,141,,NA,NA,not in either datasheet,125,125,140,6-May,21-May,,,ok,ok,,,,125,140,,
Salix,nigra,Marsh.,Salicaceae,black willow,not_urban,not_urban_tree,NA,NA,141,167,,NA,NA,not in either datasheet,140,140,166,21-May,16-Jun,,,ok,ok,,,,140,166,IW midspring for 1-2 weeks,
Salix,sericea,Marsh.,Salicaceae,silky willow,not_urban,not_urban_tree,NA,NA,111,131,,NA,NA,not in either datasheet,111,111,131,22-Apr,12-May,,,ok,ok,,,,111,131,,
Sambucus,canadensis,,Adoxaceae,Common elderberry,not_urban,not_urban_tree,152,181,171,201,,NA,NA,not in either datasheet,169,169,199,19-Jun,19-Jul,ok,ok,,,,,,169,199,,
Sambucus,racemosa,L.,Adoxaceae,red elderberry,not_urban,not_urban_tree,121,151,NA,151,,205,272,2000,NA,205,272,25-Jul,30-Sep,1-May,25-May,,,,,,121,145,,
Sanguinaria,canadensis,L.,Papaveraceae,bloodroot,not_urban,not_urban_tree,91,130,105,120,,NA,NA,Data removed (Mundy says 150-171),105,105,120,16-Apr,1-May,10-Apr,10-May,,,,,,100,130,,
Sanicula,canadensis,L.,Apiaceae,Canadian black snakeroot,not_urban,not_urban_tree,152,243,201,243,,NA,NA,not in either datasheet,198,198,240,18-Jul,29-Aug,1-Jun,15-Jul,,,,,,152,196,,
Sanicula,marilandica,L.,Apiaceae,black snakeroot,not_urban,not_urban_tree,152,243,196,243,,160,160,1986 - bad range,194,160,207,10-Jun,27-Jul,5-Jun,20-Jul,,,,,,156,201,,
Saponaria ,officinalis,L.,Caryophyllaceae,bouncing bet,not_urban,not_urban_tree,152,304,182,273,,NA,NA,2000,180,180,271,30-Jun,29-Sep,ok,ok,,,,,,180,271,,
Saururus ,cernuus,L.,Saururuaceae,lizard's tail,not_urban,not_urban_tree,152,243,191,243,,NA,NA,not in either datasheet,189,189,241,9-Jul,30-Aug,ok,ok,,,,,,189,241,,
Schedonorus,arundinaceus,(Schreb.) Dumort.,Poaceae,tall rye grass,not_urban,not_urban_tree,NA,NA,NA,NA,,NA,NA,not in either datasheet,NA,NA,NA,NA,NA,,,,,,,,NA,NA,,
Schoenoplectus ,tabernaemontani,(K.C. Gmel.) Palla,Cyperaceae,softstem bullrush,not_urban,not_urban_tree,NA,NA,NA,NA,,NA,NA,not in either datasheet,NA,NA,NA,NA,NA,,,,,,,,NA,NA,,
Scirpus,atrocinctus,Fern.,Cyperaceae,blackgirdle bulrush,not_urban,not_urban_tree,NA,NA,NA,NA,,NA,NA,not in either datasheet,NA,NA,NA,NA,NA,,,,,,,,NA,NA,,
Scirpus,atrovirens,Willd.,Cyperaceae,green bullrush,not_urban,not_urban_tree,NA,NA,NA,NA,,NA,NA,not in either datasheet,NA,NA,NA,NA,NA,,,,,,,,NA,NA,,
Scirpus,cyperinus,(L.) Kunth,Cyperaceae,woolgrass,not_urban,not_urban_tree,NA,NA,NA,NA,,NA,NA,not in either datasheet,NA,NA,NA,NA,NA,,,,,,,,NA,NA,,
Scirpus,hattorianus,Makino,Cyperaceae,mosquito bullrush,not_urban,not_urban_tree,NA,NA,NA,NA,,NA,NA,not in either datasheet,NA,NA,NA,NA,NA,,,,,,,,NA,NA,,
Scirpus,pedicillatus,Fern.,Cyperaceae,stalked bullrush,not_urban,not_urban_tree,NA,NA,NA,NA,,NA,NA,not in either datasheet,NA,NA,NA,NA,NA,,,,,,,,NA,NA,,
Scutellaria,lateriflora,L.,Lamiaceae,maddog skullcap,not_urban,not_urban_tree,182,273,213,243,,NA,NA,not in either datasheet,210,210,240,30-Jul,29-Aug,ok,ok,,,,,,210,240,,
Scutellaria ,galericulata,L.,Lamiaceae,marsh skullcap,not_urban,not_urban_tree,152,243,182,243,,NA,NA,not in either datasheet,180,180,241,30-Jun,30-Aug,20-Jun,25-Aug,,,,,,171,237,,
Secale ,cereale,L.,Poaceae,cereal rye,not_urban,not_urban_tree,NA,NA,NA,NA,,NA,NA,not in either datasheet,NA,NA,NA,NA,NA,,,,,,,,NA,NA,,
Securigera ,varia,L.,Fabaceae,crownvetch,not_urban,not_urban_tree,NA,NA,213,243,,NA,NA,2000,210,210,240,30-Jul,29-Aug,,,20-Jul,29-Aug,,,,201,241,,
Selaginella,sp.,,Selaginellaceae,spike moss,not_urban,not_urban_tree,NA,NA,NA,NA,,NA,NA,not in either datasheet,NA,NA,NA,NA,NA,,,,,,,,NA,NA,,
Senecio ,vulgaris,L.,Asteraceae,old-man-in-the-spring,not_urban,not_urban_tree,32,365,166,273,,177,206,1986,164,177,284,27-Jun,12-Oct,30-May,ok,,,,,,150,284,,
Setaria ,faberi,Herrm.,Poaceae,giant foxtail,not_urban,not_urban_tree,NA,NA,NA,NA,,NA,NA,not in either datasheet,NA,NA,NA,NA,NA,,,,,,,,NA,NA,,
Setaria ,pumila,(Poir.) Roemer & J.A. Schultes,Poaceae,yellow foxtail,not_urban,not_urban_tree,NA,NA,NA,NA,,NA,NA,not in either datasheet,NA,NA,NA,NA,NA,,,,,,,,NA,NA,,
Setaria ,viridis,(L.) Beauv.,Poaceae,green fox tail,not_urban,not_urban_tree,NA,NA,NA,NA,,NA,NA,not in either datasheet,NA,NA,NA,NA,NA,,,,,,,,NA,NA,,
Silene ,latifolia,Poir.,Caryophyllaceae,white campion,not_urban,not_urban_tree,NA,NA,152,212,,152,169,2000,151,152,212,2-Jun,1-Aug,ok,ok,,,,,,152,212,,
Silene ,vulgaris,(Moench) Garcke,Caryophyllaceae,bladder campion,not_urban,not_urban_tree,121,273,152,243,,NA,NA,not in either datasheet,151,151,242,1-Jun,31-Aug,ok,ok,,,,,,151,242,,
Sisyrinchium ,angustifolium,P. Mill.,Iridaceae,blue-eyed grass,not_urban,not_urban_tree,NA,NA,152,181,,139,158,2000,151,139,168,20-May,18-Jun,ok,ok,,,,,,139,168,,
Sisyrinchium ,montanum,Greene,Iridaceae,strict blue eyed grass,not_urban,not_urban_tree,121,212,NA,NA,used PA,NA,NA,not in either datasheet,NA,121,212,2-May,1-Aug,ok,ok,,,,,,121,212,,
Smilax,herbacea,L.,Smilacaceae,carrion-flower,not_urban,not_urban_tree,121,161,152,181,,NA,NA,not in either datasheet,151,151,180,1-Jun,30-Jun,ok,ok,,,,,,151,180,,
Solanum,carolinense,L.,Solanaceae,horse nettle,not_urban,not_urban_tree,152,273,182,243,,171,241,2000,180,171,232,21-Jun,21-Aug,ok,ok,,,,,,171,232,,
Solanum,dulcamara,L.,Solanaceae,bittersweet nightshade,not_urban,not_urban_tree,121,243,NA,243,,204,244,2000,NA,204,244,24-Jul,2-Sep,5-Jun,ok,,,,,,156,244,,
Solanum,lycopersicon,L.,Solanaceae,tomato,not_urban,not_urban_tree,NA,NA,NA,NA,,NA,NA,not in either datasheet,NA,NA,NA,NA,NA,,,10-Jun,25-Sep,,,,161,268,based on personal observations in Ithaca. Should be lycopersicum--spelled wrong in plots26 datasset,
Solanum,melongena,L.,Solanaceae,eggplant,not_urban,not_urban_tree,NA,NA,NA,NA,,NA,NA,not in either datasheet,NA,NA,NA,NA,NA,,,30-Jun,10-Sep,,,,181,253,based on personal observations in Ithaca,
Solanum,nigrum,L.,Solanaceae,black nightshade,not_urban,not_urban_tree,152,304,182,273,,NA,NA,2000,180,180,271,30-Jun,29-Sep,ok,ok,,,,,,180,271,,
Solanum,physalifolium,,Solanaceae,hairy nightshade,not_urban,not_urban_tree,NA,NA,152,273,,NA,NA,Not present in Cayuga; used Minnesota wildflowers,151,151,272,1-Jun,30-Sep,,,ok,ok,,,,151,272,https://www.minnesotawildflowers.info/flower/hairy-nightshade,
Solanum,tuberosum,L.,Solanaceae,potato,not_urban,not_urban_tree,NA,NA,NA,NA,,NA,NA,not in either datasheet,NA,NA,NA,NA,NA,,,,,,,,NA,NA,,
Solidago,altissima,L.,Asteraceae,tall goldenrod,not_urban,not_urban_tree,NA,NA,244,273,,236,258,2000,241,236,265,25-Aug,23-Sep,ok,ok,,,,,,236,265,,
Solidago,caesia,L.,Asteraceae,blue-stemmed goldenrod,not_urban,not_urban_tree,NA,NA,248,288,,242,275,2000,244,242,282,31-Aug,10-Oct,ok,ok,,,,,,242,282,,
Solidago,canadensis,L.,Asteraceae,canada goldenrod,not_urban,not_urban_tree,NA,NA,222,273,,225,294,2000,219,225,276,14-Aug,4-Oct,8-Aug,15-Sep,,,,,,220,258,,
Solidago,flexicaulis,L.,Asteraceae,zig-zag goldenrod,not_urban,not_urban_tree,NA,NA,227,253,,212,253,2000,224,212,238,1-Aug,27-Aug,5-Aug,15-Sep,,,,,,217,258,,
Solidago,gigantea,Ait.,Asteraceae,late goldenrod,not_urban,not_urban_tree,NA,NA,213,273,,214,253,2000,210,214,274,3-Aug,2-Oct,20-Jul,30-Sep,,,,,,201,273,,
Solidago,juncea,Ait.,Asteraceae,early goldenrod,not_urban,not_urban_tree,NA,NA,NA,243,,247,276,2000,NA,247,276,5-Sep,4-Oct,5-Jul,10-Sep,,,,,,186,253,,
Solidago,rugosa,Nutt.,Asteraceae,rough-stemmed goldenrod,not_urban,not_urban_tree,NA,NA,232,273,,NA,NA,2000,229,229,270,18-Aug,28-Sep,ok,ok,,,,,,229,270,,
Solidago,uliginosa,P. Mill.,Asteraceae,bog goldenrod,not_urban,not_urban_tree,NA,NA,244,273,,NA,NA,not in either datasheet,241,241,270,30-Aug,28-Sep,ok,ok,,,,,,241,270,,
Sonchus,arvensis,L.,Asteraceae,field sow thistle,not_urban,not_urban_tree,182,243,NA,273,,221,256,2000,NA,221,256,10-Aug,14-Sep,ok,ok,,,,,,221,256,,
Sonchus ,asper,(L.) Hill,Asteraceae,spiny sow thistle,not_urban,not_urban_tree,121,304,213,273,,231,276,2000,210,231,291,20-Aug,19-Oct,ok,ok,,,,,,231,291,,
Sonchus ,oleraceus,L.,Asteraceae,common sow thistle,not_urban,not_urban_tree,152,304,213,273,,NA,NA,2000,210,210,270,30-Jul,28-Sep,ok,ok,,,,,,210,270,,
Sorghum ,halepense,(L.) Pers.,Poaceae,johnson grass,not_urban,not_urban_tree,NA,NA,NA,NA,,NA,NA,not in either datasheet,NA,NA,NA,NA,NA,,,,,,,,NA,NA,,
Sparganium,americanum,Nutt.,Typhaceae,American bur-reed,not_urban,not_urban_tree,NA,NA,167,182,,NA,NA,not in either datasheet,165,165,180,15-Jun,30-Jun,10-Jun,20-Jul,,,,,,161,201,,
Sparganium,emersum,Rehmann,Typhaceae,simple-stemmed bur-reed,not_urban,not_urban_tree,NA,NA,152,197,,NA,NA,not in either datasheet,151,151,196,1-Jun,16-Jul,,,ok,ok,,,,151,196,,
Sparganium,eurycarpum,Engelm. ex Gray,Typhaceae,giant bur-reed,not_urban,not_urban_tree,NA,NA,162,197,,NA,NA,not in either datasheet,160,160,195,10-Jun,15-Jul,ok,ok,,,,,,160,195,,
Spinacea,oleracea,L.,Amaranthaceae,spinach,not_urban,not_urban_tree,NA,NA,NA,NA,,NA,NA,not in either datasheet,NA,NA,NA,NA,NA,,,,,,,,NA,NA,,
Spiraea,alba,Du Roi,Rosaceae,white meadowsweet,not_urban,not_urban_tree,152,273,213,273,,191,199,1986,210,191,251,11-Jul,9-Sep,ok,20-Sep,,,,,,191,263,,
Stachys,hispida,Pursh,Lamiaceae,smooth  hedge nettle,not_urban,not_urban_tree,152,243,NA,NA,used PA,NA,NA,not in either datasheet,NA,152,243,2-Jun,1-Sep,ok,ok,,,,,,152,243,,
Stellaria ,graminea,(Ledeb.) Bong.,Caryophyllaceae,lesser stitchwort,not_urban,not_urban_tree,121,273,152,212,,NA,NA,not in either datasheet,151,151,211,1-Jun,31-Jul,ok,ok,,,,,,151,211,,
Stellaria ,media,(L.) Vill.,Caryophyllaceae,common chickweed,not_urban,not_urban_tree,60,334,60,365,,NA,NA,Data removed (Mundy 2000 says 110-222 bloom range),61,61,365,3-Mar,31-Dec,ok,ok,,,,,,61,365,,
Styphnolobium, japonicum,,Fabaceae,pagoda tree,not_urban,not_urban_tree,NA,NA,NA,NA,,NA,NA,not in either datasheet,NA,NA,NA,NA,NA,,,23-Jul,1-Sep,,,,204,244,personal observation in Ithaca,
Symphoricarpos,orbiculatus,Moench.,Caprifoliaceae,Red snowberry,not_urban,not_urban_tree,152,181,NA,NA,used PA,NA,NA,not in either datasheet,NA,152,181,2-Jun,1-Jul,,,ok,ok,,,,152,181,late spring to summer in illinois wildflowers,
Symphyotrichum,cordifolium,(L.) Nesom,Asteraceae,heart-leaved aster,not_urban,not_urban_tree,NA,NA,244,304,,263,315,2000,241,263,323,21-Sep,20-Nov,10-Sep,5-Nov,,,,,,253,309,,
Symphyotrichum,firmum,,Asteraceae,purple-stemmed aster(swamp aster),not_urban,not_urban_tree,NA,NA,244,273,,NA,NA,not in either datasheet,241,241,270,30-Aug,28-Sep,ok,ok,,,,,,241,270,,
Symphyotrichum,laeve,(L.) A. & D. Löve,Asteraceae,smooth blue aster,not_urban,not_urban_tree,NA,NA,244,334,,244,298,2000,241,244,334,2-Sep,1-Dec,ok,ok,,,,,,244,334,,
Symphyotrichum,lanceolatum ssp. lanceolatum var. lanceolatum,(Willd.) Nesom,Asteraceae,panicled Aster,not_urban,not_urban_tree,NA,NA,244,304,,252,308,2000,241,252,312,10-Sep,9-Nov,ok,ok,,,,,,252,312,,
Symphyotrichum,lanceolatum ssp. lanceolatum var. latifolium,,,,not_urban,not_urban_tree,,,,,,,,,,,,,,,,,,,,,252,312,Not accepted in Werier 2017. We decided to keep this as is for floral area calcs and we will delete entry in appendix species list.,
Symphyotrichum,lateriflorum,(L.) A. & D. Löve,Asteraceae,calico aster,not_urban,not_urban_tree,NA,NA,213,273,,227,294,2000,210,227,287,16-Aug,15-Oct,ok,ok,,,,,,227,287,,
Symphyotrichum,lowrieanum,(Porter) Nesom,Asteraceae,lowrie's aster,not_urban,not_urban_tree,NA,NA,227,273,,NA,NA,not in either datasheet,224,224,270,13-Aug,28-Sep,ok,ok,,,,,,224,270,,
Symphyotrichum,novae-angliae,(L.) Nesom,Asteraceae,new england aster,not_urban,not_urban_tree,NA,NA,253,283,,239,297,2000,249,239,269,28-Aug,27-Sep,ok,ok,,,,,,239,269,,
Symphyotrichum,pilosum,(Willd.) Nesom,Asteraceae,heath aster,not_urban,not_urban_tree,NA,NA,244,288,,256,311,2000,241,256,300,14-Sep,28-Oct,ok,ok,,,,,,256,300,,
Symphyotrichum,prenanthoides,(Muhl. ex Willd.) Nesom,Asteraceae,crooked-stem aster,not_urban,not_urban_tree,NA,NA,244,304,,212,291,2000,241,212,272,1-Aug,30-Sep,ok,ok,,,,,,212,272,,
Symphyotrichum,puniceum,(L.) A. & D. Löve,Asteraceae,purple-stemmed aster,not_urban,not_urban_tree,NA,NA,244,304,,231,291,2000,241,231,291,20-Aug,19-Oct,ok,ok,,,,,,231,291,,
Symphyotrichum,sagittifolium,,Asteraceae,arrow-leaved aster,not_urban,not_urban_tree,NA,NA,244,334,,NA,NA,not in either datasheet,241,241,331,30-Aug,28-Nov,ok,ok,,,,,,241,331,S. saggitifolium is now S. urophyllum. Allyson already deleted from plots_final_25.,
Symphyotrichum,undulatum,(L.) Nesom,Asteraceae,wavy-leaved aster,not_urban,not_urban_tree,NA,NA,244,304,,266,294,2000,241,266,326,24-Sep,23-Nov,ok,ok,,,,,,266,326,,
Symphyotrichum,urophyllum,,Asteraceae,arrow-leaved aster,not_urban,not_urban_tree,NA,NA,244,334,,NA,NA,not in either datasheet,241,241,331,30-Aug,28-Nov,ok,ok,,,,,,241,331,S. saggitifolium is now S. urophyllum. Allyson already deleted from plots_final_25.,
Symplocarpus ,foetidus,(L.) Salisb. ex Nutt.,Aracaceae,skunk cabbage,not_urban,not_urban_tree,32,120,56,120,,56,120,"data removed (Mundy 2000 says 162-177 bloom range), used cayuga rather than prediction because prediction was too late (84)",57,56,120,26-Feb,1-May,10-Feb,ok,,,,,,41,120,,
Syringa,vulgaris,L.,Oleaceae,common lilac,not_urban,not_urban_tree,121,151,121,151,,NA,NA,not in either datasheet,120,120,150,1-May,31-May,25-Apr,ok,,,,,,115,150,,
Taraxacum,officinale,G.H. Weber ex Wiggers,Asteraceae,dandelion,not_urban,not_urban_tree,60,365,121,181,,NA,NA,Data removed (Mundy 2000 says 207-232),120,120,180,1-May,30-Jun,20-Apr,10-Dec,,,,,,102,305,I put 8 days earlier start based on observations in Canton (2021). I cut this a little earlier in fall since very little blooming in december,
Taxus,canadensis,Marsh.,Taxaceae,yew,not_urban,not_urban_tree,NA,NA,NA,NA,,NA,NA,not in either datasheet,NA,NA,NA,NA,NA,,,,,,,,NA,NA,,
Thalictrum ,dioicum,L.,Ranunculaceae,early meadow rue,not_urban,not_urban_tree,91,151,110,135,,NA,NA,Data removed (Mundy 2000 says 170 start),110,110,135,21-Apr,16-May,15-Apr,ok,,,,,,105,135,,
Thalictrum ,thalictroides,(L.) Eames & Boivin,Ranunculaceae,rue anemone,not_urban,not_urban_tree,91,181,NA,NA,,119,143,"2000, data removed from Cayuga because too early of start (said 91 to 150)",NA,119,143,30-Apr,24-May,10-Apr,ok,,,,,,100,143,,
Thelypteris ,noveboracensis,,Thelypteridaceae,New York fern,not_urban,not_urban_tree,NA,NA,NA,NA,,NA,NA,not in either datasheet,NA,NA,NA,NA,NA,,,,,,,,NA,NA,,
Thelypteris ,palustris,Schott,Thelypteridaceae,eastren marsh fern,not_urban,not_urban_tree,NA,NA,NA,NA,,NA,NA,not in either datasheet,NA,NA,NA,NA,NA,,,,,,,,NA,NA,,
Thlaspi,arvense,L.,Brassicaceae,field pennycress,not_urban,not_urban_tree,91,212,140,181,,122,171,2000,139,122,163,3-May,13-Jun,ok,ok,,,,,,122,163,,
Tiarella,cordifolia,L.,Saxifragaceae,foam flower,not_urban,not_urban_tree,121,181,121,181,,124,211,2000,120,124,184,5-May,4-Jul,ok,ok,,,,,,124,184,,
Tilia,americana,L.,Malvaceae,basswood,not_urban,not_urban_tree,171,191,193,212,,193,240,2000,191,193,212,13-Jul,1-Aug,8-Jul,28-Jul,1-Jul,,,,,182,209,bumped to Jul 1 based on Canton data,
Toxicodendron,radicans,(L.) Kuntze,Anacardiaceae,poison ivy,not_urban,not_urban_tree,140,151,166,196,,NA,NA,not in either datasheet,164,164,194,14-Jun,14-Jul,ok,ok,,,,,,164,194,,
Toxicodendron ,vernix,(L.) Kuntze,Anacardiaceae,poison sumac,not_urban,not_urban_tree,152,181,176,201,,NA,NA,not in either datasheet,174,174,199,24-Jun,19-Jul,ok,ok,,,,,,174,199,,
Tragopogon ,dubius,Scop.,Asteraceae,yellow goat's beard,not_urban,not_urban_tree,121,243,152,212,,NA,NA,not in either datasheet,151,151,211,1-Jun,31-Jul,ok,ok,,,,,,151,211,,
Tragopogon ,pratensis,L.,Asteraceae,meadow goat's beard,not_urban,not_urban_tree,121,243,152,212,,167,261,2000,151,167,227,17-Jun,16-Aug,ok,ok,,,,,,167,227,,
Trifolium,campestre,Schreb.,Fabaceae,low hop clover,not_urban,not_urban_tree,121,304,182,243,,NA,NA,not in either datasheet,180,180,241,30-Jun,30-Aug,,,ok,ok,,,,180,241,illinois wildflowers--mid summer for 1-2 mos.,
Trifolium,dubium,Sibthorp,Fabaceae,lesser hop clover,not_urban,not_urban_tree,121,304,152,212,,NA,NA,not in either datasheet,151,151,211,1-Jun,31-Jul,ok,ok,,,,,,151,211,,
Trifolium,hybridum,L.,Fabaceae,alsike clover,not_urban,not_urban_tree,121,304,152,243,,170,263,2000,151,170,261,20-Jun,19-Sep,ok,ok,,,,,,170,261,,
Trifolium,pratense,L.,Fabaceae,red clover,not_urban,not_urban_tree,121,304,152,304,,152,288,2000,151,152,304,2-Jun,1-Nov,ok,ok,,,,,,152,304,,
Trifolium,repens,L.,Fabaceae,white clover,not_urban,not_urban_tree,121,304,152,304,,113,154,2000,151,113,265,24-Apr,23-Sep,20-May,ok,,,,,,140,265,,
Trillium,erectum,L.,Melanthiaceae,purple trillium,not_urban,not_urban_tree,110,130,121,181,,110,147,2000,120,110,170,21-Apr,20-Jun,ok,ok,,,,,,110,170,,
Trillium,grandiflorum,(Michx.) Salisb.,Melanthiaceae,large-flowered trillium,not_urban,not_urban_tree,110,130,121,181,,116,156,2000,120,116,176,27-Apr,26-Jun,ok,ok,,,,,,111,165,shifted 5 days earlier start based on Kass' data and 9 days earlier end based on personal observation,
Triticum ,aestivum,L.,Poaceae,bread wheat,not_urban,not_urban_tree,NA,NA,NA,NA,,NA,NA,not in either datasheet,NA,NA,NA,NA,NA,,,,,,,,NA,NA,,
Tsuga,canadensis,(L.) Carr.,Pinaceae,eastern hemlock,not_urban,not_urban_tree,NA,NA,NA,NA,,NA,NA,not in either datasheet,NA,NA,NA,NA,NA,,,,,,,,NA,NA,,
Tussilago ,farfara,L.,Asteraceae,coltsfoot,not_urban,not_urban_tree,60,181,91,120,,103,132,2000,91,103,132,14-Apr,13-May,10-Apr,20-May,,,,,,100,140,,
Typha,angustifolia,L.,Typhaceae,narrow-leaved cattail ,not_urban,not_urban_tree,NA,NA,NA,NA,,NA,NA,not in either datasheet,NA,NA,NA,NA,NA,,,,,,,,169,212,IW: early to mid-summer. ,
Typha ,latifolia,L.,Typhaceae,broad-leaf cattail,not_urban,not_urban_tree,NA,NA,NA,NA,,NA,NA,not in either datasheet,NA,NA,NA,NA,NA,,,,,,,,169,212,"IW: early to mid-summer. Peer-reviewed pub says typha lat pollen is toxic to honey bees: The Nutritional Value of Typha Latifolia Pollen for Bees. But, Saunders 2017 shows data that syprhids visit. And some MSU blog says halictid visited: ",
Ulmus,americana,L.,Ulmaceae,american elm,not_urban,not_urban_tree,NA,NA,91,110,,NA,NA,not in either datasheet,91,91,110,2-Apr,21-Apr,ok,ok,,,,,,91,110,,
Ulmus,pumila,L.,Ulmaceae,siberian elm,not_urban,not_urban_tree,NA,NA,NA,NA,,NA,NA,not in either datasheet,NA,NA,NA,NA,NA,,,1-Apr,15-Apr,,,,91,105,"illinois wildflowers says early-mid spring lasting for 1 week. Blooming April 8 in Canton (2021, warm spring)",
Ulmus,rubra,Muhl.,Ulmaceae,slippery elm,not_urban,not_urban_tree,NA,NA,NA,NA,,212,246,2000,NA,212,246,1-Aug,4-Sep,18-Apr,5-May,,,,,,108,125,,
Urtica,dioica,L.,Urticaceae,stinging nettle,not_urban,not_urban_tree,NA,NA,213,243,,NA,NA,,210,210,240,30-Jul,29-Aug,ok,ok,,,,,,210,240,,
Urtica,dioica ssp. gracilis,,Urticaceae,slender/tall nettle,not_urban,not_urban_tree,NA,NA,182,243,,NA,NA,,180,180,241,30-Jun,30-Aug,ok,ok,,,,,,180,241,,
Uvularia,perfoliata,L.,Colchiacaceae,perfoliate bellwort,not_urban,not_urban_tree,NA,NA,121,151,,121,128,1986,120,121,151,2-May,1-Jun,ok,ok,,,,,,121,151,,
Uvularia,sessilifolia ,L.,Colchiacaceae,wild oats,not_urban,not_urban_tree,91,151,121,151,,127,150,2000,120,127,157,8-May,7-Jun,ok,ok,,,,,,127,157,,
Vaccinium ,angustifolium,Ait.,Ericaceae,lowbush blueberry,not_urban,not_urban_tree,121,151,NA,NA,used PA,NA,NA,not in either datasheet,NA,121,151,2-May,1-Jun,20-Apr,28-May,,,,,,110,148,,
Vaccinium ,corymbosum,L.,Ericaceae,highbush blueberry,not_urban,not_urban_tree,121,151,145,181,,NA,NA,2000,144,144,180,25-May,30-Jun,ok,ok,,,,,,144,180,,
Vaccinium ,pallidum,Ait.,Ericaceae,Blue Ridge blueberry,not_urban,not_urban_tree,121,151,121,151,,NA,NA,not in either datasheet,120,120,150,1-May,31-May,ok,ok,,,,,,120,150,,
Valeriana,officinalis,L.,Caprifoliaceae,garden valerian,not_urban,not_urban_tree,121,222,166,196,,162,205,2000,164,162,192,12-Jun,12-Jul,ok,ok,,,,,,162,192,,
Valeriana,uliginosa,(Torr. & Gray) Rydb.,Caprifoliaceae,marsh valerian,not_urban,not_urban_tree,NA,NA,152,181,,NA,NA,not in either datasheet,151,151,180,1-Jun,30-Jun,ok,ok,,,,,,151,180,,
Verbascum,blattaria,L.,Scrophulariaceae,moth mullein,not_urban,not_urban_tree,121,212,NA,243,,176,257,2000,NA,176,257,26-Jun,15-Sep,10-Jun,5-Sep,,,,,,161,248,,
Verbascum ,thapsus,L.,Scrophulariaceae,common mullein,not_urban,not_urban_tree,152,243,182,273,,184,236,2000,180,184,275,4-Jul,3-Oct,ok,ok,,,,,,184,275,,
Verbena,hastata,L.,Verbenaceae,blue vervain,not_urban,not_urban_tree,191,243,171,244,,187,241,2000,169,187,260,7-Jul,18-Sep,ok,ok,,,,,,187,260,,
Verbena ,urticifolia,L.,Verbenaceae,white vervain,not_urban,not_urban_tree,182,273,182,244,,NA,NA,2000,180,180,242,30-Jun,31-Aug,5-Jul,10-Sep,,,,,,186,253,,
Vernonia ,noveboracensis,(L.) Michx.,Asteraceae,new York ironweed,not_urban,not_urban_tree,182,273,NA,NA,,191,248,2000,NA,191,248,11-Jul,6-Sep,,,ok,ok,,,,191,248,personal observation in Ithaca,
Veronica,americana,Schwein. ex Benth.,Plantaginaceae,american brooklime,not_urban,not_urban_tree,121,304,152,212,,NA,NA,not in either datasheet,151,151,211,1-Jun,31-Jul,ok,ok,,,,,,151,211,,
Veronica,anagallis-aquatica,L.,Plantaginaceae,water speedwell,not_urban,not_urban_tree,121,273,NA,243,,130,178,2000,NA,130,178,11-May,28-Jun,10-Jul,30-Aug,,,,,,191,273,,
Veronica,arvensis,L.,Plantaginaceae,corn speedwell,not_urban,not_urban_tree,91,273,121,181,,138,163,2000,120,138,198,19-May,18-Jul,ok,ok,,,,,,138,198,,
Veronica,chamaedrys,L.,Plantaginaceae,Germander speedwell,not_urban,not_urban_tree,91,212,NA,NA,,105,174,2000,NA,105,174,16-Apr,24-Jun,10-May,30-Jun,,,,,,130,181,,
Veronica,filiformis,L.,Plantaginaceae,slender speedwell,not_urban,not_urban_tree,91,181,NA,NA,,191,240,2000,NA,191,240,11-Jul,29-Aug,20-Apr,25-Jun,,,,,,110,176,,
Veronica,officinalis,L.,Plantaginaceae,common speedwell,not_urban,not_urban_tree,121,273,152,212,,128,177,2000,151,128,188,9-May,8-Jul,20-May,25-Jul,,,,,,140,206,,
Veronica,peregrina,L.,Plantaginaceae,purslane speedwell,not_urban,not_urban_tree,91,243,121,181,,NA,NA,not in either datasheet,120,120,180,1-May,30-Jun,ok,ok,,,,,,120,180,,
Veronica,persica,Poir.,Plantaginaceae,birdeye speedwell,not_urban,not_urban_tree,91,304,NA,NA,used PA,NA,NA,not in either datasheet,NA,91,304,2-Apr,1-Nov,20-Mar,25-May,,,,,,79,145,,
Veronica,serpyllifolia,L.,Plantaginaceae,thyme-leaved speedwell,not_urban,not_urban_tree,121,243,121,304,,NA,NA,2000,120,120,303,1-May,31-Oct,ok,ok,,,,,,120,303,,
Viburnum,acerifolium,L.,Adoxaceae,maple-leaved viburnum,not_urban,not_urban_tree,152,161,NA,181,,167,187,2000,NA,167,187,17-Jun,7-Jul,5-Jun,ok,,,,,,157,187,,
Viburnum,dentatum,L.,Adoxaceae,southern arrowwood,not_urban,not_urban_tree,140,161,152,181,,160,198,2000,151,160,189,10-Jun,9-Jul,ok,ok,,,,,,160,189,,
Viburnum,lentago,L.,Adoxaceae,nanny berry,not_urban,not_urban_tree,121,151,135,166,,140,159,2000,134,140,171,21-May,21-Jun,12-May,ok,,,,,,132,171,,
Viburnum,nudum,L.,Adoxaceae,wild raisin,not_urban,not_urban_tree,140,161,152,181,,NA,NA,not in either datasheet,151,151,180,1-Jun,30-Jun,,,ok,ok,,,,151,180,reasonable based on PA and Cayuga dates,
Viburnum,opulus,L.,Adoxaceae,guelder-rose,not_urban,not_urban_tree,121,151,152,181,,147,159,2000,151,147,176,28-May,26-Jun,,,ok,ok,,,,147,176,"UCONN says late May to early June, so I think cornell dates are good",
Viburnum,rafinesquianum,J.A. Schultes,Adoxaceae,downy arrow-wood,not_urban,not_urban_tree,140,151,NA,NA,used PA,NA,NA,not in either datasheet,NA,140,151,21-May,1-Jun,25-May,15-Jun,,,,,,145,166,,
Viburnum,trilobum,,Adoxaceae,American cranberrybush ,not_urban,not_urban_tree,140,151,NA,NA,,109,148,2000,NA,109,148,20-Apr,29-May,ok,ok,,,,,,109,148,,
Vicia,americana,,Fabaceae,purple vetch,not_urban,not_urban_tree,121,212,161,191,,NA,NA,not in either datasheet,159,159,189,9-Jun,9-Jul,,,ok,1-Sep,,,,159,244,Based on MN wildflowers,
Vicia,cracca,L.,Fabaceae,cow vetch,not_urban,not_urban_tree,121,243,161,196,,NA,NA,not in either datasheet,159,159,194,9-Jun,14-Jul,,,ok,31-Jul,,,,142,211,"IW early to mid-summer for 1-2 months, shifted 17 days earlier start based on Kass' 2019 data",
Vicia,sativa subsp. nigra,L.,Fabaceae,spring vetch,not_urban,not_urban_tree,121,243,182,212,,NA,NA,not in either datasheet,180,180,210,30-Jun,30-Jul,,,ok,ok,,,,180,210,IW late spring to mid-summer for 2 months,
Vicia,tetrasperma,(L.) Schreb.,Fabaceae,slender vetch,not_urban,not_urban_tree,121,243,152,181,,NA,NA,not in either datasheet,151,151,180,1-Jun,30-Jun,ok,ok,,,,,,151,180,,
Vinca,minor,L.,Apocynaceae,common periwinkle,not_urban,not_urban_tree,NA,NA,NA,NA,,126,159,2000,NA,126,159,7-May,9-Jun,28-Apr,5-Jun,,,,,,118,156,,
Viola,arvensis,Murr.,Violaceae,field pansy,not_urban,not_urban_tree,91,273,182,273,,NA,NA,not in either datasheet,180,180,271,30-Jun,29-Sep,,,ok,ok,,,,180,271,,
Viola,blanda,Willd.,Violaceae,sweet white violet,not_urban,not_urban_tree,91,151,121,151,,NA,NA,not in either datasheet,120,120,150,1-May,31-May,,,ok,15-Jun,,,,120,165,Minnesota wilfdflowers April-June,
Viola,cucullata,Ait.,Violaceae,marsh blue violet,not_urban,not_urban_tree,91,212,131,161,,113,138,1986,130,113,143,24-Apr,24-May,8-May,5-Jun,,,,,,128,156,,
Viola,laboradorica,,Violaceae,dog violet,not_urban,not_urban_tree,NA,NA,121,151,,101,119,2000,120,101,131,12-Apr,12-May,,,ok,ok,,,,101,131,IW middle of spring for 1 month,
Viola,odorata,L.,Violaceae,English violet,not_urban,not_urban_tree,91,151,NA,NA,,120,146,2000,NA,120,146,1-May,27-May,15-Apr,5-May,,,,,,105,125,,
Viola,pubescens,Ait.,Violaceae,downy yellow violet,not_urban,not_urban_tree,91,181,121,151,,123,146,2000,120,123,153,4-May,3-Jun,ok,ok,,,,,,123,153,,
Viola,rostrata,Pursh,Violaceae,long spurred violet,not_urban,not_urban_tree,91,161,121,151,,129,138,Data removed (Mundy 2000 says 129-138---too narrow of a window),120,129,159,10-May,9-Jun,,,ok,ok,,,,129,159,,
Viola,sororia,Willd.,Violaceae,purple wood violet,not_urban,not_urban_tree,60,181,121,151,,NA,NA,not in either datasheet,120,120,150,1-May,31-May,,,ok,20-Jun,,,,109,170,mid to late spring; 1-1.5 months. Adjusted 21 days earlier according to Canton 2021 phenology. ,
Viola,sp.,,Violaceae,violet,not_urban,not_urban_tree,NA,NA,NA,NA,,NA,NA,,NA,NA,NA,NA,NA,,,,,,,,124,166,took avg of all viola,
Viola,striata,Ait.,Violaceae,pale violet,not_urban,not_urban_tree,91,181,121,166,,NA,NA,2000,120,120,165,1-May,15-Jun,ok,ok,,,,,,120,165,,
Vitis,riparia,Michx.,Vitaceae,riverbank grape,not_urban,not_urban_tree,121,151,152,181,,NA,NA,not in either datasheet,151,151,180,1-Jun,30-Jun,,,ok,21-Jun,,,,146,166,Illinois wf says late spring and lasts 2 weeks. Changed 5 days earlier (start and end) based on Kass' 2018 dataset.,
Xanthium ,strumarium,L.,Asteraceae,rough cocklebur,not_urban,not_urban_tree,182,273,213,273,,NA,NA,2000,210,210,270,30-Jul,28-Sep,,,,,210,270,,210,270,Illinois wf says late summer early fall,
Zanthoxylum ,americanum,P. Mill.,Rutaceae,prickly ash,not_urban,not_urban_tree,110,130,121,151,,113,163,2000,120,113,143,24-Apr,24-May,ok,ok,,,,,,113,143,,
Zea ,mays,L.,Poaceae,corn,not_urban,not_urban_tree,NA,NA,NA,NA,,NA,NA,,NA,NA,NA,NA,NA,,,,,,,,201,218,"Elson Shields says 206-213, and I added 5d on either end of this. Also, Christine Urbanowitz paper on corn pollen shows high percentage corn pollen in samples late july and early aug",
Angelonia,sp.,,,,urban,not_urban_tree,,,,,,,,,,,,,,,,,,,,2-Jul,176,227,ALI obs start.https://www.plantanswers.com/Flowers/Angelonia.asp,
Asclepias,tuberosa,,,,urban,not_urban_tree,,,,,,,,,,,,,,,,,,,,,181,212,from Cayuga Flora,
Astilbe,sp.,,,,urban,not_urban_tree,,,,,,,,,,,,,,,,,,,,,156,217,"ALI obs start.my observations were for a later blooming variety, sounds like the varieties vary and make for a longer bloom period. https://hortnews.extension.iastate.edu/2000/7-14-2000/astilbes.html",
Begonia,sp.,,,,urban,not_urban_tree,,,,,,,,,,,,,,,,,,,,2-Jul,171,268,ALI obs start& end.,
Buddleja,davidii,,,,urban,not_urban_tree,,,,,,,,,,,,,,,,,,,,23-Jul,188,258,ALI obs. End from Nina,
Callicarpa,dichotoma,,,,urban,not_urban_tree,,,,,,,,,,,,,,,,,,,,,201,243,ALI obs start.http://www.missouribotanicalgarden.org/PlantFinder/PlantFinderDetails.aspx?kempercode=j590,
Calycanthus,floridus,,,,urban,not_urban_tree,,,,,,,,,,,,,,,,,,,,Jul 23 (end peak),166,212,ALI obs start.http://hort.uconn.edu/detail.php?pid=78,
Chaenostoma,cordatum,,,,urban,not_urban_tree,,,,,,,,,,,,,,,,,,,,,152,258,"potted annual, probably set to bloom early and then blooms for long time.https://www.gardeningknowhow.com/edible/herbs/bacopa-plants/growing-bacopa-plants.htm",
Chrysanthemum,sp.,,,,urban,not_urban_tree,,,,,,,,,,,,,,,,,,,,,213,274,ALI obs start/end,
Clematis,sp.,,,,urban,not_urban_tree,,,,,,,,,,,,,,,,,,,,,182,268,Variety dependent,
Convallaria,majalis,,,,urban,not_urban_tree,,,,,,,,,,,,,,,,,,,,,128,152,ALI obs start.based on 1 month bloom in MO. http://www.missouribotanicalgarden.org/PlantFinder/PlantFinderDetails.aspx?kempercode=c250. also https://www.illinoiswildflowers.info/weeds/plants/lily_valley.htm,
Cotinus,coggyria,,,,urban,not_urban_tree,,,,,,,,,,,,,,,,,,,,,161,179,ALI obs end. Start date estimated ALI,
Cotoneaster,apiculatus,,,,urban,not_urban_tree,,,,,,,,,,,,,,,,,,,,,152,212,"May to June Cotoneaster apiculatus - Plant Finder - Missouri Botanical Garden
www.missouribotanicalgarden.org/PlantFinder/PlantFinderDetails.aspx?kempercode...shifted 1 month later than missouri",
Daphne,x_burkwoodii,,,,urban,not_urban_tree,,,,,,,,,,,,,,,,,,,,,145,181,http://www.hort.uconn.edu/plants/detail.php?pid=153,
Deutzia,gracilis,,,,urban,not_urban_tree,,,,,,,,,,,,,,,,,,,,2-Jul,166,187,"ALI obs start.1-2 weeks bloom time, i gave 3; http://www.hort.uconn.edu/plants/detail.php?pid=155",
Digitalis,sp.,,,,urban,not_urban_tree,,,,,,,,,,,,,,,,,,,,,152,212,"May to June Digitalis purpurea - Plant Finder - Missouri Botanical Garden
www.missouribotanicalgarden.org/PlantFinder/PlantFinderDetails.aspx?taxonid...shifted 1 month later than missouri",
Echinacea,purpurea,,,,urban,not_urban_tree,,,,,,,,,,,,,,,,,,,,,176,263,ALI obs start/end,
Euphorbia,sp.diamond_frost,,,,urban,not_urban_tree,,,,,,,,,,,,,,,,,,,,,176,268,ALI obs start.planting till frost; https://www.provenwinners.com/learn/top-ten-lists/10-great-landscape-plants-diamond-frost,
Eustoma,russellianum,,,,urban,not_urban_tree,,,,,,,,,,,,,,,,,,,,,182,273,June to frost Eustoma exaltatum ssp. russellianum (Texas bluebells) | http://www.missouribotanicalgarden.org/PlantFinder/PlantFinderDetails.aspx?taxonid=280810,
Forsythia,sp.,,,,urban,not_urban_tree,,,,,,,,,,,,,,,,,,,,NA,NA,NA,,
Fragaria,sp.ornamental,,,,urban,not_urban_tree,,,,,,,,,,,,,,,,,,,,,130,156,ALI and HLG obs,
Gaillardia,sp.,,,,urban,not_urban_tree,,,,,,,,,,,,,,,,,,,,2-Jul,166,263,ALI obs start.June to Sept; http://www.missouribotanicalgarden.org/PlantFinder/PlantFinderDetails.aspx?kempercode=a579,
Geranium,sanguineum,,,,urban,not_urban_tree,,,,,,,,,,,,,,,,,,,,,152,243,Sporadic,
Geranium,wallichianum,,,,urban,not_urban_tree,,,,,,,,,,,,,,,,,,,,,152,243,,
Gerbera,hybrida,,,,urban,not_urban_tree,,,,,,,,,,,,,,,,,,,,,135,268,ALI obs endhttps://www.plantsrescue.com/gerbera-jamesonii/,
Gladiolus,sp.,,,,urban,not_urban_tree,,,,,,,,,,,,,,,,,,,,,213,268,"Mobot plus https://www.gardeners.com/how-to/the-basics-on-gladiolus/7128.html (70-90 days to bloom from planting, 2 weeks before last frost date).short blooming but planting can be staggered for longer blooming period (can bloom until first frost)",
Hedera,helix,,,,urban,not_urban_tree,,,,,,,,,,,,,,,,,,,,,244,274,"September to October Hedera helix - Plant Finder - Missouri Botanical Garden
https://www.missouribotanicalgarden.org/PlantFinder/PlantFinderDetails.aspx?...r450",
Heuchera,sp.,,,,urban,not_urban_tree,,,,,,,,,,,,,,,,,,,,,147,222,ALI obs start& end.,
Hydrangea,macrophylla,,,,urban,not_urban_tree,,,,,,,,,,,,,,,,,,,,23-Jul,176,263,ALI obs start and endjuly through aug; http://www.hort.uconn.edu/plants/detail.php?pid=207,
Ilex,sp.,,,,urban,not_urban_tree,,,,,,,,,,,,,,,,,,,,,181,210,,
Impatiens,sp.,,,,urban,not_urban_tree,,,,,,,,,,,,,,,,,,,,23-Jul,135,263,ALI obs endAnnual/continousuntil frost: https://homeguides.sfgate.com/impatiens-perennials-75044.html,
Ipomoea,sp.,,,,urban,not_urban_tree,,,,,,,,,,,,,,,,,,,,,182,274,"Jun through Oct Ipomoea purpurea - Plant Finder - Missouri Botanical Garden
www.missouribotanicalgarden.org/PlantFinder/PlantFinderDetails.aspx?kempercode...start bloom shifted 1 month later than missouri (but end bloom constrained by first frost)",
Iris,sp.,,,,urban,not_urban_tree,,,,,,,,,,,,,,,,,,,,,140,183,used Iris versicolor,
Kalmia,latifolia,,,,urban,not_urban_tree,,,,,,,,,,,,,,,,,,,,,161,191,from cayuga flora,
Kolkwitzia,amabilis,,,,urban,not_urban_tree,,,,,,,,,,,,,,,,,,,,,140,166,Nina start & end,
Lamium,maculatum,,,,urban,not_urban_tree,,,,,,,,,,,,,,,,,,,,,121,212,ALI obs starthttps://www.missouribotanicalgarden.org/PlantFinder/PlantFinderDetails.aspx?kempercode=d720,
Lamprocapnos,spectabilis,,,,urban,not_urban_tree,,,,,,,,,,,,,,,,,,,,,110,151,ALI obs startmobot,
Lavandula,sp.,,,,urban,not_urban_tree,,,,,,,,,,,,,,,,,,,,,176,258,ALI obs start & end,
Liatris,sp.,,,,urban,not_urban_tree,,,,,,,,,,,,,,,,,,,,,182,253,ALI obs end,
Lilium,sp.,,,,urban,not_urban_tree,,,,,,,,,,,,,,,,,,,,,180,210,used L. canadense,
Lobularia,maritima,,,,urban,not_urban_tree,,,,,,,,,,,,,,,,,,,,2-Jul,173,244,ALI obs starthttp://www.gardening.cornell.edu/homegardening/scened548.html,
Magnolia,stellata,,,,urban,urban_tree,,,,,,,,,,,,,,,,,,,,,102,135,March https://www.missouribotanicalgarden.org/PlantFinder/PlantFinderDetails.aspx?kempercode=l130. Adjusted later according to obs by ALI. Adjusted start 3 days earlier based on Canton 2021 phenology. ,
Melissa,officinalis,,,,urban,not_urban_tree,,,,,,,,,,,,,,,,,,,,,166,243,June to August http://www.missouribotanicalgarden.org/PlantFinder/PlantFinderDetails.aspx?kempercode=c857. adjusted start date 2 weeks later,
Miscanthus,sp.,,,,urban,not_urban_tree,,,,,,,,,,,,,,,,,,,,,NA,NA,,
Nepeta,x_faassenii,,,,urban,not_urban_tree,,,,,,,,,,,,,,,,,,,,23-Jul,171,288,,
Oenothera,lindheimeri,,,,urban,not_urban_tree,,,,,,,,,,,,,,,,,,,,,213,263,http://www.missouribotanicalgarden.org/PlantFinder/PlantFinderDetails.aspx?kempercode=c840,
Pachysandra,terminalis,,,,urban,not_urban_tree,,,,,,,,,,,,,,,,,,,,,121,151,http://www.missouribotanicalgarden.org/PlantFinder/PlantFinderDetails.aspx?taxonid=278317,
Paeonia,sp.,,,,urban,not_urban_tree,,,,,,,,,,,,,,,,,,,,23 Jul (end peak),147,176,ALI obs starthttps://www.gardenia.net/guide/extend-the-blooming-season-of-your-peonies,
Pelargonium,sp.,,,,urban,not_urban_tree,,,,,,,,,,,,,,,,,,,,23-Jul,152,263,ALI obs end,
Petunia,x_atkinsiana,,,,urban,not_urban_tree,,,,,,,,,,,,,,,,,,,,23-Jul,166,263,ALI obs start & end,
Phlox,subulata,,,,urban,not_urban_tree,,,,,,,,,,,,,,,,,,,,,123,181,ALI obs starthttp://www.missouribotanicalgarden.org/PlantFinder/PlantFinderDetails.aspx?kempercode=c268,
Physocarpus,opulifolius,,,,urban,not_urban_tree,,,,,,,,,,,,,,,,,,,,,158,181,"Cayuga flora, adjusted 3 days earlier based on Canton phenology",
Plectranthis,scutellarioides,,,,urban,not_urban_tree,,,,,,,,,,,,,,,,,,,,,166,258,ALI obs start & endstart date was a guess,
Rhododendron,catawbiense,,,,urban,not_urban_tree,,,,,,,,,,,,,,,,,,,,,145,166,Nina start & end,
Rhododendron,sp.ornamental_azalea,,,,urban,not_urban_tree,,,,,,,,,,,,,,,,,,,,,111,145,Observations in Canton,
Rosa,sp_climber,,,,urban,not_urban_tree,,,,,,,,,,,,,,,,,,,,NA,NA,NA,Repeat,
Rosa,sp.,,,,urban,not_urban_tree,,,,,,,,,,,,,,,,,,,,NA,NA,NA,Repeat,
Salvia,lyrata,,,,urban,not_urban_tree,,,,,,,,,,,,,,,,,,,,,121,151,http://www.missouribotanicalgarden.org/PlantFinder/PlantFinderDetails.aspx?kempercode=m250,
Salvia,sp.,,,,urban,not_urban_tree,,,,,,,,,,,,,,,,,,,,2-Jul,171,244,ALI obs starthttps://www.google.com/search?client=firefox-b-1-d&q=salvia+bloom+time,
Spirea,japonica,,,,urban,not_urban_tree,,,,,,,,,,,,,,,,,,,,2-Jul,171,248,ALI obs start & end,
Spirea,nipponica,,,,urban,not_urban_tree,,,,,,,,,,,,,,,,,,,,,122,166,ALI obs start& end.,
Spirea,x_vanhouttei,,,,urban,not_urban_tree,,,,,,,,,,,,,,,,,,,,,122,166,ALI obs startassumed same dates as S nipponica,
Stachys,byzantina,,,,urban,not_urban_tree,,,,,,,,,,,,,,,,,,,,2-Jul,173,213,ALI obs starthttp://www.missouribotanicalgarden.org/PlantFinder/PlantFinderDetails.aspx?kempercode=p980,
Tagetes,sp.,,,,urban,not_urban_tree,,,,,,,,,,,,,,,,,,,,23-Jul,161,268,ALI obs start & end,
Tradescantia,sp.,,,,urban,not_urban_tree,,,,,,,,,,,,,,,,,,,,,171,213,ALI obs starthttp://www.missouribotanicalgarden.org/PlantFinder/PlantFinderDetails.aspx?kempercode=m630; https://www.gardeningknowhow.com/ornamental/flowers/spiderwort/growing-spiderworts.htm (blooms 4-6 weeks),
Verbena,sp.ornamental,,,,urban,not_urban_tree,,,,,,,,,,,,,,,,,,,,2-Jul,171,258,ALI obs start,
Viburnum,plicatum,,,,urban,not_urban_tree,,,,,,,,,,,,,,,,,,,,,135,176,Nina start. ALI obs end.,
Viola,sp.pansy,,,,urban,not_urban_tree,,,,,,,,,,,,,,,,,,,,,91,274,Annual/Continousassumed blooms till first frost,
Yucca,sp.,,,,urban,not_urban_tree,,,,,,,,,,,,,,,,,,,,,196,244,Nina start.http://www.missouribotanicalgarden.org/PlantFinder/PlantFinderDetails.aspx?kempercode=c287,
Abies,concolor,,,,urban,urban_tree,,,,,,,,,,,,,,,,,,,,NA,NA,NA,,
Acer,campestre,,,,urban,urban_tree,,,,,,,,,,,,,,,,,,,,,120,141,ALI obs starthttps://www.missouribotanicalgarden.org/PlantFinder/PlantFinderDetails.aspx?taxonid=275376&isprofile=0&,
Acer,nigrum,,,,urban,urban_tree,,,,,,,,,,,,,,,,,,,,,132,150,Cayuga flora,
Acer,palmatum,,,,urban,urban_tree,,,,,,,,,,,,,,,,,,,,,135,150,from Nina start & end.,
Acer,pseudoplatanus,,,,urban,urban_tree,,,,,,,,,,,,,,,,,,,,,135,156,https://www.missouribotanicalgarden.org/PlantFinder/PlantFinderDetails.aspx?taxonid=275368&isprofile=0&,
Amelanchier,laevis,,,,urban,urban_tree,,,,,,,,,,,,,,,,,,,,,113,132,"ALI obs end (actual was May 8 but extended to account for year to year variability).Wiegand and Eames, report 15 day bloom time May 1-15",
Betula,papyrifera,,,,urban,urban_tree,,,,,,,,,,,,,,,,,,,,,135,150,Cayuga flora,
Carpinus,betulus,,,,urban,urban_tree,,,,,,,,,,,,,,,,,,,,,91,120,"http://woodyplants.cals.cornell.edu/plant/42; http://www.missouribotanicalgarden.org/PlantFinder/PlantFinderDetails.aspx?kempercode=a344; http://hort.uconn.edu/detail.php?pid=83; change all to betulus and male catkins are 1.5"" long",
Celtis,occidentalis,,,,urban,urban_tree,,,,,,,,,,,,,,,,,,,,,115,135,Cayuga flora,
Cornus,florida,,,,urban,urban_tree,,,,,,,,,,,,,,,,,,,,,115,140,ALI obs starthttp://hort.uconn.edu/detail.php?pid=124; report bloom time to be 2 weeks,
Ginkgo,biloba,,,,urban,urban_tree,,,,,,,,,,,,,,,,,,,,NA,121,151,based on missouri bot garden (April) and observations in Ithaca (ALI),
Liquidambar,styraciflua,,,,urban,urban_tree,,,,,,,,,,,,,,,,,,,,,135,151,ALI obs starthttp://www.missouribotanicalgarden.org/PlantFinder/PlantFinderDetails.aspx?kempercode=c116; http://hort.uconn.edu/detail.php?pid=259,
Malus,prunifolia,,,,urban,urban_tree,,,,,,,,,,,,,,,,,,,,,105,135,ALI obs start in Canton,
Picea,pungens,,,,urban,urban_tree,,,,,,,,,,,,,,,,,,,,NA,NA,NA,,
Prunus,cerasifera,,,,urban,urban_tree,,,,,,,,,,,,,,,,,,,,,121,140,http://www.missouribotanicalgarden.org/PlantFinder/PlantFinderDetails.aspx?kempercode=d452; change all to cerasifera,
Pyrus,calleryana,,,,urban,urban_tree,,,,,,,,,,,,,,,,,,,,,115,135,Sp dependenthttp://hort.uconn.edu/detail.php?pid=373; change to calleryana,
Salix,babylonica,,,,urban,urban_tree,,,,,,,,,,,,,,,,,,,,,110,135,Aaron's guess based on mobot saying Apr and May. This species is Salix x salamonii,
Syringa,reticulata,,,,urban,urban_tree,,,,,,,,,,,,,,,,,,,,,135,196,ALI obs end.https://www.missouribotanicalgarden.org/PlantFinder/PlantFinderDetails.aspx?kempercode=c152,
Thuja,occidentalis,,,,urban,urban_tree,,,,,,,,,,,,,,,,,,,,NA,NA,NA,,
Tilia,tomentosa,,,,urban,urban_tree,,,,,,,,,,,,,,,,,,,,,161,191,,
Zelkova,serrata,,,,urban,urban_tree,,,,,,,,,,,,,,,,,,,,,110,135,https://www.missouribotanicalgarden.org/PlantFinder/PlantFinderDetails.aspx?kempercode=a927,