yellow means missing values,blue is measurements taken from herbarium,salmon means flowers estimated from a similar species,green means estimated from pictures on internet,,,,,"1=yes, 0=no","0=no, 1=yes, 2=nearly (eastern USA)",,number of flowers in 0.25m2,percent cover of 0.25m2 quadrat,number of flowers if 0.25m2 quadrat was completely covered by given species,,,,,,,,,,,,,,,,,,,,,,,,,,,,average no. of flowers in 0.25m2  across all measured quadrats,average no. of flowers in 1m2  across all measured quadrats,,"highlighted rows are ones we couldn't get direct counts from and rather counted from herbarium specimens (blue), pictures (green) or assumed amount of flowers were similar to other species (salmon color)",,,,,,,,,,,,,,,,,,,,,,,,,,,,,,,,,,NOTE: FOR TREES 9 AND ABOVE I NEED TO VERIFY THAT THE AVERAGE IS INCLUDING THEM STILL.,,,,,,,,,,,,,,,,,,,,,,,,,,,,,,,,,,,,,,,,,,,,,,
Genus ,species,author,family,common,urban_noturban,urban_tree,NOTES,Insect_pollinated,native,notes_native,1Flrs,1Cov,1Flrs_.25m,2Flrs,2Cov,2Flrs_.25m,3Flrs,3Cov,3Flrs_.25m,4Flrs,4Cov,4Flrs_.25m,5Flrs,5Cov,5Flrs_.25m,6Flrs,6Cov,6Flrs_.25m,7Flrs,7Cov,7Flrs_.25m,8Flrs,8Cov,8Flrs_.25m,9Flrs,9Cov,9Flrs_.25m,10Flrs,10Cov,10Flrs_.25m,Avg_Flrs_.25m,Avg_Flrs_1m,11th ,estimations based off:,notes,1tree_flowers,1tree_height(ft),1tree_dbh(in),notes,2tree_flowers,2tree_height(ft),2tree_dbh(in),notes,3tree_flowers,3tree_height(ft),3tree_dbh(in),notes,4tree_flowers,4tree_height(ft),4tree_dbh(in),notes,5tree_flowers,5tree_height(ft),5tree_dbh(in),notes,6tree_flowers,6tree_height(ft),6tree_dbh(in),notes,7tree_flowers,7tree_height(ft),7tree_dbh(in),notes,8tree_flowers,8tree_height(ft),8tree_dbh(in),notes,9tree_flowers,9tree_height(ft),9tree_dbh(in),notes,10tree_flowers,10tree_height(ft),10tree_dbh(in),notes,11tree_flowers,11tree_height(ft),11tree_dbh(in),notes,Avg_Flrs_Tree,notes,notes_sex ratio,extra floral entries,,,,,,,,,,,,,,,,,,,,,,,,,,,,,,,
Abutilon ,theophrasti,Medik,Malvaceae,velvetleaf,not_urban,,,1,0,,16,40,40,13,60,21.66666667,15,30,50,5,20,25,6,30,20,11,75,14.66666667,5,60,8.333333333,7,100,7,,,,,,,23.33,93.33,,,plants 4-9 estimated from pictures,,,,,,,,,,,,,,,,,,,,,,,,,,,,,,,,,,,,,,,,,,,,,,,,,,,,,,,,,,,,,,,,,,,,,,,,,,,,,,,
Acer,negundo,L.,Sapindaceae,box elder ,not_urban,,wind pollinated,0,1,,,,,,,,,,,,,,,,,,,,,,,,,,,,,,,,#DIV/0!,#DIV/0!,,,,248240,40,8,male,71820,37,8,"male. Canton Saddlemire Trail 2022. Average of flowers per cluster taken from 41,38,45,47",69597,45,10,"male. Canton Saddlemire Trail 2022. Average of flowers per cluster taken from 41,38,45,47",398216.25,50,16,"male. Canton Living Lab 2022. Average of flowers per cluster taken from 41,38,45,47",556305.75,55,20,"male. Canton Living Lab 2022. Average of flowers per cluster taken from 41,38,45,47",,,,,,,,,,,,,,,,,,,,,,,,,268835.8,,"From Sakai 1990. In a study of several wind-polli- nated species in northern Utah (including the strictly dioecious Acer negundo), Freeman et al. (1976) sug- gested that males were associated with more xeric con- ditions, either because of sex-related differential mor- tality or resource utilization. Acer negundo in the dry steppe of the Soviet Union also showed male-biased sex ratios and Lysova and Khizhnyak (1975) proposed that this skewed ratio might be a result of sex-related differential mortality. They found that males and fe- males began to differ in diameter growth when female growth slowed with fruit production. In contrast, Will- son (1986) found that fruit production in A. negundo had no measurable effect in reducing crown growth of females relative to males.",,,,,,,,,,,,,,,,,,,,,,,,,,,,,,,,
Acer,pensylvanicum,L.,Sapindaceae,striped maple,not_urban,,"insect-pollinated: yes, does produce nectar: https://www.fs.usda.gov/database/feis/plants/tree/acepen/all.html",1,1,,,,,,,,,,,,,,,,,,,,,,,,,,,,,,,,159.00,636.00,,,2541 average per tree divided by estimated 4m2 average canopy size,2280.0,,,,3200.0,,,,1190.0,,,,2400.0,,,,2850.0,,,,3328,25,5,,,,,,,,,,,,,,,,,,,,,,2541.3,,"Striped maple (Acer pensylvan- icum), a small temperate deciduous forest understory tree, also had male-biased (80%) sex ratios and sex switching (Hibbs and Fischer 1979), from Sakai 1990",,,,,,,,,,,,,,,,,,,,,,,,,,,,,,,,
Acer,platanoides,L.,Sapindaceae,Norway maple,not_urban,,insect-pollinated: https://blogs.reading.ac.uk/whiteknightsbiodiversity/2014/04/06/pollination-by-wind-or-insect/,1,0,,,,,,,,,,,,,,,,,,,,,,,,,,,,,,,,#DIV/0!,#DIV/0!,,,,1019520,40,18,"Street tree, Canton, NY (60 E Main st.) street tree",1432200,50,22,"Street tree, Ithaca, NY",600696,45,2.5,"Street tree, Ithaca, NY",240000,50,23,"Street tree, SLU campus 2022.",38400,60,20,"Street tree, SLU campus 2022.",350000,55,30,"2022, Canton, based on 17.5 flowers per cluster (average between 15-20)",,,,,,,,,,,,,,,,,,,,,613469.3,,,,,,,,,,,,,,,,,,,,,,,,,,,,,,,,,,
Acer,rubrum,L.,Sapindaceae,red maple,not_urban,,insect-pollinated--mostly wind but some insect: https://plants.usda.gov/DocumentLibrary/plantguide/pdf/pg_acru.pdf. Produces nectar: Batra 1985.,1,1,,,,,,,,,,,,,,,,,,,,,,,,,,,,,,,,#DIV/0!,#DIV/0!,,,,49920,65,11,female with samaras,425000,95,20,female with samaras,150000,80,18,female with samaras,250800,90,24,samaras,269280,60,20,"female, in samaras but seems almost same as number of flowers would have been--thick!",186354,75,15,"Male, Living Lab Penninsula woods, 2022. average flowers per cluster from the following: (9,11,11,10,17,14,8,11,7,7,8)",330480,65,25,"Male, Living Lab Penninsula woods, 2022. average flowers per cluster from the following: (9,11,11,10,17,14,8,11,7,7,8)",91392,75,26,"Male, Living Lab Penninsula woods, 2022. average flowers per cluster from the following: (9,11,11,10,17,14,8,11,7,7,8)",104652,75,14,"Male, Living Lab Penninsula woods, 2022. average flowers per cluster from the following: (9,11,11,10,17,14,8,11,7,7,8)",44880,75,10,"Male, Living Lab Penninsula woods, 2022. average flowers per cluster from the following: (9,11,11,10,17,14,8,11,7,7,8)",28152,75,10.5,"Male, Living Lab Penninsula woods, 2022. average flowers per cluster from the following: (9,11,11,10,17,14,8,11,7,7,8)",175537.3,"deleted one outlier entry of 6232, dbh 18"", height 60' of only female samaras","take average of table 1 from Sakai 1990. Actually, both male and female flowers are pollinator resources, so no need to adjust based on sex ratios (see Batra 1985 J. Kansas Ent. Soc.)",,,,,,,,,,,,,,,,,,,,,,,,,,,,,,,,
Acer,saccharinum,L.,Sapindaceae,silver maple,not_urban,,"insect-pollinated: no because lack nectar: https://bplant.org/plant/92, https://www.illinoiswildflowers.info/trees/plants/silver_maple.htm",0,1,,,,,,,,,,,,,,,,,,,,,,,,,,,,,,,,#DIV/0!,#DIV/0!,,,,221446.875,75,16,"Sandbank, SLU.2022 (all entries from 2022). 14.375 is the average number of flowers per cluster: 12, 12, 11, 12, 16, 14, 21, 17",133967.8125,65,13,"Sandbank, SLU. 14.375 is the average number of flowers per cluster: 12, 12, 11, 12, 16, 14, 21, 17",114281.25,55,12,"Sandbank, SLU. 14.375 is the average number of flowers per cluster: 12, 12, 11, 12, 16, 14, 21, 17",380937.5,70,16,"Sandbank, SLU. 14.375 is the average number of flowers per cluster: 12, 12, 11, 12, 16, 14, 21, 17",368000,80,25,"Sandbank, SLU. 14.375 is the average number of flowers per cluster: 12, 12, 11, 12, 16, 14, 21, 17",582187.5,80,25,"Sandbank, SLU. 14.375 is the average number of flowers per cluster: 12, 12, 11, 12, 16, 14, 21, 17",205275,75,10,"Sandbank, SLU. 14.375 is the average number of flowers per cluster: 12, 12, 11, 12, 16, 14, 21, 17",189750,65,13,"Kip tract, SLU",,,,,,,,,,,,,274480.7,,,,,,,,,,,,,,,,,,,,,,,,,,,,,,,,,,
Acer,saccharum,Marsh,Sapindaceae,sugar maple,not_urban,,insect-pollination: no nectar. https://www.illinoiswildflowers.info/trees/plants/sugar_maple.html,0,1,,,,,,,,,,,,,,,,,,,,,,,,,,,,,,,,#DIV/0!,#DIV/0!,,,,483840,85,22,bisex,108576,60,15,,500000,85,20,,255000,75,20,,928800,70,20,,,,,,,,,,,,,,,,,,,,,,,,,,281287,this includes my 5 entries plus Kass's 16 entries (in different workbook),,,,,,,,,,,,,,,,,,,,,,,,,,,,,,,,,
Achillea ,millefolium,L.,Asteraceae,yarrow,not_urban,,,1,0,,6,4,150,3,5,60,1,6,16.67,3,50,6,4,60,6.67,26,20,130,37,40,92.5,32,25,128,35,40,87.50,48,45,106.67,78.40,313.60,,,,,,,,,,,,,,,,,,,,,,,,,,,,,,,,,,,,,,,,,,,,,,,,,,,,,,,,,,,,,,,,,,,,,,,,,,,,,,,,,,
Actaea,pachypoda,Ell.,Ranunculaceae,white baneberry,not_urban,,,1,1,,,,,,,,,,,,,,,,,,,,,,,,,,,,,,,,63.37,253.48,,A. rubra,,,,,,,,,,,,,,,,,,,,,,,,,,,,,,,,,,,,,,,,,,,,,,,,,,,,,,,,,,,,,,,,,,,,,,,,,,,,,,,,
Actaea,rubra,(Ait.) Willd.,Ranunculaceae,red baneberry,not_urban,,,1,1,,54,60,90,26,50,52,16,25,64,12,25,48,44,70,62.86,,,,,,,,,,,,,,,,63.37,253.49,,,,,,,,,,,,,,,,,,,,,,,,,,,,,,,,,,,,,,,,,,,,,,,,,,,,,,,,,,,,,,,,,,,,,,,,,,,,,,,,,,
Adiantum,pedatum,L.,Pteridaceae,maidenhair fern,not_urban,,,0,1,,,,,,,,,,,,,,,,,,,,,,,,,,,,,,,,#DIV/0!,#DIV/0!,,,,,,,,,,,,,,,,,,,,,,,,,,,,,,,,,,,,,,,,,,,,,,,,,,,,,,,,,,,,,,,,,,,,,,,,,,,,,,,,,,
Ageratina ,altissima,(L.) King & H.E. Robins.,Asteraceae,white snake-root,not_urban,,,1,1,,1,5,20,6,20,30,7,25,28,5,20,25,5,10,50,58,25,,42,15,,72,30,,,,,,,,30.60,122.40,,,,,,,,,,,,,,,,,,,,,,,,,,,,,,,,,,,,,,,,,,,,,,,,,,,,,,,,,,,,,,,,,,,,,,,,,,,,,,,,,,
Agrimonia,gryposepala,Wallr.,Rosaceae,agrimony,not_urban,,,1,1,,44,30,146.67,10,10,100,14,15,93.33,9,15,60,6,2,300,9,10,90,12,15,80,5,10,50,14,15,93.33333333,,,,112.59,450.37,,,,,,,,,,,,,,,,,,,,,,,,,,,,,,,,,,,,,,,,,,,,,,,,,,,,,,,,,,,,,,,,,,,,,,,,,,,,,,,,,,
Agrimonia,striata,Michx.,Rosaceae,woodland agrimony,not_urban,,,1,1,,,,,,,,,,,,,,,,,,,,,,,,,,,,,,,,112.59,450.36,,A. gryposepala,,,,,,,,,,,,,,,,,,,,,,,,,,,,,,,,,,,,,,,,,,,,,,,,,,,,,,,,,,,,,,,,,,,,,,,,,,,,,,,,
Agrostis,stolonifera,L.,Poaceae,creeping bentgrass,not_urban,,,0,0,,,,,,,,,,,,,,,,,,,,,,,,,,,,,,,,#DIV/0!,#DIV/0!,,,,,,,,,,,,,,,,,,,,,,,,,,,,,,,,,,,,,,,,,,,,,,,,,,,,,,,,,,,,,,,,,,,,,,,,,,,,,,,,,,
Ailanthus ,altissima,(P. Mill.) Swingle,Simaroubaceae,tree of heaven,not_urban,,,1,0,,,,,,,,,,,,,,,,,,,,,,,,,,,,,,,,#DIV/0!,#DIV/0!,,,,1414400,40,14,884 is the number of flowers per cluster as calculated based on pictures,123760,35,7,"2022, Carlisle, PA. Entire inflorescence counted then 884 is the number of flowers per cluster as calculated based on pictures",185640,70,10,"2022, Carlisle, PA. Entire inflorescence counted then 884 is the number of flowers per cluster as calculated based on pictures",154700,55,8,"2022, Carlisle, PA. Entire inflorescence counted then 884 is the number of flowers per cluster as calculated based on pictures",,,,,,,,,,,,,,,,,,,,,,,,,,,,,469625,,,,,,,,,,,,,,,,,,,,,,,,,,,,,,,,,,
Alisma,triviale,Pursh,Alismataceae,northern water plantain,not_urban,,,1,1,,780,20,3900,125,10,1250,40,5,800,34,5,680,31,5,620,24,15,160,34,10,340,10,4,250,,,,,,,1000.00,4000.00,,,,,,,,,,,,,,,,,,,,,,,,,,,,,,,,,,,,,,,,,,,,,,,,,,,,,,,,,,,,,,,,,,,,,,,,,,,,,,,,,,
Alliaria,petiolata,(Bieb.) Cavara & Grande,Brassicaceae,garlic mustard,not_urban,,,1,0,,1,0.5,200,500,50,1000,325,20,1625,380,15,2533.33,138,15,920,325,25,1300,,,,,,,,,,,,,1263.06,5052.22,,,,,,,,,,,,,,,,,,,,,,,,,,,,,,,,,,,,,,,,,,,,,,,,,,,,,,,,,,,,,,,,,,,,,,,,,,,,,,,,,,
Allium,ampeloprasum ,L.,Alliaceae,leek,not_urban,,,1,0,,,,,,,,,,,,,,,,,,,,,,,,,,,,,,,,#DIV/0!,#DIV/0!,,,,,,,,,,,,,,,,,,,,,,,,,,,,,,,,,,,,,,,,,,,,,,,,,,,,,,,,,,,,,,,,,,,,,,,,,,,,,,,,,,
Allium,canadense,L.,Alliaceae,meadow garlic,not_urban,,,1,1,,6,25,24,4,20,20,4,20,20,2,5,40,1,3,33.33,,,,,,,,,,,,,,,,27.47,109.87,,,,,,,,,,,,,,,,,,,,,,,,,,,,,,,,,,,,,,,,,,,,,,,,,,,,,,,,,,,,,,,,,,,,,,,,,,,,,,,,,,
Allium,cepa,L.,Alliaceae,onion,not_urban,,,1,0,,,,,,,,,,,,,,,,,,,,,,,,,,,,,,,,#DIV/0!,#DIV/0!,,,,,,,,,,,,,,,,,,,,,,,,,,,,,,,,,,,,,,,,,,,,,,,,,,,,,,,,,,,,,,,,,,,,,,,,,,,,,,,,,,
Allium,oleraceum,L.,Alliaceae,field garlic,not_urban,,This is actually A. vineale (need to change in Plots_Final_2016 database before changing here),1,0,,,,,,,,,,,,,,,,,,,,,,,130,50,260,65,20,325,104,25,416,333.67,1334.67,,pictures (A. vineale),,,,,,,,,,,,,,,,,,,,,,,,,,,,,,,,,,,,,,,,,,,,,,,,,,,,,,,,,,,,,,,,,,,,,,,,,,,,,,,,
Allium,schoenoprasum,L.,Alliaceae,chives,not_urban,,,1,0,,,,,,,,,,,,,,,,,,,,,,,,,,,,,,,,#DIV/0!,#DIV/0!,,,,,,,,,,,,,,,,,,,,,,,,,,,,,,,,,,,,,,,,,,,,,,,,,,,,,,,,,,,,,,,,,,,,,,,,,,,,,,,,,,
Allium,tricoccum,Ait.,Alliaceae,wild leek,not_urban,,,1,1,,,,,,,,,,,,,,,,,,,,,,,,,,,,,,,,27.47,109.88,,A. canadense,,,,,,,,,,,,,,,,,,,,,,,,,,,,,,,,,,,,,,,,,,,,,,,,,,,,,,,,,,,,,,,,,,,,,,,,,,,,,,,,
Alnus ,incana,(L.) Moench,Betulaceae,speckled alder,not_urban,,,0,1,,,,,,,,,,,,,,,,,,,,,,,,,,,,,,,,27.75,111.00,,27.75,average of 222 flowers per tree divided by average of ~2m2 canopy,750,13,2.5,,160,13,1,,205,13,1,,227,15,1,,175,15,1,,50,20,3,"Male catkins. Sandbank, SLU campus, 2022.",192,14,2,"Male catkins. Sandbank, SLU campus, 2022.",90,16,3,"Male catkins. Sandbank, SLU campus, 2022.",150,15,2,"Male catkins. Sandbank, SLU campus, 2022.",,,,,,,,,222.1,"The Sandbank entries are all single stems from multi-stemmed individuals (~5-12 stems per individual, usually)",,,,,,,,,,,,,,,,,,,,,,,,,,,,,,,,,
Amaranthus ,albus,L.,Amaranthaceae,tumble pigweed,not_urban,,,0,0,,348,10,3480,648,15,4320,552,10,5520,710,20,3550,370,8,4625,,,,,,,,,,,,,,,,4299.00,17196.00,,herbarium,,,,,,,,,,,,,,,,,,,,,,,,,,,,,,,,,,,,,,,,,,,,,,,,,,,,,,,,,,,,,,,,,,,,,,,,,,,,,,,,
Amaranthus ,powellii,S. Wats.,Amaranthaceae,Powell's amaranth,not_urban,,,0,0,,22,8,275,9,8,112.5,20,10,200,13,8,162.5,14,5,280,,,,,,,,,,,,,,,,206.00,824.00,,herbarium,,,,,,,,,,,,,,,,,,,,,,,,,,,,,,,,,,,,,,,,,,,,,,,,,,,,,,,,,,,,,,,,,,,,,,,,,,,,,,,,
Amaranthus ,retroflexus,L.,Amaranthaceae,redroot pigweed,not_urban,,,0,0,,25,20,125,160,60,266.6666667,,,,,,,,,,,,,,,,,,,,,,,,,195.83,783.33,,,,,,,,,,,,,,,,,,,,,,,,,,,,,,,,,,,,,,,,,,,,,,,,,,,,,,,,,,,,,,,,,,,,,,,,,,,,,,,,,,
Ambrosia,artemesiifolia,L.,Asteraceae,common ragweed,not_urban,,,0,1,,48,10,480,36,15,240,40,10,400,46,10,460,50,15,333.3333333,,,,,,,,,,,,,,,,382.67,1530.67,,,,,,,,,,,,,,,,,,,,,,,,,,,,,,,,,,,,,,,,,,,,,,,,,,,,,,,,,,,,,,,,,,,,,,,,,,,,,,,,,,
Amelanchier,arborea,(Michx. f.) Fern.,Rosaceae,downy serviceberry,not_urban,,,1,1,,,,,,,,,,,,,,,,,,,,,,,,,,,,,,,,78.50,314.00,,,average of 2824 flowers per tree divided by average of ~9m2 canopy,3600,22,,flowers,550,22,2,flowers,2000,22,4,flowers,5145,19,,flowers,,,,,,,,,,,,,,,,,,,,,,,,,,,,,2823.75,,,,,,,,,,,,,,,,,,,,,,,,,,,,,,,,,,
Amphicarpaea,bracteata,(L.) Fern.,Fabaceae,hog peanut,not_urban,,,1,1,,,,,,,,,,,,,,,,,,,,,,,,,,,,,24,65,36.92,36.92,147.69,,picture,,,,,,,,,,,,,,,,,,,,,,,,,,,,,,,,,,,,,,,,,,,,,,,,,,,,,,,,,,,,,,,,,,,,,,,,,,,,,,,,
Anemone ,acutiloba,(DC.) G. Lawson,Ranunculaceae,sharp-lobed hepatica,not_urban,,,1,1,,5,20,25,2,5,40,1,5,20,0,5,0,,,,,,,,,,,,,,,,,,,21.25,85.00,,,,,,,,,,,,,,,,,,,,,,,,,,,,,,,,,,,,,,,,,,,,,,,,,,,,,,,,,,,,,,,,,,,,,,,,,,,,,,,,,,
Anemone ,virginiana,L.,Ranunculaceae,tall thimble weed,not_urban,,,1,1,,,,,,,,,,,,,,,,,,,,,,,,,,,,,,,,21.25,85.00,,A. acutiloba,,,,,,,,,,,,,,,,,,,,,,,,,,,,,,,,,,,,,,,,,,,,,,,,,,,,,,,,,,,,,,,,,,,,,,,,,,,,,,,,
Anethum ,graveolens,L.,Apiaceae,dill,not_urban,,,1,0,,119,40,297.5,140,60,233.3333333,150,30,500,120,30,400,179,95,188.4210526,,,,,,,,,,,,,,,,323.85,1295.40,,,,,,,,,,,,,,,,,,,,,,,,,,,,,,,,,,,,,,,,,,,,,,,,,,,,,,,,,,,,,,,,,,,,,,,,,,,,,,,,,,
Angelica ,atropurpurea,L.,Apiaceae,purple-stemmed Angelica,not_urban,,,1,1,,18,60,30,10,60,16.67,19,60,31.67,17,50,34,16,50,32,,,,,,,,,,,,,,,,28.87,115.47,,,,,,,,,,,,,,,,,,,,,,,,,,,,,,,,,,,,,,,,,,,,,,,,,,,,,,,,,,,,,,,,,,,,,,,,,,,,,,,,,,
Anthemis,arvensis,L.,Asteraceae,corn chamomile,not_urban,,,1,0,,1,10,10,5,15,33.33,16,25,64,23,30,76.67,5,8,62.5,,,,,,,,,,,,,,,,49.30,197.20,,,,,,,,,,,,,,,,,,,,,,,,,,,,,,,,,,,,,,,,,,,,,,,,,,,,,,,,,,,,,,,,,,,,,,,,,,,,,,,,,,
Anthoxanthum ,odoratum,L.,Poaceae,sweet vernal grass,not_urban,,,0,0,,,,,,,,,,,,,,,,,,,,,,,,,,,,,,,,#DIV/0!,#DIV/0!,,,,,,,,,,,,,,,,,,,,,,,,,,,,,,,,,,,,,,,,,,,,,,,,,,,,,,,,,,,,,,,,,,,,,,,,,,,,,,,,,,
Apium ,graveolens,L.,Apiaceae,celery,not_urban,,,1,0,,,,,,,,,,,,,,,,,,,,,,,,,,,,,,,,#DIV/0!,#DIV/0!,,,,,,,,,,,,,,,,,,,,,,,,,,,,,,,,,,,,,,,,,,,,,,,,,,,,,,,,,,,,,,,,,,,,,,,,,,,,,,,,,,
Apocynum ,androsaemifolium,L.,Apocynaceae,spreading dogbane,not_urban,,,1,1,,38,50,76,53,60,88.33,40,50,80,32,50,64,30,50,60,,,,,,,,,,,,,,,,73.67,294.67,,,,,,,,,,,,,,,,,,,,,,,,,,,,,,,,,,,,,,,,,,,,,,,,,,,,,,,,,,,,,,,,,,,,,,,,,,,,,,,,,,
Aralia,nudicaulis,L.,Apiaceae,sarsaparilla,not_urban,,,1,1,,7,80,8.75,12,60,20,9,40,22.5,6,70,8.57,6,50,12,10,85,11.76,7,50,14,12,45,26.67,12,70,17.14,10,65,15.38,15.68,62.71,,,,,,,,,,,,,,,,,,,,,,,,,,,,,,,,,,,,,,,,,,,,,,,,,,,,,,,,,,,,,,,,,,,,,,,,,,,,,,,,,,
Arctium ,minus,Bernh.,Asteraceae,common burdock,not_urban,,,1,0,,6,100,6,8,100,8,18,50,36,129,100,129,13,90,14.44,7,22,31.82,,,,,,,,,,,,,37.54,150.18,,,,,,,,,,,,,,,,,,,,,,,,,,,,,,,,,,,,,,,,,,,,,,,,,,,,,,,,,,,,,,,,,,,,,,,,,,,,,,,,,,
Arenaria,serpyllifolia,L.,Caryophyllaceae,thyme-leaved sandwort,not_urban,,,1,0,,24,5,480,35,10,350,38,40,95,18,6,300,10,6,166.67,20,6,333.33,,,,,,,,,,,,,287.50,1150.00,,,,,,,,,,,,,,,,,,,,,,,,,,,,,,,,,,,,,,,,,,,,,,,,,,,,,,,,,,,,,,,,,,,,,,,,,,,,,,,,,,
Arisaema ,triphyllum,(L.) Schott,Araceae,jack-in-the-pulpit,not_urban,,,1,1,,2,10,20,1,8,12.5,2,12,16.67,1,5,20,1,5,20,,,,,,,,,,,,,,,,17.83,71.33,,,,,,,,,,,,,,,,,,,,,,,,,,,,,,,,,,,,,,,,,,,,,,,,,,,,,,,,,,,,,,,,,,,,,,,,,,,,,,,,,,
Aronia,melanocarpa,(Michx.) Ell.,Rosaceae,black chokeberry,not_urban,,,1,1,,92,30,306.6666667,30,15,200,,,,,,,,,,,,,,,,,,,,,,,,,253.33,1013.33,,,,,,,,,,,,,,,,,,,,,,,,,,,,,,,,,,,,,,,,,,,,,,,,,,,,,,,,,,,,,,,,,,,,,,,,,,,,,,,,,,
Artemesia,vulgaris,L.,Asteraceae,common wormwood,not_urban,,,1,0,,6496,8,81200,15232,10,152320,462,8,5775.00,8658,12,72150,9963,8,124537.5,,,,,,,,,,,,,,,,87196.50,348786.00,,,,,,,,,,,,,,,,,,,,,,,,,,,,,,,,,,,,,,,,,,,,,,,,,,,,,,,,,,,,,,,,,,,,,,,,,,,,,,,,,,
Asarum,canadense,L.,Aristolochiaceae,wild ginger,not_urban,,,1,1,,,,,,,,,,,,,,,,,,,,,,,,,,6,15,40.00,4,15,26.67,33.33,133.33,,picture,,,,,,,,,,,,,,,,,,,,,,,,,,,,,,,,,,,,,,,,,,,,,,,,,,,,,,,,,,,,,,,,,,,,,,,,,,,,,,,,
Asclepias ,incarnata,L.,Apocynaceae,swamp milkweed,not_urban,,,1,1,,400,20,2000,420,20,2100,250,20,1250,300,20,1500,275,20,1375,,,,,,,,,,,,,,,,1645.00,6580.00,,,values were initially 4x this (recorded by bruce),,,,,,,,,,,,,,,,,,,,,,,,,,,,,,,,,,,,,,,,,,,,,,,,,,,,,,,,,,,,,,,,,,,,,,,,,,,,,,,
Asclepias ,syriaca,L.,Apocynaceae,common milkweed,not_urban,,,1,1,,4,40,10,6,30,20,3,60,5,2,75,2.67,4,20,20,4,20,20,4,20,20,3,10,30,,,,,,,15.96,63.83,,,,,,,,,,,,,,,,,,,,,,,,,,,,,,,,,,,,,,,,,,,,,,,,,,,,,,,,,,,,,,,,,,,,,,,,,,,,,,,,,,
Athyrium,filix-femina,(L.) Roth,Woodsiaceae,lady fern,not_urban,,,0,1,,,,,,,,,,,,,,,,,,,,,,,,,,,,,,,,#DIV/0!,#DIV/0!,,,,,,,,,,,,,,,,,,,,,,,,,,,,,,,,,,,,,,,,,,,,,,,,,,,,,,,,,,,,,,,,,,,,,,,,,,,,,,,,,,
Avena,sativa,L.,Poaceae,oats,not_urban,,,0,0,,,,,,,,,,,,,,,,,,,,,,,,,,,,,,,,#DIV/0!,#DIV/0!,,,,,,,,,,,,,,,,,,,,,,,,,,,,,,,,,,,,,,,,,,,,,,,,,,,,,,,,,,,,,,,,,,,,,,,,,,,,,,,,,,
Azolla,caroliniana,Willd,Azollaceae,Carolina mosquito fern ,not_urban,,,0,1,,,,,,,,,,,,,,,,,,,,,,,,,,,,,,,,#DIV/0!,#DIV/0!,,,,,,,,,,,,,,,,,,,,,,,,,,,,,,,,,,,,,,,,,,,,,,,,,,,,,,,,,,,,,,,,,,,,,,,,,,,,,,,,,,
Barbarea ,vulgaris,Ait. f.,Brassicaceae,yellow-rocket,not_urban,,,1,0,,94,12,783.33,58,15,386.67,40,5,800,63,20,315,1050,30,3500,275,20,1375,,,,,,,,,,,,,1193.33,4773.33,,,,,,,,,,,,,,,,,,,,,,,,,,,,,,,,,,,,,,,,,,,,,,,,,,,,,,,,,,,,,,,,,,,,,,,,,,,,,,,,,,
Berberis,thunbergii,DC.,Berberidaceae,Japanese barberry,not_urban,,,1,0,,78,75,104,50,65,76.92,125,100,125,46,30,153.33,0,80,0,,,,,,,,,,,,,,,,91.85,367.41,,,,,,,,,,,,,,,,,,,,,,,,,,,,,,,,,,,,,,,,,,,,,,,,,,,,,,,,,,,,,,,,,,,,,,,,,,,,,,,,,,
Berteroa ,incana,(Vent.) DC.,Brassicaceae,hoary alyssum,not_urban,,,1,0,,,,,,,,,,,,,,,,,,,,,,,,,,,,,22,40,55.00,55.00,220.00,,picture,,,,,,,,,,,,,,,,,,,,,,,,,,,,,,,,,,,,,,,,,,,,,,,,,,,,,,,,,,,,,,,,,,,,,,,,,,,,,,,,
Beta,vulgaris,L.,Amaranthaceae,beet,not_urban,,,1,0,,,,,,,,,,,,,,,,,,,,,,,,,,,,,,,,#DIV/0!,#DIV/0!,,,,,,,,,,,,,,,,,,,,,,,,,,,,,,,,,,,,,,,,,,,,,,,,,,,,,,,,,,,,,,,,,,,,,,,,,,,,,,,,,,
Betula,alleghaniensis,Britt.,Betulaceae,yellow birch,not_urban,,,0,1,,,,,,,,,,,,,,,,,,,,,,,,,,,,,,,,#DIV/0!,#DIV/0!,,,,28000,35,12,,26000,35,8,,6080,20,7,,1955,75,12,"Male catkins, Living Lab, 2022",1280,70,12,"Male catkins, SLU 2022",1340,70,17,"Male catkins, SLU 2022",3920,65,12,"male, 2022, SLU",,,,,,,,,,,,,,,,,9796.428571,,,,,,,,,,,,,,,,,,,,,,,,,,,,,,,,,,
Betula,lenta,L.,Betulaceae,black birch,not_urban,,,0,1,,,,,,,,,,,,,,,,,,,,,,,,,,,,,,,,#DIV/0!,#DIV/0!,,,,23000,60,13,male. lost a lot of catkins already but I added on 15%,26000,75,18,,16800,70,18,,14336,50,7,bisex,12600,50,7,male,,,,,,,,,,,,,,,,,,,,,,,,,18547.2,,,,,,,,,,,,,,,,,,,,,,,,,,,,,,,,,,
Bidens,bipinnata,L.,Asteraceae,spanish needles,not_urban,,,1,1,,,,,,,,,,,,,,,,,,,,,,,,,,,,,14,50,28.00,28.00,112.00,,picture,,,,,,,,,,,,,,,,,,,,,,,,,,,,,,,,,,,,,,,,,,,,,,,,,,,,,,,,,,,,,,,,,,,,,,,,,,,,,,,,
Bidens,cernua,L.,Asteraceae,nodding bur-marigold,not_urban,,,1,1,,31,25,124,35,25,140,18,15,120,42,40,105,38,40,95,,,,,,,,,,,,,,,,116.80,467.20,,,,,,,,,,,,,,,,,,,,,,,,,,,,,,,,,,,,,,,,,,,,,,,,,,,,,,,,,,,,,,,,,,,,,,,,,,,,,,,,,,
Bidens,connata,Muhl. ex Willd.,Asteraceae,purplestem beggarticks,not_urban,,,1,1,,33,25,132,21,20,105,,,,,,,,,,,,,,,,,,,,,,,,,118.50,474.00,,,,,,,,,,,,,,,,,,,,,,,,,,,,,,,,,,,,,,,,,,,,,,,,,,,,,,,,,,,,,,,,,,,,,,,,,,,,,,,,,,
Bidens,tripartita,L.,Asteraceae,threelobe beggarticks,not_urban,,,1,1,,,,,,,,,,,,,,,,,6,5,120.00,16,8,200.00,20,10,200.00,15,5,300.00,9,5,180.00,200.00,800.00,,,,,,,,,,,,,,,,,,,,,,,,,,,,,,,,,,,,,,,,,,,,,,,,,,,,,,,,,,,,,,,,,,,,,,,,,,,,,,,,,,
Blephilia ,hirsuta,(Pursh) Benth.,Lamiaceae,hairy wood mint,not_urban,,,1,1,,4,12,33.33,59,10,590,45,10,450,41,8,512.5,,,,,,,,,,,,,,,,,,,396.46,1585.83,,,,,,,,,,,,,,,,,,,,,,,,,,,,,,,,,,,,,,,,,,,,,,,,,,,,,,,,,,,,,,,,,,,,,,,,,,,,,,,,,,
Boehmeria ,cylindrica,(L.) Sw.,Urticaceae,false nettle,not_urban,,,0,1,,59,10,590,45,1,4500,41,8,512.5,,,,,,,,,,,,,,,,,,,,,,1867.50,7470.00,,,,,,,,,,,,,,,,,,,,,,,,,,,,,,,,,,,,,,,,,,,,,,,,,,,,,,,,,,,,,,,,,,,,,,,,,,,,,,,,,,
Bolboschoenus,fluviatilis,(Torr.) Sojˆk,Cyperaceae,river tuber-bulrush,not_urban,,,0,1,,,,,,,,,,,,,,,,,,,,,,,,,,,,,,,,#DIV/0!,#DIV/0!,,,,,,,,,,,,,,,,,,,,,,,,,,,,,,,,,,,,,,,,,,,,,,,,,,,,,,,,,,,,,,,,,,,,,,,,,,,,,,,,,,
Borago ,officinalis,L.,Boraginaceae,star flower,not_urban,,,1,0,,1,4,25,1,1,100,2,5,40,6,30,20,6,25,24,7,20,35,6,25,24,9,40,22.5,8,25,32,30,16,187.5,51.00,204.00,,,,,,,,,,,,,,,,,,,,,,,,,,,,,,,,,,,,,,,,,,,,,,,,,,,,,,,,,,,,,,,,,,,,,,,,,,,,,,,,,,
Brachyelytrum ,erectum,(Schreb.) Beauv.,Poaceae,husk grass,not_urban,,,0,1,,,,,,,,,,,,,,,,,,,,,,,,,,,,,,,,#DIV/0!,#DIV/0!,,,,,,,,,,,,,,,,,,,,,,,,,,,,,,,,,,,,,,,,,,,,,,,,,,,,,,,,,,,,,,,,,,,,,,,,,,,,,,,,,,
Brassica ,nigra,(L.) W.D.J. Koch,Brassicaceae,black mustard,not_urban,,,1,0,,4,2,200,80,10,800,25,8,312.5,7,3,233.33,24,20,120,17,20,85,23,15,153.33,,,,,,,,,,272.02,1088.10,,,,,,,,,,,,,,,,,,,,,,,,,,,,,,,,,,,,,,,,,,,,,,,,,,,,,,,,,,,,,,,,,,,,,,,,,,,,,,,,,,
Brassica ,oleracea var. capitata,L.,Brassicaceae,cabbage,not_urban,,,1,0,,,,,,,,,,,,,,,,,,,,,,,,,,,,,,,,#DIV/0!,#DIV/0!,,,,,,,,,,,,,,,,,,,,,,,,,,,,,,,,,,,,,,,,,,,,,,,,,,,,,,,,,,,,,,,,,,,,,,,,,,,,,,,,,,
Brassica ,oleracea var. italica,Lam. ,Brassicaceae,broccoli,not_urban,,,1,0,,,,,,,,,,,,,,,,,,,,,,,,,,,,,,,,#DIV/0!,#DIV/0!,,,,,,,,,,,,,,,,,,,,,,,,,,,,,,,,,,,,,,,,,,,,,,,,,,,,,,,,,,,,,,,,,,,,,,,,,,,,,,,,,,
Brassica ,oleracea var. sabellica,L. ,Brassicaceae,kale,not_urban,,,1,0,,,,,,,,,,,,,,,,,,,,,,,,,,,,,,,,#DIV/0!,#DIV/0!,,,,,,,,,,,,,,,,,,,,,,,,,,,,,,,,,,,,,,,,,,,,,,,,,,,,,,,,,,,,,,,,,,,,,,,,,,,,,,,,,,
Brassica ,rapa subsp. chinensis,L. ,Brassicaceae,bok choy,not_urban,,,1,0,,,,,,,,,,,,,,,,,,,,,,,,,,,,,,,,#DIV/0!,#DIV/0!,,,,,,,,,,,,,,,,,,,,,,,,,,,,,,,,,,,,,,,,,,,,,,,,,,,,,,,,,,,,,,,,,,,,,,,,,,,,,,,,,,
Brassica ,rapa subsp. pekinensis,L. ,Brassicaceae,napa cabbage,not_urban,,,1,0,,,,,,,,,,,,,,,,,,,,,,,,,,,,,,,,#DIV/0!,#DIV/0!,,,,,,,,,,,,,,,,,,,,,,,,,,,,,,,,,,,,,,,,,,,,,,,,,,,,,,,,,,,,,,,,,,,,,,,,,,,,,,,,,,
Brassica ,rapa subsp. rapa,L. ,Brassicaceae,turnip,not_urban,,,1,0,,,,,,,,,,,,,,,,,,,,,,,,,,,,,,,,#DIV/0!,#DIV/0!,,,,,,,,,,,,,,,,,,,,,,,,,,,,,,,,,,,,,,,,,,,,,,,,,,,,,,,,,,,,,,,,,,,,,,,,,,,,,,,,,,
Bromus ,inermis,Leyss.,Poaceae,smooth brome,not_urban,,,0,0,,,,,,,,,,,,,,,,,,,,,,,,,,,,,,,,#DIV/0!,#DIV/0!,,,,,,,,,,,,,,,,,,,,,,,,,,,,,,,,,,,,,,,,,,,,,,,,,,,,,,,,,,,,,,,,,,,,,,,,,,,,,,,,,,
Bromus ,pubescens,Muhl. ex Willd.,Poaceae,hairy wood brome,not_urban,,,0,1,,,,,,,,,,,,,,,,,,,,,,,,,,,,,,,,#DIV/0!,#DIV/0!,,,,,,,,,,,,,,,,,,,,,,,,,,,,,,,,,,,,,,,,,,,,,,,,,,,,,,,,,,,,,,,,,,,,,,,,,,,,,,,,,,
Calamagrostis,canadensis,(Michx.) Beauv.,Poaceae,bluejoint grass,not_urban,,,0,1,,,,,,,,,,,,,,,,,,,,,,,,,,,,,,,,#DIV/0!,#DIV/0!,,,,,,,,,,,,,,,,,,,,,,,,,,,,,,,,,,,,,,,,,,,,,,,,,,,,,,,,,,,,,,,,,,,,,,,,,,,,,,,,,,
Calystegia ,sepium,(L.) R. Br.,Convulvulacea,hedge bindweed,not_urban,,,1,1,,32,75,42.67,36,50,72,40,50,80,40,60,66.67,4,25,16,4,30,13.33,5,90,5.56,4,40,10,6,100,6,,,,34.69,138.77,,,,,,,,,,,,,,,,,,,,,,,,,,,,,,,,,,,,,,,,,,,,,,,,,,,,,,,,,,,,,,,,,,,,,,,,,,,,,,,,,,
Campsis ,radicans,(L.) Seem. ex Bureau,Bignoniaceae,trumpet vine,not_urban,,,1,2,,18,50,36,19,50,38,15,50,30,20,50,40,24,60,40,,,,,,,,,,,,,,,,36.80,147.20,,,,,,,,,,,,,,,,,,,,,,,,,,,,,,,,,,,,,,,,,,,,,,,,,,,,,,,,,,,,,,,,,,,,,,,,,,,,,,,,,,
Capsella,bursa-pastoris,(L.) Medik.,Brassicaceae,shepard's purse,not_urban,,,1,0,,3,1,300,10,10,100,2.5,5,50,14,40,35,15,20,75,,,,,,,,,,,,,,,,112.00,448.00,,,,,,,,,,,,,,,,,,,,,,,,,,,,,,,,,,,,,,,,,,,,,,,,,,,,,,,,,,,,,,,,,,,,,,,,,,,,,,,,,,
Capsicum ,annuum ,L. ,Solanaceae,pepper,not_urban,,,1,0,,32,50,64,20,40,50,20,30,66.66666667,20,40,50,,,,,,,,,,,,,,,,,,,57.67,230.67,,,,,,,,,,,,,,,,,,,,,,,,,,,,,,,,,,,,,,,,,,,,,,,,,,,,,,,,,,,,,,,,,,,,,,,,,,,,,,,,,,
Cardamine,diphylla,(Michx.) Wood,Brassicaceae,two-leaved toothwort,not_urban,,,1,1,,7,25,28,12,8,150,30,25,120,8,10,80,7,15,46.66666667,15,10,150,,,,,,,,,,,,,95.78,383.11,,,,,,,,,,,,,,,,,,,,,,,,,,,,,,,,,,,,,,,,,,,,,,,,,,,,,,,,,,,,,,,,,,,,,,,,,,,,,,,,,,
Cardamine,hirsuta,L.,Brassicaceae,hairy bittercress,not_urban,,,1,0,,110,8,1375,250,12,2083.33,,,,,,,,,,,,,,,,,,,,,,,,,1729.17,6916.67,,,,,,,,,,,,,,,,,,,,,,,,,,,,,,,,,,,,,,,,,,,,,,,,,,,,,,,,,,,,,,,,,,,,,,,,,,,,,,,,,,
Cardamine ,concatenata,(Michx.) Sw.,Brassicaceae,cutleaf toothwort,not_urban,,,1,1,,243,65,373.85,54,45,120,105,50,210,35,25,140,43,50,86,21,20,105,24,15,160,50,50,100,160,100,160,125,80,156.25,161.11,644.44,,,,,,,,,,,,,,,,,,,,,,,,,,,,,,,,,,,,,,,,,,,,,,,,,,,,,,,,,,,,,,,,,,,,,,,,,,,,,,,,,,
Cardamine ,pensylvanica,Muhl. ex Willd.,Brassicaceae,Pennsylvania bittercress,not_urban,,,1,1,,45,10,450,50,20,250,45,8,562.5,21,8,262.5,,,,,,,,,,,,,,,,,,,381.25,1525.00,,,,,,,,,,,,,,,,,,,,,,,,,,,,,,,,,,,,,,,,,,,,,,,,,,,,,,,,,,,,,,,,,,,,,,,,,,,,,,,,,,
Carex,albursina,Sheldon,Cyperaceae,white bear sedge,not_urban,,,0,1,,,,,,,,,,,,,,,,,,,,,,,,,,,,,,,,#DIV/0!,#DIV/0!,,,,,,,,,,,,,,,,,,,,,,,,,,,,,,,,,,,,,,,,,,,,,,,,,,,,,,,,,,,,,,,,,,,,,,,,,,,,,,,,,,
Carex,arctata,Boott in hook,Cyperaceae,dropping wood sedge,not_urban,,,0,,,,,,,,,,,,,,,,,,,,,,,,,,,,,,,,,#DIV/0!,#DIV/0!,,,,,,,,,,,,,,,,,,,,,,,,,,,,,,,,,,,,,,,,,,,,,,,,,,,,,,,,,,,,,,,,,,,,,,,,,,,,,,,,,,
Carex,blanda,Dewey,Cyperaceae,eastern woodland sedge,not_urban,,,0,,,,,,,,,,,,,,,,,,,,,,,,,,,,,,,,,#DIV/0!,#DIV/0!,,,,,,,,,,,,,,,,,,,,,,,,,,,,,,,,,,,,,,,,,,,,,,,,,,,,,,,,,,,,,,,,,,,,,,,,,,,,,,,,,,
Carex,bromoides,Schkuhr ex Willd.,Cyperaceae,brome hummock sedge,not_urban,,,0,1,,,,,,,,,,,,,,,,,,,,,,,,,,,,,,,,#DIV/0!,#DIV/0!,,,,,,,,,,,,,,,,,,,,,,,,,,,,,,,,,,,,,,,,,,,,,,,,,,,,,,,,,,,,,,,,,,,,,,,,,,,,,,,,,,
Carex ,canescens,L.,Cyperaceae,hoary sedge,not_urban,,,0,,,,,,,,,,,,,,,,,,,,,,,,,,,,,,,,,#DIV/0!,#DIV/0!,,,,,,,,,,,,,,,,,,,,,,,,,,,,,,,,,,,,,,,,,,,,,,,,,,,,,,,,,,,,,,,,,,,,,,,,,,,,,,,,,,
Carex,communis,Bailey,Cyperaceae,fibrousroot sedge,not_urban,,,0,,,,,,,,,,,,,,,,,,,,,,,,,,,,,,,,,#DIV/0!,#DIV/0!,,,,,,,,,,,,,,,,,,,,,,,,,,,,,,,,,,,,,,,,,,,,,,,,,,,,,,,,,,,,,,,,,,,,,,,,,,,,,,,,,,
Carex,comosa,Boott,Cyperaceae,longhair sedge,not_urban,,,0,1,,,,,,,,,,,,,,,,,,,,,,,,,,,,,,,,#DIV/0!,#DIV/0!,,,,,,,,,,,,,,,,,,,,,,,,,,,,,,,,,,,,,,,,,,,,,,,,,,,,,,,,,,,,,,,,,,,,,,,,,,,,,,,,,,
Carex,crinita,Lam .,Cyperaceae,fringed sedge,not_urban,,,0,1,,,,,,,,,,,,,,,,,,,,,,,,,,,,,,,,#DIV/0!,#DIV/0!,,,,,,,,,,,,,,,,,,,,,,,,,,,,,,,,,,,,,,,,,,,,,,,,,,,,,,,,,,,,,,,,,,,,,,,,,,,,,,,,,,
Carex,cristatella,Britt.,Cyperaceae,crested sedge,not_urban,,,0,1,,,,,,,,,,,,,,,,,,,,,,,,,,,,,,,,#DIV/0!,#DIV/0!,,,,,,,,,,,,,,,,,,,,,,,,,,,,,,,,,,,,,,,,,,,,,,,,,,,,,,,,,,,,,,,,,,,,,,,,,,,,,,,,,,
Carex,debilis,Michx.,Cyperaceae,white edge sedge,not_urban,,,0,,,,,,,,,,,,,,,,,,,,,,,,,,,,,,,,,#DIV/0!,#DIV/0!,,,,,,,,,,,,,,,,,,,,,,,,,,,,,,,,,,,,,,,,,,,,,,,,,,,,,,,,,,,,,,,,,,,,,,,,,,,,,,,,,,
Carex,declinata,Boott,Cyperaceae,sedge,not_urban,,NOT FOUND IN NY---AUSTRALIAN SPECIES,0,,,,,,,,,,,,,,,,,,,,,,,,,,,,,,,,,#DIV/0!,#DIV/0!,,,,,,,,,,,,,,,,,,,,,,,,,,,,,,,,,,,,,,,,,,,,,,,,,,,,,,,,,,,,,,,,,,,,,,,,,,,,,,,,,,
Carex,deweyana,Schwein.,Cyperaceae,Dewey's sedge,not_urban,,,0,,,,,,,,,,,,,,,,,,,,,,,,,,,,,,,,,#DIV/0!,#DIV/0!,,,,,,,,,,,,,,,,,,,,,,,,,,,,,,,,,,,,,,,,,,,,,,,,,,,,,,,,,,,,,,,,,,,,,,,,,,,,,,,,,,
Carex,digitalis,Willd.,Cyperaceae,slender woodland sedge,not_urban,,,0,,,,,,,,,,,,,,,,,,,,,,,,,,,,,,,,,#DIV/0!,#DIV/0!,,,,,,,,,,,,,,,,,,,,,,,,,,,,,,,,,,,,,,,,,,,,,,,,,,,,,,,,,,,,,,,,,,,,,,,,,,,,,,,,,,
Carex,echinata,Murr.,Cyperaceae,star sedge,not_urban,,,0,,,,,,,,,,,,,,,,,,,,,,,,,,,,,,,,,#DIV/0!,#DIV/0!,,,,,,,,,,,,,,,,,,,,,,,,,,,,,,,,,,,,,,,,,,,,,,,,,,,,,,,,,,,,,,,,,,,,,,,,,,,,,,,,,,
Carex,flava,L.,Cyperaceae,yellow sedge,not_urban,,,0,,,,,,,,,,,,,,,,,,,,,,,,,,,,,,,,,#DIV/0!,#DIV/0!,,,,,,,,,,,,,,,,,,,,,,,,,,,,,,,,,,,,,,,,,,,,,,,,,,,,,,,,,,,,,,,,,,,,,,,,,,,,,,,,,,
Carex,formosa,Dewey,Cyperaceae,handsome sedge,not_urban,,,0,1,,,,,,,,,,,,,,,,,,,,,,,,,,,,,,,,#DIV/0!,#DIV/0!,,,,,,,,,,,,,,,,,,,,,,,,,,,,,,,,,,,,,,,,,,,,,,,,,,,,,,,,,,,,,,,,,,,,,,,,,,,,,,,,,,
Carex,gracillima,Schwein.,Cyperaceae,graceful sedge,not_urban,,,0,1,,,,,,,,,,,,,,,,,,,,,,,,,,,,,,,,#DIV/0!,#DIV/0!,,,,,,,,,,,,,,,,,,,,,,,,,,,,,,,,,,,,,,,,,,,,,,,,,,,,,,,,,,,,,,,,,,,,,,,,,,,,,,,,,,
Carex,grayii,J. Carey,Cyperaceae,sedge,not_urban,,,0,1,,,,,,,,,,,,,,,,,,,,,,,,,,,,,,,,#DIV/0!,#DIV/0!,,,,,,,,,,,,,,,,,,,,,,,,,,,,,,,,,,,,,,,,,,,,,,,,,,,,,,,,,,,,,,,,,,,,,,,,,,,,,,,,,,
Carex,grisea,Wahlenb.,Cyperaceae,inflated narrow-leaf sedge,not_urban,,,0,,,,,,,,,,,,,,,,,,,,,,,,,,,,,,,,,#DIV/0!,#DIV/0!,,,,,,,,,,,,,,,,,,,,,,,,,,,,,,,,,,,,,,,,,,,,,,,,,,,,,,,,,,,,,,,,,,,,,,,,,,,,,,,,,,
Carex,hirsutella,Mackenzie,Cyperaceae,fuzzy wuzzy sedge,not_urban,,,0,,,,,,,,,,,,,,,,,,,,,,,,,,,,,,,,,#DIV/0!,#DIV/0!,,,,,,,,,,,,,,,,,,,,,,,,,,,,,,,,,,,,,,,,,,,,,,,,,,,,,,,,,,,,,,,,,,,,,,,,,,,,,,,,,,
Carex,hirtifolia,Mackenzie,Cyperaceae,hairy wood sedge,not_urban,,,0,,,,,,,,,,,,,,,,,,,,,,,,,,,,,,,,,#DIV/0!,#DIV/0!,,,,,,,,,,,,,,,,,,,,,,,,,,,,,,,,,,,,,,,,,,,,,,,,,,,,,,,,,,,,,,,,,,,,,,,,,,,,,,,,,,
Carex,hitchcockonia,Dewey,Cyperaceae,Hitchcock's sedge,not_urban,,,0,,,,,,,,,,,,,,,,,,,,,,,,,,,,,,,,,#DIV/0!,#DIV/0!,,,,,,,,,,,,,,,,,,,,,,,,,,,,,,,,,,,,,,,,,,,,,,,,,,,,,,,,,,,,,,,,,,,,,,,,,,,,,,,,,,
Carex,intumescens,Rudge,Cyperaceae,greater bladder sedge,not_urban,,,0,1,,,,,,,,,,,,,,,,,,,,,,,,,,,,,,,,#DIV/0!,#DIV/0!,,,,,,,,,,,,,,,,,,,,,,,,,,,,,,,,,,,,,,,,,,,,,,,,,,,,,,,,,,,,,,,,,,,,,,,,,,,,,,,,,,
Carex,laxiculmis,Schwein.,Cyperaceae,spreading sedge,not_urban,,,0,,,,,,,,,,,,,,,,,,,,,,,,,,,,,,,,,#DIV/0!,#DIV/0!,,,,,,,,,,,,,,,,,,,,,,,,,,,,,,,,,,,,,,,,,,,,,,,,,,,,,,,,,,,,,,,,,,,,,,,,,,,,,,,,,,
Carex,laxiflora,Lam.,Cyperaceae,broad loose-flowered sedge,not_urban,,,0,,,,,,,,,,,,,,,,,,,,,,,,,,,,,,,,,#DIV/0!,#DIV/0!,,,,,,,,,,,,,,,,,,,,,,,,,,,,,,,,,,,,,,,,,,,,,,,,,,,,,,,,,,,,,,,,,,,,,,,,,,,,,,,,,,
Carex,leptalea,Wahlenb.,Cyperaceae,bristlystalked sedge,not_urban,,,0,,,,,,,,,,,,,,,,,,,,,,,,,,,,,,,,,#DIV/0!,#DIV/0!,,,,,,,,,,,,,,,,,,,,,,,,,,,,,,,,,,,,,,,,,,,,,,,,,,,,,,,,,,,,,,,,,,,,,,,,,,,,,,,,,,
Carex,lupulina,Muhl. ex Willd.,Cyperaceae,hop sedge,not_urban,,,0,1,,,,,,,,,,,,,,,,,,,,,,,,,,,,,,,,#DIV/0!,#DIV/0!,,,,,,,,,,,,,,,,,,,,,,,,,,,,,,,,,,,,,,,,,,,,,,,,,,,,,,,,,,,,,,,,,,,,,,,,,,,,,,,,,,
Carex,lurida,Wahlenb.,Cyperaceae,shallow sedge,not_urban,,,0,,,,,,,,,,,,,,,,,,,,,,,,,,,,,,,,,#DIV/0!,#DIV/0!,,,,,,,,,,,,,,,,,,,,,,,,,,,,,,,,,,,,,,,,,,,,,,,,,,,,,,,,,,,,,,,,,,,,,,,,,,,,,,,,,,
Carex,pallescens,L.,Cyperaceae,pale sedge,not_urban,,,0,,,,,,,,,,,,,,,,,,,,,,,,,,,,,,,,,#DIV/0!,#DIV/0!,,,,,,,,,,,,,,,,,,,,,,,,,,,,,,,,,,,,,,,,,,,,,,,,,,,,,,,,,,,,,,,,,,,,,,,,,,,,,,,,,,
Carex,pallida,Ohwi,Cyperaceae,sedge,not_urban,,,0,,,,,,,,,,,,,,,,,,,,,,,,,,,,,,,,,#DIV/0!,#DIV/0!,,,,,,,,,,,,,,,,,,,,,,,,,,,,,,,,,,,,,,,,,,,,,,,,,,,,,,,,,,,,,,,,,,,,,,,,,,,,,,,,,,
Carex,pedunculata,Muhl. ex Willd.,Cyperaceae,longstalk sedge,not_urban,,,0,,,,,,,,,,,,,,,,,,,,,,,,,,,,,,,,,#DIV/0!,#DIV/0!,,,,,,,,,,,,,,,,,,,,,,,,,,,,,,,,,,,,,,,,,,,,,,,,,,,,,,,,,,,,,,,,,,,,,,,,,,,,,,,,,,
Carex,pensylvanica,Lam .,Cyperaceae,Pennsylvania sedge,not_urban,,,0,1,,,,,,,,,,,,,,,,,,,,,,,,,,,,,,,,#DIV/0!,#DIV/0!,,,,,,,,,,,,,,,,,,,,,,,,,,,,,,,,,,,,,,,,,,,,,,,,,,,,,,,,,,,,,,,,,,,,,,,,,,,,,,,,,,
Carex,prasina,Wahlenb.,Cyperaceae,drooping sedge,not_urban,,,0,,,,,,,,,,,,,,,,,,,,,,,,,,,,,,,,,#DIV/0!,#DIV/0!,,,,,,,,,,,,,,,,,,,,,,,,,,,,,,,,,,,,,,,,,,,,,,,,,,,,,,,,,,,,,,,,,,,,,,,,,,,,,,,,,,
Carex,projecta,Mackenzie,Cyperaceae,necklace sedge,not_urban,,,0,,,,,,,,,,,,,,,,,,,,,,,,,,,,,,,,,#DIV/0!,#DIV/0!,,,,,,,,,,,,,,,,,,,,,,,,,,,,,,,,,,,,,,,,,,,,,,,,,,,,,,,,,,,,,,,,,,,,,,,,,,,,,,,,,,
Carex,radiata,(Wahlenb.) Small,Cyperaceae,eastern star sedge,not_urban,,,0,1,,,,,,,,,,,,,,,,,,,,,,,,,,,,,,,,#DIV/0!,#DIV/0!,,,,,,,,,,,,,,,,,,,,,,,,,,,,,,,,,,,,,,,,,,,,,,,,,,,,,,,,,,,,,,,,,,,,,,,,,,,,,,,,,,
Carex,retrorsa,Schwein.,Cyperaceae,knotsheath sedge,not_urban,,,0,,,,,,,,,,,,,,,,,,,,,,,,,,,,,,,,,#DIV/0!,#DIV/0!,,,,,,,,,,,,,,,,,,,,,,,,,,,,,,,,,,,,,,,,,,,,,,,,,,,,,,,,,,,,,,,,,,,,,,,,,,,,,,,,,,
Carex,rosea,Schkuhr ex Willd.,Cyperaceae,rosy sedge,not_urban,,,0,1,,,,,,,,,,,,,,,,,,,,,,,,,,,,,,,,#DIV/0!,#DIV/0!,,,,,,,,,,,,,,,,,,,,,,,,,,,,,,,,,,,,,,,,,,,,,,,,,,,,,,,,,,,,,,,,,,,,,,,,,,,,,,,,,,
Carex,scabrata,Schwein.,Cyperaceae,eastern rough sedge,not_urban,,,0,,,,,,,,,,,,,,,,,,,,,,,,,,,,,,,,,#DIV/0!,#DIV/0!,,,,,,,,,,,,,,,,,,,,,,,,,,,,,,,,,,,,,,,,,,,,,,,,,,,,,,,,,,,,,,,,,,,,,,,,,,,,,,,,,,
Carex,scoparia,Schkuhr ex Willd.,Cyperaceae,broom sedge,not_urban,,,0,1,,,,,,,,,,,,,,,,,,,,,,,,,,,,,,,,#DIV/0!,#DIV/0!,,,,,,,,,,,,,,,,,,,,,,,,,,,,,,,,,,,,,,,,,,,,,,,,,,,,,,,,,,,,,,,,,,,,,,,,,,,,,,,,,,
Carex,sparganioides,Muhl. ex Willd.,Cyperaceae,bur-reed sedge,not_urban,,,0,,,,,,,,,,,,,,,,,,,,,,,,,,,,,,,,,#DIV/0!,#DIV/0!,,,,,,,,,,,,,,,,,,,,,,,,,,,,,,,,,,,,,,,,,,,,,,,,,,,,,,,,,,,,,,,,,,,,,,,,,,,,,,,,,,
Carex,stellulata,M. Bieb. ,Cyperaceae,sedge,not_urban,,,0,,,,,,,,,,,,,,,,,,,,,,,,,,,,,,,,,#DIV/0!,#DIV/0!,,,,,,,,,,,,,,,,,,,,,,,,,,,,,,,,,,,,,,,,,,,,,,,,,,,,,,,,,,,,,,,,,,,,,,,,,,,,,,,,,,
Carex,stipata,Muhl. ex Willd.,Cyperaceae,awlfruit sedge,not_urban,,,0,1,,,,,,,,,,,,,,,,,,,,,,,,,,,,,,,,#DIV/0!,#DIV/0!,,,,,,,,,,,,,,,,,,,,,,,,,,,,,,,,,,,,,,,,,,,,,,,,,,,,,,,,,,,,,,,,,,,,,,,,,,,,,,,,,,
Carex,stricta,Lam .,Cyperaceae,upright sedge,not_urban,,,0,1,,,,,,,,,,,,,,,,,,,,,,,,,,,,,,,,#DIV/0!,#DIV/0!,,,,,,,,,,,,,,,,,,,,,,,,,,,,,,,,,,,,,,,,,,,,,,,,,,,,,,,,,,,,,,,,,,,,,,,,,,,,,,,,,,
Carex,swanii,(Fern.) Mackenzie,Cyperaceae,swan's sedge,not_urban,,,0,,,,,,,,,,,,,,,,,,,,,,,,,,,,,,,,,#DIV/0!,#DIV/0!,,,,,,,,,,,,,,,,,,,,,,,,,,,,,,,,,,,,,,,,,,,,,,,,,,,,,,,,,,,,,,,,,,,,,,,,,,,,,,,,,,
Carex,tenera,Dewey,Cyperaceae,quill sedge,not_urban,,,0,,,,,,,,,,,,,,,,,,,,,,,,,,,,,,,,,#DIV/0!,#DIV/0!,,,,,,,,,,,,,,,,,,,,,,,,,,,,,,,,,,,,,,,,,,,,,,,,,,,,,,,,,,,,,,,,,,,,,,,,,,,,,,,,,,
Carex,tribuloides,Wahlenb.,Cyperaceae,blunt broom sedge,not_urban,,,0,,,,,,,,,,,,,,,,,,,,,,,,,,,,,,,,,#DIV/0!,#DIV/0!,,,,,,,,,,,,,,,,,,,,,,,,,,,,,,,,,,,,,,,,,,,,,,,,,,,,,,,,,,,,,,,,,,,,,,,,,,,,,,,,,,
Carex,trichocarpa,Muhl. ex Willd.,Cyperaceae,hairy-fruited sedge,not_urban,,,0,,,,,,,,,,,,,,,,,,,,,,,,,,,,,,,,,#DIV/0!,#DIV/0!,,,,,,,,,,,,,,,,,,,,,,,,,,,,,,,,,,,,,,,,,,,,,,,,,,,,,,,,,,,,,,,,,,,,,,,,,,,,,,,,,,
Carex,trisperma,Dewey,Cyperaceae,three-seeded sedge,not_urban,,,0,,,,,,,,,,,,,,,,,,,,,,,,,,,,,,,,,#DIV/0!,#DIV/0!,,,,,,,,,,,,,,,,,,,,,,,,,,,,,,,,,,,,,,,,,,,,,,,,,,,,,,,,,,,,,,,,,,,,,,,,,,,,,,,,,,
Carex,utriculata,Boott,Cyperaceae,northwest territory sedge,not_urban,,,0,,,,,,,,,,,,,,,,,,,,,,,,,,,,,,,,,#DIV/0!,#DIV/0!,,,,,,,,,,,,,,,,,,,,,,,,,,,,,,,,,,,,,,,,,,,,,,,,,,,,,,,,,,,,,,,,,,,,,,,,,,,,,,,,,,
Carex,vulpinoidea,Michx.,Cyperaceae,fox sedge,not_urban,,,0,,,,,,,,,,,,,,,,,,,,,,,,,,,,,,,,,#DIV/0!,#DIV/0!,,,,,,,,,,,,,,,,,,,,,,,,,,,,,,,,,,,,,,,,,,,,,,,,,,,,,,,,,,,,,,,,,,,,,,,,,,,,,,,,,,
Carex,woodii,Dewey,Cyperaceae,sedge,not_urban,,,0,,,,,,,,,,,,,,,,,,,,,,,,,,,,,,,,,#DIV/0!,#DIV/0!,,,,,,,,,,,,,,,,,,,,,,,,,,,,,,,,,,,,,,,,,,,,,,,,,,,,,,,,,,,,,,,,,,,,,,,,,,,,,,,,,,
Carpinus,caroliniana,Walt.,Betulaceae,blue beech,not_urban,,,0,1,,,,,,,,,,,,,,,,,,,,,,,,,,,,,,,,187.50,750.00,,,average of 4499 flowers per tree divided by ~6m2 average canopy,1080,,,,750,,,,826,,,,2560,,,,17280,18,8,done with paul,,,,,,,,,,,,,,,,,,,,,,,,,4499.2,,,,,,,,,,,,,,,,,,,,,,,,,,,,,,,,,,
Carya,cordiformis,(Wangenh.) K. Koch,Juglandaceae,bitternut hickory,not_urban,,,0,1,,,,,,,,,,,,,,,,,,,,,,,,,,,,,,,,#DIV/0!,#DIV/0!,,,,51240,70,16,male,8436,50,10,male,50400,80,18,male,,,,,,,,,,,,,,,,,,,,,,,,,,,,,,,,,36692,,,,,,,,,,,,,,,,,,,,,,,,,,,,,,,,,,
Carya,glabra,(P. Mill.) Sweet,Juglandaceae,pignut hickory,not_urban,,,0,1,,,,,,,,,,,,,,,,,,,,,,,,,,,,,,,,#DIV/0!,#DIV/0!,,,,272000,80,22,male,36580,80,14,male,,,,,,,,,,,,,,,,,,,,,,,,,,,,,,,,,,,,,154290,,,,,,,,,,,,,,,,,,,,,,,,,,,,,,,,,,
Carya,ovata,(P. Mill.) K. Koch,Juglandaceae,shagbark hickory,not_urban,,,0,1,,,,,,,,,,,,,,,,,,,,,,,,,,,,,,,,#DIV/0!,#DIV/0!,,,,21600,70,15,male,119000,100,18,male,16920,100,13,male,103200,85,13,,228000,100,20,,,,,,,,,,,,,,,,,,,,,,,,,,97744,,,,,,,,,,,,,,,,,,,,,,,,,,,,,,,,,,
Castilleja,coccinea,(L.) Spreng.,Orobanchaceae,indian paintbrush,not_urban,,,1,1,,,,,,,,,,,,,,,,,2,2,100,3,10,30,2,5,40,11,20,55,3,5,60,57.00,228.00,,herbarium,,,,,,,,,,,,,,,,,,,,,,,,,,,,,,,,,,,,,,,,,,,,,,,,,,,,,,,,,,,,,,,,,,,,,,,,,,,,,,,,
Catalpa,speciosa,(Warder) Warder ex Engelm.,Bignoniaceae,northern catalpa,not_urban,,,1,1,,,,,,,,,,,,,,,,,,,,,,,,,,,,,,,,#DIV/0!,#DIV/0!,,,,5040,30,10,,25480,45,16,,46872,13,30,,1600,30,20,,2150,33,20,,2960,40,35,,,,,,,,,,,,,,,,,,,,,,14017,,,,,,,,,,,,,,,,,,,,,,,,,,,,,,,,,,
Caulophyllum ,thalictroides,(L.) Michx.,Berberidaceae,blue cohosh,not_urban,,,1,1,,45,60,75,21,45,46.67,42,90,46.67,46,65,70.77,15,55,27.27,,,,,,,,,,,,,,,,53.28,213.10,,,,,,,,,,,,,,,,,,,,,,,,,,,,,,,,,,,,,,,,,,,,,,,,,,,,,,,,,,,,,,,,,,,,,,,,,,,,,,,,,,
Celastrus,orbiculatus,Thunb.,Celastraceae,oriental bittersweet,not_urban,,,1,0,,,,,,,,,,,,,,,,,28,8,350,26,12,216.6666667,21,10,210,31,20,155,24,8,300,246.33,985.33,,herbarium,,,,,,,,,,,,,,,,,,,,,,,,,,,,,,,,,,,,,,,,,,,,,,,,,,,,,,,,,,,,,,,,,,,,,,,,,,,,,,,,
Celastrus,scandens,L. ,Celastraceae,American bittersweet,not_urban,,,1,1,,,,,,,,,,,,,,,,,31,4,775,47,8,587.5,51,8,637.5,19,2,950,44,12,366.6666667,663.33,2653.33,,herbarium,,,,,,,,,,,,,,,,,,,,,,,,,,,,,,,,,,,,,,,,,,,,,,,,,,,,,,,,,,,,,,,,,,,,,,,,,,,,,,,,
Centaurea ,cyanus,L.,Asteraceae,cornflower,not_urban,,,1,0,,8,25,32.00,29,70,41.43,,,,,,,,,,,,,,,,,,,,,,,,,36.71,146.86,,,,,,,,,,,,,,,,,,,,,,,,,,,,,,,,,,,,,,,,,,,,,,,,,,,,,,,,,,,,,,,,,,,,,,,,,,,,,,,,,,
Centaurea ,jacea,L.,Asteraceae,brown knapweed,not_urban,,,1,0,,4,15,26.67,2,7,28.57,3,30,10,22,70,31.43,15,50,30,11,40,27.5,,,,,,,,,,,,,25.69,102.78,,,,,,,,,,,,,,,,,,,,,,,,,,,,,,,,,,,,,,,,,,,,,,,,,,,,,,,,,,,,,,,,,,,,,,,,,,,,,,,,,,
Centaurea ,nigra,L.,Asteraceae,common knapweed,not_urban,,,1,0,,,,,,,,,,,,,,,,,,,,,,,,,,,,,,,,25.69,102.76,,C. jacea,,,,,,,,,,,,,,,,,,,,,,,,,,,,,,,,,,,,,,,,,,,,,,,,,,,,,,,,,,,,,,,,,,,,,,,,,,,,,,,,
Centaurea ,stoebe,L.,Asteraceae,spotted knapweed,not_urban,,,1,0,,15,8,188,35,23,152,26,30,86.67,,,,,,,,,,,,,,,,,,,,,,142.11,568.45,,,,,,,,,,,,,,,,,,,,,,,,,,,,,,,,,,,,,,,,,,,,,,,,,,,,,,,,,,,,,,,,,,,,,,,,,,,,,,,,,,
Centaurium,erythraea,Raf.,Gentianaceae,common centaury,not_urban,,,1,0,,25,4,625,33,4,825,24,4,600,31,4,775,23,4,575,,,,,,,,,,,,,,,,680.00,2720.00,,,"values seemed too high, so I cut them in half",,,,,,,,,,,,,,,,,,,,,,,,,,,,,,,,,,,,,,,,,,,,,,,,,,,,,,,,,,,,,,,,,,,,,,,,,,,,,,,
Cerastium,fontanum,Baumg.,Caryophyllaceae,mouse-eared chickweed,not_urban,,,1,0,,4,12,33.33,2,8,25,1,5,20,1,0.5,200,3,3,100,6,3,200,,,,,,,,,,,,,96.39,385.56,,,,,,,,,,,,,,,,,,,,,,,,,,,,,,,,,,,,,,,,,,,,,,,,,,,,,,,,,,,,,,,,,,,,,,,,,,,,,,,,,,
Chelidonium ,majus,L.,Papaveraceae,greater celandine,not_urban,,,1,0,,35,25,140,25,25,100,50,50,100,55,60,91.67,,,,,,,,,,,,,,,,,,,107.92,431.67,,,,,,,,,,,,,,,,,,,,,,,,,,,,,,,,,,,,,,,,,,,,,,,,,,,,,,,,,,,,,,,,,,,,,,,,,,,,,,,,,,
Chelone,glabra,L. ,Plantaginaceae,white turtlehead,not_urban,,,1,1,,,,,,,,,,,,,,,,,,,,25,60,41.66666667,12,90,13.33333333,40,100,40,45,80,56.25,37.81,151.25,,picture,,,,,,,,,,,,,,,,,,,,,,,,,,,,,,,,,,,,,,,,,,,,,,,,,,,,,,,,,,,,,,,,,,,,,,,,,,,,,,,,
Chenopodium ,album,L.,Amaranthaceae,lamb's quarters,not_urban,,,0,0,,,,,,,,,,,,,,1056,25,4224,163,6,2716.666667,530,10,5300,624,12,5200,490,10,4900,288,8,3600,4323.44,17293.78,,,,,,,,,,,,,,,,,,,,,,,,,,,,,,,,,,,,,,,,,,,,,,,,,,,,,,,,,,,,,,,,,,,,,,,,,,,,,,,,,,
Chenopodium ,glaucum,L.,Amaranthaceae,oak-leaved goosefoot,not_urban,,,0,0,,,,,,,,,,,,,,,,,110,10,1100,188,5,3760,384,12,3200,134,6,2233.333333,117,8,1462.5,2351.17,9404.67,,,,,,,,,,,,,,,,,,,,,,,,,,,,,,,,,,,,,,,,,,,,,,,,,,,,,,,,,,,,,,,,,,,,,,,,,,,,,,,,,,
Chenopodium ,urbicum,L.,Amaranthaceae,city goosefoot,not_urban,,,0,0,,,,,,,,,,,,,,,,,900,25,3600,304,8,3800,350,10,3500,501,12,4175,770,17,4529.411765,3920.88,15683.53,,,,,,,,,,,,,,,,,,,,,,,,,,,,,,,,,,,,,,,,,,,,,,,,,,,,,,,,,,,,,,,,,,,,,,,,,,,,,,,,,,
Cichorium,intybus,L.,Asteraceae,chicory,not_urban,,,1,0,,2,4,50,8,8,100,12,7,171.43,2,4,50,1,1,100,4,4,100,,,,,,,,,,,,,95.24,380.95,,,,,,,,,,,,,,,,,,,,,,,,,,,,,,,,,,,,,,,,,,,,,,,,,,,,,,,,,,,,,,,,,,,,,,,,,,,,,,,,,,
Cicuta,bulbifera,L.,Apiaceae,bulb-bearing water hemlock,not_urban,,,1,0,,,,,,,,,,,,,,,,,,,,,,,,,,,,,,,,46.83,187.32,,C. maculata,,,,,,,,,,,,,,,,,,,,,,,,,,,,,,,,,,,,,,,,,,,,,,,,,,,,,,,,,,,,,,,,,,,,,,,,,,,,,,,,
Cicuta,maculata,L.,Apiaceae,water hemlock,not_urban,,,1,1,,19,75,25.33,19,45,42.22,24,50,48,36,70,51.43,47,70,67.14,,,,,,,,,,,,,,,,46.83,187.30,,,,,,,,,,,,,,,,,,,,,,,,,,,,,,,,,,,,,,,,,,,,,,,,,,,,,,,,,,,,,,,,,,,,,,,,,,,,,,,,,,
Circaea,canadensis,(L.) Hill,Onagaraceae,enchanter's nightshade,not_urban,,,1,1,,1,5,20,62,30,206.67,90,70,128.57,6,55,10.91,36,40,90,24,50,48,35,50,70,28,60,46.66666667,26,40,65,,,,76.20,304.81,,,,,,,,,,,,,,,,,,,,,,,,,,,,,,,,,,,,,,,,,,,,,,,,,,,,,,,,,,,,,,,,,,,,,,,,,,,,,,,,,,
Cirsium ,altissima,(L.) Spreng.,Asteraceae,tall thistle,not_urban,,,1,1,,9,20,45,26,30,86.67,58,35,165.71,34,25,136,22,15,146.67,11,12,91.67,,,,,,,,,,,,,111.95,447.81,,,,,,,,,,,,,,,,,,,,,,,,,,,,,,,,,,,,,,,,,,,,,,,,,,,,,,,,,,,,,,,,,,,,,,,,,,,,,,,,,,
Cirsium ,arvense,(L.) Scop.,Asteraceae,Canada thistle,not_urban,,,1,0,,54,25,216,58,30,193.33,65,50,130,52,35,148.57,62,35,177.14,,,,,,,,,,,,,,,,173.01,692.04,,,,,,,,,,,,,,,,,,,,,,,,,,,,,,,,,,,,,,,,,,,,,,,,,,,,,,,,,,,,,,,,,,,,,,,,,,,,,,,,,,
Cirsium ,discolor,(Muhl. ex Willd.) Spreng.,Asteraceae,field thistle,not_urban,,,1,1,,3,90,3.333333333,5,90,5.555555556,5,95,5.263157895,2,95,2.11,4,90,4.444444444,,,,,,,,,,,,,,,,4.14,16.56,,,,,,,,,,,,,,,,,,,,,,,,,,,,,,,,,,,,,,,,,,,,,,,,,,,,,,,,,,,,,,,,,,,,,,,,,,,,,,,,,,
Cirsium ,vulgare,(Savi) Ten.,Asteraceae,bull thistle,not_urban,,,1,0,,9,20,45,5,12,41.67,6,20,30,,,,,,,,,,,,,,,,,,,,,,38.89,155.56,,,,,,,,,,,,,,,,,,,,,,,,,,,,,,,,,,,,,,,,,,,,,,,,,,,,,,,,,,,,,,,,,,,,,,,,,,,,,,,,,,
Claytonia,virginica,L.,Portulacaceae,spring beauty,not_urban,,,1,1,,46,25,184,55,25,220,37,20,185,75,30,250,106,45,235.56,13,25,52,24,25,96,28,25,112,13,25,52,61,50,122,150.86,603.42,,,,,,,,,,,,,,,,,,,,,,,,,,,,,,,,,,,,,,,,,,,,,,,,,,,,,,,,,,,,,,,,,,,,,,,,,,,,,,,,,,
Clematis,virginiana,L.,Ranunculaceae,virgins bower,not_urban,,,1,1,,,,,,,,,,,,,,,,,,,,,,,102,30,340,31,15,206.6666667,40,20,200,248.89,995.56,,picture,,,,,,,,,,,,,,,,,,,,,,,,,,,,,,,,,,,,,,,,,,,,,,,,,,,,,,,,,,,,,,,,,,,,,,,,,,,,,,,,
Clinopodium,vulgare,L.,Lamiaceae,wild basil,not_urban,,,1,1,,3,0.5,600,4,10,40,43,20,215,3,3,100,42,25,168,48,20,240,45,25,180,,,,,,,,,,220.43,881.71,,,,,,,,,,,,,,,,,,,,,,,,,,,,,,,,,,,,,,,,,,,,,,,,,,,,,,,,,,,,,,,,,,,,,,,,,,,,,,,,,,
Clintonia ,borealis,(Ait.) Raf.,Liliaceae,bluebead,not_urban,,,1,1,,4,40,10,4,40,10,4,40,10,,,,,,,,,,,,,,,,,,,,,,10.00,40.00,,,,,,,,,,,,,,,,,,,,,,,,,,,,,,,,,,,,,,,,,,,,,,,,,,,,,,,,,,,,,,,,,,,,,,,,,,,,,,,,,,
Collinsonia,canadensis,L.,Lamiaceae,horse balm,not_urban,,,1,1,,540,80,675,800,60,1333.333333,600,90,666.6666667,380,60,633.3333333,,,,,,,,,,,,,,,,,,,827.08,3308.33,,,,,,,,,,,,,,,,,,,,,,,,,,,,,,,,,,,,,,,,,,,,,,,,,,,,,,,,,,,,,,,,,,,,,,,,,,,,,,,,,,
Conopholis ,americana,(L.) Wallr. f.,Orobanchaceae,squawroot,not_urban,,,1,1,,,,,,,,,,,,,,,,,155,8,1937.5,630,30,2100,146,12,1216.666667,35,3,1166.666667,108,15,720,1428.17,5712.67,,picture,,,,,,,,,,,,,,,,,,,,,,,,,,,,,,,,,,,,,,,,,,,,,,,,,,,,,,,,,,,,,,,,,,,,,,,,,,,,,,,,
Convolvulus ,arvensis,L.,Convulvulacea,field bindweed,not_urban,,,1,0,,23,40,58,18,30,60,20,35,57,26,40,65,16,30,53,,,,,,,,,,,,,,,,58.60,234.38,,,,,,,,,,,,,,,,,,,,,,,,,,,,,,,,,,,,,,,,,,,,,,,,,,,,,,,,,,,,,,,,,,,,,,,,,,,,,,,,,,
Coptis,trifolia,(L.) Salisb.,Ranunculaceae,gold thread,not_urban,,,1,1,,,,,,,,,,,,,,7,12,58.33333333,7,10,70,2,5,40,6,12,50,5,5,100,9,10,90,68.06,272.22,,picture,,,,,,,,,,,,,,,,,,,,,,,,,,,,,,,,,,,,,,,,,,,,,,,,,,,,,,,,,,,,,,,,,,,,,,,,,,,,,,,,
Coreopsis,lanceolata,L.,Asteraceae,lanceleaf coreopsis,not_urban,,flowers5-8 are urban,1,2,,2,10,20,1,5,20,2,10,20,26,50,52,15,25,60,24,25,96,17,25,68,26,50,52,,,,,,,48.50,194.00,,,,,,,,,,,,,,,,,,,,,,,,,,,,,,,,,,,,,,,,,,,,,,,,,,,,,,,,,,,,,,,,,,,,,,,,,,,,,,,,,,
Coriandrum ,sativum,L.,Apiaceae,cilantro,not_urban,,,1,0,,,,,,,,,,,,,,,,,,,,,,,,,,,,,,,,#DIV/0!,#DIV/0!,,,,,,,,,,,,,,,,,,,,,,,,,,,,,,,,,,,,,,,,,,,,,,,,,,,,,,,,,,,,,,,,,,,,,,,,,,,,,,,,,,
Cornus,alternifolia,(L. f.) Small,Cornaceae,alternate-leaved dogwood,not_urban,,,1,1,,5,80,6.25,2,70,2.86,3,80,3.75,0,100,0.00,,,,,,,,,,,,,,,,,,,3.21,12.86,,,,56,,,,74,,,,61,,,,82,,,,60,,,,,,,,,,,,,,,,,,,,,,,,,,,,66.6,,,,,,,,,,,,,,,,,,,,,,,,,,,,,,,,,,
Cornus,amomum,(P. Mill.) Small,Cornaceae,silky dogwood,not_urban,,,1,1,,22,30,73.33,25,70,35.71,16,50,32.00,35,90,38.89,,,,,,,,,,,,,,,,,,,44.98,179.94,,,,165,,,,269,,,,296,,,,346,,,,412,,,,,,,,,,,,,,,,,,,,,,,,,,,,297.6,,,,,,,,,,,,,,,,,,,,,,,,,,,,,,,,,,
Cornus,racemosa,(Lam.) Moldenke,Cornaceae,gray dogwood,not_urban,,,1,1,,16,20,80,58,85,68.24,10,30,33.33,30,70,42.86,47,50,94,7,50,14,35,40,87.5,,,,,,,,,,59.99,239.96,,,,112,8,1,,82,9,1,,149,9,1,,59,6,1,,59,6,1,,82,6,1,,228,8,2,,,,,,,,,,,,,,,,,,110.1428571,,,,,,,,,,,,,,,,,,,,,,,,,,,,,,,,,,
Cornus,rugosa,(Lam.) Rydb.,Cornaceae,round-leaved dogwood,not_urban,,,1,1,,1,30,3.33,,,,,,,,,,,,,,,,,,,,,,,,,,,,3.33,13.33,,,,,,,,,,,,,,,,,,,,,,,,,,,,,,,,,,,,,,,,,,,,,,,,,,,,,,,,,,,,,,,,,,,,,,,,,,,,,,,,,,
Cornus,sericea,(L.) Holub,Cornaceae,red oiser dogwood,not_urban,,,1,1,,19,50,38,22,60,36.67,43,40,107.5,47,70,67.14,27,25,108,34,40,85,36,60,60,,,,,,,,,,71.76,287.03,,,,270,,,,300,,,,304,,,,420,,,,268,,,,,,,,,,,,,,,,,,,,,,,,,,,,312.4,,,,,,,,,,,,,,,,,,,,,,,,,,,,,,,,,,
Corylus,avellana,L. ,Betulaceae,hazelnut,not_urban,,,0,0,,,,,,,,,,,,,,,,,,,,,,,49,100,49,40,100,40,31,100,31,40.00,160.00,,picture,,,,,,,,,,,,,,,,,,,,,,,,,,,,,,,,,,,,,,,,,,,,,,,,,,,,,,,,,,,,,,,,,,,,,,,,,,,,,,,,
Corylus,sp.,L. ,Betulaceae,ornamental hazelnut,not_urban,,,0,0,,,,,,,,,,,,,,,,,,,,,,,,,,,,,,,,40.00,160.00,,same as C. avellana,,,,,,,,,,,,,,,,,,,,,,,,,,,,,,,,,,,,,,,,,,,,,,14171.81429,average Betula,,,,,,,,,,,,,,,,,,,,,,,,,,,,,,,,,
Crataegus,sp.,L. ,Rosaceae,hawthorn,not_urban,,,1,1,,,,,,,,,,,,,,,,,,,,,,,,,,,,,,,,#DIV/0!,#DIV/0!,,,,245700,,,"this was originally in number of clusters, multiplied by 13 (average number of flowers per cluster) to get to number of flowers",32500,,,"this was originally in number of clusters, multiplied by 13 (average number of flowers per cluster) to get to number of flowers",171600,,,"this was originally in number of clusters, multiplied by 13 (average number of flowers per cluster) to get to number of flowers",83200,,,"this was originally in number of clusters, multiplied by 13 (average number of flowers per cluster) to get to number of flowers",46800,,,"this was originally in number of clusters, multiplied by 13 (average number of flowers per cluster) to get to number of flowers",,,,,,,,,,,,,,,,,,,,,,,,,115960,,,,,,,,,,,,,,,,,,,,,,,,,,,,,,,,,,
Cryptotaenia,canadensis,(L.) DC.,Apiaceae,honewort,not_urban,,,1,1,,34,50,68,36,50,72,35,35,100,30,45,66.67,17,15,113.33,,,,,,,,,,,,,,,,84.00,336.00,,,,,,,,,,,,,,,,,,,,,,,,,,,,,,,,,,,,,,,,,,,,,,,,,,,,,,,,,,,,,,,,,,,,,,,,,,,,,,,,,,
Cucumis ,sativus,L.,Cucurbitaceae,cucumber,not_urban,,,1,0,,8,60,13.33,19,60,31.67,20,90,22.22,19,80,23.75,18,60,30,12,25,48,16,25,64,14,25,56,12,25,48,15,25,60,39.70,158.79,,,,,,,,,,,,,,,,,,,,,,,,,,,,,,,,,,,,,,,,,,,,,,,,,,,,,,,,,,,,,,,,,,,,,,,,,,,,,,,,,,
Cucurbita,maxima,Duchesne,Cucurbitaceae,squash,not_urban,,,1,0,,2,90,2.22,3,85,3.53,2,70,2.86,1,70,1.43,3,90,3.33,,,,,,,,,,,,,,,,2.67,10.70,,,,,,,,,,,,,,,,,,,,,,,,,,,,,,,,,,,,,,,,,,,,,,,,,,,,,,,,,,,,,,,,,,,,,,,,,,,,,,,,,,
Cucurbita,pepo,L.,Cucurbitaceae,pumpkin,not_urban,,,1,0,,,,,,,,,,,,,,,,,,,,,,,,,,,,,,,,2.67,10.70,,squash,,,,,,,,,,,,,,,,,,,,,,,,,,,,,,,,,,,,,,,,,,,,,,,,,,,,,,,,,,,,,,,,,,,,,,,,,,,,,,,,
Cucurbita,pepo var. cylindrica,L.H. Bailey,Cucurbitaceae,zucchini,not_urban,,,1,0,,2,80,2.50,1,80,1.25,4,90,4.44,1,90,1.11,1,50,2,,,,,,,,,,,,,,,,2.26,9.04,,,,,,,,,,,,,,,,,,,,,,,,,,,,,,,,,,,,,,,,,,,,,,,,,,,,,,,,,,,,,,,,,,,,,,,,,,,,,,,,,,
Cuscuta,sp.,L. ,,dodder,not_urban,,,1,0,,,,,,,,,,,,,,,,,95,4,2375,107,3,3566.666667,150,5,3000,183,5,3660,212,8,2650,3050.33,12201.33,,herbarium,,,,,,,,,,,,,,,,,,,,,,,,,,,,,,,,,,,,,,,,,,,,,,,,,,,,,,,,,,,,,,,,,,,,,,,,,,,,,,,,
Cynanchum ,rossicum,(Kleopov) Borhidi,Apocynaceae,pale swallowort,not_urban,,,1,0,,40,30,133.33,26,18,144.44,19,75,25.33,34,50,68,11,18,61.11,50,30,166.67,20,25,80,,,,,,,,,,96.98,387.94,,,,,,,,,,,,,,,,,,,,,,,,,,,,,,,,,,,,,,,,,,,,,,,,,,,,,,,,,,,,,,,,,,,,,,,,,,,,,,,,,,
Cyperus ,esculentus,L.,Cyperaceae,yellow nutsedge,not_urban,,,0,0,,,,,,,,,,,,,,,,,,,,,,,,,,,,,,,,#DIV/0!,#DIV/0!,,,,,,,,,,,,,,,,,,,,,,,,,,,,,,,,,,,,,,,,,,,,,,,,,,,,,,,,,,,,,,,,,,,,,,,,,,,,,,,,,,
Cyperus ,strigosus,L.,Cyperaceae,straw-colored flatsedge,not_urban,,,0,1,,,,,,,,,,,,,,,,,,,,,,,,,,,,,,,,#DIV/0!,#DIV/0!,,,,,,,,,,,,,,,,,,,,,,,,,,,,,,,,,,,,,,,,,,,,,,,,,,,,,,,,,,,,,,,,,,,,,,,,,,,,,,,,,,
Dactylis,glomerata,L.,Poaceae,orchardgrass,not_urban,,,0,0,,,,,,,,,,,,,,,,,,,,,,,,,,,,,,,,#DIV/0!,#DIV/0!,,,,,,,,,,,,,,,,,,,,,,,,,,,,,,,,,,,,,,,,,,,,,,,,,,,,,,,,,,,,,,,,,,,,,,,,,,,,,,,,,,
Datura,stramonium,L.,Solanaceae,jimsonweed,not_urban,,,1,0,,,,,,,,,,,,,,,,,11,100,11,5,100,5,6,100,6,8,100,8,11,100,11,8.20,32.80,,picture,,,,,,,,,,,,,,,,,,,,,,,,,,,,,,,,,,,,,,,,,,,,,,,,,,,,,,,,,,,,,,,,,,,,,,,,,,,,,,,,
Daucus ,carota,L.,Apiaceae,wild carrot,not_urban,,,1,0,,3,7,42.86,1,1,100,10,15,66.67,3,3,100,1,1,100.00,3,2,150,2,3,66.66666667,2,2,100,1,5,20,2,2,100,84.62,338.48,Veg 2 Plowbreak,,,,,,,,,,,,,,,,,,,,,,,,,,,,,,,,,,,,,,,,,,,,,,,,,,,,,,,,,,,,,,,,,,,,,,,,,,,,,,,,,
Daucus ,carota subsp. sativus,(Hoffm.)Arcang.,Apiaceae,carrot,not_urban,,,1,0,,,,,,,,,,,,,,,,,,,,,,,,,,,,,,,,#DIV/0!,#DIV/0!,,,Previously had D. carota based estimate but this doesn't flower when in production so deleted.,,,,,,,,,,,,,,,,,,,,,,,,,,,,,,,,,,,,,,,,,,,,,,,,,,,,,,,,,,,,,,,,,,,,,,,,,,,,,,,
Dennstaedtia ,punctilobula,(Michx.) T. Moore,Dennstaedtiaceae,eastern hay-scented fern,not_urban,,,0,1,,,,,,,,,,,,,,,,,,,,,,,,,,,,,,,,#DIV/0!,#DIV/0!,,,,,,,,,,,,,,,,,,,,,,,,,,,,,,,,,,,,,,,,,,,,,,,,,,,,,,,,,,,,,,,,,,,,,,,,,,,,,,,,,,
Desmodium ,canadense,(L.) DC.,Fabaceae,showy-tick trefoil,not_urban,,,1,1,,,,,,,,,,,,,,,,,,,,19,10,190,57,20,285,22,20,110,36,17,211.7647059,199.19,796.76,,picture,,,,,,,,,,,,,,,,,,,,,,,,,,,,,,,,,,,,,,,,,,,,,,,,,,,,,,,,,,,,,,,,,,,,,,,,,,,,,,,,
Dianthus,armeria,L.,Caryophyllaceae,deptford pink,not_urban,,,1,0,,1,3,33.33,3,5,60,2,3,67,11,10,110,1,3,33.33,10,5,200,5,2,250,8,5,160,6,5,120,4,2,200,123.33,493.33,,,,,,,,,,,,,,,,,,,,,,,,,,,,,,,,,,,,,,,,,,,,,,,,,,,,,,,,,,,,,,,,,,,,,,,,,,,,,,,,,,
Dianthus ,barbatus,L.,Caryophyllaceae,sweet william,not_urban,,species not present in dataset--delete,1,0,,,,,,,,,,,,,,,,,,,,,,,,,,,,,,,,#DIV/0!,#DIV/0!,,,,,,,,,,,,,,,,,,,,,,,,,,,,,,,,,,,,,,,,,,,,,,,,,,,,,,,,,,,,,,,,,,,,,,,,,,,,,,,,,,
Dicanthelium,acuminatum,(Sw.) Gould & C.A. Clark,Poaceae,hairy rosette-panicgrass,not_urban,,,0,1,,,,,,,,,,,,,,,,,,,,,,,,,,,,,,,,#DIV/0!,#DIV/0!,,,,,,,,,,,,,,,,,,,,,,,,,,,,,,,,,,,,,,,,,,,,,,,,,,,,,,,,,,,,,,,,,,,,,,,,,,,,,,,,,,
Dicentra,canadensis,(Goldie) Walp.,Papaveraceae,squirrel corn,not_urban,,,1,1,,,,,,,,,,,,,,19,30,63.33333333,32,25,128,3,10,30,11,35,31.42857143,22,100,22,33,100,33,51.29,205.17,,picture,,,,,,,,,,,,,,,,,,,,,,,,,,,,,,,,,,,,,,,,,,,,,,,,,,,,,,,,,,,,,,,,,,,,,,,,,,,,,,,,
Digitaria,ischaemum,(Schreb.) Muhl.,Poaceae,smooth crabrass,not_urban,,,0,0,,,,,,,,,,,,,,,,,,,,,,,,,,,,,,,,#DIV/0!,#DIV/0!,,,,,,,,,,,,,,,,,,,,,,,,,,,,,,,,,,,,,,,,,,,,,,,,,,,,,,,,,,,,,,,,,,,,,,,,,,,,,,,,,,
Digitaria,sanguinalis,(L.) Scop.,Poaceae,large crabgrass,not_urban,,,0,0,,,,,,,,,,,,,,,,,,,,,,,,,,,,,,,,#DIV/0!,#DIV/0!,,,,,,,,,,,,,,,,,,,,,,,,,,,,,,,,,,,,,,,,,,,,,,,,,,,,,,,,,,,,,,,,,,,,,,,,,,,,,,,,,,
Diplotaxis,muralis,(L.) DC.,Brassicaceae,annual wallrocket,not_urban,,,1,0,,,,,,,,,,,,,,,,,26,25,104,3,2,150,11,10,110,34,20,170,3,15,20,110.80,443.20,,picture,,,,,,,,,,,,,,,,,,,,,,,,,,,,,,,,,,,,,,,,,,,,,,,,,,,,,,,,,,,,,,,,,,,,,,,,,,,,,,,,
Dipsacus,fullonum,L.,Caprifoliaceae,wild teasal,not_urban,,,1,0,,5,50,10,5,25,20,16,20,80,17,25,68,10,60,16.67,5,20,25,4,25,16,15,25,60,,,,,,,36.96,147.83,,,,,,,,,,,,,,,,,,,,,,,,,,,,,,,,,,,,,,,,,,,,,,,,,,,,,,,,,,,,,,,,,,,,,,,,,,,,,,,,,,
Doellingeria ,umbellata,(P. Mill.) Nees,Asteraceae,flat-topped aster,not_urban,,,1,1,,,,,,,,,,,,,,,,,90,40,225,110,25,440,60,15,400,107,30,356.6666667,40,15,266.6666667,337.67,1350.67,,,,,,,,,,,,,,,,,,,,,,,,,,,,,,,,,,,,,,,,,,,,,,,,,,,,,,,,,,,,,,,,,,,,,,,,,,,,,,,,,,
Dryopteris,carthusiana,(Vill.) H.P. Fuchs,Dryopteridaceae,spinulose wood fern,not_urban,,,0,1,,,,,,,,,,,,,,,,,,,,,,,,,,,,,,,,#DIV/0!,#DIV/0!,,,,,,,,,,,,,,,,,,,,,,,,,,,,,,,,,,,,,,,,,,,,,,,,,,,,,,,,,,,,,,,,,,,,,,,,,,,,,,,,,,
Dryopteris,clintoniana,(D.C. Eat.) Dowell,Dryopteridaceae,Clinton's wood fern,not_urban,,,0,1,,,,,,,,,,,,,,,,,,,,,,,,,,,,,,,,#DIV/0!,#DIV/0!,,,,,,,,,,,,,,,,,,,,,,,,,,,,,,,,,,,,,,,,,,,,,,,,,,,,,,,,,,,,,,,,,,,,,,,,,,,,,,,,,,
Dryopteris ,cristata,(L.) Gray,Dryopteridaceae,crested wood fern,not_urban,,,0,1,,,,,,,,,,,,,,,,,,,,,,,,,,,,,,,,#DIV/0!,#DIV/0!,,,,,,,,,,,,,,,,,,,,,,,,,,,,,,,,,,,,,,,,,,,,,,,,,,,,,,,,,,,,,,,,,,,,,,,,,,,,,,,,,,
Duchesnea,indica,(Andrews) Teschem. ,Rosaceae,indian strawberry,not_urban,,"now potentilla indica, this has been added and addressed ",1,0,,,,,,,,,,,,,,,,,5,30,16.66666667,16,70,22.85714286,6,15,40,5,8,62.5,10,20,50,38.40,153.62,,picture,,,,,,,,,,,,,,,,,,,,,,,,,,,,,,,,,,,,,,,,,,,,,,,,,,,,,,,,,,,,,,,,,,,,,,,,,,,,,,,,
Echinochloa ,crus-galli,(L.) Beauv.,Poaceae,barnyard grass,not_urban,,,0,0,,,,,,,,,,,,,,,,,,,,,,,,,,,,,,,,#DIV/0!,#DIV/0!,,,,,,,,,,,,,,,,,,,,,,,,,,,,,,,,,,,,,,,,,,,,,,,,,,,,,,,,,,,,,,,,,,,,,,,,,,,,,,,,,,
Echinocystis,lobata,(L.) Beauv.,Poaceae,wild cucumber,not_urban,,,1,1,,390,25,1560,450,25,1800,520,25,2080,69,25,276,640,25,2560,,,,,,,,,,,,,,,,1655.20,6620.80,,,,,,,,,,,,,,,,,,,,,,,,,,,,,,,,,,,,,,,,,,,,,,,,,,,,,,,,,,,,,,,,,,,,,,,,,,,,,,,,,,
Elaeagnus,umbellata,Thunb.,Elaeaganus,autumn olive,not_urban,,,1,0,,480,50,960,569,50,1138,417,40,1042.5,825,40,2062.5,198,30,660,,,,,,,,,,,,,,,,1172.60,4690.40,,,whole bush notes in 2017 #4,600,7,1,in shade,4592,5,6,,9200,5,1,,,,,,,,,,,,,,,,,,,,,,,,,,,,,,,,,,4797.333333,,,,,,,,,,,,,,,,,,,,,,,,,,,,,,,,,,
Eleocharis,acicularis,(L.) Roemer & J.A. Schultes,Cyperaceae,needle spikerush,not_urban,,,0,1,,,,,,,,,,,,,,,,,,,,,,,,,,,,,,,,#DIV/0!,#DIV/0!,,,,,,,,,,,,,,,,,,,,,,,,,,,,,,,,,,,,,,,,,,,,,,,,,,,,,,,,,,,,,,,,,,,,,,,,,,,,,,,,,,
Eleocharis,erythropoda,Steud.,Cyperaceae,bald spikerush,not_urban,,,0,1,,,,,,,,,,,,,,,,,,,,,,,,,,,,,,,,#DIV/0!,#DIV/0!,,,,,,,,,,,,,,,,,,,,,,,,,,,,,,,,,,,,,,,,,,,,,,,,,,,,,,,,,,,,,,,,,,,,,,,,,,,,,,,,,,
Eleocharis,intermedia,J.A. Schultes,Cyperaceae,matted spikerush,not_urban,,,0,0,,,,,,,,,,,,,,,,,,,,,,,,,,,,,,,,#DIV/0!,#DIV/0!,,,,,,,,,,,,,,,,,,,,,,,,,,,,,,,,,,,,,,,,,,,,,,,,,,,,,,,,,,,,,,,,,,,,,,,,,,,,,,,,,,
Eleocharis,obtusa, J.A Schultes,Cyperaceae,blunt spikerush,not_urban,,,0,1,,,,,,,,,,,,,,,,,,,,,,,,,,,,,,,,#DIV/0!,#DIV/0!,,,,,,,,,,,,,,,,,,,,,,,,,,,,,,,,,,,,,,,,,,,,,,,,,,,,,,,,,,,,,,,,,,,,,,,,,,,,,,,,,,
Eleusine ,indica,(L.) Gaertn.,Poaceae,goose grass,not_urban,,,0,0,,,,,,,,,,,,,,,,,,,,,,,,,,,,,,,,#DIV/0!,#DIV/0!,,,,,,,,,,,,,,,,,,,,,,,,,,,,,,,,,,,,,,,,,,,,,,,,,,,,,,,,,,,,,,,,,,,,,,,,,,,,,,,,,,
Elymus ,repens,(L.) Gould,Poaceae,quackgrass,not_urban,,,0,0,,,,,,,,,,,,,,,,,,,,,,,,,,,,,,,,#DIV/0!,#DIV/0!,,,,,,,,,,,,,,,,,,,,,,,,,,,,,,,,,,,,,,,,,,,,,,,,,,,,,,,,,,,,,,,,,,,,,,,,,,,,,,,,,,
Elymus ,riparius,Wieg,Poaceae,riverbank wild ryegrass,not_urban,,,0,1,,,,,,,,,,,,,,,,,,,,,,,,,,,,,,,,#DIV/0!,#DIV/0!,,,,,,,,,,,,,,,,,,,,,,,,,,,,,,,,,,,,,,,,,,,,,,,,,,,,,,,,,,,,,,,,,,,,,,,,,,,,,,,,,,
Elymus ,villosus,Muhl. ex Willd.,Poaceae,downy wild-rye,not_urban,,,0,1,,,,,,,,,,,,,,,,,,,,,,,,,,,,,,,,#DIV/0!,#DIV/0!,,,,,,,,,,,,,,,,,,,,,,,,,,,,,,,,,,,,,,,,,,,,,,,,,,,,,,,,,,,,,,,,,,,,,,,,,,,,,,,,,,
Epifagus,virginiana,(L.) W. Bart.,Orobanchaceae,beechdrops,not_urban,,,1,1,,,,,,,,,,,,,,,,,,,,35,15,233.3333333,72,10,720,4,10,40,88,20,440,358.33,1433.33,,picture,,,,,,,,,,,,,,,,,,,,,,,,,,,,,,,,,,,,,,,,,,,,,,,,,,,,,,,,,,,,,,,,,,,,,,,,,,,,,,,,
Epilobium,ciliatum ,Raf.,Onagaraceae,fringed willowherb,not_urban,,,1,1,,,,,,,,,,,,,,,,,3,5,60,48,25,192,7,12,58.33333333,25,15,166.6666667,15,15,100,115.40,461.60,,pivture,,,,,,,,,,,,,,,,,,,,,,,,,,,,,,,,,,,,,,,,,,,,,,,,,,,,,,,,,,,,,,,,,,,,,,,,,,,,,,,,
Epilobium,coloratum,Buehler,Onagaraceae,purpleleaf willowherb,not_urban,,,1,1,,80,25,320,140,50,280,65,25,260,90,25,360,155,50,310,28,6,466.6666667,144,10,1440,,,,,,,,,,490.95,1963.81,,,,,,,,,,,,,,,,,,,,,,,,,,,,,,,,,,,,,,,,,,,,,,,,,,,,,,,,,,,,,,,,,,,,,,,,,,,,,,,,,,
Epilobium,hirsutum,L.,Onagaraceae,hairy willowherb,not_urban,,,1,0,,45,50,90,52,50,104,58,50,116,24,25,96,63,60,105,,,,,,,,,,,,,,,,102.20,408.80,,,,,,,,,,,,,,,,,,,,,,,,,,,,,,,,,,,,,,,,,,,,,,,,,,,,,,,,,,,,,,,,,,,,,,,,,,,,,,,,,,
Epilobium,parviflorum,Schreb.,Onagaraceae,hoary willowherb,not_urban,,,1,0,,1,5,20,,,,,,,,,,,,,,,,,,,,,,,,,,,,20.00,80.00,,,,,,,,,,,,,,,,,,,,,,,,,,,,,,,,,,,,,,,,,,,,,,,,,,,,,,,,,,,,,,,,,,,,,,,,,,,,,,,,,,
Epipactis,helleborine,(L.) Crantz,Orchidaceae,broad-leaf helleborine,not_urban,,,1,0,,18,40,45,23,50,46,6,3,200,,,,,,,,,,,,,,,,,,,,,,97.00,388.00,,,,,,,,,,,,,,,,,,,,,,,,,,,,,,,,,,,,,,,,,,,,,,,,,,,,,,,,,,,,,,,,,,,,,,,,,,,,,,,,,,
Equisetum,arvense,L.,Equisetaceae,field horsetail,not_urban,,,0,1,,,,,,,,,,,,,,,,,,,,,,,,,,,,,,,,#DIV/0!,#DIV/0!,,,,,,,,,,,,,,,,,,,,,,,,,,,,,,,,,,,,,,,,,,,,,,,,,,,,,,,,,,,,,,,,,,,,,,,,,,,,,,,,,,
Equisetum,hyemale,L.,Equisetaceae,puzzlegrass,not_urban,,,0,1,,,,,,,,,,,,,,,,,,,,,,,,,,,,,,,,#DIV/0!,#DIV/0!,,,,,,,,,,,,,,,,,,,,,,,,,,,,,,,,,,,,,,,,,,,,,,,,,,,,,,,,,,,,,,,,,,,,,,,,,,,,,,,,,,
Equisetum,sylvaticum,L.,Equisetaceae,woodland horsetail,not_urban,,,0,1,,,,,,,,,,,,,,,,,,,,,,,,,,,,,,,,#DIV/0!,#DIV/0!,,,,,,,,,,,,,,,,,,,,,,,,,,,,,,,,,,,,,,,,,,,,,,,,,,,,,,,,,,,,,,,,,,,,,,,,,,,,,,,,,,
Erigeron,annuus,(L.) Pers.,Asteraceae,daisy fleabane,not_urban,,,1,1,,2,8,25,25,12,208.33,46,18,255.56,15,8,187.5,41,12,341.67,,,,,,,,,,,,,,,,203.61,814.44,,,,,,,,,,,,,,,,,,,,,,,,,,,,,,,,,,,,,,,,,,,,,,,,,,,,,,,,,,,,,,,,,,,,,,,,,,,,,,,,,,
Erigeron,canadensis ,L. ,Asteraceae,horseweed,not_urban,,,1,1,,,,,,,,,,,,,,,,,308,10,3080,168,17,988.2352941,14,3,466.6666667,125,10,1250,124,15,826.6666667,1322.31,5289.25,,herbarium,,,,,,,,,,,,,,,,,,,,,,,,,,,,,,,,,,,,,,,,,,,,,,,,,,,,,,,,,,,,,,,,,,,,,,,,,,,,,,,,
Erigeron,philadelphicus,L.,Asteraceae,common fleabane,not_urban,,,1,1,,3,4,75,115,20,575,95,20,475,110,20,550,140,25,560,145,25,580,100,20,500,120,25,480,,,,,,,474.38,1897.50,,,,,,,,,,,,,,,,,,,,,,,,,,,,,,,,,,,,,,,,,,,,,,,,,,,,,,,,,,,,,,,,,,,,,,,,,,,,,,,,,,
Erigeron ,strigosus,Muhl. ex Willd.,Asteraceae,lesser daisy fleabane,not_urban,,,1,1,,10,3,333.33,24,17,141.18,19,15,126.67,5,12,41.67,175,20,875,,,,,,,,,,,,,,,,303.57,1214.27,,,,,,,,,,,,,,,,,,,,,,,,,,,,,,,,,,,,,,,,,,,,,,,,,,,,,,,,,,,,,,,,,,,,,,,,,,,,,,,,,,
Erysimum,repandum,L.,Brassicaceae,spreading wallflower,not_urban,,,1,0,,,,,,,,,,,,,,,,,52,35,148.5714286,6,8,75,45,20,225,13,15,86.66666667,5,12,41.66666667,115.38,461.52,,picture,,,,,,,,,,,,,,,,,,,,,,,,,,,,,,,,,,,,,,,,,,,,,,,,,,,,,,,,,,,,,,,,,,,,,,,,,,,,,,,,
Erythronium,americanum,Ker-Gawl.,Liliaceae,trout lily,not_urban,,,1,1,,10,40,25,2,25,8,3,20,15,3,45,6.67,3,15,20,,,,,,,,,,,,,,,,14.93,59.73,,,,,,,,,,,,,,,,,,,,,,,,,,,,,,,,,,,,,,,,,,,,,,,,,,,,,,,,,,,,,,,,,,,,,,,,,,,,,,,,,,
Euonymus,alatus,(Thunb.) Sieb.,Celastraceae,winged wahoo,not_urban,,,1,0,,690,40,1725,427.8,40,1069.5,1436.4,80,1795.5,,,,,,,,,,,,,,,,,,,,,,1530.00,6120.00,,,,,,,,,,,,,,,,,,,,,,,,,,,,,,,,,,,,,,,,,,,,,,,,,,,,,,,,,,,,,,,,,,,,,,,,,,,,,,,,,,
Eupatorium,perfoliatum,L.,Asteraceae,common boneset,not_urban,,,1,1,,18,15,120,17,20,85,22,20,110,21,20,105,24,15,160,,,,,,,,,,,,,,,,116.00,464.00,,,,,,,,,,,,,,,,,,,,,,,,,,,,,,,,,,,,,,,,,,,,,,,,,,,,,,,,,,,,,,,,,,,,,,,,,,,,,,,,,,
Euphorbia,maculata,L.,Euphorbiaceae,spotted spurge,not_urban,,,1,1,,27,6,450,111,5,2220,225,8,2812.5,214,50,428,160,25,640,,,,,,,,,,,,,,,,1310.10,5240.40,,,,,,,,,,,,,,,,,,,,,,,,,,,,,,,,,,,,,,,,,,,,,,,,,,,,,,,,,,,,,,,,,,,,,,,,,,,,,,,,,,
Eurybia ,divaricata,(L.) Nesom,Asteraceae,white wood aster,not_urban,,,1,1,,12,15,80,12,12,100,20,15,133.3,19,10,190,16,8,200,25,10,250,,,,,,,,,,,,,158.89,635.56,,,,,,,,,,,,,,,,,,,,,,,,,,,,,,,,,,,,,,,,,,,,,,,,,,,,,,,,,,,,,,,,,,,,,,,,,,,,,,,,,,
Eurybia ,macrophylla,(L.) Cass.,Asteraceae,large-leaved aster,not_urban,,,1,1,,18,80,22.5,51,85,60,38,90,42.22222222,32,60,53.33333333,46,50,92,12,15,80,,,,,,,,,,,,,58.34,233.37,,,,,,,,,,,,,,,,,,,,,,,,,,,,,,,,,,,,,,,,,,,,,,,,,,,,,,,,,,,,,,,,,,,,,,,,,,,,,,,,,,
Eurybia ,schreberi,(Nees) Nees,Asteraceae,Schreber's aster,not_urban,,,1,1,,,,,,,,,,,,,,,,,,,,,,,,,,,,,,,,58.34,233.36,,E. macrophylla,,,,,,,,,,,,,,,,,,,,,,,,,,,,,,,,,,,,,,,,,,,,,,,,,,,,,,,,,,,,,,,,,,,,,,,,,,,,,,,,
Euthamia,graminifolia,(L.) Nutt.,Asteraceae,grass-leaved goldenrod,not_urban,,,1,1,,1645,20,8225,2130,20,10650,3000,15,20000,2420,25,9680,2580,25,10320,,,,,,,,,,,,,,,,11775.00,47100.00,,,,,,,,,,,,,,,,,,,,,,,,,,,,,,,,,,,,,,,,,,,,,,,,,,,,,,,,,,,,,,,,,,,,,,,,,,,,,,,,,,
Eutrochium,maculatum,(L.) E.E. Lamont,Asteraceae,spotted joe pyeweed,not_urban,,,1,1,,23,25,92,15,20,75,9,20,45,23,20,115,13,60,21.67,,,,,,,,,,,,,,,,69.73,278.93,,,,,,,,,,,,,,,,,,,,,,,,,,,,,,,,,,,,,,,,,,,,,,,,,,,,,,,,,,,,,,,,,,,,,,,,,,,,,,,,,,
Eutrochium ,purpureum,(L.) E.E. Lamont,Asteraceae,sweet joe pyeweed,not_urban,,,1,1,,,,,,,,,,,,,,,,,,,,,,,,,,,,,,,,69.73,278.93,,E. maculatum,,,,,,,,,,,,,,,,,,,,,,,,,,,,,,,,,,,,,,,,,,,,,,,,,,,,,,,,,,,,,,,,,,,,,,,,,,,,,,,,
Fagus ,grandifolium,Ehrh. ,Fagaceae,American beech,not_urban,,,0,1,,,,,,,,,,,,,,,,,,,,,,,,,,,,,,,,#DIV/0!,#DIV/0!,,,,268800,82.5,24,,47000,70,16,,18000,70,20,,54960,85,18,,177100,80,18,,89760,80,16,,68600,70,18,,,,,,,,,,,,,,,,,,103460,,,,,,,,,,,,,,,,,,,,,,,,,,,,,,,,,,
Fallopia ,convolvulus,(L.) A. L_ve,Polygonaceae,black bindweed,not_urban,,,1,0,,59,10,75,14,4,350,10,23,43.48,4,1,400,,,,,,,,,,,,,,,,,,,217.12,868.48,,,,,,,,,,,,,,,,,,,,,,,,,,,,,,,,,,,,,,,,,,,,,,,,,,,,,,,,,,,,,,,,,,,,,,,,,,,,,,,,,,
Fallopia ,japonica,(Houtt.) R. Decr.,Polygonaceae,Japanese knotweed,not_urban,,,1,0,,100,50,200,160,40,400,70,40,175,42,40,105,78,40,195,,,,,,,,,,,,,,,,215.00,860.00,,,,,,,,,,,,,,,,,,,,,,,,,,,,,,,,,,,,,,,,,,,,,,,,,,,,,,,,,,,,,,,,,,,,,,,,,,,,,,,,,,
Festuca,subverticillata,(Pers.) Alexeev,Poaceae,nodding fescue,not_urban,,,0,1,,,,,,,,,,,,,,,,,,,,,,,,,,,,,,,,#DIV/0!,#DIV/0!,,,,,,,,,,,,,,,,,,,,,,,,,,,,,,,,,,,,,,,,,,,,,,,,,,,,,,,,,,,,,,,,,,,,,,,,,,,,,,,,,,
Festuca,ovina,L.,Poaceae,sheep fescue,not_urban,,,0,0,,,,,,,,,,,,,,,,,,,,,,,,,,,,,,,,#DIV/0!,#DIV/0!,,,,,,,,,,,,,,,,,,,,,,,,,,,,,,,,,,,,,,,,,,,,,,,,,,,,,,,,,,,,,,,,,,,,,,,,,,,,,,,,,,
Foeniculum ,vulgare,P. Mill.,Apiaceae,fennel,not_urban,,,1,0,,,,,,,,,,,,,,,,,,,,,,,,,,,,,,,,#DIV/0!,#DIV/0!,,,,,,,,,,,,,,,,,,,,,,,,,,,,,,,,,,,,,,,,,,,,,,,,,,,,,,,,,,,,,,,,,,,,,,,,,,,,,,,,,,
Fragaria ,vesca,L.,Rosaceae,woodland strawberry,not_urban,,,1,1,,4,12,33.33,10,5,200,15,15,100,8,30,26.67,8,35,22.86,10,10,100,,,,,,,,,,,,,80.48,321.90,,,,,,,,,,,,,,,,,,,,,,,,,,,,,,,,,,,,,,,,,,,,,,,,,,,,,,,,,,,,,,,,,,,,,,,,,,,,,,,,,,
Fragaria ,virginiana,Duchesne,Rosaceae,common strawberry,not_urban,,,1,1,,,,,,,,,,,,,,,,,,,,,,,,,,,,,,,,80.48,321.92,,F. vesca,,,,,,,,,,,,,,,,,,,,,,,,,,,,,,,,,,,,,,,,,,,,,,,,,,,,,,,,,,,,,,,,,,,,,,,,,,,,,,,,
Fragaria ,x ananassa,(Duchesne ex Weston) Duchesne x Rosier,Rosaceae,domestic strawberry,not_urban,,,1,1,,,,,,,,,,,,,,,,,,,,,,,,,,,,,,,,16.13,64.50,,,taken from field data on strawberry farms 2018,,,,,,,,,,,,,,,,,,,,,,,,,,,,,,,,,,,,,,,,,,,,,,,,,,,,,,,,,,,,,,,,,,,,,,,,,,,,,,,
Frangula,alnus,P. Mill.,Rhamnaceae,glossy buckthorn,not_urban,,,1,0,,84,50,168,215,50,430,185,30,616.67,,,,,,,,,,,,,,,,,,,,,,404.89,1619.56,,,,240,3,0.5,,535,4,1,,2185,6,2,,,,,,,,,,,,,,,,,,,,,,,,,,,,,,,,,,986.6666667,,,,,,,,,,,,,,,,,,,,,,,,,,,,,,,,,,
Fraxinus,nigra,Marsh.,Oleaceae,black ash,not_urban,,,0,1,,,,,,,,,,,,,,,,,,,,,,,,,,,,,,,,#DIV/0!,#DIV/0!,,,,2300,80,16,"tree on forest edge, Saddlemire Trail",2600,80,14,"tree on forest edge, Saddlemire Trail",1600,80,14,"Tree in interior of forest edge, Saddlemire trail",600,65,,,3120,80,13,"male, Canton Central School woods, 2022",5460,55,9,"male, 2022, SLU",1386,50,8,"male, 2022, Brasher state forest",2160,50,7.5,"male, 2022, Brasher state forest",3060,60,12,"male, 2022, Brasher state forest",,,,,,,,,2476.222222,,dioecious,,,,,,,,,,,,,,,,,,,,,,,,,,,,,,,,
Fraxinus ,americana,L.,Oleaceae,white ash,not_urban,,,0,1,,,,,,,,,,,,,,,,,,,,,,,,,,,,,,,,#DIV/0!,#DIV/0!,,,,1625,60,12,,2944,60,12,"number of large male inflorescences, each with 100-200 anthers.",850,60,12,,1400,60,14,male,780,60,20,male,3600,45,15,"tree on saddlemire trail (Canton, NY)",6864,,,"saddlemire trail (Canton, NY)",,,,,,,,,,,,,,,,,2580.428571,,monoecious,,,,,,,,,,,,,,,,,,,,,,,,,,,,,,,,
Fraxinus ,pennsylvanica,Marsh.,Oleaceae,red ash,not_urban,,,0,1,,,,,,,,,,,,,,,,,,,,,,,,,,,,,,,,#DIV/0!,#DIV/0!,,,,3185,80,13,"Canton, NY 2022. Remington Trail.",3750,65,14,"male flowers, Living Lab hemlock grove",7562.5,70,16,"male flowers, Living Lab hemlock grove 2022",4550,75,18,"male flowers, Living Lab hemlock grove 2022",8100,75,21,"male flowers, Living Lab hemlock grove 2022",4590,60,12,"male flowers, Living Lab hemlock grove 2022",2940,60,10,"male flowers, Living Lab hemlock grove 2022",420,55,6,"male, 2022, Brasher state forest",,,,,,,,,,,,,4387.1875,,monoecious,,,,,,,,,,,,,,,,,,,,,,,,,,,,,,,,
Galinsoga,quadriradiata,Ruiz & Pav„n,Asteraceae,hairy galinsoga,not_urban,,,1,0,,32,10,320,15,5,300,27,10,270,,,,,,,,,,,,,,,,,,,,,,296.67,1186.67,,,,,,,,,,,,,,,,,,,,,,,,,,,,,,,,,,,,,,,,,,,,,,,,,,,,,,,,,,,,,,,,,,,,,,,,,,,,,,,,,,
Galium,aparine,L.,Rubiaceae,cleavers,not_urban,,,1,1,,65,10,650,39,20,195,30,15,200,64,15,426.67,38,15,253.33,75,20,375,,,,,,,,,,,,,350.00,1400.00,,,,,,,,,,,,,,,,,,,,,,,,,,,,,,,,,,,,,,,,,,,,,,,,,,,,,,,,,,,,,,,,,,,,,,,,,,,,,,,,,,
Galium,asprellum,Michx.,Rubiaceae,rough bedstraw,not_urban,,,1,1,,24,6,400,96,25,384,242,30,806.67,31,15,206.67,42,10,420,262,2,13100,10,23,43.48,12,15,80,135,3,4500,2,4,50,1999.08,7996.32,,,,,,,,,,,,,,,,,,,,,,,,,,,,,,,,,,,,,,,,,,,,,,,,,,,,,,,,,,,,,,,,,,,,,,,,,,,,,,,,,,
Galium,boreale,L.,Rubiaceae,northern bedstraw,not_urban,,,1,1,,,,,,,,,,,,,,,,,,,,,,,,,,,,,,,,777.37,3109.48,,average Galium,,,,,,,,,,,,,,,,,,,,,,,,,,,,,,,,,,,,,,,,,,,,,,,,,,,,,,,,,,,,,,,,,,,,,,,,,,,,,,,,
Galium,circaezans,Michx.,Rubiaceae,wild licorice,not_urban,,,1,1,,5,2,250,6,3,200,17,3,566.67,28,15,186.67,40,15,266.67,44,12,366.67,10,10,100,50,15,333.33,22,15,146.6666667,17,10,170,258.67,1034.67,,,,,,,,,,,,,,,,,,,,,,,,,,,,,,,,,,,,,,,,,,,,,,,,,,,,,,,,,,,,,,,,,,,,,,,,,,,,,,,,,,
Galium,concinnum,Torr. & A. Gray,Rubiaceae,shining bedstraw,not_urban,,,1,1,,,,,,,,,,,,,,,,,,,,,,,,,,28,12,233.3333333,34,17,200,216.67,866.67,,picture,,,,,,,,,,,,,,,,,,,,,,,,,,,,,,,,,,,,,,,,,,,,,,,,,,,,,,,,,,,,,,,,,,,,,,,,,,,,,,,,
Galium,mollugo,L.,Rubiaceae,wild madder,not_urban,,,1,0,,55,5,1100,20,15,133.33,15,3,500,29,10,290,3,25,12,124,17,729.41,4,25,16,10,15,66.67,30,30,100,100,25,400,334.74,1338.96,Apple 3 Cadwell,,,,,,,,,,,,,,,,,,,,,,,,,,,,,,,,,,,,,,,,,,,,,,,,,,,,,,,,,,,,,,,,,,,,,,,,,,,,,,,,,
Galium,palustre,L.,Rubiaceae,marsh bedstraw,not_urban,,,1,1,,420,17,2470.59,111,8,1387.5,127,10,1270,595,12,4958.33,480,15,3200,84,5,1680,,,,,,,,,,,,,2494.40,9977.61,,,,,,,,,,,,,,,,,,,,,,,,,,,,,,,,,,,,,,,,,,,,,,,,,,,,,,,,,,,,,,,,,,,,,,,,,,,,,,,,,,
Galium,pilosum,Ait.,Rubiaceae,hairy bedstraw,not_urban,,,1,1,,,,,,,,,,,,,,,,,,,,46,12,383.3333333,21,10,210,36,20,180,41,10,410,295.83,1183.33,,picture,,,,,,,,,,,,,,,,,,,,,,,,,,,,,,,,,,,,,,,,,,,,,,,,,,,,,,,,,,,,,,,,,,,,,,,,,,,,,,,,
Galium,tinctorium,(L.) Scop.,Rubiaceae,Clayton's bedstraw,not_urban,,,1,1,,,,,,,,,,,,,,,,,,,,,,,,,,,,,26,17,152.9411765,152.94,611.76,,picture,,,,,,,,,,,,,,,,,,,,,,,,,,,,,,,,,,,,,,,,,,,,,,,,,,,,,,,,,,,,,,,,,,,,,,,,,,,,,,,,
Galium,trifidum,L.,Rubiaceae,threepetal bedstraw,not_urban,,,1,1,,44,6,733.33,10,0.5,2000,153,20,765,19,2,950,30,3,1000,6,0.5,1200,7,0.5,1400,28,1,2800,6,0.5,1200,,,,1338.70,5354.81,,,,,,,,,,,,,,,,,,,,,,,,,,,,,,,,,,,,,,,,,,,,,,,,,,,,,,,,,,,,,,,,,,,,,,,,,,,,,,,,,,
Galium,triflorum,Michx.,Rubiaceae,fragrant bedstraw,not_urban,,,1,1,,,,,,,,,,,,,,,,,31,10,310,28,10,280,26,6,433.3333333,24,10,240,32,8,400,332.67,1330.67,,picture,,,,,,,,,,,,,,,,,,,,,,,,,,,,,,,,,,,,,,,,,,,,,,,,,,,,,,,,,,,,,,,,,,,,,,,,,,,,,,,,
Gaultheria,procumbens,L.,Ericaceae,wintergreen,not_urban,,,1,1,,,,,,,,,,,,,,,,,8,3,266.6666667,27,10,270,19,10,190,23,8,287.5,5,3,166.6666667,236.17,944.67,,picture,,,,,,,,,,,,,,,,,,,,,,,,,,,,,,,,,,,,,,,,,,,,,,,,,,,,,,,,,,,,,,,,,,,,,,,,,,,,,,,,
Gentiana,clausa,Raf.,Gentianaceae,bottle gentian,not_urban,,,1,1,,,,,,,,,,,,,,,,,,,,,,,13,20,65.00,55,75,73.33,24,60,40,59.44,237.78,,picture,,,,,,,,,,,,,,,,,,,,,,,,,,,,,,,,,,,,,,,,,,,,,,,,,,,,,,,,,,,,,,,,,,,,,,,,,,,,,,,,
Geranium,maculatum,L.,Geraniaceae,wild geranium,not_urban,,,1,1,,6,40,15,62,60,103.3333333,37,35,105.7142857,37,40,92.5,68,60,113.3333333,42,50,84,,,,,,,,,,,,,85.65,342.59,,,,,,,,,,,,,,,,,,,,,,,,,,,,,,,,,,,,,,,,,,,,,,,,,,,,,,,,,,,,,,,,,,,,,,,,,,,,,,,,,,
Geranium,robertianum,L.,Geraniaceae,herb robert,not_urban,,,1,0,,3,10,30,2,10,20,5,25,20,10,20,50,5,45,11.11,24,25,96,28,30,93.33,48,45,106.67,34,25,136,32,30,106.67,66.98,267.91,,,,,,,,,,,,,,,,,,,,,,,,,,,,,,,,,,,,,,,,,,,,,,,,,,,,,,,,,,,,,,,,,,,,,,,,,,,,,,,,,,
Geum,aleppicum,Jacq.,Rosaceae,yellow avens,not_urban,,,1,1,,2,15,13.33,3,15,20,4,40,10,,,,,,,,,,,,,,,,,,,,,,14.44,57.78,,,,,,,,,,,,,,,,,,,,,,,,,,,,,,,,,,,,,,,,,,,,,,,,,,,,,,,,,,,,,,,,,,,,,,,,,,,,,,,,,,
Geum,canadense,Jacq.,Rosaceae,white avens,not_urban,,,1,1,,9,15,60,8,10,80,5,8,62.5,4,10,40,9,20,45,17,40,42.5,,,,,,,,,,,,,55.00,220.00,,,,,,,,,,,,,,,,,,,,,,,,,,,,,,,,,,,,,,,,,,,,,,,,,,,,,,,,,,,,,,,,,,,,,,,,,,,,,,,,,,
Geum,fragarioides,(Michx.) Smedmark,Rosaceae,barren strawberry,not_urban,,,1,1,,12,50,24,16,60,26.67,11,30,36.67,12,45,26.67,7,25,28,,,,,,,,,,,,,,,,28.40,113.60,,,,,,,,,,,,,,,,,,,,,,,,,,,,,,,,,,,,,,,,,,,,,,,,,,,,,,,,,,,,,,,,,,,,,,,,,,,,,,,,,,
Geum,laciniatum,Murr.,Rosaceae,rough avens,not_urban,,,1,1,,22,80,27.5,14,50,28,12,60,20,15,50,30,13,50,26,2,5,40,,,,,,,,,,,,,28.58,114.33,,,,,,,,,,,,,,,,,,,,,,,,,,,,,,,,,,,,,,,,,,,,,,,,,,,,,,,,,,,,,,,,,,,,,,,,,,,,,,,,,,
Geum,macrophylum,Willd.,Rosaceae,large-leaved avens,not_urban,,macrophyllum correct spelling. This is also too rare of a plant--must be something else,1,1,,,,,,,,,,,,,,,,,,,,,,,,,,,,,,,,31.61,126.43,,average Geum,,,,,,,,,,,,,,,,,,,,,,,,,,,,,,,,,,,,,,,,,,,,,,,,,,,,,,,,,,,,,,,,,,,,,,,,,,,,,,,,
Glechoma,hederacea,L.,Lamiaceae,ground ivy,not_urban,,,1,0,,27,25,108,20,25,80,82,50,164,110,60,183.33,85,50,170,,,,,,,,,,,,,,,,141.07,564.27,,,,,,,,,,,,,,,,,,,,,,,,,,,,,,,,,,,,,,,,,,,,,,,,,,,,,,,,,,,,,,,,,,,,,,,,,,,,,,,,,,
Gleditsia ,triacanthos,L.,Fabaceae,honey locust,not_urban,,,1,2,,,,,,,,,,,,,,,,,,,,,,,,,,,,,,,,#DIV/0!,#DIV/0!,,,average flowers per raceme = 116,2267800,30,20,,8651280,30,20,,4802400,30,22,,3190000,30,20,,24268244,30,14,,1397760,50,24,"Radnor ohio (Iverson home). individual flowers is 32.5 per infl (AVERAGE(30,30,35,35))",,,,,,,,,,,,,,,,,,,,,7429580.667,,,,,,,,,,,,,,,,,,,,,,,,,,,,,,,,,,
Glyceria,grandis,S. Wats.,Poaceae,American mannagrass,not_urban,,,0,1,,,,,,,,,,,,,,,,,,,,,,,,,,,,,,,,#DIV/0!,#DIV/0!,,,,,,,,,,,,,,,,,,,,,,,,,,,,,,,,,,,,,,,,,,,,,,,,,,,,,,,,,,,,,,,,,,,,,,,,,,,,,,,,,,
Glyceria,melicaria,(Michx.) F.T. Hubbard,Poaceae,northeastern manna grass,not_urban,,,0,1,,,,,,,,,,,,,,,,,,,,,,,,,,,,,,,,#DIV/0!,#DIV/0!,,,,,,,,,,,,,,,,,,,,,,,,,,,,,,,,,,,,,,,,,,,,,,,,,,,,,,,,,,,,,,,,,,,,,,,,,,,,,,,,,,
Glyceria,striata,(Lam.) A.S. Hitchc.,Poaceae,fowl mannagrass,not_urban,,,0,1,,,,,,,,,,,,,,,,,,,,,,,,,,,,,,,,#DIV/0!,#DIV/0!,,,,,,,,,,,,,,,,,,,,,,,,,,,,,,,,,,,,,,,,,,,,,,,,,,,,,,,,,,,,,,,,,,,,,,,,,,,,,,,,,,
Glycine,maxima,(L.) Merr.,Fabaceae,soybean,not_urban,,,1,0,,AARON HAS THESE DATA per plant,,,,,,,,,,,,,,,,,,,,,,,,,,,,,,#DIV/0!,#DIV/0!,,,,,,,,,,,,,,,,,,,,,,,,,,,,,,,,,,,,,,,,,,,,,,,,,,,,,,,,,,,,,,,,,,,,,,,,,,,,,,,,,,
Hackelia ,virginiana,(L.) I.M. Johnston,Boraginaceae,Virginia stickseed,not_urban,,,1,1,,972,65,1495.38,648,40,1620,1128,80,1410.00,,,,,,,,,,,,,,,,,,,,,,1508.46,6033.85,,,,,,,,,,,,,,,,,,,,,,,,,,,,,,,,,,,,,,,,,,,,,,,,,,,,,,,,,,,,,,,,,,,,,,,,,,,,,,,,,,
Hamamelis ,virginiana,L.,Hamamelidaceae,witch hazel,not_urban,,,1,1,,49,20,245.00,144,50,288.00,108,80,135.00,135,40,337.5,,,,,,,,,,,,,,,,,,,251.38,1005.50,,,,,,,,,,,,,,,,,,,,,,,,,,,,,,,,,,,,,,,,,,,,,,,,,,,,,,,,,,,,,,,,,,,,,,,,,,,,,,,,,,
Helianthus ,annuus,L.,Asteraceae,sunflower,not_urban,,,1,0,,3,90,3.33,4,100,4,3,90,3.33,1,100,1,6,90,6.67,8,50,16.00,6,80,7.5,11,80,13.75,14,100,14,8,50,16,8.56,34.23,,,,,,,,,,,,,,,,,,,,,,,,,,,,,,,,,,,,,,,,,,,,,,,,,,,,,,,,,,,,,,,,,,,,,,,,,,,,,,,,,,
Helianthus ,decapetalus,L.,Asteraceae,thin-leaved sunflower,not_urban,,,1,1,,3,15,20,,,,,,,,,,,,,,,,,,,,,,,,,,,,20.00,80.00,,,,,,,,,,,,,,,,,,,,,,,,,,,,,,,,,,,,,,,,,,,,,,,,,,,,,,,,,,,,,,,,,,,,,,,,,,,,,,,,,,
Heliopsis ,helianthoides,(L.) Sweet,Asteraceae,false sunflower,not_urban,,,1,1,,,,,,,,,,,,,,,,,20,100,20,9,100,9,9,100,9,32,100,32,10,100,10,16.00,64.00,,picture,,,,,,,,,,,,,,,,,,,,,,,,,,,,,,,,,,,,,,,,,,,,,,,,,,,,,,,,,,,,,,,,,,,,,,,,,,,,,,,,
Hemerocallis,fulva,(L.)L.,Hemercallidaceae,daylily,not_urban,,,1,0,,6,60,10,12,90,13.33333333,10,90,11.11111111,11,90,12.22222222,8,80,10,,,,,,,,,,,,,,,,11.33,45.33,,,,,,,,,,,,,,,,,,,,,,,,,,,,,,,,,,,,,,,,,,,,,,,,,,,,,,,,,,,,,,,,,,,,,,,,,,,,,,,,,,
Hesperis,matronalis,L.,Brassicaceae,dame's rocket,not_urban,,,1,0,,3,5,60,15,6,250,35,30,116.67,90,40,225,25,25,100,6,60,10,12,90,13.33333333,10,90,11.11111111,11,90,12.22222222,8,80,10,80.83,323.33,,,,,,,,,,,,,,,,,,,,,,,,,,,,,,,,,,,,,,,,,,,,,,,,,,,,,,,,,,,,,,,,,,,,,,,,,,,,,,,,,,
Hibiscus,syriacus,L.,Malvaceae,rose of Sharon,not_urban,,flowers3 and 4 are urban,1,0,,25,100,25,14,100,14,25,100,25,14,100,14,,,,,,,,,,,,,,,,,,,19.50,78.00,,,,,,,,,,,,,,,,,,,,,,,,,,,,,,,,,,,,,,,,,,,,,,,,,,,,,,,,,,,,,,,,,,,,,,,,,,,,,,,,,,
Hieracium,aurantiacum,L.,Asteraceae,orange hawkweed,not_urban,,,1,0,,8,3,266.67,15,20,75,46,50,92,5,12,41.66666667,9,20,45,,,,,,,,,,,,,,,,104.07,416.27,,,,,,,,,,,,,,,,,,,,,,,,,,,,,,,,,,,,,,,,,,,,,,,,,,,,,,,,,,,,,,,,,,,,,,,,,,,,,,,,,,
Hieracium,caespitosum,Dumort.,Asteraceae,king devil hawkweed,not_urban,,,1,0,,20,20,100,22,25,88,32,30,106.67,12,15,80,32,20,160,17,15,113.3333333,10,17,58.82352941,5,5,100,12,20,60,,,,96.31,385.25,,,,,,,,,,,,,,,,,,,,,,,,,,,,,,,,,,,,,,,,,,,,,,,,,,,,,,,,,,,,,,,,,,,,,,,,,,,,,,,,,,
Hieracium,gronovii,L.,Asteraceae,queen devil hawkweed,not_urban,,,1,1,,,,,,,,,,,,,,,,,,,,,,,,,,,,,,,,138.88,555.52,,average Hieracium,,,,,,,,,,,,,,,,,,,,,,,,,,,,,,,,,,,,,,,,,,,,,,,,,,,,,,,,,,,,,,,,,,,,,,,,,,,,,,,,
Hieracium,paniculatum,L.,Asteraceae,panicled hawkweed,not_urban,,,1,1,,,,,,,,,,,,,,,,,,,,,,,,,,,,,,,,138.88,555.52,,average Hieracium,,,,,,,,,,,,,,,,,,,,,,,,,,,,,,,,,,,,,,,,,,,,,,,,,,,,,,,,,,,,,,,,,,,,,,,,,,,,,,,,
Hieracium,pilosella,L.,Asteraceae,mouse-eared hawkweed,not_urban,,,1,0,,,,,,,,,,,,,,,,,,,,,,,,,,,,,,,,138.88,555.52,,average Hieracium,,,,,,,,,,,,,,,,,,,,,,,,,,,,,,,,,,,,,,,,,,,,,,,,,,,,,,,,,,,,,,,,,,,,,,,,,,,,,,,,
Hieracium,sp.,L. ,Asteraceae,hawkweed,not_urban,,,1,0,,,,,,,,,,,,,,,,,,,,,,,,,,,,,,,,138.88,555.52,,average Hieracium,,,,,,,,,,,,,,,,,,,,,,,,,,,,,,,,,,,,,,,,,,,,,,,,,,,,,,,,,,,,,,,,,,,,,,,,,,,,,,,,
Holcus ,lanatus,L.,Poaceae,common velvet grass,not_urban,,,0,0,,,,,,,,,,,,,,,,,,,,,,,,,,,,,,,,#DIV/0!,#DIV/0!,,,,,,,,,,,,,,,,,,,,,,,,,,,,,,,,,,,,,,,,,,,,,,,,,,,,,,,,,,,,,,,,,,,,,,,,,,,,,,,,,,
Hordeum,vulgare,L. ,Poaceae,barley,not_urban,,,0,0,,,,,,,,,,,,,,,,,,,,,,,,,,,,,,,,#DIV/0!,#DIV/0!,,,,,,,,,,,,,,,,,,,,,,,,,,,,,,,,,,,,,,,,,,,,,,,,,,,,,,,,,,,,,,,,,,,,,,,,,,,,,,,,,,
Hosta ,sp.,Tratt,Hostaceae,plantain lilly,not_urban,,,1,0,,42,100,42,37,85,43.53,32,90,35.56,45,100,45,,,,,,,,,,,,,,,,,,,41.52,166.08,,,,,,,,,,,,,,,,,,,,,,,,,,,,,,,,,,,,,,,,,,,,,,,,,,,,,,,,,,,,,,,,,,,,,,,,,,,,,,,,,,
Hydrocotyle ,americana,L. ,Apiaceae,water pennywort,not_urban,,,1,1,,,,,,,,,,,,,,,,,,,,10,1,1000,32,3,1066.666667,6,5,120,14,3,466.6666667,663.33,2653.33,,,,,,,,,,,,,,,,,,,,,,,,,,,,,,,,,,,,,,,,,,,,,,,,,,,,,,,,,,,,,,,,,,,,,,,,,,,,,,,,,,
Hydrophyllum,macrophyllum,L.,Boraginaceae,large-leaved waterleaf,not_urban,,,1,1,,10,50,20,8,40,20,6,30,20,10,30,33.33,12,40,30,,,,,,,,,,,,,,,,24.67,98.67,,,this doesn't exist in NY--should be canadense I think,,,,,,,,,,,,,,,,,,,,,,,,,,,,,,,,,,,,,,,,,,,,,,,,,,,,,,,,,,,,,,,,,,,,,,,,,,,,,,,
Hydrophyllum ,canadense,L.,Boraginaceae,broadleaf waterleaf,not_urban,,,1,1,,4,40,10,14,80,17.5,6,25,24,,,,,,,,,,,,,,,,,,,,,,17.17,68.67,,,,,,,,,,,,,,,,,,,,,,,,,,,,,,,,,,,,,,,,,,,,,,,,,,,,,,,,,,,,,,,,,,,,,,,,,,,,,,,,,,
Hydrophyllum ,virginianum,L. ,Boraginaceae,Virginia waterleaf,not_urban,,,1,1,,14,17,82.35,7,40,17.5,11,35,31.43,9,22,40.91,11,90,12.22,17,20,85,37,80,46.25,76,60,126.67,98,70,140,115,80,143.75,72.61,290.43,,,,,,,,,,,,,,,,,,,,,,,,,,,,,,,,,,,,,,,,,,,,,,,,,,,,,,,,,,,,,,,,,,,,,,,,,,,,,,,,,,
Hylotelephium,telephium,(L.) H. Ohba,Crassulaceae,witch's moneybags,not_urban,,,1,0,,,,,,,,,,,,,,,,,25,100,25,15,90,16.66666667,18,100,18,8,15,53.33333333,11,30,36.66666667,29.93,119.73,,picture,,,,,,,,,,,,,,,,,,,,,,,,,,,,,,,,,,,,,,,,,,,,,,,,,,,,,,,,,,,,,,,,,,,,,,,,,,,,,,,,
Hypericum ,perforatum,L.,Hypericaceae,St. John's wort,not_urban,,,1,0,,62,50,124,46,25,184,21,10,210,34,20,170,48,20,240,,,,,,,,,,,,,,,,185.60,742.40,,,,,,,,,,,,,,,,,,,,,,,,,,,,,,,,,,,,,,,,,,,,,,,,,,,,,,,,,,,,,,,,,,,,,,,,,,,,,,,,,,
Hypericum ,punctatum,Lam.,Hypericaceae,spotted St. John's wort,not_urban,,,1,1,,,,,,,,,,,,,,,,,,,,,,,,,,,,,,,,185.60,742.40,,H. perforatum,,,,,,,,,,,,,,,,,,,,,,,,,,,,,,,,,,,,,,,,,,,,,,,,,,,,,,,,,,,,,,,,,,,,,,,,,,,,,,,,
Ilex ,verticillata,(L.) Gray,Aquifoliaceae,winterberry,not_urban,,,1,1,,425,60,708.33,515,70,735.71,540,75,720,625,60,1041.67,550,70,785.71,10,20,50,5,10,50,10,75,13.33,,,,,,,513.10,2052.38,,,,,,,,,,,,,,,,,,,,,,,,,,,,,,,,,,,,,,,,,,,,,,,,,,,,,,,,,,,,,,,,,,,,,,,,,,,,,,,,,,
Impatiens,capensis,Meerb. ,Balsaminaceae,jewelweed,not_urban,,,1,1,,8,40,20,12,40,30,4,15,26.66666667,4,15,26.66666667,6,20,30,5,20,25,,,,,,,,,,,,,26.39,105.56,,,,,,,,,,,,,,,,,,,,,,,,,,,,,,,,,,,,,,,,,,,,,,,,,,,,,,,,,,,,,,,,,,,,,,,,,,,,,,,,,,
Ipomoea ,purpurea,(L.) Roth,Convulvulacea,small red morning glory,not_urban,,,1,0,,,,,,,,,,,,,,,,,12,90,13.33333333,20,100,20,35,100,35,9,15,60,4,8,50,22.92,91.69,,picture,,,,,,,,,,,,,,,,,,,,,,,,,,,,,,,,,,,,,,,,,,,,,,,,,,,,,,,,,,,,,,,,,,,,,,,,,,,,,,,,
Iris ,versicolor,L.,Iridaceae,large blue flag iris,not_urban,,,1,1,,,,,,,,,,,,,,,,,18,100,18,6,100,6,15,100,15,7,80,8.75,8,80,10,11.55,46.20,,picture,,,,,,,,,,,,,,,,,,,,,,,,,,,,,,,,,,,,,,,,,,,,,,,,,,,,,,,,,,,,,,,,,,,,,,,,,,,,,,,,
Juglans ,cinerea,L.,Juglandaceae,butternut,not_urban,,,0,1,,,,,,,,,,,,,,,,,,,,,,,,,,,,,,,,#DIV/0!,#DIV/0!,,,,18810,60,15,male,10260,55,14,male,,,,,,,,,,,,,,,,,,,,,,,,,,,,,,,,,,,,,14535,,,,,,,,,,,,,,,,,,,,,,,,,,,,,,,,,,
Juglans ,nigra,L.,Juglandaceae,black walnut,not_urban,,,0,1,,,,,,,,,,,,,,,,,,,,,,,,,,,,,,,,#DIV/0!,#DIV/0!,,,,20881,,,male,8901,,,male,6300,60,18,male,6300,35,14,male,12375,30,12,male,3500,35,10,male,,,,,,,,,,,,,,,,,,,,,9709.5,,,,,,,,,,,,,,,,,,,,,,,,,,,,,,,,,,
Juncus,acuminatus,Michx.,Juncaceae,tapertip rush,not_urban,,,0,1,,,,,,,,,,,,,,,,,,,,,,,,,,,,,,,,#DIV/0!,#DIV/0!,,,,,,,,,,,,,,,,,,,,,,,,,,,,,,,,,,,,,,,,,,,,,,,,,,,,,,,,,,,,,,,,,,,,,,,,,,,,,,,,,,
Juncus,brachycephalus,(Engelm.) Buch.,Juncaceae,smallhead rush,not_urban,,,0,1,,,,,,,,,,,,,,,,,,,,,,,,,,,,,,,,#DIV/0!,#DIV/0!,,,,,,,,,,,,,,,,,,,,,,,,,,,,,,,,,,,,,,,,,,,,,,,,,,,,,,,,,,,,,,,,,,,,,,,,,,,,,,,,,,
Juncus,effusus,L.,Juncaceae,soft rush,not_urban,,,0,1,,,,,,,,,,,,,,,,,,,,,,,,,,,,,,,,#DIV/0!,#DIV/0!,,,,,,,,,,,,,,,,,,,,,,,,,,,,,,,,,,,,,,,,,,,,,,,,,,,,,,,,,,,,,,,,,,,,,,,,,,,,,,,,,,
Juncus,marginatus,Rostk.,Juncaceae,grass-leaved rush,not_urban,,,0,1,,,,,,,,,,,,,,,,,,,,,,,,,,,,,,,,#DIV/0!,#DIV/0!,,,,,,,,,,,,,,,,,,,,,,,,,,,,,,,,,,,,,,,,,,,,,,,,,,,,,,,,,,,,,,,,,,,,,,,,,,,,,,,,,,
Juncus,pylaei,Laharpe,Juncaceae,Pylaei's soft rush,not_urban,,,0,1,,,,,,,,,,,,,,,,,,,,,,,,,,,,,,,,#DIV/0!,#DIV/0!,,,,,,,,,,,,,,,,,,,,,,,,,,,,,,,,,,,,,,,,,,,,,,,,,,,,,,,,,,,,,,,,,,,,,,,,,,,,,,,,,,
Juncus,tenuis,Willd.,Juncaceae,path rush,not_urban,,,0,1,,,,,,,,,,,,,,,,,,,,,,,,,,,,,,,,#DIV/0!,#DIV/0!,,,,,,,,,,,,,,,,,,,,,,,,,,,,,,,,,,,,,,,,,,,,,,,,,,,,,,,,,,,,,,,,,,,,,,,,,,,,,,,,,,
Juniperus ,virginiana,L.,Cupressaceae,red cedar,not_urban,,,0,1,,,,,,,,,,,,,,,,,,,,,,,,,,,,,,,,#DIV/0!,#DIV/0!,,,,,,,,,,,,,,,,,,,,,,,,,,,,,,,,,,,,,,,,,,,,,,,,,,,,,,,,,,,,,,,,,,,,,,,,,,,,,,,,,,
Lactuca,canadensis,L.,Asteraceae,Canada wild lettuce,not_urban,,,1,1,,,,,,,,,,,,,,,,,50,10,500.00,47,12,391.67,39,10,390.00,32,17,188.24,17,15,113.33,316.65,1266.59,,herbarium,,,,,,,,,,,,,,,,,,,,,,,,,,,,,,,,,,,,,,,,,,,,,,,,,,,,,,,,,,,,,,,,,,,,,,,,,,,,,,,,
Lactuca,sativa,L.,Asteraceae,lettuce,not_urban,,,1,0,,,,,,,,,,,,,,,,,43,15,286.67,24,10,240.00,13,4,325.00,15,3,500.00,54,12,450.00,360.33,1441.33,,herbarium,,,,,,,,,,,,,,,,,,,,,,,,,,,,,,,,,,,,,,,,,,,,,,,,,,,,,,,,,,,,,,,,,,,,,,,,,,,,,,,,
Lamium,album,L.,Lamiaceae,white dead-nettle,not_urban,,,1,0,,,,,,,,,,,,,,,,,,,,,,,,,,,,,,,,309.67,1238.68,,L. purpureum,,,,,,,,,,,,,,,,,,,,,,,,,,,,,,,,,,,,,,,,,,,,,,,,,,,,,,,,,,,,,,,,,,,,,,,,,,,,,,,,
Lamium,amplexicaule,L.,Lamiaceae,henbit,not_urban,,,1,0,,,,,,,,,,,,,,,,,15,8,187.50,19,10,190.00,45,65,69.23,52,80,65.00,9,10,90.00,120.35,481.38,,picture,,,,,,,,,,,,,,,,,,,,,,,,,,,,,,,,,,,,,,,,,,,,,,,,,,,,,,,,,,,,,,,,,,,,,,,,,,,,,,,,
Lamium,purpureum,L.,Lamiaceae,purple dead nettle,not_urban,,,1,0,,1.25,1,125,2,0.5,400,50,25,200,5,2,250,1.25,1,125,56,15,373.33,14,2,700.00,7,2,350.00,56,15,373.33,8,4,200.00,309.67,1238.67,Ag14 Smith,,,,,,,,,,,,,,,,,,,,,,,,,,,,,,,,,,,,,,,,,,,,,,,,,,,,,,,,,,,,,,,,,,,,,,,,,,,,,,,,,
Lapsana,communis,L.,Asteraceae,common nipplewort,not_urban,,,1,0,,3,1,300,27,10,270,39,20,195,34,25,136,38,25,152,47,30,156.67,52,30,173.33,50,30,166.67,,,,,,,193.71,774.83,,,,,,,,,,,,,,,,,,,,,,,,,,,,,,,,,,,,,,,,,,,,,,,,,,,,,,,,,,,,,,,,,,,,,,,,,,,,,,,,,,
Leersia ,oryzoides,(L.) Sw.,Poaceae,rice cutgrass,not_urban,,,0,1,,,,,,,,,,,,,,,,,,,,,,,,,,,,,,,,#DIV/0!,#DIV/0!,,,,,,,,,,,,,,,,,,,,,,,,,,,,,,,,,,,,,,,,,,,,,,,,,,,,,,,,,,,,,,,,,,,,,,,,,,,,,,,,,,
Lemna,minor,L.,Araceae,duckweed,not_urban,,,0,1,,,,,,,,,,,,,,,,,,,,,,,,,,,,,,,,#DIV/0!,#DIV/0!,,,,,,,,,,,,,,,,,,,,,,,,,,,,,,,,,,,,,,,,,,,,,,,,,,,,,,,,,,,,,,,,,,,,,,,,,,,,,,,,,,
Leonurus ,cardiaca,L.,Lamiaceae,motherwort,not_urban,,,1,0,,440,5,8800,288,15,1920,420,15,2800,396,10,3960,448,15,2986.67,,,,,,,,,,,,,,,,4093.33,16373.33,,,,,,,,,,,,,,,,,,,,,,,,,,,,,,,,,,,,,,,,,,,,,,,,,,,,,,,,,,,,,,,,,,,,,,,,,,,,,,,,,,
Leucantheum ,vulgare,Lam.,Asteraceae,oxeye daisy,not_urban,,,1,0,,3,15,20,88,45,195.56,94,35,268.57,112,35,320,120,50,240,,,,,,,,,,,,,,,,208.83,835.30,,,Leucanthemum,,,,,,,,,,,,,,,,,,,,,,,,,,,,,,,,,,,,,,,,,,,,,,,,,,,,,,,,,,,,,,,,,,,,,,,,,,,,,,,
Ligustrum,vulgare,L.,Oleaceae,privet,not_urban,,,1,0,,2,15,13.33,3,20,15,18,15,120,26,40,65,25,40,62.5,280,70,400,,,,,,,,,,,,,112.64,450.56,,,,5,9,0.5,,32,6,0.33,,495,10,2.5,,41,8,1,,975,4.5,0.75,,,,,,,,,,,,,,,,,,,,,,,,,,309.6,,,,,,,,,,,,,,,,,,,,,,,,,,,,,,,,,,
Lilium ,canadense,L.,Liliaceae,Canada Lily,not_urban,,from the Living lab,1,1,,5,10,50.00,2,6,33.33,2,8,25.00,,,,,,,,,,,,,,,,,,,,,,36.11,144.44,,,,,,,,,,,,,,,,,,,,,,,,,,,,,,,,,,,,,,,,,,,,,,,,,,,,,,,,,,,,,,,,,,,,,,,,,,,,,,,,,,
Linaria,vulgaris,P. Mill.,Plantaginaceae,butter-and-eggs,not_urban,,,1,0,,5,2,250,60,20,300,110,25,440,52,20,260,80,35,228.57,60,35,171.43,,,,,,,,,,,,,275.00,1100.00,,,,,,,,,,,,,,,,,,,,,,,,,,,,,,,,,,,,,,,,,,,,,,,,,,,,,,,,,,,,,,,,,,,,,,,,,,,,,,,,,,
Lindera,benzoin,(L.) Blume,Lauraceae,spicebush,not_urban,,,1,1,,150,100,150,526.5,100,526.5,2205,100,2205,,,,,,,,,,,,,,,,,,,,,,960.50,3842.00,,,"These were estimates from whole-bush estimates, where each bush was approximately 1 m2 each",600,3,1,,2106,4,1,,8820,6,1,,,,,,,,,,,,,,,,,,,,,,,,,,,,,,,,,,3842,,,,,,,,,,,,,,,,,,,,,,,,,,,,,,,,,,
Lindernia,dubia,(L.) Pennell,Linderniaceae,false pimpernel,not_urban,,,1,1,,,,,,,,,,,,,,,,,10,15,66.67,10,17,58.82,7,10,70.00,3,2,150.00,16,10,160.00,101.10,404.39,,picture,,,,,,,,,,,,,,,,,,,,,,,,,,,,,,,,,,,,,,,,,,,,,,,,,,,,,,,,,,,,,,,,,,,,,,,,,,,,,,,,
Liriodendron,tulipifera,L.,Magnoliaceae,tulip poplar,not_urban,,,1,1,,,,,,,,,,,,,,,,,,,,,,,,,,,,,,,,#DIV/0!,#DIV/0!,,,,4680,69,130,,21070,125,85,,4620,100,59,,4100,130,85,,3000,130,77,,3960,130,82,,3312,100,24,,,,,,,,,,,,,,,,,,6391.714286,,,,,,,,,,,,,,,,,,,,,,,,,,,,,,,,,,
Lithospermum,latifolium,Michx. ,Boraginaceae,American Gromwell,not_urban,,,1,1,,,,,,,,,,,,,,,,,16,27,59.26,13,20,65.00,1,12,8.33,12,30,40.00,7,15,46.67,43.85,175.41,,picture,,,,,,,,,,,,,,,,,,,,,,,,,,,,,,,,,,,,,,,,,,,,,,,,,,,,,,,,,,,,,,,,,,,,,,,,,,,,,,,,
Lobelia,erinus,L. ,Campanulaceae,garden lobelia,not_urban,,,1,0,,110,25,440.00,147,25,588,,,,,,,,,,,,,,,,,,,,,,,,,514.00,2056.00,,,,,,,,,,,,,,,,,,,,,,,,,,,,,,,,,,,,,,,,,,,,,,,,,,,,,,,,,,,,,,,,,,,,,,,,,,,,,,,,,,
Lobelia,inflata,L.,Campanulaceae,Indian tobacco,not_urban,,,1,1,,25,12,208.33,10,5,200,8,3,266.67,10,5,200,12,15,80,,,,,,,,,,,,,,,,191.00,764.00,,,,,,,,,,,,,,,,,,,,,,,,,,,,,,,,,,,,,,,,,,,,,,,,,,,,,,,,,,,,,,,,,,,,,,,,,,,,,,,,,,
Lobelia,siphilitica,L.,Campanulaceae,great blue lobelia,not_urban,,,1,1,,44,20,220,125,40,312.5,60,20,300,115,40,287.5,90,25,360,,,,,,,,,,,,,,,,296.00,1184.00,,,,,,,,,,,,,,,,,,,,,,,,,,,,,,,,,,,,,,,,,,,,,,,,,,,,,,,,,,,,,,,,,,,,,,,,,,,,,,,,,,
Lolium,multiflorum,Lam.,Poaceae,Itlaian ryegrass,not_urban,,,0,0,,,,,,,,,,,,,,,,,,,,,,,,,,,,,,,,#DIV/0!,#DIV/0!,,,,,,,,,,,,,,,,,,,,,,,,,,,,,,,,,,,,,,,,,,,,,,,,,,,,,,,,,,,,,,,,,,,,,,,,,,,,,,,,,,
Lolium ,perenne,L.,Poaceae,perennial rye-grass,not_urban,,,0,0,,,,,,,,,,,,,,,,,,,,,,,,,,,,,,,,#DIV/0!,#DIV/0!,,,,,,,,,,,,,,,,,,,,,,,,,,,,,,,,,,,,,,,,,,,,,,,,,,,,,,,,,,,,,,,,,,,,,,,,,,,,,,,,,,
Lonicera ,morrowii,Gray,Caprifoliaceae,Morrow's honeysuckle,not_urban,,,1,0,,164,45,364.44,134,65,206.15,92,80,115,80,40,200,43,55,78.18,544,40,1360.00,,,,,,,,,,,,,387.30,1549.19,,,whole bush notes in notebook 2017 #4,1600,,,,3240,,,,2250,,,,1360,,,,1960,,,,,,,,,,,,,,,,,,,,,,,,,,,,2082,,,,,,,,,,,,,,,,,,,,,,,,,,,,,,,,,,
Lonicera ,tatarica,L.,Caprifoliaceae,tartarian honeysuckle,not_urban,,,1,0,,,,,,,,,,,,,,,,,,,,,,,,,,,,,,,,387.30,1549.20,,L. morrowii,,6720,,,shrub,,,,,,,,,,,,,,,,,,,,,,,,,,,,,,,,,,,,,,,,,2855,average of L. morrowii and L. tatarica entries,,,,,,,,,,,,,,,,,,,,,,,,,,,,,,,,,
Lotus,corniculatus,L. ,Fabaceae,birds-foot trefoil,not_urban,,,1,0,,11,60,18.33,33,15,220,4,7,57.14,3,7,42.86,3,3,100,5,3,166.67,5,5,100,3,10,30,69,20,345,7,30,23.33,110.33,441.33,Ditch 1 Johnson street,,,,,,,,,,,,,,,,,,,,,,,,,,,,,,,,,,,,,,,,,,,,,,,,,,,,,,,,,,,,,,,,,,,,,,,,,,,,,,,,,
Ludwigia ,palustris,(L.) Ell.,Onagraceae,marsh seedbox,not_urban,,,1,1,,210,10,2100,4500,90,5000,3500,70,5000,2000,40,5000,6160,90,6844.44,2060,50,4120,,,,,,,,,,,,,4677.41,18709.63,,,,,,,,,,,,,,,,,,,,,,,,,,,,,,,,,,,,,,,,,,,,,,,,,,,,,,,,,,,,,,,,,,,,,,,,,,,,,,,,,,
Luzula,acuminata,Raf.,Juncaceae,hairy woodrush,not_urban,,,0,1,,,,,,,,,,,,,,,,,,,,,,,,,,,,,,,,#DIV/0!,#DIV/0!,,,,,,,,,,,,,,,,,,,,,,,,,,,,,,,,,,,,,,,,,,,,,,,,,,,,,,,,,,,,,,,,,,,,,,,,,,,,,,,,,,
Lycopodium,sp. ,L. ,,club moss,not_urban,,,0,1,,,,,,,,,,,,,,,,,,,,,,,,,,,,,,,,#DIV/0!,#DIV/0!,,,,,,,,,,,,,,,,,,,,,,,,,,,,,,,,,,,,,,,,,,,,,,,,,,,,,,,,,,,,,,,,,,,,,,,,,,,,,,,,,,
Lycopus,americanus,Muhl. ex W. Bart.,Lamiaceae,water horehound,not_urban,,,1,1,,52,50,104,36,6,600,222,20,1110,162,10,1620,110,15,733.33,140,10,1400,,,,,,,,,,,,,927.89,3711.56,,,,,,,,,,,,,,,,,,,,,,,,,,,,,,,,,,,,,,,,,,,,,,,,,,,,,,,,,,,,,,,,,,,,,,,,,,,,,,,,,,
Lycopus,uniflorus,Michx.,Lamiaceae,northern bugleweed,not_urban,,,1,1,,,,,,,,,,,,,,,,,,,,,,,,,,,,,,,,927.89,3711.56,,L. americanus,,,,,,,,,,,,,,,,,,,,,,,,,,,,,,,,,,,,,,,,,,,,,,,,,,,,,,,,,,,,,,,,,,,,,,,,,,,,,,,,
Lysimachia,ciliata,L.,Myrsinaceae,yellow fringed-loosestrife,not_urban,,,1,1,,2,3,66.7,3,2,150,4,3,133.3,2,2,100,7,15,46.67,70,15,466.67,,,,,,,,,,,,,160.56,642.22,,,,,,,,,,,,,,,,,,,,,,,,,,,,,,,,,,,,,,,,,,,,,,,,,,,,,,,,,,,,,,,,,,,,,,,,,,,,,,,,,,
Lysimachia,nummularia,L.,Myrsinaceae,moneywort,not_urban,,,1,0,,4,2,200,3,4,75,4,6,66.7,48,18,266.7,15,6,250,1,15,6.67,20,60,33.33,,,,,,,,,,128.33,513.33,,,,,,,,,,,,,,,,,,,,,,,,,,,,,,,,,,,,,,,,,,,,,,,,,,,,,,,,,,,,,,,,,,,,,,,,,,,,,,,,,,
Lysimachia,punctata,L.,Myrsinaceae,large yellow loosestrife,not_urban,,,1,0,,31,10,310,7,8,87.5,47,8,587.5,45,15,300,25,15,166.6666667,,,,,,,,,,,,,,,,290.33,1161.33,,,,,,,,,,,,,,,,,,,,,,,,,,,,,,,,,,,,,,,,,,,,,,,,,,,,,,,,,,,,,,,,,,,,,,,,,,,,,,,,,,
Lysimachia,terrestris,(L.) B.S.P.,Myrsinaceae,swamp loosestrife,not_urban,,"from little tupper lake, 5 Jul 2020",1,1,,15,2,750,35,10,350,28,5,560,56,10,560,59,15,393.3333333,42,8,525,17,8,212.5,44,8,550,,,,,,,487.60,1950.42,,,,,,,,,,,,,,,,,,,,,,,,,,,,,,,,,,,,,,,,,,,,,,,,,,,,,,,,,,,,,,,,,,,,,,,,,,,,,,,,,,
Lythrum ,salicaria,L.,Lythraceae,purple-loosestrife,not_urban,,,1,0,,378,20,1890,240,12,2000,1575,12,13125,89,22,404.5,60,15,400.0,999,50,1998,1332,60,2220,1665,50,3330,1110,50,2220,1258,50,2516,3010.35,12041.42,,,,,,,,,,,,,,,,,,,,,,,,,,,,,,,,,,,,,,,,,,,,,,,,,,,,,,,,,,,,,,,,,,,,,,,,,,,,,,,,,,
Maclura ,pomifera,(Raf.) Schneid,Moraceae,osage-orange,not_urban,,,0,0,,,,,,,,,,,,,,,,,,,,,,,,,,,,,,,,#DIV/0!,#DIV/0!,,,,43200,,,Cornell campus,,,,,,,,,,,,,,,,,,,,,,,,,,,,,,,,,,,,,,,,,43200,based on flowers from herbarium and number of branches from field,,,,,,,,,,,,,,,,,,,,,,,,,,,,,,,,,
Magnolia ,acuminata,L.,Magnoliaceae,cucumber tree,not_urban,,beetle and fly pollinated; bees may collect mostly pollen: Sukumaran 2020,1,1,,,,,,,,,,,,,,,,,,,,,,,,,,,,,,,,#DIV/0!,#DIV/0!,,,,368,120,51,,1204,120,69,,1348,110,56,,,,,,,,,,,,,,,,,,,,,,,,,,,,,,,,,,973.3333333,,,,,,,,,,,,,,,,,,,,,,,,,,,,,,,,,,
Maianthemum ,canadensis,Desf.,Ruscaceae,Canada mayflower,not_urban,,,1,1,,66,25,264,75,45,166.67,68,25,272,34,20,170,45,45,100,40,15,266.67,64,15,426.67,54,10,540,30,10,300,57,20,285,279.10,1116.40,,,,,,,,,,,,,,,,,,,,,,,,,,,,,,,,,,,,,,,,,,,,,,,,,,,,,,,,,,,,,,,,,,,,,,,,,,,,,,,,,,
Maianthemum ,racemosum,(L.) Link,Ruscaceae,false solomon seal,not_urban,,,1,1,,145,50,290,200,55,363.64,155,40,387.5,160,60,266.67,180,50,360,,,,,,,,,,,,,,,,333.56,1334.24,,,,,,,,,,,,,,,,,,,,,,,,,,,,,,,,,,,,,,,,,,,,,,,,,,,,,,,,,,,,,,,,,,,,,,,,,,,,,,,,,,
Malus ,baccata,(L.) Borkh.,Rosaceae,crabapple,not_urban,,,1,0,,,,,,,,,,,,,,,,,,,,,,,,,,,,,,,,#DIV/0!,#DIV/0!,,,,30870,,,,224438,17,6,"Ithaca, NY",235200,17,12,"Ithaca, NY",,,,,,,,,,,,,,,,,,,,,,,,,,,,,,,,,163502.6667,,,,,,,,,,,,,,,,,,,,,,,,,,,,,,,,,,
Malus ,pumila,P. Mill.,Rosaceae,apple,not_urban,,,1,0,,,,,,,,,,,,,,,,,,,,,,,,,,,,,,,,#DIV/0!,#DIV/0!,,,,15000,,,,18000,,,,24000,,,,29835,15,8,"At Living Lab, SLU (green apple in sheep pasture)",,,,,,,,,3648,12,3,"Sam Joseph farm, Russell, NY. Relatively large spacing between trees, maybe 15'(?)",5292,12,5,"Sam Joseph farm, Russell, NY. Relatively large spacing between trees, maybe 15'(?)",11760,13,4,"Sam Joseph farm, Russell, NY. Relatively large spacing between trees, maybe 15'(?)",22680,16,5,"Sam Joseph farm, Russell, NY. Relatively large spacing between trees, maybe 15'(?)",34200,16,6,"Sam Joseph farm, Russell, NY. Relatively large spacing between trees, maybe 15'(?)",15962.5,"One entry was 2560 and another 3900 but these were artificially small since they were from abandoned trees at CT Hill (Newfield, NY), so they were removed. Other ones were from large stand-alone trees not reminiscent of orchard trees, so were removed (110,592 flowers; height 18, dbh 10""; Ithaca. 95,784; 18 feet tall, 12"" dbh, large tree (near facilities operations at SLU, Canton, NY). ",,,,,,,,,,,,,,,,,,,,,,,,,,,,,,,,,
Malva,moschata,L.,Malvaceae,musk mallow,not_urban,,,1,0,,12,15,80,14,15,93.33,7,15,46.67,3,4,75,,,,,,,,,,,,,,,,,,,73.75,295.00,,,,,,,,,,,,,,,,,,,,,,,,,,,,,,,,,,,,,,,,,,,,,,,,,,,,,,,,,,,,,,,,,,,,,,,,,,,,,,,,,,
Malva,neglecta,Wallr.,Malvaceae,common mallow,not_urban,,,1,1,,9,20,45,6,25,24,3,30,10,17,20,85,20,30,66.66666667,9,20,45,,,,,,,,,,,,,45.94,183.78,,,,,,,,,,,,,,,,,,,,,,,,,,,,,,,,,,,,,,,,,,,,,,,,,,,,,,,,,,,,,,,,,,,,,,,,,,,,,,,,,,
Matteuccia ,struthiopteris,(L.) Todaro,Onoclearceae,ostrich fern,not_urban,,,0,1,,,,,,,,,,,,,,,,,,,,,,,,,,,,,,,,#DIV/0!,#DIV/0!,,,,,,,,,,,,,,,,,,,,,,,,,,,,,,,,,,,,,,,,,,,,,,,,,,,,,,,,,,,,,,,,,,,,,,,,,,,,,,,,,,
Medeola,virginiana,L.,Liliaceae,Indian cucumber root,not_urban,,,1,1,,3,5,60.00,1,15,6.67,3,8,37.50,,,,,,,,,,,,,,,,,,,,,,34.72,138.89,,,,,,,,,,,,,,,,,,,,,,,,,,,,,,,,,,,,,,,,,,,,,,,,,,,,,,,,,,,,,,,,,,,,,,,,,,,,,,,,,,
Medicago,lupulina,L.,Fabaceae,black medic,not_urban,,,1,0,,8,8,100,6,4,150,7,6,116.67,32,30,106.67,,,,,,,,,,,,,,,,,,,118.33,473.33,,,,,,,,,,,,,,,,,,,,,,,,,,,,,,,,,,,,,,,,,,,,,,,,,,,,,,,,,,,,,,,,,,,,,,,,,,,,,,,,,,
Medicago,sativa,L.,Fabaceae,alfalfa,not_urban,,,1,0,,240,50,480,220,40,550,95,50,190,50,30,166.67,300,40,750,82,45,182.22,96,55,174.55,260,35,742.86,260,50,520,200,50,400,415.63,1662.52,Ag 17 Jensen,,,,,,,,,,,,,,,,,,,,,,,,,,,,,,,,,,,,,,,,,,,,,,,,,,,,,,,,,,,,,,,,,,,,,,,,,,,,,,,,,
Melilotus ,albus,Medik.,Fabaceae,white sweet clover,not_urban,,,1,0,,55,35,157.14,264,30,880,4840,50,9680,4730,50,9460,3850,40,9625,2750,40,6875,5280,50,10560,,,,,,,,,,6748.16,26992.65,,,,,,,,,,,,,,,,,,,,,,,,,,,,,,,,,,,,,,,,,,,,,,,,,,,,,,,,,,,,,,,,,,,,,,,,,,,,,,,,,,
Melilotus ,officinalis,(L.) Lam,Fabaceae,yellow sweet clover,not_urban,,,1,0,,244,40,610,167,50,334,46,65,70.77,,,,,,,,,,,,,,,,,,,,,,338.26,1353.03,,,,,,,,,,,,,,,,,,,,,,,,,,,,,,,,,,,,,,,,,,,,,,,,,,,,,,,,,,,,,,,,,,,,,,,,,,,,,,,,,,
Menispermum ,canadense,L.,Menispermaceae,moonseed,not_urban,,,1,0,,,,,,,,,,,,,,,,,39,8,487.50,90,8,1125.00,77,8,962.50,109,10,1090.00,25,5,500.00,833.00,3332.00,,,,,,,,,,,,,,,,,,,,,,,,,,,,,,,,,,,,,,,,,,,,,,,,,,,,,,,,,,,,,,,,,,,,,,,,,,,,,,,,,,
Mentha ,arvensis,L.,Lamiaceae,wild mint,not_urban,,,1,0,,10,5,200,78,15,520,125,20,625,130,15,866.67,145,20,725,110,15,733.33,,,,,,,,,,,,,611.67,2446.67,,,,,,,,,,,,,,,,,,,,,,,,,,,,,,,,,,,,,,,,,,,,,,,,,,,,,,,,,,,,,,,,,,,,,,,,,,,,,,,,,,
Mentha ,spicata,L. ,Lamiacceae,spearmint,not_urban,,,1,0,,312,50,624,390,50,780,468,50,936,416,50,832,202,50,404,,,,,,,,,,,,,,,,715.20,2860.80,,,,,,,,,,,,,,,,,,,,,,,,,,,,,,,,,,,,,,,,,,,,,,,,,,,,,,,,,,,,,,,,,,,,,,,,,,,,,,,,,,
Mimulus ,ringens,L.,Phrymaceae,square-stem monkey flower,not_urban,,,1,1,,2,0.5,400,,,,,,,,,,,,,,,,,,,,,,,,,,,,400.00,1600.00,,,,,,,,,,,,,,,,,,,,,,,,,,,,,,,,,,,,,,,,,,,,,,,,,,,,,,,,,,,,,,,,,,,,,,,,,,,,,,,,,,
Mitchella ,repens,L.,Rubiaceae,partridge berry,not_urban,,,1,1,,2,2,100,1,5,20,2,4,50,2,25,8,4,15,26.67,,,,,,,,,,,,,,,,40.93,163.73,,,,,,,,,,,,,,,,,,,,,,,,,,,,,,,,,,,,,,,,,,,,,,,,,,,,,,,,,,,,,,,,,,,,,,,,,,,,,,,,,,
Mitella,diphylla,L.,Saxifragaceae,two-leaf miterwort,not_urban,,,1,1,,46,12,383.33,103,10,1030,25,8,312.5,175,25,700,,,,,,,,,,,,,,,,,,,606.46,2425.83,,,,,,,,,,,,,,,,,,,,,,,,,,,,,,,,,,,,,,,,,,,,,,,,,,,,,,,,,,,,,,,,,,,,,,,,,,,,,,,,,,
Monarda,fistulosa,L.,Lamiaceae,wild bergamot,not_urban,,,1,1,,10,2,500,14,25,56,18,25,72,18,25,72,15,25,60,,,,,,,,,,,,,,,,152.00,608.00,,,,,,,,,,,,,,,,,,,,,,,,,,,,,,,,,,,,,,,,,,,,,,,,,,,,,,,,,,,,,,,,,,,,,,,,,,,,,,,,,,
Monotropa,uniflora,L.,Ericaceae,Indian pipe,not_urban,,,1,1,,,,,,,,,,,,,,,,,9,10,90.00,7,5,140.00,5,4,125.00,14,15,93.33,9,10,90.00,107.67,430.67,,picture,,,,,,,,,,,,,,,,,,,,,,,,,,,,,,,,,,,,,,,,,,,,,,,,,,,,,,,,,,,,,,,,,,,,,,,,,,,,,,,,
Morus,alba,L.,Moraceae,white mulberry,not_urban,,"I did have an entry for the 0.25m2 quadrat for this, not sure why. It was 200 flowers per quadrat.",0,0,,,,,,,,,,,,,,,,,,,,,,,,,,,,,,,,#DIV/0!,#DIV/0!,,,,169200,30,20,"big tree, male",26460,,,,,,,,,,,,,,,,,,,,,,,,,,,,,,,,,,,,,,,,97830,"I have two female counts, too---but it is wind-pollinated. One tree is 2640 female young fruits, 7.5""diam, 26' Tall. Another 17640 female fruits, 7"" dbh, 27'tall.","Need to cut in half. Dioecious, usually, and wind pollinated.",,,,,,,,,,,,,,,,,,,,,,,,,,,,,,,,
Myosotis ,scirpioides,L.,Boraginaceae,smaller forget-me-not,not_urban,,,1,0,,48,8,600,150,30,500,65,10,650,1,2,50,84,17,494.12,37,10,370,200,40,500,128,40,320,160,35,457.14,,,,437.92,1751.67,,,,,,,,,,,,,,,,,,,,,,,,,,,,,,,,,,,,,,,,,,,,,,,,,,,,,,,,,,,,,,,,,,,,,,,,,,,,,,,,,,
Nabalus,albus,(L.) Hook.,Asteraceae,white lettuce,not_urban,,,1,1,,,,,,,,,,,,,,,,,27,10,270.00,21,12,175.00,18,10,180.00,9,8,112.50,12,10,120.00,171.50,686.00,,herbarium specimen,,,,,,,,,,,,,,,,,,,,,,,,,,,,,,,,,,,,,,,,,,,,,,,,,,,,,,,,,,,,,,,,,,,,,,,,,,,,,,,,
Nasturtium ,officinale,Ait. f.,Brassicaceae,watercress,not_urban,,,1,0,,24,75,32,29,60,48.33,57,90,63.33,45,35,128.57,59,90,65.56,13,40,32.5,,,,,,,,,,,,,61.72,246.86,,,,,,,,,,,,,,,,,,,,,,,,,,,,,,,,,,,,,,,,,,,,,,,,,,,,,,,,,,,,,,,,,,,,,,,,,,,,,,,,,,
Nepeta ,cataria,L. ,Lamiaceae,catnip,not_urban,,,1,0,,45,30,150,50,25,200,15,30,50,40,25,160,20,25,80,560,90,622.22,640,100,640,600,100,600,660,100,660,575,90,638.89,380.11,1520.44,,,,,,,,,,,,,,,,,,,,,,,,,,,,,,,,,,,,,,,,,,,,,,,,,,,,,,,,,,,,,,,,,,,,,,,,,,,,,,,,,,
Ocimum ,basilicum,L. ,Lamiaceae,basil,not_urban,,,1,0,,25,12,208.3333333,,,,,,,,,,,,,,,,,,,,,,,,,,,,208.33,833.33,,,,,,,,,,,,,,,,,,,,,,,,,,,,,,,,,,,,,,,,,,,,,,,,,,,,,,,,,,,,,,,,,,,,,,,,,,,,,,,,,,
Oenothera ,biennis,L.,Onagraceae,common evening-primrose,not_urban,,,1,1,,8,10,80,8,10,80,16,25,64,5,10,50,7,20,35,5,10,,24,30,80,26,40,65,,,,,,,64.86,259.43,,,,,,,,,,,,,,,,,,,,,,,,,,,,,,,,,,,,,,,,,,,,,,,,,,,,,,,,,,,,,,,,,,,,,,,,,,,,,,,,,,
Oenothera ,perennis,L.,Onagraceae,small sundrops,not_urban,,,1,1,,,,,,,,,,,,,,,,,,,,,,,,,,,,,,,,64.86,259.44,,O. biennis,,,,,,,,,,,,,,,,,,,,,,,,,,,,,,,,,,,,,,,,,,,,,,,,,,,,,,,,,,,,,,,,,,,,,,,,,,,,,,,,
Onoclea ,sensibilis,L.,Onoclearceae,sensitive fern,not_urban,,,0,1,,,,,,,,,,,,,,,,,,,,,,,,,,,,,,,,#DIV/0!,#DIV/0!,,,,,,,,,,,,,,,,,,,,,,,,,,,,,,,,,,,,,,,,,,,,,,,,,,,,,,,,,,,,,,,,,,,,,,,,,,,,,,,,,,
Ornithogalum,nutans,L.,Hyacinthaceae,nodding star-of-Bethlehem,not_urban,,,1,0,,,,,,,,,,,,,,,,,,,,24,40,60.00,6,10,60.00,9,20,45.00,10,15,66.67,57.92,231.67,,picture,,,,,,,,,,,,,,,,,,,,,,,,,,,,,,,,,,,,,,,,,,,,,,,,,,,,,,,,,,,,,,,,,,,,,,,,,,,,,,,,
Osmorhiza,longistylis,(L.) Scop.,Apiaceae,sweet cicely,not_urban,,,1,1,,56,25,224.00,52,10,520.00,75,15,500.00,10,3,333.33,,,,,,,,,,,,,,,,7,30,23.33,320.13,1280.53,,,,,,,,,,,,,,,,,,,,,,,,,,,,,,,,,,,,,,,,,,,,,,,,,,,,,,,,,,,,,,,,,,,,,,,,,,,,,,,,,,
Osmunda,claytoniana,L.,Osmundaceae,interupted fern,not_urban,,,0,1,,,,,,,,,,,,,,,,,,,,,,,,,,,,,,,,#DIV/0!,#DIV/0!,,,,,,,,,,,,,,,,,,,,,,,,,,,,,,,,,,,,,,,,,,,,,,,,,,,,,,,,,,,,,,,,,,,,,,,,,,,,,,,,,,
Osmunda ,regalis,L.,Osmundaceae,royal fern,not_urban,,,0,1,,,,,,,,,,,,,,,,,,,,,,,,,,,,,,,,#DIV/0!,#DIV/0!,,,,,,,,,,,,,,,,,,,,,,,,,,,,,,,,,,,,,,,,,,,,,,,,,,,,,,,,,,,,,,,,,,,,,,,,,,,,,,,,,,
Osmundastrum ,cinnamomeum,(L.) C. Presl,Osmundaceae,cinnamon fern,not_urban,,,0,1,,,,,,,,,,,,,,,,,,,,,,,,,,,,,,,,#DIV/0!,#DIV/0!,,,,,,,,,,,,,,,,,,,,,,,,,,,,,,,,,,,,,,,,,,,,,,,,,,,,,,,,,,,,,,,,,,,,,,,,,,,,,,,,,,
Ostrya ,virginiana,(P. Mill) K. Koch,Betulaceae,American hophornbeam,not_urban,,,0,1,,,,,,,,,,,,,,,,,,,,,,,,,,,,,,,,#DIV/0!,#DIV/0!,,,,2100,35,7,male catkins,3780,40,19,male catkins,2700,35,14,male catkins,8236,45,6,male catkins,10464,60,6,male catkins,5490,8,50,male catkins,1880,35,6,male catkins,36850,35,9,"Male catkins. Canton, NY. Saddlemire trail",,,,,,,,,,,,,8937.5,,,,,,,,,,,,,,,,,,,,,,,,,,,,,,,,,,
Oxalis,dillenii,Jacq.,Oxalidaceae,slender yellow wood sorrel,not_urban,,,1,1,,1,1,100,3,1,300,6,15,40,5,5,100,,,,,,,,,,,,,,,,,,,135.00,540.00,,,,,,,,,,,,,,,,,,,,,,,,,,,,,,,,,,,,,,,,,,,,,,,,,,,,,,,,,,,,,,,,,,,,,,,,,,,,,,,,,,
Oxalis,stricta,L.,Oxalidaceae,yellow wood sorrel,not_urban,,,1,1,,2,6,33.33,6,8,75,9,40,22.5,6,40,15,14,50,28,24,25,96,,,,,,,,,,,,,44.97,179.89,,,,,,,,,,,,,,,,,,,,,,,,,,,,,,,,,,,,,,,,,,,,,,,,,,,,,,,,,,,,,,,,,,,,,,,,,,,,,,,,,,
Packera,aurea,(L.) A. & D. L_ve,Asteraceae,golden ragwort,not_urban,,,1,1,,20,60,33.33,22,70,31.43,8,65,12.31,7,40,17.5,8,22,36.36,6,10,60,,,,,,,,,,,,,31.82,127.29,,,,,,,,,,,,,,,,,,,,,,,,,,,,,,,,,,,,,,,,,,,,,,,,,,,,,,,,,,,,,,,,,,,,,,,,,,,,,,,,,,
Panicum ,capillare,L. ,Poaceae,witch grass,not_urban,,,0,1,,,,,,,,,,,,,,,,,,,,,,,,,,,,,,,,#DIV/0!,#DIV/0!,,,,,,,,,,,,,,,,,,,,,,,,,,,,,,,,,,,,,,,,,,,,,,,,,,,,,,,,,,,,,,,,,,,,,,,,,,,,,,,,,,
Panicum ,dichotomiflorum,Michx.,Poaceae,fall panicum,not_urban,,,0,1,,,,,,,,,,,,,,,,,,,,,,,,,,,,,,,,#DIV/0!,#DIV/0!,,,,,,,,,,,,,,,,,,,,,,,,,,,,,,,,,,,,,,,,,,,,,,,,,,,,,,,,,,,,,,,,,,,,,,,,,,,,,,,,,,
Parthenocissus,quinquifolia,(L.) Planch.,Vitaceae,Virginia creeper,not_urban,,,1,1,,210,100,210,170,75,226.67,215,100,215,490,90,544.44,213,35,608.57,,,,,,,,,,,,,,,,360.94,1443.75,,,,,,,,,,,,,,,,,,,,,,,,,,,,,,,,,,,,,,,,,,,,,,,,,,,,,,,,,,,,,,,,,,,,,,,,,,,,,,,,,,
Pastinaca,sativa,L.,Apiaceae,wild parsnip,not_urban,,,1,0,,22,35,62.86,5,3,166.67,20,70,28.57,23,70,32.86,14,50,28,21,70,30,21,70,30,10,35,28.57,,,,,,,50.94,203.76,,,,,,,,,,,,,,,,,,,,,,,,,,,,,,,,,,,,,,,,,,,,,,,,,,,,,,,,,,,,,,,,,,,,,,,,,,,,,,,,,,
Penstemon ,digitalis,Nutt. ex Sims,Plantaginaceae,foxglove beardtongue,not_urban,,,1,1,,9,10,90,11,12,91.67,35,30,116.67,8,2,400,7,2,350,9,2,450,8,2,400,7,2,350,,,,,,,281.04,1124.17,,,,,,,,,,,,,,,,,,,,,,,,,,,,,,,,,,,,,,,,,,,,,,,,,,,,,,,,,,,,,,,,,,,,,,,,,,,,,,,,,,
Penthorum,sedioides,L.,Penthoraceae,ditch stonecrop,not_urban,,,1,1,,,,,,,,,,,,,,,,,3,8,37.50,9,20,45.00,5,10,50.00,31,60,51.67,21,20,105.00,57.83,231.33,,picture,,,,,,,,,,,,,,,,,,,,,,,,,,,,,,,,,,,,,,,,,,,,,,,,,,,,,,,,,,,,,,,,,,,,,,,,,,,,,,,,
Persicaria,arifolium,(L.) Haroldson,Polygonaceae,halberdleaf tearthumb,not_urban,,arifolia is correct name,1,1,,,,,,,,,,,,,,,,,,,,,,,,,,,,,,,,176.53,706.12,,P. sagittata,,,,,,,,,,,,,,,,,,,,,,,,,,,,,,,,,,,,,,,,,,,,,,,,,,,,,,,,,,,,,,,,,,,,,,,,,,,,,,,,
Persicaria,coccinea,(Muhl. ex Willd.) Greene,Polygonaceae,scarlet smartweed,not_urban,,,1,1,,,,,,,,,,,,,,,,,3,100,3.00,17,100,17.00,9,30,30.00,4,8,50.00,6,100,6.00,21.20,84.80,,,,,,,,,,,,,,,,,,,,,,,,,,,,,,,,,,,,,,,,,,,,,,,,,,,,,,,,,,,,,,,,,,,,,,,,,,,,,,,,,,
Persicaria,hydropiper,(L.) Opiz,Polygonaceae,water pepper,not_urban,,,1,0,,,,,,,,,,,,,,,,,28,20,140.00,46,12,383.33,136,15,906.67,34,5,680.00,37,10,370.00,496.00,1984.00,,,,,,,,,,,,,,,,,,,,,,,,,,,,,,,,,,,,,,,,,,,,,,,,,,,,,,,,,,,,,,,,,,,,,,,,,,,,,,,,,,
Persicaria,hydropiperoides,(Michx.) Small,Polygonaceae,mild water pepper,not_urban,,,1,1,,225,100,225,130,30,433.33,250,50,500,70,70,100,150,90,166.67,100,50,200,220,50,440,4,7,57.14,3,70,4.29,,,,236.27,945.08,,,,,,,,,,,,,,,,,,,,,,,,,,,,,,,,,,,,,,,,,,,,,,,,,,,,,,,,,,,,,,,,,,,,,,,,,,,,,,,,,,
Persicaria,lapathifolia,(L.) S.F. Gray,Polygonaceae,curlytop knotweed,not_urban,,,1,1,,83,40,207.5,,,,,,,,,,,,,,,,,,,,,,,,,,,,207.50,830.00,,,,,,,,,,,,,,,,,,,,,,,,,,,,,,,,,,,,,,,,,,,,,,,,,,,,,,,,,,,,,,,,,,,,,,,,,,,,,,,,,,
Persicaria,maculosa,S.F. Gray,Polygonaceae,spotted lady's thumb,not_urban,,,1,0,,,,,,,,,,,,,,,,,31,15,206.67,13,10,130.00,31,20,155.00,7,10,70.00,23,12,191.67,150.67,602.67,,herbarium,,,,,,,,,,,,,,,,,,,,,,,,,,,,,,,,,,,,,,,,,,,,,,,,,,,,,,,,,,,,,,,,,,,,,,,,,,,,,,,,
Persicaria,pensylvanica,(L.) G. Maza,Polygonaceae,Pennsylvania Smartweed,not_urban,,,1,1,,,,,,,,,,,,,,,,,6,60,10.00,17,30,56.67,4,15,26.67,10,40,25.00,2,10,20.00,27.67,110.67,,,,,,,,,,,,,,,,,,,,,,,,,,,,,,,,,,,,,,,,,,,,,,,,,,,,,,,,,,,,,,,,,,,,,,,,,,,,,,,,,,
Persicaria,punctata,(Ell.) Small,Polygonaceae,dotted smartweed,not_urban,,,1,1,,34,50,68,52,75,69.33,40,50,80,65,75,86.67,43,50,86,,,,,,,,,,,,,,,,78.00,312.00,,,,,,,,,,,,,,,,,,,,,,,,,,,,,,,,,,,,,,,,,,,,,,,,,,,,,,,,,,,,,,,,,,,,,,,,,,,,,,,,,,
Persicaria,sagittata,(L.) H. Gross,Polygonaceae,arrowleaf tearthumb,not_urban,,,1,1,,23,15,153.33,4,3,133.33,17,8,212.50,6,5,120,12,5,240,4,2,200,,,,,,,,,,,,,176.53,706.11,,,,,,,,,,,,,,,,,,,,,,,,,,,,,,,,,,,,,,,,,,,,,,,,,,,,,,,,,,,,,,,,,,,,,,,,,,,,,,,,,,
Persicaria,virginiana,(L.) Gaertn.,Polygonaceae,Virginia knotweed,not_urban,,,1,1,,68,25,272,51,20,255,95,50,190,60,40,150,35,40,87.5,20,50,40,,,,,,,,,,,,,165.75,663.00,,,,,,,,,,,,,,,,,,,,,,,,,,,,,,,,,,,,,,,,,,,,,,,,,,,,,,,,,,,,,,,,,,,,,,,,,,,,,,,,,,
Petroselinum,crispum,(P. Mill.) Nyman ex A.W. Hill,Apiaceae,parsley,not_urban,,,1,0,,,,,,,,,,,,,,,,,,,,,,,,,,,,,,,,#DIV/0!,#DIV/0!,,,,,,,,,,,,,,,,,,,,,,,,,,,,,,,,,,,,,,,,,,,,,,,,,,,,,,,,,,,,,,,,,,,,,,,,,,,,,,,,,,
Phalaris ,arundinacea,L.,Poaceae,reed canary grass,not_urban,,,0,0,,,,,,,,,,,,,,,,,,,,,,,,,,,,,,,,#DIV/0!,#DIV/0!,,,,,,,,,,,,,,,,,,,,,,,,,,,,,,,,,,,,,,,,,,,,,,,,,,,,,,,,,,,,,,,,,,,,,,,,,,,,,,,,,,
Phaseolus ,vulgaris,L.,Fabaceae,green bean,not_urban,,,1,0,,16,50,32,17,25,68,11,80,13.75,12,20,60,20,20,100,,,,,,,,,,,,,,,,54.75,219.00,,,,,,,,,,,,,,,,,,,,,,,,,,,,,,,,,,,,,,,,,,,,,,,,,,,,,,,,,,,,,,,,,,,,,,,,,,,,,,,,,,
Phleum,pratense,L.,Fabaceae,timothy-grass,not_urban,,,0,0,,,,,,,,,,,,,,,,,,,,,,,,,,,,,,,,#DIV/0!,#DIV/0!,,,,,,,,,,,,,,,,,,,,,,,,,,,,,,,,,,,,,,,,,,,,,,,,,,,,,,,,,,,,,,,,,,,,,,,,,,,,,,,,,,
Phragmites,australis subsp. australis,(Cav.) Trin. ex Steud.,Poaceae,common reed,not_urban,,,0,0,,,,,,,,,,,,,,,,,,,,,,,,,,,,,,,,#DIV/0!,#DIV/0!,,,,,,,,,,,,,,,,,,,,,,,,,,,,,,,,,,,,,,,,,,,,,,,,,,,,,,,,,,,,,,,,,,,,,,,,,,,,,,,,,,
Physalis,longifolia,Nutt.,Solanaceae,long-leaved ground cherry,not_urban,,,1,1,,15,25,60.00,18,25,72.00,11,25,44.00,18,25,72.00,16,25,64,,,,,,,,,,,,,,,,62.40,249.60,,,,,,,,,,,,,,,,,,,,,,,,,,,,,,,,,,,,,,,,,,,,,,,,,,,,,,,,,,,,,,,,,,,,,,,,,,,,,,,,,,
Physalis ,philadelphica,Lam.,Solanaceae,tomatillo,not_urban,,,1,0,,12,45,26.67,18,60,30.00,9,60,15.00,26,70,37.14,12,40,30,,,,,,,,,,,,,,,,27.76,111.05,,,,,,,,,,,,,,,,,,,,,,,,,,,,,,,,,,,,,,,,,,,,,,,,,,,,,,,,,,,,,,,,,,,,,,,,,,,,,,,,,,
Phytolacca ,americana,L.,Phytolaccaceae,American pokeweed,not_urban,,flwers6 is urban,1,1,,32,50,64,10,50,20,62,100,62,18,50,36,48,75,64,85,10,850,,,,,,,,,,,,,182.67,730.67,,,,,,,,,,,,,,,,,,,,,,,,,,,,,,,,,,,,,,,,,,,,,,,,,,,,,,,,,,,,,,,,,,,,,,,,,,,,,,,,,,
Picea ,abies,(L.) Karst.,Pinaceae,Norway spruce,not_urban,,,0,0,,,,,,,,,,,,,,,,,,,,,,,,,,,,,,,,#DIV/0!,#DIV/0!,,,,,,,,,,,,,,,,,,,,,,,,,,,,,,,,,,,,,,,,,,,,,,,,,,,,,,,,,,,,,,,,,,,,,,,,,,,,,,,,,,
Picea ,glauca,(Moench) Voss,Pinaceae,white spruce,not_urban,,,0,1,,,,,,,,,,,,,,,,,,,,,,,,,,,,,,,,#DIV/0!,#DIV/0!,,,,,,,,,,,,,,,,,,,,,,,,,,,,,,,,,,,,,,,,,,,,,,,,,,,,,,,,,,,,,,,,,,,,,,,,,,,,,,,,,,
Pilea ,pumila,(L.) Gray,Urticaceae,clearweed,not_urban,,,0,1,,270,20,1350,8,10,80,14,15,93.33333333,8,12,66.66666667,12,17,70.58823529,18,15,120,,,,,,,,,,,,,296.76,1187.06,,,,,,,,,,,,,,,,,,,,,,,,,,,,,,,,,,,,,,,,,,,,,,,,,,,,,,,,,,,,,,,,,,,,,,,,,,,,,,,,,,
Pinus,resinosa,Ait.,Pinaceae,red pine,not_urban,,,0,1,,,,,,,,,,,,,,,,,,,,,,,,,,,,,,,,#DIV/0!,#DIV/0!,,,,,,,,,,,,,,,,,,,,,,,,,,,,,,,,,,,,,,,,,,,,,,,,,,,,,,,,,,,,,,,,,,,,,,,,,,,,,,,,,,
Pinus,strobus,L.,Pinaceae,white pine,not_urban,,,0,1,,,,,,,,,,,,,,,,,,,,,,,,,,,,,,,,#DIV/0!,#DIV/0!,,,,,,,,,,,,,,,,,,,,,,,,,,,,,,,,,,,,,,,,,,,,,,,,,,,,,,,,,,,,,,,,,,,,,,,,,,,,,,,,,,
Pinus,sylvestris,L.,Pinaceae,scotch Pine,not_urban,,,0,0,,,,,,,,,,,,,,,,,,,,,,,,,,,,,,,,#DIV/0!,#DIV/0!,,,,,,,,,,,,,,,,,,,,,,,,,,,,,,,,,,,,,,,,,,,,,,,,,,,,,,,,,,,,,,,,,,,,,,,,,,,,,,,,,,
Pisum,sativum,L.,Fabaceae,garden pea,not_urban,,,1,0,,37,30,123.3333333,41,50,82,75,80,93.75,,,,,,,,,,,,,,,,,,,,,,99.69,398.78,,,,,,,,,,,,,,,,,,,,,,,,,,,,,,,,,,,,,,,,,,,,,,,,,,,,,,,,,,,,,,,,,,,,,,,,,,,,,,,,,,
Plantago,lanceolata,L.,Plantaginaceae,narrow-leaved plantain,not_urban,,,1,0,,111,70,158.57,94,75,125.33,95,20,475,30,40,75,22,30,73.33,30,25,120,,,,,,,,,,,,,171.21,684.83,,,,,,,,,,,,,,,,,,,,,,,,,,,,,,,,,,,,,,,,,,,,,,,,,,,,,,,,,,,,,,,,,,,,,,,,,,,,,,,,,,
Plantago,major,L.,Plantaginaceae,wide-leaf plantain,not_urban,,,1,0,,9,25,36,10,25,40,22,40,55,14,40,35,8,25,32,,,,,,,,,,,,,,,,39.60,158.40,,,,,,,,,,,,,,,,,,,,,,,,,,,,,,,,,,,,,,,,,,,,,,,,,,,,,,,,,,,,,,,,,,,,,,,,,,,,,,,,,,
Platanus ,occidentalis,L.,Platanaceae,American sycamore,not_urban,,,0,1,,,,,,,,,,,,,,,,,,,,,,,,,,,,,,,,#DIV/0!,#DIV/0!,,,,4048,50,,,13248,60,,,4428,70,24,,7308,65,28,,7200,60,28,,,,,,,,,,,,,,,,,,,,,,,,,,7246.4,"Trees 3-5 taken in Roanoke 20 April 2021---these include pistillate and staminate flowers so I may excluded since no nectar on pistillate, unless I can estimate prportion pistillate. Update, Kass found 1:1 ratio in forest sylvics manual. So keep all trees.Tree 1: 4428 flowers, 70' tall, 24""dbh. Tree 2: 7308 flowers, 65' tall, 28""dbh. Tree 3: 7200 flowers, 60' tall, 28""dbh. Actually, trees 1-2 also include both sexes, so I will adjust multiplication factor to be 0.5",,,,,,,,,,,,,,,,,,,,,,,,,,,,,,,,,
Poa,alsodes,Gray.,Poaceae,grove bluegrass,not_urban,,,0,1,,,,,,,,,,,,,,,,,,,,,,,,,,,,,,,,#DIV/0!,#DIV/0!,,,,,,,,,,,,,,,,,,,,,,,,,,,,,,,,,,,,,,,,,,,,,,,,,,,,,,,,,,,,,,,,,,,,,,,,,,,,,,,,,,
Poa,annua,L.,Poaceae,annual bluegrass,not_urban,,,0,0,,,,,,,,,,,,,,,,,,,,,,,,,,,,,,,,#DIV/0!,#DIV/0!,,,,,,,,,,,,,,,,,,,,,,,,,,,,,,,,,,,,,,,,,,,,,,,,,,,,,,,,,,,,,,,,,,,,,,,,,,,,,,,,,,
Poa,compressa,L.,Poaceae,Canada bluegrass,not_urban,,,0,0,,,,,,,,,,,,,,,,,,,,,,,,,,,,,,,,#DIV/0!,#DIV/0!,,,,,,,,,,,,,,,,,,,,,,,,,,,,,,,,,,,,,,,,,,,,,,,,,,,,,,,,,,,,,,,,,,,,,,,,,,,,,,,,,,
Poa,palustris,L.,Poaceae,fowl bluegrass,not_urban,,,0,1,,,,,,,,,,,,,,,,,,,,,,,,,,,,,,,,#DIV/0!,#DIV/0!,,,,,,,,,,,,,,,,,,,,,,,,,,,,,,,,,,,,,,,,,,,,,,,,,,,,,,,,,,,,,,,,,,,,,,,,,,,,,,,,,,
Poa,pratensis,L.,Poaceae,Kentucky bluegrass,not_urban,,,0,0,,,,,,,,,,,,,,,,,,,,,,,,,,,,,,,,#DIV/0!,#DIV/0!,,,,,,,,,,,,,,,,,,,,,,,,,,,,,,,,,,,,,,,,,,,,,,,,,,,,,,,,,,,,,,,,,,,,,,,,,,,,,,,,,,
Poa,pratensis subsp. angustifolia,L. ,Poaceae,Kentucky bluegrass,not_urban,,,0,0,,,,,,,,,,,,,,,,,,,,,,,,,,,,,,,,#DIV/0!,#DIV/0!,,,,,,,,,,,,,,,,,,,,,,,,,,,,,,,,,,,,,,,,,,,,,,,,,,,,,,,,,,,,,,,,,,,,,,,,,,,,,,,,,,
Poa,trivialis,L.,Poaceae,rough bluegrass,not_urban,,,0,0,,,,,,,,,,,,,,,,,,,,,,,,,,,,,,,,#DIV/0!,#DIV/0!,,,,,,,,,,,,,,,,,,,,,,,,,,,,,,,,,,,,,,,,,,,,,,,,,,,,,,,,,,,,,,,,,,,,,,,,,,,,,,,,,,
Podophyllum,peltata,L.,Berberidaceae,mayapple,not_urban,,,1,1,,1,30,3.33,1,100,1,1,100,1,2,80,2.5,1,50,2,4,80,5,4,125,,,,,,,,,,,2.47,9.89,,,,,,,,,,,,,,,,,,,,,,,,,,,,,,,,,,,,,,,,,,,,,,,,,,,,,,,,,,,,,,,,,,,,,,,,,,,,,,,,,,
Polygala,paucifolia,Willd.,Polygalaceae,gaywings,not_urban,,,1,1,,,,,,,,,,,,,,,,,4,8,50.00,8,12,66.67,9,10,90.00,8,12,66.67,20,60,33.33,61.33,245.33,,picture,,,,,,,,,,,,,,,,,,,,,,,,,,,,,,,,,,,,,,,,,,,,,,,,,,,,,,,,,,,,,,,,,,,,,,,,,,,,,,,,
Polygonatum,biflorum,(Walt.) Ell.,Ruscaceae,smooth solomon seal,not_urban,,,1,1,,14,10,140.00,8,6,133.33,12,10,120.00,32,40,80.00,30,40,75.00,,,,,,,,,,,,,,,,109.67,438.67,,,,,,,,,,,,,,,,,,,,,,,,,,,,,,,,,,,,,,,,,,,,,,,,,,,,,,,,,,,,,,,,,,,,,,,,,,,,,,,,,,
Polygonatum,pubescens,(Willd.) Pursh,Ruscaceae,hairy solomon's seal,not_urban,,,1,1,,16,10,160.00,12,5,240.00,17,8,212.50,4,10,40.00,,,,,,,,,,,,,,,,,,,163.13,652.50,,picture,,,,,,,,,,,,,,,,,,,,,,,,,,,,,,,,,,,,,,,,,,,,,,,,,,,,,,,,,,,,,,,,,,,,,,,,,,,,,,,,
Polygonum,aviculare,L.,Polygonaceae,prostrate knotweed,not_urban,,,1,0,,20,2,1000,35,7,500,1750,30,5833.33,1900,30,6333.33,2100,30,7000,1800,25,7200,2300,40,5750,,,,,,,,,,4802.38,19209.52,,,,,,,,,,,,,,,,,,,,,,,,,,,,,,,,,,,,,,,,,,,,,,,,,,,,,,,,,,,,,,,,,,,,,,,,,,,,,,,,,,
Polystichum ,acrostichoides,(Michx.) Schott,Dryopteridaceae,Christmas fern,not_urban,,,0,1,,,,, ,,,,,,,,,,,,,,,,,,,,,,,,,,,#DIV/0!,#DIV/0!,,,,,,,,,,,,,,,,,,,,,,,,,,,,,,,,,,,,,,,,,,,,,,,,,,,,,,,,,,,,,,,,,,,,,,,,,,,,,,,,,,
Populus,deltoides,Bartr. ex Marsh.,Salicaceae,cottonwood,not_urban,,,0,1,,,,,,,,,,,,,,,,,,,,,,,,,,,,,,,,#DIV/0!,#DIV/0!,,,,19305,70,19,"male. Canton, NY 2022, corner of Pike Rd and Hwy 68.",17160,80,24,"male. Canton, NY 2022, corner of Pike Rd and Hwy 68.",21450,80,23,"male. Canton, NY 2022, corner of Pike Rd and Hwy 68.",5362.5,55,12,"male. Canton, NY 2022, corner of Pike Rd and Hwy 68.",12150,70,48,"male, near canoe shack parking, SLU 2022",8100,80,51,"male, near canoe shack parking, SLU 2022",13500,75,65,"male, near canoe shack parking, SLU 2022",6750,75,40,"male, near canoe shack parking, SLU 2022",19680,65,17,"male, 2022, Pyrites",5740,80,15,"male, 2022, Pyrites",9600,75,16,"male, 2022, Pyrites",12617.95455,,"Divide in half. The sex ratio is about 1 to 1 https://www.srs.fs.usda.gov/pubs/misc/ag_654/volume_2/populus/deltoides.htm. Farmer, Robert E., Jr. 1964. Sex ratios and sex-related characteristics in eastern cottonwood. Silvae Genetica 13:116-118.",,,,,,,,,,,,,,,,,,,,,,,,,,,,,,,,
Populus,grandidentata,Michx.,Salicaceae,big tooth aspen,not_urban,,,0,1,,,,,,,,,,,,,,,,,,,,,,,,,,,,,,,,#DIV/0!,#DIV/0!,,,,,,,female,7560,80,14,male. Canton central school. ,5400,80,12,male. Canton central school. ,10080,80,17,"male,2022, Pyrites Catholic Church",6000,70,16,"male,2022, Pyrites Catholic Church",,,,,,,,,,,,,,,,,,,,,,,,,7260,"One female entry removed, 5445 flowers (70' tall, 14""dbh)",needs to be divided in half because plant is dioecious (only male useful).,,,,,,,,,,,,,,,,,,,,,,,,,,,,,,,,
Populus,tremuloides,Michx.,Salicaceae,quaking aspen,not_urban,,,0,1,,,,,,,,,,,,,,,,,,,,,,,,,,,,,,,,#DIV/0!,#DIV/0!,,,,60480,60,18,"male,2022, canton central school",4916,45,13,male,35000,60,12,"male. Canton Central School, 2022.",,,,,,,,,,,,,,,,,,,,,,,,,,,,,,,,,19958,I removed several female entries (see columns to right of here),needs to be divided in half because plant is dioecious (only male useful).,9150,50,10,"female (similar density to what male would be), 2022, hart's falls",11437.5,55,11,"female (similar density to what male would be), 2022, hart's falls",27450,55,11,"female (similar density to what male would be), 2022, hart's falls",22875,60,13,"female (similar density to what male would be), 2022, hart's falls",6562.5,70,14,female,4875,70,14,,14175,70,14,female,11220,60,14,female
Portulaca ,oleracea,L.,Portulacaceae,purslane,not_urban,,,1,0,,2,2,100,1,2,50,2,4,50,6,6,100,1,2,50,3,3,100,14,15,93.33333333,18,10,180,,,,,,,90.42,361.67,,,,,,,,,,,,,,,,,,,,,,,,,,,,,,,,,,,,,,,,,,,,,,,,,,,,,,,,,,,,,,,,,,,,,,,,,,,,,,,,,,
Potentilla,indica,(Andr.) T. Wolf,Rosaceae,mock strawberry,not_urban,,,1,0,,,,,,,,,,,,,,,,,5,30,16.66666667,16,70,22.85714286,6,15,40,5,8,62.5,10,20,50,38.40,153.62,,picture,,,,,,,,,,,,,,,,,,,,,,,,,,,,,,,,,,,,,,,,,,,,,,,,,,,,,,,,,,,,,,,,,,,,,,,,,,,,,,,,
Potentilla,norvegica,L.,Rosaceae,rough cinquefoil,not_urban,,,1,1,,2,35,5.71,3,15,20,7,30,23.33,2,2,100,1,2,50,,,,,,,,,,,,,,,,39.81,159.24,,,,,,,,,,,,,,,,,,,,,,,,,,,,,,,,,,,,,,,,,,,,,,,,,,,,,,,,,,,,,,,,,,,,,,,,,,,,,,,,,,
Potentilla,recta,L.,Rosaceae,sulphur cinquefoil,not_urban,,,1,0,,34,50,68,26,40,65,52,60,86.67,38,50,76,67,45,148.89,,,,,,,,,,,,,,,,88.91,355.64,,,,,,,,,,,,,,,,,,,,,,,,,,,,,,,,,,,,,,,,,,,,,,,,,,,,,,,,,,,,,,,,,,,,,,,,,,,,,,,,,,
Potentilla,simplex,Michx.,Rosaceae,common cinquefoil,not_urban,,,1,1,,1,5,20,1,2,50,1,35,2.86,10,20,50,1,20,5,24,25,96,2,8,25,9,40,22.5,6,30,20,5,30,16.67,30.80,123.21,,,,,,,,,,,,,,,,,,,,,,,,,,,,,,,,,,,,,,,,,,,,,,,,,,,,,,,,,,,,,,,,,,,,,,,,,,,,,,,,,,
Prunella ,vulgaris,L.,Lamiaceae,common selfheal,not_urban,,,1,0,,176,15,1173.33,164,15,1093.33,280,20,1400,175,15,1166.67,220,20,1100,,,,,,,,,,,,,,,,1186.67,4746.67,,,,,,,,,,,,,,,,,,,,,,,,,,,,,,,,,,,,,,,,,,,,,,,,,,,,,,,,,,,,,,,,,,,,,,,,,,,,,,,,,,
Prunus ,avium,(L.) L.,Rosaceae,sweet cherry,not_urban,,,1,0,,,,,,,,,,,,,,,,,,,,,,,,,,,,,,,,#DIV/0!,#DIV/0!,,,,15750,35,12,20m from edge,14700,50,16,,22000,35,15,,56400,40,6,"Russell, NY 2022 (Kyle and Megan's house). Side of road. number of flowers taken from AVERAGE(11,9,15,12)",18800,30,3.5,"Russell, NY 2022 (Kyle and Megan's house). Side of road. number of flowers taken from AVERAGE(11,9,15,12)",22560,30,3.6,"Russell, NY 2022 (Kyle and Megan's house). Side of road. number of flowers taken from AVERAGE(11,9,15,12)",50760,35,5,"Russell, NY 2022 (Kyle and Megan's house). Side of road. number of flowers taken from AVERAGE(11,9,15,12)",24440,38,4,"Russell, NY 2022 (Kyle and Megan's house). Side of road. number of flowers taken from AVERAGE(11,9,15,12)",,,,,,,,,,,,,28176.25,,,,,,,,,,,,,,,,,,,,,,,,,,,,,,,,,,
Prunus ,pensylvanica,L. f.,Rosaceae,pin cherry,not_urban,,find this I have the data,1,1,,,,,,,,,,,,,,,,,,,,,,,,,,,,,,,,#DIV/0!,#DIV/0!,,P. avium,,,,,,,,,,,,,,,,,,,,,,,,,,,,,,,,,,,,,,,,,,,,,,28176.25,used P. avium since it's a small tree (much smaller than P. serotina) and I measured some (pinacle mountain) and there were not too many flowers. Not sure where these data are from pinacle. Using avium as a reference is appropriate since the avium trees that I measured are all within the size that pensylvanica can grow.,,,,,,,,,,,,,,,,,,,,,,,,,,,,,,,,,
Prunus ,serotina,Ehrh.,Rosaceae,black cherry,not_urban,,,1,1,,,,,,,,,,,,,,,,,,,,,,,,,,,,,,,,#DIV/0!,#DIV/0!,,,flowers per cluster = 48,159840,90,18,,336000,115,20,,336000,115,24,,403200,115,25,,541824,110,17,,576000,115,25,,3330,90,18,,,,,,,,,,,,,,,,,,336599.1429,,,,,,,,,,,,,,,,,,,,,,,,,,,,,,,,,,
Prunus ,virginiana,L.,Rosaceae,choke cherry,not_urban,,,1,1,,,,,,,,,,,,,,,,,,,,,,,,,,,,,,,,296.00,1184.00,,,2368 flowers average per plant; average of 2m2 per plant canopy,1750,7,2,,2500,7,2,,2200,7,2,,1040,7,2,,1584,7,2,,2500,10,1.25,,5000,10,1.25,,,,,,,,,,,,,,,,,,2367.714286,,,,,,,,,,,,,,,,,,,,,,,,,,,,,,,,,,
Potamogeton,natans,L.,Potamogetonaceae,floating pondweed,not_urban,,,1,1,,,,,,,,,,,,,,,,,20,15,133.33,80,60,133.33,40,60,66.67,60,20,300.00,60,20,300.00,186.67,746.67,,picture,,,,,,,,,,,,,,,,,,,,,,,,,,,,,,,,,,,,,,,,,,,,,,,,,,,,,,,,,,,,,,,,,,,,,,,,,,,,,,,,
Pteridium,aquilinum,(L.),Pteridum,bracken fern,not_urban,,,0,1,,,,,,,,,,,,,,,,,,,,,,,,,,,,,,,,#DIV/0!,#DIV/0!,,,,,,,,,,,,,,,,,,,,,,,,,,,,,,,,,,,,,,,,,,,,,,,,,,,,,,,,,,,,,,,,,,,,,,,,,,,,,,,,,,
Pycnanthemum,tenuifolium,Schrad.,Lamiaceae,narrow-leaved mountain mint,not_urban,,,1,1,,,,,,,,,,,,,,,,,,,,368,15,2453.33,660,20,3300.00,156,8,1950.00,360,12,3000.00,2675.83,10703.33,,picture,,,,,,,,,,,,,,,,,,,,,,,,,,,,,,,,,,,,,,,,,,,,,,,,,,,,,,,,,,,,,,,,,,,,,,,,,,,,,,,,
Pyrola,americana,Sweet,Ericaceae,American wintergreeen,not_urban,,,1,1,,,,,,,,,,,,,,,,,8,4,200.00,11,15,73.33,11,17,64.71,12,15,80.00,20,5,400.00,163.61,654.43,,picture,,,,,,,,,,,,,,,,,,,,,,,,,,,,,,,,,,,,,,,,,,,,,,,,,,,,,,,,,,,,,,,,,,,,,,,,,,,,,,,,
Pyrus,communis,L.,Rosaceae,common pear,not_urban,,,1,0,,,,,,,,,,,,,,,,,,,,,,,,,,,,,,,,#DIV/0!,#DIV/0!,,,,44100,40,9,"escaped or old orchard tree, not managed",,,,,,,,,,,,,,,,,,,,,,,,,,,,,,,,,,,,,,,,,44100,,,,,,,,,,,,,,,,,,,,,,,,,,,,,,,,,,
Quercus,alba,L.,Fagaceae,white oak,not_urban,,,0,1,,,,,,,,,,,,,,,,,,,,,,,,,,,,,,,,#DIV/0!,#DIV/0!,,,,19040,60,13,male. Actually quercus prinus with small canopy. ,65250,75,24,,93600,80,20,,47520,95,28,male,17500,70,18,male,32760,90,18,male,16380,90,16,male,30240,75,22,,,,,,,,,,,,,,40286.25,,,,,,,,,,,,,,,,,,,,,,,,,,,,,,,,,,
Quercus,imbricaria ,Michx.,Fagaceae,shingle oak,not_urban,,,0,0,,,,,,,,,,,,,,,,,,,,,,,,,,,,,,,,#DIV/0!,#DIV/0!,,,,,,,,,,,,,,,,,,,,,,,,,,,,,,,,,,,,,,,,,,,,,,,,113888.9583,used average Quercus,,,,,,,,,,,,,,,,,,,,,,,,,,,,,,,,,
Quercus,macrocarpa,Michx.,Fagaceae,bur oak,not_urban,,,0,1,,,,,,,,,,,,,,,,,,,,,,,,,,,,,,,,#DIV/0!,#DIV/0!,,,,364000,80,21,"Canton, NY. Living Lab. Large canopy tree.",82080,70,14.5,"Canton, NY. Living Lab.",36000,60,10,"Canton, NY. Living Lab.",,,,,,,,,,,,,,,,,,,,,,,,,,,,,,,,,160693.3333,,,,,,,,,,,,,,,,,,,,,,,,,,,,,,,,,,
Quercus,montana,Willd.,Fagaceae,chestnut oak,not_urban,,,0,1,,,,,,,,,,,,,,,,,,,,,,,,,,,,,,,,#DIV/0!,#DIV/0!,,,,69120,35,11,"male, 2022, SLU campus, smaller tree than other oak trees included in counts",48384,30,10,"male, 2022, SLU campus, smaller tree than other oak trees included in counts",,,,,,,,,,,,,,,,,,,,,,,,,,,,,,,,,,,,,113888.9583,used average Quercus,,,,,,,,,,,,,,,,,,,,,,,,,,,,,,,,,
Quercus,rubra,L.,Fagaceae,red oak,not_urban,,,0,1,,,,,,,,,,,,,,,,,,,,,,,,,,,,,,,,#DIV/0!,#DIV/0!,,,,78750,80,30,,81000,80,30,,90720,70,20,male,196000,75,30,male,163200,90,20,male,291856,NA,NA,male. Kass' counts based on 34 flowers average per catkin.,646204,NA,35 (check if inches or cm),male. Kass' counts based on 34 flowers average per catkin.,138040,NA,21 (check if inches or cm),male. Kass' counts based on 34 flowers average per catkin.,,,,,,,,,,,,,210721.25,"I removed one entry (2600 flowers, 80' tall, 30"" dbh) because it was such an outlier",,,,,,,,,,,,,,,,,,,,,,,,,,,,,,,,,
Quercus,velutina,Lam.,Fagaceae,black oak,not_urban,,,0,1,,,,,,,,,,,,,,,,,,,,,,,,,,,,,,,,#DIV/0!,#DIV/0!,,,,49910,75,12,,37800,90,16,,,,,,,,,,,,,,,,,,,,,,,,,,,,,,,,,,,,,,43855,,,,,,,,,,,,,,,,,,,,,,,,,,,,,,,,,,
Ranunculus,abortivus,L.,Ranunculaceae,small-flowered crowfoot/kidney-leaved buttercup,not_urban,,,1,1,,22,15,146.67,4,3,133.33,6,15,40,11,20,55,5,17,29.41,38,25,152,105,50,210,60,40,150,44,30,146.6666667,,,,118.12,472.48,,,,,,,,,,,,,,,,,,,,,,,,,,,,,,,,,,,,,,,,,,,,,,,,,,,,,,,,,,,,,,,,,,,,,,,,,,,,,,,,,,
Ranunculus,acris,L.,Ranunculaceae,meadow buttercup,not_urban,,,1,0,,14,12,116.67,4,8,50,,,,,,,,,,,,,,,,,,,,,,,,,83.33,333.33,,,,,,,,,,,,,,,,,,,,,,,,,,,,,,,,,,,,,,,,,,,,,,,,,,,,,,,,,,,,,,,,,,,,,,,,,,,,,,,,,,
Ranunculus,bulbosus,L.,Ranunculaceae,bulbous crowfoot,not_urban,,,1,0,,,,,,,,,,,,,,,,,,,,,,,,,,,,,,,,83.93,335.72,,Average Ranunculus,,,,,,,,,,,,,,,,,,,,,,,,,,,,,,,,,,,,,,,,,,,,,,,,,,,,,,,,,,,,,,,,,,,,,,,,,,,,,,,,
Ranunculus,caricetorum,Greene,Ranunculaceae,swamp buttercup,not_urban,,,1,1,,5,15,33.33,1,3,33.33,2,3,66.67,2,10,20,1,15,6.67,2,8,25,3,20,15,8,15,53.33,15,20,75,9,15,60,38.83,155.33,,,,,,,,,,,,,,,,,,,,,,,,,,,,,,,,,,,,,,,,,,,,,,,,,,,,,,,,,,,,,,,,,,,,,,,,,,,,,,,,,,
Ranunculus,pensylvanicus,L. f.,Ranunculaceae,bristly crowfoot,not_urban,,,1,1,,,,,,,,,,,,,,,,,,,,,,,,,,,,,,,,83.93,335.72,,Average Ranunculus,,,,,,,,,,,,,,,,,,,,,,,,,,,,,,,,,,,,,,,,,,,,,,,,,,,,,,,,,,,,,,,,,,,,,,,,,,,,,,,,
Ranunculus,recurvatus,Poir.,Ranunculaceae,hooked buttercup,not_urban,,,1,1,,10,8,125,10,10,100,10,8,125,8,20,40,8,20,40,13,15,86.67,12,10,120,,,,,,,,,,90.95,363.81,,,,,,,,,,,,,,,,,,,,,,,,,,,,,,,,,,,,,,,,,,,,,,,,,,,,,,,,,,,,,,,,,,,,,,,,,,,,,,,,,,
Ranunculus,repens,L.,Ranunculaceae,creeping buttercup,not_urban,,,1,0,,65,60,108.33,115,90,127.78,48,80,60,23,80,28.75,24,80,30,,,,,,,,,,,,,,,,70.97,283.89,,,,,,,,,,,,,,,,,,,,,,,,,,,,,,,,,,,,,,,,,,,,,,,,,,,,,,,,,,,,,,,,,,,,,,,,,,,,,,,,,,
Ranunculus,sceleratus,L.,Ranunculaceae,cursed crowfoot,not_urban,,,1,1,,6,25,24,62,45,137.78,3,10,30,53,45,117.78,12,10,120,16,10,160,36,30,120,,,,,,,,,,101.37,405.46,,,,,,,,,,,,,,,,,,,,,,,,,,,,,,,,,,,,,,,,,,,,,,,,,,,,,,,,,,,,,,,,,,,,,,,,,,,,,,,,,,
Raphanus ,sativus,L.,Brassicaceae,radish,not_urban,,,1,0,,,,,,,,,,,,,,,,,,,,,,,,,,,,,,,,#DIV/0!,#DIV/0!,,,,,,,,,,,,,,,,,,,,,,,,,,,,,,,,,,,,,,,,,,,,,,,,,,,,,,,,,,,,,,,,,,,,,,,,,,,,,,,,,,
Rhamnus ,cathartica,L.,Rhamnaceae,European buckthorn,not_urban,,,1,0,,735,90,816.6666667,173,65,266.15,300,20,1500,334,25,1336,690,40,1725,51,10,510,53,30,176.67,495,15,3300,0,50,0,0,40,0,963.05,3852.19,,,,4675,8,2,,1566,5,1,,,,,,,,,,,,,,,,,,,,,,,,,,,,,,,,,,,,,,3120.5,,,,,,,,,,,,,,,,,,,,,,,,,,,,,,,,,,
Rhododendron,periclymnoides,(Michx.) Shinners,Ericaceae,pink azalea,not_urban,,,1,1,,5,25,20,45,50,90,70,50,140,22,100,22,60,100,60,,,,,,,,,,,,,,,,66.40,265.60,,,from Roanoke,,,,,,,,,,,,,,,,,,,,,,,,,,,,,,,,,,,,,,,,,,,,,,,,,,,,,,,,,,,,,,,,,,,,,,,,,,,,,,,
Rhus ,hirta,(L.) Sudworth,Anacardiaceae,staghorn sumac,not_urban,,,1,1,,1,100,1,0,100,0,1,100,1,0,100,0,2,100,2,,,,,,,,,,,,,,,,0.80,3.20,,,,49,10,3.5,,53,11,3,,55,,,,35,10.5,3,,40,9,2.5,,88,12,4,,46,4.5,,,42,4.5,,,,,,,,,,,,,,,51,,,,,,,,,,,,,,,,,,,,,,,,,,,,,,,,,,
Ribes ,americanum,P. Mill.,Grossulariaceae,wild black currant,not_urban,,,1,1,,26,30,86.67,30,45,66.67,57,50,114,26,30,86.67,30,45,66.67,57,50,114,28,60,46.67,24,55,43.64,,,,,,,78.12,312.48,,,,,,,,,,,,,,,,,,,,,,,,,,,,,,,,,,,,,,,,,,,,,,,,,,,,,,,,,,,,,,,,,,,,,,,,,,,,,,,,,,
Ribes ,cynosbati,L.,Grossulariaceae,prickly gooseberry,not_urban,,,1,1,,,,,,,,,,,,,,,,,,,,,,,,,,,,,,,,78.12,312.48,,R.americanum,,,,,,,,,,,,,,,,,,,,,,,,,,,,,,,,,,,,,,,,,,,,,,,,,,,,,,,,,,,,,,,,,,,,,,,,,,,,,,,,
Robinia,pseudoacacia,L.,Fabaceae,black locust,not_urban,,,1,2,,,,,,,,,,,,,,,,,,,,,,,,,,,,,,,,#DIV/0!,#DIV/0!,,,,117936,30,10,,78624,30,10,,273000,,,,208800,,,,157500,,,,168480,,,,245000,,,,27680,,,,,,,,,,,,,,,,159627.5,,,,,,,,,,,,,,,,,,,,,,,,,,,,,,,,,,
Rorippa,palustris,(L.) Bess.,Brassicaceae,common yellow-cress,not_urban,,,1,1,,,,,,,,,,,,,,,,,13,10,130,10,10,100,5,6,83.33333333,7,8,87.5,5,10,50,90.17,360.67,,picture,,,,,,,,,,,,,,,,,,,,,,,,,,,,,,,,,,,,,,,,,,,,,,,,,,,,,,,,,,,,,,,,,,,,,,,,,,,,,,,,
Rorippa,sylvestris,(L.) Bess.,Brassicaceae,creeping yellowcress,not_urban,,,1,0,,,,,,,,,,,,,,,,,7,12,58.33333333,12,10,120,20,15,133.3333333,3,2,150,6,2,300,152.33,609.33,,picture,,,,,,,,,,,,,,,,,,,,,,,,,,,,,,,,,,,,,,,,,,,,,,,,,,,,,,,,,,,,,,,,,,,,,,,,,,,,,,,,
Rosa,carolina,L.,Rosaceae,Carolina rose,not_urban,,,1,1,,,,,,,,,,,,,,,,,7,20,35,14,100,14,12,100,12,7,25,28,9,90,10,19.80,79.20,,picture,,,,,,,,,,,,,,,,,,,,,,,,,,,,,,,,,,,,,,,,,,,,,,,,,,,,,,,,,,,,,,,,,,,,,,,,,,,,,,,,
Rosa,multiflora,Thunb. ex Murr.,Rosaceae,multiflora rose,not_urban,,,1,0,,25,30,83.33,11,70,15.71,750,100,750,52,6,866.67,95,50,190,40,40,100,110,40,,,,,,,,,,,334.29,1337.14,,,,186,8,0.75,,52,3,0.5,,425,,,,1560,9,11,,2200,8,1,,560,5,0.5,,,,,,,,,,,,,,,,,,,,,,830.5,,,,,,,,,,,,,,,,,,,,,,,,,,,,,,,,,,
Rosa ,palustris,Marsh.,Rosaceae,swamp rose,not_urban,,,1,1,,,,,,,,,,,,,,,,,25,100,25,10,80,12.5,12,100,12,28,90,31.11111111,15,100,15,19.12,76.49,,,,,,,,,,,,,,,,,,,,,,,,,,,,,,,,,,,,,,,,,,,,,,,,,,,,,,,,,,,,,,,,,,,,,,,,,,,,,,,,,,
Rubus,allegheniensis,Porter,Rosaceae,common blackberry,not_urban,,,1,1,,103,80,128.75,24,60,40,50,90,55.56,65,90,72.22,150,100,150,65,100,65,,,,,,,,,,,,,85.25,341.02,,,,,,,,,,,,,,,,,,,,,,,,,,,,,,,,,,,,,,,,,,,,,,,,,,,,,,,,,,,,,,,,,,,,,,,,,,,,,,,,,,
Rubus,hispidus,L.,Rosaceae,common dewberry,not_urban,,,1,1,,2,3,66.67,,,,,,,,,,,,,,,,,,,,,,,,,,,,66.67,266.67,,,,,,,,,,,,,,,,,,,,,,,,,,,,,,,,,,,,,,,,,,,,,,,,,,,,,,,,,,,,,,,,,,,,,,,,,,,,,,,,,,
Rubus,idaeus,L.,Rosaceae,red raspberry,not_urban,,,1,0,,,,,,,,,,,,,,,,,,,,,,,,,,,,,,,,93.07,372.27,,R. occidentalis,,,,,,,,,,,,,,,,,,,,,,,,,,,,,,,,,,,,,,,,,,,,,,,,,,,,,,,,,,,,,,,,,,,,,,,,,,,,,,,,
Rubus,occidentalis,L.,Rosaceae,black raspberry,not_urban,,,1,1,,27,30,90,17,50,34,70,30,233.33,15,50,30,39,50,78,,,,,,,,,,,,,,,,93.07,372.27,,,,,,,,,,,,,,,,,,,,,,,,,,,,,,,,,,,,,,,,,,,,,,,,,,,,,,,,,,,,,,,,,,,,,,,,,,,,,,,,,,
Rubus,odoratus,L.,Rosaceae,purple-flowering raspberry,not_urban,,,1,1,,73,95,76.84,35,40,87.5,10,27,37.04,18,50,36,,,,,,,,,,,,,,,,,,,59.34,237.38,,,,,,,,,,,,,,,,,,,,,,,,,,,,,,,,,,,,,,,,,,,,,,,,,,,,,,,,,,,,,,,,,,,,,,,,,,,,,,,,,,
Rubus,phoenicolasius,Maxim.,Rosaceae,wineberry,not_urban,,,1,0,,,,,,,,,,,,,,,,,,,,,,,,,,,,,,,,67.17,268.68,,average Rubus,,,,,,,,,,,,,,,,,,,,,,,,,,,,,,,,,,,,,,,,,,,,,,,,,,,,,,,,,,,,,,,,,,,,,,,,,,,,,,,,
Rubus,pubescens,raf.,Rosaceae,dwarf raspberry,not_urban,,,1,1,,3,25,12,3,25,12,24,50,48,16,45,35.56,20,40,50,,,,,,,,,,,,,,,,31.51,126.04,,,,,,,,,,,,,,,,,,,,,,,,,,,,,,,,,,,,,,,,,,,,,,,,,,,,,,,,,,,,,,,,,,,,,,,,,,,,,,,,,,
Rudbeckia,hirta,L.,Asteraceae,black-eyed susan,not_urban,,,1,1,,7,5,140,7,5,140,19,25,76,12,15,80,25,30,83.33,15,15,100,,,,,,,,,,,,,103.22,412.89,,,,,,,,,,,,,,,,,,,,,,,,,,,,,,,,,,,,,,,,,,,,,,,,,,,,,,,,,,,,,,,,,,,,,,,,,,,,,,,,,,
Rudbeckia,laciniata,L.,Asteraceae,green-headed coneflower,not_urban,,,1,1,,10,15,66.67,12,15,80,12,20,60,16,15,106.67,10,9,111.11,,,,,,,,,,,,,,,,84.89,339.56,,,,,,,,,,,,,,,,,,,,,,,,,,,,,,,,,,,,,,,,,,,,,,,,,,,,,,,,,,,,,,,,,,,,,,,,,,,,,,,,,,
Rudbeckia,triloba,L.,Asteraceae,brown-eyed susan,not_urban,,,1,1,,8,10,80,19,20,95,,,,,,,,,,,,,,,,,,,,,,,,,87.50,350.00,,,,,,,,,,,,,,,,,,,,,,,,,,,,,,,,,,,,,,,,,,,,,,,,,,,,,,,,,,,,,,,,,,,,,,,,,,,,,,,,,,
Rumex,acetosella,L.,Polygonaceae,sheep sorrel,not_urban,,,1,0,,75,17,441.18,26,5,520,168,25,672,190,25,760,170,12,1416.67,,,,,,,,,,,,,,,,761.97,3047.87,,,,,,,,,,,,,,,,,,,,,,,,,,,,,,,,,,,,,,,,,,,,,,,,,,,,,,,,,,,,,,,,,,,,,,,,,,,,,,,,,,
Rumex,britannica,L.,Polygonaceae,greater water dock,not_urban,,,1,1,,,,,,,,,,,,,,,,,,,,,,,,,,,,,,,,96.09,384.36,,R. crispus,,,,,,,,,,,,,,,,,,,,,,,,,,,,,,,,,,,,,,,,,,,,,,,,,,,,,,,,,,,,,,,,,,,,,,,,,,,,,,,,
Rumex,crispus,L.,Polygonaceae,curly dock,not_urban,,,1,0,,1,15,26,9,12,26,61,28,217.86,10,6,166.67,9,12,75,13,20,65,,,,,,,,,,,,,96.09,384.35,,,,,,,,,,,,,,,,,,,,,,,,,,,,,,,,,,,,,,,,,,,,,,,,,,,,,,,,,,,,,,,,,,,,,,,,,,,,,,,,,,
Rumex,obtusifolius,L.,Polygonaceae,bitter dock,not_urban,,,1,0,,13,10,26,90,40,26,13,8,26,20,75,26.67,11,30,36.67,,,,,,,,,,,,,,,,28.27,113.07,,,,,,,,,,,,,,,,,,,,,,,,,,,,,,,,,,,,,,,,,,,,,,,,,,,,,,,,,,,,,,,,,,,,,,,,,,,,,,,,,,
Sagittaria,latifolia,Willd.,Alismataceae,broadleaf arrowhead,not_urban,,,1,1,,,,,,,,,,,,,,,,,17,100,17.00,30,100,30.00,15,35,42.86,4,30,13.33,5.00,15,33.33,27.30,109.22,,picture ,,,,,,,,,,,,,,,,,,,,,,,,,,,,,,,,,,,,,,,,,,,,,,,,,,,,,,,,,,,,,,,,,,,,,,,,,,,,,,,,
Sagittaria,rigida,Pursh,Alismataceae,sessilefruit arrowhead,not_urban,,,1,1,,,,,,,,,,,,,,,,,4,20,20.00,3,10,30.00,7,20,35.00,1,60,1.67,8.00,20,40.00,25.33,101.33,,picture ,,,,,,,,,,,,,,,,,,,,,,,,,,,,,,,,,,,,,,,,,,,,,,,,,,,,,,,,,,,,,,,,,,,,,,,,,,,,,,,,
Salix,eriocephala,Michx.,Salicaceae,Missouri River willow,not_urban,,,1,1,,,,,,,,,,,,,,,,,,,,,,,,,,,,,,,,112.15,448.60,,based on per tree salix exigua,,,,,,,,,,,,,,,,,,,,,,,,,,,,,,,,,,,,,,,,,,,,,,897.2,used S. exigua,,,,,,,,,,,,,,,,,,,,,,,,,,,,,,,,,
Salix,exigua,Nutt.,Salicaceae,sandbar willow,not_urban,,"exigua is rare in new england, check for NY. ",1,1,,,,,,,,,,,,,,,,,,,,,,,,,,,,,,,,112.15,448.60,,based on per tree,"897.2 flowers per average tree, with assumed 2m2 canopy ",740,10,1,this is from unknown Salix (pre-leaf out) but similar size to Exigua,860,10,3,this is from unknown Salix (pre-leaf out) but similar size to Exigua,550,18,1.5,this is from unknown Salix (pre-leaf out) but similar size to Exigua,320,13,,,,,,,,,,,,,,,,,,,,,,,,,,,,,,,897.2,many salix are dioecious but I didn't cut in half because female catkins produce nectar,,,,,,,,,,,,,,,,,,,,,,,,,,,,,,,,,
Salix,fragilis,L. ,Salicaceae,crack willow,not_urban,,,1,0,,,,,,,,,,,,,,,,,,,,,,,,,,,,,,,,#DIV/0!,#DIV/0!,,,,41850,50,24,female,5000,45,10,"male, some falling off. Only one big trunk (likely much less flowers than iff branching",46980,45,16,"female, many branches, peak or just past",17000,60,24,"male, peak, big tree",13750,20,10,"unknown species (pre leaf-out), but similar stature to fragilis. Located near farmers market (by green apple tree)",,,,,,,,,,,,,,,,,,,,,,,,,24916,,,,,,,,,,,,,,,,,,,,,,,,,,,,,,,,,,
Salix,myricoides,Muhl.,Salicaceae,bayberry willow,not_urban,,I'm using this entry as larger catkin shrubby willows---to be identified.,1,1,,,,,,,,,,,,,,,,,,,,,,,,,,,,,,,,112.00,448.00,,,"448 is average number per 1m2, AVERAGE(1456/2, 235/0.75, 228/0.75)",1456,12,2.5,"unknown willow. male. Remington trail near bulldozed ground/chainlink fence, canton, ny. Cespitose shrubby willow (unknown) with medium long male catkins. Upright catkins. Dbh inclusive of 5 stems that are each 1-1.5"" dbh. Assumed 2m2 canopy.",235,12,0.75,"male, large catkins. Probably  0.75m2 crown. This is unknown 'pussy willow' near hydrant just south of little river bridge on 27, canton, ny. Dioecious. Bees were visiting apr 16, 2023. just one stem.",228,10,0.75,"female, large catkins. Probably  0.75m2 crown. This is unknown 'pussy willow' near hydrant just south of little river bridge on 27, canton, ny. Dioecious. Just one stem. Peak bloom on apr 16, 2023. bees visiting.",,,,,,,,,,,,,,,,,,,,,,,,,,,,,,,,,639.6666667,,,,,,,,,,,,,,,,,,,,,,,,,,,,,,,,,,
Salix,nigra,Marsh.,Salicaceae,black willow,not_urban,,,1,1,,,,,,,,,,,,,,,,,,,,,,,,,,,,,,,,#DIV/0!,#DIV/0!,,,,42240,80,19,"female, 2022, Living Lab dead sheep swamp",128520,50,30,"on kip trail or saddlemire, Canton, ny. Not sure what sex flowers.",,,,,,,,,,,,,,,,,,,,,,,,,,,,,,,,,,,,,85380,Large tree at Living Lab dead sheep swamp,,,,,,,,,,,,,,,,,,,,,,,,,,,,,,,,,
Salix,sericea,Marsh.,Salicaceae,silky willow,not_urban,,This entry I'm using for smaller catkin unknown (for now) shrubby willows (at least entries 5 and beyond). Of all my willows this is the one with the smallest catkins. Go back and identify when leafed out.,1,1,,,,,,,,,,,,,,,,,,,,,,,,,,,,,,,,411.00,1644.00,,,"1644 is average flowers per 1m2, AVERAGE(AU511/1.5,AY511/4,BC511/2,BG511/2,BK511/2.5)",2016,10,2,"willow with small male catkins (3/4""x5/16"") in beaver pond at 1276 pyrites russell rd. (Hermon, NY). maybe S. bebbiana or S. petiolarus? But unknown, pre-leaf out. Divided number of flowers by 2 since the catkins are smaller than those specified in floral area dataset. DBH is inclusive of 5 stems that are each 1/2 to 1"". Probably 1.5m2 canopy. peak bloom apr 26, 2022",5220,12,5,"this is from unknown salix (pre-leaf out). All male. 55 stems that are all 1/2-1"" dbh. Located along Saddlemire trail just S of tracy brook. (E side of trail). Probably 4m2 canopy. Peak bloom apr 26, 2022",5112,10,3,"this is from unknown salix (pre-leaf out). All male. 12 stems that are all 1/2-1"" dbh. Located along Saddlemire trail near dead sheep swamp). Probably 2m2 canopy. Peak bloom 26 apr 2022.",3450,14,3,"this is from unknown salix (pre-leaf out). All male. 15 stems that are all 1/2-1"" dbh. Located along Saddlemire trail near dead sheep swamp). Probably 2m2 canopy. Peak bloom apr 26, 2022.",3220,16,4,"this is from unknown salix (pre-leaf out). All male. 30 stems that are all 1/2-1"" dbh. Located along Saddlemire trail near dead sheep swamp). Probably 2.5m2 canopy. Peak bloom apr 26, 2022",,,,,,,,,,,,,,,,,,,,,,,,,3803.6,,,,,,,,,,,,,,,,,,,,,,,,,,,,,,,,,,
Sambucus,canadensis,L. ,Adoxaceae,common elderberry,not_urban,,,1,1,,,,,,,,,,,,,,,,,,,,,,,,,,,,,,,,5.87,23.49,,S. racemosa,,,,,,,,,,,,,,,,,,,,,,,,,,,,,,,,,,,,,,,,,,,,,,,,,,,,,,,,,,,,,,,,,,,,,,,,,,,,,,,,
Sambucus,racemosa,L.,Adoxaceae,red elderberry,not_urban,,,1,1,,0,70,0,8,60,13.33,0,75,0,3,40,7.5,4,40,10,9,100,9,0,90,0,5,70,7.142857143,,,,,,,5.87,23.49,,,height and dbh in notebook,,,,,,,,,,,,,,,,,,,,,,,,,,,,,,,,,,,,,,,,,,,,,,,,,,,,,,,,,,,,,,,,,,,,,,,,,,,,,,,
Sanguinaria,canadensis,L.,Papaveraceae,bloodroot,not_urban,,,1,1,,3,40,7.5,2,40,5,3,40,7.5,,,,,,,,,,,,,,,,,,,,,,6.67,26.67,,,,,,,,,,,,,,,,,,,,,,,,,,,,,,,,,,,,,,,,,,,,,,,,,,,,,,,,,,,,,,,,,,,,,,,,,,,,,,,,,,
Sanicula,canadensis,L.,Apiaceae,Canadian black snakeroot,not_urban,,,1,1,,,,,,,,,,,,,,,,,11,17,65,9,12,75,12,20,60,4,12,33,22,20,110,68.61,274.43,,picture,,,,,,,,,,,,,,,,,,,,,,,,,,,,,,,,,,,,,,,,,,,,,,,,,,,,,,,,,,,,,,,,,,,,,,,,,,,,,,,,
Sanicula,marilandica,L.,Apiaceae,black snakeroot,not_urban,,,1,1,,,,,,,,,,,,,,,,,6,40,15,6,10,60,4,10,40,9,15,60,6,12,50,45.00,180.00,,,,,,,,,,,,,,,,,,,,,,,,,,,,,,,,,,,,,,,,,,,,,,,,,,,,,,,,,,,,,,,,,,,,,,,,,,,,,,,,,,
Saponaria ,officinalis,L.,Caryophyllaceae,bouncing bet,not_urban,,,1,0,,155,50,310,120,25,480,210,50,420,250,60,416.67,115,25,460,,,,,,,,,,,,,,,,417.33,1669.33,,,,,,,,,,,,,,,,,,,,,,,,,,,,,,,,,,,,,,,,,,,,,,,,,,,,,,,,,,,,,,,,,,,,,,,,,,,,,,,,,,
Saururus ,cernuus,L.,Saururuaceae,lizard's tail,not_urban,,,1,1,,,,,,,,,,,,,,,,,9,100,9,10,100,10,9,100,9,9,100,9,8,100,8,9.00,36.00,,picture,,,,,,,,,,,,,,,,,,,,,,,,,,,,,,,,,,,,,,,,,,,,,,,,,,,,,,,,,,,,,,,,,,,,,,,,,,,,,,,,
Schedonorus,arundinaceus,(Willd.) Link,Poaceae,tall rye grass,not_urban,,,0,0,,,,,,,,,,,,,,,,,,,,,,,,,,,,,,,,#DIV/0!,#DIV/0!,,,,,,,,,,,,,,,,,,,,,,,,,,,,,,,,,,,,,,,,,,,,,,,,,,,,,,,,,,,,,,,,,,,,,,,,,,,,,,,,,,
Schoenoplectus ,tabernaemontani,(K.C. Gmel.) Palla,Cyperaceae,softstem bullrush,not_urban,,,0,1,,,,,,,,,,,,,,,,,,,,,,,,,,,,,,,,#DIV/0!,#DIV/0!,,,,,,,,,,,,,,,,,,,,,,,,,,,,,,,,,,,,,,,,,,,,,,,,,,,,,,,,,,,,,,,,,,,,,,,,,,,,,,,,,,
Scirpus,atrocinctus,Fern.,Cyperaceae,blackgirdle bulrush,not_urban,,,0,1,,,,,,,,,,,,,,,,,,,,,,,,,,,,,,,,#DIV/0!,#DIV/0!,,,,,,,,,,,,,,,,,,,,,,,,,,,,,,,,,,,,,,,,,,,,,,,,,,,,,,,,,,,,,,,,,,,,,,,,,,,,,,,,,,
Scirpus,atrovirens,Willd.,Cyperaceae,green bullrush,not_urban,,,0,1,,,,,,,,,,,,,,,,,,,,,,,,,,,,,,,,#DIV/0!,#DIV/0!,,,,,,,,,,,,,,,,,,,,,,,,,,,,,,,,,,,,,,,,,,,,,,,,,,,,,,,,,,,,,,,,,,,,,,,,,,,,,,,,,,
Scirpus,cyperinus,(L.) Kunth,Cyperaceae,woolgrass,not_urban,,,0,1,,,,,,,,,,,,,,,,,,,,,,,,,,,,,,,,#DIV/0!,#DIV/0!,,,,,,,,,,,,,,,,,,,,,,,,,,,,,,,,,,,,,,,,,,,,,,,,,,,,,,,,,,,,,,,,,,,,,,,,,,,,,,,,,,
Scirpus,hattorianus,Makino,Cyperaceae,mosquito bullrush,not_urban,,,0,1,,,,,,,,,,,,,,,,,,,,,,,,,,,,,,,,#DIV/0!,#DIV/0!,,,,,,,,,,,,,,,,,,,,,,,,,,,,,,,,,,,,,,,,,,,,,,,,,,,,,,,,,,,,,,,,,,,,,,,,,,,,,,,,,,
Scirpus,pedicillatus,Fern.,Cyperaceae,stalked bullrush,not_urban,,correct name is Scirpus pedicellatusÊ,0,1,,,,,,,,,,,,,,,,,,,,,,,,,,,,,,,,#DIV/0!,#DIV/0!,,,,,,,,,,,,,,,,,,,,,,,,,,,,,,,,,,,,,,,,,,,,,,,,,,,,,,,,,,,,,,,,,,,,,,,,,,,,,,,,,,
Scutellaria ,galericulata,L.,Lamiaceae,marsh skullcap,not_urban,,,1,1,,,,,,,,,,,,,,,,,9,10,90,17,10,170,23,15,153,13,35,37,12,30,40,98.10,392.38,,picture,,,,,,,,,,,,,,,,,,,,,,,,,,,,,,,,,,,,,,,,,,,,,,,,,,,,,,,,,,,,,,,,,,,,,,,,,,,,,,,,
Scutellaria,lateriflora,L.,Lamiaceae,maddog skullcap,not_urban,,,1,1,,96,10,960,132,20,660,,,,,,,,,,,,,,,,,,,,,,,,,810.00,3240.00,,,,,,,,,,,,,,,,,,,,,,,,,,,,,,,,,,,,,,,,,,,,,,,,,,,,,,,,,,,,,,,,,,,,,,,,,,,,,,,,,,
Secale ,cereale,L.,Poaceae,cereal rye,not_urban,,,0,0,,,,,,,,,,,,,,,,,,,,,,,,,,,,,,,,#DIV/0!,#DIV/0!,,,,,,,,,,,,,,,,,,,,,,,,,,,,,,,,,,,,,,,,,,,,,,,,,,,,,,,,,,,,,,,,,,,,,,,,,,,,,,,,,,
Securigera ,varia,L.,Fabaceae,crownvetch,not_urban,,,1,0,,35,70,50,25,75,33.33,21,60,35,28,70,40,32,70,45.71,,,,,,,,,,,,,,,,40.81,163.24,,,,,,,,,,,,,,,,,,,,,,,,,,,,,,,,,,,,,,,,,,,,,,,,,,,,,,,,,,,,,,,,,,,,,,,,,,,,,,,,,,
Selaginella,sp.,P. Beauv. ,Selaginellaceae,spike moss,not_urban,,,0,1,,,,,,,,,,,,,,,,,,,,,,,,,,,,,,,,#DIV/0!,#DIV/0!,,,,,,,,,,,,,,,,,,,,,,,,,,,,,,,,,,,,,,,,,,,,,,,,,,,,,,,,,,,,,,,,,,,,,,,,,,,,,,,,,,
Senecio ,vulgaris,L.,Asteraceae,old-man-in-the-spring,not_urban,,,1,0,,74,20,370,35,10,350,72,15,480,11,5,220,76,15,,84,20,420,125,20,625,150,15,1000,75,15,500,,,,495.63,1982.50,,,,,,,,,,,,,,,,,,,,,,,,,,,,,,,,,,,,,,,,,,,,,,,,,,,,,,,,,,,,,,,,,,,,,,,,,,,,,,,,,,
Setaria ,faberi,Herrm.,Poaceae,giant foxtail,not_urban,,,0,0,,,,,,,,,,,,,,,,,,,,,,,,,,,,,,,,#DIV/0!,#DIV/0!,,,,,,,,,,,,,,,,,,,,,,,,,,,,,,,,,,,,,,,,,,,,,,,,,,,,,,,,,,,,,,,,,,,,,,,,,,,,,,,,,,
Setaria ,pumila,(Poir.) Roemer & J.A. Schultes,Poaceae,yellow foxtail,not_urban,,,0,0,,,,,,,,,,,,,,,,,,,,,,,,,,,,,,,,#DIV/0!,#DIV/0!,,,,,,,,,,,,,,,,,,,,,,,,,,,,,,,,,,,,,,,,,,,,,,,,,,,,,,,,,,,,,,,,,,,,,,,,,,,,,,,,,,
Setaria ,viridis,(L.) Beauv.,Poaceae,green fox tail,not_urban,,,0,0,,,,,,,,,,,,,,,,,,,,,,,,,,,,,,,,#DIV/0!,#DIV/0!,,,,,,,,,,,,,,,,,,,,,,,,,,,,,,,,,,,,,,,,,,,,,,,,,,,,,,,,,,,,,,,,,,,,,,,,,,,,,,,,,,
Silene ,latifolia,Poir.,Caryophyllaceae,white campion,not_urban,,,1,0,,9,22,40.91,5,10,50,4,12,33.33,6,8,75,2,30,6.67,6,15,40,,,,,,,,,,,,,40.98,163.94,,,,,,,,,,,,,,,,,,,,,,,,,,,,,,,,,,,,,,,,,,,,,,,,,,,,,,,,,,,,,,,,,,,,,,,,,,,,,,,,,,
Silene ,vulgaris,(Moench) Garcke,Caryophyllaceae,bladder campion,not_urban,,,1,0,,54,35,154.29,44,20,220,17,5,340,10,5,200,16,25,64,89,25,356,,,,,,,,,,,,,222.38,889.52,,,,,,,,,,,,,,,,,,,,,,,,,,,,,,,,,,,,,,,,,,,,,,,,,,,,,,,,,,,,,,,,,,,,,,,,,,,,,,,,,,
Sisyrinchium ,angustifolium,P. Mill.,Iridaceae,blue-eyed grass,not_urban,,,1,1,,2,2,100,6,2,300,,,,,,,,,,,,,,,,,,,,,,,,,200.00,800.00,,,,,,,,,,,,,,,,,,,,,,,,,,,,,,,,,,,,,,,,,,,,,,,,,,,,,,,,,,,,,,,,,,,,,,,,,,,,,,,,,,
Sisyrinchium ,montanum,Greene,Iridaceae,strict blue eyed grass,not_urban,,,1,1,,3,8,37.5,3,5,60,5,5,100,12,20,60,,,,,,,,,,,,,,,,,,,64.38,257.50,,,,,,,,,,,,,,,,,,,,,,,,,,,,,,,,,,,,,,,,,,,,,,,,,,,,,,,,,,,,,,,,,,,,,,,,,,,,,,,,,,
Smilax,herbacea,L.,Smilacaceae,carrion-flower,not_urban,,,1,1,,8,10,80,4,30,13.33,,,,,,,,,,,,,,,,,,,,,,,,,46.67,186.67,,,,,,,,,,,,,,,,,,,,,,,,,,,,,,,,,,,,,,,,,,,,,,,,,,,,,,,,,,,,,,,,,,,,,,,,,,,,,,,,,,
Solanum,carolinense,L.,Solanaceae,horse nettle,not_urban,,,1,0,,12,30,40,10,20,50,7,20,35,6,20,,9,20,45,8,20,40,5,15,33.33,,,,,,,,,,40.56,162.22,,,,,,,,,,,,,,,,,,,,,,,,,,,,,,,,,,,,,,,,,,,,,,,,,,,,,,,,,,,,,,,,,,,,,,,,,,,,,,,,,,
Solanum,dulcamara,L.,Solanaceae,bittersweet nightshade,not_urban,,,1,0,,200,25,800,165,25,660,210,30,700,250,50,500,190,40,475,280,60,466.67,270,60,450,,,,,,,,,,578.81,2315.24,,,,,,,,,,,,,,,,,,,,,,,,,,,,,,,,,,,,,,,,,,,,,,,,,,,,,,,,,,,,,,,,,,,,,,,,,,,,,,,,,,
Solanum,lycopersicon,L.,Solanaceae,tomato,not_urban,,"spelling, should be lycopersicum",1,0,,28,95,29.47,33,50,66.00,24,40,60.00,5,17,29.41,18,30,60.00,11,30,36.67,,,,,,,,,,,,,46.93,187.70,,,,,,,,,,,,,,,,,,,,,,,,,,,,,,,,,,,,,,,,,,,,,,,,,,,,,,,,,,,,,,,,,,,,,,,,,,,,,,,,,,
Solanum,melongena,L.,Solanaceae,eggplant,not_urban,,,1,0,,1,40,2.5,2,40,5,1,40,2.5,,,,,,,,,,,,,,,,,,,,,,3.33,13.33,,,,,,,,,,,,,,,,,,,,,,,,,,,,,,,,,,,,,,,,,,,,,,,,,,,,,,,,,,,,,,,,,,,,,,,,,,,,,,,,,,
Solanum,nigrum,L.,Solanaceae,black nightshade,not_urban,,not found in NY according to GoBotany--maybe check Weeds of the Northeast. I did not subtract 1 from the overall species list--left this one in (in the paper),1,0,,5,15,33.33,8,25,32,5,15,33.33,7,25,28,8,10,80,,,,,,,,,,,,,,,,41.33,165.33,,,,,,,,,,,,,,,,,,,,,,,,,,,,,,,,,,,,,,,,,,,,,,,,,,,,,,,,,,,,,,,,,,,,,,,,,,,,,,,,,,
Solanum,physalifolium ,Rusby,Solanaceae,hairy nightshade,not_urban,,,1,0,,,,,,,,,,,,,,,,,,,,,,,,,,,,,,,,40.56,162.24,,S. carolinense,,,,,,,,,,,,,,,,,,,,,,,,,,,,,,,,,,,,,,,,,,,,,,,,,,,,,,,,,,,,,,,,,,,,,,,,,,,,,,,,
Solanum,tuberosum,L.,Solanaceae,potato,not_urban,,,1,0,,3,60,5,4,60,6.67,2,60,3.33,3,50,6,3,50,6,,,,,,,,,,,,,,,,5.40,21.60,,,,,,,,,,,,,,,,,,,,,,,,,,,,,,,,,,,,,,,,,,,,,,,,,,,,,,,,,,,,,,,,,,,,,,,,,,,,,,,,,,
Solidago,altissima,L.,Asteraceae,tall goldenrod,not_urban,,,1,1,,1,10,10,1,20,5,1,10,10.00,5,70,7.142857143,2,8,25,,,,,,,,,,,,,,,,11.43,45.71,,,,,,,,,,,,,,,,,,,,,,,,,,,,,,,,,,,,,,,,,,,,,,,,,,,,,,,,,,,,,,,,,,,,,,,,,,,,,,,,,,
Solidago,caesia,L.,Asteraceae,blue-stemmed goldenrod,not_urban,,,1,1,,200,10,2000,23,3,766.6666667,150,10,1500.00,196,8,2450,65,4,1625,,,,,,,,,,,,,,,,1668.33,6673.33,,,,,,,,,,,,,,,,,,,,,,,,,,,,,,,,,,,,,,,,,,,,,,,,,,,,,,,,,,,,,,,,,,,,,,,,,,,,,,,,,,
Solidago,canadensis,L.,Asteraceae,Canada goldenrod,not_urban,,,1,1,,,,,,,,,,,,,,,,,,,,,,,,,,,,,,,,11.43,45.71,,S. altissima,,,,,,,,,,,,,,,,,,,,,,,,,,,,,,,,,,,,,,,,,,,,,,,,,,,,,,,,,,,,,,,,,,,,,,,,,,,,,,,,
Solidago,flexicaulis,L.,Asteraceae,zig-zag goldenrod,not_urban,,,1,1,,1,12,8.33,,,,,,,,,,,,,,,,,,,,,,,,,,,,8.33,33.33,,,,,,,,,,,,,,,,,,,,,,,,,,,,,,,,,,,,,,,,,,,,,,,,,,,,,,,,,,,,,,,,,,,,,,,,,,,,,,,,,,
Solidago,gigantea,Ait.,Asteraceae,late goldenrod,not_urban,,,1,1,,11,22,50,8,10,80,8,10,80,27,70,38.57,9,25,36,30,25,120,30,25,120,24,25,96,26,25,104,24,25,96,82.06,328.23,,,,,,,,,,,,,,,,,,,,,,,,,,,,,,,,,,,,,,,,,,,,,,,,,,,,,,,,,,,,,,,,,,,,,,,,,,,,,,,,,,
Solidago,juncea,Ait.,Asteraceae,early goldenrod,not_urban,,,1,1,,13,25,52,12,25,48,10,25,40,9,25,36,14,25,56,,,,,,,,,,,,,,,,6.00,24.00,,,I adjusted this from ~45 to 6 per 0.25m2 bc our floral area measurements were based on a big head and the floral count was based on smaller branches of inflorescences,,,,,,,,,,,,,,,,,,,,,,,,,,,,,,,,,,,,,,,,,,,,,,,,,,,,,,,,,,,,,,,,,,,,,,,,,,,,,,,
Solidago,rugosa,Nutt.,Asteraceae,rough-stemmed goldenrod,not_urban,,,1,1,,1,20,5,3,10,30,1,8,12.5,3,10,30,,,,1,5,20,1,8,12.5,,,,,,,,,,18.33,73.33,,,I took out one outlier here that was making rugosa much more floriferous than altissima (9 flowers in 10%),,,,,,,,,,,,,,,,,,,,,,,,,,,,,,,,,,,,,,,,,,,,,,,,,,,,,,,,,,,,,,,,,,,,,,,,,,,,,,,
Solidago,uliginosa,P. Mill.,Asteraceae,bog goldenrod,not_urban,,,1,1,,1,8,12.5,1,6,16.66666667,1,8,12.5,1,10,10,1,8,12.5,,,,,,,,,,,,,,,,12.83,51.33,,herbarium?,,,,,,,,,,,,,,,,,,,,,,,,,,,,,,,,,,,,,,,,,,,,,,,,,,,,,,,,,,,,,,,,,,,,,,,,,,,,,,,,
Sonchus,arvensis,L.,Asteraceae,field sow thistle,not_urban,,,1,0,,1,5,20,3,10,30,1,2,50,1,0.5,200,9,20,45,1,2,50,,,,,,,,,,,,,65.83,263.33,,,,,,,,,,,,,,,,,,,,,,,,,,,,,,,,,,,,,,,,,,,,,,,,,,,,,,,,,,,,,,,,,,,,,,,,,,,,,,,,,,
Sonchus ,asper,(L.) Hill,Asteraceae,spiny sow thistle,not_urban,,,1,0,,65,60,108.33,,,,,,,,,,,,,,,,,,,,,,,,,,,,108.33,433.33,,,,,,,,,,,,,,,,,,,,,,,,,,,,,,,,,,,,,,,,,,,,,,,,,,,,,,,,,,,,,,,,,,,,,,,,,,,,,,,,,,
Sonchus ,oleraceus,L.,Asteraceae,common sow thistle,not_urban,,,1,0,,3,5,60,3,5,60,8,30,26.67,7,20,35,22,80,27.5,44,80,55,12,25,48,6,12,50,8,10,80,7,50,14,45.62,182.47,,,,,,,,,,,,,,,,,,,,,,,,,,,,,,,,,,,,,,,,,,,,,,,,,,,,,,,,,,,,,,,,,,,,,,,,,,,,,,,,,,
Sorghum ,halepense,(L.) Pers.,Poaceae,johnson grass,not_urban,,,0,0,,,,,,,,,,,,,,,,,,,,,,,,,,,,,,,,#DIV/0!,#DIV/0!,,,,,,,,,,,,,,,,,,,,,,,,,,,,,,,,,,,,,,,,,,,,,,,,,,,,,,,,,,,,,,,,,,,,,,,,,,,,,,,,,,
Sparganium,americanum,Nutt.,Typhaceae,American bur-reed,not_urban,,,0,1,,,,,,,,,,,,,,,,,6,17,35.29,6,20,30,5,65,7.692307692,3,20,15,5,17,29.41176471,23.48,93.92,,picture,,,,,,,,,,,,,,,,,,,,,,,,,,,,,,,,,,,,,,,,,,,,,,,,,,,,,,,,,,,,,,,,,,,,,,,,,,,,,,,,
Sparganium,emersum,Rehmann,Typhaceae,simple-stemmed bur-reed,not_urban,,,0,1,,,,,,,,,,,,,,,,,9,35,25.71,3,30,10,6,25,24,4,60,6.666666667,2,10,20,17.28,69.10,,picture,,,,,,,,,,,,,,,,,,,,,,,,,,,,,,,,,,,,,,,,,,,,,,,,,,,,,,,,,,,,,,,,,,,,,,,,,,,,,,,,
Sparganium,eurycarpum,Engelm. ex Gray,Typhaceae,giant bur-reed,not_urban,,,0,1,,,,,,,,,,,,,,,,,3,15,20.00,7,100,7,21,95,22.10526316,13,10,130,12,60,20,39.82,159.28,,picture,,,,,,,,,,,,,,,,,,,,,,,,,,,,,,,,,,,,,,,,,,,,,,,,,,,,,,,,,,,,,,,,,,,,,,,,,,,,,,,,
Spinacea,oleracea,L.,Amaranthaceae,spinach,not_urban,,,1,0,,,,,,,,,,,,,,,,,,,,,,,,,,,,,,,,#DIV/0!,#DIV/0!,,,,,,,,,,,,,,,,,,,,,,,,,,,,,,,,,,,,,,,,,,,,,,,,,,,,,,,,,,,,,,,,,,,,,,,,,,,,,,,,,,
Spiraea,alba,Du Roi,Rosaceae,white meadowsweet,not_urban,,living lab,1,1,,2,25,8,5,60,8.333333333,3,30,10,,,,,,,,,,,,,,,,,,,,,,8.78,35.11,,picture,,,,,,,,,,,,,,,,,,,,,,,,,,,,,,,,,,,,,,,,,,,,,,,,,,,,,,,,,,,,,,,,,,,,,,,,,,,,,,,,
Stachys,hispida,Pursh,Lamiaceae,smooth  hedge nettle,not_urban,,,1,1,,240,10,2400,350,15,2333.33,480,15,3200,440,20,2200,250,10,2500,,,,,,,,,,,,,,,,2526.67,10106.67,,,,,,,,,,,,,,,,,,,,,,,,,,,,,,,,,,,,,,,,,,,,,,,,,,,,,,,,,,,,,,,,,,,,,,,,,,,,,,,,,,
Stellaria ,graminea,(Ledeb.) Bong.,Caryophyllaceae,lesser stitchwort,not_urban,,,1,0,,2,0.5,400,16,3,533.33,19,70,27.14,24,10,240,32,10,320,,,,,,,,,,,,,,,,304.10,1216.38,,,,,,,,,,,,,,,,,,,,,,,,,,,,,,,,,,,,,,,,,,,,,,,,,,,,,,,,,,,,,,,,,,,,,,,,,,,,,,,,,,
Stellaria ,media,(L.) Vill.,Caryophyllaceae,common chickweed,not_urban,,,1,0,,0.75,1,75,37.5,12,312.5,5,5,100,2.5,1,250,5,10,50,18,40,45,19,35,54.28571429,10,14,71.43,2,2,100,15,20,75,113.32,453.29,Ag16 Pecher,,,,,,,,,,,,,,,,,,,,,,,,,,,,,,,,,,,,,,,,,,,,,,,,,,,,,,,,,,,,,,,,,,,,,,,,,,,,,,,,,
Styphnolobium, japonicum,(L.) Schott,Fabaceae,pagoda tree,not_urban,,,1,0,,,,,,,,,,,,,,,,,,,,,,,,,,,,,,,,#DIV/0!,#DIV/0!,,,,630000,,,,136960,,,"flowers per raceme based on the following counts from photos 145, 180, 330, 200",,,,,,,,,,,,,,,,,,,,,,,,,,,,,,,,,,,,,383480,,,,,,,,,,,,,,,,,,,,,,,,,,,,,,,,,,
Symphoricarpos,orbiculatus,Moench.,Caprifoliaceae,red snowberry,not_urban,,,1,2,,8,60,13.33333333,8,40,20,5,25,20,,,,,,,,,,,,,,,,,,,,,,17.78,71.11,,,,,,,,,,,,,,,,,,,,,,,,,,,,,,,,,,,,,,,,,,,,,,,,,,,,,,,,,,,,,,,,,,,,,,,,,,,,,,,,,,
Symphyotrichum,cordifolium,(L.) Nesom,Asteraceae,heart-leaved aster,not_urban,,,1,1,,25,15,166.6666667,23,10,230,18,10,180,48,10,480,85,15,566.6666667,54,10,540,38,10,380,62,10,620,,,,,,,395.42,1581.67,,,,,,,,,,,,,,,,,,,,,,,,,,,,,,,,,,,,,,,,,,,,,,,,,,,,,,,,,,,,,,,,,,,,,,,,,,,,,,,,,,
Symphyotrichum,firmum,(Nees) G.L Nesom,Asteraceae,purple-stemmed aster(swamp aster),not_urban,,,1,1,,84,25,336,,,,,,,,,,,,,,,,50,20,250,12,4,300,140,17,823.5294118,12,10,120,365.91,1463.62,herbarium,,Aaron got 1,,,,,,,,,,,,,,,,,,,,,,,,,,,,,,,,,,,,,,,,,,,,,,,,,,,,,,,,,,,,,,,,,,,,,,,,,,,,,,,
Symphyotrichum,laeve,(L.) A. & D. L_ve,Asteraceae,smooth blue aster,not_urban,,,1,1,,,,,,,,,,,,,,,,,47,10,470,17,5,340,25,15,166.6666667,12,5,240,35,10,350,313.33,1253.33,herbarium,,,,,,,,,,,,,,,,,,,,,,,,,,,,,,,,,,,,,,,,,,,,,,,,,,,,,,,,,,,,,,,,,,,,,,,,,,,,,,,,,
Symphyotrichum,lanceolatum ssp. lanceolatum var. lanceolatum,(Willd.) Nesom,Asteraceae,panicled Aster,not_urban,,,1,1,,20,15,133.33,665,15,4433.333333,470,10,4700,325,10,3250,310,10,3100,365,10,3650,,,,,,,,,,,,,666.02,2664.08,Symphyotrichum lateriflorum,,we have data for lanceolatum but it seems very high. These were collected by Bruce and seems too high to be realistic. ,,,,,,,,,,,,,,,,,,,,,,,,,,,,,,,,,,,,,,,,,,,,,,,,,,,,,,,,,,,,,,,,,,,,,,,,,,,,,,,
Symphyotrichum,lanceolatum ssp. lanceolatum var. latifolium,(Semple & Chimel.) G.L. Nesom,Asteraceae,smooth panicled aster,not_urban,,werier does not accept (See bloom data),1,1,,,,,,,,,,,,,,,,,,,,,,,,,,,,,,,,666.02,2664.08,Symphyotrichum lateriflorum,,,,,,,,,,,,,,,,,,,,,,,,,,,,,,,,,,,,,,,,,,,,,,,,,,,,,,,,,,,,,,,,,,,,,,,,,,,,,,,,,
Symphyotrichum,lateriflorum,(L.) A. & D. L_ve,Asteraceae,calico aster,not_urban,,,1,1,,,,,,,,,,,,,,,,,150,20,750,87,17,511.7647059,56,10,560,79,12,658.3333333,68,8,850,666.02,2664.08,,,,,,,,,,,,,,,,,,,,,,,,,,,,,,,,,,,,,,,,,,,,,,,,,,,,,,,,,,,,,,,,,,,,,,,,,,,,,,,,,,
Symphyotrichum,lowrieanum,(Porter) Nesom,Asteraceae,lowrie's aster,not_urban,,"fairly rare, not found in all counties. Could be eurybia?",1,1,,,,,,,,,,,,,,,,,,,,,,,,,,,,,,,,395.42,1581.67,Symphyotrichum cordifolium,,,,,,,,,,,,,,,,,,,,,,,,,,,,,,,,,,,,,,,,,,,,,,,,,,,,,,,,,,,,,,,,,,,,,,,,,,,,,,,,,
Symphyotrichum,novae-angliae,(L.) Nesom,Asteraceae,New England aster,not_urban,,,1,1,,20,15,133.3333333,60,12,500,45,20,225,60,25,240,65,40,162.5,,,,,,,,,,,,,,,,252.17,1008.67,,,,,,,,,,,,,,,,,,,,,,,,,,,,,,,,,,,,,,,,,,,,,,,,,,,,,,,,,,,,,,,,,,,,,,,,,,,,,,,,,,
Symphyotrichum,pilosum,(Willd.) Nesom,Asteraceae,heath aster,not_urban,,,1,1,,185,25,740,125,15,833.3333333,95,15,633.3333333,70,15,466.6666667,145,20,725,,,,,,,,,,,,,,,,679.67,2718.67,,,,,,,,,,,,,,,,,,,,,,,,,,,,,,,,,,,,,,,,,,,,,,,,,,,,,,,,,,,,,,,,,,,,,,,,,,,,,,,,,,
Symphyotrichum,prenanthoides,(Muhl. ex Willd.) Nesom,Asteraceae,crooked-stem aster,not_urban,,,1,1,,15,20,75,12,10,120,,,,,,,,,,,,,,,,,,,,,,,,,97.50,390.00,,,,,,,,,,,,,,,,,,,,,,,,,,,,,,,,,,,,,,,,,,,,,,,,,,,,,,,,,,,,,,,,,,,,,,,,,,,,,,,,,,
Symphyotrichum,puniceum,(L.) A. & D. L_ve,Asteraceae,purple-stemmed aster,not_urban,,,1,1,,9,6,150,285,100,285,195,50,390,80,25,320,85,25,340,105,25,420,15,20,75,12,10,120,18,15,120,55,20,275,249.50,998.00,,,,,,,,,,,,,,,,,,,,,,,,,,,,,,,,,,,,,,,,,,,,,,,,,,,,,,,,,,,,,,,,,,,,,,,,,,,,,,,,,,
Symphyotrichum,sagittifolium,(L.) G.L. Nesom,Asteraceae,arrow-leaved aster,not_urban,,check bloom data but this is now S. urophyllum apparently,1,1,,,,,,,,,,,,,,,,,,,,,,,,,,,,,,,,666.02,2664.08,S. lateriflorum,,same species as S. urophyllum,,,,,,,,,,,,,,,,,,,,,,,,,,,,,,,,,,,,,,,,,,,,,,,,,,,,,,,,,,,,,,,,,,,,,,,,,,,,,,,
Symphyotrichum,undulatum,(L.) Nesom,Asteraceae,wavy-leaved aster,not_urban,,,1,1,,,,,,,,,,,,,,,,,75,10,750,58,5,1160,16,5,320,17,5,340,103,15,686.6666667,651.33,2605.33,,,,,,,,,,,,,,,,,,,,,,,,,,,,,,,,,,,,,,,,,,,,,,,,,,,,,,,,,,,,,,,,,,,,,,,,,,,,,,,,,,
Symphyotrichum,urophyllum,(Lindl.) Nesom,Asteraceae,white arrow-leaf aster,not_urban,,,1,1,,30,15,200,285,8,3562.5,208,8,2600,324,10,3240,,,,,,,,,,,,,,,,,,,666.02,2664.08,S. lateriflorum,,"we have these values, but they seemed too high to be trusted",,,,,,,,,,,,,,,,,,,,,,,,,,,,,,,,,,,,,,,,,,,,,,,,,,,,,,,,,,,,,,,,,,,,,,,,,,,,,,,
Symplocarpus ,foetidus,(L.) Salisb. ex Nutt.,Aracaceae,skunk cabbage,not_urban,,,1,1,,3,50,6,2,40,5,3,40,7.5,3,40,7.5,,,,,,,,,,,,,,,,,,,6.50,26.00,,,,,,,,,,,,,,,,,,,,,,,,,,,,,,,,,,,,,,,,,,,,,,,,,,,,,,,,,,,,,,,,,,,,,,,,,,,,,,,,,,
Syringa,vulgaris,L.,Oleaceae,common lilac,not_urban,,,1,0,,41,90,,13,70,18.57142857,14,60,23.33333333,25,65,38.46153846,13,35,37.14285714,,,,,,,,,,,,,,,,29.38,117.51,,,,,,,,,,,,,,,,,,,,,,,,,,,,,,,,,,,,,,,,,,,,,,,,,,,,,,,,,,,,,,,,,,,,,,,,,,,,,,,,,,
Taraxacum,officinale,G.H. Weber ex Wiggers,Asteraceae,dandelion,not_urban,,,1,0,,3,15,20,1,5,20,4,10,40,11,25,44,4,8,50,,,,,,,,,,,,,,,,34.80,139.20,,,,,,,,,,,,,,,,,,,,,,,,,,,,,,,,,,,,,,,,,,,,,,,,,,,,,,,,,,,,,,,,,,,,,,,,,,,,,,,,,,
Taxus,canadensis,Marsh.,Taxaceae,yew,not_urban,,,0,1,,,,,,,,,,,,,,,,,,,,,,,,,,,,,,,,#DIV/0!,#DIV/0!,,,,,,,,,,,,,,,,,,,,,,,,,,,,,,,,,,,,,,,,,,,,,,,,,,,,,,,,,,,,,,,,,,,,,,,,,,,,,,,,,,
Thalictrum ,dioicum,L.,Ranunculaceae,early meadow rue,not_urban,,,1,1,,53,10,530,400,20,2000,,,,,,,,,,,,,,,,,,,,,,,,,1265.00,5060.00,,,,,,,,,,,,,,,,,,,,,,,,,,,,,,,,,,,,,,,,,,,,,,,,,,,,,,,,,,,,,,,,,,,,,,,,,,,,,,,,,,
Thalictrum ,thalictroides,(L.) Eames & Boivin,Ranunculaceae,rue anemone,not_urban,,,1,1,,2,2,100,3,8,37.5,6,10,60,8,35,22.86,2,8,25,6,30,20,9,45,20,5,17,29.41,13,27,48.15,,,,40.32,161.30,,,,,,,,,,,,,,,,,,,,,,,,,,,,,,,,,,,,,,,,,,,,,,,,,,,,,,,,,,,,,,,,,,,,,,,,,,,,,,,,,,
Thelypteris ,noveboracensis,Nieuwl,Thelypteridaceae,New York fern,not_urban,,,0,1,,,,,,,,,,,,,,,,,,,,,,,,,,,,,,,,#DIV/0!,#DIV/0!,,,,,,,,,,,,,,,,,,,,,,,,,,,,,,,,,,,,,,,,,,,,,,,,,,,,,,,,,,,,,,,,,,,,,,,,,,,,,,,,,,
Thelypteris ,palustris,Schott,Thelypteridaceae,eastren marsh fern,not_urban,,,0,1,,,,,,,,,,,,,,,,,,,,,,,,,,,,,,,,#DIV/0!,#DIV/0!,,,,,,,,,,,,,,,,,,,,,,,,,,,,,,,,,,,,,,,,,,,,,,,,,,,,,,,,,,,,,,,,,,,,,,,,,,,,,,,,,,
Thlaspi,arvense,L.,Brassicaceae,field pennycress,not_urban,,,1,0,,77,10,770,47,5,940,340,35,971.43,,,,,,,,,,,,,,,,,,,,,,893.81,3575.24,,,,,,,,,,,,,,,,,,,,,,,,,,,,,,,,,,,,,,,,,,,,,,,,,,,,,,,,,,,,,,,,,,,,,,,,,,,,,,,,,,
Tiarella,cordifolia,L.,Saxifragaceae,foam flower,not_urban,,,1,1,,60,40,150,80,10,800,550,50,1100,920,90,1022.22,,,,,,,,,,,,,,,,,,,768.06,3072.22,,,,,,,,,,,,,,,,,,,,,,,,,,,,,,,,,,,,,,,,,,,,,,,,,,,,,,,,,,,,,,,,,,,,,,,,,,,,,,,,,,
Tilia,americana,L.,Malvaceae,basswood,not_urban,,,1,1,,,,,,,,,,,,,,,,,,,,,,,,,,,,,,,,#DIV/0!,#DIV/0!,,,,41478,100,56,,30000,110,69,,226800,120,67,,28600,120,69,,93600,110,58,,31680,100,47,,22260,100,52,,,,,,,,,,,,,,,,,,67774,,,,,,,,,,,,,,,,,,,,,,,,,,,,,,,,,,
Toxicodendron,radicans,(L.) Kuntze,Anacardiaceae,poison ivy,not_urban,,,1,1,,11,25,44,5,50,10,12,40,30,,,,,,,,,,,,,,,,,,,,,,28.00,112.00,,,,,,,,,,,,,,,,,,,,,,,,,,,,,,,,,,,,,,,,,,,,,,,,,,,,,,,,,,,,,,,,,,,,,,,,,,,,,,,,,,
Toxicodendron ,vernix,(L.) Kuntze,Anacardiaceae,poison sumac,not_urban,,,1,1,,,,,,,,,,,,,,,,,5,8,62.5,8,8,100,7,10,70,11,17,64.70588235,12,10,120,83.44,333.76,,,,,,,,,,,,,,,,,,,,,,,,,,,,,,,,,,,,,,,,,,,,,,,,,,,,,,,,,,,,,,,,,,,,,,,,,,,,,,,,,,
Tragopogon ,dubius,Scop.,Asteraceae,yellow goat's beard,not_urban,,,1,0,,2,10,20,5,15,33.33,7,15,46.67,3,10,30,4,15,26.67,4,10,40,,,,,,,,,,,,,32.78,131.11,,,,,,,,,,,,,,,,,,,,,,,,,,,,,,,,,,,,,,,,,,,,,,,,,,,,,,,,,,,,,,,,,,,,,,,,,,,,,,,,,,
Tragopogon ,pratensis,L.,Asteraceae,meadow goat's beard,not_urban,,,1,0,,,,,,,,,,,,,,,,,,,,,,,,,,,,,,,,32.78,131.12,,T.dubius,,,,,,,,,,,,,,,,,,,,,,,,,,,,,,,,,,,,,,,,,,,,,,,,,,,,,,,,,,,,,,,,,,,,,,,,,,,,,,,,
Trifolium,campestre,Schreb.,Fabaceae,low hop clover,not_urban,,,1,0,,1,5,20,7,6,116.67,2,6,33.33,8,10,80,8,20,40,5,3,166.67,16,12,133.33,12,12,100,,,,,,,86.25,345.00,,,,,,,,,,,,,,,,,,,,,,,,,,,,,,,,,,,,,,,,,,,,,,,,,,,,,,,,,,,,,,,,,,,,,,,,,,,,,,,,,,
Trifolium,dubium,Sibthorp,Fabaceae,lesser hop clover,not_urban,,,1,0,,122,45,271.11,67,35,191.43,132,80,165,135,60,225,98,10,980,110,15,733.33,,,,,,,,,,,,,427.65,1710.58,,,,,,,,,,,,,,,,,,,,,,,,,,,,,,,,,,,,,,,,,,,,,,,,,,,,,,,,,,,,,,,,,,,,,,,,,,,,,,,,,,
Trifolium,hybridum,L.,Fabaceae,alsike clover,not_urban,,,1,0,,16,65,24.62,10,30,33.33,13,60,21.67,9,20,45,33,40,82.5,38,40,95,,,,,,,,,,,,,50.35,201.41,,,,,,,,,,,,,,,,,,,,,,,,,,,,,,,,,,,,,,,,,,,,,,,,,,,,,,,,,,,,,,,,,,,,,,,,,,,,,,,,,,
Trifolium,pratense,L.,Fabaceae,red clover,not_urban,,,1,0,,4,30,13.33,2,25,8,5,25,20,3,20,15,10,25,40,2,8,25,,,,,,,,,,,,,20.22,80.89,,,,,,,,,,,,,,,,,,,,,,,,,,,,,,,,,,,,,,,,,,,,,,,,,,,,,,,,,,,,,,,,,,,,,,,,,,,,,,,,,,
Trifolium,repens,L.,Fabaceae,white clover,not_urban,,,1,0,,1,1,100,3,4,75,24,60,40,19,45,42.22,23,40,57.5,15,35,42.86,18,40,45,6,10,60,,,,,,,57.82,231.29,,,,,,,,,,,,,,,,,,,,,,,,,,,,,,,,,,,,,,,,,,,,,,,,,,,,,,,,,,,,,,,,,,,,,,,,,,,,,,,,,,
Trillium,erectum,L.,Melanthiaceae,purple trillium,not_urban,,,1,1,,1,10,10,1,10,10,1,15,6.67,1,10,10,,,,,,,,,,,,,,,,,,,9.17,36.67,,,,,,,,,,,,,,,,,,,,,,,,,,,,,,,,,,,,,,,,,,,,,,,,,,,,,,,,,,,,,,,,,,,,,,,,,,,,,,,,,,
Trillium,grandiflorum,(Michx.) Salisb.,Melanthiaceae,large-flowered trillium,not_urban,,,1,1,,1.25,20,6.25,0.5,25,2,0.25,14,1.79,1,15,6.67,,,,,,,,,,,,,,,,,,,4.18,16.70,,,,,,,,,,,,,,,,,,,,,,,,,,,,,,,,,,,,,,,,,,,,,,,,,,,,,,,,,,,,,,,,,,,,,,,,,,,,,,,,,,
Triticum ,aestivum,L.,Poaceae,bread wheat,not_urban,,,0,0,,,,,,,,,,,,,,,,,,,,,,,,,,,,,,,,#DIV/0!,#DIV/0!,,,,,,,,,,,,,,,,,,,,,,,,,,,,,,,,,,,,,,,,,,,,,,,,,,,,,,,,,,,,,,,,,,,,,,,,,,,,,,,,,,
Tsuga,canadensis,(L.) Carr.,Pinaceae,eastern hemlock,not_urban,,,0,1,,,,,,,,,,,,,,,,,,,,,,,,,,,,,,,,#DIV/0!,#DIV/0!,,,,,,,,,,,,,,,,,,,,,,,,,,,,,,,,,,,,,,,,,,,,,,,,,,,,,,,,,,,,,,,,,,,,,,,,,,,,,,,,,,
Tussilago ,farfara,L.,Asteraceae,coltsfoot,not_urban,,,1,0,,8,40,20,5,30,16.67,32,80,40,21,60,35,,,,,,,,,,,,,,,,,,,27.92,111.67,,,,,,,,,,,,,,,,,,,,,,,,,,,,,,,,,,,,,,,,,,,,,,,,,,,,,,,,,,,,,,,,,,,,,,,,,,,,,,,,,,
Typha,angustifolia,L.,Typhaceae,narrow-leaved cattail ,not_urban,,,0,0,,9,50,18,8,45,17.78,6,30,20,10,30,33.33,8,45,17.78,,,,,,,,,,,,,,,,21.38,85.51,,,,,,,,,,,,,,,,,,,,,,,,,,,,,,,,,,,,,,,,,,,,,,,,,,,,,,,,,,,,,,,,,,,,,,,,,,,,,,,,,,
Typha ,latifolia,L.,Typhaceae,broad-leaf cattail,not_urban,,,0,1,,4,40,10,7,50,14,8,45,17.78,3,35,8.57,5,45,11.11,,,,,,,,,,,,,,,,12.29,49.17,,,,,,,,,,,,,,,,,,,,,,,,,,,,,,,,,,,,,,,,,,,,,,,,,,,,,,,,,,,,,,,,,,,,,,,,,,,,,,,,,,
Ulmus,americana,L.,Ulmaceae,American elm,not_urban,,bisexual flowers,0,1,,,,,,,,,,,,,,,,,,,,,,,,,,,,,,,,#DIV/0!,#DIV/0!,,,,22637.2,,,,5600,60,11,,256608,40',8,,140000,60,11,,1088640,40,8,,,,,,,,,,,,,,,,,,,,,,,,,,302697.04,,,,,,,,,,,,,,,,,,,,,,,,,,,,,,,,,,
Ulmus,pumila,L.,Ulmaceae,Siberian elm,not_urban,,,0,0,,,,,,,,,,,,,,,,,,,,,,,,,,,,,,,,#DIV/0!,#DIV/0!,,,,938952,50,14,"Canton Main Park, interior tree (sort of like within-forest tree, not open grown)",4245696,50,16,"large tree, half open-grown in canton park. This would be example of large tree in open-grown, urban setting",,,,,,,,,,,,,,,,,,,,,,,,,,,,,,,,,,,,,2592324,"maybe don't use the large open-grown one since there are so many flowers? (not accurate for forest-grown species). But, most are found in urban--so, I will keep",,,,,,,,,,,,,,,,,,,,,,,,,,,,,,,,,
Ulmus,rubra,Muhl.,Ulmaceae,slippery elm,not_urban,,perfect flowers,0,1,,,,,,,,,,,,,,,,,,,,,,,,,,,,,,,,#DIV/0!,#DIV/0!,,,,,,,,,,,,,,,,,,,,,,,,,,,,,,,,,,,,,,,,,,,,,,,,302697.04,used U. americana,,,,,,,,,,,,,,,,,,,,,,,,,,,,,,,,,
Urtica,dioica,L.,Urticaceae,stinging nettle,not_urban,,,0,1,,543,20,2715,1617,20,8085,584,20,2920,425,10,4250,568,15,3787,,,,,,,,,,,,,,,,4351.33,17405.33,,,,,,,,,,,,,,,,,,,,,,,,,,,,,,,,,,,,,,,,,,,,,,,,,,,,,,,,,,,,,,,,,,,,,,,,,,,,,,,,,,
Urtica,dioica ssp. gracilis,Aiton ,Urticaceae,slender/tall nettle,not_urban,,,0,1,,,,,,,,,,,,,,,,,,,,,,,,,,,,,,,,4351.33,17405.33,,U. dioica,,,,,,,,,,,,,,,,,,,,,,,,,,,,,,,,,,,,,,,,,,,,,,,,,,,,,,,,,,,,,,,,,,,,,,,,,,,,,,,,
Uvularia,perfoliata,L.,Colchiacaceae,perfoliate bellwort,not_urban,,,1,1,,,,,,,,,,,,,,,,,19,60,31.66666667,3,8,37.5,6,15,40,17,70,24.28571429,7,75,9.333333333,28.56,114.23,,picture,,,,,,,,,,,,,,,,,,,,,,,,,,,,,,,,,,,,,,,,,,,,,,,,,,,,,,,,,,,,,,,,,,,,,,,,,,,,,,,,
Uvularia,sessilifolia ,L.,Colchiacaceae,wild oats,not_urban,,,1,1,,2,4,50,2,4,50,0,4,0,,,,,,,,,,,,,,,,,,,,,,33.33,133.33,,,,,,,,,,,,,,,,,,,,,,,,,,,,,,,,,,,,,,,,,,,,,,,,,,,,,,,,,,,,,,,,,,,,,,,,,,,,,,,,,,
Vaccinium ,angustifolium,Ait.,Ericaceae,lowbush blueberry,not_urban,,,1,1,,135,40,338,135,40,338,,,,,,,,,,,,,,,,,,,,,,,,,337.50,1350.00,,,"values seemed high, so I doubled coverage",,,,,,,,,,,,,,,,,,,,,,,,,,,,,,,,,,,,,,,,,,,,,,,,,,,,,,,,,,,,,,,,,,,,,,,,,,,,,,,
Vaccinium ,corymbosum,L.,Ericaceae,highbush blueberry,not_urban,,,1,1,,,,,,,,,,,,,,,,,,,,,,,,,,,,,,,,147.00,588.00,,used tree value assuming whole tree is same as 0.25m2 quadrat. Before we had same as angustifolium,,124,,,,170,,,,,,,,,,,,,,,,,,,,,,,,,,,,,,,,,,,,,,,,147,,,,,,,,,,,,,,,,,,,,,,,,,,,,,,,,,,
Vaccinium ,pallidum,Ait.,Ericaceae,blue Ridge blueberry,not_urban,,,1,1,,41,15,273.33,51,25,204,16,30,53.33,49,60,81.67,9,25,36,65,70,92.86,17,20,85,29,40,72.5,26,30,86.67,,,,109.48,437.94,,,,,,,,,,,,,,,,,,,,,,,,,,,,,,,,,,,,,,,,,,,,,,,,,,,,,,,,,,,,,,,,,,,,,,,,,,,,,,,,,,
Valeriana,officinalis,L.,Caprifoliaceae,garden valerian,not_urban,,,1,0,,14,70,20,18,60,30,12,50,24,12,250,4.8,8,30,26.67,,,,,,,,,,,,,,,,21.09,84.37,,,,,,,,,,,,,,,,,,,,,,,,,,,,,,,,,,,,,,,,,,,,,,,,,,,,,,,,,,,,,,,,,,,,,,,,,,,,,,,,,,
Valeriana,uliginosa,(Torr. & Gray) Rydb.,Caprifoliaceae,marsh valerian,not_urban,,"This was not found, should be Valeriana officinalis but we're not deleting it from this spreadsheet so we don't have to do that in all of them",1,1,,,,,,,,,,,,,,,,,,,,,,,,,,,,,,,,21.09,84.37,,Valeriana officinalis,,,,,,,,,,,,,,,,,,,,,,,,,,,,,,,,,,,,,,,,,,,,,,,,,,,,,,,,,,,,,,,,,,,,,,,,,,,,,,,,
Verbascum,blattaria,L.,Scrophulariaceae,moth mullein,not_urban,,,1,0,,3,5,60,10,23,43.48,,,,,,,,,,,,,,,,,,,,,,,,,51.74,206.96,,,,,,,,,,,,,,,,,,,,,,,,,,,,,,,,,,,,,,,,,,,,,,,,,,,,,,,,,,,,,,,,,,,,,,,,,,,,,,,,,,
Verbascum ,thapsus,L.,Scrophulariaceae,common mullein,not_urban,,,1,0,,14,10,140,10,15,66.66666667,17,20,85,9,15,60,12,15,80,,,,,,,,,,,,,,,,86.33,345.33,,,,,,,,,,,,,,,,,,,,,,,,,,,,,,,,,,,,,,,,,,,,,,,,,,,,,,,,,,,,,,,,,,,,,,,,,,,,,,,,,,
Verbena,hastata,L.,Verbenaceae,blue vervain,not_urban,,,1,1,,135,3,4500,90,6,1500,30,4,750,600,20,3000,550,10,5500,680,25,2720,700,20,3500,580,15,3866.666667,,,,,,,3167.08,12668.33,,,,,,,,,,,,,,,,,,,,,,,,,,,,,,,,,,,,,,,,,,,,,,,,,,,,,,,,,,,,,,,,,,,,,,,,,,,,,,,,,,
Verbena ,urticifolia,L.,Verbenaceae,white vervain,not_urban,,,1,1,,80,12,666.6666667,30,6,500,70,10,700,51,10,510,38,10,380,55,10,550,40,5,800,5,45,11.11111111,,,,,,,514.72,2058.89,,,,,,,,,,,,,,,,,,,,,,,,,,,,,,,,,,,,,,,,,,,,,,,,,,,,,,,,,,,,,,,,,,,,,,,,,,,,,,,,,,
Vernonia ,noveboracensis,(L.) Michx.,Asteraceae,New York ironweed,not_urban,,,1,1,,120,25,480,200,25,800,88,20,440,,,,,,,,,,,,,,,,,,,,,,573.33,2293.33,,,,,,,,,,,,,,,,,,,,,,,,,,,,,,,,,,,,,,,,,,,,,,,,,,,,,,,,,,,,,,,,,,,,,,,,,,,,,,,,,,
Veronica,americana,Schwein. ex Benth.,Plantaginaceae,American brooklime,not_urban,,,1,1,,15,7,214.29,33,8,412.5,43,15,286.67,49,10,490,63,25,252,,,,,,,,,,,,,,,,331.09,1324.36,,,,,,,,,,,,,,,,,,,,,,,,,,,,,,,,,,,,,,,,,,,,,,,,,,,,,,,,,,,,,,,,,,,,,,,,,,,,,,,,,,
Veronica,anagallis-aquatica,L.,Plantaginaceae,water speedwell,not_urban,,,1,0,,155,20,775,,,,,,,,,,,,,,,,,,,,,,,,,,,,775.00,3100.00,,,"values seemed high, so I doubled coverage",,,,,,,,,,,,,,,,,,,,,,,,,,,,,,,,,,,,,,,,,,,,,,,,,,,,,,,,,,,,,,,,,,,,,,,,,,,,,,,
Veronica,arvensis,L.,Plantaginaceae,corn speedwell,not_urban,,,1,0,,1,5,20,1,0.5,200,,,,,,,,,,,,,,,,,,,,,,,,,110.00,440.00,,,,,,,,,,,,,,,,,,,,,,,,,,,,,,,,,,,,,,,,,,,,,,,,,,,,,,,,,,,,,,,,,,,,,,,,,,,,,,,,,,
Veronica,chamaedrys,L.,Plantaginaceae,Germander speedwell,not_urban,,,1,0,,20,50,40,15,40,37.5,75,30,250,51,50,102,63,30,210,,,,,,,,,,,,,,,,127.90,511.60,,,,,,,,,,,,,,,,,,,,,,,,,,,,,,,,,,,,,,,,,,,,,,,,,,,,,,,,,,,,,,,,,,,,,,,,,,,,,,,,,,
Veronica,filiformis,L.,Plantaginaceae,slender speedwell,not_urban,,,1,0,,,,,,,,,,,,,,,,,,,,,,,,,,,,,,,,296.06,1184.24,,average V. not including water speedwell,,,,,,,,,,,,,,,,,,,,,,,,,,,,,,,,,,,,,,,,,,,,,,,,,,,,,,,,,,,,,,,,,,,,,,,,,,,,,,,,
Veronica,officinalis,L.,Plantaginaceae,common speedwell,not_urban,,,1,0,,31,15,206.67,21,20,105,71,30,236.67,225,50,450,265,30,883.33,340,25,1360,31,25,124,74,20,370,,,,,,,466.96,1867.83,,,,,,,,,,,,,,,,,,,,,,,,,,,,,,,,,,,,,,,,,,,,,,,,,,,,,,,,,,,,,,,,,,,,,,,,,,,,,,,,,,
Veronica,peregrina,L.,Plantaginaceae,purslane speedwell,not_urban,,,1,1,,82,26,315.38,65,42,154.76,84,30,280,2,4,50,83,23,360.87,1,2,50,30,15,200,119,30,396.67,9,4,225.00,,,,225.85,903.41,Ag16 Pecher,,,,,,,,,,,,,,,,,,,,,,,,,,,,,,,,,,,,,,,,,,,,,,,,,,,,,,,,,,,,,,,,,,,,,,,,,,,,,,,,,
Veronica,persica,Poir.,Plantaginaceae,birdeye speedwell,not_urban,,,1,0,,30,15,200,7,5,140,28,8,350,34,8,425,,,,,,,,,,,,,,,,,,,278.75,1115.00,,,,,,,,,,,,,,,,,,,,,,,,,,,,,,,,,,,,,,,,,,,,,,,,,,,,,,,,,,,,,,,,,,,,,,,,,,,,,,,,,,
Veronica,serpyllifolia,L.,Plantaginaceae,thyme-leaved speedwell,not_urban,,,1,1,,42,12,350,48,22,218.18,44,15,293.33,96,37,259.46,38,25,152,,,,,,,,,,,,,,,,254.59,1018.38,,,,,,,,,,,,,,,,,,,,,,,,,,,,,,,,,,,,,,,,,,,,,,,,,,,,,,,,,,,,,,,,,,,,,,,,,,,,,,,,,,
Viburnum,acerifolium,L.,Adoxaceae,maple-leaved viburnum,not_urban,,,1,1,,5,60,8.33,2,40,5,0,70,0,12,70,17.14,4,60,6.67,1,25,4,,,,,,,,,,,,,6.86,27.43,,,,20,3.5,0.5,,,,,,,,,,,,,,,,,,,,,,,,,,,,,,,,,,,,,,,,,,20,,,,,,,,,,,,,,,,,,,,,,,,,,,,,,,,,,
Viburnum,dentatum,L.,Adoxaceae,southern arrowwood,not_urban,,,1,1,,294,50,588,210,25,840,420,20,2100,315,30,1050,540,30,1800,8,40,20,,,,,,,,,,,,,1066.33,4265.33,,,,17,5,0.5,,,,,,,,,,,,,,,,,,,,,,,,,,,,,,,,,,,,,,,,,,17,,,,,,,,,,,,,,,,,,,,,,,,,,,,,,,,,,
Viburnum,lentago,L.,Adoxaceae,nanny berry,not_urban,,,1,1,,5,40,12.5,5,30,16.67,2,60,3.33,2,40,5,3,40,7.5,,,,,,,,,,,,,,,,9.00,36.00,,,,,,,,,,,,,,,,,,,,,,,,,,,,,,,,,,,,,,,,,,,,,,,,,,,,,,,,,,,,,,,,,,,,,,,,,,,,,,,,,,
Viburnum,nudum,L.,Adoxaceae,wild raisin,not_urban,,,1,1,,,,,,,,,,,,,,,,,5,100,5.00,6,100,6.00,6,100,6.00,4,85,4.71,10,80,12.50,6.84,27.36,,picture,,,,,,,,,,,,,,,,,,,,,,,,,,,,,,,,,,,,,,,,,,,,,,,,,,,,,,,,,,,,,,,,,,,,,,,,,,,,,,,,
Viburnum,opulus,L.,Adoxaceae,guelder-rose,not_urban,,go botany says V. opulus ssp. Opulus (non-native),1,0,,1,40,2.5,4,50,8,2,25,8,,,,,,,,,,,,,,,,,,,,,,6.17,24.67,,,,72,7,1,,,,,,,,,,,,,,,,,,,,,,,,,,,,,,,,,,,,,,,,,,72,,,,,,,,,,,,,,,,,,,,,,,,,,,,,,,,,,
Viburnum,rafinesquianum,J.A. Schultes,Adoxaceae,downy arrow-wood,not_urban,,"from Kip Trail, Canton, NY",1,1,,17,70,24.28571429,40,40,100,55,50,110,,,,,,,,,,,,,,,,,,,,,,78.10,312.38,,,,,,,,,,,,,,,,,,,,,,,,,,,,,,,,,,,,,,,,,,,,,,,,,,,,,,,,,,,,,,,,,,,,,,,,,,,,,,,,,,
Viburnum,trilobum,L.,Adoxaceae,American cranberrybush ,not_urban,,gobotany is classifying this is V. opulus ssp. Trilobum (native),1,1,,,,,,,,,,,,,,,,,12,100,12.00,8,75,10.67,9,100,9.00,8,100,8.00,4,45,8.89,9.71,38.84,,picture,,,,,,,,,,,,,,,,,,,,,,,,,,,,,,,,,,,,,,,,,,,,,,,,,,,,,,,,,,,,,,,,,,,,,,,,,,,,,,,,
Vicia,americana,Muhl. ex Willd. ,Fabaceae,purple vetch,not_urban,,,1,1,,,,,,,,,,,,,,,,,,,,,,,,,,,,,,,,112.50,450.00,,picture,,,,,,,,,,,,,,,,,,,,,,,,,,,,,,,,,,,,,,,,,,,,,,,,,,,,,,,,,,,,,,,,,,,,,,,,,,,,,,,,
Vicia,cracca,L.,Fabaceae,cow vetch,not_urban,,,1,0,,37,12,308.33,9,5,180,36,40,90,185,40,462.5,210,30,700,220,30,733.33,137,30,456.67,,,,,,,,,,418.69,1674.76,,,,,,,,,,,,,,,,,,,,,,,,,,,,,,,,,,,,,,,,,,,,,,,,,,,,,,,,,,,,,,,,,,,,,,,,,,,,,,,,,,
Vicia,sativa subsp. nigra,L.,Fabaceae,spring vetch,not_urban,,,1,0,,,,,,,,,,,,,,,,,10,5,200.00,5,5,100.00,11,10,110.00,8,10,80.00,10,6,166.67,131.33,525.33,,,,,,,,,,,,,,,,,,,,,,,,,,,,,,,,,,,,,,,,,,,,,,,,,,,,,,,,,,,,,,,,,,,,,,,,,,,,,,,,,,
Vicia,tetrasperma,(L.) Schreb.,Fabaceae,slender vetch,not_urban,,,1,0,,3,7,42.86,1,15,6.67,4,20,20,55,50,110,75,60,125,48,45,106.67,60,50,120,45,54,83.33,,,,,,,76.82,307.26,,,,,,,,,,,,,,,,,,,,,,,,,,,,,,,,,,,,,,,,,,,,,,,,,,,,,,,,,,,,,,,,,,,,,,,,,,,,,,,,,,
Vinca,minor,L.,Apocynaceae,common periwinkle,not_urban,,,1,0,,,,,,,,,,,,,,,,,45,100,45.00,83,100.00,83.00,80,100,80.00,53,100,53.00,12,20,60.00,64.20,256.80,,,,,,,,,,,,,,,,,,,,,,,,,,,,,,,,,,,,,,,,,,,,,,,,,,,,,,,,,,,,,,,,,,,,,,,,,,,,,,,,,,
Viola,arvensis,Murr.,Violaceae,field pansy,not_urban,,,1,0,,,,,,,,,,,,,,,,,,,,,,,,,,,,,,,,41.77,167.08,,average Viola,,,,,,,,,,,,,,,,,,,,,,,,,,,,,,,,,,,,,,,,,,,,,,,,,,,,,,,,,,,,,,,,,,,,,,,,,,,,,,,,
Viola,blanda,Willd.,Violaceae,sweet white violet,not_urban,,,1,1,,,,,,,,,,,,,,,,,,,,,,,,,,,,,,,,41.77,167.08,,average Viola,,,,,,,,,,,,,,,,,,,,,,,,,,,,,,,,,,,,,,,,,,,,,,,,,,,,,,,,,,,,,,,,,,,,,,,,,,,,,,,,
Viola,cucullata,Ait.,Violaceae,marsh blue violet,not_urban,,,1,1,,,,,,,,,,,,,,,,,,,,,,,,,,,,,,,,41.77,167.08,,average Viola,,,,,,,,,,,,,,,,,,,,,,,,,,,,,,,,,,,,,,,,,,,,,,,,,,,,,,,,,,,,,,,,,,,,,,,,,,,,,,,,
Viola,laboradorica,Schrank,Violaceae,dog violet,not_urban,,labradorica correct spelling,1,1,,,,,,,,,,,,,,,,,,,,,,,,,,,,,,,,41.77,167.08,,average Viola,,,,,,,,,,,,,,,,,,,,,,,,,,,,,,,,,,,,,,,,,,,,,,,,,,,,,,,,,,,,,,,,,,,,,,,,,,,,,,,,
Viola,odorata,L.,Violaceae,English violet,not_urban,,,1,0,,,,,,,,,,,,,,,,,,,,,,,,,,,,,,,,41.77,167.08,,average Viola,,,,,,,,,,,,,,,,,,,,,,,,,,,,,,,,,,,,,,,,,,,,,,,,,,,,,,,,,,,,,,,,,,,,,,,,,,,,,,,,
Viola,pubescens,Ait.,Violaceae,downy yellow violet,not_urban,,,1,1,,3,12,25,1,15,6.67,1,10,10,2,10,20,3,20,15,,,,,,,,,,,,,,,,15.33,61.33,,,,,,,,,,,,,,,,,,,,,,,,,,,,,,,,,,,,,,,,,,,,,,,,,,,,,,,,,,,,,,,,,,,,,,,,,,,,,,,,,,
Viola,rostrata,Pursh,Violaceae,long spurred violet,not_urban,,,1,1,,6,15,40,8,15,53.33,10,20,50,10,20,50,6,10,60,3,8,37.5,4,8,50,6,15,40,6,20,30,,,,45.65,182.59,,,,,,,,,,,,,,,,,,,,,,,,,,,,,,,,,,,,,,,,,,,,,,,,,,,,,,,,,,,,,,,,,,,,,,,,,,,,,,,,,,
Viola,sororia,Willd.,Violaceae,purple wood violet,not_urban,,,1,1,,15,20,75,,,,,,,,,,,,,,,,,,,,,,,,,,,,75.00,300.00,,,,,,,,,,,,,,,,,,,,,,,,,,,,,,,,,,,,,,,,,,,,,,,,,,,,,,,,,,,,,,,,,,,,,,,,,,,,,,,,,,
Viola,sp.,L. ,Violaceae,violet,not_urban,,,1,0,,,,,,,,,,,,,,,,,,,,,,,,,,,,,,,,41.77,167.08,,average Viola,,,,,,,,,,,,,,,,,,,,,,,,,,,,,,,,,,,,,,,,,,,,,,,,,30,15,200,12,20,60.00,"these entries are from an urban survey, unknown viola",,,,,,,,,,,,,,,,,,,,,,,,,
Viola,striata,Ait.,Violaceae,pale violet,not_urban,,,1,1,,3,10,30,5,15,33.33,6,20,30,,,,,,,,,,,,,,,,,,,,,,31.11,124.44,,,,,,,,,,,,,,,,,,,,,,,,,,,,,,,,,,,,,,,,,,,,,,,,,,,,,,,,,,,,,,,,,,,,,,,,,,,,,,,,,,
Vitis,riparia,Michx.,Vitaceae,riverbank grape,not_urban,,,1,1,,53,45,117.78,66,50,132,45,40,112.5,52,40,130,75,50,150,,,,,,,,,,,,,,,,128.46,513.82,,,,,,,,,,,,,,,,,,,,,,,,,,,,,,,,,,,,,,,,,,,,,,,,,,,,,,,,,,,,,,,,,,,,,,,,,,,,,,,,,,
Xanthium ,strumarium,L.,Asteraceae,rough cocklebur,not_urban,,,0,1,,20,15,133.3333333,80,50,,110,80,,120,50,,,,,,,,,,,,,,,,,,,,133.33,533.33,,,,,,,,,,,,,,,,,,,,,,,,,,,,,,,,,,,,,,,,,,,,,,,,,,,,,,,,,,,,,,,,,,,,,,,,,,,,,,,,,,
Zanthoxylum ,americanum,P. Mill.,Rutaceae,prickly ash,not_urban,,,1,1,,363,50,726,99,40,247.5,1793,40,4482.5,,,,,,,,,,,,,,,,,,,,,,1818.67,7274.67,,,"from Living Lab, updated from internet pics",,,,,,,,,,,,,,,,,,,,,,,,,,,,,,,,,,,,,,,,,,,,,,,,,,,,,,,,,,,,,,,,,,,,,,,,,,,,,,,
Zea ,mays,L.,Poaceae,corn,not_urban,,,0,0,,,,,,,,,,,,,,,,,,,,,,,,,,,,,,,,#DIV/0!,#DIV/0!,,,,,,,,,,,,,,,,,,,,,,,,,,,,,,,,,,,,,,,,,,,,,,,,,,,,,,,,,,,,,,,,,,,,,,,,,,,,,,,,,,
Angelonia,sp.,Bonpl. ,Plantaginaceae,angelonia,urban,,,1,0,,38,80,47.5,42,80,52.5,216,25,864,130,25,520,184,25,736,104,25,416,,,,,,,,,,,,,439.33,1757.33,,,,,,,,,,,,,,,,,,,,,,,,,,,,,,,,,,,,,,,,,,,,,,,,,,,,,,,,,,,,,,,,,,,,,,,,,,,,,,,,,,
Asclepias,tuberosa,L. ,Apocynaceae,butterfly weed,urban,,,1,1,,,,,,,,,,,,,,,,,,,,,,,120,20,600.00,140,30,466.67,72,20,360.00,475.56,1902.22,,,,,,,,,,,,,,,,,,,,,,,,,,,,,,,,,,,,,,,,,,,,,,,,,,,,,,,,,,,,,,,,,,,,,,,,,,,,,,,,,,
Astilbe,sp.,Buch. -Ham,Saxifragaceae,astilbe,urban,,,1,0,,8,50,16,2,100,2,192,30,640,,,,,,,,,,,,,,,,,,,,,,219.33,877.33,,,,,,,,,,,,,,,,,,,,,,,,,,,,,,,,,,,,,,,,,,,,,,,,,,,,,,,,,,,,,,,,,,,,,,,,,,,,,,,,,,
Begonia,sp.,L. ,Begoniaceae,begonia,urban,,,1,0,,80,80,100,105,25,420,81,20,405,38,25,152,28,25,112,,,,,,,,,,,,,,,,237.80,951.20,,,entries 4 and 5 are from 'megawatt' varieties,,,,,,,,,,,,,,,,,,,,,,,,,,,,,,,,,,,,,,,,,,,,,,,,,,,,,,,,,,,,,,,,,,,,,,,,,,,,,,,
Buddleja,davidii,Franch. ,Scrophulariaceae,butterfly bush,urban,,,1,0,,7,25,28,11,30,36.66666667,17,80,21.25,20,50,40,,,,,,,,,,,,,,,,,,,31.48,125.92,,,,,,,,,,,,,,,,,,,,,,,,,,,,,,,,,,,,,,,,,,,,,,,,,,,,,,,,,,,,,,,,,,,,,,,,,,,,,,,,,,
Callicarpa,dichotoma,(Lour.) K. Koch,Lamiaceae,beautyberry,urban,,,1,0,,140,50,280,,,,,,,,,,,,,,,,,,,,,,,,,,,,280.00,1120.00,,,,,,,,,,,,,,,,,,,,,,,,,,,,,,,,,,,,,,,,,,,,,,,,,,,,,,,,,,,,,,,,,,,,,,,,,,,,,,,,,,
Calycanthus,floridus,L. ,Calycanthaceae,Carolina allspice,urban,,,1,0,,15,40,37.5,20,50,40,,,,,,,,,,,,,,,,,,,,,,,,,38.75,155.00,,picture,,,,,,,,,,,,,,,,,,,,,,,,,,,,,,,,,,,,,,,,,,,,,,,,,,,,,,,,,,,,,,,,,,,,,,,,,,,,,,,,
Chaenostoma,cordatum,(Thunb.) Benth,Scrophulariaceae,bacopa,urban,,,1,0,,64,12,533.3333333,,,,,,,,,,,,,,,,,,,,,,,,,,,,533.33,2133.33,,,,,,,,,,,,,,,,,,,,,,,,,,,,,,,,,,,,,,,,,,,,,,,,,,,,,,,,,,,,,,,,,,,,,,,,,,,,,,,,,,
Chrysanthemum,sp.,L. ,Asteraceae,chrysanthemum,urban,,,1,0,,88,30,293.3333333,,,,,,,,,,,,,,,,,,,,,,,,,,,,293.33,1173.33,,picture,,,,,,,,,,,,,,,,,,,,,,,,,,,,,,,,,,,,,,,,,,,,,,,,,,,,,,,,,,,,,,,,,,,,,,,,,,,,,,,,
Clematis,sp.,L. ,Ranunculaceae,clematis,urban,,,1,0,,110,25,440,94.5,25,378,,,,,,,,,,,,,,,,,,,,,,,,,409.00,1636.00,,,,,,,,,,,,,,,,,,,,,,,,,,,,,,,,,,,,,,,,,,,,,,,,,,,,,,,,,,,,,,,,,,,,,,,,,,,,,,,,,,
Convallaria,majalis,L. ,Asparagaceae,lily of the valley,urban,,,1,0,,,,,,,,,,,,,,,,,,,,,,,117,100,117.00,63,25,252.00,54,25,216.00,195.00,780.00,,,not entered yet,,,,,,,,,,,,,,,,,,,,,,,,,,,,,,,,,,,,,,,,,,,,,,,,,,,,,,,,,,,,,,,,,,,,,,,,,,,,,,,
Cotinus,coggyria,Scop. ,Anacardiaceae,smokebush,urban,,,1,0,,40775,150,27183.33333,,,,,,,,,,,,,,,,,,,,,,,,,,,,27183.33,108733.33,,,,,,,,,,,,,,,,,,,,,,,,,,,,,,,,,,,,,,,,,,,,,,,,434933,assuming 4m2 area per bush,"dioecious but bees visit female flowers, so likely visit both. No need to adjust sex ratio.",,,,,,,,,,,,,,,,,,,,,,,,,,,,,,,,
Cotoneaster,apiculatus,Rehder & E.H. Willson,,cranberry cotoneaster,urban,,,1,0,,78,15,520,,,,,,,,,,,,,,,,,,,,,,,,,,,,520.00,2080.00,,picture,,,,,,,,,,,,,,,,,,,,,,,,,,,,,,,,,,,,,,,,,,,,,,,,,,,,,,,,,,,,,,,,,,,,,,,,,,,,,,,,
Daphne,x_burkwoodii,Turill,Thymelaeaceae,Burkwoods daphne ,urban,,,1,0,,91,25,364,,,,,,,,,,,,,,,,,,,,,,,,,,,,364.00,1456.00,,picture,,,,,,,,,,,,,,,,,,,,,,,,,,,,,,,,,,,,,,,,,,,,,,,,,,,,,,,,,,,,,,,,,,,,,,,,,,,,,,,,
Deutzia,gracilis,Siebold & Zucc,Hydrangeaceae,Japanese snow flower,urban,,,1,0,,35,15,233.3333333,117,10,1170,,,,,,,,,,,,,,,,,,,,,,,,,701.67,2806.67,,picture,,,,,,,,,,,,,,,,,,,,,,,,,,,,,,,,,,,,,,,,,,,,,,,,,,,,,,,,,,,,,,,,,,,,,,,,,,,,,,,,
Digitalis,sp.,Tourn. ex. L. ,Plantaginaceae,foxglove,urban,,,1,0,,83,10,830,,,,,,,,,,,,,,,,,,,,,,,,,,,,830.00,3320.00,,picture,,,,,,,,,,,,,,,,,,,,,,,,,,,,,,,,,,,,,,,,,,,,,,,,,,,,,,,,,,,,,,,,,,,,,,,,,,,,,,,,
Echinacea,purpurea,(L.) Gray Moench,Asteraceae,purple coneflower,urban,,,1,2,native to PA,18,50,36,,,,,,,,,,,,,,,,,,,,,,,,,,,,36.00,144.00,,,,,,,,,,,,,,,,,,,,,,,,,,,,,,,,,,,,,,,,,,,,,,,,,,,,,,,,,,,,,,,,,,,,,,,,,,,,,,,,,,
Euphorbia,sp.diamond_frost,L. ,Euphorbiaceae,diamond frost euphorbia,urban,,,1,0,,800,25,3200,300,10,3000,315,10,3150,,,,,,,,,,,,,,,,,,,,,,3116.67,12466.67,,,,,,,,,,,,,,,,,,,,,,,,,,,,,,,,,,,,,,,,,,,,,,,,,,,,,,,,,,,,,,,,,,,,,,,,,,,,,,,,,,
Eustoma,russellianum,(Hook.) G. Don,Gentianaceae,lisianthus,urban,,from Roanoke,1,0,,4,10,40,7,10,70,5,10,50,14,15,93.33333333,,,,,,,,,,,,,,,,,,,63.33,253.33,,,,,,,,,,,,,,,,,,,,,,,,,,,,,,,,,,,,,,,,,,,,,,,,,,,,,,,,,,,,,,,,,,,,,,,,,,,,,,,,,,
Forsythia,sp.,Vahl,Oleaceae,forsythia,urban,,,0,0,,63,50,126,,,,,,,,,,,,,,,,,,,,,,,,,,,,126.00,504.00,,,,,,,,,,,,,,,,,,,,,,,,,,,,,,,,,,,,,,,,,,,,,,,,,,,,,,,,,,,,,,,,,,,,,,,,,,,,,,,,,,
Fragaria,sp.ornamental,Losinsk,Rosaceae,ornamental strawberry,urban,,,1,0,,,,,,,,,,,,,,,,,,,,,,,,,,,,,,,,16.13,64.50,,used x ananassa,taken from field data on strawberry farms 2018,,,,,,,,,,,,,,,,,,,,,,,,,,,,,,,,,,,,,,,,,,,,,,,,,,,,,,,,,,,,,,,,,,,,,,,,,,,,,,,
Gaillardia,sp.,Foug. ,Asteraceae,gaillardia,urban,,,1,0,,52,40,130,70,60,116.6666667,13,10,130,12,10,120,,,,,,,,,,,,,,,,,,,124.17,496.67,,,,,,,,,,,,,,,,,,,,,,,,,,,,,,,,,,,,,,,,,,,,,,,,,,,,,,,,,,,,,,,,,,,,,,,,,,,,,,,,,,
Geranium,sanguineum,L. ,Geraniaceae,canon miles,urban,,,1,0,,14,50,28,20,85,23.52941176,,,,,,,,,,,,,,,,,,,,,,,,,25.76,103.06,,,,,,,,,,,,,,,,,,,,,,,,,,,,,,,,,,,,,,,,,,,,,,,,,,,,,,,,,,,,,,,,,,,,,,,,,,,,,,,,,,
Geranium,wallichianum,D. Don,Geraniaceae,bloody geranium,urban,,,1,0,,25,100,25,,,,,,,,,,,,,,,,,,,,,,,,,,,,25.00,100.00,,,,,,,,,,,,,,,,,,,,,,,,,,,,,,,,,,,,,,,,,,,,,,,,,,,,,,,,,,,,,,,,,,,,,,,,,,,,,,,,,,
Gerbera,hybrida,Hort,Asteraceae,gerbera daisy,urban,,,1,0,,4,40,10,,,,,,,,,,,,,,,,,,,,,,,,,,,,10.00,40.00,,,,,,,,,,,,,,,,,,,,,,,,,,,,,,,,,,,,,,,,,,,,,,,,,,,,,,,,,,,,,,,,,,,,,,,,,,,,,,,,,,
Gladiolus,sp.,L. ,Gladiolaceae,gladiolus,urban,,,1,0,,38,50,76,,,,,,,,,,,,,,,,,,,,,,,,,,,,76.00,304.00,,picture,,,,,,,,,,,,,,,,,,,,,,,,,,,,,,,,,,,,,,,,,,,,,,,,,,,,,,,,,,,,,,,,,,,,,,,,,,,,,,,,
Hedera,helix,L. ,Araliaceae,English ivy,urban,,,1,0,,30,5,600,,,,,,,,,,,,,,,,,,,,,,,,,,,,600.00,2400.00,,picture,,,,,,,,,,,,,,,,,,,,,,,,,,,,,,,,,,,,,,,,,,,,,,,,,,,,,,,,,,,,,,,,,,,,,,,,,,,,,,,,
Heuchera,sp.,L. ,Saxifragaceae,coral bells,urban,,,1,0,,256,20,1280,390,55,709.0909091,408,25,1632,,,,,,,,,,,,,,,,,,,,,,1207.03,4828.12,,,,,,,,,,,,,,,,,,,,,,,,,,,,,,,,,,,,,,,,,,,,,,,,,,,,,,,,,,,,,,,,,,,,,,,,,,,,,,,,,,
Hydrangea,macrophylla,(Thunb.) Ser. ,Hydrangeaceae,hydrangea,urban,,,1,0,,5,100,5,3,100,3,2,70,2.857142857,5,100,5,,,,,,,,,,,,,,,,,,,3.96,15.86,,,,,,,,,,,,,,,,,,,,,,,,,,,,,,,,,,,,,,,,,,,,,,,,,,,,,,,,,,,,,,,,,,,,,,,,,,,,,,,,,,
Ilex,sp.,(L.) Gray,Aquifoliaceae,holly,urban,,,1,0,,,,,,,,,,,,,,,,,,,,,,,,,,,,,,,,513.10,2052.38,,used Ilex verticillata,,,,,,,,,,,,,,,,,,,,,,,,,,,,,,,,,,,,,,,,,,,,,,,,,,,,,,,,,,,,,,,,,,,,,,,,,,,,,,,,
Impatiens,sp.,L. ,Balsaminaceae,impatiens,urban,,"this marked as insect-pollinated, but it has few resources: https://www.canr.msu.edu/news/better-habitat-for-bees",1,0,,39,50,78,,,,,,,,,,,,,,,,,,,,,,,,,,,,78.00,312.00,,,,,,,,,,,,,,,,,,,,,,,,,,,,,,,,,,,,,,,,,,,,,,,,,,,,,,,,,,,,,,,,,,,,,,,,,,,,,,,,,,
Ipomoea,sp.,L. ,Convolvulaceae,morning glory,urban,,,1,0,,7,60,11.66666667,8,65,12.30769231,,,,,,,,,,,,,,,,,,,,,,,,,11.99,47.95,,,,,,,,,,,,,,,,,,,,,,,,,,,,,,,,,,,,,,,,,,,,,,,,,,,,,,,,,,,,,,,,,,,,,,,,,,,,,,,,,,
Iris,sp.,L.,Iridaceae,iris,urban,,,1,0,,,,,,,,,,,,,,,,,18,100,18,6,100,6,15,100,15,7,80,8.75,8,80,10,11.55,46.20,,picture. used Iris versicolor,,,,,,,,,,,,,,,,,,,,,,,,,,,,,,,,,,,,,,,,,,,,,,,,,,,,,,,,,,,,,,,,,,,,,,,,,,,,,,,,
Kalmia,latifolia,L. ,Ericaceae,mountain laurel,urban,,,1,1,,210,50,420,,,,,,,,,,,,,,,,,,,90,50,180,250,100,250,150,60,250,275.00,1100.00,,"last 3 based on pictures. First from Roanoke, Va.",,,,,,,,,,,,,,,,,,,,,,,,,,,,,,,,,,,,,,,,,,,,,,,,,,,,,,,,,,,,,,,,,,,,,,,,,,,,,,,,
Kolkwitzia,amabilis,(Graebn.) Cristnh. ,Caprifoliaceae,brown capsule,urban,,,1,0,,90,50,180,,,,,,,,,,,,,,,,,,,,,,,,,,,,180.00,720.00,,,,,,,,,,,,,,,,,,,,,,,,,,,,,,,,,,,,,,,,,,,,,,,,,,,,,,,,,,,,,,,,,,,,,,,,,,,,,,,,,,
Lamium,maculatum,L. ,Lamiaceae,spotted dead nettle,urban,,,1,0,,14,30,46.66666667,12,25,48,37,100,37,50,100,50,48,100,48,,,,,,,,,,,,,,,,45.93,183.73,,,,,,,,,,,,,,,,,,,,,,,,,,,,,,,,,,,,,,,,,,,,,,,,,,,,,,,,,,,,,,,,,,,,,,,,,,,,,,,,,,
Lamprocapnos,spectabilis,L. (Fukuhara),Papaveraceae,bleeding heart,urban,,,1,0,,81,50,162,42,45,93.33333333,36,50,72,,,,,,,,,,,,,,,,,,,,,,109.11,436.44,,,,,,,,,,,,,,,,,,,,,,,,,,,,,,,,,,,,,,,,,,,,,,,,,,,,,,,,,,,,,,,,,,,,,,,,,,,,,,,,,,
Lavandula,sp.,L. ,Lamiaceae,lavender,urban,,,1,0,,1680,25,6720,,,,,,,,,,,,,,,,,,,,,,,,,,,,6720.00,26880.00,,,"also measured clusters, with 18.18 and 15 clusters per m2",,,,,,,,,,,,,,,,,,,,,,,,,,,,,,,,,,,,,,,,,,,,,,,,,,,,,,,,,,,,,,,,,,,,,,,,,,,,,,,
Liatris,sp.,Gaertn. ex Schreb,Asteraceae,blazing star,urban,,,1,0,,840,25,3360,,,,,,,,,,,,,,,,,,,,,,,,,,,,3360.00,13440.00,,,,,,,,,,,,,,,,,,,,,,,,,,,,,,,,,,,,,,,,,,,,,,,,,,,,,,,,,,,,,,,,,,,,,,,,,,,,,,,,,,
Lilium,sp.,L.,Liliaceae,lily,urban,,from the Living lab,1,0,,5,10,50.00,2,6,33.33,2,8,25.00,,,,,,,,,,,,,,,,,,,,,,36.11,144.44,,Used L. canadense,,,,,,,,,,,,,,,,,,,,,,,,,,,,,,,,,,,,,,,,,,,,,,,,,,,,,,,,,,,,,,,,,,,,,,,,,,,,,,,,
Lobularia,maritima,(L.) Desv. ,Brassicaceae,sweet allyssum,urban,,,1,0,,330,20,1650,450,15,3000,300,15,2000,2262,15,15080,1020,10,10200,,,,,,,,,,,,,,,,6386.00,25544.00,,,,,,,,,,,,,,,,,,,,,,,,,,,,,,,,,,,,,,,,,,,,,,,,,,,,,,,,,,,,,,,,,,,,,,,,,,,,,,,,,,
Magnolia,stellata,(Siebold & Zucc.) Maxim,,star magnolia,urban,,beetle and fly pollinated; bees may collect mostly pollen: Sukumaran 2020,1,0,,27,50,54,39,60,65,30,40,75,,,,,,,,,,,,,,,,,,,,,,64.67,258.67,,,,,,,,,,,,,,,,,,,,,,,,,,,,,,,,,,,,,,,,,,,,,,,,,,,,,,,,,,,,,,,,,,,,,,,,,,,,,,,,,,
Melissa,officinalis,L. ,Lamiaceae,lemon balm,urban,,,1,0,,360,5,7200,580,10,5800,,,,,,,,,,,,,,,,,,,,,,,,,6500.00,26000.00,,,,,,,,,,,,,,,,,,,,,,,,,,,,,,,,,,,,,,,,,,,,,,,,,,,,,,,,,,,,,,,,,,,,,,,,,,,,,,,,,,
Miscanthus,sp.,Andersson,Poaceae,miscanthus,urban,,,0,0,,,,,,,,,,,,,,,,,,,,,,,,,,,,,,,,NA,NA,,,,,,,,,,,,,,,,,,,,,,,,,,,,,,,,,,,,,,,,,,,,,,,,,,,,,,,,,,,,,,,,,,,,,,,,,,,,,,,,,,
Nepeta,x_faassenii,Bergmans ex Stearn,Lamiaceae,6 hills giant,urban,,,1,0,,175,25,700,115,20,575,169,25,676,,,,,,,,,,,,,,,,,,,,,,650.33,2601.33,,,,,,,,,,,,,,,,,,,,,,,,,,,,,,,,,,,,,,,,,,,,,,,,,,,,,,,,,,,,,,,,,,,,,,,,,,,,,,,,,,
Oenothera,lindheimeri,(Engelm. & A. Gray) W.L Wagner &Hoch,,gaura,urban,,,1,0,,25,25,100,,,,,,,,,,,,,,,,,,,,,,,,,,,,100.00,400.00,,,,,,,,,,,,,,,,,,,,,,,,,,,,,,,,,,,,,,,,,,,,,,,,,,,,,,,,,,,,,,,,,,,,,,,,,,,,,,,,,,
Pachysandra,terminalis,Siebold and Zucc. ,Buxaceae,Japanese pachysandra,urban,,,1,0,,41,80,51.25,,,,,,,,,,,,,,,,,,,,,,,,,,,,51.25,205.00,,picture,,,,,,,,,,,,,,,,,,,,,,,,,,,,,,,,,,,,,,,,,,,,,,,,,,,,,,,,,,,,,,,,,,,,,,,,,,,,,,,,
Paeonia,sp.,L. ,Paeoniaceae,peony,urban,,,1,0,,11,100,11,,,,,,,,,,,,,,,,,,,,,,,,,,,,11.00,44.00,,picture,,,,,,,,,,,,,,,,,,,,,,,,,,,,,,,,,,,,,,,,,,,,,,,,,,,,,,,,,,,,,,,,,,,,,,,,,,,,,,,,
Pelargonium,sp.,L' Her. ,Geraniaceae,geranium,urban,,Not attractive to pollinators: https://archive.sussex.ac.uk/news/bulletin/bulletin/www.sussex.ac.uk/internal/bulletin/staff/2013-14/181013/gardenflowers.html,0,0,,,,,,,,,,,,,,,,,,,,,,,,,,,,,,,,NA,NA,,,,,,,,,,,,,,,,,,,,,,,,,,,,,,,,,,,,,,,,,,,,,,,,,,,29,45,64.44444444,27,50,54,144,39,369.2307692,38,25,152,54,25,216,,,,,,,,,,,,,,,,,
Petunia,x_atkinsiana,E. Vilm. ,Solanaceae,petunia,urban,,Not attractive: https://homeguides.sfgate.com/petunias-attract-bees-81111.html,0,0,,,,,,,,,,,,,,,,,,,,,,,,,,,,,,,,NA,NA,,,,,,,,,,,,,,,,,,,,,,,,,,,,,,,,,,,,,,,,,,,,,,,,,,,25,30,83.33333333,7,10,70,,,,,,,,,,,,,,,,,,,,,,,,,,
Phlox,subulata,L. ,Polemoniaceae,creeping phlox,urban,,,1,1,,112,20,560,36,9,400,40,8,500,,,,,,,,,,,,,,,,,,,,,,486.67,1946.67,,,,,,,,,,,,,,,,,,,,,,,,,,,,,,,,,,,,,,,,,,,,,,,,,,,,,,,,,,,,,,,,,,,,,,,,,,,,,,,,,,
Physocarpus,opulifolius,(L.) Maxim,Rosaceae,ninebark,urban,,,1,1,,22,15,146.6666667,40,50,80,25,45,55.55555556,36,50,72,21,40,52.5,,,,,,,,,,,,,,,,81.34,325.38,,,"from kip trail, Canton, NY",,,,,,,,,,,,,,,,,,,,,,,,,,,,,,,,,,,,,,,,,,,,,,,,,,,,,,,,,,,,,,,,,,,,,,,,,,,,,,,
Plectranthis,scutellarioides,R. Br. ,Lamiaceae,coleus,urban,,,1,0,,360,100,360,60,100,60,120,100,120,120,15,800,,,,,,,,,,,,,,,,,,,335.00,1340.00,,,,,,,,,,,,,,,,,,,,,,,,,,,,,,,,,,,,,,,,,,,,,,,,,,,,,,,,,,,,,,,,,,,,,,,,,,,,,,,,,,
Rhododendron,catawbiense,Michx. ,Ericaceae,mountain roseboy ,urban,,,1,2,native to PA,210,100,210,112,80,140,84,80,105,140,80,175,,,,,,,,,,,,,,,,,,,157.50,630.00,,,,,,,,,,,,,,,,,,,,,,,,,,,,,,,,,,,,,,,,,,,,,,,,,,,,,,,,,,,,,,,,,,,,,,,,,,,,,,,,,,
Rhododendron,sp.ornamental_azalea,(Michx.) Shinners,Ericaceae,ornamental rhododendrom,urban,,,1,0,,,,,,,,,,,,,,,,,28,20,140,16,6,266.6666667,15,6,250,21,20,105,18,16,112.5,174.83,699.33,,,"these values were initially unrealistically high, probably due to herbarium specimens specifically targeting most floriferous part of plant. I doubled coverage area (divided floral area by two)",,,,,,,,,,,,,,,,,,,,,,,,,,,,,,,,,,,,,,,,,,,,,,,,,,,,,,,,,,,,,,,,,,,,,,,,,,,,,,,
Rosa,sp_climber,L. ,Rosaceae,rose,urban,,not attractive to pollinators.,0,0,,,,,,,,,,,,,,,,,,,,,,,,,,,,,,,,NA,NA,,,,,,,,,,,,,,,,,,,,,,,,,,,,,,,,,,,,,,,,,,,,,,,,,,,,,,,,,,,,,,,,,,,,,,,,,,,,,,,,,,
Rosa,sp.,L. ,Rosaceae,rose,urban,,not attractive to pollinators.,0,0,,,,,,,,,,,,,,,,,,,,,,,,,,,,,,,,NA,NA,,,,,,,,,,,,,,,,,,,,,,,,,,,,,,,,,,,,,,,,,,,,,,,,,,,,,,,,,,,,,,,,,,,,,,,,,,,,,,,,,,
Salvia,lyrata,L. ,Lamiaceae,cancer weed,urban,,,1,0,,12,20,60,,,,,,,,,,,,,,,,,,,,,,,,,,,,60.00,240.00,,picture,"another entry was 455*20=2275, removed as too much of outlier",,,,,,,,,,,,,,,,,,,,,,,,,,,,,,,,,,,,,,,,,,,,,,,,,,,,,,,,,,,,,,,,,,,,,,,,,,,,,,,
Salvia,sp.,L. ,Lamiaceae,salvia,urban,,,1,0,,748,25,2992,160,25,640,420,10,4200,384,20,1920,,,,,,,,,,,,,,,,,,,2438.00,9752.00,,,,,,,,,,,,,,,,,,,,,,,,,,,,,,,,,,,,,,,,,,,,,,,,,,,,,,,,,,,,,,,,,,,,,,,,,,,,,,,,,,
Spirea,japonica,L. ,Rosaceae,Japanese meadowsweet,urban,,,1,0,,62,30,206.6666667,,,,,,,,,,,,,,,,,,,,,,,,,,,,206.67,826.67,,,,these are entire inflorescences,,,,,,,,,,,,,,,,,,,,,,,,,,,,,,,,,,,,,,,,,,,,,,,,,,,,,,,,,,,,,,,,,,,,,,,,,,,,,,
Spirea,nipponica,Maxim,Rosaceae,snowmound,urban,,,1,0,,42,25,168,54,30,180,,,,,,,,,,,,,,,,,,,,,,,,,174.00,696.00,,,,these are entire inflorescences,,,,,,,,,,,,,,,,,,,,,,,,,,,,,,,,,,,,,,,,,,,,,,,,,,,,,,,,,,,,,,,,,,,,,,,,,,,,,,
Spirea,x_vanhouttei,(Briot) Carriere ,Rosaceae,spirea,urban,,,1,0,,,,,,,,,,,,,,,,,,,,,,,,,,,,,,,,206.67,826.68,,,,these are entire inflorescences,,,,,,,,,,,,,,,,,,,,,,,,,,,,,,,,,,,,,,,,,,,,,,,,,,,,,,,,,,,,,,,,,,,,,,,,,,,,,,
Stachys,byzantina,K. Koch,Lamiaceae,lamb's ear,urban,,,1,0,,375,40,937.5,,,,,,,,,,,,,,,,,,,,,,,,,,,,937.50,3750.00,,,,,,,,,,,,,,,,,,,,,,,,,,,,,,,,,,,,,,,,,,,,,,,,,,,,,,,,,,,,,,,,,,,,,,,,,,,,,,,,,,
Tagetes,sp.,L. ,Asteraceae,marigold,urban,,,1,0,,20,25,80,12,30,40,11,30,36.66666667,,,,,,,,,,,,,,,,,,,,,,52.22,208.89,,,,,,,,,,,,,,,,,,,,,,,,,,,,,,,,,,,,,,,,,,,,,,,,,,,,,,,,,,,,,,,,,,,,,,,,,,,,,,,,,,
Tradescantia,sp.,L. ,Commelinaceae,spiderwort,urban,,,1,0,,125,80,156.25,,,,,,,,,,,,,,,,,,,,,,,,,,,,156.25,625.00,,,,,,,,,,,,,,,,,,,,,,,,,,,,,,,,,,,,,,,,,,,,,,,,,,,,,,,,,,,,,,,,,,,,,,,,,,,,,,,,,,
Verbena,sp.ornamental,L. ,Verbenaceae,ornamental verbena,urban,,,1,0,,120,30,400,180,30,600,140,40,350,,,,,,,,,,,,,,,,,,,,,,450.00,1800.00,,,,,,,,,,,,,,,,,,,,,,,,,,,,,,,,,,,,,,,,,,,,,,,,,,,,,,,,,,,,,,,,,,,,,,,,,,,,,,,,,,
Viburnum,plicatum,Thunb. ,Viburnaceae,Japanese snowball bush,urban,,,1,0,,224,40,560,,,,,,,,,,,,,,,,,,,,,,,,,,,,560.00,2240.00,,,,,,,,,,,,,,,,,,,,,,,,,,,,,,,,,,,,,,,,,,,,,,,,,,,,,,,,,,,,,,,,,,,,,,,,,,,,,,,,,,
Viola,sp.pansy,L. ,Violaceae,pansy,urban,,attractive to bees: https://thehoneybeeconservancy.org/2017/03/27/21-flowers-that-attract-bees/,1,0,,,,,,,,,,,,,,,,,,,,,,,,,,,,,,,,NA,NA,,,nectar not accessible (corollas too long),,,,,,,,,,,,,,,,,,,,,,,,,,,,,,,,,,,,,,,,,,,,,,,,,,,,,,,,,,,,,,,,,,,,,,,,,,,,,,,
Yucca,sp.,L. ,Asparagaceae,yucca,urban,,,1,0,,34,50,68,,,,,,,,,,,,,,,,,,,,,,,,,,,,68.00,272.00,,picture,,,,,,,,,,,,,,,,,,,,,,,,,,,,,,,,,,,,,,,,,,,,,,,,,,,,,,,,,,,,,,,,,,,,,,,,,,,,,,,,
Abies,concolor,(Gordon) Lindl. ex. Hildebr. ,Pinaceae,white fur,urban,urban_tree,,0,0,,,,,,,,,,,,,,,,,,,,,,,,,,,,,,,,#DIV/0!,#DIV/0!,,,,,,,,,,,,,,,,,,,,,,,,,,,,,,,,,,,,,,,,,,,,,,,,NA,,,,,,,,,,,,,,,,,,,,,,,,,,,,,,,,,,
Acer,campestre,L. ,Sapindaceae,hedge maple,urban,urban_tree,"insect-pollinated: Yes, does produce nectar: https://www.tcv.org.uk/i-dig-trees-tree-library/field-maple/, https://forest.jrc.ec.europa.eu/media/atlas/Acer_campestre.pdf",0,0,,,,,,,,,,,,,,,,,,,,,,,,,,,,,,,,#DIV/0!,#DIV/0!,,,,1950000,17,6,"Street tree, Ithaca, NY 2021",567600,50,16,"Street tree, Ithaca, NY 2021",196992,40,15,"Canton, NY 2022. Number of flowers per cluster AVERAGE(24,20,14,17,20)",,,,,,,,,,,,,,,,,,,,,,,,,,,,,,,,,904864,,,,,,,,,,,,,,,,,,,,,,,,,,,,,,,,,,
Acer,nigrum,(F. Michx.) Desmarais,,black maple,urban,urban_tree,insect-pollinated--can't find any documentation so leaving as not insect pollinated,0,1,,,,,,,,,,,,,,,,,,,,,,,,,,,,,,,,#DIV/0!,#DIV/0!,,,,,,,,,,,,,,,,,,,,,,,,,,,,,,,,,,,,,,,,,,,,,,,,281287.0,used A saccharum since technically it is subspecies,,,,,,,,,,,,,,,,,,,,,,,,,,,,,,,,,
Acer,palmatum,Thunb. ,Sapindaceae,Japanese maple,urban,urban_tree,insect-pollinated: apparently so based on nursery postings,1,0,,,,,,,,,,,,,,,,,,,,,,,,,,,,,,,,#DIV/0!,#DIV/0!,,picture,,59220,,,"total flowers (not clusters), open-grown",,,,,,,,,,,,,,,,,,,,,,,,,,,,,,,,,,,,,,,,,59220,"monoecious, included all flowers",,,,,,,,,,,,,,,,,,,,,,,,,,,,,,,,,
Acer,pseudoplatanus,L. ,Sapindaceae,sycamore maple,urban,urban_tree,insect-pollinated: yes Allen 2022,1,0,,,,,,,,,,,,,,,,,,,,,,,,,,,,,,,,#DIV/0!,#DIV/0!,,picture,,1729728,,,"total flowers (not clusters), based on average of 96 flowers per cluster (3 counted: 113, 80, 94), open-grown",,,,,,,,,,,,,,,,,,,,,,,,,,,,,,,,,,,,,,,,,1729728,"monoecious, included all flowers",,,,,,,,,,,,,,,,,,,,,,,,,,,,,,,,,
Amelanchier,laevis,Rehder,Rosaceae,allegheny serviceberry,urban,urban_tree,,0,1,,,,,,,,,,,,,,,,,,,,,,,,,,,,,,,,#DIV/0!,#DIV/0!,,,,,,,,,,,,,,,,,,,,,,,,,,,,,,,,,,,,,,,,,,,,,,,,2823.75,used A. arborea,,,,,,,,,,,,,,,,,,,,,,,,,,,,,,,,,
Betula,papyrifera,Marshall,Betulaceae,paper birch,urban,urban_tree,,0,1,,,,,,,,,,,,,,,,,,,,,,,,,,,,,,,,#DIV/0!,#DIV/0!,,,,8448,30,6,"Open grown, Canton, NY (Wachmeister Field Station)",43200,60,20,along river (SUNY Canton),19656,50,26,along river (SUNY Canton),3240,60,12,"Male catkins, Sandbank Trail, SLU 2022, closed-canopy",600,55,8.5,"Male catkins, Sandbank Trail, SLU 2022, closed-canopy",3360,70,11,"male, 2022, brasher state forest",,,,,,,,,,,,,,,,,,,,,14171.81429,used average of B. lenta and B. allegheniensis,,,,,,,,,,,,,,,,,,,,,,,,,,,,,,,,,
Carpinus,betulus,L. ,Betulaceae,European hornbeam,urban,urban_tree,,0,1,,,,,,,,,,,,,,,,,,,,,,,,,,,,,,,,#DIV/0!,#DIV/0!,,,,,,,,,,,,,,,,,,,,,,,,,,,,,,,,,,,,,,,,,,,,,,,,4499.2,used C. caroliniana,,,,,,,,,,,,,,,,,,,,,,,,,,,,,,,,,
Celtis,occidentalis,L. ,Cannabaceae,common hackberry,urban,urban_tree,,0,1,,,,,,,,,,,,,,,,,,,,,,,,,,,,,,,,#DIV/0!,#DIV/0!,,,,567000,55,15,"street tree, ithaca. mostly male flowers (130 of the 150 on the branch), but some bi (20 of the 130 on the branch)",1120000,50,16,"street tree, ithaca. Mostly male flowers (170 of 200 on branch, with the rest bisexual)",,,,,,,,,,,,,,,,,,,,,,,,,,,,,,,,,,,,,843500,,,,,,,,,,,,,,,,,,,,,,,,,,,,,,,,,,
Cornus,florida,L. ,Cornceae,flowering dogwood,urban,urban_tree,,1,1,,,,,,,,,,,,,,,,,,,,,,,,,,,,,,,,#DIV/0!,#DIV/0!,,,,5440,20,7,open-grown,1000,20,4,in woods,330,13,3,in woods,,,,,,,,,,,,,,,,,,,,,,,,,,,,,,,,,2256.666667,2 and 3 were in Roanoke (Tinker Cliffs),,,,,,,,,,,,,,,,,,,,,,,,,,,,,,,,,
Ginkgo,biloba,L. ,Ginkgoaceae,ginkgo,urban,urban_tree,There's evidence some pollinators visit ginkgo: https://ecologyisnotadirtyword.com/2016/10/30/unlikely-plant-pollinator-relationships/,0,0,,,,,,,,,,,,,,,,,,,,,,,,,,,,,,,,#DIV/0!,#DIV/0!,,,,449280,50,25,open-grown along urban street,,,,,,,,,,,,,,,,,,,,,,,,,,,,,,,,,,,,,,,,,449280,,,,,,,,,,,,,,,,,,,,,,,,,,,,,,,,,,
Liquidambar,styraciflua,L. ,Altingiaceae,sweet gum,urban,urban_tree,,0,1,,,,,,,,,,,,,,,,,,,,,,,,,,,,,,,,#DIV/0!,#DIV/0!,,picture,,46800,30,12,"just male flowers counted (monoecious tree), open-grown",,,,,,,,,,,,,,,,,,,,,,,,,,,,,,,,,,,,,,,,,46800,,,,,,,,,,,,,,,,,,,,,,,,,,,,,,,,,,
Malus,prunifolia,P. Mill.,Rosaceae,crab apple,urban,urban_tree,,1,0,,,,,,,,,,,,,,,,,,,,,,,,,,,,,,,,#DIV/0!,#DIV/0!,,,,,,,,,,,,,,,,,,,,,,,,,,,,,,,,,,,,,,,,,,,,,,,,163502.6667,used M. baccata,,,,,,,,,,,,,,,,,,,,,,,,,,,,,,,,,
Picea,pungens,Engelm. ,Pinaceae,blue spruce,urban,urban_tree,,0,0,,,,,,,,,,,,,,,,,,,,,,,,,,,,,,,,#DIV/0!,#DIV/0!,,,,,,,,,,,,,,,,,,,,,,,,,,,,,,,,,,,,,,,,,,,,,,,,NA,,,,,,,,,,,,,,,,,,,,,,,,,,,,,,,,,,
Prunus,cerasifera,(L.) L.,Rosaceae,cherry plum,urban,urban_tree,,1,0,,,,,,,,,,,,,,,,,,,,,,,,,,,,,,,,#DIV/0!,#DIV/0!,,used prunus avium,,,,,,,,,,,,,,,,,,,,,,,,,,,,,,,,,,,,,,,,,,,,,,28176.25,used prunus avium,,,,,,,,,,,,,,,,,,,,,,,,,,,,,,,,,
Pyrus,calleryana,L.,Rosaceae,callery pear,urban,urban_tree,,1,0,,,,,,,,,,,,,,,,,,,,,,,,,,,,,,,,#DIV/0!,#DIV/0!,,,,18880,NA,12,"from Melanie, State College, slightly past peak flowering",31373,NA,13,"from Melanie, State College, slightly past peak flowering",186480,NA,16,"from Melanie, State College, slightly past peak flowering",52200,30,10,"tall, thin tree (near Bewkes Hall at SLU). Not many flowers on bottom half. ",70000,18,6,"Near cemetary on Miner St., Canton, NY. Small tree.",20160,20,4,"thin but on tall side. Not abnormally small for street tree. In cemetary on Miner St., Canton, NY.",642600,23,6,"Ithaca, NY",315000,23,7,Ithaca,,,,,,,,,,,,,167086.625,,,,,,,,,,,,,,,,,,,,,,,,,,,,,,,,,,
Salix,babylonica,L. ,Salicaceae,weeping willow,urban,urban_tree,"This species is very likely Salix alba var. tristis--golden weeping willow, AKA S. sepulcralis (accepted name Salix _ salamonii according to worldfloraonline.org)",1,0,,,,,,,,,,,,,,,,,,,,,,,,,,,,,,,,#DIV/0!,#DIV/0!,,,,109620,30,18,"male, 2022, Canton, SLU golf course near 68",43848,25,2,"male, 2022, Canton, SLU golf course near 68",60480,26,17,"male, 2022, Canton, SLU golf course near 68",524160,50,40,"male, 2022, large tree, Bend in River Park, Canton, nY",,,,,,,,,,,,,,,,,,,,,,,,,,,,,184527,,,,,,,,,,,,,,,,,,,,,,,,,,,,,,,,,,
Syringa,reticulata,(Blume) H. Hara,Oleaceae,Japanese tree lilac,urban,urban_tree,,1,0,,,,,,,,,,,,,,,,,,,,,,,,,,,,,,,,#DIV/0!,#DIV/0!,,,,2304000,20,7,individual flowers,,,,,,,,,,,,,,,,,,,,,,,,,,,,,,,,,,,,,,,,,2304000,,,,,,,,,,,,,,,,,,,,,,,,,,,,,,,,,,
Thuja,occidentalis,L. ,Cupressaceae,northern white-cedar,urban,urban_tree,,0,1,,,,,,,,,,,,,,,,,,,,,,,,,,,,,,,,#DIV/0!,#DIV/0!,,,,,,,,,,,,,,,,,,,,,,,,,,,,,,,,,,,,,,,,,,,,,,,,NA,,,,,,,,,,,,,,,,,,,,,,,,,,,,,,,,,,
Tilia,tomentosa,L.,Malvaceae,silver linden,urban,urban_tree,,1,0,,,,,,,,,,,,,,,,,,,,,,,,,,,,,,,,#DIV/0!,#DIV/0!,,used T. americana,,,,,,,,,,,,,,,,,,,,,,,,,,,,,,,,,,,,,,,,,,,,,,67774,used T. americana,,,,,,,,,,,,,,,,,,,,,,,,,,,,,,,,,
Zelkova,serrata,(Thunb.) Makino,Ulmaceae,Japanese zelkova,urban,urban_tree,,0,0,,,,,,,,,,,,,,,,,,,,,,,,,,,,,,,,#DIV/0!,#DIV/0!,,,,7425000,35,15,counted individual flowers,,,,,,,,,,,,,,,,,,,,,,,,,,,,,,,,,,,,,,,,,7425000,,,,,,,,,,,,,,,,,,,,,,,,,,,,,,,,,,