timepoint,site_id,id,cranberry,field.edge,grassland,road.edge,shrubland,woodland,floral.sum,floral.mean,floral.sd,floral.cv,long,lat
1,1,1,0,9.735651800514862,2.806240553022637,4.9257998487768715,0.36498690334509354,2.5785766788109084,20.411255784470374,3.4018759640783953,3.585167188591974,105.3879455467811,-90.85115214158573,44.01182719084938
1,2,1,0,14.68195243672271,2.692851883138627,5.1285879192897434,9.917032204282647,1.6213302743112765,34.041754717745,5.673625786290834,5.602671771335308,98.74940615352227,-90.21702368890173,43.973951997249145
1,3,1,0,27.345652779650752,9.995062877934366,4.31273858559344,0.2041785596015969,1.4356740373289005,43.293306840109054,7.215551140018176,10.545174263966477,146.14509771099637,-90.70401155797428,43.75947778725168
1,4,1,0,22.820719916220785,2.859486614959894,7.224855018199373,0.11212232191390589,0.30852507412165575,33.32570894541561,5.5542848242359355,8.901322720963877,160.26046561608175,-89.92490274543266,44.62425124097672
1,5,1,0,6.4703900566531605,4.04122192130968,4.225948590446505,0.5072381501543871,2.5800525354993926,17.824851254063127,2.970808542343854,2.4501348879984706,82.47367183296868,-90.18997597268269,44.461031416033215
1,6,1,0,10.452555855841279,3.226055186763114,7.238740568726267,1.976991117967055,2.3186540708325305,25.212996800130245,4.202166133355041,3.8832504507347716,92.41068362126738,-91.00974479615262,44.53896925960005
1,7,1,0,0.7635655098351852,0.011902239687634434,1.5109824488118644,0.2051342581436533,2.5386317148198096,5.030216171298147,0.8383693618830245,1.0134884150719399,120.88805497323855,-89.93582231297562,44.38557471847335
1,8,1,0,19.26023161700289,4.5957852502447265,2.4615186927949,0.23967299361664585,1.3260430449907592,27.883251598649924,4.647208599774987,7.353548598656916,158.2358192187234,-90.80038653806508,43.86600259607403
1,9,1,0,32.50587348881209,6.0504891231677425,4.976539492197709,0.2854213351829482,0.8788915853576044,44.6972150247181,7.449535837453016,12.537037814524137,168.29287204034082,-90.18200872269196,43.695912175387875
1,10,1,0,0.3397436240367595,0.008717867247415828,0.037782442644367226,0.014482377500317525,0.0016772760941821808,0.4024035875230423,0.06706726458717371,0.13427858272492413,200.21478966148896,-91.18758263333388,44.42907435524364
1,11,1,0,23.07649273591874,12.763595643032819,4.551628612978324,0.1364242803825586,0.6962448274231704,41.22438609973561,6.870731016622602,9.310348156621771,135.50738828367633,-90.31369214178274,43.7313492733063
1,12,1,0,0.027086042400372882,12.932725898190375,7.661265396694422,1.9092459511122704,2.560497835020259,25.0908211234177,4.181803520569616,5.123038267417016,122.50786633608246,-90.71126641607026,44.18845586304663
1,13,1,0,13.912948595076536,7.165173568285584,5.675277741803651,0.8724574532268247,0.6576993756690355,28.28355673406163,4.713926122343605,5.384900776699204,114.23388141734416,-90.21401552651896,43.64394672078953
1,14,1,0,25.6216674357055,8.161374034228274,4.894690314178661,0.09303613206568993,0.5392542795607246,39.31002219573885,6.551670365956475,9.897363335547123,151.06625917835248,-90.90219070794875,43.801202386910866
1,15,1,0,24.36514811984146,4.897645307910749,3.177136621545491,0.400315475146755,0.46374365059355177,33.303989175038005,5.550664862506334,9.415493590182223,169.6282125368811,-90.94518463479119,44.41553913717245
1,16,1,0,20.68527407091294,2.007114292986355,5.646406032815078,0.06729324130618684,0.5837638026702994,28.989851440690856,4.83164190678181,8.05068568168844,166.62422085519836,-90.09084284995944,44.6129442772802
1,17,1,0,11.153573233987586,0.6700517873443527,6.05059660871275,0.9223098213035464,2.056533796655823,20.853065248004057,3.475510874667343,4.3374143502480536,124.79933185831875,-90.24333030388085,43.98054887607816
1,18,1,0,9.96425572386251,3.9868950382107013,3.386454273169418,0.14896566768861427,0.5317150132768785,18.018285716208123,3.00304761936802,3.816934327987466,127.10202473548273,-90.3156914255,44.661914445005756
1,19,1,0.21046800106074298,0.2698508398683074,0.3169973474004898,2.9849573921736967,0.3074076169790902,0.6787811531821459,4.768462350664473,0.7947437251107455,1.0856437695555665,136.60299984177726,-90.30335128419775,44.31981736327845
1,20,1,0,27.737601613439395,5.33494444511908,5.981923962680153,0.16075274404702922,1.3418049759129262,40.55702774119858,6.759504623533097,10.595286266056062,156.7464904035831,-90.2084157945372,43.76960083735714
1,21,1,0,2.7807896761337854,1.8301132520882564,9.074495063828047,1.995087092008035,2.7114848233304425,18.391969907388567,3.0653283178980946,3.1107446913754115,101.48161530404872,-90.78785396783367,44.38357335946474
1,22,1,0,0.2810288175652587,0.2713643542473794,2.8169558892254187,1.7621937460897243,2.568808768024136,7.700351575151918,1.2833919291919862,1.2577275152309138,98.00026684153838,-90.46199560532263,44.416151570722164
1,23,1,0,12.065474902082006,5.856393910840326,6.067018897832474,1.5895069965292745,2.004000499270974,27.582395206555052,4.597065867759175,4.391496681004099,95.52825230987435,-90.88256678737854,44.060833573595694
1,24,1,0,18.455959270590725,12.350460083408088,7.449410055224756,1.6550651741083628,1.4349325691888943,41.345827152520826,6.890971192086805,7.3285111097423865,106.34946664931684,-90.23548874168277,43.934251618268036
1,25,1,0.3118048270102696,9.402505362753704,10.364700756303726,6.587903308060704,2.354239585403458,2.0704926791295692,31.09164651866143,5.1819410864435715,4.196334699006197,80.9799769816795,-89.89556344789989,44.371175556389325
1,26,1,0.221804414009605,3.3363829214763756,1.8947281357477035,4.944008165684133,2.3089533398003512,2.631377619483944,15.337254596202113,2.556209099367019,1.5661445393777962,61.268248351264084,-90.38251117579308,44.368412147130286
1,27,1,0,0.5646249330652864,0.7785463690945172,3.036276153868818,0.20064944764772072,1.8089378197879737,6.3890347234643166,1.064839120577386,1.1535276994376975,108.32882424644788,-89.88164508044483,44.252345369222624
1,28,1,0,15.03484020519117,0.48384734669046786,6.047143226374704,0.22030012326724388,0.6485136981025132,22.4346445996261,3.7391074332710166,5.9905262744854815,160.21273476073662,-90.96559883946057,44.459283297905536
1,29,1,0,16.3134053531282,3.393775568349166,11.329728534649545,1.3748144353524467,1.702477728072462,34.11420161955182,5.685700269925303,6.585333329184057,115.82273100144572,-90.88013878048514,44.32198140903282
1,30,1,0,22.04617243438321,10.407132444289436,7.935399702511884,0.4633921348974151,1.0765399230596746,41.928636639141615,6.988106106523603,8.552012650816144,122.37954776949633,-90.5236492455344,43.958343880002005
1,31,1,0,0.25878299182636266,0.1434553965707076,5.586146571035201,0.2423427120958166,2.6429605690563163,8.873688240584404,1.4789480400974007,2.2455657785331953,151.8353395556281,-90.37526659694524,44.09781750743801
1,32,1,0,11.680411777901424,2.006098667855694,1.420276593487391,0.10667755176294508,1.490621109535335,16.70408570054279,2.784014283423798,4.431761613149223,159.18602284249113,-90.9057073236919,43.87382107910679
1,33,1,0,24.337807447819056,5.423770755941621,10.571128081220317,1.1160575969827082,0.760572013393464,42.209335895357164,7.034889315892861,9.363556564851285,133.10168993984905,-90.99544336641836,44.376935838815605
1,34,1,0,4.654239622621399,1.953639434673837,3.962969042343941,1.554256514300136,2.097450617365067,14.22255523130438,2.370425871884063,1.6902826187365074,71.30712834285073,-90.85960532483335,44.50265460068063
1,35,1,0.18113008050007512,5.778329810174235,0.4224959468537435,4.797312224012099,0.13587727001419572,0.6972428565849965,12.012388188139346,2.002064698023224,2.5717559294814234,128.4551858898813,-90.3587690910103,44.24543621931106
1,36,1,0,3.460388261535319,1.9795785451757062,0.8531449938890509,0.03904232173566065,0.3220655965824951,6.654219718918232,1.1090366198197052,1.3672126187591442,123.27930334540353,-90.92029301777286,43.744601330976806
1,37,1,0,0.30750216612239895,0.44294456133856147,0.744880657266033,2.571124112751966,3.3364399511733973,7.4028914486523565,1.2338152414420596,1.3750865508054841,111.44995657520889,-90.47481950408331,44.391161895576666
1,38,1,0.5052139249082471,5.3857191619641425,1.5316754239921693,7.539838145590794,9.418490613336024,1.7758181925197118,26.15675546231109,4.359459243718515,3.641114861362176,83.52216772317826,-90.2667404180745,44.02476246898858
1,39,1,0,19.72631592022842,3.7678699847388537,6.659334566580665,0.3198751112694637,1.4534384988214508,31.92683408163885,5.321139013606476,7.4832987648513125,140.63340096389257,-91.02812922816408,44.487259820518766
1,40,1,0,5.7640691320075454,0.4835448683293633,1.141649620585598,0.050188553663479955,0.5312912675287124,7.970743442114699,1.3284572403524497,2.211681257307894,166.48494133850468,-91.15756961933108,44.09920648647999
1,41,1,0,6.174839411104411,15.06780712265628,9.513143115225539,3.2092224254207165,1.7348771293816954,35.69988920378864,5.949981533964774,5.5957585879308045,94.04665469948219,-90.75514356789509,43.951925025437745
1,42,1,1.1935937965513375,5.214527621705496,6.442337901252218,5.715375605253058,0.6494471833049008,1.3617558698767434,20.577037977943753,3.4295063296572925,2.6264911617524187,76.58510902981426,-90.44936117836585,44.119153125567145
1,43,1,0,26.72413361789471,9.708066304008682,6.487941555160166,0.4566119359315998,1.3783902081598114,44.75514362115497,7.459190603525829,10.186172606832374,136.5586850940308,-90.81003122093752,43.767218641979916
1,44,1,1.4063351582578414,2.160792155279605,0.664496458778591,7.293546007824689,0.31516019283525015,1.240331129653137,13.080661102629113,2.180110183771519,2.5847489241968398,118.56047200904815,-90.04062929474726,44.312862113897445
1,45,1,0,1.9889135563238822,1.6019375041771928,10.084636674539205,3.8809125653489382,1.9545546119534376,19.510954912342655,3.251825818723776,3.568120426733378,109.72667743113425,-90.0309612744956,43.896632378249294
1,46,1,0,10.541278729482451,0.6190826795031353,4.330999433159012,0.5369136950279272,2.614861533107941,18.643136070280466,3.1071893450467445,3.986411923124044,128.29639524475365,-91.13696534546123,44.37773681082026
1,47,1,0.04929060186753756,7.130213836929471,3.8985089867673453,2.353059893790431,0.31002777541439225,2.55497963754686,16.29608073231604,2.716013455386006,2.6054291676506662,95.92843373010376,-90.0430153048268,44.42850307236058
1,48,1,0,1.778471040335713,1.757263741167706,18.115773375189022,0.11462052025415961,1.4196549304522617,23.18578360739886,3.8642972678998104,7.026577798837441,181.83326260135996,-89.79044433608811,44.35687305915251
1,49,1,0,21.796248159834093,3.0129004496120637,4.499626784418513,0.4092889246815851,1.2374136853480442,30.9554780038943,5.1592463339823835,8.323369723948225,161.32917843299563,-90.62775769381852,43.88450823290698
1,50,1,0,18.82266404276379,7.099778023287799,6.048078521328851,1.176900358518854,1.8868409406847755,35.03426188658407,5.8390436477640115,6.952085475786948,119.06205699368529,-90.35000741031799,43.907996563353464
1,51,1,0,16.62189247352085,2.370440292811796,5.9367663328288325,0.5887767654457227,1.0699603501940202,26.58783621480122,4.431306035800204,6.337572488053842,143.01816297166226,-90.29374827075182,43.98818926894171
1,52,1,0,1.5542189488555525,0.31070822873693876,0.7746029049396351,0.01865903000667589,0.009380071001928138,2.6675691835407305,0.44459486392345504,0.6207405886032463,139.61937911863012,-90.33127436718262,44.60324251563061
1,53,1,0,25.12879234642407,10.08994218134698,5.717094167214269,0.37681881446468085,1.494667182405723,42.80731469185572,7.134552448642621,9.621988300553292,134.8646375482728,-90.47803047624087,43.75944531706828
1,54,1,0.39414483270514905,2.0872812701386256,0.8331434436268117,4.215251145581783,0.8220684913055192,1.7367864525682077,10.088675635926096,1.6814459393210162,1.3930703193215732,82.84954554555041,-90.37122135601848,44.16054068073061
1,55,1,0,22.826584602216773,1.6211606727440246,4.705964608889207,0.11083541422261531,0.7884047545272529,30.052950052599872,5.008825008766646,8.898664261162564,177.65971551387332,-90.14764610636405,43.74674024706147
1,56,1,0.10853633289550703,19.48593334487076,5.045054821924041,6.7076211482368215,0.11344466220748878,1.056355893772767,32.51694620390739,5.419491033984564,7.417029016282123,136.85840551762868,-89.99651723128765,44.44712823522148
1,57,1,0,3.053273529758988,1.9277127772446878,0.9478525715279271,0.01755786531963901,0.07450168487787583,6.020898428729118,1.003483071454853,1.2570576301774612,125.2694406050094,-90.32844109627645,44.64714096482207
1,58,1,0,13.817354389030156,1.7747336842305936,4.503982564156767,1.6418776563206157,1.9432857184088732,23.681234012147005,3.9468723353578343,5.046981972074806,127.87294706397523,-90.92485633163678,44.10986569639462
1,59,1,0.0557198641364483,8.266452463227974,5.056154631063963,6.275672513476043,0.6987958232775467,2.3653177611659615,22.71811305634794,3.7863521760579895,3.266508015810718,86.27058086317564,-90.09812674419776,44.24487661455626
1,60,1,0,24.16742234272121,7.185255770103867,4.7411841531964365,0.12714517266026593,1.5649326178099034,37.78594005649168,6.297656676081947,9.194273573069395,145.9951541656533,-90.87648941179272,43.804227754950496
1,61,1,0,14.306707394490088,2.9664769593207407,4.1198833840823825,0.3915007855264349,2.1116602343853046,23.896228757804952,3.9827047929674917,5.289537940560988,132.81270431845846,-90.58960721768554,44.025333361294145
1,62,1,0,25.14566645009447,7.339491154749842,11.855355776207457,0.17922511831969784,0.8669442992560744,45.38668279862754,7.56444713310459,9.840535388832835,130.08928763302885,-90.78903433333257,43.75345675817609
1,63,1,0.09769054635484338,7.206838459136533,2.5122600093942604,16.133973339184696,0.12055626378121659,1.1538035995911025,27.22512221744265,4.537520369573775,6.266990665648792,138.1148767435169,-89.85901709153343,44.390153754585526
1,64,1,0,11.7177919404684,2.668396394957273,5.615672618981704,2.116190872449862,2.057545029977995,24.175596856835234,4.029266142805873,4.177669391083143,103.68313342970008,-90.87426394539888,44.08319016308098
1,65,1,0,9.131691013045916,0.4353114584015602,4.294969033620492,0.26051333315299946,2.5467716908627613,16.66925652908373,2.778209421513955,3.5289449847430387,127.02228123681112,-90.97080226851627,44.55424785444325
1,66,1,0,6.005045877599033,4.221310782069596,6.751951445333712,0.2994777915209842,2.2969045817802067,19.57469047830353,3.262448413050589,2.862618687480033,87.74448895586701,-89.82053144427114,44.4362398212307
1,67,1,1.2464596744553467,3.4722103540605405,2.5039067925639387,5.340490809073285,4.240297750388837,1.9899506611178406,18.79331604165979,3.1322193402766314,1.5149612828419556,48.36702408932055,-90.81909697096329,44.264196503024095
1,68,1,0,21.073717132935826,1.66638795456507,7.175502117915728,0.08796114677011924,1.3255784833664939,31.329146835553235,5.221524472592206,8.204208942121783,157.12286680232364,-90.17760697416513,43.79139650718924
1,69,1,0,16.89951728618812,1.5185200963925638,5.614849882242577,0.0969686124152502,0.39793296055363286,24.527788837792144,4.087964806298691,6.62306791445033,162.01381930308156,-90.28047765220724,44.65141485987759
1,70,1,0,22.605727092500043,4.408522304434395,4.699918819471582,0.43514971382268103,0.42165786300194646,32.570975793230645,5.428495965538441,8.672934257084826,159.76679935184544,-90.25822519506005,43.644376685859235
1,71,1,0,30.839827092772232,14.70418372942275,5.781194712984398,0.18789986295433386,1.1788673094952324,52.69197270762895,8.781995451271492,12.160711627409997,138.47321710522317,-90.83817500148709,43.76928562984745
1,72,1,0,7.638171206723908,0.30345367943068424,3.036250776630543,0.2641160254413922,1.4920324473732625,12.734024135599789,2.1223373559332983,2.929934650532182,138.05225839054899,-89.84500909595482,43.64463137911971
1,73,1,0.09190433100545078,3.5491198402033706,44.79176499906717,7.313937745160147,3.057525873101063,1.6011731550455668,60.40542594358277,10.067570990597128,17.182414854442108,170.67090831035685,-90.65137079510517,43.99145936756947
1,74,1,0,14.684398981725273,1.4249625197450895,5.238602918174126,0.6998149495681236,1.0914238841203718,23.139203253332983,3.856533875555497,5.613356892806653,145.5544557351542,-90.86623165885743,44.48571055792931
1,75,1,0,1.0443426337320991,9.48541212029378,7.8142692615259275,7.52501486874926,2.3748867329635135,28.24392561726458,4.707320936210763,4.035819919432732,85.73496419985828,-90.7765525682923,44.32747335203395
1,76,1,0,23.473027178600784,11.858470149479965,7.413294363224786,0.8140265869765113,1.5532201442947906,45.11203842257684,7.518673070429473,9.060416283926456,120.50552270400709,-91.0967910379456,44.396901776304574
1,77,1,0,0.7010683969684126,2.1982272835791585,7.294440347841905,0.8939881757385777,2.7600823351478954,13.84780653927595,2.3079677565459917,2.6453558716869767,114.61840678597287,-90.06744950721325,44.15343877235598
1,78,1,0,9.171213743164863,0.6369966528440009,5.274467244528383,0.09816082045294733,0.6294917281376957,15.810330189127889,2.635055031521315,3.7704571669691287,143.08836520929523,-89.95436991574404,44.20784863983774
1,79,1,0,26.443414396016724,8.01149164305554,9.79869371180643,0.05983050529947177,0.5569476165796322,44.8703778727578,7.4783963121263,10.239217388586306,136.91728762733936,-90.15253841542649,44.63251633006087
1,80,1,0,3.611982840098699,0.9450013173494071,4.720207035096484,0.2072038302595431,2.8718314212558096,12.356226444059942,2.0593710740099906,1.9526441456499921,94.817498909889,-90.09826486761293,44.34486139294982
1,81,1,0,2.1831397199271856,1.146003865745213,6.582008287185899,20.84424407283608,2.2590958055146166,33.01449175120899,5.502415291868166,7.840010683040663,142.48307819708103,-90.2070714645599,43.995765292439735
1,82,1,0,0.2567329241525956,0.18047947384324056,6.013983777372317,0.23597536937472105,2.95225915821173,9.639430702954604,1.6065717838257674,2.4311135984155903,151.323060873528,-90.26719169499034,44.13860819825649
1,83,1,0,22.24485970519081,8.184343790653402,6.087675053377813,0.4128788815579366,1.1401104536780489,38.06986788445801,6.344977980743002,8.47106724685253,133.5082213454831,-91.14025041081902,44.576336817701026
1,84,1,0,23.815221496265874,1.7547853564128344,3.6040646053132788,0.3597496632378622,1.3000464111339183,30.83386753236377,5.1389779220606275,9.236864232338803,179.74127097699235,-89.93554133207925,43.662188109422175
1,85,1,0,17.608448411406556,2.0978276340313085,3.9316468075073954,0.8223633225249084,2.258431746926005,26.718717922396173,4.453119653732696,6.583484341065142,147.8398258521244,-91.08709523650998,44.1594022413171
1,86,1,0,11.795704410850357,4.844838391640415,2.9435100775547003,0.16790854745171635,0.36395761793891457,20.115919045436105,3.3526531742393506,4.5605769756352865,136.02889230169146,-90.2412118460251,44.68598634440734
1,87,1,0,5.634865494673947,1.1588919289217754,6.646039240501483,1.3204733550884735,1.307350809259394,16.067620828445072,2.6779368047408454,2.745517075930462,102.52359469685682,-90.03785151287164,44.12935048653385
1,88,1,0,15.104686851653302,1.1058630409118597,4.265478054621675,0.10413330111383863,2.150813706234951,22.730974954535625,3.7884958257559376,5.763496171577285,152.13151700984824,-90.67857665827525,43.89764318720994
1,89,1,0.9828909044797846,7.240010170845478,4.06795988059975,6.979626582816615,1.1832499989145007,0.6918470091802572,21.145584546836385,3.5242640911393974,3.0332627703270196,86.06797594860048,-90.45782553747297,44.02568935624094
2,1,1,0,12.407275918573742,3.7912390012979906,6.410404095050676,0.4930983487621691,0,23.102017363684578,3.850336227280763,4.913244979630333,127.6056086951199,-90.85115214158573,44.01182719084938
2,2,1,0,18.710923381232803,3.6380505844651827,6.674311179697231,13.397938829409135,0,42.42122397480435,7.070203995800725,7.582328839876216,107.2434238726303,-90.21702368890173,43.973951997249145
2,3,1,0,34.849752863254324,13.50335849235546,5.612570128450539,0.2758458171223556,0,54.24152730118268,9.040254550197114,13.697195228004986,151.51337998227422,-90.70401155797428,43.75947778725168
2,4,1,0,29.083103469874363,3.8631745830372766,9.402379637149286,0.15147757710871462,0,42.50013526716964,7.083355877861607,11.385386516418933,160.7343568887021,-89.92490274543266,44.62425124097672
2,5,1,0,8.245972265508327,5.459702356758746,5.499622189561489,0.6852801894478382,0,19.890577001276398,3.3150961668794,3.5378153151329244,106.7183314462692,-90.18997597268269,44.461031416033215
2,6,1,0,13.320910321676463,4.3584097704033615,9.420450202883243,2.670920646337034,0,29.770690941300103,4.961781823550017,5.3778325273637595,108.38510677432546,-91.00974479615262,44.53896925960005
2,7,1,0,0.9731005336417807,0.016079959808845537,1.9663827956425013,0.2771369685819927,0,3.2327002576751203,0.5387833762791867,0.7935898503265033,147.29293539214189,-89.93582231297562,44.38557471847335
2,8,1,0,24.545558204449648,6.208918997892232,3.2034045216543645,0.3237988988429896,0,34.28168062283923,5.713613437139872,9.54494083682312,167.05611854625465,-90.80038653806508,43.86600259607403
2,9,1,0,41.42602361031587,8.174228084607753,6.476436339143403,0.38560503894885123,0,56.46229307301588,9.410382178835981,16.085363529197316,170.93209631138487,-90.18200872269196,43.695912175387875
2,10,1,0,0.43297490207870165,0.011777863548062924,0.04916982672542206,0.01956573336223233,0,0.5134883257144189,0.08558138761906983,0.1711498935092834,199.98494797850952,-91.18758263333388,44.42907435524364
2,11,1,0,29.409064587988336,17.2436541644806,5.923460066496863,0.18430959240228623,0,52.76048841136809,8.793414735228014,12.111260725750745,137.73103044066417,-90.31369214178274,43.7313492733063
2,12,1,0,0.034518901095645316,17.472149622206825,9.970321283848948,2.579396732447094,0,30.056386539598513,5.009397756599752,7.221819752373847,144.16542872562448,-90.71126641607026,44.18845586304663
2,13,1,0,17.730892147449083,9.680169953318563,7.3857697822703505,1.1786925109053448,0,35.97552439394334,5.99592073232389,7.047307931567862,117.53504167551722,-90.21401552651896,43.64394672078953
2,14,1,0,32.652677384366015,11.026039627792864,6.369918347739403,0.12569208011673583,0,50.17432744001502,8.36238790666917,12.71837536391639,152.090234342911,-90.90219070794875,43.801202386910866
2,15,1,0,31.05134835489947,6.616732797862022,4.134705070151798,0.5408273501588412,0,42.34361357307213,7.057268928845355,12.05425567516438,170.8062395907107,-90.94518463479119,44.41553913717245
2,16,1,0,26.36165591250535,2.7116171418149726,7.348196326747707,0.09091336118315817,0,36.512382742251184,6.085397123708531,10.335392353939378,169.83924210423325,-90.09084284995944,44.6129442772802
2,17,1,0,14.214298480229587,0.9052418782606216,7.874207330535998,1.2460432025472121,0,24.239790891573417,4.03996514859557,5.805059835676011,143.69083945424748,-90.24333030388085,43.98054887607816
2,18,1,0,12.698612545145858,5.386306582543327,4.407109709465268,0.20125304246892,0,22.693281879623374,3.7822136466038954,4.977938077957799,131.61440740999817,-90.3156914255,44.661914445005756
2,19,1,63.140401729520846,0.34390238021124453,0.42826432163068046,3.8846042628170174,0.41530856844466674,0,68.21248126262445,11.368746877104076,25.403874538712845,223.4536032275871,-90.30335128419775,44.31981736327845
2,20,1,0,35.34925894938219,7.207525181085347,7.784837192718757,0.2171774162911024,0,50.558798739477396,8.426466456579567,13.683109017986935,162.38252520785704,-90.2084157945372,43.76960083735714
2,21,1,0,3.543884425025203,2.4724882300755953,11.809489241046808,2.6953683589455424,0,20.521230255093148,3.4202050425155246,4.363818199547546,127.58937389139697,-90.78785396783367,44.38357335946474
2,22,1,0,0.3581477801433173,0.3666140175604575,3.6659681924249714,2.380728783504569,0,6.771458773633316,1.1285764622722192,1.5315194423580065,135.70364911514477,-90.46199560532263,44.416151570722164
2,23,1,0,15.376441071037608,7.912004898449206,7.895579191483479,2.147428491683266,0,33.33145365265356,5.55524227544226,6.013685741488176,108.25244774782428,-90.88256678737854,44.060833573595694
2,24,1,0,23.520580203995,16.685506843579944,9.694614111367562,2.2359977768160557,0,52.13669893575856,8.689449822626427,9.773124692403277,112.47115630905738,-90.23548874168277,43.934251618268036
2,25,1,93.54145019389522,11.982708579962265,14.002740321657837,8.573454797250172,3.1805844032035853,0,131.28093829596907,21.88015638266151,35.49883865743531,162.24216151199744,-89.89556344789989,44.371175556389325
2,26,1,66.54132569019602,4.251941659888184,2.5597831224290566,6.434100281020408,3.119402556063671,0,82.90655330959734,13.81775888493289,25.914957369217717,187.54819493540165,-90.38251117579308,44.368412147130286
2,27,1,0,0.7195673673001289,1.0518183680478885,3.951390167689913,0.27107797679410195,0,5.993853879832033,0.9989756466386721,1.5048822244150901,150.64253362718898,-89.88164508044483,44.252345369222624
2,28,1,0,19.160649398698464,0.6536791471677713,7.869713121075359,0.29762609567519593,0,27.98166776261679,4.663611293769465,7.734120840947518,165.83973993030295,-90.96559883946057,44.459283297905536
2,29,1,0,20.790074001732012,4.585000484908118,14.744435507740796,1.8573782284065032,0,41.97688822278743,6.996148037131238,8.722627065565229,124.6775657014532,-90.88013878048514,44.32198140903282
2,30,1,0,28.096007329204348,14.0600656533045,10.327077898115865,0.626044097618615,0,53.10919497824333,8.851532496373888,11.171515366660657,126.20995710332838,-90.5236492455344,43.958343880002005
2,31,1,0,0.32979733133572986,0.19380865045219434,7.269775052555011,0.327405696132629,0,8.120786730475563,1.3534644550792607,2.9021356167615453,214.42274349137543,-90.37526659694524,44.09781750743801
2,32,1,0,14.885710247291032,2.7102450293629903,1.8483387816208068,0.1441216770853928,0,19.588415735360222,3.26473595589337,5.803721561631354,177.7700138706381,-90.9057073236919,43.87382107910679
2,33,1,0,31.016504949595756,7.327529780680026,13.757197779358968,1.5077970008017436,0,53.60902951043649,8.934838251739416,12.068655326941785,135.07413326248277,-90.99544336641836,44.376935838815605
2,34,1,0,5.931440069166027,2.6393724555193048,5.157382304908064,2.099804989522083,0,15.82799981911548,2.63799996985258,2.506063783721782,94.99862821688467,-90.85960532483335,44.50265460068063
2,35,1,54.3390253645944,7.36399922392049,0.5707932307787851,6.243191130406985,0.18357057983245578,0,68.70057952953312,11.45009658825552,21.25872446513443,185.66414965389654,-90.3587690910103,44.24543621931106
2,36,1,0,4.40997611931765,2.674416267885191,1.1102773824349295,0.052746288163367905,0,8.24741605780114,1.3745693429668564,1.8165486237365889,132.15401849540518,-90.92029301777286,43.744601330976806
2,37,1,0,0.39188585405631865,0.5984193673456754,0.9693828743057633,3.4735960190381854,0,5.433284114745943,0.9055473524576572,1.3112708855946318,144.80423161040008,-90.47481950408331,44.391161895576666
2,38,1,151.56418086019758,6.863649710531454,2.069297872028117,9.812296643867132,12.72440771628694,0,183.03383280291123,30.505638800485205,59.49406747946938,195.02646008685812,-90.2667404180745,44.02476246898858
2,39,1,0,25.139543760828065,5.090403109803102,8.666414975533641,0.4321521888360875,0,39.32851403500089,6.554752339166816,9.751037883204791,148.76287277765036,-91.02812922816408,44.487259820518766
2,40,1,0,7.345825179447091,0.6532704980380902,1.4857354394397926,0.0678048793296686,0,9.552635996254642,1.5921059993757736,2.8771898835073118,180.7159752325152,-91.15756961933108,44.09920648647999
2,41,1,0,7.869317627239321,20.356650453903313,12.380342980802943,4.335668661758167,0,44.941979723703746,7.490329953950624,7.896328713691576,105.42030541026854,-90.75514356789509,43.951925025437745
2,42,1,358.0781469690715,6.645480375962369,8.703616902855952,7.437952882670317,0.8774049993599403,0,381.7426021299201,63.62376702165334,144.2969613650176,226.79726165209365,-90.44936117836585,44.119153125567145
2,43,1,0,34.05767854849914,13.115625301366547,8.44336521793014,0.6168840294526584,0,56.23355309724849,9.372258849541414,13.240699691564997,141.27543748125208,-90.81003122093752,43.767218641979916
2,44,1,421.90055690756475,2.7537493146402277,0.8977366135031671,9.491773647199564,0.42578232056642856,0,435.4695988034741,72.57826646724568,171.1684056491965,235.839754765215,-90.04062929474726,44.312862113897445
2,45,1,0,2.5347043810869594,2.164222143015102,13.124081006177462,5.243123959038463,0,23.066131489317986,3.8443552482196646,4.942995675565275,128.57801520435436,-90.0309612744956,43.896632378249294
2,46,1,0,13.433980221474703,0.8363824680076947,5.636334677479568,0.7253719353204973,0,20.632069302282463,3.438678217047077,5.3388902588929295,155.2599551893412,-91.13696534546123,44.37773681082026
2,47,1,14.787180890780517,9.08686262059391,5.2668967746272335,3.0622569414385006,0.4188484099735041,0,32.62204563741366,5.4370076062356105,5.677297489495021,104.41952450064306,-90.0430153048268,44.42850307236058
2,48,1,0,2.2665129528842787,2.374068332775634,23.575750415063638,0.15485265020084357,0,28.371184350924395,4.728530725154066,9.300099477732177,196.6805339396237,-89.79044433608811,44.35687305915251
2,49,1,0,27.777499693904954,4.070437111777198,5.855785222819908,0.5529505061071022,0,38.256672534609166,6.376112089101527,10.759415319868484,168.74570536893773,-90.62775769381852,43.88450823290698
2,50,1,0,23.987914839850436,9.591820385267567,7.870930307885259,1.5899957453940603,0,43.04066127839732,7.173443546399554,9.19948860718704,128.2436886508208,-90.35000741031799,43.907996563353464
2,51,1,0,21.183215097825393,3.2024716051788227,7.726069345017117,0.7954390915673923,0,32.90719513958872,5.484532523264788,8.231995081906035,150.0947445746162,-90.29374827075182,43.98818926894171
2,52,1,0,1.9807223729290209,0.4197677043555279,1.0080632153773317,0.025208402826159465,0,3.43376169548804,0.5722936159146733,0.7938731708668912,138.71781001751634,-90.33127436718262,44.60324251563061
2,53,1,0,32.02454920646806,13.631540702225688,7.440189408102118,0.5090832944747362,0,53.6053626112706,8.934227101878433,12.55455100412152,140.52195966097514,-90.47803047624087,43.75944531706828
2,54,1,118.24345245449183,2.6600658249621683,1.1255791716613408,5.48570060393628,1.1106168794470208,0,128.62541493449865,21.437569155749774,47.46317958195825,221.40187274557732,-90.37122135601848,44.16054068073061
2,55,1,0,29.09057752285191,2.19019269864712,6.124311934330371,0.14973896114258298,0,37.55482111697198,6.2591368528286635,11.432650595912586,182.6553862733626,-90.14764610636405,43.74674024706147
2,56,1,32.56090059644495,24.833196225029575,6.8158834722714605,8.729254820896315,0.15326406262173287,0,73.09249917726403,12.182083196210673,13.484514255356904,110.69136565699505,-89.99651723128765,44.44712823522148
2,57,1,0,3.8911423615821943,2.6043454672902278,1.2335292120193848,0.02372072618922625,0,7.752737767081033,1.2921229611801721,1.638796552351549,126.829767877102,-90.32844109627645,44.64714096482207
2,58,1,0,17.60906530781502,2.3976702757448978,5.86145380642632,2.2181814026234137,0,28.08637079260965,4.681061798768275,6.687763988697164,142.86852590702628,-90.92485633163678,44.10986569639462
2,59,1,16.715959614565303,10.534903946915914,6.830879346118737,8.167119658662793,0.944075152894636,0,43.192937719157385,7.198822953192897,6.224519733963129,86.46579829001581,-90.09812674419776,44.24487661455626
2,60,1,0,30.79936334935361,9.70730106532655,6.170146421720057,0.17177349136985365,0,46.84858432777007,7.808097387961678,11.959384438814856,153.16643536303127,-90.87648941179272,43.804227754950496
2,61,1,0,18.2327048837501,4.007718843815718,5.361589615341528,0.5289186793084758,0,28.13093202221582,4.688488670369304,7.0089682522975085,149.4931255053118,-90.58960721768554,44.025333361294145
2,62,1,0,32.04605384369288,9.915673510454315,15.428483403554042,0.24213364668755977,0,57.632344404388796,9.6053907340648,12.72623817183257,132.49058288383748,-90.78903433333257,43.75345675817609
2,63,1,29.30716456151919,9.184514308365777,3.3940704472956655,20.99664865364548,0.162871856657411,0,63.04526982748352,10.507544971247254,12.109662967294925,115.2473103891698,-89.85901709153343,44.390153754585526
2,64,1,0,14.933348145641615,3.605011150091296,7.308200060569482,2.858979912175056,0,28.705539268477448,4.784256544746242,5.6612698642453925,118.33123519394522,-90.87426394539888,44.08319016308098
2,65,1,0,11.637578286851747,0.5881070234788921,5.589444948331237,0.35195425707320727,0,18.167084515735084,3.0278474192891807,4.735772480096338,156.40723670310012,-90.97080226851627,44.55424785444325
2,66,1,0,7.652929935633566,5.703002921949748,8.786945983097167,0.40459535160447996,0,22.547474192284962,3.757912365380827,4.092291875235646,108.8980124426327,-89.82053144427114,44.4362398212307
2,67,1,373.93791069476765,4.425042389856164,3.382785227502479,6.950080231247059,5.728654370372722,0,394.42447291374606,65.73741215229101,151.0054715883172,229.71009451739502,-90.81909697096329,44.264196503024095
2,68,1,0,26.856694185024374,2.2512948855490773,9.338152091614836,0.11883576048909117,0,38.56497692267738,6.427496153779563,10.636628383022662,165.48634380384658,-90.17760697416513,43.79139650718924
2,69,1,0,21.537024757741847,2.0515249868715846,7.30712935629331,0.13100487229951294,0,31.026683973206254,5.171113995534376,8.497305127681887,164.32252576562638,-90.28047765220724,44.65141485987759
2,70,1,0,28.80911305412475,5.9559262233101045,6.1164439830472555,0.5878885060909103,0,41.46937176657302,6.9115619610955035,11.104741506075943,160.66905814609535,-90.25822519506005,43.644376685859235
2,71,1,0,39.30278648635477,19.86539421119583,7.523609444180491,0.253853251462606,0,66.94564339319369,11.15760723219895,15.805434877990129,141.65613244010186,-90.83817500148709,43.76928562984745
2,72,1,0,9.734211906604662,0.40996678752497084,3.951357141915997,0.3568215046435262,0,14.452357340689156,2.4087262234481925,3.8949127574707543,161.70010188600943,-89.84500909595482,43.64463137911971
2,73,1,27.57129991790181,4.523057112946338,60.51380243170047,9.518311322406337,4.130726186353752,0,106.2571969713087,17.709532828551453,23.10173474341861,130.4480189684835,-90.65137079510517,43.99145936756947
2,74,1,0,18.714041298709308,1.925128433635697,6.817483988381401,0.9454519954236634,0,28.402105716150068,4.733684286025012,7.305433965271561,154.32871150361635,-90.86623165885743,44.48571055792931
2,75,1,0,1.3309275512050367,12.814818863303756,10.169439524903344,10.166316577892935,0,34.481502517305074,5.746917086217512,5.909316503341089,102.8258527952848,-90.7765525682923,44.32747335203395
2,76,1,0,29.914414650047227,16.020827037800203,9.647613383161017,1.0997522437321665,0,56.682607314740615,9.447101219123436,11.91921703093312,126.16798269087523,-91.0967910379456,44.396901776304574
2,77,1,0,0.8934531777851051,2.9698113378933186,9.492937535519173,1.207780578506948,0,14.563982629704546,2.427330438284091,3.6288024637044876,149.4976706290443,-90.06744950721325,44.15343877235598
2,78,1,0,11.687946708780636,0.8605842971505843,6.864157590960816,0.1326155487631931,0,19.54530414565523,3.257550690942538,4.9155494279430405,150.89709706162017,-89.95436991574404,44.20784863983774
2,79,1,0,33.699925322227905,10.823548089278885,12.751956682102815,0.08083118352573168,0,57.35626127713534,9.559376879522556,13.169380964332564,137.7640104612165,-90.15253841542649,44.63251633006087
2,80,1,0,4.603170761292858,1.276699478508374,6.1428469357688185,0.2799329664209196,0,12.30265014199097,2.0504416903318283,2.661060194934099,129.77985218899119,-90.09826486761293,44.34486139294982
2,81,1,0,2.7822294211982737,1.5482544954215371,8.565783055174487,28.160633270156136,0,41.05690024195044,6.842816706991739,10.914091397330349,159.4970589549583,-90.2070714645599,43.995765292439735
2,82,1,0,0.3271846911343998,0.24382828458210035,7.826559628404051,0.3188033979323387,0,8.71637600205289,1.4527293336754816,3.126040248507529,215.18394211800506,-90.26719169499034,44.13860819825649
2,83,1,0,28.349217678231817,11.057071834321084,7.92246097884005,0.5578005480993833,0,47.88655103949233,7.981091839915389,11.016592469423811,138.03365116445775,-91.14025041081902,44.576336817701026
2,84,1,0,30.350512756679834,2.3707200278939404,4.690306389624071,0.4860228224205978,0,37.89756199661844,6.31626033276974,11.91333926914349,188.61381009479982,-89.93554133207925,43.662188109422175
2,85,1,0,22.44049832664916,2.834171124629182,5.1166197508809885,1.1110151972664053,0,31.502304399425736,5.250384066570956,8.644344353121003,164.64213367093075,-91.08709523650998,44.1594022413171
2,86,1,0,15.032641088459838,6.545390503172878,3.830664995384451,0.22684492712663978,0,25.635541514143807,4.272590252357301,5.899452908093627,138.0767300313608,-90.2412118460251,44.68598634440734
2,87,1,0,7.1811659238647865,1.5656663055792752,8.649112524082188,1.7839632737806308,0,19.17990802730688,3.19665133788448,3.7602832012215432,117.63194680187019,-90.03785151287164,44.12935048653385
2,88,1,0,19.24966312190875,1.4940241264360412,5.551065578818686,0.14068438719248594,0,26.435437214355964,4.405906202392661,7.578175278637983,172.00037700581547,-90.67857665827525,43.89764318720994
2,89,1,294.8672779347326,9.226788887232958,5.495825416118873,9.083240935890272,1.598574127702114,0,320.2717073016768,53.378617883612804,118.36506997333764,221.7462247363202,-90.45782553747297,44.02568935624094
3,1,1,0,12.725560246289547,4.861361139559589,5.7713959201919165,0.6322812014311721,0,23.990598507472225,3.998433084578704,4.967025333241913,124.22429557215573,-90.85115214158573,44.01182719084938
3,2,1,0,19.190915420454107,4.66493347663285,6.00899596054114,17.179665843590186,0,47.044510701218286,7.840751783536381,8.395682923758836,107.07752464996625,-90.21702368890173,43.973951997249145
3,3,1,0,35.743754917689,17.314841455736317,5.053092419889699,0.35370656806642187,0,58.46539536138144,9.744232560230241,14.376217809050019,147.53565989100665,-90.70401155797428,43.75947778725168
3,4,1,0,29.829173444987983,4.953601391756628,8.465122428059656,0.19423391841528131,0,43.44213118321955,7.240355197203258,11.588591971475065,160.0555726320085,-89.92490274543266,44.62425124097672
3,5,1,0,8.45750651010117,7.000768050133992,4.95140346798702,0.8787086442060758,0,21.28838667242826,3.5480644454047097,3.7495633610303685,105.67912220102515,-90.18997597268269,44.461031416033215
3,6,1,0,13.662632147976002,5.588622579811442,8.481391665974476,3.4248196519672995,0,31.15746604572922,5.192911007621537,5.2870722596194355,101.81326527374917,-91.00974479615262,44.53896925960005
3,7,1,0,0.9980635191659769,0.020618719029224707,1.7703679013104385,0.35536216232703594,0,3.144412301832676,0.5240687169721127,0.7223783733772317,137.84039191480144,-89.93582231297562,44.38557471847335
3,8,1,0,25.175226355845968,7.961459967227776,2.8840796169580916,0.4151949753968497,0,36.43596091542869,6.072660152571448,9.842804082278844,162.08389461924594,-90.80038653806508,43.86600259607403
3,9,1,0,42.48872699188652,10.481500834635815,5.830845873503302,0.4944466310149585,0,59.2955203310406,9.8825867218401,16.513048781620363,167.09237415672985,-90.18200872269196,43.695912175387875
3,10,1,0,0.44408202394254565,0.01510230511449842,0.04426843193531951,0.02508839347811529,0,0.5285411544704789,0.08809019241174648,0.1751951786820475,198.88159383641658,-91.18758263333388,44.42907435524364
3,11,1,0,30.16349645623799,22.110879907732315,5.332991922864026,0.23633315911916486,0,57.84370144595349,9.640616907658917,13.18768530720718,136.79296079829,-90.31369214178274,43.7313492733063
3,12,1,0,0.03540441579692382,22.403870916311796,8.976449959689095,3.307462028727873,0,34.72318732052569,5.7871978867542815,8.860030340523437,153.09706897706477,-90.71126641607026,44.18845586304663
3,13,1,0,18.18574340762812,12.412512642775596,6.6495342503887604,1.511392440846749,0,38.75918274163922,6.459863790273205,7.495509390551095,116.03200367532966,-90.21401552651896,43.64394672078953
3,14,1,0,33.49031777679461,14.13826998283278,5.7349459127674844,0.16117015931222292,0,53.5247038317071,8.920783971951183,13.243302634127561,148.45447077036374,-90.90219070794875,43.801202386910866
3,15,1,0,31.847909791968288,8.484384045258865,3.722545352717311,0.6934822791106137,0,44.74832146905508,7.458053578175846,12.384482332900484,166.05515370847718,-90.94518463479119,44.41553913717245
3,16,1,0,27.03791248845741,3.4770032155898996,6.615706228832627,0.11657473479546857,0,37.247196667675404,6.207866111279234,10.542237065597568,169.82062558409729,-90.09084284995944,44.6129442772802
3,17,1,0,14.578938427420487,1.1607571264622112,7.089282888934863,1.5977536633806326,0,24.426732106198195,4.071122017699699,5.783759063573548,142.06793700675024,-90.24333030388085,43.98054887607816
3,18,1,0,13.024370542580629,6.906655448829622,3.967795886172595,0.25805909876470073,0,24.156880976347548,4.026146829391258,5.213194154473237,129.4834583879659,-90.3156914255,44.661914445005756
3,19,1,78.50456655180679,0.3527245212358945,0.5491470017908266,3.4973753388326805,0.5325343337288423,0,83.43634774739503,13.906057957899172,31.672188070959315,227.75820557376795,-90.30335128419775,44.31981736327845
3,20,1,0,36.256074852711386,9.241934580154286,7.008821432661984,0.27847831581867,0,52.78530918134633,8.797551530224387,14.033787578518245,159.51924271548202,-90.2084157945372,43.76960083735714
3,21,1,0,3.634795828875994,3.1703773345845114,10.632284176585763,3.45616802119051,0,20.89362536123678,3.482270893539463,3.8857775002612964,111.5874559750778,-90.78785396783367,44.38357335946474
3,22,1,0,0.36733535896190195,0.4700951687762354,3.300533563188352,3.052717696773453,0,7.190681787699942,1.1984469646166571,1.5460194765644946,129.0019101562007,-90.46199560532263,44.416151570722164
3,23,1,0,15.77089350693697,10.145262046565154,7.108524339122759,2.7535656327332543,0,35.77824552535814,5.963040920893023,6.267591624042271,105.1073052690646,-90.88256678737854,44.060833573595694
3,24,1,0,24.12395455520994,21.395188890878252,8.728226099409325,2.867134648233386,0,57.1145041937309,9.519084032288484,10.774450502082114,113.18789145610502,-90.23548874168277,43.934251618268036
3,25,1,116.30320366913026,12.290101465364149,17.955179724555983,7.718827285319255,4.0783420442577185,0,158.34565418862735,26.390942364771227,44.490880844864684,168.58390363602447,-89.89556344789989,44.371175556389325
3,26,1,82.73304869786874,4.361016883296281,3.2823122448404627,5.792729999760381,3.9998908956937202,0,100.16899872145959,16.694833120243263,32.40925645343902,194.1274657854548,-90.38251117579308,44.368412147130286
3,27,1,0,0.7380264567288164,1.3487065675765582,3.5575038257727396,0.34759294830162674,0,5.991829798379741,0.9986382997299568,1.3532683445811695,135.5113603140505,-89.88164508044483,44.252345369222624
3,28,1,0,19.652178276792764,0.8381878332370756,7.085236675660158,0.3816345883598696,0,27.957237374049868,4.659539562341645,7.8356753375522485,168.16415512125067,-90.96559883946057,44.459283297905536
3,29,1,0,21.323402572018516,5.879171208821994,13.274666257094257,2.3816452452478085,0,42.85888528318257,7.1431475471970955,8.543931277535984,119.610174941557,-90.88013878048514,44.32198140903282
3,30,1,0,28.816755288946837,18.02868581042502,9.297644011975324,0.8027524634484452,0,56.945837574795625,9.490972929132605,11.849540837314258,124.8506441414664,-90.5236492455344,43.958343880002005
3,31,1,0,0.33825763499751266,0.248513438877427,6.545102220844829,0.41981983396580796,0,7.551693128685576,1.258615521447596,2.595615947950041,206.22786734464347,-90.37526659694524,44.09781750743801
3,32,1,0,15.267573946440224,3.475243808137378,1.6640908662240101,0.18480172843527232,0,20.591710349236884,3.431951724872814,5.954993332905679,173.51623246175956,-90.9057073236919,43.87382107910679
3,33,1,0,31.812172547444327,9.395811900164512,12.38583932616154,1.9333905732486325,0,55.52721434701901,9.25453572450317,12.19478601302399,131.7709107841676,-90.99544336641836,44.376935838815605
3,34,1,0,6.083599530049373,3.3843666104122274,4.643279074465442,2.692499832698795,0,16.80374504762584,2.800624174604306,2.458159551529293,87.77184649834714,-90.85960532483335,44.50265460068063
3,35,1,67.56152188212393,7.552908180057791,0.7319063846625461,5.620851241940994,0.23538555149342832,0,81.70257324027868,13.617095540046448,26.61292534586293,195.43760464628534,-90.3587690910103,44.24543621931106
3,36,1,0,4.523105406809237,3.4293019541241936,0.9996016257717144,0.06763455309613021,0,9.019643539801276,1.5032739233002126,1.98309744217668,131.91856862807057,-90.92029301777286,43.744601330976806
3,37,1,0,0.40193891698634715,0.7673303256740377,0.8727519018951905,4.454059661155575,0,6.49608080571115,1.0826801342851917,1.6921889037591142,156.29629196774107,-90.47481950408331,44.391161895576666
3,38,1,188.44479916646478,7.039723181302176,2.6533817197509246,8.834177686528498,16.316022591741504,0,223.28810434578787,37.21468405763132,74.30033580202014,199.65327580628477,-90.2667404180745,44.02476246898858
3,39,1,0,25.784449446613525,6.527229714143003,7.802520916131041,0.5541322655902503,0,40.66833234247782,6.77805539041297,9.929519091754168,146.49510102556403,-91.02812922816408,44.487259820518766
3,40,1,0,7.534267916120501,0.8376638380476227,1.337632905277803,0.08694361007916573,0,9.796508269525093,1.632751378254182,2.941714885536169,180.16918709825833,-91.15756961933108,44.09920648647999
3,41,1,0,8.07118953586823,26.102556292104712,11.146233515161557,5.559462523745232,0,50.87944186687973,8.479906977813288,9.697223896761832,114.35530981806185,-90.75514356789509,43.951925025437745
3,42,1,445.21049834147846,6.8159571403781065,11.160315920645447,6.696515583903111,1.125062958595699,0,471.0083499450008,78.50139165750014,179.69679790764027,228.90906022615943,-90.44936117836585,44.119153125567145
3,43,1,0,34.931361489985306,16.817665976547165,7.601705422763542,0.7910068574862643,0,60.14173974678228,10.023623291130379,13.84635243182012,138.1371987919016,-90.81003122093752,43.767218641979916
3,44,1,524.5630284374437,2.824391352027019,1.1511334117817322,8.545605376910276,0.5459644265118825,0,537.6301230046746,89.60502050077909,213.1077851008011,237.8301839671452,-90.04062929474726,44.312862113897445
3,45,1,0,2.5997272503442512,2.775099491175824,11.81583351879505,6.72305783297675,0,23.913718093291873,3.9856196822153125,4.559872845243931,114.40812743852756,-90.0309612744956,43.896632378249294
3,46,1,0,13.778602634275128,1.0724613316094036,5.074488047884077,0.9301167604803903,0,20.855668774248997,3.4759447957081666,5.387438290327448,154.99205559822033,-91.13696534546123,44.37773681082026
3,47,1,18.385395001551473,9.319968257900804,6.753540807498167,2.7570020479742974,0.5370733374800164,0,37.75297945240476,6.29216324206746,6.9402661275099895,110.30016006434025,-90.0430153048268,44.42850307236058
3,48,1,0,2.3246558970891384,3.044177254892972,21.225649388626493,0.19856164588580785,0,26.793044186494413,4.4655073644157355,8.313773183883345,186.17757189548638,-89.79044433608811,44.35687305915251
3,49,1,0,28.49007696499355,5.219366225511015,5.272063109187778,0.7090273394973419,0,39.69053363918968,6.615088939864947,10.996974387246095,166.24076391436407,-90.62775769381852,43.88450823290698
3,50,1,0,24.60327774450513,12.29922536210747,7.086332529663214,2.038790887643178,0,46.027626523919,7.671271087319832,9.569478530356541,124.74436663011865,-90.35000741031799,43.907996563353464
3,51,1,0,21.72662893181432,4.106407168376689,6.95591173907097,1.019961201947016,0,33.808909041209,5.634818173534833,8.340587011184267,148.01874265185123,-90.29374827075182,43.98818926894171
3,52,1,0,2.0315339203627008,0.5382521135959658,0.9075764713516526,0.03232377326976743,0,3.5096862785800864,0.5849477130966811,0.7985740194499266,136.52058151015234,-90.33127436718262,44.60324251563061
3,53,1,0,32.84607620252072,17.479204613435595,6.698529165817933,0.6527780875094273,0,57.676588069283675,9.612764678213946,13.230663320368228,137.63640079896857,-90.47803047624087,43.75944531706828
3,54,1,147.01602663685645,2.728304596174665,1.443287232152534,4.938869627485145,1.424101655641919,0,157.55058974831073,26.25843162471845,59.18213906657261,225.38337366220048,-90.37122135601848,44.16054068073061
3,55,1,0,29.836839230134853,2.8084005439132107,5.513822278234637,0.1920045574882924,0,38.351066609770996,6.391844434961833,11.691271436772853,182.90919867862308,-90.14764610636405,43.74674024706147
3,56,1,40.48405328192985,25.47024316566268,8.739747357664038,7.859096698526981,0.19652466063606971,0,82.74966516441962,13.791610860736604,16.028898171633795,116.22208843831676,-89.99651723128765,44.44712823522148
3,57,1,0,3.9909619866740047,3.339452839649068,1.1105673458530927,0.03041618227153656,0,8.471398354447702,1.4118997257412838,1.8084934507952428,128.08936908361088,-90.32844109627645,44.64714096482207
3,58,1,0,18.060791339377783,3.0744411259730065,5.277166631495299,2.844289391282213,0,29.2566884881283,4.876114748021384,6.766444733008846,138.76713495625827,-90.92485633163678,44.10986569639462
3,59,1,20.78350989372007,10.805156244221168,8.758975994621489,7.352996843696328,1.2105515530765738,0,48.91119052933563,8.151865088222605,7.51318729415574,92.16525559298579,-90.09812674419776,44.24487661455626
3,60,1,0,31.589460605355526,12.447301832679875,5.555087847394178,0.22025859500442663,0,49.812108880434,8.302018146739002,12.411251566537375,149.49680122552448,-90.87648941179272,43.804227754950496
3,61,1,0,18.700429165409513,5.138944983140372,4.827130391922792,0.6782122447825346,0,29.344716785255212,4.890786130875869,7.160408260874983,146.40608011196468,-90.58960721768554,44.025333361294145
3,62,1,0,32.86813249903375,12.714489869876243,13.890526221080073,0.31047873800194503,0,59.78362732799201,9.963937887998668,12.956350975140463,130.0324341718959,-90.78903433333257,43.75345675817609
3,63,1,36.43857479115213,9.42012500818573,4.352087054327573,18.90364017315427,0.20884436840072063,0,69.32327139522042,11.55387856587007,14.08465631803455,121.9041401355935,-89.85901709153343,44.390153754585526
3,64,1,0,15.316433901634698,4.622568270355099,6.579696909603885,3.665960874286987,0,30.18465995588067,5.030776659313445,5.671696089459214,112.73996986050332,-90.87426394539888,44.08319016308098
3,65,1,0,11.936117531532012,0.7541072005388004,5.03227242660764,0.45129751715797284,0,18.173794675836426,3.0289657793060707,4.764854928910122,157.3096322666854,-90.97080226851627,44.55424785444325
3,66,1,0,7.849250842463152,7.312743083216179,7.911037033835046,0.5187971844726944,0,23.591828143987073,3.9319713573311788,4.127425714149783,104.97089981223233,-89.82053144427114,44.4362398212307
3,67,1,464.929471341261,4.538558172967015,4.337616447506108,6.25727553159949,7.345634956953016,0,487.4085564502866,81.2347594083811,187.98798992572546,231.41324144345344,-90.81909697096329,44.264196503024095
3,68,1,0,27.545649996876108,2.8867495471930322,8.407297275578603,0.1523785622151209,0,38.99207538186286,6.4986792303104775,10.811151955032187,166.35921811016482,-90.17760697416513,43.79139650718924
3,69,1,0,22.089514884583846,2.630592227131693,6.578732936319268,0.16798255005072985,0,31.466822598085535,5.244470433014256,8.638840289641498,164.72283331524724,-90.28047765220724,44.65141485987759
3,70,1,0,29.548154342534716,7.637056983791004,5.50673862777168,0.7538270040284012,0,43.4457769581258,7.2409628263543,11.3817506032653,157.18559639389576,-90.25822519506005,43.644376685859235
3,71,1,0,40.3110223840864,25.47263715299304,6.773633644216838,0.32550634011431545,0,72.88279952141059,12.147133253568432,16.938150776411153,139.4415490703148,-90.83817500148709,43.76928562984745
3,72,1,0,9.983924020115312,0.5256847718388744,3.5574740921063412,0.4575386030369858,0,14.524621487097514,2.4207702478495854,3.9410474559642945,162.8013835458032,-89.84500909595482,43.64463137911971
3,73,1,34.28031640655153,4.639087271529271,77.59454031986331,8.56949769760469,5.296672605875357,0,130.38011430142416,21.73001905023736,29.95297172247874,137.84144253730673,-90.65137079510517,43.99145936756947
3,74,1,0,19.194113321987903,2.4685187488136955,6.137896877186973,1.2123170257264424,0,29.012845973715013,4.835474328952502,7.394054229726127,152.91269742565015,-90.86623165885743,44.48571055792931
3,75,1,0,1.3650698870129787,16.43195335647042,9.155719501361888,13.035879913481766,0,39.98862265832705,6.6647704430545085,7.1988732626753045,108.01382169399992,-90.7765525682923,44.32747335203395
3,76,1,0,30.681810282931373,20.542895332766673,8.68591054379143,1.4101703477392569,0,61.32078650722873,10.220131084538123,12.760181636358755,124.85340482240423,-91.0967910379456,44.396901776304574
3,77,1,0,0.9163729666173318,3.808075783382479,8.546653245375314,1.5486909602529122,0,14.819792955628037,2.469965492604673,3.2918240768618707,133.27409175220973,-90.06744950721325,44.15343877235598
3,78,1,0,11.987778056531466,1.103494413844848,6.17991791603466,0.17004785903448347,0,19.441238245445458,3.2402063742409095,4.902064876994265,151.28866222734604,-89.95436991574404,44.20784863983774
3,79,1,0,34.56443080640119,13.87862280783683,11.480803655790504,0.10364674300988905,0,60.02750401303842,10.004584002173068,13.554227657108536,135.4801724306024,-90.15253841542649,44.63251633006087
3,80,1,0,4.721256078386988,1.6370630365407484,5.53050965551951,0.35894736369149705,0,12.247776134138743,2.041296022356457,2.47726776500563,121.35759526665271,-90.09826486761293,44.34486139294982
3,81,1,0,2.85360205985714,1.9852676751884653,7.711920285345486,36.10930574359896,0,48.66009576399005,8.110015960665008,14.00575492386579,172.69700814149004,-90.2070714645599,43.995765292439735
3,82,1,0,0.33557797263632244,0.3126517075254502,7.046384851679591,0.40878943515225985,0,8.103403966993623,1.3505673278322705,2.7958833775449574,207.01547563959605,-90.26719169499034,44.13860819825649
3,83,1,0,29.0764612528248,14.178061397417677,7.132726469842875,0.7152463633200118,0,51.10249548340536,8.51708258056756,11.511743691765922,135.1606443036132,-91.14025041081902,44.576336817701026
3,84,1,0,31.129095631114712,3.039883851277508,4.222762677695507,0.6232085239273089,0,39.014950684015034,6.502491780669173,12.188414219993966,187.4422087887615,-89.93554133207925,43.662188109422175
3,85,1,0,23.016165295803354,3.6341495124462244,4.606579853243163,1.4246124033863075,0,32.68150706487905,5.446917844146508,8.811214695391934,161.76514769468835,-91.08709523650998,44.1594022413171
3,86,1,0,15.418274010144989,8.392904542412943,3.448812898246633,0.29087459615764694,0,27.550866046962213,4.591811007827035,6.223095187415363,135.52594339809934,-90.2412118460251,44.68598634440734
3,87,1,0,7.365384650303466,2.0075941751113766,7.786943224579065,2.287508049634829,0,19.447430099628736,3.2412383499381225,3.4961334937948623,107.86412834655019,-90.03785151287164,44.12935048653385
3,88,1,0,19.74347547247802,1.9157301418702524,4.997718826968688,0.18039422273461417,0,26.837318664051576,4.472886444008596,7.725856618031033,172.7264198352223,-90.67857665827525,43.89764318720994
3,89,1,366.6183174402332,9.463484058455215,7.047087271094527,8.177796423160263,2.049790620020478,0,393.3564758129637,65.55941263549396,147.53377114240487,225.03827476716882,-90.45782553747297,44.02568935624094
4,1,1,0,8.650610159464698,1.7424392537894184,7.084636034844111,0.2266261553459937,0,17.70431160344422,2.950718600574037,3.8954367222697135,132.0165440890192,-90.85115214158573,44.01182719084938
4,2,1,0,13.045643939646059,1.6720344308215296,7.376300275352938,6.157642535392616,0,28.251621181213142,4.708603530202191,5.143640910015583,109.23920175107018,-90.21702368890173,43.973951997249145
4,3,1,0,24.29797065465414,6.206093017880277,6.202887679235452,0.1267777050149182,0,36.83372905678479,6.138954842797465,9.394447905622526,153.03008649175146,-90.70401155797428,43.75947778725168
4,4,1,0,20.277343068403276,1.7755005778905357,10.3913008607464,0.06961852743463907,0,32.51376303447485,5.418960505745808,8.320050802209394,153.53591880559964,-89.92490274543266,44.62425124097672
4,5,1,0,5.749262926270958,2.509258766636987,6.078060129201197,0.3149522099581054,0,14.651534032067246,2.4419223386778746,2.8500703617025636,116.7142098075761,-90.18997597268269,44.461031416033215
4,6,1,0,9.287615018660686,2.0031088162603643,10.411272048095984,1.2275451313781351,0,22.92954101439517,3.821590169065862,4.744394204782343,124.14712187576222,-91.00974479615262,44.53896925960005
4,7,1,0,0.6784658790331612,0.007390289338312919,2.1732025322806483,0.1273711133927833,0,2.986429814044906,0.4977383023408176,0.8617357723251331,173.13029121377014,-89.93582231297562,44.38557471847335
4,8,1,0,17.11367237793747,2.8535959304655663,3.5403314318074455,0.14881676187775328,0,23.656416502088234,3.9427360836813725,6.63785926509489,168.35667222486407,-90.80038653806508,43.86600259607403
4,9,1,0,28.883083044293066,3.756844630257309,7.157613402421006,0.1772226325202507,0,39.97476370949163,6.6624606182486055,11.254145158661634,168.9187494457576,-90.18200872269196,43.695912175387875
4,10,1,0,0.30187908379696987,0.005413062000283878,0.05434139893223258,0.008992337815647828,0,0.3706258825451342,0.06177098042418903,0.1194154161875479,193.31960633861945,-91.18758263333388,44.42907435524364
4,11,1,0,20.50460992201826,7.9251189082707905,6.546476324396522,0.08470799876813921,0,35.06091315345371,5.843485525575619,8.015386789789122,137.16790697448607,-90.31369214178274,43.7313492733063
4,12,1,0,0.02406729393875466,8.030134565347131,11.018977337336025,1.1854810831428026,0,20.258660279764715,3.3764433799607856,4.876569448761057,144.42917887216856,-90.71126641607026,44.18845586304663
4,13,1,0,12.36234583269651,4.4489698761382295,8.162588499675794,0.5417226659796267,0,25.51562687449016,4.252604479081693,5.119265040507586,120.37952425834438,-90.21401552651896,43.64394672078953
4,14,1,0,22.76612405242538,5.067526540723588,7.039892087341567,0.05776760953631864,0,34.93131029002685,5.821885048337808,8.83372598865427,151.73308842943172,-90.90219070794875,43.801202386910866
4,15,1,0,21.649644233498176,3.041025626420136,4.569584085356869,0.24856222573070397,0,29.508816171005886,4.918136028500981,8.41153306147881,171.03091522343672,-90.94518463479119,44.41553913717245
4,16,1,0,18.379893374954932,1.2462490883663775,8.12106315228703,0.04178344049669132,0,27.78898905610503,4.631498176017505,7.438042453731751,160.59689912536066,-90.09084284995944,44.6129442772802
4,17,1,0,9.910503776148198,0.4160457787850741,8.70239881489218,0.5726767917539392,0,19.601625161579392,3.2669375269298984,4.699225429773845,143.84191283235032,-90.24333030388085,43.98054887607816
4,18,1,0,8.853736099291353,2.47552634353957,4.87063963429316,0.09249514499675102,0,16.292397222120833,2.715399537020139,3.577937716577904,131.76468758274552,-90.3156914255,44.661914445005756
4,19,1,1.6311270572241594,0.23977587374082232,0.19682867916037808,4.293178235473613,0.1908742634915192,0,6.551784109090492,1.0919640181817487,1.6775165763331767,153.623796059365,-90.30335128419775,44.31981736327845
4,20,1,0,24.646236660160117,3.312551594320256,8.603628926218882,0.0998139275979765,0,36.662231108297235,6.1103718513828715,9.679075452963822,158.40403314854393,-90.2084157945372,43.76960083735714
4,21,1,0,2.470869739037433,1.1363463356282928,13.051584859497481,1.2387812085813512,0,17.897582142744557,2.982930357124093,5.017722299937893,168.2145306528573,-90.78785396783367,44.38357335946474
4,22,1,0,0.24970806209439547,0.16849443017654125,4.051546513065954,1.094174037454369,0,5.56392304279126,0.9273205071318766,1.5838844985268097,170.8022723907648,-90.46199560532263,44.416151570722164
4,23,1,0,10.720773699116604,3.6363278354416955,8.726018520289085,0.9869500966131849,0,24.07007015146057,4.011678358576762,4.662916662949756,116.23356226903584,-90.88256678737854,44.060833573595694
4,24,1,0,16.399036452843927,7.6685964888185385,10.714271902192758,1.027656208531374,0,35.8095610523866,5.968260175397766,6.780364167795715,113.6070474230595,-90.23548874168277,43.934251618268036
4,25,1,2.4164874819273097,8.354593003332047,6.435607037362489,9.475191563446282,1.4617846862819608,0,28.143663772350088,4.690610628725015,3.9232837050661873,83.64121466489323,-89.89556344789989,44.371175556389325
4,26,1,1.7189842602173042,2.964541931836728,1.1764667413953565,7.110824532561305,1.4336657383497857,0,14.40448320436048,2.4007472007267467,2.496605295096218,103.99284415870413,-90.38251117579308,44.368412147130286
4,27,1,0,0.5016972959122611,0.4834117848323208,4.366988532182911,0.12458642344683316,0,5.476684036374326,0.9127806727290544,1.7071898786320487,187.03177330955637,-89.88164508044483,44.252345369222624
4,28,1,0,13.359202248592837,0.3004284892138853,8.697431914550037,0.13678783951077658,0,22.493850491867537,3.748975081977923,5.829128405267165,155.48592022627616,-90.96559883946057,44.459283297905536
4,29,1,0,14.495270884253845,2.1072490604818723,16.295222198585858,0.8536440813151894,0,33.75138622463677,5.625231037439461,7.628328860008795,135.60916537005244,-90.88013878048514,44.32198140903282
4,30,1,0,19.589119161811055,6.461953545209513,11.413256812955325,0.28772752388345385,0,37.752057043859345,6.292009507309891,7.978713549464998,126.80708031663872,-90.5236492455344,43.958343880002005
4,31,1,0,0.22994154105546527,0.08907373029140048,8.034393704182671,0.1504744324112589,0,8.503883407940796,1.417313901323466,3.242907948771971,228.8066140989511,-90.37526659694524,44.09781750743801
4,32,1,0,10.378625988585748,1.2456184706194804,2.042742913349382,0.06623778331821743,0,13.733225155872828,2.288870859312138,4.049964196770738,176.94157712278496,-90.9057073236919,43.87382107910679
4,33,1,0,21.62535068849371,3.3677052590977765,15.20414901790266,0.6929778576458605,0,40.89018282314001,6.815030470523334,9.294899191463015,136.3882264601122,-90.99544336641836,44.376935838815605
4,34,1,0,4.135523063992757,1.2130457009681743,5.699824220290469,0.9650625132822053,0,12.013455498533606,2.0022425830889343,2.363874806879499,118.0613591402427,-90.85960532483335,44.50265460068063
4,35,1,1.4037581660482163,5.134333025138336,0.26233443229660014,6.899835985230633,0.08436835135728606,0,13.78462996007107,2.297438326678512,2.9781285871697265,129.62822777816686,-90.3587690910103,44.24543621931106
4,36,1,0,3.0747268353770374,1.2291517059570038,1.2270538698713211,0.02424199660218586,0,5.555174407807549,0.9258624013012581,1.2105933078908175,130.753047773555,-90.92029301777286,43.744601330976806
4,37,1,0,0.27323094712314483,0.27503130125374486,1.0713403930603658,1.5964517281307276,0,3.216054369567983,0.5360090615946639,0.65159672198683,121.56449744492843,-90.47481950408331,44.391161895576666
4,38,1,3.9154080356682015,4.785478964648966,0.9510415562749436,10.844332019785325,5.848090156935125,0,26.344350733312563,4.39072512221876,3.879809322487893,88.36374891369454,-90.2667404180745,44.02476246898858
4,39,1,0,17.52781143007947,2.3395302150816564,9.577929084998331,0.19861552837508137,0,29.64388625853454,4.940647709755757,7.183505412952432,145.39602568238067,-91.02812922816408,44.487259820518766
4,40,1,0,5.121661704310788,0.30024067560352224,1.6420017640739533,0.03116286873552952,0,7.095067012723793,1.182511168787299,2.0311921626699982,171.76938504124638,-91.15756961933108,44.09920648647999
4,41,1,0,5.486651498766417,9.35584035045206,13.682479716566528,1.9926570878505987,0,30.517628653635605,5.086271442272601,5.542473882468218,108.9692900855441,-90.75514356789509,43.951925025437745
4,42,1,9.250352201178083,4.633366778662864,4.0001497495381155,8.220260101656226,0.4032520534401609,0,26.50738088447545,4.417896814079242,3.8384037403212967,86.8830554866927,-90.44936117836585,44.119153125567145
4,43,1,0,23.745720010819028,6.027892294648424,9.331419453647468,0.28351759084196393,0,39.38854934995688,6.564758224992814,9.26039062109861,141.06217325480785,-90.81003122093752,43.767218641979916
4,44,1,10.899097803936199,1.91997114871804,0.41259638719594094,10.490097132480717,0.1956879607617704,0,23.917450433092668,3.986241738848778,5.24188039455366,131.49931032701267,-90.04062929474726,44.312862113897445
4,45,1,0,1.7672484769558572,0.994668395904004,14.504442441056904,2.4097201457319377,0,19.676079459648705,3.279346576608117,5.581638653419332,170.2058176233545,-90.0309612744956,43.896632378249294
4,46,1,0,9.366449698435968,0.38439825158449104,6.229151730285349,0.3333782262914345,0,16.313377906597243,2.718896317766207,4.060473646491473,149.34271748278653,-91.13696534546123,44.37773681082026
4,47,1,0.3820021759497789,6.335549126113561,2.420646042791129,3.384338265354738,0.1925011614079862,0,12.715036771617193,2.1191727952695323,2.477501880141925,116.9089130283412,-90.0430153048268,44.42850307236058
4,48,1,0,1.5802598495796916,1.0911129192304705,26.05539502073004,0.07116969839434921,0,28.79793748793455,4.799656247989092,10.434138419762258,217.39345237763308,-89.79044433608811,44.35687305915251
4,49,1,0,19.367049031036956,1.8707576602829814,6.47168359229148,0.2541339828256348,0,27.96362426643705,4.660604044406176,7.618427851488092,163.4643874248876,-90.62775769381852,43.88450823290698
4,50,1,0,16.72487185582298,4.408364745368397,8.698777122341417,0.730756092977589,0,30.562769816510382,5.093794969418397,6.628382352741396,130.12660290679537,-90.35000741031799,43.907996563353464
4,51,1,0,14.769377012165235,1.4718439623825217,8.538680007969138,0.365580829030061,0,25.145481811546954,4.190913635257826,6.131247589340739,146.29859078361903,-90.29374827075182,43.98818926894171
4,52,1,0,1.38100072850709,0.1929236656649001,1.1140890457400416,0.01158568757986459,0,2.6995991274918962,0.44993318791531606,0.6278649442960669,139.5462617917041,-90.33127436718262,44.60324251563061
4,53,1,0,22.328180056271002,6.265005081730352,8.222731859821863,0.2339727765613098,0,37.049889774384525,6.174981629064088,8.67967265606708,140.561918681896,-90.47803047624087,43.75944531706828
4,54,1,3.054622545233902,1.8546530762497775,0.5173119740747107,6.062674302392139,0.5104353605792352,0,11.999697258529764,1.999949543088294,2.282798436587702,114.14280147601308,-90.37122135601848,44.16054068073061
4,55,1,0,20.28255413318851,1.0066043660605826,6.76845334166719,0.06881946604451948,0,28.1264313069608,4.687738551160133,8.07914098068018,172.3462367303043,-90.14764610636405,43.74674024706147
4,56,1,0.8411566052107643,17.31421957293876,3.1325545309262455,9.647378284499522,0.07043958948932445,0,31.005748583064616,5.167624763844103,6.973570635539349,134.94731049999527,-89.99651723128765,44.44712823522148
4,57,1,0,2.7129851762735524,1.1969474282896468,1.3632690507377927,0.010901956966139003,0,5.284103612267131,0.8806839353778552,1.0952595953415514,124.36466152543512,-90.32844109627645,44.64714096482207
4,58,1,0,12.277405632804907,1.101960283873339,6.477948384820787,1.0194678696419421,0,20.876782171140974,3.4794636951901627,4.945950463084322,142.1469196509036,-90.92485633163678,44.10986569639462
4,59,1,0.43182896003076643,7.345153578453798,3.139446578414526,9.02611900540238,0.43389340644777896,0,20.37644152874925,3.396073588124875,3.9103215993726472,115.14242839277556,-90.09812674419776,44.24487661455626
4,60,1,0,21.47395506020071,4.461439233661058,6.819108597745396,0.07894645365824184,0,32.83344934526541,5.472241557544234,8.341092189742003,152.42551159392198,-90.87648941179272,43.804227754950496
4,61,1,0,12.712220082554682,1.8419325790922811,5.92550959809567,0.24308904518391428,0,20.722751304926547,3.4537918841544246,5.071330023966782,146.83368871278623,-90.58960721768554,44.025333361294145
4,62,1,0,22.343173535458014,4.557206429470764,17.051216719427295,0.1112837176730713,0,44.062880402029144,7.343813400338191,9.87068729320483,134.40819850828828,-90.78903433333257,43.75345675817609
4,63,1,0.7571017569953895,6.403633908613125,1.5599020730346567,23.20502911468983,0.07485529566462966,0,32.00052214899763,5.333420358166272,9.075458864552472,170.16207714917078,-89.85901709153343,44.390153754585526
4,64,1,0,10.411840119564346,1.6568496304551192,8.076860168446395,1.3139764660217181,0,21.459526384487578,3.5765877307479297,4.502485778606837,125.8877488142947,-90.87426394539888,44.08319016308098
4,65,1,0,8.113961003244787,0.2702917866133052,6.17733024448466,0.1617568591304029,0,14.723339893473154,2.453889982245526,3.6868832032815666,150.2464751866236,-90.97080226851627,44.55424785444325
4,66,1,0,5.335781511214545,2.6210787956862798,9.71113727387989,0.18595050913303418,0,17.85394808991375,2.975658014985625,3.912905299127804,131.4971438055763,-89.82053144427114,44.4362398212307
4,67,1,9.660062767242952,3.0852313517463883,1.5547154282600706,7.681074097866424,2.632868105364051,0,24.613951750479885,4.102325291746648,3.7472406430618994,91.34430783928488,-90.81909697096329,44.264196503024095
4,68,1,0,18.725044328127996,1.034686702445574,10.320318005878594,0.0546164706997418,0,30.134665507151905,5.022444251191985,7.834030007932332,155.9804273800166,-90.17760697416513,43.79139650718924
4,69,1,0,15.016060446843122,0.9428732047837209,8.075676849893437,0.06020934893690169,0,24.09481985045718,4.01580330840953,6.242294541306942,155.44323419015308,-90.28047765220724,44.65141485987759
4,70,1,0,20.08631126660935,2.737321398259585,6.759757856896768,0.2701913568397339,0,29.853581878605436,4.975596979767573,7.850869589532651,157.7874900530909,-90.25822519506005,43.644376685859235
4,71,1,0,27.402718074896793,9.130060820153506,8.314925828386986,0.1166700041593485,0,44.964374727596635,7.494062454599439,10.643803262488492,142.02981796550037,-90.83817500148709,43.76928562984745
4,72,1,0,6.786894477586211,0.18841920097595768,4.36695203283209,0.1639938278948441,0,11.506259539289102,1.9177099232148505,2.936968994737612,153.14980431524674,-89.84500909595482,43.64463137911971
4,73,1,0.7122585866903887,3.153569250001048,27.811917084877226,10.519425980906364,1.8984662932868255,0,44.09563719576185,7.349272865960309,10.715845001953168,145.8082343300361,-90.65137079510517,43.99145936756947
4,74,1,0,13.047817816391902,0.8847818220387946,7.5345316792665935,0.4345261981203807,0,21.90165751581767,3.6502762526362784,5.441309933494451,149.0657023441627,-90.86623165885743,44.48571055792931
4,75,1,0,0.9279502988025158,5.889642781680833,11.239038388847257,4.6724010450689155,0,22.72903251439952,3.7881720857332537,4.418026998062019,116.62688225545193,-90.7765525682923,44.32747335203395
4,76,1,0,20.856950468776674,7.363112138083797,10.662327742701613,0.5054420146727379,0,39.387832364234825,6.56463872737247,8.301826522066944,126.46280879785432,-91.0967910379456,44.396901776304574
4,77,1,0,0.6229340902448726,1.364914174422278,10.491383435966016,0.5550914329680865,0,13.034323133601253,2.172387188933542,4.106402169585664,189.02717667017538,-90.06744950721325,44.15343877235598
4,78,1,0,8.149078911906912,0.39552132166728926,7.586114306790094,0.06094960981059236,0,16.191664150174887,2.698610691695815,4.01053042294884,148.6146347559533,-89.95436991574404,44.20784863983774
4,79,1,0,23.496287039869276,4.974462187580414,14.093178914344644,0.03714970938452349,0,42.60107785117886,7.100179641863143,9.725888597427641,136.98088059748713,-90.15253841542649,44.63251633006087
4,80,1,0,3.209426147586497,0.5867663014344002,6.788937813028066,0.128656143533692,0,10.713786405582654,1.7856310675971092,2.7429936224619342,153.61480163722342,-90.09826486761293,44.34486139294982
4,81,1,0,1.9398280698303407,0.7115719707343171,9.466712924728112,12.942521641260035,0,25.060634606552803,4.176772434425468,5.598646619137099,134.0424144967145,-90.2070714645599,43.995765292439735
4,82,1,0,0.22811995410785674,0.1120625669061045,8.649739634207746,0.14652084835816803,0,9.136443003579876,1.522740500596646,3.492610171147297,229.3634516044467,-90.26719169499034,44.13860819825649
4,83,1,0,19.765662670003657,5.081788826685501,8.75572767380944,0.256363043970813,0,33.859542214469414,5.6432570357449015,7.773755691333785,137.7529969323409,-91.14025041081902,44.576336817701026
4,84,1,0,21.16100711557953,1.089574050840079,5.183622306750631,0.22337426992422155,0,27.65757774309446,4.609596290515744,8.34751414820196,181.08991812096411,-89.93554133207925,43.662188109422175
4,85,1,0,15.64598096165149,1.3025744401288497,5.654774352161958,0.5106184259580577,0,23.113948179900355,3.8523246966500593,6.1593537187713885,159.88667113463976,-91.08709523650998,44.1594022413171
4,86,1,0,10.48106921913008,3.0082369748264965,4.2335657567468985,0.10425707939096758,0,17.82712903009444,2.971188171682407,4.095570663996403,137.84285704386488,-90.2412118460251,44.68598634440734
4,87,1,0,5.006857855461273,0.7195743735076547,9.558806800470474,0.8199028429729237,0,16.105141872412325,2.6841903120687207,3.857464846139687,143.71055691527016,-90.03785151287164,44.12935048653385
4,88,1,0,13.421264463005425,0.6866478961414305,6.134914218878233,0.06465801774975709,0,20.307484595774845,3.3845807659624745,5.468287784737059,161.56470070768248,-90.67857665827525,43.89764318720994
4,89,1,7.617404738565457,6.43310862198579,2.5258607895045775,10.038595865939813,0.734698685376129,0,27.349668701371765,4.558278116895295,4.06043118384002,89.07817995549676,-90.45782553747297,44.02568935624094
5,1,1,0,3.0775262650140154,0.5159639496194635,5.28412029945128,0.06710760558515552,0,8.944718119669915,1.4907863532783192,2.205862814058629,147.9663943265793,-90.85115214158573,44.01182719084938
5,2,1,0,4.641095960653723,0.49511596283784726,5.5016599057651066,1.823375796887293,0,12.461247626143969,2.0768746043573283,2.428885498111609,116.94906823049183,-90.21702368890173,43.973951997249145
5,3,1,0,8.644204454690763,1.8377227546081636,4.6264627483838705,0.03754089289536511,0,15.145930850578162,2.524321808429694,3.500624484375344,138.6758404845767,-90.70401155797428,43.75947778725168
5,4,1,0,7.213832865816317,0.5257539330153054,7.750417035669752,0.020615152180340237,0,15.510618986681715,2.5851031644469527,3.802331937122538,147.08627452150424,-89.92490274543266,44.62425124097672
5,5,1,0,2.045347938921003,0.7430313917891982,4.533359335897658,0.0932623538168992,0,7.415001020424759,1.2358335034041263,1.796211673863958,145.34414780925258,-90.18997597268269,44.461031416033215
5,6,1,0,3.3041460235026494,0.5931523489886739,7.765312671233677,0.36349561853853374,0,12.026106662263535,2.0043511103772556,3.085348614287693,153.93254197399446,-91.00974479615262,44.53896925960005
5,7,1,0,0.2413698599463395,0.002188382101432718,1.620896762962048,0.037716610545041954,0,1.9021716155548622,0.31702860259247706,0.64559278930734,203.63865721517067,-89.93582231297562,44.38557471847335
5,8,1,0,6.088330795524662,0.844995097360784,2.640578442363239,0.044067007823105714,0,9.61797134307179,1.6029952238452985,2.4223469146975893,151.11379489246468,-90.80038653806508,43.86600259607403
5,9,1,0,10.275396191115995,1.1124613895828233,5.338550927576282,0.05247843747679843,0,16.7788869457519,2.7964811576253163,4.204815716074098,150.36095289283818,-90.18200872269196,43.695912175387875
5,10,1,0,0.10739598619261222,0.0016028936693933335,0.04053087382134072,0.002662774111398,0,0.15219252779474426,0.025365421299124044,0.04318768720595391,170.26205359122235,-91.18758263333388,44.42907435524364
5,11,1,0,7.294684932696475,2.3467536352974463,4.8827304981493,0.025083384407070898,0,14.549252450550291,2.4248754084250486,3.075101387190806,126.81482011432819,-90.31369214178274,43.7313492733063
5,12,1,0,0.008562139301040172,2.37785044000909,8.21857347943381,0.35103978547733206,0,10.956025844221271,1.826004307370212,3.2654762167228886,178.83179155397423,-90.71126641607026,44.18845586304663
5,13,1,0,4.398006995574094,1.3174106724455823,6.08811791813572,0.160412689124951,0,11.963948275280346,1.9939913792133912,2.6196541262802526,131.37740481674896,-90.21401552651896,43.64394672078953
5,14,1,0,8.099237329201523,1.5005751294152103,5.250747745079688,0.017105907084917025,0,14.86766611078134,2.4779443517968898,3.4228282534960726,138.13176438018058,-90.90219070794875,43.801202386910866
5,15,1,0,7.702040379649102,0.9004960085061101,3.4082530008212415,0.07360322458031476,0,12.084392613556767,2.0140654355927947,3.0794534433973433,152.8973879883389,-90.94518463479119,44.41553913717245
5,16,1,0,6.538799410315947,0.3690341574001774,6.057145976881499,0.012372740651059826,0,12.977352285248683,2.162892047541447,3.209755204115447,148.40108214203138,-90.09084284995944,44.6129442772802
5,17,1,0,3.5257438618068533,0.12319776587769389,6.490738833375279,0.16957869761379674,0,10.309259158673623,1.7182098597789373,2.716285120266534,158.08808829766627,-90.24333030388085,43.98054887607816
5,18,1,0,3.149790001721447,0.733042685317092,3.6327971735314075,0.027389282139597782,0,7.543019142709544,1.2571698571182575,1.683664919890817,133.92501501349955,-90.3156914255,44.661914445005756
5,19,1,0.4454906264202506,0.08530225447123,0.05828409941816221,3.2020939610241697,0.056520902325638646,0,3.847691843659451,0.6412819739432418,1.2647751053915541,197.22604981619148,-90.30335128419775,44.31981736327845
5,20,1,0,8.768102972760438,0.9808991620262759,6.417070691335771,0.02955648995996917,0,16.195629316082453,2.699271552680409,3.880852000786305,143.7740488515345,-90.2084157945372,43.76960083735714
5,21,1,0,0.8790323895241366,0.33649020600934937,9.73460657073813,0.36682279953459573,0,11.316951965806211,1.886158660967702,3.8584318236254544,204.56560221958577,-90.78785396783367,44.38357335946474
5,22,1,0,0.08883571280118889,0.049893878075634696,3.021871422691079,0.3240023184212882,0,3.4846033319891907,0.5807672219981984,1.2019419439950225,206.95760684626774,-90.46199560532263,44.416151570722164
5,23,1,0,3.814004102844054,1.0767744516805062,6.5083557390484845,0.29225160579824305,0,11.691385899371287,1.9485643165618813,2.6596525550804753,136.49293135847137,-90.88256678737854,44.060833573595694
5,24,1,0,5.834093141896069,2.2707932708722995,7.991307016163884,0.30430533233894413,0,16.400498761271198,2.733416460211866,3.4151820203173564,124.94188390351052,-90.23548874168277,43.934251618268036
5,25,1,0.6599869196532793,2.972215708174709,1.9056855026509099,7.067131160351514,0.43285767270624215,0,13.037876963536654,2.172979493922776,2.6344622032371796,121.2373246321488,-89.89556344789989,44.371175556389325
5,26,1,0.46948603513081094,1.0546603639259917,0.34837049565209605,5.30365315501633,0.42453120542614803,0,7.600701255151377,1.2667835425252294,2.006719108100527,158.41057613523276,-90.38251117579308,44.368412147130286
5,27,1,0,0.17848297135054741,0.1431459106836802,3.257145834575879,0.03689201960458115,0,3.615666736214688,0.602611122702448,1.3026024674001548,216.15971201436693,-89.88164508044483,44.252345369222624
5,28,1,0,4.75264692799691,0.08896164932917561,6.487034239547992,0.04050505277610281,0,11.36914786965018,1.8948579782750299,2.937206166908377,155.0093041581006,-90.96559883946057,44.459283297905536
5,29,1,0,5.156812761464747,0.6239899300440871,12.153893859913907,0.25277757649615823,0,18.1874741279189,3.031245687986483,4.891470356144755,161.36832377298765,-90.88013878048514,44.32198140903282
5,30,1,0,6.968991506686202,1.9134871222585184,8.512649303587672,0.08520069168223471,0,17.48032862421463,2.9133881040357714,3.841191259039975,131.84619150874423,-90.5236492455344,43.958343880002005
5,31,1,0,0.08180360910631795,0.0263761468806098,5.992503024467563,0.04455787040771248,0,6.1452406508622035,1.0242067751437005,2.434151528732494,237.66211938902399,-90.37526659694524,44.09781750743801
5,32,1,0,3.692282218923408,0.3688474214650901,1.5235926365026355,0.01961406012897138,0,5.604336337020105,0.9340560561700175,1.4734959342632665,157.7524094544343,-90.9057073236919,43.87382107910679
5,33,1,0,7.693397749656148,0.9972310385337116,11.340110072873982,0.2052017547539733,0,20.235940615817814,3.372656769302969,4.910685508206171,145.6028835457534,-90.99544336641836,44.376935838815605
5,34,1,0,1.4712466073949755,0.35920210680474673,4.251249706775326,0.28577034459013084,0,6.367468765565179,1.0612447942608632,1.6547470146480978,155.92510074931369,-90.85960532483335,44.50265460068063
5,35,1,0.38339202453032517,1.8265815297322179,0.07768139377861594,5.146286021345888,0.02498280941187339,0,7.45892377879892,1.2431539631331534,2.0347833902465364,163.67911381774618,-90.3587690910103,44.24543621931106
5,36,1,0,1.0938595566306044,0.3639713507990809,0.9152058384393728,0.007178440388279427,0,2.3802151862573373,0.3967025310428896,0.494453181148534,124.6407931526598,-90.92029301777286,43.744601330976806
5,37,1,0,0.0972041741201487,0.0814411384243371,0.7990659634100677,0.4727347235961072,0,1.4504459995506607,0.2417409999251101,0.32478718478395274,134.35337194955338,-90.47481950408331,44.391161895576666
5,38,1,1.069369532419571,1.7024738062280926,0.2816185164336092,8.088313172039756,1.7317124189786084,0,12.873487446099638,2.145581241016606,2.9973255394361384,139.6976018496491,-90.2667404180745,44.02476246898858
5,39,1,0,6.2356641959253905,0.6927720707636729,7.1437585863023285,0.05881321386286249,0,14.131008066854255,2.355168011142376,3.379919782350438,143.5107714761719,-91.02812922816408,44.487259820518766
5,40,1,0,1.822073602321279,0.0889060347348737,1.2246973324535655,0.009227820596493469,0,3.1449047901062115,0.5241507983510353,0.7974234568418457,152.13626676722026,-91.15756961933108,44.09920648647999
5,41,1,0,1.9519217469253094,2.7704129878445616,10.20516346380389,0.5900574261333005,0,15.517555624707061,2.5862592707845105,3.894773257177308,150.59484952550312,-90.75514356789509,43.951925025437745
5,42,1,2.526440339800238,1.6483586352781288,1.1845079014102773,6.1311326448242705,0.11940934051655025,0,11.609848861829464,1.934974810304911,2.2646556890403713,117.0379933102855,-90.44936117836585,44.119153125567145
5,43,1,0,8.447736710804056,1.7849546889302403,6.959897828935983,0.08395406361471579,0,17.276543292284995,2.879423882047499,3.8275593658516356,132.92795790559106,-90.81003122093752,43.767218641979916
5,44,1,2.9767429131818086,0.6830456498821736,0.12217634621887781,7.824104855681088,0.05794631457483456,0,11.664016079538783,1.9440026799231305,3.0947559787922465,159.19504693865025,-90.04062929474726,44.312862113897445
5,45,1,0,0.6287132935573435,0.2945371168585428,10.81822952626781,0.7135564245155036,0,12.4550363611992,2.0758393935332,4.293498113338758,206.83190263727357,-90.0309612744956,43.896632378249294
5,46,1,0,3.332192114255791,0.11382643020869405,4.646051955876819,0.09871859003427164,0,8.190789090375576,1.365131515062596,2.0751144816007194,152.0083932356926,-91.13696534546123,44.37773681082026
5,47,1,0.10433177961462682,2.2539241139618764,0.7167917562422975,2.5242299590573394,0.057002652649377296,0,5.656280261525517,0.9427133769209196,1.1530467966228537,122.31149200289518,-90.0430153048268,44.42850307236058
5,48,1,0,0.5621905395086652,0.32309587267540646,19.4335800826063,0.02107447854891606,0,20.33994097333929,3.389990162223215,7.86298579811194,231.9471568305454,-89.79044433608811,44.35687305915251
5,49,1,0,6.889988217029848,0.5539610687037057,4.82694586898502,0.07525311038882641,0,12.3461482651074,2.0576913775179,3.0225590852294406,146.8907883005962,-90.62775769381852,43.88450823290698
5,50,1,0,5.950011787200219,1.3053868480274542,6.488037571231151,0.21638849051478737,0,13.95982469697361,2.326637449495602,3.0583877997071096,131.45098306442827,-90.35000741031799,43.907996563353464
5,51,1,0,5.25432828840427,0.4358363841969701,6.368628132584279,0.10825429238998563,0,12.167047097575505,2.027841182929251,2.9562213455685824,145.7816997925977,-90.29374827075182,43.98818926894171
5,52,1,0,0.4913024556232059,0.057127762873251234,0.8309503146015597,0.003430706183738524,0,1.3828112392817553,0.23046853988029256,0.35112316700164364,152.35188593810688,-90.33127436718262,44.60324251563061
5,53,1,0,7.943435122660558,1.8551675528002456,6.132976221182201,0.06928305686150213,0,16.000861953504508,2.6668103255840845,3.5067575277621703,131.49632330878725,-90.47803047624087,43.75944531706828
5,54,1,0.834273274498604,0.6598082042112193,0.15318429537704104,4.521883720302767,0.1511480208547495,0,6.3202975152443805,1.0533829192073967,1.7301681333626124,164.2487363156081,-90.37122135601848,44.16054068073061
5,55,1,0,7.215686745305696,0.2980715472790782,5.048293451165191,0.020378537406001398,0,12.582430281155967,2.0970717135259944,3.201699713512081,152.67478421750187,-90.14764610636405,43.74674024706147
5,56,1,0.22973525042897838,6.159677122386483,0.9275991714833042,7.195557708100541,0.020858281701037634,0,14.533427534100344,2.422237922350057,3.3295016817528085,137.45560050197395,-89.99651723128765,44.44712823522148
5,57,1,0,0.9651669631003453,0.3544351524703559,1.0168027869304306,0.003228242684843871,0,2.3396331451859758,0.38993885753099594,0.4855421706405903,124.51751377509099,-90.32844109627645,44.64714096482207
5,58,1,0,4.3677888154338245,0.3263079497058826,4.831618503854778,0.30188063508477825,0,9.827595904079264,1.6379326506798773,2.303162395052589,140.61398642347024,-90.92485633163678,44.10986569639462
5,59,1,0.11794038548897301,2.6130992660120107,0.9296400162561045,6.732187571405592,0.12848273201935986,0,10.52134997118204,1.75355832853034,2.630417636347993,150.00457033856125,-90.09812674419776,44.24487661455626
5,60,1,0,7.639537500044709,1.3211030473405483,5.086074992178771,0.02337729935168186,0,14.070092838915711,2.3450154731526185,3.25521017399866,138.81401684835723,-90.87648941179272,43.804227754950496
5,61,1,0,4.522477659902035,0.5454255041456239,4.419578563795577,0.07198252885404453,0,9.55946425669728,1.59324404278288,2.238641992446683,140.5084175639849,-90.58960721768554,44.025333361294145
5,62,1,0,7.94876917715514,1.3494612357172708,12.71775712320716,0.03295287705098637,0,22.04894041313056,3.6748234021884265,5.398526594761894,146.9057422336804,-90.78903433333257,43.75345675817609
5,63,1,0.20677833433879278,2.2781458396584076,0.4619117899646562,17.307616762699165,0.02216584246312138,0,20.276618569124143,3.3794364281873572,6.8771595029356725,203.50018853955493,-89.85901709153343,44.390153754585526
5,64,1,0,3.7040984213151447,0.4906195021697366,6.024176903656023,0.3890893100813519,0,10.607984137222255,1.7679973562037092,2.5158800670620622,142.30112156186854,-90.87426394539888,44.08319016308098
5,65,1,0,2.886608879659711,0.08003769283055685,4.607400575097288,0.04789877623191359,0,7.62194592381947,1.2703243206365782,1.994342394423313,156.99474236814729,-90.97080226851627,44.55424785444325
5,66,1,0,1.8982484983643138,0.7761430791604291,7.243112750928469,0.055062900423859286,0,9.972567228877072,1.6620945381461785,2.831823093490288,170.37677632036318,-89.82053144427114,44.4362398212307
5,67,1,2.6383397874360646,1.0975966253959306,0.46037594203345944,5.728977376184786,0.7796340810828208,0,10.704923812133062,1.7841539686888437,2.1310692136740172,119.44424366245241,-90.81909697096329,44.264196503024095
5,68,1,0,6.661589722699005,0.3063871732983102,7.697474027380376,0.01617280480523436,0,14.681623728182926,2.4469372880304876,3.6823092250927947,150.48645680889697,-90.17760697416513,43.79139650718924
5,69,1,0,5.3420879649323405,0.2791997377656439,6.023294318078493,0.017828944919565434,0,11.662410965696044,1.9437351609493405,2.9061180422223876,149.5120374734081,-90.28047765220724,44.65141485987759
5,70,1,0,7.145871718956575,0.8105643608248151,5.041807869215325,0.08000795397881866,0,13.078251902975534,2.179708650495922,3.11897246744256,143.09125518829953,-90.25822519506005,43.644376685859235
5,71,1,0,9.748744083213628,2.703556081388442,6.201739671892433,0.03454784206523152,0,18.688587678559735,3.114764613093289,4.064466597885923,130.49032921462017,-90.83817500148709,43.76928562984745
5,72,1,0,2.414493963734764,0.055793919304946836,3.2571186113057435,0.04856117822748752,0,5.775967672572942,0.962661278762157,1.475382897604562,153.260854067143,-89.84500909595482,43.64463137911971
5,73,1,0.19453084451795571,1.1219083991202923,8.235550567627733,7.845979961552904,0.562166035213802,0,17.960135808032685,2.993355968005448,3.9302713992423914,131.2998334060895,-90.65137079510517,43.99145936756947
5,74,1,0,4.641869335324285,0.26199795628904815,5.619677792544129,0.12867011168839096,0,10.652215195845853,1.7753691993076421,2.6192103230507304,147.53045868274438,-90.86623165885743,44.48571055792931
5,75,1,0,0.33012601013673043,1.744016811418244,8.382707397349986,1.3835721917862744,0,11.840422410691234,1.9734037351152058,3.223932360641235,163.36912225683128,-90.7765525682923,44.32747335203395
5,76,1,0,7.420033002588635,2.1803345006114436,7.952564138441567,0.14966941178982543,0,17.702601053431472,2.9504335089052454,3.7642018612207275,127.58131474101341,-91.0967910379456,44.396901776304574
5,77,1,0,0.22161396580837675,0.4041727749159278,7.825064253217461,0.16437139345390064,0,8.615222387395665,1.4358703978992777,3.1337126258293595,218.24481028469398,-90.06744950721325,44.15343877235598
5,78,1,0,2.8991023667418685,0.11712014800076824,5.65815101937687,0.018048147926676035,0,8.692421682046183,1.4487369470076972,2.359681245672136,162.87851638946287,-89.95436991574404,44.20784863983774
5,79,1,0,8.358998863957673,1.4730172956989966,10.51148604089524,0.011000619240853327,0,20.354502819792764,3.3924171366321274,4.764097765351616,140.4337253785142,-90.15253841542649,44.63251633006087
5,80,1,0,1.1417799534075166,0.17375082530612368,5.063571922833908,0.03809712838831331,0,6.4171998299358615,1.06953330498931,2.0055749239214675,187.51869760068044,-90.09826486761293,44.34486139294982
5,81,1,0,0.6901099141524293,0.21070776709152048,7.060807314392166,3.8324863087978613,0,11.794111304433978,1.965685217405663,2.89413511955673,147.2328882534126,-90.2070714645599,43.995765292439735
5,82,1,0,0.08115556445144023,0.033183506684449894,6.451462652603459,0.04338715134892811,0,6.609188875088277,1.1015314791813795,2.6210955944349545,237.95013070192627,-90.26719169499034,44.13860819825649
5,83,1,0,7.031798323010714,1.5047984189098123,6.53051449786465,0.07591317081268807,0,15.143024410597866,2.5238374017663108,3.3509836457388404,132.77335708685712,-91.14025041081902,44.576336817701026
5,84,1,0,7.528203674869373,0.32264018929308813,3.866237266258122,0.06614467064077881,0,11.783225801061363,1.9638709668435603,3.117350732017644,158.73500778047648,-89.93554133207925,43.662188109422175
5,85,1,0,5.566187409186325,0.3857129890414341,4.217648979582752,0.151202229422245,0,10.320751607232756,1.7201252678721262,2.497585081242456,145.19786017282817,-91.08709523650998,44.1594022413171
5,86,1,0,3.7287272472926642,0.8907867677723753,3.1576316192198495,0.03087217780554817,0,7.808017812090437,1.3013363020150728,1.7033872993976984,130.89524181874154,-90.2412118460251,44.68598634440734
5,87,1,0,1.78123118153868,0.21307740570726988,7.129496110241658,0.24278625968998216,0,9.366590957177591,1.5610984928629317,2.810148587894964,180.01097308994085,-90.03785151287164,44.12935048653385
5,88,1,0,4.774726075178302,0.2033273525722835,4.5757643158982795,0.01914626644238921,0,9.572964010091255,1.5954940016818757,2.3876235089746167,149.64791509449267,-90.67857665827525,43.89764318720994
5,89,1,2.080452527380127,2.2886317132425833,0.7479475145589334,7.487349799243069,0.21755595477000678,0,12.821937509194719,2.1369895848657867,2.7868596669659906,130.41054044917203,-90.45782553747297,44.02568935624094
6,1,1,0,2.3802928083712667,0.5627748099573487,2.4448221681436952,0.0731959471349352,0,5.461085733607246,0.9101809556012076,1.1827464807976016,129.94630062506135,-90.85115214158573,44.01182719084938
6,2,1,0,3.589625688557586,0.5400353883220377,2.5454719682666265,1.988801675642043,0,8.663934720788292,1.4439891201313821,1.4900458366448737,103.18954733601461,-90.21702368890173,43.973951997249145
6,3,1,0,6.6858040925599,2.0044502619643705,2.1405414801995426,0.040946792659448464,0,10.871742627383261,1.811957104563877,2.5923834744260597,143.07090757813634,-90.70401155797428,43.75947778725168
6,4,1,0,5.5794924275704485,0.5734529901851417,3.5859121873382818,0.022485463100841332,0,9.761343068194714,1.6268905113657857,2.3848781720158443,146.5911907011937,-89.92490274543266,44.62425124097672
6,5,1,0,1.5819611500889936,0.8104429594643454,2.097465003155718,0.10172358647186495,0,4.591592699180922,0.765265449863487,0.9005929986309401,117.68373951699947,-90.18997597268269,44.461031416033215
6,6,1,0,2.555570396575009,0.6469661314982378,3.5928040024317145,0.3964737803759837,0,7.191814310880945,1.1986357184801575,1.5096073510600467,125.9437982520823,-91.00974479615262,44.53896925960005
6,7,1,0,0.1866859588882291,0.002386923199103683,0.7499458971010713,0.0411384523034526,0,0.9801572314918566,0.1633595385819761,0.2962602006381327,181.35469970703008,-89.93582231297562,44.38557471847335
6,8,1,0,4.708980122223804,0.921657328351779,1.2217255374148808,0.04806498975621805,0,6.9004279777466815,1.150071329624447,1.8211471755501,158.3508021319679,-90.80038653806508,43.86600259607403
6,9,1,0,7.947438803342762,1.213389516009986,2.470005774633466,0.057239546870756344,0,11.68807364085697,1.9480122734761618,3.0974115528036386,159.00369802477746,-90.18200872269196,43.695912175387875
6,10,1,0,0.08306473172570975,0.001748316293880549,0.01875255921462247,0.002904354452683313,0,0.10646996168689608,0.01774499361448268,0.03278289562605517,184.74447688332341,-91.18758263333388,44.42907435524364
6,11,1,0,5.642026936381835,2.5596629998961804,2.2591097640578575,0.027359075964876186,0,10.488158776300748,1.7480264627167914,2.2429930442534074,128.315737323984,-90.31369214178274,43.7313492733063
6,12,1,0,0.006622331329622654,2.5935810640841597,3.802515744224096,0.38288789111172755,0,6.785607030749606,1.1309345051249344,1.6527769712932956,146.14258949599503,-90.71126641607026,44.18845586304663
6,13,1,0,3.4016100989097042,1.4369328348776131,2.816810520017247,0.17496613998637417,0,7.8303195937909384,1.305053265631823,1.5087596055010057,115.6090441082925,-90.21401552651896,43.64394672078953
6,14,1,0,6.264302789923612,1.6367148982137198,2.42938157328371,0.01865784153323548,0,10.349057102954276,1.7248428504923796,2.448349276233787,141.946222841975,-90.90219070794875,43.801202386910866
6,15,1,0,5.957093375247072,0.9821935629962864,1.5769081737059096,0.08028088155380722,0,8.596475993503075,1.4327459989171791,2.3077341051502596,161.07070666359334,-90.94518463479119,44.41553913717245
6,16,1,0,5.057392162236004,0.40251480350870783,2.8024806251099283,0.013495258290210383,0,8.275882849144852,1.3793138081908085,2.1060994248614042,152.69182490269503,-90.09084284995944,44.6129442772802
6,17,1,0,2.726963813054499,0.13437489059094862,3.0030925278356904,0.1849637351462338,0,6.049394966627371,1.0082324944378953,1.4427728848262362,143.09922490948912,-90.24333030388085,43.98054887607816
6,18,1,0,2.436184728692522,0.7995480269972511,1.6807988007278394,0.029874176407767565,0,4.946405732825379,0.8244009554708966,1.0317391668872589,125.15016631657478,-90.3156914255,44.661914445005756
6,19,1,0.7065711828207352,0.06597647765478934,0.06357192784066193,1.4815238595540463,0.06164876458595366,0,2.3792922124561864,0.39654870207603105,0.5937752773397671,149.73577626939792,-90.30335128419775,44.31981736327845
6,20,1,0,6.781632600956973,1.069891297451678,2.96900823441738,0.03223800428788809,0,10.85277013711392,1.80879502285232,2.695211334923924,149.00590176734337,-90.2084157945372,43.76960083735714
6,21,1,0,0.6798819229899191,0.3670183001721043,4.503944004599831,0.40010282006787196,0,5.950947047829727,0.9918245079716211,1.740128765200313,175.44724406528812,-90.78785396783367,44.38357335946474
6,22,1,0,0.06870940817339936,0.05442050316259389,1.3981396760104543,0.3533974482321129,0,1.8746670355785604,0.3124445059297601,0.5480214353970918,175.3980066848387,-90.46199560532263,44.416151570722164
6,23,1,0,2.949916834278216,1.1744648785217497,3.011243402358441,0.31876615029817185,0,7.454391265456579,1.2423985442427632,1.413453282598548,113.76810518238669,-90.88256678737854,44.060833573595694
6,24,1,0,4.512341651440008,2.4768111268434585,3.697365585637505,0.33191345190368887,0,11.01843181582466,1.8364053026374434,2.0021085254030346,109.0232380906115,-90.23548874168277,43.934251618268036
6,25,1,1.0467734017499257,2.2988410385066693,2.078578934407754,3.269773954200219,0.4721287110766128,0,9.16609603994118,1.5276826733235302,1.233882992074098,80.76827823082785,-89.89556344789989,44.371175556389325
6,26,1,0.7446291425383741,0.8157202452066897,0.3799764298066767,2.453859501812564,0.46304682455212404,0,4.857232143916429,0.8095386906527381,0.8565016791515633,105.8012037029334,-90.38251117579308,44.368412147130286
6,27,1,0,0.13804650116300732,0.1561328320333116,1.5069948998085687,0.04023905030036181,0,1.8414132833052494,0.30690221388420824,0.5917690924031153,192.8200793710745,-89.88164508044483,44.252345369222624
6,28,1,0,3.675904063612376,0.09703270031102675,3.0013785106294844,0.04417987612350765,0,6.8184951506763944,1.1364158584460657,1.7194920665922322,151.30834841951824,-90.96559883946057,44.459283297905536
6,29,1,0,3.988503516533207,0.6806014539481957,5.623284000757642,0.27571083731532536,0,10.56809980855437,1.761349968092395,2.4271215791101053,137.7989396246315,-90.88013878048514,44.32198140903282
6,30,1,0,5.390121460064959,2.0870883564231284,3.938576820290277,0.09293052955553922,0,11.508717166333904,1.9181195277223173,2.317553687776964,120.82425804448992,-90.5236492455344,43.958343880002005
6,31,1,0,0.06327047299909758,0.028769124391519987,2.772572047310846,0.048600385878313376,0,2.913212030579777,0.4855353384299628,1.120703455970666,230.81810267293744,-90.37526659694524,44.09781750743801
6,32,1,0,2.8557718295023116,0.4023111259446872,0.7049258612316129,0.021393546912947904,0,3.9844023635915597,0.6640670605985932,1.1107434242063443,167.26374339439678,-90.9057073236919,43.87382107910679
6,33,1,0,5.950408788911772,1.0877048844367723,5.246767848610663,0.2238186962863452,0,12.508700218245552,2.084783369707592,2.7601160897741925,132.3934241743938,-90.99544336641836,44.376935838815605
6,34,1,0,1.1379261840051058,0.39179073953211524,1.9669403678258421,0.3116968762774395,0,3.808354167640503,0.6347256946067504,0.7742254313476644,121.97795645051713,-90.85960532483335,44.50265460068063
6,35,1,0.6080795872927804,1.4127576841673468,0.08472904289771613,2.38104990719098,0.02724937629719498,0,4.513865597846018,0.7523109329743364,0.964067924907044,128.14753616506744,-90.3587690910103,44.24543621931106
6,36,1,0,0.8460386075711209,0.39699267347445977,0.42344144255449034,0.007829704823919578,0,1.6743024284239907,0.2790504047373318,0.3422086198619566,122.6332641173107,-90.92029301777286,43.744601330976806
6,37,1,0,0.07518194051897219,0.08882989060237535,0.3697066059144978,0.5156236098050119,0,1.0493420468408572,0.17489034114014287,0.21567288496475576,123.31892290834578,-90.47481950408331,44.391161895576666
6,38,1,1.6960754067165849,1.3167673671784996,0.30716837326189883,3.742247758429136,1.8888221322637615,0,8.95108103784988,1.4918468396416467,1.3359136101688676,89.54763818045588,-90.2667404180745,44.02476246898858
6,39,1,0,4.822934188966802,0.7556238585182694,3.3052274297147326,0.06414904622515663,0,8.94793452342496,1.4913224205708269,2.069591732509278,138.77560639885704,-91.02812922816408,44.487259820518766
6,40,1,0,1.4092710568332765,0.09697204007931444,0.5666349397760398,0.010065015174688515,0,2.082943051863319,0.34715717531055323,0.5645380981781432,162.61743622989485,-91.15756961933108,44.09920648647999
6,41,1,0,1.5097012654378221,3.0217588726644244,4.721658185645152,0.6435904215808105,0,9.89670874532821,1.6494514575547015,1.8864966781436534,114.37115469529304,-90.75514356789509,43.951925025437745
6,42,1,4.007065094866223,1.2749123377997675,1.291972451952873,2.836712292006755,0.13024276011123653,0,9.540904936736855,1.5901508227894758,1.564837814538604,98.40813790188359,-90.44936117836585,44.119153125567145
6,43,1,0,6.53384738526326,1.946894810356536,3.2201599388198696,0.09157080108167417,0,11.79247293552134,1.9654121559202233,2.5954693850578163,132.05725716307043,-90.81003122093752,43.767218641979916
6,44,1,4.721268274533785,0.5282972453190133,0.13326080257220066,3.6200055852317026,0.06320349744712302,0,9.066035405103825,1.5110059008506376,2.0974666941717413,138.81260774633301,-90.04062929474726,44.312862113897445
6,45,1,0,0.48627423531514274,0.321259014486773,5.005307575725087,0.7782938740133435,0,6.591134699540347,1.098522449923391,1.9369050482841874,176.31911377134475,-90.0309612744956,43.896632378249294
6,46,1,0,2.577262464285868,0.12415333993017555,2.1496048864092954,0.10767484004797012,0,4.958695530673309,0.8264492551122182,1.199331536551384,145.11859368649735,-91.13696534546123,44.37773681082026
6,47,1,0.16547560050917418,1.7432830452394532,0.7818227314054893,1.1678941832638978,0.062174221736765976,0,3.9206497821547805,0.65344163035913,0.7047824352177606,107.85698407835046,-90.0430153048268,44.42850307236058
6,48,1,0,0.43482264094364886,0.3524087651414601,8.991401538925114,0.02298646188181102,0,9.801619406892033,1.6336032344820057,3.6096297735967346,220.9612283695864,-89.79044433608811,44.35687305915251
6,49,1,0,5.329016876053932,0.6042192199540787,2.2332996972362014,0.08208045335145175,0,8.248616246595663,1.3747693744326106,2.1174475895407765,154.02202208749966,-90.62775769381852,43.88450823290698
6,50,1,0,4.6019981787978175,1.4238181482665366,3.0018427255606324,0.23602034932136515,0,9.263679401946352,1.5439465669910586,1.8957734411551286,122.78750325211918,-90.35000741031799,43.907996563353464
6,51,1,0,4.0639262708789365,0.4753776663463532,2.946595148642336,0.11807566957298768,0,7.603974755440613,1.267329125906769,1.777701145542684,140.27146612532445,-90.29374827075182,43.98818926894171
6,52,1,0,0.37999471041061433,0.06231068259321982,0.3844586486751315,0.003741957208438497,0,0.8305059988874042,0.13841766648123402,0.19033883131167786,137.5105043672175,-90.33127436718262,44.60324251563061
6,53,1,0,6.143798579781267,2.023477740520835,2.8375652658402615,0.07556876635906971,0,11.080410352501433,1.846735058750239,2.426339966630986,131.38538498711284,-90.47803047624087,43.75944531706828
6,54,1,1.3232005779671125,0.5103243930823683,0.16708194978126947,2.092155540499768,0.164860934130566,0,4.257623395461084,0.7096038992435141,0.8273179441988168,116.58869759323389,-90.37122135601848,44.16054068073061
6,55,1,0,5.5809262986851556,0.3251141063196255,2.3357113466899966,0.022227381436880404,0,8.263979133131658,1.377329855521943,2.250611201409651,163.40393641991992,-90.14764610636405,43.74674024706147
6,56,1,0.36437199349306515,4.764162477826583,1.0117556620634458,3.329193508094098,0.022750650561915716,0,9.492234292039107,1.5820390486731846,1.9960271682402837,126.1680089321626,-89.99651723128765,44.44712823522148
6,57,1,0,0.7465021524795419,0.38659130297924993,0.4704476532027386,0.0035211251964388742,0,1.6070622338579692,0.26784370564299487,0.31547113592434056,117.78179933965953,-90.32844109627645,44.64714096482207
6,58,1,0,3.3782380426944103,0.3559122580535672,2.235461601331082,0.32926877384541814,0,6.298880675924478,1.0498134459874129,1.4164902171734288,134.9278028956025,-90.92485633163678,44.10986569639462
6,59,1,0.18705955352395057,2.0210847462646426,1.0139816626009102,3.114804448411784,0.14013933560343575,0,6.477069746404723,1.0795116244007872,1.2551898137070547,116.27385804240716,-90.09812674419776,44.24487661455626
6,60,1,0,5.90875092679549,1.4409602007068312,2.3531918626097847,0.025498206240303824,0,9.72840119635241,1.6214001993920681,2.31318975772288,142.66618189575857,-90.87648941179272,43.804227754950496
6,61,1,0,3.4978811301340764,0.5949092657884902,2.0448216608055145,0.07851314811036973,0,6.216125204838451,1.036020867473075,1.4378118059716083,138.78212795834204,-90.58960721768554,44.025333361294145
6,62,1,0,6.1479241697712705,1.4718911874283165,5.884168562005111,0.0359425288018556,0,13.539926448006554,2.256654408001092,2.9675994370348673,131.50438217358763,-90.78903433333257,43.75345675817609
6,63,1,0.32796113680209377,1.7620171825032767,0.5038187648694054,8.007774755539984,0.02417683985272195,0,10.625748679567481,1.7709581132612469,3.123247720819389,176.35920903108658,-89.85901709153343,44.390153754585526
6,64,1,0,2.864910994907674,0.5351309859895821,2.7872267102637496,0.42438946112216647,0,6.611658152283172,1.1019430253805287,1.3533032729524859,122.81063918755292,-90.87426394539888,44.08319016308098
6,65,1,0,2.232628990025324,0.08729911732275442,2.1317219187242156,0.05224439558419856,0,4.503894421656493,0.7506490702760821,1.1098087221127757,147.84654588389722,-90.97080226851627,44.55424785444325
6,66,1,0,1.4681880380759496,0.8465587066622939,3.3511959638150275,0.06005848537401164,0,5.726001193927282,0.9543335323212138,1.3146744253277678,137.75838119510496,-89.82053144427114,44.4362398212307
6,67,1,4.184543408401932,0.8489290192656103,0.5021435770423486,2.6506457265071592,0.8503664299438987,0,9.03662816116095,1.506104693526825,1.5888467474216152,105.49377837081393,-90.81909697096329,44.264196503024095
6,68,1,0,5.1523635361039455,0.33418416800920897,3.5614168630498613,0.01764008349315056,0,9.065604650656166,1.5109341084426944,2.2647295216404983,149.8893637376903,-90.17760697416513,43.79139650718924
6,69,1,0,4.131803425748257,0.3045301507539174,2.786818361349844,0.019446477018885855,0,7.242598414870904,1.2070997358118174,1.7993740174397626,149.06589439601026,-90.28047765220724,44.65141485987759
6,70,1,0,5.52692831757148,0.8841028611743487,2.332710640115245,0.08726668041190501,0,8.83100849927298,1.4718347498788298,2.1808229508615278,148.17036702259315,-90.25822519506005,43.644376685859235
6,71,1,0,7.540103132741146,2.948836369352074,2.8693802888010165,0.037682197112873135,0,13.396001988007109,2.232666998001185,2.962253967219681,132.677822974571,-90.83817500148709,43.76928562984745
6,72,1,0,1.8674747582398032,0.060855825987019004,1.5069823043242603,0.0529668940406303,0,3.4882797825917127,0.5813799637652854,0.8645172743240929,148.70090615525848,-89.84500909595482,43.64463137911971
6,73,1,0.3085359842712068,0.8677328035948347,8.982721387819995,3.6301266159303145,0.6131685825439097,0,14.402285374160261,2.4003808956933765,3.479087883197827,144.93899236741152,-90.65137079510517,43.99145936756947
6,74,1,0,3.5902238502004096,0.2857677366190562,2.6000757110816397,0.14034371530420095,0,6.6164110132053064,1.102735168867551,1.5783099467264492,143.12683509924577,-90.86623165885743,44.48571055792931
6,75,1,0,0.25533382987429376,1.9022428414469588,3.878456150256755,1.5090968620366976,0,7.5451296836147055,1.257521613935784,1.5175872287215633,120.68080674747428,-90.7765525682923,44.32747335203395
6,76,1,0,5.738976591271675,2.37814547921425,3.67944028474626,0.1632481781693645,0,11.95981053340155,1.993301755566925,2.3797835061065356,119.38902373713553,-91.0967910379456,44.396901776304574
6,77,1,0,0.1714058901934059,0.4408413742103529,3.6204494729995926,0.17928399800347997,0,4.411980735406831,0.7353301225678053,1.4226212356040737,193.4670146023962,-90.06744950721325,44.15343877235598
6,78,1,0,2.2422919968991266,0.12774588046688315,2.6178762516655607,0.019685567231990338,0,5.0075996962635605,0.8345999493772601,1.2424583330577128,148.8687285429118,-89.95436991574404,44.20784863983774
6,79,1,0,6.465213670880376,1.6066568783774182,4.863385509141858,0.01199865108260046,0,12.947254709482252,2.1578757849137085,2.831763736417043,131.22922812400358,-90.15253841542649,44.63251633006087
6,80,1,0,0.8831023288849217,0.18951437937418575,2.3427802898847445,0.04155349265092331,0,3.4569504907947755,0.5761584151324626,0.9289112429858718,161.22497191545992,-90.09826486761293,44.34486139294982
6,81,1,0,0.533761054882584,0.22982424192411943,3.266848078574158,4.180188859490226,0,8.210622234871087,1.3684370391451812,1.8573247284601928,135.72599069814743,-90.2070714645599,43.995765292439735
6,82,1,0,0.06276924704725283,0.0361940823226756,2.9849204817827384,0.04732345326256233,0,3.131207264415229,0.5218678774025381,1.2069103772009806,231.26742025358288,-90.26719169499034,44.13860819825649
6,83,1,0,5.438698986409239,1.641321345901533,3.0214956717433634,0.08280039779693689,0,10.184316401851072,1.6973860669751788,2.1964952840082,129.40457841288028,-91.14025041081902,44.576336817701026
6,84,1,0,5.822640498947652,0.351911739856895,1.7888053337530352,0.07214564985985895,0,8.035503222417441,1.3392505370695735,2.3008894698896176,171.80425963645422,-89.93554133207925,43.662188109422175
6,85,1,0,4.3051316931888355,0.4207068231529903,1.951394203459622,0.16492006077360538,0,6.842152780575053,1.1403587967625088,1.7171943383534671,150.58368850475838,-91.08709523650998,44.1594022413171
6,86,1,0,2.8839600012538957,0.9716034508134727,1.4609523144849321,0.03367305799232811,0,5.350188824544628,0.8916981374241048,1.1511733739784593,129.09899950042671,-90.2412118460251,44.68598634440734
6,87,1,0,1.3776817503274388,0.23240886614569445,3.298628560712949,0.2648130576914458,0,5.173532234877528,0.862255372479588,1.299399188787187,150.69772021837386,-90.03785151287164,44.12935048653385
6,88,1,0,3.6929810373650596,0.22177423885407282,2.1170846615416137,0.02088331261603687,0,6.052723250376783,1.0087872083961305,1.5533104352508456,153.9780066918624,-90.67857665827525,43.89764318720994
6,89,1,3.299705349325714,1.7701274136865646,0.8158050977678163,3.464197961529486,0.2372937318413022,0,9.587129554150883,1.5978549256918138,1.511626809836875,94.60350783613193,-90.45782553747297,44.02568935624094
