timepoint,site,id,cranberry,field.edge,grassland,road.edge,shrubland,woodland,floral.sum,floral.mean,floral.sd,floral.cv,long,lat
1,cutler.1.2017,1,0.49352909409902657,4.2209366054865685,0.6880108032210992,2.794278106796515,1.8241817549632888,1.236610158952136,11.257546523518634,1.8762577539197725,1.4195781488336665,75.6600816635115,-90.32894600000002,44.321544999999986
1,flyd.2.2017,1,0.2604265938912506,8.27375511986779,1.1803658357736762,4.859975608854514,0.20736208175715629,0.5858695083310649,15.367754748475452,2.561292458079242,3.3033437604381373,128.97175213311533,-90.35222222,44.24055556
1,flyd.1.2017,1,0.9798613321545675,6.959833110284819,0.4698317537711127,4.466831834250721,0.5346998189379193,0.8158222304290814,14.226880079828222,2.3711466799713703,2.7125701467794303,114.39908672424191,-90.34027778,44.25999999999999
1,searl.1.2017,1,0.5175507781478568,5.3582520589219085,2.495869049678113,4.228817258903453,0.42849749778007645,2.5774032940899154,15.606389937521323,2.601064989586887,1.9659280262972343,75.58165728913492,-90.08138889,44.26499999999999
1,jjw.1.2017,1,0.4970511554451177,2.389764013177833,1.5055420056785975,5.259121798590047,0.28976054917994265,1.9237102551522964,11.864949777223835,1.9774916295373057,1.8002685447107838,91.03798558844021,-90.28805556,44.15138888999999
1,engel.1.2017,1,0.20511354130593337,14.943193915122816,7.301384226731543,9.734200256637097,0.8294878842937975,1.111809434664187,34.12518925875538,5.687531543125895,5.987354378310253,105.27158105253467,-89.86027778,44.41277777999999
1,gryg.1.2017,1,0.9952032267216728,5.838618050964991,2.8474445168386726,7.099716486971673,0.7277565769788326,1.0710379367784575,18.5797767952543,3.0966294658757163,2.7472121244330485,88.71620433464248,-90.41277778000001,44.06555556
1,ccrk.1.2017,1,1.6610446252226458,5.169349247539075,2.463717604866541,4.446550016684415,0.4064115001977757,1.8583034874647217,16.005376481975173,2.6675627469958623,1.8025575431300507,67.5732012362237,-90.0725,44.2175
1,lynn.1.2017,1,0.5701659402712642,10.85909435803574,5.550380094639124,8.31490621076759,0.9101238670487266,1.4941073016250013,27.698777772387448,4.616462962064574,4.321566946524222,93.61207881523936,-89.91055556,44.29388888999999
1,john.1.2017,1,0.7416793912908171,10.305709209460586,6.3474545469150785,3.523484982534907,0.5508836976140951,1.6090213052611382,23.078233133076623,3.8463721888461038,3.8363473407666517,99.73936874573597,-89.97361111,44.27111111
1,glacial.1.2017,1,1.055836947126738,2.0821557281080305,0.6912054113823907,3.6163240657431555,0.08416109321274012,1.400065086165252,8.929748331738306,1.488291388623051,1.2395907868825824,83.28952222383256,-90.055,44.34
1,ccrk.2.2017,1,1.665238544972385,8.95495917786818,4.036659643115243,2.3924616856092644,1.0463992721922266,1.672149897916735,19.767868221674032,3.294644703612339,2.957895929883715,89.77890473715108,-90.07861111,44.18749999999999
1,glacial.2.2017,1,1.241193525608709,1.7691985068508205,0.6977971450565866,7.283790216652995,0.2676965156462439,1.4511921852558003,12.710868095071156,2.1184780158451924,2.5869314278440196,122.11273416551987,-90.04805556,44.31972222
1,bible.1.2017,1,0.4210910502850434,4.295193699150372,7.552596242869306,4.28118631261417,13.820325426823622,2.1550685334921464,32.52546126523466,5.420910210872443,4.760764288184798,87.82223100903563,-90.75166667,44.27666666999999
1,aaa.1.2017,1,0.5715218760061704,12.84033567575954,9.997132706372273,10.568254146194024,0.9331038325220192,1.033580415694703,35.94392865254873,5.9906547754247885,5.7173913452965275,95.43850479835262,-90.4625,43.98305556
1,salz.1.2017,1,0.39834515158874484,1.7426770001131566,1.725552765152055,3.620553080845077,0.5372811860299964,1.9758745342957338,10.000283718024765,1.6667139530041273,1.1667628537424948,70.0037850909865,-90.47555556,44.085277779999984
1,hab.1.2017,1,2.273583432133525,1.7090368427941338,1.3336483658002465,6.242467623690625,1.1245174933789273,1.7666234541258792,14.449877211923337,2.4083128686538893,1.919514591294709,79.70370529006927,-90.69833333,44.15305556
1,habtun.2.2017,1,0.18321315729750082,3.3188253055194465,27.871560750282427,11.413854219343328,2.2669648098114843,1.6715407434635117,46.725958985717696,7.78765983095295,10.603729903357799,136.16067128679728,-90.65972222,44.00333333
1,rezin.1.2017,1,1.2097319222047127,5.241621196309413,5.454840762414605,6.498430054732506,0.5048156199706334,1.2127308993444608,20.12217045497633,3.353695075829388,2.6519749653150697,79.07621013097683,-90.45555556,44.12305556
1,hab.2.2017,1,0,0.05483341691820845,0.4087639928327322,8.226911733348592,0.3883023722593114,2.950361636247363,12.029173151606207,2.0048621919343677,3.243169728485124,161.76521965113173,-90.6625,44.17666667
1,bw.1.2017,1,0.7213647264942857,23.482437261595702,3.897253076126143,6.277892856278264,0.456665127093702,0.6285724869812601,35.46418553456936,5.910697589094893,8.916628483221594,150.8557720779452,-90.35138889,43.96944444
1,habtun.1.2017,1,0.3752193235995835,3.3043033613952386,28.650096446091663,8.365533358809074,3.272335567480018,1.7277306348497241,45.6952186922253,7.61586978203755,10.654142696469847,139.89397142265,-90.67055556,43.99416666999999
1,brsf.3.2018,1,0,0.07993038018775399,1.9393136441118242,6.052829626342733,7.454519442733889,2.5351248216505566,18.061717915026758,3.010286319171126,3.099349880363971,102.9586408650114,-90.70428,44.33508
1,salz.2.2018,1,0.44095486288614893,2.145656369292585,2.439431839517469,3.9726620668447987,0.6263768406297017,1.973214790333534,11.598296769504238,1.9330494615840395,1.2959164535473835,67.0400048887235,-90.47573,44.088079999999984
1,brsf.5.2018,1,0.13321467991577918,1.550360237305034,3.089235103034231,8.410000902727797,3.245132849818432,2.0005325334145025,18.428476306215774,3.0714127177026294,2.8504179643515686,92.80478484453364,-90.56127,44.30733
1,salz.1.2018,1,0.7242720185540873,10.399911088485249,4.55330978571788,8.170812018560596,0.6641829392438564,1.302011826951407,25.814499677513076,4.3024166129188455,4.177299633979129,97.09193715541103,-90.42163,44.058479999999996
1,waz.1.2018,1,0.1599483967555615,1.3649536240615583,36.36163540408783,6.0305340357661965,11.121034438184731,1.593671169523246,56.63177706837912,9.43862951139652,13.799386829517026,146.20117054976234,-90.74043,44.29513
1,wood.5.2018,1,0.11326871415056142,5.648738499071416,3.064263367547056,6.52391175170059,0.528720051618086,2.5654135986013533,18.444315982689062,3.07405266378151,2.608996132953185,84.87154965470756,-90.10085,44.24911999999999
1,jack.6.2018,1,0.03766202503160392,1.704400182999009,1.1539587183268847,5.8150402867151945,2.027870266058588,2.0796722115183908,12.81860369064967,2.1364339484416117,1.9546819126734316,91.49273789153386,-90.42295,44.34091999999999
1,glacial.1.2018,1,1.2758505095506432,1.9253905706049612,0.47622784981226546,6.152837151273214,0.28143661024908706,1.004969913327092,11.116712604817263,1.8527854341362104,2.186842895578791,118.03001336732346,-90.03873,44.336479999999995
1,rezin.1.2018,1,1.3197947305067874,5.132181578636059,6.311133469910076,5.350842465860226,0.5923125919406966,1.2653210454408799,19.971585882294725,3.3285976470491208,2.5305163281511773,76.02349687396249,-90.44875,44.120799999999996
1,jack.7.2018,1,0.2827785934596949,0.5154768400117288,0.26695476463991863,3.891486534943673,0.1352391351713175,1.3210542047288265,6.412990072955159,1.0688316788258598,1.4470438343784027,135.38556753557484,-90.31263,44.16948
1,searl.1.2018,1,0.497216176335517,4.89983587819629,2.2974968966437417,4.087487230948785,0.43093080198152295,2.625263141960209,14.838230126066065,2.4730383543443444,1.823395465652388,73.73098207107303,-90.08086,44.263829999999984
1,jack.3.2018,1,0,0.3428809728708291,0.6071757043591308,9.313491974846048,0.9886079234181467,2.574831580153612,13.826988155647767,2.3044980259412946,3.5488082181498664,153.99484738982673,-90.69595,44.21668
1,hab.1.2018,1,2.0628203249397283,0.8504896508790638,0.618378709675086,7.148898222551431,0.44973355724343017,1.645397487865729,12.775717953154468,2.1292863255257446,2.536695882181204,119.13362011353101,-90.68533,44.15072
1,cutler.2.2018,1,1.1419515407646936,2.651828520617498,1.5526083971932645,7.897001990424516,2.234562222457295,1.5619227490276555,17.039875420484922,2.839979236747487,2.5357231593784606,89.28667951398552,-90.33642,44.34902999999999
1,ccrk.3.2018,1,1.3482958146091848,11.56216382042874,4.451020205280854,2.770992246390757,1.060328149829996,1.7321495856367335,22.924949822176266,3.820824970362711,3.988080489633082,104.3774713724846,-90.0708,44.18867000000001
1,john.1.2018,1,0.5778370822907136,10.603123318103,6.051883938369,3.0946069412121204,0.8765489354364882,1.7235352300452713,22.927535445456595,3.821255907576099,3.875279153169933,101.41375628590397,-89.97312,44.27698
1,bible.1.2018,1,0.42887184611194956,4.344883976325594,7.878806583085274,4.314173356422874,13.79745441446307,2.138309790686178,32.90249996709494,5.483749994515823,4.780432319719051,87.17451241394767,-90.75145,44.27689999999999
1,jjw.1.2018,1,0.6266728969325124,2.05328504822586,1.497497097558339,5.622959579277803,0.2625450259149793,1.6905407090651219,11.753500356974616,1.958916726162436,1.9168515715000305,97.8526318091728,-90.28793,44.154579999999996
1,bcrk.1.2018,1,0.4633531107925536,23.190075767973262,5.43904790826863,8.45774970682445,0.5376163682638909,0.6478958307292636,38.73573869285205,6.455956448808675,8.82885769321001,136.7552238497397,-90.40262,43.978179999999995
1,ccrk.1.2018,1,1.5205078684710176,7.003981711039451,3.0639411245744004,5.376306693098817,0.7333851282981638,1.7400632738328843,19.438185799314734,3.2396976332191225,2.4597537386906114,75.92541086145992,-90.08255,44.212830000000004
1,jack.2.2018,1,0,11.112694174536333,2.719266058064113,7.048776527442073,0.9262678472828083,2.1057407924617437,23.91274539978707,3.9854575666311787,4.255831635828012,106.78401575419043,-90.52653,44.21182000000001
1,glacial.2.2018,1,1.5558721731805227,2.234236087697471,0.7384137480542731,7.939122386548646,0.3193799816534863,1.1552943234762305,13.94231870061063,2.323719783435105,2.8293509857114527,121.75956007608129,-90.03972,44.31524999999999
1,brsf.2.2018,1,0,2.4417066089518342,11.768723574483914,4.092550703054099,9.3142633272005,2.196578290967053,29.8138225046574,4.9689704174429,4.5749363373521374,92.07010613893857,-90.7138,44.27617999999999
1,cutler.1.2018,1,0.49047538991770223,4.199705015228016,0.6822250605129778,2.800366388145603,1.822788231059029,1.2373793322534667,11.232939417116794,1.8721565695194657,1.414879110489644,75.57482817010369,-90.32888,44.32152
1,SwenNekoosa,1,0.3176526602373654,6.60378884628208,4.6190164618151694,14.134360370872757,0.44087214047955464,1.4023011640550052,27.517991643741933,4.586331940623655,5.306233302230611,115.69666938475159,-89.9107,44.325
1,Ehlert,1,0.3359622094372552,13.009174572818466,5.20138911026002,5.189562954707389,0.4766373627883413,1.7448600392354559,25.957586249246926,4.326264374874488,4.781419142759124,110.52073402004798,-90.0048,44.408500000000004
1,Gardner,1,1.0226743082472687,20.35652318117432,3.1380389109844944,6.298917345711655,0.06575391811557615,0.33734025970195886,31.219247923935274,5.203207987322545,7.779915533910853,149.5215173574913,-90.0928,44.45499999999999
1,MarshRd,1,0.6804522535116939,6.913424021389069,5.343205793134281,6.599863989190434,1.1854442461243764,2.112462000090249,22.834852303440105,3.805808717240017,2.8046102617511406,73.69288553695499,-89.8929,44.385799999999996
1,SenecaRed,1,0.6233541079071835,3.485467224110086,4.073523042646095,4.743424075254644,0.808530669160749,2.5443374554047473,16.278636574483507,2.713106095747251,1.708357155873923,62.96683931939649,-89.9127,44.372899999999994
1,GebhardtCrampton,1,0.9586972919942577,4.19143741423402,1.981366003559042,5.321852672096247,1.0386960553741142,1.2764567076173798,14.76850614487506,2.4614176908125103,1.848888537942609,75.11478221854713,-90.38900000000001,44.169000000000004
1,CrimsonStar,1,0,0,0,0,0,0,0,0,0,NA,-89.6629,44.3211
1,Kranco,1,0,0,0,0,0,0,0,0,0,NA,-89.625,44.38519999999999
1,Urban,1,0.6885814067569567,5.027930218109417,1.813343855336425,6.731321545563814,0.18951731459147306,2.3886170896504715,16.839311430008557,2.806551905001426,2.5625822585846736,91.30713934126837,-89.75100000000002,44.39990000000002
1,Wandler,1,0.33313392320241236,1.5207954210818235,0.7508045977284823,4.34133655011618,0.20127982285468554,2.8032794472428813,9.950629762226466,1.6584382937044109,1.626720092160181,98.08746567993303,-90.0464,44.4146
1,Moss,1,0.8160864909514207,4.314908432509765,1.6586628944205797,4.7187495670239095,0.35604170505348043,1.4357242841990399,13.300173374158195,2.2166955623596993,1.84433330144735,83.20192148912116,-90.0226,44.39079999999999
1,LynnHill,1,0.570902242742848,10.796008113455773,5.6563955919205195,8.230715983266286,0.9177380471584967,1.5042537425701448,27.676013721114067,4.6126689535190115,4.291012711301476,93.0266783621629,-89.911,44.294
1,Searles,1,0.5019936275834564,4.829972268746994,2.155658362604248,4.28955290467927,0.39952701953152275,2.626845534604816,14.803549717750307,2.4672582862917176,1.8527555376608922,75.09370007813729,-90.079,44.265600000000006
1,BibleCastle,1,0.48369317900843106,4.67962276213481,6.278449264363654,3.8131598040987456,12.426602882134473,2.227812701548573,29.909340593288686,4.984890098881448,4.156459406273291,83.38116435517712,-90.7544,44.27790000000001
1,Finch,1,1.605598454465705,5.599462968136612,3.2225853533771707,6.19572662137231,4.472664049657569,1.4586621127646633,22.55469955977403,3.7591165932956714,2.002532903273637,53.27136984378523,-90.80950000000001,44.2642
1,Brockman,1,0.34741445245623426,5.111848904844002,1.7370787128119405,7.1466582677176556,0.2507212368117628,2.5719524717372986,17.165674046378893,2.8609456743964823,2.753601373552394,96.24794340540099,-90.0943,44.28410000000001
1,Jerry's Berries,1,0.1306632592912474,3.8120562243917315,3.5013463830838845,7.291984694898697,2.853941339494392,2.4082251525127587,19.99821705367271,3.3330361756121185,2.335425507142525,70.06901167862722,-90.7361,44.23349999999999
1,Nemitz,1,0.7090592799248785,1.455524043777243,1.170856027303193,3.730577605338664,0.17805397373134102,1.261784177515284,8.505855107590603,1.4176425179317673,1.2226993977989633,86.24878150401335,-90.4112,44.1915
1,DuckartMain,1,0.919555250635777,1.639875237257029,2.0381715663478635,0.9889539308331269,0.1760276571792489,0.9550978989260648,6.71768154117911,1.1196135901965183,0.6463646104836488,57.73104365142591,-89.9644,44.3843
1,FlyingDollar,1,0.6722236688755361,3.658088947181939,0.21701465983506785,6.209757957376504,0.6239920265076067,0.9549877920998648,12.336065051876519,2.0560108419794196,2.3824345907688045,115.87655775565469,-90.3526,44.2626
1,SwenEast,1,0.7278904534726567,1.7824140919018172,0.4424364640577236,4.013629923029365,0.15733057238105824,0.8134268927654479,7.937128397608069,1.322854732934678,1.4281840247828812,107.96227198843944,-90.3673,44.19039999999999
1,DuckartNew,1,0.7009234204281474,19.552863084008248,3.1662010846297663,5.562728652057857,0.10223622264167183,1.1327178912622078,30.2176703550279,5.0362783925046495,7.3876035298811695,146.68775143319976,-89.9718,44.415899999999986
1,GebhardtConcord,1,0.3225884526385793,8.443638143230103,3.3303592323961335,6.197642100887781,0.8070032353200839,1.6213235344054613,20.72255469887814,3.4537591164796906,3.243774981348848,93.9201279519206,-90.4484,44.091499999999996
1,Johnson,1,0.8403901120249149,10.060853196405684,5.362097764884865,3.2268980915555976,0.6406173922752028,1.7452670811559594,21.876123638302225,3.646020606383704,3.5996537769149053,98.72828942909383,-89.9767,44.27340000000002
1,Damrow,1,1.7588598309341452,15.118308941934748,5.370506210820213,4.121321867759438,1.3987905009722514,0.9816284757808631,28.74941582820166,4.7915693047002765,5.341345803940936,111.47382964285538,-90.4142,44.01659999999999
1,Basswater,1,0.7213063090275914,23.003468787563595,5.791336227444772,7.675306816197695,0.3354924790626174,0.6055208186110334,38.1324314379073,6.355405239651217,8.720801857376449,137.21865921259558,-90.3534,43.961099999999995
1,JDR,1,0.9001820141227024,15.247528350316149,5.696659879455558,7.522296212833962,0.7465517298444087,1.0130134693030346,31.126231655875813,5.187705275979302,5.699897229597067,109.87318913411241,-90.5101,44.1153
1,RezinW,1,1.7017705214750107,3.7299872600842994,4.612971981438376,6.394239894342947,0.4564994059825646,0.6009880071978888,17.496457070521085,2.916076178420181,2.3884396085501156,81.90594011998962,-90.4439,44.13259999999999
1,BearCreek,1,0.6360859991532032,24.59559021574827,7.620040878174273,6.596396737791103,0.43328272007317314,0.5272832612955618,40.40867981223558,6.734779968705931,9.330030338199114,138.53504318704347,-90.3915,43.97599999999999
1,Knorr,1,0.6132174136174319,8.947524876988737,6.228493614567507,6.925827116302892,1.1210074817308968,1.9668770666793576,25.802947569886822,4.300491261647804,3.5030090948437955,81.45602168952112,-89.888,44.386799999999994
1,GebhardtMain,1,1.2288713374607234,5.603835636260138,8.09262627180729,9.138003181365058,0.6421858342323349,1.3849424501881282,26.090464711313672,4.348410785218945,3.76258450573555,86.52780732044158,-90.4962,44.12950000000001
1,Okray,1,0,0,0,0,0,0,0,0,0,NA,-89.6829,44.40090000000001
1,Vanatta,1,1.1146016512317523,4.999956274980207,1.6593314850520207,6.7540312403226235,0.3164413860835199,1.8978702242238776,16.742232261894,2.790372043649,2.5138499657750484,90.09013588337343,-90.1473,44.240399999999994
1,BibleJanke,1,0.347021219848347,0.9464005273471928,8.627850389995862,5.154298274142202,1.5760606490685252,2.7062450774888953,19.357876137891026,3.226312689648504,3.1424786044400843,97.40155114296894,-90.7412,44.18579999999999
1,Baldwin,1,1.0636036524122605,13.128814173917167,7.83617568585936,6.4020717750744955,0.642467454788725,0.9975701808127769,30.070702922864786,5.011783820477464,5.0316843114894105,100.3970740104678,-90.409,44.0529
1,Olson,1,0.7918857145698374,6.11510727159176,3.5625011992011206,7.264655515026391,0.6456419430803024,1.9335971588555767,20.313388802324987,3.385564800387498,2.7882471863157616,82.35692862817542,-90.4897,44.1549
1,Lester,1,0.9096919860592568,2.557688126405742,1.9201447726134215,6.993001082227086,0.15631765146322754,1.1886155671279437,13.725459185896678,2.2875765309827796,2.4493889854100273,107.07353184628671,-90.0267,44.3503
1,Ebert,1,2.28554625797504,2.0246566999216293,1.9168697149853573,5.3052124830583445,0.9871009251288437,1.6193733801635393,14.138759461232754,2.356459910205459,1.5114194636067624,64.13940916461345,-90.7024,44.143499999999996
1,Karris,1,0.4219362452429061,6.895151304265323,9.613046224216038,13.45139673703657,0.4466910154764451,1.319002695497662,32.147224221734945,5.357870703622491,5.491274964950385,102.48987459211546,-89.8805,44.3009
1,Bentz,1,0.476109890292631,2.1389000475419238,1.048904095793859,4.2442968515367765,0.8237836763026023,2.6470787125847313,11.379073274052523,1.8965122123420872,1.4156922994586947,74.64714913226913,-90.1033,44.2076
1,K&S Griffin,1,0.3973541937083979,3.705024166191279,5.616315236334113,9.769403744106311,0.8658379552560378,2.1451461149304083,22.499081410526546,3.7498469017544247,3.517173788033102,93.79513031285455,-90.5283,44.139399999999995
1,Rasmussen,1,0.14720783994231437,3.3601672623592216,0.5183041627212114,6.019746281388677,0.24108046310498632,2.6249119062313677,12.911417915747778,2.151902985957963,2.323038622833267,107.95275800033892,-90.0863,44.365100000000005
1,Gaynor,1,1.8353547385404123,1.8918216511144001,0.8349415602997546,1.723755576473697,0.2074548517007826,0.44069981951549947,6.934028197644546,1.155671366274091,0.7536276106815831,65.21123847788101,-89.9928,44.34519999999999
2,cutler.1.2017,1,148.0587315390785,5.379231526779782,0.9295045599981205,3.6364554729049097,2.4644747605203774,0,160.4683978592817,26.74473297654695,59.462258766107354,222.33259467668321,-90.32894600000002,44.321544999999986
2,flyd.2.2017,1,78.12797991367161,10.544210573500896,1.5946776150621615,6.3247408545402735,0.2801467646461354,0,96.87175572142108,16.145292620236845,30.639068540129507,189.77090883893837,-90.35222222,44.24055556
2,flyd.1.2017,1,293.9584062168526,8.869726600325038,0.6347440411074795,5.813106086576726,0.7223809824004284,0,309.9983639272623,51.66639398787704,118.75052502276246,229.8409388714567,-90.34027778,44.25999999999999
2,searl.1.2017,1,155.2652369148055,6.828645179441828,3.3719262139092483,5.503355456155406,0.5789013432197095,0,171.5480651075317,28.591344184588618,62.114613980836694,217.24971578747207,-90.08138889,44.26499999999999
2,jjw.1.2017,1,149.1153499665231,3.045554843098172,2.0339915492537095,6.844187126771551,0.39146732945087676,0,161.4305508150974,26.905091802516235,59.92076848013341,222.71162990244645,-90.28805556,44.15138888999999
2,engel.1.2017,1,61.534063767173514,19.043853848581154,9.864190941874435,12.668025316271107,1.1206405005627584,0,104.23077437446297,17.37179572907716,22.792413718055137,131.20355588745997,-89.86027778,44.41277777999999
2,gryg.1.2017,1,298.5609746898596,7.440831556615129,3.8469056740852423,9.23952516119451,0.9832012138522528,0,320.07143829560675,53.34523971593446,120.18391587313705,225.2945464546063,-90.41277778000001,44.06555556
2,ccrk.1.2017,1,498.3133987049661,6.587904307577743,3.3284895201495424,5.786711460247278,0.5490630974120216,0,514.5655670903527,85.76092784839211,202.12614362414996,235.68558397766859,-90.0725,44.2175
2,lynn.1.2017,1,171.04978590463992,13.83900972288796,7.498579358835934,10.820965215771466,1.2295799435478565,0,204.43792014568314,34.07298669094719,67.31800764033919,197.57002299485777,-89.91055556,44.29388888999999
2,john.1.2017,1,222.5038223605931,13.133766523120917,8.575429220175122,4.585440589207033,0.7442454487104544,0,249.5427041418066,41.590450690301104,88.76595226709317,213.42868565690583,-89.97361111,44.27111111
2,glacial.1.2017,1,316.75109121796,2.653533749297498,0.9338204847473043,4.70626077221278,0.11370187728074006,0,325.1584081014983,54.193068016916385,128.63902762527476,237.3717383653571,-90.055,44.34
2,ccrk.2.2017,1,499.5715746580103,11.412348308666811,5.453538705888941,3.113534178716118,1.413688405077011,0,520.9646842563592,86.82744737605987,202.2421320534141,232.92419409438548,-90.07861111,44.18749999999999
2,glacial.2.2017,1,372.358066005464,2.2546958826183525,0.942725935766057,9.479077523605946,0.3616587571355758,0,385.39622410459,64.23270401743166,150.9910221307557,235.06876199666036,-90.04805556,44.31972222
2,bible.1.2017,1,126.32731790914862,5.473865996959731,10.203579093097016,5.571508204270917,18.671299120229538,0,166.24757032370582,27.707928387284305,48.715399673612346,175.81754576776217,-90.75166667,44.27666666999999
2,aaa.1.2017,1,171.45656663420405,16.363936476017916,13.506154836486164,13.753457658885736,1.2606259425293007,0,216.34074154812316,36.05679025802053,66.68994363548973,184.95807074967,-90.4625,43.98305556
2,salz.1.2017,1,119.50354814773591,2.2208964351223863,2.3312267136171245,4.711764385140562,0.725868416713787,0,129.49330409832976,21.582217349721628,47.99883330469557,222.3999162222999,-90.47555556,44.085277779999984
2,hab.1.2017,1,682.0750448856228,2.178024861410263,1.8017627508779137,8.123907029650065,1.5192263449931172,0,695.6979658725542,115.94966097875903,277.3577904529132,239.20534834829982,-90.69833333,44.15305556
2,habtun.2.2017,1,54.96394841779023,4.229565943283523,37.65455817025414,14.853916130221606,3.062675932136332,0,114.76466459368584,19.127444098947638,22.32332728989066,116.70836508218501,-90.65972222,44.00333333
2,rezin.1.2017,1,362.91958477329865,6.680008876222975,7.3695054481558895,8.457014883501948,0.6820073442512367,0,386.1081213254307,64.35135355423844,146.3112867487277,227.36318456053834,-90.45555556,44.12305556
2,hab.2.2017,1,0,0.06988061479627106,0.5522413216801823,10.706449771436336,0.5245976138504465,0,11.853169321763236,1.9755282202938726,4.2847836035762015,216.8930597680256,-90.6625,44.17666667
2,bw.1.2017,1,216.40942278541326,29.92640701568714,5.265200035764294,8.170009198438818,0.6169558908645637,0,260.38799492616806,43.397999154361344,85.46714238801141,196.93797883173207,-90.35138889,43.96944444
2,habtun.1.2017,1,112.56579959591674,4.211058937146181,38.70636211866314,10.88685105910439,4.420934696921102,0,170.79100640775155,28.465167734625258,43.50505319871876,152.83610342404154,-90.67055556,43.99416666999999
2,brsf.3.2018,1,0,0.10186460049993958,2.620018271557909,7.877113365250973,10.071077056022755,0,20.670073293331576,3.4450122155552627,4.452902989860568,129.25652250968446,-90.70428,44.33508
2,salz.2.2018,1,132.28646182267752,2.734460018265073,3.2956793818067687,5.169996744361823,0.8462369005206178,0,144.33283486763182,24.055472477938633,53.05374105970136,220.547491255294,-90.47573,44.088079999999984
2,brsf.5.2018,1,39.96440486800781,1.9758047670122871,4.173565446549841,10.944720833432353,4.3841837476737835,0,61.44267966267608,10.240446610446012,15.021874783360387,146.6915980796869,-90.56127,44.30733
2,salz.1.2018,1,217.28161042284862,13.25381895813562,6.151534524013477,10.633441965100591,0.8973130477163801,0,248.2177189178147,41.36961981963578,86.33655762945993,208.695554868215,-90.42163,44.058479999999996
2,waz.1.2018,1,47.98452009920606,1.7395195079689802,49.12467327381095,7.848098027738041,15.024549285844467,0,121.72136019456849,20.286893365761415,22.524453781707997,111.02958632258084,-90.74043,44.29513
2,wood.5.2018,1,33.98061500469436,7.198845910465158,4.1398285605914715,8.490176599285752,0.7143022996740953,0,54.52376837471083,9.087294729118472,12.655145455901815,139.26196775978727,-90.10085,44.24911999999999
2,jack.6.2018,1,11.29860776202474,2.1721158253644552,1.5590015239771347,7.567655855139944,2.7396585207112274,0,25.337039487217503,4.222839914536251,4.30320793268891,101.90317463553397,-90.42295,44.34091999999999
2,glacial.1.2018,1,382.7551614204375,2.4537496358746673,0.643385185125282,8.007262511995014,0.38022166418348163,0,394.239780417616,65.70663006960265,155.34995451340524,236.42964849794294,-90.03873,44.336479999999995
2,rezin.1.2018,1,395.9384280019497,6.5405372146723115,8.526359341414302,6.96355181050216,0.8002160032598448,0,418.7690923717983,69.79484872863306,159.81484420696555,228.9779935312076,-90.44875,44.120799999999996
2,jack.7.2018,1,84.83357993408674,0.6569322234102274,0.3606566494077107,5.06435543166291,0.18270845783731848,0,91.0982326964049,15.183038782734151,34.17552046669874,225.09012165313354,-90.31263,44.16948
2,searl.1.2018,1,149.16485623474946,6.244432005394178,3.1039248686413625,5.319429470981811,0.5821887441449829,0,164.4148313239118,27.402471887318633,59.702670118869,217.87330122761048,-90.08086,44.263829999999984
2,jack.3.2018,1,0,0.43697319140074353,0.8202961105837694,12.120518276762642,1.335612127840582,0,14.713399706587737,2.4522332844312893,4.763905243490426,194.2680279945409,-90.69595,44.21668
2,hab.1.2018,1,618.846111314207,1.083878098823332,0.8354314027595773,9.303529954089306,0.6075913202014157,0,630.6765420900806,105.11275701501343,251.70107546020265,239.45816150959845,-90.68533,44.15072
2,cutler.2.2018,1,342.58546988679007,3.3795341922874154,2.097578378603947,10.277107363712897,3.018899944084329,0,361.35858976547865,60.22643162757978,138.37053122471735,229.7505056921763,-90.33642,44.34902999999999
2,ccrk.3.2018,1,404.4887534237836,14.735013091596352,6.01334100872073,3.6061514046348773,1.432506358544236,0,430.2757652872798,71.71262754787996,163.10933954296902,227.448561181316,-90.0708,44.18867000000001
2,john.1.2018,1,173.35112856191375,13.512795989623402,8.176112483928016,4.027301477433017,1.1842201150552047,0,200.2515586279534,33.37525977132557,68.75206468193728,205.99709231628447,-89.97312,44.27698
2,bible.1.2018,1,128.66155670939474,5.537192109275168,10.644290194332209,5.614437329937165,18.64040031721456,0,169.09787666015384,28.182979443358974,49.620685270902925,176.06614435719473,-90.75145,44.27689999999999
2,jjw.1.2018,1,188.00187328192305,2.616740476633827,2.0231228554082974,7.317683263613995,0.3546990797968245,0,200.314118957376,33.385686492896,75.79141724297618,227.01769891448396,-90.28793,44.154579999999996
2,bcrk.1.2018,1,139.00593634479088,29.553816685459005,7.348169257102866,11.006860818553948,0.7263212488690042,0,187.6411043547757,31.27351739246262,53.858249504150066,172.21679553426472,-90.40262,43.978179999999995
2,ccrk.1.2018,1,456.1523707371053,8.925990308416232,4.139393209415141,6.996690791292884,0.990805402758892,0,477.2052504489884,79.53420840816474,184.53595137148992,232.02085626409027,-90.08255,44.212830000000004
2,jack.2.2018,1,0,14.162201529732995,3.673736210224081,9.173232227012187,1.2513905069486702,0,28.260560473917934,4.710093412319655,5.773535795091207,122.5779467555787,-90.52653,44.21182000000001
2,glacial.2.2018,1,466.761662387093,2.847347478658928,0.9975990824103117,10.331922575067114,0.43148326731089276,0,481.37001479054027,80.22833579842337,189.40061862515427,236.07696300846905,-90.03972,44.31524999999999
2,brsf.2.2018,1,0,3.1117513475439136,15.89957915867899,5.326019040861948,12.58359635506175,0,36.9209459021466,6.1534909836911,6.66333673476858,108.28547165224991,-90.7138,44.27617999999999
2,cutler.1.2018,1,147.14262026420454,5.352173636468419,0.921688005076313,3.64437872291307,2.4625921057460465,0,159.52345273440838,26.5872421224014,59.09061374488107,222.2517607235899,-90.32888,44.32152
2,SwenNekoosa,1,95.29580020123673,8.4159778926654365,6.240304431068445,18.394365257220795,0.5956195208466618,0,128.94206730303807,21.490344550506343,36.76617358852856,171.08229001224785,-89.9107,44.325
2,Ehlert,1,100.78866508397878,16.579107563123454,7.027091542278546,6.7536636967984265,0.6439384383254625,0,131.7924663245047,21.96541105408411,39.07365548790168,177.88720362069697,-90.0048,44.408500000000004
2,Gardner,1,306.8022993317464,25.942690333102856,4.239499530466346,8.197370333137302,0.08883373115658767,0,345.27069325960946,57.545115543268246,122.48853844153456,212.856534017097,-90.0928,44.45499999999999
2,MarshRd,1,204.13568061629618,8.81058208870346,7.218686285846943,8.589020350388237,1.6015385619490679,0,230.3555079031839,38.39258465053065,81.28161507815844,211.71175584563042,-89.8929,44.385799999999996
2,SenecaRed,1,187.00623655207013,4.441937164637724,5.503341263930967,6.173061441813311,1.0923272430676285,0,204.21690366551977,34.03615061091996,74.97985416913755,220.29475373481705,-89.9127,44.372899999999994
2,GebhardtCrampton,1,287.60919402684374,5.341637268814867,2.676831129265766,6.925824680215812,1.403281337156613,0,303.9567684422968,50.65946140704946,116.10891186129955,229.1949196387282,-90.38900000000001,44.169000000000004
2,CrimsonStar,1,0,0,0,0,0,0,0,0,0,NA,-89.6629,44.3211
2,Kranco,1,0,0,0,0,0,0,0,0,0,NA,-89.625,44.38519999999999
2,Urban,1,206.57442664438526,6.407677553969127,2.4498327271732143,8.760098364837104,0.2560384332435586,0,224.44807372360825,37.40801228726804,82.94661214880064,221.73488265515738,-89.75100000000002,44.39990000000002
2,Wandler,1,99.94017919456078,1.9381268754977306,1.01433915570641,5.649787334694152,0.27192961549896,0,108.81436217595804,18.13572702932634,40.128272104587,221.26640988639528,-90.0464,44.4146
2,Moss,1,244.82595275771268,5.498990779713173,2.240858307232362,6.140950196236626,0.48101336032417547,0,259.187765401219,43.19796090020317,98.80948049334415,228.7364459670119,-90.0226,44.39079999999999
2,LynnHill,1,171.2706766510523,13.75861156781745,7.641806598426033,10.711400597697992,1.23986672262101,0,204.62236213761477,34.1037270229358,67.40805214808664,197.65596910493878,-89.911,44.294
2,Searles,1,150.59809164116658,6.155396664272072,2.9123006040863326,5.582396433123547,0.5397621443709621,0,165.7879474870195,27.631324581169913,60.2937302102193,218.20788950272777,-90.079,44.265600000000006
2,BibleCastle,1,145.1079569459449,5.963788762615179,8.482202886380337,4.9624215302509525,16.78837598211068,0,181.30474610730204,30.21745768455034,56.55393958565942,187.1565112328244,-90.7544,44.27790000000001
2,Finch,1,481.67954710608836,7.13604835762848,4.353722015589674,8.063078591250866,6.042581904284955,0,507.27497797484233,84.54582966247372,194.575746861946,230.14233539222082,-90.80950000000001,44.2642
2,Brockman,1,104.22433806646578,6.514624918395747,2.3467983018218526,9.30061489134214,0.3387251069515696,0,122.72510128497709,20.454183547496182,41.19959919702355,201.4238265798042,-90.0943,44.28410000000001
2,Jerry's Berries,1,39.19897866353966,4.858147596306125,4.73032896281939,9.489741764646128,3.855682900046983,0,62.132879887358285,10.355479981226381,14.450212690230703,139.54169885343538,-90.7361,44.23349999999999
2,Nemitz,1,212.71778873207663,1.854943951087838,1.5818298366600798,4.854949590390999,0.24055142700409216,0,221.25006353721963,36.87501058953661,86.16244032106086,233.66078800668794,-90.4112,44.1915
2,DuckartMain,1,275.8665813568317,2.0898841657020375,2.7535756068208683,1.2870182554419725,0.23781386755538678,0,282.234873252352,47.03914554205866,112.10704366400674,238.32712599715387,-89.9644,44.3843
2,FlyingDollar,1,201.6671051702719,4.6619291478739,0.29318742519557944,8.081338881262985,0.8430150098310281,0,215.54657563443538,35.924429272405895,81.25770345159361,226.19065938511346,-90.3526,44.2626
2,SwenEast,1,218.36714092268295,2.271538043113906,0.5977329264682205,5.22331204768585,0.2125540525972126,0,226.67227799254815,37.778712998758024,88.49143081383325,234.2362240257957,-90.3673,44.19039999999999
2,DuckartNew,1,210.2770308285021,24.918492593228887,4.277546707487674,7.239299124113216,0.1381214287588425,0,246.8504906820907,41.14174844701512,83.36932782585812,202.63924352467976,-89.9718,44.415899999999986
2,GebhardtConcord,1,96.77653795469799,10.760712312462664,4.4993248339288785,8.065571383915394,1.0902636755867887,0,121.1924101605917,20.198735026765284,37.7360408322664,186.82378268868064,-90.4484,44.091499999999996
2,Johnson,1,252.11703924272942,12.82171796422182,7.2442093936343666,4.199464325688284,0.8654759264623781,0,277.24790685273626,46.207984475456044,100.9823688287326,218.53878712751617,-89.9767,44.27340000000002
2,Damrow,1,527.6579610743181,19.26702333940345,7.255569228106168,5.3634616487040585,1.8897699615305845,0,561.4337852520624,93.57229754201039,212.76488155046314,227.38020454712017,-90.4142,44.01659999999999
2,Basswater,1,216.39189754501325,29.316001658615896,7.824111782387701,9.988594696461613,0.4532512973252883,0,263.97385697980377,43.99564282996729,85.1262308976254,193.48786702951034,-90.3534,43.961099999999995
2,JDR,1,270.05461027300163,19.43170269387031,7.696203765874095,9.789467685924917,1.008593519049531,0,307.98057793772045,51.330096322953416,107.38202210706409,209.19894915343414,-90.5101,44.1153
2,RezinW,1,510.5311678537641,4.753557548779976,6.232138320817348,8.32142248199764,0.6167320011701446,0,530.4550182065292,88.4091697010882,206.8216854754926,233.93691647004223,-90.4439,44.13259999999999
2,BearCreek,1,190.82580401125006,31.34502757902898,10.294696988004883,8.584508091820858,0.5853661922034961,0,241.63540286230827,40.27256714371804,74.62672103640999,185.3041073098086,-90.3915,43.97599999999999
2,Knorr,1,183.96522819717285,11.402873912482258,8.414712660840571,9.013226657795569,1.5144843092326084,0,214.31052573752385,35.71842095625398,72.76363989263469,203.7146042423088,-89.888,44.386799999999994
2,GebhardtMain,1,368.66140947844167,7.141620958315173,10.93316120442974,11.89213829485059,0.8675948960256775,0,399.4959248320628,66.58265413867714,148.07055634641804,222.38608277468092,-90.4962,44.12950000000001
2,Okray,1,0,0,0,0,0,0,0,0,0,NA,-89.6829,44.40090000000001
2,Vanatta,1,334.3805028435123,6.372027097477221,2.241761575084824,8.789652614857102,0.42751321630371947,0,352.2114573472352,58.70190955787253,135.09841194652643,230.14312986417718,-90.1473,44.240399999999994
2,BibleJanke,1,104.10636828146276,1.20610850848829,11.656250516615113,6.707770469374283,2.129262437863223,0,125.80576021380367,20.967626702300613,40.956412236993664,195.33165492926216,-90.7412,44.18579999999999
2,Baldwin,1,319.08110285569654,16.731578252506694,10.586695730433124,8.331614840975835,0.867975366201623,0,355.5989670458138,59.266494507635635,127.43613223624546,215.0222200501957,-90.409,44.0529
2,Olson,1,237.56571968095884,7.793193999224911,4.812949294041935,9.454175746548314,0.8722641089493637,0,260.49830282972334,43.416383804953895,95.18573160792167,219.23919789252642,-90.4897,44.1549
2,Lester,1,272.90760191773734,3.2595601145367312,2.594121071420403,9.100646423003482,0.2111855935444867,0,288.07311512024245,48.01218585337374,110.22500605844547,229.57714609175653,-90.0267,44.3503
2,Ebert,1,685.6638927182943,2.580256035347129,2.5896964592118583,6.904169245722777,1.3335761688479928,0,699.071590627424,116.51193177123734,278.8360100613055,239.31970384696703,-90.7024,44.143499999999996
2,Karris,1,126.58087640217491,8.787295035326677,12.987252902204869,17.50556079712863,0.6034808375852169,0,166.4644659744203,27.744077662403384,48.90196179836728,176.26090293365712,-89.8805,44.3009
2,Bentz,1,142.83297028035497,2.7258496499124703,1.4170724289161833,5.5235004979867375,1.1129340992763679,0,153.61232695644674,25.60205449274112,57.46242644416674,224.44459080601868,-90.1033,44.2076
2,K&S Griffin,1,119.20626077698694,4.7217441684271995,7.587657923565853,12.71383890739555,1.1697495502426074,0,145.39925132661816,24.23320855443636,46.75365154061187,192.9321552100153,-90.5283,44.139399999999995
2,Rasmussen,1,44.16235296979983,4.282252817879606,0.7002304040283412,7.834058913896413,0.32570039414124047,0,57.304595499745425,9.550765916624238,17.223920656414947,180.34072666815837,-90.0863,44.365100000000005
2,Gaynor,1,550.6064338691365,2.4109688488311383,1.1280084324216142,2.2432843691440794,0.28027209710491036,0,556.6689676166383,92.7781612694397,224.2912917693782,241.75009366483073,-89.9928,44.34519999999999
3,cutler.1.2017,1,184.08635715491968,5.5172251606253635,1.19186823765826,3.273962759459558,3.1601019682793425,0,197.2295152809422,32.871585880157035,74.10412315233025,225.4351932471359,-90.32894600000002,44.321544999999986
3,flyd.2.2017,1,97.13912218938935,10.814701614056911,2.044794270510151,5.694271846660597,0.3592215089995125,0,116.05211142961653,19.342018571602754,38.32758717098105,198.15712113549623,-90.35222222,44.24055556
3,flyd.1.2017,1,365.4882869318907,9.097262038928548,0.8139080690904663,5.233638356373615,0.9262815756527133,0,381.55937697193605,63.593229495322674,147.93834286586554,232.63222207758218,-90.34027778,44.25999999999999
3,searl.1.2017,1,193.04644555122465,7.003820677626305,4.323692348635526,4.954764591446578,0.7423031079295296,0,210.0710262768626,35.01183771281043,77.46587117623294,221.25622714139638,-90.08138889,44.26499999999999
3,jjw.1.2017,1,185.40008607309358,3.1236825789620926,2.6081097689566093,6.161938167201782,0.5019636224854511,0,197.79578021069952,32.96596336844992,74.70936293387379,226.62575365649528,-90.28805556,44.15138888999999
3,engel.1.2017,1,76.50735300840878,19.532386565923225,12.648475736192438,11.405238818511176,1.4369545626079618,0,121.53040869164359,20.255068115273932,28.514595324356044,140.77758298355843,-89.86027778,44.41277777999999
3,gryg.1.2017,1,371.2108137625917,7.631711495546643,4.932740390449305,8.318501771362513,1.2607214084241998,0,393.3544888283744,65.55908147139573,149.7750787763756,228.45817149180837,-90.41277778000001,44.06555556
3,ccrk.1.2017,1,619.5696622246992,6.7569040708903705,4.267995133291916,5.209874825018333,0.7040426636282182,0,636.508478917528,106.08474648625467,251.5687722010647,237.13943854657776,-90.0725,44.2175
3,lynn.1.2017,1,212.6719015622742,14.194022373111041,9.615142248871228,9.742299170665367,1.5766434544218804,0,247.80000880934372,41.300001468223954,84.12670968933632,203.69662638889508,-89.91055556,44.29388888999999
3,john.1.2017,1,276.64642054964526,13.470687542337553,10.995945745369916,4.128350212627692,0.9543175466955255,0,306.1957215966759,51.03262026611266,110.65947429726576,216.84066724425531,-89.97361111,44.27111111
3,glacial.1.2017,1,393.82719209484617,2.721604952921012,1.1974023833161207,4.237126679904471,0.1457955796293301,0,402.1291216906171,67.02152028176951,160.10956720500678,238.8927713544542,-90.055,44.34
3,ccrk.2.2017,1,621.1339943343168,11.70510972002907,6.992864635760478,2.803167817500628,1.812718711095361,0,644.4478552187023,107.40797586978371,251.7084236505999,234.34798171390844,-90.07861111,44.18749999999999
3,glacial.2.2017,1,462.96519776751575,2.3125356830638695,1.20882150342382,8.534174840734401,0.463741227371415,0,475.48447102210923,79.2474118370182,188.00835987453848,237.2422714084344,-90.04805556,44.31972222
3,bible.1.2017,1,157.0669660702089,5.614287292519103,13.083660215201954,5.016123670623413,23.94149457132647,0,204.72253181987983,34.12042196997997,60.80439409033009,178.20528170439206,-90.75166667,44.27666666999999
3,aaa.1.2017,1,213.1776656052852,16.78372116963116,17.318427101137512,12.382472032037771,1.6164525545433783,0,261.27873846263503,43.54645641043917,83.43202462307114,191.59314327829074,-90.4625,43.98305556
3,salz.1.2017,1,148.58274562346807,2.2778691770375685,2.989243081009003,4.242081676302005,0.9307533796307597,0,159.0226929374474,26.503782156241236,59.82493678472622,225.72226270218704,-90.47555556,44.085277779999984
3,hab.1.2017,1,848.0466434776406,2.2338978171913544,2.31033164008523,7.314091778261002,1.9480459852876972,0,861.8530106984659,143.6421684497443,345.0948544749604,240.24620221164218,-90.69833333,44.15305556
3,habtun.2.2017,1,68.33850954890389,4.338067161570479,48.28300345968393,13.373233525016362,3.9271525098930984,0,138.25996620506777,23.043327700844625,28.38490912344542,123.18059913892128,-90.65972222,44.00333333
3,rezin.1.2017,1,451.2300193755152,6.85137140158774,9.449635697240975,7.613994449012907,0.8745119996660966,0,476.01953292302295,79.33658882050382,182.22938238340484,229.691476647291,-90.45555556,44.12305556
3,hab.2.2017,1,0,0.0716732649030928,0.7081179793613471,9.6391989669286,0.6726715073898338,0,11.091661718582873,1.848610286430479,3.830640987195451,207.21733592601163,-90.6625,44.17666667
3,bw.1.2017,1,269.06905037242456,30.694110289189616,6.751365143983033,7.355598345540409,0.7910990026333127,0,314.66122315377095,52.44353719229515,106.71330405463574,203.48227783215535,-90.35138889,43.96944444
3,habtun.1.2017,1,139.95681154659724,4.3190853944908385,49.63169153750762,9.801617316880773,5.668795907824554,0,209.378001703301,34.89633361721684,54.57389623498674,156.3886247581653,-90.67055556,43.99416666999999
3,brsf.3.2018,1,0,0.10447773702571206,3.359549478660416,7.091899241453247,12.913757907875835,0,23.469684365015212,3.9116140608358685,5.225960564062439,133.60112942598712,-90.70428,44.33508
3,salz.2.2018,1,164.47616837391703,2.8046072265879207,4.225923944567459,4.654636069019832,1.0850972944844257,0,177.24643290857668,29.541072151429447,66.12855302784654,223.85292141350624,-90.47573,44.088079999999984
3,brsf.5.2018,1,49.689076973309895,2.0264901629117023,5.351603754951805,9.853718459727085,5.621671567615014,0,72.5425609185155,12.090426819752583,18.726340433650403,154.88568528496018,-90.56127,44.30733
3,salz.1.2018,1,270.1534703405144,13.593819687098382,7.887878045530741,9.57346879619668,1.150590289531927,0,302.3592271588721,50.393204526478684,107.78314606550575,213.88428673725645,-90.42163,44.058479999999996
3,waz.1.2018,1,59.660753628423556,1.7841434690041016,62.99069448407362,7.065776239211561,19.265406378388636,0,150.7667741991015,25.127795699850246,28.855019180038457,114.83306981921389,-90.74043,44.29513
3,wood.5.2018,1,42.24923153854625,7.383518182282053,5.3083442331143225,7.643850506188613,0.9159225889860377,0,63.500867049117275,10.583477841519546,15.842346860622527,149.6894224927855,-90.10085,44.24911999999999
3,jack.6.2018,1,14.047935722618707,2.227837196415939,1.9990481799174027,6.813289377730854,3.5129596059992743,0,28.601070082682178,4.766845013780363,5.074029548433054,106.44418968446968,-90.42295,44.34091999999999
3,glacial.1.2018,1,475.8922531329024,2.516695769930421,0.8249882784138829,7.209074733574712,0.48754373492344494,0,486.93055564974486,81.15509260829081,193.39894781255379,238.30783946736096,-90.03873,44.336479999999995
3,rezin.1.2018,1,492.2834479997329,6.708321868123581,10.933025311799499,6.269404223706664,1.02608645357606,0,517.2202858569387,86.20338097615645,198.9782635021568,230.8241988295024,-90.44875,44.120799999999996
3,jack.7.2018,1,105.47641825740523,0.6737845310767284,0.4624562628613358,4.559525397044417,0.23428008534811665,0,111.40646453373583,18.567744088955973,42.6103745477258,229.4860072585247,-90.31263,44.16948
3,searl.1.2018,1,185.46163886690312,6.40462066049039,3.9800444475696892,4.789172896335231,0.7465184167250987,0,201.38199528802352,33.56366588133725,74.45435497433343,221.8302233062481,-90.08086,44.263829999999984
3,jack.3.2018,1,0,0.4481828815347889,1.0518344091624245,10.912308911559572,1.7126044793234494,0,14.124930681580235,2.354155113596706,4.244206536215196,180.2857641666121,-90.69595,44.21668
3,hab.1.2018,1,769.4320023351817,1.1116828655000712,1.0712418169238878,8.376126375850545,0.7790911709205399,0,780.7701445643767,130.1283574273961,313.2086907002916,240.69211115266972,-90.68533,44.15072
3,cutler.2.2018,1,425.9479364040087,3.466229513278425,2.6896447344613477,9.252654689288823,3.871020230422199,0,445.2274855714595,74.20458092857659,172.34475384784957,232.25621880909873,-90.33642,44.34902999999999
3,ccrk.3.2018,1,502.91435266190786,15.113010950797781,7.710677772809004,3.2466794909813794,1.8368482549411294,0,530.8215691314372,88.4702615219062,203.1072109314501,229.5768176079807,-90.0708,44.18867000000001
3,john.1.2018,1,215.53323761411622,13.859440266364247,10.483917127996325,3.6258480700437103,1.5184802767757941,0,245.0209233552963,40.83682055921605,85.75097689884474,209.98445942798173,-89.97312,44.27698
3,bible.1.2018,1,159.96920299335562,5.679237912036399,13.648767247648017,5.054773493170308,23.9018742149774,0,208.25385586118776,34.70897597686462,61.93102734954728,178.4294281422408,-90.75145,44.27689999999999
3,jjw.1.2018,1,233.74899697580804,2.6838678210145,2.594173257467946,6.588234798721314,0.45481709862434955,0,246.07008995163616,41.01168165860602,94.45039964989242,230.30121133809357,-90.28793,44.154579999999996
3,bcrk.1.2018,1,172.83071507246592,30.31196188484849,9.422277113407068,9.90966414603545,0.9313340290283212,0,223.40595224578524,37.23432537429754,67.31827288612912,180.7962738935461,-90.40262,43.978179999999995
3,ccrk.1.2018,1,567.1494505166063,9.154969082093624,5.307785998909106,6.29923981218112,1.2704719697673252,0,589.1819173795575,98.19698622992624,229.76330915348,233.98203750927132,-90.08255,44.212830000000004
3,jack.2.2018,1,0,14.52550503184331,4.710691793174166,8.25881711432618,1.604610307820549,0,29.099624247164204,4.849937374527367,5.706704701440407,117.66553381519765,-90.52653,44.21182000000001
3,glacial.2.2018,1,580.340336535543,2.9203905933575833,1.2791832460125636,9.30200575709724,0.55327453303715,0,594.3951906650475,99.06586511084126,235.79975862754378,238.02321653751858,-90.03972,44.31524999999999
3,brsf.2.2018,1,0,3.1915772248897296,20.387423802849387,4.79510559826137,16.13546555504868,0,44.509572181049165,7.418262030174861,8.706271665713864,117.36268724803513,-90.7138,44.27617999999999
3,cutler.1.2018,1,182.9473254640019,5.489473153210159,1.1818453674754257,3.2810961963059277,3.1576879118835293,0,196.05742809287693,32.67623801547949,73.64179841440124,225.36804383514223,-90.32888,44.32152
3,SwenNekoosa,1,118.48444552274539,8.631873298169243,8.001704310868165,16.560760137104083,0.76374018931957,0,152.44252345820644,25.407087243034407,45.9974388889015,181.04176385473752,-89.9107,44.325
3,Ehlert,1,125.31390756187736,17.00441204893385,9.010571408467033,6.080438382370427,0.8256976938864432,0,158.23502709553512,26.372504515922518,48.86412875640601,185.2843696619867,-90.0048,44.408500000000004
3,Gardner,1,381.4575274530678,26.608199168886056,5.436148515441562,7.380232040831565,0.11390810454810883,0,420.9960152827751,70.16600254712918,152.81509515991632,217.79079555982017,-90.0928,44.45499999999999
3,MarshRd,1,253.80869753078798,9.036600290869005,9.256246039005601,7.732841217755421,2.053591800965279,0,281.8879768793833,46.98132947989721,101.39697760014212,215.82398523551524,-89.8929,44.385799999999996
3,SenecaRed,1,232.51108863536084,4.555886350057716,7.056724556022238,5.55771228960157,1.4006495526431335,0,251.0820613836855,41.84701023061425,93.44279126172478,223.29621816892504,-89.9127,44.372899999999994
3,GebhardtCrampton,1,357.5940997352791,5.478666495710779,3.432398438748068,6.235437846145023,1.7993741249197972,0,374.53997664080276,62.42332944013379,144.6218679129294,231.67919623964778,-90.38900000000001,44.169000000000004
3,CrimsonStar,1,0,0,0,0,0,0,0,0,0,NA,-89.6629,44.3211
3,Kranco,1,0,0,0,0,0,0,0,0,0,NA,-89.625,44.38519999999999
3,Urban,1,256.8408717745505,6.5720539534196805,3.141327047496542,7.886865666134119,0.3283083153496303,0,274.7694267569505,45.79490445949175,103.44038286120059,225.87749462977834,-89.75100000000002,44.39990000000002
3,Wandler,1,124.25895676730646,1.9878457189928014,1.3006484033838532,5.086599704156096,0.34868497212373983,0,132.98273556596294,22.163789260993823,50.0490265741437,225.81439475345158,-90.0464,44.4146
3,Moss,1,304.4002694853176,5.640056602293639,2.8733671209620613,5.528801988633703,0.6167850817868089,0,319.0592802789938,53.176546713165635,123.09676510214604,231.48694812043766,-90.0226,44.39079999999999
3,LynnHill,1,212.946542391718,14.111561761067367,9.79879707422814,9.643656280081473,1.5898337987975164,0,248.0903913058925,41.34839855098208,84.23629837261022,203.7232427968108,-89.911,44.294
3,Searles,1,187.24362823132734,6.313301292328184,3.734331963396158,5.025926528391257,0.6921164063653037,0,203.00930442180822,33.83488407030137,75.1943109602534,222.23900872252534,-90.079,44.265600000000006
3,BibleCastle,1,180.41756072536305,6.116778065779338,10.876405174032046,4.467752570555611,21.527094062866112,0,223.40559059859615,37.23426509976603,70.52835031136208,189.41786583510483,-90.7544,44.27790000000001
3,Finch,1,598.8882399643393,7.319109681400213,5.582611650646798,7.259326899791043,7.748172257681409,0,626.7974604538588,104.46624340897645,242.23352980767382,231.87732410301209,-90.80950000000001,44.2642
3,Brockman,1,129.5855943252796,6.681744842711138,3.009209934524113,8.37350189524111,0.4343342826352452,0,148.08438528039122,24.6807308800652,51.500680839815175,208.6675677883293,-90.0943,44.28410000000001
3,Jerry's Berries,1,48.737397054221375,4.982773843983883,6.065520371918101,8.543776038462134,4.943995092458049,0,73.27346240104355,12.212243733507258,18.108331003233815,148.28013097666246,-90.7361,44.23349999999999
3,Nemitz,1,264.4791186759719,1.9025288998144685,2.0283200543944777,4.370993753787455,0.3084499180618615,0,273.08941130203016,45.5149018836717,107.28140647935462,235.7061139086876,-90.4112,44.1915
3,DuckartMain,1,342.99411790757324,2.1434960448163403,3.5308049545953795,1.158724442099558,0.3049396500158179,0,350.13208299910036,58.35534716651672,139.44990674151813,238.96680169445048,-89.9644,44.3843
3,FlyingDollar,1,250.739435377203,4.781521796125436,0.37594305053449634,7.275766949702848,1.0809659869649266,0,264.2536331605307,44.04227219342178,101.30058595048428,230.0076288198743,-90.3526,44.2626
3,SwenEast,1,271.50314660221005,2.3298098961522555,0.7664501287238794,4.702636744098281,0.2725499529304871,0,279.57459332411497,46.59576555401916,110.19543633498283,236.49238299826118,-90.3673,44.19039999999999
3,DuckartNew,1,261.44444300034297,25.55772764488548,5.484934959075979,6.517664223728729,0.17710783890933832,0,299.1818776669425,49.86364627782375,104.0775583140144,208.72432339610438,-89.9718,44.415899999999986
3,GebhardtConcord,1,120.32549613896315,11.036757280479227,5.769312590007842,7.261571203457492,1.398003518785395,0,145.7911407316931,24.298523455282183,47.2133357805972,194.30536949081008,-90.4484,44.091499999999996
3,Johnson,1,313.46552039471055,13.1506339897206,9.288973346441532,3.780849212763593,1.1097667635008162,0,340.7957437071371,56.79929061785618,125.83991941461034,221.55192088798663,-89.9767,44.27340000000002
3,Damrow,1,656.0547349571611,19.76128103230174,9.303539628818912,4.828815815423522,2.423179928922059,0,692.3715513626274,115.3952585604379,264.9594966824699,229.61038433281743,-90.4142,44.01659999999999
3,Basswater,1,269.0472606567491,30.068046179948713,10.032560056869988,8.992901824101533,0.581186847497019,0,318.72195556516635,53.12032592752772,106.3407391649728,200.1884162195351,-90.3534,43.961099999999995
3,JDR,1,335.76790048972634,19.93018491260079,9.868548486851717,8.813624387114556,1.2932809926887696,0,375.67353926898215,62.612256544830366,134.00915494988828,214.03022721907132,-90.5101,44.1153
3,RezinW,1,634.7604219440498,4.875500743934271,7.991233219221754,7.491918301979497,0.790811917419317,0,655.9098861266046,109.31831435443411,257.43434684828645,235.4905931074161,-90.4439,44.13259999999999
3,BearCreek,1,237.2600842005587,32.14912278056226,13.20049721578987,7.7287787545627,0.7505927371542082,0,291.08907568862776,48.51484594810462,93.20764187924084,192.1218960046647,-90.3915,43.97599999999999
3,Knorr,1,228.73010156143766,11.695392276793747,10.78986503250396,8.114761376857498,1.9419654537357043,0,261.2720857013286,43.545347616888094,90.8439315923815,208.61914432656795,-89.888,44.386799999999994
3,GebhardtMain,1,458.36902146208195,7.3248252362272686,14.019175523769011,10.706694526519732,1.1124838373353612,0,491.5322005859333,81.92203343098889,184.4998123263968,225.21390717409307,-90.4962,44.12950000000001
3,Okray,1,0,0,0,0,0,0,0,0,0,NA,-89.6829,44.40090000000001
3,Vanatta,1,415.7464273280343,6.535488954392269,2.8745253468705494,7.913473860478909,0.5481838880839476,0,433.61809937786,72.26968322964333,168.2982758303275,232.87534732308814,-90.1473,44.240399999999994
3,BibleJanke,1,129.4389185585092,1.2370488565788673,14.946365363682917,6.039119928558032,2.730271994935777,0,154.39172470226478,25.73195411704413,51.08910322885398,198.5434257984083,-90.7412,44.18579999999999
3,Baldwin,1,396.7241732459124,17.160794074792978,13.574916063758813,7.501094656254774,1.1129716997274366,0,436.07394974044644,72.67899162340774,158.89174366451047,218.62128259541808,-90.409,44.0529
3,Olson,1,295.373379647061,7.993113105488108,6.171461270765501,8.511755346988771,1.1184709909418118,0,319.16818036124516,53.19469672687419,118.69545618322577,223.13400298654264,-90.4897,44.1549
3,Lester,1,339.31512011948655,3.3431777358835317,3.3263424868752063,8.193466879472322,0.2707952300924591,0,354.44890245181006,59.07481707530168,137.32093379240823,232.4525755490153,-90.0267,44.3503
3,Ebert,1,852.5087776390795,2.6464474429481872,3.3206689754345207,6.215941089867274,1.7099938467769595,0,866.4018289941065,144.40030483235108,346.9069386065155,240.2397550401814,-90.7024,44.143499999999996
3,Karris,1,157.38222379815033,9.012715853813713,16.65305894637498,15.760554353074841,0.7738204558724031,0,199.58237340728627,33.26372890121438,61.21741205918026,184.03652892007955,-89.8805,44.3009
3,Bentz,1,177.58899395668226,2.7957759761238474,1.8170579157673596,4.972901515502146,1.4270729382295766,0,188.6018023023052,31.433633717050864,71.62024176450686,227.84588765395318,-90.1033,44.2076
3,K&S Griffin,1,148.21311832394676,4.842871253708191,9.729364294170276,11.446485574407438,1.4999252235535216,0,175.73176466978617,29.288627444964366,58.43213498902597,199.50451791851478,-90.5283,44.139399999999995
3,Rasmussen,1,54.90852580656113,4.392105614592826,0.8978787340275963,7.0531365860559605,0.4176331902777388,0,67.66927993151525,11.278213321919209,21.54890049619903,191.066615616489,-90.0863,44.365100000000005
3,Gaynor,1,684.5873362779545,2.472817525706713,1.446402180551674,2.019667101158946,0.3593822180300973,0,690.8856053034019,115.14760088390032,278.9689646440258,242.27075727378926,-89.9928,44.34519999999999
4,cutler.1.2017,1,3.824850594176155,3.750511812670575,0.4271968164925739,4.018929711831925,1.1326633750163986,0,13.154152310187628,2.1923587183646047,1.8694608792154934,85.27166943783827,-90.32894600000002,44.321544999999986
4,flyd.2.2017,1,2.018306163292485,7.351642351574887,0.7329078627520699,6.989962926630842,0.12875440439772062,0,17.221573708648005,2.8702622847746673,3.4089026058678717,118.76624042166554,-90.35222222,44.24055556
4,flyd.1.2017,1,7.593925552339647,6.184157388293679,0.2917259853456717,6.424515560123598,0.33200359552498054,0,20.826328081627576,3.4710546802712625,3.608099637130431,103.9482223555308,-90.34027778,44.25999999999999
4,searl.1.2017,1,4.011018651147573,4.761073079404011,1.549724666259627,6.0821860524108375,0.26606089042450193,0,16.67006333964655,2.778343889941092,2.526117217288589,90.92168994753739,-90.08138889,44.26499999999999
4,jjw.1.2017,1,3.8521465704284052,2.123424016666868,0.9348149024849755,7.564043393922516,0.17991691929150117,0,14.654345802794266,2.442390967132378,2.8871204478351844,118.20877519969564,-90.28805556,44.15138888999999
4,engel.1.2017,1,1.5896299928777025,13.277769968126456,4.533545233658847,14.000419835508398,0.5150421793240293,0,33.91640720949543,5.652734534915905,6.386481173697489,112.98038381688306,-89.86027778,44.41277777999999
4,gryg.1.2017,1,7.712825238806777,5.187902121380375,1.7680234482332797,10.21131771589666,0.451875597608866,0,25.331944121925957,4.22199068698766,4.1725742026604316,98.82954539716225,-90.41277778000001,44.06555556
4,ccrk.1.2017,1,12.873096232217602,4.593223549369117,1.5297613243980799,6.3953448061356815,0.2523473443405613,0,25.643773256461042,4.273962209410174,4.909543267042319,114.87100321647108,-90.0725,44.2175
4,lynn.1.2017,1,4.418786169854403,9.648844669161436,3.4463190049526107,11.959090092095538,0.5651103395424173,0,30.038150275606405,5.006358379267734,4.846863512522899,96.81415402849836,-89.91055556,44.29388888999999
4,john.1.2017,1,5.748015455189526,9.15713448000821,3.9412351704047746,5.067726956404321,0.3420524223989134,0,24.256164484405744,4.04269408073429,3.468853759050674,85.80549726930148,-89.97361111,44.27111111
4,glacial.1.2017,1,8.18273658606342,1.8500987775884095,0.4291803993521099,5.201254735553197,0.052256957194120365,0,15.715527455751257,2.619254575958543,3.3602694460573885,128.29105948312275,-90.055,44.34
4,ccrk.2.2017,1,12.905599111254555,7.956925990056607,2.5064259757687446,3.4410087275592565,0.6497258993141298,0,27.459685703953294,4.576614283992216,4.954586275046384,108.2587687666014,-90.07861111,44.18749999999999
4,glacial.2.2017,1,9.619250112455388,1.5720207430450737,0.43327331130581714,10.476065659054008,0.16621701103358905,0,22.266826836893877,3.7111378061489795,4.946296889492683,133.28249038063663,-90.04805556,44.31972222
4,bible.1.2017,1,3.263455737751989,3.8164929284728526,4.689526757577223,6.157506953872508,8.581259186032163,0,26.508241563706736,4.418040260617789,2.8860299885342102,65.32375936589241,-90.75166667,44.27666666999999
4,aaa.1.2017,1,4.42929467211563,11.409275981068703,6.207378207175591,15.200015519938034,0.5793789644642051,0,37.82534334476216,6.304223890793694,6.020606157370509,95.50114751099873,-90.4625,43.98305556
4,salz.1.2017,1,3.087175017559733,1.548455067081086,1.0714230714281752,5.207337206157522,0.3336064072813821,0,11.247996769507898,1.8746661282513164,1.9604961382740618,104.5784157898456,-90.47555556,44.085277779999984
4,hab.1.2017,1,17.620272128394724,1.5185641165178643,0.8280834160205772,8.978361368890777,0.6982307414543729,0,29.643511771278316,4.940585295213053,7.044259360381295,142.57945039844768,-90.69833333,44.15305556
4,habtun.2.2017,1,1.4199020117132697,2.948941118035544,17.305893988082786,16.4162177476408,1.4075943943295048,0,39.498549259801905,6.583091543300317,8.020689542418904,121.8377336797275,-90.65972222,44.00333333
4,rezin.1.2017,1,9.37542267874919,4.657440765338564,3.386997118748122,9.346504760461162,0.31344802255652443,0,27.079813345853562,4.513302224308927,4.154469243181528,92.04943601616789,-90.45555556,44.12305556
4,hab.2.2017,1,0,0.04872221430985568,0.2538080443176119,11.83253016990448,0.2411030996738353,0,12.376163528205783,2.0626939213676305,4.787597644422886,232.10412339066568,-90.6625,44.17666667
4,bw.1.2017,1,5.5905767982865315,20.865311794882537,2.4198662279608834,9.029312460497847,0.283550618077887,0,38.18861789970568,6.364769649950947,7.886934335686122,123.91547172091147,-90.35138889,43.96944444
4,habtun.1.2017,1,2.907949845259331,2.936037649428603,17.789299145703044,12.031905660808738,2.03184503844723,0,37.69703733964695,6.282839556607824,7.0083716254651485,111.54783696639625,-90.67055556,43.99416666999999
4,brsf.3.2018,1,0,0.07102211265048468,1.204150590465288,8.705610499827317,4.628629317313972,0,14.609412520257061,2.4349020867095104,3.5523062166888515,145.89113197111692,-90.70428,44.33508
4,salz.2.2018,1,3.4174002900354608,1.9065222511286792,1.5146819076292777,5.713765418222509,0.38892731188073126,0,12.941297178896658,2.156882863149443,2.121001212352245,98.3364117073653,-90.47573,44.088079999999984
4,brsf.5.2018,1,1.032413800363749,1.3775720716461703,1.918155056918822,12.095862048339551,2.014954439737777,0,18.43895741700607,3.0731595695010117,4.479887577587869,145.7746490630575,-90.56127,44.30733
4,salz.1.2018,1,5.6131083124269,9.240837528189155,2.8272222410700514,11.751843566077044,0.4124017179458073,0,29.845413365708957,4.974235560951493,4.789802389103976,96.29223084456743,-90.42163,44.058479999999996
4,waz.1.2018,1,1.2396001120964908,1.2128290873016467,22.577515955222747,8.673543394125513,6.90522661251012,0,40.60871516125652,6.768119193542753,8.494935839818188,125.51398101739899,-90.74043,44.29513
4,wood.5.2018,1,0.8778325610392792,5.01918470889051,1.9026497104148552,9.383154351210143,0.32829066318374495,0,17.51111199473853,2.9185186657897555,3.6504173512219396,125.0777455704273,-90.10085,44.24911999999999
4,jack.6.2018,1,0.2918807027638041,1.5144442140037289,0.7165112648306423,8.363604942162329,1.2591368011437805,0,12.145577924904284,2.0242629874840476,3.1572644258019995,155.97105935954286,-90.42295,44.34091999999999
4,glacial.1.2018,1,9.887841746074587,1.7108051491870304,0.2956974227910851,8.849448442218335,0.1747484536289099,0,20.918541213899946,3.4864235356499913,4.608602520367027,132.1871101787357,-90.03873,44.336479999999995
4,rezin.1.2018,1,10.228409468716267,4.560198229564742,3.9186828378026184,7.695962587643635,0.36777627976317623,0,26.771029403490438,4.461838233915073,4.0171367993770755,90.03322372474739,-90.44875,44.120799999999996
4,jack.7.2018,1,2.191534165152159,0.45802677422567634,0.16575644607290993,5.597012988950102,0.08397212331537991,0,8.496302497716227,1.416050416286038,2.206467708784271,155.8184428610465,-90.31263,44.16948
4,searl.1.2018,1,3.8534254823674217,4.353747534951166,1.4265522511459243,5.878915144214721,0.267571767584496,0,15.78021218026373,2.630035363377288,2.4070637182881685,91.52210467608326,-90.08086,44.263829999999984
4,jack.3.2018,1,0,0.30466677405684045,0.3770050219262348,13.395327232309281,0.6138423345481199,0,14.690841362840477,2.448473560473413,5.367986811535174,219.23809585663946,-90.69595,44.21668
4,hab.1.2018,1,15.98685799857069,0.755702295559187,0.38396114555644395,10.282054389501262,0.2792466964541731,0,27.687822525641756,4.614637087606959,6.845838287186033,148.35052371878112,-90.68533,44.15072
4,cutler.2.2018,1,8.850124706807694,2.3562813473257957,0.9640391712387866,11.358030489706058,1.3874751140812505,0,24.915950829159584,4.152658471526598,4.738536697081151,114.10850975517792,-90.33642,44.34902999999999
4,ccrk.3.2018,1,10.449292877145771,10.273556805421755,2.763709018721687,3.9854383295594706,0.6583745602890906,0,28.130371591137774,4.688395265189629,4.621745414260786,98.57840802323763,-90.0708,44.18867000000001
4,john.1.2018,1,4.478237522291213,9.421401687022962,3.7577106931312976,4.450884023400607,0.5442631321562058,0,22.652497058002286,3.775416176333714,3.3918077135127493,89.83930658491046,-89.97312,44.27698
4,bible.1.2018,1,3.323756907222119,3.8606452076798656,4.89207593005357,6.204951268790857,8.567058211825584,0,26.848487525571997,4.474747920928666,2.885828866064053,64.4914287253335,-90.75145,44.27689999999999
4,jjw.1.2018,1,4.856715097135629,1.8244457446105713,0.9298196914768639,8.087340793539402,0.16301836937987188,0,15.861339696142338,2.643556616023723,3.2025663170431273,121.14612176758419,-90.28793,44.154579999999996
4,bcrk.1.2018,1,3.5909867165250957,20.605534087258196,3.3771910852048896,12.164537777867588,0.3338145272448975,0,40.07206419410067,6.678677365683445,8.116004726511928,121.5211378260881,-90.40262,43.978179999999995
4,ccrk.1.2018,1,11.783936334671221,6.22338561276592,1.9024496246438019,7.732587052183902,0.4553704543666757,0,28.09772907863152,4.682954846438587,4.682539200192352,99.9911242738855,-90.08255,44.212830000000004
4,jack.2.2018,1,0,9.874180701510333,1.6884354108433788,10.138052239430637,0.5751343928410432,0,22.27580274462539,3.712633790770899,4.914453040892318,132.37106910756935,-90.52653,44.21182000000001
4,glacial.2.2018,1,12.05800970440378,1.9852297303665158,0.45849280410465093,11.418611042173495,0.19830809454598092,0,26.11865137559442,4.35310856259907,5.7666910798379245,132.47294426295815,-90.03972,44.31524999999999
4,brsf.2.2018,1,0,2.169577592813437,7.307387066689672,5.8861977902904945,5.783373782395222,0,21.146536232188826,3.5244227053648043,3.2146656737655617,91.2111271123144,-90.7138,44.27617999999999
4,cutler.1.2018,1,3.8011843860598957,3.7316464902293482,0.4236043571091124,4.02768631152339,1.1317981139291904,0,13.115919658850936,2.1859866098084897,1.864705240051782,85.30268354274803,-90.32888,44.32152
4,SwenNekoosa,1,2.4618081907988567,5.867794376292948,2.868020558072714,20.32904338121305,0.27374450228306646,0,31.800411008660635,5.300068501443439,7.661822713428993,144.56082428637188,-89.9107,44.325
4,Ehlert,1,2.603707201361027,11.559297726724553,3.229624969316295,7.463998912408404,0.29595169589097386,0,25.152580505701252,4.192096750950209,4.4985319543753555,107.30983137151327,-90.0048,44.408500000000004
4,Gardner,1,7.9257261270262545,18.087781881551322,1.948458115085145,9.059551378039531,0.04082765032086358,0,37.06234515202312,6.177057525337186,7.027408869588622,113.76628501132532,-90.0928,44.45499999999999
4,MarshRd,1,5.2735051231457675,6.142920607837763,3.3176811962909056,9.492394266587784,0.7360611282596828,0,24.962562322121904,4.160427053686984,3.5593469536094675,85.55244227765422,-89.8929,44.385799999999996
4,SenecaRed,1,4.830994481416613,3.097010739206326,2.529315045026009,6.822330213120768,0.5020295121602678,0,17.781679990929984,2.963613331821664,2.585560561265805,87.24351903480341,-89.9127,44.372899999999994
4,GebhardtCrampton,1,7.42990423616961,3.7243003161242636,1.2302615672083084,7.654267402323838,0.6449428498532159,0,20.683676371679237,3.447279395279873,3.414345697149349,99.04464668063697,-90.38900000000001,44.169000000000004
4,CrimsonStar,1,0,0,0,0,0,0,0,0,0,NA,-89.6629,44.3211
4,Kranco,1,0,0,0,0,0,0,0,0,0,NA,-89.625,44.38519999999999
4,Urban,1,5.33650606268927,4.467565717947791,1.1259339512974886,9.681465883285053,0.11767430552639335,0,20.729145920745996,3.454857653457666,3.7903442619754095,109.71057687954189,-89.75100000000002,44.39990000000002
4,Wandler,1,2.581787982382483,1.3513022640540702,0.46618647913079614,6.244019307844217,0.12497783340776755,0,10.768273866819335,1.7947123111365557,2.3827051737569467,132.76251346646342,-90.0464,44.4146
4,Moss,1,6.324670494883458,3.8340104482223656,1.0298900901169745,6.786841578681646,0.22107193989591467,0,18.19648455180036,3.0327474253000597,3.055700126857845,100.75682865530797,-90.0226,44.39079999999999
4,LynnHill,1,4.424492514180611,9.592789407585926,3.5121457081460123,11.838001712979693,0.5698381046993978,0,29.93726744759164,4.9895445745986065,4.796302320584487,96.1270562648563,-89.911,44.294
4,Searles,1,3.890450730651289,4.291670248081992,1.3384824564363589,6.169540382240078,0.24807266113782847,0,15.938216478547547,2.656369413091258,2.495297718210775,93.93639702043394,-90.079,44.265600000000006
4,BibleCastle,1,3.7486222499339372,4.158077244139402,3.898388696353602,5.484357908177118,7.715874759831811,0,25.00532085843587,4.1675534764059785,2.5274929345483996,60.6469226815552,-90.7544,44.27790000000001
4,Finch,1,12.443388395941744,4.975400952317059,2.0009543416950013,8.911135131630793,2.777148024869708,0,31.108026846454305,5.184671141075717,4.678297534910006,90.23325506310418,-90.80950000000001,44.2642
4,Brockman,1,2.692462087424548,4.542131639049934,1.078579715080151,10.278832726985735,0.15567679125329922,0,18.747682959793668,3.124613826632278,3.9023842511894613,124.8917295932044,-90.0943,44.28410000000001
4,Jerry's Berries,1,1.0126402899295788,3.3872012864541654,2.1740414849424172,10.487851541072876,1.7720574284307509,0,18.833792030829787,3.1389653384716314,3.774695388782502,120.25285346477924,-90.7361,44.23349999999999
4,Nemitz,1,5.49520958450854,1.2933054035250813,0.7270030718897394,5.36558231048051,0.11055653542904806,0,12.991656905832919,2.165276150972153,2.571757069758089,118.77270567098041,-90.4112,44.1915
4,DuckartMain,1,7.126553406527918,1.4571105949906742,1.2655330418259172,1.422383951901915,0.10929836335354101,0,11.380879358599966,1.8968132264333277,2.6442476572782407,139.40474583522126,-89.9644,44.3843
4,FlyingDollar,1,5.209733590299678,3.250393713653984,0.1347478431729904,8.931315998033028,0.38744654297984216,0,17.913637688139524,2.985606281356587,3.5821778692195108,119.98158938732726,-90.3526,44.2626
4,SwenEast,1,5.6411511838882955,1.5837634467333235,0.2747158155959234,5.772688305693779,0.0976890469502462,0,13.370007798861568,2.2283346331435947,2.7548859909265224,123.62981528676875,-90.3673,44.19039999999999
4,DuckartNew,1,5.432156671514597,17.37368997032114,1.9659444552275467,8.000712385870653,0.0634800916472133,0,32.83598357458115,5.472663929096859,6.626212981910411,121.07838280878906,-89.9718,44.415899999999986
4,GebhardtConcord,1,2.5000605830574685,7.5025918553092845,2.067872851989325,8.913890110642512,0.5010811042703333,0,21.485496505268923,3.5809160842114873,3.730577562871071,104.1794187615692,-90.4484,44.091499999999996
4,Johnson,1,6.513023563861665,8.939567751293987,3.3294115210929767,4.6411545742933935,0.39776949618884766,0,23.82092690673087,3.9701544844551453,3.479830604271605,87.64975312413237,-89.9767,44.27340000000002
4,Damrow,1,13.6311640992561,13.433368366780577,3.3346324584945597,5.92757852773286,0.8685312006116376,0,37.19527465287573,6.199212442145956,6.0447153488555125,97.50779482503165,-90.4142,44.01659999999999
4,Basswater,1,5.59012406290605,20.439724517068605,3.595932488297661,11.039172706544532,0.2083125996594183,0,40.873266374476266,6.812211062412711,7.8157784853932135,114.73188974601536,-90.3534,43.961099999999995
4,JDR,1,6.976410819040906,13.548186228989357,3.5371464426879413,10.8191019631965,0.4635458060301211,0,35.34439125994483,5.890731876657471,5.546144114909882,94.15034041673077,-90.5101,44.1153
4,RezinW,1,13.188721937655668,3.3142789355975877,2.8642674443683522,9.196651053970156,0.28344771921238654,0,28.84736709080415,4.807894515134025,5.274362414751118,109.70212424895702,-90.4439,44.13259999999999
4,BearCreek,1,4.929666641537641,21.854403480939048,4.731404201008188,9.487407418774296,0.2690321108184981,0,41.27191385307767,6.878652308846279,8.130078507716581,118.19289800795583,-90.3915,43.97599999999999
4,Knorr,1,4.752435098310905,7.950320244490316,3.867370441322113,9.961217642946616,0.696051319569033,0,27.227394746638982,4.53789912443983,3.921860759182967,86.4245910196845,-89.888,44.386799999999994
4,GebhardtMain,1,9.523753151439518,4.979286285119465,5.024839965004523,13.142926755599804,0.39874336666850185,0,33.06954952383181,5.511591587305302,5.125892150575067,93.00203161608334,-90.4962,44.12950000000001
4,Okray,1,0,0,0,0,0,0,0,0,0,NA,-89.6829,44.40090000000001
4,Vanatta,1,8.638163056559506,4.4427094801126374,1.0303052286408918,9.714128583103951,0.19648347396361282,0,24.0217898223806,4.0036316370634335,4.327714398002797,108.09471975241635,-90.1473,44.240399999999994
4,BibleJanke,1,2.689414534621865,0.8409238728483917,5.357169106247273,7.413278738150526,0.9786010462759054,0,17.27938729814396,2.8798978830239936,2.9254351843547095,101.58121236170012,-90.7412,44.18579999999999
4,Baldwin,1,8.242928553834547,11.665603454368181,4.8656057300307385,9.207915422429037,0.3989182293372064,0,34.38097138999971,5.730161898333285,4.809212079165082,83.92803143247878,-90.409,44.0529
4,Olson,1,6.137114472291504,5.433576526129518,2.212013479911334,10.448544768879492,0.40088931945062567,0,24.632138566662473,4.105356427777079,4.0072440201667305,97.61013667542933,-90.4897,44.1549
4,Lester,1,7.050113103763416,2.272632931454846,1.192248334219406,10.057832023189475,0.09706010829197204,0,20.669886500919116,3.4449810834865193,4.153370895676818,120.56295216208754,-90.0267,44.3503
4,Ebert,1,17.71298403145178,1.799008035275468,1.1902147990103822,7.630334297751224,0.6129066154160423,0,28.945447778904896,4.824241296484149,6.89000255401514,142.82043808705203,-90.7024,44.143499999999996
4,Karris,1,3.2700059988722123,6.1266843911333675,5.968892820511908,19.346756459432136,0.2773575340299546,0,34.98969720397958,5.831616200663263,7.1299973351356725,122.26451621292802,-89.8805,44.3009
4,Bentz,1,3.689851760620865,1.9005189236910864,0.6512811840036771,6.104449904605722,0.5115003461390829,0,12.857602119060433,2.142933686510072,2.350493476211554,109.68577753983178,-90.1033,44.2076
4,K&S Griffin,1,3.079495093756319,3.29209798684681,3.4872591798673267,14.051051997499004,0.5376125147339487,0,24.44751677270341,4.074586128783901,5.110572423949967,125.4255588769519,-90.5283,44.139399999999995
4,Rasmussen,1,1.1408607938274333,2.985675499993555,0.32182327261828714,8.658027677745563,0.14969068199923175,0,13.256077926184071,2.2093463210306785,3.347117426453035,151.49808767380466,-90.0863,44.365100000000005
4,Gaynor,1,14.22399965101503,1.680977496972523,0.5184284532270251,2.4792279928672807,0.12881200672663437,0,19.031445600808492,3.1719076001347486,5.499341715322975,173.37647903392119,-89.9928,44.34519999999999
5,cutler.1.2017,1,1.0446366391978978,1.3342756635623563,0.12649976532783513,2.9975439765588807,0.33539962285158753,0,5.838355667498558,0.9730592779164262,1.1228763149461687,115.3964964344762,-90.32894600000002,44.321544999999986
5,flyd.2.2017,1,0.5512363203165582,2.6154077008321863,0.21702566373566057,5.21350776685801,0.03812622499147292,0,8.635303676733887,1.439217279455648,2.095011104521737,145.566005524484,-90.35222222,44.24055556
5,flyd.1.2017,1,2.0740399322770977,2.2000652484184973,0.08638469965494333,4.791765295835229,0.09831154002206288,0,9.25056671620783,1.5417611193679717,1.889862786998935,122.57818434114253,-90.34027778,44.25999999999999
5,searl.1.2017,1,1.0954825398604606,1.6937912102634496,0.4588980981041749,4.536436681646799,0.07878485724202351,0,7.863393387116908,1.3105655645194845,1.7064331425780555,130.2058583542682,-90.08138889,44.26499999999999
5,jjw.1.2017,1,1.052091669451679,0.7554256939788193,0.27681354641220296,5.641689290342747,0.053276258600765077,0,7.779296458786213,1.2965494097977022,2.16792272813162,167.20710462317638,-90.28805556,44.15138888999999
5,engel.1.2017,1,0.43415701932420697,4.723676719267635,1.3424547796716524,10.442301099138696,0.15251217308535128,0,17.09510179048754,2.8491836317479238,4.114890688816254,144.42349882137435,-89.86027778,44.41277777999999
5,gryg.1.2017,1,2.106513610873022,1.8456391797290295,0.5235398361155802,7.616175476247072,0.13380754455104996,0,12.225675647515754,2.0376126079192924,2.8716100027267006,140.93012536171165,-90.41277778000001,44.06555556
5,ccrk.1.2017,1,3.5158779808473684,1.6340773487287843,0.4529866353704892,4.770008105693105,0.07472405834451791,0,10.447674128984264,1.7412790214973775,1.9901280802346542,114.29116503817313,-90.0725,44.2175
5,lynn.1.2017,1,1.2068513057318815,3.43265646572869,1.020509817818228,8.919762484312182,0.1673381508864584,0,14.74711822447744,2.4578530374129066,3.394848340833067,138.12251136082673,-89.91055556,44.29388888999999
5,john.1.2017,1,1.569888130090505,3.257726490386037,1.1670623584028534,3.779795991030293,0.10128715733075284,0,9.875760127240442,1.6459600212067402,1.579960483629023,95.99021016747847,-89.97361111,44.27111111
5,glacial.1.2017,1,2.2348549926949883,0.6581879747140267,0.12708713573077907,3.8793885240653014,0.015474115364616403,0,6.914992742569712,1.1524987904282853,1.5826757966029577,137.325592855053,-90.055,44.34
5,ccrk.2.2017,1,3.5247551114660434,2.8307423721296394,0.7421925574013446,2.5664979793538505,0.19239416263787348,0,9.85658218298875,1.6427636971647919,1.511273818270362,91.99581296315684,-90.07861111,44.18749999999999
5,glacial.2.2017,1,2.627193105105795,0.5592594090689478,0.12829911199479335,7.813639393065842,0.04921949808024542,0,11.177610517315625,1.8629350862192706,3.0810256627086714,165.38556203595112,-90.04805556,44.31972222
5,bible.1.2017,1,0.8913094381378405,1.3577489923950365,1.3886433873798179,4.592615249244216,2.541047197315123,0,10.771364264472034,1.7952273774120056,1.598638981452226,89.04938736823517,-90.75166667,44.27666666999999
5,aaa.1.2017,1,1.2097213698598468,4.058944496315766,1.8381033195795833,11.337027077446242,0.17156331744780248,0,18.61535958064924,3.1025599301082067,4.2923054000730625,138.34721961110873,-90.4625,43.98305556
5,salz.1.2017,1,0.8431639499513436,0.5508757245201032,0.31726539587836217,3.883925172981782,0.09878615805108795,0,5.694016401382679,0.9490027335637798,1.470104973548478,154.9105099020957,-90.47555556,44.085277779999984
5,hab.1.2017,1,4.812418525833515,0.540241771105395,0.24520865735500166,6.696567238151544,0.20675721711562403,0,12.501193409561079,2.0835322349268464,2.9103773776853403,139.68477803692463,-90.69833333,44.15305556
5,habtun.2.2017,1,0.38780120399081164,1.0491102451085108,5.1245501927070665,12.244139150393186,0.41681106619986685,0,19.222411858399443,3.2037353097332404,4.81707778944644,150.35817019001908,-90.65972222,44.00333333
5,rezin.1.2017,1,2.5605993742868915,1.6569231555758102,1.0029436647151118,6.97114929980416,0.09281694002643294,0,12.284432434408407,2.047405405734734,2.598548966850497,126.91912210312735,-90.45555556,44.12305556
5,hab.2.2017,1,0,0.01733333157594298,0.07515659481758521,8.8253669711683,0.07139445883273335,0,8.989251356394561,1.4982085593990937,3.5897179548796925,239.60068392076656,-90.6625,44.17666667
5,bw.1.2017,1,1.5268887539377747,7.423007613653843,0.7165608406801566,6.734569429953066,0.08396384350406046,0,16.4849904817289,2.7474984136214835,3.4063141626814093,123.97874902470059,-90.35138889,43.96944444
5,habtun.1.2017,1,0.794214278051314,1.0445197292008905,5.267694140967952,8.974072433738112,0.601661600983791,0,16.682162182942058,2.7803603638236765,3.5772601123956544,128.6617432380616,-90.67055556,43.99416666999999
5,brsf.3.2018,1,0,0.025266705243850232,0.3565681232455555,6.493134288763211,1.37061068768506,0,8.245579804937677,1.3742633008229461,2.5626372377722566,186.47352630588912,-90.70428,44.33508
5,salz.2.2018,1,0.9333545104251333,0.6782610930932567,0.44852138046012807,4.26164783684567,0.11516755692713242,0,6.436952377751321,1.0728253962918868,1.6000962500519609,149.14787211251084,-90.47573,44.088079999999984
5,brsf.5.2018,1,0.2819710877898531,0.4900826825264313,0.5679961909707939,9.021774707216807,0.5966600263219405,0,10.958484694825826,1.8264141158043041,3.532024895816877,193.38576422803584,-90.56127,44.30733
5,salz.1.2018,1,1.533042522464962,3.287504543551079,0.8371854288647644,8.765186360748597,0.12211870156070682,0,14.54503755719011,2.424172926198352,3.329940047541512,137.36396490342818,-90.42163,44.058479999999996
5,waz.1.2018,1,0.3385574581714438,0.43147400036979167,6.68556122086827,6.469216836497466,2.0447473208949734,0,15.969556836801946,2.6615928061336573,3.1152791301394194,117.04566990714129,-90.74043,44.29513
5,wood.5.2018,1,0.23975212462908627,1.7856165618175441,0.5634048114980195,6.998484627334156,0.09721208175900581,0,9.684470207037812,1.6140783678396353,2.7173544476724283,168.35331554003005,-90.10085,44.24911999999999
5,jack.6.2018,1,0.07971795730953934,0.538776081638083,0.21217037055659374,6.238047294753295,0.37285041393349905,0,7.44156211819101,1.240260353031835,2.456193311119399,198.0385251463693,-90.42295,44.34091999999999
5,glacial.1.2018,1,2.7005503917636986,0.6086331118717422,0.08756070538687674,6.600416721831265,0.0517457937934878,0,10.04890672464707,1.6748177874411785,2.623324774505761,156.6334436006756,-90.03873,44.336479999999995
5,rezin.1.2018,1,2.793565664501774,1.6223283174772427,1.16038425437298,5.740082049829699,0.10890440023678118,0,11.425264686418476,1.9042107810697462,2.1441427109258866,112.6000720215097,-90.44875,44.120799999999996
5,jack.7.2018,1,0.5985480553038525,0.16294682129640542,0.04908311747721922,4.174567303915773,0.024865479992780434,0,5.010010777986031,0.8350017963310051,1.6511500877425864,197.74210007663865,-90.31263,44.16948
5,searl.1.2018,1,1.0524409636886458,1.5488817716970567,0.42242478883498724,4.384825797614895,0.07923225197625314,0,7.487805573811838,1.2479675956353062,1.6476374439551504,132.02565913711751,-90.08086,44.263829999999984
5,jack.3.2018,1,0,0.10838773010839704,0.11163717743180576,9.99098897923773,0.1817684689370279,0,10.392782355714962,1.7321303926191602,4.046614810845294,233.62068052661985,-90.69595,44.21668
5,hab.1.2018,1,4.366303258064404,0.26884735530131637,0.11369699616837202,7.66893486869453,0.08268938392390891,0,12.500471862152532,2.083411977025422,3.222594507758886,154.67869741057768,-90.68533,44.15072
5,cutler.2.2018,1,2.417130892453385,0.8382666194041594,0.28546731675063186,8.471458403404482,0.4108534276320865,0,12.423176659644744,2.070529443274124,3.2508017236433138,157.00340481528374,-90.33642,44.34902999999999
5,ccrk.3.2018,1,2.853892962458905,3.6549029861444375,0.8183781545310094,2.9725642186641688,0.1949551685758743,0,10.494693490374395,1.7491155817290658,1.5931401272622625,91.08261020048683,-90.0708,44.18867000000001
5,john.1.2018,1,1.2230885572208474,3.3517417396664557,1.112717844561159,3.319719813817089,0.16116496152669568,0,9.168432916792247,1.5280721527987078,1.4835596430175721,97.08701518448525,-89.97312,44.27698
5,bible.1.2018,1,0.9077787901985183,1.3734565316801295,1.4486214157648927,4.62800188961933,2.536842063205492,0,10.894700690468362,1.8157834484113937,1.605023435179806,88.39288829204942,-90.75145,44.27689999999999
5,jjw.1.2018,1,1.3264577038220888,0.6490616956063976,0.27533438506105534,6.03199394373155,0.0482723294616092,0,8.3311200576827,1.3885200096137835,2.3270554097720986,167.59250091177068,-90.28793,44.154579999999996
5,bcrk.1.2018,1,0.9807641377330891,7.330589540992883,1.0000399423695183,9.072996931575819,0.09884778567921705,0,18.483238338350528,3.080539723058421,4.02716315765291,130.7291422833744,-90.40262,43.978179999999995
5,ccrk.1.2018,1,3.218408496247265,2.214021014418552,0.5633455629219382,5.767398636819056,0.13484242716873215,0,11.898016137575544,1.9830026895959239,2.247873307762091,113.35704785252409,-90.08255,44.212830000000004
5,jack.2.2018,1,0,3.5128216269397794,0.4999725536264785,7.561529960296923,0.17030643234585904,0,11.74463057320904,1.9574384288681734,3.059615555640367,156.30711600004156,-90.52653,44.21182000000001
5,glacial.2.2018,1,3.2932629452777724,0.7062619312008979,0.1357670045388731,8.516642789090739,0.05872217782108121,0,12.710656847929362,2.1184428079882274,3.375579136342733,159.34247191446917,-90.03972,44.31524999999999
5,brsf.2.2018,1,0,0.7718452112379556,2.1638334215254384,4.3902576049474735,1.7125488721633937,0,9.03848510987426,1.5064141849790436,1.6654971271864885,110.56037202740879,-90.7138,44.27617999999999
5,cutler.1.2018,1,1.03817296499667,1.3275641687382238,0.1254359810218358,3.004075141456593,0.3351434052950575,0,5.83039166150838,0.97173194358473,1.12491552120459,115.76397468778931,-90.32888,44.32152
5,SwenNekoosa,1,0.672364833988999,2.0875164847170193,0.8492664587960753,15.16254473352875,0.08106009680246504,0,18.85275260783331,3.1421254346388845,5.93637386146649,188.9286085152339,-89.9107,44.325
5,Ehlert,1,0.7111200485651912,4.112315975791579,0.9563432706960022,5.567070485224633,0.08763599969203846,0,11.434485779969444,1.9057476299949072,2.346918683727306,123.14950032148684,-90.0048,44.408500000000004
5,Gardner,1,2.1646607365909474,6.434878325364673,0.5769694079957439,6.757123316593054,0.012089715992923217,0,15.945721502537342,2.6576202504228905,3.1530143725863615,118.64051578041077,-90.0928,44.45499999999999
5,MarshRd,1,1.4402906814252876,2.1853949219792868,0.9824181186768427,7.079961904574417,0.21795939575642884,0,11.906025022412264,1.9843375037353772,2.621576947867712,132.11346068563316,-89.8929,44.385799999999996
5,SenecaRed,1,1.3194329333372694,1.1017872401185316,0.7489703745053887,5.0884778542479445,0.1486589155727601,0,8.407327317781894,1.4012212196303158,1.878828141062783,134.0850477241898,-89.9127,44.372899999999994
5,GebhardtCrampton,1,2.0292427115068077,1.3249507064114043,0.3642999983507859,5.708983433887521,0.19097782569200217,0,9.618454675848522,1.603075779308087,2.1548033552277936,134.4168119212581,-90.38900000000001,44.169000000000004
5,CrimsonStar,1,0,0,0,0,0,0,0,0,0,NA,-89.6629,44.3211
5,Kranco,1,0,0,0,0,0,0,0,0,0,NA,-89.625,44.38519999999999
5,Urban,1,1.4574973900615005,1.5893735336827752,0.3334069335609161,7.220982157827566,0.03484523165790842,0,10.636105246790667,1.7726842077984444,2.758655787347135,155.62026080060824,-89.75100000000002,44.39990000000002
5,Wandler,1,0.7051335090432413,0.4807369807376275,0.13804522396313446,4.65714103201229,0.03700792231334124,0,6.018064668069634,1.0030107780116058,1.8111612985929864,180.57246624841648,-90.0464,44.4146
5,Moss,1,1.727383166252081,1.3639809952402975,0.30496682017180937,5.062008433275961,0.06546291413641331,0,8.523802329076563,1.4206337215127605,1.921266002786834,135.240067421529,-90.0226,44.39079999999999
5,LynnHill,1,1.208409812714641,3.412714341807857,1.0400021505903638,8.829447955948725,0.1687381172714924,0,14.659312378333079,2.44321872972218,3.357385742476265,137.41650314124908,-89.911,44.294
5,Searles,1,1.062553236045537,1.5267972623643051,0.39634592323224155,4.601590457398359,0.07345825672540417,0,7.660745135765847,1.2767908559609744,1.732978988018275,135.72927624970742,-90.079,44.265600000000006
5,BibleCastle,1,1.023817284459687,1.4792704439229936,1.1543748366251887,4.090542804107867,2.284793118149693,0,10.03279848726543,1.6721330812109048,1.3961138863974936,83.49298881082318,-90.7544,44.27790000000001
5,Finch,1,3.3985169130431236,1.770040127513849,0.5925143748362426,6.646426126707839,0.8223576577911736,0,13.229855199892228,2.2049758666487045,2.4784581289878633,112.40295943713971,-90.80950000000001,44.2642
5,Brockman,1,0.7353606309374705,1.6159009781562423,0.3193845917795461,7.6665319714655755,0.04609837152397192,0,10.383276543862806,1.730546090643801,2.9686022517174977,171.54135724943984,-90.0943,44.28410000000001
5,Jerry's Berries,1,0.2765705805081966,1.2050249325530824,0.6437682282282987,7.822429967220469,0.5247343617501741,0,10.472528070260221,1.74542134504337,3.004323438574001,172.1259710215902,-90.7361,44.23349999999999
5,Nemitz,1,1.5008422239524206,0.46010411689610603,0.21527716133686584,4.001953278297186,0.03273754683393382,0,6.2109143273165115,1.0351523878860853,1.5555080473944942,150.2685078639525,-90.4112,44.1915
5,DuckartMain,1,1.9463920528020466,0.5183791714631478,0.37474444243285404,1.0608940073834046,0.03236498209059041,0,3.9327746561720436,0.6554624426953406,0.7411275045516774,113.06940814245156,-89.9644,44.3843
5,FlyingDollar,1,1.422873509666926,1.156354504596654,0.03990097744586429,6.6614781527105995,0.11472907772683041,0,9.395336222146874,1.5658893703578123,2.5705919035091176,164.16178257354966,-90.3526,44.2626
5,SwenEast,1,1.5407015434582252,0.5634369732357166,0.08134771810813163,4.305595842679406,0.02892727903678287,0,6.520009356518262,1.086668226086377,1.6823641262533717,154.8185624523491,-90.3673,44.19039999999999
5,DuckartNew,1,1.4836213204164963,6.180834209177043,0.5821473911619527,5.967381601584371,0.018797463806712475,0,14.232781986146575,2.372130331024429,2.918586027792947,123.0364954919035,-89.9718,44.415899999999986
5,GebhardtConcord,1,0.6828122618051757,2.669109237934187,0.612330009039283,6.648480945113299,0.14837807692677762,0,10.761110530818723,1.7935184218031204,2.5647374019197886,143.00033781316395,-90.4484,44.091499999999996
5,Johnson,1,1.7788258336492335,3.180325323339037,0.9858916542402967,3.4616342996728853,0.11778586819907898,0,9.524462979100532,1.5874104965167553,1.4918596375892659,93.98070888801881,-89.9767,44.27340000000002
5,Damrow,1,3.722920177505402,4.779032139269802,0.9874376567632416,4.421121687964587,0.25718588906943535,0,14.167697550572468,2.3612829250954115,2.1832469035585076,92.46019951083541,-90.4142,44.01659999999999
5,Basswater,1,1.5267651036265617,7.27160141208144,1.0648127475273443,8.233636322445747,0.061684670752235715,0,18.158500256433328,3.026416709405555,3.7197421539731006,122.90912029440015,-90.3534,43.961099999999995
5,JDR,1,1.9053853666241014,4.819879545421109,1.0474052653386041,8.069495175812198,0.13726327869892221,0,15.979428631894935,2.6632381053158225,3.1792250748907773,119.37442125602833,-90.5101,44.1153
5,RezinW,1,3.602081132592778,1.1790822018172458,0.8481551021929328,6.859379971285005,0.0839333735149693,0,12.572631781402931,2.0954386302338217,2.6757260878123263,127.69288726502825,-90.4439,44.13259999999999
5,BearCreek,1,1.3463821046037694,7.774885179078,1.4010439637933805,7.076242432800295,0.07966468281203527,0,17.67821836308748,2.9463697271812466,3.5275343944992597,119.72477051866825,-90.3915,43.97599999999999
5,Knorr,1,1.2979769292596297,2.8283923233925545,1.1451898384443082,7.429636765455185,0.20611185566534587,0,12.907307712217023,2.1512179520361707,2.7738622716589703,128.94380455655153,-89.888,44.386799999999994
5,GebhardtMain,1,2.601111138777194,1.7714223668619768,1.487934956074395,9.802734497848402,0.11807424672246647,0,15.781277206284434,2.6302128677140724,3.652864453486111,138.88094375649635,-90.4962,44.12950000000001
5,Okray,1,0,0,0,0,0,0,0,0,0,NA,-89.6829,44.40090000000001
5,Vanatta,1,2.359240289800499,1.5805307210514115,0.30508974928510485,7.24534383770767,0.05818187867424543,0,11.548386476518932,1.9247310794198218,2.7722924069957378,144.0353115631821,-90.1473,44.240399999999994
5,BibleJanke,1,0.7345282885389413,0.29916563778298566,1.586342895356264,5.529240524578863,0.2897793193307373,0,8.43905666558779,1.4065094442646318,2.094391348285446,148.9070234704653,-90.7412,44.18579999999999
5,Baldwin,1,2.2512945197747856,4.150135119518307,1.4407831689386141,6.867781571274239,0.11812602633715866,0,14.828120405843105,2.4713534009738507,2.642069504715051,106.90779811879307,-90.409,44.0529
5,Olson,1,1.6761581867979531,1.9330398854965816,0.6550123392964373,7.793112764215059,0.11870969743947338,0,12.176032873245504,2.029338812207584,2.933005049104633,144.5300819883305,-90.4897,44.1549
5,Lester,1,1.925514808315487,0.8085080021362194,0.35304367604967607,7.501697207988761,0.028741040306516797,0,10.617504734796661,1.7695841224661102,2.897366098807624,163.73147012473336,-90.0267,44.3503
5,Ebert,1,4.837739841905476,0.6400120196693864,0.35244151396232853,5.691132777470022,0.18149138763386552,0,11.702817540641078,1.9504695901068465,2.589729671878301,132.7746756480544,-90.7024,44.143499999999996
5,Karris,1,0.893098434229065,2.179618753312436,1.7674840071634328,14.429899861196608,0.08212997291216051,0,19.3522310288137,3.225371838135617,5.5584705955824685,172.33580729704232,-89.8805,44.3009
5,Bentz,1,1.007765989140203,0.6761253595986133,0.19285470714721936,4.553042315690433,0.15146338000115972,0,6.5812517515776285,1.0968752919296048,1.7346039188531814,158.14048612597475,-90.1033,44.2076
5,K&S Griffin,1,0.8410664223241181,1.1711911454518444,1.0326328541313556,10.480065415281938,0.15919560803265959,0,13.684151445221916,2.280691907536986,4.044581385630772,177.34010333726678,-90.5283,44.139399999999995
5,Rasmussen,1,0.3115899447866506,1.0621788059638564,0.09529698464865997,6.457644341950028,0.044325789457271336,0,7.971035866806466,1.3285059778010777,2.5435392683906066,191.45862426608218,-90.0863,44.365100000000005
5,Gaynor,1,3.8848344073917778,0.5980216773692388,0.15351490259439057,1.8491477755026426,0.03814328195633926,0,6.523662044814389,1.0872770074690647,1.536288370362581,141.2968691335351,-89.9928,44.34519999999999
6,cutler.1.2017,1,1.65684775840748,1.0319868923516118,0.13797646413964912,1.3868840125834696,0.36582877379181206,0,4.5795239012740225,0.7632539835456704,0.6915369897388783,90.60378388414912,-90.32894600000002,44.321544999999986
6,flyd.2.2017,1,0.874289324535416,2.0228701902634554,0.23671533012099524,2.412151624089139,0.04158522904515324,0,5.587611698054159,0.9312686163423598,1.0515756892713641,112.91862206218448,-90.35222222,44.24055556
6,flyd.1.2017,1,3.289534641709919,1.7016262536216709,0.09422195672272894,2.2170225800907906,0.10723086039894063,0,7.40963629254405,1.234939382090675,1.3785270223376924,111.62710027142649,-90.34027778,44.25999999999999
6,searl.1.2017,1,1.7374919875833412,1.310051869420582,0.5005316556337636,2.098888809329723,0.08593261815015783,0,5.732896940117567,0.9554828233529279,0.8855145781111609,92.67718440021368,-90.08138889,44.26499999999999
6,jjw.1.2017,1,1.6686718221071042,0.5842791228390923,0.30192747204652903,2.6102598467035505,0.05810975036414272,0,5.2232480140604185,0.8705413356767364,1.04754836158771,120.33298347325147,-90.28805556,44.15138888999999
6,engel.1.2017,1,0.6885954955749104,3.6534972428228243,1.4642490702368816,4.831375473464643,0.16634884915427262,0,10.804066131253531,1.8006776885422553,1.9940637540789403,110.73962690642551,-89.86027778,44.41277777999999
6,gryg.1.2017,1,3.3410395761244485,1.4274977004419638,0.5710380192111251,3.523802181932684,0.1459472420720767,0,9.009324719782297,1.5015541199637163,1.5771412946951469,105.03392942861474,-90.41277778000001,44.06555556
6,ccrk.1.2017,1,5.576364386255869,1.263866568977535,0.4940838750882942,2.206956105869622,0.08150340302862813,0,9.622774339219948,1.6037957232033246,2.1157339660483263,131.9204145165375,-90.0725,44.2175
6,lynn.1.2017,1,1.9141286123836656,2.6549659679170663,1.1130956323708958,4.126937280078092,0.1825199146824042,0,9.991647407432124,1.665274567905354,1.5733914348455464,94.48240339277014,-89.91055556,44.29388888999999
6,john.1.2017,1,2.48992379904283,2.519667508563452,1.2729441610076495,1.7488112507376365,0.11047644076679164,0,8.14182316011836,1.3569705266863932,1.1127590474753688,82.00318471121344,-89.97361111,44.27111111
6,glacial.1.2017,1,3.544595647971513,0.5090712370447023,0.13861712375770024,1.7948900715719875,0.01687800541104235,0,6.004052085756945,1.0006753476261576,1.4181914445530712,141.72343187202142,-90.055,44.34
6,ccrk.2.2017,1,5.5904439747125165,2.1894194006826178,0.8095280217762411,1.1874504740310077,0.20984913460579516,0,9.986691005808177,1.6644485009680297,2.075268617690192,124.68205633777391,-90.07861111,44.18749999999999
6,glacial.2.2017,1,4.166864193505958,0.43255557704061326,0.13993905664110518,3.615163493539678,0.0536849400015937,0,8.408207260728949,1.401367876788158,1.9420989714825083,138.5859490324318,-90.04805556,44.31972222
6,bible.1.2017,1,1.4136628845030876,1.0501421868958511,1.5146281421552366,2.12488114100525,2.771583857004663,0,8.874898211564089,1.479149701927348,0.9449691707422688,63.88597242800805,-90.75166667,44.27666666999999
6,aaa.1.2017,1,1.9186806825853735,3.139364399255436,2.0048653537156933,5.245341428480371,0.1871284097339524,0,12.495380273770825,2.0825633789618045,1.953593195026717,93.80714242659056,-90.4625,43.98305556
6,salz.1.2017,1,1.3373016492313854,0.42607127038623055,0.346049317986601,1.7969890585767396,0.10774853817717282,0,4.0141598343581295,0.6690266390596882,0.7273049044877027,108.71090357626478,-90.47555556,44.085277779999984
6,hab.1.2017,1,7.632744772544192,0.4178465078146364,0.26745522753020673,3.0983238659418495,0.22551527806423766,0,11.641885651895123,1.9403142753158538,3.0188233390698813,155.58424619529546,-90.69833333,44.15305556
6,habtun.2.2017,1,0.615072774044427,0.8114275416619499,5.589475316918195,5.665038100632548,0.45462627523056964,0,13.13564000848769,2.189273334747948,2.67659480749306,122.25950798424252,-90.65972222,44.00333333
6,rezin.1.2017,1,4.061243090922375,1.2815365106958607,1.0939357889718002,3.2253656956618553,0.10123776248848995,0,9.763318848740381,1.6272198081233968,1.664865995437212,102.31352808796194,-90.45555556,44.12305556
6,hab.2.2017,1,0,0.013406353331364263,0.08197518139920924,4.083262982365486,0.07787172540103297,0,4.256516242497093,0.7094193737495155,1.6532601224454286,233.0441179957355,-90.6625,44.17666667
6,bw.1.2017,1,2.4217245637122806,5.741277284983605,0.7815708660150955,3.115906471122897,0.0915814682520674,0,12.152060654085945,2.0253434423476575,2.21553748284738,109.39070562172218,-90.35138889,43.96944444
6,habtun.1.2017,1,1.2596649369822166,0.8078770367886559,5.745606008487786,4.1520650517378455,0.6562473858920052,0,12.621460419888509,2.1035767366480846,2.296584584479946,109.17522258491064,-90.67055556,43.99416666999999
6,brsf.3.2018,1,0,0.019542369943965167,0.3889177876562179,3.004200841443884,1.4949594246969335,0,4.907620423741,0.8179367372901667,1.2163586880314097,148.7106071383001,-90.70428,44.33508
6,salz.2.2018,1,1.4803485445281566,0.524596660779615,0.48921350965783544,1.971751306537033,0.12561614045074393,0,4.591526161953384,0.7652543603255639,0.7868749000200731,102.82527494326345,-90.47573,44.088079999999984
6,brsf.5.2018,1,0.4472207341866293,0.3790512847888401,0.6195276795323382,4.174135627171882,0.6507920430683711,0,6.2707273687480605,1.045121228124677,1.5505333944019994,148.35919055861237,-90.56127,44.30733
6,salz.1.2018,1,2.4314847589873163,2.5426991514130455,0.9131391272121088,4.055419011731096,0.13319792809895276,0,10.07593997744252,1.679323329573753,1.5971639960057786,95.10759291429434,-90.42163,44.058479999999996
6,waz.1.2018,1,0.5369696453440455,0.33372077819609414,7.292109164423746,2.9931348712934915,2.230257144469417,0,13.386191603726793,2.2310319339544655,2.7438091905216684,122.98386001397633,-90.74043,44.29513
6,wood.5.2018,1,0.38025927423926004,1.3810735943738797,0.6145197468809614,3.23801302595177,0.10603165371889192,0,5.719897295164763,0.9533162158607938,1.2225134871495886,128.23798303333422,-90.10085,44.24911999999999
6,jack.6.2018,1,0.1264368048344051,0.4167128797647285,0.2314195401764617,2.886178861924352,0.4066772901453664,0,4.067425376845314,0.6779042294742189,1.093734965031177,161.34063153426192,-90.42295,44.34091999999999
6,glacial.1.2018,1,4.283212645591007,0.4707433485115471,0.0955046556453682,3.053837574855197,0.056440434045246575,0,7.959738658648366,1.3266231097747276,1.8625878347412768,140.4006775562323,-90.03873,44.336479999999995
6,rezin.1.2018,1,4.430739680687222,1.2547793566566203,1.265660185588322,2.6557835641714345,0.11878475849325426,0,9.725747545596853,1.6209579242661423,1.6798862855811165,103.63540351250344,-90.44875,44.120799999999996
6,jack.7.2018,1,0.9493281840954789,0.12603016626960467,0.05353618626016167,1.931461455955303,0.02712140215950349,0,3.0874773947400516,0.5145795657900086,0.7826237763180364,152.08994455823614,-90.31263,44.16948
6,searl.1.2018,1,1.6692258208391297,1.1979726002991757,0.46074930318913765,2.028742478586354,0.08642060279853819,0,5.443110805712335,0.9071851342853892,0.8507759364499302,93.78195302110039,-90.08086,44.263829999999984
6,jack.3.2018,1,0,0.0838317896505518,0.12176546706353325,4.622565338010235,0.19825942420535209,0,5.026422018929672,0.8377370031549453,1.8557182966525363,221.51561762985756,-90.69595,44.21668
6,hab.1.2018,1,6.925182876225736,0.20793825016159323,0.12401216297876651,3.5482125520460843,0.0901913832499135,0,10.895537224662094,1.8159228707770156,2.857595729492217,157.36327657294606,-90.68533,44.15072
6,cutler.2.2018,1,3.833694655793308,0.648351901443911,0.3113663562189905,3.9195188844018536,0.44812812954568226,0,9.161059927403745,1.5268433212339576,1.8325101827734331,120.01953031385322,-90.33642,44.34902999999999
6,ccrk.3.2018,1,4.526421896531958,2.826861103385141,0.8926255617841348,1.3753265418229732,0.21264248796143373,0,9.83387759148564,1.6389795985809401,1.7375634925796637,106.01495552989672,-90.0708,44.18867000000001
6,john.1.2018,1,1.9398817333471887,2.592382995766091,1.2136692378816436,1.5359462186522672,0.1757866623469776,0,7.457666847994168,1.2429444746656948,1.0076854360097585,81.07244181448957,-89.97312,44.27698
6,bible.1.2018,1,1.4397841289820381,1.0622910816827313,1.5800476807701367,2.141253599984693,2.7669972118502133,0,8.990373703269812,1.4983956172116355,0.9453142704474905,63.088430024016354,-90.75145,44.27689999999999
6,jjw.1.2018,1,2.103830548091294,0.5020125754261052,0.3003141136929032,2.790843447162775,0.05265183945310829,0,5.749652523826185,0.9582754206376977,1.187445732640467,123.91486905197515,-90.28793,44.154579999999996
6,bcrk.1.2018,1,1.5555426663736567,5.669797123719274,1.0907686262418934,4.197834790422868,0.10781575697556767,0,12.62175896373326,2.1036264939555434,2.3168108777258674,110.13413666270498,-90.40262,43.978179999999995
6,ccrk.1.2018,1,5.104562392853893,1.7124202506779695,0.6144551229742543,2.668422223710761,0.147076014477443,0,10.246936004694321,1.7078226674490535,1.9498027783819991,114.16892488576622,-90.08255,44.212830000000004
6,jack.2.2018,1,0,2.716969193976231,0.5453325936018414,3.4985191525515305,0.18575749365559827,0,6.946578433785201,1.1577630722975334,1.5434350881345484,133.31182562868108,-90.52653,44.21182000000001
6,glacial.2.2018,1,5.223285421923839,0.5462537281241509,0.14808447418505571,3.940424500004736,0.06404975093301361,0,9.922097875170795,1.6536829791951324,2.3119721444091974,139.80745847275168,-90.03972,44.31524999999999
6,brsf.2.2018,1,0,0.5969786923905067,2.3601473387364766,2.031255631623606,1.867919971512036,0,6.856301634262626,1.1427169390437708,1.0683624351336864,93.49318266233942,-90.7138,44.27617999999999
6,cutler.1.2018,1,1.6465960366991514,1.026795930037199,0.1368161679385562,1.3899058091779544,0.36554931088206755,0,4.565663254734928,0.7609438757891548,0.6892833986526232,90.58268560710678,-90.32888,44.32152
6,SwenNekoosa,1,1.0664054143094737,1.6145761394194824,0.9263162093099896,7.015306879718647,0.08841427895645891,0,10.711018921714052,1.7851698202856752,2.634520765341588,147.57815953442423,-89.9107,44.325
6,Ehlert,1,1.1278731897902077,3.1806442252678497,1.0431075714046931,2.5757357067190574,0.09558678103089079,0,8.022947474212698,1.3371579123687831,1.2955518201455138,96.8884683074145,-90.0048,44.408500000000004
6,Gardner,1,3.4332639259974873,4.977015070427,0.6293149922111537,3.126341555661182,0.013186556202954974,0,12.179122100499779,2.0298536834166296,2.0979212143296992,103.35332203838942,-90.0928,44.45499999999999
6,MarshRd,1,2.2843755401945045,1.6902795844098804,1.0715480615356547,3.2757103988934237,0.2377337750354636,0,8.559647360068928,1.4266078933448212,1.2489329371412403,87.54563485647029,-89.8929,44.385799999999996
6,SenecaRed,1,2.0926888986465295,0.8521702231507756,0.8169207567443861,2.35430360309274,0.1621460046222766,0,6.278229486256708,1.0463715810427847,0.9769929689828533,93.3696008839622,-89.9127,44.372899999999994
6,GebhardtCrampton,1,3.21848393179692,1.0247745644838981,0.3973511375950445,2.641395060249237,0.20830430040538994,0,7.49030899453049,1.2483848324217481,1.3591364950400375,108.87159630123362,-90.38900000000001,44.169000000000004
6,CrimsonStar,1,0,0,0,0,0,0,0,0,0,NA,-89.6629,44.3211
6,Kranco,1,0,0,0,0,0,0,0,0,0,NA,-89.625,44.38519999999999
6,Urban,1,2.3116662703524757,1.229290692023877,0.3636552976454869,3.340956725958752,0.038006567394218316,0,7.28357555337481,1.2139292588958017,1.3644700507348446,112.4011173415472,-89.75100000000002,44.39990000000002
6,Wandler,1,1.1183782283697694,0.37182291211499363,0.15056938520350072,2.1547355075200687,0.04036546828933975,0,3.8358715014976723,0.6393119169162788,0.84898638330149,132.79689629384293,-90.0464,44.4146
6,Moss,1,2.7397190750585874,1.0549622892367996,0.3326349532599453,2.3420569047772317,0.07140204095566235,0,6.540775263288226,1.0901292105480378,1.1907720753031363,109.23219594349763,-90.0226,44.39079999999999
6,LynnHill,1,1.9166004850941902,2.639541860999756,1.1343564082052437,4.085151145672456,0.18404689310185632,0,9.959696793073503,1.6599494655122504,1.556730091556827,93.78177612632498,-89.911,44.294
6,Searles,1,1.6852644079978052,1.1808914792251635,0.4323044309372822,2.129033731524666,0.08012276148154751,0,5.507616811166464,0.9179361351944108,0.8837501602469058,96.27577849517117,-90.079,44.265600000000006
6,BibleCastle,1,1.6238271846164047,1.144132168532455,1.2591055630542052,1.8925855507608491,2.492081111106464,0,8.411731578070377,1.4019552630117296,0.8403186226484226,59.93904690248251,-90.7544,44.27790000000001
6,Finch,1,5.390223660553318,1.3690261018879029,0.6462702771024859,3.0751249049330203,0.8969661057167396,0,11.377611050193465,1.8962685083655777,2.00161658118308,105.55554618730147,-90.80950000000001,44.2642
6,Brockman,1,1.1663200076204163,1.2498081725804155,0.3483607780632803,3.5471007952956315,0.05028064905092726,0,6.361870402610671,1.0603117337684451,1.3328589137017426,125.70443872809365,-90.0943,44.28410000000001
6,Jerry's Berries,1,0.43865525022012186,0.9320187494325446,0.702174139423816,3.6192306588095855,0.5723409182557067,0,6.2644197161417745,1.0440699526902957,1.2992334810670338,124.43931345014272,-90.7361,44.23349999999999
6,Nemitz,1,2.3804134195294933,0.3558645568683152,0.23480819473698747,1.8515975292372322,0.03570766273791993,0,4.8583913631099485,0.809731893851658,1.0338120261400416,127.67337361784034,-90.4112,44.1915
6,DuckartMain,1,3.0870785004663026,0.40093702135717346,0.40874315449415366,0.49084749027592844,0.035301297035846106,0,4.422907463629405,0.7371512439382341,1.1695897426983828,158.66346998885112,-89.9644,44.3843
6,FlyingDollar,1,2.256751004635617,0.8943749213482663,0.04352099602262922,3.082089077730306,0.12513788019864258,0,6.4018738799354615,1.0669789799892435,1.3098849860691681,122.76577239435152,-90.3526,44.2626
6,SwenEast,1,2.443632362554072,0.4357866870576788,0.08872799472236771,1.9920848820082773,0.03155170816588108,0,4.991783634508277,0.8319639390847128,1.094123898722239,131.51097629615322,-90.3673,44.19039999999999
6,DuckartNew,1,2.353100175526147,4.780526289926633,0.6349627482113058,2.7609490319214127,0.020502864840275845,0,10.550041110425774,1.7583401850709623,1.890311531048735,107.50545014544196,-89.9718,44.415899999999986
6,GebhardtConcord,1,1.0829755753672432,2.06440529721462,0.6678836859094871,3.0760756148534023,0.1618396868732594,0,7.053179860218012,1.175529976703002,1.1897800520846402,101.21222560581613,-90.4484,44.091499999999996
6,Johnson,1,2.821309807151727,2.459802075934666,1.0753367338218573,1.601606283400792,0.12847199817019442,0,8.086526898479237,1.347754483079873,1.170449420793657,86.84440938522866,-89.9767,44.27340000000002
6,Damrow,1,5.904744022348298,3.6963115348187787,1.0770229975166088,2.0455356233882718,0.28051909431174604,0,13.004133272383704,2.167355545397284,2.2701112773126235,104.74106484898415,-90.4142,44.01659999999999
6,Basswater,1,2.4215284479211316,5.62417313648531,1.1614179480404114,3.809484921764335,0.06728101621338849,0,13.083885470424576,2.180647578404096,2.2284242899582374,102.19094144451834,-90.3534,43.961099999999995
6,JDR,1,3.0220397745359016,3.727904697225837,1.1424311709839345,3.7335411711960718,0.14971649790819908,0,11.775633311849944,1.9626055519749908,1.7427546127791411,88.79800686517923,-90.5101,44.1153
6,RezinW,1,5.713087045004185,0.9119535119390336,0.9251040248122361,3.173652994853257,0.09154823387138473,0,10.815345810480096,1.802557635080016,2.232129498600421,123.83124151818514,-90.4439,44.13259999999999
6,BearCreek,1,2.135431678603131,6.01343471477649,1.5281537616091756,3.2739894980562303,0.08689226594788511,0,13.037901918992912,2.172983653165485,2.2561972076792665,103.82946067691583,-90.3915,43.97599999999999
6,Knorr,1,2.0586585660634076,2.187601770668604,1.2490872553613594,3.4374956730880024,0.22481136615759775,0,9.157654631338971,1.5262757718898285,1.3018222483787765,85.29403875466525,-89.888,44.386799999999994
6,GebhardtMain,1,4.125496845449334,1.3700951859822286,1.6229279443869036,4.535464987664158,0.12878653985244737,0,11.782771503335072,1.9637952505558451,1.9482740086382315,99.20963033629803,-90.4962,44.12950000000001
6,Okray,1,0,0,0,0,0,0,0,0,0,NA,-89.6829,44.40090000000001
6,Vanatta,1,3.741877164773713,1.2224512757201096,0.3327690351244323,3.35222822843198,0.06346043311360998,0,8.712786137163844,1.4521310228606408,1.6849997831005061,116.03634634711702,-90.1473,44.240399999999994
6,BibleJanke,1,1.1649998695116384,0.2313877298861659,1.7302639498742896,2.5582327883210056,0.31606956549232085,0,6.000953903085421,1.00015898384757,1.0047014805785581,100.45417746621777,-90.7412,44.18579999999999
6,Baldwin,1,3.570669588487667,3.2098951976656696,1.5714983085294774,3.1775401921041766,0.12884301717579438,0,11.658446303962785,1.9430743839937974,1.6113875541888723,82.9297924702617,-90.409,44.0529
6,Olson,1,2.6584736073060795,1.4950972116955679,0.7144383731443658,3.6056663673563727,0.12947964187394437,0,8.60315520137633,1.4338592002293884,1.4487996049167027,101.04197153283418,-90.4897,44.1549
6,Lester,1,3.053966110539178,0.6253352911633719,0.3850735847766783,3.47083612662965,0.03134857291561895,0,7.5665596860244975,1.261093281004083,1.5729960881685905,124.73273086636148,-90.0267,44.3503
6,Ebert,1,7.672905689938368,0.4950131620349541,0.38441679149776714,2.6331360354632283,0.19795720468430814,0,11.383428883618626,1.897238147269771,2.9880365773621143,157.49401737794813,-90.7024,44.143499999999996
6,Karris,1,1.4165003248649546,1.685812044069463,1.927839099936473,6.6763315491531365,0.08958121964050446,0,11.796064237664531,1.966010706277422,2.4476616669573095,124.49889815665746,-89.8805,44.3009
6,Bentz,1,1.5983689997588997,0.5229447915053574,0.21035146204342947,2.1065717953189287,0.16520490425448692,0,4.603441952881102,0.7672403254801837,0.8724097132542685,113.7074895937285,-90.1033,44.2076
6,K&S Griffin,1,1.3339748618902532,0.9058502253706796,1.1263185318821085,4.848848019894249,0.1736386391388399,0,8.38863027817613,1.3981050463626883,1.7709849333783605,126.67037702107986,-90.5283,44.139399999999995
6,Rasmussen,1,0.4941977738388245,0.8215353356305579,0.10394280930811549,2.9877805853183523,0.04834724936969574,0,4.455803753465546,0.7426339589109243,1.144560610533522,154.12177113635158,-90.0863,44.365100000000005
6,Gaynor,1,6.161548368257033,0.46253600304712217,0.16744255135828207,0.8555515804952283,0.041603833504182175,0,7.688682336661848,1.281447056110308,2.411958328688892,188.2214577018989,-89.9928,44.34519999999999
