"date","period","site","landcover","initials","quad.width","quad.length","flower.unit","conversion.flwperinfl","species","flowerdens","plant.type"
"5/28/03","MAY","CRPL","Oak","D/L/Su",0.5,"50","infl",1,"acmi",0.008571429,"n"
"4/21/03","APR","MUR 70","Oak","SE/LR",0.5,"50","fl",1,"acmo",0.317142857,NA
"5/27/03","MAY","MCN","Riparian","L/C/Su/D",0.5,"25","infl",37.21428571,"aeca",6.804897959,"n"
"4/21/03","APR","CRPL","Oak","NN/LR",0.5,"50","infl",7.47826087,"Allium sp.",0.363229814,"n"
"4/22/03","APR","MUR 63","Mixedoak","NN",0.5,"50","infl",7.47826087,"Allium sp.",0.269217391,"n"
"4/22/03","APR","MUR 63","Oak","NN",0.5,"50","infl",7.47826087,"Allium sp.",0,"n"
"5/5/03","APR","LOW A","Chaparral","SE/NN",0.5,"50","fl",1,"alse",0.048,NA
"3/12/03","MAR","PUT 2","Riparian","NN",0.5,"25","infl",2.481481481,"amme",1.417989418,"n"
"3/12/03","MAR","PUT 4","Riparian","NN",0.5,"25","infl",2.481481481,"amme",0.714666667,"n"
"3/17/03","MAR","LOW A","Chaparral","SE/LR",0.5,"50","infl",2.481481481,"amme",0.109185185,"n"
"3/17/03","MAR","LOW B","Chaparral","SE/LR",0.5,"50","infl",2.481481481,"amme",0.019851852,"n"
"3/18/03","MAR","MUR 63","Mixedoak","NN/CO",0.5,"50","infl",2.481481481,"amme",0.089333333,"n"
"3/18/03","MAR","MUR 70 B","Mixedoak","LR/SE",0.5,"50","infl",2.481481481,"amme",1.032296296,"n"
"3/26/03","APR","CRPL","Oak","SE/NN/LR",0.5,"50","infl",2.481481481,"amme",0.063809524,"n"
"3/28/03","APR","TOM","Chaparral","LR",0.5,"50","infl",2.481481481,"amme",0.674962963,"n"
"4/21/03","APR","CRPL","Oak","NN/LR",0.5,"50","infl",2.481481481,"amme",0.028359788,"n"
"4/22/03","APR","MUR 63","Mixedoak","NN",0.5,"50","infl",2.481481481,"amme",0.019851852,"n"
"4/22/03","APR","MUR 63","Oak","NN",0.5,"50","infl",2.481481481,"amme",0,"n"
"4/22/03","APR","MUR 70 B","Mixedoak","NN",0.5,"50","infl",2.481481481,"amme",0.006617284,"n"
"4/23/03","APR","TOM","Chaparral","LR",0.5,"50","infl",2.481481481,"amme",0.029777778,"n"
"4/25/03","APR","PUT 2","Riparian","CO/LR",0.5,"25","infl",2.481481481,"amme",0.113439153,"n"
"4/25/03","APR","PUT 4","Riparian","CO/LR",0.5,"25","infl",2.481481481,"amme",0.264691358,"n"
"3/12/03","MAR","PUT 4","Riparian","NN",0.5,"25","fl",1,"anar",0.021333333,"e"
"4/23/03","APR","TOM","Chaparral","LR",0.5,"50","fl",1,"anar",0.964,"e"
"5/5/03","APR","LOW C","Chaparral","SE/NN",0.5,"50","fl",1,"anar",0.028,"e"
"5/28/03","MAY","MUR 70","Oak","LR/DL/SE",0.5,"50","fl",1,"anar",0.036923077,"e"
"5/28/03","MAY","MUR 70 A","Mixedoak","DL/SE/LR",0.5,"50","fl",1,"anar",0.016,"e"
"5/28/03","MAY","MUR 70 B","Mixedoak","DL/SE/LR",0.5,"50","fl",1,"anar",0.005333333,"e"
"4/21/03","APR","MUR 70","Oak","SE/LR",0.5,"50","fl",20.35,"anca",0.639571429,"e"
"5/30/03","MAY","TOM","Riparian","CO",0.5,"50","fl",1,"anco",0.006153846,"e"
"6/24/03","JUN","MUR 70","Oak","SBCOLR",0.5,"50","fl",1,"Apiacea",0.048,"e"
"3/12/03","MAR","PUT 4","Riparian","NN",0.5,"25","fl",1,"arca",0.048,"n"
"4/23/03","APR","LOW","Riparian","NN/LR",0.5,"50","fl",1,"arca",0.264,"n"
"6/24/03","JUN","LOW C","Chaparral","SE/DL",0.5,"50","fl",1,"arve",0.2,NA
"3/12/03","MAR","PUT 2","Riparian","NN",0.5,"25","fl",1,"basa female",0.628571429,"n"
"5/28/03","MAY","CRPL","Oak","D/L/Su",0.5,"50","fl",1,"brel",1.514285714,"n"
"5/28/03","MAY","MUR 70","Oak","LR/DL/SE",0.5,"50","fl",1,"brel",0.344615385,"n"
"5/28/03","MAY","MUR 70 A","Mixedoak","DL/SE/LR",0.5,"50","fl",1,"brel",14.924,"n"
"5/28/03","MAY","MUR 70 B","Mixedoak","DL/SE/LR",0.5,"50","fl",1,"brel",5.466666667,"n"
"5/30/03","MAY","LOW A","Chaparral","DL/SE",0.5,"50","infl",1,"brel",1.34,"n"
"5/30/03","MAY","LOW B","Chaparral","DL/SE",0.5,"50","fl",1,"brel",0.048,"n"
"5/30/03","MAY","LOW C","Chaparral","DL/SE",0.5,"50","fl",1,"brel",0.024,"n"
"5/30/03","MAY","MUR 63","Mixedoak","CO/LR",0.5,"50","fl",1,"brel",0.024,"n"
"5/30/03","MAY","MUR 63","Oak","CO/LR",0.5,"50","fl",1,"brel",0.252,"n"
"5/30/03","MAY","TOM","Chaparral","LR",0.5,"50","fl",1,"brel",0.104,"n"
"6/24/03","JUN","CRPL","Oak","DL/se",0.5,"50","fl",1,"brel",0,"n"
"3/11/03","MAR","MUR 70 A","Mixedoak","SE",0.5,"50","fl",1,"brni",0.032,"e"
"3/12/03","MAR","MCN","Riparian","NN",0.5,"25","infl",6.7,"brni",0.957142857,"e"
"3/12/03","MAR","PUT 2","Riparian","NN",0.5,"25","infl",6.7,"brni",0,"e"
"3/12/03","MAR","PUT 4","Riparian","NN",0.5,"25","infl",6.7,"brni",1.965333333,"e"
"3/17/03","MAR","CCNP","Riparian","CO",0.5,"25","infl",6.7,"brni",0.574285714,"e"
"4/23/03","APR","LOW","Riparian","NN/LR",0.5,"50","infl",6.7,"brni",0.303733333,"e"
"4/23/03","APR","LOW","Riparian","NN/LR",0.5,"50","infl",6.7,"brni",1.786666667,"e"
"4/23/03","APR","TOM","Riparian","NN",0.5,"50","infl",6.7,"brni",1.541,"e"
"4/25/03","APR","PUT 4","Riparian","CO/LR",0.5,"25","infl",6.7,"brni",1.250666667,"e"
"4/30/03","APR","CCNP","Riparian","LR/CO",0.5,"25","infl",6.7,"brni",6.355428571,"e"
"5/27/03","MAY","MCN","Riparian","L/C/Su/D",0.5,"25","infl",6.7,"brni",4.058285714,"e"
"5/27/03","MAY","PUT 2","Riparian","LCDSu",0.5,"25","infl",6.7,"brni",2.182285714,"e"
"5/30/03","MAY","CCNP","Riparian","D/L",0.5,"25","infl",6.7,"brni",4.249714286,"e"
"5/30/03","MAY","LOW","Riparian","SE/DL",0.5,"50","infl",6.7,"brni",4.216533333,"e"
"5/30/03","MAY","TOM","Riparian","CO",0.5,"50","infl",6.7,"brni",6.844307692,"e"
"6/23/03","JUN","CCNP","Riparian","LR/se/CO",0.5,"25","infl",6.7,"brni",15.812,"e"
"6/23/03","JUN","PUT 2","Riparian","LR/se/CO",0.5,"25","infl",6.7,"brni",0.306285714,"e"
"6/23/03","JUN","PUT 4","Riparian","LR/se/CO",0.5,"25","infl",6.7,"brni",3.180266667,"e"
"6/24/03","JUN","LOW","Riparian","DL/SE",0.5,"50","infl",6.7,"brni",2.662133333,"e"
"6/24/03","JUN","MCN","Riparian","SBCOLR",0.5,"25","infl",6.7,"brni",3.407428571,"e"
"6/25/03","JUN","TOM","Riparian","CO",0.5,"50","infl",6.7,"brni",2.737428571,"e"
"7/21/03","JUL","CCNP","Riparian","COLR",0.5,"25","infl",6.7,"brni",3.407428571,"e"
"7/21/03","JUL","PUT 2","Riparian","COLR",0.5,"25","infl",6.7,"brni",0.191428571,"e"
"7/21/03","JUL","PUT 4","Riparian","COLR",0.5,"25","infl",6.7,"brni",0.250133333,"e"
"7/23/03","JUL","LOW","Riparian","SE/DL",0.5,"50","infl",6.7,"brni",1.089866667,"e"
"7/23/03","JUL","TOM","Riparian","COLR",0.5,"50","infl",6.7,"brni",1.225142857,"e"
"7/25/03","JUL","MCN","Riparian","CO",0.5,"25","infl",6.7,"brni",0.689142857,"e"
"4/21/03","APR","CRPL","Oak","NN/LR",0.5,"50","fl",1,"caam",0.005714286,"n"
"4/22/03","APR","MUR 63","Oak","NN",0.5,"50","fl",1,"caam",0.02,"n"
"5/28/03","MAY","CRPL","Oak","D/L/Su",0.5,"50","fl",1,"caam",0.005714286,"n"
"3/17/03","MAR","LOW A","Chaparral","SE/LR",0.5,"50","infl",4.71,"caat",0.13188,"n"
"3/17/03","MAR","LOW B","Chaparral","SE/LR",0.5,"50","infl",4.71,"caat",0.01884,"n"
"4/21/03","APR","MUR 70","Oak","SE/LR",0.5,"50","fl",1,"caat",0.057142857,"n"
"4/22/03","APR","MUR 63","Oak","NN",0.5,"50","infl",4.71,"caat",0.05652,"n"
"4/22/03","APR","MUR 70 A","Mixedoak","NN",0.5,"50","infl",4.71,"caat",1.332257143,"n"
"4/22/03","APR","MUR 70 B","Mixedoak","NN",0.5,"50","infl",4.71,"caat",0.10048,"n"
"5/5/03","APR","LOW B","Chaparral","SE/NN",0.5,"50","fl",1,"caat",0.048,"n"
"5/5/03","APR","LOW C","Chaparral","SE/NN",0.5,"50","fl",1,"caat",0.212,"n"
"3/11/03","MAR","MUR 70 A","Mixedoak","SE",0.5,"50","infl",2.69,"cabu",0.2152,"e"
"3/12/03","MAR","MCN","Riparian","NN",0.5,"25","infl",2.69,"cabu",0.384285714,"e"
"3/11/03","MAR","MUR 70 A","Mixedoak","SE",0.5,"50","fl",1,"caci",0.004,"n"
"3/17/03","MAR","LOW A","Chaparral","SE/LR",0.5,"50","fl",1,"caci",0.004,"n"
"3/18/03","MAR","MUR 63","Mixedoak","NN/CO",0.5,"50","fl",1,"caci",0.036,"n"
"3/18/03","MAR","MUR 70","Oak","LR/SE",0.5,"50","fl",1,"caci",0.008,"n"
"3/18/03","MAR","MUR 70 B","Mixedoak","LR/SE",0.5,"50","fl",1,"caci",0.016,"n"
"5/5/03","APR","LOW A","Chaparral","SE/NN",0.5,"50","infl",4.3,"caex",0.0172,"n"
"3/17/03","MAR","LOW A","Chaparral","SE/LR",0.5,"50","infl",1.4,"cafo",0.0784,"n"
"3/17/03","MAR","LOW C","Chaparral","SE/LR",0.5,"50","infl",1.4,"cafo",0.0952,"n"
"5/28/03","MAY","CRPL","Oak","D/L/Su",0.5,"50","fl",1,"calu",0.062857143,"n"
"5/28/03","MAY","MUR 70","Oak","LR/DL/SE",0.5,"50","fl",1,"calu",0.329230769,"n"
"5/28/03","MAY","MUR 70 A","Mixedoak","DL/SE/LR",0.5,"50","fl",1,"calu",0,"n"
"5/28/03","MAY","MUR 70 B","Mixedoak","DL/SE/LR",0.5,"50","fl",1,"calu",0.042666667,"n"
"5/30/03","MAY","LOW A","Chaparral","DL/SE",0.5,"50","fl",1,"calu",0.152,"n"
"5/30/03","MAY","LOW B","Chaparral","DL/SE",0.5,"50","fl",1,"calu",0.012,"n"
"5/30/03","MAY","MUR 63","Mixedoak","CO/LR",0.5,"50","fl",1,"calu",0.004,"n"
"5/30/03","MAY","MUR 63","Oak","CO/LR",0.5,"50","fl",1,"calu",0.636,"n"
"5/30/03","MAY","LOW","Riparian","SE/DL",0.5,"50","fl",1,"came",0.002666667,NA
"3/12/03","MAR","MCN","Riparian","NN",0.5,"25","fl",1,"caol",0.057142857,"n"
"3/12/03","MAR","PUT 2","Riparian","NN",0.5,"25","fl",1,"caol",0.16,"n"
"3/12/03","MAR","PUT 4","Riparian","NN",0.5,"25","fl",1,"caol",0.037333333,"n"
"5/30/03","MAY","LOW A","Chaparral","DL/SE",0.5,"50","fl",1,"capa",0.752,"n"
"6/24/03","JUN","LOW A","Chaparral","SE/DL",0.5,"50","fl",1,"capa",0.592,"n"
"6/24/03","JUN","LOW C","Chaparral","SE/DL",0.5,"50","fl",1,"capa",0,"n"
"7/23/03","JUL","LOW A","Chaparral","SE/DL",0.5,"50","fl",1,"capa",0.024,"n"
"7/23/03","JUL","LOW B","Chaparral","SE/DL",0.5,"50","fl",1,"capa",0,"n"
"7/23/03","JUL","LOW C","Chaparral","SE/DL",0.5,"50","fl",1,"capa",0,"n"
"4/25/03","APR","PUT 2","Riparian","CO/LR",0.5,"25","fl",1,"capy",1.502857143,"e"
"4/25/03","APR","PUT 4","Riparian","CO/LR",0.5,"25","fl",1,"capy",0.72,"e"
"4/30/03","APR","CCNP","Riparian","LR/CO",0.5,"25","fl",1,"capy",0.365714286,"e"
"5/5/03","APR","LOW A","Chaparral","SE/NN",0.5,"50","fl",1,"capy",0.004,"e"
"5/5/03","APR","LOW B","Chaparral","SE/NN",0.5,"50","fl",1,"capy",0.036,"e"
"5/5/03","APR","LOW C","Chaparral","SE/NN",0.5,"50","fl",1,"capy",0.02,"e"
"5/5/03","APR","MCN","Riparian","CO/LR",0.5,"25","fl",1,"capy",0.234285714,"e"
"5/27/03","MAY","MCN","Riparian","L/C/Su/D",0.5,"25","fl",1,"capy",1.005714286,"e"
"5/27/03","MAY","PUT 2","Riparian","LCDSu",0.5,"25","fl",1,"capy",0.525714286,"e"
"5/28/03","MAY","CRPL","Oak","D/L/Su",0.5,"50","fl",1,"capy",0.222857143,"e"
"5/28/03","MAY","MUR 70","Oak","LR/DL/SE",0.5,"50","fl",1,"capy",0.193846154,"e"
"5/28/03","MAY","MUR 70 A","Mixedoak","DL/SE/LR",0.5,"50","fl",1,"capy",0.62,"e"
"5/28/03","MAY","MUR 70 B","Mixedoak","DL/SE/LR",0.5,"50","fl",1,"capy",0.066666667,"e"
"5/30/03","MAY","CCNP","Riparian","D/L",0.5,"25","fl",1,"capy",7.022857143,"e"
"5/30/03","MAY","LOW A","Chaparral","DL/SE",0.5,"50","fl",1,"capy",0.008,"e"
"5/30/03","MAY","LOW C","Chaparral","DL/SE",0.5,"50","fl",1,"capy",0.2,"e"
"5/30/03","MAY","MUR 63","Mixedoak","CO/LR",0.5,"50","fl",1,"capy",0.128,"e"
"5/30/03","MAY","MUR 63","Oak","CO/LR",0.5,"50","fl",1,"capy",0.024,"e"
"5/30/03","MAY","TOM","Chaparral","LR",0.5,"50","fl",1,"capy",0.756,"e"
"5/30/03","MAY","TOM","Riparian","CO",0.5,"50","fl",1,"capy",0.009230769,"e"
"6/23/03","JUN","CCNP","Riparian","LR/se/CO",0.5,"25","fl",1,"capy",0.788571429,"e"
"6/23/03","JUN","PUT 2","Riparian","LR/se/CO",0.5,"25","fl",1,"capy",0.005714286,"e"
"6/23/03","JUN","PUT 4","Riparian","LR/se/CO",0.5,"25","fl",1,"capy",0.010666667,"e"
"6/24/03","JUN","LOW C","Chaparral","SE/DL",0.5,"50","fl",1,"capy",0.016,"e"
"6/24/03","JUN","MCN","Riparian","SBCOLR",0.5,"25","fl",1,"capy",0.074285714,"e"
"7/21/03","JUL","CCNP","Riparian","COLR",0.5,"25","fl",1,"capy",0.034285714,"e"
"5/30/03","MAY","LOW A","Chaparral","DL/SE",0.5,"50","fl",1,"casp",0.008,"n"
"5/30/03","MAY","LOW C","Chaparral","DL/SE",0.5,"50","fl",1,"casp",0.076,"n"
"3/17/03","MAR","LOW B","Chaparral","SE/LR",0.5,"50","bush",253,"cecu",40.48,"n"
"3/26/03","APR","CRPL","Oak","SE/NN/LR",0.5,"50","fl",1,"cecu",1.142857143,"n"
"3/12/03","MAR","PUT 2","Riparian","NN",0.5,"25","fl",1,"cegl",0.028571429,"e"
"3/17/03","MAR","LOW A","Chaparral","SE/LR",0.5,"50","fl",1,"cegl",0,"e"
"5/28/03","MAY","MUR 70 B","Mixedoak","DL/SE/LR",0.5,"50","fl",1,"ceme",0.016,"e"
"5/30/03","MAY","LOW A","Chaparral","DL/SE",0.5,"50","fl",1,"ceme",0.016,"e"
"5/28/03","MAY","MUR 70 B","Mixedoak","DL/SE/LR",0.5,"50","fl",1,"Centaurium sp",0.4,"e"
"5/30/03","MAY","LOW A","Chaparral","DL/SE",0.5,"50","fl",1,"Centaurium sp",0.012,"e"
"3/26/03","APR","CRPL","Oak","SE/NN/LR",0.5,"50","fl",1,"ceoc",0.885714286,"n"
"3/12/03","MAR","PUT 2","Riparian","NN",0.5,"25","bush",50,"ceoc 50%",0.571428571,"n"
"5/30/03","MAY","LOW A","Chaparral","DL/SE",0.5,"50","fl",1,"ceso",0.072,"e"
"5/30/03","MAY","TOM","Chaparral","LR",0.5,"50","fl",1,"ceso",0.148,"e"
"6/23/03","JUN","PUT 2","Riparian","LR/se/CO",0.5,"25","fl",1,"ceso",0.04,"e"
"6/23/03","JUN","PUT 4","Riparian","LR/se/CO",0.5,"25","fl",1,"ceso",0.853333333,"e"
"6/24/03","JUN","LOW","Riparian","DL/SE",0.5,"50","fl",1,"ceso",0.098666667,"e"
"6/24/03","JUN","LOW A","Chaparral","SE/DL",0.5,"50","fl",1,"ceso",0.5,"e"
"6/24/03","JUN","LOW B","Chaparral","SE/DL",0.5,"50","fl",1,"ceso",0.004,"e"
"6/24/03","JUN","LOW C","Chaparral","SE/DL",0.5,"50","fl",1,"ceso",0.016,"e"
"6/24/03","JUN","MUR 63","Mixedoak","SBCOLR",0.5,"50","fl",1,"ceso",0.248,"e"
"6/24/03","JUN","MUR 63","Oak","SBCOLR",0.5,"50","fl",1,"ceso",0.004,"e"
"6/24/03","JUN","MUR 70","Oak","SBCOLR",0.5,"50","fl",1,"ceso",0.077333333,"e"
"6/25/03","JUN","TOM","Chaparral","LR",0.5,"50","fl",1,"ceso",12.488,"e"
"6/25/03","JUN","TOM","Riparian","CO",0.5,"50","fl",1,"ceso",0.105714286,"e"
"7/21/03","JUL","PUT 2","Riparian","COLR",0.5,"25","fl",1,"ceso",0.017142857,"e"
"7/21/03","JUL","PUT 4","Riparian","COLR",0.5,"25","fl",1,"ceso",4.432,"e"
"7/23/03","JUL","CRPL","Oak","SE/DL",0.5,"50","fl",1,"ceso",0.128571429,"e"
"7/23/03","JUL","LOW","Riparian","SE/DL",0.5,"Tr 3=25m, Tr4=30m, Tr6=65m, rest are 50m","fl",1,"ceso",0.374461538,"e"
"7/23/03","JUL","LOW A","Chaparral","SE/DL",0.5,"50","fl",1,"ceso",0.104,"e"
"7/23/03","JUL","LOW B","Chaparral","SE/DL",0.5,"50","fl",1,"ceso",0.168,"e"
"7/23/03","JUL","LOW C","Chaparral","SE/DL",0.5,"50","fl",1,"ceso",0.28,"e"
"7/23/03","JUL","MUR 63","Mixedoak","COLR",0.5,"50","fl",1,"ceso",0.304,"e"
"7/23/03","JUL","MUR 63","Oak","COLR",0.5,"50","fl",1,"ceso",0.016,"e"
"7/23/03","JUL","TOM","Chaparral","COLR",0.5,"50","fl",1,"ceso",0.444,"e"
"7/23/03","JUL","TOM","Riparian","COLR",0.5,"50","fl",1,"ceso",0.022857143,"e"
"5/27/03","MAY","PUT 2","Riparian","LCDSu",0.5,"25","fl",1,"ciin",0.005714286,"e"
"7/21/03","JUL","PUT 2","Riparian","COLR",0.5,"25","fl",1,"ciin",0.005714286,"e"
"3/11/03","MAR","MUR 70 A","Mixedoak","SE",0.5,"50","fl",1,"clpe",0.36,"n"
"3/12/03","MAR","MCN","Riparian","NN",0.5,"25","fl",1,"clpe",0.4,"n"
"3/12/03","MAR","PUT 2","Riparian","NN",0.5,"25","fl",1,"clpe",0.08,"n"
"3/17/03","MAR","LOW B","Chaparral","SE/LR",0.5,"50","fl",1,"clpe",0.108,"n"
"3/17/03","MAR","LOW C","Chaparral","SE/LR",0.5,"50","fl",1,"clpe",0.844,"n"
"3/18/03","MAR","MUR 63","Mixedoak","NN/CO",0.5,"50","fl",1,"clpe",0.008,"n"
"3/18/03","MAR","MUR 63","Oak","NN/CO",0.5,"50","fl",1,"clpe",0.136,"n"
"3/18/03","MAR","MUR 70","Oak","LR/SE",0.5,"50","fl",1,"clpe",0.314666667,"n"
"3/26/03","APR","CRPL","Oak","SE/NN/LR",0.5,"50","fl",1,"clpe",0.014285714,"n"
"5/5/03","APR","LOW B","Chaparral","SE/NN",0.5,"50","fl",1,"clpu",0.044,"n"
"5/5/03","APR","LOW C","Chaparral","SE/NN",0.5,"50","fl",1,"clpu",0.008,"n"
"5/28/03","MAY","CRPL","Oak","D/L/Su",0.5,"50","fl",1,"clpu",0.751428571,"n"
"5/28/03","MAY","MUR 70","Oak","LR/DL/SE",0.5,"50","fl",1,"clpu",0.753846154,"n"
"5/28/03","MAY","MUR 70 A","Mixedoak","DL/SE/LR",0.5,"50","fl",1,"clpu",0.036,"n"
"5/28/03","MAY","MUR 70 B","Mixedoak","DL/SE/LR",0.5,"50","fl",1,"clpu",0.045333333,"n"
"5/30/03","MAY","LOW A","Chaparral","DL/SE",0.5,"50","fl",1,"clpu",4.152,"n"
"5/30/03","MAY","LOW B","Chaparral","DL/SE",0.5,"50","fl",1,"clpu",1.2,"n"
"5/30/03","MAY","LOW C","Chaparral","DL/SE",0.5,"50","fl",1,"clpu",3.088,"n"
"5/30/03","MAY","MUR 63","Mixedoak","CO/LR",0.5,"50","fl",1,"clpu",0.008,"n"
"5/30/03","MAY","MUR 63","Oak","CO/LR",0.5,"50","fl",1,"clpu",0.072,"n"
"5/30/03","MAY","TOM","Riparian","CO",0.5,"50","fl",1,"clpu",0.003076923,"n"
"6/24/03","JUN","CRPL","Oak","DL/se",0.5,"50","fl",1,"clpu",0,"n"
"6/24/03","JUN","LOW A","Chaparral","SE/DL",0.5,"50","fl",1,"clpu",0,"n"
"6/24/03","JUN","LOW B","Chaparral","SE/DL",0.5,"50","fl",1,"clpu",0,"n"
"6/24/03","JUN","LOW C","Chaparral","SE/DL",0.5,"50","fl",1,"clpu",0.6,"n"
"5/28/03","MAY","CRPL","Oak","D/L/Su",0.5,"50","fl",1,"clun",0.002857143,"n"
"5/30/03","MAY","LOW C","Chaparral","DL/SE",0.5,"50","fl",1,"clun",0.06,"n"
"7/21/03","JUL","PUT 2","Riparian","COLR",0.5,"25","fl",1,"coar",0.022857143,"e"
"7/23/03","JUL","LOW","Riparian","SE/DL",0.5,"30","fl",1,"coar",0.008888889,"e"
"3/17/03","MAR","LOW C","Chaparral","SE/LR",0.5,"50","infl",2.42,"cohe",0.03872,"n"
"4/21/03","APR","CRPL","Oak","NN/LR",0.5,"50","infl",2.42,"cohe",0.124457143,"n"
"5/5/03","APR","LOW B","Chaparral","SE/NN",0.5,"50","infl",2.42,"cohe",0.00968,"n"
"5/5/03","APR","LOW B","Chaparral","SE/NN",0.5,"50","infl",2.42,"cohe",0.2904,"n"
"5/28/03","MAY","CRPL","Oak","D/L/Su",0.5,"50","fl",1,"cohe",0,"n"
"5/30/03","MAY","LOW B","Chaparral","DL/SE",0.5,"50","fl",1,"cohe",0.036,"n"
"3/17/03","MAR","LOW B","Chaparral","SE/LR",0.5,"50","fl",1,"cosp",0.008,"n"
"3/17/03","MAR","LOW C","Chaparral","SE/LR",0.5,"50","fl",1,"cosp",0.044,"n"
"3/18/03","MAR","MUR 63","Mixedoak","NN/CO",0.5,"50","fl",1,"cosp",0.004,"n"
"3/18/03","MAR","MUR 63","Mixedoak","NN/CO",0.5,"50","fl",1,"cosp",0.14,"n"
"3/18/03","MAR","MUR 63","Oak","NN/CO",0.5,"50","fl",1,"cosp",0.012,"n"
"3/26/03","APR","CRPL","Oak","SE/NN/LR",0.5,"50","fl",1,"cosp",1.185714286,"n"
"4/21/03","APR","CRPL","Oak","NN/LR",0.5,"50","fl",1,"cosp",0.005714286,"n"
"5/5/03","APR","LOW A","Chaparral","SE/NN",0.5,"50","infl",7.6,"dapu",0.2432,"n"
"5/5/03","APR","LOW B","Chaparral","SE/NN",0.5,"50","infl",7.6,"dapu",0.76,"n"
"5/5/03","APR","LOW C","Chaparral","SE/NN",0.5,"50","infl",7.6,"dapu",5.7152,"n"
"4/21/03","APR","CRPL","Oak","NN/LR",0.5,"50","fl",1,"diar",0.028571429,"e"
"6/24/03","JUN","LOW C","Chaparral","SE/DL",0.5,"50","fl",1,"diar",0.008,"e"
"3/12/03","MAR","PUT 2","Riparian","NN",0.5,"25","fl",1,"dica",0.011428571,"n"
"3/12/03","MAR","PUT 4","Riparian","NN",0.5,"25","fl",1,"dica",0.096,"n"
"3/17/03","MAR","LOW A","Chaparral","SE/LR",0.5,"50","fl",1,"dica",0.12,"n"
"3/17/03","MAR","LOW B","Chaparral","SE/LR",0.5,"50","fl",1,"dica",0.184,"n"
"3/17/03","MAR","LOW C","Chaparral","SE/LR",0.5,"50","fl",1,"dica",0.156,"n"
"3/18/03","MAR","MUR 63","Mixedoak","NN/CO",0.5,"50","fl",1,"dica",0.064,"n"
"3/18/03","MAR","MUR 63","Oak","NN/CO",0.5,"50","fl",1,"dica",0.028,"n"
"3/18/03","MAR","MUR 70","Oak","LR/SE",0.5,"50","fl",1,"dica",0.048,"n"
"3/18/03","MAR","MUR 70 B","Mixedoak","LR/SE",0.5,"50","fl",1,"dica",0.261333333,"n"
"3/26/03","APR","CRPL","Oak","SE/NN/LR",0.5,"50","fl",1,"dica",0.008571429,"n"
"3/28/03","APR","TOM","Chaparral","LR",0.5,"50","fl",1,"dica",0.044,"n"
"4/21/03","APR","CRPL","Oak","NN/LR",0.5,"50","fl",1,"dica",0.022857143,"n"
"4/22/03","APR","MUR 70 A","Mixedoak","NN",0.5,"50","fl",1,"dica",0.002857143,"n"
"4/22/03","APR","MUR 63","Oak","NN",0.5,"50","fl",1,"divo",0.02,"n"
"5/28/03","MAY","CRPL","Oak","D/L/Su",0.5,"50","fl",1,"divo",0.214285714,"n"
"3/18/03","MAR","MUR 63","Mixedoak","NN/CO",0.5,"50","fl",1,"dohe",0.004,"n"
"3/18/03","MAR","MUR 63","Oak","NN/CO",0.5,"50","fl",1,"dohe",0.004,"n"
"3/18/03","MAR","MUR 70","Oak","LR/SE",0.5,"50","fl",1,"dohe",0.010666667,"n"
"3/26/03","APR","CRPL","Oak","SE/NN/LR",0.5,"50","fl",1,"dohe",0.26,"n"
"3/11/03","MAR","MUR 70","Oak","SE",0.5,"50","fl",1,"erbo",0.016,"e"
"3/12/03","MAR","PUT 2","Riparian","NN",0.5,"25","fl",1,"erbo",0.005714286,"e"
"3/17/03","MAR","LOW A","Chaparral","SE/LR",0.5,"50","fl",1,"erbo",18.82,"e"
"3/17/03","MAR","LOW B","Chaparral","SE/LR",0.5,"50","fl",1,"erbo",0.616,"e"
"3/17/03","MAR","LOW C","Chaparral","SE/LR",0.5,"50","fl",1,"erbo",0.872,"e"
"3/18/03","MAR","MUR 63","Mixedoak","NN/CO",0.5,"50","fl",1,"erbo",0.032,"e"
"3/18/03","MAR","MUR 63","Oak","NN/CO",0.5,"50","fl",1,"erbo",0.176,"e"
"3/18/03","MAR","MUR 70","Oak","LR/SE",0.5,"50","fl",1,"erbo",1.501333333,"e"
"3/18/03","MAR","MUR 70 B","Mixedoak","LR/SE",0.5,"50","fl",1,"erbo",0.714666667,"e"
"3/28/03","APR","TOM","Chaparral","LR",0.5,"50","fl",1,"erbo",7.3,"e"
"3/28/03","APR","TOM","Riparian","NN?",0.5,"50","fl",1,"erbo",0.266666667,"e"
"4/21/03","APR","CRPL","Oak","NN/LR",0.5,"50","fl",1,"erbo",0.071428571,"e"
"4/21/03","APR","MUR 70","Oak","SE/LR",0.5,"50","fl",1,"erbo",0.185714286,"e"
"4/22/03","APR","MUR 63","Mixedoak","NN",0.5,"50","fl",1,"erbo",0.084,"e"
"4/22/03","APR","MUR 63","Oak","NN",0.5,"50","fl",1,"erbo",0.028,"e"
"4/22/03","APR","MUR 70 A","Mixedoak","NN",0.5,"50","fl",1,"erbo",0.431428571,"e"
"4/22/03","APR","MUR 70 B","Mixedoak","NN",0.5,"50","fl",1,"erbo",0.450666667,"e"
"4/23/03","APR","LOW","Riparian","NN/LR",0.5,"45","fl",1,"erbo",0.023703704,"e"
"4/23/03","APR","TOM","Chaparral","LR",0.5,"50","fl",1,"erbo",0.98,"e"
"4/23/03","APR","TOM","Riparian","NN",0.5,"50","fl",1,"erbo",0.003333333,"e"
"4/25/03","APR","PUT 4","Riparian","CO/LR",0.5,"25","fl",1,"erbo",0.021333333,"e"
"5/5/03","APR","LOW A","Chaparral","SE/NN",0.5,"50","fl",1,"erbo",2.96,"e"
"5/5/03","APR","LOW B","Chaparral","SE/NN",0.5,"50","fl",1,"erbo",0.608,"e"
"5/5/03","APR","LOW C","Chaparral","SE/NN",0.5,"50","fl",1,"erbo",0.028,"e"
"5/5/03","APR","LOW C","Chaparral","SE/NN",0.5,"50","fl",1,"erbo",0.088,"e"
"5/28/03","MAY","MUR 70","Oak","LR/DL/SE",0.5,"50","fl",1,"erbo",0,"e"
"5/28/03","MAY","MUR 70 A","Mixedoak","DL/SE/LR",0.5,"50","fl",1,"erbo",0.02,"e"
"5/28/03","MAY","MUR 70 B","Mixedoak","DL/SE/LR",0.5,"50","fl",1,"erbo",0.008,"e"
"5/30/03","MAY","LOW A","Chaparral","DL/SE",0.5,"50","fl",1,"erbo",0.024,"e"
"5/30/03","MAY","LOW B","Chaparral","DL/SE",0.5,"50","fl",1,"erbo",0.036,"e"
"5/30/03","MAY","LOW C","Chaparral","DL/SE",0.5,"50","fl",1,"erbo",0.896,"e"
"5/30/03","MAY","MUR 63","Mixedoak","CO/LR",0.5,"50","fl",1,"erbo",0.056,"e"
"5/30/03","MAY","MUR 63","Oak","CO/LR",0.5,"50","fl",1,"erbo",0.048,"e"
"5/30/03","MAY","TOM","Chaparral","LR",0.5,"50","fl",1,"erbo",0.016,"e"
"5/30/03","MAY","TOM","Riparian","CO",0.5,"50","fl",1,"erbo",0.006153846,"e"
"5/28/03","MAY","CRPL","Oak","D/L/Su",0.5,"50","fl",1,"erca",0.065714286,"n"
"6/24/03","JUN","LOW B","Chaparral","SE/DL",0.5,"50","fl",1,"erca",0.024,"n"
"6/24/03","JUN","LOW C","Chaparral","SE/DL",0.5,"50","fl",1,"erca",0,"n"
"5/5/03","APR","LOW C","Chaparral","SE/NN",0.5,"50","fl",1,"erda",0.032,"n"
"5/5/03","APR","LOW C","Chaparral","SE/NN",0.5,"50","fl",1,"erda",0.04,"n"
"5/30/03","MAY","LOW C","Chaparral","DL/SE",0.5,"50","fl",1,"erda",0.1,"n"
"6/24/03","JUN","LOW C","Chaparral","SE/DL",0.5,"50","fl",1,"erda",0.4,"n"
"3/28/03","APR","LOW","Riparian","NN/LR",0.5,"45","fl",1,"erla",0.02962963,"n"
"4/22/03","APR","MUR 63","Oak","NN",0.5,"50","fl",1,"erla",0.004,"n"
"5/5/03","APR","LOW A","Chaparral","SE/NN",0.5,"50","fl",1,"erla",0.004,"n"
"5/5/03","APR","LOW C","Chaparral","SE/NN",0.5,"50","fl",1,"erla",0.012,"n"
"5/28/03","MAY","MUR 70","Oak","LR/DL/SE",0.5,"50","fl",1,"erla",0.033846154,"n"
"5/28/03","MAY","MUR 70 A","Mixedoak","DL/SE/LR",0.5,"50","fl",1,"erla",0,"n"
"5/30/03","MAY","LOW A","Chaparral","DL/SE",0.5,"50","fl",1,"erla",0.008,"n"
"5/30/03","MAY","LOW C","Chaparral","DL/SE",0.5,"50","fl",1,"erla",0.504,"n"
"5/30/03","MAY","MUR 63","Oak","CO/LR",0.5,"50","fl",1,"erla",0.028,"n"
"5/30/03","MAY","TOM","Riparian","CO",0.5,"50","fl",1,"erla",0.012307692,"n"
"6/24/03","JUN","LOW C","Chaparral","SE/DL",0.5,"50","fl",1,"erla",0.008,"n"
"7/23/03","JUL","LOW C","Chaparral","SE/DL",0.5,"50","infl",2.75,"ernu",6.6,"n"
"6/24/03","JUN","LOW A","Chaparral","SE/DL",0.5,"50","fl",1,"erse",0.084,"n"
"6/24/03","JUN","LOW B","Chaparral","SE/DL",0.5,"50","fl",1,"erse",0.068,"n"
"6/24/03","JUN","LOW C","Chaparral","SE/DL",0.5,"50","fl",1,"erse",0.54,"n"
"7/23/03","JUL","LOW A","Chaparral","SE/DL",0.5,"50","infl",1,"erse",1.088,"n"
"7/23/03","JUL","LOW B","Chaparral","SE/DL",0.5,"50","infl",1,"erse",0.44,"n"
"7/23/03","JUL","LOW C","Chaparral","SE/DL",0.5,"50","infl",1,"erse",3.588,"n"
"7/23/03","JUL","MUR 63","Mixedoak","COLR",0.5,"50","fl",1,"erse",0.304,"n"
"7/23/03","JUL","TOM","Riparian","COLR",0.5,"50","fl",1,"erse",0.025714286,"n"
"3/12/03","MAR","PUT 4","Riparian","NN",0.5,"25","fl",1,"esca",0.032,"n"
"4/25/03","APR","PUT 4","Riparian","CO/LR",0.5,"25","fl",1,"esca",0.058666667,"n"
"6/23/03","JUN","PUT 4","Riparian","LR/se/CO",0.5,"25","fl",1,"esca",0,"n"
"3/17/03","MAR","LOW C","Chaparral","SE/LR",0.5,"50","fl",1,"Eschscholzia sp.",0.016,"n"
"5/5/03","APR","LOW C","Chaparral","SE/NN",0.5,"50","fl",1,"Eschscholzia sp.",0.116,"n"
"5/30/03","MAY","LOW C","Chaparral","DL/SE",0.5,"50","fl",1,"Eschscholzia sp.",0.032,"n"
"3/12/03","MAR","PUT 2","Riparian","NN",0.5,"25","fl",1,"gaap",0.045714286,"e"
"3/12/03","MAR","PUT 4","Riparian","NN",0.5,"25","fl",1,"gaap",0.112,"e"
"3/17/03","MAR","LOW C","Chaparral","SE/LR",0.5,"50","fl",1,"gaap",0.016,"e"
"3/18/03","MAR","MUR 70","Oak","LR/SE",0.5,"50","fl",1,"gaap",0.12,"e"
"3/18/03","MAR","MUR 70 B","Mixedoak","LR/SE",0.5,"50","fl",1,"gaap",0.229333333,"e"
"3/18/03","MAR","MUR 70","Oak","LR/SE",0.5,"50","fl",1,"gedi",0.378666667,"e"
"3/18/03","MAR","MUR 70 B","Mixedoak","LR/SE",0.5,"50","fl",1,"gedi",0.005333333,"e"
"3/11/03","MAR","MUR 70 A","Mixedoak","SE",0.5,"50","fl",1,"gemo",0.092,"e"
"3/12/03","MAR","PUT 4","Riparian","NN",0.5,"25","fl",1,"gemo",0.005333333,"e"
"3/17/03","MAR","LOW A","Chaparral","SE/LR",0.5,"50","fl",1,"gemo",1.044,"e"
"3/17/03","MAR","LOW B","Chaparral","SE/LR",0.5,"50","fl",1,"gemo",0.824,"e"
"3/17/03","MAR","LOW C","Chaparral","SE/LR",0.5,"50","fl",1,"gemo",0.188,"e"
"3/18/03","MAR","MUR 63","Mixedoak","NN/CO",0.5,"50","fl",1,"gemo",0.728,"e"
"3/18/03","MAR","MUR 63","Oak","NN/CO",0.5,"50","fl",1,"gemo",0.248,"e"
"3/18/03","MAR","MUR 70","Oak","LR/SE",0.5,"50","fl",1,"gemo",1.786666667,"e"
"3/18/03","MAR","MUR 70 B","Mixedoak","LR/SE",0.5,"50","fl",1,"gemo",2.762666667,"e"
"5/5/03","APR","LOW C","Chaparral","SE/NN",0.5,"50","fl",1,"gica",0.036,"n"
"5/30/03","MAY","LOW C","Chaparral","DL/SE",0.5,"50","fl",1,"gica",0.016,"n"
"3/17/03","MAR","LOW A","Chaparral","SE/LR",0.5,"50","fl",1,"gitr",1.332,"n"
"4/21/03","APR","CRPL","Oak","NN/LR",0.5,"50","fl",1,"gitr",0.011428571,"n"
"4/21/03","APR","MUR 70","Oak","SE/LR",0.5,"50","fl",1,"gitr",0.231428571,"n"
"4/22/03","APR","MUR 70 B","Mixedoak","NN",0.5,"50","fl",1,"gitr",0.008,"n"
"5/5/03","APR","LOW A","Chaparral","SE/NN",0.5,"50","fl",1,"gitr",0.028,"n"
"5/5/03","APR","LOW B","Chaparral","SE/NN",0.5,"50","fl",1,"gitr",0.404,"n"
"5/28/03","MAY","MUR 70","Oak","LR/DL/SE",0.5,"50","fl",1,"gitr",0.012307692,"n"
"5/28/03","MAY","MUR 70 A","Mixedoak","DL/SE/LR",0.5,"50","fl",1,"gitr",0,"n"
"6/24/03","JUN","LOW C","Chaparral","SE/DL",0.5,"50","fl",1,"grca",0.012,"n"
"5/30/03","MAY","LOW A","Chaparral","DL/SE",0.5,"50","fl",1,"heca",0.468,"n"
"7/23/03","JUL","LOW","Riparian","SE/DL",0.5,"50","fl",1,"heca",0.029333333,"n"
"5/30/03","MAY","TOM","Riparian","CO",0.5,"50","fl",1,"hecu",0.141538462,"n"
"7/23/03","JUL","LOW","Riparian","SE/DL",0.5,"50","fl",1,"hecu",0.12,"n"
"7/23/03","JUL","TOM","Riparian","COLR",0.5,"50","fl",1,"hecu",0.6,"n"
"4/23/03","APR","TOM","Riparian","NN",0.5,"50","fl",1,"heeu",0.006666667,"e"
"5/30/03","MAY","TOM","Chaparral","LR",0.5,"50","fl",1,"Hesperolinon sp.",0.1,NA
"3/17/03","MAR","LOW A","Chaparral","SE/LR",0.5,"50","fl",1,"hygl",0.244,"e"
"3/28/03","APR","LOW","Riparian","NN/LR",0.5,"50","fl",1,"hygl",0.008,"e"
"3/28/03","APR","TOM","Chaparral","LR",0.5,"50","fl",1,"hygl",0.004,"e"
"3/28/03","APR","TOM","Riparian","NN?",0.5,"50","fl",1,"hygl",0.024,"e"
"4/21/03","APR","CRPL","Oak","NN/LR",0.5,"50","fl",1,"hygl",0.051428571,"e"
"4/21/03","APR","MUR 70","Oak","SE/LR",0.5,"50","fl",1,"hygl",2.757142857,"e"
"4/22/03","APR","MUR 63","Mixedoak","NN",0.5,"50","fl",1,"hygl",0.088,"e"
"4/22/03","APR","MUR 63","Oak","NN",0.5,"50","fl",1,"hygl",0,"e"
"4/22/03","APR","MUR 70 A","Mixedoak","NN",0.5,"50","fl",1,"hygl",4.385714286,"e"
"4/22/03","APR","MUR 70 B","Mixedoak","NN",0.5,"50","fl",1,"hygl",0.746666667,"e"
"4/23/03","APR","LOW","Riparian","NN/LR",0.5,"Tr 3=25m, Tr4=30m, Tr6=65m, rest are 50m","fl",1,"hygl",0.196615385,"e"
"4/23/03","APR","TOM","Chaparral","LR",0.5,"50","fl",1,"hygl",0.208,"e"
"4/23/03","APR","TOM","Riparian","NN",0.5,"50","fl",1,"hygl",0.016666667,"e"
"5/5/03","APR","LOW A","Chaparral","SE/NN",0.5,"50","fl",1,"hygl",5.152,"e"
"5/5/03","APR","LOW B","Chaparral","SE/NN",0.5,"50","fl",1,"hygl",4.212,"e"
"5/5/03","APR","LOW C","Chaparral","SE/NN",0.5,"50","fl",1,"hygl",0.024,"e"
"5/27/03","MAY","PUT 2","Riparian","LCDSu",0.5,"25","fl",1,"hygl",0.034285714,"e"
"5/28/03","MAY","CRPL","Oak","D/L/Su",0.5,"50","fl",1,"hygl",0.002857143,"e"
"5/28/03","MAY","MUR 70","Oak","LR/DL/SE",0.5,"50","fl",1,"hygl",0.012307692,"e"
"5/28/03","MAY","MUR 70 A","Mixedoak","DL/SE/LR",0.5,"50","fl",1,"hygl",0.004,"e"
"5/30/03","MAY","LOW B","Chaparral","DL/SE",0.5,"50","fl",1,"hygl",0.032,"e"
"5/30/03","MAY","LOW C","Chaparral","DL/SE",0.5,"50","fl",1,"hygl",4.68,"e"
"5/30/03","MAY","TOM","Chaparral","LR",0.5,"50","fl",1,"hygl",0.028,"e"
"5/30/03","MAY","TOM","Riparian","CO",0.5,"50","fl",1,"hygl",0.024615385,"e"
"3/26/03","APR","CRPL","Oak","SE/NN/LR",0.5,"50","fl",1,"lave",0.031428571,"n"
"3/12/03","MAR","PUT 2","Riparian","NN",0.5,"25","fl",1,"lave",0.314285714,"n"
"3/12/03","MAR","PUT 4","Riparian","NN",0.5,"25","fl",1,"lave",0.090666667,"n"
"4/21/03","APR","CRPL","Oak","NN/LR",0.5,"50","fl",1,"lave",0.045714286,"n"
"4/25/03","APR","PUT 2","Riparian","CO/LR",0.5,"25","fl",1,"lave",0.211428571,"n"
"3/11/03","MAR","MUR 70 A","Mixedoak","SE",0.5,"50","infl",3.83,"lela",0.3064,"e"
"5/30/03","MAY","CCNP","Riparian","D/L",0.5,"25","infl",3.83,"lela",25.16857143,"e"
"5/30/03","MAY","LOW","Riparian","SE/DL",0.5,"50","infl",3.83,"lela",0.234906667,"e"
"5/30/03","MAY","TOM","Riparian","CO",0.5,"50","infl",3.83,"lela",1.202030769,"e"
"6/23/03","JUN","CCNP","Riparian","LR/se/CO",0.5,"25","infl",3.83,"lela",3.654914286,"e"
"6/24/03","JUN","LOW","Riparian","DL/SE",0.5,"50","infl",3.83,"lela",0.204266667,"e"
"6/25/03","JUN","TOM","Riparian","CO",0.5,"50","infl",3.83,"lela",0.492428571,"e"
"7/21/03","JUL","CCNP","Riparian","COLR",0.5,"25","infl",3.83,"lela",4.114514286,"e"
"3/17/03","MAR","LOW A","Chaparral","SE/LR",0.5,"50","fl",1,"libi",0.02,"n"
"3/17/03","MAR","LOW B","Chaparral","SE/LR",0.5,"50","fl",1,"libi",0.24,"n"
"3/18/03","MAR","MUR 63","Oak","NN/CO",0.5,"50","fl",1,"libi",0.128,"n"
"3/18/03","MAR","MUR 70","Oak","LR/SE",0.5,"50","fl",1,"libi",0.018666667,"n"
"3/18/03","MAR","MUR 70 B","Mixedoak","LR/SE",0.5,"50","fl",1,"libi",0.088,"n"
"4/22/03","APR","MUR 70 A","Mixedoak","NN",0.5,"50","fl",1,"libi",0.005714286,"n"
"5/5/03","APR","LOW B","Chaparral","SE/NN",0.5,"50","fl",1,"libi",0.016,"n"
"5/28/03","MAY","CRPL","Oak","D/L/Su",0.5,"50","fl",1,"libi",0.011428571,"n"
"4/21/03","APR","CRPL","Oak","NN/LR",0.5,"50","fl",1,"lici",0.034285714,"n"
"4/22/03","APR","MUR 70 B","Mixedoak","NN",0.5,"50","fl",1,"lici",0.026666667,"n"
"5/5/03","APR","LOW A","Chaparral","SE/NN",0.5,"50","fl",1,"lici",0.028,"n"
"5/5/03","APR","LOW B","Chaparral","SE/NN",0.5,"50","fl",1,"lici",0.236,"n"
"3/18/03","MAR","MUR 63","Mixedoak","NN/CO",0.5,"50","fl",1,"Linanthus sp",0.024,"n"
"3/18/03","MAR","MUR 70","Oak","LR/SE",0.5,"50","fl",1,"lipa",0.005333333,"n"
"3/17/03","MAR","LOW A","Chaparral","SE/LR",0.5,"50","fl",1,"loco",0.28,"e"
"3/17/03","MAR","LOW C","Chaparral","SE/LR",0.5,"50","fl",1,"loco",0.004,"e"
"4/22/03","APR","MUR 70 A","Mixedoak","NN",0.5,"50","fl",1,"loco",0.025714286,"e"
"6/23/03","JUN","CCNP","Riparian","LR/se/CO",0.5,"25","fl",1,"loco",0.091428571,"e"
"6/24/03","JUN","LOW","Riparian","DL/SE",0.5,"50","fl",1,"loco",0.008,"e"
"6/24/03","JUN","MCN","Riparian","SBCOLR",0.5,"25","infl",2.5,"loco",1.057142857,"e"
"7/25/03","JUL","MCN","Riparian","CO",0.5,"25","infl",2.5,"loco",0.157142857,"e"
"3/17/03","MAR","LOW A","Chaparral","SE/LR",0.5,"50","fl",1.79,"loda",0.00716,"n"
"3/17/03","MAR","LOW C","Chaparral","SE/LR",0.5,"50","fl",1.79,"loda",0.05012,"n"
"5/5/03","APR","LOW A","Chaparral","SE/NN",0.5,"50","simple umbel",1.79,"loda",0.37948,"n"
"5/30/03","MAY","LOW","Riparian","SE/DL",0.5,"50","fl",1,"lohu",0.005333333,"n"
"3/17/03","MAR","LOW A","Chaparral","SE/LR",0.5,"50","fl",1,"lohu",4.06,"n"
"3/17/03","MAR","LOW B","Chaparral","SE/LR",0.5,"50","fl",1,"lohu",0.048,"n"
"3/18/03","MAR","MUR 63","Mixedoak","NN/CO",0.5,"50","fl",1,"lohu",0.372,"n"
"3/18/03","MAR","MUR 63","Oak","NN/CO",0.5,"50","fl",1,"lohu",0.052,"n"
"3/18/03","MAR","MUR 70","Oak","LR/SE",0.5,"50","fl",1,"lohu",0.714666667,"n"
"3/18/03","MAR","MUR 70 B","Mixedoak","LR/SE",0.5,"50","fl",1,"lohu",0.253333333,"n"
"3/28/03","APR","LOW","Riparian","NN/LR",0.5,"50","fl",1,"lohu",0.170666667,"n"
"4/21/03","APR","CRPL","Oak","NN/LR",0.5,"50","fl",1,"lohu",0.022857143,"n"
"4/21/03","APR","MUR 70","Oak","SE/LR",0.5,"50","fl",1,"lohu",1,"n"
"4/22/03","APR","MUR 63","Mixedoak","NN",0.5,"50","fl",1,"lohu",0.492,"n"
"4/22/03","APR","MUR 63","Oak","NN",0.5,"50","fl",1,"lohu",0.144,"n"
"4/22/03","APR","MUR 70 B","Mixedoak","NN",0.5,"50","fl",1,"lohu",0.552,"n"
"4/23/03","APR","LOW","Riparian","NN/LR",0.5,"50","fl",1,"lohu",0.957333333,"n"
"4/23/03","APR","TOM","Chaparral","LR",0.5,"50","fl",1,"lohu",1.192,"n"
"4/23/03","APR","TOM","Riparian","NN",0.5,"50","fl",1,"lohu",0.086666667,"n"
"5/5/03","APR","LOW A","Chaparral","SE/NN",0.5,"50","fl",1,"lohu",1.132,"n"
"5/5/03","APR","LOW B","Chaparral","SE/NN",0.5,"50","fl",1,"lohu",0.028,"n"
"5/5/03","APR","LOW C","Chaparral","SE/NN",0.5,"50","fl",1,"lohu",0.652,"n"
"5/28/03","MAY","MUR 70","Oak","LR/DL/SE",0.5,"50","fl",1,"lohu",0.126153846,"n"
"5/28/03","MAY","MUR 70 A","Mixedoak","DL/SE/LR",0.5,"50","fl",1,"lohu",0.12,"n"
"5/28/03","MAY","MUR 70 B","Mixedoak","DL/SE/LR",0.5,"50","fl",1,"lohu",0.293333333,"n"
"5/30/03","MAY","MUR 63","Mixedoak","CO/LR",0.5,"50","fl",1,"lohu",0.016,"n"
"5/30/03","MAY","MUR 63","Oak","CO/LR",0.5,"50","fl",1,"lohu",0.012,"n"
"5/30/03","MAY","TOM","Chaparral","LR",0.5,"50","fl",1,"lohu",0.052,"n"
"3/26/03","APR","CRPL","Oak","SE/NN/LR",0.5,"50","infl",1.79,"loda",0.061371429,"n"
"5/5/03","APR","LOW C","Chaparral","SE/NN",0.5,"50","fl",5.93,"losc",0.28464,"n"
"6/24/03","JUN","LOW B","Chaparral","SE/DL",0.5,"50","infl",5.93,"losc",1.39948,"n"
"6/24/03","JUN","LOW C","Chaparral","SE/DL",0.5,"50","infl",5.93,"losc",7.8276,"n"
"7/23/03","JUL","LOW A","Chaparral","SE/DL",0.5,"50","infl",5.93,"losc",0,"n"
"7/23/03","JUL","LOW B","Chaparral","SE/DL",0.5,"50","infl",5.93,"losc",0.02372,"n"
"7/23/03","JUL","LOW C","Chaparral","SE/DL",0.5,"50","infl",5.93,"losc",0,"n"
"3/18/03","MAR","MUR 70","Oak","LR/SE",0.5,"50","infl",1.79,"lout",0.0716,"n"
"4/21/03","APR","MUR 70","Oak","SE/LR",0.5,"50","fl",1.79,"lout",0.015342857,"n"
"4/23/03","APR","LOW","Riparian","NN/LR",0.5,"50","infl",11.15,"lual",0.446,"n"
"3/11/03","MAR","MUR 70","Oak","SE",0.5,"50","infl",2.47,"lube",0.1482,"n"
"3/11/03","MAR","MUR 70 A","Mixedoak","SE",0.5,"50","infl",2.47,"lube",4.95976,"n"
"3/12/03","MAR","PUT 2","Riparian","NN",0.5,"25","infl",2.47,"lube",0.211714286,"n"
"3/12/03","MAR","PUT 4","Riparian","NN",0.5,"25","infl",2.47,"lube",0.092213333,"n"
"3/17/03","MAR","LOW A","Chaparral","SE/LR",0.5,"50","infl",2.47,"lube",9.98868,"n"
"3/17/03","MAR","LOW B","Chaparral","SE/LR",0.5,"50","infl",2.47,"lube",4.03104,"n"
"3/17/03","MAR","LOW C","Chaparral","SE/LR",0.5,"50","infl",2.47,"lube",0.35568,"n"
"3/18/03","MAR","MUR 63","Mixedoak","NN/CO",0.5,"50","infl",2.47,"lube",0.40508,"n"
"3/18/03","MAR","MUR 63","Oak","NN/CO",0.5,"50","infl",2.47,"lube",0.247,"n"
"3/18/03","MAR","MUR 70","Oak","LR/SE",0.5,"50","infl",2.47,"lube",11.86917333,"n"
"3/18/03","MAR","MUR 70 B","Mixedoak","LR/SE",0.5,"50","infl",2.47,"lube",2.476586667,"n"
"3/26/03","APR","CRPL","Oak","SE/NN/LR",0.5,"50","infl",2.47,"lube",0.141142857,"n"
"4/21/03","APR","MUR 70","Oak","SE/LR",0.5,"50","infl",2.47,"lube",6.605485714,"n"
"4/22/03","APR","MUR 70 A","Mixedoak","NN",0.5,"50","infl",2.47,"lube",1.227942857,"n"
"5/28/03","MAY","CRPL","Oak","D/L/Su",0.5,"50","infl",2.47,"lube",0.028228571,"n"
"5/28/03","MAY","MUR 70","Oak","LR/DL/SE",0.5,"50","infl",2.47,"lube",0.304,"n"
"5/28/03","MAY","MUR 70 A","Mixedoak","DL/SE/LR",0.5,"50","infl",2.47,"lube",0.08892,"n"
"5/28/03","MAY","MUR 70 B","Mixedoak","DL/SE/LR",0.5,"50","infl",2.47,"lube",0.013173333,"n"
"3/28/03","APR","TOM","Chaparral","LR",0.5,"50","infl",2.41,"lubi",0.01928,"n"
"4/21/03","APR","CRPL","Oak","NN/LR",0.5,"50","infl",2.41,"lubi",0.006885714,"n"
"4/22/03","APR","MUR 70 A","Mixedoak","NN",0.5,"50","infl",2.41,"lubi",0.241,"n"
"4/23/03","APR","TOM","Riparian","NN",0.5,"50","infl",2.41,"lubi",0.008033333,"n"
"4/25/03","APR","PUT 4","Riparian","CO/LR",0.5,"25","infl",2.41,"lubi",0.205653333,"n"
"4/23/03","APR","LOW","Riparian","NN/LR",0.5,"50","infl",19.05,"lumi",0.6604,"n"
"4/23/03","APR","TOM","Chaparral","LR",0.5,"50","infl",19.05,"lumi",0.3048,"n"
"4/25/03","APR","PUT 4","Riparian","CO/LR",0.5,"25","infl",19.05,"lumi",0.508,"n"
"5/28/03","MAY","CRPL","Oak","D/L/Su",0.5,"50","infl",19.05,"lumi",0.925285714,"n"
"5/30/03","MAY","TOM","Chaparral","LR",0.5,"50","infl",19.05,"lumi",1.2192,"n"
"6/24/03","JUN","LOW","Riparian","DL/SE",0.5,"50","fl",1,"lupe",0.013333333,"e"
"3/12/03","MAR","PUT 4","Riparian","NN",0.5,"25","infl",9.143,"lusu",0.243813333,"n"
"3/28/03","APR","LOW","Riparian","NN/LR",0.5,"50","infl",9.143,"lusu",0.048762667,"n"
"3/28/03","APR","TOM","Riparian","NN?",0.5,"50","infl",9.143,"lusu",0.024381333,"n"
"4/25/03","APR","PUT 4","Riparian","CO/LR",0.5,"25","infl",9.143,"lusu",0.682677333,"n"
"5/30/03","MAY","MUR 63","Oak","CO/LR",0.5,"50","fl",1,"Madia sp.",0.096,"n"
"7/23/03","JUL","LOW A","Chaparral","SE/DL",0.5,"50","fl",1,"Madia sp.",1.828,"n"
"7/23/03","JUL","LOW B","Chaparral","SE/DL",0.5,"50","fl",1,"Madia sp.",0,"n"
"7/23/03","JUL","LOW C","Chaparral","SE/DL",0.5,"50","fl",1,"Madia sp.",0.004,"n"
"4/21/03","APR","CRPL","Oak","NN/LR",0.5,"50","fl",1,"mael",0.077142857,"n"
"4/21/03","APR","MUR 70","Oak","SE/LR",0.5,"50","fl",1,"mael",0.02,"n"
"4/22/03","APR","MUR 63","Mixedoak","NN",0.5,"50","fl",1,"mael",0.004,"n"
"4/22/03","APR","MUR 63","Oak","NN",0.5,"50","fl",1,"mael",0,"n"
"5/5/03","APR","LOW A","Chaparral","SE/NN",0.5,"50","fl",1,"mael",0.004,"n"
"5/5/03","APR","LOW B","Chaparral","SE/NN",0.5,"50","fl",1,"mael",0.008,"n"
"5/30/03","MAY","LOW A","Chaparral","DL/SE",0.5,"50","fl",1,"mael",2.048,"n"
"6/24/03","JUN","LOW A","Chaparral","SE/DL",0.5,"50","fl",1,"mael",16.544,"n"
"6/24/03","JUN","LOW B","Chaparral","SE/DL",0.5,"50","fl",1,"mael",0,"n"
"6/24/03","JUN","LOW C","Chaparral","SE/DL",0.5,"50","fl",1,"mael",0,"n"
"5/30/03","MAY","LOW B","Chaparral","DL/SE",0.5,"50","fl",1,"maex",0.076,"n"
"5/27/03","MAY","MCN","Riparian","L/C/Su/D",0.5,"25","fl",1,"mapa",0.011428571,"e"
"5/30/03","MAY","MUR 63","Oak","CO/LR",0.5,"50","fl",1,"mapa",0.236,"e"
"5/5/03","APR","MCN","Riparian","CO/LR",0.5,"25","infl",3.476,"mavu",0.13904,"e"
"5/27/03","MAY","MCN","Riparian","L/C/Su/D",0.5,"25","infl",3.476,"mavu",0.13904,"e"
"5/27/03","MAY","PUT 2","Riparian","LCDSu",0.5,"25","infl",3.476,"mavu",0.41712,"e"
"6/24/03","JUN","MCN","Riparian","SBCOLR",0.5,"25","infl",3.476,"mavu",0.119177143,"e"
"3/12/03","MAR","PUT 2","Riparian","NN",0.5,"25","infl",5.23,"meal",0.747142857,"e"
"6/23/03","JUN","PUT 2","Riparian","LR/se/CO",0.5,"25","infl",5.23,"meal",5.738057143,"e"
"7/21/03","JUL","PUT 2","Riparian","COLR",0.5,"25","infl",5.23,"meal",1.434514286,"e"
"7/23/03","JUL","LOW","Riparian","SE/DL",0.5,"50","infl",5.23,"meal",0.404453333,"e"
"4/23/03","APR","LOW","Riparian","NN/LR",0.5,"50","infl",10.4,"mein",15.36426667,"e"
"4/23/03","APR","TOM","Chaparral","LR",0.5,"50","infl",10.4,"mein",0.9984,"e"
"4/23/03","APR","TOM","Riparian","NN",0.5,"50","infl",10.4,"mein",6.482666667,"e"
"5/27/03","MAY","PUT 2","Riparian","LCDSu",0.5,"25","infl",10.4,"mein",1.188571429,"e"
"5/28/03","MAY","MUR 70","Oak","LR/DL/SE",0.5,"50","infl",10.4,"mein",0,"e"
"5/28/03","MAY","MUR 70 A","Mixedoak","DL/SE/LR",0.5,"50","infl",10.4,"mein",0.1664,"e"
"5/28/03","MAY","MUR 70 B","Mixedoak","DL/SE/LR",0.5,"50","infl",10.4,"mein",0.305066667,"e"
"5/30/03","MAY","TOM","Riparian","CO",0.5,"50","infl",10.4,"mein",1.536,"e"
"6/24/03","JUN","LOW","Riparian","DL/SE",0.5,"50","fl",1,"mela",0.013333333,"n"
"7/23/03","JUL","LOW","Riparian","SE/DL",0.5,"50","fl",1,"mela",0.077333333,"n"
"3/28/03","APR","LOW","Riparian","NN/LR",0.5,"50","infl",7.16,"meof",0.248213333,"e"
"3/12/03","MAR","MCN","Riparian","NN",0.5,"25","fl",1,"mepo",0.108571429,"e"
"3/12/03","MAR","PUT 2","Riparian","NN",0.5,"25","fl",1,"mepo",1.142857143,"e"
"3/18/03","MAR","MUR 70","Oak","LR/SE",0.5,"50","fl",1,"mepo",0.016,"e"
"3/18/03","MAR","MUR 70 B","Mixedoak","LR/SE",0.5,"50","fl",1,"mepo",0.170666667,"e"
"3/28/03","APR","LOW","Riparian","NN/LR",0.5,"50","fl",1,"mepo",0.013333333,"e"
"3/28/03","APR","TOM","Riparian","NN?",0.5,"50","fl",1,"mepo",0.005333333,"e"
"4/21/03","APR","CRPL","Oak","NN/LR",0.5,"50","fl",1,"mepo",0.12,"e"
"4/21/03","APR","MUR 70","Oak","SE/LR",0.5,"50","fl",1,"mepo",0.111428571,"e"
"4/22/03","APR","MUR 63","Mixedoak","NN",0.5,"50","fl",1,"mepo",0.028,"e"
"4/22/03","APR","MUR 63","Oak","NN",0.5,"50","fl",1,"mepo",0.036,"e"
"4/22/03","APR","MUR 70 A","Mixedoak","NN",0.5,"50","fl",1,"mepo",0.04,"e"
"4/22/03","APR","MUR 70 B","Mixedoak","NN",0.5,"50","fl",1,"mepo",0.197333333,"e"
"4/23/03","APR","LOW","Riparian","NN/LR",0.5,"50","fl",1,"mepo",0.04,"e"
"4/23/03","APR","TOM","Chaparral","LR",0.5,"50","fl",1,"mepo",1.096,"e"
"4/23/03","APR","TOM","Riparian","NN",0.5,"50","fl",1,"mepo",0.033333333,"e"
"4/25/03","APR","PUT 2","Riparian","CO/LR",0.5,"25","fl",1,"mepo",0.657142857,"e"
"4/25/03","APR","PUT 4","Riparian","CO/LR",0.5,"25","fl",1,"mepo",0.032,"e"
"5/28/03","MAY","MUR 70 B","Mixedoak","DL/SE/LR",0.5,"50","fl",1,"mepo",0.002666667,"e"
"5/30/03","MAY","MUR 63","Oak","CO/LR",0.5,"50","fl",1,"mial",0.06,"n"
"5/30/03","MAY","CCNP","Riparian","D/L",0.5,"25","fl",1,"miau",0.428571429,"n"
"6/24/03","JUN","LOW B","Chaparral","SE/DL",0.5,"50","fl",1,"miau",0.004,"n"
"6/24/03","JUN","LOW C","Chaparral","SE/DL",0.5,"50","fl",1,"miau",0.012,"n"
"4/23/03","APR","TOM","Riparian","NN",0.5,"50","fl",1,"migu",0.003636364,"n"
"3/17/03","MAR","LOW C","Chaparral","SE/LR",0.5,"50","fl",1,"Mimulus sp.",0.04,"n"
"6/24/03","JUN","MUR 63","Oak","SBCOLR",0.5,"50","fl",1,"movi",0.012,"n"
"5/28/03","MAY","CRPL","Oak","D/L/Su",0.5,"50","infl",3,"napu",0.36,"n"
"5/28/03","MAY","MUR 70","Oak","LR/DL/SE",0.5,"50","fl",1,"napu",2.166153846,"n"
"5/28/03","MAY","MUR 70 A","Mixedoak","DL/SE/LR",0.5,"50","fl",1,"napu",0.536,"n"
"5/30/03","MAY","LOW A","Chaparral","DL/SE",0.5,"50","infl",3,"napu",9.06,"n"
"5/30/03","MAY","LOW B","Chaparral","DL/SE",0.5,"50","infl",3,"napu",3.6,"n"
"5/30/03","MAY","LOW C","Chaparral","DL/SE",0.5,"50","infl",3,"napu",0.6,"n"
"5/30/03","MAY","MUR 63","Mixedoak","CO/LR",0.5,"50","infl",3,"napu",0.696,"n"
"5/30/03","MAY","MUR 63","Oak","CO/LR",0.5,"50","infl",3,"napu",1.032,"n"
"5/30/03","MAY","TOM","Chaparral","LR",0.5,"50","fl",1,"napu",0.024,"n"
"5/30/03","MAY","TOM","Chaparral","LR",0.5,"50","fl",1,"napu",0.056,"n"
"3/26/03","APR","CRPL","Oak","SE/NN/LR",0.5,"50","fl",1,"nehe",0.051428571,"n"
"4/21/03","APR","CRPL","Oak","NN/LR",0.5,"50","fl",1,"nehe",0.031428571,"n"
"5/5/03","APR","MCN","Riparian","CO/LR",0.5,"25","fl",1,"nigl",0.022857143,"e"
"5/30/03","MAY","CCNP","Riparian","D/L",0.5,"25","fl",1,"nigl",0.285714286,"e"
"3/12/03","MAR","PUT 4","Riparian","NN",0.5,"25","fl",1,"oxpe",0.133333333,"e"
"5/30/03","MAY","LOW C","Chaparral","DL/SE",0.5,"50","fl",1,"pehe",0.012,"n"
"5/5/03","APR","LOW C","Chaparral","SE/NN",0.5,"50","fl",1,"phim",0.008,"n"
"5/28/03","MAY","CRPL","Oak","D/L/Su",0.5,"50","fl",1,"phim",0.008571429,"n"
"3/18/03","MAR","MUR 63","Mixedoak","NN/CO",0.5,"50","fl",1,"Phlox sp",0.348,"n"
"3/18/03","MAR","MUR 63","Oak","NN/CO",0.5,"50","fl",1,"Phlox sp",0.508,"n"
"3/18/03","MAR","MUR 70","Oak","LR/SE",0.5,"50","fl",1,"Phlox sp",0.4,"n"
"5/30/03","MAY","LOW","Riparian","SE/DL",0.5,"50","infl",5,"phno",0.546666667,"n"
"6/24/03","JUN","LOW","Riparian","DL/SE",0.5,"50","infl",5,"phno",0.986666667,"n"
"7/23/03","JUL","LOW","Riparian","SE/DL",0.5,"50","infl",5,"phno",0.493333333,"n"
"7/25/03","JUL","MCN","Riparian","CO",0.5,"25","infl",5,"phno",1.771428571,"n"
"5/30/03","MAY","MUR 63","Mixedoak","CO/LR",0.5,"50","fl",1,"pink phlox",0.056,"n"
"5/30/03","MAY","MUR 63","Oak","CO/LR",0.5,"50","fl",1,"pink phlox",0.084,"n"
"3/17/03","MAR","LOW A","Chaparral","SE/LR",0.5,"50","infl",1,"Plagiobothrys",0.904,"n"
"3/17/03","MAR","LOW C","Chaparral","SE/LR",0.5,"50","infl",1,"Plagiobothrys",0.168,"n"
"3/17/03","MAR","LOW C","Chaparral","SE/LR",0.5,"50","fl",1,"Plagiobothrys",0.136,"n"
"3/18/03","MAR","MUR 70 B","Mixedoak","LR/SE",0.5,"50","infl",1,"Plagiobothrys",0.013333333,"n"
"3/17/03","MAR","LOW A","Chaparral","SE/LR",0.5,"50","infl",1,"Plagiobothrys small",1.52,"n"
"3/17/03","MAR","LOW B","Chaparral","SE/LR",0.5,"50","infl",1,"Plagiobothrys small",2.452,"n"
"3/17/03","MAR","LOW B","Chaparral","SE/LR",0.5,"50","fl",1,"plci",2.372,"n"
"3/17/03","MAR","LOW C","Chaparral","SE/LR",0.5,"50","fl",1,"plci",0.104,"n"
"3/18/03","MAR","MUR 63","Mixedoak","NN/CO",0.5,"50","fl",1,"plci",0.14,"n"
"3/18/03","MAR","MUR 70","Oak","LR/SE",0.5,"50","fl",1,"plci",0.146666667,"n"
"3/18/03","MAR","MUR 70 B","Mixedoak","LR/SE",0.5,"50","fl",1,"plci",0.037333333,"n"
"3/26/03","APR","CRPL","Oak","SE/NN/LR",0.5,"50","fl",1,"plci",0.145714286,"n"
"3/17/03","MAR","LOW B","Chaparral","SE/LR",0.5,"50","fl",1,"Plectritis sp.",0.22,"n"
"3/18/03","MAR","MUR 63","Mixedoak","NN/CO",0.5,"50","fl",1,"plma",0,"n"
"6/24/03","JUN","CRPL","Oak","DL/se",0.5,"50","fl",1,"pomegranite",0.142857143,"c"
"3/18/03","MAR","MUR 63","Oak","NN/CO",0.5,"50","fl",1,"raoc",0.332,"n"
"3/26/03","APR","CRPL","Oak","SE/NN/LR",0.5,"50","fl",1,"raoc",0.128571429,"n"
"4/21/03","APR","CRPL","Oak","NN/LR",0.5,"50","fl",1,"raoc",0.031428571,"n"
"4/22/03","APR","MUR 63","Oak","NN",0.5,"50","fl",1,"raoc",0.06,"n"
"5/5/03","APR","MCN","Riparian","CO/LR",0.5,"25","fl",1,"roca",0.04,"n"
"5/30/03","MAY","CCNP","Riparian","D/L",0.5,"25","fl",1,"roca",0.005714286,"n"
"7/25/03","JUL","MCN","Riparian","CO",0.5,"25","fl",1,"roca",0.045714286,"n"
"5/30/03","MAY","CCNP","Riparian","D/L",0.5,"25","fl",1,"ruco",0.034285714,"e"
"7/21/03","JUL","PUT 2","Riparian","COLR",0.5,"25","fl",1,"rudi",0.005714286,"e"
"3/17/03","MAR","LOW B","Chaparral","SE/LR",0.5,"50","infl",5.54,"sabi",0.79776,"n"
"3/26/03","APR","CRPL","Oak","SE/NN/LR",0.5,"50","infl",5.54,"sabi",0.316571429,"n"
"3/17/03","MAR","LOW B","Chaparral","SE/LR",0.5,"50","infl",3.71,"saca",0.65296,"n"
"3/18/03","MAR","MUR 63","Mixedoak","NN/CO",0.5,"50","infl",3.71,"saca",0.04452,"n"
"3/18/03","MAR","MUR 63","Oak","NN/CO",0.5,"50","infl",3.71,"saca",1.855,"n"
"3/18/03","MAR","MUR 70","Oak","LR/SE",0.5,"50","infl",3.71,"saca",0.108826667,"n"
"3/26/03","APR","CRPL","Oak","SE/NN/LR",0.5,"50","infl",3.71,"saca",0.0742,"n"
"4/21/03","APR","CRPL","Oak","NN/LR",0.5,"50","infl",3.71,"saca",0.2968,"n"
"4/23/03","APR","TOM","Riparian","NN",0.5,"50","fl",1,"saex male",0.181818182,"n"
"3/26/03","APR","CRPL","Oak","SE/NN/LR",0.5,"50","fl",1,"Salisify",0.002857143,"e"
"5/27/03","MAY","MCN","Riparian","L/C/Su/D",0.5,"25","bush",30,"same 15%",0.342857143,"n"
"3/11/03","MAR","MUR 70 A","Mixedoak","SE",0.5,"50","plant",40.16,"Sanicula",3.53408,"n"
"3/17/03","MAR","LOW B","Chaparral","SE/LR",0.5,"50","infl",5.02,"Sanicula",1.38552,"n"
"3/17/03","MAR","LOW C","Chaparral","SE/LR",0.5,"50","infl",5.02,"Sanicula",0.26104,"n"
"3/18/03","MAR","MUR 63","Mixedoak","NN/CO",0.5,"50","infl",5.02,"Sanicula",1.66664,"n"
"3/18/03","MAR","MUR 63","Oak","NN/CO",0.5,"50","plant",40.16,"Sanicula",30.84288,"n"
"3/18/03","MAR","MUR 70","Oak","LR/SE",0.5,"50","infl",5.02,"Sanicula",7.014613333,"n"
"3/18/03","MAR","MUR 70 B","Mixedoak","LR/SE",0.5,"50","infl",5.02,"Sanicula",1.178026667,"n"
"3/26/03","APR","CRPL","Oak","SE/NN/LR",0.5,"50","infl",5.02,"Sanicula",0.086057143,"n"
"3/26/03","APR","CRPL","Oak","SE/NN/LR",0.5,"50","infl",5,"sasu",0.114285714,NA
"3/17/03","MAR","LOW C","Chaparral","SE/LR",0.5,"50","infl",1.71,"sctu",0.0342,"n"
"3/18/03","MAR","MUR 70 B","Mixedoak","LR/SE",0.5,"50","infl",1.71,"sctu",0.01368,"n"
"3/12/03","MAR","PUT 2","Riparian","NN",0.5,"25","fl",1,"sedge",0.142857143,"n"
"3/11/03","MAR","MUR 70","Oak","SE",0.5,"50","plant",3.07,"sevu",0.94556,"e"
"3/11/03","MAR","MUR 70 A","Mixedoak","SE",0.5,"50","plant",3.07,"sevu",1.52272,"e"
"3/12/03","MAR","MCN","Riparian","NN",0.5,"25","plant",3.07,"sevu",0.877142857,"e"
"3/17/03","MAR","CCNP","Riparian","CO",0.5,"25","plant",3.07,"sevu",0.649085714,"e"
"3/17/03","MAR","LOW A","Chaparral","SE/LR",0.5,"50","plant",3.07,"sevu",0.01228,"e"
"3/17/03","MAR","LOW B","Chaparral","SE/LR",0.5,"50","plant",3.07,"sevu",0.02456,"e"
"3/17/03","MAR","LOW C","Chaparral","SE/LR",0.5,"50","plant",3.07,"sevu",0.41752,"e"
"3/18/03","MAR","MUR 63","Mixedoak","NN/CO",0.5,"50","plant",3.07,"sevu",4.02784,"e"
"3/18/03","MAR","MUR 63","Oak","NN/CO",0.5,"50","plant",3.07,"sevu",0.44208,"e"
"3/18/03","MAR","MUR 70","Oak","LR/SE",0.5,"50","plant",3.07,"sevu",2.439626667,"e"
"3/18/03","MAR","MUR 70 B","Mixedoak","LR/SE",0.5,"50","plant",3.07,"sevu",4.510853333,"e"
"4/21/03","APR","CRPL","Oak","NN/LR",0.5,"50","fl",1,"sibe",0.131428571,"n"
"5/28/03","MAY","CRPL","Oak","D/L/Su",0.5,"50","fl",1,"sibe",0.002857143,"n"
"5/5/03","APR","LOW A","Chaparral","SE/NN",0.5,"50","fl",1,"Sidalcea sp",0.116,"n"
"5/28/03","MAY","MUR 70","Oak","LR/DL/SE",0.5,"50","fl",1,"Sidalcea sp",0.141538462,"n"
"5/28/03","MAY","MUR 70 B","Mixedoak","DL/SE/LR",0.5,"50","fl",1,"Sidalcea sp",0.8,"n"
"5/30/03","MAY","LOW A","Chaparral","DL/SE",0.5,"50","fl",1,"Sidalcea sp",0.036,"n"
"5/30/03","MAY","MUR 63","Mixedoak","CO/LR",0.5,"50","fl",1,"Sidalcea sp",0.072,"n"
"5/30/03","MAY","MUR 63","Oak","CO/LR",0.5,"50","fl",1,"Sidalcea sp",0.088,"n"
"4/21/03","APR","MUR 70","Oak","SE/LR",0.5,"50","fl",1,"siga",0.137142857,"e"
"4/22/03","APR","MUR 63","Mixedoak","NN",0.5,"50","fl",1,"siga",0.036,"e"
"4/22/03","APR","MUR 63","Oak","NN",0.5,"50","fl",1,"siga",0,"e"
"4/22/03","APR","MUR 70 A","Mixedoak","NN",0.5,"50","fl",1,"siga",0.171428571,"e"
"4/22/03","APR","MUR 70 B","Mixedoak","NN",0.5,"50","fl",1,"siga",0.450666667,"e"
"4/25/03","APR","PUT 2","Riparian","CO/LR",0.5,"25","fl",1,"siga",0.12,"e"
"5/5/03","APR","LOW A","Chaparral","SE/NN",0.5,"50","fl",1,"siga",0.092,"e"
"5/5/03","APR","LOW B","Chaparral","SE/NN",0.5,"50","fl",1,"siga",0.048,"e"
"5/5/03","APR","LOW C","Chaparral","SE/NN",0.5,"50","fl",1,"siga",0.028,"e"
"3/17/03","MAR","LOW A","Chaparral","SE/LR",0.5,"50","fl",1,"Silene sp.",0.004,"e"
"4/22/03","APR","MUR 70 A","Mixedoak","NN",0.5,"50","fl",1,"sima",0.002857143,"e"
"4/23/03","APR","TOM","Chaparral","LR",0.5,"50","fl",1,"sima",0.136,"e"
"4/25/03","APR","PUT 2","Riparian","CO/LR",0.5,"25","fl",1,"sima",0.005714286,"e"
"4/30/03","APR","CCNP","Riparian","LR/CO",0.5,"25","fl",1,"sima",0.017142857,"e"
"5/5/03","APR","MCN","Riparian","CO/LR",0.5,"25","fl",1,"sima",0,"e"
"5/27/03","MAY","MCN","Riparian","L/C/Su/D",0.5,"25","fl",1,"sima",0.571428571,"e"
"5/30/03","MAY","CCNP","Riparian","D/L",0.5,"25","fl",1,"sima",0.16,"e"
"4/21/03","APR","MUR 70","Oak","SE/LR",0.5,"50","fl",1.82,"siof",0.1508,"e"
"4/22/03","APR","MUR 63","Mixedoak","NN",0.5,"50","infl",1.82,"siof",0.20384,"e"
"4/22/03","APR","MUR 63","Oak","NN",0.5,"50","infl",1.82,"siof",0.02912,"e"
"4/22/03","APR","MUR 70 A","Mixedoak","NN",0.5,"50","infl",1.82,"siof",0.0208,"e"
"4/22/03","APR","MUR 70 B","Mixedoak","NN",0.5,"50","infl",1.82,"siof",0.097066667,"e"
"5/5/03","APR","LOW C","Chaparral","SE/NN",0.5,"50","infl",1.82,"siof",0.17472,"e"
"3/12/03","MAR","PUT 2","Riparian","NN",0.5,"25","fl",1,"sool",0.331428571,"e"
"4/25/03","APR","PUT 2","Riparian","CO/LR",0.5,"25","fl",1,"sool",0.017142857,"e"
"4/30/03","APR","CCNP","Riparian","LR/CO",0.5,"25","fl",1,"sool",0.005714286,"e"
"5/5/03","APR","MCN","Riparian","CO/LR",0.5,"25","fl",1,"sool",0.177142857,"e"
"5/27/03","MAY","PUT 2","Riparian","LCDSu",0.5,"25","fl",1,"sool",0.028571429,"e"
"5/30/03","MAY","TOM","Riparian","CO",0.5,"50","fl",1,"sool",0.006153846,"e"
"4/21/03","APR","CRPL","Oak","NN/LR",0.5,"50","fl",1,"soxa",0.042857143,"n"
"6/24/03","JUN","CRPL","Oak","DL/se",0.5,"50","fl",1,"spju",1.571428571,"e"
"5/30/03","MAY","LOW","Riparian","SE/DL",0.5,"50","fl",1,"spru",0.04,"e"
"5/30/03","MAY","LOW A","Chaparral","DL/SE",0.5,"50","fl",1,"spru",0.136,"e"
"3/11/03","MAR","MUR 70 A","Mixedoak","SE",0.5,"50","fl",1,"stme",0.192,"e"
"3/12/03","MAR","MCN","Riparian","NN",0.5,"25","fl",1,"stme",0.142857143,"e"
"3/12/03","MAR","PUT 4","Riparian","NN",0.5,"25","fl",1,"stme",0.053333333,"e"
"3/18/03","MAR","MUR 70","Oak","LR/SE",0.5,"50","fl",1,"stme",0.056,"e"
"3/18/03","MAR","MUR 70 B","Mixedoak","LR/SE",0.5,"50","fl",1,"stme",0.002666667,"e"
"7/23/03","JUL","LOW","Riparian","SE/DL",0.5,"50","fl",1,"stvi",0.008,"n"
"3/17/03","MAR","LOW A","Chaparral","SE/LR",0.5,"50","fl",1,"thcu",0.004,"e"
"3/18/03","MAR","MUR 70 B","Mixedoak","LR/SE",0.5,"50","fl",1,"thcu",0.021333333,"e"
"3/18/03","MAR","MUR 63","Oak","NN/CO",0.5,"50","fl",1,"todi",0.34,"n"
"3/18/03","MAR","MUR 70","Oak","LR/SE",0.5,"50","fl",1,"todi",0.210666667,"n"
"4/21/03","APR","CRPL","Oak","NN/LR",0.5,"50","fl",1,"todi",0.428571429,"n"
"6/24/03","JUN","CRPL","Oak","DL/se",0.5,"50","fl",1,"toyon",0.571428571,"n"
"4/21/03","APR","CRPL","Oak","NN/LR",0.5,"50","infl",4.9,"trdu",2.73,"e"
"4/21/03","APR","MUR 70","Oak","SE/LR",0.5,"50","infl",4.9,"trdu",2.072,"e"
"4/22/03","APR","MUR 63","Mixedoak","NN",0.5,"50","infl",4.9,"trdu",0.8232,"e"
"4/22/03","APR","MUR 63","Oak","NN",0.5,"50","infl",4.9,"trdu",0,"e"
"4/22/03","APR","MUR 70 A","Mixedoak","NN",0.5,"50","infl",4.9,"trdu",8.512,"e"
"4/22/03","APR","MUR 70 B","Mixedoak","NN",0.5,"50","infl",4.9,"trdu",8.3496,"e"
"5/28/03","MAY","MUR 70","Oak","LR/DL/SE",0.5,"50","infl",4.9,"trdu",0,"e"
"5/28/03","MAY","MUR 70 A","Mixedoak","DL/SE/LR",0.5,"50","infl",4.9,"trdu",3.7044,"e"
"3/26/03","APR","CRPL","Oak","SE/NN/LR",0.5,"50","fl",1,"trer",0.005714286,"e"
"4/25/03","APR","PUT 2","Riparian","CO/LR",0.5,"25","fl",1,"trgl",0.514285714,"e"
"4/21/03","APR","CRPL","Oak","NN/LR",0.5,"50","infl",3.25,"trhi",0.046428571,"e"
"4/21/03","APR","MUR 70","Oak","SE/LR",0.5,"50","infl",3.25,"trhi",1.717857143,"e"
"4/22/03","APR","MUR 63","Mixedoak","NN",0.5,"50","infl",3.25,"trhi",12.545,"e"
"4/22/03","APR","MUR 63","Oak","NN",0.5,"50","infl",3.25,"trhi",0.325,"e"
"4/22/03","APR","MUR 70 A","Mixedoak","NN",0.5,"50","infl",3.25,"trhi",1.847857143,"e"
"4/22/03","APR","MUR 70 B","Mixedoak","NN",0.5,"50","infl",3.25,"trhi",16.926,"e"
"4/23/03","APR","LOW","Riparian","NN/LR",0.5,"50","infl",3.25,"trhi",0.043333333,"e"
"4/23/03","APR","TOM","Chaparral","LR",0.5,"50","infl",3.25,"trhi",5.356,"e"
"4/25/03","APR","PUT 4","Riparian","CO/LR",0.5,"25","infl",3.25,"trhi",0.017333333,"e"
"5/5/03","APR","LOW A","Chaparral","SE/NN",0.5,"50","infl",3.25,"trhi",2.756,"e"
"5/5/03","APR","LOW B","Chaparral","SE/NN",0.5,"50","infl",3.25,"trhi",0.507,"e"
"5/5/03","APR","LOW C","Chaparral","SE/NN",0.5,"50","infl",3.25,"trhi",1.43,"e"
"5/28/03","MAY","CRPL","Oak","D/L/Su",0.5,"50","infl",3.25,"trhi",0.111428571,"e"
"5/30/03","MAY","MUR 63","Oak","CO/LR",0.5,"50","infl",3.25,"trhi",0.091,"e"
"5/30/03","MAY","TOM","Chaparral","LR",0.5,"50","infl",3.25,"trhi",0.065,"e"
"5/30/03","MAY","TOM","Riparian","CO",0.5,"50","infl",3.25,"trhi",0.07,"e"
"5/28/03","MAY","CRPL","Oak","D/L/Su",0.5,"50","fl",1,"trhy",0.008571429,"e"
"5/28/03","MAY","MUR 70","Oak","LR/DL/SE",0.5,"50","fl",1,"trhy",0,"e"
"5/28/03","MAY","MUR 70 A","Mixedoak","DL/SE/LR",0.5,"50","fl",1,"trhy",0.024,"e"
"3/26/03","APR","CRPL","Oak","SE/NN/LR",0.5,"50","infl",3.25,"Trifolium sp.",0.742857143,"e"
"3/28/03","APR","TOM","Chaparral","LR",0.5,"50","fl",1,"trla",0.136,"n"
"4/21/03","APR","CRPL","Oak","NN/LR",0.5,"50","fl",1,"trla",0.268571429,"n"
"4/21/03","APR","MUR 70","Oak","SE/LR",0.5,"50","fl",1,"trla",0.157142857,"n"
"4/22/03","APR","MUR 63","Mixedoak","NN",0.5,"50","fl",1,"trla",0.06,"n"
"4/22/03","APR","MUR 63","Oak","NN",0.5,"50","fl",1,"trla",0.048,"n"
"4/22/03","APR","MUR 70 A","Mixedoak","NN",0.5,"50","fl",1,"trla",0.085714286,"n"
"4/22/03","APR","MUR 70 B","Mixedoak","NN",0.5,"50","fl",1,"trla",0.128,"n"
"4/23/03","APR","TOM","Chaparral","LR",0.5,"50","fl",1,"trla",0.02,"n"
"5/5/03","APR","LOW A","Chaparral","SE/NN",0.5,"50","fl",1,"trla",0.072,"n"
"5/5/03","APR","LOW C","Chaparral","SE/NN",0.5,"50","fl",1,"trla",0.012,"n"
"5/28/03","MAY","CRPL","Oak","D/L/Su",0.5,"50","fl",1,"trla",0.028571429,"n"
"7/23/03","JUL","LOW A","Chaparral","SE/DL",0.5,"50","fl",1,"trln",0,"n"
"7/23/03","JUL","LOW B","Chaparral","SE/DL",0.5,"50","fl",1,"trln",0,"n"
"7/23/03","JUL","LOW C","Chaparral","SE/DL",0.5,"50","fl",1,"trln",0.036,"n"
"4/23/03","APR","TOM","Chaparral","LR",0.5,"50","infl",4.18,"trre",0.06688,"e"
"4/21/03","APR","CRPL","Oak","NN/LR",0.5,"50","infl",6,"trwi",0.257142857,"n"
"4/21/03","APR","MUR 70","Oak","SE/LR",0.5,"50","infl",6,"trwi",0.377142857,"n"
"4/22/03","APR","MUR 63","Oak","NN",0.5,"50","infl",6,"trwi",0.6,"n"
"5/5/03","APR","LOW B","Chaparral","SE/NN",0.5,"50","fl",6,"trwi",0.624,"n"
"3/12/03","MAR","PUT 2","Riparian","NN",0.5,"25","fl",1,"visa",0.142857143,"e"
"4/22/03","APR","MUR 63","Mixedoak","NN",0.5,"50","fl",1,"visa",0.004,"e"
"4/22/03","APR","MUR 63","Oak","NN",0.5,"50","fl",1,"visa",0,"e"
"4/25/03","APR","PUT 4","Riparian","CO/LR",0.5,"25","fl",1,"visa",0.181333333,"e"
"3/28/03","APR","LOW","Riparian","NN/LR",0.5,"50","fl",4.75,"vivi",0.126666667,"e"
"4/21/03","APR","MUR 70","Oak","SE/LR",0.5,"50","infl",4.75,"vivi",0.339285714,"e"
"4/22/03","APR","MUR 63","Oak","NN",0.5,"50","infl",4.75,"vivi",0.076,"e"
"4/22/03","APR","MUR 70 A","Mixedoak","NN",0.5,"50","infl",4.75,"vivi",1.967857143,"e"
"4/22/03","APR","MUR 70 B","Mixedoak","NN",0.5,"50","infl",4.75,"vivi",2.140666667,"e"
"4/23/03","APR","LOW","Riparian","NN/LR",0.5,"50","infl",4.75,"vivi",1.266666667,"e"
"4/23/03","APR","TOM","Chaparral","LR",0.5,"50","infl",4.75,"vivi",0.627,"e"
"4/25/03","APR","PUT 2","Riparian","CO/LR",0.5,"25","infl",4.75,"vivi",2.551428571,"e"
"4/25/03","APR","PUT 4","Riparian","CO/LR",0.5,"25","infl",4.75,"vivi",2.305333333,"e"
"5/5/03","APR","LOW A","Chaparral","SE/NN",0.5,"50","infl",4.75,"vivi",0.038,"e"
"5/27/03","MAY","PUT 2","Riparian","LCDSu",0.5,"25","infl",4.75,"vivi",7.572857143,"e"
"5/28/03","MAY","MUR 70","Oak","LR/DL/SE",0.5,"50","infl",4.75,"vivi",0,"e"
"5/28/03","MAY","MUR 70 A","Mixedoak","DL/SE/LR",0.5,"50","infl",4.75,"vivi",0.19,"e"
"5/30/03","MAY","LOW","Riparian","SE/DL",0.5,"50","infl",4.75,"vivi",0.025333333,"e"
"5/30/03","MAY","TOM","Chaparral","LR",0.5,"50","infl",4.75,"vivi",0.133,"e"
"6/23/03","JUN","PUT 4","Riparian","LR/se/CO",0.5,"25","infl",4.75,"vivi",2.077333333,"e"
"4/21/03","APR","CRPL","Oak","NN/LR",0.5,"50","fl",1,"wyhe",0.002857143,"n"
"6/24/03","JUN","MUR 70 A","Mixedoak","SBCOLR",0.5,"50",NA,1,"nothing",0,NA
"6/24/03","JUN","MUR 70 B","Mixedoak","SBCOLR",0.5,"50",NA,1,"nothing",0,NA
"5/27/03","MAY","PUT 4","Riparian","LCDSu",5,"25","infl",37.2,"aeca",1.42848,"n"
"6/24/03","JUN","MCN","Riparian","SBCOLR",5,"25","infl",37.2,"aeca",0,"n"
"3/12/03","MAR","MCN","Riparian","NN",5,"25","fl",1,"almond",0.031428571,"c"
"3/12/03","MAR","MCN","Riparian","NN",5,"25","fl",1,"arca",0.018857143,"n"
"4/25/03","APR","PUT 2","Riparian","CO/LR",5,"25","fl",1,"basa female",0.245714286,"n"
"4/30/03","APR","CCNP","Riparian","LR/CO",5,"25","fl",1,"basa female",0.273142857,"n"
"4/25/03","APR","PUT 2","Riparian","CO/LR",5,"25","fl",1,"basa male",0.057142857,"n"
"4/30/03","APR","CCNP","Riparian","LR/CO",5,"25","fl",1,"basa male",0.877142857,"n"
"5/27/03","MAY","PUT 4","Riparian","LCDSu",5,"25","infl",6.7,"brni",0.360906667,"e"
"4/25/03","APR","PUT 2","Riparian","CO/LR",5,"25","fl",1,"capu",0.016,"n"
"5/27/03","MAY","PUT 2","Riparian","LCDSu",5,"25","fl",1,"capu",0.004,"n"
"5/27/03","MAY","PUT 4","Riparian","LCDSu",5,"25","fl",1,"capy",0.033066667,"e"
"5/27/03","MAY","PUT 4","Riparian","LCDSu",5,"25","fl",1,"erbo",0.002133333,"e"
"4/25/03","APR","PUT 4","Riparian","CO/LR",5,"25","fl",1,"erca",0.026666667,"n"
"5/27/03","MAY","PUT 4","Riparian","LCDSu",5,"25","fl",1,"esca",0.007466667,"n"
"5/27/03","MAY","PUT 4","Riparian","LCDSu",5,"25","fl",1,"Fabacea sp",0.002133333,NA
"5/27/03","MAY","PUT 2","Riparian","LCDSu",5,"25","infl",1,"grape",0.437142857,"n"
"5/27/03","MAY","PUT 4","Riparian","LCDSu",5,"25","infl",9.14,"lusu",0.009749333,"n"
"3/12/03","MAR","MCN","Riparian","NN",5,"25","fl",1,"mafa",0.548571429,"n"
"3/12/03","MAR","PUT 4","Riparian","NN",5,"25","fl",1,"mafa",0.058666667,"n"
"5/27/03","MAY","PUT 4","Riparian","LCDSu",5,"25","infl",4,"mavu",0.010666667,"e"
"5/27/03","MAY","PUT 4","Riparian","LCDSu",5,"25","infl",10.4,"mein",0.1664,"e"
"6/24/03","JUN","MCN","Riparian","SBCOLR",5,"25","fl",1,"nigl",0.021714286,"e"
"7/21/03","JUL","CCNP","Riparian","COLR",5,"25","fl",1,"nigl",0.029714286,"e"
"7/25/03","JUL","MCN","Riparian","CO",5,"25","fl",1,"nigl",0.012571429,"e"
"5/27/03","MAY","MCN","Riparian","L/C/Su/D",5,"25","fl",1,"roca",0.005714286,"n"
"5/27/03","MAY","PUT 4","Riparian","LCDSu",5,"25","fl",1,"roca",0.001066667,"n"
"5/27/03","MAY","MCN","Riparian","L/C/Su/D",5,"25","fl",1,"rudi",0.050857143,"e"
"5/27/03","MAY","PUT 2","Riparian","LCDSu",5,"25","fl",1,"rudi",0.163428571,"e"
"5/27/03","MAY","PUT 4","Riparian","LCDSu",5,"25","fl",1,"rudi",0.191466667,"e"
"6/23/03","JUN","PUT 2","Riparian","LR/se/CO",5,"25","fl",1,"rudi",0.156,"e"
"6/23/03","JUN","PUT 4","Riparian","LR/se/CO",5,"25","fl",1,"rudi",0.018666667,"e"
"3/12/03","MAR","MCN","Riparian","NN",5,"25","fl",1,"Salix female",0.545714286,"e"
"3/12/03","MAR","PUT 4","Riparian","NN",5,"25","fl",1,"Salix female",1.085333333,"e"
"3/12/03","MAR","MCN","Riparian","NN",5,"25","fl",1,"Salix male",0.755076923,"e"
"3/12/03","MAR","PUT 4","Riparian","NN",5,"25","fl",1,"Salix male",0.666666667,"e"
"4/25/03","APR","PUT 4","Riparian","CO/LR",5,"25","infl",30,"same",0.416,"n"
"5/5/03","APR","MCN","Riparian","CO/LR",5,"25","infl",30,"same",1.251428571,"n"
"6/24/03","JUN","MCN","Riparian","SBCOLR",5,"25","infl",30,"same",1.525714286,"n"
"6/23/03","JUN","PUT 4","Riparian","LR/se/CO",5,"25","fl",1,"toyon",0.016,"n"
"5/27/03","MAY","PUT 4","Riparian","LCDSu",5,"25","fl",1,"visa",0.002666667,"e"
"5/27/03","MAY","PUT 4","Riparian","LCDSu",5,"25","infl",4.75,"vivi",2.756266667,"e"
"5/28/03","MAY","MUR 70","Oak","LR/DL/SE",5,"50","infl",NA,"adfa",0,"n"
"5/28/03","MAY","MUR 70 A","Mixedoak","DL/SE/LR",5,"50","infl",NA,"adfa",0,"n"
"6/24/03","JUN","LOW A","Chaparral","SE/DL",5,"50","bush",253,"adfa 10%",0.6072,"n"
"6/24/03","JUN","LOW B","Chaparral","SE/DL",5,"50","bush",253,"adfa 10%",2.9854,"n"
"6/24/03","JUN","LOW C","Chaparral","SE/DL",5,"50","bush",253,"adfa 10%",3.542,"n"
"6/24/03","JUN","MUR 63","Oak","SBCOLR",5,"50","bush",253,"adfa 10%",0.1012,"n"
"6/24/03","JUN","MUR 70","Oak","SBCOLR",5,"50","bush",253,"adfa 10%",0.067466667,"n"
"5/5/03","APR","LOW A","Chaparral","SE/NN",5,"50","bush",253,"adfa 5%",7.1852,"n"
"5/5/03","APR","LOW B","Chaparral","SE/NN",5,"50","bush",253,"adfa 5%",0.7084,"n"
"5/5/03","APR","LOW C","Chaparral","SE/NN",5,"50","bush",253,"adfa 5%",0.3036,"n"
"5/30/03","MAY","LOW A","Chaparral","DL/SE",5,"50","bush",253,"adfa 50%",9.7658,"n"
"5/30/03","MAY","LOW B","Chaparral","DL/SE",5,"50","bush",253,"adfa 50%",9.6646,"n"
"5/30/03","MAY","LOW C","Chaparral","DL/SE",5,"50","bush",253,"adfa 50%",8.855,"n"
"5/30/03","MAY","MUR 63","Oak","CO/LR",5,"50","bush",253,"adfa 50%",5.4648,"n"
"5/30/03","MAY","MUR 63","Oak","CO/LR",5,"50","infl",37.2,"aeca",0.77376,"n"
"4/23/03","APR","TOM","Riparian","NN",5,"50","fl",1,"basa",0.211666667,"n"
"4/23/03","APR","TOM","Riparian","NN",5,"50","fl",1,"basa",0.071666667,"n"
"4/23/03","APR","TOM","Riparian","NN",5,"50","fl",1,"basa",0.033333333,"n"
"3/28/03","APR","TOM","Riparian","NN?",5,"50","fl",1,"basa female",0.08,"n"
"3/28/03","APR","TOM","Riparian","NN?",5,"50","fl",1,"basa male",0.036,"n"
"3/28/03","APR","TOM","Riparian","NN?",5,"50","fl",1,"basa male",0.206666667,"n"
"5/5/03","APR","LOW A","Chaparral","SE/NN",5,"50","infl",4.33,"caex",0.055424,"n"
"5/5/03","APR","LOW B","Chaparral","SE/NN",5,"50","infl",4.33,"caex",0.029444,"n"
"5/5/03","APR","LOW C","Chaparral","SE/NN",5,"50","fl",4.33,"caex",0.200912,"n"
"5/30/03","MAY","LOW A","Chaparral","DL/SE",5,"50","fl",4.33,"caex",0.045032,"n"
"5/30/03","MAY","LOW C","Chaparral","DL/SE",5,"50","fl",4.33,"caex",0.057156,"n"
"3/17/03","MAR","LOW A","Chaparral","SE/LR",5,"50","infl",1.4,"cafo",0.03024,"n"
"3/17/03","MAR","LOW B","Chaparral","SE/LR",5,"50","bush",253,"cecu",0.3542,"n"
"3/17/03","MAR","LOW C","Chaparral","SE/LR",5,"50","bush",253,"cecu",0.4554,"n"
"5/30/03","MAY","LOW B","Chaparral","DL/SE",5,"50","infl",300,"ceoc",3.96,"n"
"4/21/03","APR","CRPL","Oak","NN/LR",5,"50","bush",125,"ceol",0.017857143,"n"
"4/21/03","APR","CRPL","Oak","NN/LR",5,"50","fl",1,"clla",0.009714286,"n"
"5/30/03","MAY","LOW A","Chaparral","DL/SE",5,"50","fl",1,"erca",0.0504,"n"
"5/30/03","MAY","LOW B","Chaparral","DL/SE",5,"50","fl",1,"erca",1.103,"n"
"5/30/03","MAY","LOW C","Chaparral","DL/SE",5,"50","fl",1,"erca",1.894,"n"
"5/5/03","APR","LOW A","Chaparral","SE/NN",5,"50","bush",30,"erca 100%",0.708,"n"
"5/5/03","APR","LOW B","Chaparral","SE/NN",5,"50","bush",30,"erca 100%",1.56,"n"
"5/5/03","APR","LOW C","Chaparral","SE/NN",5,"50","bush",30,"erca 5%",0.963,"n"
"5/5/03","APR","LOW C","Chaparral","SE/NN",5,"50","bush",30,"erca 5%",0.024,"n"
"6/24/03","JUN","LOW C","Chaparral","SE/DL",5,"50","fl",1,"hear",0.6708,"n"
"6/24/03","JUN","MUR 63","Oak","SBCOLR",5,"50","fl",1,"hear",0.0968,"n"
"6/24/03","JUN","MUR 70","Oak","SBCOLR",5,"50","fl",1,"hear",0.057866667,"n"
"6/25/03","JUN","TOM","Chaparral","LR",5,"50","fl",1,"hear",0.0072,"n"
"5/30/03","MAY","LOW A","Chaparral","DL/SE",5,"50","infl",5.93,"losc",12.507556,"n"
"5/30/03","MAY","LOW B","Chaparral","DL/SE",5,"50","infl",5.93,"losc",23.75558,"n"
"5/30/03","MAY","LOW C","Chaparral","DL/SE",5,"50","infl",5.93,"losc",27.02894,"n"
"3/17/03","MAR","LOW A","Chaparral","SE/LR",5,"50","bush",506,"lual",0,"n"
"3/17/03","MAR","LOW A","Chaparral","SE/LR",5,"50","bush",60,"miau",0.024,"n"
"3/17/03","MAR","LOW C","Chaparral","SE/LR",5,"50","bush",60,"miau",0.024,"n"
"5/5/03","APR","LOW A","Chaparral","SE/NN",5,"50","plant",60,"miau",0.048,"n"
"5/5/03","APR","LOW B","Chaparral","SE/NN",5,"50","bush",60,"miau",0.084,"n"
"5/5/03","APR","LOW B","Chaparral","SE/NN",5,"50","fl",1,"miau",0.0836,"n"
"5/5/03","APR","LOW C","Chaparral","SE/NN",5,"50","bush",60,"miau",0.192,"n"
"5/5/03","APR","LOW C","Chaparral","SE/NN",5,"50","fl",1,"miau",0.1372,"n"
"5/28/03","MAY","MUR 70","Oak","LR/DL/SE",5,"50","fl",1,"miau",0.030769231,"n"
"5/30/03","MAY","LOW A","Chaparral","DL/SE",5,"50","fl",1,"miau",0,"n"
"5/30/03","MAY","LOW B","Chaparral","DL/SE",5,"50","fl",1,"miau",0.76,"n"
"5/30/03","MAY","LOW C","Chaparral","DL/SE",5,"50","fl",1,"miau",0.2396,"n"
"7/23/03","JUL","CRPL","Oak","SE/DL",5,"50","fl",1,"Oleander sp.",0.005714286,"e"
"7/23/03","JUL","CRPL","Oak","SE/DL",5,"50","fl",1,"pomegranite",0.001714286,"c"
"3/11/03","MAR","MUR 70 A","Mixedoak","SE",5,"50","bush",300,"Quercus sp",0,"n"
"3/28/03","APR","TOM","Riparian","NN?",5,"50","bush",300,"saex female 25%",0.24,"n"
"3/28/03","APR","TOM","Riparian","NN?",5,"50","bush",300,"saex male 20%",0.24,"n"
"5/28/03","MAY","CRPL","Oak","D/L/Su",5,"50","fl",1,"soxa",0.077142857,"n"
"5/28/03","MAY","CRPL","Oak","D/L/Su",5,"50","fl",1,"spju",0.128571429,"e"
"7/23/03","JUL","CRPL","Oak","SE/DL",5,"50","fl",1,"spju",0.021428571,"e"
"3/28/03","APR","TOM","Riparian","NN?",5,"50","bush",200,"tapa 20%",2.173333333,"e"
"4/21/03","APR","CRPL","Oak","NN/LR",5,"50","fl",1,"todi",0.028571429,"n"
"3/17/03","MAR","LOW A","Chaparral","SE/LR",5,"50","fl",1,"wyhe",8e-04,"n"
"3/17/03","MAR","LOW C","Chaparral","SE/LR",0.5,"50","infl",1.4,"cafo",0.196,"n"
"7/23/03","JUL","MUR 70","Oak","COLR",0.5,"50",NA,1,"nothing",0,NA
"7/23/03","JUL","MUR 70 A","Mixedoak","COLR",0.5,"50",NA,1,"nothing",0,NA
"7/23/03","JUL","MUR 70 B","Mixedoak","COLR",0.5,"50",NA,1,"nothing",0,NA
"3/17/03","MAR","CCNP","Riparian","CO",5,"25","fl",1,"basa female",0.214285714,"n"
"3/17/03","MAR","CCNP","Riparian","CO",5,"25","fl",1,"basa male",0.1,"n"
"3/17/03","MAR","CCNP","Riparian","CO",5,"25","fl",1,"mafa",0.1,"n"
"3/12/03","MAR","PUT 2","Riparian","NN",5,"25","fl",1,"Salix female",2.728571429,"e"
"3/17/03","MAR","CCNP","Riparian","CO",5,"25","fl/plant",1,"Salix female 25%",1.828571429,"e"
"3/12/03","MAR","PUT 2","Riparian","NN",5,"25","fl",300,"Salix male",105.4285714,"e"
"3/17/03","MAR","CCNP","Riparian","CO",5,"25","bush",300,"Salix male 25%",0.56,"e"
"3/17/03","MAR","CCNP","Riparian","CO",5,"25","bush",300,"Salix male 50%",0.96,"e"
"3/28/03","APR","LOW","Riparian","NN/LR",5,"Tr 3=25m, Tr4=30m, Tr6=65m, rest are 50m","fl",1,"basa female",11.9974359,"n"
"4/23/03","APR","LOW","Riparian","NN/LR",5,"Tr 3=25m, Tr4=30m, Tr6=65m, rest are 50m","fl",1,"basa female",2.466666667,"n"
"3/28/03","APR","LOW","Riparian","NN/LR",5,"Tr 3=25m, Tr4=30m, Tr6=65m, rest are 50m","fl",1,"basa male",14.52102564,"n"
"4/23/03","APR","LOW","Riparian","NN/LR",5,"Tr 3=25m, Tr4=30m, Tr6=65m, rest are 50m","fl",1,"basa male",3.053333333,"n"
"5/30/03","MAY","LOW","Riparian","SE/DL",5,"Tr 3=25m, Tr4=30m, Tr6=65m, rest are 50m","fl",1,"erla",0.28,"n"
"3/28/03","APR","LOW","Riparian","NN/LR",5,"Tr 3=25m, Tr4=30m, Tr6=65m, rest are 50m","bush",300,"saex female 20%",3.6,"n"
"4/23/03","APR","LOW","Riparian","NN/LR",5,"Tr 3=25m, Tr4=30m, Tr6=65m, rest are 50m","fl",1,"saex male",0.812307692,"n"
"3/28/03","APR","LOW","Riparian","NN/LR",5,"Tr 3=25m, Tr4=30m, Tr6=65m, rest are 50m","bush",300,"saex male 50%",5.046153846,"n"
"3/28/03","APR","LOW","Riparian","NN/LR",5,"Tr 3=25m, Tr4=30m, Tr6=65m, rest are 50m","bush",300,"salu male 50%",1.2,"e"
"4/23/03","APR","LOW","Riparian","NN/LR",5,"Tr 3=25m, Tr4=30m, Tr6=65m, rest are 50m","bush",30,"same 25%",0.12,"n"
"4/23/03","APR","LOW","Riparian","NN/LR",5,"Tr 3=25m, Tr4=30m, Tr6=65m, rest are 50m","bush",3,"tapa .01%",0.012,"e"
"4/23/03","APR","LOW","Riparian","NN/LR",5,"Tr 3=25m, Tr4=30m, Tr6=65m, rest are 50m","bush",3,"tapa .5%",0.036,"e"
"3/28/03","APR","LOW","Riparian","NN/LR",5,"Tr 3=25m, Tr4=30m, Tr6=65m, rest are 50m","bush",10,"tapa 10%",0.08,"e"
"3/28/03","APR","LOW","Riparian","NN/LR",5,"Tr 3=25m, Tr4=30m, Tr6=65m, rest are 50m","bush",30,"tapa 20%",2.12,"e"
"3/28/03","APR","LOW","Riparian","NN/LR",5,"Tr 3=25m, Tr4=30m, Tr6=65m, rest are 50m","bush",60,"tapa 50%",0.96,"e"
"2/20/03","MAR","TUR","Prunus orchard understory",NA,NA,NA,NA,NA,"mepo",0.2,"e"
"2/20/03","MAR","TUR","Prunus orchard understory",NA,NA,NA,NA,NA,"sevu",2.3025,"e"
"3/12/03","MAR","JOH","fallow",NA,NA,NA,NA,NA,"amme",0.248,"n"
"3/12/03","MAR","JOH","fava/cover",NA,NA,NA,NA,NA,"amme",1.818666667,"n"
"3/12/03","MAR","JOH","fava/cover",NA,NA,NA,NA,NA,"Brassica sp.",0.744,"c"
"3/12/03","MAR","PAC","border",NA,NA,NA,NA,NA,"brni",40.41612903,"e"
"3/12/03","MAR","EAT","border",NA,NA,NA,NA,NA,"cabu",1.783783784,"e"
"3/12/03","MAR","PAC","border",NA,NA,NA,NA,NA,"cabu",30.29032258,"e"
"3/12/03","MAR","JOH","fallow",NA,NA,NA,NA,NA,"cabu",0.1,"e"
"3/12/03","MAR","JOH","fava/cover",NA,NA,NA,NA,NA,"cabu",1.9,"e"
"3/12/03","MAR","EAT","herb garden",NA,NA,NA,NA,NA,"cabu",10.16216216,"e"
"3/12/03","MAR","EAT","Lavender/fallow",NA,NA,NA,NA,NA,"cabu",11.13513514,"e"
"3/12/03","MAR","PAC","strawberry",NA,NA,NA,NA,NA,"cabu",0.333333333,"e"
"3/12/03","MAR","JOH","fava/cover",NA,NA,NA,NA,NA,"caci",4.633333333,"n"
"3/12/03","MAR","PAC","native tree row (total)",NA,NA,NA,NA,NA,"Ceanothus sp",NA,"n"
"3/12/03","MAR","JOH","border",NA,NA,NA,NA,NA,"erbo",0.12,"e"
"3/12/03","MAR","JOH","fava/cover",NA,NA,NA,NA,NA,"erbo",0.033333333,"e"
"3/12/03","MAR","JOH","fava/cover",NA,NA,NA,NA,NA,"fava",10.76129032,"c"
"3/12/03","MAR","PAC","strawberry",NA,NA,NA,NA,NA,"Fragaria",1.833333333,"c"
"3/12/03","MAR","JOH","fallow",NA,NA,NA,NA,NA,"laam",35.62,"e"
"3/12/03","MAR","JOH","fava/cover",NA,NA,NA,NA,NA,"laam",0.346666667,"e"
"3/12/03","MAR","EAT","herb garden",NA,NA,NA,NA,NA,"laam",4.216216216,"e"
"3/12/03","MAR","EAT","border",NA,NA,NA,NA,NA,"mepo",0.27027027,"e"
"3/12/03","MAR","JOH","border",NA,NA,NA,NA,NA,"mepo",0.12,"e"
"3/12/03","MAR","JOH","fava/cover",NA,NA,NA,NA,NA,"mepo",0.333333333,"e"
"3/12/03","MAR","EAT","Lavender/fallow",NA,NA,NA,NA,NA,"mepo",0.837837838,"e"
"3/12/03","MAR","EAT","Poplar border",NA,NA,NA,NA,NA,"mepo",0.594594595,"e"
"3/12/03","MAR","JOH","fava/cover",NA,NA,NA,NA,NA,"pisa",0.419354839,"c"
"3/12/03","MAR","PAC","border",NA,NA,NA,NA,NA,"rasa",0.129032258,"e"
"3/12/03","MAR","JOH","fallow",NA,NA,NA,NA,NA,"rasa",0.1,"e"
"3/12/03","MAR","JOH","fava/cover",NA,NA,NA,NA,NA,"rasa",0,"e"
"3/12/03","MAR","PAC","native tree row (total)",NA,NA,NA,NA,NA,"Salix F",NA,"n"
"3/12/03","MAR","EAT","border",NA,NA,NA,NA,NA,"sevu",1.078648649,"e"
"3/12/03","MAR","PAC","border",NA,NA,NA,NA,NA,"sevu",3.07,"e"
"3/12/03","MAR","JOH","fallow",NA,NA,NA,NA,NA,"sevu",1.228,"e"
"3/12/03","MAR","JOH","fava/cover",NA,NA,NA,NA,NA,"sevu",1.637333333,"e"
"3/12/03","MAR","EAT","herb garden",NA,NA,NA,NA,NA,"sevu",2.074324324,"e"
"3/12/03","MAR","EAT","Lavender/fallow",NA,NA,NA,NA,NA,"sevu",66.12945946,"e"
"3/12/03","MAR","EAT","Poplar border",NA,NA,NA,NA,NA,"sevu",0.331891892,"e"
"3/12/03","MAR","EAT","herb garden",NA,NA,NA,NA,NA,"sool",0.027027027,"e"
"3/12/03","MAR","EAT","Lavender/fallow",NA,NA,NA,NA,NA,"sool",0.054054054,"e"
"3/12/03","MAR","EAT","border",NA,NA,NA,NA,NA,"stme",0.054054054,"e"
"3/12/03","MAR","JOH","border",NA,NA,NA,NA,NA,"stme",0.3,"e"
"3/12/03","MAR","PAC","border",NA,NA,NA,NA,NA,"stme",1.967741935,"e"
"3/12/03","MAR","JOH","fallow",NA,NA,NA,NA,NA,"stme",21.3,"e"
"3/12/03","MAR","JOH","fava/cover",NA,NA,NA,NA,NA,"stme",1.806451613,"e"
"3/12/03","MAR","EAT","herb garden",NA,NA,NA,NA,NA,"stme",1.162162162,"e"
"3/12/03","MAR","EAT","Lavender/fallow",NA,NA,NA,NA,NA,"stme",0.054054054,"e"
"3/12/03","MAR","EAT","Poplar border",NA,NA,NA,NA,NA,"stme",1.540540541,"e"
"3/12/03","MAR","JOH","grass",NA,NA,NA,NA,NA,NA,0,NA
"3/16/03","MAR","CAC","fallow",NA,NA,NA,NA,NA,"amme",0.110222222,"n"
"3/16/03","MAR","GOO","fallow",NA,NA,NA,NA,NA,"Br cultivar",4.0176,"c"
"3/16/03","MAR","GOO","fallow",NA,NA,NA,NA,NA,"Br cultivar",17.856,"c"
"3/16/03","MAR","CAC","fallow",NA,NA,NA,NA,NA,"brni",1.786666667,"e"
"3/16/03","MAR","CAC","fallow",NA,NA,NA,NA,NA,"cabu",3.888888889,"e"
"3/16/03","MAR","GOO","fallow",NA,NA,NA,NA,NA,"cabu",0.35,"e"
"3/16/03","MAR","CAC","orchard understory",NA,NA,NA,NA,NA,"cabu",7.7,"e"
"3/16/03","MAR","CAC","fallow",NA,NA,NA,NA,NA,"caci",2.111111111,"n"
"3/16/03","MAR","CAC","orchard understory",NA,NA,NA,NA,NA,"caci",0.3,"n"
"3/16/03","MAR","GOO","fallow",NA,NA,NA,NA,NA,"calendula",0.2,"o"
"3/16/03","MAR","CAC","fallow",NA,NA,NA,NA,NA,"clpe",3.311111111,"n"
"3/16/03","MAR","CAC","orchard understory",NA,NA,NA,NA,NA,"clpe",6.1,"n"
"3/16/03","MAR","CAC","fallow",NA,NA,NA,NA,NA,"erbo",0.044444444,"e"
"3/16/03","MAR","CAC","orchard understory",NA,NA,NA,NA,NA,"erbo",0.6,"e"
"3/16/03","MAR","CAC","fallow",NA,NA,NA,NA,NA,"laam",1.097777778,"e"
"3/16/03","MAR","GOO","fallow",NA,NA,NA,NA,NA,"laam",0.13,"e"
"3/16/03","MAR","CAC","orchard understory",NA,NA,NA,NA,NA,"laam",0.78,"e"
"3/16/03","MAR","GOO","fallow",NA,NA,NA,NA,NA,"lotus",0.05,"e"
"3/16/03","MAR","CAC","border (riparian)",NA,NA,NA,NA,NA,"sevu",0.921,"e"
"3/16/03","MAR","CAC","fallow",NA,NA,NA,NA,NA,"sevu",43.18466667,"e"
"3/16/03","MAR","CAC","orchard understory",NA,NA,NA,NA,NA,"sevu",16.271,"e"
"3/16/03","MAR","GOO","Prunus orchard understory",NA,NA,NA,NA,NA,"sevu",42.673,"e"
"3/16/03","MAR","CAC","fallow",NA,NA,NA,NA,NA,"sool",0.044444444,"e"
"3/16/03","MAR","GOO","fallow",NA,NA,NA,NA,NA,"sool",0.04,"e"
"3/16/03","MAR","GOO","fallow",NA,NA,NA,NA,NA,"sool",1.15,"e"
"3/16/03","MAR","CAC","orchard understory",NA,NA,NA,NA,NA,"sool",0.4,"e"
"3/16/03","MAR","GOO","Prunus orchard understory",NA,NA,NA,NA,NA,"sool",0.8,"e"
"3/16/03","MAR","CAC","fallow",NA,NA,NA,NA,NA,"stme",4.311111111,"e"
"3/16/03","MAR","GOO","fallow",NA,NA,NA,NA,NA,"stme",0.05,"e"
"3/16/03","MAR","CAC","orchard understory",NA,NA,NA,NA,NA,"stme",5.2,"e"
"3/16/03","MAR","GOO","Prunus orchard understory",NA,NA,NA,NA,NA,"stme",0.05,"e"
"3/16/03","MAR","CAC","fallow",NA,NA,NA,NA,NA,"vepe",1.955555556,"e"
"3/16/03","MAR","GOO","fallow",NA,NA,NA,NA,NA,"vepe",8.95,"e"
"3/16/03","MAR","GOO","Prunus orchard understory",NA,NA,NA,NA,NA,"vepe",4.7,"e"
"3/16/03","MAR","GOO","Prunus orchard understory",NA,NA,NA,NA,NA,"visa",0.05,"e"
"3/20/03","APR","TER 1","cover crop",NA,NA,NA,NA,NA,"bell bean",46.148,"c"
"3/20/03","APR","xfromMCN","Walnut orchard understory",NA,NA,NA,NA,NA,"bell bean",257.5157895,"c"
"3/20/03","APR","TER 1","cover crop",NA,NA,NA,NA,NA,"cabu",3.7,"e"
"3/20/03","APR","TER 1","fallow",NA,NA,NA,NA,NA,"cabu",0.9,"e"
"3/20/03","APR","TER 1","strawberry",NA,NA,NA,NA,NA,"cabu",0.1,"e"
"3/20/03","APR","TER 1","Walnut orchard understory",NA,NA,NA,NA,NA,"cegl",0.05,"e"
"3/20/03","APR","xfromMCN","Walnut orchard understory",NA,NA,NA,NA,NA,"erbo",49.95,"e"
"3/20/03","APR","TER 1","strawberry",NA,NA,NA,NA,NA,"Fragaria",1.7,"c"
"3/20/03","APR","TER 1","cover crop",NA,NA,NA,NA,NA,"laam",0.52,"e"
"3/20/03","APR","TER 1","strawberry",NA,NA,NA,NA,NA,"laam",2.34,"e"
"3/20/03","APR","TER 1","cover crop",NA,NA,NA,NA,NA,"mepo",0.1,"e"
"3/20/03","APR","TER 1","fallow",NA,NA,NA,NA,NA,"mepo",1.3,"e"
"3/20/03","APR","GOO","Prunus orchard understory",NA,NA,NA,NA,NA,"mepo",0.25,"e"
"3/20/03","APR","TER 1","strawberry",NA,NA,NA,NA,NA,"mepo",0.3,"e"
"3/20/03","APR","TER 1","Walnut orchard understory",NA,NA,NA,NA,NA,"mepo",2.3,"e"
"3/20/03","APR","xfromMCN","Walnut orchard understory",NA,NA,NA,NA,NA,"mepo",2,"e"
"3/20/03","APR","TER 1","Walnut orchard understory",NA,NA,NA,NA,NA,"pisa",2.1,"c"
"3/20/03","APR","xfromMCN","Walnut orchard understory",NA,NA,NA,NA,NA,"pisa",0.2,"c"
"3/20/03","APR","TER 1","fallow",NA,NA,NA,NA,NA,"sevu",3.07,"e"
"3/20/03","APR","GOO","Prunus orchard understory",NA,NA,NA,NA,NA,"sevu",23.639,"e"
"3/20/03","APR","xfromMCN","Walnut orchard understory",NA,NA,NA,NA,NA,"sevu",0.921,"e"
"3/20/03","APR","TER 1","cover crop",NA,NA,NA,NA,NA,"sool",0.7,"e"
"3/20/03","APR","GOO","Prunus orchard understory",NA,NA,NA,NA,NA,"sool",0.6,"e"
"3/20/03","APR","TER 1","strawberry",NA,NA,NA,NA,NA,"sool",0.1,"e"
"3/20/03","APR","TER 1","Walnut orchard understory",NA,NA,NA,NA,NA,"sool",0.15,"e"
"3/20/03","APR","xfromMCN","Walnut orchard understory",NA,NA,NA,NA,NA,"sool",0.4,"e"
"3/20/03","APR","TER 1","cover crop",NA,NA,NA,NA,NA,"stme",0.8,"e"
"3/20/03","APR","TER 1","fallow",NA,NA,NA,NA,NA,"stme",10.4,"e"
"3/20/03","APR","GOO","Prunus orchard understory",NA,NA,NA,NA,NA,"stme",9.3,"e"
"3/20/03","APR","TER 1","strawberry",NA,NA,NA,NA,NA,"stme",0.1,"e"
"3/20/03","APR","TER 1","Walnut orchard understory",NA,NA,NA,NA,NA,"stme",1,"e"
"3/20/03","APR","xfromMCN","Walnut orchard understory",NA,NA,NA,NA,NA,"stme",0.15,"e"
"3/20/03","APR","xfromMCN","Walnut orchard understory",NA,NA,NA,NA,NA,"taof",0.05,"e"
"3/20/03","APR","TER 1","cover crop",NA,NA,NA,NA,NA,"vepe",5.7,"e"
"3/20/03","APR","TER 1","fallow",NA,NA,NA,NA,NA,"vepe",19.1,"e"
"3/20/03","APR","GOO","Prunus orchard understory",NA,NA,NA,NA,NA,"vepe",9.1,"e"
"3/20/03","APR","TER 1","Walnut orchard understory",NA,NA,NA,NA,NA,"vepe",0.5,"e"
"3/20/03","APR","GOO","Prunus orchard understory",NA,NA,NA,NA,NA,"visa",1.5,"e"
"3/31/03","APR","RIV4","Arugula",NA,NA,NA,NA,NA,"amme",1.984,"n"
"3/31/03","APR","RIV4","Brassica",NA,NA,NA,NA,NA,"amme",9.258666667,"n"
"3/31/03","APR","RIV4","cover crop",NA,NA,NA,NA,NA,"amme",43.81333333,"n"
"3/31/03","APR","WIN","Walnut orchard understory",NA,NA,NA,NA,NA,"amme",0.165333333,"n"
"3/31/03","APR","FID","Arugula",NA,NA,NA,NA,NA,"arugula",119.4,"c"
"3/31/03","APR","RIV4","Arugula",NA,NA,NA,NA,NA,"arugula",169.2,"c"
"3/31/03","APR","WIN","Arugula",NA,NA,NA,NA,NA,"arugula",145.2,"c"
"3/31/03","APR","RIV4","cover crop",NA,NA,NA,NA,NA,"bell bean",157.5333333,"c"
"3/31/03","APR","RIV4","Arugula",NA,NA,NA,NA,NA,"brni",17.86666667,"e"
"3/31/03","APR","WIN","Arugula",NA,NA,NA,NA,NA,"brni",1.34,"e"
"3/31/03","APR","FID","Brassica",NA,NA,NA,NA,NA,"brni",335,"e"
"3/31/03","APR","RIV4","Brassica",NA,NA,NA,NA,NA,"brni",283.6333333,"e"
"3/31/03","APR","WIN","Brassica",NA,NA,NA,NA,NA,"brni",234.0533333,"e"
"3/31/03","APR","WIN","Walnut orchard understory",NA,NA,NA,NA,NA,"brni",39.75333333,"e"
"3/31/03","APR","RIV4","Arugula",NA,NA,NA,NA,NA,"caci",0.733333333,"n"
"3/31/03","APR","RIV4","Brassica",NA,NA,NA,NA,NA,"caci",0.066666667,"n"
"3/31/03","APR","RIV4","cover crop",NA,NA,NA,NA,NA,"caci",5.8,"n"
"3/31/03","APR","FID","Arugula",NA,NA,NA,NA,NA,"erbo",0.2,"e"
"3/31/03","APR","WIN","Brassica",NA,NA,NA,NA,NA,"erbo",2.266666667,"e"
"3/31/03","APR","WIN","Walnut orchard understory",NA,NA,NA,NA,NA,"erbo",0.2,"e"
"3/31/03","APR","WIN","Brassica",NA,NA,NA,NA,NA,"laam",12.82666667,"e"
"3/31/03","APR","WIN","Brassica",NA,NA,NA,NA,NA,"lave",0.466666667,"n"
"3/31/03","APR","WIN","Walnut orchard understory",NA,NA,NA,NA,NA,"lave",0.4,"n"
"3/31/03","APR","WIN","Brassica",NA,NA,NA,NA,NA,"lual",17.09666667,"n"
"3/31/03","APR","RIV4","Arugula",NA,NA,NA,NA,NA,"lubi",1.290666667,"n"
"4/2/03","APR","EVE","beans (field 1)",NA,NA,NA,NA,NA,"amme",2.48,"n"
"4/2/03","APR","EVE","border",NA,NA,NA,NA,NA,"amme",16.616,"n"
"4/2/03","APR","EVE","brocolli with rasa",NA,NA,NA,NA,NA,"amme",57.04,"n"
"4/2/03","APR","EVE","cover crop",NA,NA,NA,NA,NA,"amme",4.96,"n"
"4/2/03","APR","EVE","mix pea field",NA,NA,NA,NA,NA,"amme",25.544,"n"
"4/2/03","APR","EVE","onion",NA,NA,NA,NA,NA,"amme",148.552,"n"
"4/2/03","APR","MCNA","Walnut orchard understory",NA,NA,NA,NA,NA,"amme",0.130526316,"n"
"4/2/03","APR","EVE","beans (field 1)",NA,NA,NA,NA,NA,"bell bean",61.16,"c"
"4/2/03","APR","EVE","cover crop",NA,NA,NA,NA,NA,"bell bean",41.144,"c"
"4/2/03","APR","EVE","brocolli",NA,NA,NA,NA,NA,"brocolli",8.928,"c"
"4/2/03","APR","EVE","beans- weedy",NA,NA,NA,NA,NA,"caci",15.4,"n"
"4/2/03","APR","EVE","mix pea field",NA,NA,NA,NA,NA,"caci",6.2,"n"
"4/2/03","APR","EVE","peas/fallow",NA,NA,NA,NA,NA,"caci",5.2,"n"
"4/2/03","APR","MCNA","Walnut orchard understory",NA,NA,NA,NA,NA,"caci",0.526315789,"n"
"4/2/03","APR","EVE","border",NA,NA,NA,NA,NA,"erbo",20.8,"e"
"4/2/03","APR","MCNA","Walnut orchard understory",NA,NA,NA,NA,NA,"erbo",2.894736842,"e"
"4/2/03","APR","EAT","strawberry",NA,NA,NA,NA,NA,"Fragaria",10.4,"c"
"4/2/03","APR","EVE","mix pea field",NA,NA,NA,NA,NA,"laam",2.08,"e"
"4/2/03","APR","EVE","onion",NA,NA,NA,NA,NA,"laam",36.4,"e"
"4/2/03","APR","EVE","border",NA,NA,NA,NA,NA,"mepo",0.3,"e"
"4/2/03","APR","MCNA","Walnut orchard understory",NA,NA,NA,NA,NA,"mepo",0.105263158,"e"
"4/2/03","APR","EVE","mixed mustards",NA,NA,NA,NA,NA,"mustards",669.6,"c"
"4/2/03","APR","EVE","beans (field 1)",NA,NA,NA,NA,NA,"pisa",37.4,"c"
"4/2/03","APR","EVE","beans- weedy",NA,NA,NA,NA,NA,"pisa",4.8,"c"
"4/2/03","APR","EVE","cover crop",NA,NA,NA,NA,NA,"pisa",14.6,"c"
"4/2/03","APR","EVE","mix pea field",NA,NA,NA,NA,NA,"pisa",12.1,"c"
"4/2/03","APR","EVE","peas/fallow",NA,NA,NA,NA,NA,"pisa",4.2,"c"
"4/2/03","APR","EVE","brocolli with rasa",NA,NA,NA,NA,NA,"rasa",16.22222222,"e"
"4/2/03","APR","EVE","onion",NA,NA,NA,NA,NA,"rasa",0.3,"e"
"4/2/03","APR","EVE","beans (field 1)",NA,NA,NA,NA,NA,"sool",0.2,"e"
"4/2/03","APR","EVE","beans- weedy",NA,NA,NA,NA,NA,"sool",1,"e"
"4/2/03","APR","EVE","brocolli",NA,NA,NA,NA,NA,"sool",1.1,"e"
"4/2/03","APR","EVE","mix pea field",NA,NA,NA,NA,NA,"sool",0.5,"e"
"4/2/03","APR","EVE","onion",NA,NA,NA,NA,NA,"sool",0.2,"e"
"4/2/03","APR","EVE","peas/fallow",NA,NA,NA,NA,NA,"sool",0.4,"e"
"4/2/03","APR","MCNA","Walnut orchard understory",NA,NA,NA,NA,NA,"sool",1.526315789,"e"
"4/2/03","APR","EVE","wt. egg turnip",NA,NA,NA,NA,NA,"turnip",176.328,"c"
"4/24/03","APR","TER 2","fallow",NA,NA,NA,NA,NA,"amme",0.744,"n"
"4/24/03","APR","TER 2","border",NA,NA,NA,NA,NA,"erbo",0.2,"e"
"4/24/03","APR","TER 2","fallow",NA,NA,NA,NA,NA,"laam",0.26,"e"
"4/24/03","APR","TER 2","border",NA,NA,NA,NA,NA,"mapa",0.84,"e"
"4/24/03","APR","TER 2","border",NA,NA,NA,NA,NA,"mepo",0.04,"e"
"4/24/03","APR","TER 2","tomato-y",NA,NA,NA,NA,NA,"tomato",1.266666667,"c"
"4/30/03","MAY","PAC","fallow (= cut cover crop)",NA,NA,NA,NA,NA,"alyssum",5.5,"e"
"4/30/03","MAY","JOH","cover crop",NA,NA,NA,NA,NA,"bell bean",130.66,"c"
"4/30/03","MAY","JOH","border",NA,NA,NA,NA,NA,"brni",0.268,"e"
"4/30/03","MAY","PAC","border",NA,NA,NA,NA,NA,"brni",15.544,"e"
"4/30/03","MAY","PAC","fallow",NA,NA,NA,NA,NA,"brni",2.948,"e"
"4/30/03","MAY","PAC","fallow (= cut cover crop)",NA,NA,NA,NA,NA,"brni",34.17,"e"
"4/30/03","MAY","JOH","border",NA,NA,NA,NA,NA,"erbo",3.44,"e"
"4/30/03","MAY","PAC","strawberry",NA,NA,NA,NA,NA,"Fragaria",9.9,"c"
"4/30/03","MAY","JOH","Sweet Peas",NA,NA,NA,NA,NA,"laod",74.8,"o"
"4/30/03","MAY","PAC","fallow",NA,NA,NA,NA,NA,"mapa",0.2,"e"
"4/30/03","MAY","JOH","border",NA,NA,NA,NA,NA,"mepo",2.4,"e"
"4/30/03","MAY","JOH","cover crop",NA,NA,NA,NA,NA,"mepo",0.4,"e"
"4/30/03","MAY","PAC","fallow (= cut cover crop)",NA,NA,NA,NA,NA,"rasa",0,"e"
"4/30/03","MAY","JOH","cover crop",NA,NA,NA,NA,NA,"sool",0.333333333,"e"
"4/30/03","MAY","JOH","Sweet Peas",NA,NA,NA,NA,NA,"sool",0.5,"e"
"4/30/03","MAY","PAC","border",NA,NA,NA,NA,NA,"taof",0.04,"e"
"4/30/03","MAY","PAC","border",NA,NA,NA,NA,NA,"trre",0.2,"e"
"4/30/03","MAY","JOH","border",NA,NA,NA,NA,NA,"vivi",2.09,"e"
"4/30/03","MAY","PAC","border",NA,NA,NA,NA,NA,"vivi",3.61,"e"
"4/30/03","MAY","JOH","cover crop",NA,NA,NA,NA,NA,"vivi",136.8,"e"
"4/30/03","MAY","PAC","fallow (= cut cover crop)",NA,NA,NA,NA,NA,"vivi",23.275,"e"
"4/30/03","MAY","JOH","Sweet Peas",NA,NA,NA,NA,NA,"vivi",21.375,"e"
"5/1/03","MAY","EVE","Arugula",NA,NA,NA,NA,NA,"arugula",76.5,"c"
"5/1/03","MAY","EVE","Brass cult",NA,NA,NA,NA,NA,"Br cultivar",370.512,"c"
"5/1/03","MAY","TER 2","Walnut orchard understory",NA,NA,NA,NA,NA,"mepo",12.15,"e"
"5/1/03","MAY","TER 2","Walnut orchard understory",NA,NA,NA,NA,NA,"visa",0.05,"e"
"5/1/03","MAY","TER 2","pasture",NA,NA,NA,NA,NA,NA,0,NA
"5/1/03","MAY","EVE","squash",NA,NA,NA,NA,NA,NA,0,NA
"5/1/03","MAY","TER 2","squash",NA,NA,NA,NA,NA,NA,0,NA
"5/1/03","MAY","EVE","tomato",NA,NA,NA,NA,NA,NA,0,NA
"5/4/03","MAY","TER 1","Arugula",NA,NA,NA,NA,NA,"arugula",115.8,"c"
"5/4/03","MAY","GOO","Arugula",NA,NA,NA,NA,NA,"arugula",97,"c"
"5/4/03","MAY","EAT","cover crop",NA,NA,NA,NA,NA,"bell bean",37.808,"c"
"5/4/03","MAY","TER 1","Orchard understory(prunus & walnut mix)",NA,NA,NA,NA,NA,"brni",5.36,"e"
"5/4/03","MAY","EAT","fallow",NA,NA,NA,NA,NA,"caex",6.7548,"n"
"5/4/03","MAY","EAT","fallow",NA,NA,NA,NA,NA,"coar",0.08,"e"
"5/4/03","MAY","EAT","border",NA,NA,NA,NA,NA,"erbo",0,"e"
"5/4/03","MAY","TER 1","border",NA,NA,NA,NA,NA,"erbo",0.72,"e"
"5/4/03","MAY","EAT","strawberry",NA,NA,NA,NA,NA,"Fragaria",11.1,"c"
"5/4/03","MAY","TER 1","strawberry",NA,NA,NA,NA,NA,"Fragaria",3.7,"c"
"5/4/03","MAY","EAT","border",NA,NA,NA,NA,NA,"gemo",0.24,"e"
"5/4/03","MAY","TER 1","Orchard understory(prunus & walnut mix)",NA,NA,NA,NA,NA,"hygl",0.24,"e"
"5/4/03","MAY","TER 1","border",NA,NA,NA,NA,NA,"mapa",1.52,"e"
"5/4/03","MAY","GOO","Prunus orchard understory",NA,NA,NA,NA,NA,"mapa",0.08,"e"
"5/4/03","MAY","EAT","border",NA,NA,NA,NA,NA,"mepo",1.68,"e"
"5/4/03","MAY","TER 1","border",NA,NA,NA,NA,NA,"mepo",0.28,"e"
"5/4/03","MAY","EAT","fallow",NA,NA,NA,NA,NA,"mepo",11.4,"e"
"5/4/03","MAY","TER 1","Orchard understory(prunus & walnut mix)",NA,NA,NA,NA,NA,"mepo",0.72,"e"
"5/4/03","MAY","GOO","Prunus orchard understory",NA,NA,NA,NA,NA,"mepo",0.44,"e"
"5/4/03","MAY","EAT","sugar snap pea",NA,NA,NA,NA,NA,"pisa",25.1,"c"
"5/4/03","MAY","EAT","border",NA,NA,NA,NA,NA,"sool",0.32,"e"
"5/4/03","MAY","TER 1","border",NA,NA,NA,NA,NA,"sool",0.72,"e"
"5/4/03","MAY","EAT","fallow",NA,NA,NA,NA,NA,"sool",0.92,"e"
"5/4/03","MAY","TER 1","Orchard understory(prunus & walnut mix)",NA,NA,NA,NA,NA,"sool",0.16,"e"
"5/4/03","MAY","EAT","pasture",NA,NA,NA,NA,NA,"sool",0.1,"e"
"5/4/03","MAY","TER 1","squash",NA,NA,NA,NA,NA,"squash",0.5,"c"
"5/4/03","MAY","EAT","border",NA,NA,NA,NA,NA,"stme",0.64,"e"
"5/4/03","MAY","EAT","border",NA,NA,NA,NA,NA,"taof",0.04,"e"
"5/4/03","MAY","EAT","border",NA,NA,NA,NA,NA,"trre",1.28,"e"
"5/4/03","MAY","EAT","fallow",NA,NA,NA,NA,NA,"trre",1.28,"e"
"5/4/03","MAY","EAT","pasture",NA,NA,NA,NA,NA,"trre",0.9,"e"
"5/4/03","MAY","TER 1","border",NA,NA,NA,NA,NA,"visa",0.4,"e"
"5/4/03","MAY","EAT","border",NA,NA,NA,NA,NA,"vivi",14.44,"e"
"5/4/03","MAY","TER 1","border",NA,NA,NA,NA,NA,"vivi",3.23,"e"
"5/4/03","MAY","EAT","fallow",NA,NA,NA,NA,NA,"vivi",3.99,"e"
"5/4/03","MAY","TER 1","Orchard understory(prunus & walnut mix)",NA,NA,NA,NA,NA,"vivi",3.04,"e"
"5/5/03","MAY","EAT","squash",NA,NA,NA,NA,NA,NA,0,NA
"5/5/03","MAY","PAC","squash",NA,NA,NA,NA,NA,NA,0,NA
"5/5/03","MAY","EAT","tomato",NA,NA,NA,NA,NA,NA,0,NA
"5/5/03","MAY","JOH","tomato",NA,NA,NA,NA,NA,NA,0,NA
"5/5/03","MAY","PAC","tomato",NA,NA,NA,NA,NA,NA,0,NA
"5/5/03","MAY","BOR2","Walnut orchard understory",NA,NA,NA,NA,NA,NA,0,NA
"5/6/03","MAY","WIN","uncultivated",NA,NA,NA,NA,NA,"amme",0.372,"n"
"5/6/03","MAY","WIN","Brass cult",NA,NA,NA,NA,NA,"anco",0.090909091,"n"
"5/6/03","MAY","WIN","Arugula",NA,NA,NA,NA,NA,"arugula",9.3,"c"
"5/6/03","MAY","WIN","Brass cult",NA,NA,NA,NA,NA,"Br cultivar",77.10545455,"c"
"5/6/03","MAY","WIN","Walnut orchard understory",NA,NA,NA,NA,NA,"brni",2.68,"e"
"5/6/03","MAY","WIN","brocolli",NA,NA,NA,NA,NA,"brocolli",91.512,"c"
"5/6/03","MAY","CAC","Prunus orchard understory",NA,NA,NA,NA,NA,"capu",0.15,"n"
"5/6/03","MAY","CAC","Walnut orchard understory",NA,NA,NA,NA,NA,"ceso",0.1,"e"
"5/6/03","MAY","CAC","Walnut orchard understory",NA,NA,NA,NA,NA,"coar",0.25,"e"
"5/6/03","MAY","WIN","Brass cult",NA,NA,NA,NA,NA,"erbo",0.818181818,"e"
"5/6/03","MAY","WIN","brocolli",NA,NA,NA,NA,NA,"erbo",0.6,"e"
"5/6/03","MAY","CAC","Prunus orchard understory",NA,NA,NA,NA,NA,"erbo",0.35,"e"
"5/6/03","MAY","CAC","Walnut orchard understory",NA,NA,NA,NA,NA,"erbo",0.45,"e"
"5/6/03","MAY","WIN","brocolli",NA,NA,NA,NA,NA,"lusu",3.656,"n"
"5/6/03","MAY","WIN","uncultivated",NA,NA,NA,NA,NA,"mavu",9.732,"e"
"5/6/03","MAY","WIN","brocolli",NA,NA,NA,NA,NA,"meof",1.2,"e"
"5/6/03","MAY","WIN","Brass cult",NA,NA,NA,NA,NA,"mepo",1.909090909,"e"
"5/6/03","MAY","WIN","Walnut orchard understory",NA,NA,NA,NA,NA,"mepo",1.3,"e"
"5/6/03","MAY","WIN","Brass cult",NA,NA,NA,NA,NA,"sool",0.454545455,"e"
"5/6/03","MAY","CAC","Prunus orchard understory",NA,NA,NA,NA,NA,"sool",0.7,"e"
"5/6/03","MAY","CAC","Walnut orchard understory",NA,NA,NA,NA,NA,"sool",2.3,"e"
"5/6/03","MAY","WIN","Walnut orchard understory",NA,NA,NA,NA,NA,"sool",0.05,"e"
"5/6/03","MAY","RIV 63","tomato-y",NA,NA,NA,NA,NA,"tomato",1,"c"
"5/6/03","MAY","WIN","Brass cult",NA,NA,NA,NA,NA,"trhi",1,"e"
"5/6/03","MAY","CAC","Walnut orchard understory",NA,NA,NA,NA,NA,"trhi",0.1,"e"
"5/6/03","MAY","WIN","Brass cult",NA,NA,NA,NA,NA,"vivi",4.318181818,"e"
"5/6/03","MAY","WIN","brocolli",NA,NA,NA,NA,NA,"vivi",3.8,"e"
"5/6/03","MAY","WIN","uncultivated",NA,NA,NA,NA,NA,"vivi",16.8625,"e"
"5/6/03","MAY","WIN","Walnut orchard understory",NA,NA,NA,NA,NA,"vivi",51.0625,"e"
"5/6/03","MAY","RIV 63","Arugula",NA,NA,NA,NA,NA,NA,0,NA
"5/6/03","MAY","FUL4","pasture",NA,NA,NA,NA,NA,NA,0,NA
"5/6/03","MAY","EAT","tomato",NA,NA,NA,NA,NA,NA,0,NA
"5/9/03","MAY","RIV4","Brass cult",NA,NA,NA,NA,NA,"amme",3.968,"n"
"5/9/03","MAY","FUL 1","Arugula",NA,NA,NA,NA,NA,"arugula",57,"c"
"5/9/03","MAY","TER 1","cover crop",NA,NA,NA,NA,NA,"bell bean",1.668,"c"
"5/9/03","MAY","FUL 1","Brass cult",NA,NA,NA,NA,NA,"Br cultivar",252.216,"c"
"5/9/03","MAY","RIV4","Brass cult",NA,NA,NA,NA,NA,"Br cultivar",6.696,"c"
"5/9/03","MAY","FUL 1","Prunus orchard understory",NA,NA,NA,NA,NA,"brni",1.005,"e"
"5/9/03","MAY","FUL 1","border",NA,NA,NA,NA,NA,"erbo",0.3,"e"
"5/9/03","MAY","TER 2","border",NA,NA,NA,NA,NA,"erbo",0.8,"e"
"5/9/03","MAY","TER 1","cover crop",NA,NA,NA,NA,NA,"erbo",1.1,"e"
"5/9/03","MAY","FUL 1","Prunus orchard understory",NA,NA,NA,NA,NA,"erbo",0.35,"e"
"5/9/03","MAY","TER 1","fallow",NA,NA,NA,NA,NA,"laam",0.26,"e"
"5/9/03","MAY","FUL 1","border",NA,NA,NA,NA,NA,"mapa",0.35,"e"
"5/9/03","MAY","TER 2","border",NA,NA,NA,NA,NA,"mapa",1.3,"e"
"5/9/03","MAY","TER 1","cover crop",NA,NA,NA,NA,NA,"mapa",4.2,"e"
"5/9/03","MAY","TER 2","fallow",NA,NA,NA,NA,NA,"mapa",0.3,"e"
"5/9/03","MAY","FUL 1","Arugula",NA,NA,NA,NA,NA,"mepo",1.4,"e"
"5/9/03","MAY","TER 2","border",NA,NA,NA,NA,NA,"mepo",1.7,"e"
"5/9/03","MAY","TER 1","cover crop",NA,NA,NA,NA,NA,"mepo",0.1,"e"
"5/9/03","MAY","RIV4","onion",NA,NA,NA,NA,NA,"onion",0,"c"
"5/9/03","MAY","FUL 1","border",NA,NA,NA,NA,NA,"sool",0.1,"e"
"5/9/03","MAY","TER 1","cover crop",NA,NA,NA,NA,NA,"sool",1.2,"e"
"5/9/03","MAY","TER 1","fallow",NA,NA,NA,NA,NA,"sool",0.05,"e"
"5/9/03","MAY","TER 2","fallow",NA,NA,NA,NA,NA,"sool",0.4,"e"
"5/9/03","MAY","FUL 1","Prunus orchard understory",NA,NA,NA,NA,NA,"sool",0.1,"e"
"5/9/03","MAY","TER 1","cover crop",NA,NA,NA,NA,NA,"visa",0.1,"e"
"5/9/03","MAY","CAC","plow",NA,NA,NA,NA,NA,NA,0,NA
"5/9/03","MAY","EAT","plow",NA,NA,NA,NA,NA,NA,0,NA
"5/9/03","MAY","EVE","plow",NA,NA,NA,NA,NA,NA,0,NA
"5/9/03","MAY","RIV4","plow",NA,NA,NA,NA,NA,NA,0,NA
"5/9/03","MAY","TER 2","plow",NA,NA,NA,NA,NA,NA,0,NA
"6/2/03","JUN","EVE","Arugula",NA,NA,NA,NA,NA,"amme",0.944761905,"n"
"6/2/03","JUN","EAT","border",NA,NA,NA,NA,NA,"anco",1.44,"n"
"6/2/03","JUN","EAT","fallow",NA,NA,NA,NA,NA,"anco",0.92,"n"
"6/2/03","JUN","WIN","fallow",NA,NA,NA,NA,NA,"anco",0.033333333,"n"
"6/2/03","JUN","EVE","Arugula",NA,NA,NA,NA,NA,"arugula",33.04761905,"c"
"6/2/03","JUN","FUL 4","Arugula",NA,NA,NA,NA,NA,"arugula",52.8,"c"
"6/2/03","JUN","GOO","Arugula",NA,NA,NA,NA,NA,"arugula",18,"c"
"6/2/03","JUN","RIV 63","Arugula",NA,NA,NA,NA,NA,"arugula",195.5454545,"c"
"6/2/03","JUN","TER 2","Bean",NA,NA,NA,NA,NA,"bean",5.4,"c"
"6/2/03","JUN","FUL 4","Brass cult",NA,NA,NA,NA,NA,"Br cultivar",162.192,"c"
"6/2/03","JUN","GOO","Brass cult",NA,NA,NA,NA,NA,"Br cultivar",18.6,"c"
"6/2/03","JUN","RIV 63","Brass cult",NA,NA,NA,NA,NA,"Br cultivar",223.944,"c"
"6/2/03","JUN","WIN","Brass cult",NA,NA,NA,NA,NA,"Br cultivar",325.128,"c"
"6/2/03","JUN","EVE","fallow",NA,NA,NA,NA,NA,"brni",11.46444444,"e"
"6/2/03","JUN","WIN","Walnut orchard understory",NA,NA,NA,NA,NA,"brni",0.372222222,"e"
"6/2/03","JUN","EVE","brocolli",NA,NA,NA,NA,NA,"brocolli",216.504,"c"
"6/2/03","JUN","WIN","brocolli",NA,NA,NA,NA,NA,"brocolli",57.288,"c"
"6/2/03","JUN","GOO","Prunus orchard understory",NA,NA,NA,NA,NA,"buckwheat",1672.175,"e"
"6/2/03","JUN","EAT","fallow",NA,NA,NA,NA,NA,"ciin",1.32,"e"
"6/2/03","JUN","EAT","border",NA,NA,NA,NA,NA,"coar",15.83333333,"e"
"6/2/03","JUN","EVE","border",NA,NA,NA,NA,NA,"coar",0.72,"e"
"6/2/03","JUN","TER 2","border",NA,NA,NA,NA,NA,"coar",0.384615385,"e"
"6/2/03","JUN","EAT","fallow",NA,NA,NA,NA,NA,"coar",2.92,"e"
"6/2/03","JUN","EVE","fallow",NA,NA,NA,NA,NA,"coar",10.8,"e"
"6/2/03","JUN","TER 1","fallow",NA,NA,NA,NA,NA,"coar",1.2,"e"
"6/2/03","JUN","TER 2","fallow",NA,NA,NA,NA,NA,"coar",0.25,"e"
"6/2/03","JUN","EAT","pasture",NA,NA,NA,NA,NA,"coar",0.08,"e"
"6/2/03","JUN","EAT","strawberry",NA,NA,NA,NA,NA,"coar",0.5,"e"
"6/2/03","JUN","WIN","border",NA,NA,NA,NA,NA,"erbo",0.08,"e"
"6/2/03","JUN","EAT","strawberry",NA,NA,NA,NA,NA,"Fragaria",1.2,"c"
"6/2/03","JUN","TER 1","strawberry",NA,NA,NA,NA,NA,"Fragaria",1.272727273,"c"
"6/2/03","JUN","TER 1","fallow",NA,NA,NA,NA,NA,"laam",3.491428571,"e"
"6/2/03","JUN","WIN","fallow",NA,NA,NA,NA,NA,"laam",1.646666667,"e"
"6/2/03","JUN","EAT","lavender",NA,NA,NA,NA,NA,"lavender",173.538,"o"
"6/2/03","JUN","EAT","fallow",NA,NA,NA,NA,NA,"loco",1.32,"e"
"6/2/03","JUN","EAT","border",NA,NA,NA,NA,NA,"mapa",0.32,"e"
"6/2/03","JUN","TER 1","border",NA,NA,NA,NA,NA,"mapa",1.090909091,"e"
"6/2/03","JUN","TER 2","border",NA,NA,NA,NA,NA,"mapa",2.384615385,"e"
"6/2/03","JUN","TER 1","fallow",NA,NA,NA,NA,NA,"mapa",1.828571429,"e"
"6/2/03","JUN","TER 1","border",NA,NA,NA,NA,NA,"mepo",0.136363636,"e"
"6/2/03","JUN","WIN","border",NA,NA,NA,NA,NA,"mepo",0.04,"e"
"6/2/03","JUN","EAT","pasture",NA,NA,NA,NA,NA,"mesa",0.68,"c"
"6/2/03","JUN","TER 1","fallow",NA,NA,NA,NA,NA,"Physalis sp.",0.628571429,"c"
"6/2/03","JUN","EAT","pea",NA,NA,NA,NA,NA,"pisa",12.4,"c"
"6/2/03","JUN","JOH","pea",NA,NA,NA,NA,NA,"pisa",7,"c"
"6/2/03","JUN","WIN","border",NA,NA,NA,NA,NA,"plla",0.48,"e"
"6/2/03","JUN","TER 1","fallow",NA,NA,NA,NA,NA,"pool",4.6,"e"
"6/2/03","JUN","CAC","potato",NA,NA,NA,NA,NA,"potato",7,"c"
"6/2/03","JUN","JOH","potato",NA,NA,NA,NA,NA,"potato",2.4,"c"
"6/2/03","JUN","TER 1","potato",NA,NA,NA,NA,NA,"potato",9.2,"c"
"6/2/03","JUN","TER 2","border",NA,NA,NA,NA,NA,"rasa",0.153846154,"e"
"6/2/03","JUN","EAT","fallow",NA,NA,NA,NA,NA,"rasa",0.04,"e"
"6/2/03","JUN","EAT","sage",NA,NA,NA,NA,NA,"sage",13.7,"o"
"6/2/03","JUN","CAC","sc-cucumber",NA,NA,NA,NA,NA,"sc-cucumber",0.5,"c"
"6/2/03","JUN","TER 1","sc-cucumber",NA,NA,NA,NA,NA,"sc-cucumber",1,"c"
"6/2/03","JUN","TER 2","sc-cucumber",NA,NA,NA,NA,NA,"sc-cucumber",0.444444444,"c"
"6/2/03","JUN","TER 1","sc-watermelon",NA,NA,NA,NA,NA,"sc-watermelon",2.2,"c"
"6/2/03","JUN","TER 2","sc-watermelon",NA,NA,NA,NA,NA,"sc-watermelon",2.6,"c"
"6/2/03","JUN","TER 2","fallow",NA,NA,NA,NA,NA,"sevu",0.307,"e"
"6/2/03","JUN","EVE","Arugula",NA,NA,NA,NA,NA,"sool",0.428571429,"e"
"6/2/03","JUN","EAT","border",NA,NA,NA,NA,NA,"sool",1.04,"e"
"6/2/03","JUN","EAT","fallow",NA,NA,NA,NA,NA,"sool",1.28,"e"
"6/2/03","JUN","EVE","fallow",NA,NA,NA,NA,NA,"sool",0.733333333,"e"
"6/2/03","JUN","EAT","pasture",NA,NA,NA,NA,NA,"sool",0.92,"e"
"6/2/03","JUN","EAT","strawberry",NA,NA,NA,NA,NA,"sool",0.7,"e"
"6/2/03","JUN","EAT","squash",NA,NA,NA,NA,NA,"squash",0.9,"c"
"6/2/03","JUN","EVE","squash",NA,NA,NA,NA,NA,"squash",0.391304348,"c"
"6/2/03","JUN","FUL 4","squash",NA,NA,NA,NA,NA,"squash",0.545454545,"c"
"6/2/03","JUN","TER 1","squash",NA,NA,NA,NA,NA,"squash",0.7,"c"
"6/2/03","JUN","TER 2","squash",NA,NA,NA,NA,NA,"squash",0.7,"c"
"6/2/03","JUN","EAT","sunflower (organic)",NA,NA,NA,NA,NA,"sunflower",2.1,"c"
"6/2/03","JUN","EAT","thyme",NA,NA,NA,NA,NA,"thyme",116.3,"o"
"6/2/03","JUN","EVE","tomato-m",NA,NA,NA,NA,NA,"tomato",22.4,"c"
"6/2/03","JUN","FUL 4","tomato-m",NA,NA,NA,NA,NA,"tomato",22.73333333,"c"
"6/2/03","JUN","RIV 63","tomato-m",NA,NA,NA,NA,NA,"tomato",12.3,"c"
"6/2/03","JUN","TER 2","tomato-m",NA,NA,NA,NA,NA,"tomato",32.9,"c"
"6/2/03","JUN","EAT","tomato-y",NA,NA,NA,NA,NA,"tomato",2.7,"c"
"6/2/03","JUN","EVE","tomato-y",NA,NA,NA,NA,NA,"tomato",3.4,"c"
"6/2/03","JUN","FUL 4","tomato-y",NA,NA,NA,NA,NA,"tomato",1.384615385,"c"
"6/2/03","JUN","JOH","tomato-y",NA,NA,NA,NA,NA,"tomato",11.8,"c"
"6/2/03","JUN","RIV 63","tomato-y",NA,NA,NA,NA,NA,"tomato",1.1,"c"
"6/2/03","JUN","TER 2","tomato-y",NA,NA,NA,NA,NA,"tomato",1.461538462,"c"
"6/2/03","JUN","EAT","border",NA,NA,NA,NA,NA,"trre",1.44,"e"
"6/2/03","JUN","WIN","Walnut orchard understory",NA,NA,NA,NA,NA,"vivi",4.75,"e"
"6/2/03","JUN","JOH","yarrow",NA,NA,NA,NA,NA,"yarrow",327.5,"o"
"6/2/03","JUN","FUL 4","border",NA,NA,NA,NA,NA,NA,0,NA
"6/2/03","JUN","JOH","border",NA,NA,NA,NA,NA,NA,0,NA
"6/2/03","JUN","EVE","cover crop",NA,NA,NA,NA,NA,NA,0,NA
"6/2/03","JUN","TER 2","pasture",NA,NA,NA,NA,NA,NA,0,NA
"6/2/03","JUN","EVE","pea",NA,NA,NA,NA,NA,NA,0,NA
"6/2/03","JUN","CAC","Prunus orchard understory",NA,NA,NA,NA,NA,NA,0,NA
"6/2/03","JUN","FUL1","Prunus orchard understory",NA,NA,NA,NA,NA,NA,0,NA
"6/2/03","JUN","TER 1","Walnut orchard understory",NA,NA,NA,NA,NA,NA,0,NA
"6/2/03","JUN","TER 2","Walnut orchard understory",NA,NA,NA,NA,NA,NA,0,NA
"6/6/03","JUN","PAC","melon",NA,NA,NA,NA,NA,"cantaloupe",4.4,"c"
"6/6/03","JUN","PAC","strawberry",NA,NA,NA,NA,NA,"Fragaria",0.9,"c"
"6/6/03","JUN","TER 2","fallow",NA,NA,NA,NA,NA,"mapa",0.6,"e"
"6/6/03","JUN","PAC","watermelon",NA,NA,NA,NA,NA,"sc-watermelon",2.5,"c"
"6/6/03","JUN","TER 2","fallow",NA,NA,NA,NA,NA,"sevu",1.228,"e"
"6/6/03","JUN","PAC","squash",NA,NA,NA,NA,NA,"squash",1.9,"c"
"6/13/03","JUN","FUL4","pasture",NA,NA,NA,NA,NA,"coar",3,"e"
"6/13/03","JUN","FUL4","pasture",NA,NA,NA,NA,NA,"plla",0.7,"e"
"6/25/03","JUL","CAC","fallow",NA,NA,NA,NA,NA,"anco",0.75,"n"
"6/25/03","JUL","WIN","fallow",NA,NA,NA,NA,NA,"anco",0.2,"n"
"6/25/03","JUL","CAC","fallow",NA,NA,NA,NA,NA,"brni",21.775,"e"
"6/25/03","JUL","RIV 63","brocolli",NA,NA,NA,NA,NA,"brocolli",221.712,"c"
"6/25/03","JUL","WIN","border",NA,NA,NA,NA,NA,"ceso",0.05,"e"
"6/25/03","JUL","WIN","fallow",NA,NA,NA,NA,NA,"ceso",0.95,"e"
"6/25/03","JUL","WIN","uncultivated",NA,NA,NA,NA,NA,"ceso",1.35,"e"
"6/25/03","JUL","WIN","border",NA,NA,NA,NA,NA,"coar",0.25,"e"
"6/25/03","JUL","WIN","Citrus understory",NA,NA,NA,NA,NA,"coar",1,"e"
"6/25/03","JUL","CAC","fallow",NA,NA,NA,NA,NA,"coar",2,"e"
"6/25/03","JUL","CAC","Prunus orchard understory",NA,NA,NA,NA,NA,"coar",6.9,"e"
"6/25/03","JUL","WIN","uncultivated",NA,NA,NA,NA,NA,"coar",0.95,"e"
"6/25/03","JUL","WIN","border",NA,NA,NA,NA,NA,"loco",22,"e"
"6/25/03","JUL","CAC","potato",NA,NA,NA,NA,NA,"potato",1.5,"c"
"6/25/03","JUL","WIN","fallow",NA,NA,NA,NA,NA,"prlo",0.4,"e"
"6/25/03","JUL","CAC","sc-cucumber",NA,NA,NA,NA,NA,"sc-cucumber",8.1,"c"
"6/25/03","JUL","WIN","Walnut orchard understory",NA,NA,NA,NA,NA,NA,0,NA
"6/26/03","JUL","PAC","fallow",NA,NA,NA,NA,NA,"alyssum (infl)",1.730769231,"e"
"6/26/03","JUL","PAC","border",NA,NA,NA,NA,NA,"anco",0.833333333,"n"
"6/26/03","JUL","TER 2","Bean",NA,NA,NA,NA,NA,"bean",3,"c"
"6/26/03","JUL","PAC","brocolli",NA,NA,NA,NA,NA,"brocolli",2785.536,"c"
"6/26/03","JUL","TER 2","border",NA,NA,NA,NA,NA,"ceso",0.333333333,"e"
"6/26/03","JUL","PAC","border",NA,NA,NA,NA,NA,"coar",0.875,"e"
"6/26/03","JUL","TER 2","border",NA,NA,NA,NA,NA,"coar",0.375,"e"
"6/26/03","JUL","PAC","fallow",NA,NA,NA,NA,NA,"coar",4.230769231,"e"
"6/26/03","JUL","PAC","cosmos",NA,NA,NA,NA,NA,"cosmos",11.83333333,"o"
"6/26/03","JUL","PAC","border",NA,NA,NA,NA,NA,"mapa",2.125,"e"
"6/26/03","JUL","TER 2","border",NA,NA,NA,NA,NA,"mapa",0.25,"e"
"6/26/03","JUL","PAC","fallow",NA,NA,NA,NA,NA,"mapa",0.038461538,"e"
"6/26/03","JUL","TER 2","pepper",NA,NA,NA,NA,NA,"pepper",2,"c"
"6/26/03","JUL","PAC","potato",NA,NA,NA,NA,NA,"potato",0.9,"c"
"6/26/03","JUL","PAC","sc-cucumber",NA,NA,NA,NA,NA,"sc-cucumber",2.9,"c"
"6/26/03","JUL","TER 2","sc-melon",NA,NA,NA,NA,NA,"sc-melon",6.642857143,"c"
"6/26/03","JUL","PAC","sc-watermelon",NA,NA,NA,NA,NA,"sc-watermelon",0.9,"c"
"6/26/03","JUL","PAC","squash",NA,NA,NA,NA,NA,"squash",1.25,"c"
"6/26/03","JUL","TER 2","squash",NA,NA,NA,NA,NA,"squash",1.090909091,"c"
"6/26/03","JUL","PAC","border",NA,NA,NA,NA,NA,"trtr",2.75,"n"
"6/26/03","JUL","PAC","fallow",NA,NA,NA,NA,NA,"trtr",1.038461538,"n"
"6/29/03","JUL","ECK","Bean",NA,NA,NA,NA,NA,"bean",2.4,"c"
"6/29/03","JUL","GOO","fallow",NA,NA,NA,NA,NA,"brni",14.07,"e"
"6/29/03","JUL","GOO","Prunus orchard understory",NA,NA,NA,NA,NA,"buckwheat",81.64782609,"e"
"6/29/03","JUL","GOO","fallow",NA,NA,NA,NA,NA,"coar",1.9,"e"
"6/29/03","JUL","ECK","eggplant",NA,NA,NA,NA,NA,"eggplant",7.1,"c"
"6/29/03","JUL","GOO","green bean",NA,NA,NA,NA,NA,"green bean",7.7,"c"
"6/29/03","JUL","GOO","fallow",NA,NA,NA,NA,NA,"mapa",0.3,"e"
"6/29/03","JUL","ECK","pepper",NA,NA,NA,NA,NA,"pepper",6.9,"c"
"6/29/03","JUL","GOO","rasa",NA,NA,NA,NA,NA,"rasa",28.3,"e"
"6/29/03","JUL","GOO","safflower",NA,NA,NA,NA,NA,"safflower",26,"c"
"6/29/03","JUL","ECK","sc-cucumber",NA,NA,NA,NA,NA,"sc-cucumber",19.3,"c"
"6/29/03","JUL","ECK","sc-melon",NA,NA,NA,NA,NA,"sc-melon",10.4,"c"
"6/29/03","JUL","GOO","sc-melon",NA,NA,NA,NA,NA,"sc-melon",10.8,"c"
"6/29/03","JUL","GOO","squash",NA,NA,NA,NA,NA,"squash",3.1,"c"
"6/29/03","JUL","ECK","sunflower",NA,NA,NA,NA,NA,"sunflower",8.1,"c"
"6/30/03","JUL","TER 1","border",NA,NA,NA,NA,NA,"brni",9.38,"e"
"6/30/03","JUL","JOH","buckwheat (clumps per 4 by .25m)",NA,NA,NA,NA,NA,"buckwheat",648.2975,"e"
"6/30/03","JUL","JOH","border",NA,NA,NA,NA,NA,"ceso",0.028571429,"e"
"6/30/03","JUL","TER 1","fallow",NA,NA,NA,NA,NA,"ceso",0.05,"e"
"6/30/03","JUL","JOH","border",NA,NA,NA,NA,NA,"coar",0.8,"e"
"6/30/03","JUL","JOH","fallow",NA,NA,NA,NA,NA,"coar",19.45454545,"e"
"6/30/03","JUL","TER 1","fallow",NA,NA,NA,NA,NA,"coar",1.391304348,"e"
"6/30/03","JUL","TER 1","fallow",NA,NA,NA,NA,NA,"coar",0.55,"e"
"6/30/03","JUL","EVE","eggplant",NA,NA,NA,NA,NA,"eggplant",0.3,"c"
"6/30/03","JUL","JOH","eggplant",NA,NA,NA,NA,NA,"eggplant",0.4,"c"
"6/30/03","JUL","EVE","pepper",NA,NA,NA,NA,NA,"pepper",3.6,"c"
"6/30/03","JUL","JOH","pepper",NA,NA,NA,NA,NA,"pepper",4.1,"c"
"6/30/03","JUL","JOH","fallow",NA,NA,NA,NA,NA,"prlo",2.363636364,"e"
"6/30/03","JUL","JOH","black-eyed susans",NA,NA,NA,NA,NA,"ruhi",2.4,"o"
"6/30/03","JUL","EVE","sc-cucumber",NA,NA,NA,NA,NA,"sc-cucumber",6.5,"c"
"6/30/03","JUL","JOH","sc-cucumber",NA,NA,NA,NA,NA,"sc-cucumber",2.6,"c"
"6/30/03","JUL","EVE","squash",NA,NA,NA,NA,NA,"squash",1.6,"c"
"6/30/03","JUL","JOH","sunflower (organic)",NA,NA,NA,NA,NA,"sunflower (organic)",4.9,"c"
"6/30/03","JUL","JOH","yarrow",NA,NA,NA,NA,NA,"yarrow",40.7,"o"
"6/30/03","JUL","JOH","zinnia",NA,NA,NA,NA,NA,"zinnia",1.9,"o"
"6/30/03","JUL","TER 2","pasture",NA,NA,NA,NA,NA,NA,0,NA
"6/30/03","JUL","TER 1","Walnut orchard understory",NA,NA,NA,NA,NA,NA,0,NA
"6/30/03","JUL","TER 2","Walnut orchard understory",NA,NA,NA,NA,NA,NA,0,NA
"7/2/03","JUL","EAT","border",NA,NA,NA,NA,NA,"anco",0.173913043,"n"
"7/2/03","JUL","EAT","calendula",NA,NA,NA,NA,NA,"calendula",3.888888889,"o"
"7/2/03","JUL","EAT","border",NA,NA,NA,NA,NA,"ceso",0.260869565,"e"
"7/2/03","JUL","FUL4","pasture",NA,NA,NA,NA,NA,"ceso",0.05,"e"
"7/2/03","JUL","EAT","uncultivated",NA,NA,NA,NA,NA,"ceso",0.045454545,"e"
"7/2/03","JUL","CAC","Walnut orchard understory",NA,NA,NA,NA,NA,"ceso",27.95,"e"
"7/2/03","JUL","EAT","border",NA,NA,NA,NA,NA,"coar",0.869565217,"e"
"7/2/03","JUL","EAT","fallow",NA,NA,NA,NA,NA,"coar",3.6,"e"
"7/2/03","JUL","FUL4","pasture",NA,NA,NA,NA,NA,"coar",2.05,"e"
"7/2/03","JUL","EAT","uncultivated",NA,NA,NA,NA,NA,"coar",0.227272727,"e"
"7/2/03","JUL","CAC","Walnut orchard understory",NA,NA,NA,NA,NA,"coar",3.785714286,"e"
"7/2/03","JUL","EAT","lavender",NA,NA,NA,NA,NA,"lavender",869.6892857,"o"
"7/2/03","JUL","EAT","border",NA,NA,NA,NA,NA,"mesa",1.217391304,"c"
"7/2/03","JUL","EAT","fallow",NA,NA,NA,NA,NA,"mesa",9.2,"c"
"7/2/03","JUL","EAT","uncultivated",NA,NA,NA,NA,NA,"mesa",13.36363636,"c"
"7/2/03","JUL","EAT","border",NA,NA,NA,NA,NA,"piec",0.130434783,"e"
"7/2/03","JUL","EAT","uncultivated",NA,NA,NA,NA,NA,"piec",0.136363636,"e"
"7/2/03","JUL","EAT","sage",NA,NA,NA,NA,NA,"sage",19.38461538,"o"
"7/2/03","JUL","EAT","squash",NA,NA,NA,NA,NA,"squash",0.6,"c"
"7/2/03","JUL","EAT","sunflower",NA,NA,NA,NA,NA,"sunflower",2.1,"c"
"7/2/03","JUL","EAT","tomatillo",NA,NA,NA,NA,NA,"tomatillo",9.3,"c"
"7/22/03","JUL","TER 2","border",NA,NA,NA,NA,NA,"Asclepias",0.6,"e"
"7/22/03","JUL","EVE","basil",NA,NA,NA,NA,NA,"basil",12.47636364,"c"
"7/22/03","JUL","GOO","basil",NA,NA,NA,NA,NA,"basil",26.8,"c"
"7/22/03","JUL","JOH","basil",NA,NA,NA,NA,NA,"basil",9.344,"c"
"7/22/03","JUL","TER 1","basil",NA,NA,NA,NA,NA,"basil",28.13818182,"c"
"7/22/03","JUL","JOH","Bean",NA,NA,NA,NA,NA,"bean",0.3,"c"
"7/22/03","JUL","CAC","border",NA,NA,NA,NA,NA,"brni",8.375,"e"
"7/22/03","JUL","CAC","fallow",NA,NA,NA,NA,NA,"brni",23.45,"e"
"7/22/03","JUL","CAC","Prunus orchard understory",NA,NA,NA,NA,NA,"brni",0,"e"
"7/22/03","JUL","WIN","uncultivated",NA,NA,NA,NA,NA,"brni",15.41,"e"
"7/22/03","JUL","GOO","Prunus orchard understory",NA,NA,NA,NA,NA,"buckwheat",61.00652174,"e"
"7/22/03","JUL","EAT","calendula",NA,NA,NA,NA,NA,"calendula",1.9,"o"
"7/22/03","JUL","GOO","calendula",NA,NA,NA,NA,NA,"calendula",10.1,"o"
"7/22/03","JUL","CAC","border",NA,NA,NA,NA,NA,"ceso",2.95,"e"
"7/22/03","JUL","TER 1","border",NA,NA,NA,NA,NA,"ceso",2.12,"e"
"7/22/03","JUL","TER 2","border",NA,NA,NA,NA,NA,"ceso",0.44,"e"
"7/22/03","JUL","CAC","fallow",NA,NA,NA,NA,NA,"ceso",4.25,"e"
"7/22/03","JUL","WIN","fallow",NA,NA,NA,NA,NA,"ceso",0.25,"e"
"7/22/03","JUL","CAC","Prunus orchard understory",NA,NA,NA,NA,NA,"ceso",3.45,"e"
"7/22/03","JUL","EAT","uncultivated",NA,NA,NA,NA,NA,"ceso",1.28,"e"
"7/22/03","JUL","WIN","uncultivated",NA,NA,NA,NA,NA,"ceso",24.8,"e"
"7/22/03","JUL","WIN","Walnut orchard understory",NA,NA,NA,NA,NA,"ceso",1.8,"e"
"7/22/03","JUL","CAC","border",NA,NA,NA,NA,NA,"coar",19.85,"e"
"7/22/03","JUL","PAC","border",NA,NA,NA,NA,NA,"coar",0.782608696,"e"
"7/22/03","JUL","TER 2","border",NA,NA,NA,NA,NA,"coar",0.88,"e"
"7/22/03","JUL","CAC","fallow",NA,NA,NA,NA,NA,"coar",16.4,"e"
"7/22/03","JUL","PAC","fallow",NA,NA,NA,NA,NA,"coar",3.217391304,"e"
"7/22/03","JUL","TER 1","fallow",NA,NA,NA,NA,NA,"coar",1.272727273,"e"
"7/22/03","JUL","TER 2","fallow",NA,NA,NA,NA,NA,"coar",3.4,"e"
"7/22/03","JUL","CAC","Prunus orchard understory",NA,NA,NA,NA,NA,"coar",5.6,"e"
"7/22/03","JUL","GOO","cosmos",NA,NA,NA,NA,NA,"cosmos",4.1,"o"
"7/22/03","JUL","ECK","eggplant",NA,NA,NA,NA,NA,"eggplant",0.3,"c"
"7/22/03","JUL","EVE","eggplant",NA,NA,NA,NA,NA,"eggplant",0.6,"c"
"7/22/03","JUL","FUL4","eggplant",NA,NA,NA,NA,NA,"eggplant",0.2,"c"
"7/22/03","JUL","GOO","eggplant",NA,NA,NA,NA,NA,"eggplant",3.4,"c"
"7/22/03","JUL","PAC","eggplant",NA,NA,NA,NA,NA,"eggplant",0.428571429,"c"
"7/22/03","JUL","EAT","lavender",NA,NA,NA,NA,NA,"lavender",858.36,"o"
"7/22/03","JUL","EAT","uncultivated",NA,NA,NA,NA,NA,"mesa",9.28,"c"
"7/22/03","JUL","EAT","pepper",NA,NA,NA,NA,NA,"pepper",1.4,"c"
"7/22/03","JUL","ECK","pepper",NA,NA,NA,NA,NA,"pepper",0.6,"c"
"7/22/03","JUL","EVE","pepper",NA,NA,NA,NA,NA,"pepper",1.6,"c"
"7/22/03","JUL","GOO","pepper",NA,NA,NA,NA,NA,"pepper",1.2,"c"
"7/22/03","JUL","JOH","pepper",NA,NA,NA,NA,NA,"pepper",0.9,"c"
"7/22/03","JUL","PAC","pepper",NA,NA,NA,NA,NA,"pepper",3.166666667,"c"
"7/22/03","JUL","TER 2","pepper",NA,NA,NA,NA,NA,"pepper",2.6,"c"
"7/22/03","JUL","TER 2","sc",NA,NA,NA,NA,NA,"sc",6.1,"c"
"7/22/03","JUL","EVE","sc",NA,NA,NA,NA,NA,"sc-cucumber",6.6,"c"
"7/22/03","JUL","JOH","sc",NA,NA,NA,NA,NA,"sc-cucumber",1.875,"c"
"7/22/03","JUL","ECK","sc-cucumber",NA,NA,NA,NA,NA,"sc-cucumber",1.9,"c"
"7/22/03","JUL","PAC","sc-cucumber",NA,NA,NA,NA,NA,"sc-cucumber",2.5,"c"
"7/22/03","JUL","CAC","sc-melon",NA,NA,NA,NA,NA,"sc-melon",2.4,"c"
"7/22/03","JUL","ECK","sc-melon",NA,NA,NA,NA,NA,"sc-melon",1.6,"c"
"7/22/03","JUL","FUL45","sc-melon",NA,NA,NA,NA,NA,"sc-melon",9.6,"c"
"7/22/03","JUL","GOO","sc-melon",NA,NA,NA,NA,NA,"sc-melon",7.5,"c"
"7/22/03","JUL","EAT","squash",NA,NA,NA,NA,NA,"squash",0.7,"c"
"7/22/03","JUL","ECK","squash",NA,NA,NA,NA,NA,"squash",2.8,"c"
"7/22/03","JUL","FUL45","squash",NA,NA,NA,NA,NA,"squash",1.4,"c"
"7/22/03","JUL","TER 2","squash",NA,NA,NA,NA,NA,"squash",0.5,"c"
"7/22/03","JUL","EAT","sunflower",NA,NA,NA,NA,NA,"sunflower",0.3,"c"
"7/22/03","JUL","GOO","sunflower",NA,NA,NA,NA,NA,"sunflower",8,"c"
"7/22/03","JUL","JOH","sunflower",NA,NA,NA,NA,NA,"sunflower",8.333333333,"c"
"7/22/03","JUL","PAC","sunflower",NA,NA,NA,NA,NA,"sunflower",6.6,"c"
"7/22/03","JUL","EAT","tomatilllo",NA,NA,NA,NA,NA,"tomatillo",18.8,"c"
"7/22/03","JUL","PAC","border",NA,NA,NA,NA,NA,"trre",0.130434783,"e"
"7/22/03","JUL","PAC","border",NA,NA,NA,NA,NA,"trtr",0.043478261,"n"
"7/22/03","JUL","PAC","fallow",NA,NA,NA,NA,NA,"trtr",1.608695652,"n"
"7/22/03","JUL","CAC","border",NA,NA,NA,NA,NA,"vivi",9.025,"e"
"7/22/03","JUL","TER 2","pasture",NA,NA,NA,NA,NA,NA,0,NA
"7/22/03","JUL","EAT","Prunus orchard understory",NA,NA,NA,NA,NA,NA,0,NA
"7/22/03","JUL","TER 1","Walnut orchard understory",NA,NA,NA,NA,NA,NA,0,NA
"7/22/03","JUL","TER 2","Walnut orchard understory",NA,NA,NA,NA,NA,NA,0,NA
"7/29/03","JUL","MCN","Walnut understory",NA,NA,NA,NA,NA,"coar",2.35,"e"
"3/20/03","APR","TUR Rd 89","Prunus orchard understory",NA,NA,NA,NA,NA,"cabu",6.363636364,"e"
"3/20/03","APR","TUR Rd 89","Prunus orchard understory",NA,NA,NA,NA,NA,"erbo",1.318181818,"e"
"3/20/03","APR","TUR Rd 89","Prunus orchard understory",NA,NA,NA,NA,NA,"gemo",0.272727273,"e"
"3/20/03","APR","TUR Rd 89","Prunus orchard understory",NA,NA,NA,NA,NA,"mepo",4.409090909,"e"
"3/20/03","APR","TUR Rd 89","Prunus orchard understory",NA,NA,NA,NA,NA,"raoc",7.772727273,"n"
"3/20/03","APR","TUR Rd 89","Prunus orchard understory",NA,NA,NA,NA,NA,"sevu",7.814545455,"e"
"3/20/03","APR","TUR Rd 89","Prunus orchard understory",NA,NA,NA,NA,NA,"sool",0.227272727,"e"
"3/20/03","APR","TUR Rd 89","Prunus orchard understory",NA,NA,NA,NA,NA,"stme",10.18181818,"e"
"3/20/03","APR","TUR Rd 89","Prunus orchard understory",NA,NA,NA,NA,NA,"taof",1.181818182,"e"
"3/20/03","APR","TUR Rd 89","Prunus orchard understory",NA,NA,NA,NA,NA,"vepe",3.545454545,"e"
"3/20/03","APR","Turk 128","Prunus orchard understory",NA,NA,NA,NA,NA,"erbo",2.15,"e"
"3/20/03","APR","Turk 128","Prunus orchard understory",NA,NA,NA,NA,NA,"gemo",0.25,"e"
"3/20/03","APR","Turk 128","Prunus orchard understory",NA,NA,NA,NA,NA,"mepo",0.45,"e"
"3/20/03","APR","Turk 128","Prunus orchard understory",NA,NA,NA,NA,NA,"stme",0.2,"e"
"3/20/03","APR","Turk 128","Prunus orchard understory",NA,NA,NA,NA,NA,"taof",0.2,"e"
"4/2/03","APR","Sievers & Seed Co","alfalfa",NA,NA,NA,NA,NA,"brni",10.64117647,"e"
"4/2/03","APR","Sievers & Seed Co","alfalfa",NA,NA,NA,NA,NA,"laam",0.305882353,"e"
"4/2/03","APR","Sievers & Seed Co","alfalfa",NA,NA,NA,NA,NA,"rasa",1.882352941,"e"
"4/2/03","APR","Sievers & Seed Co #2","alfalfa",NA,NA,NA,NA,NA,NA,0,NA
"4/2/03","APR","WintuRd","alfalfa",NA,NA,NA,NA,NA,NA,0,NA
"4/2/03","APR","Bor 2","fallow",NA,NA,NA,NA,NA,NA,0,NA
"4/2/03","APR","Stevenson's Bridge","fallow",NA,NA,NA,NA,NA,"Hypochaeris radicala",1.05,"e"
"4/2/03","APR","Stevenson's Bridge","fallow",NA,NA,NA,NA,NA,"mapa",0.3,"e"
"4/2/03","APR","Stevenson's Bridge","fallow",NA,NA,NA,NA,NA,"sool",3.55,"e"
"4/2/03","APR","Bor 2across street","plowed",NA,NA,NA,NA,NA,NA,0,NA
"4/2/03","APR","Holmes Rd","Prunus orchard understory",NA,NA,NA,NA,NA,"erbo",0.65,"e"
"4/2/03","APR","Sievers & Sparks Ranch Rd","uncultivated",NA,NA,NA,NA,NA,"amme",13.144,"n"
"4/2/03","APR","Sievers & Sparks Ranch Rd","uncultivated",NA,NA,NA,NA,NA,"caci",40.75,"n"
"4/2/03","APR","NEofBOR2","Walnut understory",NA,NA,NA,NA,NA,"fava",1.946,"c"
"4/2/03","APR","NEofBOR2","Walnut understory",NA,NA,NA,NA,NA,"raoc",3.7,"n"
"4/2/03","APR","NEofBOR2","Walnut understory",NA,NA,NA,NA,NA,"visa",11.6375,"e"
"4/2/03","APR","Stevenson'sBridge","Walnut understory",NA,NA,NA,NA,NA,NA,0,NA
"4/2/03","APR","Russel&Stevenson's","Wheat",NA,NA,NA,NA,NA,NA,0,NA
"4/2/03","APR","Sievers & Sparks Ranch Rd","Wheat",NA,NA,NA,NA,NA,NA,0,NA
"4/3/03","APR","N of 85 on E side","uncultivated",NA,NA,NA,NA,NA,"brni",1.005,"e"
"4/3/03","APR","N of 85 on E side","uncultivated",NA,NA,NA,NA,NA,"mapa",0.05,"e"
"4/3/03","APR","N of 85 on E side","uncultivated",NA,NA,NA,NA,NA,"sool",0.1,"e"
"4/3/03","APR","NW of 95 & 19","uncultivated",NA,NA,NA,NA,NA,"acmo",0.2,"n"
"4/3/03","APR","NW of 95 & 19","uncultivated",NA,NA,NA,NA,NA,"amme",1.364,"n"
"4/3/03","APR","NW of 95 & 19","uncultivated",NA,NA,NA,NA,NA,"brni",0.05,"e"
"4/3/03","APR","NW of 95 & 19","uncultivated",NA,NA,NA,NA,NA,"lube",2.3465,"n"
"4/3/03","APR","NW of 95 & 19","uncultivated",NA,NA,NA,NA,NA,"vivi",2.375,"e"
"4/3/03","APR","16 across from Barsotti","uncultivated grassland/pasture",NA,NA,NA,NA,NA,"amme",1.364,"n"
"4/3/03","APR","16 across from Barsotti","uncultivated grassland/pasture",NA,NA,NA,NA,NA,"caci",0,"n"
"4/3/03","APR","16 across from Barsotti","uncultivated grassland/pasture",NA,NA,NA,NA,NA,"dica",0,"n"
"4/3/03","APR","16 across from Barsotti","uncultivated grassland/pasture",NA,NA,NA,NA,NA,"trla",0.3,"n"
"4/3/03","APR","16 across from Barsotti","uncultivated grassland/pasture",NA,NA,NA,NA,NA,"trpo",0.3,"e"
"4/3/03","APR","16 across from Barsotti","uncultivated grassland/pasture",NA,NA,NA,NA,NA,"trtr",1.05,"n"
"4/3/03","APR","16 across from Barsotti","uncultivated grassland/pasture",NA,NA,NA,NA,NA,"visa",5.9375,"e"
"4/3/03","APR","16 across from Barsotti","uncultivated grassland/pasture",NA,NA,NA,NA,NA,"vivi",7.125,"e"
"4/3/03","APR","Vineyard across from Fong's on rd 20","vineyard",NA,NA,NA,NA,NA,"erbo",0.05,"e"
"4/3/03","APR","Vineyard across from Fong's on rd 20","vineyard",NA,NA,NA,NA,NA,"mepo",3.25,"e"
"4/3/03","APR","16 & 76 across from walnuts","weedy uncultivated",NA,NA,NA,NA,NA,"erbo",0.55,"e"
"4/3/03","APR","16 & 76 across from walnuts","weedy uncultivated",NA,NA,NA,NA,NA,"laam",0.39,"e"
"4/3/03","APR","16 & 76 across from walnuts","weedy uncultivated",NA,NA,NA,NA,NA,"mepo",5.7,"e"
"4/4/03","APR","Rd 70","pasture",NA,NA,NA,NA,NA,"mepo",0.05,"e"
"4/4/03","APR","Rd 70","pasture",NA,NA,NA,NA,NA,"raoc",0.1,"n"
"4/4/03","APR","Rd 70","pasture",NA,NA,NA,NA,NA,"trre",4.4,"e"
"4/4/03","APR","16 & Rd59","uncultivated",NA,NA,NA,NA,NA,"caci",0.15,"n"
"4/4/03","APR","16 & Rd59","uncultivated",NA,NA,NA,NA,NA,"diar",1.4,"e"
"4/4/03","APR","16 & Rd59","uncultivated",NA,NA,NA,NA,NA,"dica",0.85,"n"
"4/4/03","APR","16 & Rd59","uncultivated",NA,NA,NA,NA,NA,"erbo",1.15,"e"
"4/4/03","APR","16 & Rd59","uncultivated",NA,NA,NA,NA,NA,"lube",28.0345,"n"
"4/4/03","APR","16 & Rd59","uncultivated",NA,NA,NA,NA,NA,"trtr",0.45,"n"
"4/4/03","APR","16 & Rumsey","uncultivated",NA,NA,NA,NA,NA,"amme",10.044,"n"
"4/4/03","APR","16 & Rumsey","uncultivated",NA,NA,NA,NA,NA,"brni",4.02,"e"
"4/4/03","APR","16 & Rumsey","uncultivated",NA,NA,NA,NA,NA,"erbo",0.25,"e"
"4/4/03","APR","16 & Rumsey","uncultivated",NA,NA,NA,NA,NA,"laam",4.16,"e"
"4/4/03","APR","16 & Rumsey","uncultivated",NA,NA,NA,NA,NA,"vivi",6.4125,"e"
"4/4/03","APR","Rd 46","uncultivated",NA,NA,NA,NA,NA,"amme",9.548,"n"
"4/4/03","APR","Rd 46","uncultivated",NA,NA,NA,NA,NA,"brni",2.01,"e"
"4/4/03","APR","Rd 46","uncultivated",NA,NA,NA,NA,NA,"esca",0.75,"n"
"4/4/03","APR","Rd 46","uncultivated",NA,NA,NA,NA,NA,"lube",2.3465,"n"
"4/4/03","APR","Rd 46","uncultivated",NA,NA,NA,NA,NA,"vivi",0.7125,"e"
"4/4/03","APR","Casino housing","Wheat",NA,NA,NA,NA,NA,NA,0,NA
"4/11/03","APR","MUR70","pasture",NA,NA,NA,NA,NA,"acmo",4.55,"n"
"4/11/03","APR","MUR70","pasture",NA,NA,NA,NA,NA,"amme",0.124,"n"
"4/11/03","APR","MUR70","pasture",NA,NA,NA,NA,NA,"erbo",2.75,"e"
"4/11/03","APR","MUR70","pasture",NA,NA,NA,NA,NA,"hygl",0.45,"e"
"4/11/03","APR","MUR70","pasture",NA,NA,NA,NA,NA,"Linanthus sp.",1.5,"n"
"4/11/03","APR","MUR70","pasture",NA,NA,NA,NA,NA,"lube",16.796,"n"
"4/11/03","APR","MUR70","pasture",NA,NA,NA,NA,NA,"meal",6.5,"e"
"4/11/03","APR","MUR70","pasture",NA,NA,NA,NA,NA,"vivi",1.6625,"e"
"4/11/03","APR","PER","uncultivated",NA,NA,NA,NA,NA,"acmo",0.1,"n"
"4/11/03","APR","PER","uncultivated",NA,NA,NA,NA,NA,"amme",11.284,"n"
"4/11/03","APR","PER","uncultivated",NA,NA,NA,NA,NA,"anar",0.2,"e"
"4/11/03","APR","PER","uncultivated",NA,NA,NA,NA,NA,"brni",57.955,"e"
"4/11/03","APR","PER","uncultivated",NA,NA,NA,NA,NA,"caci",1.05,"n"
"4/11/03","APR","PER","uncultivated",NA,NA,NA,NA,NA,"dapu",8.3,"n"
"4/11/03","APR","PER","uncultivated",NA,NA,NA,NA,NA,"rasa",0.6,"e"
"4/11/03","APR","PER","uncultivated",NA,NA,NA,NA,NA,"visa",3.5625,"e"
"4/11/03","APR","PER","uncultivated",NA,NA,NA,NA,NA,"vivi",4.0375,"e"
"5/1/03","MAY","31 and 97","Prunus orchard understory",NA,NA,NA,NA,NA,"mepo",2.95,"e"
"5/1/03","MAY","Road 31","Prunus orchard understory",NA,NA,NA,NA,NA,"caci",0.35,"n"
"5/1/03","MAY","Road 31","Prunus orchard understory",NA,NA,NA,NA,NA,"erbo",0.85,"e"
"5/1/03","MAY","DQ","Wheat",NA,NA,NA,NA,NA,NA,0,NA
"5/5/03","MAY","Canal 1","alfalfa",NA,NA,NA,NA,NA,"brni",0.67,"e"
"5/5/03","MAY","Canal 1","alfalfa",NA,NA,NA,NA,NA,"mesa",2.3,"c"
"5/5/03","MAY","Canal 2","alfalfa",NA,NA,NA,NA,NA,NA,0,NA
"5/5/03","MAY","Wintu","alfalfa",NA,NA,NA,NA,NA,"mesa",2.8,"c"
"5/5/03","MAY","Holmes","Prunus orchard understory",NA,NA,NA,NA,NA,NA,0,NA
"5/5/03","MAY","Holmes","Walnut understory",NA,NA,NA,NA,NA,"mapa",0.4,"e"
"5/5/03","MAY","NE of BOR2","Walnut understory",NA,NA,NA,NA,NA,NA,0,NA
"5/5/03","MAY","Stevenson's Bridge","Walnut understory",NA,NA,NA,NA,NA,"sool",0.45,"e"
"5/5/03","MAY","Sparks","weedy uncultivated",NA,NA,NA,NA,NA,"amme",19.592,"n"
"5/5/03","MAY","Sparks","weedy uncultivated",NA,NA,NA,NA,NA,"caci",0.2,"n"
"5/5/03","MAY","Sparks","weedy uncultivated",NA,NA,NA,NA,NA,"erbo",0,"e"
"5/5/03","MAY","Sparks","Wheat",NA,NA,NA,NA,NA,NA,0,NA
"5/5/03",".","Stevenson's Bridge","Wheat",NA,NA,NA,NA,NA,NA,0,NA
"5/8/03","MAY","CampbellRd","Onion",NA,NA,NA,NA,NA,"onion",0,"c"
"5/8/03","MAY","Russel&Buckeye","Tomato-m",NA,NA,NA,NA,NA,"tomato",11.27272727,"c"
"5/8/03","MAY","corner of ECK map","Tomato-m",NA,NA,NA,NA,NA,"tomato",1.56097561,"c"
"5/8/03","MAY","MEERd30","Tomato-m",NA,NA,NA,NA,NA,"tomato",1.8,"c"
"5/12/03","MAY","16 & 7.40","uncultivated",NA,NA,NA,NA,NA,"amme",0.826666667,"n"
"5/12/03","MAY","16 & 7.40","uncultivated",NA,NA,NA,NA,NA,"capy",0.133333333,"e"
"5/12/03","MAY","16 & 7.40","uncultivated",NA,NA,NA,NA,NA,"coar",0.2,"e"
"5/12/03","MAY","16 & 7.40","uncultivated",NA,NA,NA,NA,NA,"visa",3.8,"e"
"5/12/03","MAY","16 & 7.40","uncultivated",NA,NA,NA,NA,NA,"vivi",2.533333333,"e"
"5/20/03","MAY","97&31","alfalfa",NA,NA,NA,NA,NA,"coar",1.9,"e"
"5/20/03","MAY","97&31","alfalfa",NA,NA,NA,NA,NA,"mesa",16,"c"
"6/4/03","JUN","16 & 85B","Prunus orchard understory",NA,NA,NA,NA,NA,NA,0,NA
"6/4/03","JUN","31 & 98","strawberry",NA,NA,NA,NA,NA,"fragaria",1,"c"
"6/4/03","JUN","29 & 89","Walnut understory",NA,NA,NA,NA,NA,NA,0,NA
"6/6/03","JUN","128 & Horseshoe","Prunus orchard understory",NA,NA,NA,NA,NA,"coar",2.1,"e"
"6/6/03","JUN","128 & Horseshoe","Prunus orchard understory",NA,NA,NA,NA,NA,"mapa",0.7,"e"
"6/6/03","JUN","Across from EVE","Prunus orchard understory",NA,NA,NA,NA,NA,"erbo",2.285714286,"e"
"6/6/03","JUN","Across from EVE","Prunus orchard understory",NA,NA,NA,NA,NA,"mapa",6.714285714,"e"
"6/6/03","JUN","Across from EVE","Prunus orchard understory",NA,NA,NA,NA,NA,"mepo",0.571428571,"e"
"6/6/03","JUN","Putah Creek Rd","Tomato-m",NA,NA,NA,NA,NA,"tomato",19,"c"
"6/6/03","JUN","Stevenson'sBridge","uncultivated",NA,NA,NA,NA,NA,"coar",7.05,"e"
"6/6/03","JUN","Stevenson'sBridge","uncultivated",NA,NA,NA,NA,NA,"erbo",0.25,"e"
"6/6/03","JUN","99&29","Walnut understory",NA,NA,NA,NA,NA,NA,0,NA
"6/6/03","JUN","Bor E","Walnut understory",NA,NA,NA,NA,NA,NA,0,NA
"6/6/03","JUN","Putah Creek Rd","Walnut understory",NA,NA,NA,NA,NA,NA,0,NA
"6/12/03","JUN","16 at mile 7.40","uncultivated",NA,NA,NA,NA,NA,"amme",0.826666667,"n"
"6/12/03","JUN","16 at mile 7.40","uncultivated",NA,NA,NA,NA,NA,"capy",0.133333333,"e"
"6/12/03","JUN","16 at mile 7.40","uncultivated",NA,NA,NA,NA,NA,"coar",0.2,"e"
"6/12/03","JUN","16 at mile 7.40","uncultivated",NA,NA,NA,NA,NA,"visa",3.8,"e"
"6/12/03","JUN","16 at mile 7.40","uncultivated",NA,NA,NA,NA,NA,"vivi",2.533333333,"e"
"6/13/03","JUN","DavisVegCrop","fallow",NA,NA,NA,NA,NA,"coar",0.5,"e"
"6/13/03","JUN","DavisVegCrop","fallow",NA,NA,NA,NA,NA,"erbo",0.5,"e"
"6/13/03","JUN","DavisVegCrop","fallow",NA,NA,NA,NA,NA,"Solanum sp",7.75,"e"
"6/13/03","JUN","DavisVegCrop","fallow",NA,NA,NA,NA,NA,"sool",0.65,"e"
"6/13/03","JUN","DavisVegCrop","tomato-m",NA,NA,NA,NA,NA,"tomato",0.3,"c"
"6/13/03","JUN","PhillipsRd","fallow",NA,NA,NA,NA,NA,"anco",0.9,"e"
"6/13/03","JUN","PhillipsRd","fallow",NA,NA,NA,NA,NA,"brni",2.01,"e"
"6/13/03","JUN","Rd 70 & FID","fallow",NA,NA,NA,NA,NA,NA,0,NA
"6/13/03","JUN","Rd 70 southside","fallow",NA,NA,NA,NA,NA,"coar",2.7,"e"
"6/13/03","JUN","Rd 70 southside","fallow",NA,NA,NA,NA,NA,"erbo",0.1,"e"
"6/13/03","JUN","DavisVegCrop","Parsely",NA,NA,NA,NA,NA,"parsley",97.63636364,"c"
"6/13/03","JUN","Rd 70 & FID","pasture",NA,NA,NA,NA,NA,"trre",0.5,"e"
"6/13/03","JUN","DavisVegCrop","Red Onion",NA,NA,NA,NA,NA,"onion",NA,"c"
"6/13/03","JUN","31&97","Tomato-m",NA,NA,NA,NA,NA,"tomato",28.6,"c"
"6/13/03","JUN","505&Russel","uncultivated",NA,NA,NA,NA,NA,NA,0,NA
"6/13/03","JUN","Hutchinson","uncultivated",NA,NA,NA,NA,NA,"coar",10.9,"e"
"6/13/03","JUN","Hutchinson","uncultivated",NA,NA,NA,NA,NA,"sima",0.4,"e"
"6/13/03","JUN","Hutchinson","uncultivated",NA,NA,NA,NA,NA,"trpo",0.1,"e"
"6/13/03","JUN","PIL","uncultivated",NA,NA,NA,NA,NA,"brni",4.466666667,"e"
"6/13/03","JUN","PIL","uncultivated",NA,NA,NA,NA,NA,"Plantago sp.",0.25,"e"
"6/13/03","JUN","PIL","uncultivated",NA,NA,NA,NA,NA,"vivi",11.08333333,"e"
"6/16/03","JUN","16&59","fallow",NA,NA,NA,NA,NA,"Centaurium sp.",0.3,"e"
"6/16/03","JUN","16&59","fallow",NA,NA,NA,NA,NA,"clpu",0.75,"n"
"6/16/03","JUN","16&59","fallow",NA,NA,NA,NA,NA,"coar",2.4,"e"
"6/16/03","JUN","16&59","fallow",NA,NA,NA,NA,NA,"erbo",0.45,"e"
"6/16/03","JUN","16southofRumsey","Walnut understory",NA,NA,NA,NA,NA,NA,0,NA
"6/29/03","JUL","SET","sc-cucumber",NA,NA,NA,NA,NA,"sc-cucumber",7.9,"c"
"6/30/03","JUL","Russell","sc-cucumber",NA,NA,NA,NA,NA,"sc-cucumber",2.5,"c"
"7/1/03","JUL","Road 70","pasture",NA,NA,NA,NA,NA,NA,0,NA
"7/1/03","JUL","PIL","uncultivated",NA,NA,NA,NA,NA,"brni",8.375,"e"
"7/1/03","JUL","PIL","uncultivated",NA,NA,NA,NA,NA,"ceso",1.5,"e"
"7/2/03","JUL","Near BOR W","bean",NA,NA,NA,NA,NA,"bean",3,"c"
"7/2/03","JUL","16&59","fallow",NA,NA,NA,NA,NA,"ceso",0.1,"e"
"7/2/03","JUL","16&59","fallow",NA,NA,NA,NA,NA,"coar",11.4,"e"
"7/2/03","JUL","16&59","fallow",NA,NA,NA,NA,NA,"pink little",1.65,NA
"7/2/03","JUL","Agronomy Range Science","fallow",NA,NA,NA,NA,NA,"brni",19.296,"e"
"7/2/03","JUL","Agronomy Range Science","fallow",NA,NA,NA,NA,NA,"ceso",0.04,"e"
"7/2/03","JUL","Agronomy Range Science","fallow",NA,NA,NA,NA,NA,"vivi",0.76,"e"
"7/2/03","JUL","Hutchinson before big turn","fallow",NA,NA,NA,NA,NA,"coar",1.44,"e"
"7/2/03","JUL","16&85b","Prunus orchard understory",NA,NA,NA,NA,NA,"coar",0.85,"e"
"7/2/03","JUL","16&85b","Prunus orchard understory",NA,NA,NA,NA,NA,"pool",0.75,"e"
"7/2/03","JUL","31 & 97","Prunus orchard understory",NA,NA,NA,NA,NA,NA,0,NA
"7/2/03","JUL","across from EVE","Prunus orchard understory",NA,NA,NA,NA,NA,NA,0,NA
"7/2/03","JUL","Near BOR W","Prunus orchard understory",NA,NA,NA,NA,NA,NA,0,NA
"7/2/03","JUL","14 & 86","sc-melon",NA,NA,NA,NA,NA,"sc-melon",4.7,"c"
"7/2/03","JUL","PIL","sc-melon",NA,NA,NA,NA,NA,"sc-melon",7.9,"c"
"7/2/03","JUL","between BOR E & W","squash",NA,NA,NA,NA,NA,"squash",0.7,"c"
"7/2/03","JUL","PIL","sunflower",NA,NA,NA,NA,NA,"sunflower",12.45,"c"
"7/2/03","JUL","off Philips","uncultivated",NA,NA,NA,NA,NA,"ceso",5.321428571,"e"
"7/2/03","JUL","89 & 29A","Walnut understory",NA,NA,NA,NA,NA,NA,0,NA
"7/2/03","JUL","BOR E","Walnut understory",NA,NA,NA,NA,NA,NA,0,NA
"7/2/03","JUL","S of Rumsey","Walnut understory",NA,NA,NA,NA,NA,NA,0,NA
"7/29/03","JUL","BOR W","bean",NA,NA,NA,NA,NA,"bean",4.1,"c"
"7/29/03","JUL","MCN","bean",NA,NA,NA,NA,NA,"bean",1.2,"c"
"7/29/03","JUL","16 @ 59","fallow",NA,NA,NA,NA,NA,"ceso",2.55,"e"
"7/29/03","JUL","16 @ 59","fallow",NA,NA,NA,NA,NA,"coar",0.7,"e"
"7/29/03","JUL","16 @ 59","fallow",NA,NA,NA,NA,NA,"trln",6.8,"n"
"7/29/03","JUL","BOR E","fallow",NA,NA,NA,NA,NA,"coar",1.9,"e"
"7/29/03","JUL","PIL","fallow",NA,NA,NA,NA,NA,NA,0,NA
"7/29/03","JUL","Rd 70","fallow",NA,NA,NA,NA,NA,"ceso",1.75,"e"
"7/29/03","JUL","Rd 70","fallow",NA,NA,NA,NA,NA,"coar",6.05,"e"
"7/29/03","JUL","128 & Horseshoe","Prunus orchard understory",NA,NA,NA,NA,NA,"coar",2.65,"e"
"7/29/03","JUL","31 E of 505","Prunus orchard understory",NA,NA,NA,NA,NA,"coar",0.15,"e"
"7/29/03","JUL","97 & 31","Prunus orchard understory",NA,NA,NA,NA,NA,NA,0,NA
"7/29/03","JUL","Holmes","Prunus orchard understory",NA,NA,NA,NA,NA,NA,0,NA
"7/29/03","JUL","MCN","sc-melon",NA,NA,NA,NA,NA,"sc",6.8,"c"
"7/29/03","JUL","PIL","sc-melon",NA,NA,NA,NA,NA,"sc-melon",3.9,"c"
"7/29/03","JUL","16 @ 59","uncultivated",NA,NA,NA,NA,NA,"Asclepias sp.",3.75,"n"
"7/29/03","JUL","16 @ 59","uncultivated",NA,NA,NA,NA,NA,"ceso",42.45,"e"
"7/29/03","JUL","16 @ 7.40","uncultivated",NA,NA,NA,NA,NA,"coar",0.8,"e"
"7/29/03","JUL","16 S of Rumsey","uncultivated",NA,NA,NA,NA,NA,"ceso",1.35,"e"
"7/29/03","JUL","16 S of Rumsey","uncultivated",NA,NA,NA,NA,NA,"coar",2.8,"e"
"7/29/03","JUL","46 & 16","uncultivated",NA,NA,NA,NA,NA,"ceso",6.65,"e"
"7/29/03","JUL","505 & Russell","uncultivated",NA,NA,NA,NA,NA,"ceso",2.05,"e"
"7/29/03","JUL","505 & Russell","uncultivated",NA,NA,NA,NA,NA,"coar",0.35,"e"
"7/29/03","JUL","Stevenson's Bridge","uncultivated",NA,NA,NA,NA,NA,"coar",0.6,"e"
"7/29/03","JUL","Holmes","Walnut understory",NA,NA,NA,NA,NA,NA,0,NA
"7/29/03","JUL","near TER2","Walnut understory",NA,NA,NA,NA,NA,"coar",0.4,"e"
"7/29/03","JUL","S of Rumsey","Walnut understory",NA,NA,NA,NA,NA,"coar",0.117647059,"e"
"7/29/03","JUL","S of Rumsey","Walnut understory",NA,NA,NA,NA,NA,"Portulaca sp.",0.588235294,"e"
"7/30/03","JUL","14 & 86","sc-melon",NA,NA,NA,NA,NA,"sc-melon",1.8,"c"
"7/30/03","JUL","85 & 15b","sc-melon",NA,NA,NA,NA,NA,"sc-melon",10.1,"c"
