"Site","HabitatType","Flwr_cov_perc","JulianDay","Year","SumDD5"
"P1","Pasture","NA",117,2018,315.8
"P12","Pasture","13.815134219999999",117,2018,315.8
"S2","Species Rich Grassland","8.0188628669999993",117,2018,315.8
"S3","Species Rich Grassland","1.1878312600000001",117,2018,315.8
"W3","Water Retention Site","0.98983666699999995",117,2018,315.8
"H12","Hedge","0.89386810000000005",127,2018,396.8
"H14","Hedge","0.37237099299999998",127,2018,396.8
"H2","Hedge","1.840712897",127,2018,396.8
"H3","Hedge","0.11512575999999999",127,2018,396.8
"CH1","Hedge","1.181563707",128,2018,412.5
"CH2","Hedge","0.36541379299999999",128,2018,412.5
"CH4","Hedge","4.9134392670000002",128,2018,412.5
"CH5","Hedge","3.8826667000000002E-2",128,2018,412.5
"CH6","Hedge","0.111930447",128,2018,412.5
"CH7","Hedge","2.204399387",128,2018,412.5
"CH8","Hedge","8.5888000000000006E-2",128,2018,412.5
"H1","Hedge","0.75939243999999995",128,2018,412.5
"H10","Hedge","4.7529939729999997",128,2018,412.5
"H13","Hedge","1.078681067",128,2018,412.5
"H15","Hedge","0.602112278",128,2018,412.5
"H6","Hedge","1.1084556000000001",128,2018,412.5
"H8","Hedge","0.22374706699999999",128,2018,412.5
"H9","Hedge","2.5807747399999998",128,2018,412.5
"P4","Pasture","2.6208633670000001",128,2018,412.5
"P5","Pasture","1.04321306",128,2018,412.5
"P6","Pasture","0.62218512699999995",128,2018,412.5
"R5","Road Verge","0.37451213100000003",128,2018,412.5
"S4","Species Rich Grassland","0.65693701299999996",128,2018,412.5
"W1","Water Retention Site","1.3806172000000001",128,2018,412.5
"W2","Water Retention Site","1.2147499669999999",128,2018,412.5
"R4","Road Verge","1.0158075470000001",130,2018,434.5
"CP8","Pasture","0.42768812699999997",131,2018,443.4
"CR1","Road Verge","0.17353142199999999",131,2018,443.4
"CR2","Road Verge","5.7511587000000003E-2",131,2018,443.4
"CW1","Water Retention Site","1.3851463669999999",131,2018,443.4
"CW2","Water Retention Site","1.308970967",131,2018,443.4
"CR3","Road Verge","1.216324744",132,2018,456.3
"CR4","Road Verge","6.2847246999999995E-2",132,2018,456.3
"CR5","Road Verge","0.332466859",132,2018,456.3
"CW11","Water Retention Site","6.6351652999999997E-2",132,2018,456.3
"CW4","Water Retention Site","0.52724705299999997",132,2018,456.3
"CF13","Field Margin","7.4698000000000001E-2",135,2018,487.7
"CF4","Field Margin","5.4824799999999996E-3",135,2018,487.7
"CF5","Field Margin","0.43294510000000003",135,2018,487.7
"CF6","Field Margin","2.0151299200000001",135,2018,487.7
"CF7","Field Margin","2.7567452999999999E-2",135,2018,487.7
"CP9","Pasture","2.0299508400000001",135,2018,487.7
"CR6","Road Verge","0.35105804000000002",135,2018,487.7
"F12","Field Margin","1.1600228610000001",135,2018,487.7
"F13","Field Margin","1.657873887",135,2018,487.7
"F15","Field Margin","1.1524170069999999",135,2018,487.7
"F17","Field Margin","8.2816129000000002E-2",135,2018,487.7
"F19","Field Margin","0.49710100000000002",135,2018,487.7
"F21","Field Margin","2.16892649",135,2018,487.7
"P9","Pasture","1.1739752999999999",135,2018,487.7
"R1","Road Verge","0.77166422000000001",135,2018,487.7
"CF10","Field Margin","0.12344731",136,2018,498.8
"CF12","Field Margin","0.33387758899999997",136,2018,498.8
"F11","Field Margin","7.5526669999999999E-3",136,2018,498.8
"F14","Field Margin","0.53817326300000001",136,2018,498.8
"F22","Field Margin","0.29558518499999997",136,2018,498.8
"F8","Field Margin","1.0115000000000001E-2",136,2018,498.8
"F9","Field Margin","0.91377272300000001",136,2018,498.8
"R2","Road Verge","0.89486411399999999",136,2018,498.8
"S1","Species Rich Grassland","13.10128413",137,2018,506.1
"P11","Pasture","0.71009557300000004",138,2018,512.5
"P16","Pasture","1.576848606",138,2018,512.5
"P17","Pasture","2.2197083329999998",138,2018,512.5
"P8","Pasture","1.3054780070000001",138,2018,512.5
"R3","Road Verge","1.4650600970000001",138,2018,512.5
"P10","Pasture","0.36706730799999998",140,2018,528.9
"W10","Water Retention Site","0.17856068999999999",140,2018,528.9
"W19","Water Retention Site","0.66613539600000005",140,2018,528.9
"W5","Water Retention Site","0.16771701899999999",140,2018,528.9
"W6","Water Retention Site","0.26785852700000001",140,2018,528.9
"W7","Water Retention Site","0.67042278",140,2018,528.9
"W9","Water Retention Site","7.2438240000000001E-2",140,2018,528.9
"CP2","Pasture","4.0801742799999996",141,2018,541.2
"CP3","Pasture","0.35110931299999998",141,2018,541.2
"CP7","Pasture","0.34847682000000002",141,2018,541.2
"CH9","Hedge","1.3339935000000001E-2",142,2018,552.1
"H11","Hedge","1.4818267E-2",142,2018,552.1
"H4","Hedge","9.5858539999999996E-3",142,2018,552.1
"H5","Hedge","0.37527666700000001",142,2018,552.1
"P24","Pasture","9.6957367350000006",142,2018,552.1
"S10","Species Rich Grassland","4.9053404",142,2018,552.1
"W11","Water Retention Site","0.22650120700000001",142,2018,552.1
"W4","Water Retention Site","0.335096161",142,2018,552.1
"H7","Hedge","0.107748707",143,2018,564.4
"W12","Water Retention Site","0.12323099999999999",143,2018,564.4
"W13","Water Retention Site","1.0093451929999999",143,2018,564.4
"W21","Water Retention Site","0.54942550700000004",143,2018,564.4
"CF8","Field Margin","0.32621238699999999",144,2018,577.4
"CF9","Field Margin","3.3095070000000002E-3",144,2018,577.4
"F1","Field Margin","9.7701493E-2",144,2018,577.4
"F16","Field Margin","1.3140809999999999E-3",144,2018,577.4
"F2","Field Margin","0.53444589300000001",144,2018,577.4
"F20","Field Margin","3.2418020999999998E-2",144,2018,577.4
"F4","Field Margin","0.27232466700000002",144,2018,577.4
"F5","Field Margin","3.162893E-3",144,2018,577.4
"F6","Field Margin","2.0664467769999999",144,2018,577.4
"P19","Pasture","1.901966987",145,2018,592.5
"P21","Pasture","0.55884230700000004",145,2018,592.5
"R6","Road Verge","0.648356131",145,2018,592.5
"R7","Road Verge","6.9284000000000001E-4",145,2018,592.5
"S5","Species Rich Grassland","4.3088890600000003",145,2018,592.5
"S8","Species Rich Grassland","2.6584514929999998",145,2018,592.5
"S9","Species Rich Grassland","5.6912787250000001",145,2018,592.5
"W17","Water Retention Site","0.17559050700000001",145,2018,592.5
"W18","Water Retention Site","0.15457066699999999",145,2018,592.5
"CP1","Pasture","1.564734165",146,2018,610.1
"CP10","Pasture","1.233710807",146,2018,610.1
"CP4","Pasture","0.96431540699999996",146,2018,610.1
"CP5","Pasture","0.134779969",146,2018,610.1
"CP6","Pasture","0.155140053",146,2018,610.1
"CW10","Water Retention Site","0.47963362900000001",146,2018,610.1
"CW5","Water Retention Site","1.738988947",146,2018,610.1
"CW8","Water Retention Site","0.53290399300000002",146,2018,610.1
"CW9","Water Retention Site","0.94578054",146,2018,610.1
"P20","Pasture","0.167974287",146,2018,610.1
"P7","Pasture","2.884969393",146,2018,610.1
"W8","Water Retention Site","0.49520535900000001",146,2018,610.1
"CR10","Road Verge","2.8247567000000001E-2",147,2018,625.3
"CR7","Road Verge","0.15546389299999999",147,2018,625.3
"CR8","Road Verge","1.2710793E-2",147,2018,625.3
"CR9","Road Verge","4.1514347E-2",147,2018,625.3
"R18","Road Verge","2.2236061330000001",147,2018,625.3
"R19","Road Verge","0.41873950999999998",147,2018,625.3
"R20","Road Verge","0.146487169",147,2018,625.3
"P18","Pasture","0.86837213300000005",148,2018,643
"P2","Pasture","5.314588E-2",148,2018,643
"P23","Pasture","0.85815756700000001",148,2018,643
"S6","Species Rich Grassland","3.5542889729999998",148,2018,643
"S7","Species Rich Grassland","3.4205708910000001",148,2018,643
"W14","Water Retention Site","0.15417394700000001",148,2018,643
"W15","Water Retention Site","0.51830684000000005",148,2018,643
"W16","Water Retention Site","0.13795338700000001",148,2018,643
"H16","Hedge","8.3800000000000003E-3",149,2018,658.5
"R10","Road Verge","6.0208512999999998E-2",149,2018,658.5
"R8","Road Verge","2.7100086999999998E-2",149,2018,658.5
"R9","Road Verge","0.13425108399999999",149,2018,658.5
"P22","Pasture","6.4626240000000001E-2",150,2018,674.7
"W20","Water Retention Site","0.464524667",150,2018,674.7
"W22","Water Retention Site","0.88469078700000003",150,2018,674.7
"R11","Road Verge","0.15009519299999999",153,2018,715.4
"R12","Road Verge","0.27742825500000001",153,2018,715.4
"R13","Road Verge","0.31438796699999999",153,2018,715.4
"R14","Road Verge","0.18734146099999999",153,2018,715.4
"R15","Road Verge","0.51453581000000004",153,2018,715.4
"CW7","Water Retention Site","0.95332294699999998",154,2018,729.6
"P14","Pasture","0.92489745999999995",154,2018,729.6
"R16","Road Verge","5.6944881000000003E-2",154,2018,729.6
"R17","Road Verge","0.52706607999999999",154,2018,729.6
"H1","Hedge","2.1707367000000002E-2",162,2018,847.4
"H11","Hedge","5.3099999999999996E-3",162,2018,847.4
"H13","Hedge","3.1992114000000002E-2",162,2018,847.4
"H15","Hedge","5.1579670000000003E-3",162,2018,847.4
"H16","Hedge","0",162,2018,847.4
"H4","Hedge","1.9953330000000002E-3",162,2018,847.4
"H5","Hedge","0.10922999999999999",162,2018,847.4
"H6","Hedge","0.53541738400000005",162,2018,847.4
"H9","Hedge","0.401059375",162,2018,847.4
"P23","Pasture","5.8898273000000001E-2",164,2018,866.1
"R15","Road Verge","1.131601085",164,2018,866.1
"S5","Species Rich Grassland","0.90215434900000002",164,2018,866.1
"S6","Species Rich Grassland","1.045274847",164,2018,866.1
"S7","Species Rich Grassland","0.74464580000000002",164,2018,866.1
"W17","Water Retention Site","0.36311137999999998",164,2018,866.1
"W18","Water Retention Site","0.30194770900000001",164,2018,866.1
"CW10","Water Retention Site","0.24983571900000001",165,2018,876.8
"P9","Pasture","3.5811469999999998E-3",165,2018,876.8
"R1","Road Verge","0.88269814300000005",165,2018,876.8
"W5","Water Retention Site","0.31298627200000001",165,2018,876.8
"W6","Water Retention Site","1.121930613",165,2018,876.8
"W7","Water Retention Site","0.28981639399999998",165,2018,876.8
"CR3","Road Verge","0.44074795900000002",166,2018,890
"CR4","Road Verge","0.48584899599999998",166,2018,890
"CR5","Road Verge","1.358498765",166,2018,890
"CR6","Road Verge","0.12698025299999999",166,2018,890
"CR7","Road Verge","0.40322771099999999",166,2018,890
"R19","Road Verge","0.83040370299999999",166,2018,890
"R2","Road Verge","0.31823876699999998",166,2018,890
"S1","Species Rich Grassland","0.74977358500000002",166,2018,890
"W21","Water Retention Site","0.55061694299999997",166,2018,890
"CP3","Pasture","0.51752401999999997",167,2018,902.7
"CP7","Pasture","0.194108113",167,2018,902.7
"CP8","Pasture","0.35974809499999999",167,2018,902.7
"CR1","Road Verge","1.2169382769999999",167,2018,902.7
"CR2","Road Verge","5.8120000000000003E-3",167,2018,902.7
"CW1","Water Retention Site","0.34919267300000001",167,2018,902.7
"CW2","Water Retention Site","0.1494499",167,2018,902.7
"P6","Pasture","0.27332484699999998",169,2018,926.7
"P8","Pasture","0.214716507",169,2018,926.7
"R11","Road Verge","0.19238274799999999",169,2018,926.7
"R3","Road Verge","0.63020908899999994",169,2018,926.7
"R5","Road Verge","0.17542769",169,2018,926.7
"S2","Species Rich Grassland","0.114875253",169,2018,926.7
"W2","Water Retention Site","5.9845067000000002E-2",169,2018,926.7
"P11","Pasture","0.13110538699999999",170,2018,939.6
"R12","Road Verge","1.691410005",170,2018,939.6
"R18","Road Verge","0.18074136699999999",170,2018,939.6
"R4","Road Verge","1.442826253",170,2018,939.6
"S3","Species Rich Grassland","1.033639507",170,2018,939.6
"W1","Water Retention Site","0.96535185400000001",170,2018,939.6
"W11","Water Retention Site","8.9308926999999996E-2",170,2018,939.6
"W13","Water Retention Site","0.494351233",170,2018,939.6
"W3","Water Retention Site","0.77314387299999998",170,2018,939.6
"CH1","Hedge","1.0471892999999999E-2",171,2018,956.3
"CH5","Hedge","0",171,2018,956.3
"CH6","Hedge","0.186216353",171,2018,956.3
"CH9","Hedge","3.1793781E-2",171,2018,956.3
"CR10","Road Verge","2.0999866999999998E-2",171,2018,956.3
"CR8","Road Verge","8.3325540000000003E-2",171,2018,956.3
"CR9","Road Verge","0.36671566900000002",171,2018,956.3
"H10","Hedge","9.8866699999999993E-4",171,2018,956.3
"H7","Hedge","0.15155480499999999",171,2018,956.3
"H8","Hedge","2.0328079999999998E-2",171,2018,956.3
"R8","Road Verge","4.4835542999999999E-2",171,2018,956.3
"W10","Water Retention Site","0",171,2018,956.3
"W12","Water Retention Site","2.9499999999999999E-5",171,2018,956.3
"W14","Water Retention Site","5.1217249999999999E-2",171,2018,956.3
"W15","Water Retention Site","9.6269706999999996E-2",171,2018,956.3
"W19","Water Retention Site","0.29725971299999998",171,2018,956.3
"W4","Water Retention Site","0.29461532000000001",171,2018,956.3
"W9","Water Retention Site","6.0094296999999998E-2",171,2018,956.3
"P18","Pasture","5.1637130000000003E-3",172,2018,966.3
"P2","Pasture","2.988E-4",172,2018,966.3
"R13","Road Verge","8.485533E-3",172,2018,966.3
"R14","Road Verge","3.7347495000000001E-2",172,2018,966.3
"R17","Road Verge","0.52777547899999999",172,2018,966.3
"R20","Road Verge","4.6586031590000001",172,2018,966.3
"W16","Water Retention Site","0.39876004700000001",172,2018,966.3
"W22","Water Retention Site","0.29300920699999999",172,2018,966.3
"CP4","Pasture","0.81913822300000005",173,2018,973.5
"CP5","Pasture","3.2765927E-2",173,2018,973.5
"CW9","Water Retention Site","1.2419490200000001",173,2018,973.5
"P5","Pasture","5.7028529999999999E-3",173,2018,973.5
"S4","Species Rich Grassland","2.9238510949999998",173,2018,973.5
"W20","Water Retention Site","0.32389825300000002",173,2018,973.5
"CP6","Pasture","3.1187993000000001E-2",174,2018,981.9
"CW11","Water Retention Site","0.420813414",174,2018,981.9
"CW5","Water Retention Site","0.88345721300000002",174,2018,981.9
"CW8","Water Retention Site","8.7500276000000002E-2",174,2018,981.9
"P10","Pasture","0.118396653",174,2018,981.9
"P16","Pasture","1.76030698",174,2018,981.9
"P17","Pasture","0.52019077300000005",174,2018,981.9
"P24","Pasture","5.5349070000000004E-3",174,2018,981.9
"R10","Road Verge","1.5995387E-2",174,2018,981.9
"R6","Road Verge","0.27079715700000001",174,2018,981.9
"R7","Road Verge","5.5495286999999997E-2",174,2018,981.9
"R9","Road Verge","0.14123037099999999",174,2018,981.9
"S8","Species Rich Grassland","0.31448641199999999",174,2018,981.9
"S9","Species Rich Grassland","1.3878164449999999",174,2018,981.9
"W8","Water Retention Site","0.294721593",174,2018,981.9
"CW7","Water Retention Site","0.53330657999999997",175,2018,991.9
"P1","Pasture","1.1281726729999999",175,2018,991.9
"P12","Pasture","1.66521666",175,2018,991.9
"P19","Pasture","0.36478270499999998",175,2018,991.9
"P20","Pasture","0.30650536699999997",175,2018,991.9
"P21","Pasture","0.34496465300000001",175,2018,991.9
"P22","Pasture","8.1553870000000001E-3",175,2018,991.9
"R16","Road Verge","0.36530285499999998",175,2018,991.9
"CH2","Hedge","2.1794833E-2",176,2018,1003.9
"CH4","Hedge","9.8174000000000004E-4",176,2018,1003.9
"CH7","Hedge","0.450522056",176,2018,1003.9
"CH8","Hedge","1.80774E-3",176,2018,1003.9
"H12","Hedge","1.8216307000000001E-2",176,2018,1003.9
"H14","Hedge","8.8500000000000002E-3",176,2018,1003.9
"H2","Hedge","2.7773294E-2",176,2018,1003.9
"H3","Hedge","1.4940000000000001E-3",176,2018,1003.9
"CF1","Field Margin","0.516139656",177,2018,1015.1
"CF3","Field Margin","0.115127251",177,2018,1015.1
"CF4","Field Margin","7.3900259999999995E-2",177,2018,1015.1
"CF6","Field Margin","0.195197749",177,2018,1015.1
"CF7","Field Margin","0.14561144100000001",177,2018,1015.1
"CP1","Pasture","0.44292811300000001",177,2018,1015.1
"CP2","Pasture","0.93261148000000005",177,2018,1015.1
"F1","Field Margin","1.1159013000000001E-2",177,2018,1015.1
"F2","Field Margin","0.108128566",177,2018,1015.1
"F20","Field Margin","0.447696967",177,2018,1015.1
"P4","Pasture","0.39137749999999999",177,2018,1015.1
"P7","Pasture","1.339080209",177,2018,1015.1
"CF12","Field Margin","NA",178,2018,1029.5
"CF8","Field Margin","4.5591407E-2",178,2018,1029.5
"F11","Field Margin","5.6178372999999997E-2",178,2018,1029.5
"F15","Field Margin","0.111071213",178,2018,1029.5
"F16","Field Margin","8.2517882000000001E-2",178,2018,1029.5
"F3","Field Margin","3.9648000000000003E-2",178,2018,1029.5
"F4","Field Margin","0.191981242",178,2018,1029.5
"F5","Field Margin","5.9739427999999997E-2",178,2018,1029.5
"F6","Field Margin","5.2141986000000001E-2",178,2018,1029.5
"F8","Field Margin","0.38620439299999998",178,2018,1029.5
"CF13","Field Margin","4.3136907000000002E-2",179,2018,1046.1
"F12","Field Margin","0.795017788",179,2018,1046.1
"F13","Field Margin","7.3625599E-2",179,2018,1046.1
"F14","Field Margin","0.190577106",179,2018,1046.1
"F17","Field Margin","0.164399984",179,2018,1046.1
"F18","Field Margin","2.5760000000000002E-2",179,2018,1046.1
"F19","Field Margin","9.6637549000000003E-2",179,2018,1046.1
"F22","Field Margin","0.17588285300000001",179,2018,1046.1
"CF10","Field Margin","3.0279246999999999E-2",184,2018,1131.9
"F10","Field Margin","0.46786403900000001",184,2018,1131.9
"F4","Field Margin","0.37011284100000003",184,2018,1131.9
"F5","Field Margin","5.0066813000000002E-2",184,2018,1131.9
"F6","Field Margin","7.1020345999999998E-2",184,2018,1131.9
"F9","Field Margin","4.9869887000000002E-2",184,2018,1131.9
"P14","Pasture","0.28396143200000001",184,2018,1131.9
"P2","Pasture","8.4859199999999996E-2",184,2018,1131.9
"P23","Pasture","6.9546967000000001E-2",184,2018,1131.9
"R14","Road Verge","0.12970997200000001",184,2018,1131.9
"R15","Road Verge","1.4643323530000001",184,2018,1131.9
"S10","Species Rich Grassland","0.156180712",184,2018,1131.9
"S5","Species Rich Grassland","2.4373329999999999E-3",184,2018,1131.9
"W17","Water Retention Site","3.0509647000000001E-2",184,2018,1131.9
"W18","Water Retention Site","0.84061138000000002",184,2018,1131.9
"CP10","Pasture","8.7594927000000003E-2",185,2018,1149.4
"F19","Field Margin","0.19681341199999999",185,2018,1149.4
"P9","Pasture","0.21094784",185,2018,1149.4
"R1","Road Verge","2.0601132000000001E-2",185,2018,1149.4
"R19","Road Verge","2.861190063",185,2018,1149.4
"R2","Road Verge","0.99291610900000005",185,2018,1149.4
"S1","Species Rich Grassland","1.971415401",185,2018,1149.4
"W21","Water Retention Site","4.5195684E-2",185,2018,1149.4
"W5","Water Retention Site","0.38331796000000001",185,2018,1149.4
"W6","Water Retention Site","5.1041603999999997E-2",185,2018,1149.4
"W7","Water Retention Site","0.233475249",185,2018,1149.4
"CF4","Field Margin","0.19089822000000001",186,2018,1165.6
"CF6","Field Margin","4.2011567E-2",186,2018,1165.6
"CF7","Field Margin","0.29701084799999999",186,2018,1165.6
"CR1","Road Verge","1.7725889000000002E-2",186,2018,1165.6
"CR3","Road Verge","6.9830205000000006E-2",186,2018,1165.6
"CR4","Road Verge","1.948192682",186,2018,1165.6
"CR5","Road Verge","1.7123475999999999E-2",186,2018,1165.6
"CR6","Road Verge","6.6145786999999998E-2",186,2018,1165.6
"CR7","Road Verge","0",186,2018,1165.6
"CW1","Water Retention Site","0.31758029300000001",186,2018,1165.6
"CF1","Field Margin","1.1252452289999999",187,2018,1181.2
"CF3","Field Margin","1.2222152999999999E-2",187,2018,1181.2
"CP3","Pasture","0.45983773300000003",187,2018,1181.2
"CP7","Pasture","4.7315299999999997E-4",187,2018,1181.2
"CP8","Pasture","0.13881332699999999",187,2018,1181.2
"CP9","Pasture","0.39375130699999999",187,2018,1181.2
"CR2","Road Verge","9.3524491000000001E-2",187,2018,1181.2
"CW2","Water Retention Site","0.16469836700000001",187,2018,1181.2
"CW4","Water Retention Site","7.2077199999999999E-3",187,2018,1181.2
"F20","Field Margin","0.28600861999999999",187,2018,1181.2
"P6","Pasture","1.818453E-3",187,2018,1181.2
"R11","Road Verge","2.2052340899999998",187,2018,1181.2
"R5","Road Verge","0.21212437000000001",187,2018,1181.2
"W1","Water Retention Site","2.947400182",187,2018,1181.2
"CF5","Field Margin","5.7457558999999998E-2",188,2018,1197.2
"CF9","Field Margin","0.32475773299999999",188,2018,1197.2
"F16","Field Margin","4.7400159999999997E-2",188,2018,1197.2
"F2","Field Margin","0.123336999",188,2018,1197.2
"F21","Field Margin","6.1858227000000002E-2",188,2018,1197.2
"F7","Field Margin","2.09333E-4",188,2018,1197.2
"P11","Pasture","0.23232286699999999",188,2018,1197.2
"P8","Pasture","0.20767565299999999",188,2018,1197.2
"R12","Road Verge","9.6008670000000008E-3",188,2018,1197.2
"R18","Road Verge","0.53690585000000002",188,2018,1197.2
"R3","Road Verge","0.81317371299999996",188,2018,1197.2
"R4","Road Verge","2.2394708999999999E-2",188,2018,1197.2
"S2","Species Rich Grassland","0.17911549299999999",188,2018,1197.2
"W2","Water Retention Site","2.635465E-2",188,2018,1197.2
"W3","Water Retention Site","0.450592626",188,2018,1197.2
"P21","Pasture","0.161002387",189,2018,1211.7
"P22","Pasture","6.0087247000000003E-2",189,2018,1211.7
"F13","Field Margin","1.192732449",190,2018,1225.9
"F18","Field Margin","2.4253826999999999E-2",190,2018,1225.9
"F22","Field Margin","0.25100410699999998",190,2018,1225.9
"R8","Road Verge","0.29462389100000003",190,2018,1225.9
"S3","Species Rich Grassland","2.672181197",190,2018,1225.9
"W10","Water Retention Site","5.2487243000000003E-2",190,2018,1225.9
"W11","Water Retention Site","6.36616E-3",190,2018,1225.9
"W13","Water Retention Site","0.35751744000000002",190,2018,1225.9
"W14","Water Retention Site","2.0233173E-2",190,2018,1225.9
"W15","Water Retention Site","2.5338902999999999E-2",190,2018,1225.9
"W19","Water Retention Site","6.9739560000000006E-2",190,2018,1225.9
"W9","Water Retention Site","0.22548660000000001",190,2018,1225.9
"CF12","Field Margin","0.269533405",191,2018,1236.1
"F11","Field Margin","3.3774887000000003E-2",191,2018,1236.1
"F12","Field Margin","0.27957398700000002",191,2018,1236.1
"F14","Field Margin","0.71375404399999998",191,2018,1236.1
"F15","Field Margin","9.2223292999999998E-2",191,2018,1236.1
"F17","Field Margin","0.109475353",191,2018,1236.1
"F8","Field Margin","0.320895973",191,2018,1236.1
"P18","Pasture","3.3352987000000001E-2",191,2018,1236.1
"R13","Road Verge","3.7914900000000001E-2",191,2018,1236.1
"R17","Road Verge","4.7972176999999998E-2",191,2018,1236.1
"R20","Road Verge","1.245570222",191,2018,1236.1
"W12","Water Retention Site","2.8594267E-2",191,2018,1236.1
"W16","Water Retention Site","7.4340699999999997E-4",191,2018,1236.1
"W4","Water Retention Site","0.234555393",191,2018,1236.1
"CF8","Field Margin","0.19083061300000001",192,2018,1248.9
"CP4","Pasture","0.75606095500000003",192,2018,1248.9
"CP5","Pasture","5.7127566999999997E-2",192,2018,1248.9
"CW10","Water Retention Site","9.8999129999999998E-3",192,2018,1248.9
"CW8","Water Retention Site","1.3963046999999999E-2",192,2018,1248.9
"F1","Field Margin","1.541347E-3",192,2018,1248.9
"F3","Field Margin","0.27890684199999999",192,2018,1248.9
"P5","Pasture","0.16164953300000001",192,2018,1248.9
"S4","Species Rich Grassland","1.174427562",192,2018,1248.9
"W20","Water Retention Site","0.31861511300000001",192,2018,1248.9
"W22","Water Retention Site","0.38166081299999999",192,2018,1248.9
"CF10","Field Margin","3.1285747000000003E-2",193,2018,1264.2
"CF13","Field Margin","3.6748333000000001E-2",193,2018,1264.2
"CP6","Pasture","6.2120999999999999E-3",193,2018,1264.2
"CR10","Road Verge","0.101835207",193,2018,1264.2
"CR8","Road Verge","0.18165652500000001",193,2018,1264.2
"CR9","Road Verge","1.211467901",193,2018,1264.2
"CW5","Water Retention Site","2.5217108590000001",193,2018,1264.2
"CW9","Water Retention Site","1.0602599999999999E-3",193,2018,1264.2
"F10","Field Margin","0.88356343999999998",193,2018,1264.2
"F9","Field Margin","5.53219E-2",193,2018,1264.2
"R10","Road Verge","0.50813627500000003",193,2018,1264.2
"R6","Road Verge","2.56630044",193,2018,1264.2
"R9","Road Verge","0.244711027",193,2018,1264.2
"S9","Species Rich Grassland","4.8326696140000003",193,2018,1264.2
"F21","Field Margin","2.5616553E-2",198,2018,1348.6
"P16","Pasture","0.210858133",198,2018,1348.6
"P17","Pasture","0.112390425",198,2018,1348.6
"P24","Pasture","5.2771319999999997E-2",198,2018,1348.6
"R7","Road Verge","7.5596620000000003E-2",198,2018,1348.6
"S8","Species Rich Grassland","0.57947504699999997",198,2018,1348.6
"CH1","Hedge","0",199,2018,1364.1
"CH2","Hedge","4.4694523E-2",199,2018,1364.1
"CH4","Hedge","5.2213002000000001E-2",199,2018,1364.1
"CH7","Hedge","8.8206670000000008E-3",199,2018,1364.1
"CH8","Hedge","4.40667E-4",199,2018,1364.1
"CH9","Hedge","2.877E-2",199,2018,1364.1
"CW11","Water Retention Site","0.21649885899999999",201,2018,1397.2
"P1","Pasture","0.41460788700000001",201,2018,1397.2
"P10","Pasture","3.8679747E-2",201,2018,1397.2
"P14","Pasture","7.1277320000000005E-2",201,2018,1397.2
"P19","Pasture","0.40132099799999998",201,2018,1397.2
"S6","Species Rich Grassland","0.29789643999999998",201,2018,1397.2
"S7","Species Rich Grassland","1.504784329",201,2018,1397.2
"W8","Water Retention Site","0.383750861",201,2018,1397.2
"CF5","Field Margin","0.150104611",203,2018,1431.1
"CF9","Field Margin","7.4326400000000001E-2",203,2018,1431.1
"CP10","Pasture","1.6203120000000001E-2",203,2018,1431.1
"CW7","Water Retention Site","0.109653133",203,2018,1431.1
"F7","Field Margin","0",203,2018,1431.1
"P12","Pasture","0.48322353400000001",203,2018,1431.1
"P20","Pasture","3.2127299999999998E-2",203,2018,1431.1
"R16","Road Verge","0.76910772800000005",203,2018,1431.1
"CH5","Hedge","1.67552E-3",204,2018,1449.6
"CH6","Hedge","0.16337791700000001",204,2018,1449.6
"CP1","Pasture","0.12454318",204,2018,1449.6
"CP2","Pasture","4.2016726999999997E-2",204,2018,1449.6
"CP9","Pasture","7.7257633000000006E-2",204,2018,1449.6
"CW4","Water Retention Site","3.7802869999999998E-3",204,2018,1449.6
"H1","Hedge","3.6421100999999997E-2",204,2018,1449.6
"H11","Hedge","0",204,2018,1449.6
"H12","Hedge","1.1224729999999999E-3",204,2018,1449.6
"H13","Hedge","5.5838701999999997E-2",204,2018,1449.6
"H14","Hedge","4.6020000000000002E-3",204,2018,1449.6
"H15","Hedge","5.0655930000000002E-3",204,2018,1449.6
"H16","Hedge","3.7501751E-2",204,2018,1449.6
"H2","Hedge","3.2155035999999998E-2",204,2018,1449.6
"H3","Hedge","3.5342000000000001E-4",204,2018,1449.6
"H4","Hedge","1.116E-3",204,2018,1449.6
"H5","Hedge","1.6175999999999999E-2",204,2018,1449.6
"H7","Hedge","0.29310756399999999",204,2018,1449.6
"H9","Hedge","5.6907526E-2",204,2018,1449.6
"P4","Pasture","1.6472179999999999E-2",204,2018,1449.6
"P7","Pasture","0.138674555",204,2018,1449.6
"H10","Hedge","0",205,2018,1470.7
"H6","Hedge","0",205,2018,1470.7
"H8","Hedge","0",205,2018,1470.7
"CH7","Hedge","0.30363866699999997",116,2019,328.9
"CH8","Hedge","6.1124070000000003E-3",116,2019,328.9
"H10","Hedge","2.5576253E-2",116,2019,328.9
"H13","Hedge","0.19066666700000001",116,2019,328.9
"H15","Hedge","1.7472000000000001E-2",116,2019,328.9
"H8","Hedge","2.7733329999999998E-3",116,2019,328.9
"P10","Pasture","0.35232311300000002",119,2019,342.6
"P22","Pasture","0.22340592000000001",119,2019,342.6
"W1","Water Retention Site","0.25572598000000002",119,2019,342.6
"R4","Road Verge","0.29574562700000001",120,2019,349
"S10","Species Rich Grassland","8.358778E-2",120,2019,349
"S9","Species Rich Grassland","4.7663406999999998E-2",120,2019,349
"W3","Water Retention Site","0.4627406",120,2019,349
"P5","Pasture","0.57718161300000004",121,2019,354
"R6","Road Verge","2.552743773",121,2019,354
"CH1","Hedge","0.39592060000000001",129,2019,380.2
"CH4","Hedge","0.17735580000000001",129,2019,380.2
"CH9","Hedge","7.4905333000000004E-2",129,2019,380.2
"H7","Hedge","1.9821687000000001E-2",129,2019,380.2
"R3","Road Verge","0.84874327299999996",129,2019,380.2
"CW7","Water Retention Site","0.35386641299999999",130,2019,386.1
"H11","Hedge","1.4677533E-2",130,2019,386.1
"H16","Hedge","1.7485199999999999E-2",130,2019,386.1
"H4","Hedge","2.6223059999999999E-2",130,2019,386.1
"H5","Hedge","1.92E-4",130,2019,386.1
"P21","Pasture","0.65212486700000005",130,2019,386.1
"F4","Field Margin","6.9198892999999997E-2",133,2019,400.9
"F5","Field Margin","4.8027159999999999E-2",133,2019,400.9
"F6","Field Margin","1.0759407E-2",133,2019,400.9
"P2","Pasture","9.7760520000000004E-2",133,2019,400.9
"CF8","Field Margin","0.73771538000000003",134,2019,406.1
"CR7","Road Verge","4.4198772999999997E-2",134,2019,406.1
"CW10","Water Retention Site","0.56271539999999998",134,2019,406.1
"P7","Pasture","0.48191218000000002",134,2019,406.1
"R16","Road Verge","0",134,2019,406.1
"R19","Road Verge","0.97428064700000006",134,2019,406.1
"R2","Road Verge","0.184896013",134,2019,406.1
"S1","Species Rich Grassland","0.28272829300000002",134,2019,406.1
"W21","Water Retention Site","0.22798378",134,2019,406.1
"CP5","Pasture","5.3413200000000001E-3",135,2019,412
"CP6","Pasture","0.1627295",135,2019,412
"CR10","Road Verge","0.136233833",135,2019,412
"CW8","Water Retention Site","5.8485120000000002E-2",135,2019,412
"CW9","Water Retention Site","1.1115107000000001E-2",135,2019,412
"CP10","Pasture","0.78075735300000004",136,2019,418.3
"F7","Field Margin","0",136,2019,418.3
"P18","Pasture","0.65743708700000003",136,2019,418.3
"R17","Road Verge","0.10693272700000001",136,2019,418.3
"R20","Road Verge","3.9239860069999999",136,2019,418.3
"CH2","Hedge","2.6900000000000001E-3",138,2019,432.7
"CH5","Hedge","1.061E-2",138,2019,432.7
"CH6","Hedge","2.5419819999999999E-2",138,2019,432.7
"H1","Hedge","8.5924139999999996E-2",138,2019,432.7
"H12","Hedge","3.3058667E-2",138,2019,432.7
"H14","Hedge","5.1930160000000003E-2",138,2019,432.7
"H2","Hedge","0.76733963999999999",138,2019,432.7
"H3","Hedge","6.1761620000000003E-2",138,2019,432.7
"H6","Hedge","0.259334913",138,2019,432.7
"H9","Hedge","4.6239367000000003E-2",138,2019,432.7
"CF4","Field Margin","3.6965930000000002E-3",142,2019,466.4
"CF5","Field Margin","0.10735884699999999",142,2019,466.4
"CF6","Field Margin","1.7102559999999999E-2",142,2019,466.4
"CF7","Field Margin","1.785962E-2",142,2019,466.4
"CR1","Road Verge","5.5202000000000003E-3",142,2019,466.4
"CR2","Road Verge","0.14157175999999999",142,2019,466.4
"CW1","Water Retention Site","0.93940501300000001",142,2019,466.4
"CW2","Water Retention Site","0.70458798",142,2019,466.4
"CP9","Pasture","0.24971928700000001",143,2019,477.5
"CR5","Road Verge","0.37262092699999999",143,2019,477.5
"CR6","Road Verge","6.0550359999999998E-2",143,2019,477.5
"F19","Field Margin","4.4552853000000003E-2",143,2019,477.5
"F3","Field Margin","0.16699896",143,2019,477.5
"P23","Pasture","0.74549993299999995",143,2019,477.5
"R11","Road Verge","5.6095273000000001E-2",143,2019,477.5
"R13","Road Verge","5.2388047E-2",143,2019,477.5
"R14","Road Verge","0.86952553300000002",143,2019,477.5
"S6","Species Rich Grassland","0.121598373",143,2019,477.5
"S7","Species Rich Grassland","3.5498265400000002",143,2019,477.5
"W17","Water Retention Site","0.96422334700000001",143,2019,477.5
"W20","Water Retention Site","0.321517787",143,2019,477.5
"W22","Water Retention Site","0.43072419000000001",143,2019,477.5
"R15","Road Verge","0.21941134000000001",144,2019,489.3
"S5","Species Rich Grassland","2.7289674669999999",144,2019,489.3
"W18","Water Retention Site","0.372037067",144,2019,489.3
"CP7","Pasture","0.88644899300000002",145,2019,497.8
"F1","Field Margin","8.5126999999999998E-3",145,2019,497.8
"F2","Field Margin","1.5935060000000001E-2",145,2019,497.8
"P4","Pasture","0.90184660000000005",146,2019,509
"R5","Road Verge","1.0340373E-2",146,2019,509
"CP1","Pasture","3.1308232070000002",147,2019,519
"F20","Field Margin","0.10549496",147,2019,519
"P6","Pasture","0.38504896",147,2019,519
"S4","Species Rich Grassland","0.74492721299999998",147,2019,519
"W2","Water Retention Site","0.559650333",147,2019,519
"F10","Field Margin","2.1821766999999999E-2",149,2019,534
"F11","Field Margin","4.0440352999999998E-2",149,2019,534
"F8","Field Margin","1.4752667000000001E-2",149,2019,534
"F9","Field Margin","0",149,2019,534
"P16","Pasture","0.27370175299999999",149,2019,534
"R7","Road Verge","2.9586946999999999E-2",149,2019,534
"W12","Water Retention Site","0.50151250000000003",149,2019,534
"W13","Water Retention Site","0.62904963999999997",149,2019,534
"W14","Water Retention Site","9.1523820000000006E-2",149,2019,534
"W15","Water Retention Site","6.6769247000000004E-2",149,2019,534
"W16","Water Retention Site","6.8916160000000004E-2",149,2019,534
"W4","Water Retention Site","0.428331613",149,2019,534
"F14","Field Margin","0.19892596700000001",150,2019,545.2
"F16","Field Margin","1.06133E-4",150,2019,545.2
"P14","Pasture","2.5882843200000001",150,2019,545.2
"P19","Pasture","2.506139573",150,2019,545.2
"R10","Road Verge","8.4921232999999999E-2",150,2019,545.2
"R18","Road Verge","2.0361593000000001E-2",150,2019,545.2
"R9","Road Verge","6.142736E-2",150,2019,545.2
"W11","Water Retention Site","0.15644859999999999",150,2019,545.2
"F12","Field Margin","0.93113701999999998",151,2019,557.5
"F15","Field Margin","1.0521693270000001",151,2019,557.5
"F21","Field Margin","1.6532333E-2",151,2019,557.5
"P17","Pasture","1.2643149199999999",151,2019,557.5
"P24","Pasture","7.9872588599999998",151,2019,557.5
"S8","Species Rich Grassland","0.52801730700000005",151,2019,557.5
"W10","Water Retention Site","4.0016812999999998E-2",151,2019,557.5
"F13","Field Margin","0.14607423999999999",154,2019,606.2
"F17","Field Margin","1.5387843999999999",154,2019,606.2
"F22","Field Margin","1.0093319869999999",154,2019,606.2
"P9","Pasture","0.33240187300000001",154,2019,606.2
"R1","Road Verge","0.301971447",154,2019,606.2
"W19","Water Retention Site","0.38477073299999998",154,2019,606.2
"W5","Water Retention Site","0.31194508700000001",154,2019,606.2
"W9","Water Retention Site","6.1404420000000001E-2",154,2019,606.2
"CF1","Field Margin","0.13520588",155,2019,621.4
"CF10","Field Margin","7.2944200000000002E-3",155,2019,621.4
"CF12","Field Margin","1.2041289070000001",155,2019,621.4
"CP3","Pasture","0.493074927",155,2019,621.4
"CR8","Road Verge","0.17530470000000001",155,2019,621.4
"CR9","Road Verge","0.434158767",155,2019,621.4
"CW4","Water Retention Site","0.31889780000000001",155,2019,621.4
"CW5","Water Retention Site","0.64487198000000001",155,2019,621.4
"F18","Field Margin","1.5654247E-2",156,2019,634.8
"P1","Pasture","0.39439123300000001",156,2019,634.8
"P11","Pasture","0.204237313",156,2019,634.8
"P12","Pasture","0.76282000699999997",156,2019,634.8
"R12","Road Verge","0.16036890000000001",156,2019,634.8
"R8","Road Verge","8.8510167000000001E-2",156,2019,634.8
"S3","Species Rich Grassland","0.54555894000000005",156,2019,634.8
"W8","Water Retention Site","0.88869175300000003",156,2019,634.8
"CF13","Field Margin","0.71655984699999997",157,2019,643.6
"CR3","Road Verge","4.5787293E-2",157,2019,643.6
"CR4","Road Verge","0.12583638699999999",157,2019,643.6
"CW11","Water Retention Site","0.48848390000000003",157,2019,643.6
"P20","Pasture","5.3295866999999997E-2",157,2019,643.6
"P8","Pasture","4.5806670000000001E-3",157,2019,643.6
"W6","Water Retention Site","0.103367687",157,2019,643.6
"W7","Water Retention Site","0.40606734",157,2019,643.6
"CF3","Field Margin","2.8850500000000001E-2",158,2019,654.1
"CP2","Pasture","1.6828278670000001",158,2019,654.1
"CP8","Pasture","0.53535016000000002",158,2019,654.1
"S2","Species Rich Grassland","0.21355105299999999",158,2019,654.1
"CF8","Field Margin","1.392506767",162,2019,696.1
"CF9","Field Margin","1.8842000000000001E-2",162,2019,696.1
"CP4","Pasture","0.55564013300000004",162,2019,696.1
"CP5","Pasture","6.1685530000000002E-3",162,2019,696.1
"CR10","Road Verge","0.109692727",162,2019,696.1
"CW10","Water Retention Site","0.15898087999999999",162,2019,696.1
"CW8","Water Retention Site","0.104203407",162,2019,696.1
"CW9","Water Retention Site","0.441043927",162,2019,696.1
"P22","Pasture","9.4321272999999997E-2",163,2019,706.2
"W22","Water Retention Site","0.41380486",163,2019,706.2
"F3","Field Margin","0.27780946699999998",164,2019,717.1
"F4","Field Margin","7.4849659999999998E-2",164,2019,717.1
"P5","Pasture","1.368722027",164,2019,717.1
"R13","Road Verge","8.9938219999999999E-2",164,2019,717.1
"R18","Road Verge","2.8270666999999999E-2",164,2019,717.1
"W20","Water Retention Site","0.18083070000000001",164,2019,717.1
"F7","Field Margin","3.953753E-3",165,2019,731.4
"R6","Road Verge","8.2394866999999997E-2",165,2019,731.4
"S10","Species Rich Grassland","3.132053167",165,2019,731.4
"W16","Water Retention Site","6.5778272999999998E-2",165,2019,731.4
"CR1","Road Verge","0.15207475300000001",168,2019,773.1
"CR7","Road Verge","1.0202226999999999E-2",168,2019,773.1
"F17","Field Margin","0.31632215299999999",168,2019,773.1
"P10","Pasture","6.4353626999999997E-2",168,2019,773.1
"W21","Water Retention Site","0.144576493",168,2019,773.1
"CH2","Hedge","6.664667E-3",169,2019,790.4
"CH5","Hedge","0.413954033",169,2019,790.4
"CH6","Hedge","0.14611701299999999",169,2019,790.4
"CW7","Water Retention Site","0.32969588700000002",169,2019,790.4
"F5","Field Margin","0.14743128",169,2019,790.4
"H10","Hedge","6.2928669999999997E-3",169,2019,790.4
"H13","Hedge","4.3242669999999997E-3",169,2019,790.4
"H8","Hedge","1.299352E-2",169,2019,790.4
"P2","Pasture","0.20091930699999999",169,2019,790.4
"P21","Pasture","0.21916749999999999",169,2019,790.4
"R14","Road Verge","8.2138973000000004E-2",169,2019,790.4
"R17","Road Verge","0.34117288000000001",169,2019,790.4
"CH1","Hedge","1.1730133E-2",170,2019,806.5
"CH4","Hedge","3.395913E-3",170,2019,806.5
"H12","Hedge","3.6138579999999997E-2",170,2019,806.5
"H14","Hedge","1.6879366999999999E-2",170,2019,806.5
"H16","Hedge","2.4127200000000001E-3",170,2019,806.5
"H2","Hedge","7.9514772999999997E-2",170,2019,806.5
"H3","Hedge","1.6734632999999999E-2",170,2019,806.5
"H4","Hedge","3.1E-4",170,2019,806.5
"R15","Road Verge","0.94625672699999996",170,2019,806.5
"S5","Species Rich Grassland","0.90281648699999995",170,2019,806.5
"W17","Water Retention Site","0.34355191299999999",170,2019,806.5
"P11","Pasture","0.15417608699999999",171,2019,818.6
"F20","Field Margin","0.249678867",172,2019,829.4
"P6","Pasture","0.402585947",172,2019,829.4
"P9","Pasture","0.40002545299999998",172,2019,829.4
"R1","Road Verge","3.2897126999999998E-2",172,2019,829.4
"R11","Road Verge","0.37964532000000001",172,2019,829.4
"R5","Road Verge","0.134634953",172,2019,829.4
"W1","Water Retention Site","0.27546093999999999",172,2019,829.4
"W5","Water Retention Site","0.1102374",172,2019,829.4
"W7","Water Retention Site","0.203502133",172,2019,829.4
"F1","Field Margin","0.162547467",173,2019,843
"F2","Field Margin","2.1782526999999999E-2",173,2019,843
"P20","Pasture","0",173,2019,843
"P8","Pasture","0.16622332000000001",173,2019,843
"R19","Road Verge","0.868227533",173,2019,843
"R2","Road Verge","2.3660179999999999E-2",173,2019,843
"R3","Road Verge","3.722702E-2",173,2019,843
"S1","Species Rich Grassland","0.80464076699999998",173,2019,843
"W6","Water Retention Site","9.0605592999999998E-2",173,2019,843
"CH9","Hedge","6.4014000000000001E-2",175,2019,882.8
"F10","Field Margin","2.880147E-3",175,2019,882.8
"F6","Field Margin","0.12584184000000001",175,2019,882.8
"F8","Field Margin","0.30445916699999998",175,2019,882.8
"H11","Hedge","2.049333E-3",175,2019,882.8
"H15","Hedge","2.9520000000000001E-2",175,2019,882.8
"H16","Hedge","3.1959129999999999E-3",175,2019,882.8
"H5","Hedge","6.6420000000000003E-3",175,2019,882.8
"P18","Pasture","0",175,2019,882.8
"R16","Road Verge","0.40244141300000003",175,2019,882.8
"R20","Road Verge","0.91828904",175,2019,882.8
"W14","Water Retention Site","0.23590697299999999",175,2019,882.8
"W15","Water Retention Site","0.26859242",175,2019,882.8
"CH7","Hedge","0.17118693300000001",176,2019,906
"CH8","Hedge","7.2440600000000001E-3",176,2019,906
"F11","Field Margin","0.100784267",176,2019,906
"F13","Field Margin","1.4906667E-2",176,2019,906
"F9","Field Margin","9.7205999999999994E-3",176,2019,906
"H1","Hedge","0.14510898",176,2019,906
"H6","Hedge","6.4037440000000001E-2",176,2019,906
"H7","Hedge","0.25129269999999998",176,2019,906
"H9","Hedge","0.30339508100000001",176,2019,906
"P17","Pasture","0",176,2019,906
"P23","Pasture","0.14600984",176,2019,906
"P24","Pasture","0",176,2019,906
"R7","Road Verge","0.11656292",176,2019,906
"S6","Species Rich Grassland","0.32376097999999998",176,2019,906
"S7","Species Rich Grassland","0.68639537299999998",176,2019,906
"W10","Water Retention Site","4.8254440000000003E-2",176,2019,906
"W18","Water Retention Site","1.4644367199999999",176,2019,906
"CF10","Field Margin","8.0176669999999992E-3",177,2019,924.4
"CP10","Pasture","5.2645147000000003E-2",177,2019,924.4
"CP6","Pasture","0.13796393300000001",177,2019,924.4
"CR8","Road Verge","0.24211025999999999",177,2019,924.4
"CR9","Road Verge","0.91060240000000003",177,2019,924.4
"CW5","Water Retention Site","0.35124053300000002",177,2019,924.4
"F12","Field Margin","0.94184793300000003",177,2019,924.4
"F15","Field Margin","0.128602467",177,2019,924.4
"S9","Species Rich Grassland","1.5768941599999999",177,2019,924.4
"F14","Field Margin","7.2960333000000002E-2",179,2019,953.6
"F21","Field Margin","7.3378813000000001E-2",179,2019,953.6
"P16","Pasture","0.15326783299999999",179,2019,953.6
"R10","Road Verge","0.14646962699999999",179,2019,953.6
"R9","Road Verge","0.326383533",179,2019,953.6
"W12","Water Retention Site","5.9268799999999998E-3",179,2019,953.6
"W13","Water Retention Site","0.44249644700000001",179,2019,953.6
"W19","Water Retention Site","4.2938606999999997E-2",179,2019,953.6
"W4","Water Retention Site","0.190077407",179,2019,953.6
"F16","Field Margin","0.265567267",182,2019,1007
"R4","Road Verge","0.62044503299999998",182,2019,1007
"S2","Species Rich Grassland","0",182,2019,1007
"W3","Water Retention Site","0.42090295300000002",182,2019,1007
"CF12","Field Margin","5.0084732999999999E-2",183,2019,1019.6
"CF13","Field Margin","6.4836400000000002E-2",183,2019,1019.6
"CW11","Water Retention Site","0.444382693",183,2019,1019.6
"W8","Water Retention Site","0.19040093999999999",183,2019,1019.6
"W9","Water Retention Site","0.115871327",183,2019,1019.6
"F18","Field Margin","7.9761399999999996E-2",184,2019,1031.3
"F22","Field Margin","0.17500021299999999",184,2019,1031.3
"R8","Road Verge","0.19533619999999999",184,2019,1031.3
"S8","Species Rich Grassland","0.48141191300000002",184,2019,1031.3
"CF1","Field Margin","0.94356836700000002",185,2019,1043.6
"CP3","Pasture","1.2279999999999999E-3",185,2019,1043.6
"CR3","Road Verge","5.4568486999999999E-2",185,2019,1043.6
"CR4","Road Verge","0.72059463300000004",185,2019,1043.6
"CR5","Road Verge","6.8999039999999998E-2",185,2019,1043.6
"CW4","Water Retention Site","4.2272980000000002E-2",185,2019,1043.6
"F19","Field Margin","0.28936370700000003",185,2019,1043.6
"P7","Pasture","0.22181265999999999",185,2019,1043.6
"CF4","Field Margin","3.5518000000000001E-2",186,2019,1058.6
"CF5","Field Margin","3.1843200000000002E-2",186,2019,1058.6
"CF6","Field Margin","0.155887473",186,2019,1058.6
"CF7","Field Margin","7.3868000000000003E-2",186,2019,1058.6
"CP7","Pasture","0",186,2019,1058.6
"CP9","Pasture","0.18730197300000001",186,2019,1058.6
"CR2","Road Verge","0",186,2019,1058.6
"CR6","Road Verge","0.13679988000000001",186,2019,1058.6
"CW2","Water Retention Site","6.0369907E-2",186,2019,1058.6
"CF3","Field Margin","2.8079772999999999E-2",189,2019,1093.1
"CP1","Pasture","6.1687973E-2",189,2019,1093.1
"CP2","Pasture","1.2736233E-2",189,2019,1093.1
"CP8","Pasture","3.6226179999999997E-2",189,2019,1093.1
"CW1","Water Retention Site","0.32962814699999998",189,2019,1093.1
"P1","Pasture","0.110675907",189,2019,1093.1
"P14","Pasture","0.34779936",189,2019,1093.1
"P19","Pasture","0.20591632700000001",189,2019,1093.1
"S3","Species Rich Grassland","0.363633027",189,2019,1093.1
"W11","Water Retention Site","1.1947286999999999E-2",189,2019,1093.1
"CF9","Field Margin","0.57318053300000005",190,2019,1103.3
"CP4","Pasture","0.1048958",190,2019,1103.3
"P12","Pasture","0.15959061299999999",190,2019,1103.3
"P4","Pasture","0.102895793",190,2019,1103.3
"R12","Road Verge","0.185415107",190,2019,1103.3
"S4","Species Rich Grassland","0.76019595299999998",190,2019,1103.3
"W2","Water Retention Site","7.3274226999999997E-2",190,2019,1103.3
"CF8","Field Margin","0.87036635299999998",191,2019,1115.8
"CP10","Pasture","5.5546766999999997E-2",191,2019,1115.8
"CP5","Pasture","6.4792592999999996E-2",191,2019,1115.8
"CP6","Pasture","7.7400766999999995E-2",191,2019,1115.8
"CR10","Road Verge","9.9732573000000005E-2",191,2019,1115.8
"CW1","Water Retention Site","0",191,2019,1115.8
"CW10","Water Retention Site","0.53984292700000003",191,2019,1115.8
"CW8","Water Retention Site","0.25506444700000003",191,2019,1115.8
"CW9","Water Retention Site","0.37705032700000002",191,2019,1115.8
"F7","Field Margin","5.3360329999999996E-3",191,2019,1115.8
"P18","Pasture","2.617973E-3",191,2019,1115.8
"R17","Road Verge","2.4084273E-2",191,2019,1115.8
"R6","Road Verge","0.15351269300000001",191,2019,1115.8
"CW7","Water Retention Site","5.7671073000000003E-2",192,2019,1131
"F4","Field Margin","0.127462087",192,2019,1131
"F5","Field Margin","0.32244043300000003",192,2019,1131
"F6","Field Margin","5.7471593000000001E-2",192,2019,1131
"P2","Pasture","0.14454066700000001",192,2019,1131
"P21","Pasture","1.6288713E-2",192,2019,1131
"P22","Pasture","0.26517266699999997",192,2019,1131
"R14","Road Verge","0.12764110000000001",192,2019,1131
"R15","Road Verge","0.68366989300000003",192,2019,1131
"R16","Road Verge","1.1184023270000001",192,2019,1131
"R20","Road Verge","1.402086433",192,2019,1131
"S5","Species Rich Grassland","0.159593707",192,2019,1131
"W22","Water Retention Site","0.20987381599999999",192,2019,1131
"F3","Field Margin","7.3595070000000004E-3",193,2019,1143.8
"P20","Pasture","0",193,2019,1143.8
"P5","Pasture","1.32E-2",193,2019,1143.8
"P6","Pasture","0",193,2019,1143.8
"R13","Road Verge","0.449855167",193,2019,1143.8
"R5","Road Verge","0.57535112700000002",193,2019,1143.8
"W1","Water Retention Site","0.203502813",193,2019,1143.8
"W20","Water Retention Site","0.20261923300000001",193,2019,1143.8
"F1","Field Margin","0.13645247299999999",194,2019,1155.8
"F16","Field Margin","0.34699849999999999",194,2019,1155.8
"F2","Field Margin","0.207368367",194,2019,1155.8
"F20","Field Margin","0.23396291299999999",194,2019,1155.8
"P8","Pasture","0.819657627",194,2019,1155.8
"R11","Road Verge","1.891296447",194,2019,1155.8
"R18","Road Verge","0.50833609999999996",194,2019,1155.8
"R3","Road Verge","0.21250233299999999",194,2019,1155.8
"S2","Species Rich Grassland","2.5621070000000001E-3",194,2019,1155.8
"F18","Field Margin","0.162351",197,2019,1185.1
"F8","Field Margin","0.65411879299999998",197,2019,1185.1
"P10","Pasture","2.1999359999999999E-2",197,2019,1185.1
"P9","Pasture","1.5500407000000001E-2",197,2019,1185.1
"R1","Road Verge","0.35057567299999998",197,2019,1185.1
"R8","Road Verge","0.32342586699999998",197,2019,1185.1
"W16","Water Retention Site","0.143429367",197,2019,1185.1
"W5","Water Retention Site","0.17558623300000001",197,2019,1185.1
"W7","Water Retention Site","0.64729426700000003",197,2019,1185.1
"P23","Pasture","1.07339406",198,2019,1197.7
"R19","Road Verge","1.9202606",198,2019,1197.7
"R2","Road Verge","0.23998732",198,2019,1197.7
"S1","Species Rich Grassland","1.439007953",198,2019,1197.7
"S10","Species Rich Grassland","2.2748941469999999",198,2019,1197.7
"S6","Species Rich Grassland","0.55941998000000004",198,2019,1197.7
"S7","Species Rich Grassland","1.8614456070000001",198,2019,1197.7
"S9","Species Rich Grassland","2.0463574269999998",198,2019,1197.7
"W17","Water Retention Site","0.97166361300000004",198,2019,1197.7
"W18","Water Retention Site","8.8561330000000004E-3",198,2019,1197.7
"W6","Water Retention Site","1.3990519999999999E-2",198,2019,1197.7
"CF10","Field Margin","1.51314E-2",199,2019,1212.7
"CH2","Hedge","6.8371600000000001E-3",199,2019,1212.7
"CH7","Hedge","7.8701999999999994E-2",199,2019,1212.7
"CH8","Hedge","2.5353329999999999E-3",199,2019,1212.7
"CR8","Road Verge","0.42319403300000002",199,2019,1212.7
"CR9","Road Verge","0.97384270699999997",199,2019,1212.7
"CW5","Water Retention Site","0",199,2019,1212.7
"F10","Field Margin","0.280020667",199,2019,1212.7
"F9","Field Margin","0.32445370000000001",199,2019,1212.7
"H12","Hedge","0",199,2019,1212.7
"H2","Hedge","1.1781333E-2",199,2019,1212.7
"H3","Hedge","0",199,2019,1212.7
"P16","Pasture","8.5204906999999996E-2",199,2019,1212.7
"P17","Pasture","6.1246670000000003E-3",199,2019,1212.7
"P24","Pasture","1.3833333E-2",199,2019,1212.7
"R7","Road Verge","0.14682680000000001",199,2019,1212.7
"W12","Water Retention Site","3.9498172999999998E-2",199,2019,1212.7
"W14","Water Retention Site","3.8755320000000003E-2",199,2019,1212.7
"W15","Water Retention Site","0.41755204699999998",199,2019,1212.7
"W4","Water Retention Site","5.2081607000000002E-2",199,2019,1212.7
"CH1","Hedge","0",200,2019,1228.2
"CH6","Hedge","0.75504242700000002",200,2019,1228.2
"F12","Field Margin","1.2665766329999999",200,2019,1228.2
"F13","Field Margin","9.5125330000000001E-3",200,2019,1228.2
"F14","Field Margin","2.6209333000000001E-2",200,2019,1228.2
"F15","Field Margin","0.110355013",200,2019,1228.2
"F17","Field Margin","0.78745357299999996",200,2019,1228.2
"F22","Field Margin","0.158765347",200,2019,1228.2
"H11","Hedge","0",200,2019,1228.2
"H4","Hedge","1.4653330000000001E-3",200,2019,1228.2
"R10","Road Verge","0.35244299299999998",200,2019,1228.2
"R9","Road Verge","0.54641551300000002",200,2019,1228.2
"W10","Water Retention Site","7.0179999999999999E-3",200,2019,1228.2
"W13","Water Retention Site","1.5731999999999999E-2",200,2019,1228.2
"W19","Water Retention Site","4.9130047000000003E-2",200,2019,1228.2
"W8","Water Retention Site","2.1394E-2",200,2019,1228.2
"W9","Water Retention Site","0.20063175999999999",200,2019,1228.2
"CF1","Field Margin","0.44808286000000003",201,2019,1244.7
"CF3","Field Margin","1.5881679999999999E-2",201,2019,1244.7
"CP2","Pasture","4.2307573000000001E-2",201,2019,1244.7
"CP3","Pasture","1.172224E-2",201,2019,1244.7
"CP8","Pasture","3.7815687000000001E-2",201,2019,1244.7
"CF4","Field Margin","4.5293773000000002E-2",203,2019,1276
"CF5","Field Margin","1.9778899999999999E-2",203,2019,1276
"CF6","Field Margin","4.0754667000000001E-2",203,2019,1276
"CF7","Field Margin","2.9796E-2",203,2019,1276
"CP1","Pasture","0.12106715999999999",203,2019,1276
"CP7","Pasture","8.2063069999999995E-3",203,2019,1276
"CP9","Pasture","0.33988119999999999",203,2019,1276
"CR1","Road Verge","0.15221183999999999",203,2019,1276
"CR2","Road Verge","2.8557066999999998E-2",203,2019,1276
"CR3","Road Verge","8.2703346999999997E-2",203,2019,1276
"CR4","Road Verge","0.27963628699999998",203,2019,1276
"CR5","Road Verge","0.24380062699999999",203,2019,1276
"CR6","Road Verge","0.329837467",203,2019,1276
"CR7","Road Verge","0.228704667",203,2019,1276
"CW2","Water Retention Site","1.667476E-2",203,2019,1276
"CW4","Water Retention Site","4.7833907000000002E-2",203,2019,1276
"F19","Field Margin","0.26938289999999998",203,2019,1276
"P7","Pasture","0.31191799999999997",203,2019,1276
"W21","Water Retention Site","1.256E-2",203,2019,1276
"P1","Pasture","0.31988981300000002",204,2019,1297.5
"P11","Pasture","6.4115167000000001E-2",204,2019,1297.5
"P12","Pasture","1.8115304000000001",204,2019,1297.5
"P19","Pasture","6.8314813000000002E-2",204,2019,1297.5
"P4","Pasture","7.7968999999999997E-2",204,2019,1297.5
"R12","Road Verge","0.121701473",204,2019,1297.5
"R4","Road Verge","0.52776505299999998",204,2019,1297.5
"S3","Species Rich Grassland","1.223025",204,2019,1297.5
"S4","Species Rich Grassland","1.9993943599999999",204,2019,1297.5
"W2","Water Retention Site","5.9222286999999998E-2",204,2019,1297.5
"W3","Water Retention Site","0.18659355999999999",204,2019,1297.5
"CF12","Field Margin","3.4318433000000002E-2",205,2019,1322.7
"CF13","Field Margin","1.3762666999999999E-2",205,2019,1322.7
"CF9","Field Margin","6.6360000000000002E-2",205,2019,1322.7
"CP4","Pasture","6.5822599999999995E-2",205,2019,1322.7
"CW11","Water Retention Site","1.2452340669999999",205,2019,1322.7
"F11","Field Margin","3.6960332999999998E-2",205,2019,1322.7
"F21","Field Margin","3.1212799999999999E-2",205,2019,1322.7
"P14","Pasture","0.26640787300000002",205,2019,1322.7
"S8","Species Rich Grassland","0.51045353299999996",205,2019,1322.7
"W11","Water Retention Site","4.4042667000000001E-2",205,2019,1322.7
"CH9","Hedge","2.0067333E-2",210,2019,1410.8
"H10","Hedge","2.4203300000000001E-4",210,2019,1410.8
"H13","Hedge","3.7694800000000001E-2",210,2019,1410.8
"H15","Hedge","2.3188567E-2",210,2019,1410.8
"H5","Hedge","3.552E-3",210,2019,1410.8
"H7","Hedge","5.7982039999999999E-2",210,2019,1410.8
"H8","Hedge","0",210,2019,1410.8
"CH4","Hedge","7.5924000000000005E-2",211,2019,1427.2
"CH5","Hedge","6.5466700000000005E-4",211,2019,1427.2
"H1","Hedge","0.21935173299999999",211,2019,1427.2
"H14","Hedge","4.561432E-2",211,2019,1427.2
"H6","Hedge","1.64324E-2",211,2019,1427.2
"H9","Hedge","8.5888081000000005E-2",211,2019,1427.2
"CH1","Hedge","0.37792886199999998",108,2020,297.4
"CH7","Hedge","0.5590058",108,2020,297.4
"CH8","Hedge","3.3457845E-2",108,2020,297.4
"H11","Hedge","2.095E-2",109,2020,304.6
"H16","Hedge","1.5921999999999999E-2",109,2020,304.6
"H4","Hedge","4.9416161E-2",109,2020,304.6
"H5","Hedge","1.0314667E-2",109,2020,304.6
"CH2","Hedge","2.1890086999999999E-2",113,2020,338.6
"CH5","Hedge","NA",113,2020,338.6
"CH6","Hedge","0.18569070700000001",113,2020,338.6
"H1","Hedge","0.195362535",113,2020,338.6
"H12","Hedge","6.6647407000000006E-2",113,2020,338.6
"H13","Hedge","2.2589633000000001E-2",113,2020,338.6
"H14","Hedge","0.16138085299999999",113,2020,338.6
"H2","Hedge","0.10782623700000001",113,2020,338.6
"H3","Hedge","2.408478E-2",113,2020,338.6
"H7","Hedge","7.1649740000000003E-2",113,2020,338.6
"CH4","Hedge","5.1956000000000002E-2",114,2020,349.3
"CH9","Hedge","3.8760479E-2",114,2020,349.3
"H10","Hedge","3.9321599999999998E-2",114,2020,349.3
"H15","Hedge","3.6603476000000003E-2",114,2020,349.3
"H6","Hedge","0.22732497600000001",114,2020,349.3
"H8","Hedge","7.3950027000000002E-2",114,2020,349.3
"H9","Hedge","9.2388587999999994E-2",114,2020,349.3
"W22","Water Retention Site","0.47641788000000002",119,2020,386.5
"CP10","Pasture","0.24259852000000001",120,2020,394.4
"S9","Species Rich Grassland","0.32224830700000001",120,2020,394.4
"F3","Field Margin","0.219564387",121,2020,399.8
"CW7","Water Retention Site","0.311197047",124,2020,415.5
"F6","Field Margin","2.3776127000000001E-2",124,2020,415.5
"P22","Pasture","0.13552586",124,2020,415.5
"R13","Road Verge","2.5250353E-2",124,2020,415.5
"R14","Road Verge","0.83554961299999997",124,2020,415.5
"R16","Road Verge","0.19570876700000001",124,2020,415.5
"R20","Road Verge","0.78190057300000004",124,2020,415.5
"CP1","Pasture","0.51427407999999997",125,2020,421.9
"CR1","Road Verge","9.4933466999999994E-2",125,2020,421.9
"CF1","Field Margin","6.8855432999999994E-2",126,2020,426.4
"CP3","Pasture","9.1989192999999997E-2",126,2020,426.4
"CP7","Pasture","0.86241056699999996",126,2020,426.4
"CR2","Road Verge","0.21238180000000001",126,2020,426.4
"CW1","Water Retention Site","0.27244062699999999",126,2020,426.4
"P1","Pasture","0.49943263999999998",127,2020,432.7
"P12","Pasture","0.57104069300000004",127,2020,432.7
"P19","Pasture","0.522528993",127,2020,432.7
"R12","Road Verge","0.33486759300000002",127,2020,432.7
"R4","Road Verge","0.28695248000000001",127,2020,432.7
"S3","Species Rich Grassland","0.79111633299999995",127,2020,432.7
"W3","Water Retention Site","0.67185488699999996",127,2020,432.7
"F5","Field Margin","6.0193906999999998E-2",128,2020,441.7
"P2","Pasture","5.3815353000000003E-2",128,2020,441.7
"P21","Pasture","0.36520662700000001",128,2020,441.7
"P23","Pasture","0.44061687999999999",128,2020,441.7
"S7","Species Rich Grassland","1.09121092",128,2020,441.7
"W18","Water Retention Site","0.355094727",128,2020,441.7
"CF13","Field Margin","3.108056E-2",129,2020,452.1
"CW11","Water Retention Site","0.35149783299999998",129,2020,452.1
"F13","Field Margin","0",129,2020,452.1
"F18","Field Margin","9.31E-5",129,2020,452.1
"P10","Pasture","0.60125802699999997",129,2020,452.1
"R8","Road Verge","0.20100244",129,2020,452.1
"W19","Water Retention Site","0.64079058",129,2020,452.1
"CP4","Pasture","2.5704673000000001E-2",130,2020,464.7
"CP5","Pasture","0.184345127",130,2020,464.7
"CW10","Water Retention Site","0.41593849300000002",130,2020,464.7
"CW8","Water Retention Site","0.30495132699999999",130,2020,464.7
"CW9","Water Retention Site","0.33230472",130,2020,464.7
"F1","Field Margin","0.23533109299999999",133,2020,479.7
"F4","Field Margin","4.0998400000000004E-3",133,2020,479.7
"R15","Road Verge","0.60323544699999998",133,2020,479.7
"S5","Species Rich Grassland","1.192942253",133,2020,479.7
"W20","Water Retention Site","0.41779060699999998",133,2020,479.7
"CF3","Field Margin","3.2029799999999998E-3",134,2020,483.2
"CP2","Pasture","0.71667941999999996",134,2020,483.2
"CP8","Pasture","0.30760584000000002",134,2020,483.2
"CR7","Road Verge","4.6042773000000002E-2",134,2020,483.2
"CW4","Water Retention Site","0.45816014700000002",134,2020,483.2
"W21","Water Retention Site","0.17680212000000001",134,2020,483.2
"CF8","Field Margin","1.18424084",136,2020,492.2
"CF9","Field Margin","5.4070200000000002E-3",136,2020,492.2
"CP6","Pasture","0.52490148700000006",136,2020,492.2
"CR10","Road Verge","4.6546670000000004E-3",136,2020,492.2
"R6","Road Verge","3.96E-3",136,2020,492.2
"F22","Field Margin","0.19103039299999999",137,2020,498.5
"P14","Pasture","0.74447518700000004",137,2020,498.5
"P18","Pasture","0.70989010699999999",137,2020,498.5
"R17","Road Verge","0.52607525300000002",137,2020,498.5
"S6","Species Rich Grassland","8.7473952999999993E-2",137,2020,498.5
"W17","Water Retention Site","4.3412412999999997E-2",137,2020,498.5
"F20","Field Margin","0.56896305999999996",138,2020,506.3
"P6","Pasture","2.6671133E-2",138,2020,506.3
"R5","Road Verge","0.26974798700000002",138,2020,506.3
"CF12","Field Margin","0.35194666699999999",139,2020,517.1
"F11","Field Margin","9.8259999999999997E-3",139,2020,517.1
"P16","Pasture","0.497022727",139,2020,517.1
"P24","Pasture","2.2806179200000001",139,2020,517.1
"R7","Road Verge","6.1572572999999998E-2",139,2020,517.1
"S8","Species Rich Grassland","0.212966193",139,2020,517.1
"W4","Water Retention Site","0.50080883300000001",139,2020,517.1
"CH2","Hedge","0.12440735999999999",140,2020,528.7
"CH7","Hedge","1.2764152040000001",140,2020,528.7
"CH8","Hedge","8.3386220000000004E-3",140,2020,528.7
"F2","Field Margin","NA",140,2020,528.7
"H1","Hedge","1.9207767000000001E-2",140,2020,528.7
"H12","Hedge","0",140,2020,528.7
"H14","Hedge","0.20638200000000001",140,2020,528.7
"H2","Hedge","3.6700000000000001E-3",140,2020,528.7
"H3","Hedge","1.1793813E-2",140,2020,528.7
"H6","Hedge","6.3892442999999993E-2",140,2020,528.7
"H7","Hedge","9.2849917000000004E-2",140,2020,528.7
"H9","Hedge","1.3357764539999999",140,2020,528.7
"P20","Pasture","0.34186126",140,2020,528.7
"P4","Pasture","0.54584185299999999",140,2020,528.7
"P5","Pasture","0.74306000000000005",140,2020,528.7
"R11","Road Verge","8.0710213000000003E-2",140,2020,528.7
"S4","Species Rich Grassland","0.14354130700000001",140,2020,528.7
"W2","Water Retention Site","0.75865262",140,2020,528.7
"F10","Field Margin","6.5443999999999995E-4",141,2020,540.2
"F8","Field Margin","0.1157215",141,2020,540.2
"F9","Field Margin","6.3912400000000003E-3",141,2020,540.2
"W12","Water Retention Site","5.6557072999999999E-2",141,2020,540.2
"W13","Water Retention Site","0.11719154699999999",141,2020,540.2
"W14","Water Retention Site","6.2983032999999994E-2",141,2020,540.2
"W15","Water Retention Site","9.3052712999999995E-2",141,2020,540.2
"W16","Water Retention Site","4.8722439999999999E-2",141,2020,540.2
"F12","Field Margin","0.30415958700000001",142,2020,555.5
"F14","Field Margin","0.35720500700000002",142,2020,555.5
"F15","Field Margin","0.33568972000000002",142,2020,555.5
"F21","Field Margin","2.4244667000000001E-2",142,2020,555.5
"P17","Pasture","0.53121357999999996",142,2020,555.5
"R10","Road Verge","4.1600752999999997E-2",142,2020,555.5
"W10","Water Retention Site","0.28839806699999998",142,2020,555.5
"W9","Water Retention Site","5.0039607E-2",142,2020,555.5
"CF4","Field Margin","1.100567E-3",143,2020,569.6
"CF5","Field Margin","2.3751129999999999E-3",143,2020,569.6
"CF6","Field Margin","1.6790495599999999",143,2020,569.6
"CF7","Field Margin","3.2650132999999998E-2",143,2020,569.6
"CP9","Pasture","0.45563220700000001",143,2020,569.6
"CR6","Road Verge","0.18338653299999999",143,2020,569.6
"CW2","Water Retention Site","0.44438830000000001",143,2020,569.6
"F16","Field Margin","9.3996129999999994E-3",146,2020,599.4
"F17","Field Margin","0.18601400700000001",146,2020,599.4
"P11","Pasture","0.29735109300000001",146,2020,599.4
"P8","Pasture","2.7230000000000001E-2",146,2020,599.4
"R18","Road Verge","0.42693573299999998",146,2020,599.4
"R3","Road Verge","8.2876699999999998E-2",146,2020,599.4
"S2","Species Rich Grassland","0.30914354700000002",146,2020,599.4
"W8","Water Retention Site","0.50336340000000002",146,2020,599.4
"CF10","Field Margin","1.046667E-3",147,2020,611.3
"CR8","Road Verge","0.14144776000000001",147,2020,611.3
"CR9","Road Verge","0.31823882999999997",147,2020,611.3
"CW5","Water Retention Site","0.122952267",147,2020,611.3
"F7","Field Margin","6.9278667000000002E-2",147,2020,611.3
"R9","Road Verge","0.162707827",147,2020,611.3
"S10","Species Rich Grassland","5.0689565669999999",147,2020,611.3
"W11","Water Retention Site","6.7401707000000005E-2",147,2020,611.3
"CH1","Hedge","0",148,2020,624
"CH9","Hedge","0.13673433700000001",148,2020,624
"CR3","Road Verge","6.9159826999999993E-2",148,2020,624
"CR4","Road Verge","0.121079047",148,2020,624
"CR5","Road Verge","1.7682869999999999E-3",148,2020,624
"F19","Field Margin","2.9930707000000001E-2",148,2020,624
"H10","Hedge","2.6623670000000001E-3",148,2020,624
"H11","Hedge","1.1010000000000001E-2",148,2020,624
"H16","Hedge","1.528056E-2",148,2020,624
"H4","Hedge","1.0973877999999999E-2",148,2020,624
"H5","Hedge","5.0450000000000002E-2",148,2020,624
"H8","Hedge","5.4926302000000003E-2",148,2020,624
"P7","Pasture","0.99953356000000004",148,2020,624
"R19","Road Verge","0.95144780699999998",148,2020,624
"R2","Road Verge","8.0245567000000004E-2",148,2020,624
"S1","Species Rich Grassland","9.037913927",148,2020,624
"W6","Water Retention Site","0.35419573300000001",148,2020,624
"CH4","Hedge","4.6018780000000002E-3",149,2020,634.6
"CH5","Hedge","2.2252773E-2",149,2020,634.6
"CH6","Hedge","0.280451807",149,2020,634.6
"H13","Hedge","1.0220642E-2",149,2020,634.6
"H15","Hedge","5.04135E-2",149,2020,634.6
"P12","Pasture","0.21888540200000001",149,2020,634.6
"P9","Pasture","9.0916972999999998E-2",149,2020,634.6
"R1","Road Verge","0",149,2020,634.6
"R12","Road Verge","1.0506046999999999E-2",149,2020,634.6
"R4","Road Verge","0.54810308699999999",149,2020,634.6
"W3","Water Retention Site","1.2387292130000001",149,2020,634.6
"W5","Water Retention Site","0.55118290000000003",149,2020,634.6
"W7","Water Retention Site","0.200666707",149,2020,634.6
"P1","Pasture","1.14572864",150,2020,646.1
"P19","Pasture","1.241991367",150,2020,646.1
"P23","Pasture","0.664356697",150,2020,646.1
"S3","Species Rich Grassland","0.31213297299999998",150,2020,646.1
"W22","Water Retention Site","0.229904949",153,2020,685.5
"CW7","Water Retention Site","0.14724677999999999",153,2020,685.5
"F3","Field Margin","0.16459723300000001",153,2020,685.5
"F6","Field Margin","6.81614E-3",153,2020,685.5
"P22","Pasture","6.1133600000000003E-2",153,2020,685.5
"R13","Road Verge","0.66973368700000002",153,2020,685.5
"R14","Road Verge","0.102859586",153,2020,685.5
"R16","Road Verge","8.7685530000000001E-3",153,2020,685.5
"R20","Road Verge","6.8008799999999994E-2",153,2020,685.5
"CF1","Field Margin","3.2523374669999998",154,2020,701.8
"CP1","Pasture","0.34520656",154,2020,701.8
"CP2","Pasture","0.329979413",154,2020,701.8
"CP3","Pasture","0.29084138700000001",154,2020,701.8
"CP8","Pasture","0.111323353",154,2020,701.8
"CR1","Road Verge","1.3672227E-2",154,2020,701.8
"CR2","Road Verge","1.60706E-3",154,2020,701.8
"CW1","Water Retention Site","0.193820507",154,2020,701.8
"F1","Field Margin","3.1869367000000003E-2",155,2020,715.4
"F4","Field Margin","1.81808E-2",155,2020,715.4
"F5","Field Margin","6.5344670000000004E-3",155,2020,715.4
"P2","Pasture","1.1539353E-2",155,2020,715.4
"P21","Pasture","5.1506467E-2",155,2020,715.4
"R15","Road Verge","0.40370442000000001",155,2020,715.4
"S5","Species Rich Grassland","1.100680793",155,2020,715.4
"W18","Water Retention Site","0.32277289300000001",155,2020,715.4
"W20","Water Retention Site","0.49699394699999999",155,2020,715.4
"CP10","Pasture","9.2912667000000004E-2",162,2020,770.9
"CP4","Pasture","0.31055993999999998",162,2020,770.9
"CW9","Water Retention Site","0.26801793299999999",162,2020,770.9
"S9","Species Rich Grassland","0.470892533",162,2020,770.9
"CF8","Field Margin","1.1018848080000001",163,2020,781.8
"CP5","Pasture","1.3391986999999999E-2",163,2020,781.8
"CW10","Water Retention Site","0.28052070000000001",163,2020,781.8
"CW8","Water Retention Site","0.14793536700000001",163,2020,781.8
"CF12","Field Margin","0.19595933300000001",164,2020,795.6
"CF13","Field Margin","0.19182886699999999",164,2020,795.6
"CW11","Water Retention Site","0.58910592699999997",164,2020,795.6
"F13","Field Margin","1.624E-3",164,2020,795.6
"F18","Field Margin","8.0758070000000008E-3",164,2020,795.6
"P10","Pasture","0.43996155300000001",164,2020,795.6
"P24","Pasture","8.0956106999999999E-2",164,2020,795.6
"R8","Road Verge","5.5474612999999999E-2",164,2020,795.6
"W19","Water Retention Site","0.19010178699999999",164,2020,795.6
"CF3","Field Margin","0",165,2020,811.1
"CP7","Pasture","0.55600541299999995",165,2020,811.1
"CR7","Road Verge","7.1073330000000004E-3",165,2020,811.1
"CW4","Water Retention Site","6.2134452999999999E-2",165,2020,811.1
"P14","Pasture","0.31936467299999999",165,2020,811.1
"S6","Species Rich Grassland","0.35425289300000001",165,2020,811.1
"S7","Species Rich Grassland","0.80931204700000003",165,2020,811.1
"W17","Water Retention Site","7.1827929999999998E-3",165,2020,811.1
"W21","Water Retention Site","6.3481807000000001E-2",165,2020,811.1
"F20","Field Margin","5.7511180000000002E-2",166,2020,824.5
"P6","Pasture","0.29457087300000001",166,2020,824.5
"R11","Road Verge","5.5663847000000002E-2",166,2020,824.5
"R5","Road Verge","7.2342966999999994E-2",166,2020,824.5
"W1","Water Retention Site","0.32472440000000002",166,2020,824.5
"F10","Field Margin","3.3497930000000002E-3",167,2020,839.2
"F11","Field Margin","1.0652207E-2",167,2020,839.2
"F22","Field Margin","0.23371666699999999",167,2020,839.2
"F8","Field Margin","0.32026068000000002",167,2020,839.2
"F9","Field Margin","0.10413952",167,2020,839.2
"P16","Pasture","7.3956669999999999E-3",167,2020,839.2
"R7","Road Verge","8.7931593000000002E-2",167,2020,839.2
"S8","Species Rich Grassland","0.50782602700000001",167,2020,839.2
"W12","Water Retention Site","0.25190869300000002",167,2020,839.2
"W15","Water Retention Site","6.0793279999999998E-2",167,2020,839.2
"W4","Water Retention Site","0",167,2020,839.2
"F16","Field Margin","2.0016032999999999E-2",168,2020,852.7
"F2","Field Margin","0.16657181300000001",168,2020,852.7
"P11","Pasture","5.7801959999999999E-2",168,2020,852.7
"P20","Pasture","3.6406666999999997E-2",168,2020,852.7
"P4","Pasture","6.0778007000000002E-2",168,2020,852.7
"P5","Pasture","0.47066622000000002",168,2020,852.7
"P8","Pasture","0.56485675999999996",168,2020,852.7
"R18","Road Verge","0.22636124699999999",168,2020,852.7
"R3","Road Verge","1.7370973000000001E-2",168,2020,852.7
"S2","Species Rich Grassland","4.9999046999999998E-2",168,2020,852.7
"S4","Species Rich Grassland","1.1030025269999999",168,2020,852.7
"W2","Water Retention Site","9.1339240000000002E-2",168,2020,852.7
"F12","Field Margin","0.23765023299999999",169,2020,865.5
"F14","Field Margin","8.4012420000000004E-2",169,2020,865.5
"F15","Field Margin","0.105551493",169,2020,865.5
"F21","Field Margin","7.6342332999999998E-2",169,2020,865.5
"P17","Pasture","5.9058966999999997E-2",169,2020,865.5
"R10","Road Verge","3.2153329999999999E-3",169,2020,865.5
"R17","Road Verge","4.92656E-2",169,2020,865.5
"W10","Water Retention Site","5.1784280000000002E-2",169,2020,865.5
"W13","Water Retention Site","9.5483846999999997E-2",169,2020,865.5
"W14","Water Retention Site","0.70031631999999999",169,2020,865.5
"W16","Water Retention Site","0.14299038",169,2020,865.5
"W9","Water Retention Site","5.0203312999999999E-2",169,2020,865.5
"CF10","Field Margin","2.0019693000000002E-2",170,2020,877.4
"CF9","Field Margin","8.4838129999999998E-3",170,2020,877.4
"CP6","Pasture","0.34489715300000001",170,2020,877.4
"CR10","Road Verge","0.1366301",170,2020,877.4
"CR8","Road Verge","4.3305913000000001E-2",170,2020,877.4
"CR9","Road Verge","0.114735",170,2020,877.4
"CW5","Water Retention Site","0.50840680699999996",170,2020,877.4
"F7","Field Margin","2.3109193E-2",170,2020,877.4
"P18","Pasture","1.013025227",170,2020,877.4
"R6","Road Verge","4.9128672999999998E-2",170,2020,877.4
"R9","Road Verge","0.60205863999999998",170,2020,877.4
"S10","Species Rich Grassland","0.80564723299999996",170,2020,877.4
"W11","Water Retention Site","3.7025612999999999E-2",170,2020,877.4
"CF4","Field Margin","6.8892470000000003E-3",171,2020,889.9
"CF5","Field Margin","3.5277730000000001E-3",171,2020,889.9
"CF6","Field Margin","0.51680843300000001",171,2020,889.9
"CF7","Field Margin","0.28184997299999998",171,2020,889.9
"CP9","Pasture","0.11147432",171,2020,889.9
"CR3","Road Verge","6.6486379999999998E-2",171,2020,889.9
"CR4","Road Verge","0.35399227100000002",171,2020,889.9
"CR5","Road Verge","2.4287619999999999E-2",171,2020,889.9
"CR6","Road Verge","3.2766613E-2",171,2020,889.9
"CW2","Water Retention Site","8.3734192999999998E-2",171,2020,889.9
"F17","Field Margin","0.25390736699999999",171,2020,889.9
"F19","Field Margin","3.5080886999999998E-2",171,2020,889.9
"P7","Pasture","0.31735002000000001",171,2020,889.9
"W8","Water Retention Site","8.4270372999999996E-2",171,2020,889.9
"CH7","Hedge","9.7145756E-2",172,2020,902.6
"CH8","Hedge","3.9206670000000001E-3",172,2020,902.6
"H5","Hedge","6.2820000000000003E-3",172,2020,902.6
"P9","Pasture","0.42968476",172,2020,902.6
"R1","Road Verge","6.5863486999999998E-2",172,2020,902.6
"R19","Road Verge","0.38485820700000001",172,2020,902.6
"R2","Road Verge","2.4085793000000001E-2",172,2020,902.6
"S1","Species Rich Grassland","0.14163818",172,2020,902.6
"W5","Water Retention Site","0.33658865300000002",172,2020,902.6
"W6","Water Retention Site","5.4429867E-2",172,2020,902.6
"W7","Water Retention Site","0.23774237300000001",172,2020,902.6
"CH9","Hedge","5.9974E-2",173,2020,916.8
"H10","Hedge","1.0735567E-2",173,2020,916.8
"H8","Hedge","3.9630833999999997E-2",173,2020,916.8
"CH2","Hedge","1.3313480000000001E-2",174,2020,929
"CH4","Hedge","1.8858079999999999E-2",174,2020,929
"H12","Hedge","2.6957287E-2",174,2020,929
"H14","Hedge","6.4668320000000001E-2",174,2020,929
"H2","Hedge","1.4611611E-2",174,2020,929
"H3","Hedge","8.8490329999999992E-3",174,2020,929
"CH1","Hedge","4.1866700000000001E-4",175,2020,944.5
"H11","Hedge","1.7726669999999999E-3",175,2020,944.5
"H16","Hedge","2.3415200000000001E-2",175,2020,944.5
"CH6","Hedge","0.39092392199999998",182,2020,1052.8
"H13","Hedge","0",182,2020,1052.8
"H15","Hedge","5.3788423000000002E-2",182,2020,1052.8
"H4","Hedge","9.3995093000000002E-2",182,2020,1052.8
"CH5","Hedge","3.0297971999999999E-2",183,2020,1065.6
"H7","Hedge","0.131419228",183,2020,1065.6
"H1","Hedge","5.9699191999999998E-2",184,2020,1077.2
"H6","Hedge","0.231246442",184,2020,1077.2
"H9","Hedge","3.6952323000000002E-2",184,2020,1077.2
"P12","Pasture","0.215919373",184,2020,1077.2
"R12","Road Verge","0.37293279299999998",184,2020,1077.2
"W3","Water Retention Site","0.60806500699999999",184,2020,1077.2
"P1","Pasture","1.3296727530000001",185,2020,1088.9
"P19","Pasture","0.47873946699999997",185,2020,1088.9
"R4","Road Verge","1.219616373",185,2020,1088.9
"S3","Species Rich Grassland","0.185041707",185,2020,1088.9
"CW7","Water Retention Site","0.12823716700000001",189,2020,1136.9
"F1","Field Margin","3.3664800000000002E-2",189,2020,1136.9
"F6","Field Margin","5.0079599999999997E-3",189,2020,1136.9
"P22","Pasture","0.294506667",189,2020,1136.9
"R14","Road Verge","1.12678E-2",189,2020,1136.9
"R16","Road Verge","0.33331064700000002",189,2020,1136.9
"R20","Road Verge","0.69587065999999997",189,2020,1136.9
"W20","Water Retention Site","0.40160480700000001",189,2020,1136.9
"W22","Water Retention Site","0.124203457",189,2020,1136.9
"CF1","Field Margin","2.5431082200000001",191,2020,1160.4
"CP1","Pasture","0.47240334",191,2020,1160.4
"CP2","Pasture","0.20284368699999999",191,2020,1160.4
"CP3","Pasture","1.4626267E-2",191,2020,1160.4
"CP8","Pasture","0.14526322",191,2020,1160.4
"CR2","Road Verge","0.103211887",191,2020,1160.4
"F3","Field Margin","0.307433073",193,2020,1181.3
"F4","Field Margin","4.1952732999999999E-2",193,2020,1181.3
"P23","Pasture","0.113274393",193,2020,1181.3
"R13","Road Verge","0.55011966000000001",193,2020,1181.3
"R15","Road Verge","3.3472149930000001",193,2020,1181.3
"S5","Species Rich Grassland","6.2376287000000002E-2",193,2020,1181.3
"W18","Water Retention Site","0.41837957999999997",193,2020,1181.3
"R3","Road Verge","0",194,2020,1192.2
"CF8","Field Margin","0.979046007",195,2020,1205.5
"CP10","Pasture","0.137134273",195,2020,1205.5
"CP4","Pasture","0.53196945299999998",195,2020,1205.5
"CP5","Pasture","2.4599267000000001E-2",195,2020,1205.5
"CW10","Water Retention Site","0.27629387300000002",195,2020,1205.5
"CW8","Water Retention Site","3.8472806999999998E-2",195,2020,1205.5
"CW9","Water Retention Site","8.6870507E-2",195,2020,1205.5
"S9","Species Rich Grassland","1.9836585600000001",195,2020,1205.5
"W1","Water Retention Site","0.68331655300000005",195,2020,1205.5
"F5","Field Margin","8.3407673000000002E-2",196,2020,1216.6
"P2","Pasture","2.5299999999999998E-5",196,2020,1216.6
"P21","Pasture","0.68033036000000002",196,2020,1216.6
"S7","Species Rich Grassland","1.8169135999999999",196,2020,1216.6
"CF13","Field Margin","6.8723999999999999E-3",197,2020,1228
"CW11","Water Retention Site","0.17020220699999999",197,2020,1228
"F13","Field Margin","0",197,2020,1228
"F18","Field Margin","1.0544533E-2",197,2020,1228
"P10","Pasture","0.79852902699999995",197,2020,1228
"P14","Pasture","0.47015484000000002",197,2020,1228
"R8","Road Verge","0.35960466699999999",197,2020,1228
"S6","Species Rich Grassland","0.85380921300000001",197,2020,1228
"W17","Water Retention Site","4.1555732999999997E-2",197,2020,1228
"W19","Water Retention Site","9.9199892999999997E-2",197,2020,1228
"CF3","Field Margin","0.47000640700000001",199,2020,1250.6
"CP7","Pasture","0.33876567299999999",199,2020,1250.6
"CR1","Road Verge","0.291340867",199,2020,1250.6
"CR7","Road Verge","0.26376319999999998",199,2020,1250.6
"CW1","Water Retention Site","0.121480107",199,2020,1250.6
"CW4","Water Retention Site","0.17051812699999999",199,2020,1250.6
"P24","Pasture","0.45588176000000002",199,2020,1250.6
"S8","Species Rich Grassland","0.36240909300000002",199,2020,1250.6
"W21","Water Retention Site","3.9590399999999998E-2",199,2020,1250.6
"CF12","Field Margin","1.7128399999999998E-2",200,2020,1266.3
"F10","Field Margin","8.6763847000000005E-2",200,2020,1266.3
"F11","Field Margin","7.1588052999999999E-2",200,2020,1266.3
"F14","Field Margin","0.17657532000000001",200,2020,1266.3
"F22","Field Margin","0.61740948699999998",200,2020,1266.3
"F8","Field Margin","0.180361573",200,2020,1266.3
"F9","Field Margin","4.6648753000000001E-2",200,2020,1266.3
"P16","Pasture","8.5681647E-2",200,2020,1266.3
"R10","Road Verge","1.6169333000000001E-2",200,2020,1266.3
"R7","Road Verge","0.161758813",200,2020,1266.3
"W12","Water Retention Site","0.36087691999999999",200,2020,1266.3
"W13","Water Retention Site","9.0592027000000006E-2",200,2020,1266.3
"W14","Water Retention Site","6.0646893E-2",200,2020,1266.3
"W15","Water Retention Site","1.169251313",200,2020,1266.3
"W16","Water Retention Site","2.6290747E-2",200,2020,1266.3
"W4","Water Retention Site","0.21939289300000001",200,2020,1266.3
"F2","Field Margin","0.14406240000000001",201,2020,1281.8
"F20","Field Margin","0.28806483300000002",201,2020,1281.8
"P20","Pasture","7.6315669999999997E-3",201,2020,1281.8
"P6","Pasture","0.10722498",201,2020,1281.8
"P8","Pasture","1.136992247",201,2020,1281.8
"R11","Road Verge","2.0088722200000002",201,2020,1281.8
"R5","Road Verge","0.65626177299999999",201,2020,1281.8
"W1","Water Retention Site","0.22938774000000001",201,2020,1281.8
"F15","Field Margin","0.115339833",202,2020,1293.7
"F16","Field Margin","3.9462667E-2",202,2020,1293.7
"P11","Pasture","0.18043909299999999",202,2020,1293.7
"P17","Pasture","4.2389626999999999E-2",202,2020,1293.7
"P4","Pasture","8.9531760000000002E-2",202,2020,1293.7
"P5","Pasture","0.121398093",202,2020,1293.7
"R18","Road Verge","0.21057464000000001",202,2020,1293.7
"S2","Species Rich Grassland","6.9742333000000004E-2",202,2020,1293.7
"S4","Species Rich Grassland","0.61631159300000005",202,2020,1293.7
"W2","Water Retention Site","7.6148220000000003E-2",202,2020,1293.7
"CF10","Field Margin","2.9418507E-2",203,2020,1304.7
"CF9","Field Margin","0.133380053",203,2020,1304.7
"CP6","Pasture","0.14572254700000001",203,2020,1304.7
"CR10","Road Verge","9.4888787000000002E-2",203,2020,1304.7
"CR8","Road Verge","0.23948828",203,2020,1304.7
"CR9","Road Verge","0.41383997300000003",203,2020,1304.7
"CW5","Water Retention Site","0.20984513299999999",203,2020,1304.7
"F21","Field Margin","3.8825146999999997E-2",203,2020,1304.7
"F7","Field Margin","2.3890986999999999E-2",203,2020,1304.7
"P18","Pasture","0.28894867299999999",203,2020,1304.7
"R17","Road Verge","0.187643913",203,2020,1304.7
"R6","Road Verge","0.44641503999999999",203,2020,1304.7
"S10","Species Rich Grassland","1.079052747",203,2020,1304.7
"W11","Water Retention Site","4.4154499999999999E-2",203,2020,1304.7
"F12","Field Margin","0.49356966000000002",204,2020,1315.6
"F17","Field Margin","0.93225682700000001",204,2020,1315.6
"R19","Road Verge","1.93823984",204,2020,1315.6
"R2","Road Verge","1.2387387270000001",204,2020,1315.6
"R9","Road Verge","7.4183979999999997E-2",204,2020,1315.6
"S1","Species Rich Grassland","0.95967577999999998",204,2020,1315.6
"W10","Water Retention Site","2.8432466999999999E-2",204,2020,1315.6
"W6","Water Retention Site","0.25758996699999998",204,2020,1315.6
"W8","Water Retention Site","0.34514729999999999",204,2020,1315.6
"W9","Water Retention Site","0.22718562",204,2020,1315.6
"CF4","Field Margin","1.42744E-2",205,2020,1329.8
"CF5","Field Margin","1.9613333E-2",205,2020,1329.8
"CF6","Field Margin","1.9028832999999998E-2",205,2020,1329.8
"CF7","Field Margin","9.0093466999999997E-2",205,2020,1329.8
"CP9","Pasture","7.9726867000000007E-2",205,2020,1329.8
"CR3","Road Verge","4.9392266999999997E-2",205,2020,1329.8
"CR4","Road Verge","1.1081340470000001",205,2020,1329.8
"CR5","Road Verge","0.125109467",205,2020,1329.8
"CR6","Road Verge","0.130748533",205,2020,1329.8
"CW2","Water Retention Site","9.5137753000000005E-2",205,2020,1329.8
"F19","Field Margin","6.3034999999999994E-2",205,2020,1329.8
"P7","Pasture","0.50008095299999999",205,2020,1329.8
"P9","Pasture","0.57752671300000002",205,2020,1329.8
"R1","Road Verge","1.3396594399999999",205,2020,1329.8
"W5","Water Retention Site","0.41231896699999998",205,2020,1329.8
"W7","Water Retention Site","3.6475226999999999E-2",205,2020,1329.8
"P11","Pasture","0.28102687399999998",123,2021,248.1
"P12","Pasture","1.3927737149999999",123,2021,248.1
"R12","Road Verge","0.48667909199999998",123,2021,248.1
"R4","Road Verge","0.75099830899999998",123,2021,248.1
"W3","Water Retention Site","0.51319091699999997",123,2021,248.1
"CF9","Field Margin","5.2859058E-2",128,2021,266.6
"CP4","Pasture","1.1861712E-2",128,2021,266.6
"CH1","Hedge","2.2143187000000002E-2",129,2021,282.6
"CH7","Hedge","1.126638147",129,2021,282.6
"CH8","Hedge","0.40579278699999999",129,2021,282.6
"H1","Hedge","8.4320793000000005E-2",129,2021,282.6
"H10","Hedge","0.12228074",129,2021,282.6
"H6","Hedge","3.5663733000000003E-2",129,2021,282.6
"H8","Hedge","6.0307752999999999E-2",129,2021,282.6
"H9","Hedge","0.15620598699999999",129,2021,282.6
"CH2","Hedge","3.7619359999999998E-2",130,2021,295
"CH4","Hedge","0.65684046699999998",130,2021,295
"CH9","Hedge","7.5225899999999998E-2",130,2021,295
"CR4","Road Verge","4.7335945999999997E-2",130,2021,295
"F13","Field Margin","1.0400880560000001",130,2021,295
"F18","Field Margin","0.18430527899999999",130,2021,295
"H13","Hedge","0.16892106700000001",130,2021,295
"H7","Hedge","7.1225933000000005E-2",130,2021,295
"P17","Pasture","1.0034841779999999",130,2021,295
"R8","Road Verge","0.76268520100000003",130,2021,295
"W19","Water Retention Site","0.86513378100000005",130,2021,295
"W7","Water Retention Site","0.22025203700000001",130,2021,295
"CF4","Field Margin","3.1808629999999999E-3",131,2021,303.5
"H11","Hedge","2.9376530000000001E-3",131,2021,303.5
"H2","Hedge","3.4624532999999999E-2",131,2021,303.5
"H3","Hedge","7.6712000000000002E-2",131,2021,303.5
"H4","Hedge","1.1343347E-2",131,2021,303.5
"H5","Hedge","1.9650667E-2",131,2021,303.5
"R17","Road Verge","0.46679264199999998",131,2021,303.5
"CF1","Field Margin","0.34452375400000002",132,2021,311.2
"CF3","Field Margin","0.490374492",132,2021,311.2
"CF6","Field Margin","1.0051086000000001E-2",132,2021,311.2
"CP1","Pasture","0.38729723500000002",132,2021,311.2
"CP2","Pasture","0.37524989600000003",132,2021,311.2
"CP8","Pasture","0.29177783299999999",132,2021,311.2
"CR1","Road Verge","0.326285989",132,2021,311.2
"CR3","Road Verge","0.124911336",132,2021,311.2
"CW1","Water Retention Site","0.10975742600000001",132,2021,311.2
"F19","Field Margin","0.53224505099999997",132,2021,311.2
"P7","Pasture","9.9515917999999995E-2",132,2021,311.2
"R11","Road Verge","2.7738057999999999E-2",132,2021,311.2
"CF5","Field Margin","0.20219923100000001",133,2021,317.8
"CF7","Field Margin","7.3453184000000005E-2",133,2021,317.8
"CP3","Pasture","9.2542452999999997E-2",133,2021,317.8
"CP7","Pasture","0.558961245",133,2021,317.8
"CP9","Pasture","0.52534440000000004",133,2021,317.8
"CR2","Road Verge","0.417039465",133,2021,317.8
"CR6","Road Verge","0.114128889",133,2021,317.8
"CR7","Road Verge","0.94376241000000005",133,2021,317.8
"CW2","Water Retention Site","0.61299845500000005",133,2021,317.8
"CW4","Water Retention Site","3.6558258000000003E-2",133,2021,317.8
"F17","Field Margin","0.16891278500000001",133,2021,317.8
"W21","Water Retention Site","0.53151241299999996",133,2021,317.8
"F1","Field Margin","2.0869934159999999",134,2021,323.7
"F2","Field Margin","1.708796167",134,2021,323.7
"P4","Pasture","0.30403956199999999",134,2021,323.7
"P5","Pasture","2.0893088899999999",134,2021,323.7
"R13","Road Verge","4.1749265000000001E-2",134,2021,323.7
"S4","Species Rich Grassland","1.0886465999999999E-2",134,2021,323.7
"W20","Water Retention Site","0.35228261799999999",134,2021,323.7
"P10","Pasture","0.24290940699999999",138,2021,349.7
"R2","Road Verge","0.68396623099999998",138,2021,349.7
"W6","Water Retention Site","0.24209213600000001",138,2021,349.7
"W8","Water Retention Site","0.33773339099999999",138,2021,349.7
"F20","Field Margin","2.1688283720000001",139,2021,355
"P20","Pasture","0.531194053",139,2021,355
"P6","Pasture","0.74773750299999997",139,2021,355
"P8","Pasture","0.40449558099999999",139,2021,355
"R3","Road Verge","0.25947561800000002",139,2021,355
"R5","Road Verge","0.195216375",139,2021,355
"W1","Water Retention Site","0.82184417600000004",139,2021,355
"CF10","Field Margin","6.3257280000000001E-3",140,2021,362.3
"CH5","Hedge","3.952E-2",140,2021,362.3
"CH6","Hedge","2.6170006999999999E-2",140,2021,362.3
"CP10","Pasture","0.64208303799999999",140,2021,362.3
"CP5","Pasture","1.512061686",140,2021,362.3
"CR8","Road Verge","0.25215923200000001",140,2021,362.3
"CR9","Road Verge","1.730382377",140,2021,362.3
"CW5","Water Retention Site","0.40526266100000002",140,2021,362.3
"CW8","Water Retention Site","0.20405152300000001",140,2021,362.3
"CW9","Water Retention Site","0.196110267",140,2021,362.3
"H12","Hedge","2.0405308529999999",140,2021,362.3
"H14","Hedge","0.69782425299999995",140,2021,362.3
"H15","Hedge","3.6285986999999999E-2",140,2021,362.3
"H16","Hedge","0.11519415299999999",140,2021,362.3
"S9","Species Rich Grassland","1.7858204",140,2021,362.3
"F16","Field Margin","0.19733247100000001",141,2021,370.5
"F7","Field Margin","3.3796332999999998E-2",141,2021,370.5
"P14","Pasture","0.92525901600000005",141,2021,370.5
"P18","Pasture","0.75406040100000005",141,2021,370.5
"R17","Road Verge","0.18708033399999999",141,2021,370.5
"R18","Road Verge","2.0653593290000001",141,2021,370.5
"R6","Road Verge","2.1259788670000002",141,2021,370.5
"S10","Species Rich Grassland","0.315854829",141,2021,370.5
"S2","Species Rich Grassland","0.89493586199999997",141,2021,370.5
"W14","Water Retention Site","0.184666567",141,2021,370.5
"W2","Water Retention Site","0.53865735000000003",141,2021,370.5
"CF8","Field Margin","1.4356482960000001",143,2021,382.7
"CP6","Pasture","1.7786258770000001",143,2021,382.7
"CR10","Road Verge","0.234176352",143,2021,382.7
"CW10","Water Retention Site","0.458536677",143,2021,382.7
"F10","Field Margin","2.5962666999999998E-2",143,2021,382.7
"F14","Field Margin","0.5476586",143,2021,382.7
"F22","Field Margin","0.16849107699999999",143,2021,382.7
"F9","Field Margin","2.3800000000000002E-3",143,2021,382.7
"P16","Pasture","0.94767532300000001",143,2021,382.7
"R10","Road Verge","1.8592418999999999E-2",143,2021,382.7
"R9","Road Verge","0.209045384",143,2021,382.7
"W11","Water Retention Site","6.6889504000000002E-2",143,2021,382.7
"W12","Water Retention Site","0.19258428499999999",143,2021,382.7
"W13","Water Retention Site","0.23202579200000001",143,2021,382.7
"W15","Water Retention Site","0.15597746300000001",143,2021,382.7
"W4","Water Retention Site","0.27311665699999998",143,2021,382.7
"W5","Water Retention Site","0.55309185199999999",146,2021,398.6
"CF12","Field Margin","0.29658615500000002",148,2021,411.6
"CW7","Water Retention Site","0.36182995400000001",148,2021,411.6
"F11","Field Margin","3.1599999999999998E-4",148,2021,411.6
"F15","Field Margin","0.45700417999999998",148,2021,411.6
"F21","Field Margin","3.1423050000000001E-2",148,2021,411.6
"F3","Field Margin","0.36351624100000002",148,2021,411.6
"P1","Pasture","1.6508060449999999",148,2021,411.6
"P19","Pasture","1.908016478",148,2021,411.6
"P24","Pasture","4.4224034569999997",148,2021,411.6
"R1","Road Verge","0.81247332900000002",148,2021,411.6
"R19","Road Verge","2.4216739409999999",148,2021,411.6
"R7","Road Verge","0.122309036",148,2021,411.6
"S1","Species Rich Grassland","1.544713783",148,2021,411.6
"S3","Species Rich Grassland","1.201668041",148,2021,411.6
"S8","Species Rich Grassland","0.27684002099999999",148,2021,411.6
"W22","Water Retention Site","0.42000041599999999",148,2021,411.6
"CF13","Field Margin","1.4211268000000001E-2",149,2021,420.6
"CR5","Road Verge","2.7911905720000001",149,2021,420.6
"CW11","Water Retention Site","0.51111549999999994",149,2021,420.6
"F12","Field Margin","7.3949557999999999E-2",149,2021,420.6
"F4","Field Margin","0",149,2021,420.6
"F5","Field Margin","0",149,2021,420.6
"F6","Field Margin","5.7441448999999999E-2",149,2021,420.6
"F8","Field Margin","8.9143030000000002E-3",149,2021,420.6
"P2","Pasture","0.22617182499999999",149,2021,420.6
"P21","Pasture","1.283619842",149,2021,420.6
"P22","Pasture","0.25876186699999998",149,2021,420.6
"P23","Pasture","1.619095057",149,2021,420.6
"R14","Road Verge","7.3059167999999994E-2",149,2021,420.6
"R15","Road Verge","2.0084193739999998",149,2021,420.6
"R16","Road Verge","5.191443982",149,2021,420.6
"R20","Road Verge","0.59508353300000005",149,2021,420.6
"S5","Species Rich Grassland","2.0875913740000001",149,2021,420.6
"S6","Species Rich Grassland","0.22461272199999999",149,2021,420.6
"S7","Species Rich Grassland","3.1213924300000002",149,2021,420.6
"W10","Water Retention Site","0.113453655",149,2021,420.6
"W16","Water Retention Site","0.65528627900000003",149,2021,420.6
"W17","Water Retention Site","8.3635398E-2",149,2021,420.6
"W18","Water Retention Site","0.94476249800000001",149,2021,420.6
"W9","Water Retention Site","0.111893118",149,2021,420.6
"CF9","Field Margin","2.3750785999999999E-2",152,2021,457.7
"CR4","Road Verge","3.6956187000000001E-2",152,2021,457.7
"F13","Field Margin","7.6019593999999996E-2",152,2021,457.7
"F18","Field Margin","8.0139559999999992E-3",152,2021,457.7
"P11","Pasture","1.3308020629999999",152,2021,457.7
"P12","Pasture","1.701431771",152,2021,457.7
"R12","Road Verge","2.6348152250000001",152,2021,457.7
"R8","Road Verge","2.0565100869999999",152,2021,457.7
"W19","Water Retention Site","1.892899297",152,2021,457.7
"W7","Water Retention Site","0.20807198099999999",152,2021,457.7
"CF1","Field Margin","0.55934666899999996",153,2021,474.1
"CF3","Field Margin","0.47258345299999999",153,2021,474.1
"CP1","Pasture","1.4130003209999999",153,2021,474.1
"CP4","Pasture","0.74689825799999998",153,2021,474.1
"CR1","Road Verge","0.20148255500000001",153,2021,474.1
"CR3","Road Verge","2.1451306999999999E-2",153,2021,474.1
"CW1","Water Retention Site","1.3884838669999999",153,2021,474.1
"F17","Field Margin","0.15070936700000001",153,2021,474.1
"P17","Pasture","2.1724386240000002",153,2021,474.1
"R11","Road Verge","0.218925273",153,2021,474.1
"P9","Pasture","0.38783685000000001",154,2021,489.7
"R4","Road Verge","2.0346241730000001",154,2021,489.7
"W3","Water Retention Site","2.1618657049999999",154,2021,489.7
"CF4","Field Margin","9.4819499999999994E-3",155,2021,504.8
"CF5","Field Margin","0.117867587",155,2021,504.8
"CF6","Field Margin","0.15064529300000001",155,2021,504.8
"CF7","Field Margin","0.176508094",155,2021,504.8
"CR2","Road Verge","0.44826781599999999",155,2021,504.8
"CP3","Pasture","0.97446313500000004",158,2021,537.8
"CP7","Pasture","4.3280855110000003",158,2021,537.8
"CP9","Pasture","1.038475802",158,2021,537.8
"CR6","Road Verge","0.14885551899999999",158,2021,537.8
"CW2","Water Retention Site","0.62596187700000006",158,2021,537.8
"CW4","Water Retention Site","1.6399310000000001E-3",158,2021,537.8
"R13","Road Verge","4.7976406999999999E-2",158,2021,537.8
"W20","Water Retention Site","1.2863506929999999",158,2021,537.8
"W21","Water Retention Site","0.76817321100000002",158,2021,537.8
"CP2","Pasture","1.5109024310000001",159,2021,552
"CP8","Pasture","0.97297725899999998",159,2021,552
"CR7","Road Verge","4.7769226999999997E-2",159,2021,552
"F1","Field Margin","0.16939164500000001",159,2021,552
"F2","Field Margin","0.26127600000000001",159,2021,552
"P4","Pasture","1.2671855240000001",159,2021,552
"P5","Pasture","1.0400584500000001",159,2021,552
"S4","Species Rich Grassland","1.0506524239999999",159,2021,552
"F19","Field Margin","3.7511937000000002E-2",160,2021,567.1
"P10","Pasture","1.7445718699999999",160,2021,567.1
"P7","Pasture","1.6826251720000001",160,2021,567.1
"P8","Pasture","0.92049113000000005",160,2021,567.1
"R2","Road Verge","0.36631838300000003",160,2021,567.1
"R3","Road Verge","7.3931286999999998E-2",160,2021,567.1
"W6","Water Retention Site","0.48929465799999999",160,2021,567.1
"W8","Water Retention Site","0.49286753",160,2021,567.1
"CR10","Road Verge","0.14166492999999999",161,2021,582.9
"F16","Field Margin","0.114151637",161,2021,582.9
"F20","Field Margin","0.25590513999999998",161,2021,582.9
"P20","Pasture","1.249728704",161,2021,582.9
"P6","Pasture","0.211126276",161,2021,582.9
"R18","Road Verge","0.516355236",161,2021,582.9
"R5","Road Verge","0.14769359500000001",161,2021,582.9
"S2","Species Rich Grassland","0.51191695500000001",161,2021,582.9
"W1","Water Retention Site","1.243958197",161,2021,582.9
"W2","Water Retention Site","0.85674189300000003",161,2021,582.9
"CP10","Pasture","0.47042614399999999",162,2021,598.8
"CP6","Pasture","3.1321156210000001",162,2021,598.8
"CW9","Water Retention Site","0.21730640700000001",162,2021,598.8
"F7","Field Margin","8.9102018000000005E-2",162,2021,598.8
"P18","Pasture","4.2515262050000002",162,2021,598.8
"R6","Road Verge","0.31587356",162,2021,598.8
"S10","Species Rich Grassland","9.9251170579999997",162,2021,598.8
"S9","Species Rich Grassland","8.5390328380000007",162,2021,598.8
"CR9","Road Verge","0.35377435899999998",165,2021,639.7
"CW5","Water Retention Site","2.0118995200000001",165,2021,639.7
"CF10","Field Margin","8.01409E-4",166,2021,655.2
"CP5","Pasture","0.42707115400000001",166,2021,655.2
"CR8","Road Verge","0.28974169700000002",166,2021,655.2
"CW8","Water Retention Site","0.25620165499999997",166,2021,655.2
"F10","Field Margin","0.149538637",166,2021,655.2
"F22","Field Margin","2.0312876379999998",166,2021,655.2
"F9","Field Margin","1.2624655E-2",166,2021,655.2
"P16","Pasture","0.93398901899999998",166,2021,655.2
"R10","Road Verge","1.9045819999999999E-3",166,2021,655.2
"W14","Water Retention Site","0.21100611399999999",166,2021,655.2
"W15","Water Retention Site","0.88736253200000004",166,2021,655.2
"W4","Water Retention Site","0.52521019599999996",166,2021,655.2
"CW10","Water Retention Site","0.73065187300000001",167,2021,674.5
"F14","Field Margin","0.284571189",167,2021,674.5
"P1","Pasture","2.2520386640000001",167,2021,674.5
"P14","Pasture","2.0267683860000001",167,2021,674.5
"P19","Pasture","0.47774634700000002",167,2021,674.5
"R9","Road Verge","0.26235572200000001",167,2021,674.5
"S3","Species Rich Grassland","1.396896723",167,2021,674.5
"W11","Water Retention Site","8.7049393000000003E-2",167,2021,674.5
"W12","Water Retention Site","0.12100174299999999",167,2021,674.5
"W13","Water Retention Site","0.33574557700000002",167,2021,674.5
"CH1","Hedge","2.0019301999999999E-2",168,2021,695.8
"CH4","Hedge","0.23854666699999999",168,2021,695.8
"CH8","Hedge","2.71998E-2",168,2021,695.8
"H12","Hedge","1.1201846999999999E-2",168,2021,695.8
"H14","Hedge","9.0549670000000006E-3",168,2021,695.8
"H2","Hedge","4.147116E-2",168,2021,695.8
"H3","Hedge","1.2325113E-2",168,2021,695.8
"CF12","Field Margin","0.45541541899999999",169,2021,716.9
"CF8","Field Margin","1.723606091",169,2021,716.9
"F11","Field Margin","1.9119332999999999E-2",169,2021,716.9
"F15","Field Margin","0.298863196",169,2021,716.9
"F21","Field Margin","0.14654615300000001",169,2021,716.9
"P24","Pasture","1.42300228",169,2021,716.9
"R7","Road Verge","8.0595889000000004E-2",169,2021,716.9
"S8","Species Rich Grassland","0.69120020100000001",169,2021,716.9
"F3","Field Margin","0.111687985",175,2021,791.1
"F4","Field Margin","8.3935178999999999E-2",175,2021,791.1
"F8","Field Margin","0.16280781",175,2021,791.1
"P2","Pasture","5.5427575E-2",175,2021,791.1
"P21","Pasture","1.6310760259999999",175,2021,791.1
"R15","Road Verge","2.7083110349999999",175,2021,791.1
"S5","Species Rich Grassland","1.862645146",175,2021,791.1
"W16","Water Retention Site","0.323020215",175,2021,791.1
"CH2","Hedge","NA",176,2021,803.4
"CH7","Hedge","0.19395562599999999",176,2021,803.4
"CR5","Road Verge","0.169125726",176,2021,803.4
"CW7","Water Retention Site","1.4003143549999999",176,2021,803.4
"F5","Field Margin","0.40105527499999999",176,2021,803.4
"F6","Field Margin","0.133555385",176,2021,803.4
"H10","Hedge","1.2887246999999999E-2",176,2021,803.4
"H13","Hedge","2.0027130000000001E-3",176,2021,803.4
"H15","Hedge","1.1030284E-2",176,2021,803.4
"H6","Hedge","0.14236775300000001",176,2021,803.4
"H8","Hedge","4.7858329999999998E-3",176,2021,803.4
"H9","Hedge","3.0422679999999999E-3",176,2021,803.4
"P22","Pasture","0.23746050699999999",176,2021,803.4
"P9","Pasture","0.48802764100000001",176,2021,803.4
"R1","Road Verge","1.0721698120000001",176,2021,803.4
"R14","Road Verge","0.17221761699999999",176,2021,803.4
"R16","Road Verge","5.5550692999999998E-2",176,2021,803.4
"R19","Road Verge","1.2462128050000001",176,2021,803.4
"R20","Road Verge","0.47555399100000001",176,2021,803.4
"S1","Species Rich Grassland","1.5832066730000001",176,2021,803.4
"W10","Water Retention Site","0.32670748599999999",176,2021,803.4
"W22","Water Retention Site","0.82846201399999997",176,2021,803.4
"W5","Water Retention Site","0.54342725199999997",176,2021,803.4
"W9","Water Retention Site","2.427172578",176,2021,803.4
"CF13","Field Margin","0.77837220299999998",177,2021,818.9
"CH5","Hedge","0",177,2021,818.9
"CH6","Hedge","8.4849767000000006E-2",177,2021,818.9
"CH9","Hedge","8.0999999999999996E-3",177,2021,818.9
"CW11","Water Retention Site","0.72702023500000001",177,2021,818.9
"F12","Field Margin","1.5598778579999999",177,2021,818.9
"H11","Hedge","1.4716E-2",177,2021,818.9
"H16","Hedge","1.8268199999999998E-2",177,2021,818.9
"H4","Hedge","1.5647332999999999E-2",177,2021,818.9
"H5","Hedge","0.122149033",177,2021,818.9
"P23","Pasture","1.1394859239999999",177,2021,818.9
"S6","Species Rich Grassland","1.17649428",177,2021,818.9
"S7","Species Rich Grassland","5.1723621289999997",177,2021,818.9
"W17","Water Retention Site","0.62452450599999998",177,2021,818.9
"W18","Water Retention Site","5.0268524530000001",177,2021,818.9
"H1","Hedge","2.0775185000000002E-2",178,2021,833.5
"H7","Hedge","0.100499013",178,2021,833.5
"CR4","Road Verge","1.2759279240000001",183,2021,892.7
"F13","Field Margin","4.7939621000000002E-2",183,2021,892.7
"F18","Field Margin","1.8705172999999999E-2",183,2021,892.7
"P11","Pasture","1.8392290019999999",183,2021,892.7
"P12","Pasture","2.645065217",183,2021,892.7
"R12","Road Verge","0.55754769599999998",183,2021,892.7
"R4","Road Verge","0.53530076900000001",183,2021,892.7
"R8","Road Verge","0.13792949600000001",183,2021,892.7
"W19","Water Retention Site","0.23414797000000001",183,2021,892.7
"W3","Water Retention Site","2.2352703049999998",183,2021,892.7
"W7","Water Retention Site","8.5885198999999995E-2",183,2021,892.7
"CP4","Pasture","0.84980267600000003",186,2021,931.6
"CF4","Field Margin","1.8935218E-2",187,2021,945.1
"CF5","Field Margin","0.145330667",187,2021,945.1
"CF6","Field Margin","0.18221789099999999",187,2021,945.1
"CF7","Field Margin","5.5747638439999996",187,2021,945.1
"CF9","Field Margin","0.452638398",187,2021,945.1
"CP7","Pasture","1.277583334",187,2021,945.1
"CR1","Road Verge","0.14858054400000001",187,2021,945.1
"CR2","Road Verge","0",187,2021,945.1
"CW1","Water Retention Site","1.774845824",187,2021,945.1
"CW2","Water Retention Site","0.791827901",187,2021,945.1
"CF1","Field Margin","0.72863491999999996",188,2021,958.5
"CF3","Field Margin","1.2124798450000001",188,2021,958.5
"CP1","Pasture","0.54906263600000005",188,2021,958.5
"CP3","Pasture","1.4120494159999999",188,2021,958.5
"CP9","Pasture","0.33585651100000002",188,2021,958.5
"CR3","Road Verge","0.13217105800000001",188,2021,958.5
"CR6","Road Verge","2.4290743E-2",188,2021,958.5
"CW4","Water Retention Site","3.4923036999999997E-2",188,2021,958.5
"P17","Pasture","0.543291309",188,2021,958.5
"R11","Road Verge","0.62657582099999998",188,2021,958.5
"W21","Water Retention Site","1.060673293",188,2021,958.5
"CR7","Road Verge","2.3151000000000001E-3",189,2021,971.2
"F1","Field Margin","0.35899867899999999",189,2021,971.2
"F17","Field Margin","0.347372075",189,2021,971.2
"F2","Field Margin","2.4840685000000001E-2",189,2021,971.2
"P4","Pasture","0.36356122899999999",189,2021,971.2
"P5","Pasture","7.5258870000000005E-2",189,2021,971.2
"R13","Road Verge","0.46869453100000003",189,2021,971.2
"S4","Species Rich Grassland","1.888460048",189,2021,971.2
"W20","Water Retention Site","0.472390533",189,2021,971.2
"CH2","Hedge","5.6548800000000001E-3",193,2021,1024.4
"CH5","Hedge","NA",193,2021,1024.4
"CP2","Pasture","9.5319901999999998E-2",193,2021,1024.4
"CP8","Pasture","0.14255191",193,2021,1024.4
"H1","Hedge","1.0501893E-2",193,2021,1024.4
"H10","Hedge","1.2004233E-2",193,2021,1024.4
"H13","Hedge","1.8848000000000001E-3",193,2021,1024.4
"H15","Hedge","1.7503919999999999E-2",193,2021,1024.4
"H8","Hedge","7.4671599999999996E-3",193,2021,1024.4
"P10","Pasture","10.153414570000001",193,2021,1024.4
"P20","Pasture","3.2358944000000001E-2",193,2021,1024.4
"P8","Pasture","0.66848139900000003",193,2021,1024.4
"R3","Road Verge","0",193,2021,1024.4
"W8","Water Retention Site","3.0922894999999999E-2",193,2021,1024.4
"F16","Field Margin","0.11310938399999999",198,2021,1088.1
"F19","Field Margin","0.11096937799999999",198,2021,1088.1
"F20","Field Margin","0.189910159",198,2021,1088.1
"P6","Pasture","0.82615448899999999",198,2021,1088.1
"P7","Pasture","2.3435437810000002",198,2021,1088.1
"R18","Road Verge","0.53670343300000001",198,2021,1088.1
"R2","Road Verge","3.1246328339999998",198,2021,1088.1
"R5","Road Verge","0.38893766000000002",198,2021,1088.1
"S2","Species Rich Grassland","0.160195273",198,2021,1088.1
"W1","Water Retention Site","0.86492081899999995",198,2021,1088.1
"W2","Water Retention Site","3.9758274000000003E-2",198,2021,1088.1
"W6","Water Retention Site","0.40600420500000001",198,2021,1088.1
"CF10","Field Margin","2.3264330000000001E-3",199,2021,1103.7
"CP10","Pasture","0.103548758",199,2021,1103.7
"CP6","Pasture","4.1866659000000001E-2",199,2021,1103.7
"CR10","Road Verge","4.1260498999999999E-2",199,2021,1103.7
"CR8","Road Verge","0.37402372499999997",199,2021,1103.7
"CR9","Road Verge","0.321741002",199,2021,1103.7
"CW5","Water Retention Site","0.59374401600000004",199,2021,1103.7
"F7","Field Margin","0.21055768",199,2021,1103.7
"P18","Pasture","0.92813221300000004",199,2021,1103.7
"R17","Road Verge","0.10470518500000001",199,2021,1103.7
"R6","Road Verge","0.20559190999999999",199,2021,1103.7
"S10","Species Rich Grassland","0.94751415999999999",199,2021,1103.7
"S9","Species Rich Grassland","6.4328296250000001",199,2021,1103.7
"CP5","Pasture","3.4354849999999998E-3",200,2021,1117.1
"CW8","Water Retention Site","3.6945388000000003E-2",200,2021,1117.1
"CW9","Water Retention Site","7.4635683999999994E-2",200,2021,1117.1
"F10","Field Margin","1.646302495",200,2021,1117.1
"F22","Field Margin","2.0106028560000002",200,2021,1117.1
"F9","Field Margin","1.2215301169999999",200,2021,1117.1
"P16","Pasture","0.45966548200000001",200,2021,1117.1
"W11","Water Retention Site","8.1613199999999997E-2",200,2021,1117.1
"W12","Water Retention Site","0.66078555000000005",200,2021,1117.1
"W13","Water Retention Site","0.199433628",200,2021,1117.1
"W14","Water Retention Site","0.11389231599999999",200,2021,1117.1
"W15","Water Retention Site","0.33337442",200,2021,1117.1
"W4","Water Retention Site","5.2152895999999997E-2",200,2021,1117.1
"CF8","Field Margin","0.66881725599999997",201,2021,1129.7
"CW10","Water Retention Site","5.4792387999999997E-2",201,2021,1129.7
"F11","Field Margin","1.4286853E-2",201,2021,1129.7
"F14","Field Margin","0.18687426400000001",201,2021,1129.7
"F15","Field Margin","0.137069951",201,2021,1129.7
"P1","Pasture","0.83428875999999996",201,2021,1129.7
"P19","Pasture","0.238272762",201,2021,1129.7
"P24","Pasture","0.16733516000000001",201,2021,1129.7
"R10","Road Verge","0.20293108700000001",201,2021,1129.7
"R7","Road Verge","0.39951253799999997",201,2021,1129.7
"R9","Road Verge","0.71461454000000002",201,2021,1129.7
"S3","Species Rich Grassland","2.1883773500000001",201,2021,1129.7
"S8","Species Rich Grassland","0.95203779099999997",201,2021,1129.7
"CW7","Water Retention Site","0.101678886",202,2021,1143.6
"F3","Field Margin","7.3971558000000007E-2",202,2021,1143.6
"F4","Field Margin","3.2509717710000001",202,2021,1143.6
"F6","Field Margin","0.109201722",202,2021,1143.6
"F8","Field Margin","0.27175397099999998",202,2021,1143.6
"P14","Pasture","0.52837328800000005",202,2021,1143.6
"P2","Pasture","2.5599999999999999E-4",202,2021,1143.6
"P21","Pasture","0.35771286000000002",202,2021,1143.6
"P22","Pasture","4.1487866999999998E-2",202,2021,1143.6
"R14","Road Verge","0.18616712299999999",202,2021,1143.6
"R20","Road Verge","0.74485797899999995",202,2021,1143.6
"W16","Water Retention Site","0.33896416600000001",202,2021,1143.6
"W22","Water Retention Site","2.2527875169999998",202,2021,1143.6
"CF12","Field Margin","7.1125949999999993E-2",203,2021,1157.8
"CF13","Field Margin","0.241198788",203,2021,1157.8
"CR5","Road Verge","0.17381466400000001",203,2021,1157.8
"CW11","Water Retention Site","3.4607811430000002",203,2021,1157.8
"F12","Field Margin","5.0164739689999998",203,2021,1157.8
"F21","Field Margin","5.3016172E-2",203,2021,1157.8
"F5","Field Margin","5.456784056",203,2021,1157.8
"P9","Pasture","0.62489049100000005",203,2021,1157.8
"R1","Road Verge","2.4133378E-2",203,2021,1157.8
"R16","Road Verge","0.32048336700000002",203,2021,1157.8
"W10","Water Retention Site","0.28399530000000001",203,2021,1157.8
"W5","Water Retention Site","0.55605409800000005",203,2021,1157.8
"W9","Water Retention Site","0.12514251300000001",203,2021,1157.8
"CH4","Hedge","0",204,2021,1171.5
"CH6","Hedge","0.10653093299999999",204,2021,1171.5
"H11","Hedge","1.062E-3",204,2021,1171.5
"H12","Hedge","8.3776E-4",204,2021,1171.5
"H14","Hedge","1.4784E-2",204,2021,1171.5
"H16","Hedge","3.48504E-3",204,2021,1171.5
"H2","Hedge","1.000814E-2",204,2021,1171.5
"H3","Hedge","0",204,2021,1171.5
"H4","Hedge","8.7787330000000004E-3",204,2021,1171.5
"H5","Hedge","2.2046646999999999E-2",204,2021,1171.5
"P23","Pasture","0.63968307999999996",204,2021,1171.5
"R15","Road Verge","1.058456439",204,2021,1171.5
"R19","Road Verge","2.3319462560000002",204,2021,1171.5
"S1","Species Rich Grassland","2.718349468",204,2021,1171.5
"S5","Species Rich Grassland","1.4277077000000001E-2",204,2021,1171.5
"S6","Species Rich Grassland","1.816056479",204,2021,1171.5
"S7","Species Rich Grassland","8.305338806",204,2021,1171.5
"W17","Water Retention Site","0.41574436599999998",204,2021,1171.5
"W18","Water Retention Site","2.515325765",204,2021,1171.5
"CH1","Hedge","9.5073329999999998E-3",205,2021,1184.6
"CH7","Hedge","4.7654324999999997E-2",205,2021,1184.6
"CH8","Hedge","3.2733300000000002E-4",205,2021,1184.6
"CH9","Hedge","0.14001",205,2021,1184.6
"H6","Hedge","4.5909026999999998E-2",205,2021,1184.6
"H7","Hedge","0.49285111999999998",205,2021,1184.6
"H9","Hedge","0",205,2021,1184.6
"CP4","Pasture","2.4428227E-2",115,2022,293.7
"CW9","Water Retention Site","0.88882036099999995",115,2022,293.7
"CF9","Field Margin","4.0394799999999998E-3",116,2022,298.2
"CW8","Water Retention Site","1.919014475",116,2022,298.2
"CF8","Field Margin","2.1347189999999999E-2",117,2022,303.3
"CH1","Hedge","9.0096107999999994E-2",117,2022,303.3
"CH7","Hedge","0.99523799400000001",117,2022,303.3
"CH8","Hedge","2.0432947999999999E-2",117,2022,303.3
"CP5","Pasture","0.56234350499999997",117,2022,303.3
"CP6","Pasture","0.37188053399999998",117,2022,303.3
"CW10","Water Retention Site","0.356254876",117,2022,303.3
"CF10","Field Margin","4.6521160000000004E-3",118,2022,309.3
"CH2","Hedge","0.102922104",118,2022,309.3
"CH4","Hedge","4.9908696000000002E-2",118,2022,309.3
"CH9","Hedge","6.0513999999999998E-2",118,2022,309.3
"CP10","Pasture","0.15406467600000001",118,2022,309.3
"CR8","Road Verge","0.24384271599999999",118,2022,309.3
"CR9","Road Verge","0.47513303400000001",118,2022,309.3
"CW5","Water Retention Site","0.46690458499999998",118,2022,309.3
"H11","Hedge","1.2956344999999999E-2",118,2022,309.3
"H12","Hedge","0.116156201",118,2022,309.3
"H14","Hedge","8.9599999999999992E-3",118,2022,309.3
"H16","Hedge","3.3025469999999999E-3",118,2022,309.3
"H2","Hedge","2.0259780000000002E-2",118,2022,309.3
"H3","Hedge","4.7982265000000003E-2",118,2022,309.3
"H4","Hedge","2.642284E-2",118,2022,309.3
"H5","Hedge","3.4666699999999999E-4",118,2022,309.3
"S10","Species Rich Grassland","0.40799539000000001",118,2022,309.3
"F7","Field Margin","7.1225121000000002E-2",119,2022,314.6
"H10","Hedge","2.2438357999999999E-2",119,2022,314.6
"H8","Hedge","9.5762666999999996E-2",119,2022,314.6
"P18","Pasture","0.27282814500000002",119,2022,314.6
"R17","Road Verge","5.0227596999999999E-2",119,2022,314.6
"R6","Road Verge","8.3127342000000007E-2",119,2022,314.6
"S9","Species Rich Grassland","9.2483620000000002E-2",119,2022,314.6
"F6","Field Margin","1.1036785E-2",122,2022,332.4
"P17","Pasture","0.75424635299999998",122,2022,332.4
"R20","Road Verge","0.92511601200000004",122,2022,332.4
"W15","Water Retention Site","0.294869469",122,2022,332.4
"W16","Water Retention Site","2.4786822E-2",122,2022,332.4
"CF12","Field Margin","0.20704746700000001",123,2022,339.9
"F11","Field Margin","5.3000000000000001E-6",123,2022,339.9
"P24","Pasture","1.2604345619999999",123,2022,339.9
"R7","Road Verge","4.2221663E-2",123,2022,339.9
"S8","Species Rich Grassland","7.2078719999999999E-2",123,2022,339.9
"F14","Field Margin","7.2391357000000003E-2",124,2022,347
"P16","Pasture","0.276539325",124,2022,347
"R10","Road Verge","7.3390699999999996E-3",124,2022,347
"R15","Road Verge","0.57111210400000001",124,2022,347
"R9","Road Verge","3.2499427999999997E-2",124,2022,347
"S5","Species Rich Grassland","0.31014703100000002",124,2022,347
"S7","Species Rich Grassland","0.35244950800000002",124,2022,347
"W12","Water Retention Site","2.6489454999999999E-2",124,2022,347
"W4","Water Retention Site","9.9667509999999994E-3",124,2022,347
"R16","Road Verge","0.41923316799999999",125,2022,354.9
"S6","Species Rich Grassland","5.2157255999999999E-2",125,2022,354.9
"W17","Water Retention Site","0.21888648599999999",125,2022,354.9
"W18","Water Retention Site","9.3101035999999998E-2",125,2022,354.9
"F20","Field Margin","0.22615896499999999",126,2022,363.7
"P5","Pasture","0.23099499200000001",126,2022,363.7
"P6","Pasture","1.1322568479999999",126,2022,363.7
"R5","Road Verge","9.0128406999999994E-2",126,2022,363.7
"S2","Species Rich Grassland","0.56992284699999995",126,2022,363.7
"W1","Water Retention Site","0.53533409700000001",126,2022,363.7
"W2","Water Retention Site","0.57126432100000002",126,2022,363.7
"F16","Field Margin","3.9639999999999996E-3",128,2022,382
"H1","Hedge","0.28041830099999998",128,2022,382
"H15","Hedge","9.0694266999999995E-2",128,2022,382
"H7","Hedge","7.3319825000000005E-2",128,2022,382
"R4","Road Verge","0.37203558599999997",128,2022,382
"S3","Species Rich Grassland","0.122037535",128,2022,382
"W3","Water Retention Site","0.52583427199999999",128,2022,382
"CH5","Hedge","1.0261332999999999E-2",129,2022,393.8
"CH6","Hedge","4.2027839999999997E-2",129,2022,393.8
"CW7","Water Retention Site","0.361939226",129,2022,393.8
"F4","Field Margin","2.4897900669999999",129,2022,393.8
"H13","Hedge","5.8775332999999999E-2",129,2022,393.8
"H6","Hedge","2.8019859999999998E-3",129,2022,393.8
"H9","Hedge","6.4298041E-2",129,2022,393.8
"P21","Pasture","1.0073103489999999",129,2022,393.8
"R14","Road Verge","2.7822922999999999E-2",129,2022,393.8
"S4","Species Rich Grassland","2.6255046000000001E-2",129,2022,393.8
"F3","Field Margin","4.0330447999999998E-2",130,2022,408.4
"F5","Field Margin","7.3533774999999996E-2",130,2022,408.4
"P2","Pasture","8.4003731999999998E-2",130,2022,408.4
"P22","Pasture","0.24796364900000001",130,2022,408.4
"P23","Pasture","0.32031979700000002",130,2022,408.4
"R13","Road Verge","5.7972744E-2",130,2022,408.4
"W22","Water Retention Site","1.093302899",130,2022,408.4
"F22","Field Margin","6.2181581999999999E-2",131,2022,422.5
"P14","Pasture","1.692029247",131,2022,422.5
"W11","Water Retention Site","4.2714100999999997E-2",131,2022,422.5
"W14","Water Retention Site","7.4320896999999997E-2",131,2022,422.5
"F10","Field Margin","9.8599999999999998E-5",132,2022,432.7
"P8","Pasture","0.72211524999999999",132,2022,432.7
"R18","Road Verge","0.72105972100000004",132,2022,432.7
"R3","Road Verge","1.9267303E-2",132,2022,432.7
"CR7","Road Verge","2.9452430000000002E-3",133,2022,442.1
"F18","Field Margin","5.2602320000000001E-2",133,2022,442.1
"F19","Field Margin","1.341348E-2",133,2022,442.1
"P9","Pasture","1.9440195730000001",133,2022,442.1
"R1","Road Verge","7.1795242999999995E-2",133,2022,442.1
"W5","Water Retention Site","0.639330332",133,2022,442.1
"CF1","Field Margin","1.5933342E-2",136,2022,482.1
"CF3","Field Margin","3.5396587E-2",136,2022,482.1
"CP1","Pasture","1.3422012160000001",136,2022,482.1
"CP3","Pasture","5.6470832999999998E-2",136,2022,482.1
"CP7","Pasture","2.3706011729999998",136,2022,482.1
"CR1","Road Verge","5.2611070000000001E-3",136,2022,482.1
"CR2","Road Verge","0.14160900800000001",136,2022,482.1
"CW1","Water Retention Site","1.1242836519999999",136,2022,482.1
"CF4","Field Margin","7.2933049999999999E-2",137,2022,497.2
"CF6","Field Margin","0.67196773799999998",137,2022,497.2
"CP9","Pasture","1.3091846000000001E-2",137,2022,497.2
"CR6","Road Verge","4.2133153E-2",137,2022,497.2
"CW2","Water Retention Site","0.42571440399999999",137,2022,497.2
"R11","Road Verge","0.22087436199999999",137,2022,497.2
"CF5","Field Margin","8.0970306000000006E-2",138,2022,514.7
"CF7","Field Margin","0",138,2022,514.7
"F1","Field Margin","0.184501688",138,2022,514.7
"CP2","Pasture","0.75210420499999997",139,2022,530.2
"CP8","Pasture","0.39679446299999999",139,2022,530.2
"CR3","Road Verge","0.163873097",139,2022,530.2
"CR4","Road Verge","0.185508007",139,2022,530.2
"CR5","Road Verge","8.2620462000000006E-2",139,2022,530.2
"CW4","Water Retention Site","6.7802014999999993E-2",139,2022,530.2
"F2","Field Margin","0.146820801",139,2022,530.2
"P7","Pasture","0.27783044000000001",139,2022,530.2
"W21","Water Retention Site","0.106954995",139,2022,530.2
"W7","Water Retention Site","0.34390490800000001",139,2022,530.2
"CF13","Field Margin","0.14116799999999999",142,2022,563.8
"CW11","Water Retention Site","0.47683378300000001",142,2022,563.8
"F13","Field Margin","1.1640667E-2",142,2022,563.8
"F9","Field Margin","0.16588091299999999",142,2022,563.8
"P10","Pasture","1.2691085479999999",142,2022,563.8
"P11","Pasture","0.38179036300000002",142,2022,563.8
"R8","Road Verge","7.0002654999999997E-2",142,2022,563.8
"W19","Water Retention Site","0.89530168799999998",142,2022,563.8
"F12","Field Margin","0.41795959500000002",143,2022,576.8
"F17","Field Margin","0.70218600799999997",143,2022,576.8
"F21","Field Margin","0",143,2022,576.8
"P20","Pasture","9.7371920000000001E-2",143,2022,576.8
"P25","Pasture","3.0780104779999999",143,2022,576.8
"W10","Water Retention Site","9.0671533999999998E-2",143,2022,576.8
"W8","Water Retention Site","0.53231071200000002",143,2022,576.8
"W9","Water Retention Site","0.20788488199999999",143,2022,576.8
"R19","Road Verge","0.22043581800000001",144,2022,584.6
"R2","Road Verge","9.7721753999999994E-2",144,2022,584.6
"S1","Species Rich Grassland","4.7561239740000003",144,2022,584.6
"W6","Water Retention Site","0.15285500499999999",144,2022,584.6
"CR10","Road Verge","1.0899176999999999E-2",145,2022,594
"F15","Field Margin","0.29780115800000001",145,2022,594
"F8","Field Margin","2.0944E-4",145,2022,594
"P1","Pasture","9.7811414999999999E-2",145,2022,594
"W13","Water Retention Site","0.26747223199999998",145,2022,594
"CH5","Hedge","8.2600000000000002E-4",146,2022,605.3
"CH6","Hedge","4.2871344999999998E-2",146,2022,605.3
"H1","Hedge","0.175556195",146,2022,605.3
"H13","Hedge","1.6089704999999999E-2",146,2022,605.3
"H15","Hedge","3.4573970000000001E-3",146,2022,605.3
"H8","Hedge","0.32243871800000001",146,2022,605.3
"P12","Pasture","0.58306482999999998",146,2022,605.3
"P19","Pasture","0.67053623399999995",146,2022,605.3
"P4","Pasture","0.98485750800000005",146,2022,605.3
"R12","Road Verge","0.67041840699999999",146,2022,605.3
"W20","Water Retention Site","0.13453414",146,2022,605.3
"CH2","Hedge","1.0056000000000001E-2",147,2022,614.5
"CF10","Field Margin","9.4123000000000004E-4",151,2022,640.9
"CP4","Pasture","1.172579799",151,2022,640.9
"CP5","Pasture","0.23451876599999999",151,2022,640.9
"CR10","Road Verge","9.4048129999999997E-3",151,2022,640.9
"CR9","Road Verge","3.3186351000000003E-2",151,2022,640.9
"CW8","Water Retention Site","0.28723241399999999",151,2022,640.9
"CW9","Water Retention Site","0",151,2022,640.9
"F10","Field Margin","4.735263E-3",151,2022,640.9
"CF9","Field Margin","5.1075652999999999E-2",152,2022,648.5
"CP6","Pasture","1.2624470560000001",152,2022,648.5
"F6","Field Margin","9.9578830000000007E-3",152,2022,648.5
"P18","Pasture","0.76705295200000001",152,2022,648.5
"R20","Road Verge","0.115549412",152,2022,648.5
"W15","Water Retention Site","4.5371999999999999E-3",152,2022,648.5
"W16","Water Retention Site","9.5554615999999995E-2",152,2022,648.5
"CP10","Pasture","0.17494444000000001",153,2022,658.2
"CR8","Road Verge","7.3066709999999998E-3",153,2022,658.2
"CW10","Water Retention Site","0.25124405900000002",153,2022,658.2
"CW5","Water Retention Site","0.241448365",153,2022,658.2
"R6","Road Verge","2.0402611000000001E-2",153,2022,658.2
"S9","Species Rich Grassland","1.291263847",153,2022,658.2
"F7","Field Margin","0.800005929",154,2022,672.5
"F9","Field Margin","1.7928E-3",154,2022,672.5
"P2","Pasture","3.5276306E-2",154,2022,672.5
"P21","Pasture","0.29235456100000001",154,2022,672.5
"R14","Road Verge","3.7432893000000002E-2",154,2022,672.5
"R16","Road Verge","8.0392406E-2",154,2022,672.5
"W12","Water Retention Site","1.14011E-4",154,2022,672.5
"W14","Water Retention Site","7.3829429000000002E-2",154,2022,672.5
"P23","Pasture","0.40820375599999997",155,2022,687.3
"R13","Road Verge","0.39847503099999998",155,2022,687.3
"S7","Species Rich Grassland","1.3091775269999999",155,2022,687.3
"W17","Water Retention Site","3.6507589999999999E-3",155,2022,687.3
"W18","Water Retention Site","0.24035431500000001",155,2022,687.3
"CH1","Hedge","0.32908520800000002",157,2022,711.4
"CH7","Hedge","0.14123202700000001",157,2022,711.4
"CH8","Hedge","4.7990102999999999E-2",157,2022,711.4
"H10","Hedge","3.2821636000000001E-2",157,2022,711.4
"H4","Hedge","2.2744503999999999E-2",157,2022,711.4
"H5","Hedge","5.9126400000000003E-2",157,2022,711.4
"H6","Hedge","0.384918545",157,2022,711.4
"H7","Hedge","6.62248E-3",157,2022,711.4
"H9","Hedge","3.6499954000000001E-2",157,2022,711.4
"CF8","Field Margin","0.41263711199999997",158,2022,721.8
"CW7","Water Retention Site","0.32040403699999997",158,2022,721.8
"W22","Water Retention Site","0.417799539",158,2022,721.8
"F3","Field Margin","7.0799999999999997E-4",159,2022,731.6
"P22","Pasture","5.1067947000000002E-2",159,2022,731.6
"W20","Water Retention Site","5.0032855000000001E-2",159,2022,731.6
"F4","Field Margin","18.98485586",160,2022,741.7
"F5","Field Margin","1.6804156109999999",160,2022,741.7
"P14","Pasture","1.4254086340000001",160,2022,741.7
"R15","Road Verge","1.9109543330000001",160,2022,741.7
"R17","Road Verge","5.3074822000000001E-2",160,2022,741.7
"S5","Species Rich Grassland","0.711880913",160,2022,741.7
"W4","Water Retention Site","2.2302091999999999E-2",161,2022,755.4
"CH4","Hedge","8.7667400000000006E-2",162,2022,769.6
"CH9","Hedge","0.13093306699999999",162,2022,769.6
"H11","Hedge","1.676E-3",162,2022,769.6
"H12","Hedge","3.2210338999999998E-2",162,2022,769.6
"H14","Hedge","6.5484662999999999E-2",162,2022,769.6
"H16","Hedge","9.3050319999999995E-3",162,2022,769.6
"H2","Hedge","2.3468019999999999E-2",162,2022,769.6
"H3","Hedge","0.22788972199999999",162,2022,769.6
"F20","Field Margin","6.8528480000000003E-2",164,2022,791.8
"P25","Pasture","0.94635487100000004",164,2022,791.8
"P5","Pasture","0.31748907500000001",164,2022,791.8
"P6","Pasture","5.9705596E-2",164,2022,791.8
"R5","Road Verge","8.7928079999999992E-3",164,2022,791.8
"W1","Water Retention Site","0.22233982799999999",164,2022,791.8
"W2","Water Retention Site","6.6366866999999996E-2",164,2022,791.8
"F11","Field Margin","1.4160000000000001E-2",165,2022,802.5
"F8","Field Margin","1.2810033E-2",165,2022,802.5
"P16","Pasture","0.436816017",165,2022,802.5
"R10","Road Verge","4.3872622E-2",165,2022,802.5
"R7","Road Verge","7.5974101000000002E-2",165,2022,802.5
"R9","Road Verge","1.7460918999999998E-2",165,2022,802.5
"S10","Species Rich Grassland","1.0332044389999999",165,2022,802.5
"W11","Water Retention Site","0.108934903",165,2022,802.5
"CF12","Field Margin","4.0152406000000002E-2",166,2022,817.1
"F18","Field Margin","3.7439999999999999E-3",166,2022,817.1
"F21","Field Margin","6.9493330000000002E-3",166,2022,817.1
"P17","Pasture","0.119467693",166,2022,817.1
"P24","Pasture","0.158028792",166,2022,817.1
"R8","Road Verge","2.8200065999999999E-2",166,2022,817.1
"S8","Species Rich Grassland","0.11434841",166,2022,817.1
"W10","Water Retention Site","4.503882E-2",166,2022,817.1
"W9","Water Retention Site","9.8409101999999998E-2",166,2022,817.1
"F1","Field Margin","5.0683200000000003E-3",167,2022,831.4
"F16","Field Margin","3.4087007000000002E-2",167,2022,831.4
"P20","Pasture","4.2163469999999996E-3",167,2022,831.4
"P4","Pasture","0.115800956",167,2022,831.4
"R11","Road Verge","0.43624290500000001",167,2022,831.4
"R18","Road Verge","3.7239343000000001E-2",167,2022,831.4
"S4","Species Rich Grassland","0.74471886799999998",167,2022,831.4
"F14","Field Margin","7.5171614999999997E-2",168,2022,849.5
"F17","Field Margin","0.111379756",168,2022,849.5
"F22","Field Margin","9.2917020000000003E-2",168,2022,849.5
"P9","Pasture","0.110803175",168,2022,849.5
"R1","Road Verge","5.0970581000000001E-2",168,2022,849.5
"S6","Species Rich Grassland","0.471469688",168,2022,849.5
"W13","Water Retention Site","0.13452804400000001",168,2022,849.5
"W5","Water Retention Site","0.266731726",168,2022,849.5
"P1","Pasture","0.18706061299999999",169,2022,871.2
"R4","Road Verge","7.0264192000000003E-2",169,2022,871.2
"W3","Water Retention Site","0.69253450000000005",169,2022,871.2
"CF4","Field Margin","0.121783868",171,2022,893.9
"CF6","Field Margin","4.4157477000000001E-2",171,2022,893.9
"CR1","Road Verge","1.8416954999999999E-2",171,2022,893.9
"CW1","Water Retention Site","0.259006442",171,2022,893.9
"CF1","Field Margin","7.1499816699999998",172,2022,905.3
"CF3","Field Margin","1.032787487",172,2022,905.3
"CP1","Pasture","0.15135975900000001",172,2022,905.3
"CP3","Pasture","1.7784999999999999E-3",172,2022,905.3
"CR2","Road Verge","0.13574872700000001",172,2022,905.3
"CR5","Road Verge","9.2761130000000008E-3",172,2022,905.3
"CW4","Water Retention Site","0.262861862",172,2022,905.3
"F2","Field Margin","3.0495391E-2",172,2022,905.3
"CF13","Field Margin","1.4858875000000001E-2",173,2022,920.9
"CW11","Water Retention Site","0.111138282",173,2022,920.9
"F12","Field Margin","5.9488890000000003E-2",173,2022,920.9
"P11","Pasture","0.44614135700000002",173,2022,920.9
"P12","Pasture","0.16384954600000001",173,2022,920.9
"P8","Pasture","9.4930772999999996E-2",173,2022,920.9
"R12","Road Verge","1.0700595E-2",173,2022,920.9
"R3","Road Verge","8.8000000000000005E-3",173,2022,920.9
"S2","Species Rich Grassland","0.12509039299999999",173,2022,920.9
"CF5","Field Margin","1.4354093E-2",174,2022,939.6
"CF7","Field Margin","0.108861997",174,2022,939.6
"CP2","Pasture","4.3908178999999999E-2",174,2022,939.6
"CP7","Pasture","0.45714550599999998",174,2022,939.6
"CP8","Pasture","3.6726078000000002E-2",174,2022,939.6
"CR3","Road Verge","2.4552942000000001E-2",174,2022,939.6
"CR4","Road Verge","0.152626125",174,2022,939.6
"CW2","Water Retention Site","0.10099061500000001",174,2022,939.6
"S3","Species Rich Grassland","0.34776732399999999",175,2022,953.8
"F15","Field Margin","0.38327519399999999",178,2022,992
"P19","Pasture","0.74069990900000005",178,2022,992
"CP9","Pasture","0.159601623",179,2022,1005.7
"CR6","Road Verge","2.5143787000000001E-2",179,2022,1005.7
"CR7","Road Verge","4.1233311000000002E-2",179,2022,1005.7
"F13","Field Margin","1.0729040000000001",179,2022,1005.7
"P10","Pasture","0.48836784999999999",179,2022,1005.7
"W19","Water Retention Site","0.142814266",179,2022,1005.7
"W8","Water Retention Site","2.8585870000000001E-3",179,2022,1005.7
"F19","Field Margin","5.9182038999999999E-2",180,2022,1022
"R19","Road Verge","0.77045286300000004",180,2022,1022
"R2","Road Verge","6.3932325999999998E-2",180,2022,1022
"S1","Species Rich Grassland","1.393901614",180,2022,1022
"W6","Water Retention Site","0.20751741900000001",180,2022,1022
"W7","Water Retention Site","0.69716829499999999",180,2022,1022
"P7","Pasture","0.155315492",181,2022,1034.7
"W21","Water Retention Site","4.5868034000000002E-2",181,2022,1034.7
"CF10","Field Margin","6.1224890000000001E-3",183,2022,1060.2
"CF8","Field Margin","0.12594311399999999",183,2022,1060.2
"CP10","Pasture","4.1701123999999999E-2",183,2022,1060.2
"CP5","Pasture","7.0959095999999999E-2",183,2022,1060.2
"CR10","Road Verge","1.7599252999999999E-2",183,2022,1060.2
"CW10","Water Retention Site","0.32930379599999998",183,2022,1060.2
"CW7","Water Retention Site","0.12867564100000001",183,2022,1060.2
"R6","Road Verge","4.2811764000000002E-2",183,2022,1060.2
"CP4","Pasture","0.38479174100000002",184,2022,1073.4
"CP6","Pasture","0",184,2022,1073.4
"CW8","Water Retention Site","5.2014039999999997E-2",184,2022,1073.4
"CW9","Water Retention Site","0.26644742599999999",184,2022,1073.4
"F10","Field Margin","7.2656369999999998E-2",184,2022,1073.4
"F11","Field Margin","2.88952E-3",184,2022,1073.4
"F7","Field Margin","0.47145725300000002",184,2022,1073.4
"R7","Road Verge","1.1901624E-2",184,2022,1073.4
"S8","Species Rich Grassland","6.9751479000000005E-2",184,2022,1073.4
"CR8","Road Verge","0.17223693800000001",185,2022,1086.8
"CR9","Road Verge","8.6902550999999995E-2",185,2022,1086.8
"CW5","Water Retention Site","0.33700891500000002",185,2022,1086.8
"F9","Field Margin","0.497522144",185,2022,1086.8
"P24","Pasture","8.6273783000000007E-2",185,2022,1086.8
"W4","Water Retention Site","8.6089072000000003E-2",185,2022,1086.8
"CF9","Field Margin","1.08863E-2",186,2022,1099.3
"CH1","Hedge","7.2551820000000003E-2",186,2022,1099.3
"CH2","Hedge","4.7123890000000002E-2",186,2022,1099.3
"CH4","Hedge","9.942892E-3",186,2022,1099.3
"F3","Field Margin","3.5997160000000002E-3",186,2022,1099.3
"F4","Field Margin","1.537057439",186,2022,1099.3
"F5","Field Margin","0.96303901599999997",186,2022,1099.3
"H1","Hedge","1.3310722000000001E-2",186,2022,1099.3
"H10","Hedge","6.5349049999999997E-3",186,2022,1099.3
"H15","Hedge","1.1593562999999999E-2",186,2022,1099.3
"H6","Hedge","1.0447916999999999E-2",186,2022,1099.3
"H7","Hedge","2.6746062000000001E-2",186,2022,1099.3
"H8","Hedge","5.1316447000000001E-2",186,2022,1099.3
"H9","Hedge","1.2341826E-2",186,2022,1099.3
"P2","Pasture","0",186,2022,1099.3
"P21","Pasture","0.356496761",186,2022,1099.3
"R14","Road Verge","1.7403010000000001E-3",186,2022,1099.3
"R16","Road Verge","0.27692022399999999",186,2022,1099.3
"W22","Water Retention Site","0.14018581499999999",186,2022,1099.3
"CH5","Hedge","1.2495839999999999E-2",187,2022,1111.1
"CH6","Hedge","0.10269096599999999",187,2022,1111.1
"H11","Hedge","1.1468667E-2",187,2022,1111.1
"H13","Hedge","6.7062861000000001E-2",187,2022,1111.1
"H16","Hedge","5.6055590000000004E-3",187,2022,1111.1
"H4","Hedge","2.9684365000000001E-2",187,2022,1111.1
"H5","Hedge","7.2017999999999999E-2",187,2022,1111.1
"P22","Pasture","8.6282666999999993E-2",187,2022,1111.1
"P25","Pasture","0.32036695700000001",187,2022,1111.1
"P4","Pasture","0.16708241300000001",187,2022,1111.1
"P8","Pasture","1.0248943E-2",187,2022,1111.1
"R3","Road Verge","1.33128E-2",187,2022,1111.1
"S4","Species Rich Grassland","0.50237495399999998",187,2022,1111.1
"W2","Water Retention Site","9.3688421999999993E-2",187,2022,1111.1
"F2","Field Margin","4.0956048000000002E-2",188,2022,1122.8
"F20","Field Margin","5.9125344000000003E-2",188,2022,1122.8
"P6","Pasture","8.3347668999999999E-2",188,2022,1122.8
"R5","Road Verge","2.4245752989999998",188,2022,1122.8
"W1","Water Retention Site","0.32761523199999998",188,2022,1122.8
"F6","Field Margin","5.6961461999999997E-2",189,2022,1135.9
"R20","Road Verge","0.40559832600000001",189,2022,1135.9
"CH7","Hedge","0.16638583100000001",192,2022,1172.7
"CH8","Hedge","5.1089120000000002E-3",192,2022,1172.7
"CH9","Hedge","6.2409332999999997E-2",192,2022,1172.7
"F14","Field Margin","0.28889237099999998",192,2022,1172.7
"F15","Field Margin","0.20284809600000001",192,2022,1172.7
"F22","Field Margin","0.16535945399999999",192,2022,1172.7
"H12","Hedge","3.1221880000000001E-3",192,2022,1172.7
"H14","Hedge","0.13796666699999999",192,2022,1172.7
"H2","Hedge","1.5857109000000001E-2",192,2022,1172.7
"H3","Hedge","6.6925810000000004E-3",192,2022,1172.7
"P17","Pasture","1.6784925999999999E-2",192,2022,1172.7
"P18","Pasture","0.33118072100000001",192,2022,1172.7
"R10","Road Verge","2.5334144999999999E-2",192,2022,1172.7
"R17","Road Verge","4.6408315999999998E-2",192,2022,1172.7
"R9","Road Verge","2.9106048999999998E-2",192,2022,1172.7
"W14","Water Retention Site","0.16041005699999999",192,2022,1172.7
"F21","Field Margin","1.397064233",193,2022,1189.8
"P16","Pasture","0.28903294899999998",193,2022,1189.8
"R19","Road Verge","1.3848176800000001",193,2022,1189.8
"R2","Road Verge","0.46596205299999999",193,2022,1189.8
"S1","Species Rich Grassland","0.50613872800000004",193,2022,1189.8
"W15","Water Retention Site","0.14810890299999999",193,2022,1189.8
"CP1","Pasture","6.8464976999999996E-2",194,2022,1208.7
"CP7","Pasture","0.22438818899999999",194,2022,1208.7
"CR1","Road Verge","4.5895785000000001E-2",194,2022,1208.7
"CR2","Road Verge","0.12541448899999999",194,2022,1208.7
"CW1","Water Retention Site","0.123767425",194,2022,1208.7
"CW2","Water Retention Site","6.3806141999999996E-2",194,2022,1208.7
"F8","Field Margin","5.8548700489999996",194,2022,1208.7
"S10","Species Rich Grassland","0.16845215799999999",194,2022,1208.7
"S9","Species Rich Grassland","1.1209270629999999",194,2022,1208.7
"W16","Water Retention Site","0.13978707500000001",194,2022,1208.7
"CF1","Field Margin","2.8067705740000002",196,2022,1235.1
"CF12","Field Margin","2.744556E-3",196,2022,1235.1
"CF3","Field Margin","0.307886567",196,2022,1235.1
"CF7","Field Margin","1.725233859",196,2022,1235.1
"CP2","Pasture","7.0864157999999997E-2",196,2022,1235.1
"CP3","Pasture","0.11553155399999999",196,2022,1235.1
"CP8","Pasture","2.5995600000000001E-2",196,2022,1235.1
"CP9","Pasture","1.494E-2",196,2022,1235.1
"CR6","Road Verge","9.5901531999999998E-2",196,2022,1235.1
"CW4","Water Retention Site","0.31216704499999998",196,2022,1235.1
"F12","Field Margin","3.7155580000000001E-2",196,2022,1235.1
"P10","Pasture","3.0987972999999999E-2",196,2022,1235.1
"W10","Water Retention Site","3.2008532999999999E-2",196,2022,1235.1
"W8","Water Retention Site","4.6700730000000003E-3",196,2022,1235.1
"W9","Water Retention Site","3.650773E-3",196,2022,1235.1
"F1","Field Margin","1.8393739999999999E-2",197,2022,1248.2
"F16","Field Margin","9.7003594999999998E-2",197,2022,1248.2
"P23","Pasture","8.7681683999999996E-2",197,2022,1248.2
"R13","Road Verge","9.2307805000000007E-2",197,2022,1248.2
"R15","Road Verge","1.034800929",197,2022,1248.2
"S5","Species Rich Grassland","5.4109659999999997E-2",197,2022,1248.2
"W17","Water Retention Site","5.7344491999999997E-2",197,2022,1248.2
"W20","Water Retention Site","4.6897169000000002E-2",197,2022,1248.2
"W5","Water Retention Site","0.13201046999999999",197,2022,1248.2
"W6","Water Retention Site","5.3741470000000001E-3",197,2022,1248.2
"W7","Water Retention Site","0.58725281699999998",197,2022,1248.2
"F18","Field Margin","7.4643330000000001E-3",198,2022,1263.1
"R8","Road Verge","1.6254465999999999E-2",198,2022,1263.1
"S6","Species Rich Grassland","0.368729423",198,2022,1263.1
"S7","Species Rich Grassland","1.0560868240000001",198,2022,1263.1
"W11","Water Retention Site","4.9204871999999997E-2",198,2022,1263.1
"W13","Water Retention Site","0.23141367299999999",198,2022,1263.1
"W18","Water Retention Site","0.46323039599999999",198,2022,1263.1
"CF13","Field Margin","2.5865282E-2",199,2022,1283.5
"CR3","Road Verge","0.13327757200000001",199,2022,1283.5
"CR4","Road Verge","0.297986794",199,2022,1283.5
"CR5","Road Verge","0.10022347199999999",199,2022,1283.5
"CR7","Road Verge","6.5518406000000001E-2",199,2022,1283.5
"CW11","Water Retention Site","0.41873722400000002",199,2022,1283.5
"F17","Field Margin","0.22858627300000001",199,2022,1283.5
"F19","Field Margin","5.3905019999999998E-2",199,2022,1283.5
"P1","Pasture","0.236852756",199,2022,1283.5
"P11","Pasture","2.1756000000000002E-3",199,2022,1283.5
"P12","Pasture","9.3036902000000005E-2",199,2022,1283.5
"P19","Pasture","0.72023418400000006",199,2022,1283.5
"P7","Pasture","7.7624438000000004E-2",199,2022,1283.5
"R1","Road Verge","0.26944566800000003",199,2022,1283.5
"R12","Road Verge","0.27073000400000002",199,2022,1283.5
"R4","Road Verge","0.16197510300000001",199,2022,1283.5
"S2","Species Rich Grassland","4.8907509000000002E-2",199,2022,1283.5
"S3","Species Rich Grassland","0.85307484700000002",199,2022,1283.5
"W12","Water Retention Site","0.80743950900000006",199,2022,1283.5
"W3","Water Retention Site","8.6867730000000004E-2",199,2022,1283.5
"F13","Field Margin","5.9744800000000001E-2",200,2022,1308.6
"W19","Water Retention Site","0.15440461799999999",200,2022,1308.6
"CF4","Field Margin","1.0353417E-2",201,2022,1327.3
"CF5","Field Margin","0",201,2022,1327.3
"CF6","Field Margin","3.8400000000000001E-4",201,2022,1327.3
"P14","Pasture","5.9296833E-2",201,2022,1327.3
"P20","Pasture","8.0955999999999997E-3",201,2022,1327.3
"P9","Pasture","8.3370545000000004E-2",201,2022,1327.3
"R11","Road Verge","1.9517236609999999",201,2022,1327.3
"W21","Water Retention Site","4.8800909999999996E-3",201,2022,1327.3
"P5","Pasture","0.43330184599999999",211,2022,1473.7
"R18","Road Verge","0.18951594099999999",211,2022,1473.7
