"buffer","site","Alfalfa","Corn","Pasture","Soybeans","Lawn","Urban tree","Mesic_upland_forest","No_resource","Shrubland","Ditch","Grass_hay","Non_resource_crop","Non_resource_crop_wintercover","Conifer_mixed_forest","Old_field","Wet_emergent","Wet_shrub","Water","Insect_pollinated_crop","Dry_oak_forest","Apples","Perennial","Swamp","Developed_low_intensity","Developed_med_intensity","Cherries","Plums"
"buf250","Alf_Ag17 Jensen",84805.6712538867,46701.0488093948,1460.84169080829,25811.9709410509,8463.8111786319,56.2629773095214,15112.2998327168,8824.0299039947,679.788928375579,4344.11039492488,0,0,0,0,0,0,0,0,0,0,0,0,0,0,0,0,NA
"buf250","Alf_Ag18 Wickham",67044.1037679061,2669,36475.1009355122,0,13893.1971419231,532,0,9006.38061275723,7365.66900381432,2774.10208903626,13498.8709617683,900,2160,31921.541961891,4480.70053991134,489.453065037727,2648.7158311978,401,0,0,0,0,0,0,0,0,NA
"buf250","Alf_Ag19 Mattoon",101660.259721496,43717.040949943,10380.8085855305,1450,12205.3333562883,12,4118.13224759927,11500.8771995357,4964.24828049919,1654.28497760033,819.649557081735,690,0,0,1778.91288765648,0,0,0,1299.05385301169,9.23429458448663,0,0,0,0,0,0,NA
"buf250","Apple_1 Grismore",21966.0975711501,6830.86276499079,33981.2032922823,35196.5161635749,16801.528156219,171,16618.2979240245,13597.2554586935,5399.38455450442,5426.04751067271,28620.950749881,0,7447.69176467792,0,3473,0,0,0,730,0,0,0,0,0,0,0,NA
"buf250","Apple_2 Cornell",766.629963617772,0,57488.9527802941,0,58892.4842526417,2064.86265272275,1796.20824862685,64316.5007547265,1579,8593.19725805457,762,0,0,0,0,0,0,0,0,0,0,0,0,0,0,0,NA
"buf250","Apple_3 Caldwell",0,0,119675.190573692,0,12941.3952818038,0,16805.7152307775,7581.80527565442,4043.79366542355,2840.42733194365,32371.508552766,0,0,0,0,0,0,0,0,0,0,0,0,0,0,0,NA
"buf250","Apple_4 Black Diamond",36568.3293382741,0,67325.9728925076,900,0,0,39149.9768444974,0,15666.455349813,0,33902.6966504929,0,0,0,0,0,0,2746.40483484231,0,0,0,0,0,0,0,0,NA
"buf250","Apple_5 RJO Rose Farm",18967.247515531,2177.80071374545,69997.9113035595,799.908360168644,7095.7510642577,0,0,6365.72795814858,0,2147.19284691471,42390.0073352427,622.71797296172,183.477538265404,0,5790.39341893288,0,0,0,548.007649196661,0,3983.44533480704,35190.246899513,0,0,0,0,NA
"buf250","Conifer_For12 Scott",0,0,0,0,0,0,177939.019162565,0,489.855666465417,0,17830.9610817465,0,0,0,0,0,0,0,0,0,0,0,0,0,0,0,NA
"buf250","Conifer_For15 Frozenocean",0,0,0,0,4130.18448426574,0,148761.40917453,3813.5423949848,22731.4750930289,3041.054758396,2832,0,0,0,0,0,9879.05462277208,0,0,0,0,318.241939727683,752.873443548073,0,0,0,NA
"buf250","Conifer_For17 FLNF",0,0,596,0,1965.1580766089,1381,177734.161913461,3463.40110666887,5943.37130624989,2825.5159845911,10,0,0,0,138,0,0,0,0,2203.22752296047,0,0,0,0,0,0,NA
"buf250","Conifer_For2 Cornell Ponds",0,0,0,0,0,0,130871.960583983,0,5315.11687197433,0,4848.30597047888,0,0,0,0,537.073647014804,0,35108.961357022,0,0,0,0,19578.4174811251,0,0,0,NA
"buf250","Conifer_For23 Saltonstall",0,0,6948.42796515108,0,0,0,152133.146735823,209,35582.4708822493,0,1386.06520235632,0,0,0,0,0,0,0.725125020369887,0,0,0,0,0,0,0,0,NA
"buf250","Conifer_For28 Monkeyrun",0,0,0,0,6507.94005560441,379.539300168864,148093.803801213,1692.38849918632,1932,1096.27312618424,27435.6925717421,0,0,0,0,0,0,0,0,9122.1985571723,0,0,0,0,0,0,NA
"buf250","Conifer_For33 Lindsay-Parsons",0,0,0,0,912.729252576828,0,9946.30723342615,3222.61074937665,0,2614.1052582413,327.037396237254,0,0,65297.6841460076,0,0,0,0,0,113939.361874397,0,0,0,0,0,0,NA
"buf250","Conifer_For34 Danby",0,0,0,0,6458.13992466591,0,107864.956669195,6008.16521546509,406,4776.92735354719,1877.58195803687,0,0,52631.1779985832,0,193.89013287425,203.510237970671,0,0,15839.4864215211,0,0,0,0,0,0,NA
"buf250","Cover_Ag13 Smith",112.152126506771,72718.3797929045,0,2656,7107.46430350943,0,384.961923139854,0,0,4776.98708367813,589,0,96457.5848903014,0,7391.07649434486,0,0,4066.22929767884,0,0,0,0,0,0,0,0,NA
"buf250","Cover_Ag15 Lott",0,74086.6213192747,5520.79076542734,48094.0328102157,45657.2828985905,0,0,0,514.060587424028,2885.80797580615,0,0,0,0,736.492105102516,0,0,0,0,0,0,0,0,14957.835257272,3806.91219129362,0,NA
"buf250","Cover_Ag16 pecher",29037.288258972,81725.0414261476,1177,6922.16670580207,0,0,47968.1253666727,0,370,0,1869.01895022633,0,0,0,0,4137.85629883269,1301.0725751631,0,0,0,0,0,21752.2663291534,0,0,0,NA
"buf250","Cover_Ag6 Witmer",1157.05273907434,128109.621405896,9945.61001191731,7292,6862.86402961239,0,2439.95638155285,12515.7340556287,245.937253619748,3038.48548275046,14917.251949309,0,0,0,7552.97562658115,536.288268359984,2.87879228591919,0,743.179914419539,0,0,900,0,0,0,0,NA
"buf250","Cover_Ag9 Freier",90259.6771838906,3909.59008402587,3258.07947777194,24418.8337174982,10487.8505844178,0,0,900,0,3482.70727851952,9895.95410023782,900,42286.9112984646,0,3851.77281702745,0,0,0,0,0,0,724,0,1884.45936897473,0,0,NA
"buf250","Developed_1 Park Place",0,0,0,0,81971.820472347,25652.9837309334,1861.44670561899,82901.5850024242,3872,0,0,0,0,0,0,0,0,0,0,0,0,0,0,0,0,0,NA
"buf250","Developed_2 Vet",0,0,29895.1297321497,0,57439.7891195931,2015.98605875671,973.349249705672,93016.5555131718,1220.67673529685,11509.9962986891,188.35320361107,0,0,0,0,0,0,0,0,0,0,0,0,0,0,0,NA
"buf250","Developed_3 Danby",0,0,38129.6102563041,0,49951.9963763412,3277.9792304188,30397.1633440494,22372.0071641426,21230.6372957197,5701.05414569113,10701.2661018511,0,0,0,0,7957.45290626662,6369.25549212025,171.413598069482,0,0,0,0,0,0,0,0,NA
"buf250","Developed_4 Sprucewood",0,0,0,0,17970.5058073831,14209.4284926988,107256.726743644,19952.7781092116,631.383604250911,7802.48665642671,2789.73625522606,0,0,0,0,1035,0,0,0,0,0,0,24611.7902431424,0,0,0,NA
"buf250","Developed_5 First Pres",3023.46992402699,6773.53409126211,73759.5674651316,5417.17581713635,28038.5748167012,6314.08057926223,0,27845.1298293577,35518.5312213213,5771.46099516197,1249.04647879877,0,85.5883605286945,0,832.048394702724,0,0,0,731,0,0,900.627936959267,0,0,0,0,NA
"buf250","Ditch_1 Johnson St",1826,1873.60134106487,38318.2018628593,0,19255.6715646941,0,0,11773.7694707535,3191.63800628472,3210.61081938446,36013.318799626,1472,0,64874.3422974952,5275.27799333769,1417,4038.61497001878,3479.78878588649,240,0,0,0,0,0,0,0,NA
"buf250","Ditch_2 Cornell Veg",36287.7817855092,7010.51374638131,43985.8686638624,10129.6215657423,9807.00138392625,24,8329.2498632718,7993.25318532529,278.822285979055,3110.38999909582,17980,5949.27153155208,8409,0,10908.6957035571,0,0,0,19683.3661961809,0,0,6373,0,0,0,0,NA
"buf250","Ditch_3 Carmen Rd",3345.35262254335,54378.0885904749,6,60038.3363928224,11904.1443336746,27,26804.851695008,9052.80634792219,2886.23403641582,6367.40666215471,3352.59414082015,13435.0210912908,0,0,1486,0,0,1087,0,0,0,2089,0,0,0,0,NA
"buf250","Ditch_4 Freese",25767.282438424,4079.60479072947,29462.9891271972,8067.01214197674,12389.8624455193,0,50291.9415323904,11558.3785060009,21029.6261923853,4542.58189357584,5299.60450609654,900,2669.46367386664,0,3151.44867513468,0,0,7378.51971505396,0,9263.52027211472,0,408,0,0,0,0,NA
"buf250","Ditch_5 Collins",0,1921.58656481852,38298.9032949051,0,7458.0494520077,0,73610.1492965682,5889.87310672295,24591.585930895,3104.68481248617,38991.624733949,0,0,0,0,22,0,0,0,0,0,0,2371.37871809659,0,0,0,NA
"buf250","DryOak_For16 FLNF",0,0,0,0,0,0,121119.299531435,4175.0132938223,0,3295.36267441628,3336.9711328939,0,0,0,0,0,1046,0,0,63144.2008159067,0,0,142.988462980633,0,0,0,NA
"buf250","DryOak_For38 Conn. Hill",0,0,0,0,0,0,181556.238400242,0,1034.42969941837,0,8369.20793461872,0,0,0,0,714.9390086247,4585.02086739607,0,0,0,0,0,0,0,0,0,NA
"buf250","DryOak_For46 Eldridge",0,0,5759.2175293382,0,4816.16738931625,0,110745.683693173,5090.01552565768,4640.18663138151,2348.42206246033,4747.71369038592,0,0,0,0,0,0,0,0,58112.4293893276,0,0,0,0,0,0,NA
"buf250","DryOak_For47 Baldhill",0,0,0,0,0,0,196164.835911741,95,0,0,0,0,0,0,0,0,0,0,0,0,0,0,0,0,0,0,NA
"buf250","DryOak_For48 Shindagin",0,0,0,0,0,0,105399.300317047,0,0,0,0,0,0,90860.535594594,0,0,0,0,0,0,0,0,0,0,0,0,NA
"buf250","Edge_1 Mcgowan",10590.6108926672,12894.8213699032,53764.8745506926,5713.77791806171,9975.35771851275,0,66871.2377146198,7382.06448584626,4541.71680949978,2928.46586174526,17959.6668464205,0,878.792752590962,0,25.2174342009239,0,0,0,2700,0,33.2315563280135,0,0,0,0,0,NA
"buf250","Edge_2 Warren",0,80643.7437552258,23173.088677855,2843.14480267375,6228.04194859009,0,66683.6656845594,2167.73213612947,10534.3368677309,1728.08203918766,1192,0,0,0,0,551,515,0,0,0,0,0,0,0,0,0,NA
"buf250","Edge_3 Mattoon",2714.5802833518,68178.1729551298,0,1487.2221893534,0,0,117620.86048279,0,6259,0,0,0,0,0,0,0,0,0,0,0,0,0,0,0,0,0,NA
"buf250","Edge_4 Dunlop",0,0,33856.3796186611,0,557.409098912147,0,0,0,3750.52912078239,0,27830.473400953,0,0,130265.044671935,0,0,0,0,0,0,0,0,0,0,0,0,NA
"buf250","Edge_5 Pecher",3048.52720299363,85446.4830368754,3465,4426.28273009166,6135.2005794312,210,71593.7903074732,3853.24272149149,3112.94075394608,2439.14701301977,2501.45307861455,0,401.478072564933,0,0,932.310966943987,5740,642.885135367222,0,0,0,0,2311.09431202641,0,0,0,NA
"buf250","Emer_Wet11 Conn Hill",0,0,0,0,201.716206265613,0,42833.2595185033,2748.71341601016,0,2183.97537449002,1879.74115343112,0,0,93055.3786602802,0,1475.25070685055,23220.7507236015,5687.94422276318,0,16109.1059277543,0,0,6864,0,0,0,NA
"buf250","Emer_Wet13 Conn. Hill",0,0,0,0,400,0,98972.7962234319,3897.74188177194,830,2926.15774895996,10516.8224616859,0,0,0,0,65,3890,5367,0,69394.3175944313,0,0,0,0,0,0,NA
"buf250","Emer_Wet15 Owasco flats",0,0,0,0,1683.87990638427,196,28047.4564475258,4019.70918405338,808,2290.4570697546,303,0,0,0,0,9562.25074485109,0,2020.51161390624,0,0,0,0,147328.570945296,0,0,0,NA
"buf250","Emer_Wet16 Mazourek",0,0,18520.404204214,68.439436884597,54585.6547805412,976,0,5835.13110332855,3637.19161864836,2721.24571038666,18653.4875405928,0,0,6347.15343496394,0,42226.5554200077,17489.6981953983,1913,0,23285.8744667237,0,0,0,0,0,0,NA
"buf250","Emer_Wet19 Park Reserve",0,0,2654.33112061105,0,1387.40613658511,0,58227.2182938504,705.290208328338,4738.34505394998,482.644713937771,6760.33033173156,0,0,30105.4270049392,577,57658.9308864814,14977.9901741031,13910.6366304197,0,0,0,0,4074.28535673022,0,0,0,NA
"buf250","Emer_Wet21 Wickham",15706.6024639267,0,0,0,0,0,0,0,486,0,2043.52293723915,0,0,3248.74106841933,799.81853312999,8147.09091527149,3878.93926183174,9175.57875260712,0,40217.9168845365,0,0,112555.62509309,0,0,0,NA
"buf250","Emer_Wet22 Cayuga Lake WMA",0,5889.90806838261,900,19379.0112303213,568.739874452149,0,61142.9886397328,0,560.983070550021,0,0,0,0,0,0,53692.239939112,10205.1648640969,411,0,0,0,0,43509.8002241753,0,0,0,NA
"buf250","Emer_Wet3 FLNF",0,0,0,0,2526.8119418252,0,176319.272851408,3764.48858007666,2211,3005.50763060385,5132.28475589407,0,0,0,0,0,0,0,0,3300.47015152429,0,0,0,0,0,0,NA
"buf250","Emer_Wet8 Goetchius",213.676885097986,0,54284.2554792865,0,10201.4154283893,0,1050.0526710339,4853.81209569494,7006.87059777405,2961.22222355862,16016.0411560683,0,0,22090.207543101,0,71178.9671991603,1688.62520718772,3673,0,0,0,0,1041.68942452407,0,0,0,NA
"buf250","Emer_Wet9 Ellis Wet",0,0,1741.78279934917,0,0,0,0,28,0,0,9217.21496453939,0,0,71027.694294237,0,84073.1386894818,8751.53166712723,3958.06198579328,0,0,0,0,17462.4115107206,0,0,0,NA
"buf250","Field_1 Power",0,0,30746.6647400151,0,1573.3914354411,0,134049.728421124,0,1621.91997755691,0,10889.4968838973,0,0,0,6382,0,0,772,0,10224.6344532991,0,0,0,0,0,0,NA
"buf250","Field_2 Lindsay Parsons",0,0,36394.8710505287,0,18207.2025358517,16,3305,6253.72667907178,3943.54184657948,2988.41987608932,14530.8467609615,0,0,82715.6790189774,0,5101.08340272333,4378.98034479782,16231.5957181558,0,0,0,0,2192.88867744268,0,0,0,NA
"buf250","Field_3 Lott",3600,48126.7956714664,15033.6627085483,2700,0,0,18034.7240283133,0,73789.8296792091,0,2700,0,900,0,4500,0,0,25974.8238231363,0,0,900,0,0,0,0,0,NA
"buf250","Field_4 Jasmine",0,0,54078.7628107348,0,9888.19254876718,0,66934.3374423918,5273.27990048745,39681.3842825913,2941.83725925302,14840.6937968588,0,0,0,2050,0,0,0,0,571.347870739036,0,0,0,0,0,0,NA
"buf250","Field_5 McDaniels",0,0,33315.7536719503,0,4255.13312574336,0,91429.1993520546,479.292673253088,7139.4222703685,361.752909224888,21860.8629090278,0,0,0,35438.151325517,11,0,3.62295255064964,0,0,0,0,1965.64472128985,0,0,0,NA
"buf250","Flood_1 Cuddleback",5181.84233765412,20179.4035204423,6246.9163255429,36606.0386384154,732.571023824828,0,39237.2275547272,2008.47307555504,78646.10000902,658.01415115007,1974.56694309865,0,0,0,3735.85675051541,0,0,0,1052.8255816102,0,0,0,0,0,0,0,NA
"buf250","Flood_2 Salmon Creek",0,0,0,0,1598.63656616211,158,58135.0302938764,3867.78388623742,78445.669088729,3004.82528142841,5756.56594833633,0,0,0,0,4882.15765255794,0,4602.11640484782,0,0,0,0,35809.0507870904,0,0,0,NA
"buf250","Flood_3 Cayuga Inlet",0,0,34118.7449501417,2060.70722903544,2905.11918570938,216,83494.38398719,9358.81474970916,39413.9627440146,2543.36862643571,12074.7009317736,2615,1112,0,0,18.7785936658038,0,3056.13701731712,770,0,0,39.0769646121189,2463.04093110049,0,0,0,NA
"buf250","Flood_4 Etna",0,0,28521.4222475628,0,27286.7425692547,2558.16205871971,38567.0558744556,11041.5763022078,30282.5565125007,5872.3417165362,29147.8139132401,0,0,0,34.9709754427895,2345,0,10649.4253485235,0,0,0,0,9952.76839287173,0,0,0,NA
"buf250","Flood_5 Genung",0,0,23583.4131561885,0,6875.87237083006,734.250087201595,88238.1743909722,8370.03150663839,37376.8920250737,0,4027.97090659765,0,0,0,0,151.320606875699,6562.91538790885,7569.04227754718,0,0,0,0,12769.9531957072,0,0,0,NA
"buf250","Flood_6 Freese",12495.5417112084,1944.19962688605,20277.780939502,1965.69036257267,31574.3323701673,4203.78576021851,58252.5842224105,12925.7956787876,20987.9444576393,3983.75262950739,21991.4528408648,0,0,0,0,0,0,5656.97531091874,0,0,0,0,0,0,0,0,NA
"buf250","Flood_For25 Lott",3600,12040.6995344869,6608.82470463132,1800,0,0,42259.7239187119,0,88097.7643755023,0,1013.31644977676,0,900,0,4500,0,0,34539.5069286011,0,0,900,0,0,0,0,0,NA
"buf250","GrassHay_Ag20 Mattoon",32479.7299433804,72224.2476776949,7417.39056617931,0,7934.28275492927,0,37487.5363119402,4245.28463968114,29939.9186014003,3003.16260272305,1528.28281270014,0,0,0,0,0,0,0,0,0,0,0,0,0,0,0,NA
"buf250","GrassHay_Ag21 Haines",69296.1155276728,13117.0110549839,684,21191.5610260118,0,0,248.640837043524,5.62727401394659,46,190.77261267195,63750.5664440418,900,0,0,3091.82517656833,0,0,0,23737.7159577333,0,0,0,0,0,0,0,NA
"buf250","GrassHay_Ag22 Rejman",72055.8517525006,56187.615331976,743,446.219115609303,1854,0,24289.915340836,4831.09612438938,5751.2728925224,3003.52133619599,2773,0,23464.3440178097,0,860,0,0,0,0,0,0,0,0,0,0,0,NA
"buf250","MesicUpRem_For1 Mcgowan",5112.0261544667,8882.41490676661,41377.1551339881,2529.50665872835,11540.2379756146,18,95581.4074236727,8616.17100012083,7609.56068023799,3569.89016695425,7926.90588982341,0,0,0,1764.46591071751,0,0,0,1732.09400999977,0,0,0,0,0,0,0,NA
"buf250","MesicUpRem_For10 Warren",0,54784.2025828312,15380.5777698018,3252,0,0,104289.137127182,0,17166.9121625358,0,450.528873100815,0,0,0,0,421.477396001137,515,0,0,0,0,0,0,0,0,0,NA
"buf250","MesicUpRem_For13 Scott",22.9116978095844,0,25466.059530726,0,1533.80321728787,0,33379.1603612732,2568.86275685935,6788.40065797343,1742.96271972879,63559.5721823111,0,0,51019.0099050142,8114.85087594342,0,0,2064.2420059035,0,0,0,0,0,0,0,0,NA
"buf250","MesicUpRem_For18 Freier",58920.5438642557,762,6066.27260028832,0,7890.99890422843,0,13500,0,0,2852.85074195005,6255.53827694524,0,98530.7096017439,0,0,0,0,0,0,0,0,0,0,1480.92192122481,0,0,NA
"buf250","MesicUpRem_For19 Freier",23075.0971883773,65566.9205224815,900,58739.4443649808,0,0,26435.3005987158,0,0,0,900,2700,900,0,3263.20337467158,0,0,0,0,0,0,0,13779.8698627402,0,0,0,NA
"buf250","MesicUpRem_For21 Shaw",27041.9615102107,59321.5468949959,796,36578.4848193434,0,0,52367.7785398577,0,12398.9881821727,0,2240.88252159208,0,900,0,2113.84436351377,0,0,0,2500.34907872078,0,0,0,0,0,0,0,NA
"buf250","MesicUpRem_For22 Shaw",63057.5234600345,48379.6226801225,0,0,0,0,63436.182674895,0,11565.5332100736,0,1749.74126636814,885.098635934293,900,0,2665.44842994493,0,0,0,3620.68555405072,0,0,0,0,0,0,0,NA
"buf250","MesicUpRem_For26 Lott",4494,74011.8733540758,25522.6269102297,3603.03457253054,0,0,10403.7216048909,0,64676.8775804358,0,2700,0,900,0,4500,0,0,4547.70188873552,0,0,900,0,0,0,0,0,NA
"buf250","MesicUpRem_For27 Monkeyrun",7343.97814600525,34342.2720787348,18522.8755200255,2330,9256.55210682207,444,82205.7978543627,5635.13106346254,2566.47723600827,3215.86358006485,8368.67446214448,7809.91105872273,4179,0,5208.75987198204,0,0,0,0,4830.54293240095,0,0,0,0,0,0,NA
"buf250","MesicUpRem_For29 Power",0,0,9447.87196514508,0,5518.12875326304,0,116129.341300116,3838.64697876625,31054.351702185,2179.6336835972,13875.1959947761,0,0,0,5770,0,0,0,0,8446.66553224347,0,0,0,0,0,0,NA
"buf250","MesicUpRem_For3 Musgrave",1209,72605.257184212,0,55278.7413871277,0,0,17228.6050170119,1880.23962760717,47811.992695105,0,0,0,0,0,246,0,0,0,0,0,0,0,0,0,0,0,NA
"buf250","MesicUpRem_For32 Lindsay-Pars",0,0,0,0,0,0,0,544,4164,0,14215.9424856913,0,0,135917.037451984,0,1381,7303.61875940506,28814.5841025119,0,0,0,0,3919.65311202279,0,0,0,NA
"buf250","MesicUpRem_For34 Arnot",0,0,0,0,0,0,123705.555342942,3717.4731906727,0,2523.25960552669,0,0,0,0,0,0,0,0,0,66313.5477715361,0,0,0,0,0,0,NA
"buf250","MesicUpRem_For36 Arnot",0,0,0,0,0,0,0,0,0,0,0,0,0,0,0,0,0,0,0,196259.835911804,0,0,0,0,0,0,NA
"buf250","MesicUpRem_For4 Musgrave",19228.8978027825,10257.8660278507,9371.20285183706,18643.8774285593,7626,0,72949.4381679755,5538.18697334419,33983.6063564774,2858.09878541907,4246.35882388234,1202.65219794007,8165.6466522836,0,515,0,0,1673,0,0,0,0.00384272378869355,0,0,0,0,NA
"buf250","MesicUpRem_For40 Kunes",9425.02742296166,63153.9697489732,10052.9670217624,12234.1081266564,0,0,74886.7678644196,6142.65495935192,393,0,1444.36092803488,1147,0,0,8536.9897828573,410.657699557458,0,302,256.37008417396,0,0,0,7873.96227189353,0,0,0,NA
"buf250","MesicUpRem_For42 Marks",0,0,1468.66483774963,0,0,0,166052.684198176,103.624120204477,87.4124495326541,0,5147.45030527943,0,0,0,0,0,0,0,0,23400,0,0,0,0,0,0,NA
"buf250","MesicUpRem_For43 Marks",0,0,6548.81313548889,0,0,0,149300.975479587,138.546054844745,1679.9484296235,0,14857.0855880905,0,0,0,0,0,0,334.467223675253,0,23400,0,0,0,0,0,0,NA
"buf250","MesicUpRem_For7 Jones",0,25314.6609918709,3028.83644204529,15031.6585344115,0,0,83495.050655557,0,8725.1752105831,0,0,0,0,0,2878.09712708049,0,136.054469324183,0,0,0,0,0,57650.3024804999,0,0,0,NA
"buf250","MesicUpRem_For9 Pecher",11456.6982842387,55385.2638264631,8550.61260885867,3487,838.592624714598,0,79645.2735447961,0,13489.3233882651,0,14325.6524594584,0,8547,0,534.419174592535,0,0,0,0,0,0,0,0,0,0,0,NA
"buf250","MesicUpSuc_For11 Scott",0,0,14339.478501231,0,0,0,154494.760287373,0,14,0,9846.39625123613,0,0,0,17565.2008713295,0,0,0,0,0,0,0,0,0,0,0,NA
"buf250","MesicUpSuc_For14 Cuddleback",29602.4704013001,5611.10158812616,11004.616953123,1799.55129848502,0,0,73386.6024008174,0,39103.9268747924,0,35385.738675585,0,0,0,365.8277183756,0,0,0,0,0,0,0,0,0,0,0,NA
"buf250","MesicUpSuc_For30 Power",0,0,24232.3386753366,0,0,0,156415.64708301,34.8640893745469,2704.09748208511,0,4689.7547889072,0,0,0,1690.25657025498,0,0,0,0,6492.87722233997,0,0,0,0,0,0,NA
"buf250","MesicUpSuc_For35 Arnot",0,0,0,0,2198,0,0,6670.76080420894,6929,5268.79360935575,10524.6930647011,0,0,0,4192.48498226289,0,0,6493.36628492829,0,153982.737165033,0,0,0,0,0,0,NA
"buf250","MesicUpSuc_For37 Conn. Hill",0,0,0,0,0,0,14541.701628012,3647.90200845059,32,2922.25329773483,3717.66839228257,0,0,0,0,0,0,0,0,171398.310584966,0,0,0,0,0,0,NA
"buf250","MesicUpSuc_For44 Bishop",0,121.247563719749,3443.91818165762,0,9921.45709258248,0,176634.361257256,0,1800,1631.81480936929,0,0,0,0,0,0,0,345.113416337845,0,0,0,0,2361.92359017239,0,0,0,NA
"buf250","MesicUpSuc_For45 FLNF",0,0,0,0,2,0,23403.4260462201,1878.51678073965,0,1550.20326632992,87.1422312455252,0,0,0,0,0,0,0,0,169338.547586764,0,0,0,0,0,0,NA
"buf250","MesicUpSuc_For5 Manuel",17316.5020915687,59570.5099454818,743,685,1854,0,58063.6856641899,4074.22529545709,4103.78819001978,2662.50007847883,2773,0,34881.0834181178,0,77,0,0,0,0,9455.54122791447,0,0,0,0,0,0,NA
"buf250","MesicUpSuc_For6 Jones",0,58836.2771615414,6550.5214409042,33533.8987990206,0,0,23560.7015759981,0,724.347397819045,0,0,0,0,0,686.522457541898,0,0,2214.24886408164,0,0,0,0,70153.3182148976,0,0,0,NA
"buf250","MesicUpSuc_For8 Pecher",3309.95828837788,58097.6144566541,1772.73371496786,12821.279904807,4097.75967238098,165.851270977961,78073.8171686355,3297.22925026668,8619.35906714635,1997.89219680615,2007.10791274426,0,188.994458787845,0,13.6577738523483,4227.55661448941,5740,432.212428373452,0,0,0,0,11396.8117318652,0,0,0,NA
"buf250","Pasture_1 Jensen",36711.1321001279,5725,6609.47674830012,14536.294782522,10716.5415125511,118,4813.86436083517,15523.493891554,0,3824.51793538561,1788,44020.7573599431,24730.2486205566,0,6170,17903.6017877019,0,0,468.63367646077,0,0,0,2600.27313428896,0,0,0,NA
"buf250","Pasture_2 Wickham",36990.0427654781,14915.4057331731,53010.313615946,0,12661.8611580427,532,0,14770.179989916,9196.95258165603,4137.43147752248,31545.4195398722,713,360,12214.004266376,1965,478.533261716366,2368.69152105413,401,0,0,0,0,0,0,0,0,NA
"buf250","Pasture_3 Haines",17951.947486751,21620.3975740852,37856.3697769835,18404.4999812819,0,0,57832.4171541869,4099.6157090721,9556.51038852747,0,24174.0778403749,0,0,0,2189,0,0,1922,0,0,0,653,0,0,0,0,NA
"buf250","Pasture_4 Sherman",37708.2233172484,6926.42871083217,45258.5508674393,8604.36911472579,9621.87714035314,0,8485.71044971058,10349.5534066871,996.311765812396,3082.06552668283,18691.3988540158,5942,7635.39542779353,0,13489.8802423961,0,0,0,13994.4586753987,0,0,5473.6124115549,0,0,0,0,NA
"buf250","Pasture_5 Cornell Equine",3266.86510957842,1631.33028626212,31679.3541203384,2044.58041841304,59864.8335351736,1632,53229.8021243947,13057.1636325391,8185.73174518556,4808.41173300954,207,0,844.672242378932,0,1390,5545.64627009304,2394.86852395441,4906.57617032552,0,0,0,1571,0,0,0,0,NA
"buf250","Shrub_Wet10 Ellis Wet",31.9556454503909,0,5819.1618223222,0,0.618405938148499,0,0,28,1650,24.9294566561002,21364.5107370692,0,0,75008.5819700185,0,32497.5049124198,35383.7118210526,272.362689196831,0,15120.481724153,0,0,9058.01672655158,0,0,0,NA
"buf250","Shrub_Wet12 Conn. Hill",0,0,0,0,39,0,179894.522028342,3710.39693650854,0,2948.91694661602,2551,0,0,0,0,229,1770,5117,0,0,0,0,0,0,0,0,NA
"buf250","Shrub_Wet18 Payne",0,0,6233.64192454377,0,2078.30123261758,0,0,4971.17700228076,13696.554227909,3093.77647178876,21869.7855431301,0,0,92258.4073315513,0,43764.7152320598,7246.47694469197,557,0,0,0,0,490,0,0,0,NA
"buf250","Shrub_Wet20 Lindsay Parsons",145.644358710027,0,22629.193560703,0,2966.94361028583,0,0,2768.99674289138,17366.3017622707,2008.1077756919,6461.66685220598,0,0,69235.308602105,8809.70404684293,1501,25041.9685986944,4044,0,0,0,0,33281,0,0,0,NA
"buf250","Shrub_Wet7 Power",0,0,31840.929348316,0,9864.42974753768,0,106680.762249622,4448.19590462691,7649.86891175076,2487.03168839007,15754.5470939674,0,0,0,3387,1765.97958771279,8807.10435429108,772,0,2801.98702563834,0,0,0,0,0,0,NA
"buf250","Shrubland_1 Ellis Hollow",0,0,4723.18838570104,0,4957.82751262351,0,128672.50966952,3884.69854903483,18827.5077174624,1631.25103236223,25977.8550012983,0,0,0,0,0,0,632,0,6952.99804294039,0,0,0,0,0,0,NA
"buf250","Shrubland_2 Jasmine",0,0,37585.479134083,0,4213.56460802328,0,89815.7562987108,3687.30681241641,28282.9478843225,2232.21285248454,14647.4721234615,0,0,0,2050,0,0,0,0,13745.0961975104,0,0,0,0,0,0,NA
"buf250","Shrubland_3 Long Pt State Park",0,0,11570,0,0,0,93863.5357471526,4382.61390709667,64360.6823645921,3469.12905495125,14979.8748372373,0,0,0,3634,0,0,0,0,0,0,0,0,0,0,0,NA
"buf250","Shrubland_4 Blueheron",5976.84147562998,0,66652.9412654803,0,9097.127770062,0,41320.661703604,0,47678.3881769162,2185.409928523,13756.4296302839,0,0,0,0,0,0,5144.03596016695,0,0,0,3600,0,848,0,0,NA
"buf250","Shrubland_5 West Haven",1497,207.395549483597,49417.3352410234,0,4283.06625583436,385.733300715394,53605.4132409427,10190.7324070997,17931.5384878283,4497.46267304808,6356.11362278814,1465,998,0,2216.24271459691,13180.1898390539,24738.0879738445,3758.27838520333,0,0,0,1532.24622006714,0,0,0,0,NA
"buf250","Swamp_For20 Freier",0,3644.26012031455,900,58073.750729384,0,0,8081.0496413198,0,16503.354221017,0,0,0,0,0,0,5133.06528653461,38050.1572605176,1761.65295310636,0,0,0,0,64112.5456984866,0,0,0,NA
"buf250","Swamp_For24 Lott",891,89227.5203920961,54807.6340057722,7131.40997654141,11041.5871391278,0,18333,0,7088.30515478721,3065.61589184776,0,0,1715.64915820211,0,2671.19097763508,0,0,0,0,0,0,0,0,286.923214490293,0,0,NA
"buf250","Swamp_For31 Haines",1802.12651108025,17112.2308360472,2.72144605964422,3307.8606512486,0,0,117224.60504559,0,5790.07646518102,0,36,0,0,0,312,1254,0,0,0,0,0,0,49418.2149564248,0,0,0,NA
"buf250","Swamp_For39 Conn. Hill",0,0,0,0,3680.83585964348,0,169169.439138341,2914.70536147975,2306.99611377716,2485.81125895679,11789.2980746849,0,0,0,0,0,0,3912.75010450087,0,0,0,0,0,0,0,0,NA
"buf250","Swamp_For41 Kunes",814.684252412757,16873.7415782428,10998.1797540527,8985.00294752568,0,0,50533.6663117022,13615.8398531443,5913.54358890816,0,69,64506.4533593353,0,0,2330.5804376602,1021.90520629287,999.799768401892,64,387.194563087396,0,0,363,18783.2442897912,0,0,0,NA
"buf250","Swamp_Wet1 Jones",0,17609.7243387243,890.02846956253,10254.4442816505,0,0,81045.6476664577,0,19535.2701092281,0,0,0,0,0,271.584783127066,0,0,0,0,0,0,0,66653.136261646,0,0,0,NA
"buf250","Swamp_Wet14 Owasco flats",0,0,0,0,1909.88366144896,196,56043.334330847,4859.87631329708,808,2825.93374413811,20.2138257991303,0,0,0,0,7925.12334555938,0,3172.04954188256,0,0,0,0,118499.421148645,0,0,0,NA
"buf250","Swamp_Wet17 McDaniels",0,0,52701.1916149742,0,11751.074035293,0,51820.0570586398,5468.97297472286,7049.89580758056,2914.41216504395,49478.5996040774,0,0,0,15038.6326503347,0,0,37,0,0,0,0,0,0,0,0,NA
"buf250","Swamp_Wet2 Pecher",21436.3131099474,62641.3425172487,1177,8113.25513593574,0,0,68691.2152061282,0,1221,0,2447.5583977947,0,0,0,0,4297.61892334651,2157.53262053344,0,0,0,0,0,24077,0,0,0,NA
"buf250","Swamp_Wet4 Monkeyrun",5578.84665682499,6137.10847026573,29743.1814418364,0,0,0,74270.7589395062,6673.2827719278,2495.47933610127,314.034123014775,8364.01272484237,5420.57953851704,3316.90945687628,0,30492.505830327,0,0,1880.13662020746,0,21573,0,0,0,0,0,0,NA
"buf250","Swamp_Wet5 Haines",0,30917.8193406596,2310,203.026495120837,0,0,110027.707353458,0,7401.38957678783,0,2244.77751457067,0,0,0,1337,1254,0,0,0,0,0,0,40564.1156303887,0,0,0,NA
"buf250","Swamp_Wet6 Jensen",3088.30193073828,25746.8950606454,359.436463079925,0,0,0,16076.1005452116,0,2578.37148281654,0,0,4788.29002728059,31996.5577133696,0,604,7089.25905124054,0,0,0,0,0,0,103932.62363608,0,0,0,NA
"buf250","Treerow_1 Case",2701.89782560058,91181.913559849,5197.91333264112,54203.7018716182,2248,0,0,0,3258.98031699331,3054.81587297376,900,30215.7368568334,0,0,1770.85223833099,0,0,283.112642891705,0,0,0,0,0,1242.91139359772,0,0,NA
"buf250","Treerow_2 RJO rose",45292.4522359269,0,51074.6965434879,0,1858.08410516288,0,33.3795164227486,2514.64212552167,0,342.101780360099,38976.350864178,0,0,0,0,0,0,0,0,0,4183.95109036565,51973.1776487315,0,0,0,11,NA
"buf250","Treerow_3 Matton",40501.4303952109,63343.4049523084,15344.632514242,0,5693.04133389083,0,45826.798784373,3885.10719329584,13282.4593584185,2319.39307461803,6063.56830488905,0,0,0,0,0,0,0,0,0,0,0,0,0,0,0,NA
"buf250","Treerow_4 Dunlop",0,0,105301.119905096,0,3120.16589585273,0,0,252.82691678172,5038.23801269335,0,59080.9745572084,0,0,17435.6024528996,6030.90817096419,0,0,0,0,0,0,0,0,0,0,0,NA
"buf250","Treerow_5 Pecher",1532,125367.042950453,2907.15209287405,40503.2426456662,4506.29045516253,210,9473.76842667289,4197.69897420891,4048.80447404657,2956.83589152619,557,0,0,0,0,0,0,0,0,0,0,0,0,0,0,0,NA
"buf250","Veg_1 Church Creek Farms",60773.0678908135,49303.7840661196,29183.058975025,4671.7008409095,6111.89946174622,727.460304187611,5523.86802351824,8537.4904908929,22242.6124213557,0,0,2787,900,0,3452.89343569992,0,0,0,0,0,0,2045,0,0,0,0,NA
"buf250","Veg_2 Plowbreak",11658,5305,67901.946238759,4499,2993.66943994869,0,16332.6746118191,5901.14419195714,16803.4102473684,2294.39859615664,17761.9962765497,0,105.344172506779,0,0,0,0,167.227833449841,0,43734.0243024712,0,802,0,0,0,0,NA
"buf250","Veg_3 Silverqueen",75991.3987416148,56246.2335533594,10313.1432283923,33684.6712669523,0,0,7424.1713609692,3372.38724009694,1414.93432152073,1240.90257609391,1926,900,11,543.378087641206,2758,0,0,0,0,0,0,433.615533543605,0,0,0,0,NA
"buf250","Veg_4 Blueheron",499.459603044554,909.295351593522,85382.3984050625,0,436.822740788368,0,48823.1433273688,0,45966.7705253147,0,1491.2986803438,0,0,0,882.377269518212,0,0,5949.51002715449,0,1733.8500575441,0,3804.2646586406,0,380.64526540041,0,0,NA
"buf250","Veg_5 West Haven",0,3083.80717390537,95282.3530163944,3600,5509.42001125112,0,4174.15602417995,7308.00224445977,42880.0405489227,2680.24957127892,10845.6461359765,2632,900,0,2715.38480255753,6499.83342703099,2412.94295488112,1260,0,0,0,4476,0,0,0,0,NA
"buf250","WinterFallow_Ag1 Mattoon",1949.93478582357,165949.412107931,2566.79066790418,2185,0,0,7210.36115720269,5366.83180243157,2004.05891147256,0,0,0,0,0,830.326512727886,0,0,2445.19477946965,1313,4438.92518574046,0,0,0,0,0,0,NA
"buf250","WinterFallow_Ag10 Case",0,6068.92389399296,0,150912.031887086,8857.65559591905,0,0,0,0,2867.92020935667,0,24020.7341018287,0,0,1800,0,0,0,214.021800363436,0,0,0,0,1518.54842343135,0,0,NA
"buf250","WinterFallow_Ag11 Jones",1674.1066822107,58445.3495996597,13012.8586527663,56727.0520628307,18759.6176527312,0,11588.752810678,0,3493.03394314554,4851.20294809807,16801.1996253907,0,0,0,0,0,534.979941003461,896,0,0,0,1800,0,6006.68199239338,1669,0,NA
"buf250","WinterFallow_Ag12 Cuddleback",10982.0880122446,24981.2759981557,2618,31787.8315892694,14178.381708466,303.766924926895,747.054258291813,7616.85758406806,29431.7921311678,2867.31142483279,1895.89579149568,0,41378.5700920824,0,765,1766.70492989695,0,0,0,0,0,0,24939.3054655233,0,0,0,NA
"buf250","WinterFallow_Ag14 Smith",0,52272.7185181857,2184.06953194726,80322.1174308243,15506.326401653,0,35827.7026737451,0,0,4468.73699837271,0,0,0,0,0,0,0,0,0,0,0,0,5678.16435602422,0,0,0,NA
"buf250","WinterFallow_Ag2 Mt. Pleasant",7828.26586398584,58745.1136159562,13590.8009613629,8160.76926451526,5889.48139322177,0,58971.6190521823,3992.21178593431,13107,3007.17878703959,16567.8671543366,998.044406262808,0,0,2718.03962504938,0,0,0,1638.14164527552,1045.30235561921,0,0,0,0,0,0,NA
"buf250","WinterFallow_Ag3 Mekeel",10075.9902260305,64477.9823296009,4610.53274178738,29552.2645080061,8650.07416360659,134,33204.4143039887,8285.7575058905,762,5733.7538427934,28973.0662901903,0,0,0,900,0,0,0,0,0,0,900,0,0,0,0,NA
"buf250","WinterFallow_Ag4 Carpenter",4625.48300621823,52518.67862078,4237.6024030894,70517.8701730946,9497.51605619304,62,12302.3564422509,9345.16716656362,191.963919460773,4493.8409177321,2997.46679395757,21142.3935403732,578.391345918179,0,1024.63042174431,0,0,0,0,2724.47510323644,0,0,0,0,0,0,NA
"buf250","WinterFallow_Ag5 Witmer",1265.54858170729,71874.1294430824,8952.10530308005,21567.5912151582,5763.87305916799,557,52626.0223659179,7579.71280501036,16417.2851380872,3125.98840296268,2585.00514915539,0,0,0,0,0,3945.57444860472,0,0,0,0,0,0,0,0,0,NA
"buf250","WinterFallow_Ag7 Musgrave",71066.9527018967,11202.3073660267,12525.1251622969,18178,2039.82987707853,0,861.319171439856,3754.19442265853,20636.3409243966,2986.10174991009,16002.6158727249,1800,20803.7823611237,0,11703.2663009362,0,0,0,2700,0,0,0,0,0,0,0,NA
"buf250","WinterFallow_Ag8 Freier",0,115051.782766298,3001.75518027705,61414.6326324803,8617.31081959518,0,0,0,0,2956.82451045653,900,0,0,0,4317.53000189547,0,0,0,0,0,0,0,0,0,0,0,NA
"buf500","Alf_Ag17 Jensen",192670.484760815,203193.260718419,5867.1216668235,146039.562826728,14545.3967597727,231,108385.36613078,12960.075759933,6084.45566809295,7451.28752873512,0,496,0,0,0,2917.94210293563,0,0,0,0,0,718,83479.3897226714,0,0,0,NA
"buf500","Alf_Ag18 Wickham",245514.466130901,34408.3625830038,108959.272978082,0,37499.3863157575,655,0,27163.5167227767,25829.2846010342,8962.90303660773,78951.8080060612,1613,2792,192731.422024838,8672.1272881727,1097,2730,401,0,7058.79395683134,0,0,0,0,0,0,NA
"buf500","Alf_Ag19 Mattoon",321894.784558163,291506.063409525,18139.0546475476,8365.5876177497,26772.4394960221,12,43158.1124720551,20866.2203594911,15239.5076649832,5805.96855983562,4590,690,0,0,2639,2762.68428179203,13182.9205767065,0,1313,8102,0,0,0,0,0,0,NA
"buf500","Apple_1 Grismore",59197.5784328043,78320.5673078768,111609.438518619,170587.296944531,33540.7232525887,875,104954.415706993,34183.7008433958,47812.3414687669,12444.1770607554,50960.9625951193,2828,36081.7360589331,0,20602.6128788622,972,13275.7925743501,0,5125,0,0,1668,0,0,0,0,NA
"buf500","Apple_2 Cornell",30479.6966445092,4878,141139.535065661,9795.42315415852,203206.939085868,8710.93856785051,42170.5075050419,250903.319296904,25924.8231102358,29869.4167991047,24699.1345470736,2820.00334155623,1756,0,7236.73595774128,0,0,0,0,0,0,1448.87056696357,0,0,0,0,NA
"buf500","Apple_3 Caldwell",0,0,239510.533714378,0,32351.4935793702,0,330404.029744256,23045.187260263,42857.692532701,10883.5732450427,93012.7407981551,0,0,0,0,604,1080.64330508836,0,0,11289.4494652741,0,0,0,0,0,0,NA
"buf500","Apple_4 Black Diamond",250987.18473842,5978.05430212751,238925.692531835,900,12293.7653259314,0,102745.748775193,77,70477.7911113047,3726.7406267137,91800.5635349726,0,0,0,962.146230948856,0,0,4429.12367493307,0,0,900,0,0,835.532792437094,0,0,NA
"buf500","Apple_5 RJO Rose Farm",128049.507982159,64067.9189822655,123012.452478106,110969.929890928,16208.1097719931,88,20551.5806111768,26866.1606124727,1402.74185891624,5581.93608276783,71818.3529817462,23833,17976.7751386277,0,20007.5986242396,0,0,0,13352.2952157783,0,13784.2998893112,127457.683523034,0,0,0,11,NA
"buf500","Conifer_For12 Scott",3635.13312393017,0,28506.2170147153,0,0,0,622315.513388519,0,3246,0,62744.6343925603,0,0,40743.7684777655,23848.0772465288,0,0,0,0,0,0,0,0,0,0,0,NA
"buf500","Conifer_For15 Frozenocean",0,3084.77991001212,1995.08811086416,763,8030.00563414395,956,595119.542493939,12099.343267095,102458.421779527,9539.06763094799,13312.9469052221,0,0,0,0,1,23894.9907269836,4444.15718328301,0,0,0,366,8975,0,0,0,NA
"buf500","Conifer_For17 FLNF",2789,0,1030,0,9120.44646269083,1836,580842.589989809,12883.0345111573,20495.1268624729,9073.6440048134,6979.93984118232,0,0,0,2237,0,0,0,0,132805.5619716,0,0,4947,0,0,0,NA
"buf500","Conifer_For2 Cornell Ponds",0,0,95094.2174656293,1375,6708.55596071442,1945.74182249914,400057.964676449,23009.9928257334,22275.289774754,2586.6274047959,63009.31137985,548.812020361423,900,0,0,5480,0,73784,1637,0,0,0,86626.8303132549,0,0,0,NA
"buf500","Conifer_For23 Saltonstall",13703.8271353834,613.911099646473,144412.323504033,0,8198.77436781317,206,357472.743487135,8884.71713254626,185416.294184183,5583.9726615719,22576.7465846912,0,3525.42120361514,0,7963.35526686261,0,0,1838,0,0,2335.50553955883,22307.7514771387,0,0,0,0,NA
"buf500","Conifer_For28 Monkeyrun",0,0,984.088029788702,0,87734.1020409238,4983.79067046017,507420.917989599,28330.0042813684,21735.4874785373,9593.91502605221,62957.3178863799,0,0,0,0,362,1537.02767733804,20227.6794853413,0,17315,0,0,21858.0130783199,0,0,0,NA
"buf500","Conifer_For33 Lindsay-Parsons",0,0,0,0,2431.04332112521,0,59104.1203544417,8225.82675399022,0,6406.05385091738,2150,0,0,147882.289999109,0,0,0,0,0,558840.009365461,0,0,0,0,0,0,NA
"buf500","Conifer_For34 Danby",0,0,391,0,9368.39976140542,0,292976.758280164,14235.7076580557,979,11307.5807572729,6025.85809217021,0,0,351641.206375661,0,1580,5875,0,0,90658.8327197586,0,0,0,0,0,0,NA
"buf500","Cover_Ag13 Smith",4121.76088430936,393806.952923377,17065.0443933731,50569.0395903625,51787.3950962943,0,21090.6270917496,0,1743.78157014121,17431.229237968,1486.79497382045,0,164407,0,14993.1871737223,0,0,16135.0851746838,24690.2185208929,0,1878.8929058779,0,0,3832.33410721019,0,0,NA
"buf500","Cover_Ag15 Lott",2700,245101.228773625,31949.8962019465,278712.297304869,95814.6536575672,0,0,0,3415,13338.8388229213,2435,2107.14629584159,35335.1276527214,0,8541.88963509242,0,605.602898363544,1160.12744135933,0,0,0,0,0,37137.7903517791,26684.7446068525,0,NA
"buf500","Cover_Ag16 pecher",57428.1417912636,262242.128810608,1720,113590.888856058,6206,0,203762.125056325,6137.29606460594,19519.5848860435,4689.01536213269,8747.9289018708,0,9511.90936111819,0,0,24200.8326887412,7363,0,4186,5549.6380900141,0,0,50184.8537760704,0,0,0,NA
"buf500","Cover_Ag6 Witmer",26628.1411112359,461722.094465122,25862.4963779848,10665,18197.4447305512,0,65433.1792642235,24930.0234893952,22107.624285696,6120.34127533808,32270.2213323116,0,0,0,13792.0253172566,26853.9435878432,39301.6165559149,2430.96109075967,1840,0,0,900,5984.23075903999,0,0,0,NA
"buf500","Cover_Ag9 Freier",229475.513545354,69075.9186064348,65500.7304411381,195787.609250578,29232.7720084745,0,29202.8821113874,900,900,10006.8692679771,54134.2101786604,900,46636.0947141315,0,11440.6536705811,0,0,14115.6093399376,0,0,851,724,22435.4805084009,3720,0,0,NA
"buf500","Developed_1 Park Place",0,0,0,0,318325.00614206,88903.4890122639,3421,365893.198541258,4112,0,0,0,0,0,0,0,0,4384.64994854377,0,0,0,0,0,0,0,0,NA
"buf500","Developed_2 Vet",34303.8593375012,5682.8443301475,150515.803146699,10593.6998247784,211454.064545374,9811.3078884827,34893.3909393214,246396.994326638,14183.8676053535,31779.2018309479,21092.3098698269,2761,1756,0,8015,0,0,0,0,0,0,1800,0,0,0,0,NA
"buf500","Developed_3 Danby",900,0,256799.623804476,0,103124.163125013,4952.8197931936,111751.783771157,42120.6410446034,86435.2011533093,12906.800117859,74638.3401965183,0,0,0,1352,49841.4776769059,34402.6442119756,5811.32764293952,0,0,0,0,2.52110673487186,0,0,0,NA
"buf500","Developed_4 Sprucewood",0,0,12247.7405237795,0,54701.9826330964,25650.1823247999,514428.72847002,54580.9129006323,28736.9678581626,16142.7117663053,12557.3038631325,0,0,0,535,13131.1658580435,13223.3599803424,0,0,9535.25172036807,0,0,29568.0357457709,0,0,0,NA
"buf500","Developed_5 First Pres",63110.0737021449,118620.315222133,191861.329703116,93336.2533410972,60494.6512762214,7865.23666629381,0,70335.5848767383,103668.274918746,12042.9450419042,9845,2132.64819472656,25379.3367320564,0,19300.2451401707,0,0,0,4428.44882778706,0,0,2619,0,0,0,0,NA
"buf500","Ditch_1 Johnson St",20209.7462296702,2248,152031.032284507,0,37111.8120295867,632,0,28994.0529699686,21232.8429180825,7024.97918906633,163239.749426827,1656,0,253957.035927042,25325.0598737951,28154.4680242175,22663.934000446,11301.6093057547,240,0,0,367.282715246198,8649.73874916234,0,0,0,NA
"buf500","Ditch_2 Cornell Veg",120404.004736683,30276.416252315,150565.754887845,38770.4400878053,36447.6650949451,58,72019.9881588336,40046.4689016708,34206.9648345657,8105.14241955895,75850.3583133397,20992.935037575,54299.9923195201,1255.35998872668,43655.2028357563,0,0,6267.64977527363,39770,0,0,12047,0,0,0,0,NA
"buf500","Ditch_3 Carmen Rd",15760.2768913863,210127.238923277,34446.2748384635,133446.153854888,36739.8231875243,27,188081.818217313,21573.416319427,28162.8347537861,14058.8944069348,24322.5118154633,51096.5125481885,4517.00584203438,0,11079.4052992885,0,0,2051,0,7323.17674759858,0,2226,0,0,0,0,NA
"buf500","Ditch_4 Freese",179967.408385438,47926.9587040517,91699.6153672863,27162.3406222961,30308.2151117373,17.7807740308344,182830.754352302,27583.805958543,56251.6640042955,9833.48047410627,58434.5796999615,1523,10762.5645333123,0,16482.8673340014,0,0,15097.2485517451,362.049133171138,26587.010639054,0,2208,0,0,0,0,NA
"buf500","Ditch_5 Collins",1209.34405085658,49523.4895604195,116113.06265069,60672.2805586825,25223.2459543786,403,321623.812808057,22752.9519628283,78849.1198145768,9818.89470142452,63568.3602367858,0,0,0,8931,3229.36275384482,9858.81811112774,0,0,0,0,320.60048172716,12942,0,0,0,NA
"buf500","DryOak_For16 FLNF",0,0,0,0,0,0,462434.493589336,8267.4210802922,633,6508.96924768388,10979.4072420471,0,0,0,0,0,1046,5586.67533382042,0,288334.377148436,0,0,1249,0,0,0,NA
"buf500","DryOak_For38 Conn. Hill",0,0,6574,0,5855.34190989705,0,657860.414976029,2039.91226109536,4853,1778.92714550685,40638.3135957346,0,0,0,6230,3011.94460239075,21964.304297655,5908,0,26640.1848565173,0,0,1685,0,0,0,NA
"buf500","DryOak_For46 Eldridge",0,0,72792.0282320676,0,21976.6173500324,844.955298125744,406121.617253603,32207.9006896287,55715.3905108862,15226.7252965155,63064.4878284962,0,0,0,0,0,0,3593.35055031201,0,113496.270634165,0,0,0,0,0,0,NA
"buf500","DryOak_For47 Baldhill",0,0,887.410729045907,0,0,0,749144.419412499,9408.81302914489,4124.61346304572,6180.12966294312,10644.3962427251,0,0,0,0,0,0,2298,0,2351.56110530708,0,0,0,0,0,0,NA
"buf500","DryOak_For48 Shindagin",0,0,0,0,0,0,474484.972855889,0,0,0,0,0,0,310554.370787889,0,0,0,0,0,0,0,0,0,0,0,0,NA
"buf500","Edge_1 Mcgowan",47426.8541406548,34565.5498139351,270616.97660496,17642.7344636575,88092.3836948236,2674.56854295731,107932.112984924,81007.3332909031,21498.778438151,21249.6889440069,62388.7173152426,4379,3880.5184798289,0,12301.2146235457,0,0,1155.9123078595,7954,0,273,0,0,0,0,0,NA
"buf500","Edge_2 Warren",13594.6671059007,241341.152426168,107462.537622103,18266.0658026785,63921.9715661974,13468.3204946748,154567.978367231,47945.3026601348,44637.3129579774,17126.4868158359,23638.3708635683,1372.19160340237,9287.33543014435,0,23243.8339631436,551,515,2611,0,0,0,1488.81596406177,0,0,0,0,NA
"buf500","Edge_3 Mattoon",121867.600695297,141389.038073745,39563.2945055194,50632.512380284,3684.02416492609,0,292960.903606982,7580.27047450568,42514.4688989886,3570.27205155368,23248.0893791275,0,37717.6609884638,0,8113.20842445968,0,0,0,1730,8100,0,0,2368,0,0,0,NA
"buf500","Edge_4 Dunlop",0,0,162202.420111254,0,28237.3879282663,0,0,14904.1034727302,31718.5015072632,6872.60062128075,141103.394611924,0,0,366633.315100837,9352.84038523008,3253.36241739569,18703.4548222802,2057.96266495071,0,0,0,0,0,0,0,0,NA
"buf500","Edge_5 Pecher",20356.0362718226,307559.642717316,5040.47661878867,113021.780112786,7499.54733407311,210,214683.611340835,8806.12554497097,22105.2611199056,5908.96331959218,6487.33572427416,0,456,0,38,10437.7220709801,6218.60981187296,693,0,2761.34689975334,0,0,52755.8847559253,0,0,0,NA
"buf500","Emer_Wet11 Conn Hill",120.242288480106,0,3435.8886463405,0,4072.99928063154,0,201473.340526108,15468.4893550895,0,12192.9789389521,15548.1706170752,0,0,338219.590691427,0,12572.5612691199,33627.7367509175,18759.0964250778,0,122684.248854043,0,0,6864,0,0,0,NA
"buf500","Emer_Wet13 Conn. Hill",0,0,0,0,444,0,292344.777423541,8235.97599369753,830,6312.44742279696,24100.9717208961,0,0,26114.6919225976,0,65,3890,5367,0,417334.479159895,0,0,0,0,0,0,NA
"buf500","Emer_Wet15 Owasco flats",0,0,0,0,4124.74689478893,196,205392.782592896,12764.8998058792,18153.14729317,8223.23926120729,738.31988059857,0,0,0,0,55676.6513275841,0,11458.3164557474,0,24176.495848545,0,0,444134.744285254,0,0,0,NA
"buf500","Emer_Wet16 Mazourek",7300.22025288618,44242.9429959644,62006.4253328671,8464.33917774557,107140.518087207,1447,30631.8120934517,17808.9850744403,13171.4594303146,9106.05552703328,72159.0629459109,0,0,182173.928177362,1800,77958.7013932526,22903,21646.2518505015,0,105078.64130679,0,0,0,0,0,0,NA
"buf500","Emer_Wet19 Park Reserve",900,0,13908.7723344536,0,6031.38665620494,0,344495.554104147,8691.61298283562,13137,5284.70139019121,25193.2803178413,0,0,230752.571467311,577,69090.095235284,25225.015175147,32079.4067157999,0,1757.94726571027,0,0,7915,0,0,0,NA
"buf500","Emer_Wet21 Wickham",34188.5459429218,0,5074.28544621955,0,2846.66564325157,0,0,2030.82936917548,6185.87114739735,1247.50093919516,11121.9567097243,0,0,114083.677112259,855,16204.520865504,19039,98428.6202526793,0,159254.969056721,0,0,314477.901159287,0,0,0,NA
"buf500","Emer_Wet22 Cayuga Lake WMA",290.745456766075,39901.0456084479,54788.1204275925,162227.840609478,37624.8282667657,0,114604.8725705,0,48219.1491895105,8810.83319943785,0,0,0,0,1542,215379.17545482,43052,3473.21045909077,0,0,0,0,55116.6998654743,8.82253659538401,0,0,NA
"buf500","Emer_Wet3 FLNF",0,0,18468.4541355454,0,6804,0,422903.875403823,11083.8897885885,33004.3114877317,8734.83115582447,16512.4243734685,0,0,0,0,0,28.5887104912581,0,0,266908.276070232,0,0,590.692517936288,0,0,0,NA
"buf500","Emer_Wet8 Goetchius",53258.5000318272,24420.2134632294,192978.829420039,946.82982151294,31623.2753056347,110,24343.5210335587,30229.2405129494,22744.319164942,8798.70219096076,93123.4142708726,3771.6886131689,0,38673.1950435427,10685.5177727321,155450.524775437,43792.6401715559,4227.05855339323,0,0,0,845,45016.8734985975,0,0,0,NA
"buf500","Emer_Wet9 Ellis Wet",1174.34535343253,0,38885.4739532449,0,0,0,467.055661447986,1274.65777385049,7430.7713049806,326.280446899123,58366.7374956276,0,0,412053.233858476,3846.70375820529,148561.953618678,56871.8884704838,8107.04148151521,0,2292.02073697688,0,0,45381.1797310053,0,0,0,NA
"buf500","Field_1 Power",0,0,103983.182342818,0,45001.9663800139,119,368188.771068221,19122.6344454114,40722.8751205388,10021.571867109,68343.6513048979,0,0,2564.97796256785,12152,2931,21793.9187293057,2912.69714549463,0,87181.0972779336,0,0,0,0,0,0,NA
"buf500","Field_2 Lindsay Parsons",1759.8144276283,0,240033.313242023,0,39163.5066424048,23,20460.5478939475,15930.4637772447,12173.8222680576,7336.9193032909,73220.5711534378,0,0,207712.130709583,19905.1685458148,21383.6117922672,11505,102398.829234556,0,0,0,0,12032.644653865,0,0,0,NA
"buf500","Field_3 Lott",4494,328404.252587287,45634,8675.73890110542,0,0,114144.346867839,0,207630.655542892,0,2700,0,900,0,5400,0,0,66156.3497439474,0,0,900,0,0,0,0,0,NA
"buf500","Field_4 Jasmine",779.53153673085,39073.4323894465,196523.767570818,51767.8014672564,40384.5003117014,154.863077077083,232697.208909918,26098.8010934786,108811.203237795,13169.5647793736,45802.6732797404,2069,0,0,7827,1704.28220183601,1167.71378910262,0,0,17008,0,0,0,0,0,0,NA
"buf500","Field_5 McDaniels",0,0,132527.564149642,0,15460.9201162318,0,378122.333835647,12478.175164075,70766.2964056387,5439.06578762829,116956.292581105,0,0,0,38818,1362.77948707715,63,1060.99008088713,0,0,0,0,11983.9260367207,0,0,0,NA
"buf500","Flood_1 Cuddleback",54193.4344933313,154728.827072695,67187.8511221437,77904.0426058393,33817.1123253379,1597.88263624907,146311.911505006,19717.615572872,163460.400456735,8647.73069212266,36995.5312176461,22.9185017617419,0,0,6428.62281177053,1568.60031432728,0,2044,1053,0,0,426,8933.86231578513,0,0,0,NA
"buf500","Flood_2 Salmon Creek",62894.0984800688,746.867588057838,19573.9781783391,184.689980207011,8742.58379646618,158,359158.608230114,10415.7440742421,186065.480860159,7927.44449989311,24930.2968763181,0,0,0,6761.14100801262,14798.2323211407,0,9448.83739175461,0,0,0,0,73233.3403591493,0,0,0,NA
"buf500","Flood_3 Cayuga Inlet",0,900,76258.7676353398,2125,24611.3578345924,4114.54471504699,313142.696894915,38979.6106639366,169649.310281741,13354.9876923783,47972.100024265,2615,1112,0,915,1657.64162719529,1016.24006204773,9519.76920319162,770,58948.7922332335,0,280,17096.5247769402,0,0,0,NA
"buf500","Flood_4 Etna",0,1628,108403.285619195,0,68572.0022657108,6111.83275427023,213061.592960386,33163.867043998,118699.27895031,15682.7537433267,169958.019354258,0,0,0,6119.87418255951,6495.98129926075,1037.51474498603,20405.1197935879,0,0,0,0,15700.2209311372,0,0,0,NA
"buf500","Flood_5 Genung",0,0,79727.5076620835,0,90854.6072630579,17091.4701136785,248032.639338855,67497.9866662669,124778.051702881,0,20407.4075134933,0,0,0,7522.18361236455,11414.4512388929,34773.2249088263,20647.8136235136,0,0,0,0,62292,0,0,0,NA
"buf500","Flood_6 Freese",49400.9347669266,3659,64634.0336437315,2700,114836.027254386,19041.8212908751,273576.257128367,70492.2950003347,75628.6595920242,22704.7129857169,62503.0010655435,0,0,0,0,0,0,12801.4489019497,0,13061.1520147457,0,0,0,0,0,0,NA
"buf500","Flood_For25 Lott",4494,284526.196495854,46575.9686010946,20961.1671335617,0,0,116543.227995037,0,235092.629249717,0,2700,0,900,0,4500,0,0,67846.1541687254,0,0,900,0,0,0,0,0,NA
"buf500","GrassHay_Ag20 Mattoon",138746.270638576,250461.072191185,62880.1834402617,360,27424.7642784959,0,132637.716779877,12703.4074289205,116529.929786652,7742.47547975703,30663.7904033409,0,62.7217454655911,0,2850.07887900155,118.184966996312,1858.74762593737,0,0,0,0,0,0,0,0,0,NA
"buf500","GrassHay_Ag21 Haines",240250.159328369,202535.081130614,27688.3407482967,42580.4657470704,20761.2531191579,0,24617.0521207175,13650.1734685476,38205.9861118001,7702.04141373781,81816.3929729835,1800,1073,0,9868.14182521077,0,0,0,70173.6670935364,0,0,2317.58856379613,0,0,0,0,NA
"buf500","GrassHay_Ag22 Rejman",158028.528689155,238109.777962274,7707.450657879,8789.0172455064,4718.43752524786,0,104366.103608583,12331.8269523503,57272.2556893754,6099.67884069262,16281.035362592,1269.93488560067,122219.430845774,0,13901.6035995579,1542.25139046018,0,1875,724.60552266374,9900,0,0,19902.4048672859,0,0,0,NA
"buf500","MesicUpRem_For1 Mcgowan",58064.4660502932,27978.3999916,258312.661393581,14700.062130388,92250.6150320841,1162.14726283774,104619.71558235,87117.1547376051,12709.9446174833,21434.4868056276,56804.1124510501,5424.74135068624,4969,0,30488.6545551115,225.388283693668,0,0,7954,0,210.157137568543,0,613.636261001998,0,0,0,NA
"buf500","MesicUpRem_For10 Warren",37069.1489170135,229263.424077602,110362.244912214,23840.9700213379,56845.4310019949,5939.51982543177,148589.436093623,38702.0898480877,26865.3314837035,14864.8890903868,37393.7422000744,1665,16200.87423258,0,30878.2447505139,551,515,2611,0,0,0,2881.99719059854,0,0,0,0,NA
"buf500","MesicUpRem_For13 Scott",9594.459953946,0,135162.429952315,1338.11869344318,18252.3428536642,0,179870.93490953,14238.2460305276,34311.7180215957,9453.62828294392,182888.678898479,0,0,170801.48404995,16846.439786075,1293.01949840435,3612.55043290457,7375.29228037596,0,0,0,0,0,0,0,0,NA
"buf500","MesicUpRem_For18 Freier",107143.852174992,8697.58413874184,40512.2380012408,13576.348882307,39837.3247939679,0,13500,1800,0,15977.1829379514,57484.2783116285,1889.67441330804,464923.269638326,0,6208.56958032311,0,0,6822.53218445927,0,0,0,0,0,6666.488586755,0,0,NA
"buf500","MesicUpRem_For19 Freier",138315.040435541,192333.096787359,21162.4865562554,237425.11749657,25208.2719588044,0,49703,2700,900,6320.51873682393,15600.2429917671,12670.7207850925,24458.1278686686,0,27079.7200280237,0,0,3319,2700,0,0,0,25144,0,0,0,NA
"buf500","MesicUpRem_For21 Shaw",127900.813530918,281961.390830335,3547,173877.399243626,13511.117871548,0,86543.6347827325,5216.53761225288,48558.813274768,4180.86191691476,4129.39479703037,2889.90824502947,1800,0,20661.2518372675,0,0,0,10261.219702659,0,0,0,0,0,0,0,NA
"buf500","MesicUpRem_For22 Shaw",180051.33421929,264143.204396188,2700,137832.087219914,10535.7030946314,0,104728.183461722,6543.34714111954,21981.3167260143,4589.25708155068,3122.9893065691,5069,900,0,17432,0,0,0,25410.9209967068,0,0,0,0,0,0,0,NA
"buf500","MesicUpRem_For26 Lott",4494,406823.333874687,45634,9627.47216875735,0,0,67050.2220624814,0,180269.709532444,0,2700,0,900,0,6300,0,0,60340.6060054877,0,0,900,0,0,0,0,0,NA
"buf500","MesicUpRem_For27 Monkeyrun",62821.1661398231,138585.302986668,90429.9300243666,13709.9234988017,35669.9509758691,3934.37945610285,204784.053367695,28041.8862757615,21498.5720908183,10828.5047375988,45282.1047147038,19363,9702.3421135018,0,72675.1275833216,0,0,5732.09967983887,0,21573,0,408,0,0,0,0,NA
"buf500","MesicUpRem_For29 Power",0,0,119791.862065827,0,27394.907547359,0,251949.083616517,10340.1845324752,68644.4329682933,5611.21132591926,99314.3527392227,0,0,0,26405.792606877,0,0,945.812198284315,0,174641.704042125,0,0,0,0,0,0,NA
"buf500","MesicUpRem_For3 Musgrave",30464.675582375,256001.511259484,2944.99022900639,242120.477777221,0,0,62868.9720455229,7745.15199071332,85183.8977686394,0,2099.59875844597,12575.8198088437,69605.2377059786,0,5735.44069261313,0,0,4014.18982807244,3585.97161429003,0,0,93.408583484008,0,0,0,0,NA
"buf500","MesicUpRem_For32 Lindsay-Pars",0,0,56284.0236889035,0,0,0,0,544,8479.17807232169,0,65361.2845611967,0,0,509721.201206643,8419.47436838225,10887.5935010315,48723.1060688481,65535.5030046232,0,0,0,0,11083.9791720959,0,0,0,NA
"buf500","MesicUpRem_For34 Arnot",0,0,0,0,0,0,425175.459043248,7889.33831560193,0,5532.32349466556,0,0,0,0,0,0,0,0,0,346442.222791022,0,0,0,0,0,0,NA
"buf500","MesicUpRem_For36 Arnot",0,0,0,0,0,0,66143.3402634203,5481.0048092136,935.691393950211,4646.83983065793,0,0,0,0,0,0,0,0,0,707832.467346425,0,0,0,0,0,0,NA
"buf500","MesicUpRem_For4 Musgrave",149353.968963404,230199.293499522,11705.9598238841,100664.917495156,17336.8392360584,0,115210.894166693,13307.7301967823,70690.8236640153,6001.52378064045,12742.6922533065,11196,9490,0,5902,0,0,13967,13500,0,0,3769.70056571907,0,0,0,0,NA
"buf500","MesicUpRem_For40 Kunes",43471.3156529798,280241.079097061,60380.9722564576,69548.2724099189,14290.9950130232,0,169243.019209805,70408.5519321535,16956.0343033257,4022.78737139842,4484.52248126778,1834.80900088286,0,0,26016.7066773289,1067,577,302,7824.65015386639,0,1814.6280830022,817,11738,0,0,0,NA
"buf500","MesicUpRem_For42 Marks",6194,0,65593.7555608003,0,3189.11307131201,0,559836.514906842,6100.55499947816,6787.74747802783,3144.72150457428,96535.5358416202,0,3229,7638.68683124193,900,0,0,2489.71345023363,0,23400,0,0,0,0,0,0,NA
"buf500","MesicUpRem_For43 Marks",6194,0,61715.1450201376,0,5106.06434295846,0,509509.261415942,5002.81507074791,5632.65571655566,2150.61755956218,126784.299286569,0,3229,32384.4852304086,900,0,0,3031,0,23400,0,0,0,0,0,0,NA
"buf500","MesicUpRem_For7 Jones",27461.3997320255,104375.559242081,45931.8182343403,88614.9798375795,0,0,241420.475743268,0,59357.3334623843,0,7669.90522606004,0,0,0,30519.7029094112,5212.42902769109,16972.3757830269,6051.87053524982,900,0,0,0,150551.493911261,0,0,0,NA
"buf500","MesicUpRem_For9 Pecher",45898.4362084349,210285.383759867,133623.838108868,20591.676386761,18388.6427709156,253.98881572485,153457.275938879,18078.2468179421,81368.0446381995,8072.22902869992,61606.8540170005,1142,8547,0,19936.2041120229,35.9663494378328,0,8,3033.63132230146,0,0,447,264.925370582845,0,0,0,NA
"buf500","MesicUpSuc_For11 Scott",0,0,30508.1570342397,0,0,0,676017.889469213,0,1884,0,45237.4930194918,0,0,41.8041230093222,31350,0,0,0,0,0,0,0,0,0,0,0,NA
"buf500","MesicUpSuc_For14 Cuddleback",90305.6868285084,121517.213857969,69508.7647326471,58905.3382751983,0,0,220607.026460628,0,130716.935447649,0,73272.3853165511,1800,0,0,18376.3080526106,0,0,0,0,0,29.6846727542579,0,0,0,0,0,NA
"buf500","MesicUpSuc_For30 Power",0,0,95893.8691284553,0,31935.2687700613,119,455029.184354622,18021.1733773248,47679.5225820445,10856.8415454923,42921.4821877316,0,0,0,12152,161.068869139068,1283.45545074085,2284.9438782653,0,66701.5335003413,0,0,0,0,0,0,NA
"buf500","MesicUpSuc_For35 Arnot",3511.02410162412,386.878194186429,7976.89527921351,0,11196,0,110043.384970048,15974.7066072399,13796.0400412969,12790.3321074038,35939.8013500179,0,0,0,7766.32950503006,0,0,8518,0,557139.951487973,0,0,0,0,0,0,NA
"buf500","MesicUpSuc_For37 Conn. Hill",0,0,0,0,0,0,299887.929309845,10015.6166516626,32,8014.22729343339,5416.30078632326,0,0,0,0,0,0,0,0,461673.269601491,0,0,0,0,0,0,NA
"buf500","MesicUpSuc_For44 Bishop",2878.79701387067,13062.71003042,50876.0516941442,31613.7624626569,45405.9609398093,0,390221.426529762,0,15947.6763438163,10842.2223704812,0,0,44041.648633212,0,3387,23395.6481720044,1895,38644.2342975553,0,0,0,0,82835.4401704053,9913.02039309661,20078.7445923441,0,NA
"buf500","MesicUpSuc_For45 FLNF",0,0,0,0,2,0,319737.78794728,6097.79257811687,0,5080.44142087363,329,0,0,0,0,0,0,0,0,453792.321696487,0,0,0,0,0,0,NA
"buf500","MesicUpSuc_For5 Manuel",123334.171028312,236813.828417485,6344.39407557057,5698.40011161775,5442.21245820588,0,124457.689877095,10028.8097258894,52246.8497488301,5946.6790062458,5836.83503814042,465,158730.532436921,0,5189.55908289089,4871.55704042478,0,0,0,9900,0,0,29732.8255969966,0,0,0,NA
"buf500","MesicUpSuc_For6 Jones",25087.014240312,197063.471090097,41020.0516284005,178351.28494063,9995.72319825843,0,118503.098561959,0,25770.4678932494,3126.04656587169,21943.3432231277,1008.94127498544,900,0,20128.5219674414,25.9542407711415,7609.90102798425,8454.79366001968,1800,0,0,1800,122450.730130586,0,0,0,NA
"buf500","MesicUpSuc_For8 Pecher",22336.733736316,290327.528558836,7208.78790293615,109168.463162612,7521,210,220638.627435724,8697.05577313634,31991.1653535831,5734.81706437748,7527.22506566693,0,456,0,38,9722.01104584884,8443.46839348076,693,0,7454.1187145589,0,0,46871.341436541,0,0,0,NA
"buf500","Pasture_1 Jensen",88651.783546169,18686.4727854482,24507.6903492344,25670.6874005903,16667.2054440227,118,23428.2310880215,24652.6094129753,105,7321.63892967813,3362,167901.658094629,93660.3382981882,0,6677.26415199065,224542.931496555,0,83,900,0,0,0,58102.8326457202,0,0,0,NA
"buf500","Pasture_2 Wickham",202719.996306575,66250,107625.051301425,0,30593.2240382107,532,0,27422.3905255405,22417.480953236,9666.09121289663,72693.7397630238,1613,2792,212097.351680464,7182,1496.81661025202,2776.86173257814,1030,0,458.8668411941,0,1180,14492.4726807523,0,0,0,NA
"buf500","Pasture_3 Haines",178109.185266588,180893.105551289,107109.116744089,50800.8424233977,12600.3835997176,636.766680017114,118127.423965609,25204.3036768503,65234.0962222008,4346.92516982571,34350.5912720182,387.603073779028,0,0,3028,0,0,1922,0,0,0,2289,0,0,0,0,NA
"buf500","Pasture_4 Sherman",119909.961910167,26492.3763165295,159955.884145526,37721.8391246539,37827.6454877664,73,77979.4099331526,41167.3679358989,35505.6972717089,7733.72838495276,67366.7622778702,20347.4188959132,49794.2324296401,3448.25715019135,39964.6003138708,0,0,9162.36390314582,39010.7981624001,0,0,11578,0,0,0,0,NA
"buf500","Pasture_5 Cornell Equine",14528,62360.199151497,110733.899001788,6617.08685856382,239569.605957584,1632,205090.607921676,26925.1789653397,25447.6904390569,10184.5205617007,28855.2438788256,765,2700,0,16733.1148233678,9783.72359071276,9323.4724958117,5399,0,6820,0,1571,0,0,0,0,NA
"buf500","Shrub_Wet10 Ellis Wet",4598.44982275576,0,94441.4105803344,0,14114.3190533703,461,533.789629945415,13330.0975092137,20087.2712630678,5629.21626281738,68211.289293625,0,0,204678.816684282,3306.22127367634,123688.888174016,54365.109788766,5153.29151020047,0,132523.602386317,0,0,39916.5704103899,0,0,0,NA
"buf500","Shrub_Wet12 Conn. Hill",0,0,0,0,39,0,711984.660988083,11320.4740061034,0,9070.8095572358,2840.72046313807,0,0,0,0,229,1770,5117,0,42667.6786305308,0,0,0,0,0,0,NA
"buf500","Shrub_Wet18 Payne",1676.46440420685,0,47341.8825569352,0,38971.4933325331,570,40008.6003965545,26539.1353258999,48444.7057551124,13574.1598332282,80791.9961383344,0,0,310232.130505467,9720.44662549166,99354.0627140978,20178.5735357312,4442.13476094356,0,39931.2412972947,0,0,3262.31646106692,0,0,0,NA
"buf500","Shrub_Wet20 Lindsay Parsons",1800,0,78329.8127831225,0,9301.00332065113,0,0,7990.45855800294,30598.4234970106,3773.13757890137,46834.4473032435,0,0,411672.410246278,16008,29350.4175908022,58680.0422956281,56959.6489529545,0,0,0,0,33741.541518599,0,0,0,NA
"buf500","Shrub_Wet7 Power",0,45,109975.653942967,0,29853.305058978,119,335757.545983004,23215.4380002274,25652.173228142,11953.3684193838,65014.5074093174,0,0,16337.1726395056,6382,10875.436200653,67803.3088346015,20632.126583433,0,54096.3671912313,0,0,7326.94015321012,0,0,0,NA
"buf500","Shrubland_1 Ellis Hollow",900,0,72534.7098020011,0,44518.2716421191,2065.6943523589,382466.24594517,33329.5135141684,81823.2422736794,13734.5013977583,80569.0271670769,515,0,0,547,0,0,2668.99129271047,459,68908.1462585599,0,0,0,0,0,0,NA
"buf500","Shrubland_2 Jasmine",1018.86572485045,44893.1948079192,148126.809393467,56550.7537330219,36783.2501566822,502.715047952402,273380.871958071,23075.139956426,107324.957717806,12183.3919111359,53034.580385312,2384.88632644674,0,0,2050,3972,2749.92652560395,0,0,17008,0,0,0,0,0,0,NA
"buf500","Shrubland_3 Long Pt State Park",0,8494.73005210544,24452.3922943324,14511.0752460253,14029.4663129235,4736.6183162387,402034.785654825,21541.2153387775,216636.870106855,13590.1288676379,37769.7478977201,2361.82356566153,0,0,3634,0,0,3.34332567453384,0,21243.1466651169,0,0,0,0,0,0,NA
"buf500","Shrubland_4 Blueheron",58289.9251105174,34417.1638755883,258710.739955328,4221.52592436492,22229.79829231,0,137017.630580426,0,143655.99812267,5991.49675610662,63836.8570144075,0,900,0,7079.54321318516,0,0,16622.2910139738,0,15573.1486006699,0,14864.2251848649,0,1629,0,0,NA
"buf500","Shrubland_5 West Haven",21229.6989201077,9747,236296.59532834,6800.30001033992,36295.5328978415,2268.53181549488,137643.225825588,48525.5359057811,87012.0446984243,18138.7356536263,44291.0866785338,8317.87425597529,44026.9649965239,0,16948.8562971596,17037,26204,5820,695.35078573393,10576.0095747711,0,7165,0,0,0,0,NA
"buf500","Swamp_For20 Freier",2035.90118465619,139185.545450671,1898.20962666697,169759.760374049,0,0,68195.6221107083,0,31906.4348262637,0,964.703852361592,3216,98912.7421676845,0,2827.94352324371,5534,44506,6343.89486667789,0,0,0,77.8249433911406,209674.76071806,0,0,0,NA
"buf500","Swamp_For24 Lott",1791,385531.648676003,193070.266380632,65353.6282389937,26149.1484754013,0,34747.051001742,0,21056.9900611469,8498.43041231207,3002.2942917964,0,6669.43136739264,0,27151.2920365373,0,10403.1627013681,0,0,0,0,0,0,1615,0,0,NA
"buf500","Swamp_For31 Haines",6413.13344310991,267065.421061823,13249.6798037983,44058.9831734164,160.509090908337,0,237724.097087176,0,61931.0118935341,0,86514.1666510519,0,0,0,7313.34143905381,1254,0,0,0,0,0,0,59355,0,0,0,NA
"buf500","Swamp_For39 Conn. Hill",0,0,7460,0,4257,0,704609.727840598,10057.8336057614,3065.69760584459,8411.05606755427,40322.0285250101,0,0,0,0,0,0,6856,0,0,0,0,0,0,0,0,NA
"buf500","Swamp_For41 Kunes",18404.7209992396,113086.385895233,45930.8939704788,189499.113944679,6707.46221410877,1,92961.1504052979,46359.6761146564,19333.141340029,2652.52656963567,3021,113409,2680,0,15037.1139250919,10364.7477214485,45513.2316203856,1511,19265.7035526266,0,1067,363,37871.4753710116,0,0,0,NA
"buf500","Swamp_Wet1 Jones",21972.2710562705,115925.18715947,47283.5917820115,90567.113186676,0,0,242502.793585576,0,68632.1469241639,0,4474.01506405068,0,0,0,29286.3044375127,0,10249.2850342726,5566.13342415202,753.859726828989,0,0,0,147826.642262863,0,0,0,NA
"buf500","Swamp_Wet14 Owasco flats",0,0,0,0,4223.55045572482,196,238933.872831409,11389.4048393689,17562.2597574592,7145.25306583339,589.584095954895,0,0,0,0,30361.2956080982,0,10144.3993104249,0,50000.637075261,0,0,414493.086604124,0,0,0,NA
"buf500","Swamp_Wet17 McDaniels",307,274,173430.644664916,0,35919.1072406488,108,218741.781577216,20701.214717374,69013.1686603019,9664.98938489961,180870.616320664,0,0,0,48812,15876.6409362851,1338.4303105424,7767.0681243288,0,0,0,0,2214.68170657639,0,0,0,NA
"buf500","Swamp_Wet2 Pecher",55184.4942136262,274317.589368843,1756,102860.783315961,6200.23489364745,0,210324.399278266,5177.44708529129,17100.791444923,3904.29882001132,8616.2714948431,0,1930.90121217318,0,498.567069331184,25747.4355774386,7363,0,4186,5872.80153404298,0,0,53998.3283360302,0,0,0,NA
"buf500","Swamp_Wet4 Monkeyrun",45619.6076967861,95337.6658978625,135385.45504202,10966.5693777537,23668.881904822,547.207817647606,214163.791493503,20540.0069281276,27971.8184194217,7946.12157332245,60147.4487113902,19363,8448.30942333478,0,81049.389172598,0,0,10105.5619533706,0,21573,0,2205.50823129714,0,0,0,0,NA
"buf500","Swamp_Wet5 Haines",8416.88954773487,339517.22032207,8050.92733717011,32319.2921631095,0,0,193294.450373117,0,51611.3885145075,0,87776.9085331446,0,0,0,3443.26685485046,1254,0,0,0,0,0,0,59355,0,0,0,NA
"buf500","Swamp_Wet6 Jensen",57440.4733367795,142921.770618677,474,76573.1800841396,0,0,76349.4390163936,1017.67453214471,9287,0,702.644947707653,122877.520944352,45645,0,604,13022.3499556947,0,0,0,0,0,900,237224.290207081,0,0,0,NA
"buf500","Treerow_1 Case",21927.887102424,296035.437969637,16685.5669308542,240485.282114052,34870.7856279197,0,1135.34984915541,0,11042.8790577733,11098.9412687232,6219.1587678892,103298.364696275,18914.7942163506,0,9094.78146057609,0,0,1702.35121552115,1800,0,0,3600,819.483384071524,5569.28465944661,738.99532377813,0,NA
"buf500","Treerow_2 RJO rose",101519.686201492,84578.4560841974,117860.650663799,69897.9254281427,14699,0,33843,24676.0929068761,1208,4938.32316314243,73356,24372.094452643,25869.6001407614,0,31295.6095146637,0,0,0,8886.57523056981,0,13932.5076062519,154094.822251224,0,0,0,11,NA
"buf500","Treerow_3 Matton",143576.84567493,171424.877445686,71047.7028257056,10.2390995196183,18733.003615692,0,205528.351591596,11001.5340620089,104518.063106552,6625.62821889379,33351.6160204913,0,0,0,11169.5748135442,1276.08109672088,6775.82607352515,0,0,0,0,0,0,0,0,0,NA
"buf500","Treerow_4 Dunlop",0,3002.38727580192,207795.473817111,0,40723.5140336241,833.238688552752,0,21745.8043231864,25757.9824603449,10593.6068411934,133858.77827948,0,0,325900.486465946,9360,0,0,5468.0714594944,0,0,0,0,0,0,0,0,NA
"buf500","Treerow_5 Pecher",16560.1982568271,346191.391095887,6744.25148399733,156504.460554648,10587.3856008443,210,190033.23165095,10635.0953022629,15467.4829889509,6148.6727208118,4236.98372081002,0,456,0,280.121895255521,2577.3271947176,5740,693,0,0,0,0,11973.7411771396,0,0,0,NA
"buf500","Veg_1 Church Creek Farms",189194.956114236,222491.572821848,71274.4458514103,7418,20084.9860663986,3400.05122217827,142790.160264377,29525.8418215486,76278.112017603,0,5671.1742386496,2787,900,0,3471,1097.62957809854,1566.01396974642,0,0,0,0,2045,5043.39967822783,0,0,0,NA
"buf500","Veg_2 Plowbreak",18438.9868808483,5981.65814481385,208713.109721201,4499,24421.44263297,0,213505.26524983,26220.7022589684,102035.563336819,10891.3216629956,74716.9563204075,0,3455,0,0,0,0,185,0,89558.3374343556,0,2417,0,0,0,0,NA
"buf500","Veg_3 Silverqueen",190470.75349957,62862,74644.9412433255,39728,21710.0988933958,1656,90450.4138423782,27013.4478784824,94566.6436237011,14368.8648489906,15654.3692114746,1760,10205,20249.8193920441,3465,34734.7419153996,6087.07551739685,1460.09239178564,0,0,155,2652,71145.0813854281,0,0,0,NA
"buf500","Veg_4 Blueheron",54585.4209826746,61912.2862185993,223823.263247933,6638.64804631796,22663.8705384156,0,176530.51211948,0,145714.904748251,5461.07465013675,37436.3627645138,1780.58532808803,0,0,5452.95697743079,0,0,16356.7271639828,0,16200,0,9634.73085853557,0,848,0,0,NA
"buf500","Veg_5 West Haven",1796.35743319243,3600,300907.526563627,3736.62658841163,31811.5270291183,1484.77516253944,159606.640140919,41516.9761961399,125845.734566884,18485.328833094,40861.4867565115,4982.90552282328,2823.43104540287,0,4916,13349.2617404281,19191.5132588901,2958.25280538551,0,0,0,7165,0,0,0,0,NA
"buf500","WinterFallow_Ag1 Mattoon",134110.048729311,393571.381765013,19566.8144085407,14567.6319556736,21622.6266602308,12,101751.033919135,27544.1096651083,18588.8042037293,7509.55088536802,5898.51767907944,690,0,0,2643,0,0,5179,1313,30471.8237723278,0,0,0,0,0,0,NA
"buf500","WinterFallow_Ag10 Case",3200.36200254969,102498.121852969,26302.7914209764,441569.610355778,37906.8890959009,0,11646.1710024553,0,2673,14274.9779059196,0,96675.0698708931,5416.13315518352,0,10551,0,0,0,900,0,0,4217,0.28919436223805,22832.8825633745,4375.04522501014,0,NA
"buf500","WinterFallow_Ag11 Jones",16029.5212772401,266840.357138262,80287.3655582497,196193.569634384,48974.2739930258,0,43354.8392257346,0,13628.9596320477,11670.6587754698,45248.3283380292,33609.3032144135,1800,0,5410.00429097569,906,1264,5108.22977799084,0,0,0,2700,0,10344.9327874933,1669,0,NA
"buf500","WinterFallow_Ag12 Cuddleback",26300.3459383497,137972.519706288,14541.5398834483,140037.077930882,32707.4000486033,1092.01864239387,67283.9720758669,18616.9438112881,87992.5090304865,7950.29632371147,13345.76678068,0,179078.938516896,0,3073,5560.48784436472,0,0,0,0,0,1242,48244.5271106265,0,0,0,NA
"buf500","WinterFallow_Ag14 Smith",0,258705.370074536,15953,199069.126592627,33175.0822826304,0,186697.874959426,900,757.799172258354,9537.80623719773,0,1492,2771.8477131605,0,6924.73723388743,3211,10470.2398105322,15801,0,0,889.415600055945,0,37251.0439675743,705,727,0,NA
"buf500","WinterFallow_Ag2 Mt. Pleasant",36611.5552267605,106225.06087692,70703.2744379384,21554,13817.2192486082,0,286015.201788199,8181.35424504866,14014,6203.46200589929,104787.525749823,4500,0,0,15781.3626904919,0,0,0,1800,93945.3273743523,0,900,0,0,0,0,NA
"buf500","WinterFallow_Ag3 Mekeel",98145.6464053366,298057.924803349,62148.0504649744,34210.0926441264,19306.7531460659,204,145115.190425556,23511.1810247876,29896.5397977213,13054.3512397252,51610.0250639821,0,0,0,7095.58863057955,0,0,1784,0,0,0,900,0,0,0,0,NA
"buf500","WinterFallow_Ag4 Carpenter",70585.5984669492,124968.993096532,38770.4662827705,285516.216580846,31859.145431185,62,37861.9781953388,21295.0465731162,2092,11509.9591282069,53823.1318136603,67276.9571464766,6430.37812495604,8661.12947487646,3117.97497708956,0,0,0,0,21208.3683535012,0,0,0,0,0,0,NA
"buf500","WinterFallow_Ag5 Witmer",43841.4459234947,203423.640825333,65929.3624404592,140641.889424214,10561.8674378069,557,177061.569664636,18295.2779203824,82738.1912988833,6310.46732037049,16632.5135719005,0,0,0,12281.2337983698,0,5390,1100,274.884018007877,0,0,0,0,0,0,0,NA
"buf500","WinterFallow_Ag7 Musgrave",383169.012451514,99854.7551372753,53074.7740050861,20372.5139610518,13778.1605363742,0,37715.93460617,15726.5936341921,51931.5013133709,8742.64371137321,62567.2657085798,1800,21129,0,12477.1885793582,0,0,0,2700,0,0,0,0,0,0,0,NA
"buf500","WinterFallow_Ag8 Freier",41708.4367171018,256860.653604295,11400.3295680116,362761.021924624,17427.4327944089,0,9191.6684236754,0,499,6156.21439194772,27093.0907363518,22346.6952107713,4895.02958874225,0,22201.7706848307,0,0,2498,0,0,0,0,0,0,0,0,NA
"buf750","Alf_Ag17 Jensen",269544.748801509,505848.701469122,37460.3962770147,257422.164945422,21395.284999842,231,201858.635837302,18050.471944227,25921.5024506875,10702.8901056368,9140.035702612,39054.2900493864,7805.39593397635,0,4264.54547115037,15680.5776870961,20136.9037974006,0,11117.6503275697,0,0,718,309985.327399799,0,0,0,NA
"buf750","Alf_Ag18 Wickham",310964.852803849,68834.0367369098,191713.473831639,0,108282.542323845,3328,0,65068.5424650074,62047.35611037,23783.8789376724,147157.983742165,1844,2792,586786.19479533,15860.9100373619,4350.59366634488,7551.9086635767,1030,459.375317495316,120201.873766438,0,1802,42479,0,0,0,NA
"buf750","Alf_Ag19 Mattoon",627937.522101359,676414.9127077,41444.522822936,23727,42767.2288250483,12,163970.566910519,38413.7299447495,67662.6635763043,11152.7789272565,9838.73297788429,946,0,0,3818.35546082258,2799,13237,5179,1313,22173.4691301928,0,0,13531.0398134577,0,0,0,NA
"buf750","Apple_1 Grismore",109457.733647326,316306.786255723,222737.155615463,178404.176556288,51807.3269683231,875,375196.658830957,48446.396322341,148141.621150054,19603.3866177819,107847.613514787,4399,77272,0,28950.178081534,2132.29902780056,25520.7291199639,0,5125,40472.4614904198,240,3403,0,0,0,0,NA
"buf750","Apple_2 Cornell",78327.4897659169,14874.6073203583,380537.332721032,25141.7557017586,383562.210190833,25325.2958674708,186717.321582766,408227.897401566,80447.2013341844,62317.7853614202,62825.2748908717,8141,2634,0,37635.3166268893,1077.21870620875,0,2981.87269204449,767.832340505905,0,0,1800,2997.11069508543,0,0,0,NA
"buf750","Apple_3 Caldwell",1137.11328362595,245.497987923678,463359.863745331,0,63303.2957827771,0,782826.427299239,43327.5646555042,108162.868375955,21049.0459039609,195256.051982701,0,0,0,123.888075792929,769.286027521826,20523.2465960598,3312.9484228873,0,52181.1556746401,0,0,10760.2693846756,0,0,0,NA
"buf750","Apple_4 Black Diamond",542067.389039208,46401.0071922166,455912.955204436,10710.0811519223,70492.3003052359,4552.29707489948,139245.493012616,21423.3273423186,174433.7904884,15330.3222799622,194923.02779269,28394.5778232014,15240.3100307671,0,8549.84300917718,2061.55699907953,0,11899.8781089985,0,0,4500,2700,12600.3663428588,4900,0,0,NA
"buf750","Apple_5 RJO Rose Farm",303341.463157468,417976.685280042,169823.99117969,263773.948863758,22870.3847734279,576,34884.9164723754,37900.1502896284,3730,8703.13469618652,123374.714480933,33117.2613311696,48400.6974011927,0,39654.5652493043,0,0,0,21755,0,16248,220196.610021724,0,0,0,11,NA
"buf750","Conifer_For12 Scott",53970.2742611692,0,52664.9177814811,0,1073.81378918886,0,1284229.37195382,87,8284.88587328931,0,165903.034413221,0,0,147926.421019514,33534.2457415932,8588.72525883371,10075.8331071746,0,0,0,0,0,0,0,0,0,NA
"buf750","Conifer_For15 Frozenocean",0,34609.4169239283,3924.13657709971,1985.4131003134,9780.3814901968,956,1351580.29133746,21742.8910564462,177223.639690062,16865.4697213279,25909.927773949,0,0,0,0,1419.23872422037,47620.7756470279,4844,0,53871.5588049465,0,706.674119764772,13298.708232389,0,0,0,NA
"buf750","Conifer_For17 FLNF",2789,0,1030,0,9622.99707019329,1836,1247644.41495132,18894.9899456927,42871.4159170381,13793.9247203255,34308.7446263507,0,0,0,2237,0,0,0,0,381212.444921081,0,0,10097.5910477319,0,0,0,NA
"buf750","Conifer_For2 Cornell Ponds",0,244,168739.13097626,1841,58828.9210885148,7620.2184978351,927431.689622592,91486.3088928357,82852.3981672556,14266.1104336931,104489.529023214,3601.68829230906,900,0,1057.8905015965,7722.56919477793,3992,73784,1637,0,0,878.081439785659,214965.987068433,0,0,0,NA
"buf750","Conifer_For23 Saltonstall",56682.4530732662,63252.6199010976,321117.903729492,12362.9929206358,26800.2870878895,3179.5993046388,506895.79364748,59520.7709400521,362332.206364525,29823.1511189152,138241.948202575,0,8046,0,10905,0,0,114999.892258851,0,9334.90465171728,2841,40002,0,0,0,0,NA
"buf750","Conifer_For28 Monkeyrun",0,3504,23295.7867168718,650,184383.267873721,13598.9577042359,1112185.37681613,98370.0921152824,67795.9756884721,26482.428971402,98931.7169878648,1522,0,0,2282.19704848668,2331,1709,45022.4534509187,0,48255.2698270067,0,0,36019,0,0,0,NA
"buf750","Conifer_For33 Lindsay-Parsons",0,491.473380978685,16288.734344466,0,12087.6744442284,0,300317.791719319,18162.6298982239,2423.91687572002,12526.9921730293,18165.2744919956,0,0,445065.263688175,0,890.154396854341,1153.65082402481,0,0,938764.966963153,0,0,0,0,0,0,NA
"buf750","Conifer_For34 Danby",0,0,391,0,11026.9342662394,0,577034.4434583,23145.9014118746,979,18365.9905484054,10317.9644744545,0,0,586590.092992961,0,3155,7132,0,0,528200.196046488,0,0,0,0,0,0,NA
"buf750","Cover_Ag13 Smith",16946.1800038532,708268.486631935,169620.670266998,75777.5814539066,102817.948431729,0,241696.553366775,0,31063.2066056603,28502.731485914,9920.89315251593,5400,173407,0,65419.0505756643,1539,40456.7010092025,32657.5209289461,38938,0,7492.45883617119,0,5983.54045145353,10431,0,0,NA
"buf750","Cover_Ag15 Lott",8768.17788189196,492019.963896479,162078.638301012,667947.511715232,155346.173923238,0,7557.5728936327,0,20988.8005059366,23135.9046186241,3179.83716622368,2939,100234.617747404,0,34077.1428407991,0,4187,3045.24192149654,0,0,218.821540718898,0,0,53929.1182465287,26685,0,NA
"buf750","Cover_Ag16 pecher",121243.988023779,649505.973189507,22858.8463250296,327606.994129684,37461.4803601147,522,267938.892369525,36731.8617421954,79168.2568412571,19738.8906224338,28687.9577880183,0,31056,0,1582.05590820312,36055.2726201415,11338.1512642879,701,7786,7654,0,447,78253.9020133356,0,0,0,NA
"buf750","Cover_Ag6 Witmer",105717.158678507,788766.310712001,85038.281579875,84705.8983905682,31362.3641618588,0,180701.689734859,52216.3706666929,99296.6654302185,15135.4255860112,43207.3956264658,40.3483424631359,8621.68472918835,0,29312.0316726701,63005.4371093792,64783,2814,5977.35064840333,0,0,900,104737.11013123,0,0,0,NA
"buf750","Cover_Ag9 Freier",445835.095506422,285848.015453184,85884.27053813,454106.053505753,42405.2942149405,0,72432.3951649382,900,3372.32285923,18310.006331526,129374.980088304,1800,129849.417523556,0,32153.814442602,0,0,22693.3544212406,3600,0,2828.66593114939,724,28493,5727.8372177186,0,0,NA
"buf750","Developed_1 Park Place",0,0,0,0,686377.734638896,169877.995836671,10487.8939826469,796197.168660157,7869.17777966408,0,3088.40086425955,0,0,0,0,0,0,92439.1514369231,0,0,0,0,0,0,1,0,NA
"buf750","Developed_2 Vet",51565.2649699721,7717.32125065189,348113.558345228,14133.1408352676,390913.407330752,26751.7521854067,232098.875179412,425757.286863841,90238.1988947922,70261.4890342654,60945.6870002464,8141,2634,0,21885.7777571845,0,0,12627.7635512706,754,0,0,1800,0,0,0,0,NA
"buf750","Developed_3 Danby",1800,2157.15234462676,516566.148840426,520,195837.543190578,8499,295284.367692618,91531.8265661238,189861.776376617,31765.2295643376,193410.07243621,4463.47030159403,295.057856807427,51.0006364856381,17605.5513312905,118676.244516852,68946.7140359406,8189,0,0,0,0,20878.367510504,0,0,0,NA
"buf750","Developed_4 Sprucewood",0,0,20761,0,178186.365837857,78584.4019487207,1022143.56408333,180567.597209187,54642.4201513951,40764.2978355265,35780.9223235457,0,0,0,535,19709.7210468786,19507,3462.7996867816,0,9883,0,0,101810.433075064,0,0,0,NA
"buf750","Developed_5 First Pres",179482.939162016,351325.46972583,276373.841459351,408260.314465439,90424.8599353268,9467.99408468313,13267.0099331631,112554.11556262,175562.916668652,18254.0531229309,14497.4008369328,4448,56562.6082430334,0,35744,0,0,4322,9663,0,0,6128,0,0,0,0,NA
"buf750","Ditch_1 Johnson St",40724,3754,372433.668797427,0,66697.1059358223,1412,17663,83106.4097499047,46271.197481597,9208.8522797739,341794.022788881,5923.96855865978,3150.9415346885,518150.861184492,80400.069905317,66430.082608772,47567.9688014819,43162.3735725979,240,0,0,1028,17220,0,0,0,NA
"buf750","Ditch_2 Cornell Veg",261544.77190848,70838.9938532457,367560.548159988,49231.9281561971,60154.6040741738,182,150931.510829228,65166.3834293444,124755.509225254,11609.5805611685,305720.05133873,22051,83045.8284506776,35276.6467403784,59097,18.2928679585457,0,33276.9648281889,44175,5956.77971800354,0,15745.1290590028,0,0,0,0,NA
"buf750","Ditch_3 Carmen Rd",114665.121408292,394230.952640608,141574.277242164,154153.782106064,54262.925449056,181,437222.144715653,32235.7328074588,99486.4592833514,18914.2758472683,70691.1837877588,105154.95735162,67008.3500629258,0,22445,18001,3310,2763,1670.35795956885,25242.0025349128,0,3126,0,0,0,0,NA
"buf750","Ditch_4 Freese",227678.993618859,114555.439197721,207589.459654069,46319.2541614038,52588.4669882441,1320,569147.065045333,40847.7520347557,109986.763182685,14454.2507821301,196157.82756247,2455.44402863272,23212.0132163164,0,41708.1844663979,0,0,39272.6092612277,900,75037,0,3108,0,0,0,0,NA
"buf750","Ditch_5 Collins",3756.2431659922,145001.187868492,284733.711131567,216762.152734536,39934.2752334167,538,631058.23294473,35903.9328570624,185754.639260231,14888.4176029736,115958.648492115,0,109.546694756253,0,21546.7293693282,21745.3271717665,23034.0865564748,3849.41894497772,0,0,0,542,21221.9731702561,0,0,0,NA
"buf750","DryOak_For16 FLNF",0,0,0,0,2938.1616298242,0,990737.858501677,12349.7469889969,4707.65301977424,9677.06024178118,55810.0899553621,0,0,0,0,0,1046,10228.1575160358,0,676887.79534705,0,0,1956,0,0,0,NA
"buf750","DryOak_For38 Conn. Hill",0,0,6574,0,7105,0,1316978.67897563,4726.45232451498,4853,4089.16123992857,52751.7482408046,0,0,0,6230,3478,30727,6856,0,315324.840561149,0,0,6644.64185754897,0,0,0,NA
"buf750","DryOak_For46 Eldridge",0,0,165065.938276067,0,71259.8299752335,5422.65405465919,892558.944803818,81667.5555821024,203182.671096325,31075.235034573,135392.669810502,0,0,0,0,0,0,3955,0,176758.02456655,0,0,0,0,0,0,NA
"buf750","DryOak_For47 Baldhill",418,0,45030.3004811634,0,5556.59788433532,0,1493918.11495047,20629.7771929874,16829.0101141821,10918.5081847659,73050.3709939513,0,0,0,0,0,0,3549,0,96438.8433974431,0,0,0,0,0,0,NA
"buf750","DryOak_For48 Shindagin",0,0,0,0,0,0,1149657.05806464,0,0,0,0,0,0,616681.465133264,0,0,0,0,0,0,0,0,0,0,0,0,NA
"buf750","Edge_1 Mcgowan",94963.7433645339,64472.000280105,512503.064920929,32828.031833101,223688.672745125,12039.9185319214,226461.254539419,230039.349731012,78123.8825268912,54390.9477197418,91158.9581106029,14789,5869,0,72247.24418487,8324.33396893869,0,14472.2359555236,8662.51309558062,0,1180,0,20124.3716923587,0,0,0,NA
"buf750","Edge_2 Warren",67688.4375887182,382645.452944892,195754.460078063,36161.2703168202,198308.164815773,43077.8986486434,389464.988930873,113316.514482038,95139.0558834694,38214.4334419828,90614.9021589854,2841,20761.1490075486,0,41515.2268623041,11290,13195.3695139906,5399,0,5455.1985236951,0,3371,12125,0,0,0,NA
"buf750","Edge_3 Mattoon",265365.466144531,402083.779703351,106535.559893231,111789.442371108,30105.0839210028,0,412392.298065242,26551.9780054626,165178.271341762,14120.3471751188,94063.6792353007,900,75083.0051803395,0,18365,6236.14438783785,12497.3574112167,0,1730,8100,0,863,14378.1103625699,0,0,0,NA
"buf750","Edge_4 Dunlop",5129.06847411348,21962,419250.375741464,14996.703957974,75011.1687957149,1462.31943148375,203.890345787862,49868.0292654252,80674.521411023,23554.6844521538,320222.608399178,0,3065.6341445939,675712.356369417,11617,10959.6355894806,29595,22230.5268216282,0,0,0,823,0,0,0,0,NA
"buf750","Edge_5 Pecher",100915.691212709,693282.837719404,11579.0180325809,287220.387441077,21515.5521609146,275,389402.786657354,21158.7621085951,60947.6227788976,12256.5856851859,14555.2794032322,0,456,0,1265,39491,19805,693,0,7654,0,1168,82697,0,0,0,NA
"buf750","Emer_Wet11 Conn Hill",3985,0,28325.5586221448,644,6347.6677582385,0,540119.551169125,26199.3207964382,3239.00218824996,19538.6464709511,25040.8836908037,0,0,725871.619364377,0,14714,45010,19355,0,301084.27313834,0,0,6864,0,0,0,NA
"buf750","Emer_Wet13 Conn. Hill",0,0,0,0,2195,0,709358.658316377,16604.4285077101,2490.37899785817,12911.4901255793,49383.3084565385,0,0,79152.2944876543,0,65,3890,5367,0,884920.964307595,0,0,0,0,0,0,NA
"buf750","Emer_Wet15 Owasco flats",0,0,303.59203318425,0,7608,907,558592.671246662,29850.1797745887,31523.2209009964,14510.4816738237,9291,0,0,0,0,89331.3862791792,27489.1895934836,116656.416580203,0,110587.154093148,0,0,769688.231022003,0,0,0,NA
"buf750","Emer_Wet16 Mazourek",12911.9409564906,91773.0307957,117309.561485471,19457.0823631985,148150.056796274,1783.34248312221,335431.837881128,33583.9416640193,24872.453525072,16485.6579763338,157464.509377124,4505,900,252011.995841388,3600,115890.142960037,57418.2458988988,32990.8401925337,0,327437.948753347,0,0,12360.9342494654,0,0,0,NA
"buf750","Emer_Wet19 Park Reserve",900,0,45561.0383507494,0,12048.4031632789,30,976404.76535175,13488.3118431083,20653.6894853488,8498.13266444579,41959.0775551626,0,0,438030.495496115,2427.91689616442,79275.6225613081,31560.0431956726,34896,0,52109.8263089475,0,0,8495.2003273489,0,0,0,NA
"buf750","Emer_Wet21 Wickham",104976.763976966,590.535519613884,72747.0225647963,0,55749.6156820859,3308.70809357194,0,42834.7774038724,37294.7041927624,20750.1878445289,95382.8679944406,0,0,189632.721567286,6289,26088,20903.7006236637,245587.817997782,0,477180.099737102,0,0,367022,0,0,0,NA
"buf750","Emer_Wet22 Cayuga Lake WMA",70725.7884759229,77689.7287152579,180704.488635306,247883.056097312,81091.4140632666,0,213063.435088757,657,136615.225082186,19130.4257640573,20099.7398654747,6294,2700,0,16955.4682952306,382347.292681253,43052,178876.098718089,0,0,456.581978376606,0,86550.7797388425,1446,0,0,NA
"buf750","Emer_Wet3 FLNF",0,0,57506.9328905513,0,17035,455,755987.121829278,17681.8839436099,67080.1220953753,13956.0432139058,34471.3330971897,0,0,0,0,0,1046,0,0,794539.875136755,0,0,6579.21099180658,0,0,0,NA
"buf750","Emer_Wet8 Goetchius",96558.8846541236,155170.678235684,426768.468249062,20493,70354.0717088696,1121.62708578142,186857.536783138,70626.013412487,57091.2032271,20414.1640298639,192615.110272128,5164.79728927102,349.988619528711,85225.4014817276,18807.2832918772,207410.091878572,70028.2907501653,20678.5870431275,0,0,0,2283,58320.3251848591,0,0,0,NA
"buf750","Emer_Wet9 Ellis Wet",6537,0,225278.10791796,0,30429.7680164533,811.289554260671,34867.8153853518,30269.454558329,54756.4834352334,11448.2304360699,166439.675937216,515,0,713187.078990086,13321,215526.783591412,60371,12913.7345913053,459,139366.741196094,0,0,49840.3595897332,0,0,0,NA
"buf750","Field_1 Power",0,45,248049.561076382,0,68193.6620721011,119,655224.863027223,42062.9471686432,95582.6640272175,22455.7855193068,164091.788351041,0,0,53359.653814221,21041.2954998532,19128.7087642103,75190.2099022934,49714.7127450917,0,221622.387088595,0,0,30456.284143368,0,0,0,NA
"buf750","Field_2 Lindsay Parsons",1800,0,317030.614488421,0,63804.9153119865,23,146944.559648044,30991.722838992,40305.9346995313,14973.5733856404,172221.041905285,0,0,576214.855681097,22966,39109.8969235704,41735.643115226,180196,0,67799.2766186408,0,0,50221.4885823375,0,0,0,NA
"buf750","Field_3 Lott",4494,801360.828782293,68408.7561344949,86742.2632668586,0,0,287977.010316466,1131.0907935217,368820.824199784,0,2700,0,900,0,19445.5479407908,11803.3837245887,0,107121.46135858,900,0,4500,0,0,15.2888977155089,18.067784386134,0,NA
"buf750","Field_4 Jasmine",45557.3599503352,194267.79884002,303454.183071142,106417.01820653,112364.84236715,6773.14096352039,442701.837474644,69576.1049785211,195457.3447513,33133.074015666,120788.622079929,48721.5201497234,32852.8350798426,0,16006.4123729393,4786,3194,3346.44553073868,2782.9833674992,17008,0,7149,0,0,0,0,NA
"buf750","Field_5 McDaniels",1831.45139391505,79056.6363754214,271253.03494502,0,45841.3985919338,555.000331386924,729774.486173266,29358.7707423989,146246.770385347,13756.2143209418,305490.425532135,0,0,0,55251.3580307442,22889.768905567,2055.87533464632,11903.7263129343,0,0,0,0,51073.6058230757,0,0,0,NA
"buf750","Flood_1 Cuddleback",118458.808224345,345268.988494342,123769.495278113,272990.072762721,58382.8600334517,2166,323189.668280522,39989.0033362824,312197.060797642,15253.3085156365,94520.7514452257,2925.88985014017,4730.81914430465,0,14919.9577752263,3056,0,2044,4496,0,0,1668,26311.8392621132,0,0,0,NA
"buf750","Flood_2 Salmon Creek",122798.461813525,126591.83883967,56703.8655141158,6366,15968.9268347877,297,810900.299774304,36895.5199676017,333990.832096794,12802.1289800685,77364.9414718658,1601,900,0,25029.0764121913,19450.6401669383,0,14998.6258158631,136,7615.0798427822,0,2869,93059.2856664662,0,0,0,NA
"buf750","Flood_3 Cayuga Inlet",1520,5497,189094.369700099,4002,60422.9617974478,6471,613605.864427361,99471.1522458936,364390.043175932,30266.1360238419,102860.473207499,8725.35825686448,1112,0,2287,4417.65765533596,2816,15117.8659749646,770,219217.707725271,0,1870,32403.9330071031,0,0,0,NA
"buf750","Flood_4 Etna",179.377288203686,1628,239743.657861758,1543.19742139988,173528.095622879,13254.2418506749,458912.631048665,93481.9994846741,291537.528700024,40333.745038468,339551.178382239,1277,1533,0,14371.3390902143,18492.9441142904,13335.1735017551,35048.0932568961,0,0,953.296829700237,0,27634.0237055217,0,0,0,NA
"buf750","Flood_5 Genung",13310.5461945698,2,227826.056419865,0,184076.849167913,27623,454455.628042841,137911.665540616,323559.007281724,5731.48995286541,131243.080568695,0,0,0,15720,50238.3160578799,65337.617268625,32675.551085559,0,0,0,0,96627.7156158492,0,0,0,NA
"buf750","Flood_6 Freese",169995.165270803,42120.956100732,186817.205084445,34655.1757337569,201133.169229128,26208.465044254,545840.621135032,129830.745122071,141263.429352559,41569.0823487669,154673.926162305,5476.52937297703,6292,0,4595.85973723419,0,89.7616527182981,36935.0494097826,0,37695.2094552028,259,887.172987664118,0,0,0,0,NA
"buf750","Flood_For25 Lott",4494,740518.475004893,71865.663535351,121749.005788519,0,0,282369.760220291,469.197388375411,376237.125404323,0,4104.84581757352,0,900,0,16444.4140681383,14145.2505641032,0,109365.442512752,0,0,3698.45564846293,0,19976.8872464585,0,0,0,NA
"buf750","GrassHay_Ag20 Mattoon",312853.02329501,419987.00997668,122395.62291813,66575.9450156167,67262.3261692302,0,336832.462014614,37201.1398963413,187588.950204478,21998.2253049257,119288.714346756,900,24287.2234288929,0,11564.2340073678,6099.91745238021,30086.3616500855,0,1417.36752087362,0,0,0,0,0,0,0,NA
"buf750","GrassHay_Ag21 Haines",386881.645368265,662936.052729623,65155.1137594473,89531.5483049242,35186,0,167169.500660719,24130.1323365875,131477.259686607,13654.3306732354,93764.6102206794,1800,2580,0,15527,0,0,1030.59595036763,71681,0,0,3773,60.7335081528872,0,0,0,NA
"buf750","GrassHay_Ag22 Rejman",235644.562772239,448312.11768389,29207.3794975763,13562.5679394887,10980.6748418808,0,242055.200626917,16952.6044878233,127295.178003115,9081.19863976631,38316.8406256255,17520,336630.580995759,0,35737.0061515275,19310.0399881429,21881,1875,1800,9900,0,0,150276.570947555,0,0,0,NA
"buf750","MesicUpRem_For1 Mcgowan",94706.3579927329,64863.6097186577,517494.430964721,33126.1117255532,210339.267230047,9475.94289798397,208723.073219447,225851.724915002,71659.6503091617,48395.650890677,91943.0997403221,14850.3891473077,5869,0,88551.235505142,15915.1834920684,0,13075,9625.368702632,0,1180,0,40693.4267485033,0,0,0,NA
"buf750","MesicUpRem_For10 Warren",98084.8586456556,367129.072688648,207242.154311389,35837,165271.668881471,33201.1757467314,403441.578325751,100766.287190743,88724.6713803723,36479.2201718709,94590.3895924697,4805.69398222416,22577.9113739723,0,44726.1779192453,9988.21254782751,8621.82661319964,6764.28757814236,0,23292.4150822028,0,3371,11422.9211679865,0,0,0,NA
"buf750","MesicUpRem_For13 Scott",79319.9602661353,84008.85267115,264874.029954781,12718.2525005075,25976.6869441246,0,383269.088334119,27307.2637384924,57643.2840161223,16334.5581711771,379256.257637137,0,0,369366.903395976,19004.1346452236,13926,13206,19364.8508924828,762.400031116442,0,0,0,0,0,0,0,NA
"buf750","MesicUpRem_For18 Freier",234513.73045393,82530.5239209664,91079.3040492335,228586.756971625,72619.4455048805,0,60223.9957219443,8725.86112199246,4598.04698369836,32075.6373979264,133113.300463984,9516.18286996987,729239.064083097,0,42012.8722312996,266.800601580879,0,18266.8327005938,0,0,1520.61960455496,0,0,11819.5485183392,5630,0,NA
"buf750","MesicUpRem_For19 Freier",285555.961619347,495681.096054509,74137.563616316,378833.112497532,39631.0787774503,0,49703,2700,930.186032225669,12604.3940416984,97476.0524946491,38178.1824844375,191752.077981609,0,59326.0295765191,0,0,6522.70131543884,3600,0,3108.28934815947,932.085597928613,25144,522.711762248065,0,0,NA
"buf750","MesicUpRem_For21 Shaw",218133.945568778,660787.523351787,17043.7379691912,405231.163002563,37596.8217630713,36,156271.340977657,19525.9527352545,118042.070250695,13464.5091856124,4745,13449.5844960953,1800,0,38082.8831657145,1405.28452321031,0,0,46524.6224568616,0,0,2073.29814856534,12124.7856035854,0,0,0,NA
"buf750","MesicUpRem_For22 Shaw",353385.419136668,643641.60947826,24022.231661104,300054.262523366,21591.5561785136,0,169737.127063378,11543.8179915965,47963.4534403515,8073.27329922305,11520.340524595,17124.7023627561,47567,0,25309.0626853529,517,0,0,73446.6668541628,0,0,2633,8208,0,0,0,NA
"buf750","MesicUpRem_For26 Lott",4494,837056.349384226,63860.407156438,57857.6274765255,20112.7803075453,0,248485.806319004,1800,364749.632551113,4234.05797924162,3371.5101143342,0,1800,0,17963.987609731,13809.4140011382,0,103800.643345963,900,0,3557.92431596818,0,0,16135.382638352,2349,0,NA
"buf750","MesicUpRem_For27 Monkeyrun",128326.675839187,230701.990155745,220412.379514497,35267.0640933978,100415.942197606,16963.1995594108,514584.122369519,74454.0601457383,80881.3761078487,27723.3149611248,131750.181975114,20539,32473.6474627703,0,98841.1130902043,64,0,16428.0187814273,130.207367271512,22011.271739296,0,4008,10362.957838225,0,0,0,NA
"buf750","MesicUpRem_For29 Power",0,0,245634.363631995,0,71332.9059452933,0,583627.074719284,36089.8135944352,91172.4334522486,19949.1899731183,185244.826390853,0,0,4473.62688292834,29636,0,0,2653.56421871993,0,496524.724391232,0,0,0,0,0,0,NA
"buf750","MesicUpRem_For3 Musgrave",197230.126282207,568745.008903138,32010.4144768387,400611.728347453,23917.4343960775,448.085010407871,156614.207088664,42105.5293150998,144876.402260494,11710.5989762035,11854.6467976767,24996.5056306031,100691.241064099,0,17930.3237463294,0,0,16383,11173.7265305147,0,0,5039.54437252802,0,0,0,0,NA
"buf750","MesicUpRem_For32 Lindsay-Pars",1800,85.0291967644839,174860.311896828,0,18624.7738279304,16,94.7652035336941,12153.9705626496,38851.7421676319,6382.92092267572,143219.775445908,0,0,992684.991462449,14455.4522522393,34928.729886141,67211.0513175022,88762.2313923511,0,131257.605519799,0,0,40949.1721440497,0,0,0,NA
"buf750","MesicUpRem_For34 Arnot",0,0,0,0,0,0,858605.045967737,11763.8856341736,0,8214.36032784986,2419.48560652826,0,0,0,0,0,0,0,0,885335.745662333,0,0,0,0,0,0,NA
"buf750","MesicUpRem_For36 Arnot",0,0,0,0,0,0,399619.997871962,16587.7850306183,1510,13690.131244947,0,0,0,0,0,0,0,0,0,1334930.60905312,0,0,0,0,0,0,NA
"buf750","MesicUpRem_For4 Musgrave",387505.721635588,583391.274645529,21286.921137705,289531.249003072,34122.4213187914,0,192794.615520363,28793.2717419416,122993.117122235,13698.1829257147,15303,11196,20962.9063648894,0,6368,0,0,15823,13500,0,0,9068.84178461967,0,0,0,0,NA
"buf750","MesicUpRem_For40 Kunes",121503.416660387,542726.541675136,186264.334241947,256094.212094363,43575.0572575911,520,250017.542032143,97716.7614337425,92515.5200879287,14529.340759838,30548.4500773153,2293,0,0,28652,1067,577,3026.88524137648,68398.1618598265,0,11513.3754191952,3061.9243583873,11738,0,0,0,NA
"buf750","MesicUpRem_For42 Marks",9117,0,121994.534539864,0,22273.029074613,0,959597.515844288,31462.3954511804,26043.4198713255,17354.0907409148,361153.834188995,0,3229,172223.392211327,4444,858,4082,9106.31127668395,0,23400,0,0,0,0,0,0,NA
"buf750","MesicUpRem_For43 Marks",8914.20047477109,0,127859.18146284,0,20341.7948875377,0,929493.57295043,30029.7904566797,26235.0412103767,16171.2261380495,325626.609434042,0,3229,238022.106186367,2644,603,4070,9699,0,23400,0,0,0,0,0,0,NA
"buf750","MesicUpRem_For7 Jones",81968.4515655413,392821.734162518,118813.094081767,242586.270899288,21280.0172915632,0,388113.840934414,0,120053.144433832,6356.42479899507,89539.3853840717,7526.99259130105,2079.65864017785,0,57417.7865008681,28993,25398,13819.0821573416,1800,0,900,256.227747977711,162721,3894.41201046914,0,0,NA
"buf750","MesicUpRem_For9 Pecher",148660.588278031,439584.513080821,289394.111787143,104177.357426089,35823.8880554725,721,213212.735116819,38859.5273108401,203926.820896092,15730.9849404627,123816.957343736,1142,15217.7960891069,0,42083.5533410512,24748.8955183329,4159.86202402586,8,7786,0,0,447,56836.9319911287,0,0,0,NA
"buf750","MesicUpSuc_For11 Scott",0,0,30665,0,0,0,1587047.67678826,0,2084,0,58970.415616087,0,0,56221.4307943848,31350,0,0,0,0,0,0,0,0,0,0,0,NA
"buf750","MesicUpSuc_For14 Cuddleback",142958.032600256,462912.471803871,133836.53617795,177479.782848561,26409.6242036191,605.94732651487,363047.64666954,23153.9036269664,291396.662390422,8502.20151239037,84615.353554268,1800,0,0,40106,882.998280346394,264.104937169701,627.848672893146,1796,1360.57356147337,122,426,4034.83503370433,0,0,0,NA
"buf750","MesicUpSuc_For30 Power",519.575403527473,0,275413.461635011,0,74370.4065394415,119,715730.099375144,42029.8488846566,104100.926252057,23388.010896977,190812.872655364,0,0,19081.0451330297,26800.9176408938,4148.11497156358,50608.3463253859,8633.3721845164,0,228138.699204494,0,0,2443.82609613182,0,0,0,NA
"buf750","MesicUpSuc_For35 Arnot",9815,13784,55624.7700372835,0,11196,0,388290.076161361,29704.9796420852,15676,23866.4116890517,54927.7426179714,2700,0,0,11251,0,0,8518,0,1140984.54305125,0,0,0,0,0,0,NA
"buf750","MesicUpSuc_For37 Conn. Hill",0,0,0,0,688,0,956528.92684064,16150.2790070021,2022,12874.1081171669,10329.1238804978,0,0,0,0,372.232081010938,2454.74155835807,9242.1132120557,0,754816.998502596,0,0,860,0,0,0,NA
"buf750","MesicUpSuc_For44 Bishop",9823.93987963573,257859.49082053,110766.450840373,160747.821358045,116826.318034922,0,609800.531701843,4500,42320.158069288,28597.5863447774,4898,717,52637,0,7222.52053205809,50479.0920254064,3615,102020.241222949,0,0,1800,0,114631.381526521,46101.1039334926,40974.8869085441,0,NA
"buf750","MesicUpSuc_For45 FLNF",0,0,0,0,2,0,871641.847107475,9985.22245751384,0,8306.90896470123,1445.63060199469,0,0,0,0,0,537,546,0,873873.914066839,0,0,0,0,0,0,NA
"buf750","MesicUpSuc_For5 Manuel",195796.286765941,420118.343519321,36017.161471562,8861.96610660106,11906.7334889801,0,283485.438258826,20174.8361730291,125189.683627384,10659.4150499569,36490.1842458609,7845.6002915448,406465.651046254,0,26119.063506479,18585.6608535023,21881,1875,1800,9900,0,0,123166.498796081,0,0,0,NA
"buf750","MesicUpSuc_For6 Jones",76452.390289244,420318.420563702,94207.4137801203,395554.972526905,41673.7375768709,0,302217.34933562,0,78298.8554055674,11857.4343290451,40724.0160994274,36175.8863904516,1546,0,39028.599216119,24240.5465681963,20043.1044249208,15161.5841088209,1800,0,0,2619.21258481825,162721,1698,0,0,NA
"buf750","MesicUpSuc_For8 Pecher",120388.412523064,757258.130652414,13895.5061221617,242394.78337426,16009.7748738054,210,358665.382682985,18867.7626796926,68672.7148889297,11843.5118448726,14436.4578541443,0,1624.55484274014,0,1008.29469593638,34847.436694925,19805,693,0,7654,0,1168,76895.7994691918,0,0,0,NA
"buf750","Pasture_1 Jensen",165546.984904012,168842.83117053,48980.5316549811,37041.8491947938,32594.9693044394,118,96546.22984349,43735.828474263,2060.42722049356,16316.8411999243,4832,208536.670278724,100352.374703153,0,11402.5749116004,480485.669437034,3067.91035169899,83,52631.5320576044,0,0,900,292262.298493746,0,0,0,NA
"buf750","Pasture_2 Wickham",342916.660170379,68772,204215.28428991,0,94371.305640685,2561.04692538083,0,53740.9179953808,48484.4626043987,21431.602596608,144533.596170348,1613,2792,653670.435644351,15369.1253207009,13891.4409045088,9591,1030,0,43687.9165021685,0,1187.72843445837,42479,0,0,0,NA
"buf750","Pasture_3 Haines",511225.84826832,444646.04372565,189138.969103523,98287.522389982,53114.6724708606,2820,198931.747193344,61353.702012752,111888.547210484,20533.5270730335,46016.9258822975,4414.79122514299,10185.5766327944,0,3088.23390229003,0,0,1930,5223.41610797934,0,0,3539,0,0,0,0,NA
"buf750","Pasture_4 Sherman",258910.41990022,51387.962011374,390151.717513705,48390.2804227829,63352.7094067287,188,155089.611131056,62480.5350430945,125663.144809265,11104.5610367837,305020.523124369,22051,81401.6063189376,36513.0752780184,59067.0892779445,738.286862821871,312.469737345818,34503.2747973623,44175,1275.26200708677,0,14561.9945209548,0,0,0,0,NA
"buf750","Pasture_5 Cornell Equine",20799.2305381746,193388.807694008,173653.989789044,12639.0447542489,450186.950873158,5364.55270729912,586687.368937179,50635.9666678398,63747.554780558,20637.5209108844,79336.7476877572,1665,13246.290325535,0,30903.6811019113,10830,19456,14797.471020585,0,16791.3454103096,0,1571,0,0,0,0,NA
"buf750","Shrub_Wet10 Ellis Wet",6537,0,209268.181871391,0,28496.365693117,945,232965.12058485,28152.6677174552,60461.2631424982,9843.87524984172,151384.017591612,515,0,487089.549201649,11715.1731292834,196549.611612905,58608.4769395196,11217.8750160207,459,222195.813526194,0,0,49934.5319237835,0,0,0,NA
"buf750","Shrub_Wet12 Conn. Hill",0,0,9510,0,3961.8602958871,0,1343174.33001505,18377.9278665176,1888,14809.2077807624,26198.020384595,0,0,0,0,229,1770,5117,0,340728.492433765,0,0,574.684421841986,0,0,0,NA
"buf750","Shrub_Wet18 Payne",19772.6182168488,5206.22608914395,147332.544357294,4399.17526577343,85136.9667211597,3207.71672425233,122250.324005733,56091.416079647,99886.4546489094,26992.2954388942,151513.414156808,790.723007863417,1267,573599.257194534,14350.9931271887,160261.388399316,35548.9528539157,11315.5774080354,0,236303.479504613,0,0,11112,0,0,0,NA
"buf750","Shrub_Wet20 Lindsay Parsons",1800,0,182828.348046569,0,43537.9088582776,23,3542.78870729277,25023.7110072566,47307.6125164738,9782.35385674424,98240.3527205751,0,0,931223.921734293,17648,102872.255731977,101105.578435161,81420.663477886,0,9005.57898856307,0,0,110976.449118316,0,0,0,NA
"buf750","Shrub_Wet7 Power",941.852467362187,45,223814.832157612,0,64212.6622804432,119,655386.144057525,35300.0634624389,89919.0737737655,18917.8892634644,155793.209911124,0,0,65432.548025494,18525.8594784163,30342.7039035987,80067.21632501,113450,0,159693.389213377,0,0,54377.0788800186,0,0,0,NA
"buf750","Shrubland_1 Ellis Hollow",900,0,140011.464980829,0,76827.0926010968,2532,759380.313237238,59973.3922733019,132911.891929859,26517.5796614472,188588.273334524,515,0,45276.7078766354,547,6353.67391144022,13278.8161839876,6714.78182027955,459,305551.535387421,0,0,0,0,0,0,NA
"buf750","Shrubland_2 Jasmine",80670.6494423527,178917.039049116,294227.202448929,105972.885788355,113129.126845712,7898.45512367226,443172.272776851,74624.1427476576,212805.698427712,33507.8616309781,102336.247487404,55025.404725466,12772.4852320334,0,16081.757952452,4826.94568687273,3327.34783303738,2409,1800,17008,0,5826,0,0,0,0,NA
"buf750","Shrubland_3 Long Pt State Park",11974.7058669,60362.0529713286,102925.458988045,37926.9699090141,44626.8824691196,9606.98099088669,698898.53818138,36687.7193359534,363908.818887104,20429.6476230181,72603.3384178799,9057.32716429234,0,0,7693.49176050536,0,0,239831.116196613,893,48012.4744369008,0,900,0,0,0,0,NA
"buf750","Shrubland_4 Blueheron",143052.02419338,101213.100754533,496478.996526641,69603.7287889911,36078.0037231061,0,369621.606100404,0,268817.860035582,10014.0623549144,161433.015298875,4500,3600,0,8100,0,0,32526.7344860183,0,34841.7364528293,0,22508.6544849561,0,3949,0,0,NA
"buf750","Shrubland_5 West Haven",73073.4580703938,17982.3465808282,468319.988658798,7982,71210.4408776622,5520.49825047981,348312.599434614,91010.4816785273,212067.506068403,29955.7938855756,86986.3723314603,26580,145971.793542691,0,35919.0863018098,17037,26204,12444.0311885873,971,80733.1263301718,0,8057,0,0,0,0,NA
"buf750","Swamp_For20 Freier",13628.2906218905,459550.270306548,78266.7350274509,341638.872746711,11421.2337846859,0,126246.504561047,0,45072.5174967865,8289.55455154437,18184.026636317,6282,280253.087163627,0,10135.0075824324,14351,44506,16254.0991998884,0,0,900,1786.74549270933,289572.578026186,0,0,0,NA
"buf750","Swamp_For24 Lott",8097.2917453589,700872.878001247,424378.091559753,144235.932074482,98269.5343783453,0,69902.7523444445,45.0673950063065,37207.9321712341,13193.2807425354,56715.3768746604,4500,47217.3949278361,0,84134.9747044735,19612.4946445385,16271.5484268847,4613.98106596107,759.062665438192,0,0,0,8587.63147905841,26129.7860833586,1593.51191570669,0,NA
"buf750","Swamp_For31 Haines",56882.3237620176,684443.465563296,35510.89493745,95093.7790265037,23243.7128170281,0,408080.680032971,11783.0497609712,126129.680008202,8069.47624618045,192009.6094067,0,0,0,14558,1254,0,1035,48262.8516381115,0,0,627,59355,0,0,0,NA
"buf750","Swamp_For39 Conn. Hill",0,0,14034,0,6299.71723907083,0,1638991.68723001,13049.2276692986,4873,10727.9207519591,54126.1759223009,0,0,0,6206.15642446783,869,6789.86212305303,6856,0,3513.90260380955,0,0,1.87323616445065,0,0,0,NA
"buf750","Swamp_For41 Kunes",65745.1341418937,294606.615806135,143004.6411584,381161.454757633,65130.0358414893,5013.86146765018,255264.069407828,115226.812065925,23955.8526915908,12242.3659759824,5616.94539084674,115762.577622522,8850.3672117223,0,27118.2834921936,14366.5265183982,63517,1511,46467.6937640859,0,2272.92156857776,2129.38848721981,117374.975829382,0,0,0,NA
"buf750","Swamp_Wet1 Jones",82767.659239286,429742.904277397,123112.824578182,244507.701392239,10949.508965675,0,374142.044258328,0,118339.406560794,3320.73229845323,79726.5075645873,0,2700,0,63269.1673828383,28133.509140062,25398,13092.4902346645,1800,0,900,0,162721,1715.06730711893,0,0,NA
"buf750","Swamp_Wet14 Owasco flats",0,0,472,0,7936.70638362426,486,643808.543454787,27616.8418928331,35133.5924502093,14069.2111854812,7424.58979613954,0,0,0,0,88071.2259943582,14327.4033253465,48552.1257718019,0,116119.28491791,0,0,762320.998029522,0,0,0,NA
"buf750","Swamp_Wet17 McDaniels",1880.97824980679,274,300091.632307349,0,55596.8600188761,1170,683777.546475147,36860.6930805407,175086.724019328,17018.1434444427,335421.548678335,0,0,0,51461.0994296517,38344.8814393206,6108.55870547052,11314,0,13691.8736262446,0,0,38239.9837254809,0,0,0,NA
"buf750","Swamp_Wet2 Pecher",120230.36936349,649027.952829393,21174.0675235573,339651.547337561,36628.0681073714,522,267223.083226194,36351.0683264019,70621.5551787419,20350.6734223902,27605.3746735945,0,30641.9717559551,0,1145,36054.0345680118,10537.5579527111,701,7786,7654,0,447,81986.1989336319,0,0,0,NA
"buf750","Swamp_Wet4 Monkeyrun",150583.493223324,192010.118953016,243929.733255322,39039.8745720207,85865.4280799337,10206.9931176859,509469.844791753,59833.6375691079,90899.3078283862,23649.0744419695,165699.123275756,20719.9393904411,24668.7796155647,0,94615.2044045673,0,0,25919.4874479422,900,25206.7524812456,0,3121.73075209977,0,0,0,0,NA
"buf750","Swamp_Wet5 Haines",99307.3363351241,715304.426183754,51384.5394859883,66323.561742679,29508.7540792015,0,341643.444322724,16206.4241527053,105516.221528571,10261.3637262674,221374.730256812,0,533,0,13676,1254,0,1045,32959.2868567081,0,0,685.434528618585,59355,0,0,0,NA
"buf750","Swamp_Wet6 Jensen",200341.502677274,289030.618948266,8838.46244610542,214931.497106244,1931.90862228418,118,187697.107682583,11588.4168492556,9287,769.801282192115,3016.28400983289,182896.038810798,90700.6260144483,0,5697.63174762577,22512.2019218347,13197.094231375,0,900,0,0,900,521984.33084999,0,0,0,NA
"buf750","Treerow_1 Case",49199.7361317836,374467.717702947,59833.5895285318,571800.572719479,110522.030563878,0,13427.5127944343,0,99690.4013038963,33544.8859080152,62661.4634444646,167221.727261074,108610.501658738,0,16815.6659550127,0,0,15555.2209564361,1800,0,0,5743.5865142453,12284.5094782528,51091.4930706904,12067.9082069137,0,NA
"buf750","Treerow_2 RJO rose",252220.214137946,458356.364879316,147947.44410811,244053.35987002,22583.9678304541,244.669246282429,38809.4406411337,33620.1071425113,3660.79080329835,8185.65360082779,166645.3025206,35356.4203187716,52508.5900324077,0,39957.7241499871,0,0,0,17695.0239348872,0,17694.41232105,226788.037662651,0,0,0,11,NA
"buf750","Treerow_3 Matton",311233.388121641,414557.304183716,109231.146054565,68070.0629198075,54366.9138112804,7,398068.4785699,35070.3946426279,195500.965130355,19705.7860101842,77983.2668270353,0,19436.7987252887,0,12997,7137.14390383754,30774.8742998862,0,1730,8100,0,0,2368,0,0,0,NA
"buf750","Treerow_4 Dunlop",16220.3321157087,6751.6019692705,364586.736313739,917.639781903339,100445.260657888,4317.99581474485,1962.23124414136,60171.6969505643,70842.6695663806,27025.8718484267,326189.439243336,0,7869,713106.035781739,17085,5830.27444800618,17612.9710664347,23680.7663978417,0,0,0,1723,0,0,0,0,NA
"buf750","Treerow_5 Pecher",23341.1192636715,560898.010972476,11179.7037883264,479092.456632474,29082.6408447606,1001,419742.453717487,28448.6273504384,42295.5849860441,15888.4801380285,9883.64535525558,0,456,0,1670.13503572828,38856.8894302924,19805,693,0,671.775683991233,0,635,82697,0,0,0,NA
"buf750","Veg_1 Church Creek Farms",330106.250773344,428340.770929607,158189.103644991,25546.1913930704,101941.098840955,18334.7092673182,321698.533235751,104779.475812878,159895.355694645,1406.98020268232,46769.4121138612,3657,1471,0,5569,10908.7855719235,12937.9802768826,2081,900,0,0,3531,28274.8754420388,0,0,0,NA
"buf750","Veg_2 Plowbreak",24655,6205,297755.634770959,4499,45993.2063704125,598,664256.189449217,61456.5202502182,225432.754053555,24465.6275452171,188379.5800609,0,3455,0,2699,210,15348.6304730452,2159.02497213322,0,196353.355255137,0,2417,0,0,0,0,NA
"buf750","Veg_3 Silverqueen",272575.243900229,138259.12074569,158742.766313414,41098.2061378495,81709.2086549639,2342,290621.260053649,62935.323907985,177085.771829062,31954.4825080099,183883.666287565,13972,18042.9175872077,41324.8114284769,17826.3178220934,58667.5855333575,24307.8516473102,3298,900,0,266.129023526795,8498.86406401676,138026.995755492,0,0,0,NA
"buf750","Veg_4 Blueheron",124765.200179386,117110.424170406,416169.108523214,129368.730363755,31803.2833595414,0,399217.312821043,0,277856.412030558,9346.2860548445,139298.341466965,4500,3600,0,8100,0,0,33035.4302258077,0,46714.1923097277,0,22234.6383961439,0,3219.16329663247,0,0,NA
"buf750","Veg_5 West Haven",28309.6555810865,11577.6913083474,481967.471878246,7982,84249.560211633,10513.7914172002,486573.532442073,100220.178086398,302013.791768136,32170.0855543669,84608.8365773155,10601.708791523,27536.5194838248,0,20624.5761395482,14097,26204,11304.9316103402,971,17647.1923481717,0,7165,0,0,0,0,NA
"buf750","WinterFallow_Ag1 Mattoon",448903.364825414,761285.793446613,40596.4446280231,29627.1144689868,39219.7923737065,12,230888.906550982,39561.4005855692,80722.8503362882,12933.4688254532,10962.3198587809,946,0,0,3269,2135.83390880097,12448.2333906772,5179,1313,46334,0,0,0,0,0,0,NA
"buf750","WinterFallow_Ag10 Case",12554.193916209,302203.230624683,75962.3343767953,712130.367844226,127175.835500437,0,90030.5968601653,0,47280.182934015,37332.6634716588,2594,98431,10650,0,14883.5623817407,0,3664.91653026663,17188.9512306775,900,0,0,7629,46649.9509871496,110467.826140313,48609.9104012722,0,NA
"buf750","WinterFallow_Ag11 Jones",35538.1271088045,574918.034782704,167479.50971773,499895.153240342,90522.8987313511,0,163390.908196221,0,45281.1793602093,19744.6891897991,56630,56762,1800,0,10622.2095826452,906,5542.8013438741,17772.8761978611,0,0,0,4726.36427041772,0,13136.7714754345,1669,0,NA
"buf750","WinterFallow_Ag12 Cuddleback",98786.0953088046,480275.239146882,57862.6636387265,315026.890765585,77855.0117833279,1740,165943.055070151,42759.5324272021,198305.289841073,21482.7686801236,21407.100454413,2700,198135,0,11269.1230655937,8856.71865044534,0,1456.63201492559,2756.36138353701,0,0,1242,58479.0409679898,0,0,0,NA
"buf750","WinterFallow_Ag14 Smith",1807.14235471794,523596.707448751,33549.9971818261,482724.754441078,63430.8899177349,0,321969.331997828,900,3600,23990.7426751594,1770,1492,81200.428688246,0,17217.1104423827,4279,11401,18720.9846973514,0,0,5821.04995589053,0,166392.80884124,1747.57455568039,727,0,NA
"buf750","WinterFallow_Ag2 Mt. Pleasant",90963.4883179037,113664,124698.829339055,35036,22462.2499381625,0,750414.493867971,19689.6470844117,21663.6530012954,12975.2344101588,243525.539738722,8100,2700,0,23234.0577908308,183,245,11361,4500,280022.329710332,0,900,0,0,0,0,NA
"buf750","WinterFallow_Ag3 Mekeel",274132.056489834,665557.63187288,154049.828782116,45971.1288163641,33390.986562688,313,314790.444721153,35840.8731598498,69925.3496585095,19961.1719595008,82785.8645980795,24164.8578568166,4377.96106654312,0,23488.1751537341,84.4732609838247,7018.20571813741,5729,0,3857.51352187831,0,900,0,0,0,0,NA
"buf750","WinterFallow_Ag4 Carpenter",164067.268328796,292136.895839364,101700.791658009,579519.020168537,46189.0324144661,226.241753627866,109872.709119669,39048.4773931674,9821.89391454655,17924.7273324411,116793.349474307,127323.731111827,10626,15119.9438147133,7962,0,0,0,900,126206.440873747,0,900,0,0,0,0,NA
"buf750","WinterFallow_Ag5 Witmer",127047.779092349,582346.996791897,122981.980473976,213690,28136.189456752,557,427634.435841448,42181.1890708799,137280.99525599,14311.3969549171,20561.2305635255,0,1773,0,24252.3296982287,93,5390,1706,4040,0,0,0,12355,0,0,0,NA
"buf750","WinterFallow_Ag7 Musgrave",614320.092900867,462364.656147232,128229.445201692,57925.6180833074,29808.2932643491,0,98481.8177144903,40134.4500869465,132988.964943564,16204.6123786172,83200.3550432668,3495.80471684679,71157.2337757285,0,15573.4421655598,0,0,3050,3078.74873357825,0,0,6324.98804320801,0,0,0,0,NA
"buf750","WinterFallow_Ag8 Freier",106321.517480299,476389.396480807,42873.5603083249,725055.344542164,21368.4072237336,0,102084.285137346,0,499,9296.69716554694,95985.0680931823,69526.9340063566,62209.5042197721,0,52141.6224071519,0,0,2587.18613436477,0,0,0,0,0,0,0,0,NA
"buf1000","Alf_Ag17 Jensen",457319.832330926,942976.877546679,85646.2365381968,334757.939337656,36949.9630234531,482,367925.440849666,32896.101193695,57583.819681051,17497.916551121,17391.5214233014,109620.027201604,44771.0232683867,0,9128,25536.2156580835,43187.0062146665,493,14339,0,0,2260,539395.453759809,0,0,0,NA
"buf1000","Alf_Ag18 Wickham",456809.403194912,72293.615111432,329339.496327811,938.147857785225,157935.141360352,4487.97887109825,0,132802.90302888,86884.8056391262,38269.2048389334,285029.081025537,14567.3418352254,3401,1058529.40332543,29856.9133263826,18882.8474247555,28630,1225.35360939777,1449,370815.523508541,0,1836,46174.2142918963,0,0,0,NA
"buf1000","Alf_Ag19 Mattoon",876055.042284052,1231679.35363612,74757.0713709364,25289.1430605982,59676.3734702812,19,514459.982191243,52802.9709346443,138059.742038071,18714.4115112461,17676.0968247253,946,0,0,5270,2799,13237,5179,1313,73242.1872546368,0,0,28982,0,0,0,NA
"buf1000","Apple_1 Grismore",186341.535807579,704718.652218065,301469.547193017,197988.074831638,80190.1103393853,875,803774.924075503,71578.9270328189,277166.63636438,30457.3323890623,146815.669972376,8328.96943148866,77272,0,56839.9499849312,9425.53102525673,66805.3426710568,2069.21051699732,5125,95772.536006926,240,3403,13499.4247182273,0,0,0,NA
"buf1000","Apple_2 Cornell",142761.512255497,34834.9438451593,547508.499737147,38052,709226.841633263,50376.0757699895,499757.193155886,608878.753159631,143044.005620861,114829.185758441,101531.14266116,9041,3125,0,43254,4446.91883817478,0,38972.3165343881,28838.8790651645,0,35,3753,17891.106543377,0,0,0,NA
"buf1000","Apple_3 Caldwell",18642,1996,724866.428698451,1464,91033.8498948209,308,1385637.35409665,66359.1948678734,225406.72025736,29424.5974961564,367070.988524657,1663,621,0,13400,1184,33654,6173.77640313813,0,143935.464339082,0,0,27317,0,0,0,NA
"buf1000","Apple_4 Black Diamond",810671.605003393,143860.923483543,733285.198140485,90426.725510414,138392.56670347,17362.7744358987,250813.402349022,69745.9283117205,280636.447421275,23840.7869315184,237004.555076761,77633.630329666,83876.7677169857,0,49999.3451997936,19812,11687.630114506,29848.68833606,1800,3562.96857508307,8100,3141.25247363202,48226,6428.17846204901,0,0,NA
"buf1000","Apple_5 RJO Rose Farm",480220.829388185,803325.80827326,230026.43804467,596490.867244615,30980.952300834,601,160992.777890325,48191.5414753119,16231.0875560805,14331.4942033079,186676.874292482,40744.9545372727,192283.501977864,0,48460,357.0362726124,0,0,24455,0,25680,237024.667507387,3071.54361133649,0,0,11,NA
"buf1000","Conifer_For12 Scott",127855.899423479,15363.0942651095,117658.117589139,3220,12424.9303025967,0,2101022.58346893,12083.2567487569,29887.1942503465,6550.53308529174,274346.805116138,0,0,344775.695683096,44611.5134936273,25747.3762799746,17357.789851144,7252.58501954505,0,0,0,0,0,0,0,0,NA
"buf1000","Conifer_For15 Frozenocean",4553.71921765595,35316.441717348,11256.1281863332,82295.4950610516,15756.0736857787,956,2209692.83458106,30823.1440312225,334437.960616221,23454.7785714306,96358.8807085046,0,1073.04460689241,0,0,17859.607685141,55921.305425421,42452.6306222745,0,118628.819015578,0,6596.66041235424,52723.85043258,0,0,0,NA
"buf1000","Conifer_For17 FLNF",2789,0,52466.1410370713,0,10820.3667554393,1836,2024405.39758747,24718.5671170669,105971.354461487,18526.7587459502,56651.9131620164,0,0,0,2237,0,0,0,0,828173.87570717,0,0,11561,0,0,0,NA
"buf1000","Conifer_For2 Cornell Ponds",874,4245.75043085436,344248.115993039,1841,248305.241368109,18342.4880930595,1412540.62543972,149067.096976021,187300.800704881,35829.6793721637,160079.117125301,5248,1800,0,17770,47701.6132743815,8919.01786631082,75654.0012236607,1637,0,0,900,417853.826708374,0,0,0,NA
"buf1000","Conifer_For23 Saltonstall",186396.034839701,173033.662791625,479921.118001179,28500.1992967312,54483.0782966459,5823,720812.405112297,85928.9148744105,516182.481370419,43558.622167059,264775.681087496,1799.08354187012,9846,0,13962.9696677111,0,0,497786.123528458,611,11700,2841,42196,0,0,0,0,NA
"buf1000","Conifer_For28 Monkeyrun",3268,3504,84826.2581227129,2182,313778.248416988,24388.3518837118,1847029.42235693,184658.080395773,127143.230233263,46839.344542429,190503.274689185,4057.36656636395,0,0,6602.91433576572,8834.77139326258,13355.673585983,62968.8287557277,123,167916.284215746,0,0,48178.3250819479,0,0,0,NA
"buf1000","Conifer_For33 Lindsay-Parsons",987.012375593185,752,63300.9304021632,0,19423.0245886836,0,613489.246898912,35256.7146955449,21707.9081978183,23963.867285264,55450.8522193417,0,0,1012409.2085128,0,5731.22166974936,9441.83388592265,0,0,1278243.55384623,0,0,0,0,0,0,NA
"buf1000","Conifer_For34 Danby",0,0,391,0,12596.6451709531,0,960295.827780731,31720.6342685607,1833,24695.7317735893,14358.52808324,0,0,622207.817674474,0,3155,7132,0,0,1461771.18982601,0,0,0,0,0,0,NA
"buf1000","Cover_Ag13 Smith",51819.1299136587,1089975.64435762,415302.271505411,204183.18496937,146139.025124761,0,552678.528896064,767,42426.4273226984,40037.7434602042,63122.652911471,7200,177907,0,116410.223937457,1699.33534958815,54495,65277.7747072964,38938,0,11173,0,47168.8191464641,13436.6129743909,0,0,NA
"buf1000","Cover_Ag15 Lott",36413.1519733341,837178.479204426,368125.205933311,1058199.53257235,199882.753109351,0,73685.5562620786,0,74292.1919725921,32407.0877760015,101870.775347414,5639,116784.568024232,0,79265.69957308,1967.68786942773,5022,16043.9965974282,900,0,1562,0,41640.6883618706,62592,26685,0,NA
"buf1000","Cover_Ag16 pecher",281423.206762704,1176789.57116633,81200.0056264533,542812.934425422,55690.9375183837,786.859697559295,424396.181560306,63728.4392359174,208887.859217105,31494.7828349798,60365.5018925328,1460,39603,0,4941.70089994173,38655.384720239,16610.0090191538,701,7786,7654,0,980,94190,0,0,0,NA
"buf1000","Cover_Ag6 Witmer",181008.561559302,1022469.89626254,169527.380315572,258361.786986619,52397.2025187426,628,307059.602430118,76194.2038092975,189118.183994773,22602.6061852963,52064.8323693238,1533,90969.8188796364,0,49203.546857628,174963.884846094,66558,3760,6030,0,0,900,414806.867562502,0,0,0,NA
"buf1000","Cover_Ag9 Freier",633362.264954064,522448.032138822,179843.969540544,796682.684468657,101842.330896799,0,170352.444788735,5391,5214,36964.4318456557,192495.15324842,20819.4870621789,313906.116030345,0,65607.9384455193,367.775909776508,0,31439.0865186237,6323.54500621895,0,4278,3424,28493,15518.281682011,5383.83204042271,0,NA
"buf1000","Developed_1 Park Place",1800,2311.58376022425,26525.1122519636,0,1177746.98678134,310095.971102542,70610.705805685,1310558.79878724,58998.9342919705,0,7915.83140882223,0,0,0,0,2099,0,171493.450383808,0,0,0,0,0,0,1,0,NA
"buf1000","Developed_2 Vet",115302.047633769,28752.1108847958,540219.535761971,33551.771956265,715468.476340525,54810.7455599307,543779.275297278,600348.154936435,161603.572931773,117112.635788662,102548.177024316,9041,3125,0,42354.7620367274,2022.15784617537,0,42470.725152053,15372.5128560834,0,35,1800,10439.7125703491,0,0,0,NA
"buf1000","Developed_3 Danby",6215.28938048398,5867.29796467953,975547.270960477,1373,256601.673395427,8748,537684.039745806,151396.493415586,277748.059699589,45293.1788380351,358092.792238684,24214.6956908496,2571,80703.9811082684,54408.4793791173,171639,100562,14950,0,0,0,0,66541.1227584435,0,0,0,NA
"buf1000","Developed_4 Sprucewood",522.238429630043,5340.78368427883,30393.681289974,2331.88754243171,490111.321789779,174678.403907193,1560341.097544,390398.51549975,149770.267643838,76285.0851603139,49172.613022281,2537.25466496754,0,0,1065.94478959174,19788,19507,9187.72353330033,299,12943.5560755028,0,0,145483,0,0,0,NA
"buf1000","Developed_5 First Pres",358569.588330659,722773.436793826,338217.062133345,773264.67782627,116953.541997058,10242.7215495707,149396.9423591,136974.736555885,284303.590067476,24507.2166328756,27453.9680603144,5786,88403.5419207384,0,40503.2209836353,1186.5783662945,96.2481885391608,4322,37448.9809734179,0,0,7231,12522.3218376192,0,0,0,NA
"buf1000","Ditch_1 Johnson St",48405.5450093826,20506.1413288959,690583.42949001,40019.5187579969,135130.16556289,3006.79303209111,73475.9722986005,155932.687084871,80666.277768064,19373.2316260494,559390.12485742,8464.09299869114,14569.6548315588,795128.519801594,176547.300454019,104238.893306406,122376.724286561,54554.6580986909,240,0,0,1028,36519.6439843097,0,0,0,NA
"buf1000","Ditch_2 Cornell Veg",447573.65701918,127542.190992413,611718.543673346,62411.5295614864,109662.595257954,1700.07313567027,344047.175687816,115715.452886099,269353.012416905,19834.3510162024,419941.263351576,29099.045337623,98814.5003593872,117906.350113811,75987.3848304987,62319.6625633199,16189.2845452195,48601.358514029,48768.2649826868,53503.6476223713,0,15846,43622.030707467,0,0,0,NA
"buf1000","Ditch_3 Carmen Rd",300063.627968234,687678.799643207,276007.172083112,197820.458960486,100620.267583,267,668078.977397452,70353.1728400933,188187.093652216,39342.5095149134,116678.039532745,188484.31077355,156145.948646502,0,34928.6960711006,28552.601838445,3533,9492.42637279799,3741.66335994119,54029,0,11061.1288838957,5091.4794555829,0,0,0,NA
"buf1000","Ditch_4 Freese",268793.386263657,231162.602598769,363454.420993527,56462.7616400684,191399.866308591,21376.5687983898,1056312.94736548,122639.328094703,177705.716187822,42574.5107027201,294642.126736607,21266.6850098036,34094.7839977544,0,95428.0793708957,1842,1091,52593.9502599013,900,102408.640246121,0,4008,0,0,0,0,NA
"buf1000","Ditch_5 Collins",5221,222221.533152756,518246.57804487,321367.71501252,99098.6020212032,1007,989935.885953324,77499.9162972802,352618.044408195,34376.592688509,258238.276757256,1151.68458999507,1408,0,59620.6771224013,48776.5801518225,66452.2120205939,6930,0,0,0,542,75445.0763566396,0,0,0,NA
"buf1000","DryOak_For16 FLNF",0,0,60539.9156969456,0,9989.14950290954,0,1845014.57222825,28112.4199336147,51969.0114133099,22182.430004501,103849.161273814,0,0,0,10.5228347936645,367,1844,24678.4508723215,0,988622.740816546,0,0,2978,0,0,0,NA
"buf1000","DryOak_For38 Conn. Hill",0,0,14034,0,15422.9052960999,0,2222735.94987878,11288.8273310959,4963,9389.69372943416,63255.1913790641,0,0,11723.3664322824,6230,3478,30727,6856,0,733269.440529574,0,0,6784,0,0,0,NA
"buf1000","DryOak_For46 Eldridge",0,0,323474.795987514,0,154783.473359395,14414.4896919429,1470455.3843461,142405.288274217,426376.372405217,51613.8215660775,223402.28571699,0,0,0,2695.36998078856,1857.16149915085,494.064921617508,5180.40314483018,0,320871.463680857,0,0,2133,0,0,0,NA
"buf1000","DryOak_For47 Baldhill",418,0,90531.9075706492,0,13205,0,2525061.4548658,33564.0317826918,30381.7493105366,19180.0649910316,201587.914217154,0,0,4731.04203196874,0,0,0,4106,0,217390.209806478,0,0,0,0,0,0,NA
"buf1000","DryOak_For48 Shindagin",0,0,1446.47346145488,0,1418,0,2244292.95783762,9468.28408470778,2695,7495.88892179215,583.588465813038,0,0,812410.813309004,0,289,44454.6110252635,0,0,15602.7574709554,0,0,0,0,0,0,NA
"buf1000","Edge_1 Mcgowan",167039.981197173,75879.2440035157,745365.971238391,48692.9400989491,412422.438512937,29487.5437152982,549952.029402119,368196.852717496,155388.043870004,98051.882699213,191680.866727043,21915,6725,0,125156.113576999,24040.9888277603,14117.5815760054,42375.9231030191,17062.7208343282,0,1212,2664.25247726985,42730,0,0,0,NA
"buf1000","Edge_2 Warren",151157.786364545,404307.068799353,253493.759851672,44700.9534073714,492573.816836094,72902.1156911062,945725.83032902,200721.691681025,186160.283389686,68743.8361613927,108096.687201804,19601.9907342037,29288.3457009837,0,53234.2626177248,12088.911100138,24849.9786806624,7417,0,49189.0560305031,0,3779,12125,0,0,0,NA
"buf1000","Edge_3 Mattoon",485533.541610422,891605.747374077,181274.691157471,149769.712377021,63903.8223903329,4.55724340677261,542787.286869727,48657.8237935374,280636.459943541,26580.4730431892,253453.427146477,1690.79882593337,117540.4876336,0,24064.6324604745,10956.5330815017,32555.3796265781,0,1730,8100,0,863,18449,0,0,0,NA
"buf1000","Edge_4 Dunlop",24273.3943660557,21962,622319.707811223,16068,178201.941020653,5883.80901194862,137516.121295711,116340.991351243,129039.838843047,51364.8598797625,547877.288592692,1194.97580651523,7869,1110442.71592682,32605.8880359748,22881,30994,31564.0180179104,0,25523.824616577,0,1723,24511,0,0,0,NA
"buf1000","Edge_5 Pecher",180473.7192361,1142515.6333505,25096.9559038346,802110.128006611,59456.7160426556,1066,502138.51020158,61743.7186464194,108987.296217768,32967.0601896656,24894.2757725772,3687.09973533928,31612,0,3282.9671451571,39491,20062.8619731351,701,7313.69221525072,7654,0,2205.7399423758,82697,0,0,0,NA
"buf1000","Emer_Wet11 Conn Hill",11107.5576198889,523,71346.9989416444,644,13972.2577144006,0,1199798.63551264,41570.7866323974,8937.90639230609,30107.4800494211,83755.1072665815,0,0,1122219.18171531,0,14868,48375,21347.947197671,0,464719.515534582,0,0,6864,0,0,0,NA
"buf1000","Emer_Wet13 Conn. Hill",0,0,10135.9230807705,0,12897.0138335819,0,1272989.5550075,33879.3131296715,11769.3413363927,26359.9381728323,86418.9953135531,0,0,137690.740979692,0,86,5195.81329662185,5367,0,1536177.74042712,0,0,1190,0,0,0,NA
"buf1000","Emer_Wet15 Owasco flats",44085.6586902113,2237.80326395975,5369.74592159968,0,13483.5010187831,3588.59716608076,1015443.76820192,47777.4412603506,77997.9374654627,22798.0504119682,20459.4828066327,0,0,0,0,104350.362709352,61958.8862991872,362316.840534345,0,212920.787645608,0,0,1145368.5111809,0,0,0,NA
"buf1000","Emer_Wet16 Mazourek",20775.0587513571,172227.128720064,146292.140479845,28299,209734.714028048,2515.62904241937,811930.350454376,52402.4042843577,37742.3015770098,25576.8179606588,212934.987629322,15915.1519271047,900,424097.608802379,10186.0744276705,171299.206163947,66930.8817638038,39099.3058596014,0,674541.612707318,0,459,16298,0,0,0,NA
"buf1000","Emer_Wet19 Park Reserve",900,0,101715.405877339,0,19762.9610044276,30,1788702.74600599,21197.4717245006,39282.9534818094,11641.0508303093,62944.6438444869,0,0,649945.900054793,16305.0167570549,89688.0658577681,32355,35943,0,258724.490587755,139.668548703194,0,10879,0,0,0,NA
"buf1000","Emer_Wet21 Wickham",189452.932060052,17234.5068139247,177670.01377116,0,167714.416866192,5584.19099134533,54151.5336747004,107132.416414998,67970.7511836943,53465.0618560827,196531.148280496,0,0,378225.104303035,6952.41737431008,28017,28693,425610.805091062,0,865353.507165321,0,0,370398.568731778,0,0,0,NA
"buf1000","Emer_Wet22 Cayuga Lake WMA",87160.8638053722,168926.730673788,387761.884643455,257803.141895911,134105.963774066,0,394692.364978183,657,299624.927586099,32610.1103077494,50399.6452850699,7194,4491.29208601266,0,34603,440898.368346737,44460,666321.251670345,0,0,900,900,113152.62152872,13494.2079958112,0,0,NA
"buf1000","Emer_Wet3 FLNF",1379.57678069744,0,128145.071399509,0,19748.1360953301,455,1597725.62984094,24072.5164731001,112689.842790579,19090.8111299016,64958.5288352862,0,0,0,0,0,1046,8585.82881128974,0,1150637.11637534,0,899,10724.3160454077,0,0,0,NA
"buf1000","Emer_Wet8 Goetchius",213591.875956651,220566.940749499,558657.995768199,54124.9445621334,113013.61154751,2684.822806276,671755.406355239,103937.734675148,90642.3158039219,35804.2970642681,418036.006261337,5799,14647.4906577832,164704.738403772,34093.3258165645,223867.062986831,96270.9193933237,32296,0,19.6175835155882,0,2283,83360.2681847796,0,0,0,NA
"buf1000","Emer_Wet9 Ellis Wet",6537,0,353599.633217967,0,81688.7169369667,1741.55507710212,366253.11469983,59269.8549030882,111741.512875076,24482.3718935796,283006.826812003,515,0,979397.154714993,42946.1004324543,283454.413257513,65720.5932600118,15081.582791723,459,411340.943705141,0,0,52922,0,0,0,NA
"buf1000","Field_1 Power",6359.77176298806,45,476812.918987538,0,104675.155999044,119,889615.728419034,59736.2763007563,148178.438693945,32459.9137183835,314871.306879196,900,0,260978.2578534,41154,30438.2236153558,85398,113740,0,493667.041692638,0,0,81008.3406552902,0,0,0,NA
"buf1000","Field_2 Lindsay Parsons",1800,1573.27308401465,367407.326521779,0,74898.2336432086,23,381722.287918482,46474.2381570653,71198.5405692007,20892.7490997456,237845.637842563,0,0,1115432.98156388,24230,143400.882352226,107890.54509682,180196,0,295958.223207786,0,681,68532.4555200451,0,0,0,NA
"buf1000","Field_3 Lott",12370.2068939821,1167735.26285969,202080.010239863,238061.438405934,69208.8700665866,0,527375.184993904,3600,565211.385635844,8278.88453072005,41992.979022837,0,1800,0,26867,20244,0,158356.257688913,900,0,4500,0,47005,39702.546309276,4868.34792683201,0,NA
"buf1000","Field_4 Jasmine",196203.698108309,410399.663259398,449398.822221657,175184.660225432,177660.963731035,9864,698598.57126293,106311.611979174,298395.94801097,50055.9761096146,224543.248924164,97728.5726613693,118825.808055706,0,38943.1774464957,26853.5152739352,3533,11051,5018,30981.1373079698,757,9849,0,0,0,0,NA
"buf1000","Field_5 McDaniels",2699,258492.775933301,407793.065989063,900,62147.767821718,1405,1347804.79694415,49149.7608048943,321313.356822659,23037.6996603952,399057.499104983,0,0,0,68412,56261.3561888265,29153.1381399206,20150.9936475521,0,14490.0541344576,0,0,77889.1093858934,0,0,0,NA
"buf1000","Flood_1 Cuddleback",254373.663247997,722452.510482889,176286.594704441,481233.656803367,83723.1754671797,2727,497178.043088881,55646.9789161808,502832.559004057,22126.7372677233,136146.516208339,4500,106123.33561684,0,37558.541237554,4506.83784221002,895,2044,4496,0,122,1668,43516.2246869555,0,0,0,NA
"buf1000","Flood_2 Salmon Creek",199416.122264609,386632.853751544,200502.53667767,8691.36314276553,26883.6903979938,643,1267654.54403126,55291.3537621684,634548.587928839,17659.2431309278,117920.045146909,1601,900,0,48788.3544854741,19779,0,22234.5521967197,287,31328,1954.12766014412,2869,94573,0,0,0,NA
"buf1000","Flood_3 Cayuga Inlet",2683,10744.7541165484,356116.367327203,7680.31278826855,111839.778073782,13911.3780659359,1142369.60050132,159536.969684287,559499.544101385,56383.6634374299,165746.482361883,9308,1112,0,15295.0045837752,13621.0926126088,10167.6898404906,19137,770,399055.040435862,0,2215.18311843547,82964.5135273575,0,0,0,NA
"buf1000","Flood_4 Etna",4227.0474278219,6163.4483874375,541275.523646121,4045,256370.803913772,24291.6687586065,768103.906486045,176334.101373224,468419.3420984,62839.3307853301,589997.718843274,5841.20474567608,15230.1096840446,0,32123.0335145891,57241.4200847473,19874.0200529527,49365.2549186534,3312.78127515526,0,1070,0,54031.6585800337,0,0,0,NA
"buf1000","Flood_5 Genung",67716.0647152188,2,494941.958391572,0,260089.971102224,31980.4989054138,703852.67647753,200959.708485425,494350.017835478,18681.2688612841,301703.262281909,0,900,20926.8045069772,39935.2495394798,166683.736492192,91902.728897716,48462.7537371968,0,0,0,0,197068.674348619,0,0,0,NA
"buf1000","Flood_6 Freese",279157.246668787,74639.0397674184,461694.007055401,67252.21645024,263575.243658833,31864.158731699,958020.83492187,194905.120545455,217970.092724102,62430.3542491744,328705.066937654,8296,19266.9774231834,0,55605.860477075,2927,1112,46879.0860439969,6300.06892099231,53464,945,5148,0,0,0,0,NA
"buf1000","Flood_For25 Lott",10382.1014007984,1096364.22339928,190107.598877496,347802.393521383,52772.4153612932,0,525135.531396127,3600,547355.76429828,6955.49623067958,58151.0750657851,413.381421798993,1800,0,26867,20244,0,156894.519050442,900,0,5291.22699570261,0,47005,32464.7357294704,9650.91182731054,0,NA
"buf1000","GrassHay_Ag20 Mattoon",547268.902114188,771243.166987149,207072.659987371,145594.150014483,98175.3561905315,7,581797.811421345,61587.444740886,316530.067833652,32180.1127096842,181205.197497437,2482,74164.9144244043,0,18948.8300644679,14576.3704094814,62457.7658886474,0,1730,19904.6242930727,0,863,2368,0,0,0,NA
"buf1000","GrassHay_Ag21 Haines",532541.592612047,1379681.95261247,114293.990167047,171264.737891072,44668.101208217,0,379416.917131769,33626.3204256485,195822.033811966,18723.8055052941,120417.221280785,1800,2580,0,25861.7499687914,838.95964994785,0,3905,71681,0,0,5091.94609180652,37942.0462192869,0,0,0,NA
"buf1000","GrassHay_Ag22 Rejman",458091.90120451,863224.473870663,72033.1654108269,16607,30115.6676369896,1,515216.315339921,34872.0167329768,202453.8140393,20941.2431311975,64199.1617896178,19320,482248.463506737,0,51141.9851975269,20995.0956514813,21881,1875,1800,9900,0,0,253240.071064604,0,0,0,NA
"buf1000","MesicUpRem_For1 Mcgowan",195898.972050267,82660.9286199411,801262.010998025,52186.4353919812,403869.072141455,27528.3895926164,480266.197236571,369287.88551855,145960.154759326,95866.2263793029,169288.179202396,21722.7487153782,6725,0,133571.956386489,23564.7954206829,19728.1445658384,31566.2194439455,32710.0581549521,0,1212,2552,42730,0,0,0,NA
"buf1000","MesicUpRem_For10 Warren",181603.779701113,405616,264914.238582498,45692,416354.888387393,60640.7158921492,965855.540937996,182984.871481882,185809.296683986,60967.7716411659,120427.080865802,22178.3257851484,30676,0,65330.6887590355,12968.0549740235,21630.0146966233,17341.1434672948,0,63262.9627196228,0,3779,12125,0,0,0,NA
"buf1000","MesicUpRem_For13 Scott",194148.226861412,134817.561868024,406652.302733258,84204.1139940495,57459.8536125447,18,749602.793362259,58535.2472024958,83853.4369540207,27081.2413380791,677644.056857443,2332,759,558486.131623305,23254.588499689,23472.4785163479,25063.136180521,24534.1490322274,2784,5455.05594100916,0,0,0,0,0,0,NA
"buf1000","MesicUpRem_For18 Freier",600540.830621542,316042.393127985,130737.192690026,509616.584044037,101903.69189598,0,161479.206902273,10791,6866.44075857475,41978.1251334265,156174.675484899,46198.7525466767,906830.731602905,0,73668.2298845316,3341.97088875918,0,29903.0285547747,900,0,4311,0,11946.9993789862,20396.5210601194,6530,0,NA
"buf1000","MesicUpRem_For19 Freier",418564.255205182,726612.743571687,111302.891813667,787234.205026824,65763.5144364165,0,83040.6514013134,3600,50202.8615653262,25564.1868892852,152890.788060603,53368.6628699619,471966.593372932,0,75599.4420711139,0,0,15922.1556078365,3600,0,4500,7200,79610.422684679,3614,0,0,NA
"buf1000","MesicUpRem_For21 Shaw",371344.777280081,1055508.2935239,91156.7068623822,855428.241737822,54882.0756421653,53,198937.285246217,45448.9547074319,170006.991742257,20586.6938961905,23064.9004636923,52660.6075668377,8411.98280026864,0,67055.2769420157,2372,0,1104,92294.5861643211,0,0,11297,18544,0,0,0,NA
"buf1000","MesicUpRem_For22 Shaw",547903.42391905,1059090.45750631,104868.886133948,553296.272262698,68945.964111667,463,233789.760785821,68371.426941341,71629.7300509322,25657.9898057461,13687,84424.1223714795,76475.3159007721,0,70193.2338828509,2598.65642784536,20381.9088069638,1210.61662917986,119946.118906111,0,0,9015.49013392348,8208,0,0,0,NA
"buf1000","MesicUpRem_For26 Lott",9161.21224533692,1270970.4871153,181064.830479028,162372.084156379,87366.8584986428,0,494160.473695511,4241.98428413349,574339.83558708,10749.7900256179,24158.8839543984,0,2700,0,29533.132031505,20244,0,158855.643432431,900,0,4500,0,36018.8965389322,53610.1310729683,15209.1314605212,0,NA
"buf1000","MesicUpRem_For27 Monkeyrun",247615.826934746,300626,379715.167500131,55313.3275344617,170370.02032552,37800.2745030166,990003.271509222,146956.540813146,157588.205972512,49164.8526571838,280714.409817334,24530.0052017436,43276,0,108017.400910635,1232.13650535187,1595.86568489723,31753.098398605,900,84388.3964562968,0,4008,24588.5738516667,0,0,0,NA
"buf1000","MesicUpRem_For29 Power",1506,0,382279.924820493,0,97458.4205685468,119,992668.848874408,59795.2166209898,138865.558311321,30394.8346784233,321332.313341137,0,0,168169.603212289,30886.756825407,6111.6712262641,38949.2581666702,9267,0,846134.63690153,0,0,16218.331029696,0,0,0,NA
"buf1000","MesicUpRem_For3 Musgrave",440109.778740848,921639.730757897,81421.8986271133,525399.565453757,79535.5142987863,619,276035.506173879,125143.620229594,323930.283548046,32445.9454821744,40337.9261216245,51880.7627372692,116289.792963686,0,31338.1043930099,0,0,19515.6963218224,64862.2795998375,0,0,9651.96912690648,0,0,0,0,NA
"buf1000","MesicUpRem_For32 Lindsay-Pars",1800,1578,342995.664103874,0,60652.0991040603,23,5044.07179352908,34904.8128392687,75357.8963659669,14776.1988373399,248138.545941133,0,0,1391496.78150101,19986.1607175028,83551.3357350051,90263.3901090324,152143.835966633,0,560582.555421733,0,0,56863.0261414149,0,0,0,NA
"buf1000","MesicUpRem_For34 Arnot",0,0,0,0,0,0,1304903.52680886,20025.6624225612,3600,14451.3705686592,12458,0,0,0,0,0,0,0,0,1784718.81477619,0,0,0,0,0,0,NA
"buf1000","MesicUpRem_For36 Arnot",0,0,0,0,0,0,802996.151313218,36170.6898454266,3290.67614081432,29120.1147771475,0,0,0,0,0,0,0,0,0,2268579.74249962,0,0,0,0,0,0,NA
"buf1000","MesicUpRem_For4 Musgrave",764420.11498224,928576.441140271,53209.4589826767,504501.776484696,50616.6771355079,81,297799.980803567,53119.1915650388,255772.873333979,26369.6308229759,24966.9927873585,12096,109693.69100856,0,17970.5611300003,0,0,15837.1788288127,15651.8055718492,0,0,9474,0,0,0,0,NA
"buf1000","MesicUpRem_For40 Kunes",387258.738915204,711844.659670181,286264.160987284,582316.030693504,82599.8688288212,1304.62147743767,483147.11042609,125355.45008425,128284.241414644,26554.1850206371,44637.7120999098,15786.7261455123,70347.6822972906,0,30311,2143.06341766943,1646.63792285335,8604.38196961657,107050.406848705,0,20820.5341082476,12142.1622482649,11738,0,0,0,NA
"buf1000","MesicUpRem_For42 Marks",9901.13650260121,0,219323.03917294,1284.2728166731,41055.9446968695,0,1690531.85482224,55684.8347818358,46686.7355132623,26890.6795033,475532.63133024,1881,3229,521453.582196847,7815,858,4082,9699,0,24248.6632387831,0,0,0,0,0,0,NA
"buf1000","MesicUpRem_For43 Marks",15246.174315625,1268.50495930712,226001.377111007,6442.78846116666,44580.4994726588,0,1564979.59401156,55948.3257650565,46199.5960647382,27628.4112545397,482917.935059851,1881,3229,600092.987277184,7815,858,4082,9699,0,41287.1808235036,0,0,0,0,0,0,NA
"buf1000","MesicUpRem_For7 Jones",128175.43038983,890822.31130247,322507.158771533,440740.122410814,95064.2525931604,0,483079.011641395,0,142095.091350299,26892.9951001378,179684.684891526,39599,39877.4822173952,0,84977.9648114153,28993,25398,26881.4153697463,1800,0,900,5062.38382188018,172305.923491041,5301.14641294293,0,0,NA
"buf1000","MesicUpRem_For9 Pecher",356755.655636597,739494.557900357,420852.074530715,245595.612137919,73219.5969865482,1390.45854818821,375806.230197895,63229.8841210769,342881.245802746,30089.6809053177,172851.977900722,2095,35150.9335001531,0,57471.9289495307,62435.4897235188,29924,8,9321.00153887644,0,0,447,121137.046197884,0,0,0,NA
"buf1000","MesicUpSuc_For11 Scott",740.898816673489,0,30665,0,0,0,2858633.97746594,6773.9396092887,3243.34044496715,5423.0890894906,76491.8041874398,0,0,126835.324962788,31350,0,0,0,0,0,0,0,0,0,0,0,NA
"buf1000","MesicUpSuc_For14 Cuddleback",254165.193050495,900209.52291963,204205.907139687,460466.858815898,66829.5975277461,2614,469442.491257405,49951.4424068303,493073.74837187,21118.7477826625,116874.682806237,2700,0,0,43579.4922674149,2700.95687069047,895,2044,3317.93024557637,31432.9018124183,122,426,13986.9013020155,0,0,0,NA
"buf1000","MesicUpSuc_For30 Power",6702,367,485660.647475933,1209.22300511226,105163.96794612,119,1062188.45570819,58009.3076333204,174426.010668595,31423.5676230276,323508.842176909,1929,0,101207.106416355,41727,23358.8912996677,79775.2868841511,100900.868247838,0,490920.529279962,0,0,51560.67021085,0,0,0,NA
"buf1000","MesicUpSuc_For35 Arnot",9815,13784,108929.998800878,0,11196,0,748233.314674743,37118.8547968045,21689,29199.5344906276,72516.266497463,2700,0,0,11251,0,0,8518,0,2065206.40531542,0,0,0,0,0,0,NA
"buf1000","MesicUpSuc_For37 Conn. Hill",0,0,86,0,886.624068553327,0,2174032.71441375,28647.4885179508,3822,22875.1582433818,17366.6507379823,0,0,0,0,437,2961,10169,0,878013.738596505,0,0,860,0,0,0,NA
"buf1000","MesicUpSuc_For44 Bishop",57501.815696154,606955.201480439,178610.499501915,448114.217581901,228263.61125493,0,755315.767250972,30452,92354.4040494867,60400.4696280615,6698,2517,53258,0,15926.113732812,85746.7056988429,6339.35021958232,162507.891513718,0,0,4248,0,144176.983803489,126742.859234564,74028.4839294347,0,NA
"buf1000","MesicUpSuc_For45 FLNF",0,0,4091.29760337502,0,373.754561183974,0,1881104.88966874,17684.0491602285,32107.4866806835,13793.3234061859,11045.3653929982,0,0,0,0,92,1816,3310,0,1174739.20810514,0,0,0,0,0,0,NA
"buf1000","MesicUpSuc_For5 Manuel",452274.580711906,858020.828338859,75514.6219974089,16102,36005.9432566879,355,445847.997334747,42427.1153440936,197452.862109273,25925.831992726,64007.7095525296,18184.7198562664,546865.820149143,0,47079.0293448378,21379,21881,1875,1800,9900,0,0,257258.314588758,0,0,0,NA
"buf1000","MesicUpSuc_For6 Jones",123387.983451316,854815.71684761,242839.777717462,529797.620283389,81073.9226095009,0,450765.870981033,0,180560.850728195,23181.7457363192,195397.68360385,97395.4555654262,4644.59294910845,0,71563.6794261991,28993,31365,31863.3847500094,1800,0,900,6021.94629150629,180001.288255951,3787.8553781436,0,0,NA
"buf1000","MesicUpSuc_For8 Pecher",215218.281909676,1182745.09050653,28416.38765864,715097.261900064,59819.1396357727,738,485808.165599252,58997.1095380552,110162.873685641,33489.925769567,28337.3204907265,25287.587248678,31996,0,5385.54151928902,39491,19805,701,5377.68911607698,7654,0,2933,82697,0,0,0,NA
"buf1000","Pasture_1 Jensen",255547.362208974,608507.585174121,54965.8644549262,65742.6168800428,49222.3837321764,802.53724906838,190657.664028261,98863.6741946886,10358.9043308367,22496.6988588229,8156.1899941382,224640.11272051,222912.769206829,0,29764.5143975838,615635.322647166,7626,762,140374.226655416,0,0,900,532220.947841543,0,0,0,NA
"buf1000","Pasture_2 Wickham",490400.839610734,83090.8341506952,304461.457572973,1594.89188432839,148019.673197998,4545.22400185466,0,106716.061543419,90005.986240947,39123.1269767955,277085.281640458,2267.13450720551,2792,1242005.55779133,27293.2675304861,23416.6973866264,27729.3619907556,1527,564,220173.340046533,0,1802,45543.6385038422,0,0,0,NA
"buf1000","Pasture_3 Haines",1014238.16612923,879526.08349185,260153.544106032,172973.776347334,76928.9611717013,2896,236871.191778254,86586.9550054022,143535.52699347,30486.1601429719,97082.0940530903,44900.8349183208,51398.3354699987,0,10608.1477964426,0,0,1934,25084.5971726097,0,0,4953,0,0,0,0,NA
"buf1000","Pasture_4 Sherman",398575.662880981,126948.312270112,625272.161256617,60073.345656397,119975.487499885,4257.79822474299,348108.723391848,125924.240680094,289503.231620602,19438.2857454137,411242.628204711,28786,98061.8327219216,139599.133751929,71471.703369932,64220.3710717017,16309.7624541484,47108.6701360204,48558.070396965,42999.9254354852,0,15846,37876.0278060816,0,0,0,NA
"buf1000","Pasture_5 Cornell Equine",92071.7620546636,325564.084906246,256869.307915821,35167.0276769929,754713.895451008,32856.4756170382,907376.573616136,150984.026423039,232755.84114728,62976.085430363,113016.208569867,2210.20676000623,20254.1164014826,0,37943.8586133351,12672,20547,33515.9039925806,0,45292,0,3371,0,0,0,0,NA
"buf1000","Shrub_Wet10 Ellis Wet",7707,738,335064.992971478,0,54424.5174247996,1916.3302987231,650943.966141858,44439.78357998,108712.368216288,17828.2086368397,274185.314081457,515,0,776407.236519266,35465.1228715545,277159.360709573,66127.865119802,13563.2131314352,459,421672.348669661,0,0,52827.746202347,0,0,0,NA
"buf1000","Shrub_Wet12 Conn. Hill",0,0,9510,0,4002,0,2185712.79456085,26423.4636364032,3688,21289.7679715506,44796.0264589178,0,0,48992.2737301508,0,361,2145,6258.58896395005,0,786118.459255421,0,0,860,0,0,0,NA
"buf1000","Shrub_Wet18 Payne",49500.8113211106,5400,260058.759140347,9641,123123.659992006,4681,307712.770049636,97585.6403032845,162474.898459141,45450.0099609143,255210.510758569,900,5767,1057639.36953323,39712.8032104724,223724.79589048,46477.7218173444,14805,0,418600.859532221,0,0,11690.7646102402,0,0,0,NA
"buf1000","Shrub_Wet20 Lindsay Parsons",8406.49668034815,0,323321.314943416,0,53238.7585575453,23,35345.069462706,34661.5368158618,55792.0226993429,13722.2773643164,176063.792941848,0,0,1506680.10748051,27453.0732661891,130479.17518514,123850.443222521,121252.890756288,0,373491.691746576,0,0,156375.723456426,0,0,0,NA
"buf1000","Shrub_Wet7 Power",6049.43214161055,74.8892583941924,524891.827227391,0,94631.8066113936,119,897035.75153766,57889.103865691,142091.394531402,30716.3608596008,289893.058135714,2622.39373811334,0,400493.528040769,38787.4306550895,30533.9806519896,85398,115848.20845841,0,329321.779342332,0,0,93759.4295191285,0,0,0,NA
"buf1000","Shrubland_1 Ellis Hollow",900,735.950212387426,175140.657551385,0,102632.51697554,3290,1404414.00187637,82785.1546708567,176764.022207803,37983.3934982588,343923.284519478,515,0,130796.82785818,547,74072.2023614339,53097.4988248873,11291,459,532935.864020576,0,0,7874,0,0,0,NA
"buf1000","Shrubland_2 Jasmine",230156.662727693,392893.800764158,470849.64926225,171394.963821252,176925.131384166,9864,726032.480468216,108997.825071657,300847.616000795,50323.503059124,212844.200815494,87749.7624810312,88309.6020919761,0,33849.8061481168,32032.0435934062,3533,11471.3868329716,4964.71944436524,17411.2206096378,757,8949,0,0,0,0,NA
"buf1000","Shrubland_3 Long Pt State Park",47402.3559846088,84219.5199970472,339209.557920446,72358.083195866,66197.6508615299,14833.4926317268,819499.935733155,57284.8196757589,563094.041442376,28520.1330861403,168893.567665899,12503.8149302484,13111.4297241124,0,10061,0,0,771849.97172788,2693,67525,0,900,0,0,0,0,NA
"buf1000","Shrubland_4 Blueheron",279577.939882873,184012.611388297,725204.804941521,217786.027775634,79519.0275316517,0,690464.388599101,0,531091.808559494,22498.1003378947,211917.295053228,9435.64228875765,5685.47834223509,0,11615,0,0,63591.9874612364,900,71543.3396090645,0,27867.2728680321,0,6299.31999030336,1147.32994570691,0,NA
"buf1000","Shrubland_5 West Haven",101970.696643897,27096.6839688069,678900.111217916,9141,119652.019748991,13713.7638237718,1003552.64504942,125872.358418104,403241.245816136,39097.3213390458,121924.94105889,35924.5732455941,227947.067320091,0,42327,17037,26204,15574,971,121952.946926159,0,8057,0,0,0,0,NA
"buf1000","Swamp_For20 Freier",68548.3400091025,892240.604040206,190122.124785629,711423.772128625,83391.7119922584,0,144321.195462581,0,49941.4424382883,31336.3015037405,133314.703237877,7182.26393011049,404379.104337958,0,22152.269669076,14351,44506,27364.0040677004,900,0,1100.26248976443,4752,290064,18766.2744840975,0,0,NA
"buf1000","Swamp_For24 Lott",49603.5330740869,1135983.98519727,687428.775110875,337264.344213594,160388.174989797,0,127168.053279625,900,74049.8275039473,23978.4298005814,110304.697183262,5400,111383.210695891,0,142366.631749842,55998,18930,11577.226393472,900,0,0,0,11266,53597.0556562279,21669.4297286525,0,NA
"buf1000","Swamp_For31 Haines",315373.701264482,1164778.13983537,123558.417971674,140613.713776009,39088.8749317755,0,460838.972641077,30100.9634830206,255075.752636804,17979.8042568845,407829.405377193,9350.4100469318,3793.5351477731,0,28975.6832076496,1254,0,4551,73481,0,0,4159,59355,0,0,0,NA
"buf1000","Swamp_For39 Conn. Hill",0,0,14677.2012496766,0,7694.93455976481,0,2660531.8747802,18407.6230725995,5001,15019.4848695463,66477.4661932627,0,0,0,6230,3478,30727,6856,0,303371.789852281,0,0,1685,0,0,0,NA
"buf1000","Swamp_For41 Kunes",151701.933636803,671879.089420491,390269.400982761,550617.707839113,111674.976132894,10303.6811525332,412424.908650374,159675.638190336,36883.1121724548,18910.9979538395,40789.9579029002,124809.226736835,12127.5782614765,0,42034.8475395835,22685.5561299864,68603.8453475839,4910,46853,0,15417.897310157,4412,243172.019217496,0,0,0,NA
"buf1000","Swamp_Wet1 Jones",131921.478590408,929696.885362582,312865.903539705,412305.962032537,94389.0401879528,0,476597.690557216,0,143154.605304014,28186.8349231231,182110.312667567,39677.1168218359,43213.388127903,0,87711.8318795263,28993,25398,26291.3078743946,1800,0,900,4510.73499912286,165760.281707263,4673,0,0,NA
"buf1000","Swamp_Wet14 Owasco flats",49663.3967182282,13092.6839245206,4016.03371631476,0,10587.8538740873,2812.41708823619,1083774.32110546,40970.0372882422,74420.8861394227,19279.8463492712,15530.0058445001,0,0,0,0,105699.435486279,76863.1261880807,264118.504948781,0,234828.666961247,0,0,1144500.1589444,0,0,0,NA
"buf1000","Swamp_Wet17 McDaniels",3599,80034.9515892219,368437.06872897,0,74192.7794932862,1336.70105272398,1444844.11955675,54132.1185082054,384894.892299644,25786.6378909857,403689.054976077,0,0,0,69718,54745.2929649717,15973.6223123731,23575.9679881304,0,44469.4654033865,0,0,90727.7018111887,0,0,0,NA
"buf1000","Swamp_Wet2 Pecher",255208.812432887,1197338.47719357,64867.2200396356,579606.170655197,57817.748445279,1001,426972.292774226,66623.8350987406,190781.62145137,31739.8967350032,55541.1604885435,676.607795582153,38363.7603433386,0,2716.3535416536,39792.4228011793,19619.192181462,701,7965.80259916338,7654,0,980,94190,0,0,0,NA
"buf1000","Swamp_Wet4 Monkeyrun",261225.021765863,262734.044951604,416913.74277481,55079.1599020073,141434.266560423,24070.9737325568,1038327.40710618,112645.818875008,139281.85185162,38520.5527621026,299346.349158776,25352,42293.8083142744,0,112018.757780292,3239.16841519857,12621.1993970041,37966.8091957298,900,95224.4267035909,0,4908,16054.0153274458,0,0,0,NA
"buf1000","Swamp_Wet5 Haines",292742.779559036,1118005.84042474,152495.377734726,135412.916818285,40012.451904751,0,461690.854199552,32412.8780587585,243400.400444621,18236.5349026487,451299.58805017,8678.79045930646,12719.56677877,0,28383.1058385982,1254,0,4551,73281.4607513279,0,0,6224.82864965882,59355,0,0,0,NA
"buf1000","Swamp_Wet6 Jensen",394369.245820926,629435.484685664,41913.7976519544,317459.323474652,33971.484285615,349,301646.74432115,56149.1828274656,12757.1997106625,14861.0351381157,6593,198053.26412937,144373.987695646,0,22323.3288688765,138390.883271358,13567,83,1671,0,0,1618,810571.412696581,0,0,0,NA
"buf1000","Treerow_1 Case",60381.709865122,581641.438271945,144526.982669829,1026288.8840904,187648.660469483,0,132581.1342329,0,270388.562789792,52388.7481006162,76679.4289752496,251209.884042402,118598,0,25588.3031175309,0,0,22655.5745984876,1800,0,0,9546,25738.4922279873,106486.536876481,46009.0342476553,0,NA
"buf1000","Treerow_2 RJO rose",461997.389341757,774358.589327058,233706.44199287,539639.971677947,37904.4913915003,1482.16124942225,240348.299384965,49519.5588372768,24830.7261752752,15961.496996817,185638.730080189,40629.0307191729,198379.723785864,0,43353.0550053216,0,0,956.116730162278,23165.2506683082,0,25848,242427.3412128,0,0,0,11,NA
"buf1000","Treerow_3 Matton",538874.035180636,793333.875631455,172134.310886503,147778.938870765,86743.426746466,7,582556.883713722,54765.5798657462,306340.367860548,29256.0419573467,212302.861366995,2451.09434098529,88485.7264207877,0,19915.5478894969,14479.1011788636,46956.9486359102,0,1730,33173.950042006,0,863,8008.68398658349,0,0,0,NA
"buf1000","Treerow_4 Dunlop",29768.3212377849,24241.7710810673,589242.509772916,17732.6677604634,179428.539587114,12744.9803945981,108528.499712499,153747.432327418,115944.795581197,56163.2091550467,546665.951281513,10648.0271721655,7869,1161149.99739588,39515.9316739958,17410.0451235385,30696,30602.9513755148,0,6333.74394375086,0,1723,0,0,0,0,NA
"buf1000","Treerow_5 Pecher",102168.037437045,1050244.77974426,39809.9196164572,941306.741426963,48785.9576791681,2351.09805895096,558351.960177466,52962.7001523064,131907.522262093,22840.9386446857,15403.3881404321,1191.94591637142,1009,0,3773.27950627778,39491,19805,693,16542.105813705,7654,0,1168,82697,0,0,0,NA
"buf1000","Veg_1 Church Creek Farms",505331.877062206,725501.213804309,363472.631992202,90725.1013461548,174079.317522345,20638,528152.386677793,208563.800811853,257060.586882825,10593.1561494352,81028.1151909183,9500.95022383827,3271,0,12826.6347361982,26914.4281760864,20305.283303348,4459.56319520794,10605,15727.8694888505,0,10055.5878366145,61344.8701764639,0,0,0,NA
"buf1000","Veg_2 Plowbreak",24655,6205,401844.865449876,4499,59795.6666669328,1190,1429095.91068861,83515.7366121066,329091.649366557,36462.1920865778,274151.025636995,0,3455,0,2699,1025,27198.002700548,7471.79092066368,0,445385.534449232,0,2417,0,0,0,0,NA
"buf1000","Veg_3 Silverqueen",529533.842462544,270400.081395338,314461.815926066,43931.240456112,121652.69234476,3867,500789.380552461,89197.9339642628,301965.562662593,42935.957549616,499011.893456805,18360,41483.4091902434,51469,53044.0098500892,59197,28945,4967.55476490001,1191,0,2443,20240,141070,0,0,0,NA
"buf1000","Veg_4 Blueheron",218422.060998838,183880.815268122,639573.227411369,209534.396786713,73985.9296062691,0,764308.202195243,0,630892.749795629,19913.74969404,183834.320226051,9603.11202528718,4500,0,10024.823278591,0,0,65926.1005581879,755.317236864823,94647.0711452963,0,25665,0,4690.49834967521,0,0,NA
"buf1000","Veg_5 West Haven",73864.2974763203,20730.1945364012,697570.347057805,9141,182935.216923616,43524.1472197263,867273.949989193,190942.47520894,522994.249277645,52011.6004963339,119883.313400149,25344.234267559,123557.079895678,0,35895.8128703621,17037,26204,15214.8129607731,971,107005.642996212,0,8057,0,0,0,0,NA
"buf1000","WinterFallow_Ag1 Mattoon",924342.541241385,1313378.79228351,89191.6782604844,46294.6978164089,60014.4454363439,185.243444918655,302695.818789204,58728.1666175002,179435.562716742,21141.7183888131,26645.4793986799,946,0,0,7627.81821490417,7779.3296442565,20345.7959992332,5179,1313,66480.9818707014,0,0,8431.30445440058,0,0,0,NA
"buf1000","WinterFallow_Ag10 Case",76464.9811845566,652773.174532765,231915.717338157,1004868.36095656,202822.655829823,0,126503.224097147,0,186533.348804992,57610.5084402297,25976.5803810805,125827.806769136,17880.3379695521,0,19513,3681.54205984797,5314,32298.7200577144,900,0,900,10054.5666038215,97746.8721340644,194437.248118332,66134.7292985393,0,NA
"buf1000","WinterFallow_Ag11 Jones",138196.23041724,1007583.92882182,291101.095366443,851678.027957165,129119.974605762,0,257743.704664333,0,100048.368440139,29236.3396197188,111082.588146681,94108.5477954301,17006.8808119825,0,32911.6205569029,906,9236,30137.5506784832,0,0,0,18235.9337018233,26.9470091835246,19701.1270300746,2096.50895469752,0,NA
"buf1000","WinterFallow_Ag12 Cuddleback",245106.115363726,1012244.1517816,128292.101856508,512298.041903857,109141.643838991,1860,311289.069370322,67611.7304866586,341925.500638795,30226.6095954027,52244.2700282957,2700,198135,0,20226,9129.70150866034,0,3784,4496,0,0,1462,87985.4382041671,0,0,0,NA
"buf1000","WinterFallow_Ag14 Smith",73826.3963431951,796200.806226628,89256.7046503458,717107.573606364,95898.0238146542,0,721686.820526733,900,11416.2161445033,36863.9954660917,8161.60398255079,1492,106142,0,21151.279589504,57655.9457245933,13592.3570064941,57170.1965437339,0,0,7058,0,321677.454949898,2173,727,0,NA
"buf1000","WinterFallow_Ag2 Mt. Pleasant",117120.53524175,116425.170962367,169459.225367519,36914.6856593908,25864.3234908136,0,1415971.29209037,30118.3574395832,29983.8170940215,18113.3475919366,538891.910529969,8930,2700,0,26555,183,245,12669.3701840137,4500,584612.338924771,0,900,0,0,0,0,NA
"buf1000","WinterFallow_Ag3 Mekeel",499387.302412034,1039153.92802178,285191.909732109,72277.9580250917,74762.9803606809,328,516153.876945427,71272.9202430783,148764.470837783,39120.723443358,125989.964769674,72985.5832191835,21422,0,35595.7197455032,6144.50813012167,33669.4174243792,7110,0,84803.4210905343,0,1798,4224.69017590924,0,0,0,NA
"buf1000","WinterFallow_Ag4 Carpenter",300301.44184612,472722.754531451,319398.431433828,711925.114281428,135894.291471323,6488.57521221048,254321.939841569,94174.4807927567,37160.348331934,33903.1732853914,205755.773090908,147674.533002991,10626,29254.2022446793,20036.7189152625,3738,195,1103.62409400381,900,352790.500831363,0,1792.47136997059,0,0,0,0,NA
"buf1000","WinterFallow_Ag5 Witmer",278774.91550105,1085452.04482489,216554.664887896,276603.039905818,41803.5679578753,557,595013.084104221,66554.8274372034,224064.738008199,21565.2023488296,36248.5406655455,0,9997.19329205999,0,50125.0048899967,15097.7052223577,7662.50171345944,3927.97840783859,6182,0,0,225.660154953832,203747.705255365,0,0,0,NA
"buf1000","WinterFallow_Ag7 Musgrave",701102.098556048,808249.996325551,179341.865641703,175230.801701406,46889.1279878296,330,380942.798714325,65892.3810412186,427651.61127834,23334.3773353361,116814.728247545,27824.1339175379,114354.163938308,0,23563.2898900991,0,0,15572,17269,7426,0,8369,0,0,0,0,NA
"buf1000","WinterFallow_Ag8 Freier",262197.824056368,887147.877817669,74993.1513165575,1063661.52898729,72477.9368566763,0,237464.311936584,0,9183.84057654475,23322.8210054337,194146.014952648,103806.814613807,104016,0,73542,0,0,14478.7387965515,0,0,0,833,0,16412.9295326472,2472.58412894607,0,NA
"buf1500","Alf_Ag17 Jensen",904034.787675444,1924759.61451283,378706.696899281,387246.855598202,124567.615321344,1534.28837842494,1055388.32796294,364783.213071694,114021.349368387,56604.486906799,95887.16841495,278578.070141906,78774.3675283926,0,78303.4216633128,68584.9204436417,48067,13396.5801676245,22543,0,0,4867,1064705.32874206,0,0,0,NA
"buf1500","Alf_Ag18 Wickham",603018.746010263,215585.676898316,655296.657839175,14005.9653864811,286584.504535277,7513.04272325721,77236.0961743079,229344.434121996,148224.391686316,77035.1225231501,621587.485996542,26665,9207,1883639.94501447,38324,90445.2441298609,61118.0348971843,115370.449640206,1449,1512714.56872504,0,3764,387224.726495943,0,0,0,NA
"buf1500","Alf_Ag19 Mattoon",1832598.76344646,2602749.13267057,249313.884318801,91652.1875332376,119199.519301719,1050,1203502.36743525,96882.4605133834,431278.553232056,39369.8919444932,132068.365430718,2353.89246946899,0,0,40473.6656533156,28765.0102685636,46432.7881114846,9896.25545945216,1313,96248,0,0,40206.3550095315,0,0,0,NA
"buf1500","Apple_1 Grismore",932200.046645698,1882195.23790165,393318.412485898,227877,138391.517399384,875,1893818.01601338,113988.525884587,573218.141500433,56723.6485372688,257394.684719288,8486,77272,0,71135.021889343,15631.2095599303,91306.2306805067,4613,5125,163384.921193609,240,3403,154757.478387175,0,0,0,NA
"buf1500","Apple_2 Cornell",388043.098264675,95824.1117123116,1069161.63503806,79186.9867534494,1614297.12149659,153906.009274451,1331147.35780801,1142633.7716341,284045.010973338,211157.552858413,346134.17680338,33071.8912068355,13025,0,87438.0646041441,18033,1091,107751.563164143,35795.9141770015,5433.82702857186,273,5174,42730,0,0,0,NA
"buf1500","Apple_3 Caldwell",43032.3572023531,5182,1433137.47151796,6666,151654.725766423,308,2899324.68688142,116184.619363361,526939.71419475,53792.4157003718,1068514.53567066,4176,3418,0,95672.1771354117,1184,35460.8921300545,8373,0,585016.497233741,0,0,27317,0,0,0,NA
"buf1500","Apple_4 Black Diamond",1308155.30142916,591309.07952431,1176903.94689166,490230.745062674,518830.277121245,106753.874634823,943038.887443929,316571.387500209,730618.082436777,61851.5118777933,295322.456723252,82800,90190.779227123,0,72750.9330394384,20111.0371994274,26498,59679.2618447151,1800,35805.2854685039,20989,12600,54417,37451.6931008503,10675.5522697831,0,NA
"buf1500","Apple_5 RJO Rose Farm",751754.034199376,1760339.58173655,409007.254636836,1459701.72100881,104205.11973866,2075,1075541.70532202,100499.242824957,87666.2326112774,39778.9738672745,221413.824484103,111587,434150.160590751,0,67773.5769377155,11847.3690426832,0,4298,37685.5144760974,39012,27703,249819.066958249,69484.7143610036,0,0,11,NA
"buf1500","Conifer_For12 Scott",223230.411071304,206945.898303251,379716.837059936,207358.687411975,74944.0278871611,220,4133489.19629284,70027.3439716763,85729.1982348731,41422.1131301644,663108.080939861,252,0,778834.650458964,57499.9197433016,45028.516707898,49850.3615337803,30355.9595806198,0,15183.2350035179,0,0,2157.65546670673,0,0,0,NA
"buf1500","Conifer_For15 Frozenocean",126209.501134524,128279.698494289,180428.951579197,346146.78430851,37374.1763371703,1052,4037590.88298484,60593.0876144599,699299.590729986,43976.4706286118,481262.692115367,1164,200516.650518718,0,11311.5746176097,30413.0466770609,103391.281308359,140051.804970178,0,251543.311200058,0,18532.5519952313,166216.035583241,0,0,0,NA
"buf1500","Conifer_For17 FLNF",10172.2222141937,0,496340.600758928,0,35186.8133026291,1836,4432841.76011673,51475.2361175199,202270.575930764,37858.6428962527,330591.243817382,3735.97053742781,640.898910493423,0,18270.019530917,3439,11545.8779995565,11906.9477716815,0,1397002.28289247,0,1799,18441,0,0,0,NA
"buf1500","Conifer_For2 Cornell Ponds",4041,27635,677795.739601396,1841,866337.289694277,58655.5262908291,2443934.90726703,449875.215659514,570449.846304314,93442.9331622042,396580.525762489,5733,1919,0,33969.326781484,240153.308619696,94810.96719521,127426.563103304,1637,0,0,6300,962815.943351854,0,0,0,NA
"buf1500","Conifer_For23 Saltonstall",534977.570488757,895631.646358273,606742.786823635,97990.6572470223,123352.129723244,10346,1257875.48372589,143565.620891146,770242.116702938,73678.6620354693,417774.422126803,54034.8011141117,18593.9880308829,0,34499,332.496241091358,117.407698998461,1911363.94069185,54974.681441392,11700,2841,44719.6814569669,0,0,0,0,NA
"buf1500","Conifer_For28 Monkeyrun",42379.3196313632,5304,480321.638063644,5314,605758.311940057,47175.0170363524,3394055.91972589,413411.602206183,326817.250799899,99908.5773000872,678413.029611379,14635,2727.80966503767,0,45182.6779845056,26994.6861057668,97851.8743157189,93618.6217496439,123,552226.299771355,0,0,133135.456889124,0,0,0,NA
"buf1500","Conifer_For33 Lindsay-Parsons",1899,2330,242777.492785568,0,43359.7099141798,777.942331163169,1389722.68562065,82696.5146132295,88653.0289870838,44497.3693975669,298884.312449946,0,0,2080351.33954574,10341.9988044152,45188.636932397,89895.6593154166,54985.2527640976,0,2538265.72229309,0,0,50727.4270442107,0,0,0,NA
"buf1500","Conifer_For34 Danby",2777.09619998111,752,140745.572609734,0,35847.3740749453,0,1771462.95192434,58320.4079015013,31873.5279875478,37577.0148982286,192489.956975063,0,0,1626292.27937578,8581,9236.46325181059,21391.6463631226,1948,0,3123506.71450415,0,0,2552.08672922812,0,0,0,NA
"buf1500","Cover_Ag13 Smith",225350.83638999,1892535.2104906,799175.802290815,774213.123358296,284520.030585836,0,1802309.69161717,767,128356.250313928,81010.6997154402,167040.932586019,8100,183086,0,143085.412906198,117477.514043056,91440.7629197827,119925.42671456,38938,0,18189.4874742202,0,172174.911392754,16757,900,0,NA
"buf1500","Cover_Ag15 Lott",134628.660222796,2185794.46716796,1074218.10750295,1779528.23037668,279386.942274729,0,289152.411407816,8006,192273.315626793,61709.934148436,426094.213693253,14505.3679842725,182492.743828389,0,154208.642854282,4753,20891,40406.3724887036,900,0,4262,900,108016.114878071,71141.5683436851,32085,0,NA
"buf1500","Cover_Ag16 pecher",830750.035010966,2111318.28917892,444175.820713011,1164680.48720665,122195.494898553,1802,864253.165878835,135990.995704611,517538.912958915,62679.9266042508,330448.724167632,77769.8646581345,44638,0,56849.6911220323,72276.777544204,44428.9827479998,701,9978,7654,0,5593,159630.92440097,0,0,0,NA
"buf1500","Cover_Ag6 Witmer",336687.920190435,1770475.68099787,393803.601944135,1054137.03095565,80787.5822526966,1366,888160.579598241,118337.304498153,356274.789245816,41460.557162276,87037.4518136287,6107.10206081835,348040.589162366,0,73340.5545898429,431550.221477216,76475,15028.1770479933,19874.1743843182,0,0,4742,961667.775416181,0,0,0,NA
"buf1500","Cover_Ag9 Freier",1049419.29824522,1034225.70004291,276699.331188706,1739118.61631782,180055.286757824,0,298827.842639671,6291,7513.0174699761,68967.3145920213,636306.638259875,182171.694856778,1222829.86124439,0,170576.262655327,7994.01256815622,549.332497268973,58420.8744788864,8100,0,8778,4324,59153.9965163134,38265.0124657678,6767,0,NA
"buf1500","Developed_1 Park Place",3751,2865,112043.214725336,0,2503346.74958762,657734.079478505,774337.13546315,2308221.99137646,343053.188192282,0,43717.836099083,0,0,0,265,5736,8819,301462.897876293,0,0,0,0,0,0,1,0,NA
"buf1500","Developed_2 Vet",364833.948341317,88458.631250697,973480.546921252,67870.2200994918,1734152.06126804,158839.684527622,1356261.03213555,1182452.76367402,282837.487508714,213238.049797288,307913.449964284,14832.2581301376,13025,0,83958.9034257455,16552.9206785713,1091,119966.484593427,34954,6820,273,4505,39037.6504812344,0,0,0,NA
"buf1500","Developed_3 Danby",52565.7078252222,119103.697172521,1665102.35437879,21484.9066391121,411824.265413142,11347.4810883403,1442329.27307028,259260.760400807,482649.988975219,82619.592498684,801598.877739849,190601.499368576,36019.0279406881,501950.208093539,273771.921121621,195297.465545065,130748.102704428,90088.064062144,0,162791.105209553,0,1200,132999.793550319,0,0,0,NA
"buf1500","Developed_4 Sprucewood",15885.0054196889,362178.586535211,244997.093373493,21416,1395067.77738705,340321.246768548,2556837.32822527,877100.430053648,418341.861277294,137884.574187464,170768.450677451,25685,11293,0,101999.849168265,52076.5201999909,122592.369524031,16094,299,49033,0,0,145483,0,0,0,NA
"buf1500","Developed_5 First Pres",1057714.7913716,1781257.3243459,482653.371468903,1630442.5958614,158548.914001496,11864,685505.742109415,190622.948096399,457870.89332162,36784.8078279265,52947.0185073835,15804,207390.558330082,0,58046.5537005998,15871.8826131147,11523.6637584264,8487,116937.214592173,0,0,14157.4242057065,70923.3886858487,0,0,0,NA
"buf1500","Ditch_1 Johnson St",156377.378914233,103677.09386767,1421971.80121563,158714.799601942,501154.69518243,36555.1192603688,412435.687384345,403472.758172545,275013.707037709,53211.4741572939,1106681.90469457,11488.5980786619,33225,1465559.14790502,212849.953522007,252550.189243017,183197.679874076,112275.407131558,240,13517.9028014507,0,3558,147625.794755419,0,0,0,NA
"buf1500","Ditch_2 Cornell Veg",959478.144965073,243432.996088844,1028626.34916689,103095.444519324,358205.746926847,26676.2186447191,855257.789252787,444896.138209759,606398.160421927,61454.9930323574,768380.759288437,41751.766198392,116382,445079.457714246,114749,129715.723548389,115275,65982.2446172707,67205,96031,0,18546,398734.1602014,0,0,0,NA
"buf1500","Ditch_3 Carmen Rd",697651.240082369,1401795.03559293,767250.097025124,283734.212101425,275973.180311695,11901,1683311.90092824,185015.917664496,459852.272205226,87109.300355895,365912.664138592,305582.971439563,211212,0,65400.9356445759,35960,3533,21851,5618,132934.919849488,757,16093,46904.4454532838,0,0,0,NA
"buf1500","Ditch_4 Freese",357759.000219161,437617.161482422,928476.827760005,97567.1352319857,656066.322441967,84855.7506178375,2347101.23936742,391311.434874963,404340.54478694,135367.882058955,591377.631034263,32668.7650935858,52244,0,172982.284776255,14625.4842812009,13382.4060538934,101677.44999851,8100,199566.043104553,764.729612052441,6479,31023,0,0,0,NA
"buf1500","Ditch_5 Collins",30650,443634.978273061,1323865.43433706,518372.194464036,275978.799564372,9469.3541626634,1916214.6199568,227137.683120887,833751.67444173,84393.3515143845,673305.735618626,7667,4039.94784977351,0,217935.588893784,137140.587393953,96260.5502725162,25652.5852724296,0,34856.464072589,252,3802,200973.543590019,0,0,0,NA
"buf1500","DryOak_For16 FLNF",10008.1138436481,0,529411.524633017,900,30967.7111711036,1057.10492773307,4480623.79466769,59222.9564814129,246133.434805633,45963.2254994129,207085.80154005,0,0,0,10756,5015,9011,32140.9003491439,0,1360515.85738864,0,899,35642.6674906733,0,0,0,NA
"buf1500","DryOak_For38 Conn. Hill",121459.81674144,86312.5502172725,187540.156142803,2541.68894532422,40277.7996591392,16,4444247.78946093,51883.7027553184,41879.0094342101,37091.5746525484,186671.988122477,0,756,124361.666099138,47566,13623.2483507327,48163.7099017706,6856,0,1616122.5823387,0,0,7982.80997621792,0,0,0,NA
"buf1500","DryOak_For46 Eldridge",3459,1820,785608.15422791,0,341084.123688264,20023,3491150.22614814,291131.479248185,846932.518335912,106573.44520874,506010.898892047,0,0,0,18371.4893328851,8362,7433.5934618753,39737.0336714592,0,595524.13058249,0,0,2133,0,0,0,NA
"buf1500","DryOak_For47 Baldhill",418,0,134101.053895239,258.976723560685,46410.3502742868,66,4925446.75989634,67577.2217487911,47487.3549369667,42083.5049702108,338006.800551016,0,0,219145.680915896,605.725290408824,0,0,6707,0,1237039.66359438,0,0,0,0,0,0,NA
"buf1500","DryOak_For48 Shindagin",2912.59056576983,173804.961818007,121859.605546078,39907.5519465923,31723.1685217613,694,4705934.508709,41446.0525014237,29262.7522698827,24804.0721096327,52504.0560679244,5325.30698085949,0,1296913.60926718,10118.6142384672,2761,47915,0,0,477467.242253379,0,0,0,0,0,0,NA
"buf1500","Edge_1 Mcgowan",630761.439993921,113204.291868872,1487966.4737097,101549.021908875,794602.447053548,49928.8316683497,1612382.24998799,653864.674888648,324532.520153758,151552.286001474,539744.59504151,47751.5492369133,12954.5832748881,0,206168.059604297,43118.1528659706,58449.4811029232,74922.8165598754,38933,60203.6597923891,1212,8181.9876453421,53369.9704391513,0,0,0,NA
"buf1500","Edge_2 Warren",252293.816798124,440757.073447421,528083.858172008,56943.8644983763,1221543.38848803,153086.300885112,2455357.46658113,481438.477601991,489900.88120093,161571.663525722,308052.539341763,23810,35176,0,125739,16725,31088,62557.882836159,900,104945.423559673,0,5579,109804.455859113,0,0,0,NA
"buf1500","Edge_3 Mattoon",1261945.03601007,1980715.83424483,523974.9338155,181074,163503.929943077,495,1216638.98659127,122693.856220756,737894.582505385,63132.4916889322,463365.342560789,4166,136909,0,45646.0902796407,18678.608406478,67644.6733927229,3156,1730,42411.9776568239,102,863,28612.7494814108,0,0,0,NA
"buf1500","Edge_4 Dunlop",54002.3957577758,37123.722789782,1070991.45311766,35577.2891169291,411904.891244931,22586.4469071776,841074.739921812,371780.856024692,324549.193365817,133099.513449475,1000349.177424,162662.436922161,19400.7541922348,1951958.94420792,71087.4632724917,32744.3210019035,30994,74176.9394142561,0,368989.261616805,0,4540,45760.293048356,0,0,0,NA
"buf1500","Edge_5 Pecher",638784.101478494,2285566.64757229,228878.056634091,1531213.57132581,127732.099167131,3345.16332254559,871190.670417971,134697.232099705,459374.215847677,63277.4886540869,222595.411030969,92572.0877444609,90576.5751607302,0,25010.5645292022,41008.878256754,26062,701,89951.9312608407,7654,0,7931.21517275227,117231.183122711,0,0,0,NA
"buf1500","Emer_Wet11 Conn Hill",30268,2057,280541.626529774,644,63545.3975020529,21,2805446.76751571,84156.6161878291,37200.7239016548,63230.892161598,232946.281749695,0,7519,2008619.09660299,18897,16100,53411,24050,0,1329835.69064512,0,0,6864,0,0,0,NA
"buf1500","Emer_Wet13 Conn. Hill",1678,59363.4562901668,149964.301755663,4825,49551.7770344563,17,2581888.44555666,81523.7239225637,39298.1166040404,54759.2011572377,193164.528108185,0,0,478420.821082557,1719,9362.07864959437,15087,27557.0484917157,0,3216500.64007495,0,0,100673.954070386,0,0,0,NA
"buf1500","Emer_Wet15 Owasco flats",324093.581984568,71762.1836999773,69198.2599629707,1967.47181351518,47541.5988319986,5502.76223305846,2508519.20258331,129451.280852749,490270.311115365,68663.319346458,86133.8529525636,0,0,0,27559.0903460354,138001.333814088,179024.255473821,979829.084490741,0,368225,0,0,1569611.50329466,0,0,0,NA
"buf1500","Emer_Wet16 Mazourek",65314.0271929763,268862.114916449,292697.716433707,63825,345687.663693062,9918.79415379837,1694260.90403742,152869.560658234,86097.5719502462,68747.4722767045,381719.576997193,47573,82074.2770670242,1429131.45795729,35440.632619381,215736.551316544,117144.882276528,51012.2596182415,0,1593562.15414833,0,4502,59176.4754836143,0,0,0,NA
"buf1500","Emer_Wet19 Park Reserve",1159.55059248031,0,247074.132975778,0,59462.3437936308,438.601439356804,4266544.2877923,58638.6409868714,84833.621985998,33407.5027053918,318064.137119124,0,0,1114450.92398683,62226,108981,43237.7661343748,43857,0,611125.583286152,974,0,10879,0,0,0,NA
"buf1500","Emer_Wet21 Wickham",307182.091587372,71555,447025.995276762,0,269268.624202274,6890,184516.877931077,235442.904957987,124097.708238748,92752.5614745868,473305.612365656,5329,2873,1370075.04183838,19809,30030,34484,819050.218634027,564,2196434.45629146,0,1836,372832,0,0,0,NA
"buf1500","Emer_Wet22 Cayuga Lake WMA",194490.870848691,616208.750171543,857602.144207023,511989.539716499,241083.998921608,0,630154.616680445,1407,459459.02121875,58644.1666583252,165916.584068761,16228.2921527794,80982.9399316048,0,109154.440509117,502486.450833649,49966,2325653.81351821,0,0,5400,13246.632069682,149497.192343261,72102.92095127,3678.71799311007,0,NA
"buf1500","Emer_Wet3 FLNF",3926.11956258031,0,275724.543478457,900,33261.3279608848,1836,4528261.25490377,59208.2916969788,194975.07564085,45416.929161238,214668.237715468,0,0,0,7968.95285047398,3451,7819,27986.892056793,0,1642249.46776848,0,1799,15902,0,0,0,NA
"buf1500","Emer_Wet8 Goetchius",297697.189380878,288832.642362368,797073.213889183,160322.899666232,220690.867719028,3650.09760830412,2029764.55552481,167314.777047962,167490.874890572,66658.6055380122,935126.379974197,5911.03409740329,38726,530514.195421967,109731.335663786,281437.022176751,132514.523222249,40100,0,599277.479930084,0,2283,190237.398681134,0,0,0,NA
"buf1500","Emer_Wet9 Ellis Wet",41891.0376140498,4338,665434.55231589,7453,190290.498888451,3405.01959890442,1476046.57634018,141618.268104556,257587.632989007,66105.825299841,682638.612184031,4115,4500,1556570.40764639,91383.8919394314,339042.30521868,77741.0630424748,31976.9844375834,459,1368343.08817977,0,0,54413.3290002532,0,0,0,NA
"buf1500","Field_1 Power",11298,6138,994154.709777384,1464,170278.537390037,462,1987145.08736662,119396.786604578,334872.824472272,54057.1448724267,658741.948953141,7343,0,928643.382132218,56152,44516.4620057574,142062.158903872,123197.544649169,0,1124341.73039211,505,0,300583.77527907,0,0,0,NA
"buf1500","Field_2 Lindsay Parsons",14099.5430805411,2103.16764459619,512477.531879058,0,128943.984606069,3777,1311309.33513214,119581.075422782,152145.849824067,55459.4934634974,341466.56642567,0,0,2321304.80832761,58717,169791.612973091,135103.003524831,198795,0,1359069.75996843,0,681,180528.360525593,0,0,0,NA
"buf1500","Field_3 Lott",160854.21299688,2107730.87991546,710856.787187691,615787.979784597,245013.152724911,0,1231195.80133356,10576,1011806.91092144,50390.1307490019,278203.629596472,1800,49100.5544337619,0,52645.0717726996,21012,606.293121230556,251699.387323518,900,0,10000.9277763647,0,51091.2399991838,123653.127984149,80430.0051784093,0,NA
"buf1500","Field_4 Jasmine",469067.731523478,1042287.36065358,932466.017487256,238561.698638687,296148.515542558,11153,1878997.20026187,184167.131408612,535763.882402613,87235.8983699279,570350.741312255,211799.985790619,189784.712210778,0,68969.0973374925,36002.2408419769,9586,27423.496517601,5018,227079.382497007,757,16000,26735,0,0,0,NA
"buf1500","Field_5 McDaniels",15643.0010073322,559104.647938118,843638.237585898,1673.6430543362,169435.476444991,3970.88286885666,3119717.76516879,119833.791707805,679682.290905868,51806.619916237,890337.242566858,2027,0,0,108468.964965234,100216.708799462,59912.7281869005,68713.4902196161,0,57372.296397139,0,0,213799.305061728,0,0,0,NA
"buf1500","Flood_1 Cuddleback",637366.318411641,1960174.89171244,327156.467092769,1205611.65671626,158270.361968762,3720.56195271353,1094288.07988654,113177.773019231,881015.236091859,53235.3661103648,197050.171489601,5401.33878509142,199071,0,65371.9755112809,9196.91577027412,895,2044,12596,48184.3180668472,122,2568,88836.6602123207,0,0,0,NA
"buf1500","Flood_2 Salmon Creek",706140.582132522,1420139.09985552,548490.790204437,58642.5358485013,129115.843165316,4325.38313546777,1994269.34823893,137322.280911551,1276506.26648134,62006.9216322781,391675.920931772,11005,1796,0,80140.118652387,24128.4328356505,9448,32587.1841156732,287,37088.0027878269,6702.48455688555,3542.47540800896,129994.42190836,0,0,0,NA
"buf1500","Flood_3 Cayuga Inlet",43849.6058093184,35466.5446152538,901409.108323711,48215.2632403623,253413.502401794,34400.447881663,2772780.80794851,315234.681565741,1053137.87333007,112092.620197738,372126.899386464,13246,4101,0,110736.339669631,40120.0768551324,42296.0345097478,43702,4710,688940.898995698,0,6870,168504.388065948,0,0,0,NA
"buf1500","Flood_4 Etna",53018.30803758,35726.2392988273,1317063.67446985,28734.0930380502,561369.803320451,42954.8363315113,1835770.08808132,377425.526781334,826652.922607629,121499.589212746,1133681.83164703,18381.0448981845,32192,1367.71631641191,143341.440861678,226072.054015083,47939.8179821275,84770.4995183758,4281,23148.7981499789,5820,1083.83067412861,143058.977554863,0,0,0,NA
"buf1500","Flood_5 Genung",355535.901338076,18835.8764073361,1215035.98567179,6736.04186528923,446063.997357594,40528.1402285304,1474816.50366419,349658.287496079,791345.90797267,48533.1526052527,767583.257684947,11102.1288075675,13726.2133961429,186745.950148534,164377.504934183,302543.135901092,106882,107989.159116732,16953.857301241,4760.94534942675,0,1108.56580489437,634491.579744507,0,0,0,NA
"buf1500","Flood_6 Freese",422394.595521978,258861.713651003,1120420.37000156,95826,564689.114819012,39563.0076345177,2308396.39200489,375424.09883387,344767.979037736,130746.997173001,714153.849684272,28158.7960559642,38605.9073233754,0,149855.960048207,14924.2271277158,34967.1679780409,94488.8793533631,12833,300526.888199883,1471,8519,5759.14834870877,0,0,0,NA
"buf1500","Flood_For25 Lott",173344.882617337,2064397.01707132,665288.018203526,643701.225760062,244660.883796585,0,1226215.31289382,10576,985413.551211912,50494.3269971453,276296.098927498,1800,45048.037593571,0,49684.0751626852,78497.6256494516,0,247265.286285626,900,0,11569,0,126779.468198755,120432.678621471,42990.6038048663,0,NA
"buf1500","GrassHay_Ag20 Mattoon",1097265.09379647,2091113.54729174,416996.957831409,234159.259299627,149422.80768553,7,1449582.82139183,114720.054408594,654438.007913088,59764.359945468,404395.217489167,3382,129781.185763794,0,42901.3740233462,21495,97939,0,4420,74003.2696126199,102,1016.13634338498,18449,0,0,0,NA
"buf1500","GrassHay_Ag21 Haines",1221946.4354302,2896524.15761055,331715.600232145,391309.086917862,135025.029809303,2903,778105.983208467,127875.888968103,387958.271998339,55526.0055082601,370670.828719644,51050.7316266197,64704.0547434937,0,46934.1710243424,13286.483719558,21285.8986949828,6471,79043.9312878768,0,0,10824,72193.533295873,0,0,0,NA
"buf1500","GrassHay_Ag22 Rejman",1400385.59731105,2834469.62390974,163441.514562498,35654.0784596112,91152.8033391604,528,815345.169730195,96250.0475183538,327761.576042923,57070.2022088627,101110.586133225,19896.440015394,595846.700161582,0,58488.7032272993,37125.3657959236,52207.360703568,3433,1800,9900,3898,598,358991.323679568,0,0,0,NA
"buf1500","MesicUpRem_For1 Mcgowan",604709.657358538,110373.590104867,1495863.17491808,99867,808774.729748734,54187.530982357,1596026.21725482,682472.895383223,316894.002984679,154357.091325068,531721.334986898,61089,13426,0,204153.963456904,49721.3150523363,59465.0246747425,72782.2168805134,38933,48119.6265009863,1212,7445,53759.7211852516,0,0,0,NA
"buf1500","MesicUpRem_For10 Warren",271857.34135269,442510.002907651,572974.477602284,67738.5745339818,1148539.66657106,145547.523822118,2416167.99617254,454680.036214223,501273.380997002,160032.336824215,354811.002371255,23810,35176,0,126949.838760532,16662.6287743151,31088,78151.5305255347,900,108563.965818134,0,5579,102340.78954865,0,0,0,NA
"buf1500","MesicUpRem_For13 Scott",256644.921388913,345875.866632625,770757.730115913,389954.712202997,150581.983216916,6726.54986479837,1914446.27743469,131025.115395914,164461.730184305,52993.9604491834,1445488.41035913,4490,12333,1094094.1206469,82064.3756726194,107975,61495,49045.3392326606,2784,15354,0,1351,5411,0,0,0,NA
"buf1500","MesicUpRem_For18 Freier",1046791.72762688,1010526.31038719,249299.013612076,1817241.4773504,186276.429184126,0,422238.218997213,11612.0073350188,15536.5041683068,67718.0248181691,197523.101619267,127791.813792691,1454630.3940949,0,137096.162056781,19398.5590233413,0,55484.1753000771,8100,0,9489,3424,180208.089279299,36877.0841530675,8092,0,NA
"buf1500","MesicUpRem_For19 Freier",800342.91154652,1459773.04274042,281414.841552093,2075108.93528986,181977.153946616,0,432296.424376764,7200,129785.048405454,66404.1424005879,185280.161539779,93254.8792340481,731138.807337462,0,136701.950971332,7330,38966.8347809381,44678.4142837944,13555.1532468918,0,7200,66502,282522.621598266,23079.9395724073,840.829971643147,0,NA
"buf1500","MesicUpRem_For21 Shaw",770040.127876711,2318957.3353528,287856.603030639,1821208.74950062,152116.726951228,4892.78398118975,461298.207038738,153277.147347158,299401.661668885,56625.919760929,42109.0784658305,187016.765246848,178036.067211335,0,107458.899430384,2889,0,1532,174566.904679704,0,0,19318.1152539629,26752,0,0,0,NA
"buf1500","MesicUpRem_For22 Shaw",898997.973055736,2492276.74588904,419265.552225117,1103821.52469802,146824.224297557,2141.86591994576,419054.857616051,144514.595252969,395112.742028485,58256.7492238245,58781.8223697016,258035.061634504,195243.241531298,0,128892.203787621,6989,32968,5211,248163.933265138,0,0,24051,26752,0,0,0,NA
"buf1500","MesicUpRem_For26 Lott",149680.49480985,2156180.82572244,734693.757709697,625298.480141752,239512.015095276,0,1177783.66480777,10576,996899.676275045,50891.6362653885,264613.82191096,1800,45837.9951556125,0,57716.2423257347,21012,0,251840.676911986,900,0,9003.81396888131,0,50185.6327575199,124936.4774914,95990.8814478699,0,NA
"buf1500","MesicUpRem_For27 Monkeyrun",316941.658988693,456373.149002171,666042.287509352,74540,506222.894521992,102166.946736409,2705597.62181738,337887.865439096,405804.938235365,115366.068537248,490631.8034122,29701,47768,0,179330.558364787,37415.6178127933,87160.9530050857,77310.7294150429,900,239463,0,6479,182250,0,0,0,NA
"buf1500","MesicUpRem_For29 Power",10398,2041,774023.022673641,1464,141841.690750542,119,2191389.96971843,96049.9010782216,354187.387820042,46131.768778165,618633.079753459,1929,0,893361.624180428,50813,30740,102139.963715017,119327.557559649,0,1415420.21694625,0,0,215343.909820868,0,0,0,NA
"buf1500","MesicUpRem_For3 Musgrave",1532023.20699139,1997256.45912293,250017.554053592,714583.260761846,140913.282803888,1438,582697.81324879,257904.778238613,680423.709075866,67881.9766471171,127424.784609753,70452,297396.797088702,0,49597.4395007935,10366,3258,31600,234845.03065515,0,0,15274,0,0,0,0,NA
"buf1500","MesicUpRem_For32 Lindsay-Pars",10174.6493670885,2330,499923.027324816,0,114799.377107894,3343,396401.087545803,100608.340662517,151283.715558122,42813.3197420684,332479.177137006,0,0,2811156.40156301,38749.8870724463,163014.409168427,150370.433227736,184726,0,1878437.16675112,0,681,184063.100571551,0,0,0,NA
"buf1500","MesicUpRem_For34 Arnot",0,0,270.90204120311,0,10483.1098311004,0,2572711.16278168,59148.502649677,14421.0632263937,45913.2818036183,29332.4072928392,0,0,0,0,0,0,7520,0,4325553.66317162,0,0,0,0,0,0,NA
"buf1500","MesicUpRem_For36 Arnot",0,363,39320.6466156462,0,12759.6387582888,0,1543439.31712406,75808.4753277243,26580.9998470828,57573.4794762251,36793.1607174936,0,0,0,9417.85898202157,0,0,8696.9604028645,0,5254600.55554952,0,0,0,0,0,0,NA
"buf1500","MesicUpRem_For4 Musgrave",1541787.08607822,1928244.23544959,182420.022841744,987059.85085199,82721.007302725,313.612240940332,696090.973090062,128329.440804156,558857.418174314,54158.1929595046,116323.597409226,45998.6433592322,457507.910654717,0,41937.8828107564,1760,1815,25037,203588.495527557,0,0,11403.7232420723,0,0,0,0,NA
"buf1500","MesicUpRem_For40 Kunes",777322.197302612,1858886.74623732,445784.975531102,1193664.40056319,175453.056982557,11397,836928.975660622,241608.348789308,329360.494737405,63337.3776706457,82270.3259878996,224406.237834103,295025.350372223,0,83428.3997341058,17959,11101,119187.864028428,180175.931372448,0,25094,16403.8249826746,76558.5850106823,0,0,0,NA
"buf1500","MesicUpRem_For42 Marks",108512.507972892,16918.5359463527,511495.761045186,54101.3959857782,144117.530846716,580,3608537.46254078,132935.690862141,109052.267252874,70508.3778237922,818925.252482091,11246.1225543328,17886.0497723413,904276.763927115,27389.3119380232,858,4082,13241,0,510690.061849935,0,0,0,0,0,0,NA
"buf1500","MesicUpRem_For43 Marks",61457.9981206782,16263,528342.08548095,53944,167702.239911078,584.190745853,3481749.86687174,128918.978521045,119319.120114745,67652.3911173903,789449.988306762,27637.2309064798,16623,971506.150313514,27150.0676826709,1982.95960386656,5070.71972568683,14842.1890804474,0,585157.916298191,0,0,0,0,0,0,NA
"buf1500","MesicUpRem_For7 Jones",354389.801507239,1654488.90972857,778215.194397419,776633.351128919,193643.898377302,0,1103341.77229766,0,486949.462463721,58383.0571806093,558472.989858943,286741.692313219,215781.905289858,0,145124.597677216,28993,70676.3405324037,62378.3775073021,1800,0,900,7986.45119672362,272210.549757938,8109.90147192131,132.840110633522,0,NA
"buf1500","MesicUpRem_For9 Pecher",1323607.63479995,1726686.15839163,665038.290346218,596506.308510857,153988.829100877,2662,906196.25134769,151009.774959806,717311.548436728,72343.45210148,241571.572368433,11436.1908849073,39147,0,74582.0328310215,94899.4654060529,37669.1475185391,8,14954.2653031242,19443,0,4547,211746.170487523,0,0,0,NA
"buf1500","MesicUpSuc_For11 Scott",147442.31946372,65530.169772354,129967.348984995,10781.7586382528,15028.2944291864,0,5077095.37661955,35154.2014451739,34062.0647397654,25440.2816994777,434408.828322652,0,0,819805.662628369,44011.3130020223,28775.3170740742,28630.1587899298,12976.2816632823,0,156244.715525517,0,0,0,0,0,0,NA
"buf1500","MesicUpSuc_For14 Cuddleback",680336.025899951,1645983.75743258,460492.332861434,1158110.43734421,172777.488406587,4067.90079769492,1122470.64872161,168616.966780338,941331.900567952,64241.0754452217,220371.003827616,18920.4766452668,165870.940166397,0,95039.3070538084,8213,895,6346.52722040261,10714.1668750032,48719.7089180255,122,6848,64865.4278332574,0,0,0,NA
"buf1500","MesicUpSuc_For30 Power",11298,6138,974536.902766582,1464,158061.760750894,194.216645509237,2217897.23698041,109810.924975644,354234.300318847,50810.7812064085,621793.998808538,7343,0,776523.887199873,56152,43873.7547075163,143807.433207506,122595.620503395,0,1191931.4920985,505,0,216381.782625466,0,0,0,NA
"buf1500","MesicUpSuc_For35 Arnot",9815,13784,111519,0,11265,0,1849239.0921509,55624.2798257391,26342.9405292306,43503.7375757603,89732.8932473815,2700,0,0,11251,0,0,9200.64895155199,0,4831376.50051654,0,0,0,0,0,0,NA
"buf1500","MesicUpSuc_For37 Conn. Hill",900,0,25313.333954438,0,33959.0576217614,0,4984736.73037528,77985.1985673108,20582.8189104451,62433.5110062617,114169.050942141,0,7519,121938.940608391,0,437,5887,12842,0,1595790.45081061,0,0,860,0,0,0,NA
"buf1500","MesicUpSuc_For44 Bishop",241093.673839475,1418744.12366721,305595.936970187,1301469.44105207,565660.713980353,0,1264208.23847164,38618,209993.869936385,133244.570997027,20352.2626958842,32832.6102966226,61243.3307387568,8459,39884,118105,8111.06350088536,580042.10029322,423.585545158712,0,8292,900,151284.936078839,345093.773881014,211701.860851782,0,NA
"buf1500","MesicUpSuc_For45 FLNF",47294.536715258,56828.053323083,177788.339012183,0,43599.5081075092,1038.0329305809,3944574.07153682,62014.4749979338,181049.12657257,34267.9584817122,189616.196862454,2258,1188.92362621194,0,10645.447517472,64729.7403187951,152333.56643034,11540.271788029,0,1993061.9710465,0,2725,88800.8735299763,0,0,0,NA
"buf1500","MesicUpSuc_For5 Manuel",1370350.69363911,2763170.17430644,166189.215542926,38247.2094891785,100682.89707312,528,821800.554328163,150190.177274971,306911.778383889,59713.4994898685,103347.817943473,25071.2742834711,641830.468271698,0,60250.9673024705,33937.6886143579,36904.9492547235,3433,2111,9900,4342.23319554515,2238,364202.494405905,0,0,0,NA
"buf1500","MesicUpSuc_For6 Jones",347604.437780033,1663225.55305816,862092.690661036,850806.990871712,201016.407074023,0,1016318.07161938,0,421800.834139701,59284.064920077,523630.484668646,318463.426448708,201197.435436993,0,176446.487535323,28993,41613,67454.8623487689,2700,0,900,15874.1520772551,258259.078371124,7673.1157847874,0,0,NA
"buf1500","MesicUpSuc_For8 Pecher",640145.373383137,2210935.45012623,218587.277936337,1507562.27906065,125314.890781569,2933.36977188435,936405.149884949,131057.294237206,472242.956202202,63875.0360783778,236284.080450973,92686,91695.3409257214,0,28035.2663074962,41450,26062,701,87109.987718997,7654,0,6035,138582.339932617,0,0,0,NA
"buf1500","Pasture_1 Jensen",1368502.24188087,1780830.23527255,81027.4844276024,318776.030404045,98312.5098143096,1816,515466.709701642,145701.845877885,24916.395112046,43630.6070246821,11630,357082.127899032,326174,0,60133.2967728721,699538.356737582,31207.3155603909,762,166344,0,0,996.828648862196,1032506.10766419,0,0,0,NA
"buf1500","Pasture_2 Wickham",635145.349519185,272889.290467371,727850.907484938,15325.9098763518,280837.378244192,7372.0759899948,40689.6851609872,229895.666864965,144987.820881735,77680.9575050933,695516.041641522,26665,8535,2028347.78182262,43492,103791.802350577,77419.110094445,99558.8680354761,1449,1154045.80911749,0,3764,390094.63774052,0,0,0,NA
"buf1500","Pasture_3 Haines",1574809.26868011,2658763.69993795,417012.500539163,547612.56919865,146248.97699389,3423,620828.522824042,157507.149052556,354915.048477637,67407.0060546494,171703.973094809,100896,123515.204053564,0,29964.6314142346,0,0,3144.65466844675,78451.8878049471,0,0,9150,0,0,0,0,NA
"buf1500","Pasture_4 Sherman",925377.273738776,198265.064722575,1062822.01827236,92993.278825234,373027.460974394,28364.3222883316,865461.524837471,448642.014489518,615040.328812326,59580.4247692238,798040.391006136,41171.2189579522,115516,437659.303112138,113630.662952348,132104.284674695,115275,68049.2719189481,66828.4356655705,95171.4983809898,0,18546,393788.31439958,0,0,0,NA
"buf1500","Pasture_5 Cornell Equine",231900.876901354,419618.995529512,601898.607274879,70558.0252900013,1646696.78521864,149748.812643639,1960616.0983323,649998.081953335,568821.998213488,192256.65810337,248405.314552317,21038.9345074649,29840.0685068546,0,61742.5682882633,13498.5067365952,24776.1081680432,82557.1346222105,1800,72741.5179564107,35,4679,12125,0,0,0,NA
"buf1500","Shrub_Wet10 Ellis Wet",42138,4338,682265.450975859,7453,179139.50090619,3542.92132433783,1599817.86960671,143798.217784985,259228.877766713,68324.0316652138,811096.132231599,4115,4500,1286497.88319743,95431.3393424555,331393.500274711,76296.9287570305,28170.2458583808,459,1384426.19310546,0,0,52922,0,0,0,NA
"buf1500","Shrub_Wet12 Conn. Hill",7,0,46561.8518423107,0,12858,0,4881522.89652717,58874.5863983855,11361,47454.9150432258,151910.214147198,0,0,275587.479002923,819,437,2961,10169,0,1563970.14983475,0,0,860,0,0,0,NA
"buf1500","Shrub_Wet18 Payne",71050,5400,606417.974430344,9641,241944.538760831,6503,1348285.09345098,190742.368688641,275273.47994131,92253.4967352972,616006.472946751,3600,5767,1676366.89332121,126476.957945127,416085.602734074,66288.7092445844,80179.1921057305,0,1182179.07273244,0,0,44893.2397608874,0,0,0,NA
"buf1500","Shrub_Wet20 Lindsay Parsons",12932,1578,523019.623457846,678,91629.0603417147,482.108415041141,409088.044440641,69579.0992188417,126371.36843182,26251.4718301852,357384.383760163,0,0,2765106.46073866,58717,169108.941213368,146101.827166766,220634.253828822,0,1902361.44995161,0,681,183650,0,0,0,NA
"buf1500","Shrub_Wet7 Power",10398,6138,1060783.78420319,1464,210822.958044532,3309.05956108496,1862986.910539,139718.708264968,345142.649545004,59031.7286564164,623950.763888755,7343,0,1021773.40424694,55570.1915088957,58163.934177115,132844.425488313,122858.480913927,0,1026884.4587871,505,0,315664.63496963,0,0,0,NA
"buf1500","Shrubland_1 Ellis Hollow",23490.2434398055,1222,671755.801920094,0,159992.596657174,3548,2821596.40633509,137919.79467119,306495.687689941,68914.8065420914,847613.964360944,4928,30528,645529.317156323,69471.0489343489,154964.87283248,63294.4944668822,21514.4192694891,629,985230.890785642,0,0,46714.7477363269,0,0,0,NA
"buf1500","Shrubland_2 Jasmine",500394.905250369,1071102.21680286,993152.369682755,238205.820464055,303143.203142653,11153,1750067.4248524,188939.749981882,527865.87669407,88584.5723593896,587755.811109335,216347.027485517,190447.623913866,0,69184,36860.2244246044,5160.77261512761,26000.4909120258,5618,211879.003104658,757,16000,26735,0,0,0,NA
"buf1500","Shrubland_3 Long Pt State Park",153963.587564126,153327.746311173,981578.730469962,109266,188844.10361725,27352.527995348,1098088.39884256,123041.225342723,850650.102140179,54090.2504326547,449352.422431584,22147,49198.5418049926,0,41965.2189914586,0,0,2579802.76955171,4141,170025.342435911,0,8519.1248675948,0,0,0,0,NA
"buf1500","Shrubland_4 Blueheron",484991.857545021,662714.86881294,1092404.64701458,373578.546351997,201535.432001158,0,1822612.46372713,900,1286518.99391009,56841.3181386982,317484.236301099,155791.042339147,114403.992498835,0,31876.7748630451,0,0,204563.751463294,900,199986.795003504,0,36793,0,18440.5837241201,3015.78910336248,0,NA
"buf1500","Shrubland_5 West Haven",192904.752548752,179277.75749713,1039074.03390739,158938.84693449,296109.37347538,67853.9734944313,2621848.97853311,283947.792812917,932621.161721918,77325.5913627814,324956.712722293,48398,277349,0,63925.103068518,24752,39546,26625,54711,345339.014718583,0,9850,0,0,0,0,NA
"buf1500","Swamp_For20 Freier",364632.8758271,2186665.6756431,489716.25722149,1261092.4301895,219453.653980185,0,443057.045659052,1800,155233.401029147,68106.198363848,188467.338676971,37013.8575170844,822208.477658348,0,79399.4959228993,29316,44506,53605.4987226381,1800,0,9773,42554.3205962178,502145.441253123,58331.1245364162,6476,0,NA
"buf1500","Swamp_For24 Lott",174371.866302208,2102394.01623457,1374974.694531,943951.541751231,448825.297660116,0,476944.889582836,11048,322700.301721823,71739.5919123486,314764.33712895,37892.4162146733,218616.180956054,0,275007.13943049,62414.765600305,26256,56082.6482223021,900,0,662,0,40696.4534070128,77526.9521429298,27585,0,NA
"buf1500","Swamp_For31 Haines",886024.646762819,2382010.62802102,339722.090487287,380160.956085574,148005.824593558,240,821887.477202866,104321.497381868,470779.358775099,51351.6539097493,932004.735580739,155632,95705.0908935998,0,105668.772890245,14102.7281837801,18203.6320304179,4559,85109,0,0,10510,59355,0,0,0,NA
"buf1500","Swamp_For39 Conn. Hill",0,761.724334514991,37440.3570278856,0,16845.073307524,0,5087169.50193041,42718.0422469029,11576.3612858326,34427.4147551137,125689.425271796,0,0,25590.5435193744,11304.2101744154,3554,34469,10754,0,1616270.43894274,0,0,6784,0,0,0,NA
"buf1500","Swamp_For41 Kunes",489604.40653249,1613563.21807348,1000838.14990781,725986.472825117,259974.237396908,16632.971292695,1073382.53421672,259314.674223157,103293.073817481,66218.9449000771,113485.378017397,193542.29487738,112618.296560414,0,118044.918207777,37134.0733112403,150581.690618615,18099,112541.222657241,0,61230.8185311677,10255,529012.716833878,0,0,0,NA
"buf1500","Swamp_Wet1 Jones",392433.911412086,1660910.86829404,780815.712407303,753906.465589474,195260.163799862,0,1113979.61674404,0,488187.359249238,58668.8297636936,546848.523646236,264378.929531257,204430.30228573,0,139716.794883362,28993,77034.3554662176,62665.0916646323,1800,0,900,7822,277763.168061103,8125,714,0,NA
"buf1500","Swamp_Wet14 Owasco flats",318706.737825037,63431.6307065054,64130.6966202211,0,42667.1484072117,5289.99095186405,2646669.32869395,125203.211049788,464378.939969916,65921.3595926083,61315.3280702806,0,0,0,31151,150053.857320691,187849.25872073,864456.769090927,0,368225,0,0,1605903.83577578,0,0,0,NA
"buf1500","Swamp_Wet17 McDaniels",8684,395955.451331317,762785.788045965,900,150973.491057332,1499.55952996016,3490207.05356288,112864.801439704,653731.828176816,49098.2229650729,773082.811450024,1744.30373712047,0,0,91413,110640,58999,66424.7203381787,0,96274.4619495517,0,0,240075.59921639,0,0,0,NA
"buf1500","Swamp_Wet2 Pecher",797127.372338985,2147767.20771208,428068.969236191,1210007.42340051,121712.022085124,2065,875865.968241371,135737.621301643,513495.480459148,62895.3148060318,308738.731400525,78521.5980847646,44638,0,52170.7860485041,65879.0159120003,41587.1347426488,701,13822.436033356,7654,0,5593,151306.010997639,0,0,0,NA
"buf1500","Swamp_Wet4 Monkeyrun",316889,396485.611110809,693924.478471351,72089.1417449799,490071.369106279,83859.3902160093,2746225.34906401,355320.106675611,415340.62830563,113411.967249817,512614.008795666,29701,47768,0,182261.898194296,25288.8120988149,76282.2423520484,82167.0793027226,900,239463,0,6479,178812.010111064,0,0,0,NA
"buf1500","Swamp_Wet5 Haines",847982.323681036,2292996.07959738,348919.733675563,320554.449818274,168898.065420282,258,809373.186402035,105325.618731267,483831.844917206,50687.8489731776,995489.183240029,155728.910747555,134218.408383178,0,156588.43920917,15538,21231,4559,83309,0,0,10510,59355,0,0,0,NA
"buf1500","Swamp_Wet6 Jensen",1352490.95515167,1922225.8523193,97554.8774142735,361176.991377715,101344.617978752,1678.95816701651,570885.590227545,167612.997678237,41799.3595942593,47753.8828051255,11971.3868211955,249128.569737469,289404.067749386,0,60973.579899417,656028.558289048,38218.1616770097,399.494193237857,111004.290593599,0,0,1618,982083.901124492,0,0,0,NA
"buf1500","Treerow_1 Case",111682.767935395,1048778.16082151,441597.326195257,1992146.00175236,383853.343006532,0,683870.095440729,220.862668303773,896014.39526875,112839.918444285,89429.2715097677,427594.753520183,168940.564855248,0,58002.6035767582,7482.31801507971,5314,55159.3869374675,3600,0,2362,20850.8607160443,242321.33220279,246685.129933436,66609,0,NA
"buf1500","Treerow_2 RJO rose",723814.568418586,1705835.24017428,407090.804692106,1429514.38213954,102446.243791778,2075,1185425.61394419,101171.131854103,99647.7237726003,38513.2822259433,229859.780296499,111645.875322067,434045.654369522,0,67233.5232208713,7233.38743826066,0,4394.20078151813,38084.3936100683,41629.6120906354,27703,251032.86295877,56946.8116987529,0,0,11,NA
"buf1500","Treerow_3 Matton",1133938.56477075,2310817.42349809,388272.892074551,199318.189605324,144978.044761169,7,1287053.99126662,113550.628411816,633851.764131253,58668.1418306131,400175.375020122,3539.04983721673,132012,0,47022.3747161794,22260.0003887907,108158.580608603,1541.02519702259,1730,59045.0466780729,102,863,18449,0,0,0,NA
"buf1500","Treerow_4 Dunlop",90563.930298355,45579.849894289,1034392.57237436,96475.2632718275,424106.489339117,27131.4222863987,609772.375875175,386696.252248794,298193.784023595,137971.157512296,1013371.45783791,194862.571752828,12273.013501016,2153037.8065014,62356.668152083,35809,33601.8703599675,90159.9524358013,0,262695.561024372,0,4540,51763.0941108981,0,0,0,NA
"buf1500","Treerow_5 Pecher",587373.742871345,2415734.14815699,232586.027467678,1697620.57783603,133373.779621112,5409.47853589058,786741.653566576,135021.85634962,429112.657652704,60368.2533404361,114351.981426167,61417.0451927932,91158.8158828154,0,24356.0748973746,43043,26062,701,91456,7654,0,9078,112734,0,0,0,NA
"buf1500","Veg_1 Church Creek Farms",793650.31184811,1577784.51717797,887596.01212346,246602.610164625,279660.78517859,23655.4666474205,1510861.44182394,288887.339336755,624931.40870293,43302.48603056,208540.098446794,65663.3113173298,33850.414001219,0,27121.1590718962,33595.7475568625,41757.597520479,18678.1784437947,12405,225488.019683776,0,12220.0353348935,109102.152385443,0,0,0,NA
"buf1500","Veg_2 Plowbreak",44604.294024671,24690.83293094,906171.035963469,98912,93846.8757808644,1278,3490612.54549188,132790.047072579,571280.686787595,61447.2282706891,518018.752354785,2258,5357,0,9486.6070889158,10954,45489.249165437,17151.0554489419,0,980736.655023367,0,30939.1589174748,19330.0684745999,0,0,0,NA
"buf1500","Veg_3 Silverqueen",940639.625393723,582309.799475386,797784.33230521,49115.5673129312,246412.612867874,6651.4311583899,1576075.60321762,174926.654546257,633577.208935638,88601.5309738233,1009550.96984147,41707.2542250102,283276.254927421,51469,99246.0873698196,72866.0900701251,73632.417135675,8318,1191,122245.355681691,2443,24892.065180025,178422.232183137,0,0,0,NA
"buf1500","Veg_4 Blueheron",480840.920899092,583149.559182136,1075025.22684323,346094.627484072,209264.427176086,0,1880994.45388157,900,1290800.32782654,59793.8960878917,294626.500577229,172214.640470606,59267.5457072269,0,32197.2204303392,0,0,318352.115113228,900,198748.840896893,0,35126,0,23924.7902199503,3133,0,NA
"buf1500","Veg_5 West Haven",157257.020264462,61261.3014991254,965801.83570408,20718.9384929494,374669.699927758,101354.670110478,2826502.63113698,353046.747709704,1119327.32691524,74893.6552285363,251557.951836543,48398,276449,0,49834,18359.7968707848,34536.0144790256,17176.8772039767,10972.0213122436,293386.60410511,0,9850,0,0,0,0,NA
"buf1500","WinterFallow_Ag1 Mattoon",1689386.29914119,2564961.23160568,271425.009170086,103196.112567497,127809.335575201,1085,1151812.87099744,101957.918633842,453755.102611528,44916.7975640587,209423.414202782,2746,0,0,34018.0373365811,44717.8239683657,45622.872349045,10627,2099.23737333529,95116.7792979613,0,1695.22360961279,108982.026790407,0,0,0,NA
"buf1500","WinterFallow_Ag10 Case",221350.195563951,1317347.60071144,481593.567448858,1556909.95573992,429700.882082407,0,427018.820577019,0,1011703.97884068,123132.371404719,102586.957038853,228836.779713239,132372.515009583,0,104511.974425394,15546.6607488506,14966,82565.2292129505,6558.776922739,0,900,23153.8277535592,412225.825724234,293960.173878665,78412,0,NA
"buf1500","WinterFallow_Ag11 Jones",564292.113528582,1807406.38383449,808177.102857305,1524213.6486796,210680.156225811,0,679047.395997234,0,319169.572304146,46829.4070975741,311711.241712297,154467.549650467,309929.635876441,0,103426.372420751,906,20963,73635.1970239131,7008,0,1800,42714,45838.3155894845,28134,5005,0,NA
"buf1500","WinterFallow_Ag12 Cuddleback",766170.091648429,2168267.40288768,223268.64032312,1127500.82181395,159568.672951952,3327,1031369.63026381,101026.080431758,714365.521827713,47799.4169545039,152229.009831119,14335,293900.506710008,0,41353.297155871,38143,8376,3784,5396,37040,0,2397,125737,0,0,0,NA
"buf1500","WinterFallow_Ag14 Smith",319072.70590443,1399643.4123282,212726.566870915,1338065.74613713,144993.792361291,0,2355622.71753296,900,56009.1291866838,55309.1375713214,54709.4608945001,3115,256558.512179377,0,42700,60978.6755969384,72465.4044594501,150359.089254078,0,0,19594.609031625,0,517853.123992617,3068.68429289038,1608.32520271838,0,NA
"buf1500","WinterFallow_Ag2 Mt. Pleasant",259147.571643191,191265.965428583,354400.915620113,63549.7540339486,84168.6409295778,147,3001373.03461037,69338.3871573006,91431.3685653303,44918.5788780457,965020.074299234,8930,84437.1416537774,0,29105,9134.98391610384,4596.5269170575,15968.6810330214,4500,1783020.46811094,0,900,0,0,0,0,NA
"buf1500","WinterFallow_Ag3 Mekeel",807149.331877309,1786162.64483558,712969.026837297,275196.47748918,149790.043074592,1933.83893379548,1478676.67644397,137683.952171918,508588.730239797,71613.2327931935,324632.070686894,122449,290141.428930381,0,65558.8807099746,28618.7158976248,64655.6822937084,29488.5350271475,0,145280,0,3527,61238.8245523762,0,0,0,NA
"buf1500","WinterFallow_Ag4 Carpenter",553097.182556543,645177.51378719,914998.671065314,787249.041038656,320882.334241451,29521.6327699263,807554.415410155,263919.990366229,124054.835881818,63965.9377122705,668979.247064958,160156.109989235,17060.7791451414,314799.927425028,67205.2128357268,29948.0007979095,5689.55498977881,15389.3803968963,2423,1253658.51655631,0,2541,17081.8087679975,0,0,0,NA
"buf1500","WinterFallow_Ag5 Witmer",576102.16536926,2062011.29632593,395595.571442284,1108851.35745469,78840.5930326413,851,1173237.13471987,122195.18925546,439687.298554027,44879.8628690403,94933.1040239578,0,134368.688527355,0,96734.1481471571,229895.027258583,53876.2277590038,11305.6474094959,10150.5885492489,0,0,2700,429139.192099886,0,0,0,NA
"buf1500","WinterFallow_Ag7 Musgrave",1402707.2765047,1576393.20925186,350728.523446278,787689.11169697,84092.6401881819,575,948153.39501216,128761.418966914,1030783.51120825,43023.0792689894,239775.701946561,47781.6619105392,282814.584522299,0,58311.1699871516,0,0,23194,19525,9964.64776299213,0,12295,18785.1611264601,0,0,0,NA
"buf1500","WinterFallow_Ag8 Freier",1118813.27066583,1734111.10544702,244153.154832169,2079295.93745305,199464.616660858,0,584344.524939144,0,18887.1689794785,64998.8253682591,348439.265826906,182812.596079376,242237.783408815,0,105634,0,0,51578.4811339895,900,0,3525.639345856,1733,32941.5294828035,47170.1931736215,4313,0,NA
"buf2000","Alf_Ag17 Jensen",1395219.44736589,3005372.99848084,755426.763752235,725659.906551185,373791.978782488,8340.88201151974,1861395.85565172,774821.141841178,185619.016072657,131429.102183301,134640.057669066,404127.71402672,445355,0,226540.464405116,514126.70085124,67352.0205586083,35253.8867769516,34093.8525334051,0,5964,10263,1465793.70879397,0,0,0,42
"buf2000","Alf_Ag18 Wickham",942594.094667572,485634.309105644,1052421.14397362,31290.4188986502,402814.429289845,9560,96828.2767326251,328351.484711218,232472.581078551,129461.621902941,1104636.25763012,27030,12288.8652656903,2679037.12856595,48107,113124.675631701,101189.19827541,445886.903948005,1738,3863276.1367454,0,3764,449122.97188307,0,0,0,0
"buf2000","Alf_Ag19 Mattoon",2930401.93047259,4090286.8825006,704700.548245716,150133.185104174,253692.23728162,1297,2279513.84061905,203908.739930059,804585.444702309,92345.2286683865,442289.079847526,5260.91580776084,40682.1239752389,0,109069.870453477,63987,87480.0198614984,10636,8983.7276385976,104348,240,3398,173389.723198361,0,0,0,0
"buf2000","Apple_1 Grismore",1936122.64667212,3365184.65644234,604883.773276335,305796.564866533,240942.019168293,882,2920561.92085128,205788.572130164,1036029.10402048,96168.1649127333,555371.85695756,14096,200973.816770563,0,96291.2758950576,64557.1498594348,114535.746083461,19013.6162640465,5125,263615.797910342,532,10659,503498.81622513,0,0,0,0
"buf2000","Apple_2 Cornell",586598.610756104,153232.602719199,1713283.66920813,101723.672337647,3055898.21462171,342681.605296838,2443104.04207125,1987011.57301393,560865.788379968,304774.184311678,580543.010932351,64645,22588.875040094,0,220678.834274728,36840.4099449143,57243.7248272186,153137.335364325,39437,81623.5414423335,1212,10766.8037647039,42730,0,9,0,0
"buf2000","Apple_3 Caldwell",128441.397490836,39797.5440636683,2486102.94284857,6666,244218.109977958,465,5092015.20108657,209783.973107501,924045.95466757,99770.6984891907,1743168.2202062,35032.6399990011,6848,0,238949.48925186,6226.40769813735,73346.7335647335,16479.4696993849,0,1181417.71615629,0,537,27317,0,0,0,0
"buf2000","Apple_4 Black Diamond",1641612.52124655,922996.220958647,1817953.80324922,1018562.42377942,1025233.45766963,167536.994531275,2441796.49221474,570596.666279078,1514955.17509833,117389.810735479,456003.617820526,90901,143557.285284435,0,165216.809020929,26946,31156,104991.299587195,6987.68704397778,77900.3408053692,21889,21907,59527.8221703146,95849.070810833,19163,0,0
"buf2000","Apple_5 RJO Rose Farm",1279721.05169657,3113288.02585687,614660.643202648,2189862.55586478,187820.183934699,2294.54166513681,2121175.90974625,156839.077789364,254686.082851728,62029.2188106613,290668.665576955,162012.970880234,1357215.59769173,0,100622.481613319,37626.6802657971,345.99907284975,15880,67214.5315822936,108374.149240088,44943.0149968322,280083.115968451,113254,0,0,11,0
"buf2000","Conifer_For12 Scott",309188.412377908,315895.349188352,871951.224446574,401559.227809455,192506.198971982,4471,5620576.63290476,169878.507299711,206852.470968533,78781.1174272942,1734729.13497932,4938,1890,1940221.13580776,109536.917980994,123759.540642933,96220.4718898358,61525.8119812079,2784,221153.201742857,0,451,91760.141890009,0,0,0,0
"buf2000","Conifer_For15 Frozenocean",244164.354508034,296467.61976296,904103.81745345,646434.359725942,135519.959951004,2347,6200997.72423792,158017.374637453,1386162.27982947,96340.309730679,859215.516357893,3662.37782206505,516975.777962823,0,34822.7170651857,47984,182742.367321581,171467.657016243,1998.95309416857,401334.113510782,0,62669.1145340919,207202.103782906,0,0,0,0
"buf2000","Conifer_For17 FLNF",54940.1192809077,332,858994.420466918,0,77670.4798480369,1836,7451419.1501359,101179.446139147,489186.121165069,71156.2273802876,611289.935791203,60777,16562,0,26513.2717278183,3799,12206.5952114714,35168.2714672539,0,2665630.45969235,0,1799,20170,0,0,0,0
"buf2000","Conifer_For2 Cornell Ponds",24023.1085157647,91232.2124174524,1227077.21497373,214797.166641933,1304179.08840712,112686.434395955,4191909.48270418,863362.105656173,1300178.10116594,146983.852367476,900388.463909633,6911,2679.71048701555,0,176071.199621827,332098.839806555,237559.327609343,226321.035802025,1637,18344.6323956505,0,6300,1175889.52142769,0,0,0,0
"buf2000","Conifer_For23 Saltonstall",893636.399919577,1736657.52784804,750775.866764014,213411.576447217,333142.377334698,11134,2145963.05639787,205105.087776894,1189641.53926007,104678.288431605,519767.020758842,69709,60144,0,55367.4274727972,1014,672,4136697.56790462,66208,11700,3694.76199176139,51510,0,0,0,0,0
"buf2000","Conifer_For28 Monkeyrun",142759.789728948,54411.2059712943,1189150.61348359,31093,903597.175990511,60303.1477889173,5704317.94824487,628453.9195431,665905.267905771,167971.581747083,1335503.79321923,28197,17068,0,231298.636383817,70640.0074515697,222198.618015281,137478.130028425,1193,768102.059534934,14.6032704506069,2700,198272,0,0,0,0
"buf2000","Conifer_For33 Lindsay-Parsons",9106,2330,599982.930736423,0,178898.644018268,3468.9527003211,2157752.04630172,176112.892911373,229898.687850865,90471.9115678505,613303.62582977,0,0,3967144.57965464,26982.9729003702,72063.58788851,118831.106625888,185113.73396677,0,3987536.55049647,0,0,141631.274856446,0,0,0,0
"buf2000","Conifer_For34 Danby",4314,53449,344004.028494647,0,82298.2367880008,464,2733669.58067045,129577.878557707,129243.004968479,72156.9992565648,524360.098302727,2188,0,3618400.14621448,33647.8229979169,151700.71021772,195855.871846478,75306.4676024604,0,4050251.25056007,0,0,359742.401827293,0,0,0,0
"buf2000","Cover_Ag13 Smith",450573.117817343,2629703.60134449,1358190.55655876,1916935.03375533,508289.115705052,0,3348722.13392331,767,218247.103685828,147271.921821826,296498.818004155,9900,267854.189677093,0,249945.065807382,137328.874198585,124267.759352964,169120.926435106,38938,0,36400.2692495829,0,626495.597929706,24280.4130407525,900,0,0
"buf2000","Cover_Ag15 Lott",460214.688937919,4275489.99754409,1720030.73695667,2269815.8089185,449459.908263547,0,612947.400932542,38109.7757425608,374865.919801987,109154.03574325,991053.626493828,72274.6382027968,353014.765574535,0,305856.210685978,63960.6480991456,26973,93048.1075786523,1800,0,6734,900,186970.255075856,111311.280322538,36644.6934328154,0,0
"buf2000","Cover_Ag16 pecher",1750467.43625511,3500640.75329962,724414.33473895,1891936.67935431,227753.705091139,5968,1615424.31995532,218259.796094725,1003356.62886531,108219.871788231,455995.054094016,166326.578694172,93684.0695808544,0,117582.618057454,119112.252225222,54525,709,118141.377000234,13038.5774504735,0,13815,361258.445761489,0,0,0,0
"buf2000","Cover_Ag6 Witmer",743910.707026422,2819444.23598784,718204.567478647,2071871.10781492,159028.467729219,1713,1544893.74731074,219111.970218242,706809.661804729,84122.3207088367,167430.254248438,32256,405508.773250169,0,145545.689754612,474372.638654721,91695.3153143309,25125.0403690198,46402.9931163602,0,0,5642,2097541.00752126,0,0,0,0
"buf2000","Cover_Ag9 Freier",1627301.73829569,2023069.65114473,488772.494623133,3971121.14114402,297329.42489669,0,597032.184827472,8853,31970.5400844744,119396.671038911,796053.267223042,271457.62320018,1757229.62676692,0,272594.070370589,19497,4969.07599937756,79429.8743157918,10682.7735376002,0,12189,6057,83055.9099886545,71911.4308479499,10656,0,0
"buf2000","Developed_1 Park Place",4398.83717982238,3349,290940.833270924,0,3927732.65116943,1000228.10280169,2029688.76425942,3423587.81031305,959494.053373224,39150.725618652,141426.112287847,0,0,0,1296,15719.7230877218,17487,557514.6942307,0,98118.6629082709,0,0,50495.5278034882,0,1,0,0
"buf2000","Developed_2 Vet",585477.369581639,186166.395204289,1663599.48326006,108066.126857003,3145452.73699863,339954.209647615,2421033.26923698,1976653.0982899,532111.374281444,296944.062734252,576479.443935988,64645,27647.3140280687,0,215119.381383712,37067.1897130609,53396.1099610855,155679.582599952,39415,80887,1212,10884.350594036,42730,0,9,0,0
"buf2000","Developed_3 Danby",101660.076119811,313952.592873154,2805300.81958609,81657,567779.309213622,12169,2543045.0576532,362060.132214344,735972.342292057,127099.0571412,1439366.84104477,199909,54822,1148460.78881982,389670.551681895,251308.777187079,250162.849706044,152996,0,767047.20773511,9,1200,254981.095040506,0,0,0,0
"buf2000","Developed_4 Sprucewood",190542.291964805,432735.311276265,585406.367465638,51092,2576611.55955028,506611.231454847,4232811.97250913,1489593.94331513,751620.416889246,179888.389619106,367070.023993665,30931.6078649035,44176,0,222050.261187975,132348.031980898,359700.771631122,67699.368359069,299,77725.826632845,0,5579,256136.122612912,0,0,0,0
"buf2000","Developed_5 First Pres",1690224.5040319,4067155.92760596,664006.830024955,2452518.701717,300130.331180493,13737,1091633.01034396,328553.01691177,668660.696144644,102891.534537096,115224.718472775,158844.931167636,321714.302246584,0,104015.537706262,38365.6579100743,28585.6583656125,9841.84625186014,212039.922858374,0,0,31362,161123.370831375,0,0,0,0
"buf2000","Ditch_1 Johnson St",654578.37723586,316793.824048645,2636558.68294994,292987.282829308,883083.2678176,72620.2005081215,796327.768642471,769555.113926554,618294.668451075,121357.968181066,1690323.12170331,61228.8475140109,48841.3515130963,1775062.91924956,321529.719218408,426313.44423662,273461.877074098,200936.408731136,13017.4099889938,120586.685268151,0,15061.9713324741,452108.58788556,0,0,0,0
"buf2000","Ditch_2 Cornell Veg",1341059.46785264,877031.529819344,1748137.80623711,224808.366218954,667332.023612613,47510.644008243,1471470.66875995,714734.206879225,1147443.92449287,126184.104683934,1286624.76665284,50851,117640.440087275,1023140.58104061,227165.330645813,245565.808987709,169472.388179372,161803.772045976,67205,197277.875316323,0,20304,627865.792783433,0,0,0,0
"buf2000","Ditch_3 Carmen Rd",1126712.68878994,2456333.69732844,1356755.98831985,439116.375960041,403861.953565969,13784,3286317.04487532,269235.905797623,779501.347396858,127730.151437271,872376.609750454,430165.275876905,312488.384418999,0,95664.0133531951,87510.9876785956,38924.7582328413,35791.2775124472,10695.8856616893,324619.577574391,1542,16978.574778444,74523,0,0,0,0
"buf2000","Ditch_4 Freese",481620.83049435,527878.019644966,1510957.40268964,121771,1412043.25328181,141725.435913084,4495602.1746782,775460.763352693,704160.262571838,247002.206736177,907852.979192723,50150,57079,0,248037.897323294,38320.2931563864,95805.0664873798,144662.060834535,12730.1072467866,363863.786806139,1471,10319,212116.957896418,0,0,0,0
"buf2000","Ditch_5 Collins",95593.6509469835,727548.275698108,2332486.79075301,635423.686813427,548756.515312628,27756.9592219489,3495798.7542345,475908.255430357,1467521.75012088,173095.535734411,1217024.54915589,8807,33778.2133221637,0,257182.562365808,209884.89006704,189000.701048896,51789.900207399,120818.516194073,142969,252,7458,341773.991680646,0,0,0,0
"buf2000","DryOak_For16 FLNF",20401.1378508106,0,1273609.01772029,900,77632.1201732832,1836,7714582.4832262,108403.013579035,477100.677515965,75365.7560442099,451497.990577754,0,0,0,34882.104612318,12535,9042,38833.0787971095,0,2215316.54363344,0,1799,46893.5745781749,0,0,0,0
"buf2000","DryOak_For38 Conn. Hill",285852.940121916,234533.296187893,432034.365693936,5319,110676.280956836,160,6799646.85829889,136406.774617566,114645.317627084,94979.4993630713,345442.398453479,0,756,420027.596194806,58779,79646.9164140731,166067.17587023,12399.5791561007,0,3072999.25194665,0,0,190257.247405145,0,0,0,0
"buf2000","DryOak_For46 Eldridge",4075,11310,1474844.46011493,1014,553202.448977334,25070.3399348073,6255488.97928722,414835.773837475,1286308.17870257,160951.511904888,1027873.4316699,4124.48629428819,1214,0,65938.2171337614,19558,64877,149722.244108806,0,1031859.88161316,0,6228.54472766415,2133,0,0,0,0
"buf2000","DryOak_For47 Baldhill",7414,288466,573393.962592786,98809,204070.406024271,1175.48547240347,6913977.41819253,153058.554322145,120539.767524066,92776.4814962804,793456.529647725,5050,0,780883.309054405,35600.0266535892,93524.4840469865,115931.260030541,30998.5602994154,0,2249170.25294951,0,0,2334,0,0,0,0
"buf2000","DryOak_For48 Shindagin",3900,291037,321947.270056908,47027,71834.3053793885,710,7046925.5438529,115053.090860256,62981.2003125608,71028.4981630621,203082.617112601,22330,1456,2952639.28088215,17351.7389489904,170543.370824663,127085.234025949,118795.536301417,0,877850.563040244,0,1476,35575.2485455309,0,0,0,0
"buf2000","Edge_1 Mcgowan",813793.739621933,280347.139290012,2231876.02832397,157221.052091148,1864195.37545823,121068.982526466,2958340.82557523,1138936.4264616,635718.94197662,298744.454511008,1083485.3557487,64838.2919882044,90900.3348339362,0,299210.08728938,62852.8979449272,69672.6618820934,120147.553123486,39833,160015.349656963,1471,13024,54936,0,0,0,0
"buf2000","Edge_2 Warren",355712,504330.270339818,1068733.39155734,111321.341251933,2283274.92204425,308116.770164316,4196555.65333971,1095600.4857045,867874.906964188,281855.366518026,584667.236561277,42169.7751132647,51324,0,180942.425310808,40813.8010125704,103986.713688022,125879.382344341,8082.21610464202,194607.230238801,35,7379,147367.61004684,0,0,0,0
"buf2000","Edge_3 Mattoon",1684476.56167898,3546474.81442545,807485.358396705,398873.160300669,243030.892723544,1604,3210363.46171162,198462.217588431,1116990.41365194,101246.972425481,587401.157916607,4856,179091.50540463,0,67871.0488163076,24759,111176,11781.8017926954,5735.45081857964,174102.297784916,102,2236.3828700697,82509,0,0,0,0
"buf2000","Edge_4 Dunlop",209128.208365576,83625.6493842307,2069696.17114568,127277,635205.266994952,31823.3964356165,1392381.31090224,566681.504282663,528955.343233282,212926.168667629,1637922.98624831,230259,32259,3293800.30279083,128680.148658671,41261,39435,141753.964713581,552,1073308.07648192,0,8178,75520,0,0,0,0
"buf2000","Edge_5 Pecher",1552776.68556655,3672788.41709332,709603.941599587,2258874.29871232,216725.040343099,8893.74974765582,1567592.26501235,235635.685794566,891074.762474839,101098.054781914,407273.232098467,125186.776006241,128087.216947956,0,115570.342021919,88499.3587588115,45729.4431303583,2182.56802746446,115177.561100372,7654,0,12404,297802.09908922,0,0,0,0
"buf2000","Emer_Wet11 Conn Hill",41694,24503.7120456614,716419.075357917,2814,106381.362563212,21,4030832.49763981,167747.883083016,97508.5613800617,123870.96469014,478820.996991539,2498.90670043265,8523,2733291.56304324,131256.55849198,27176,67415.6638310995,25641,0,3761606.75248866,0,0,12606,0,0,0,0
"buf2000","Emer_Wet13 Conn. Hill",1996,59481,222055.774140179,4825,104880.420336388,17,4637979.76223845,126709.040708635,73342.9893434799,80801.4180339387,394470.405904153,0,0,916009.033430599,7454.80506345583,24027.8793798783,37875.5097523682,691406.984696996,0,4766001.04346364,0,0,411295.431817309,0,0,0,0
"buf2000","Emer_Wet15 Owasco flats",567757.299931808,484183.151137731,321330.48823653,108171.655298788,107686.468843139,7806,4622058.21062212,236128.663024903,1167839.51784377,123998.699271607,222069.862851388,620,63008.3348057933,0,95403.0323504319,261106.528639296,279761.384141691,1571990.02429937,19.4959551668726,506886.83704926,0,0,1812803.8440031,0,0,0,0
"buf2000","Emer_Wet16 Mazourek",148794.979436035,456965.443719167,546199.44787856,89395,456008.323279003,14273.5992869398,3307141.82947087,244212.036818087,220177.325287729,116691.691438541,622932.008082063,107552.625655651,124227.863130933,2955089.40201917,45544,283633,160788,101018,0,2494782.92280208,0,4502,60700,0,0,0,0
"buf2000","Emer_Wet19 Park Reserve",14498.1346371956,28.1410718895495,506260.204720896,0,121393.920010642,1151,7282660.13981028,122530.679711292,140676.029279501,69747.0317627445,712194.98906163,238,1238,2330000.52597193,122459.279867924,158838.877519256,93929.0027818518,49564.9292083383,0,784264.905500521,974,0,47981.7073909925,0,0,0,0
"buf2000","Emer_Wet21 Wickham",483179.784257697,200043.269475362,845222.453732545,6152.3221160672,348465.305351023,7664.31727912929,880801.358374573,313008.059732076,173159.980953472,134741.282509222,823466.169724912,13092.0596405645,4242.21516873408,2104222.56148432,33237.97332017,50700.7768353461,42605.2007603659,1216748.77436073,1449,4445837.45647129,0,1836,430753.176756341,0,0,0,0
"buf2000","Emer_Wet22 Cayuga Lake WMA",334482.604774734,1103631.16758728,1605012.05498112,665749.435482243,378624.323811011,0,837938.153795702,2530.14407275396,732067.860120269,95869.752598032,392287.572664726,28640.984232926,209243.281753711,0,171335.50506947,527218,51654.5053715876,5056046.0864555,0,0,8582.28779016199,17994,228112.997903131,105587.77984304,8021,0,0
"buf2000","Emer_Wet3 FLNF",20247,0,1108138.68987028,900,72757.1820197366,2293,7562971.90184419,111676.19246085,393294.098109458,80953.5638688975,518255.442472472,0,0,0,51382.9470138448,12535,9042,36381.5908628429,0,2536268.6856947,0,1799,41733.2040889257,0,0,0,0
"buf2000","Emer_Wet8 Goetchius",356623.114104632,365810.952528509,1050813.57329486,407695.023699281,320756.801939305,5341,3930647.43101643,248015.314814517,268627.821952783,105648.766804138,1305890.65926876,6247,39776.9484737278,1143749.17401741,136188.710447136,375990.71757427,166026.257770484,44857,0,2030281.23059797,0,2283,249359,0,0,0,0
"buf2000","Emer_Wet9 Ellis Wet",48228.3610892337,4338,1045860.74058651,7920,344669.621954766,9441,3295825.3822078,280087.435565363,472331.796546523,127189.033238191,1202824.70524063,4946.21420210063,7195.8977926448,2268831.07700435,140977.101200679,407444.452741515,95965.2248321279,81750.8931775017,459,2632057.87049185,924,0,81361.6904368727,0,0,0,0
"buf2000","Field_1 Power",12214.0159822344,8032.92489854444,1753552.15187403,1464,377036.11238572,5700.94065254184,3396274.05808488,233671.694082554,630696.908031522,100076.114215897,1008752.45677362,7343,0,2098700.832264,78138.7654016912,103246.723054974,158715.327622361,128850.560417318,0,1938960.04488786,505,0,518697.867677504,0,0,0,0
"buf2000","Field_2 Lindsay Parsons",18442,2330,737227.373002706,678,190207.022281814,4126,2915354.9806648,212961.257077287,253439.530731826,104277.169218832,531288.478631158,0,0,3566060.75975141,60569.0399420232,194061.893963507,211025.387376756,245954.9047107,0,3097102.66508234,0,681,214842.035873108,0,0,0,0
"buf2000","Field_3 Lott",339876.067170047,2688437.28825118,1454907.50973423,847588.684980775,701704.819268705,0,2294073.74150812,14763,1512901.04782971,146870.807522596,368842.160209028,5202.82013353446,52580,0,94794.3027351531,517836.869589699,29888.1175738596,472956.5868059,900,0,15032.3776844889,0,347728.551327578,415881.466388034,237863.279592935,0,0
"buf2000","Field_4 Jasmine",875454.428252046,2034372.76573164,1798529.8364483,329217.503328791,422807.695445798,13336.5384318815,3334861.53684637,266707.423754205,880610.657072341,124804.162800023,1105422.8725505,337619.699446686,320980.563049392,0,95377.5564706852,93945.7803963463,52566.6992544004,31678.7926537225,12815.1309375018,357848.01477555,757,19925.9161508899,50988.9245059317,0,0,0,0
"buf2000","Field_5 McDaniels",36001.4612620638,683774.950291109,1594575.00308364,66909.333533396,295367.664065263,5981.03412506427,5627975.5113809,230358.023090863,1061032.10343487,89744.6605115266,1550176.70537637,2213.13533129543,0,0,220299.965026058,160791.980850355,106416.922186415,92311.5125738169,0,178450.857710963,0,0,558248.674471822,0,0,0,0
"buf2000","Flood_1 Cuddleback",1243105.69996374,3367886.44407276,588511.548991303,2204894.87237372,282500.66007245,4762,2121428.74540204,266494.857279094,1359156.92121887,108938.055008343,273907.042296682,30954,300534.069238451,0,130250.203196011,30762.9552755591,1995.43824953091,10011.0714732723,19283,74456.797167873,122,7974.82863664845,132698.288392298,0,0,0,0
"buf2000","Flood_2 Salmon Creek",1437898.35683299,3003967.6218423,957095.970054311,413889.27797577,228795.170274283,10607,2888613.45634507,278980.763527049,1847686.5831273,110416.192021989,649225.720658114,18559.2790184226,33191.3239375781,0,158630,63310.9843566362,22360.4766000324,50717,3721.15803941943,51373.2600119137,19034,11324,301231.903684879,0,0,0,0
"buf2000","Flood_3 Cayuga Inlet",59064,60822,1705893.52801902,60892.3666026736,478449.692311993,75373.3808940928,4948464.90969972,557886.444182939,1747464.00653232,200964.86084636,773486.504481392,74034.770805737,14411.5132162436,0,160923.346147005,86446.2315831692,52400.1696561982,60681.4731676124,4802,1104977.14041605,893,8247,324051.159743854,0,0,0,0
"buf2000","Flood_4 Etna",300281.991466929,54572,1905456.72527948,32862,732202.684258984,51818,3760722.37822678,494416.761002939,1232061.6602225,157989.357238788,2130571.65484175,26755,34659.1023879024,96753.3257062707,250190.527621308,258396.152178235,112374.993751107,111483.843335957,6312,356857.804911627,5820,7195.00224845111,440876.53362816,0,0,0,0
"buf2000","Flood_5 Genung",777295.669568206,226693.429472734,2046898.59104173,47761.9873857892,666438.157024642,48884.7800401907,2526612.17417045,509122.258729954,1217699.12619248,96248.864415331,1594553.5191808,32068.3587294533,90304.2401915363,513538.261564757,312333.641737576,562059.105307388,162843.24267567,182646.873327433,44946.1887056192,28703,0,15433,857545.028843445,0,0,0,0
"buf2000","Flood_6 Freese",568113.487920418,496513.757644845,1882588.78578223,121743,1205786.85110909,82683.528491832,4004864.03208037,741121.994709341,591843.668593989,226080.401214754,1202487.17541028,47800,84932.2219640549,0,373783.758451254,69286.677386946,72750.8612168022,141886.106850128,12833,505536.8405232,1471,11071,115451.348958355,0,0,0,0
"buf2000","Flood_For25 Lott",317209.826427385,2626161.73204188,1401876.1844043,835322.655147112,654753.644001549,0,2211421.13926869,12376,1503221.97048532,139976.640521946,362585.567045524,3600,51866,0,91016.9426104713,618584.146941049,29301.5571809779,604190.255508168,900,0,14239,21.6059579104185,490191.96230512,376443.88983188,215368.778624691,0,0
"buf2000","GrassHay_Ag20 Mattoon",1929241.39466006,3564157.9923286,772792.02840528,371784.736364135,264031.143914886,2444,2875328.65686834,224960.260460178,1131778.66026336,107452.515450451,574518.658597328,11464.0069037443,249537.5514205,0,105402.205164237,24294,111176,8343,8168,196400.098706457,342,3107.16104174405,23905.4277578352,0,0,0,0
"buf2000","GrassHay_Ag21 Haines",2556118.52387469,4464349.70829553,739756.72074613,593031.564581946,270619.791116743,4126,1197557.42558042,242969.153787789,732718.831703575,101336.41859727,697428.985483628,250372.537156506,209986.770172129,0,193135.168999881,23901,37827.8554539463,10664.2427366708,99151.5627115362,0,0,19432,116145.23730708,0,0,0,0
"buf2000","GrassHay_Ag22 Rejman",3002271.63954621,4426041.35293471,361474.528605415,112198.498152616,186857.558630903,1150,1441076.30150878,320508.302728946,608953.21585521,102343.676731057,551416.604313539,47422.2266433246,694814.019708408,0,76031.5252690279,60054.0919486781,77830.8616791607,10230.8558402078,2111,42124.9382770343,4568,6728,424422.29993454,0,0,0,0
"buf2000","MesicUpRem_For1 Mcgowan",812890.119474989,200089.477471146,2238972.61767117,148679.002570056,1864288.59483426,126365.903243923,2960605.90233416,1170920.95001339,648458.304837746,301086.45843086,1088209.17770201,66648.9270615107,100326.500165037,0,295992.753073125,61425.3922614832,66859.466864018,116522.044657173,39794,182478.803890452,1471,13608.1017491652,54936,0,0,0,0
"buf2000","MesicUpRem_For10 Warren",362364.167016193,508582.022575479,1120905.09473793,113072.215793959,2196019.05534025,285390.977321874,4191232.78952899,1032187.06514685,871254.911368908,282730.139716025,623412.811147681,43237,54002,0,198697.6182121,41361.2145128586,104607.682644382,131006.104797778,8850,230021.477242497,107.290254250634,7379,154208.860952194,0,0,0,0
"buf2000","MesicUpRem_For13 Scott",358399.351030879,426315.893785598,1285846.30564118,613931.270422062,268349.285972803,15913,3811791.3795149,241067.245426272,271096.825742111,91630.863536082,2235853.52530211,9743.11938719166,12333,2223701.74898274,142994.451853563,134167.676233596,113999.134880822,63332.013014067,2784,169834.136404997,0,1951,65594.2711760452,0,0,0,0
"buf2000","MesicUpRem_For18 Freier",1750243.43575291,2286266.7224084,572182.328675032,2872229.01528479,333262.912497703,0,799280.914017252,13353,49704.6978986768,122440.535985216,524705.947868083,198462.429420195,2105869.96923348,0,257933.497563064,58991,4652,103869.12578956,9563.45119519799,0,16628,5101.27557184943,384243.864884277,81503.3742580294,10142,0,0
"buf2000","MesicUpRem_For19 Freier",981129.568801706,2415208.98506298,765358.008794766,3140127.12468024,384423.315314792,0,1003174.00357087,11068,347997.314444134,130498.394689991,326734.258229536,103472.65016299,1285486.22300465,0,208732.38871304,36529,44506,514855.661635817,34182,29583,11699,168065.605693387,551817.914303942,64251.0812029595,1730,0,0
"buf2000","MesicUpRem_For21 Shaw",1448221.17019194,4346927.96599025,690286.981480364,2447576.07998972,282556.169437248,13285.6093255058,1068633.23241705,275281.182360581,629393.188630751,103356.638992133,126802.094376025,285379.372835066,244610.899846992,0,154090.581527836,34475.6238122368,39115.1490819911,5219,256863.96925781,0,0,33247.5887519895,75307,0,0,0,0
"buf2000","MesicUpRem_For22 Shaw",1428977.39938673,4886381.93206967,597762.403673337,1921428.33396751,233694.233425125,8450.84279292993,1167464.93945218,236682.791531592,737034.172470448,92856.716260652,91387.9950737505,377535.943104303,216167.878186613,0,175291.495282857,6989,32968,5220,287960.565047918,0,0,29622.8565806141,26752,0,0,0,0
"buf2000","MesicUpRem_For26 Lott",376474.023775016,2736697.87541333,1483538.71293201,877917.491421441,698674.938134725,0,2349587.25071215,15455.7706909511,1503323.39016028,145971.373659814,373410.002484251,5327,52580,0,98588.319886498,404965.701712426,26585.7467054926,433656.60955145,900,0,15139,0,301661.855734148,422167.226591385,238007.20874085,0,0
"buf2000","MesicUpRem_For27 Monkeyrun",360861.29654483,486113.119163773,1070924.63679888,99005.8961274491,1699303.56923285,213166.412720807,4757247.93602489,825908.091029458,811341.426083362,249582.212305006,719224.271124882,38465,51346.6819154769,0,256482.929907271,76382.9500117257,208820.804272014,135675.835779093,5890.70233592317,246444.43305017,294,6479,241668.29387959,0,0,0,0
"buf2000","MesicUpRem_For29 Power",15458,6138,1323274.73844901,1464,241142.793519406,462,3841213.45748522,178885.451264464,528390.931256061,86020.0151805489,856233.029002357,7343,0,2165712.39918571,56152,54774.6130330675,148072.770018748,127877,0,2434701.23182092,505,0,486809.068090115,0,0,0,0
"buf2000","MesicUpRem_For3 Musgrave",3051965.9166737,3160714.68389225,529051.469217452,1020823.54684557,195847.171928755,2149.74309355021,1407517.10840316,353577.305956795,1234127.66493708,98967.6446042993,254997.846280331,77419,621737.922253377,0,61620.4784711534,14189,19555.5739290312,37428,330503,4897,0,20260.4154710091,63279.0063510948,0,0,0,0
"buf2000","MesicUpRem_For32 Lindsay-Pars",18442,2330,696258.518461165,678,180082.064000298,4004.97540271003,2221985.91291059,196622.434949664,246180.799866759,97949.8369320598,485517.595760643,0,0,4096561.11957152,58717,182926.658507545,182945.262724288,241497.091211125,0,3415312.96608739,0,681,231936.261921069,0,0,0,0
"buf2000","MesicUpRem_For34 Arnot",12297,16811,329751.415033822,0,72357.1800944149,760,4618907.88193018,119550.917185783,70889.4445563297,88313.9775242364,246048.049721211,2700,0,0,28632.0921399961,0,0,22953.3616860463,0,6930657.17843704,0,0,0,0,0,0,0
"buf2000","MesicUpRem_For36 Arnot",12309,14147,155497.882978345,0,84761.141397735,2592,2572974.22358407,130331.853197536,67711.2307087012,94915.7771341878,147576.898465431,3600,0,12493.2887218757,17782,4919.35315752565,23234.9178850753,27095.2071732498,0,9185580.72390376,0,0,3107,0,0,0,0
"buf2000","MesicUpRem_For4 Musgrave",2667682.47291649,3217168.76834009,453593.976840009,1465530.96580384,166743.679689059,1806.68719637394,1577240.09470998,294585.260429278,1272249.26299701,88150.3693559305,254770.953431716,74394.6466415599,551654.306951955,0,62216.2103106541,10076.9727038922,5073,27312,336278.181358862,7426,0,18332,8343.68862904156,0,0,0,0
"buf2000","MesicUpRem_For40 Kunes",1254717.41525898,3633508.77710106,804196.11471958,1742335.41923832,269527.273437562,15442.7794665708,1596555.4411366,343369.512385705,514288.990591983,106300.545090262,120985.440357501,575327.118671093,635356.289465429,0,243434.069540004,40853.7618066834,38576.9382862386,154103.913228292,206532,0,30605,41673.6343649259,192939.06415775,0,0,0,0
"buf2000","MesicUpRem_For42 Marks",237703.125369279,38462.0334293225,928149.135285825,79165.7736557107,352115.624225339,1526,4995806.56892914,256676.129592372,239757.660596015,135064.860610082,1326080.41822125,128919.358499788,58376.5513590328,1707202.49044221,90341.5112413884,19512,27553,32696.525968375,232,1901062.78280455,0,0,4225.94807744026,0,0,0,0
"buf2000","MesicUpRem_For43 Marks",232013.046944582,38458,979007.69326249,79641,369184.030455186,1526,4822464.80447652,259906.050439269,241744.806639344,135605.201405283,1376157.43382375,124988.794285449,46047.1863178685,1745014.10919371,94217.0664323514,19233,27553,40839.4700892763,232,1924247.80454064,0,0,2549,0,0,0,0
"buf2000","MesicUpRem_For7 Jones",892632.635709112,2444756.69701542,2136333.94332882,1310769.87633583,279528.228819292,0,1818934.05119269,869,797786.533965089,87595.1844029822,891149.701999255,468542.266395568,535707.09491986,0,251062.295437489,33445,88097.7464758584,115392.477953485,3600,0,4500,39675.2933883723,343886.470966855,13367,2998,0,0
"buf2000","MesicUpRem_For9 Pecher",2380698.0809512,3379157.4576958,776159.468903241,1279912.4513224,237860.665726593,3975,1728494.2634294,224802.118218437,1005990.29093614,114744.324124168,469343.861905783,157144.48162127,45411.432970902,0,111507.197513327,125211.377804853,59309.7642339256,1816,27389.7975292281,19443,0,9693,402565.463418711,0,0,0,0
"buf2000","MesicUpSuc_For11 Scott",274764.798232239,197543.323956535,777156.823102657,221591.987894387,142412.38365351,1093,6691092.60473909,136797.449674882,177925.92707673,80497.4359556892,1327483.80542517,252,0,1630518.06876658,86479.5331205585,56289.7604216672,76571.0730247889,37732.2128112611,0,618039.14055195,0,0,26388.16989921,0,0,0,0
"buf2000","MesicUpSuc_For14 Cuddleback",1112962.81152813,3174226.79963969,579928.542512883,1942076.55504946,273904.884742899,4642,2674269.00395772,289721.706934715,1334766.07093134,112249.825653465,322056.609012128,22910,312364.453536823,0,131756.017111485,14300.9232179724,895,12497.3267969975,17857.9025329936,91128.0651466692,122,11430,124563,0,0,0,0
"buf2000","MesicUpSuc_For30 Power",18308,6487,1775010.072369,1464,376631.919458451,5592.26089117848,3599778.872281,232254.135892607,638890.346168463,99273.0437472348,992156.190014869,7343,0,1900479.33013564,103923.911799113,88993.411638413,157810.295896969,128984,0,1956835.4986603,505,0,469909.209354491,0,0,0,0
"buf2000","MesicUpSuc_For35 Arnot",9837.60502711684,13784,123042.631182553,0,11265,0,3180128.01545734,72650.0521549441,43897.6629065039,57102.5597901679,125101.062719442,2700,0,0,11631.5517657816,14582.972949997,6693,16317.8158210254,0,8871895.5685341,0,0,0,0,0,0,0
"buf2000","MesicUpSuc_For37 Conn. Hill",907,0,70523.0635010339,0,53336,0,8655032.47686946,126624.688353494,24597.799508866,101359.61802937,272622.123696012,0,7519,554402.007568786,819,5609,14408,14524,0,2657485.72077808,0,0,860,0,0,0,0
"buf2000","MesicUpSuc_For44 Bishop",594523.479431768,2758258.98329626,578588.79401736,2580621.2876296,815299.853005856,0,1667638.89686874,45782,288762.266246258,196769.276610359,55397.4952386982,58333,121703.748168485,8459,74228.8625411232,124006.130301251,29696.1422823255,1482970.78779937,5360,0,31499,1800,241847.002010608,500811.714645846,298271.7782131,0,0
"buf2000","MesicUpSuc_For45 FLNF",109843.722790277,228964.911270078,669428.175385477,5907.03977253567,171043.3236017,6155.86989991734,6833430.35153125,174040.904265796,531026.884801341,84466.2946981579,504640.405493356,6996,5720,0,17252.341842999,122636.179774905,293531.240060285,24257.4214768261,0,2628685.09005975,0,6115.82640783419,136487.515175805,0,0,0,0
"buf2000","MesicUpSuc_For5 Manuel",2925901.58940145,4536013.37213571,299255.144321778,88892.1277363269,194150.459204704,1181,1464759.43706766,371666.700488575,540990.616271174,104879.217868139,606048.079848035,51594.6888488753,694975,0,74617.5379164344,42436.3582115564,62388.1745507867,18635.5725952644,2111,34584.5293843456,4568,9761,431219.892456492,0,0,0,0
"buf2000","MesicUpSuc_For6 Jones",816966.717067501,2469161.62909193,1918003.29048183,1464549.51351857,278359.312294861,0,1813220.0172017,869,787980.163242729,85638.6788615984,920922.547849122,518466.465803528,585228.232229782,0,249225.807215545,32375.6863536942,96629.7213260547,118955.135222696,3600,0,2700,36808.014437481,346184.566107981,13367,1418,0,0
"buf2000","MesicUpSuc_For8 Pecher",1558843.0509869,3721299.49860389,697096.23239948,2185487.41022719,217768.318620103,7689.30655715591,1591010.77400624,230959.778945536,892550.785571926,100927.392349783,427959.045164168,100725.220352193,126800.702921398,0,112754.877695995,99169.9574594451,51024,701,106041.183907723,7654,0,12147.0280942381,312019.934445377,0,0,0,0
"buf2000","Pasture_1 Jensen",2625595.85997474,3380027.89044955,287728.54787592,464113.114295963,206323.280618839,4119.50429553911,946236.069775285,578497.855404014,66277.7881963195,93244.7352693643,42426.2596074671,459497.638064195,472850.485458856,0,134100.567340109,792742.848247856,120799.875952787,6505.53385526699,179177.998406345,0,191,5372,1694758.64521803,0,0,0,42
"buf2000","Pasture_2 Wickham",970168.718664679,520435.258779847,1078816.01991979,34097.2702608663,414531.357326924,9560,124861.177522669,328964.546780345,230380.600483011,131052.305744387,1115404.14627137,27030,57247.1727767467,2862076.35692497,48514,123171.968728782,128602.093592467,405225.731276726,2442,3487388.12703143,0,3764,456896.646220836,0,0,0,0
"buf2000","Pasture_3 Haines",2405545.8092535,4869898.44932745,557091.532240002,1124550.31845021,220727.688769946,3942,1593142.8771115,223850.959934596,631232.475482651,101851.110253939,242414.332058051,108825.354188551,176163.434942213,0,61128.4895199677,7069.95952241495,7730,9217,88786.9045887776,0,0,16109.6239232737,111351.178738907,0,0,0,0
"buf2000","Pasture_4 Sherman",1334459.24115773,841213.386899404,1765451.14110225,223290.779588356,675971.966868227,47653.5013653301,1453131.03429247,729615.508221247,1138380.63383417,126833.877382212,1305053.8468221,50851,117763.458009073,1022358.42611161,228318.689287029,263113.315130154,164331.122029716,158475.096913373,67205,202247.374774347,0,20304,624607.098519915,0,0,0,0
"buf2000","Pasture_5 Cornell Equine",362360.711335204,503293.096938268,1180976.41032872,109531.496533852,2767201.60072703,325995.16056703,3522866.87684129,1549332.30965754,779652.137747293,325745.449726669,474448.577961967,38678.1579580052,42349.3646433209,0,170645.07505285,16288.603872627,31088,175765.838409195,8854,92302.0661653738,689,8279,74286.5638422917,0,0,0,0
"buf2000","Shrub_Wet10 Ellis Wet",56366.0538796605,4822,1114513.45805615,7453,315575.080191979,9224,3535901.93311848,243968.73420002,451550.165851991,116878.595910254,1278842.78841686,8118,9803.04364237731,2039382.25861077,139070.192000576,393094.407946625,94311.331627488,37759.9913986106,460,2628319.97418896,924,0,74290.4892662619,0,0,0,0
"buf2000","Shrub_Wet12 Conn. Hill",907,0,61134.9732196573,0,46301.0701781877,0,8331925.62507934,114906.048542584,26109,92246.35297735,258728.834025952,0,7519,626713.008050307,819,437,5887,14050.8547399849,0,2972084.73149421,0,0,860,0,0,0,0
"buf2000","Shrub_Wet18 Payne",74650,5400,1041460.11158708,9641,334754.039031468,7084.39704966545,2775285.25202751,263444.957909626,371858.14549906,129459.161962272,1001106.70542216,3600,5767,2710657.27779703,146968,535794.813231729,95767.4195998696,103540.713936173,0,2843075.55368992,924,0,100390.949563299,0,0,0,0
"buf2000","Shrub_Wet20 Lindsay Parsons",17320.6401765557,2330,813686.52541281,678,170451.737611124,3831,1987268.30281509,198431.351731057,211903.902781521,96398.3620138997,463515.237112656,0,0,4232760.28899915,61360,229833.065221492,227388.164511662,245535.959165201,0,3388830.36497598,0,681,208425.59577806,0,0,0,0
"buf2000","Shrub_Wet7 Power",15055,12743.3057660558,1973902.71871601,2364,410808.598591293,7363.46692210063,3105293.87365496,246386.936907281,659244.151035238,100105.158688026,1143089.70757188,7343,0,2112114.98657344,125777.323660947,135731.5469721,170835,132202,0,1652778.4505791,505,0,546985.272666953,0,0,0,0
"buf2000","Shrubland_1 Ellis Hollow",79877.6866007952,7197,1308121.66287191,414.326163820922,382158.484899774,4940.70936217904,4399120.83750987,274042.069913802,486602.892432426,130534.085183729,1759179.39754411,9252.77729445655,79240.8217275069,1073822.81712339,153832.869901347,303199.310603752,75659.0184242525,44930.7062045723,629,1928533.82984185,0,0,59339.1947036725,0,0,0,0
"buf2000","Shrubland_2 Jasmine",910982.575032582,2040671.94779591,1743793.6636902,333352.951542234,416291.376757603,13196.5871204399,3373077.14643756,258698.786602533,879671.802350054,119520.004318556,1095007.52463809,363567.611168664,318269.162661327,0,98179.5432103569,94913.8939259938,55653.345667667,29847,9700.92756799186,336772.517707057,757,19061,49643.1301106039,0,0,0,0
"buf2000","Shrubland_3 Long Pt State Park",568088.247905568,232512.273518467,1325003.23430543,112930,285752.864796937,35774.3412447387,1703727.08982966,185384.207825448,1307425.86064582,85405.3691219555,769291.740463774,24607,76819,0,75054.9479739098,0,0,5514405.99902876,4666,239147.321646836,0,14634,0,0,0,0,0
"buf2000","Shrubland_4 Blueheron",641199.374668542,1462603.94096638,1392986.68427893,874551.558940256,450553.306700519,0,2932155.08000992,900,1656207.90313729,125311.22155462,436287.725605935,192119,468302.921505662,0,72941.8011641164,0,0,1451294.36998342,3600,255371,0,60687.0334549419,0,75569.5763383538,7987,0,0
"buf2000","Shrubland_5 West Haven",265295.874398638,605899.373527835,1577941.51276555,297563.873027943,623174.974538443,227615.527120936,4800197.13095453,618548.25876677,1763702.30988495,130235.736457492,479343.838948726,48398,277349,0,123407.527222483,37355.9782623339,72349.9721566164,29097,54711,504281.811499041,0,10305.5522177443,13855.2465539951,0,0,0,0
"buf2000","Swamp_For20 Freier",972053.693317483,3933887.46908728,875258.511879667,2055094.38508445,380869.761391152,0,966358.157049115,7606,315270.965893999,115107.62972694,287671.758734755,89346,1250087.30490382,0,174726.35775057,81128.2783386784,45477,109492.607426052,12600,0,14170.5725060129,124725.839301843,657424.838293853,84066.3676201388,8206,0,0
"buf2000","Swamp_For24 Lott",443958.97761694,2855454.92487772,2157759.9401297,1735820.96895607,1053883.86841265,0,1122314.6125547,11625.7907224894,732269.443438869,131724.443108823,976355.010803835,44339,341214.408732498,0,400810.617667769,66941,29314.3659433834,86962.5910026674,900,0,6062,0,157907.610988277,167788.923349429,37221,0,0
"buf2000","Swamp_For31 Haines",1960346.22936299,3565900.90335575,705274.873542011,702588.982917589,258241.977968838,2758,1497858.98742272,198558.350525258,911532.788950788,84297.2402666376,1758518.60440866,218463.989525499,215160.769162276,0,204434.765630352,17244,28961,6493,98881,50990.1115108941,0,13789,60334.9237573603,0,0,0,0
"buf2000","Swamp_For39 Conn. Hill",137399.044916872,125486.40948244,240481.247334033,4323.4435371334,71066.7831130397,160,8067194.42001143,123404.667825714,69986.7971947972,91047.8941131676,263985.528625262,0,756,230315.411153494,49150,19948.3382392441,56263.6594255204,12283,0,2983721.62315649,0,0,13655.2301785398,0,0,0,0
"buf2000","Swamp_For41 Kunes",1329284.36360969,2805719.95257858,1418497.21851856,1110071.65310227,378842.527855042,21208.7285968765,1779871.65154432,343268.134372093,169519.848042545,103197.216589949,160245.017150463,441509.399360708,437528.255001214,0,180143.425817978,132027.344239676,281989.468058411,35445,234427,0,77141.169560754,11269,1109423.12430978,0,0,0,0
"buf2000","Swamp_Wet1 Jones",929591.797049988,2431497.73647965,2119044.43617886,1303936.07930606,279286.699511219,0,1815225.66862659,869,801318.405637429,87827.6330663364,891910.10668075,464856.460210465,537617.993601683,0,252166.474541454,33445,88542.4005791542,114315.736742754,3600,0,4524.16924453279,41158.4346244193,343530.266222804,13367,2998,0,0
"buf2000","Swamp_Wet14 Owasco flats",516259.865917377,437557.695808759,321192.583258038,92596.6278803747,105916.466400283,7261,4775999.6665131,234271.808503118,1162419.8168339,122585.917239798,215518.445178377,672,58385.1985217627,0,110464.157431153,275446.538570509,298510.552588811,1466233.33566294,0,526603.590636904,0,0,1832734.2313596,0,0,0,0
"buf2000","Swamp_Wet17 McDaniels",25142.0289972783,677905.042087616,1600350.8919366,87106.1079328211,309191.159971293,5938.72368317074,5623412.58726452,228857.175750995,1058706.9353333,96142.1779179863,1524265.31718826,2280,0,0,181420.226430712,175515.069602258,116323.588460727,88604.1446265319,0,208281,0,0,551187.321121364,0,0,0,0
"buf2000","Swamp_Wet2 Pecher",1694946.05134109,3521103.34792226,705043.70689337,1961885.59322797,226534.533587591,5779,1624341.06887753,218119.875567769,998992.520487931,107657.701066138,447552.938938544,166908.29068023,96069.6665236449,0,119842.147494588,118747.593474418,54525,707.048759761266,118052,8655.01887468726,0,13815,351351.394588265,0,0,0,0
"buf2000","Swamp_Wet4 Monkeyrun",365760.586399722,485932.150907751,1057520.54849574,96376.4712444888,1489679.21032552,193102.080589292,4936122.0922999,759033.258882249,765448.866215501,235998.738393042,763956.948797513,38465,51344,0,284005.14129541,82587.213217205,261906.041971889,136762.101324509,4340.09120916366,279977.506096962,294,6479,265538.450640193,0,0,0,0
"buf2000","Swamp_Wet5 Haines",1833942.22166185,3635961.28287543,720460.906191917,674417.451827563,255754.505197394,2640.94729616481,1483596.07547824,190736.111687257,911192.593161966,83686.7504947183,1792365.28433534,193969.098781607,202274.440743536,0,210824.719922901,17244,28961,6493,98881,137173.913041202,0,13789,66265.1956096894,0,0,0,0
"buf2000","Swamp_Wet6 Jensen",2274768.29181965,3624449.93545653,403966.717068641,452689.620353108,236815.131978042,10555.6913665832,1056968.85380601,574456.273105457,145383.755162377,103875.110295297,62027.2522993417,530435.931321706,342461.944524354,0,131925.966495622,762889.686502294,151156.791591202,4088,188124.626669345,0,191,8019.01670088433,1495337.90178906,0,0,0,42
"buf2000","Treerow_1 Case",537628.801427601,2143491.00903522,898954.02855889,2742146.05080564,731921.331654313,0,1153731.44262232,4117,1873593.8213392,202092.714098752,149051.954779275,484695,344704.264626902,0,114833.091413811,37547.8469528537,15937,144722.423995454,21851.0794961178,0,4113,36284.1833103794,467108.456561374,367859.235870903,84245.7617592574,0,0
"buf2000","Treerow_2 RJO rose",1268090.78613587,3029263.30967373,638994.61704502,2215901.42243205,237484.47325845,2800.49009382731,2160974.69487942,166498.082855056,294185.693465485,65472.0651994803,296188.22808976,149883.232533569,1272706.22887153,0,91491.545961954,30538.5548628215,596,16522.4598732028,60752.9973632984,124920.903405424,44619.3537678719,281637.764283831,111095.594256088,0,0,11,0
"buf2000","Treerow_3 Matton",1975609.81489209,3644259.2191509,821038.0045963,352965.957941206,264389.227034877,2326,2778828.34230588,220520.12421344,1112215.72943723,105436.195635988,596978.542436429,5122.08872047346,192207.472629012,0,91460.7982811216,24302,111176,8342.22885638475,8168,170015.331064273,314,2531,72423.421111646,0,0,0,0
"buf2000","Treerow_4 Dunlop",205494.726059586,108203.671536267,2099636.45846978,128731.342259217,635918.258118471,31196.6524399314,1187686.74864598,569127.189960209,554793.697991414,209017.94250309,1625245.38422215,230261.023911009,32259,3513978.21769925,123758.113690028,42316.6710962074,43122.3264038427,132556.087647086,552,998044.998520265,0,8178,80550.9871314026,0,0,0,0
"buf2000","Treerow_5 Pecher",1458846.81045453,3614417.21625556,766864.657319668,2514071.1453415,243528.316499407,11831,1446121.9330447,283448.857677243,877449.259252694,104281.102785205,377009.051280415,168035.497369656,150806.986663259,0,126869.004360577,45914.124310584,26229.2965978135,5023,124338,7654,0,13258,194632.239095424,0,0,0,0
"buf2000","Veg_1 Church Creek Farms",1169839.13226677,2115688.94486557,2043131.08794434,353854.64191837,442465.352404778,27587.5540524286,2894128.51233035,429527.533726497,1146759.85601563,106738.378092417,632175.904828878,144643,85278.8361150509,0,60052.9936202004,42705,43444,37138.4196438221,21564,617314.075197082,0,27782,118810.275282419,0,0,0,0
"buf2000","Veg_2 Plowbreak",163579.654548426,234001.590760772,1716276.43986403,121981.611065982,152606.334703318,2481,6023548.15121013,192779.769515531,1021127.16139594,87791.8601130783,854665.42770606,32297.2529146746,16838.4642519976,0,30949,18851,108767.264277734,25517.0456698984,0,1595068.70765051,0,56624,104877.762657224,0,0,0,0
"buf2000","Veg_3 Silverqueen",1378181.58848416,1238764.32077591,1580583.89176206,81702.5200759117,399362.238363152,9048,3051187.70101406,273353.771281778,1070377.18082749,144829.228509273,1620623.48974409,83187.4529287025,539511.724262979,51469,140175.508837915,88500.8203437472,172723.611526454,14401.0480820857,8391,372289.157796478,2443,29221,210302.243694201,0,0,0,0
"buf2000","Veg_4 Blueheron",594841.824954377,1419948.96709636,1378201.23046522,821985.904946014,450531.97993708,0,2965944.37176666,900,1701230.80985269,126343.206051486,415802.177697953,190214.168367326,368629.778382391,0,60116.303257428,0,0,1650674.97841583,3600,265271,0,56602.0914990278,0,80912.1567558555,8878.54885857172,0,0
"buf2000","Veg_5 West Haven",231713.961918088,372083.956618664,1427057.33352209,245116.68589327,848133.130904072,262052.222082175,4719741.77019444,815660.938897001,1821829.05586936,126106.289941508,474368.444198508,48398,277349,0,94926.3934016933,28652.1214182007,53326.3886005393,144357.263503576,54711,504957.5413416,0,10088,0,0,0,0,0
"buf2000","WinterFallow_Ag1 Mattoon",2708907.03167924,4358406.80971898,612724.837457634,148441.475544064,208753.502597799,1682,2356627.62532818,189504.191984566,817076.536559346,85330.9513487745,392067.091168525,4575,62013.6799973928,0,108803.343900527,62272.4475203578,75081.8168647713,10636,5655.86287894766,104348,133.850100941338,4195,243392.443656018,0,0,0,0
"buf2000","WinterFallow_Ag10 Case",463048.462119938,1717439.87447795,902558.057901719,2793068.00175537,739384.384065419,0,1200595.48304042,3505,1892054.39738072,216193.681863562,151293.063761956,409621.717043926,353011.697787701,0,315191.872821296,62164.871615536,46874.6077371441,161821.582290381,13340.0945917795,0,900,45712,588560.910598949,403476.222259348,80813.5151934566,0,0
"buf2000","WinterFallow_Ag11 Jones",1153203.42672801,2828802.26423702,1902087.01636857,1979811.16902157,419642.400579677,0,1273916.00749378,0,637224.846093966,108682.985257487,696082.356267387,200125.946505635,771558.691772386,0,161821.717239799,8330,27765,130509.091812939,14437.4394907629,0,1800,56493.6786005705,124283,59047.4608374215,5005,0,0
"buf2000","WinterFallow_Ag12 Cuddleback",1701280.46635947,3789168.70743338,545989.845593078,1876990.85202363,293904.23096381,5616.90624713735,1673261.94173341,208263.757923068,1230470.54518487,98858.9099671308,277144.792216246,17035,458537.481584792,0,93397.8849150441,41218,23075,5589,14396,48518.759864823,5495,10011.7117341173,142404.70456325,0,0,0,0
"buf2000","WinterFallow_Ag14 Smith",487880.435460128,2402888.34212504,533880.944571837,2348168.01736101,291802.97889151,0,4040778.96825157,900,114658.809417163,93851.9521290784,108473.704766262,11363.7204610377,494644.94648902,0,94055.3059045565,84268.3935233186,272470.91125768,299586.941274576,900,0,42904.041302246,1015,823342.361520858,10959.7236004395,1834,0,0
"buf2000","WinterFallow_Ag2 Mt. Pleasant",378051.122987818,359861.856522071,766630.356973427,76304,259237.911260764,10342.5793033513,4904953.51337524,187783.27865925,242716.126758096,81822.6421856701,1764505.30447951,16327,172373,127308.163117638,45464.6295575548,9191.63224855065,5949.02464553155,26850.4059116612,4670,3119386.95032123,0,900,0,0,0,0,0
"buf2000","WinterFallow_Ag3 Mekeel",1024865.39009932,2402089.70024554,1383859.3716223,528638.996369198,380206.091675959,21348.5597701241,2972062.65395082,334344.409069419,1078866.99867682,149366.91939598,527351.799678326,461713.677724749,540157.913554077,0,132919.118571955,64982.3519055825,153642.53451509,47129.9679004711,0,145280,9559.97592058065,9775,192468.067657754,0,0,0,0
"buf2000","WinterFallow_Ag4 Carpenter",808385.338767791,706429.918907877,1665008.13792652,891447,597167.43806085,78884.1657246894,2041916.29878514,512055.921561592,238470.621627474,108726.533966806,1087562.70796635,200363,37346,986648.502763926,226801.09671561,94768.8997524312,68088.7791193443,47889.5027897432,4635,2020023.48478895,0,2541,135470.149082705,0,0,0,0
"buf2000","WinterFallow_Ag5 Witmer",1123881.8520456,2885808.53485324,756675.155652325,1876515.66464047,162935.095220632,3230,1730406.64661603,226231.512432137,961198.982061504,93401.9668443831,323356.686256696,6033,473860.778650812,0,143540.861404131,474310.109071157,123277.584927542,36512.605435523,43519.7784039676,0,0,3600,1112332.68378977,0,0,0,0
"buf2000","WinterFallow_Ag7 Musgrave",2434800.20077411,2687275.86417576,783207.728498948,1340423.69714401,248906.655146099,3292.05315002628,1606956.80861283,295319.865089914,1874150.3093621,93546.7556946219,406329.189009299,69511.5639348968,442424.174472935,0,95511.2058569268,1760,1815,26325,33510.4399905626,67343.9873956367,0,25607,22612,0,0,0,0
"buf2000","WinterFallow_Ag8 Freier",1841036.74435162,3130354.21252509,497214.122316215,3774345.2351156,343277.434049801,0,898436.354497091,3280.2353074323,43538.4324406581,123635.438015406,571834.632500145,321150.049414104,460572.955108415,0,209173.665445614,13352.9448206268,0,89012.3024171838,22500,0,17674.8778003409,6121.38977065435,83922.9415786541,98446.4523073134,11749.0785246292,0,0
