Site,Sampling.Round,Flower.species,Flower.abundance.cm2,Landuse.Type,Country
R3,2,Achillea.millefolium,39.26990817,Rural.habitat.mosaic,CH
A3,2,Achillea.millefolium,56.15596868,Intensive.agriculture,CH
A3,2,Achillea.millefolium,40.8407045,Intensive.agriculture,CH
A3,2,Achillea.millefolium,6.87223393,Intensive.agriculture,CH
A3,2,Achillea.millefolium,35.34291735,Intensive.agriculture,CH
A3,2,Achillea.millefolium,11.78097245,Intensive.agriculture,CH
A3,2,Achillea.millefolium,7.853981634,Intensive.agriculture,CH
A3,2,Achillea.millefolium,5.890486225,Intensive.agriculture,CH
A3,2,Achillea.millefolium,30.63052837,Intensive.agriculture,CH
A3,2,Achillea.millefolium,23.5619449,Intensive.agriculture,CH
A3,2,Achillea.millefolium,70.68583471,Intensive.agriculture,CH
A3,2,Achillea.millefolium,74.61282552,Intensive.agriculture,CH
A3,2,Achillea.millefolium,129.590697,Intensive.agriculture,CH
A3,2,Achillea.millefolium,235.619449,Intensive.agriculture,CH
A3,2,Achillea.millefolium,133.5176878,Intensive.agriculture,CH
A3,2,Achillea.millefolium,31.41592654,Intensive.agriculture,CH
A3,2,Achillea.millefolium,0.785398163,Intensive.agriculture,CH
A4,2,Achillea.millefolium,184.5685684,Intensive.agriculture,CH
A4,2,Achillea.millefolium,11.78097245,Intensive.agriculture,CH
A4,2,Achillea.millefolium,7.853981634,Intensive.agriculture,CH
R4,3,Achillea.millefolium,0.981747704,Rural.habitat.mosaic,CH
A4,3,Achillea.millefolium,27.48893572,Intensive.agriculture,CH
A4,3,Achillea.millefolium,1.963495408,Intensive.agriculture,CH
A4,3,Achillea.millefolium,39.26990817,Intensive.agriculture,CH
A4,3,Achillea.millefolium,11.78097245,Intensive.agriculture,CH
A4,3,Achillea.millefolium,0.589048623,Intensive.agriculture,CH
A4,3,Achillea.millefolium,4.123340358,Intensive.agriculture,CH
A3,3,Achillea.millefolium,2.552544031,Intensive.agriculture,CH
A3,3,Achillea.millefolium,0.392699082,Intensive.agriculture,CH
A3,3,Achillea.millefolium,1.767145868,Intensive.agriculture,CH
A3,3,Achillea.millefolium,98.17477042,Intensive.agriculture,CH
A3,3,Achillea.millefolium,453.5674394,Intensive.agriculture,CH
A3,3,Achillea.millefolium,70.68583471,Intensive.agriculture,CH
A3,3,Achillea.millefolium,9.817477042,Intensive.agriculture,CH
A3,3,Achillea.millefolium,4.71238898,Intensive.agriculture,CH
A2,3,Achillea.millefolium,2.552544031,Intensive.agriculture,CH
A2,2,Aegopodium.podagraria,25.72964383,Intensive.agriculture,CH
A2,2,Aegopodium.podagraria,118.7522023,Intensive.agriculture,CH
A2,2,Aegopodium.podagraria,54.07466355,Intensive.agriculture,CH
A3,3,Aethusa.cynapium,45.23893421,Intensive.agriculture,CH
A3,3,Aethusa.cynapium,22.61946711,Intensive.agriculture,CH
R1,3,Agrimonia.eupatoria,3.392920066,Rural.habitat.mosaic,CH
A2,3,Agrimonia.eupatoria,32.7982273,Intensive.agriculture,CH
A2,3,Agrimonia.eupatoria,12.44070691,Intensive.agriculture,CH
A2,3,Agrimonia.eupatoria,26.01238717,Intensive.agriculture,CH
R3,1,Ajuga.reptans,2.208932335,Rural.habitat.mosaic,CH
R3,1,Ajuga.reptans,0.441786467,Rural.habitat.mosaic,CH
R3,1,Ajuga.reptans,28.71612035,Rural.habitat.mosaic,CH
R3,1,Ajuga.reptans,2.208932335,Rural.habitat.mosaic,CH
R3,1,Ajuga.reptans,28.71612035,Rural.habitat.mosaic,CH
R3,1,Ajuga.reptans,8.835729338,Rural.habitat.mosaic,CH
A2,1,Ajuga.reptans,4.417864669,Intensive.agriculture,CH
A2,1,Ajuga.reptans,19.88039101,Intensive.agriculture,CH
A2,1,Ajuga.reptans,4.417864669,Intensive.agriculture,CH
R4,1,Ajuga.reptans,4.417864669,Rural.habitat.mosaic,CH
R1,1,Ajuga.reptans,4.417864669,Rural.habitat.mosaic,CH
R1,1,Ajuga.reptans,2.208932335,Rural.habitat.mosaic,CH
R4,1,Ajuga.reptans,22.08932335,Rural.habitat.mosaic,CH
R4,1,Ajuga.reptans,30.92505268,Rural.habitat.mosaic,CH
R4,1,Ajuga.reptans,11.04466167,Rural.habitat.mosaic,CH
R4,1,Ajuga.reptans,159.0431281,Rural.habitat.mosaic,CH
R4,1,Ajuga.reptans,117.0734137,Rural.habitat.mosaic,CH
R4,1,Ajuga.reptans,22.08932335,Rural.habitat.mosaic,CH
R1,1,Ajuga.reptans,4.417864669,Rural.habitat.mosaic,CH
R1,1,Ajuga.reptans,2.208932335,Rural.habitat.mosaic,CH
R1,1,Ajuga.reptans,2.208932335,Rural.habitat.mosaic,CH
R1,1,Ajuga.reptans,6.626797004,Rural.habitat.mosaic,CH
R1,1,Ajuga.reptans,15.46252634,Rural.habitat.mosaic,CH
R1,1,Ajuga.reptans,2.208932335,Rural.habitat.mosaic,CH
R1,1,Ajuga.reptans,4.417864669,Rural.habitat.mosaic,CH
R1,1,Ajuga.reptans,8.835729338,Rural.habitat.mosaic,CH
R2,1,Ajuga.reptans,26.50718801,Rural.habitat.mosaic,CH
R2,1,Ajuga.reptans,6.626797004,Rural.habitat.mosaic,CH
R2,1,Ajuga.reptans,4.417864669,Rural.habitat.mosaic,CH
R2,1,Ajuga.reptans,4.417864669,Rural.habitat.mosaic,CH
R2,1,Ajuga.reptans,13.25359401,Rural.habitat.mosaic,CH
R2,1,Ajuga.reptans,103.8198197,Rural.habitat.mosaic,CH
R2,1,Ajuga.reptans,8.835729338,Rural.habitat.mosaic,CH
R2,1,Ajuga.reptans,19.88039101,Rural.habitat.mosaic,CH
R2,1,Ajuga.reptans,37.55184969,Rural.habitat.mosaic,CH
R2,1,Ajuga.reptans,41.96971436,Rural.habitat.mosaic,CH
R2,1,Ajuga.reptans,114.8644814,Rural.habitat.mosaic,CH
R2,1,Ajuga.reptans,4.417864669,Rural.habitat.mosaic,CH
R2,1,Ajuga.reptans,6.626797004,Rural.habitat.mosaic,CH
R2,1,Ajuga.reptans,2.208932335,Rural.habitat.mosaic,CH
R2,1,Ajuga.reptans,59.64117303,Rural.habitat.mosaic,CH
R2,1,Ajuga.reptans,8.835729338,Rural.habitat.mosaic,CH
R2,1,Ajuga.reptans,37.55184969,Rural.habitat.mosaic,CH
R2,1,Ajuga.reptans,8.835729338,Rural.habitat.mosaic,CH
A1,2,Ajuga.reptans,2.650718801,Intensive.agriculture,CH
A1,2,Ajuga.reptans,13.25359401,Intensive.agriculture,CH
A1,2,Ajuga.reptans,15.46252634,Intensive.agriculture,CH
A1,2,Ajuga.reptans,2.208932335,Intensive.agriculture,CH
A2,2,Ajuga.reptans,5.301437603,Intensive.agriculture,CH
R1,2,Ajuga.reptans,0.883572934,Rural.habitat.mosaic,CH
R1,2,Ajuga.reptans,1.325359401,Rural.habitat.mosaic,CH
R3,2,Ajuga.reptans,2.208932335,Rural.habitat.mosaic,CH
R3,2,Ajuga.reptans,0.441786467,Rural.habitat.mosaic,CH
R3,2,Ajuga.reptans,0.883572934,Rural.habitat.mosaic,CH
R3,1,Alliaria.petiolata,4.021238597,Rural.habitat.mosaic,CH
A2,1,Alliaria.petiolata,14.57698991,Intensive.agriculture,CH
R4,1,Alliaria.petiolata,2.010619298,Rural.habitat.mosaic,CH
R1,1,Alliaria.petiolata,46.24424386,Rural.habitat.mosaic,CH
R1,1,Alliaria.petiolata,8.042477193,Rural.habitat.mosaic,CH
R1,1,Alliaria.petiolata,4.021238597,Rural.habitat.mosaic,CH
R1,1,Alliaria.petiolata,2.010619298,Rural.habitat.mosaic,CH
R1,1,Alliaria.petiolata,2.010619298,Rural.habitat.mosaic,CH
R1,1,Alliaria.petiolata,46.24424386,Rural.habitat.mosaic,CH
R1,1,Alliaria.petiolata,52.27610176,Rural.habitat.mosaic,CH
R1,1,Alliaria.petiolata,2.010619298,Rural.habitat.mosaic,CH
R4,1,Alliaria.petiolata,2.010619298,Rural.habitat.mosaic,CH
R4,1,Alliaria.petiolata,14.07433509,Rural.habitat.mosaic,CH
R2,1,Alliaria.petiolata,24.12743158,Rural.habitat.mosaic,CH
R2,1,Alliaria.petiolata,30.15928947,Rural.habitat.mosaic,CH
R2,1,Alliaria.petiolata,28.14867018,Rural.habitat.mosaic,CH
R2,1,Alliaria.petiolata,8.042477193,Rural.habitat.mosaic,CH
R2,1,Alliaria.petiolata,14.07433509,Rural.habitat.mosaic,CH
R3,2,Alliaria.petiolata,0.502654825,Rural.habitat.mosaic,CH
R3,2,Alliaria.petiolata,32.6725636,Rural.habitat.mosaic,CH
R2,2,Alliaria.petiolata,5.026548246,Rural.habitat.mosaic,CH
A2,2,Alliaria.petiolata,3.015928947,Intensive.agriculture,CH
R2,3,Alliaria.petiolata,1.507964474,Rural.habitat.mosaic,CH
R1,2,Alliaria.petiolata,12.56637061,Rural.habitat.mosaic,CH
R1,2,Alliaria.petiolata,3.015928947,Rural.habitat.mosaic,CH
R1,2,Alliaria.petiolata,10.05309649,Rural.habitat.mosaic,CH
R1,2,Alliaria.petiolata,2.010619298,Rural.habitat.mosaic,CH
R2,3,Allium.scorodoprasum,0.09817477,Rural.habitat.mosaic,CH
R2,3,Allium.scorodoprasum,0.245436926,Rural.habitat.mosaic,CH
R1,1,Allium.ursinum,1828.43834,Rural.habitat.mosaic,CH
R1,1,Allium.ursinum,148.2517573,Rural.habitat.mosaic,CH
R1,1,Allium.ursinum,98.83450488,Rural.habitat.mosaic,CH
R1,2,Allium.ursinum,7.602654222,Rural.habitat.mosaic,CH
A4,3,Amaranthus.retroflexus,145.1415806,Intensive.agriculture,CH
A4,3,Amaranthus.retroflexus,33.92920066,Intensive.agriculture,CH
A4,3,Amaranthus.retroflexus,22.61946711,Intensive.agriculture,CH
A4,3,Amaranthus.retroflexus,30.15928947,Intensive.agriculture,CH
A4,3,Amaranthus.retroflexus,67.85840132,Intensive.agriculture,CH
A4,3,Amaranthus.retroflexus,580.5663224,Intensive.agriculture,CH
A4,3,Amaranthus.retroflexus,33.92920066,Intensive.agriculture,CH
A4,3,Amaranthus.retroflexus,147.0265362,Intensive.agriculture,CH
A4,3,Amaranthus.retroflexus,32.98672286,Intensive.agriculture,CH
A4,3,Amaranthus.retroflexus,5.654866776,Intensive.agriculture,CH
A3,3,Amaranthus.retroflexus,0.031415927,Intensive.agriculture,CH
A3,3,Amaranthus.retroflexus,0.062831853,Intensive.agriculture,CH
A3,3,Amaranthus.retroflexus,0.031415927,Intensive.agriculture,CH
A3,3,Amaranthus.retroflexus,0.125663706,Intensive.agriculture,CH
A2,3,Amaranthus.retroflexus,1.099557429,Intensive.agriculture,CH
A2,3,Amaranthus.retroflexus,0.848230016,Intensive.agriculture,CH
A2,3,Amaranthus.retroflexus,0.628318531,Intensive.agriculture,CH
A2,3,Amaranthus.retroflexus,1.884955592,Intensive.agriculture,CH
A2,3,Amaranthus.retroflexus,3.675663405,Intensive.agriculture,CH
A2,3,Ammi.majus,1130.973355,Intensive.agriculture,CH
A3,3,Anagallis.arvensis,1.327322896,Intensive.agriculture,CH
A3,3,Anagallis.arvensis,2.654645792,Intensive.agriculture,CH
R3,1,Anemone.nemorosa,21.20575041,Rural.habitat.mosaic,CH
R3,1,Anemone.nemorosa,14.13716694,Rural.habitat.mosaic,CH
R3,1,Anemone.nemorosa,7.068583471,Rural.habitat.mosaic,CH
A2,1,Anemone.nemorosa,7.068583471,Intensive.agriculture,CH
A4,2,Anthemis.tinctoria,12.56637061,Intensive.agriculture,CH
A4,2,Anthemis.tinctoria,75.39822369,Intensive.agriculture,CH
A4,2,Anthemis.tinctoria,12.56637061,Intensive.agriculture,CH
A4,2,Anthemis.tinctoria,37.69911184,Intensive.agriculture,CH
A4,2,Anthemis.tinctoria,12.56637061,Intensive.agriculture,CH
A4,3,Anthemis.tinctoria,238.7610417,Intensive.agriculture,CH
A4,3,Anthemis.tinctoria,967.6105373,Intensive.agriculture,CH
A4,3,Anthemis.tinctoria,87.9645943,Intensive.agriculture,CH
A4,3,Anthemis.tinctoria,12.56637061,Intensive.agriculture,CH
A4,3,Anthemis.tinctoria,251.3274123,Intensive.agriculture,CH
A4,3,Anthemis.tinctoria,75.39822369,Intensive.agriculture,CH
A4,3,Anthemis.tinctoria,37.69911184,Intensive.agriculture,CH
A4,3,Anthemis.tinctoria,163.362818,Intensive.agriculture,CH
A4,3,Anthemis.tinctoria,25.13274123,Intensive.agriculture,CH
A4,3,Anthemis.tinctoria,138.2300768,Intensive.agriculture,CH
A4,3,Anthemis.tinctoria,980.1769079,Intensive.agriculture,CH
A4,3,Anthemis.tinctoria,50.26548246,Intensive.agriculture,CH
A4,3,Anthemis.tinctoria,841.9468312,Intensive.agriculture,CH
A4,3,Anthemis.tinctoria,402.1238597,Intensive.agriculture,CH
A4,3,Anthemis.tinctoria,37.69911184,Intensive.agriculture,CH
A4,3,Anthemis.tinctoria,314.1592654,Intensive.agriculture,CH
R1,1,Anthyllis.vulneraria,1.507964474,Rural.habitat.mosaic,CH
R1,1,Anthyllis.vulneraria,0.753982237,Rural.habitat.mosaic,CH
R1,1,Anthyllis.vulneraria,0.753982237,Rural.habitat.mosaic,CH
A2,2,Anthyllis.vulneraria,0.753982237,Intensive.agriculture,CH
A2,2,Anthyllis.vulneraria,0.628318531,Intensive.agriculture,CH
A2,2,Anthyllis.vulneraria,0.753982237,Intensive.agriculture,CH
A2,3,Anthyllis.vulneraria,0.125663706,Intensive.agriculture,CH
R1,2,Anthyllis.vulneraria,2.136283004,Rural.habitat.mosaic,CH
A2,1,Arabidopsis.thaliana,150.7964474,Intensive.agriculture,CH
A2,1,Arabidopsis.thaliana,60.31857895,Intensive.agriculture,CH
A2,1,Arabidopsis.thaliana,30.78760801,Intensive.agriculture,CH
A2,1,Arabidopsis.thaliana,50.89380099,Intensive.agriculture,CH
A2,1,Arabidopsis.thaliana,7.665486075,Intensive.agriculture,CH
A2,1,Arabidopsis.thaliana,211.1150263,Intensive.agriculture,CH
A2,1,Arabidopsis.thaliana,42.09734156,Intensive.agriculture,CH
A3,1,Arabidopsis.thaliana,0.628318531,Intensive.agriculture,CH
A1,2,Arabidopsis.thaliana,1.130973355,Intensive.agriculture,CH
A1,3,Arabidopsis.thaliana,0.376991118,Intensive.agriculture,CH
A1,3,Arabidopsis.thaliana,0.753982237,Intensive.agriculture,CH
A2,1,Arabis.hirsuta,23.090706,Intensive.agriculture,CH
R3,2,Arenaria.serpyllifolia.aggr,0.7696902,Rural.habitat.mosaic,CH
R3,2,Arenaria.serpyllifolia.aggr,0.3848451,Rural.habitat.mosaic,CH
R3,1,Bellis.perennis,43.98229715,Rural.habitat.mosaic,CH
R3,1,Bellis.perennis,43.98229715,Rural.habitat.mosaic,CH
R3,1,Bellis.perennis,6.283185307,Rural.habitat.mosaic,CH
A2,1,Bellis.perennis,9.424777961,Intensive.agriculture,CH
A3,1,Bellis.perennis,78.53981634,Intensive.agriculture,CH
A3,1,Bellis.perennis,175.9291886,Intensive.agriculture,CH
A3,1,Bellis.perennis,12.56637061,Intensive.agriculture,CH
R1,1,Bellis.perennis,3.141592654,Rural.habitat.mosaic,CH
R1,1,Bellis.perennis,3.141592654,Rural.habitat.mosaic,CH
R4,1,Bellis.perennis,15.70796327,Rural.habitat.mosaic,CH
R2,1,Bellis.perennis,18.84955592,Rural.habitat.mosaic,CH
R1,1,Bellis.perennis,128.8052988,Rural.habitat.mosaic,CH
R1,1,Bellis.perennis,84.82300165,Rural.habitat.mosaic,CH
R1,1,Bellis.perennis,18.84955592,Rural.habitat.mosaic,CH
R1,1,Bellis.perennis,65.97344573,Rural.habitat.mosaic,CH
R1,1,Bellis.perennis,18.84955592,Rural.habitat.mosaic,CH
R1,1,Bellis.perennis,9.424777961,Rural.habitat.mosaic,CH
R1,1,Bellis.perennis,3.141592654,Rural.habitat.mosaic,CH
R1,1,Bellis.perennis,9.424777961,Rural.habitat.mosaic,CH
R1,1,Bellis.perennis,40.8407045,Rural.habitat.mosaic,CH
R1,1,Bellis.perennis,91.10618695,Rural.habitat.mosaic,CH
R1,1,Bellis.perennis,147.6548547,Rural.habitat.mosaic,CH
R1,1,Bellis.perennis,15.70796327,Rural.habitat.mosaic,CH
R1,1,Bellis.perennis,6.283185307,Rural.habitat.mosaic,CH
R1,1,Bellis.perennis,116.2389282,Rural.habitat.mosaic,CH
R1,1,Bellis.perennis,18.84955592,Rural.habitat.mosaic,CH
R1,1,Bellis.perennis,40.8407045,Rural.habitat.mosaic,CH
R1,1,Bellis.perennis,31.41592654,Rural.habitat.mosaic,CH
R1,1,Bellis.perennis,87.9645943,Rural.habitat.mosaic,CH
A1,2,Bellis.perennis,3.141592654,Intensive.agriculture,CH
A1,2,Bellis.perennis,9.424777961,Intensive.agriculture,CH
A1,2,Bellis.perennis,6.283185307,Intensive.agriculture,CH
A1,2,Bellis.perennis,9.424777961,Intensive.agriculture,CH
A1,2,Bellis.perennis,18.84955592,Intensive.agriculture,CH
A1,2,Bellis.perennis,6.283185307,Intensive.agriculture,CH
A1,2,Bellis.perennis,18.84955592,Intensive.agriculture,CH
A1,2,Bellis.perennis,75.39822369,Intensive.agriculture,CH
R2,2,Bellis.perennis,15.70796327,Rural.habitat.mosaic,CH
R3,2,Bellis.perennis,6.283185307,Rural.habitat.mosaic,CH
R3,2,Bellis.perennis,9.424777961,Rural.habitat.mosaic,CH
R3,2,Bellis.perennis,3.141592654,Rural.habitat.mosaic,CH
R3,2,Bellis.perennis,179.0707813,Rural.habitat.mosaic,CH
R3,2,Bellis.perennis,53.40707511,Rural.habitat.mosaic,CH
R3,2,Bellis.perennis,3.141592654,Rural.habitat.mosaic,CH
A2,2,Bellis.perennis,94.24777961,Intensive.agriculture,CH
A1,2,Bellis.perennis,147.6548547,Intensive.agriculture,CH
A3,2,Bellis.perennis,9.424777961,Intensive.agriculture,CH
A3,2,Bellis.perennis,3.141592654,Intensive.agriculture,CH
A3,2,Bellis.perennis,6.283185307,Intensive.agriculture,CH
A3,2,Bellis.perennis,3.141592654,Intensive.agriculture,CH
A3,2,Bellis.perennis,3.141592654,Intensive.agriculture,CH
A3,2,Bellis.perennis,3.141592654,Intensive.agriculture,CH
A3,2,Bellis.perennis,56.54866776,Intensive.agriculture,CH
A3,2,Bellis.perennis,65.97344573,Intensive.agriculture,CH
A3,2,Bellis.perennis,188.4955592,Intensive.agriculture,CH
A3,2,Bellis.perennis,175.9291886,Intensive.agriculture,CH
A3,2,Bellis.perennis,62.83185307,Intensive.agriculture,CH
A3,2,Bellis.perennis,65.97344573,Intensive.agriculture,CH
A3,2,Bellis.perennis,169.6460033,Intensive.agriculture,CH
A3,2,Bellis.perennis,201.0619298,Intensive.agriculture,CH
A3,2,Bellis.perennis,116.2389282,Intensive.agriculture,CH
A3,2,Bellis.perennis,40.8407045,Intensive.agriculture,CH
A3,2,Bellis.perennis,12.56637061,Intensive.agriculture,CH
A3,2,Bellis.perennis,94.24777961,Intensive.agriculture,CH
A3,2,Bellis.perennis,37.69911184,Intensive.agriculture,CH
A3,2,Bellis.perennis,119.3805208,Intensive.agriculture,CH
A3,2,Bellis.perennis,87.9645943,Intensive.agriculture,CH
A3,2,Bellis.perennis,78.53981634,Intensive.agriculture,CH
A3,2,Bellis.perennis,47.1238898,Intensive.agriculture,CH
A3,2,Bellis.perennis,12.56637061,Intensive.agriculture,CH
A3,2,Bellis.perennis,15.70796327,Intensive.agriculture,CH
A4,2,Bellis.perennis,3.141592654,Intensive.agriculture,CH
A4,2,Bellis.perennis,28.27433388,Intensive.agriculture,CH
A4,2,Bellis.perennis,15.70796327,Intensive.agriculture,CH
A4,2,Bellis.perennis,25.13274123,Intensive.agriculture,CH
A4,2,Bellis.perennis,34.55751919,Intensive.agriculture,CH
R2,3,Bellis.perennis,3.141592654,Rural.habitat.mosaic,CH
R2,3,Bellis.perennis,3.141592654,Rural.habitat.mosaic,CH
A1,3,Bellis.perennis,116.2389282,Intensive.agriculture,CH
A1,3,Bellis.perennis,6.283185307,Intensive.agriculture,CH
A3,3,Bellis.perennis,21.99114858,Intensive.agriculture,CH
A3,3,Bellis.perennis,87.9645943,Intensive.agriculture,CH
A3,3,Bellis.perennis,47.1238898,Intensive.agriculture,CH
A3,3,Bellis.perennis,6.283185307,Intensive.agriculture,CH
A3,3,Bellis.perennis,15.70796327,Intensive.agriculture,CH
A3,3,Bellis.perennis,62.83185307,Intensive.agriculture,CH
A3,3,Bellis.perennis,6.283185307,Intensive.agriculture,CH
A3,3,Bellis.perennis,6.283185307,Intensive.agriculture,CH
A3,3,Bellis.perennis,3.141592654,Intensive.agriculture,CH
A3,3,Bellis.perennis,3.141592654,Intensive.agriculture,CH
A3,3,Bellis.perennis,28.27433388,Intensive.agriculture,CH
A3,3,Bellis.perennis,3.141592654,Intensive.agriculture,CH
A3,3,Bellis.perennis,12.56637061,Intensive.agriculture,CH
A3,3,Bellis.perennis,47.1238898,Intensive.agriculture,CH
A3,3,Bellis.perennis,28.27433388,Intensive.agriculture,CH
A3,3,Bellis.perennis,144.5132621,Intensive.agriculture,CH
A3,3,Bellis.perennis,91.10618695,Intensive.agriculture,CH
A3,3,Bellis.perennis,3.141592654,Intensive.agriculture,CH
A3,3,Bellis.perennis,21.99114858,Intensive.agriculture,CH
A3,3,Bellis.perennis,53.40707511,Intensive.agriculture,CH
A3,3,Bellis.perennis,21.99114858,Intensive.agriculture,CH
A3,3,Bellis.perennis,125.6637061,Intensive.agriculture,CH
A3,3,Bellis.perennis,56.54866776,Intensive.agriculture,CH
A3,3,Bellis.perennis,34.55751919,Intensive.agriculture,CH
A3,3,Bellis.perennis,160.2212253,Intensive.agriculture,CH
A3,3,Bellis.perennis,62.83185307,Intensive.agriculture,CH
A3,3,Bellis.perennis,361.2831552,Intensive.agriculture,CH
A3,3,Bellis.perennis,141.3716694,Intensive.agriculture,CH
R1,2,Bellis.perennis,9.424777961,Rural.habitat.mosaic,CH
R1,2,Bellis.perennis,12.56637061,Rural.habitat.mosaic,CH
R1,2,Bellis.perennis,34.55751919,Rural.habitat.mosaic,CH
R1,2,Bellis.perennis,6.283185307,Rural.habitat.mosaic,CH
R1,2,Bellis.perennis,12.56637061,Rural.habitat.mosaic,CH
R1,2,Bellis.perennis,47.1238898,Rural.habitat.mosaic,CH
R1,2,Bellis.perennis,9.424777961,Rural.habitat.mosaic,CH
R1,2,Bellis.perennis,18.84955592,Rural.habitat.mosaic,CH
A3,3,Beta.vulgaris,486.9468613,Intensive.agriculture,CH
A3,3,Beta.vulgaris,270.9623664,Intensive.agriculture,CH
A3,3,Beta.vulgaris,144.5132621,Intensive.agriculture,CH
A3,3,Beta.vulgaris,369.1371368,Intensive.agriculture,CH
R3,1,Brassica.napus,5.497787144,Rural.habitat.mosaic,CH
R3,1,Brassica.napus,1149.037513,Rural.habitat.mosaic,CH
R3,1,Brassica.napus,1187.522023,Rural.habitat.mosaic,CH
R3,1,Brassica.napus,956.614963,Rural.habitat.mosaic,CH
A2,1,Brassica.napus,2303.572813,Intensive.agriculture,CH
A2,1,Brassica.napus,2441.017492,Intensive.agriculture,CH
A2,1,Brassica.napus,1819.767545,Intensive.agriculture,CH
A3,1,Brassica.napus,2622.444468,Intensive.agriculture,CH
A3,1,Brassica.napus,2166.128135,Intensive.agriculture,CH
A3,1,Brassica.napus,32.98672286,Intensive.agriculture,CH
A3,1,Brassica.napus,131.9468915,Intensive.agriculture,CH
A4,1,Brassica.napus,1209.513172,Intensive.agriculture,CH
A4,1,Brassica.napus,1781.283035,Intensive.agriculture,CH
A4,1,Brassica.napus,408.407045,Intensive.agriculture,CH
A4,1,Brassica.napus,384.8451001,Intensive.agriculture,CH
R1,1,Brassica.napus,546.6371217,Rural.habitat.mosaic,CH
R2,1,Brassica.napus,113.0973355,Rural.habitat.mosaic,CH
A1,1,Brassica.napus,549.7787144,Intensive.agriculture,CH
A1,1,Brassica.napus,852.9424054,Intensive.agriculture,CH
A1,1,Brassica.napus,461.8141201,Intensive.agriculture,CH
A1,1,Brassica.napus,683.2964022,Intensive.agriculture,CH
A1,3,Calystegia.sepium,176.7145868,Intensive.agriculture,CH
A2,2,Campanula.rotundifolia,12.44070691,Intensive.agriculture,CH
R3,2,Campanula.patula,1.767145868,Rural.habitat.mosaic,CH
R2,2,Campanula.patula,14.13716694,Rural.habitat.mosaic,CH
R2,2,Campanula.patula,12.37002107,Rural.habitat.mosaic,CH
R2,2,Campanula.patula,3.534291735,Rural.habitat.mosaic,CH
R2,2,Campanula.patula,1.767145868,Rural.habitat.mosaic,CH
A3,2,Campanula.patula,10.60287521,Intensive.agriculture,CH
A3,2,Campanula.patula,3.534291735,Intensive.agriculture,CH
A3,2,Campanula.patula,1.767145868,Intensive.agriculture,CH
A3,2,Campanula.patula,1.767145868,Intensive.agriculture,CH
A3,2,Campanula.patula,7.068583471,Intensive.agriculture,CH
A3,2,Campanula.patula,22.97289628,Intensive.agriculture,CH
A3,3,Campanula.patula,5.301437603,Intensive.agriculture,CH
R2,3,Campanula.rapunculus,1.767145868,Rural.habitat.mosaic,CH
R2,3,Campanula.rapunculus,1.767145868,Rural.habitat.mosaic,CH
R3,2,Campanula.rotundifolia,20.3575204,Rural.habitat.mosaic,CH
R3,2,Campanula.rotundifolia,44.10796086,Rural.habitat.mosaic,CH
R3,2,Campanula.rotundifolia,58.81061448,Rural.habitat.mosaic,CH
A2,3,Campanula.rotundifolia,58.81061448,Intensive.agriculture,CH
A2,3,Campanula.rotundifolia,2.261946711,Intensive.agriculture,CH
A2,3,Campanula.rotundifolia,5.654866776,Intensive.agriculture,CH
R3,3,Campanula.rotundifolia,1.130973355,Rural.habitat.mosaic,CH
R3,3,Campanula.rotundifolia,4.523893421,Rural.habitat.mosaic,CH
R3,3,Campanula.rotundifolia,3.392920066,Rural.habitat.mosaic,CH
R3,1,Capsella.bursa.pastoris,20.42035225,Rural.habitat.mosaic,CH
R3,1,Capsella.bursa.pastoris,10.21017612,Rural.habitat.mosaic,CH
R3,1,Capsella.bursa.pastoris,15.70796327,Rural.habitat.mosaic,CH
R3,1,Capsella.bursa.pastoris,2.35619449,Rural.habitat.mosaic,CH
R3,1,Capsella.bursa.pastoris,29.84513021,Rural.habitat.mosaic,CH
R3,1,Capsella.bursa.pastoris,0.785398163,Rural.habitat.mosaic,CH
R3,1,Capsella.bursa.pastoris,1.570796327,Rural.habitat.mosaic,CH
R3,1,Capsella.bursa.pastoris,7.853981634,Rural.habitat.mosaic,CH
R3,1,Capsella.bursa.pastoris,5.497787144,Rural.habitat.mosaic,CH
R3,1,Capsella.bursa.pastoris,2.35619449,Rural.habitat.mosaic,CH
R3,1,Capsella.bursa.pastoris,1.570796327,Rural.habitat.mosaic,CH
R3,1,Capsella.bursa.pastoris,1.570796327,Rural.habitat.mosaic,CH
R3,1,Capsella.bursa.pastoris,7.068583471,Rural.habitat.mosaic,CH
A2,1,Capsella.bursa.pastoris,16.49336143,Intensive.agriculture,CH
A2,1,Capsella.bursa.pastoris,32.2013247,Intensive.agriculture,CH
A2,1,Capsella.bursa.pastoris,7.068583471,Intensive.agriculture,CH
A2,1,Capsella.bursa.pastoris,4.71238898,Intensive.agriculture,CH
A2,1,Capsella.bursa.pastoris,84.82300165,Intensive.agriculture,CH
A2,1,Capsella.bursa.pastoris,7.853981634,Intensive.agriculture,CH
A2,1,Capsella.bursa.pastoris,3.926990817,Intensive.agriculture,CH
A2,1,Capsella.bursa.pastoris,7.853981634,Intensive.agriculture,CH
A2,1,Capsella.bursa.pastoris,6.283185307,Intensive.agriculture,CH
A2,1,Capsella.bursa.pastoris,3.926990817,Intensive.agriculture,CH
A2,1,Capsella.bursa.pastoris,18.84955592,Intensive.agriculture,CH
A3,1,Capsella.bursa.pastoris,81.68140899,Intensive.agriculture,CH
A3,1,Capsella.bursa.pastoris,0.785398163,Intensive.agriculture,CH
R2,1,Capsella.bursa.pastoris,0.785398163,Rural.habitat.mosaic,CH
A1,1,Capsella.bursa.pastoris,3.926990817,Intensive.agriculture,CH
A3,2,Capsella.bursa.pastoris,4.71238898,Intensive.agriculture,CH
A3,2,Capsella.bursa.pastoris,14.72621556,Intensive.agriculture,CH
A3,2,Capsella.bursa.pastoris,8.835729338,Intensive.agriculture,CH
A3,2,Capsella.bursa.pastoris,14.13716694,Intensive.agriculture,CH
A4,2,Capsella.bursa.pastoris,0.785398163,Intensive.agriculture,CH
A4,2,Capsella.bursa.pastoris,32.39767424,Intensive.agriculture,CH
A4,2,Capsella.bursa.pastoris,17.27875959,Intensive.agriculture,CH
A4,3,Capsella.bursa.pastoris,0.785398163,Intensive.agriculture,CH
A4,3,Capsella.bursa.pastoris,7.461282552,Intensive.agriculture,CH
A4,3,Capsella.bursa.pastoris,0.589048623,Intensive.agriculture,CH
A4,3,Capsella.bursa.pastoris,0.589048623,Intensive.agriculture,CH
A4,3,Capsella.bursa.pastoris,0.785398163,Intensive.agriculture,CH
A4,3,Capsella.bursa.pastoris,2.35619449,Intensive.agriculture,CH
A4,3,Capsella.bursa.pastoris,2.945243113,Intensive.agriculture,CH
A4,3,Capsella.bursa.pastoris,1.767145868,Intensive.agriculture,CH
A4,3,Capsella.bursa.pastoris,0.785398163,Intensive.agriculture,CH
A4,3,Capsella.bursa.pastoris,0.392699082,Intensive.agriculture,CH
A3,3,Capsella.bursa.pastoris,0.196349541,Intensive.agriculture,CH
A3,3,Capsella.bursa.pastoris,4.319689899,Intensive.agriculture,CH
A3,3,Capsella.bursa.pastoris,0.981747704,Intensive.agriculture,CH
A3,3,Capsella.bursa.pastoris,0.589048623,Intensive.agriculture,CH
A3,3,Capsella.bursa.pastoris,3.730641276,Intensive.agriculture,CH
A3,3,Capsella.bursa.pastoris,1.178097245,Intensive.agriculture,CH
A3,3,Capsella.bursa.pastoris,3.534291735,Intensive.agriculture,CH
A2,3,Capsella.bursa.pastoris,2.35619449,Intensive.agriculture,CH
R4,1,Capsella.rubella,23.75044046,Rural.habitat.mosaic,CH
R3,2,Cardamine.flexuosa,5.890486225,Rural.habitat.mosaic,CH
R3,2,Cardamine.flexuosa,2.748893572,Rural.habitat.mosaic,CH
R3,1,Cardamine.hirsuta,3.141592654,Rural.habitat.mosaic,CH
R3,1,Cardamine.pratensis,25.13274123,Rural.habitat.mosaic,CH
R3,1,Cardamine.pratensis,12.56637061,Rural.habitat.mosaic,CH
R3,1,Cardamine.pratensis,12.56637061,Rural.habitat.mosaic,CH
R3,1,Cardamine.pratensis,12.56637061,Rural.habitat.mosaic,CH
R3,1,Cardamine.pratensis,113.0973355,Rural.habitat.mosaic,CH
R3,1,Cardamine.pratensis,12.56637061,Rural.habitat.mosaic,CH
R3,1,Cardamine.pratensis,12.56637061,Rural.habitat.mosaic,CH
R4,1,Cardamine.pratensis,3.141592654,Rural.habitat.mosaic,CH
A1,2,Carum.carvi,217.1468842,Intensive.agriculture,CH
A1,2,Carum.carvi,120.6371579,Intensive.agriculture,CH
A3,3,Centaurea.cyanus,98.96016859,Intensive.agriculture,CH
A3,3,Centaurea.cyanus,7.068583471,Intensive.agriculture,CH
A3,3,Centaurea.cyanus,42.41150082,Intensive.agriculture,CH
A3,3,Centaurea.cyanus,106.0287521,Intensive.agriculture,CH
A3,3,Centaurea.cyanus,70.68583471,Intensive.agriculture,CH
A1,2,Centaurea.jacea,5.309291585,Intensive.agriculture,CH
R2,2,Centaurea.jacea,15.92787475,Rural.habitat.mosaic,CH
R3,2,Centaurea.jacea,10.61858317,Rural.habitat.mosaic,CH
R3,2,Centaurea.jacea,21.23716634,Rural.habitat.mosaic,CH
R3,2,Centaurea.jacea,5.309291585,Rural.habitat.mosaic,CH
R3,2,Centaurea.jacea,5.309291585,Rural.habitat.mosaic,CH
R3,2,Centaurea.jacea,5.309291585,Rural.habitat.mosaic,CH
R3,2,Centaurea.jacea,10.61858317,Rural.habitat.mosaic,CH
R3,2,Centaurea.jacea,10.61858317,Rural.habitat.mosaic,CH
R3,2,Centaurea.jacea,21.23716634,Rural.habitat.mosaic,CH
A2,2,Centaurea.jacea,5.309291585,Intensive.agriculture,CH
A2,2,Centaurea.jacea,31.85574951,Intensive.agriculture,CH
A2,2,Centaurea.jacea,15.92787475,Intensive.agriculture,CH
A2,2,Centaurea.jacea,21.23716634,Intensive.agriculture,CH
A2,2,Centaurea.jacea,63.71149901,Intensive.agriculture,CH
A2,2,Centaurea.jacea,63.71149901,Intensive.agriculture,CH
A2,2,Centaurea.jacea,21.23716634,Intensive.agriculture,CH
A2,2,Centaurea.jacea,53.09291585,Intensive.agriculture,CH
R2,2,Centaurea.jacea,5.309291585,Rural.habitat.mosaic,CH
R2,2,Centaurea.jacea,63.71149901,Rural.habitat.mosaic,CH
R2,2,Centaurea.jacea,63.71149901,Rural.habitat.mosaic,CH
R2,2,Centaurea.jacea,5.309291585,Rural.habitat.mosaic,CH
R2,2,Centaurea.jacea,58.40220743,Rural.habitat.mosaic,CH
R2,2,Centaurea.jacea,5.309291585,Rural.habitat.mosaic,CH
R2,2,Centaurea.jacea,15.92787475,Rural.habitat.mosaic,CH
R2,2,Centaurea.jacea,21.23716634,Rural.habitat.mosaic,CH
R2,2,Centaurea.jacea,74.33008218,Rural.habitat.mosaic,CH
R2,2,Centaurea.jacea,15.92787475,Rural.habitat.mosaic,CH
R2,2,Centaurea.jacea,42.47433268,Rural.habitat.mosaic,CH
R2,2,Centaurea.jacea,10.61858317,Rural.habitat.mosaic,CH
R2,2,Centaurea.jacea,5.309291585,Rural.habitat.mosaic,CH
R2,2,Centaurea.jacea,15.92787475,Rural.habitat.mosaic,CH
R2,2,Centaurea.jacea,74.33008218,Rural.habitat.mosaic,CH
R2,2,Centaurea.jacea,31.85574951,Rural.habitat.mosaic,CH
R2,2,Centaurea.jacea,15.92787475,Rural.habitat.mosaic,CH
R2,2,Centaurea.jacea,26.54645792,Rural.habitat.mosaic,CH
R2,2,Centaurea.jacea,111.4951233,Rural.habitat.mosaic,CH
A3,2,Centaurea.jacea,10.61858317,Intensive.agriculture,CH
A3,2,Centaurea.jacea,63.71149901,Intensive.agriculture,CH
A3,2,Centaurea.jacea,26.54645792,Intensive.agriculture,CH
A3,2,Centaurea.jacea,15.92787475,Intensive.agriculture,CH
A3,2,Centaurea.jacea,10.61858317,Intensive.agriculture,CH
A3,2,Centaurea.jacea,10.61858317,Intensive.agriculture,CH
A3,2,Centaurea.jacea,63.71149901,Intensive.agriculture,CH
A3,2,Centaurea.jacea,10.61858317,Intensive.agriculture,CH
A3,2,Centaurea.jacea,15.92787475,Intensive.agriculture,CH
A3,2,Centaurea.jacea,21.23716634,Intensive.agriculture,CH
A3,2,Centaurea.jacea,143.3508728,Intensive.agriculture,CH
A3,2,Centaurea.jacea,26.54645792,Intensive.agriculture,CH
A3,2,Centaurea.jacea,42.47433268,Intensive.agriculture,CH
A3,2,Centaurea.jacea,5.309291585,Intensive.agriculture,CH
A3,2,Centaurea.jacea,21.23716634,Intensive.agriculture,CH
A3,2,Centaurea.jacea,185.8252055,Intensive.agriculture,CH
A2,2,Centaurea.jacea,47.78362426,Intensive.agriculture,CH
A2,2,Centaurea.jacea,42.47433268,Intensive.agriculture,CH
A2,2,Centaurea.jacea,58.40220743,Intensive.agriculture,CH
A2,2,Centaurea.jacea,15.92787475,Intensive.agriculture,CH
A2,2,Centaurea.jacea,138.0415812,Intensive.agriculture,CH
A2,2,Centaurea.jacea,37.16504109,Intensive.agriculture,CH
A2,2,Centaurea.jacea,47.78362426,Intensive.agriculture,CH
A2,2,Centaurea.jacea,69.0207906,Intensive.agriculture,CH
A2,2,Centaurea.jacea,10.61858317,Intensive.agriculture,CH
A2,2,Centaurea.jacea,79.63937377,Intensive.agriculture,CH
A4,2,Centaurea.jacea,196.4437886,Intensive.agriculture,CH
A4,2,Centaurea.jacea,10.61858317,Intensive.agriculture,CH
A4,2,Centaurea.jacea,26.54645792,Intensive.agriculture,CH
A4,2,Centaurea.jacea,5.309291585,Intensive.agriculture,CH
A4,2,Centaurea.jacea,63.71149901,Intensive.agriculture,CH
A4,2,Centaurea.jacea,116.8044149,Intensive.agriculture,CH
A4,2,Centaurea.jacea,106.1858317,Intensive.agriculture,CH
A4,2,Centaurea.jacea,84.94866535,Intensive.agriculture,CH
A4,2,Centaurea.jacea,196.4437886,Intensive.agriculture,CH
A4,2,Centaurea.jacea,153.969456,Intensive.agriculture,CH
A4,2,Centaurea.jacea,106.1858317,Intensive.agriculture,CH
A4,2,Centaurea.jacea,21.23716634,Intensive.agriculture,CH
A4,2,Centaurea.jacea,90.25795694,Intensive.agriculture,CH
A4,2,Centaurea.jacea,42.47433268,Intensive.agriculture,CH
A4,2,Centaurea.jacea,21.23716634,Intensive.agriculture,CH
A4,2,Centaurea.jacea,95.56724852,Intensive.agriculture,CH
A4,2,Centaurea.jacea,5.309291585,Intensive.agriculture,CH
A4,2,Centaurea.jacea,42.47433268,Intensive.agriculture,CH
A4,2,Centaurea.jacea,37.16504109,Intensive.agriculture,CH
A4,2,Centaurea.jacea,5.309291585,Intensive.agriculture,CH
A4,2,Centaurea.jacea,58.40220743,Intensive.agriculture,CH
A4,2,Centaurea.jacea,100.8765401,Intensive.agriculture,CH
A4,2,Centaurea.jacea,47.78362426,Intensive.agriculture,CH
A4,2,Centaurea.jacea,47.78362426,Intensive.agriculture,CH
A4,2,Centaurea.jacea,169.8973307,Intensive.agriculture,CH
A4,2,Centaurea.jacea,63.71149901,Intensive.agriculture,CH
A4,2,Centaurea.jacea,74.33008218,Intensive.agriculture,CH
A4,3,Centaurea.jacea,5.309291585,Intensive.agriculture,CH
A4,3,Centaurea.jacea,111.4951233,Intensive.agriculture,CH
A4,3,Centaurea.jacea,5.309291585,Intensive.agriculture,CH
A4,3,Centaurea.jacea,10.61858317,Intensive.agriculture,CH
R1,3,Centaurea.jacea,10.61858317,Rural.habitat.mosaic,CH
A2,3,Centaurea.jacea,21.23716634,Intensive.agriculture,CH
A2,3,Centaurea.jacea,10.61858317,Intensive.agriculture,CH
A2,3,Centaurea.jacea,69.0207906,Intensive.agriculture,CH
A2,3,Centaurea.jacea,31.85574951,Intensive.agriculture,CH
A2,3,Centaurea.jacea,26.54645792,Intensive.agriculture,CH
A2,3,Centaurea.jacea,53.09291585,Intensive.agriculture,CH
A2,3,Centaurea.jacea,15.92787475,Intensive.agriculture,CH
A2,3,Centaurea.jacea,58.40220743,Intensive.agriculture,CH
A2,3,Centaurea.jacea,15.92787475,Intensive.agriculture,CH
R3,3,Centaurea.jacea,15.92787475,Rural.habitat.mosaic,CH
R3,3,Centaurea.jacea,100.8765401,Rural.habitat.mosaic,CH
R3,3,Centaurea.jacea,42.47433268,Rural.habitat.mosaic,CH
R3,3,Centaurea.jacea,31.85574951,Rural.habitat.mosaic,CH
R3,3,Centaurea.jacea,47.78362426,Rural.habitat.mosaic,CH
R3,3,Centaurea.jacea,5.309291585,Rural.habitat.mosaic,CH
R1,2,Centaurea.jacea,26.54645792,Rural.habitat.mosaic,CH
R1,2,Centaurea.jacea,5.309291585,Rural.habitat.mosaic,CH
R1,2,Centaurea.jacea,5.309291585,Rural.habitat.mosaic,CH
R3,3,Centaurea.jacea,15.92787475,Rural.habitat.mosaic,CH
R3,3,Centaurea.jacea,5.309291585,Rural.habitat.mosaic,CH
R3,3,Centaurea.jacea,15.92787475,Rural.habitat.mosaic,CH
R3,3,Centaurea.jacea,10.61858317,Rural.habitat.mosaic,CH
R3,3,Centaurea.jacea,31.85574951,Rural.habitat.mosaic,CH
R3,3,Centaurea.jacea,84.94866535,Rural.habitat.mosaic,CH
R3,3,Centaurea.jacea,31.85574951,Rural.habitat.mosaic,CH
R3,3,Centaurea.jacea,79.63937377,Rural.habitat.mosaic,CH
R3,3,Centaurea.jacea,15.92787475,Rural.habitat.mosaic,CH
R3,3,Centaurea.jacea,169.8973307,Rural.habitat.mosaic,CH
R3,3,Centaurea.jacea,100.8765401,Rural.habitat.mosaic,CH
R3,3,Centaurea.jacea,201.7530802,Rural.habitat.mosaic,CH
R1,2,Centaurea.jacea,10.61858317,Rural.habitat.mosaic,CH
R1,2,Centaurea.jacea,5.309291585,Rural.habitat.mosaic,CH
R1,2,Centaurea.jacea,5.309291585,Rural.habitat.mosaic,CH
R1,2,Centaurea.jacea,5.309291585,Rural.habitat.mosaic,CH
R1,2,Centaurea.jacea,5.309291585,Rural.habitat.mosaic,CH
R1,2,Centaurea.jacea,5.309291585,Rural.habitat.mosaic,CH
R1,2,Centaurea.jacea,201.7530802,Rural.habitat.mosaic,CH
R1,2,Centaurea.jacea,100.8765401,Rural.habitat.mosaic,CH
R1,2,Centaurea.jacea,31.85574951,Rural.habitat.mosaic,CH
R1,2,Centaurea.jacea,26.54645792,Rural.habitat.mosaic,CH
R1,2,Centaurea.jacea,10.61858317,Rural.habitat.mosaic,CH
A3,2,Centaurea.scabiosa,38.48451001,Intensive.agriculture,CH
A3,2,Centaurea.scabiosa,153.93804,Intensive.agriculture,CH
A3,2,Centaurea.scabiosa,1000.59726,Intensive.agriculture,CH
A2,2,Centaurea.scabiosa,38.48451001,Intensive.agriculture,CH
A2,2,Centaurea.scabiosa,76.96902001,Intensive.agriculture,CH
A2,2,Centaurea.scabiosa,38.48451001,Intensive.agriculture,CH
A2,2,Centaurea.scabiosa,153.93804,Intensive.agriculture,CH
A4,2,Centaurea.scabiosa,76.96902001,Intensive.agriculture,CH
A4,2,Centaurea.scabiosa,76.96902001,Intensive.agriculture,CH
A4,2,Centaurea.scabiosa,577.2676501,Intensive.agriculture,CH
A4,2,Centaurea.scabiosa,692.7211801,Intensive.agriculture,CH
A4,2,Centaurea.scabiosa,192.42255,Intensive.agriculture,CH
A4,2,Centaurea.scabiosa,577.2676501,Intensive.agriculture,CH
R1,2,Centaurea.scabiosa,115.45353,Rural.habitat.mosaic,CH
A1,2,Cerastium.fontanum,3.392920066,Intensive.agriculture,CH
A1,2,Cerastium.fontanum,3.392920066,Intensive.agriculture,CH
A1,2,Cerastium.fontanum,5.654866776,Intensive.agriculture,CH
A1,2,Cerastium.fontanum,12.44070691,Intensive.agriculture,CH
A1,2,Cerastium.fontanum,15.83362697,Intensive.agriculture,CH
A1,2,Cerastium.fontanum,4.523893421,Intensive.agriculture,CH
A1,2,Cerastium.fontanum,1.130973355,Intensive.agriculture,CH
A1,2,Cerastium.fontanum,2.261946711,Intensive.agriculture,CH
A1,2,Cerastium.fontanum,2.261946711,Intensive.agriculture,CH
A1,2,Cerastium.fontanum,1.130973355,Intensive.agriculture,CH
A1,2,Cerastium.fontanum,2.261946711,Intensive.agriculture,CH
A1,2,Cerastium.fontanum,1.130973355,Intensive.agriculture,CH
A1,2,Cerastium.fontanum,2.261946711,Intensive.agriculture,CH
A1,2,Cerastium.fontanum,1.130973355,Intensive.agriculture,CH
A1,2,Cerastium.fontanum,2.261946711,Intensive.agriculture,CH
A1,2,Cerastium.fontanum,9.047786842,Intensive.agriculture,CH
A1,2,Cerastium.fontanum,2.261946711,Intensive.agriculture,CH
A1,2,Cerastium.fontanum,2.261946711,Intensive.agriculture,CH
R2,2,Cerastium.fontanum,1.130973355,Rural.habitat.mosaic,CH
R2,2,Cerastium.fontanum,2.261946711,Rural.habitat.mosaic,CH
R2,2,Cerastium.fontanum,1.130973355,Rural.habitat.mosaic,CH
R2,2,Cerastium.fontanum,2.261946711,Rural.habitat.mosaic,CH
R2,2,Cerastium.fontanum,1.130973355,Rural.habitat.mosaic,CH
R2,2,Cerastium.fontanum,14.70265362,Rural.habitat.mosaic,CH
R2,2,Cerastium.fontanum,4.523893421,Rural.habitat.mosaic,CH
R2,2,Cerastium.fontanum,1.130973355,Rural.habitat.mosaic,CH
R2,2,Cerastium.fontanum,2.261946711,Rural.habitat.mosaic,CH
R2,2,Cerastium.fontanum,9.047786842,Rural.habitat.mosaic,CH
R2,2,Cerastium.fontanum,4.523893421,Rural.habitat.mosaic,CH
R2,2,Cerastium.fontanum,1.130973355,Rural.habitat.mosaic,CH
R2,2,Cerastium.fontanum,1.130973355,Rural.habitat.mosaic,CH
A3,2,Cerastium.fontanum,6.785840132,Intensive.agriculture,CH
A1,2,Cerastium.fontanum,2.261946711,Intensive.agriculture,CH
A1,2,Cerastium.fontanum,1.130973355,Intensive.agriculture,CH
R3,1,Cerastium.fontanum,1.130973355,Rural.habitat.mosaic,CH
R3,1,Cerastium.fontanum,5.654866776,Rural.habitat.mosaic,CH
R3,1,Cerastium.fontanum,12.44070691,Rural.habitat.mosaic,CH
R3,1,Cerastium.fontanum,5.654866776,Rural.habitat.mosaic,CH
R3,1,Cerastium.fontanum,15.83362697,Rural.habitat.mosaic,CH
R3,1,Cerastium.fontanum,3.392920066,Rural.habitat.mosaic,CH
R3,1,Cerastium.fontanum,4.523893421,Rural.habitat.mosaic,CH
R3,1,Cerastium.fontanum,10.1787602,Rural.habitat.mosaic,CH
R3,1,Cerastium.fontanum,11.30973355,Rural.habitat.mosaic,CH
A3,1,Cerastium.fontanum,6.785840132,Intensive.agriculture,CH
A3,1,Cerastium.fontanum,5.654866776,Intensive.agriculture,CH
A3,1,Cerastium.fontanum,5.654866776,Intensive.agriculture,CH
A3,1,Cerastium.fontanum,9.047786842,Intensive.agriculture,CH
R1,1,Cerastium.fontanum,1.130973355,Rural.habitat.mosaic,CH
R4,1,Cerastium.fontanum,1.130973355,Rural.habitat.mosaic,CH
R4,1,Cerastium.fontanum,2.261946711,Rural.habitat.mosaic,CH
R4,1,Cerastium.fontanum,3.392920066,Rural.habitat.mosaic,CH
R4,1,Cerastium.fontanum,4.523893421,Rural.habitat.mosaic,CH
R4,1,Cerastium.fontanum,6.785840132,Rural.habitat.mosaic,CH
R4,1,Cerastium.fontanum,2.261946711,Rural.habitat.mosaic,CH
R4,1,Cerastium.fontanum,12.44070691,Rural.habitat.mosaic,CH
R1,1,Cerastium.fontanum,1.130973355,Rural.habitat.mosaic,CH
R1,1,Cerastium.fontanum,1.130973355,Rural.habitat.mosaic,CH
R2,1,Cerastium.fontanum,1.130973355,Rural.habitat.mosaic,CH
R2,1,Cerastium.fontanum,5.654866776,Rural.habitat.mosaic,CH
R2,1,Cerastium.fontanum,18.09557368,Rural.habitat.mosaic,CH
R2,1,Cerastium.fontanum,5.654866776,Rural.habitat.mosaic,CH
R2,1,Cerastium.fontanum,1.130973355,Rural.habitat.mosaic,CH
A1,1,Cerastium.fontanum,9.047786842,Intensive.agriculture,CH
A1,1,Cerastium.fontanum,1.130973355,Intensive.agriculture,CH
R1,1,Cerastium.fontanum,1.130973355,Rural.habitat.mosaic,CH
A1,2,Cerastium.fontanum,1.130973355,Intensive.agriculture,CH
R3,2,Cerastium.fontanum,11.30973355,Rural.habitat.mosaic,CH
R3,2,Cerastium.fontanum,4.523893421,Rural.habitat.mosaic,CH
R3,2,Cerastium.fontanum,3.392920066,Rural.habitat.mosaic,CH
R3,2,Cerastium.fontanum,9.047786842,Rural.habitat.mosaic,CH
R3,2,Cerastium.fontanum,5.654866776,Rural.habitat.mosaic,CH
R3,2,Cerastium.fontanum,1.130973355,Rural.habitat.mosaic,CH
R3,2,Cerastium.fontanum,2.261946711,Rural.habitat.mosaic,CH
R3,2,Cerastium.fontanum,16.96460033,Rural.habitat.mosaic,CH
R3,2,Cerastium.fontanum,1.130973355,Rural.habitat.mosaic,CH
R3,2,Cerastium.fontanum,2.261946711,Rural.habitat.mosaic,CH
R3,2,Cerastium.fontanum,16.96460033,Rural.habitat.mosaic,CH
R2,2,Cerastium.fontanum,1.130973355,Rural.habitat.mosaic,CH
R2,2,Cerastium.fontanum,1.130973355,Rural.habitat.mosaic,CH
R2,2,Cerastium.fontanum,2.261946711,Rural.habitat.mosaic,CH
R2,2,Cerastium.fontanum,1.130973355,Rural.habitat.mosaic,CH
R2,2,Cerastium.fontanum,1.130973355,Rural.habitat.mosaic,CH
R2,2,Cerastium.fontanum,1.130973355,Rural.habitat.mosaic,CH
R2,2,Cerastium.fontanum,1.130973355,Rural.habitat.mosaic,CH
A1,2,Cerastium.fontanum,42.9769875,Intensive.agriculture,CH
A1,2,Cerastium.fontanum,19.22654704,Intensive.agriculture,CH
A3,2,Cerastium.fontanum,2.261946711,Intensive.agriculture,CH
A4,2,Cerastium.fontanum,2.261946711,Intensive.agriculture,CH
A4,2,Cerastium.fontanum,3.392920066,Intensive.agriculture,CH
R4,2,Cerastium.fontanum,4.523893421,Rural.habitat.mosaic,CH
R2,3,Cerastium.fontanum,2.261946711,Rural.habitat.mosaic,CH
R2,3,Cerastium.fontanum,5.654866776,Rural.habitat.mosaic,CH
R2,3,Cerastium.fontanum,3.392920066,Rural.habitat.mosaic,CH
R2,3,Cerastium.fontanum,4.523893421,Rural.habitat.mosaic,CH
A1,3,Cerastium.fontanum,61.07256119,Intensive.agriculture,CH
A1,3,Cerastium.fontanum,4.523893421,Intensive.agriculture,CH
A1,3,Cerastium.fontanum,1.130973355,Intensive.agriculture,CH
A1,3,Cerastium.fontanum,1.130973355,Intensive.agriculture,CH
A1,3,Cerastium.fontanum,1.130973355,Intensive.agriculture,CH
A1,3,Cerastium.fontanum,2.261946711,Intensive.agriculture,CH
A1,3,Cerastium.fontanum,1.130973355,Intensive.agriculture,CH
A1,3,Cerastium.fontanum,1.130973355,Intensive.agriculture,CH
A1,3,Cerastium.fontanum,3.392920066,Intensive.agriculture,CH
A1,3,Cerastium.fontanum,3.392920066,Intensive.agriculture,CH
R4,3,Cerastium.fontanum,3.392920066,Rural.habitat.mosaic,CH
R4,3,Cerastium.fontanum,1.130973355,Rural.habitat.mosaic,CH
R1,3,Cerastium.fontanum,1.130973355,Rural.habitat.mosaic,CH
R1,3,Cerastium.fontanum,1.130973355,Rural.habitat.mosaic,CH
R1,2,Cerastium.fontanum,6.785840132,Rural.habitat.mosaic,CH
R1,2,Cerastium.fontanum,1.130973355,Rural.habitat.mosaic,CH
R1,2,Cerastium.fontanum,1.130973355,Rural.habitat.mosaic,CH
R1,2,Cerastium.fontanum,6.785840132,Rural.habitat.mosaic,CH
R1,2,Cerastium.fontanum,3.392920066,Rural.habitat.mosaic,CH
R1,2,Cerastium.fontanum,1.130973355,Rural.habitat.mosaic,CH
R3,3,Cerastium.fontanum,1.130973355,Rural.habitat.mosaic,CH
R1,2,Cerastium.fontanum,1.130973355,Rural.habitat.mosaic,CH
R1,2,Cerastium.fontanum,1.130973355,Rural.habitat.mosaic,CH
R1,2,Cerastium.fontanum,2.261946711,Rural.habitat.mosaic,CH
R1,2,Cerastium.fontanum,12.44070691,Rural.habitat.mosaic,CH
R1,2,Cerastium.fontanum,13.57168026,Rural.habitat.mosaic,CH
R1,2,Cerastium.fontanum,9.047786842,Rural.habitat.mosaic,CH
R1,2,Cerastium.fontanum,4.523893421,Rural.habitat.mosaic,CH
R1,2,Cerastium.fontanum,2.261946711,Rural.habitat.mosaic,CH
R3,1,Cerastium.glomeratum,8.042477193,Rural.habitat.mosaic,CH
A3,1,Cerastium.glomeratum,0.502654825,Intensive.agriculture,CH
A3,2,Cerastium.glomeratum,0.502654825,Intensive.agriculture,CH
A3,2,Rorippa.x.anceps,5.026548246,Intensive.agriculture,CH
A4,3,Chenopodium.album,11.78097245,Intensive.agriculture,CH
R4,2,Cichorium.intybus,37.69911184,Rural.habitat.mosaic,CH
R4,3,Cichorium.intybus,100.5309649,Rural.habitat.mosaic,CH
R4,3,Cichorium.intybus,62.83185307,Rural.habitat.mosaic,CH
A3,3,Cichorium.intybus,276.4601535,Intensive.agriculture,CH
A3,3,Cichorium.intybus,376.9911184,Intensive.agriculture,CH
A3,3,Cichorium.intybus,50.26548246,Intensive.agriculture,CH
R1,3,Circaea.lutetiana,0.589048623,Rural.habitat.mosaic,CH
R4,3,Circaea.lutetiana,0.981747704,Rural.habitat.mosaic,CH
R4,3,Circaea.lutetiana,1.570796327,Rural.habitat.mosaic,CH
R4,3,Circaea.lutetiana,0.392699082,Rural.habitat.mosaic,CH
R3,3,Circaea.lutetiana,0.392699082,Rural.habitat.mosaic,CH
R3,3,Circaea.lutetiana,1.178097245,Rural.habitat.mosaic,CH
R3,3,Circaea.lutetiana,1.767145868,Rural.habitat.mosaic,CH
R3,3,Circaea.lutetiana,2.35619449,Rural.habitat.mosaic,CH
R3,3,Circaea.lutetiana,5.694136685,Rural.habitat.mosaic,CH
R3,3,Circaea.lutetiana,0.981747704,Rural.habitat.mosaic,CH
R3,3,Circaea.lutetiana,13.15541924,Rural.habitat.mosaic,CH
A3,3,Cirsium.arvense,21.20575041,Intensive.agriculture,CH
A3,3,Cirsium.arvense,63.61725124,Intensive.agriculture,CH
A3,3,Cirsium.arvense,21.20575041,Intensive.agriculture,CH
A3,3,Cirsium.arvense,14.13716694,Intensive.agriculture,CH
A3,3,Cirsium.arvense,77.75441818,Intensive.agriculture,CH
A3,3,Cirsium.arvense,63.61725124,Intensive.agriculture,CH
A3,3,Cirsium.arvense,21.20575041,Intensive.agriculture,CH
A3,3,Cirsium.arvense,106.0287521,Intensive.agriculture,CH
R4,3,Cirsium.vulgare,19.63495408,Rural.habitat.mosaic,CH
R4,3,Cirsium.vulgare,19.63495408,Rural.habitat.mosaic,CH
R4,3,Clematis.vitalba,662.6797004,Rural.habitat.mosaic,CH
R4,3,Clematis.vitalba,319.0680039,Rural.habitat.mosaic,CH
R4,3,Clematis.vitalba,78.53981634,Rural.habitat.mosaic,CH
A2,2,Clinopodium.vulgare,3.848451001,Intensive.agriculture,CH
A2,2,Clinopodium.vulgare,0.7696902,Intensive.agriculture,CH
A2,2,Clinopodium.vulgare,7.696902001,Intensive.agriculture,CH
A2,2,Clinopodium.vulgare,1.5393804,Intensive.agriculture,CH
A2,2,Clinopodium.vulgare,3.848451001,Intensive.agriculture,CH
A2,3,Clinopodium.vulgare,1.1545353,Intensive.agriculture,CH
A2,3,Clinopodium.vulgare,6.157521601,Intensive.agriculture,CH
A2,3,Clinopodium.vulgare,45.02687671,Intensive.agriculture,CH
A2,3,Clinopodium.vulgare,3.463605901,Intensive.agriculture,CH
A2,3,Clinopodium.vulgare,0.7696902,Intensive.agriculture,CH
A3,3,Conium.maculatum,133.5962276,Intensive.agriculture,CH
A3,3,Conium.maculatum,9.542587685,Intensive.agriculture,CH
A3,3,Conium.maculatum,498.7592497,Intensive.agriculture,CH
A3,3,Conium.maculatum,110.8353888,Intensive.agriculture,CH
A3,3,Conium.maculatum,248.1072798,Intensive.agriculture,CH
A3,3,Conium.maculatum,15.90431281,Intensive.agriculture,CH
A2,3,Convolvulus.arvensis,138.2300768,Intensive.agriculture,CH
A2,3,Convolvulus.arvensis,50.26548246,Intensive.agriculture,CH
A4,2,Convolvulus.arvensis,201.0619298,Intensive.agriculture,CH
A4,2,Convolvulus.arvensis,25.13274123,Intensive.agriculture,CH
A1,3,Convolvulus.arvensis,12.56637061,Intensive.agriculture,CH
A3,3,Convolvulus.arvensis,37.69911184,Intensive.agriculture,CH
A3,3,Convolvulus.arvensis,25.13274123,Intensive.agriculture,CH
A3,3,Convolvulus.arvensis,163.362818,Intensive.agriculture,CH
A3,3,Convolvulus.arvensis,100.5309649,Intensive.agriculture,CH
A3,3,Convolvulus.arvensis,62.83185307,Intensive.agriculture,CH
A3,3,Convolvulus.arvensis,75.39822369,Intensive.agriculture,CH
A3,3,Convolvulus.arvensis,87.9645943,Intensive.agriculture,CH
A3,3,Convolvulus.arvensis,12.56637061,Intensive.agriculture,CH
A3,3,Convolvulus.arvensis,62.83185307,Intensive.agriculture,CH
A3,3,Convolvulus.arvensis,175.9291886,Intensive.agriculture,CH
A3,3,Convolvulus.arvensis,100.5309649,Intensive.agriculture,CH
A3,3,Convolvulus.arvensis,50.26548246,Intensive.agriculture,CH
R3,2,Cornus.sanguinea,977.160979,Rural.habitat.mosaic,CH
R3,2,Cornus.sanguinea,23.75044046,Rural.habitat.mosaic,CH
R3,2,Cornus.sanguinea,422.9840349,Rural.habitat.mosaic,CH
R3,2,Cornus.sanguinea,95.00176184,Rural.habitat.mosaic,CH
R3,2,Cornus.sanguinea,701.2034803,Rural.habitat.mosaic,CH
R3,2,Cornus.sanguinea,407.1504079,Rural.habitat.mosaic,CH
R3,2,Cornus.sanguinea,2384.091833,Rural.habitat.mosaic,CH
R3,2,Cornus.sanguinea,983.9468191,Rural.habitat.mosaic,CH
R2,2,Cornus.sanguinea,19.22654704,Rural.habitat.mosaic,CH
R2,2,Cornus.sanguinea,395.8406744,Rural.habitat.mosaic,CH
A1,2,Cornus.sanguinea,796.2052421,Intensive.agriculture,CH
A1,2,Cornus.sanguinea,1136.628222,Intensive.agriculture,CH
A1,2,Cornus.sanguinea,96.1327352,Intensive.agriculture,CH
R1,2,Cornus.sanguinea,390.1858076,Rural.habitat.mosaic,CH
R1,2,Cornus.sanguinea,230.7185645,Rural.habitat.mosaic,CH
R1,2,Cornus.sanguinea,531.557477,Rural.habitat.mosaic,CH
R1,1,Crataegus.laevigata,224.4275252,Rural.habitat.mosaic,CH
R1,1,Crataegus.laevigata,182.0160244,Rural.habitat.mosaic,CH
R1,1,Crataegus.monogyna,176.7145868,Rural.habitat.mosaic,CH
R4,1,Crataegus.monogyna,312.7848186,Rural.habitat.mosaic,CH
R1,1,Crataegus.monogyna,330.4562772,Rural.habitat.mosaic,CH
R1,1,Crataegus.monogyna,196.1531913,Rural.habitat.mosaic,CH
R1,1,Crataegus.monogyna,364.0320487,Rural.habitat.mosaic,CH
R2,1,Crataegus.monogyna,747.502702,Rural.habitat.mosaic,CH
R2,1,Crataegus.monogyna,224.4275252,Rural.habitat.mosaic,CH
R2,1,Crataegus.monogyna,79.52156404,Rural.habitat.mosaic,CH
R2,1,Crataegus.monogyna,14.13716694,Rural.habitat.mosaic,CH
A1,1,Crataegus.monogyna,120.165919,Intensive.agriculture,CH
A1,1,Crataegus.monogyna,189.0846078,Intensive.agriculture,CH
A1,1,Crataegus.monogyna,171.4131492,Intensive.agriculture,CH
R2,1,Crepis.biennis,9.621127502,Rural.habitat.mosaic,CH
R2,1,Crepis.biennis,19.242255,Rural.habitat.mosaic,CH
R2,1,Crepis.biennis,19.242255,Rural.habitat.mosaic,CH
A1,2,Crepis.biennis,163.5591675,Intensive.agriculture,CH
A1,2,Crepis.biennis,9.621127502,Intensive.agriculture,CH
A1,2,Crepis.biennis,9.621127502,Intensive.agriculture,CH
A1,2,Crepis.biennis,9.621127502,Intensive.agriculture,CH
A1,2,Crepis.biennis,9.621127502,Intensive.agriculture,CH
A1,2,Crepis.biennis,19.242255,Intensive.agriculture,CH
A1,2,Crepis.biennis,19.242255,Intensive.agriculture,CH
A1,2,Crepis.biennis,28.8633825,Intensive.agriculture,CH
A1,2,Crepis.biennis,19.242255,Intensive.agriculture,CH
A1,2,Crepis.biennis,307.8760801,Intensive.agriculture,CH
A1,2,Crepis.biennis,105.8324025,Intensive.agriculture,CH
A1,2,Crepis.biennis,48.10563751,Intensive.agriculture,CH
A1,2,Crepis.biennis,9.621127502,Intensive.agriculture,CH
A1,2,Crepis.biennis,105.8324025,Intensive.agriculture,CH
A1,2,Crepis.biennis,86.59014751,Intensive.agriculture,CH
A1,2,Crepis.biennis,76.96902001,Intensive.agriculture,CH
R2,2,Crepis.biennis,57.72676501,Rural.habitat.mosaic,CH
R2,2,Crepis.biennis,57.72676501,Rural.habitat.mosaic,CH
R2,2,Crepis.biennis,9.621127502,Rural.habitat.mosaic,CH
R2,2,Crepis.biennis,57.72676501,Rural.habitat.mosaic,CH
R2,2,Crepis.biennis,115.45353,Rural.habitat.mosaic,CH
R3,2,Crepis.biennis,9.621127502,Rural.habitat.mosaic,CH
R3,2,Crepis.biennis,76.96902001,Rural.habitat.mosaic,CH
A2,2,Crepis.biennis,9.621127502,Intensive.agriculture,CH
R2,2,Crepis.biennis,19.242255,Rural.habitat.mosaic,CH
R2,2,Crepis.biennis,9.621127502,Rural.habitat.mosaic,CH
R2,2,Crepis.biennis,76.96902001,Rural.habitat.mosaic,CH
R2,2,Crepis.biennis,48.10563751,Rural.habitat.mosaic,CH
R2,2,Crepis.biennis,38.48451001,Rural.habitat.mosaic,CH
R2,2,Crepis.biennis,38.48451001,Rural.habitat.mosaic,CH
A3,2,Crepis.biennis,19.242255,Intensive.agriculture,CH
A3,2,Crepis.biennis,38.48451001,Intensive.agriculture,CH
A3,2,Crepis.biennis,28.8633825,Intensive.agriculture,CH
A3,2,Crepis.biennis,19.242255,Intensive.agriculture,CH
A4,2,Crepis.biennis,9.621127502,Intensive.agriculture,CH
A4,2,Crepis.biennis,9.621127502,Intensive.agriculture,CH
A4,2,Crepis.biennis,38.48451001,Intensive.agriculture,CH
R4,3,Crepis.biennis,490.6775026,Rural.habitat.mosaic,CH
R1,2,Crepis.biennis,19.242255,Rural.habitat.mosaic,CH
R1,2,Crepis.biennis,19.242255,Rural.habitat.mosaic,CH
R1,2,Crepis.biennis,19.242255,Rural.habitat.mosaic,CH
R1,2,Crepis.biennis,125.0746575,Rural.habitat.mosaic,CH
R1,2,Crepis.biennis,19.242255,Rural.habitat.mosaic,CH
R1,2,Crepis.biennis,38.48451001,Rural.habitat.mosaic,CH
A4,2,Crepis.capillaris,22.80796267,Intensive.agriculture,CH
R4,2,Crepis.capillaris,15.20530844,Rural.habitat.mosaic,CH
A1,3,Crepis.capillaris,193.8676827,Intensive.agriculture,CH
A1,3,Crepis.capillaris,3.801327111,Intensive.agriculture,CH
R4,3,Crepis.capillaris,7.602654222,Rural.habitat.mosaic,CH
R4,3,Crepis.capillaris,60.82123377,Rural.habitat.mosaic,CH
A3,3,Crepis.capillaris,243.2849351,Intensive.agriculture,CH
A3,3,Crepis.capillaris,49.41725244,Intensive.agriculture,CH
A3,3,Crepis.capillaris,7.602654222,Intensive.agriculture,CH
A3,3,Crepis.capillaris,45.61592533,Intensive.agriculture,CH
A3,3,Crepis.capillaris,26.60928978,Intensive.agriculture,CH
A3,3,Crepis.capillaris,41.81459822,Intensive.agriculture,CH
A3,3,Crepis.capillaris,110.2384862,Intensive.agriculture,CH
A3,3,Crepis.capillaris,19.00663555,Intensive.agriculture,CH
A3,3,Crepis.capillaris,19.00663555,Intensive.agriculture,CH
A3,3,Crepis.capillaris,19.00663555,Intensive.agriculture,CH
A3,3,Crepis.capillaris,3.801327111,Intensive.agriculture,CH
A2,3,Crepis.capillaris,19.00663555,Intensive.agriculture,CH
R3,3,Crepis.capillaris,26.60928978,Rural.habitat.mosaic,CH
R1,2,Crepis.capillaris,30.41061689,Rural.habitat.mosaic,CH
R3,3,Crepis.capillaris,26.60928978,Rural.habitat.mosaic,CH
R3,3,Crepis.capillaris,277.4968791,Rural.habitat.mosaic,CH
R2,3,Daucus.carota,54.66371217,Rural.habitat.mosaic,CH
R2,3,Daucus.carota,38.45309408,Rural.habitat.mosaic,CH
R2,3,Daucus.carota,49.0088454,Rural.habitat.mosaic,CH
R2,3,Daucus.carota,34.30619178,Rural.habitat.mosaic,CH
R4,3,Daucus.carota,376.9911184,Rural.habitat.mosaic,CH
R1,3,Daucus.carota,15.07964474,Rural.habitat.mosaic,CH
R1,3,Daucus.carota,39.20707632,Rural.habitat.mosaic,CH
R1,3,Daucus.carota,286.51325,Rural.habitat.mosaic,CH
R1,3,Daucus.carota,71.5026488,Rural.habitat.mosaic,CH
R1,3,Daucus.carota,23.49911305,Rural.habitat.mosaic,CH
R1,3,Daucus.carota,307.8760801,Rural.habitat.mosaic,CH
R1,3,Daucus.carota,25.13274123,Rural.habitat.mosaic,CH
R1,3,Daucus.carota,31.41592654,Rural.habitat.mosaic,CH
A3,3,Daucus.carota,317.9291765,Intensive.agriculture,CH
A3,3,Daucus.carota,677.3273761,Intensive.agriculture,CH
A3,3,Daucus.carota,106.8141502,Intensive.agriculture,CH
A3,3,Daucus.carota,150.7964474,Intensive.agriculture,CH
A3,3,Daucus.carota,433.5397862,Intensive.agriculture,CH
A3,3,Daucus.carota,72.88494956,Intensive.agriculture,CH
A4,3,Dipsacus.fullonum,50.26548246,Intensive.agriculture,CH
A4,2,Echium.vulgare,1.272345025,Intensive.agriculture,CH
A4,2,Echium.vulgare,12.72345025,Intensive.agriculture,CH
A4,2,Echium.vulgare,14.63196778,Intensive.agriculture,CH
A4,2,Echium.vulgare,142.1845565,Intensive.agriculture,CH
A4,2,Echium.vulgare,30.53628059,Intensive.agriculture,CH
A4,3,Echium.vulgare,33.08097064,Intensive.agriculture,CH
A4,3,Echium.vulgare,38.80652325,Intensive.agriculture,CH
A4,3,Echium.vulgare,25.44690049,Intensive.agriculture,CH
A4,3,Echium.vulgare,5.725552611,Intensive.agriculture,CH
A4,3,Echium.vulgare,16.54048532,Intensive.agriculture,CH
A4,3,Echium.vulgare,22.26603793,Intensive.agriculture,CH
A4,3,Echium.vulgare,9.542587685,Intensive.agriculture,CH
A4,3,Echium.vulgare,10.1787602,Intensive.agriculture,CH
A4,3,Echium.vulgare,40.71504079,Intensive.agriculture,CH
A4,3,Echium.vulgare,5.089380099,Intensive.agriculture,CH
R3,3,Epilobium.obscurum,3.392920066,Rural.habitat.mosaic,CH
R4,3,Erigeron.annuus,25.13274123,Rural.habitat.mosaic,CH
A4,3,Erigeron.annuus,12.56637061,Intensive.agriculture,CH
A4,3,Erigeron.annuus,3.141592654,Intensive.agriculture,CH
A4,3,Erigeron.annuus,47.1238898,Intensive.agriculture,CH
R3,1,Erodium.cicutarium,2.261946711,Rural.habitat.mosaic,CH
R3,1,Erophila.praecox,1.178097245,Rural.habitat.mosaic,CH
R4,1,Euonymus.europaeus,57.33406593,Rural.habitat.mosaic,CH
R4,1,Euonymus.europaeus,1.570796327,Rural.habitat.mosaic,CH
R1,2,Euphorbia.amygdaloides,10.99557429,Rural.habitat.mosaic,CH
A2,1,Euphorbia.cyparissias,198.5800716,Intensive.agriculture,CH
A2,1,Euphorbia.cyparissias,124.6898124,Intensive.agriculture,CH
R4,1,Euphorbia.cyparissias,180.1075068,Rural.habitat.mosaic,CH
R3,1,Euphorbia.helioscopia,6.927211801,Rural.habitat.mosaic,CH
R3,1,Euphorbia.helioscopia,16.1634942,Rural.habitat.mosaic,CH
A4,3,Euphorbia.helioscopia,12.6998883,Intensive.agriculture,CH
A3,3,Euphorbia.helioscopia,2.3090706,Intensive.agriculture,CH
A3,3,Euphorbia.helioscopia,5.002986301,Intensive.agriculture,CH
R4,3,Euphorbia.peplus,27.7088472,Rural.habitat.mosaic,CH
A3,3,Euphorbia.peplus,3.078760801,Intensive.agriculture,CH
R3,3,Euphorbia.stricta,179.8561794,Rural.habitat.mosaic,CH
R1,1,Euphorbia.verrucosa,110.8353888,Rural.habitat.mosaic,CH
R1,1,Euphorbia.verrucosa,20.7816354,Rural.habitat.mosaic,CH
A3,3,Fallopia.convolvulus,0.736310778,Intensive.agriculture,CH
A3,3,Fallopia.convolvulus,0.883572934,Intensive.agriculture,CH
A3,3,Fallopia.convolvulus,0.638136008,Intensive.agriculture,CH
A3,3,Fallopia.convolvulus,0.147262156,Intensive.agriculture,CH
A3,3,Fallopia.convolvulus,0.392699082,Intensive.agriculture,CH
A3,3,Fallopia.convolvulus,0.09817477,Intensive.agriculture,CH
A3,3,Fallopia.convolvulus,0.147262156,Intensive.agriculture,CH
A3,3,Fallopia.convolvulus,0.196349541,Intensive.agriculture,CH
A3,3,Fallopia.convolvulus,0.147262156,Intensive.agriculture,CH
A3,3,Fallopia.convolvulus,0.196349541,Intensive.agriculture,CH
A3,3,Fallopia.convolvulus,0.196349541,Intensive.agriculture,CH
A2,3,Fallopia.convolvulus,0.687223393,Intensive.agriculture,CH
A2,3,Fallopia.convolvulus,0.09817477,Intensive.agriculture,CH
A2,3,Fallopia.convolvulus,0.981747704,Intensive.agriculture,CH
A2,3,Fallopia.convolvulus,0.638136008,Intensive.agriculture,CH
A2,3,Fallopia.convolvulus,0.147262156,Intensive.agriculture,CH
A2,3,Fallopia.convolvulus,0.09817477,Intensive.agriculture,CH
A2,3,Fallopia.convolvulus,0.392699082,Intensive.agriculture,CH
R1,1,Fragaria.vesca,37.11006322,Rural.habitat.mosaic,CH
R1,1,Fragaria.vesca,3.534291735,Rural.habitat.mosaic,CH
R4,1,Fragaria.vesca,1.767145868,Rural.habitat.mosaic,CH
A4,3,Galinsoga.quadriradiata,16.1634942,Intensive.agriculture,CH
A4,3,Galinsoga.quadriradiata,8.851437301,Intensive.agriculture,CH
A4,3,Galinsoga.quadriradiata,10.0059726,Intensive.agriculture,CH
A3,3,Galinsoga.quadriradiata,4.618141201,Intensive.agriculture,CH
A3,3,Galinsoga.quadriradiata,1.5393804,Intensive.agriculture,CH
A2,3,Galinsoga.quadriradiata,5.002986301,Intensive.agriculture,CH
A2,3,Galinsoga.quadriradiata,3.848451001,Intensive.agriculture,CH
A2,3,Galinsoga.quadriradiata,1.5393804,Intensive.agriculture,CH
A2,3,Galinsoga.quadriradiata,3.848451001,Intensive.agriculture,CH
A2,3,Galinsoga.quadriradiata,14.2392687,Intensive.agriculture,CH
A2,3,Galinsoga.quadriradiata,16.5483393,Intensive.agriculture,CH
R3,2,Galium.aparine,0.453960138,Rural.habitat.mosaic,CH
R2,2,Galium.aparine,0.907920277,Rural.habitat.mosaic,CH
R2,2,Galium.aparine,1.157598353,Rural.habitat.mosaic,CH
R2,2,Galium.aparine,0.113490035,Rural.habitat.mosaic,CH
A3,3,Galium.aparine,0.453960138,Intensive.agriculture,CH
A3,3,Galium.aparine,0.045396014,Intensive.agriculture,CH
A3,3,Galium.aparine,0.226980069,Intensive.agriculture,CH
A3,3,Galium.aparine,0.363168111,Intensive.agriculture,CH
A3,3,Galium.aparine,0.090792028,Intensive.agriculture,CH
A2,3,Galium.aparine,0.204282062,Intensive.agriculture,CH
A2,3,Galium.aparine,0.340470104,Intensive.agriculture,CH
R1,1,Galium.mollugo.aggr,0.785398163,Rural.habitat.mosaic,CH
R2,1,Galium.mollugo.aggr,1.570796327,Rural.habitat.mosaic,CH
R2,1,Galium.mollugo.aggr,0.785398163,Rural.habitat.mosaic,CH
R1,1,Galium.mollugo.aggr,22.77654674,Rural.habitat.mosaic,CH
R1,1,Galium.mollugo.aggr,2.35619449,Rural.habitat.mosaic,CH
R1,1,Galium.mollugo.aggr,9.424777961,Rural.habitat.mosaic,CH
R1,1,Galium.mollugo.aggr,6.283185307,Rural.habitat.mosaic,CH
A1,2,Galium.mollugo.aggr,41.23340358,Intensive.agriculture,CH
A1,2,Galium.mollugo.aggr,39.26990817,Intensive.agriculture,CH
A1,2,Galium.mollugo.aggr,10.21017612,Intensive.agriculture,CH
A1,2,Galium.mollugo.aggr,23.5619449,Intensive.agriculture,CH
A1,2,Galium.mollugo.aggr,9.424777961,Intensive.agriculture,CH
A1,2,Galium.mollugo.aggr,42.41150082,Intensive.agriculture,CH
A1,2,Galium.mollugo.aggr,58.11946409,Intensive.agriculture,CH
A1,2,Galium.mollugo.aggr,27.48893572,Intensive.agriculture,CH
A1,2,Galium.mollugo.aggr,19.63495408,Intensive.agriculture,CH
A1,2,Galium.mollugo.aggr,17.27875959,Intensive.agriculture,CH
A1,2,Galium.mollugo.aggr,10.99557429,Intensive.agriculture,CH
A1,2,Galium.mollugo.aggr,50.26548246,Intensive.agriculture,CH
A1,2,Galium.mollugo.aggr,28.27433388,Intensive.agriculture,CH
A1,2,Galium.mollugo.aggr,19.63495408,Intensive.agriculture,CH
A1,2,Galium.mollugo.aggr,14.13716694,Intensive.agriculture,CH
A1,2,Galium.mollugo.aggr,78.53981634,Intensive.agriculture,CH
A1,2,Galium.mollugo.aggr,49.48008429,Intensive.agriculture,CH
A1,2,Galium.mollugo.aggr,56.54866776,Intensive.agriculture,CH
A1,2,Galium.mollugo.aggr,18.06415776,Intensive.agriculture,CH
A1,2,Galium.mollugo.aggr,6.283185307,Intensive.agriculture,CH
A1,2,Galium.mollugo.aggr,31.41592654,Intensive.agriculture,CH
A1,2,Galium.mollugo.aggr,2.35619449,Intensive.agriculture,CH
A1,2,Galium.mollugo.aggr,27.48893572,Intensive.agriculture,CH
A1,2,Galium.mollugo.aggr,3.926990817,Intensive.agriculture,CH
A1,2,Galium.mollugo.aggr,27.48893572,Intensive.agriculture,CH
A1,2,Galium.mollugo.aggr,54.97787144,Intensive.agriculture,CH
A1,2,Galium.mollugo.aggr,3.926990817,Intensive.agriculture,CH
A1,2,Galium.mollugo.aggr,7.068583471,Intensive.agriculture,CH
A1,2,Galium.mollugo.aggr,2.35619449,Intensive.agriculture,CH
A1,2,Galium.mollugo.aggr,6.283185307,Intensive.agriculture,CH
A1,2,Galium.mollugo.aggr,5.497787144,Intensive.agriculture,CH
A1,2,Galium.mollugo.aggr,23.5619449,Intensive.agriculture,CH
A1,2,Galium.mollugo.aggr,26.70353756,Intensive.agriculture,CH
A1,2,Galium.mollugo.aggr,46.33849164,Intensive.agriculture,CH
A1,2,Galium.mollugo.aggr,9.424777961,Intensive.agriculture,CH
A1,2,Galium.mollugo.aggr,15.70796327,Intensive.agriculture,CH
A1,2,Galium.mollugo.aggr,23.5619449,Intensive.agriculture,CH
A1,2,Galium.mollugo.aggr,16.49336143,Intensive.agriculture,CH
A1,2,Galium.mollugo.aggr,120.9513172,Intensive.agriculture,CH
A1,2,Galium.mollugo.aggr,69.11503838,Intensive.agriculture,CH
A1,2,Galium.mollugo.aggr,21.20575041,Intensive.agriculture,CH
A1,2,Galium.mollugo.aggr,40.05530633,Intensive.agriculture,CH
A1,2,Galium.mollugo.aggr,30.63052837,Intensive.agriculture,CH
A1,2,Galium.mollugo.aggr,24.34734307,Intensive.agriculture,CH
R2,2,Galium.mollugo.aggr,78.53981634,Rural.habitat.mosaic,CH
R2,2,Galium.mollugo.aggr,1806.415776,Rural.habitat.mosaic,CH
R2,2,Galium.mollugo.aggr,824.6680716,Rural.habitat.mosaic,CH
R2,2,Galium.mollugo.aggr,1060.287521,Rural.habitat.mosaic,CH
R2,2,Galium.mollugo.aggr,1649.336143,Rural.habitat.mosaic,CH
R2,2,Galium.mollugo.aggr,1099.557429,Rural.habitat.mosaic,CH
R2,2,Galium.mollugo.aggr,706.8583471,Rural.habitat.mosaic,CH
R2,2,Galium.mollugo.aggr,824.6680716,Rural.habitat.mosaic,CH
R2,2,Galium.mollugo.aggr,1413.716694,Rural.habitat.mosaic,CH
R2,2,Galium.mollugo.aggr,863.9379797,Rural.habitat.mosaic,CH
R2,2,Galium.mollugo.aggr,903.2078879,Rural.habitat.mosaic,CH
R2,2,Galium.mollugo.aggr,1178.097245,Rural.habitat.mosaic,CH
R2,2,Galium.mollugo.aggr,1295.90697,Rural.habitat.mosaic,CH
R2,2,Galium.mollugo.aggr,706.8583471,Rural.habitat.mosaic,CH
R2,2,Galium.mollugo.aggr,1256.637061,Rural.habitat.mosaic,CH
R2,2,Galium.mollugo.aggr,628.3185307,Rural.habitat.mosaic,CH
R2,2,Galium.mollugo.aggr,706.8583471,Rural.habitat.mosaic,CH
R2,2,Galium.mollugo.aggr,1570.796327,Rural.habitat.mosaic,CH
R2,2,Galium.mollugo.aggr,863.9379797,Rural.habitat.mosaic,CH
R2,2,Galium.mollugo.aggr,78.53981634,Rural.habitat.mosaic,CH
R2,2,Galium.mollugo.aggr,39.26990817,Rural.habitat.mosaic,CH
R2,2,Galium.mollugo.aggr,431.9689899,Rural.habitat.mosaic,CH
R2,2,Galium.mollugo.aggr,1256.637061,Rural.habitat.mosaic,CH
R2,2,Galium.mollugo.aggr,1256.637061,Rural.habitat.mosaic,CH
R2,2,Galium.mollugo.aggr,746.1282552,Rural.habitat.mosaic,CH
R2,2,Galium.mollugo.aggr,1060.287521,Rural.habitat.mosaic,CH
R2,2,Galium.mollugo.aggr,274.8893572,Rural.habitat.mosaic,CH
R2,2,Galium.mollugo.aggr,157.0796327,Rural.habitat.mosaic,CH
R2,2,Galium.mollugo.aggr,392.6990817,Rural.habitat.mosaic,CH
R2,2,Galium.mollugo.aggr,1845.685684,Rural.habitat.mosaic,CH
R2,2,Galium.mollugo.aggr,1492.25651,Rural.habitat.mosaic,CH
R2,2,Galium.mollugo.aggr,471.238898,Rural.habitat.mosaic,CH
R2,2,Galium.mollugo.aggr,589.0486225,Rural.habitat.mosaic,CH
R2,2,Galium.mollugo.aggr,1178.097245,Rural.habitat.mosaic,CH
R2,2,Galium.mollugo.aggr,1295.90697,Rural.habitat.mosaic,CH
R2,2,Galium.mollugo.aggr,1531.526419,Rural.habitat.mosaic,CH
R2,2,Galium.mollugo.aggr,353.4291735,Rural.habitat.mosaic,CH
R2,2,Galium.mollugo.aggr,549.7787144,Rural.habitat.mosaic,CH
R2,2,Galium.mollugo.aggr,863.9379797,Rural.habitat.mosaic,CH
R3,2,Galium.mollugo.aggr,2.552544031,Rural.habitat.mosaic,CH
R3,2,Galium.mollugo.aggr,38.28816047,Rural.habitat.mosaic,CH
R3,2,Galium.mollugo.aggr,11.78097245,Rural.habitat.mosaic,CH
R3,2,Galium.mollugo.aggr,35.34291735,Rural.habitat.mosaic,CH
R3,2,Galium.mollugo.aggr,4.908738521,Rural.habitat.mosaic,CH
R3,2,Galium.mollugo.aggr,135.4811832,Rural.habitat.mosaic,CH
R3,2,Galium.mollugo.aggr,61.85010537,Rural.habitat.mosaic,CH
R3,2,Galium.mollugo.aggr,73.63107782,Rural.habitat.mosaic,CH
R3,2,Galium.mollugo.aggr,191.4408023,Rural.habitat.mosaic,CH
R3,2,Galium.mollugo.aggr,0.981747704,Rural.habitat.mosaic,CH
R3,2,Galium.mollugo.aggr,357.3561643,Rural.habitat.mosaic,CH
R3,2,Galium.mollugo.aggr,989.6016859,Rural.habitat.mosaic,CH
R3,2,Galium.mollugo.aggr,33.37942194,Rural.habitat.mosaic,CH
R3,2,Galium.mollugo.aggr,0.196349541,Rural.habitat.mosaic,CH
R3,2,Galium.mollugo.aggr,17.86780822,Rural.habitat.mosaic,CH
R3,2,Galium.mollugo.aggr,96.6039741,Rural.habitat.mosaic,CH
R3,2,Galium.mollugo.aggr,38.28816047,Rural.habitat.mosaic,CH
R3,2,Galium.mollugo.aggr,8.246680716,Rural.habitat.mosaic,CH
R3,2,Galium.mollugo.aggr,312.3921195,Rural.habitat.mosaic,CH
R3,2,Galium.mollugo.aggr,129.590697,Rural.habitat.mosaic,CH
R3,2,Galium.mollugo.aggr,457.1017311,Rural.habitat.mosaic,CH
R3,2,Galium.mollugo.aggr,17.67145868,Rural.habitat.mosaic,CH
A2,2,Galium.mollugo.aggr,12.76272016,Intensive.agriculture,CH
A2,2,Galium.mollugo.aggr,11.78097245,Intensive.agriculture,CH
A2,2,Galium.mollugo.aggr,21.59844949,Intensive.agriculture,CH
A2,2,Galium.mollugo.aggr,63.81360078,Intensive.agriculture,CH
A2,2,Galium.mollugo.aggr,31.41592654,Intensive.agriculture,CH
A2,2,Galium.mollugo.aggr,19.63495408,Intensive.agriculture,CH
A2,2,Galium.mollugo.aggr,6.87223393,Intensive.agriculture,CH
A2,2,Galium.mollugo.aggr,19.63495408,Intensive.agriculture,CH
A2,2,Galium.mollugo.aggr,35.34291735,Intensive.agriculture,CH
A2,2,Galium.mollugo.aggr,9.817477042,Intensive.agriculture,CH
A2,2,Galium.mollugo.aggr,46.1421421,Intensive.agriculture,CH
A2,2,Galium.mollugo.aggr,98.17477042,Intensive.agriculture,CH
A2,2,Galium.mollugo.aggr,44.17864669,Intensive.agriculture,CH
R2,2,Galium.mollugo.aggr,4.908738521,Rural.habitat.mosaic,CH
R2,2,Galium.mollugo.aggr,16.88606051,Rural.habitat.mosaic,CH
R2,2,Galium.mollugo.aggr,5.105088062,Rural.habitat.mosaic,CH
R2,2,Galium.mollugo.aggr,6.675884389,Rural.habitat.mosaic,CH
R2,2,Galium.mollugo.aggr,3.926990817,Rural.habitat.mosaic,CH
R2,2,Galium.mollugo.aggr,6.283185307,Rural.habitat.mosaic,CH
R2,2,Galium.mollugo.aggr,6.086835766,Rural.habitat.mosaic,CH
R2,2,Galium.mollugo.aggr,7.853981634,Rural.habitat.mosaic,CH
R2,2,Galium.mollugo.aggr,22.38384766,Rural.habitat.mosaic,CH
R2,2,Galium.mollugo.aggr,23.5619449,Rural.habitat.mosaic,CH
R2,2,Galium.mollugo.aggr,10.79922475,Rural.habitat.mosaic,CH
A1,2,Galium.mollugo.aggr,820.7410808,Intensive.agriculture,CH
A1,2,Galium.mollugo.aggr,9.22842842,Intensive.agriculture,CH
A3,2,Galium.mollugo.aggr,0.196349541,Intensive.agriculture,CH
A3,2,Galium.mollugo.aggr,2.748893572,Intensive.agriculture,CH
A3,2,Galium.mollugo.aggr,4.908738521,Intensive.agriculture,CH
A3,2,Galium.mollugo.aggr,9.22842842,Intensive.agriculture,CH
A3,2,Galium.mollugo.aggr,53.01437603,Intensive.agriculture,CH
A3,2,Galium.mollugo.aggr,9.424777961,Intensive.agriculture,CH
A2,2,Galium.mollugo.aggr,10.99557429,Intensive.agriculture,CH
A2,2,Galium.mollugo.aggr,8.639379797,Intensive.agriculture,CH
A2,2,Galium.mollugo.aggr,54.97787144,Intensive.agriculture,CH
A2,2,Galium.mollugo.aggr,21.59844949,Intensive.agriculture,CH
A2,2,Galium.mollugo.aggr,5.497787144,Intensive.agriculture,CH
A4,2,Galium.mollugo.aggr,72.64933011,Intensive.agriculture,CH
A4,2,Galium.mollugo.aggr,12.37002107,Intensive.agriculture,CH
A4,2,Galium.mollugo.aggr,53.01437603,Intensive.agriculture,CH
A4,2,Galium.mollugo.aggr,37.11006322,Intensive.agriculture,CH
A4,2,Galium.mollugo.aggr,1.178097245,Intensive.agriculture,CH
A4,2,Galium.mollugo.aggr,26.70353756,Intensive.agriculture,CH
A4,2,Galium.mollugo.aggr,3.926990817,Intensive.agriculture,CH
A4,2,Galium.mollugo.aggr,2.35619449,Intensive.agriculture,CH
R2,3,Galium.mollugo.aggr,1.963495408,Rural.habitat.mosaic,CH
R2,3,Galium.mollugo.aggr,0.785398163,Rural.habitat.mosaic,CH
R2,3,Galium.mollugo.aggr,0.392699082,Rural.habitat.mosaic,CH
R2,3,Galium.mollugo.aggr,3.337942194,Rural.habitat.mosaic,CH
R2,3,Galium.mollugo.aggr,8.246680716,Rural.habitat.mosaic,CH
R2,3,Galium.mollugo.aggr,0.196349541,Rural.habitat.mosaic,CH
R2,3,Galium.mollugo.aggr,2.35619449,Rural.habitat.mosaic,CH
R2,3,Galium.mollugo.aggr,35.34291735,Rural.habitat.mosaic,CH
R2,3,Galium.mollugo.aggr,5.890486225,Rural.habitat.mosaic,CH
R2,3,Galium.mollugo.aggr,6.675884389,Rural.habitat.mosaic,CH
R2,3,Galium.mollugo.aggr,30.43417883,Rural.habitat.mosaic,CH
R2,3,Galium.mollugo.aggr,0.392699082,Rural.habitat.mosaic,CH
R2,3,Galium.mollugo.aggr,0.392699082,Rural.habitat.mosaic,CH
R2,3,Galium.mollugo.aggr,25.52544031,Rural.habitat.mosaic,CH
R2,3,Galium.mollugo.aggr,30.23782929,Rural.habitat.mosaic,CH
A1,3,Galium.mollugo.aggr,9.22842842,Intensive.agriculture,CH
A1,3,Galium.mollugo.aggr,3.926990817,Intensive.agriculture,CH
A1,3,Galium.mollugo.aggr,13.9408174,Intensive.agriculture,CH
A1,3,Galium.mollugo.aggr,3.926990817,Intensive.agriculture,CH
A1,3,Galium.mollugo.aggr,0.785398163,Intensive.agriculture,CH
A1,3,Galium.mollugo.aggr,1.963495408,Intensive.agriculture,CH
A1,3,Galium.mollugo.aggr,0.785398163,Intensive.agriculture,CH
A4,3,Galium.mollugo.aggr,421.1697651,Intensive.agriculture,CH
A4,3,Galium.mollugo.aggr,32.39767424,Intensive.agriculture,CH
R1,3,Galium.mollugo.aggr,0.981747704,Rural.habitat.mosaic,CH
R1,3,Galium.mollugo.aggr,0.981747704,Rural.habitat.mosaic,CH
R1,3,Galium.mollugo.aggr,2.35619449,Rural.habitat.mosaic,CH
A2,3,Galium.mollugo.aggr,1.570796327,Intensive.agriculture,CH
A2,3,Galium.mollugo.aggr,2.35619449,Intensive.agriculture,CH
A2,3,Galium.mollugo.aggr,1.570796327,Intensive.agriculture,CH
A2,3,Galium.mollugo.aggr,3.534291735,Intensive.agriculture,CH
A2,3,Galium.mollugo.aggr,0.785398163,Intensive.agriculture,CH
A2,3,Galium.mollugo.aggr,1.178097245,Intensive.agriculture,CH
A2,3,Galium.mollugo.aggr,5.497787144,Intensive.agriculture,CH
A2,3,Galium.mollugo.aggr,2.159844949,Intensive.agriculture,CH
A2,3,Galium.mollugo.aggr,4.51603944,Intensive.agriculture,CH
A2,3,Galium.mollugo.aggr,28.07798434,Intensive.agriculture,CH
A2,3,Galium.mollugo.aggr,0.785398163,Intensive.agriculture,CH
A2,3,Galium.mollugo.aggr,15.31526419,Intensive.agriculture,CH
A2,3,Galium.mollugo.aggr,28.27433388,Intensive.agriculture,CH
R3,3,Galium.mollugo.aggr,8.246680716,Rural.habitat.mosaic,CH
R3,3,Galium.mollugo.aggr,9.621127502,Rural.habitat.mosaic,CH
R3,3,Galium.mollugo.aggr,10.21017612,Rural.habitat.mosaic,CH
R3,3,Galium.mollugo.aggr,2.35619449,Rural.habitat.mosaic,CH
R3,3,Galium.mollugo.aggr,13.74446786,Rural.habitat.mosaic,CH
R3,3,Galium.mollugo.aggr,1.963495408,Rural.habitat.mosaic,CH
R3,3,Galium.mollugo.aggr,6.87223393,Rural.habitat.mosaic,CH
R3,3,Galium.mollugo.aggr,5.301437603,Rural.habitat.mosaic,CH
R3,3,Galium.mollugo.aggr,7.068583471,Rural.habitat.mosaic,CH
R3,3,Galium.mollugo.aggr,6.675884389,Rural.habitat.mosaic,CH
R3,3,Galium.mollugo.aggr,2.159844949,Rural.habitat.mosaic,CH
R1,2,Galium.mollugo.aggr,26.50718801,Rural.habitat.mosaic,CH
R1,2,Galium.mollugo.aggr,58.90486225,Rural.habitat.mosaic,CH
R1,2,Galium.mollugo.aggr,15.31526419,Rural.habitat.mosaic,CH
R1,2,Galium.mollugo.aggr,70.09678608,Rural.habitat.mosaic,CH
R1,2,Galium.mollugo.aggr,0.981747704,Rural.habitat.mosaic,CH
R1,2,Galium.mollugo.aggr,14.9225651,Rural.habitat.mosaic,CH
R1,2,Galium.mollugo.aggr,70.68583471,Rural.habitat.mosaic,CH
R1,2,Galium.mollugo.aggr,7.853981634,Rural.habitat.mosaic,CH
R1,2,Galium.mollugo.aggr,1.178097245,Rural.habitat.mosaic,CH
R1,2,Galium.mollugo.aggr,14.33351648,Rural.habitat.mosaic,CH
R1,2,Galium.mollugo.aggr,3.141592654,Rural.habitat.mosaic,CH
R1,2,Galium.mollugo.aggr,6.086835766,Rural.habitat.mosaic,CH
R1,2,Galium.mollugo.aggr,22.38384766,Rural.habitat.mosaic,CH
R1,2,Galium.mollugo.aggr,0.785398163,Rural.habitat.mosaic,CH
R1,2,Galium.mollugo.aggr,11.19192383,Rural.habitat.mosaic,CH
R1,2,Galium.mollugo.aggr,2.748893572,Rural.habitat.mosaic,CH
R1,2,Galium.mollugo.aggr,7.853981634,Rural.habitat.mosaic,CH
R1,2,Galium.mollugo.aggr,16.49336143,Rural.habitat.mosaic,CH
R1,2,Galium.mollugo.aggr,10.01382658,Rural.habitat.mosaic,CH
R3,3,Galium.mollugo.aggr,12.9590697,Rural.habitat.mosaic,CH
R3,3,Galium.mollugo.aggr,6.87223393,Rural.habitat.mosaic,CH
R3,3,Galium.mollugo.aggr,4.908738521,Rural.habitat.mosaic,CH
R3,3,Galium.mollugo.aggr,5.105088062,Rural.habitat.mosaic,CH
R3,3,Galium.mollugo.aggr,3.926990817,Rural.habitat.mosaic,CH
R3,3,Galium.mollugo.aggr,37.11006322,Rural.habitat.mosaic,CH
R3,3,Galium.mollugo.aggr,1.767145868,Rural.habitat.mosaic,CH
R3,3,Galium.mollugo.aggr,7.853981634,Rural.habitat.mosaic,CH
R1,2,Galium.mollugo.aggr,7.264933011,Rural.habitat.mosaic,CH
R1,2,Galium.mollugo.aggr,76.96902001,Rural.habitat.mosaic,CH
R1,2,Galium.mollugo.aggr,2.945243113,Rural.habitat.mosaic,CH
R1,2,Galium.mollugo.aggr,3.141592654,Rural.habitat.mosaic,CH
R1,2,Galium.mollugo.aggr,1.374446786,Rural.habitat.mosaic,CH
R1,2,Galium.mollugo.aggr,8.443030257,Rural.habitat.mosaic,CH
R1,2,Galium.mollugo.aggr,4.123340358,Rural.habitat.mosaic,CH
R1,2,Galium.mollugo.aggr,282.7433388,Rural.habitat.mosaic,CH
R1,2,Galium.mollugo.aggr,11.19192383,Rural.habitat.mosaic,CH
R1,2,Galium.mollugo.aggr,3.141592654,Rural.habitat.mosaic,CH
R1,2,Galium.mollugo.aggr,0.785398163,Rural.habitat.mosaic,CH
R1,2,Galium.mollugo.aggr,2.748893572,Rural.habitat.mosaic,CH
R1,2,Galium.mollugo.aggr,3.730641276,Rural.habitat.mosaic,CH
R1,2,Galium.mollugo.aggr,2.552544031,Rural.habitat.mosaic,CH
R1,2,Galium.mollugo.aggr,6.086835766,Rural.habitat.mosaic,CH
R1,2,Galium.mollugo.aggr,31.80862562,Rural.habitat.mosaic,CH
R1,2,Galium.mollugo.aggr,41.03705404,Rural.habitat.mosaic,CH
R1,2,Galium.mollugo.aggr,3.534291735,Rural.habitat.mosaic,CH
R1,2,Galium.mollugo.aggr,3.730641276,Rural.habitat.mosaic,CH
R1,2,Galium.mollugo.aggr,7.853981634,Rural.habitat.mosaic,CH
R1,2,Galium.mollugo.aggr,89.53539063,Rural.habitat.mosaic,CH
R1,2,Galium.mollugo.aggr,1.570796327,Rural.habitat.mosaic,CH
R1,2,Galium.mollugo.aggr,17.67145868,Rural.habitat.mosaic,CH
R1,2,Galium.mollugo.aggr,1.963495408,Rural.habitat.mosaic,CH
R1,2,Galium.mollugo.aggr,21.99114858,Rural.habitat.mosaic,CH
R1,2,Galium.mollugo.aggr,16.88606051,Rural.habitat.mosaic,CH
R1,2,Galium.mollugo.aggr,18.65320638,Rural.habitat.mosaic,CH
R1,2,Galium.mollugo.aggr,9.424777961,Rural.habitat.mosaic,CH
A2,1,Galium.odoratum,4.233296101,Intensive.agriculture,CH
R1,1,Galium.odoratum,29.6330727,Rural.habitat.mosaic,CH
R2,1,Galium.odoratum,42.33296101,Rural.habitat.mosaic,CH
R3,2,Galium.odoratum,9.236282402,Rural.habitat.mosaic,CH
R3,2,Galium.odoratum,5.387831401,Rural.habitat.mosaic,CH
R3,2,Galium.odoratum,1.5393804,Rural.habitat.mosaic,CH
R3,2,Galium.odoratum,5.002986301,Rural.habitat.mosaic,CH
A3,2,Geranium.pusillum,0.848230016,Intensive.agriculture,CH
A3,2,Geranium.dissectum,14.13716694,Intensive.agriculture,CH
A3,2,Geranium.dissectum,3.141592654,Intensive.agriculture,CH
A3,2,Geranium.dissectum,4.71238898,Intensive.agriculture,CH
A3,2,Geranium.dissectum,6.283185307,Intensive.agriculture,CH
R4,2,Geranium.dissectum,0.785398163,Rural.habitat.mosaic,CH
A3,3,Geranium.dissectum,0.785398163,Intensive.agriculture,CH
A4,2,Geranium.molle,8.042477193,Intensive.agriculture,CH
A4,2,Geranium.molle,10.55575132,Intensive.agriculture,CH
A4,2,Geranium.molle,0.502654825,Intensive.agriculture,CH
A1,3,Geranium.molle,0.502654825,Intensive.agriculture,CH
A3,2,Geranium.pusillum,0.565486678,Intensive.agriculture,CH
A3,2,Geranium.pusillum,8.765043504,Intensive.agriculture,CH
R4,1,Geranium.pyrenaicum,2.544690049,Rural.habitat.mosaic,CH
R1,1,Geranium.pyrenaicum,53.43849104,Rural.habitat.mosaic,CH
R1,1,Geranium.pyrenaicum,5.089380099,Rural.habitat.mosaic,CH
R1,1,Geranium.pyrenaicum,5.089380099,Rural.habitat.mosaic,CH
R3,2,Geranium.pyrenaicum,17.81283035,Rural.habitat.mosaic,CH
R3,2,Geranium.pyrenaicum,7.634070148,Rural.habitat.mosaic,CH
A2,2,Geranium.pyrenaicum,2.544690049,Intensive.agriculture,CH
A4,2,Geranium.pyrenaicum,10.1787602,Intensive.agriculture,CH
A4,2,Geranium.pyrenaicum,5.089380099,Intensive.agriculture,CH
A4,2,Geranium.pyrenaicum,15.2681403,Intensive.agriculture,CH
A4,2,Geranium.pyrenaicum,30.53628059,Intensive.agriculture,CH
A4,2,Geranium.pyrenaicum,20.3575204,Intensive.agriculture,CH
A4,2,Geranium.pyrenaicum,35.62566069,Intensive.agriculture,CH
A4,2,Geranium.pyrenaicum,223.9327243,Intensive.agriculture,CH
A4,2,Geranium.pyrenaicum,40.71504079,Intensive.agriculture,CH
A4,2,Geranium.pyrenaicum,145.0473328,Intensive.agriculture,CH
A4,2,Geranium.pyrenaicum,7.634070148,Intensive.agriculture,CH
R1,2,Geranium.pyrenaicum,15.2681403,Rural.habitat.mosaic,CH
R1,2,Geranium.pyrenaicum,147.5920229,Rural.habitat.mosaic,CH
R2,2,Geranium.robertianum,3.141592654,Rural.habitat.mosaic,CH
R2,3,Geranium.robertianum,3.141592654,Rural.habitat.mosaic,CH
R4,3,Geranium.robertianum,3.141592654,Rural.habitat.mosaic,CH
R1,3,Geranium.robertianum,34.55751919,Rural.habitat.mosaic,CH
R1,3,Geranium.robertianum,21.99114858,Rural.habitat.mosaic,CH
R4,3,Geranium.robertianum,3.141592654,Rural.habitat.mosaic,CH
R4,3,Geranium.robertianum,6.283185307,Rural.habitat.mosaic,CH
R4,3,Geranium.robertianum,15.70796327,Rural.habitat.mosaic,CH
R2,3,Geranium.robertianum,9.424777961,Rural.habitat.mosaic,CH
R4,3,Geranium.robertianum,6.283185307,Rural.habitat.mosaic,CH
R4,3,Geranium.robertianum,9.424777961,Rural.habitat.mosaic,CH
R1,3,Geranium.robertianum,34.55751919,Rural.habitat.mosaic,CH
R1,3,Geranium.robertianum,3.141592654,Rural.habitat.mosaic,CH
R1,1,Geranium.robertianum,6.283185307,Rural.habitat.mosaic,CH
R2,1,Geranium.robertianum,21.99114858,Rural.habitat.mosaic,CH
R2,1,Geranium.robertianum,21.99114858,Rural.habitat.mosaic,CH
R2,1,Geranium.robertianum,18.84955592,Rural.habitat.mosaic,CH
R2,1,Geranium.robertianum,28.27433388,Rural.habitat.mosaic,CH
R3,2,Geranium.robertianum,81.68140899,Rural.habitat.mosaic,CH
R3,2,Geranium.robertianum,3.141592654,Rural.habitat.mosaic,CH
R3,2,Geranium.robertianum,18.84955592,Rural.habitat.mosaic,CH
R3,2,Geranium.robertianum,3.141592654,Rural.habitat.mosaic,CH
R3,2,Geranium.robertianum,18.84955592,Rural.habitat.mosaic,CH
R3,2,Geranium.robertianum,9.424777961,Rural.habitat.mosaic,CH
R2,2,Geranium.robertianum,21.99114858,Rural.habitat.mosaic,CH
R2,2,Geranium.robertianum,6.283185307,Rural.habitat.mosaic,CH
R2,2,Geranium.robertianum,3.141592654,Rural.habitat.mosaic,CH
R2,2,Geranium.robertianum,3.141592654,Rural.habitat.mosaic,CH
A2,2,Geranium.robertianum,6.283185307,Intensive.agriculture,CH
A2,2,Geranium.robertianum,6.283185307,Intensive.agriculture,CH
R4,2,Geranium.robertianum,21.99114858,Rural.habitat.mosaic,CH
R4,2,Geranium.robertianum,12.56637061,Rural.habitat.mosaic,CH
R4,2,Geranium.robertianum,9.424777961,Rural.habitat.mosaic,CH
R2,3,Geranium.robertianum,18.84955592,Rural.habitat.mosaic,CH
R2,3,Geranium.robertianum,3.141592654,Rural.habitat.mosaic,CH
R2,3,Geranium.robertianum,18.84955592,Rural.habitat.mosaic,CH
R2,3,Geranium.robertianum,18.84955592,Rural.habitat.mosaic,CH
R3,3,Geranium.robertianum,3.141592654,Rural.habitat.mosaic,CH
R3,3,Geranium.robertianum,3.141592654,Rural.habitat.mosaic,CH
R3,3,Geranium.robertianum,3.141592654,Rural.habitat.mosaic,CH
R3,3,Geranium.robertianum,6.283185307,Rural.habitat.mosaic,CH
R3,3,Geranium.robertianum,28.27433388,Rural.habitat.mosaic,CH
R1,2,Geranium.robertianum,21.99114858,Rural.habitat.mosaic,CH
R1,2,Geranium.robertianum,9.424777961,Rural.habitat.mosaic,CH
R1,2,Geranium.robertianum,6.283185307,Rural.habitat.mosaic,CH
R1,2,Geranium.robertianum,6.283185307,Rural.habitat.mosaic,CH
R1,2,Geranium.robertianum,9.424777961,Rural.habitat.mosaic,CH
R1,2,Geranium.robertianum,3.141592654,Rural.habitat.mosaic,CH
A3,2,Geranium.sp,6.157521601,Intensive.agriculture,CH
A2,2,Geum.urbanum,1.767145868,Intensive.agriculture,CH
A2,2,Geum.urbanum,1.767145868,Intensive.agriculture,CH
A2,2,Geum.urbanum,3.534291735,Intensive.agriculture,CH
A4,2,Geum.urbanum,1.767145868,Intensive.agriculture,CH
R4,2,Geum.urbanum,3.534291735,Rural.habitat.mosaic,CH
R4,2,Geum.urbanum,1.767145868,Rural.habitat.mosaic,CH
R4,2,Geum.urbanum,3.534291735,Rural.habitat.mosaic,CH
R4,2,Geum.urbanum,3.534291735,Rural.habitat.mosaic,CH
R3,2,Geum.urbanum,8.835729338,Rural.habitat.mosaic,CH
R2,2,Geum.urbanum,1.767145868,Rural.habitat.mosaic,CH
R2,2,Geum.urbanum,3.534291735,Rural.habitat.mosaic,CH
R2,2,Geum.urbanum,3.534291735,Rural.habitat.mosaic,CH
R2,3,Geum.urbanum,1.767145868,Rural.habitat.mosaic,CH
R2,3,Geum.urbanum,1.767145868,Rural.habitat.mosaic,CH
R2,3,Geum.urbanum,1.767145868,Rural.habitat.mosaic,CH
R2,3,Geum.urbanum,3.534291735,Rural.habitat.mosaic,CH
A1,3,Geum.urbanum,1.767145868,Intensive.agriculture,CH
R1,3,Geum.urbanum,3.534291735,Rural.habitat.mosaic,CH
R4,3,Geum.urbanum,1.767145868,Rural.habitat.mosaic,CH
R4,3,Geum.urbanum,5.301437603,Rural.habitat.mosaic,CH
R4,3,Geum.urbanum,1.767145868,Rural.habitat.mosaic,CH
R4,3,Geum.urbanum,1.767145868,Rural.habitat.mosaic,CH
R4,3,Geum.urbanum,7.068583471,Rural.habitat.mosaic,CH
R4,3,Geum.urbanum,14.13716694,Rural.habitat.mosaic,CH
R4,3,Geum.urbanum,5.301437603,Rural.habitat.mosaic,CH
R4,3,Geum.urbanum,1.767145868,Rural.habitat.mosaic,CH
R4,3,Geum.urbanum,8.835729338,Rural.habitat.mosaic,CH
R4,3,Geum.urbanum,5.301437603,Rural.habitat.mosaic,CH
R4,3,Geum.urbanum,3.534291735,Rural.habitat.mosaic,CH
R1,2,Geum.urbanum,1.767145868,Rural.habitat.mosaic,CH
R3,3,Geum.urbanum,10.60287521,Rural.habitat.mosaic,CH
R3,3,Geum.urbanum,1.767145868,Rural.habitat.mosaic,CH
R1,2,Geum.urbanum,1.767145868,Rural.habitat.mosaic,CH
R3,1,Glechoma.hederacea,38.09966491,Rural.habitat.mosaic,CH
R3,1,Glechoma.hederacea,2.3090706,Rural.habitat.mosaic,CH
R3,1,Glechoma.hederacea,3.463605901,Rural.habitat.mosaic,CH
R3,1,Glechoma.hederacea,122.3807418,Rural.habitat.mosaic,CH
R3,1,Glechoma.hederacea,12.6998883,Rural.habitat.mosaic,CH
R3,1,Glechoma.hederacea,6.927211801,Rural.habitat.mosaic,CH
A2,1,Glechoma.hederacea,4.233296101,Intensive.agriculture,CH
A2,1,Glechoma.hederacea,9.236282402,Intensive.agriculture,CH
A2,1,Glechoma.hederacea,23.090706,Intensive.agriculture,CH
A2,1,Glechoma.hederacea,98.13550052,Intensive.agriculture,CH
R1,1,Glechoma.hederacea,6.927211801,Rural.habitat.mosaic,CH
R1,1,Glechoma.hederacea,4.618141201,Rural.habitat.mosaic,CH
R1,1,Glechoma.hederacea,23.090706,Rural.habitat.mosaic,CH
R1,1,Glechoma.hederacea,6.927211801,Rural.habitat.mosaic,CH
R1,1,Glechoma.hederacea,2.3090706,Rural.habitat.mosaic,CH
R4,1,Glechoma.hederacea,19.6271001,Rural.habitat.mosaic,CH
R4,1,Glechoma.hederacea,24.2452413,Rural.habitat.mosaic,CH
R4,1,Glechoma.hederacea,18.4725648,Rural.habitat.mosaic,CH
R4,1,Glechoma.hederacea,21.9361707,Rural.habitat.mosaic,CH
R4,1,Glechoma.hederacea,10.3908177,Rural.habitat.mosaic,CH
R1,1,Glechoma.hederacea,3.463605901,Rural.habitat.mosaic,CH
R1,1,Glechoma.hederacea,2.3090706,Rural.habitat.mosaic,CH
R2,1,Glechoma.hederacea,1.1545353,Rural.habitat.mosaic,CH
R2,1,Glechoma.hederacea,1.1545353,Rural.habitat.mosaic,CH
R2,1,Glechoma.hederacea,1.1545353,Rural.habitat.mosaic,CH
R2,1,Glechoma.hederacea,9.236282402,Rural.habitat.mosaic,CH
R2,1,Glechoma.hederacea,2.3090706,Rural.habitat.mosaic,CH
R2,1,Glechoma.hederacea,6.927211801,Rural.habitat.mosaic,CH
R2,1,Glechoma.hederacea,3.463605901,Rural.habitat.mosaic,CH
R2,1,Glechoma.hederacea,4.618141201,Rural.habitat.mosaic,CH
R2,1,Glechoma.hederacea,10.3908177,Rural.habitat.mosaic,CH
R1,1,Glechoma.hederacea,3.078760801,Rural.habitat.mosaic,CH
R1,1,Glechoma.hederacea,0.3848451,Rural.habitat.mosaic,CH
R1,1,Glechoma.hederacea,6.542366701,Rural.habitat.mosaic,CH
R1,1,Glechoma.hederacea,3.848451001,Rural.habitat.mosaic,CH
R1,1,Glechoma.hederacea,7.312056901,Rural.habitat.mosaic,CH
A1,2,Glechoma.hederacea,0.7696902,Intensive.agriculture,CH
R3,2,Glechoma.hederacea,0.3848451,Rural.habitat.mosaic,CH
A1,2,Glechoma.hederacea,10.3908177,Intensive.agriculture,CH
A1,2,Glechoma.hederacea,33.86636881,Intensive.agriculture,CH
A1,2,Glechoma.hederacea,1.1545353,Intensive.agriculture,CH
A3,3,Helianthus.annuus,314.1592654,Intensive.agriculture,CH
A3,3,Helianthus.annuus,314.1592654,Intensive.agriculture,CH
A3,3,Helianthus.annuus,942.4777961,Intensive.agriculture,CH
A3,3,Helianthus.annuus,314.1592654,Intensive.agriculture,CH
A3,3,Helianthus.annuus,942.4777961,Intensive.agriculture,CH
A3,3,Helianthus.annuus,628.3185307,Intensive.agriculture,CH
A3,3,Helianthus.annuus,1256.637061,Intensive.agriculture,CH
A3,3,Helianthus.annuus,628.3185307,Intensive.agriculture,CH
A3,3,Helianthus.annuus,1570.796327,Intensive.agriculture,CH
A3,3,Helianthus.annuus,942.4777961,Intensive.agriculture,CH
A3,3,Helianthus.annuus,314.1592654,Intensive.agriculture,CH
A3,3,Helianthus.annuus,628.3185307,Intensive.agriculture,CH
A3,3,Helianthus.annuus,314.1592654,Intensive.agriculture,CH
A3,3,Helianthus.annuus,1256.637061,Intensive.agriculture,CH
A3,3,Helianthus.annuus,628.3185307,Intensive.agriculture,CH
A3,3,Helianthus.annuus,628.3185307,Intensive.agriculture,CH
A3,3,Helianthus.annuus,314.1592654,Intensive.agriculture,CH
A3,3,Helianthus.annuus,1256.637061,Intensive.agriculture,CH
A3,3,Helianthus.annuus,628.3185307,Intensive.agriculture,CH
A3,3,Helianthus.annuus,1570.796327,Intensive.agriculture,CH
A3,3,Helianthus.annuus,1570.796327,Intensive.agriculture,CH
A3,3,Helianthus.annuus,314.1592654,Intensive.agriculture,CH
A3,3,Helianthus.annuus,628.3185307,Intensive.agriculture,CH
A3,3,Helianthus.annuus,942.4777961,Intensive.agriculture,CH
A3,3,Helianthus.annuus,1884.955592,Intensive.agriculture,CH
A3,3,Helianthus.annuus,1884.955592,Intensive.agriculture,CH
A3,3,Helianthus.annuus,1256.637061,Intensive.agriculture,CH
A3,3,Helianthus.annuus,628.3185307,Intensive.agriculture,CH
A3,3,Helianthus.annuus,1256.637061,Intensive.agriculture,CH
A4,3,Helianthus.annuus,1570.796327,Intensive.agriculture,CH
A4,3,Helianthus.annuus,314.1592654,Intensive.agriculture,CH
A4,3,Helianthus.annuus,628.3185307,Intensive.agriculture,CH
A4,3,Helianthus.annuus,314.1592654,Intensive.agriculture,CH
A2,3,Helianthus.annuus,314.1592654,Intensive.agriculture,CH
A2,3,Helianthus.annuus,314.1592654,Intensive.agriculture,CH
A2,3,Helianthus.annuus,314.1592654,Intensive.agriculture,CH
A2,3,Helianthus.annuus,1256.637061,Intensive.agriculture,CH
A2,3,Helianthus.annuus,1884.955592,Intensive.agriculture,CH
A2,3,Helianthus.annuus,314.1592654,Intensive.agriculture,CH
A2,3,Helianthus.annuus,628.3185307,Intensive.agriculture,CH
A2,3,Helianthus.annuus,314.1592654,Intensive.agriculture,CH
A2,3,Helianthus.annuus,3455.751919,Intensive.agriculture,CH
R1,1,Heracleum.sphondylium,258.7828829,Rural.habitat.mosaic,CH
R2,1,Heracleum.sphondylium,258.7828829,Rural.habitat.mosaic,CH
R2,2,Heracleum.sphondylium,83.91052606,Rural.habitat.mosaic,CH
R2,2,Heracleum.sphondylium,83.91052606,Rural.habitat.mosaic,CH
R1,2,Heracleum.sphondylium,56.41043769,Rural.habitat.mosaic,CH
R3,2,Heracleum.sphondylium,129.3914414,Rural.habitat.mosaic,CH
R3,2,Heracleum.sphondylium,388.1743243,Rural.habitat.mosaic,CH
R2,3,Heracleum.sphondylium,27.50008837,Rural.habitat.mosaic,CH
R2,3,Heracleum.sphondylium,39.48730638,Rural.habitat.mosaic,CH
A1,3,Heracleum.sphondylium,84.61565653,Intensive.agriculture,CH
A1,3,Heracleum.sphondylium,260.8982743,Intensive.agriculture,CH
A4,3,Heracleum.sphondylium,2062.506628,Intensive.agriculture,CH
A4,3,Heracleum.sphondylium,1237.503977,Intensive.agriculture,CH
A3,3,Heracleum.sphondylium,183.3339225,Intensive.agriculture,CH
R3,3,Heracleum.sphondylium,31.7308712,Rural.habitat.mosaic,CH
R3,3,Heracleum.sphondylium,108.5900925,Rural.habitat.mosaic,CH
R3,3,Heracleum.sphondylium,101.5387878,Rural.habitat.mosaic,CH
R2,3,Hypericum.hirsutum,24.92853771,Rural.habitat.mosaic,CH
A4,2,Hypericum.perforatum,14.72621556,Intensive.agriculture,CH
A4,2,Hypericum.perforatum,98.17477042,Intensive.agriculture,CH
R4,3,Hypericum.perforatum,83.44855486,Rural.habitat.mosaic,CH
R4,3,Hypericum.perforatum,132.5359401,Rural.habitat.mosaic,CH
R1,3,Hypericum.perforatum,338.702958,Rural.habitat.mosaic,CH
A4,3,Hypericum.perforatum,294.5243113,Intensive.agriculture,CH
A4,3,Hypericum.perforatum,83.44855486,Intensive.agriculture,CH
A4,3,Hypericum.perforatum,29.45243113,Intensive.agriculture,CH
A2,3,Hypericum.perforatum,24.54369261,Intensive.agriculture,CH
R3,2,Hypochaeris.radicata,7.068583471,Rural.habitat.mosaic,CH
R3,2,Hypochaeris.radicata,7.068583471,Rural.habitat.mosaic,CH
R3,2,Hypochaeris.radicata,35.34291735,Rural.habitat.mosaic,CH
R3,2,Hypochaeris.radicata,176.7145868,Rural.habitat.mosaic,CH
R3,2,Hypochaeris.radicata,106.0287521,Rural.habitat.mosaic,CH
R3,2,Hypochaeris.radicata,113.0973355,Rural.habitat.mosaic,CH
A2,2,Hypochaeris.radicata,21.20575041,Intensive.agriculture,CH
A2,2,Hypochaeris.radicata,98.96016859,Intensive.agriculture,CH
A4,2,Hypochaeris.radicata,42.41150082,Intensive.agriculture,CH
R2,3,Hypochaeris.radicata,7.068583471,Rural.habitat.mosaic,CH
R3,3,Hypochaeris.radicata,7.068583471,Rural.habitat.mosaic,CH
R3,3,Hypochaeris.radicata,7.068583471,Rural.habitat.mosaic,CH
R3,3,Hypochaeris.radicata,21.20575041,Rural.habitat.mosaic,CH
R4,2,Impatiens.parviflora,5.301437603,Rural.habitat.mosaic,CH
R4,2,Impatiens.parviflora,5.301437603,Rural.habitat.mosaic,CH
R4,2,Impatiens.parviflora,8.835729338,Rural.habitat.mosaic,CH
R4,2,Impatiens.parviflora,1.767145868,Rural.habitat.mosaic,CH
R4,2,Impatiens.parviflora,12.37002107,Rural.habitat.mosaic,CH
R4,3,Impatiens.parviflora,1.767145868,Rural.habitat.mosaic,CH
R4,3,Impatiens.parviflora,5.301437603,Rural.habitat.mosaic,CH
R4,3,Impatiens.parviflora,15.90431281,Rural.habitat.mosaic,CH
R4,3,Impatiens.parviflora,12.37002107,Rural.habitat.mosaic,CH
R4,3,Impatiens.parviflora,3.534291735,Rural.habitat.mosaic,CH
R3,3,Impatiens.parviflora,35.34291735,Rural.habitat.mosaic,CH
R3,3,Impatiens.parviflora,3.534291735,Rural.habitat.mosaic,CH
R3,3,Impatiens.parviflora,3.534291735,Rural.habitat.mosaic,CH
R3,3,Impatiens.parviflora,10.60287521,Rural.habitat.mosaic,CH
R3,3,Impatiens.parviflora,12.37002107,Rural.habitat.mosaic,CH
R1,1,Knautia.arvensis,12.56637061,Rural.habitat.mosaic,CH
R1,1,Knautia.arvensis,12.56637061,Rural.habitat.mosaic,CH
R1,1,Knautia.arvensis,12.56637061,Rural.habitat.mosaic,CH
R1,1,Knautia.arvensis,12.56637061,Rural.habitat.mosaic,CH
R1,1,Knautia.arvensis,12.56637061,Rural.habitat.mosaic,CH
R2,1,Knautia.arvensis,12.56637061,Rural.habitat.mosaic,CH
R2,1,Knautia.arvensis,50.26548246,Rural.habitat.mosaic,CH
R2,1,Knautia.arvensis,37.69911184,Rural.habitat.mosaic,CH
R2,1,Knautia.arvensis,12.56637061,Rural.habitat.mosaic,CH
R2,1,Knautia.arvensis,62.83185307,Rural.habitat.mosaic,CH
A1,1,Knautia.arvensis,12.56637061,Intensive.agriculture,CH
A1,2,Knautia.arvensis,37.69911184,Intensive.agriculture,CH
A1,2,Knautia.arvensis,100.5309649,Intensive.agriculture,CH
A1,2,Knautia.arvensis,37.69911184,Intensive.agriculture,CH
A1,2,Knautia.arvensis,62.83185307,Intensive.agriculture,CH
A1,2,Knautia.arvensis,100.5309649,Intensive.agriculture,CH
A1,2,Knautia.arvensis,25.13274123,Intensive.agriculture,CH
A1,2,Knautia.arvensis,25.13274123,Intensive.agriculture,CH
A1,2,Knautia.arvensis,12.56637061,Intensive.agriculture,CH
A1,2,Knautia.arvensis,263.8937829,Intensive.agriculture,CH
A1,2,Knautia.arvensis,25.13274123,Intensive.agriculture,CH
A1,2,Knautia.arvensis,12.56637061,Intensive.agriculture,CH
A1,2,Knautia.arvensis,75.39822369,Intensive.agriculture,CH
A1,2,Knautia.arvensis,25.13274123,Intensive.agriculture,CH
A1,2,Knautia.arvensis,12.56637061,Intensive.agriculture,CH
A1,2,Knautia.arvensis,213.6283004,Intensive.agriculture,CH
A1,2,Knautia.arvensis,25.13274123,Intensive.agriculture,CH
R2,2,Knautia.arvensis,12.56637061,Rural.habitat.mosaic,CH
R2,2,Knautia.arvensis,75.39822369,Rural.habitat.mosaic,CH
R2,2,Knautia.arvensis,75.39822369,Rural.habitat.mosaic,CH
R2,2,Knautia.arvensis,62.83185307,Rural.habitat.mosaic,CH
R2,2,Knautia.arvensis,87.9645943,Rural.habitat.mosaic,CH
R2,2,Knautia.arvensis,37.69911184,Rural.habitat.mosaic,CH
R2,2,Knautia.arvensis,37.69911184,Rural.habitat.mosaic,CH
R3,2,Knautia.arvensis,75.39822369,Rural.habitat.mosaic,CH
R3,2,Knautia.arvensis,113.0973355,Rural.habitat.mosaic,CH
R3,2,Knautia.arvensis,50.26548246,Rural.habitat.mosaic,CH
R3,2,Knautia.arvensis,25.13274123,Rural.habitat.mosaic,CH
R3,2,Knautia.arvensis,75.39822369,Rural.habitat.mosaic,CH
R3,2,Knautia.arvensis,138.2300768,Rural.habitat.mosaic,CH
R3,2,Knautia.arvensis,12.56637061,Rural.habitat.mosaic,CH
R3,2,Knautia.arvensis,25.13274123,Rural.habitat.mosaic,CH
R3,2,Knautia.arvensis,25.13274123,Rural.habitat.mosaic,CH
R3,2,Knautia.arvensis,37.69911184,Rural.habitat.mosaic,CH
R3,2,Knautia.arvensis,37.69911184,Rural.habitat.mosaic,CH
R3,2,Knautia.arvensis,50.26548246,Rural.habitat.mosaic,CH
R3,2,Knautia.arvensis,87.9645943,Rural.habitat.mosaic,CH
R3,2,Knautia.arvensis,25.13274123,Rural.habitat.mosaic,CH
R3,2,Knautia.arvensis,25.13274123,Rural.habitat.mosaic,CH
A2,2,Knautia.arvensis,12.56637061,Intensive.agriculture,CH
A2,2,Knautia.arvensis,113.0973355,Intensive.agriculture,CH
A2,2,Knautia.arvensis,87.9645943,Intensive.agriculture,CH
A2,2,Knautia.arvensis,37.69911184,Intensive.agriculture,CH
A2,2,Knautia.arvensis,163.362818,Intensive.agriculture,CH
A2,2,Knautia.arvensis,25.13274123,Intensive.agriculture,CH
R2,2,Knautia.arvensis,87.9645943,Rural.habitat.mosaic,CH
R2,2,Knautia.arvensis,50.26548246,Rural.habitat.mosaic,CH
R2,2,Knautia.arvensis,12.56637061,Rural.habitat.mosaic,CH
R2,2,Knautia.arvensis,414.6902303,Rural.habitat.mosaic,CH
R2,2,Knautia.arvensis,25.13274123,Rural.habitat.mosaic,CH
R2,2,Knautia.arvensis,25.13274123,Rural.habitat.mosaic,CH
R2,2,Knautia.arvensis,25.13274123,Rural.habitat.mosaic,CH
R2,2,Knautia.arvensis,12.56637061,Rural.habitat.mosaic,CH
R2,2,Knautia.arvensis,12.56637061,Rural.habitat.mosaic,CH
R2,2,Knautia.arvensis,50.26548246,Rural.habitat.mosaic,CH
A3,2,Knautia.arvensis,75.39822369,Intensive.agriculture,CH
A3,2,Knautia.arvensis,37.69911184,Intensive.agriculture,CH
A3,2,Knautia.arvensis,226.1946711,Intensive.agriculture,CH
A3,2,Knautia.arvensis,50.26548246,Intensive.agriculture,CH
A3,2,Knautia.arvensis,125.6637061,Intensive.agriculture,CH
A3,2,Knautia.arvensis,75.39822369,Intensive.agriculture,CH
A3,2,Knautia.arvensis,238.7610417,Intensive.agriculture,CH
A3,2,Knautia.arvensis,100.5309649,Intensive.agriculture,CH
A3,2,Knautia.arvensis,87.9645943,Intensive.agriculture,CH
A3,2,Knautia.arvensis,138.2300768,Intensive.agriculture,CH
A3,2,Knautia.arvensis,62.83185307,Intensive.agriculture,CH
A3,2,Knautia.arvensis,150.7964474,Intensive.agriculture,CH
A3,2,Knautia.arvensis,50.26548246,Intensive.agriculture,CH
A3,2,Knautia.arvensis,100.5309649,Intensive.agriculture,CH
A3,2,Knautia.arvensis,62.83185307,Intensive.agriculture,CH
A3,2,Knautia.arvensis,75.39822369,Intensive.agriculture,CH
A3,2,Knautia.arvensis,276.4601535,Intensive.agriculture,CH
A4,2,Knautia.arvensis,12.56637061,Intensive.agriculture,CH
A4,2,Knautia.arvensis,12.56637061,Intensive.agriculture,CH
A4,2,Knautia.arvensis,25.13274123,Intensive.agriculture,CH
R2,3,Knautia.arvensis,12.56637061,Rural.habitat.mosaic,CH
A3,3,Knautia.arvensis,12.56637061,Intensive.agriculture,CH
A3,3,Knautia.arvensis,12.56637061,Intensive.agriculture,CH
A3,3,Knautia.arvensis,12.56637061,Intensive.agriculture,CH
A3,3,Knautia.arvensis,12.56637061,Intensive.agriculture,CH
A2,3,Knautia.arvensis,12.56637061,Intensive.agriculture,CH
A2,3,Knautia.arvensis,25.13274123,Intensive.agriculture,CH
A2,3,Knautia.arvensis,50.26548246,Intensive.agriculture,CH
A2,3,Knautia.arvensis,12.56637061,Intensive.agriculture,CH
A2,3,Knautia.arvensis,50.26548246,Intensive.agriculture,CH
A2,3,Knautia.arvensis,37.69911184,Intensive.agriculture,CH
A2,3,Knautia.arvensis,12.56637061,Intensive.agriculture,CH
R3,3,Knautia.arvensis,12.56637061,Rural.habitat.mosaic,CH
R3,3,Knautia.arvensis,62.83185307,Rural.habitat.mosaic,CH
R3,3,Knautia.arvensis,25.13274123,Rural.habitat.mosaic,CH
R3,3,Knautia.arvensis,25.13274123,Rural.habitat.mosaic,CH
R3,3,Knautia.arvensis,12.56637061,Rural.habitat.mosaic,CH
R1,2,Knautia.arvensis,75.39822369,Rural.habitat.mosaic,CH
R1,2,Knautia.arvensis,12.56637061,Rural.habitat.mosaic,CH
R1,2,Knautia.arvensis,25.13274123,Rural.habitat.mosaic,CH
R1,2,Knautia.arvensis,87.9645943,Rural.habitat.mosaic,CH
R1,2,Knautia.arvensis,289.0265241,Rural.habitat.mosaic,CH
R1,2,Knautia.arvensis,12.56637061,Rural.habitat.mosaic,CH
R1,2,Knautia.arvensis,12.56637061,Rural.habitat.mosaic,CH
R1,2,Knautia.arvensis,25.13274123,Rural.habitat.mosaic,CH
R1,2,Knautia.arvensis,37.69911184,Rural.habitat.mosaic,CH
R1,2,Knautia.arvensis,75.39822369,Rural.habitat.mosaic,CH
R1,2,Knautia.arvensis,12.56637061,Rural.habitat.mosaic,CH
R1,2,Knautia.arvensis,12.56637061,Rural.habitat.mosaic,CH
R3,3,Knautia.arvensis,50.26548246,Rural.habitat.mosaic,CH
R3,3,Knautia.arvensis,25.13274123,Rural.habitat.mosaic,CH
R1,2,Knautia.arvensis,25.13274123,Rural.habitat.mosaic,CH
R1,2,Knautia.arvensis,37.69911184,Rural.habitat.mosaic,CH
R1,2,Knautia.arvensis,12.56637061,Rural.habitat.mosaic,CH
R1,2,Knautia.arvensis,12.56637061,Rural.habitat.mosaic,CH
R1,2,Knautia.arvensis,62.83185307,Rural.habitat.mosaic,CH
R1,2,Knautia.arvensis,37.69911184,Rural.habitat.mosaic,CH
R1,2,Knautia.arvensis,50.26548246,Rural.habitat.mosaic,CH
R1,2,Knautia.arvensis,150.7964474,Rural.habitat.mosaic,CH
R1,2,Knautia.arvensis,226.1946711,Rural.habitat.mosaic,CH
R1,2,Knautia.arvensis,37.69911184,Rural.habitat.mosaic,CH
R1,2,Knautia.arvensis,138.2300768,Rural.habitat.mosaic,CH
R1,2,Knautia.arvensis,75.39822369,Rural.habitat.mosaic,CH
R1,2,Knautia.arvensis,25.13274123,Rural.habitat.mosaic,CH
R1,2,Knautia.arvensis,37.69911184,Rural.habitat.mosaic,CH
R1,2,Knautia.arvensis,12.56637061,Rural.habitat.mosaic,CH
R1,2,Knautia.arvensis,25.13274123,Rural.habitat.mosaic,CH
R1,2,Knautia.arvensis,12.56637061,Rural.habitat.mosaic,CH
R1,2,Knautia.arvensis,50.26548246,Rural.habitat.mosaic,CH
R1,2,Knautia.arvensis,150.7964474,Rural.habitat.mosaic,CH
R1,2,Knautia.arvensis,87.9645943,Rural.habitat.mosaic,CH
R1,2,Knautia.arvensis,12.56637061,Rural.habitat.mosaic,CH
R1,2,Knautia.arvensis,25.13274123,Rural.habitat.mosaic,CH
R3,1,Lamium.galeobdolon,17.27875959,Rural.habitat.mosaic,CH
R4,1,Lamium.galeobdolon,8.639379797,Rural.habitat.mosaic,CH
R4,1,Lamium.galeobdolon,285.0995333,Rural.habitat.mosaic,CH
R4,1,Lamium.galeobdolon,43.19689899,Rural.habitat.mosaic,CH
R4,1,Lamium.galeobdolon,17.27875959,Rural.habitat.mosaic,CH
R3,2,Lamium.galeobdolon,27.48893572,Rural.habitat.mosaic,CH
R3,2,Lamium.galeobdolon,3.926990817,Rural.habitat.mosaic,CH
R3,1,Lamium.purpureum,4.618141201,Rural.habitat.mosaic,CH
R3,1,Lamium.purpureum,11.545353,Rural.habitat.mosaic,CH
R3,1,Lamium.purpureum,4.618141201,Rural.habitat.mosaic,CH
R3,1,Lamium.purpureum,2.3090706,Rural.habitat.mosaic,CH
R3,1,Lamium.purpureum,4.618141201,Rural.habitat.mosaic,CH
R3,1,Lamium.purpureum,34.63605901,Rural.habitat.mosaic,CH
R3,1,Lamium.purpureum,2.3090706,Rural.habitat.mosaic,CH
R3,1,Lamium.purpureum,96.98096522,Rural.habitat.mosaic,CH
R3,1,Lamium.purpureum,13.8544236,Rural.habitat.mosaic,CH
R3,1,Lamium.purpureum,27.7088472,Rural.habitat.mosaic,CH
R3,1,Lamium.purpureum,6.927211801,Rural.habitat.mosaic,CH
R3,1,Lamium.purpureum,73.89025921,Rural.habitat.mosaic,CH
R3,1,Lamium.purpureum,2.3090706,Rural.habitat.mosaic,CH
R3,1,Lamium.purpureum,6.927211801,Rural.habitat.mosaic,CH
R3,1,Lamium.purpureum,13.8544236,Rural.habitat.mosaic,CH
R3,1,Lamium.purpureum,6.927211801,Rural.habitat.mosaic,CH
A2,1,Lamium.purpureum,25.3997766,Intensive.agriculture,CH
A2,1,Lamium.purpureum,94.67189462,Intensive.agriculture,CH
A2,1,Lamium.purpureum,73.89025921,Intensive.agriculture,CH
A2,1,Lamium.purpureum,16.1634942,Intensive.agriculture,CH
A2,1,Lamium.purpureum,39.25420021,Intensive.agriculture,CH
A4,1,Lamium.purpureum,48.49048261,Intensive.agriculture,CH
A4,1,Lamium.purpureum,39.25420021,Intensive.agriculture,CH
A4,2,Lamium.purpureum,0.7696902,Intensive.agriculture,CH
A4,3,Lamium.purpureum,0.7696902,Intensive.agriculture,CH
A4,3,Lamium.purpureum,1.9242255,Intensive.agriculture,CH
A4,3,Lamium.purpureum,1.1545353,Intensive.agriculture,CH
A2,3,Lamium.purpureum,2.3090706,Intensive.agriculture,CH
A2,3,Lamium.purpureum,0.3848451,Intensive.agriculture,CH
A2,3,Lamium.purpureum,0.3848451,Intensive.agriculture,CH
A2,3,Lamium.purpureum,3.078760801,Intensive.agriculture,CH
A2,3,Lamium.purpureum,2.6939157,Intensive.agriculture,CH
A2,3,Lamium.purpureum,0.7696902,Intensive.agriculture,CH
A2,3,Lamium.purpureum,1.5393804,Intensive.agriculture,CH
A4,2,Lapsana.communis,28.27433388,Intensive.agriculture,CH
R4,2,Lapsana.communis,56.54866776,Rural.habitat.mosaic,CH
R1,3,Lapsana.communis,14.13716694,Rural.habitat.mosaic,CH
R4,3,Lapsana.communis,35.34291735,Rural.habitat.mosaic,CH
R4,3,Lapsana.communis,21.20575041,Rural.habitat.mosaic,CH
R4,3,Lapsana.communis,35.34291735,Rural.habitat.mosaic,CH
R3,3,Lapsana.communis,70.68583471,Rural.habitat.mosaic,CH
R3,3,Lapsana.communis,56.54866776,Rural.habitat.mosaic,CH
R3,2,Lathyrus.pratensis,7.068583471,Rural.habitat.mosaic,CH
R3,2,Lathyrus.pratensis,3.141592654,Rural.habitat.mosaic,CH
R2,2,Lathyrus.pratensis,3.141592654,Rural.habitat.mosaic,CH
A2,2,Lathyrus.pratensis,23.5619449,Intensive.agriculture,CH
A2,2,Lathyrus.pratensis,7.068583471,Intensive.agriculture,CH
A2,2,Lathyrus.pratensis,9.424777961,Intensive.agriculture,CH
R2,3,Lathyrus.pratensis,0.785398163,Rural.habitat.mosaic,CH
R2,3,Lathyrus.pratensis,11.78097245,Rural.habitat.mosaic,CH
R2,3,Lathyrus.pratensis,1.570796327,Rural.habitat.mosaic,CH
R2,3,Lathyrus.pratensis,1.570796327,Rural.habitat.mosaic,CH
R1,3,Lathyrus.pratensis,3.141592654,Rural.habitat.mosaic,CH
R1,2,Lathyrus.pratensis,27.48893572,Rural.habitat.mosaic,CH
R1,2,Lathyrus.pratensis,7.068583471,Rural.habitat.mosaic,CH
R3,2,Leontodon.hispidus,87.9645943,Rural.habitat.mosaic,CH
R3,2,Leontodon.hispidus,251.3274123,Rural.habitat.mosaic,CH
R2,2,Leontodon.hispidus,12.56637061,Rural.habitat.mosaic,CH
A2,2,Leontodon.hispidus,12.56637061,Intensive.agriculture,CH
A2,2,Leontodon.hispidus,25.13274123,Intensive.agriculture,CH
R2,3,Leontodon.hispidus,37.69911184,Rural.habitat.mosaic,CH
R2,3,Leontodon.hispidus,37.69911184,Rural.habitat.mosaic,CH
R2,3,Leontodon.hispidus,12.56637061,Rural.habitat.mosaic,CH
R2,3,Leontodon.hispidus,12.56637061,Rural.habitat.mosaic,CH
R2,3,Leontodon.hispidus,12.56637061,Rural.habitat.mosaic,CH
R2,3,Leontodon.hispidus,12.56637061,Rural.habitat.mosaic,CH
A1,3,Leontodon.hispidus,12.56637061,Intensive.agriculture,CH
R1,3,Leontodon.hispidus,25.13274123,Rural.habitat.mosaic,CH
R1,3,Leontodon.hispidus,12.56637061,Rural.habitat.mosaic,CH
A2,3,Leontodon.hispidus,37.69911184,Intensive.agriculture,CH
A2,3,Leontodon.hispidus,12.56637061,Intensive.agriculture,CH
R2,1,Leucanthemum.vulgare,113.0973355,Rural.habitat.mosaic,CH
R2,1,Leucanthemum.vulgare,62.83185307,Rural.habitat.mosaic,CH
R2,1,Leucanthemum.vulgare,37.69911184,Rural.habitat.mosaic,CH
R2,1,Leucanthemum.vulgare,75.39822369,Rural.habitat.mosaic,CH
R2,1,Leucanthemum.vulgare,238.7610417,Rural.habitat.mosaic,CH
R2,1,Leucanthemum.vulgare,12.56637061,Rural.habitat.mosaic,CH
A1,2,Leucanthemum.vulgare,37.69911184,Intensive.agriculture,CH
A1,2,Leucanthemum.vulgare,50.26548246,Intensive.agriculture,CH
A1,2,Leucanthemum.vulgare,62.83185307,Intensive.agriculture,CH
A1,2,Leucanthemum.vulgare,25.13274123,Intensive.agriculture,CH
A1,2,Leucanthemum.vulgare,125.6637061,Intensive.agriculture,CH
A1,2,Leucanthemum.vulgare,37.69911184,Intensive.agriculture,CH
R3,2,Leucanthemum.vulgare,113.0973355,Rural.habitat.mosaic,CH
R3,2,Leucanthemum.vulgare,779.1149781,Rural.habitat.mosaic,CH
R3,2,Leucanthemum.vulgare,12.56637061,Rural.habitat.mosaic,CH
R3,2,Leucanthemum.vulgare,678.5840132,Rural.habitat.mosaic,CH
R3,2,Leucanthemum.vulgare,125.6637061,Rural.habitat.mosaic,CH
R3,2,Leucanthemum.vulgare,87.9645943,Rural.habitat.mosaic,CH
R3,2,Leucanthemum.vulgare,12.56637061,Rural.habitat.mosaic,CH
R3,2,Leucanthemum.vulgare,25.13274123,Rural.habitat.mosaic,CH
R3,2,Leucanthemum.vulgare,62.83185307,Rural.habitat.mosaic,CH
R3,2,Leucanthemum.vulgare,12.56637061,Rural.habitat.mosaic,CH
R3,2,Leucanthemum.vulgare,1093.274243,Rural.habitat.mosaic,CH
R3,2,Leucanthemum.vulgare,50.26548246,Rural.habitat.mosaic,CH
A2,2,Leucanthemum.vulgare,75.39822369,Intensive.agriculture,CH
A2,2,Leucanthemum.vulgare,87.9645943,Intensive.agriculture,CH
A2,2,Leucanthemum.vulgare,113.0973355,Intensive.agriculture,CH
A2,2,Leucanthemum.vulgare,62.83185307,Intensive.agriculture,CH
A2,2,Leucanthemum.vulgare,12.56637061,Intensive.agriculture,CH
R2,2,Leucanthemum.vulgare,226.1946711,Rural.habitat.mosaic,CH
R2,2,Leucanthemum.vulgare,289.0265241,Rural.habitat.mosaic,CH
R2,2,Leucanthemum.vulgare,1721.592774,Rural.habitat.mosaic,CH
R2,2,Leucanthemum.vulgare,301.5928947,Rural.habitat.mosaic,CH
R2,2,Leucanthemum.vulgare,1432.56625,Rural.habitat.mosaic,CH
R2,2,Leucanthemum.vulgare,25.13274123,Rural.habitat.mosaic,CH
R2,2,Leucanthemum.vulgare,452.3893421,Rural.habitat.mosaic,CH
R2,2,Leucanthemum.vulgare,402.1238597,Rural.habitat.mosaic,CH
R2,2,Leucanthemum.vulgare,125.6637061,Rural.habitat.mosaic,CH
R2,2,Leucanthemum.vulgare,615.7521601,Rural.habitat.mosaic,CH
R2,2,Leucanthemum.vulgare,942.4777961,Rural.habitat.mosaic,CH
R2,2,Leucanthemum.vulgare,263.8937829,Rural.habitat.mosaic,CH
R2,2,Leucanthemum.vulgare,1771.858257,Rural.habitat.mosaic,CH
A3,2,Leucanthemum.vulgare,188.4955592,Intensive.agriculture,CH
A3,2,Leucanthemum.vulgare,263.8937829,Intensive.agriculture,CH
A3,2,Leucanthemum.vulgare,25.13274123,Intensive.agriculture,CH
A3,2,Leucanthemum.vulgare,565.4866776,Intensive.agriculture,CH
A3,2,Leucanthemum.vulgare,62.83185307,Intensive.agriculture,CH
A3,2,Leucanthemum.vulgare,138.2300768,Intensive.agriculture,CH
A3,2,Leucanthemum.vulgare,12.56637061,Intensive.agriculture,CH
A3,2,Leucanthemum.vulgare,150.7964474,Intensive.agriculture,CH
A2,2,Leucanthemum.vulgare,25.13274123,Intensive.agriculture,CH
A2,2,Leucanthemum.vulgare,175.9291886,Intensive.agriculture,CH
A2,2,Leucanthemum.vulgare,326.725636,Intensive.agriculture,CH
A2,2,Leucanthemum.vulgare,150.7964474,Intensive.agriculture,CH
A2,2,Leucanthemum.vulgare,100.5309649,Intensive.agriculture,CH
A2,2,Leucanthemum.vulgare,125.6637061,Intensive.agriculture,CH
A2,2,Leucanthemum.vulgare,188.4955592,Intensive.agriculture,CH
A2,2,Leucanthemum.vulgare,50.26548246,Intensive.agriculture,CH
A2,2,Leucanthemum.vulgare,326.725636,Intensive.agriculture,CH
A2,2,Leucanthemum.vulgare,50.26548246,Intensive.agriculture,CH
A2,2,Leucanthemum.vulgare,188.4955592,Intensive.agriculture,CH
A2,2,Leucanthemum.vulgare,138.2300768,Intensive.agriculture,CH
A2,2,Leucanthemum.vulgare,163.362818,Intensive.agriculture,CH
A2,2,Leucanthemum.vulgare,25.13274123,Intensive.agriculture,CH
A2,2,Leucanthemum.vulgare,100.5309649,Intensive.agriculture,CH
A2,2,Leucanthemum.vulgare,12.56637061,Intensive.agriculture,CH
A2,2,Leucanthemum.vulgare,75.39822369,Intensive.agriculture,CH
A4,2,Leucanthemum.vulgare,213.6283004,Intensive.agriculture,CH
A4,2,Leucanthemum.vulgare,125.6637061,Intensive.agriculture,CH
A4,2,Leucanthemum.vulgare,226.1946711,Intensive.agriculture,CH
A4,2,Leucanthemum.vulgare,100.5309649,Intensive.agriculture,CH
A4,2,Leucanthemum.vulgare,226.1946711,Intensive.agriculture,CH
A4,2,Leucanthemum.vulgare,201.0619298,Intensive.agriculture,CH
A4,2,Leucanthemum.vulgare,201.0619298,Intensive.agriculture,CH
A4,2,Leucanthemum.vulgare,50.26548246,Intensive.agriculture,CH
A4,2,Leucanthemum.vulgare,150.7964474,Intensive.agriculture,CH
A4,2,Leucanthemum.vulgare,25.13274123,Intensive.agriculture,CH
A4,2,Leucanthemum.vulgare,75.39822369,Intensive.agriculture,CH
A4,2,Leucanthemum.vulgare,12.56637061,Intensive.agriculture,CH
A4,2,Leucanthemum.vulgare,62.83185307,Intensive.agriculture,CH
A4,2,Leucanthemum.vulgare,87.9645943,Intensive.agriculture,CH
A4,2,Leucanthemum.vulgare,125.6637061,Intensive.agriculture,CH
A4,2,Leucanthemum.vulgare,12.56637061,Intensive.agriculture,CH
A4,2,Leucanthemum.vulgare,25.13274123,Intensive.agriculture,CH
A4,2,Leucanthemum.vulgare,12.56637061,Intensive.agriculture,CH
A4,2,Leucanthemum.vulgare,75.39822369,Intensive.agriculture,CH
A4,2,Leucanthemum.vulgare,25.13274123,Intensive.agriculture,CH
A4,2,Leucanthemum.vulgare,87.9645943,Intensive.agriculture,CH
A4,2,Leucanthemum.vulgare,37.69911184,Intensive.agriculture,CH
A4,2,Leucanthemum.vulgare,100.5309649,Intensive.agriculture,CH
A4,2,Leucanthemum.vulgare,37.69911184,Intensive.agriculture,CH
A4,2,Leucanthemum.vulgare,226.1946711,Intensive.agriculture,CH
A4,2,Leucanthemum.vulgare,12.56637061,Intensive.agriculture,CH
R4,2,Leucanthemum.vulgare,12.56637061,Rural.habitat.mosaic,CH
R4,2,Leucanthemum.vulgare,12.56637061,Rural.habitat.mosaic,CH
R4,2,Leucanthemum.vulgare,100.5309649,Rural.habitat.mosaic,CH
R2,3,Leucanthemum.vulgare,12.56637061,Rural.habitat.mosaic,CH
R2,3,Leucanthemum.vulgare,12.56637061,Rural.habitat.mosaic,CH
R2,3,Leucanthemum.vulgare,25.13274123,Rural.habitat.mosaic,CH
A4,3,Leucanthemum.vulgare,12.56637061,Intensive.agriculture,CH
A4,3,Leucanthemum.vulgare,25.13274123,Intensive.agriculture,CH
A4,3,Leucanthemum.vulgare,12.56637061,Intensive.agriculture,CH
A2,3,Leucanthemum.vulgare,37.69911184,Intensive.agriculture,CH
A2,3,Leucanthemum.vulgare,12.56637061,Intensive.agriculture,CH
R1,2,Leucanthemum.vulgare,87.9645943,Rural.habitat.mosaic,CH
R1,2,Leucanthemum.vulgare,226.1946711,Rural.habitat.mosaic,CH
R1,2,Leucanthemum.vulgare,50.26548246,Rural.habitat.mosaic,CH
R1,2,Leucanthemum.vulgare,87.9645943,Rural.habitat.mosaic,CH
R1,2,Leucanthemum.vulgare,62.83185307,Rural.habitat.mosaic,CH
R1,2,Leucanthemum.vulgare,50.26548246,Rural.habitat.mosaic,CH
R1,2,Leucanthemum.vulgare,50.26548246,Rural.habitat.mosaic,CH
R3,3,Leucanthemum.vulgare,25.13274123,Rural.habitat.mosaic,CH
R3,3,Leucanthemum.vulgare,12.56637061,Rural.habitat.mosaic,CH
R1,2,Leucanthemum.vulgare,12.56637061,Rural.habitat.mosaic,CH
R1,2,Leucanthemum.vulgare,12.56637061,Rural.habitat.mosaic,CH
R1,2,Leucanthemum.vulgare,226.1946711,Rural.habitat.mosaic,CH
R1,2,Leucanthemum.vulgare,25.13274123,Rural.habitat.mosaic,CH
R1,2,Leucanthemum.vulgare,12.56637061,Rural.habitat.mosaic,CH
R1,2,Leucanthemum.vulgare,50.26548246,Rural.habitat.mosaic,CH
R3,2,Ligustrum.vulgare,3.392920066,Rural.habitat.mosaic,CH
R3,2,Ligustrum.vulgare,19.79203372,Rural.habitat.mosaic,CH
A1,2,Ligustrum.vulgare,2.827433388,Intensive.agriculture,CH
A3,2,Ligustrum.vulgare,481.2291627,Intensive.agriculture,CH
A3,2,Ligustrum.vulgare,141.3716694,Intensive.agriculture,CH
A3,2,Ligustrum.vulgare,69.27211801,Intensive.agriculture,CH
A2,2,Ligustrum.vulgare,508.9380099,Intensive.agriculture,CH
A2,2,Ligustrum.vulgare,415.6327081,Intensive.agriculture,CH
A2,2,Ligustrum.vulgare,25.44690049,Intensive.agriculture,CH
A2,2,Ligustrum.vulgare,9.61327352,Intensive.agriculture,CH
A2,2,Ligustrum.vulgare,112.8145922,Intensive.agriculture,CH
A2,2,Ligustrum.vulgare,56.54866776,Intensive.agriculture,CH
R4,2,Ligustrum.vulgare,4.241150082,Rural.habitat.mosaic,CH
R1,2,Ligustrum.vulgare,12.44070691,Rural.habitat.mosaic,CH
R1,2,Ligustrum.vulgare,152.681403,Rural.habitat.mosaic,CH
R1,2,Ligustrum.vulgare,16.96460033,Rural.habitat.mosaic,CH
R1,2,Ligustrum.vulgare,124.4070691,Rural.habitat.mosaic,CH
A2,3,Linum.usitatissimum,14.13716694,Intensive.agriculture,CH
R2,1,Listera.ovata,5.301437603,Rural.habitat.mosaic,CH
R4,1,Lonicera.xylosteum,88.35729338,Rural.habitat.mosaic,CH
R4,1,Lonicera.xylosteum,113.0973355,Rural.habitat.mosaic,CH
R1,1,Lonicera.xylosteum,35.34291735,Rural.habitat.mosaic,CH
R1,1,Lotus.corniculatus,3.392920066,Rural.habitat.mosaic,CH
R1,1,Lotus.corniculatus,3.392920066,Rural.habitat.mosaic,CH
R1,1,Lotus.corniculatus,10.1787602,Rural.habitat.mosaic,CH
R1,1,Lotus.corniculatus,3.392920066,Rural.habitat.mosaic,CH
R1,1,Lotus.corniculatus,10.1787602,Rural.habitat.mosaic,CH
R1,1,Lotus.corniculatus,6.785840132,Rural.habitat.mosaic,CH
R1,1,Lotus.corniculatus,10.1787602,Rural.habitat.mosaic,CH
R1,1,Lotus.corniculatus,3.392920066,Rural.habitat.mosaic,CH
R1,1,Lotus.corniculatus,10.1787602,Rural.habitat.mosaic,CH
R1,1,Lotus.corniculatus,10.1787602,Rural.habitat.mosaic,CH
R1,1,Lotus.corniculatus,13.57168026,Rural.habitat.mosaic,CH
R2,1,Lotus.corniculatus,3.392920066,Rural.habitat.mosaic,CH
R2,1,Lotus.corniculatus,16.96460033,Rural.habitat.mosaic,CH
R2,1,Lotus.corniculatus,6.785840132,Rural.habitat.mosaic,CH
R2,1,Lotus.corniculatus,3.392920066,Rural.habitat.mosaic,CH
R2,1,Lotus.corniculatus,3.392920066,Rural.habitat.mosaic,CH
R2,1,Lotus.corniculatus,3.392920066,Rural.habitat.mosaic,CH
R1,1,Lotus.corniculatus,16.96460033,Rural.habitat.mosaic,CH
A1,2,Lotus.corniculatus,4.523893421,Intensive.agriculture,CH
A1,2,Lotus.corniculatus,27.14336053,Intensive.agriculture,CH
A1,2,Lotus.corniculatus,16.96460033,Intensive.agriculture,CH
A1,2,Lotus.corniculatus,38.45309408,Intensive.agriculture,CH
A1,2,Lotus.corniculatus,21.48849375,Intensive.agriculture,CH
A1,2,Lotus.corniculatus,50.89380099,Intensive.agriculture,CH
A1,2,Lotus.corniculatus,13.57168026,Intensive.agriculture,CH
A1,2,Lotus.corniculatus,20.3575204,Intensive.agriculture,CH
A1,2,Lotus.corniculatus,3.392920066,Intensive.agriculture,CH
A1,2,Lotus.corniculatus,2.261946711,Intensive.agriculture,CH
A1,2,Lotus.corniculatus,3.392920066,Intensive.agriculture,CH
A1,2,Lotus.corniculatus,33.92920066,Intensive.agriculture,CH
A1,2,Lotus.corniculatus,13.57168026,Intensive.agriculture,CH
A1,2,Lotus.corniculatus,54.28672105,Intensive.agriculture,CH
R2,2,Lotus.corniculatus,6.785840132,Rural.habitat.mosaic,CH
R2,2,Lotus.corniculatus,13.57168026,Rural.habitat.mosaic,CH
R2,2,Lotus.corniculatus,6.785840132,Rural.habitat.mosaic,CH
R2,2,Lotus.corniculatus,5.654866776,Rural.habitat.mosaic,CH
R2,2,Lotus.corniculatus,12.44070691,Rural.habitat.mosaic,CH
R2,2,Lotus.corniculatus,16.96460033,Rural.habitat.mosaic,CH
R2,2,Lotus.corniculatus,3.392920066,Rural.habitat.mosaic,CH
R3,2,Lotus.corniculatus,22.61946711,Rural.habitat.mosaic,CH
R3,2,Lotus.corniculatus,6.785840132,Rural.habitat.mosaic,CH
R3,2,Lotus.corniculatus,11.30973355,Rural.habitat.mosaic,CH
R3,2,Lotus.corniculatus,33.92920066,Rural.habitat.mosaic,CH
R3,2,Lotus.corniculatus,6.785840132,Rural.habitat.mosaic,CH
R3,2,Lotus.corniculatus,6.785840132,Rural.habitat.mosaic,CH
R3,2,Lotus.corniculatus,6.785840132,Rural.habitat.mosaic,CH
R3,2,Lotus.corniculatus,22.61946711,Rural.habitat.mosaic,CH
R3,2,Lotus.corniculatus,45.23893421,Rural.habitat.mosaic,CH
R3,2,Lotus.corniculatus,10.1787602,Rural.habitat.mosaic,CH
A2,2,Lotus.corniculatus,2.261946711,Intensive.agriculture,CH
R2,2,Lotus.corniculatus,2.261946711,Rural.habitat.mosaic,CH
R2,2,Lotus.corniculatus,7.916813487,Rural.habitat.mosaic,CH
R2,2,Lotus.corniculatus,4.523893421,Rural.habitat.mosaic,CH
R2,2,Lotus.corniculatus,1.130973355,Rural.habitat.mosaic,CH
R2,2,Lotus.corniculatus,9.047786842,Rural.habitat.mosaic,CH
R2,2,Lotus.corniculatus,2.261946711,Rural.habitat.mosaic,CH
A3,2,Lotus.corniculatus,6.785840132,Intensive.agriculture,CH
A3,2,Lotus.corniculatus,26.01238717,Intensive.agriculture,CH
A2,2,Lotus.corniculatus,7.916813487,Intensive.agriculture,CH
A2,2,Lotus.corniculatus,5.654866776,Intensive.agriculture,CH
A2,2,Lotus.corniculatus,15.83362697,Intensive.agriculture,CH
A2,2,Lotus.corniculatus,23.75044046,Intensive.agriculture,CH
A2,2,Lotus.corniculatus,5.654866776,Intensive.agriculture,CH
A2,2,Lotus.corniculatus,4.523893421,Intensive.agriculture,CH
A2,2,Lotus.corniculatus,4.523893421,Intensive.agriculture,CH
A2,2,Lotus.corniculatus,2.261946711,Intensive.agriculture,CH
A2,2,Lotus.corniculatus,2.261946711,Intensive.agriculture,CH
A4,2,Lotus.corniculatus,6.785840132,Intensive.agriculture,CH
A4,2,Lotus.corniculatus,10.1787602,Intensive.agriculture,CH
R2,3,Lotus.corniculatus,2.261946711,Rural.habitat.mosaic,CH
R2,3,Lotus.corniculatus,19.22654704,Rural.habitat.mosaic,CH
R2,3,Lotus.corniculatus,3.392920066,Rural.habitat.mosaic,CH
R2,3,Lotus.corniculatus,9.047786842,Rural.habitat.mosaic,CH
R2,3,Lotus.corniculatus,6.785840132,Rural.habitat.mosaic,CH
R2,3,Lotus.corniculatus,3.392920066,Rural.habitat.mosaic,CH
R2,3,Lotus.corniculatus,6.785840132,Rural.habitat.mosaic,CH
R2,3,Lotus.corniculatus,38.45309408,Rural.habitat.mosaic,CH
R2,3,Lotus.corniculatus,3.392920066,Rural.habitat.mosaic,CH
R2,3,Lotus.corniculatus,33.92920066,Rural.habitat.mosaic,CH
R2,3,Lotus.corniculatus,20.3575204,Rural.habitat.mosaic,CH
R2,3,Lotus.corniculatus,2.261946711,Rural.habitat.mosaic,CH
R2,3,Lotus.corniculatus,63.3345079,Rural.habitat.mosaic,CH
R2,3,Lotus.corniculatus,18.09557368,Rural.habitat.mosaic,CH
R2,3,Lotus.corniculatus,11.30973355,Rural.habitat.mosaic,CH
R2,3,Lotus.corniculatus,14.70265362,Rural.habitat.mosaic,CH
R2,3,Lotus.corniculatus,7.916813487,Rural.habitat.mosaic,CH
R2,3,Lotus.corniculatus,3.392920066,Rural.habitat.mosaic,CH
R2,3,Lotus.corniculatus,2.261946711,Rural.habitat.mosaic,CH
A1,3,Lotus.corniculatus,63.3345079,Intensive.agriculture,CH
A1,3,Lotus.corniculatus,26.01238717,Intensive.agriculture,CH
A1,3,Lotus.corniculatus,1.130973355,Intensive.agriculture,CH
A1,3,Lotus.corniculatus,39.58406744,Intensive.agriculture,CH
A1,3,Lotus.corniculatus,2.261946711,Intensive.agriculture,CH
A1,3,Lotus.corniculatus,15.83362697,Intensive.agriculture,CH
A1,3,Lotus.corniculatus,14.70265362,Intensive.agriculture,CH
A1,3,Lotus.corniculatus,4.523893421,Intensive.agriculture,CH
R1,3,Lotus.corniculatus,1.130973355,Rural.habitat.mosaic,CH
R1,3,Lotus.corniculatus,10.1787602,Rural.habitat.mosaic,CH
R1,3,Lotus.corniculatus,16.96460033,Rural.habitat.mosaic,CH
R1,3,Lotus.corniculatus,23.75044046,Rural.habitat.mosaic,CH
R1,3,Lotus.corniculatus,14.70265362,Rural.habitat.mosaic,CH
R1,3,Lotus.corniculatus,3.392920066,Rural.habitat.mosaic,CH
R1,3,Lotus.corniculatus,6.785840132,Rural.habitat.mosaic,CH
R1,3,Lotus.corniculatus,3.392920066,Rural.habitat.mosaic,CH
R1,3,Lotus.corniculatus,7.916813487,Rural.habitat.mosaic,CH
R1,3,Lotus.corniculatus,7.916813487,Rural.habitat.mosaic,CH
R1,3,Lotus.corniculatus,6.785840132,Rural.habitat.mosaic,CH
R1,3,Lotus.corniculatus,9.047786842,Rural.habitat.mosaic,CH
R1,3,Lotus.corniculatus,4.523893421,Rural.habitat.mosaic,CH
R1,3,Lotus.corniculatus,9.047786842,Rural.habitat.mosaic,CH
R1,3,Lotus.corniculatus,97.26370856,Rural.habitat.mosaic,CH
R1,3,Lotus.corniculatus,38.45309408,Rural.habitat.mosaic,CH
R1,3,Lotus.corniculatus,48.63185428,Rural.habitat.mosaic,CH
R1,3,Lotus.corniculatus,67.85840132,Rural.habitat.mosaic,CH
R1,3,Lotus.corniculatus,45.23893421,Rural.habitat.mosaic,CH
A3,3,Lotus.corniculatus,2.261946711,Intensive.agriculture,CH
A3,3,Lotus.corniculatus,9.047786842,Intensive.agriculture,CH
A2,3,Lotus.corniculatus,85.953975,Intensive.agriculture,CH
A2,3,Lotus.corniculatus,100.6566286,Intensive.agriculture,CH
A2,3,Lotus.corniculatus,28.27433388,Intensive.agriculture,CH
A2,3,Lotus.corniculatus,5.654866776,Intensive.agriculture,CH
A2,3,Lotus.corniculatus,4.523893421,Intensive.agriculture,CH
A2,3,Lotus.corniculatus,1.130973355,Intensive.agriculture,CH
A2,3,Lotus.corniculatus,4.523893421,Intensive.agriculture,CH
A2,3,Lotus.corniculatus,12.44070691,Intensive.agriculture,CH
R3,3,Lotus.corniculatus,44.10796086,Rural.habitat.mosaic,CH
R3,3,Lotus.corniculatus,52.02477434,Rural.habitat.mosaic,CH
R3,3,Lotus.corniculatus,3.392920066,Rural.habitat.mosaic,CH
R3,3,Lotus.corniculatus,19.22654704,Rural.habitat.mosaic,CH
R3,3,Lotus.corniculatus,6.785840132,Rural.habitat.mosaic,CH
R3,3,Lotus.corniculatus,12.44070691,Rural.habitat.mosaic,CH
R3,3,Lotus.corniculatus,7.916813487,Rural.habitat.mosaic,CH
R3,3,Lotus.corniculatus,11.30973355,Rural.habitat.mosaic,CH
R3,3,Lotus.corniculatus,4.523893421,Rural.habitat.mosaic,CH
R3,3,Lotus.corniculatus,18.09557368,Rural.habitat.mosaic,CH
R3,3,Lotus.corniculatus,2.261946711,Rural.habitat.mosaic,CH
R3,3,Lotus.corniculatus,16.96460033,Rural.habitat.mosaic,CH
R3,3,Lotus.corniculatus,32.7982273,Rural.habitat.mosaic,CH
R3,3,Lotus.corniculatus,5.654866776,Rural.habitat.mosaic,CH
R3,3,Lotus.corniculatus,281.6123655,Rural.habitat.mosaic,CH
R3,3,Lotus.corniculatus,6.785840132,Rural.habitat.mosaic,CH
R3,3,Lotus.corniculatus,15.83362697,Rural.habitat.mosaic,CH
R1,2,Lotus.corniculatus,1.130973355,Rural.habitat.mosaic,CH
R1,2,Lotus.corniculatus,5.654866776,Rural.habitat.mosaic,CH
R3,3,Lotus.corniculatus,57.67964112,Rural.habitat.mosaic,CH
R3,3,Lotus.corniculatus,27.14336053,Rural.habitat.mosaic,CH
R1,2,Lotus.corniculatus,4.523893421,Rural.habitat.mosaic,CH
R1,2,Lotus.corniculatus,4.523893421,Rural.habitat.mosaic,CH
R1,2,Lotus.corniculatus,10.1787602,Rural.habitat.mosaic,CH
R1,2,Lotus.corniculatus,2.261946711,Rural.habitat.mosaic,CH
R1,2,Lotus.corniculatus,4.523893421,Rural.habitat.mosaic,CH
R1,2,Lotus.corniculatus,1.130973355,Rural.habitat.mosaic,CH
R1,2,Lotus.corniculatus,1.130973355,Rural.habitat.mosaic,CH
R1,2,Lotus.corniculatus,10.1787602,Rural.habitat.mosaic,CH
R3,2,Lysimachia.nemorum,58.31581363,Rural.habitat.mosaic,CH
A3,2,Lysimachia.nemorum,1.767145868,Intensive.agriculture,CH
R3,3,Lysimachia.nummularia,5.089380099,Rural.habitat.mosaic,CH
A4,2,Malva.alcea,84.82300165,Intensive.agriculture,CH
A4,2,Malva.alcea,311.0176727,Intensive.agriculture,CH
A4,2,Malva.alcea,56.54866776,Intensive.agriculture,CH
A4,3,Malva.alcea,254.4690049,Intensive.agriculture,CH
A4,3,Malva.alcea,113.0973355,Intensive.agriculture,CH
A4,3,Malva.alcea,56.54866776,Intensive.agriculture,CH
A4,3,Malva.alcea,508.9380099,Intensive.agriculture,CH
A4,3,Malva.alcea,197.9203372,Intensive.agriculture,CH
A4,3,Malva.alcea,2064.026373,Intensive.agriculture,CH
R4,2,Malva.sylvestris,176.7145868,Rural.habitat.mosaic,CH
A3,2,Matricaria.chamomilla,598.8660996,Intensive.agriculture,CH
A3,2,Matricaria.chamomilla,137.4446786,Intensive.agriculture,CH
A3,2,Matricaria.chamomilla,14.72621556,Intensive.agriculture,CH
A3,2,Matricaria.chamomilla,4.908738521,Intensive.agriculture,CH
A3,2,Matricaria.chamomilla,78.53981634,Intensive.agriculture,CH
A3,2,Matricaria.chamomilla,549.7787144,Intensive.agriculture,CH
A3,3,Matricaria.chamomilla,29.45243113,Intensive.agriculture,CH
A3,3,Matricaria.chamomilla,142.3534171,Intensive.agriculture,CH
A3,3,Matricaria.chamomilla,34.36116965,Intensive.agriculture,CH
A3,3,Matricaria.chamomilla,9.817477042,Intensive.agriculture,CH
A3,3,Matricaria.chamomilla,14.72621556,Intensive.agriculture,CH
A3,3,Matricaria.chamomilla,58.90486225,Intensive.agriculture,CH
A3,3,Matricaria.chamomilla,58.90486225,Intensive.agriculture,CH
A3,3,Matricaria.chamomilla,68.7223393,Intensive.agriculture,CH
A3,3,Matricaria.chamomilla,24.54369261,Intensive.agriculture,CH
A3,3,Matricaria.chamomilla,19.63495408,Intensive.agriculture,CH
A3,3,Matricaria.chamomilla,338.702958,Intensive.agriculture,CH
A3,3,Matricaria.chamomilla,19.63495408,Intensive.agriculture,CH
A2,3,Matricaria.chamomilla,29.45243113,Intensive.agriculture,CH
A2,3,Matricaria.chamomilla,29.45243113,Intensive.agriculture,CH
A2,3,Matricaria.chamomilla,39.26990817,Intensive.agriculture,CH
A2,3,Matricaria.chamomilla,24.54369261,Intensive.agriculture,CH
A2,3,Matricaria.chamomilla,14.72621556,Intensive.agriculture,CH
A3,2,Matricaria.discoidea,7.539822369,Intensive.agriculture,CH
A3,3,Matricaria.discoidea,4.021238597,Intensive.agriculture,CH
R3,1,Medicago.lupulina,0.636172512,Rural.habitat.mosaic,CH
R3,1,Medicago.lupulina,0.106028752,Rural.habitat.mosaic,CH
A3,1,Medicago.lupulina,0.318086256,Intensive.agriculture,CH
A3,1,Medicago.lupulina,0.318086256,Intensive.agriculture,CH
R1,1,Medicago.lupulina,0.212057504,Rural.habitat.mosaic,CH
R1,1,Medicago.lupulina,0.212057504,Rural.habitat.mosaic,CH
R1,1,Medicago.lupulina,0.742201264,Rural.habitat.mosaic,CH
R1,1,Medicago.lupulina,3.60497757,Rural.habitat.mosaic,CH
R1,1,Medicago.lupulina,0.636172512,Rural.habitat.mosaic,CH
R1,1,Medicago.lupulina,0.212057504,Rural.habitat.mosaic,CH
R1,1,Medicago.lupulina,0.424115008,Rural.habitat.mosaic,CH
R1,1,Medicago.lupulina,0.53014376,Rural.habitat.mosaic,CH
R1,1,Medicago.lupulina,0.53014376,Rural.habitat.mosaic,CH
R1,1,Medicago.lupulina,0.424115008,Rural.habitat.mosaic,CH
R1,1,Medicago.lupulina,0.106028752,Rural.habitat.mosaic,CH
R1,1,Medicago.lupulina,1.060287521,Rural.habitat.mosaic,CH
R1,1,Medicago.lupulina,0.848230016,Rural.habitat.mosaic,CH
R1,1,Medicago.lupulina,0.318086256,Rural.habitat.mosaic,CH
R1,1,Medicago.lupulina,0.212057504,Rural.habitat.mosaic,CH
R1,1,Medicago.lupulina,0.212057504,Rural.habitat.mosaic,CH
R1,1,Medicago.lupulina,0.424115008,Rural.habitat.mosaic,CH
R2,1,Medicago.lupulina,2.120575041,Rural.habitat.mosaic,CH
R2,1,Medicago.lupulina,1.060287521,Rural.habitat.mosaic,CH
R1,1,Medicago.lupulina,0.424115008,Rural.habitat.mosaic,CH
R1,1,Medicago.lupulina,0.300414797,Rural.habitat.mosaic,CH
R1,1,Medicago.lupulina,3.905392367,Rural.habitat.mosaic,CH
R1,1,Medicago.lupulina,0.600829595,Rural.habitat.mosaic,CH
A1,2,Medicago.lupulina,2.120575041,Intensive.agriculture,CH
A1,2,Medicago.lupulina,2.862776306,Intensive.agriculture,CH
A1,2,Medicago.lupulina,0.318086256,Intensive.agriculture,CH
A1,2,Medicago.lupulina,0.848230016,Intensive.agriculture,CH
A1,2,Medicago.lupulina,0.318086256,Intensive.agriculture,CH
A1,2,Medicago.lupulina,0.318086256,Intensive.agriculture,CH
A1,2,Medicago.lupulina,0.106028752,Intensive.agriculture,CH
A1,2,Medicago.lupulina,0.636172512,Intensive.agriculture,CH
A1,2,Medicago.lupulina,0.106028752,Intensive.agriculture,CH
A1,2,Medicago.lupulina,0.954258769,Intensive.agriculture,CH
A1,2,Medicago.lupulina,0.424115008,Intensive.agriculture,CH
A1,2,Medicago.lupulina,0.742201264,Intensive.agriculture,CH
A1,2,Medicago.lupulina,0.212057504,Intensive.agriculture,CH
A1,2,Medicago.lupulina,0.212057504,Intensive.agriculture,CH
A1,2,Medicago.lupulina,0.424115008,Intensive.agriculture,CH
A1,2,Medicago.lupulina,0.954258769,Intensive.agriculture,CH
A1,2,Medicago.lupulina,0.848230016,Intensive.agriculture,CH
A1,2,Medicago.lupulina,0.212057504,Intensive.agriculture,CH
A1,2,Medicago.lupulina,0.106028752,Intensive.agriculture,CH
A1,2,Medicago.lupulina,0.848230016,Intensive.agriculture,CH
A1,2,Medicago.lupulina,1.590431281,Intensive.agriculture,CH
A1,2,Medicago.lupulina,2.226603793,Intensive.agriculture,CH
A1,2,Medicago.lupulina,0.106028752,Intensive.agriculture,CH
A1,2,Medicago.lupulina,0.424115008,Intensive.agriculture,CH
A1,2,Medicago.lupulina,0.212057504,Intensive.agriculture,CH
A1,2,Medicago.lupulina,0.424115008,Intensive.agriculture,CH
R2,2,Medicago.lupulina,0.742201264,Rural.habitat.mosaic,CH
R3,2,Medicago.lupulina,0.424115008,Rural.habitat.mosaic,CH
R3,2,Medicago.lupulina,1.237002107,Rural.habitat.mosaic,CH
R3,2,Medicago.lupulina,0.159043128,Rural.habitat.mosaic,CH
R3,2,Medicago.lupulina,0.636172512,Rural.habitat.mosaic,CH
R3,2,Medicago.lupulina,2.862776306,Rural.habitat.mosaic,CH
R3,2,Medicago.lupulina,0.954258769,Rural.habitat.mosaic,CH
R3,2,Medicago.lupulina,1.166316273,Rural.habitat.mosaic,CH
R3,2,Medicago.lupulina,0.742201264,Rural.habitat.mosaic,CH
R3,2,Medicago.lupulina,0.424115008,Rural.habitat.mosaic,CH
A2,2,Medicago.lupulina,0.26507188,Intensive.agriculture,CH
R2,2,Medicago.lupulina,0.318086256,Rural.habitat.mosaic,CH
R2,2,Medicago.lupulina,0.159043128,Rural.habitat.mosaic,CH
R2,2,Medicago.lupulina,0.212057504,Rural.habitat.mosaic,CH
R2,2,Medicago.lupulina,0.424115008,Rural.habitat.mosaic,CH
R2,2,Medicago.lupulina,0.636172512,Rural.habitat.mosaic,CH
R2,2,Medicago.lupulina,0.106028752,Rural.habitat.mosaic,CH
R2,2,Medicago.lupulina,0.636172512,Rural.habitat.mosaic,CH
A3,2,Medicago.lupulina,0.212057504,Intensive.agriculture,CH
A3,2,Medicago.lupulina,0.035342917,Intensive.agriculture,CH
A3,2,Medicago.lupulina,0.212057504,Intensive.agriculture,CH
A2,2,Medicago.lupulina,0.954258769,Intensive.agriculture,CH
A2,2,Medicago.lupulina,1.590431281,Intensive.agriculture,CH
A2,2,Medicago.lupulina,0.282743339,Intensive.agriculture,CH
A2,2,Medicago.lupulina,2.650718801,Intensive.agriculture,CH
A2,2,Medicago.lupulina,0.176714587,Intensive.agriculture,CH
A2,2,Medicago.lupulina,5.513495107,Intensive.agriculture,CH
A2,2,Medicago.lupulina,1.378373777,Intensive.agriculture,CH
A2,2,Medicago.lupulina,2.756747554,Intensive.agriculture,CH
A2,2,Medicago.lupulina,18.6433889,Intensive.agriculture,CH
A2,2,Medicago.lupulina,3.180862562,Intensive.agriculture,CH
A2,2,Medicago.lupulina,0.742201264,Intensive.agriculture,CH
A4,2,Medicago.lupulina,0.424115008,Intensive.agriculture,CH
R4,2,Medicago.lupulina,0.848230016,Rural.habitat.mosaic,CH
R4,2,Medicago.lupulina,0.247400421,Rural.habitat.mosaic,CH
R4,2,Medicago.lupulina,0.106028752,Rural.habitat.mosaic,CH
A1,3,Medicago.lupulina,1.908517537,Intensive.agriculture,CH
A1,3,Medicago.lupulina,0.212057504,Intensive.agriculture,CH
A1,3,Medicago.lupulina,0.247400421,Intensive.agriculture,CH
A1,3,Medicago.lupulina,0.141371669,Intensive.agriculture,CH
R4,3,Medicago.lupulina,1.060287521,Rural.habitat.mosaic,CH
R1,3,Medicago.lupulina,0.106028752,Rural.habitat.mosaic,CH
R1,3,Medicago.lupulina,0.106028752,Rural.habitat.mosaic,CH
R1,3,Medicago.lupulina,0.318086256,Rural.habitat.mosaic,CH
R1,3,Medicago.lupulina,0.070685835,Rural.habitat.mosaic,CH
A4,3,Medicago.lupulina,2.120575041,Intensive.agriculture,CH
R1,3,Medicago.lupulina,0.53014376,Rural.habitat.mosaic,CH
R1,3,Medicago.lupulina,0.212057504,Rural.habitat.mosaic,CH
R1,3,Medicago.lupulina,0.742201264,Rural.habitat.mosaic,CH
A3,3,Medicago.lupulina,0.706858347,Intensive.agriculture,CH
R1,2,Medicago.lupulina,0.742201264,Rural.habitat.mosaic,CH
R1,2,Medicago.lupulina,0.141371669,Rural.habitat.mosaic,CH
R1,2,Medicago.lupulina,0.636172512,Rural.habitat.mosaic,CH
R1,2,Medicago.lupulina,0.777544182,Rural.habitat.mosaic,CH
R1,2,Medicago.lupulina,0.777544182,Rural.habitat.mosaic,CH
R1,2,Medicago.lupulina,1.237002107,Rural.habitat.mosaic,CH
R1,2,Medicago.lupulina,1.590431281,Rural.habitat.mosaic,CH
R1,2,Medicago.lupulina,1.413716694,Rural.habitat.mosaic,CH
R1,2,Medicago.lupulina,0.176714587,Rural.habitat.mosaic,CH
R1,2,Medicago.lupulina,0.318086256,Rural.habitat.mosaic,CH
R1,2,Medicago.lupulina,0.282743339,Rural.habitat.mosaic,CH
R1,2,Medicago.lupulina,1.325359401,Rural.habitat.mosaic,CH
R1,2,Medicago.lupulina,0.954258769,Rural.habitat.mosaic,CH
R1,2,Medicago.lupulina,2.120575041,Rural.habitat.mosaic,CH
R1,2,Medicago.lupulina,1.378373777,Rural.habitat.mosaic,CH
R1,2,Medicago.lupulina,5.725552611,Rural.habitat.mosaic,CH
R1,2,Medicago.lupulina,1.484402529,Rural.habitat.mosaic,CH
R1,2,Medicago.lupulina,2.014546289,Rural.habitat.mosaic,CH
R1,2,Medicago.lupulina,0.106028752,Rural.habitat.mosaic,CH
R1,2,Medicago.lupulina,0.194386045,Rural.habitat.mosaic,CH
R1,2,Medicago.lupulina,0.742201264,Rural.habitat.mosaic,CH
R1,2,Medicago.lupulina,0.212057504,Rural.habitat.mosaic,CH
R1,2,Medicago.lupulina,0.106028752,Rural.habitat.mosaic,CH
R1,2,Medicago.lupulina,1.802488785,Rural.habitat.mosaic,CH
R1,2,Medicago.lupulina,0.017671459,Rural.habitat.mosaic,CH
R1,2,Medicago.lupulina,1.060287521,Rural.habitat.mosaic,CH
R1,2,Medicago.lupulina,0.070685835,Rural.habitat.mosaic,CH
R1,2,Medicago.lupulina,2.438661297,Rural.habitat.mosaic,CH
R1,2,Medicago.lupulina,0.070685835,Rural.habitat.mosaic,CH
R1,2,Medicago.lupulina,1.272345025,Rural.habitat.mosaic,CH
R1,2,Medicago.lupulina,0.212057504,Rural.habitat.mosaic,CH
R1,2,Medicago.lupulina,0.424115008,Rural.habitat.mosaic,CH
R1,2,Medicago.lupulina,0.212057504,Rural.habitat.mosaic,CH
R1,2,Medicago.lupulina,0.176714587,Rural.habitat.mosaic,CH
R1,2,Medicago.lupulina,0.565486678,Rural.habitat.mosaic,CH
R1,2,Medicago.lupulina,6.573782628,Rural.habitat.mosaic,CH
R1,2,Medicago.lupulina,0.282743339,Rural.habitat.mosaic,CH
R1,2,Medicago.lupulina,0.053014376,Rural.habitat.mosaic,CH
R1,2,Medicago.lupulina,1.378373777,Rural.habitat.mosaic,CH
R1,2,Medicago.lupulina,0.053014376,Rural.habitat.mosaic,CH
R1,2,Medicago.lupulina,0.212057504,Rural.habitat.mosaic,CH
R1,2,Medicago.lupulina,1.590431281,Rural.habitat.mosaic,CH
R1,2,Medicago.lupulina,0.742201264,Rural.habitat.mosaic,CH
R1,2,Medicago.lupulina,0.742201264,Rural.habitat.mosaic,CH
R1,2,Medicago.lupulina,0.636172512,Rural.habitat.mosaic,CH
R1,2,Medicago.lupulina,0.212057504,Rural.habitat.mosaic,CH
R1,2,Medicago.lupulina,0.424115008,Rural.habitat.mosaic,CH
R1,2,Medicago.lupulina,2.226603793,Rural.habitat.mosaic,CH
R1,2,Medicago.lupulina,0.318086256,Rural.habitat.mosaic,CH
R4,3,Medicago.sativa,10.99557429,Rural.habitat.mosaic,CH
A3,3,Medicago.sativa,6.87223393,Intensive.agriculture,CH
R3,3,Medicago.sativa,0.981747704,Rural.habitat.mosaic,CH
R3,3,Medicago.sativa,0.981747704,Rural.habitat.mosaic,CH
R1,2,Medicago.sativa,26.50718801,Rural.habitat.mosaic,CH
R1,2,Medicago.sativa,0.785398163,Rural.habitat.mosaic,CH
R1,2,Medicago.sativa,23.5619449,Rural.habitat.mosaic,CH
R3,1,Mercurialis.perennis,0.502654825,Rural.habitat.mosaic,CH
R1,1,Moehringia.trinervia,10.81493271,Rural.habitat.mosaic,CH
R2,2,Moehringia.trinervia,1.908517537,Rural.habitat.mosaic,CH
R4,2,Moehringia.trinervia,2.544690049,Rural.habitat.mosaic,CH
R4,2,Moehringia.trinervia,0.636172512,Rural.habitat.mosaic,CH
R3,3,Mycelis.muralis,4.71238898,Rural.habitat.mosaic,CH
R3,3,Mycelis.muralis,3.926990817,Rural.habitat.mosaic,CH
R1,1,Myosotis.arvensis,0.212057504,Rural.habitat.mosaic,CH
R4,1,Myosotis.arvensis,0.212057504,Rural.habitat.mosaic,CH
R4,1,Myosotis.arvensis,1.908517537,Rural.habitat.mosaic,CH
R4,1,Myosotis.arvensis,1.484402529,Rural.habitat.mosaic,CH
R4,1,Myosotis.arvensis,0.848230016,Rural.habitat.mosaic,CH
R1,1,Myosotis.arvensis,0.070685835,Rural.habitat.mosaic,CH
R1,1,Myosotis.arvensis,0.848230016,Rural.habitat.mosaic,CH
R1,1,Myosotis.arvensis,0.212057504,Rural.habitat.mosaic,CH
R2,1,Myosotis.arvensis,0.848230016,Rural.habitat.mosaic,CH
R2,1,Myosotis.arvensis,0.212057504,Rural.habitat.mosaic,CH
R2,1,Myosotis.arvensis,0.636172512,Rural.habitat.mosaic,CH
R2,1,Myosotis.arvensis,2.120575041,Rural.habitat.mosaic,CH
R2,1,Myosotis.arvensis,1.060287521,Rural.habitat.mosaic,CH
R2,2,Myosotis.arvensis,0.212057504,Rural.habitat.mosaic,CH
R2,2,Myosotis.arvensis,0.070685835,Rural.habitat.mosaic,CH
R2,2,Myosotis.arvensis,0.353429174,Rural.habitat.mosaic,CH
R2,2,Myosotis.arvensis,0.353429174,Rural.habitat.mosaic,CH
R2,2,Myosotis.arvensis,4.029092578,Rural.habitat.mosaic,CH
R2,2,Myosotis.arvensis,0.141371669,Rural.habitat.mosaic,CH
A2,2,Myosotis.arvensis,0.070685835,Intensive.agriculture,CH
A2,2,Myosotis.arvensis,0.565486678,Intensive.agriculture,CH
A4,2,Myosotis.arvensis,15.2681403,Intensive.agriculture,CH
A4,2,Myosotis.arvensis,3.60497757,Intensive.agriculture,CH
A4,2,Myosotis.arvensis,0.706858347,Intensive.agriculture,CH
R1,2,Myosotis.arvensis,0.565486678,Rural.habitat.mosaic,CH
R2,2,Myosotis.arvensis,0.989601686,Rural.habitat.mosaic,CH
A3,2,Myosotis.arvensis,1.767145868,Intensive.agriculture,CH
A3,2,Myosotis.arvensis,0.070685835,Intensive.agriculture,CH
A3,2,Myosotis.arvensis,0.777544182,Intensive.agriculture,CH
A4,3,Myosotis.arvensis,1.837831702,Intensive.agriculture,CH
A3,3,Myosotis.arvensis,1.20165919,Intensive.agriculture,CH
A3,3,Myosotis.arvensis,0.282743339,Intensive.agriculture,CH
R1,2,Myosotis.arvensis,0.212057504,Rural.habitat.mosaic,CH
R1,2,Myosotis.arvensis,0.070685835,Rural.habitat.mosaic,CH
R1,2,Myosotis.arvensis,0.636172512,Rural.habitat.mosaic,CH
R1,2,Myosotis.arvensis,0.141371669,Rural.habitat.mosaic,CH
R1,2,Myosotis.arvensis,0.212057504,Rural.habitat.mosaic,CH
R1,1,Onobrychis.viciifolia,32.32698841,Rural.habitat.mosaic,CH
R1,1,Onobrychis.viciifolia,20.7816354,Rural.habitat.mosaic,CH
R1,1,Onobrychis.viciifolia,25.3997766,Rural.habitat.mosaic,CH
R1,1,Onobrychis.viciifolia,41.56327081,Rural.habitat.mosaic,CH
R1,1,Onobrychis.viciifolia,2.3090706,Rural.habitat.mosaic,CH
R1,1,Onobrychis.viciifolia,20.7816354,Rural.habitat.mosaic,CH
R1,1,Onobrychis.viciifolia,13.8544236,Rural.habitat.mosaic,CH
R1,1,Onobrychis.viciifolia,13.8544236,Rural.habitat.mosaic,CH
R1,1,Onobrychis.viciifolia,27.7088472,Rural.habitat.mosaic,CH
R1,1,Onobrychis.viciifolia,20.7816354,Rural.habitat.mosaic,CH
R1,1,Onobrychis.viciifolia,6.927211801,Rural.habitat.mosaic,CH
R1,1,Onobrychis.viciifolia,16.1634942,Rural.habitat.mosaic,CH
R1,1,Onobrychis.viciifolia,2.3090706,Rural.habitat.mosaic,CH
R1,1,Onobrychis.viciifolia,41.56327081,Rural.habitat.mosaic,CH
R1,1,Onobrychis.viciifolia,9.236282402,Rural.habitat.mosaic,CH
R3,2,Onobrychis.viciifolia,10.7756628,Rural.habitat.mosaic,CH
A3,2,Onobrychis.viciifolia,3.848451001,Intensive.agriculture,CH
A3,2,Onobrychis.viciifolia,44.25718651,Intensive.agriculture,CH
A2,2,Onobrychis.viciifolia,3.078760801,Intensive.agriculture,CH
A4,2,Onobrychis.viciifolia,2.6939157,Intensive.agriculture,CH
A4,2,Onobrychis.viciifolia,18.8574099,Intensive.agriculture,CH
A4,2,Onobrychis.viciifolia,3.078760801,Intensive.agriculture,CH
R4,2,Onobrychis.viciifolia,3.078760801,Rural.habitat.mosaic,CH
R1,2,Onobrychis.viciifolia,13.8544236,Rural.habitat.mosaic,CH
R1,2,Onobrychis.viciifolia,3.078760801,Rural.habitat.mosaic,CH
R1,2,Onobrychis.viciifolia,11.9301981,Rural.habitat.mosaic,CH
R1,2,Onobrychis.viciifolia,0.7696902,Rural.habitat.mosaic,CH
R1,2,Onobrychis.viciifolia,3.078760801,Rural.habitat.mosaic,CH
R1,2,Onobrychis.viciifolia,1.1545353,Rural.habitat.mosaic,CH
R1,2,Onobrychis.viciifolia,7.312056901,Rural.habitat.mosaic,CH
R1,2,Onobrychis.viciifolia,5.002986301,Rural.habitat.mosaic,CH
R1,2,Onobrychis.viciifolia,3.078760801,Rural.habitat.mosaic,CH
R1,2,Onobrychis.viciifolia,8.851437301,Rural.habitat.mosaic,CH
R1,3,Ononis.repens,21.20575041,Rural.habitat.mosaic,CH
A4,3,Origanum.vulgare,94.24777961,Intensive.agriculture,CH
A4,3,Origanum.vulgare,610.7256119,Intensive.agriculture,CH
A4,3,Origanum.vulgare,457.4158904,Intensive.agriculture,CH
A4,3,Origanum.vulgare,0.753982237,Intensive.agriculture,CH
A4,3,Origanum.vulgare,475.0088092,Intensive.agriculture,CH
A4,3,Origanum.vulgare,301.5928947,Intensive.agriculture,CH
A4,3,Origanum.vulgare,361.2831552,Intensive.agriculture,CH
A4,3,Origanum.vulgare,534.0707511,Intensive.agriculture,CH
A4,3,Origanum.vulgare,693.6636579,Intensive.agriculture,CH
A4,3,Origanum.vulgare,8.168140899,Intensive.agriculture,CH
A4,3,Origanum.vulgare,235.619449,Intensive.agriculture,CH
A4,3,Origanum.vulgare,8.79645943,Intensive.agriculture,CH
A4,3,Origanum.vulgare,150.7964474,Intensive.agriculture,CH
A4,3,Origanum.vulgare,37.69911184,Intensive.agriculture,CH
A4,3,Origanum.vulgare,801.1061267,Intensive.agriculture,CH
A1,3,Orobanche.minor,3.675663405,Intensive.agriculture,CH
A1,3,Orobanche.minor,6.220353454,Intensive.agriculture,CH
R3,1,Oxalis.acetosella,0.785398163,Rural.habitat.mosaic,CH
R3,1,Oxalis.acetosella,0.785398163,Rural.habitat.mosaic,CH
R3,1,Oxalis.acetosella,0.785398163,Rural.habitat.mosaic,CH
R4,1,Oxalis.acetosella,2.35619449,Rural.habitat.mosaic,CH
A1,2,Oxalis.stricta,9.424777961,Intensive.agriculture,CH
A1,3,Oxalis.stricta,25.13274123,Intensive.agriculture,CH
A3,3,Papaver.rhoeas,38.48451001,Intensive.agriculture,CH
A3,3,Papaver.rhoeas,76.96902001,Intensive.agriculture,CH
A3,3,Papaver.rhoeas,38.48451001,Intensive.agriculture,CH
A3,3,Papaver.rhoeas,76.96902001,Intensive.agriculture,CH
A3,3,Papaver.rhoeas,38.48451001,Intensive.agriculture,CH
A3,3,Papaver.rhoeas,76.96902001,Intensive.agriculture,CH
A3,3,Papaver.rhoeas,192.42255,Intensive.agriculture,CH
A3,3,Papaver.rhoeas,153.93804,Intensive.agriculture,CH
A3,3,Papaver.rhoeas,76.96902001,Intensive.agriculture,CH
A3,3,Papaver.rhoeas,38.48451001,Intensive.agriculture,CH
R1,3,Pastinaca.sativa,0.140743351,Rural.habitat.mosaic,CH
A2,3,Phaseolus.vulgaris,51.76559295,Intensive.agriculture,CH
A2,3,Phaseolus.vulgaris,49.11094716,Intensive.agriculture,CH
A2,3,Phaseolus.vulgaris,27.87378082,Intensive.agriculture,CH
A2,3,Phaseolus.vulgaris,69.0207906,Intensive.agriculture,CH
A2,3,Phaseolus.vulgaris,65.03882191,Intensive.agriculture,CH
A2,3,Phaseolus.vulgaris,63.71149901,Intensive.agriculture,CH
A2,3,Phaseolus.vulgaris,45.12897847,Intensive.agriculture,CH
A2,3,Phaseolus.vulgaris,55.74756164,Intensive.agriculture,CH
A2,3,Phaseolus.vulgaris,39.81968688,Intensive.agriculture,CH
A2,3,Phaseolus.vulgaris,65.03882191,Intensive.agriculture,CH
A2,3,Phaseolus.vulgaris,69.0207906,Intensive.agriculture,CH
A2,3,Phaseolus.vulgaris,83.62134246,Intensive.agriculture,CH
A3,2,Philadelphus.coronarius,2395.660748,Intensive.agriculture,CH
A3,2,Philadelphus.coronarius,4329.507376,Intensive.agriculture,CH
A3,2,Philadelphus.coronarius,16019.17729,Intensive.agriculture,CH
A3,2,Philadelphus.coronarius,1067.945153,Intensive.agriculture,CH
R3,2,Phyteuma.spicatum,2.945243113,Rural.habitat.mosaic,CH
R2,2,Picris.hieracioides,9.817477042,Rural.habitat.mosaic,CH
R2,2,Picris.hieracioides,117.8097245,Rural.habitat.mosaic,CH
R2,2,Picris.hieracioides,98.17477042,Rural.habitat.mosaic,CH
R2,2,Picris.hieracioides,19.63495408,Rural.habitat.mosaic,CH
R2,2,Picris.hieracioides,4.908738521,Rural.habitat.mosaic,CH
R2,2,Picris.hieracioides,103.0835089,Rural.habitat.mosaic,CH
R2,2,Picris.hieracioides,4.908738521,Rural.habitat.mosaic,CH
R2,2,Picris.hieracioides,44.17864669,Rural.habitat.mosaic,CH
R2,2,Picris.hieracioides,9.817477042,Rural.habitat.mosaic,CH
R2,2,Picris.hieracioides,4.908738521,Rural.habitat.mosaic,CH
R2,2,Picris.hieracioides,19.63495408,Rural.habitat.mosaic,CH
R2,2,Picris.hieracioides,4.908738521,Rural.habitat.mosaic,CH
R2,2,Picris.hieracioides,9.817477042,Rural.habitat.mosaic,CH
R2,2,Picris.hieracioides,9.817477042,Rural.habitat.mosaic,CH
A2,2,Picris.hieracioides,9.817477042,Intensive.agriculture,CH
A2,2,Picris.hieracioides,9.817477042,Intensive.agriculture,CH
A2,2,Picris.hieracioides,29.45243113,Intensive.agriculture,CH
A2,2,Picris.hieracioides,14.72621556,Intensive.agriculture,CH
A4,2,Picris.hieracioides,53.99612373,Intensive.agriculture,CH
A4,2,Picris.hieracioides,53.99612373,Intensive.agriculture,CH
A4,2,Picris.hieracioides,44.17864669,Intensive.agriculture,CH
A4,2,Picris.hieracioides,39.26990817,Intensive.agriculture,CH
R2,3,Picris.hieracioides,4.908738521,Rural.habitat.mosaic,CH
R2,3,Picris.hieracioides,14.72621556,Rural.habitat.mosaic,CH
R2,3,Picris.hieracioides,9.817477042,Rural.habitat.mosaic,CH
A3,3,Picris.hieracioides,9.817477042,Intensive.agriculture,CH
A2,3,Picris.hieracioides,14.72621556,Intensive.agriculture,CH
R1,2,Picris.hieracioides,4.908738521,Rural.habitat.mosaic,CH
R1,2,Picris.hieracioides,34.36116965,Rural.habitat.mosaic,CH
R1,2,Picris.hieracioides,19.63495408,Rural.habitat.mosaic,CH
A4,2,Pimpinella.major,11.66316273,Intensive.agriculture,CH
A4,2,Pimpinella.major,67.15154297,Intensive.agriculture,CH
R1,3,Pimpinella.major,8.906415173,Rural.habitat.mosaic,CH
R1,2,Pimpinella.major,23.32632545,Rural.habitat.mosaic,CH
R1,2,Pimpinella.major,27.56747554,Rural.habitat.mosaic,CH
R1,2,Pimpinella.major,16.25774198,Rural.habitat.mosaic,CH
R1,2,Pimpinella.major,1.484402529,Rural.habitat.mosaic,CH
R1,2,Pimpinella.major,148.4402529,Rural.habitat.mosaic,CH
R1,2,Pimpinella.major,0.494800843,Rural.habitat.mosaic,CH
R1,2,Pimpinella.major,50.89380099,Rural.habitat.mosaic,CH
R1,2,Pimpinella.major,20.07477706,Rural.habitat.mosaic,CH
R1,2,Pimpinella.major,116.6316273,Rural.habitat.mosaic,CH
A2,2,Plantago.lanceolata,137.4446786,Intensive.agriculture,CH
A3,2,Plantago.lanceolata,78.53981634,Intensive.agriculture,CH
R2,3,Plantago.lanceolata,196.3495408,Rural.habitat.mosaic,CH
R2,3,Plantago.lanceolata,314.1592654,Rural.habitat.mosaic,CH
R2,3,Plantago.lanceolata,19.63495408,Rural.habitat.mosaic,CH
R2,3,Plantago.lanceolata,98.17477042,Rural.habitat.mosaic,CH
R2,3,Plantago.lanceolata,58.90486225,Rural.habitat.mosaic,CH
R2,3,Plantago.lanceolata,58.90486225,Rural.habitat.mosaic,CH
R2,3,Plantago.lanceolata,215.9844949,Rural.habitat.mosaic,CH
R2,3,Plantago.lanceolata,58.90486225,Rural.habitat.mosaic,CH
R2,3,Plantago.lanceolata,78.53981634,Rural.habitat.mosaic,CH
R2,3,Plantago.lanceolata,157.0796327,Rural.habitat.mosaic,CH
R2,3,Plantago.lanceolata,176.7145868,Rural.habitat.mosaic,CH
R2,3,Plantago.lanceolata,176.7145868,Rural.habitat.mosaic,CH
R2,3,Plantago.lanceolata,39.26990817,Rural.habitat.mosaic,CH
R2,3,Plantago.lanceolata,19.63495408,Rural.habitat.mosaic,CH
R2,3,Plantago.lanceolata,176.7145868,Rural.habitat.mosaic,CH
R2,3,Plantago.lanceolata,373.0641276,Rural.habitat.mosaic,CH
R2,3,Plantago.lanceolata,58.90486225,Rural.habitat.mosaic,CH
R2,3,Plantago.lanceolata,58.90486225,Rural.habitat.mosaic,CH
R2,3,Plantago.lanceolata,117.8097245,Rural.habitat.mosaic,CH
R2,3,Plantago.lanceolata,78.53981634,Rural.habitat.mosaic,CH
R2,3,Plantago.lanceolata,78.53981634,Rural.habitat.mosaic,CH
R2,3,Plantago.lanceolata,117.8097245,Rural.habitat.mosaic,CH
R2,3,Plantago.lanceolata,98.17477042,Rural.habitat.mosaic,CH
R2,3,Plantago.lanceolata,39.26990817,Rural.habitat.mosaic,CH
R2,3,Plantago.lanceolata,78.53981634,Rural.habitat.mosaic,CH
R2,3,Plantago.lanceolata,39.26990817,Rural.habitat.mosaic,CH
R2,3,Plantago.lanceolata,78.53981634,Rural.habitat.mosaic,CH
A1,3,Plantago.lanceolata,39.26990817,Intensive.agriculture,CH
A1,3,Plantago.lanceolata,39.26990817,Intensive.agriculture,CH
A1,3,Plantago.lanceolata,117.8097245,Intensive.agriculture,CH
A1,3,Plantago.lanceolata,58.90486225,Intensive.agriculture,CH
A1,3,Plantago.lanceolata,19.63495408,Intensive.agriculture,CH
A1,3,Plantago.lanceolata,39.26990817,Intensive.agriculture,CH
A1,3,Plantago.lanceolata,294.5243113,Intensive.agriculture,CH
A1,3,Plantago.lanceolata,274.8893572,Intensive.agriculture,CH
A1,3,Plantago.lanceolata,98.17477042,Intensive.agriculture,CH
A1,3,Plantago.lanceolata,196.3495408,Intensive.agriculture,CH
A1,3,Plantago.lanceolata,549.7787144,Intensive.agriculture,CH
A1,3,Plantago.lanceolata,98.17477042,Intensive.agriculture,CH
A1,3,Plantago.lanceolata,255.2544031,Intensive.agriculture,CH
A1,3,Plantago.lanceolata,176.7145868,Intensive.agriculture,CH
A1,3,Plantago.lanceolata,19.63495408,Intensive.agriculture,CH
A1,3,Plantago.lanceolata,58.90486225,Intensive.agriculture,CH
A1,3,Plantago.lanceolata,19.63495408,Intensive.agriculture,CH
A1,3,Plantago.lanceolata,58.90486225,Intensive.agriculture,CH
A1,3,Plantago.lanceolata,19.63495408,Intensive.agriculture,CH
A1,3,Plantago.lanceolata,78.53981634,Intensive.agriculture,CH
A1,3,Plantago.lanceolata,19.63495408,Intensive.agriculture,CH
R4,3,Plantago.lanceolata,78.53981634,Rural.habitat.mosaic,CH
R4,3,Plantago.lanceolata,58.90486225,Rural.habitat.mosaic,CH
R4,3,Plantago.lanceolata,58.90486225,Rural.habitat.mosaic,CH
R4,3,Plantago.lanceolata,274.8893572,Rural.habitat.mosaic,CH
R4,3,Plantago.lanceolata,176.7145868,Rural.habitat.mosaic,CH
R4,3,Plantago.lanceolata,78.53981634,Rural.habitat.mosaic,CH
R4,3,Plantago.lanceolata,19.63495408,Rural.habitat.mosaic,CH
R4,3,Plantago.lanceolata,19.63495408,Rural.habitat.mosaic,CH
R4,3,Plantago.lanceolata,39.26990817,Rural.habitat.mosaic,CH
R4,3,Plantago.lanceolata,58.90486225,Rural.habitat.mosaic,CH
R4,3,Plantago.lanceolata,39.26990817,Rural.habitat.mosaic,CH
R4,3,Plantago.lanceolata,157.0796327,Rural.habitat.mosaic,CH
R4,3,Plantago.lanceolata,19.63495408,Rural.habitat.mosaic,CH
R4,3,Plantago.lanceolata,58.90486225,Rural.habitat.mosaic,CH
R4,3,Plantago.lanceolata,19.63495408,Rural.habitat.mosaic,CH
R4,3,Plantago.lanceolata,78.53981634,Rural.habitat.mosaic,CH
R4,3,Plantago.lanceolata,137.4446786,Rural.habitat.mosaic,CH
R4,3,Plantago.lanceolata,19.63495408,Rural.habitat.mosaic,CH
R4,3,Plantago.lanceolata,19.63495408,Rural.habitat.mosaic,CH
R4,3,Plantago.lanceolata,19.63495408,Rural.habitat.mosaic,CH
R1,3,Plantago.lanceolata,39.26990817,Rural.habitat.mosaic,CH
R1,3,Plantago.lanceolata,98.17477042,Rural.habitat.mosaic,CH
A4,3,Plantago.lanceolata,255.2544031,Intensive.agriculture,CH
A4,3,Plantago.lanceolata,392.6990817,Intensive.agriculture,CH
A4,3,Plantago.lanceolata,19.63495408,Intensive.agriculture,CH
A3,3,Plantago.lanceolata,19.63495408,Intensive.agriculture,CH
A3,3,Plantago.lanceolata,19.63495408,Intensive.agriculture,CH
A3,3,Plantago.lanceolata,1158.462291,Intensive.agriculture,CH
A2,3,Plantago.lanceolata,19.63495408,Intensive.agriculture,CH
A2,3,Plantago.lanceolata,19.63495408,Intensive.agriculture,CH
A2,3,Plantago.lanceolata,19.63495408,Intensive.agriculture,CH
A2,3,Plantago.lanceolata,19.63495408,Intensive.agriculture,CH
A2,3,Plantago.lanceolata,58.90486225,Intensive.agriculture,CH
A2,3,Plantago.lanceolata,215.9844949,Intensive.agriculture,CH
A2,3,Plantago.lanceolata,98.17477042,Intensive.agriculture,CH
R3,3,Plantago.lanceolata,19.63495408,Rural.habitat.mosaic,CH
R3,3,Plantago.lanceolata,39.26990817,Rural.habitat.mosaic,CH
R3,3,Plantago.lanceolata,98.17477042,Rural.habitat.mosaic,CH
R3,3,Plantago.lanceolata,196.3495408,Rural.habitat.mosaic,CH
R3,3,Plantago.lanceolata,19.63495408,Rural.habitat.mosaic,CH
R3,3,Plantago.lanceolata,176.7145868,Rural.habitat.mosaic,CH
R3,3,Plantago.lanceolata,98.17477042,Rural.habitat.mosaic,CH
R3,3,Plantago.lanceolata,333.7942194,Rural.habitat.mosaic,CH
R3,3,Plantago.lanceolata,451.603944,Rural.habitat.mosaic,CH
R3,3,Plantago.lanceolata,39.26990817,Rural.habitat.mosaic,CH
R3,3,Plantago.lanceolata,235.619449,Rural.habitat.mosaic,CH
R3,3,Plantago.lanceolata,58.90486225,Rural.habitat.mosaic,CH
R3,3,Plantago.lanceolata,98.17477042,Rural.habitat.mosaic,CH
R3,3,Plantago.lanceolata,58.90486225,Rural.habitat.mosaic,CH
R3,3,Plantago.lanceolata,196.3495408,Rural.habitat.mosaic,CH
R3,3,Plantago.lanceolata,137.4446786,Rural.habitat.mosaic,CH
R3,3,Plantago.lanceolata,78.53981634,Rural.habitat.mosaic,CH
R3,3,Plantago.lanceolata,117.8097245,Rural.habitat.mosaic,CH
R3,3,Plantago.lanceolata,39.26990817,Rural.habitat.mosaic,CH
R3,3,Plantago.lanceolata,58.90486225,Rural.habitat.mosaic,CH
R3,3,Plantago.lanceolata,19.63495408,Rural.habitat.mosaic,CH
R3,3,Plantago.lanceolata,39.26990817,Rural.habitat.mosaic,CH
A3,3,Plantago.major,39.26990817,Intensive.agriculture,CH
A3,3,Plantago.major,19.63495408,Intensive.agriculture,CH
A1,3,Plantago.media,552.920307,Intensive.agriculture,CH
A1,3,Plantago.media,301.5928947,Intensive.agriculture,CH
A1,3,Plantago.media,251.3274123,Intensive.agriculture,CH
A1,3,Plantago.media,351.8583772,Intensive.agriculture,CH
R1,3,Plantago.media,301.5928947,Rural.habitat.mosaic,CH
R1,3,Plantago.media,603.1857895,Rural.habitat.mosaic,CH
R1,3,Plantago.media,402.1238597,Rural.habitat.mosaic,CH
R1,3,Plantago.media,201.0619298,Rural.habitat.mosaic,CH
R1,3,Plantago.media,402.1238597,Rural.habitat.mosaic,CH
R1,3,Plantago.media,150.7964474,Rural.habitat.mosaic,CH
R1,3,Plantago.media,653.4512719,Rural.habitat.mosaic,CH
R1,3,Plantago.media,150.7964474,Rural.habitat.mosaic,CH
R1,3,Plantago.media,150.7964474,Rural.habitat.mosaic,CH
R1,3,Plantago.media,100.5309649,Rural.habitat.mosaic,CH
R1,3,Plantago.media,251.3274123,Rural.habitat.mosaic,CH
R1,3,Plantago.media,100.5309649,Rural.habitat.mosaic,CH
R1,3,Plantago.media,100.5309649,Rural.habitat.mosaic,CH
R1,3,Plantago.media,100.5309649,Rural.habitat.mosaic,CH
R1,3,Plantago.media,50.26548246,Rural.habitat.mosaic,CH
R1,3,Plantago.media,50.26548246,Rural.habitat.mosaic,CH
R1,3,Plantago.media,150.7964474,Rural.habitat.mosaic,CH
R1,3,Plantago.media,150.7964474,Rural.habitat.mosaic,CH
A2,3,Plantago.media,100.5309649,Intensive.agriculture,CH
A2,3,Plantago.media,50.26548246,Intensive.agriculture,CH
R3,3,Plantago.media,251.3274123,Rural.habitat.mosaic,CH
R3,3,Plantago.media,351.8583772,Rural.habitat.mosaic,CH
R3,3,Plantago.media,150.7964474,Rural.habitat.mosaic,CH
R1,2,Plantago.media,50.26548246,Rural.habitat.mosaic,CH
R1,2,Plantago.media,301.5928947,Rural.habitat.mosaic,CH
R1,2,Plantago.media,301.5928947,Rural.habitat.mosaic,CH
R1,2,Plantago.media,251.3274123,Rural.habitat.mosaic,CH
R1,2,Plantago.media,150.7964474,Rural.habitat.mosaic,CH
R1,2,Plantago.media,100.5309649,Rural.habitat.mosaic,CH
R1,2,Plantago.media,150.7964474,Rural.habitat.mosaic,CH
R1,2,Plantago.media,50.26548246,Rural.habitat.mosaic,CH
A3,3,Polygonum.aviculare,4.241150082,Intensive.agriculture,CH
A3,3,Polygonum.aviculare,5.654866776,Intensive.agriculture,CH
A3,3,Polygonum.aviculare,10.3908177,Intensive.agriculture,CH
A3,3,Polygonum.aviculare,0.848230016,Intensive.agriculture,CH
A3,3,Polygonum.aviculare,1.272345025,Intensive.agriculture,CH
A3,3,Polygonum.aviculare,0.565486678,Intensive.agriculture,CH
A3,3,Polygonum.aviculare,10.1787602,Intensive.agriculture,CH
A3,3,Polygonum.aviculare,0.636172512,Intensive.agriculture,CH
A3,3,Polygonum.aviculare,2.615375884,Intensive.agriculture,CH
A3,3,Polygonum.aviculare,4.594579256,Intensive.agriculture,CH
A3,3,Polygonum.aviculare,0.212057504,Intensive.agriculture,CH
A3,3,Polygonum.aviculare,68.70663133,Intensive.agriculture,CH
A3,3,Polygonum.aviculare,1.272345025,Intensive.agriculture,CH
A3,3,Polygonum.lapathifolium,0.706858347,Intensive.agriculture,CH
A3,3,Polygonum.lapathifolium,3.534291735,Intensive.agriculture,CH
A3,3,Polygonum.lapathifolium,0.706858347,Intensive.agriculture,CH
A3,3,Polygonum.lapathifolium,1.413716694,Intensive.agriculture,CH
A3,3,Polygonum.lapathifolium,0.636172512,Intensive.agriculture,CH
A3,3,Polygonum.lapathifolium,1.130973355,Intensive.agriculture,CH
A3,3,Polygonum.lapathifolium,0.989601686,Intensive.agriculture,CH
A3,3,Polygonum.lapathifolium,0.070685835,Intensive.agriculture,CH
A3,3,Polygonum.lapathifolium,0.141371669,Intensive.agriculture,CH
A3,3,Polygonum.lapathifolium,1.908517537,Intensive.agriculture,CH
A3,3,Polygonum.lapathifolium,0.777544182,Intensive.agriculture,CH
A3,3,Polygonum.lapathifolium,0.282743339,Intensive.agriculture,CH
A3,3,Polygonum.lapathifolium,0.141371669,Intensive.agriculture,CH
A2,3,Polygonum.lapathifolium,0.212057504,Intensive.agriculture,CH
A2,3,Polygonum.lapathifolium,4.170464248,Intensive.agriculture,CH
A2,3,Polygonum.lapathifolium,3.322234231,Intensive.agriculture,CH
A2,3,Polygonum.lapathifolium,0.494800843,Intensive.agriculture,CH
A2,3,Polygonum.lapathifolium,5.372123438,Intensive.agriculture,CH
A2,3,Polygonum.lapathifolium,5.089380099,Intensive.agriculture,CH
A2,3,Polygonum.lapathifolium,2.120575041,Intensive.agriculture,CH
R4,1,Polygonum.multiflorum,0.989601686,Rural.habitat.mosaic,CH
R4,1,Polygonum.multiflorum,0.494800843,Rural.habitat.mosaic,CH
R2,1,Polygonum.multiflorum,2.615375884,Rural.habitat.mosaic,CH
A1,3,Polygonum.persicaria,0.282743339,Intensive.agriculture,CH
A4,3,Polygonum.persicaria,0.141371669,Intensive.agriculture,CH
A4,3,Polygonum.persicaria,0.212057504,Intensive.agriculture,CH
R3,2,Potentilla.reptans,9.424777961,Rural.habitat.mosaic,CH
R3,2,Potentilla.reptans,47.1238898,Rural.habitat.mosaic,CH
A4,2,Potentilla.reptans,15.70796327,Intensive.agriculture,CH
R4,2,Potentilla.reptans,9.424777961,Rural.habitat.mosaic,CH
R4,2,Potentilla.reptans,9.424777961,Rural.habitat.mosaic,CH
A1,3,Potentilla.reptans,6.283185307,Intensive.agriculture,CH
R4,3,Potentilla.reptans,6.283185307,Rural.habitat.mosaic,CH
R4,3,Potentilla.reptans,6.283185307,Rural.habitat.mosaic,CH
R4,3,Potentilla.reptans,18.84955592,Rural.habitat.mosaic,CH
R4,3,Potentilla.reptans,3.141592654,Rural.habitat.mosaic,CH
R4,3,Potentilla.reptans,3.141592654,Rural.habitat.mosaic,CH
R1,2,Potentilla.reptans,3.141592654,Rural.habitat.mosaic,CH
R1,2,Potentilla.reptans,6.283185307,Rural.habitat.mosaic,CH
R3,3,Potentilla.reptans,18.84955592,Rural.habitat.mosaic,CH
R3,1,Potentilla.sterilis,1.767145868,Rural.habitat.mosaic,CH
R3,1,Potentilla.sterilis,1.767145868,Rural.habitat.mosaic,CH
R3,1,Potentilla.sterilis,10.60287521,Rural.habitat.mosaic,CH
R3,1,Potentilla.sterilis,8.835729338,Rural.habitat.mosaic,CH
R3,1,Potentilla.sterilis,12.37002107,Rural.habitat.mosaic,CH
R3,1,Potentilla.sterilis,17.67145868,Rural.habitat.mosaic,CH
A2,1,Potentilla.sterilis,7.068583471,Intensive.agriculture,CH
R4,1,Potentilla.sterilis,5.301437603,Rural.habitat.mosaic,CH
R4,1,Potentilla.sterilis,1.767145868,Rural.habitat.mosaic,CH
R3,1,Potentilla.verna,7.634070148,Rural.habitat.mosaic,CH
R3,1,Primula.elatior,6.283185307,Rural.habitat.mosaic,CH
R3,1,Primula.elatior,6.283185307,Rural.habitat.mosaic,CH
R1,1,Primula.veris,3.392920066,Rural.habitat.mosaic,CH
A2,2,Prunella.vulgaris,123.9201222,Intensive.agriculture,CH
A2,2,Prunella.vulgaris,85.43561221,Intensive.agriculture,CH
A2,2,Prunella.vulgaris,126.2291928,Intensive.agriculture,CH
A2,2,Prunella.vulgaris,49.26017281,Intensive.agriculture,CH
A2,2,Prunella.vulgaris,189.3437892,Intensive.agriculture,CH
A2,2,Prunella.vulgaris,18.4725648,Intensive.agriculture,CH
A2,2,Prunella.vulgaris,16.1634942,Intensive.agriculture,CH
A2,2,Prunella.vulgaris,83.12654161,Intensive.agriculture,CH
A2,2,Prunella.vulgaris,207.816354,Intensive.agriculture,CH
A2,2,Prunella.vulgaris,16.1634942,Intensive.agriculture,CH
R2,3,Prunella.vulgaris,5.772676501,Rural.habitat.mosaic,CH
A1,3,Prunella.vulgaris,0.3848451,Intensive.agriculture,CH
A1,3,Prunella.vulgaris,3.848451001,Intensive.agriculture,CH
R4,3,Prunella.vulgaris,1.9242255,Rural.habitat.mosaic,CH
R4,3,Prunella.vulgaris,43.87234141,Rural.habitat.mosaic,CH
R1,3,Prunella.vulgaris,0.7696902,Rural.habitat.mosaic,CH
R1,3,Prunella.vulgaris,2.3090706,Rural.habitat.mosaic,CH
R1,3,Prunella.vulgaris,0.7696902,Rural.habitat.mosaic,CH
R1,3,Prunella.vulgaris,2.3090706,Rural.habitat.mosaic,CH
R1,3,Prunella.vulgaris,6.157521601,Rural.habitat.mosaic,CH
R1,3,Prunella.vulgaris,7.696902001,Rural.habitat.mosaic,CH
R1,3,Prunella.vulgaris,9.236282402,Rural.habitat.mosaic,CH
R1,3,Prunella.vulgaris,3.463605901,Rural.habitat.mosaic,CH
R1,3,Prunella.vulgaris,23.090706,Rural.habitat.mosaic,CH
R1,3,Prunella.vulgaris,5.387831401,Rural.habitat.mosaic,CH
R1,3,Prunella.vulgaris,11.545353,Rural.habitat.mosaic,CH
R1,3,Prunella.vulgaris,6.927211801,Rural.habitat.mosaic,CH
R1,3,Prunella.vulgaris,4.233296101,Rural.habitat.mosaic,CH
R1,3,Prunella.vulgaris,3.078760801,Rural.habitat.mosaic,CH
R1,3,Prunella.vulgaris,4.618141201,Rural.habitat.mosaic,CH
R1,3,Prunella.vulgaris,59.65099051,Rural.habitat.mosaic,CH
R1,3,Prunella.vulgaris,11.545353,Rural.habitat.mosaic,CH
R1,3,Prunella.vulgaris,7.696902001,Rural.habitat.mosaic,CH
A3,3,Prunella.vulgaris,15.7786491,Intensive.agriculture,CH
A3,3,Prunella.vulgaris,5.002986301,Intensive.agriculture,CH
A3,3,Prunella.vulgaris,5.387831401,Intensive.agriculture,CH
A3,3,Prunella.vulgaris,10.3908177,Intensive.agriculture,CH
A2,3,Prunella.vulgaris,3.848451001,Intensive.agriculture,CH
A2,3,Prunella.vulgaris,5.387831401,Intensive.agriculture,CH
A2,3,Prunella.vulgaris,3.463605901,Intensive.agriculture,CH
A2,3,Prunella.vulgaris,7.696902001,Intensive.agriculture,CH
A2,3,Prunella.vulgaris,6.157521601,Intensive.agriculture,CH
A2,3,Prunella.vulgaris,23.8603962,Intensive.agriculture,CH
R3,3,Prunella.vulgaris,1.9242255,Rural.habitat.mosaic,CH
R3,3,Prunella.vulgaris,4.618141201,Rural.habitat.mosaic,CH
R3,3,Prunella.vulgaris,1.5393804,Rural.habitat.mosaic,CH
R3,3,Prunella.vulgaris,2.6939157,Rural.habitat.mosaic,CH
R3,3,Prunella.vulgaris,5.772676501,Rural.habitat.mosaic,CH
R3,3,Prunella.vulgaris,1.9242255,Rural.habitat.mosaic,CH
R3,3,Prunella.vulgaris,9.236282402,Rural.habitat.mosaic,CH
R3,3,Prunella.vulgaris,1.5393804,Rural.habitat.mosaic,CH
R3,3,Prunella.vulgaris,2.3090706,Rural.habitat.mosaic,CH
R3,3,Prunella.vulgaris,33.09667861,Rural.habitat.mosaic,CH
R3,3,Prunella.vulgaris,4.618141201,Rural.habitat.mosaic,CH
R3,3,Prunella.vulgaris,0.3848451,Rural.habitat.mosaic,CH
R3,3,Prunella.vulgaris,1.9242255,Rural.habitat.mosaic,CH
R3,3,Prunella.vulgaris,0.7696902,Rural.habitat.mosaic,CH
R3,3,Prunella.vulgaris,6.927211801,Rural.habitat.mosaic,CH
R3,1,Prunus.avium,1030.835089,Rural.habitat.mosaic,CH
R3,1,Prunus.avium,2061.670179,Rural.habitat.mosaic,CH
R3,1,Prunus.avium,107.9922475,Rural.habitat.mosaic,CH
R3,1,Prunus.avium,88.35729338,Rural.habitat.mosaic,CH
R3,1,Prunus.avium,24.54369261,Rural.habitat.mosaic,CH
A2,1,Prunus.avium,132.5359401,Intensive.agriculture,CH
A2,1,Prunus.padus,4503.787228,Intensive.agriculture,CH
R4,1,Prunus.padus,201.0619298,Rural.habitat.mosaic,CH
R4,1,Prunus.padus,201.0619298,Rural.habitat.mosaic,CH
R3,1,Prunus.spinosa,113.9141496,Rural.habitat.mosaic,CH
R3,1,Prunus.spinosa,61.57521601,Rural.habitat.mosaic,CH
A2,1,Prunus.spinosa,15.393804,Intensive.agriculture,CH
A2,1,Prunus.spinosa,1.5393804,Intensive.agriculture,CH
R4,1,Prunus.spinosa,6.157521601,Rural.habitat.mosaic,CH
R1,1,Ranunculus.acris,73.36039505,Rural.habitat.mosaic,CH
R2,1,Ranunculus.acris,6.669126823,Rural.habitat.mosaic,CH
R2,1,Ranunculus.acris,40.01476094,Rural.habitat.mosaic,CH
R1,1,Ranunculus.acris,13.33825365,Rural.habitat.mosaic,CH
R1,1,Ranunculus.acris,6.669126823,Rural.habitat.mosaic,CH
R1,1,Ranunculus.acris,233.4194388,Rural.habitat.mosaic,CH
R1,1,Ranunculus.acris,40.01476094,Rural.habitat.mosaic,CH
R1,1,Ranunculus.acris,40.01476094,Rural.habitat.mosaic,CH
R1,1,Ranunculus.acris,6.669126823,Rural.habitat.mosaic,CH
R1,1,Ranunculus.acris,6.669126823,Rural.habitat.mosaic,CH
A1,2,Ranunculus.acris,6.669126823,Intensive.agriculture,CH
A1,2,Ranunculus.acris,13.33825365,Intensive.agriculture,CH
A1,2,Ranunculus.acris,6.669126823,Intensive.agriculture,CH
A1,2,Ranunculus.acris,46.68388776,Intensive.agriculture,CH
A1,2,Ranunculus.acris,6.669126823,Intensive.agriculture,CH
A1,2,Ranunculus.acris,20.00738047,Intensive.agriculture,CH
A1,2,Ranunculus.acris,40.01476094,Intensive.agriculture,CH
A1,2,Ranunculus.acris,13.33825365,Intensive.agriculture,CH
A1,2,Ranunculus.acris,6.669126823,Intensive.agriculture,CH
A1,2,Ranunculus.acris,13.33825365,Intensive.agriculture,CH
A1,2,Ranunculus.acris,26.67650729,Intensive.agriculture,CH
A1,2,Ranunculus.acris,53.35301458,Intensive.agriculture,CH
A1,2,Ranunculus.acris,26.67650729,Intensive.agriculture,CH
A1,2,Ranunculus.acris,13.33825365,Intensive.agriculture,CH
A1,2,Ranunculus.acris,40.01476094,Intensive.agriculture,CH
A1,2,Ranunculus.acris,33.34563412,Intensive.agriculture,CH
A1,2,Ranunculus.acris,6.669126823,Intensive.agriculture,CH
A1,2,Ranunculus.acris,6.669126823,Intensive.agriculture,CH
A1,2,Ranunculus.acris,20.00738047,Intensive.agriculture,CH
A1,2,Ranunculus.acris,13.33825365,Intensive.agriculture,CH
A1,2,Ranunculus.acris,66.69126823,Intensive.agriculture,CH
A1,2,Ranunculus.acris,33.34563412,Intensive.agriculture,CH
A1,2,Ranunculus.acris,60.02214141,Intensive.agriculture,CH
A1,2,Ranunculus.acris,46.68388776,Intensive.agriculture,CH
A1,2,Ranunculus.acris,100.0369023,Intensive.agriculture,CH
A1,2,Ranunculus.acris,20.00738047,Intensive.agriculture,CH
A1,2,Ranunculus.acris,40.01476094,Intensive.agriculture,CH
A1,2,Ranunculus.acris,26.67650729,Intensive.agriculture,CH
A1,2,Ranunculus.acris,26.67650729,Intensive.agriculture,CH
A1,2,Ranunculus.acris,60.02214141,Intensive.agriculture,CH
A1,2,Ranunculus.acris,46.68388776,Intensive.agriculture,CH
A1,2,Ranunculus.acris,73.36039505,Intensive.agriculture,CH
A1,2,Ranunculus.acris,66.69126823,Intensive.agriculture,CH
R2,2,Ranunculus.acris,13.33825365,Rural.habitat.mosaic,CH
R2,2,Ranunculus.acris,20.00738047,Rural.habitat.mosaic,CH
R2,2,Ranunculus.acris,6.669126823,Rural.habitat.mosaic,CH
R2,2,Ranunculus.acris,33.34563412,Rural.habitat.mosaic,CH
R2,2,Ranunculus.acris,6.669126823,Rural.habitat.mosaic,CH
R2,2,Ranunculus.acris,6.669126823,Rural.habitat.mosaic,CH
R3,1,Ranunculus.acris,6.669126823,Rural.habitat.mosaic,CH
R3,1,Ranunculus.acris,26.67650729,Rural.habitat.mosaic,CH
R3,1,Ranunculus.acris,6.669126823,Rural.habitat.mosaic,CH
R3,1,Ranunculus.acris,6.669126823,Rural.habitat.mosaic,CH
R3,1,Ranunculus.acris,20.00738047,Rural.habitat.mosaic,CH
R3,1,Ranunculus.acris,20.00738047,Rural.habitat.mosaic,CH
A2,1,Ranunculus.acris,13.33825365,Intensive.agriculture,CH
A3,1,Ranunculus.acris,20.00738047,Intensive.agriculture,CH
A3,1,Ranunculus.acris,26.67650729,Intensive.agriculture,CH
A3,1,Ranunculus.acris,40.01476094,Intensive.agriculture,CH
A3,1,Ranunculus.acris,20.00738047,Intensive.agriculture,CH
A3,1,Ranunculus.acris,146.7207901,Intensive.agriculture,CH
A4,1,Ranunculus.acris,73.36039505,Intensive.agriculture,CH
R4,1,Ranunculus.acris,133.3825365,Rural.habitat.mosaic,CH
R4,1,Ranunculus.acris,240.0885656,Rural.habitat.mosaic,CH
R4,1,Ranunculus.acris,66.69126823,Rural.habitat.mosaic,CH
R4,1,Ranunculus.acris,73.36039505,Rural.habitat.mosaic,CH
R4,1,Ranunculus.acris,13.33825365,Rural.habitat.mosaic,CH
R4,1,Ranunculus.acris,86.6986487,Rural.habitat.mosaic,CH
R4,1,Ranunculus.acris,473.5080044,Rural.habitat.mosaic,CH
R4,1,Ranunculus.acris,66.69126823,Rural.habitat.mosaic,CH
R4,1,Ranunculus.acris,66.69126823,Rural.habitat.mosaic,CH
R4,1,Ranunculus.acris,86.6986487,Rural.habitat.mosaic,CH
R1,1,Ranunculus.acris,20.00738047,Rural.habitat.mosaic,CH
R1,1,Ranunculus.acris,26.67650729,Rural.habitat.mosaic,CH
R1,1,Ranunculus.acris,166.7281706,Rural.habitat.mosaic,CH
R2,1,Ranunculus.acris,740.2730774,Rural.habitat.mosaic,CH
R2,1,Ranunculus.acris,506.8536386,Rural.habitat.mosaic,CH
R2,1,Ranunculus.acris,333.4563412,Rural.habitat.mosaic,CH
R2,1,Ranunculus.acris,313.4489607,Rural.habitat.mosaic,CH
R2,1,Ranunculus.acris,673.5818091,Rural.habitat.mosaic,CH
R2,1,Ranunculus.acris,153.3899169,Rural.habitat.mosaic,CH
R2,1,Ranunculus.acris,360.1328484,Rural.habitat.mosaic,CH
R2,1,Ranunculus.acris,220.0811852,Rural.habitat.mosaic,CH
R2,1,Ranunculus.acris,180.0664242,Rural.habitat.mosaic,CH
R2,1,Ranunculus.acris,320.1180875,Rural.habitat.mosaic,CH
R2,1,Ranunculus.acris,26.67650729,Rural.habitat.mosaic,CH
R2,1,Ranunculus.acris,6.669126823,Rural.habitat.mosaic,CH
R2,1,Ranunculus.acris,26.67650729,Rural.habitat.mosaic,CH
R2,1,Ranunculus.acris,60.02214141,Rural.habitat.mosaic,CH
R2,1,Ranunculus.acris,120.0442828,Rural.habitat.mosaic,CH
R2,1,Ranunculus.acris,26.67650729,Rural.habitat.mosaic,CH
R2,1,Ranunculus.acris,46.68388776,Rural.habitat.mosaic,CH
R2,1,Ranunculus.acris,86.6986487,Rural.habitat.mosaic,CH
R2,1,Ranunculus.acris,60.02214141,Rural.habitat.mosaic,CH
R2,1,Ranunculus.acris,53.35301458,Rural.habitat.mosaic,CH
R2,1,Ranunculus.acris,200.0738047,Rural.habitat.mosaic,CH
R2,1,Ranunculus.acris,233.4194388,Rural.habitat.mosaic,CH
R2,1,Ranunculus.acris,333.4563412,Rural.habitat.mosaic,CH
R2,1,Ranunculus.acris,160.0590438,Rural.habitat.mosaic,CH
R2,1,Ranunculus.acris,340.125468,Rural.habitat.mosaic,CH
R2,1,Ranunculus.acris,73.36039505,Rural.habitat.mosaic,CH
R2,1,Ranunculus.acris,260.0959461,Rural.habitat.mosaic,CH
R2,1,Ranunculus.acris,20.00738047,Rural.habitat.mosaic,CH
R2,1,Ranunculus.acris,20.00738047,Rural.habitat.mosaic,CH
R2,1,Ranunculus.acris,93.36777552,Rural.habitat.mosaic,CH
R2,1,Ranunculus.acris,153.3899169,Rural.habitat.mosaic,CH
R2,1,Ranunculus.acris,426.8241167,Rural.habitat.mosaic,CH
A1,1,Ranunculus.acris,26.67650729,Intensive.agriculture,CH
A1,1,Ranunculus.acris,46.68388776,Intensive.agriculture,CH
A1,1,Ranunculus.acris,60.02214141,Intensive.agriculture,CH
A1,1,Ranunculus.acris,220.0811852,Intensive.agriculture,CH
R3,2,Ranunculus.acris,6.669126823,Rural.habitat.mosaic,CH
R3,2,Ranunculus.acris,6.669126823,Rural.habitat.mosaic,CH
R3,2,Ranunculus.acris,26.67650729,Rural.habitat.mosaic,CH
R3,2,Ranunculus.acris,160.0590438,Rural.habitat.mosaic,CH
R3,2,Ranunculus.acris,13.33825365,Rural.habitat.mosaic,CH
R3,2,Ranunculus.acris,6.669126823,Rural.habitat.mosaic,CH
R3,2,Ranunculus.acris,6.669126823,Rural.habitat.mosaic,CH
R3,2,Ranunculus.acris,13.33825365,Rural.habitat.mosaic,CH
R3,2,Ranunculus.acris,13.33825365,Rural.habitat.mosaic,CH
R3,2,Ranunculus.acris,6.669126823,Rural.habitat.mosaic,CH
R3,2,Ranunculus.acris,6.669126823,Rural.habitat.mosaic,CH
R3,2,Ranunculus.acris,6.669126823,Rural.habitat.mosaic,CH
R3,2,Ranunculus.acris,133.3825365,Rural.habitat.mosaic,CH
R3,2,Ranunculus.acris,6.669126823,Rural.habitat.mosaic,CH
R3,2,Ranunculus.acris,13.33825365,Rural.habitat.mosaic,CH
R3,2,Ranunculus.acris,26.67650729,Rural.habitat.mosaic,CH
R2,2,Ranunculus.acris,6.669126823,Rural.habitat.mosaic,CH
R2,2,Ranunculus.acris,6.669126823,Rural.habitat.mosaic,CH
A3,2,Ranunculus.acris,20.00738047,Intensive.agriculture,CH
A3,2,Ranunculus.acris,6.669126823,Intensive.agriculture,CH
A4,2,Ranunculus.acris,40.01476094,Intensive.agriculture,CH
R4,2,Ranunculus.acris,6.669126823,Rural.habitat.mosaic,CH
R4,2,Ranunculus.acris,6.669126823,Rural.habitat.mosaic,CH
R4,2,Ranunculus.acris,6.669126823,Rural.habitat.mosaic,CH
R4,2,Ranunculus.acris,13.33825365,Rural.habitat.mosaic,CH
R4,2,Ranunculus.acris,6.669126823,Rural.habitat.mosaic,CH
R4,2,Ranunculus.acris,6.669126823,Rural.habitat.mosaic,CH
R4,2,Ranunculus.acris,20.00738047,Rural.habitat.mosaic,CH
R4,2,Ranunculus.acris,13.33825365,Rural.habitat.mosaic,CH
R2,3,Ranunculus.acris,6.669126823,Rural.habitat.mosaic,CH
A1,3,Ranunculus.acris,13.33825365,Intensive.agriculture,CH
R3,3,Ranunculus.acris,33.34563412,Rural.habitat.mosaic,CH
R3,3,Ranunculus.acris,13.33825365,Rural.habitat.mosaic,CH
R1,2,Ranunculus.acris,13.33825365,Rural.habitat.mosaic,CH
R3,3,Ranunculus.acris,6.669126823,Rural.habitat.mosaic,CH
R1,2,Ranunculus.acris,6.669126823,Rural.habitat.mosaic,CH
R3,1,Ranunculus.auricomus,7.068583471,Rural.habitat.mosaic,CH
R1,1,Ranunculus.auricomus,21.20575041,Rural.habitat.mosaic,CH
R1,1,Ranunculus.auricomus,28.27433388,Rural.habitat.mosaic,CH
R1,1,Ranunculus.auricomus,49.48008429,Rural.habitat.mosaic,CH
R1,1,Ranunculus.auricomus,91.89158512,Rural.habitat.mosaic,CH
R3,1,Ranunculus.bulbosus,7.068583471,Rural.habitat.mosaic,CH
R3,1,Ranunculus.bulbosus,14.13716694,Rural.habitat.mosaic,CH
R3,1,Ranunculus.bulbosus,14.13716694,Rural.habitat.mosaic,CH
R3,1,Ranunculus.bulbosus,63.61725124,Rural.habitat.mosaic,CH
R3,1,Ranunculus.bulbosus,35.34291735,Rural.habitat.mosaic,CH
R3,1,Ranunculus.bulbosus,49.48008429,Rural.habitat.mosaic,CH
R3,1,Ranunculus.bulbosus,21.20575041,Rural.habitat.mosaic,CH
R3,1,Ranunculus.bulbosus,7.068583471,Rural.habitat.mosaic,CH
R3,1,Ranunculus.bulbosus,56.54866776,Rural.habitat.mosaic,CH
R3,1,Ranunculus.bulbosus,7.068583471,Rural.habitat.mosaic,CH
A2,1,Ranunculus.bulbosus,98.96016859,Intensive.agriculture,CH
A2,1,Ranunculus.bulbosus,7.068583471,Intensive.agriculture,CH
A2,1,Ranunculus.bulbosus,28.27433388,Intensive.agriculture,CH
A2,1,Ranunculus.bulbosus,98.96016859,Intensive.agriculture,CH
A2,1,Ranunculus.bulbosus,14.13716694,Intensive.agriculture,CH
A2,1,Ranunculus.bulbosus,7.068583471,Intensive.agriculture,CH
A2,1,Ranunculus.bulbosus,7.068583471,Intensive.agriculture,CH
R1,1,Ranunculus.bulbosus,240.331838,Rural.habitat.mosaic,CH
R1,1,Ranunculus.bulbosus,7.068583471,Rural.habitat.mosaic,CH
R1,1,Ranunculus.bulbosus,98.96016859,Rural.habitat.mosaic,CH
R1,1,Ranunculus.bulbosus,14.13716694,Rural.habitat.mosaic,CH
R1,1,Ranunculus.bulbosus,21.20575041,Rural.habitat.mosaic,CH
R1,1,Ranunculus.bulbosus,42.41150082,Rural.habitat.mosaic,CH
R1,1,Ranunculus.bulbosus,254.4690049,Rural.habitat.mosaic,CH
R1,1,Ranunculus.bulbosus,35.34291735,Rural.habitat.mosaic,CH
R1,1,Ranunculus.bulbosus,42.41150082,Rural.habitat.mosaic,CH
R1,1,Ranunculus.bulbosus,664.4468462,Rural.habitat.mosaic,CH
R1,1,Ranunculus.bulbosus,113.0973355,Rural.habitat.mosaic,CH
R1,1,Ranunculus.bulbosus,84.82300165,Rural.habitat.mosaic,CH
R1,1,Ranunculus.bulbosus,42.41150082,Rural.habitat.mosaic,CH
R1,1,Ranunculus.bulbosus,409.9778413,Rural.habitat.mosaic,CH
R1,1,Ranunculus.bulbosus,282.7433388,Rural.habitat.mosaic,CH
R1,1,Ranunculus.bulbosus,7.068583471,Rural.habitat.mosaic,CH
R1,1,Ranunculus.bulbosus,28.27433388,Rural.habitat.mosaic,CH
R1,1,Ranunculus.bulbosus,7.068583471,Rural.habitat.mosaic,CH
R1,1,Ranunculus.bulbosus,7.068583471,Rural.habitat.mosaic,CH
R1,1,Ranunculus.bulbosus,35.34291735,Rural.habitat.mosaic,CH
R1,1,Ranunculus.bulbosus,28.27433388,Rural.habitat.mosaic,CH
R1,1,Ranunculus.bulbosus,332.2234231,Rural.habitat.mosaic,CH
R1,1,Ranunculus.bulbosus,106.0287521,Rural.habitat.mosaic,CH
R1,1,Ranunculus.bulbosus,70.68583471,Rural.habitat.mosaic,CH
R1,1,Ranunculus.bulbosus,240.331838,Rural.habitat.mosaic,CH
R1,1,Ranunculus.bulbosus,56.54866776,Rural.habitat.mosaic,CH
R1,1,Ranunculus.bulbosus,219.1260876,Rural.habitat.mosaic,CH
R1,1,Ranunculus.bulbosus,417.0464248,Rural.habitat.mosaic,CH
R1,1,Ranunculus.bulbosus,21.20575041,Rural.habitat.mosaic,CH
R1,1,Ranunculus.bulbosus,7.068583471,Rural.habitat.mosaic,CH
R1,1,Ranunculus.bulbosus,14.13716694,Rural.habitat.mosaic,CH
R1,1,Ranunculus.bulbosus,35.34291735,Rural.habitat.mosaic,CH
R1,1,Ranunculus.bulbosus,63.61725124,Rural.habitat.mosaic,CH
R1,1,Ranunculus.bulbosus,197.9203372,Rural.habitat.mosaic,CH
R1,1,Ranunculus.bulbosus,113.0973355,Rural.habitat.mosaic,CH
R1,1,Ranunculus.bulbosus,21.20575041,Rural.habitat.mosaic,CH
R1,1,Ranunculus.bulbosus,367.5663405,Rural.habitat.mosaic,CH
R1,1,Ranunculus.bulbosus,438.2521752,Rural.habitat.mosaic,CH
R2,1,Ranunculus.bulbosus,21.20575041,Rural.habitat.mosaic,CH
R2,1,Ranunculus.bulbosus,120.165919,Rural.habitat.mosaic,CH
R2,1,Ranunculus.bulbosus,7.068583471,Rural.habitat.mosaic,CH
R2,1,Ranunculus.bulbosus,325.1548396,Rural.habitat.mosaic,CH
A1,1,Ranunculus.bulbosus,21.20575041,Intensive.agriculture,CH
A1,1,Ranunculus.bulbosus,35.34291735,Intensive.agriculture,CH
A1,1,Ranunculus.bulbosus,7.068583471,Intensive.agriculture,CH
R1,1,Ranunculus.bulbosus,28.27433388,Rural.habitat.mosaic,CH
R1,1,Ranunculus.bulbosus,49.48008429,Rural.habitat.mosaic,CH
R1,1,Ranunculus.bulbosus,70.68583471,Rural.habitat.mosaic,CH
R1,1,Ranunculus.bulbosus,7.068583471,Rural.habitat.mosaic,CH
R1,1,Ranunculus.bulbosus,7.068583471,Rural.habitat.mosaic,CH
R3,2,Ranunculus.bulbosus,7.068583471,Rural.habitat.mosaic,CH
A2,2,Ranunculus.bulbosus,14.13716694,Intensive.agriculture,CH
A2,2,Ranunculus.bulbosus,14.13716694,Intensive.agriculture,CH
A3,2,Ranunculus.bulbosus,7.068583471,Intensive.agriculture,CH
A2,2,Ranunculus.bulbosus,7.068583471,Intensive.agriculture,CH
R1,2,Ranunculus.bulbosus,7.068583471,Rural.habitat.mosaic,CH
R1,2,Ranunculus.bulbosus,127.2345025,Rural.habitat.mosaic,CH
R1,2,Ranunculus.bulbosus,7.068583471,Rural.habitat.mosaic,CH
R1,2,Ranunculus.bulbosus,7.068583471,Rural.habitat.mosaic,CH
R1,2,Ranunculus.bulbosus,7.068583471,Rural.habitat.mosaic,CH
R1,2,Ranunculus.bulbosus,14.13716694,Rural.habitat.mosaic,CH
R1,2,Ranunculus.bulbosus,7.068583471,Rural.habitat.mosaic,CH
R1,2,Ranunculus.bulbosus,35.34291735,Rural.habitat.mosaic,CH
R1,2,Ranunculus.bulbosus,14.13716694,Rural.habitat.mosaic,CH
R1,2,Ranunculus.bulbosus,14.13716694,Rural.habitat.mosaic,CH
R1,2,Ranunculus.bulbosus,14.13716694,Rural.habitat.mosaic,CH
R1,2,Ranunculus.bulbosus,7.068583471,Rural.habitat.mosaic,CH
R1,2,Ranunculus.bulbosus,7.068583471,Rural.habitat.mosaic,CH
R1,2,Ranunculus.bulbosus,14.13716694,Rural.habitat.mosaic,CH
R1,2,Ranunculus.bulbosus,14.13716694,Rural.habitat.mosaic,CH
R1,2,Ranunculus.bulbosus,56.54866776,Rural.habitat.mosaic,CH
R3,1,Ranunculus.ficaria,7.068583471,Rural.habitat.mosaic,CH
R3,1,Ranunculus.ficaria,77.75441818,Rural.habitat.mosaic,CH
R3,1,Ranunculus.ficaria,120.165919,Rural.habitat.mosaic,CH
R3,1,Ranunculus.ficaria,42.41150082,Rural.habitat.mosaic,CH
R3,1,Ranunculus.ficaria,247.4004215,Rural.habitat.mosaic,CH
R3,1,Ranunculus.ficaria,42.41150082,Rural.habitat.mosaic,CH
R3,1,Ranunculus.ficaria,21.20575041,Rural.habitat.mosaic,CH
R3,1,Ranunculus.ficaria,14.13716694,Rural.habitat.mosaic,CH
R3,1,Ranunculus.ficaria,14.13716694,Rural.habitat.mosaic,CH
A2,1,Ranunculus.ficaria,14.13716694,Intensive.agriculture,CH
R1,1,Ranunculus.repens,42.41150082,Rural.habitat.mosaic,CH
R3,2,Ranunculus.repens,56.54866776,Rural.habitat.mosaic,CH
R3,2,Ranunculus.repens,113.0973355,Rural.habitat.mosaic,CH
R3,2,Ranunculus.repens,155.5088364,Rural.habitat.mosaic,CH
A1,2,Ranunculus.repens,247.4004215,Intensive.agriculture,CH
A1,2,Ranunculus.repens,240.331838,Intensive.agriculture,CH
A3,2,Ranunculus.repens,7.068583471,Intensive.agriculture,CH
A3,2,Ranunculus.repens,7.068583471,Intensive.agriculture,CH
R1,2,Ranunculus.repens,42.41150082,Rural.habitat.mosaic,CH
A1,2,Ranunculus.repens,42.41150082,Intensive.agriculture,CH
A3,1,Raphanus.sativus,18.15840554,Intensive.agriculture,CH
A3,1,Raphanus.sativus,36.31681108,Intensive.agriculture,CH
A1,2,Rhinanthus.alectorolophus,15.90431281,Intensive.agriculture,CH
R3,2,Rhinanthus.alectorolophus,10.60287521,Rural.habitat.mosaic,CH
R3,2,Rhinanthus.alectorolophus,3.534291735,Rural.habitat.mosaic,CH
R3,2,Rhinanthus.alectorolophus,5.301437603,Rural.habitat.mosaic,CH
R3,2,Rhinanthus.alectorolophus,10.60287521,Rural.habitat.mosaic,CH
R3,2,Rhinanthus.alectorolophus,19.43860454,Rural.habitat.mosaic,CH
R3,2,Rhinanthus.alectorolophus,5.301437603,Rural.habitat.mosaic,CH
R2,2,Rhinanthus.alectorolophus,15.90431281,Rural.habitat.mosaic,CH
R2,2,Rhinanthus.alectorolophus,3.534291735,Rural.habitat.mosaic,CH
R2,2,Rhinanthus.alectorolophus,8.835729338,Rural.habitat.mosaic,CH
R2,2,Rhinanthus.alectorolophus,5.301437603,Rural.habitat.mosaic,CH
R2,2,Rhinanthus.alectorolophus,8.835729338,Rural.habitat.mosaic,CH
R2,2,Rhinanthus.alectorolophus,5.301437603,Rural.habitat.mosaic,CH
R2,2,Rhinanthus.alectorolophus,21.20575041,Rural.habitat.mosaic,CH
R2,2,Rhinanthus.alectorolophus,26.50718801,Rural.habitat.mosaic,CH
R2,2,Rhinanthus.alectorolophus,45.94579256,Rural.habitat.mosaic,CH
R2,2,Rhinanthus.alectorolophus,5.301437603,Rural.habitat.mosaic,CH
A3,2,Rhinanthus.alectorolophus,10.60287521,Intensive.agriculture,CH
A3,2,Rhinanthus.alectorolophus,10.60287521,Intensive.agriculture,CH
A3,2,Rhinanthus.alectorolophus,5.301437603,Intensive.agriculture,CH
A3,2,Rhinanthus.alectorolophus,3.534291735,Intensive.agriculture,CH
A3,2,Rhinanthus.alectorolophus,5.301437603,Intensive.agriculture,CH
A4,2,Rhinanthus.alectorolophus,5.301437603,Intensive.agriculture,CH
A4,2,Rhinanthus.alectorolophus,38.87720909,Intensive.agriculture,CH
A4,2,Rhinanthus.alectorolophus,3.534291735,Intensive.agriculture,CH
A4,2,Rhinanthus.alectorolophus,5.301437603,Intensive.agriculture,CH
A4,2,Rhinanthus.alectorolophus,5.301437603,Intensive.agriculture,CH
R4,2,Rhinanthus.alectorolophus,56.54866776,Rural.habitat.mosaic,CH
R4,2,Rhinanthus.alectorolophus,15.90431281,Rural.habitat.mosaic,CH
R4,2,Rhinanthus.alectorolophus,3.534291735,Rural.habitat.mosaic,CH
R4,2,Rhinanthus.alectorolophus,7.068583471,Rural.habitat.mosaic,CH
R4,2,Rhinanthus.alectorolophus,26.50718801,Rural.habitat.mosaic,CH
R4,2,Rhinanthus.alectorolophus,24.74004215,Rural.habitat.mosaic,CH
R4,2,Rhinanthus.alectorolophus,10.60287521,Rural.habitat.mosaic,CH
R4,2,Rhinanthus.alectorolophus,51.24723016,Rural.habitat.mosaic,CH
R4,2,Rhinanthus.alectorolophus,30.04147975,Rural.habitat.mosaic,CH
R4,2,Rhinanthus.alectorolophus,21.20575041,Rural.habitat.mosaic,CH
R4,2,Rhinanthus.alectorolophus,21.20575041,Rural.habitat.mosaic,CH
R4,2,Rhinanthus.alectorolophus,28.27433388,Rural.habitat.mosaic,CH
R4,2,Rhinanthus.alectorolophus,5.301437603,Rural.habitat.mosaic,CH
R4,2,Rhinanthus.alectorolophus,12.37002107,Rural.habitat.mosaic,CH
R4,2,Rhinanthus.alectorolophus,3.534291735,Rural.habitat.mosaic,CH
R4,2,Rhinanthus.alectorolophus,7.068583471,Rural.habitat.mosaic,CH
R4,2,Rhinanthus.alectorolophus,12.37002107,Rural.habitat.mosaic,CH
R4,2,Rhinanthus.alectorolophus,3.534291735,Rural.habitat.mosaic,CH
R4,2,Rhinanthus.alectorolophus,8.835729338,Rural.habitat.mosaic,CH
R1,2,Rhinanthus.alectorolophus,12.37002107,Rural.habitat.mosaic,CH
R1,2,Rhinanthus.alectorolophus,1.767145868,Rural.habitat.mosaic,CH
R1,2,Rhinanthus.alectorolophus,7.068583471,Rural.habitat.mosaic,CH
R1,2,Rhinanthus.alectorolophus,5.301437603,Rural.habitat.mosaic,CH
R1,2,Rhinanthus.alectorolophus,15.90431281,Rural.habitat.mosaic,CH
R1,2,Rhinanthus.alectorolophus,17.67145868,Rural.habitat.mosaic,CH
R1,2,Rhinanthus.alectorolophus,7.068583471,Rural.habitat.mosaic,CH
R1,2,Rhinanthus.alectorolophus,15.90431281,Rural.habitat.mosaic,CH
R1,2,Rhinanthus.alectorolophus,7.068583471,Rural.habitat.mosaic,CH
R1,2,Rhinanthus.alectorolophus,10.60287521,Rural.habitat.mosaic,CH
R1,2,Rhinanthus.alectorolophus,3.534291735,Rural.habitat.mosaic,CH
A1,2,Rhinanthus.minor,1.767145868,Intensive.agriculture,CH
A1,2,Rhinanthus.minor,8.835729338,Intensive.agriculture,CH
R1,2,Rhinanthus.minor,1.767145868,Rural.habitat.mosaic,CH
R3,2,Rosa.canina.aggr,78.53981634,Rural.habitat.mosaic,CH
R3,2,Rosa.canina.aggr,39.26990817,Rural.habitat.mosaic,CH
R2,2,Rosa.canina.aggr,58.90486225,Rural.habitat.mosaic,CH
R2,2,Rosa.canina.aggr,373.0641276,Rural.habitat.mosaic,CH
A1,2,Rosa.canina.aggr,78.53981634,Intensive.agriculture,CH
A1,2,Rosa.canina.aggr,589.0486225,Intensive.agriculture,CH
A2,2,Rosa.canina.aggr,98.17477042,Intensive.agriculture,CH
A2,2,Rosa.canina.aggr,98.17477042,Intensive.agriculture,CH
R4,2,Rosa.canina.aggr,39.26990817,Rural.habitat.mosaic,CH
R1,2,Rosa.canina.aggr,530.1437603,Rural.habitat.mosaic,CH
R1,2,Rosa.canina.aggr,19.63495408,Rural.habitat.mosaic,CH
R1,2,Rosa.canina.aggr,765.7632093,Rural.habitat.mosaic,CH
R1,2,Rosa.canina.aggr,78.53981634,Rural.habitat.mosaic,CH
R1,2,Rosa.canina.aggr,58.90486225,Rural.habitat.mosaic,CH
R1,2,Rosa.canina.aggr,215.9844949,Rural.habitat.mosaic,CH
R3,3,Rubus.armeniacus,7.068583471,Rural.habitat.mosaic,CH
R3,2,Rubus.caesius,24.54369261,Rural.habitat.mosaic,CH
R3,2,Rubus.caesius,4.908738521,Rural.habitat.mosaic,CH
R3,2,Rubus.caesius,4.908738521,Rural.habitat.mosaic,CH
R2,2,Rubus.caesius,4.908738521,Rural.habitat.mosaic,CH
R2,2,Rubus.caesius,4.908738521,Rural.habitat.mosaic,CH
A2,2,Rubus.caesius,4.908738521,Intensive.agriculture,CH
R4,2,Rubus.caesius,9.817477042,Rural.habitat.mosaic,CH
R4,2,Rubus.caesius,4.908738521,Rural.habitat.mosaic,CH
R4,2,Rubus.caesius,9.817477042,Rural.habitat.mosaic,CH
R3,3,Rubus.caesius,24.54369261,Rural.habitat.mosaic,CH
R3,3,Rubus.caesius,9.817477042,Rural.habitat.mosaic,CH
R3,3,Rubus.caesius,14.72621556,Rural.habitat.mosaic,CH
R3,3,Rubus.caesius,24.54369261,Rural.habitat.mosaic,CH
R3,3,Rubus.caesius,14.72621556,Rural.habitat.mosaic,CH
R1,2,Rubus.caesius,14.72621556,Rural.habitat.mosaic,CH
R2,3,Rubus.caesius,4.908738521,Rural.habitat.mosaic,CH
R1,3,Rubus.caesius,9.817477042,Rural.habitat.mosaic,CH
R1,3,Rubus.caesius,4.908738521,Rural.habitat.mosaic,CH
R1,3,Rubus.caesius,4.908738521,Rural.habitat.mosaic,CH
R4,3,Rubus.caesius,4.908738521,Rural.habitat.mosaic,CH
R4,3,Rubus.caesius,14.72621556,Rural.habitat.mosaic,CH
R4,2,Rubus.fruticosus.aggr,5.301437603,Rural.habitat.mosaic,CH
R4,2,Rubus.fruticosus.aggr,8.835729338,Rural.habitat.mosaic,CH
R4,2,Rubus.fruticosus.aggr,19.43860454,Rural.habitat.mosaic,CH
R4,2,Rubus.fruticosus.aggr,15.90431281,Rural.habitat.mosaic,CH
R4,2,Rubus.fruticosus.aggr,12.37002107,Rural.habitat.mosaic,CH
R4,2,Rubus.fruticosus.aggr,5.301437603,Rural.habitat.mosaic,CH
R4,2,Rubus.fruticosus.aggr,22.97289628,Rural.habitat.mosaic,CH
R4,2,Rubus.fruticosus.aggr,17.67145868,Rural.habitat.mosaic,CH
R4,2,Rubus.fruticosus.aggr,3.534291735,Rural.habitat.mosaic,CH
R4,2,Rubus.fruticosus.aggr,21.20575041,Rural.habitat.mosaic,CH
R4,2,Rubus.fruticosus.aggr,14.13716694,Rural.habitat.mosaic,CH
R4,2,Rubus.fruticosus.aggr,14.13716694,Rural.habitat.mosaic,CH
R4,2,Rubus.fruticosus.aggr,8.835729338,Rural.habitat.mosaic,CH
R4,2,Rubus.fruticosus.aggr,1.767145868,Rural.habitat.mosaic,CH
R4,2,Rubus.fruticosus.aggr,8.835729338,Rural.habitat.mosaic,CH
R4,2,Rubus.fruticosus.aggr,1.767145868,Rural.habitat.mosaic,CH
R4,2,Rubus.fruticosus.aggr,17.67145868,Rural.habitat.mosaic,CH
A2,2,Rubus.fruticosus.aggr,3.534291735,Intensive.agriculture,CH
A2,2,Rubus.fruticosus.aggr,1.767145868,Intensive.agriculture,CH
A2,2,Rubus.fruticosus.aggr,3.534291735,Intensive.agriculture,CH
R2,3,Rubus.fruticosus.aggr,8.835729338,Rural.habitat.mosaic,CH
R2,3,Rubus.fruticosus.aggr,26.50718801,Rural.habitat.mosaic,CH
R2,3,Rubus.fruticosus.aggr,26.50718801,Rural.habitat.mosaic,CH
R4,3,Rubus.fruticosus.aggr,5.301437603,Rural.habitat.mosaic,CH
R4,3,Rubus.fruticosus.aggr,12.37002107,Rural.habitat.mosaic,CH
R4,3,Rubus.fruticosus.aggr,5.301437603,Rural.habitat.mosaic,CH
R4,3,Rubus.fruticosus.aggr,5.301437603,Rural.habitat.mosaic,CH
R4,3,Rubus.fruticosus.aggr,10.60287521,Rural.habitat.mosaic,CH
R4,3,Rubus.fruticosus.aggr,3.534291735,Rural.habitat.mosaic,CH
R4,3,Rubus.fruticosus.aggr,7.068583471,Rural.habitat.mosaic,CH
R1,2,Rubus.fruticosus.aggr,1.767145868,Rural.habitat.mosaic,CH
R4,3,Rubus.idaeus,1.767145868,Rural.habitat.mosaic,CH
R1,1,Salvia.pratensis,10.21017612,Rural.habitat.mosaic,CH
R1,1,Salvia.pratensis,20.42035225,Rural.habitat.mosaic,CH
R1,1,Salvia.pratensis,40.8407045,Rural.habitat.mosaic,CH
R1,1,Salvia.pratensis,10.21017612,Rural.habitat.mosaic,CH
R1,1,Salvia.pratensis,10.21017612,Rural.habitat.mosaic,CH
R1,1,Salvia.pratensis,183.7831702,Rural.habitat.mosaic,CH
A1,2,Salvia.pratensis,9.424777961,Intensive.agriculture,CH
R3,2,Salvia.pratensis,10.21017612,Rural.habitat.mosaic,CH
R3,2,Salvia.pratensis,0.785398163,Rural.habitat.mosaic,CH
R3,2,Salvia.pratensis,1.570796327,Rural.habitat.mosaic,CH
R3,2,Salvia.pratensis,6.283185307,Rural.habitat.mosaic,CH
R3,2,Salvia.pratensis,3.926990817,Rural.habitat.mosaic,CH
R3,2,Salvia.pratensis,3.926990817,Rural.habitat.mosaic,CH
A3,2,Salvia.pratensis,44.76769531,Intensive.agriculture,CH
A3,2,Salvia.pratensis,36.91371368,Intensive.agriculture,CH
A3,2,Salvia.pratensis,3.926990817,Intensive.agriculture,CH
A2,2,Salvia.pratensis,10.99557429,Intensive.agriculture,CH
A4,2,Salvia.pratensis,7.068583471,Intensive.agriculture,CH
A4,2,Salvia.pratensis,1.570796327,Intensive.agriculture,CH
A1,3,Salvia.pratensis,8.639379797,Intensive.agriculture,CH
R1,2,Salvia.pratensis,17.27875959,Rural.habitat.mosaic,CH
R1,2,Salvia.pratensis,9.424777961,Rural.habitat.mosaic,CH
R1,2,Salvia.pratensis,2.35619449,Rural.habitat.mosaic,CH
R1,2,Salvia.pratensis,5.497787144,Rural.habitat.mosaic,CH
R1,2,Salvia.pratensis,3.926990817,Rural.habitat.mosaic,CH
R1,2,Salvia.pratensis,5.497787144,Rural.habitat.mosaic,CH
R1,2,Salvia.pratensis,19.63495408,Rural.habitat.mosaic,CH
R1,2,Salvia.pratensis,19.63495408,Rural.habitat.mosaic,CH
R1,2,Salvia.pratensis,9.424777961,Rural.habitat.mosaic,CH
R3,2,Sambucus.nigra,242.452413,Rural.habitat.mosaic,CH
R2,2,Sambucus.nigra,107.756628,Rural.habitat.mosaic,CH
R2,2,Sambucus.nigra,115.45353,Rural.habitat.mosaic,CH
A3,2,Sambucus.nigra,1385.44236,Intensive.agriculture,CH
A3,2,Sambucus.nigra,538.7831401,Intensive.agriculture,CH
A3,2,Sambucus.nigra,1385.44236,Intensive.agriculture,CH
A3,2,Sambucus.nigra,1539.3804,Intensive.agriculture,CH
A3,2,Sambucus.nigra,461.8141201,Intensive.agriculture,CH
A3,2,Sambucus.nigra,5.002986301,Intensive.agriculture,CH
A3,2,Sambucus.nigra,769.6902001,Intensive.agriculture,CH
A3,2,Sambucus.nigra,1077.56628,Intensive.agriculture,CH
A3,2,Sambucus.nigra,1308.47334,Intensive.agriculture,CH
A2,2,Sambucus.nigra,76.96902001,Intensive.agriculture,CH
A2,2,Sambucus.nigra,182.8014225,Intensive.agriculture,CH
R3,2,Sanicula.europaea,353.4291735,Rural.habitat.mosaic,CH
R3,2,Sanicula.europaea,164.9336143,Rural.habitat.mosaic,CH
R3,2,Sanicula.europaea,322.013247,Rural.habitat.mosaic,CH
R3,2,Sanicula.europaea,54.97787144,Rural.habitat.mosaic,CH
A2,2,Scabiosa.columbaria,57.72676501,Intensive.agriculture,CH
A2,2,Scabiosa.columbaria,19.242255,Intensive.agriculture,CH
A2,2,Scabiosa.columbaria,19.242255,Intensive.agriculture,CH
A2,2,Scabiosa.columbaria,9.621127502,Intensive.agriculture,CH
A2,2,Scabiosa.columbaria,9.621127502,Intensive.agriculture,CH
A2,2,Scabiosa.columbaria,9.621127502,Intensive.agriculture,CH
A2,2,Scabiosa.columbaria,19.242255,Intensive.agriculture,CH
A2,2,Scabiosa.columbaria,9.621127502,Intensive.agriculture,CH
A4,2,Scabiosa.columbaria,9.621127502,Intensive.agriculture,CH
R3,3,Scabiosa.columbaria,19.242255,Rural.habitat.mosaic,CH
R1,3,Securigera.varia,25.13274123,Rural.habitat.mosaic,CH
R1,3,Securigera.varia,357.3561643,Rural.habitat.mosaic,CH
R1,3,Securigera.varia,9.424777961,Rural.habitat.mosaic,CH
R3,1,Senecio.vulgaris,6.660176426,Rural.habitat.mosaic,CH
A2,1,Senecio.vulgaris,0.502654825,Intensive.agriculture,CH
A2,1,Senecio.vulgaris,7.791149781,Intensive.agriculture,CH
A2,1,Senecio.vulgaris,9.550441667,Intensive.agriculture,CH
A2,1,Senecio.vulgaris,0.628318531,Intensive.agriculture,CH
A2,1,Senecio.vulgaris,0.376991118,Intensive.agriculture,CH
A2,1,Senecio.vulgaris,1.130973355,Intensive.agriculture,CH
A2,1,Senecio.vulgaris,4.021238597,Intensive.agriculture,CH
A2,1,Senecio.vulgaris,14.19999879,Intensive.agriculture,CH
A2,1,Senecio.vulgaris,0.502654825,Intensive.agriculture,CH
A1,3,Senecio.vulgaris,6.660176426,Intensive.agriculture,CH
A4,3,Senecio.vulgaris,2.387610417,Intensive.agriculture,CH
A2,3,Senecio.vulgaris,1.256637061,Intensive.agriculture,CH
A2,3,Senecio.vulgaris,0.879645943,Intensive.agriculture,CH
A2,3,Senecio.vulgaris,1.130973355,Intensive.agriculture,CH
A2,3,Senecio.vulgaris,1.507964474,Intensive.agriculture,CH
A2,3,Senecio.vulgaris,1.256637061,Intensive.agriculture,CH
A2,3,Senecio.vulgaris,3.769911184,Intensive.agriculture,CH
A2,3,Senecio.vulgaris,0.251327412,Intensive.agriculture,CH
A2,3,Senecio.vulgaris,1.256637061,Intensive.agriculture,CH
A2,3,Senecio.vulgaris,1.005309649,Intensive.agriculture,CH
A2,3,Senecio.vulgaris,7.037167544,Intensive.agriculture,CH
A2,3,Senecio.vulgaris,0.125663706,Intensive.agriculture,CH
A2,3,Senecio.vulgaris,2.010619298,Intensive.agriculture,CH
A2,2,Silene.flos.cuculi,7.068583471,Intensive.agriculture,CH
A2,2,Silene.flos.cuculi,63.61725124,Intensive.agriculture,CH
A3,2,Silene.flos.cuculi,14.13716694,Intensive.agriculture,CH
A3,3,Silene.flos.cuculi,7.068583471,Intensive.agriculture,CH
A4,2,Silene.pratensis,7.068583471,Intensive.agriculture,CH
A4,2,Silene.pratensis,35.34291735,Intensive.agriculture,CH
A4,2,Silene.pratensis,7.068583471,Intensive.agriculture,CH
A4,2,Silene.pratensis,21.20575041,Intensive.agriculture,CH
A4,2,Silene.pratensis,14.13716694,Intensive.agriculture,CH
A4,2,Silene.pratensis,56.54866776,Intensive.agriculture,CH
A4,2,Silene.pratensis,106.0287521,Intensive.agriculture,CH
A4,3,Silene.pratensis,14.13716694,Intensive.agriculture,CH
R2,2,Silene.vulgaris,15.20530844,Rural.habitat.mosaic,CH
A3,2,Silene.vulgaris,15.20530844,Intensive.agriculture,CH
A2,2,Silene.vulgaris,159.6557387,Intensive.agriculture,CH
A2,3,Silene.vulgaris,7.602654222,Intensive.agriculture,CH
R3,3,Silene.vulgaris,7.602654222,Rural.habitat.mosaic,CH
R3,3,Silene.vulgaris,11.40398133,Rural.habitat.mosaic,CH
R3,3,Silene.vulgaris,3.801327111,Rural.habitat.mosaic,CH
R2,1,Sinapis.arvensis,290.5973205,Rural.habitat.mosaic,CH
A3,2,Sinapis.arvensis,2.35619449,Intensive.agriculture,CH
A4,3,Solanum.nigrum,5.654866776,Intensive.agriculture,CH
A2,3,Solanum.nigrum,20.3575204,Intensive.agriculture,CH
A2,3,Solanum.nigrum,3.392920066,Intensive.agriculture,CH
A2,3,Solanum.nigrum,2.261946711,Intensive.agriculture,CH
A2,3,Solanum.nigrum,4.523893421,Intensive.agriculture,CH
R4,3,Solanum.tuberosum,63.61725124,Rural.habitat.mosaic,CH
R4,3,Solanum.tuberosum,84.82300165,Rural.habitat.mosaic,CH
R4,3,Solanum.tuberosum,91.89158512,Rural.habitat.mosaic,CH
R4,3,Solanum.tuberosum,70.68583471,Rural.habitat.mosaic,CH
A2,3,Solanum.tuberosum,42.41150082,Intensive.agriculture,CH
A2,3,Solanum.tuberosum,21.20575041,Intensive.agriculture,CH
A2,3,Solanum.tuberosum,63.61725124,Intensive.agriculture,CH
A2,3,Solanum.tuberosum,14.13716694,Intensive.agriculture,CH
A2,3,Solanum.tuberosum,35.34291735,Intensive.agriculture,CH
A2,3,Solanum.tuberosum,84.82300165,Intensive.agriculture,CH
A2,3,Solanum.tuberosum,42.41150082,Intensive.agriculture,CH
A3,3,Sonchus.arvensis,14.72621556,Intensive.agriculture,CH
A4,2,Sonchus.asper,8.835729338,Intensive.agriculture,CH
A1,3,Sonchus.asper,1.767145868,Intensive.agriculture,CH
A4,3,Sonchus.asper,1.767145868,Intensive.agriculture,CH
A3,3,Sonchus.asper,3.534291735,Intensive.agriculture,CH
R2,3,Spiraea.japonica,500.2986301,Rural.habitat.mosaic,CH
A2,2,Stachys.sylvatica,42.41150082,Intensive.agriculture,CH
R4,2,Stachys.sylvatica,12.37002107,Rural.habitat.mosaic,CH
R4,2,Stachys.sylvatica,14.13716694,Rural.habitat.mosaic,CH
R4,2,Stachys.sylvatica,10.60287521,Rural.habitat.mosaic,CH
R1,3,Stachys.sylvatica,7.068583471,Rural.habitat.mosaic,CH
R4,3,Stachys.sylvatica,8.835729338,Rural.habitat.mosaic,CH
R4,3,Stachys.sylvatica,24.74004215,Rural.habitat.mosaic,CH
R3,3,Stachys.sylvatica,1.767145868,Rural.habitat.mosaic,CH
R3,3,Stachys.sylvatica,14.13716694,Rural.habitat.mosaic,CH
R3,1,Stellaria.media,5.026548246,Rural.habitat.mosaic,CH
R3,1,Stellaria.media,70.37167544,Rural.habitat.mosaic,CH
R3,1,Stellaria.media,0.502654825,Rural.habitat.mosaic,CH
R3,1,Stellaria.media,1.005309649,Rural.habitat.mosaic,CH
R3,1,Stellaria.media,2.010619298,Rural.habitat.mosaic,CH
R3,1,Stellaria.media,3.015928947,Rural.habitat.mosaic,CH
R3,1,Stellaria.media,11.05840614,Rural.habitat.mosaic,CH
R3,1,Stellaria.media,9.550441667,Rural.habitat.mosaic,CH
R3,1,Stellaria.media,21.11150263,Rural.habitat.mosaic,CH
R3,1,Stellaria.media,12.56637061,Rural.habitat.mosaic,CH
R3,1,Stellaria.media,6.031857895,Rural.habitat.mosaic,CH
R3,1,Stellaria.media,4.021238597,Rural.habitat.mosaic,CH
R3,1,Stellaria.media,1.507964474,Rural.habitat.mosaic,CH
R3,1,Stellaria.media,25.63539605,Rural.habitat.mosaic,CH
R3,1,Stellaria.media,18.09557368,Rural.habitat.mosaic,CH
R3,1,Stellaria.media,7.539822369,Rural.habitat.mosaic,CH
R3,1,Stellaria.media,9.550441667,Rural.habitat.mosaic,CH
A2,1,Stellaria.media,1.005309649,Intensive.agriculture,CH
A3,1,Stellaria.media,1.507964474,Intensive.agriculture,CH
R4,1,Stellaria.media,0.502654825,Rural.habitat.mosaic,CH
A1,3,Stellaria.media,2.513274123,Intensive.agriculture,CH
A1,3,Stellaria.media,4.021238597,Intensive.agriculture,CH
A4,3,Stellaria.media,1.005309649,Intensive.agriculture,CH
A4,3,Stellaria.media,0.502654825,Intensive.agriculture,CH
A3,3,Stellaria.media,0.502654825,Intensive.agriculture,CH
A3,3,Stellaria.media,3.015928947,Intensive.agriculture,CH
A3,3,Stellaria.media,1.507964474,Intensive.agriculture,CH
A3,3,Stellaria.media,2.513274123,Intensive.agriculture,CH
R3,1,Taraxacum.officinale,23.75829444,Rural.habitat.mosaic,CH
R3,1,Taraxacum.officinale,23.75829444,Rural.habitat.mosaic,CH
R3,1,Taraxacum.officinale,23.75829444,Rural.habitat.mosaic,CH
R3,1,Taraxacum.officinale,95.03317777,Rural.habitat.mosaic,CH
R3,1,Taraxacum.officinale,308.8578278,Rural.habitat.mosaic,CH
R3,1,Taraxacum.officinale,71.27488333,Rural.habitat.mosaic,CH
R3,1,Taraxacum.officinale,166.3080611,Rural.habitat.mosaic,CH
R3,1,Taraxacum.officinale,118.7914722,Rural.habitat.mosaic,CH
R3,1,Taraxacum.officinale,71.27488333,Rural.habitat.mosaic,CH
R3,1,Taraxacum.officinale,47.51658889,Rural.habitat.mosaic,CH
R3,1,Taraxacum.officinale,190.0663555,Rural.habitat.mosaic,CH
R3,1,Taraxacum.officinale,23.75829444,Rural.habitat.mosaic,CH
R3,1,Taraxacum.officinale,71.27488333,Rural.habitat.mosaic,CH
R3,1,Taraxacum.officinale,23.75829444,Rural.habitat.mosaic,CH
R3,1,Taraxacum.officinale,23.75829444,Rural.habitat.mosaic,CH
R3,1,Taraxacum.officinale,47.51658889,Rural.habitat.mosaic,CH
A2,1,Taraxacum.officinale,71.27488333,Intensive.agriculture,CH
A2,1,Taraxacum.officinale,71.27488333,Intensive.agriculture,CH
A2,1,Taraxacum.officinale,237.5829444,Intensive.agriculture,CH
A2,1,Taraxacum.officinale,166.3080611,Intensive.agriculture,CH
A2,1,Taraxacum.officinale,47.51658889,Intensive.agriculture,CH
A2,1,Taraxacum.officinale,23.75829444,Intensive.agriculture,CH
A2,1,Taraxacum.officinale,71.27488333,Intensive.agriculture,CH
A2,1,Taraxacum.officinale,166.3080611,Intensive.agriculture,CH
A2,1,Taraxacum.officinale,166.3080611,Intensive.agriculture,CH
A2,1,Taraxacum.officinale,47.51658889,Intensive.agriculture,CH
A3,1,Taraxacum.officinale,142.5497667,Intensive.agriculture,CH
A3,1,Taraxacum.officinale,23.75829444,Intensive.agriculture,CH
A3,1,Taraxacum.officinale,71.27488333,Intensive.agriculture,CH
A3,1,Taraxacum.officinale,71.27488333,Intensive.agriculture,CH
A3,1,Taraxacum.officinale,23.75829444,Intensive.agriculture,CH
A3,1,Taraxacum.officinale,166.3080611,Intensive.agriculture,CH
A3,1,Taraxacum.officinale,380.1327111,Intensive.agriculture,CH
A3,1,Taraxacum.officinale,261.3412389,Intensive.agriculture,CH
A3,1,Taraxacum.officinale,1995.696733,Intensive.agriculture,CH
A3,1,Taraxacum.officinale,855.2985999,Intensive.agriculture,CH
A4,1,Taraxacum.officinale,71.27488333,Intensive.agriculture,CH
A4,1,Taraxacum.officinale,95.03317777,Intensive.agriculture,CH
A4,1,Taraxacum.officinale,47.51658889,Intensive.agriculture,CH
A4,1,Taraxacum.officinale,23.75829444,Intensive.agriculture,CH
A4,1,Taraxacum.officinale,71.27488333,Intensive.agriculture,CH
R4,1,Taraxacum.officinale,71.27488333,Rural.habitat.mosaic,CH
R1,1,Taraxacum.officinale,47.51658889,Rural.habitat.mosaic,CH
R1,1,Taraxacum.officinale,23.75829444,Rural.habitat.mosaic,CH
R1,1,Taraxacum.officinale,47.51658889,Rural.habitat.mosaic,CH
R1,1,Taraxacum.officinale,23.75829444,Rural.habitat.mosaic,CH
R4,1,Taraxacum.officinale,23.75829444,Rural.habitat.mosaic,CH
R4,1,Taraxacum.officinale,23.75829444,Rural.habitat.mosaic,CH
R4,1,Taraxacum.officinale,95.03317777,Rural.habitat.mosaic,CH
R4,1,Taraxacum.officinale,71.27488333,Rural.habitat.mosaic,CH
R4,1,Taraxacum.officinale,166.3080611,Rural.habitat.mosaic,CH
R4,1,Taraxacum.officinale,142.5497667,Rural.habitat.mosaic,CH
R4,1,Taraxacum.officinale,71.27488333,Rural.habitat.mosaic,CH
R4,1,Taraxacum.officinale,332.6161222,Rural.habitat.mosaic,CH
R4,1,Taraxacum.officinale,71.27488333,Rural.habitat.mosaic,CH
R4,1,Taraxacum.officinale,23.75829444,Rural.habitat.mosaic,CH
R4,1,Taraxacum.officinale,47.51658889,Rural.habitat.mosaic,CH
R4,1,Taraxacum.officinale,23.75829444,Rural.habitat.mosaic,CH
R1,1,Taraxacum.officinale,23.75829444,Rural.habitat.mosaic,CH
R1,1,Taraxacum.officinale,71.27488333,Rural.habitat.mosaic,CH
R1,1,Taraxacum.officinale,23.75829444,Rural.habitat.mosaic,CH
R1,1,Taraxacum.officinale,142.5497667,Rural.habitat.mosaic,CH
R1,1,Taraxacum.officinale,47.51658889,Rural.habitat.mosaic,CH
R1,1,Taraxacum.officinale,142.5497667,Rural.habitat.mosaic,CH
R1,1,Taraxacum.officinale,23.75829444,Rural.habitat.mosaic,CH
R2,1,Taraxacum.officinale,47.51658889,Rural.habitat.mosaic,CH
R2,1,Taraxacum.officinale,95.03317777,Rural.habitat.mosaic,CH
R2,1,Taraxacum.officinale,47.51658889,Rural.habitat.mosaic,CH
R2,1,Taraxacum.officinale,23.75829444,Rural.habitat.mosaic,CH
R2,1,Taraxacum.officinale,71.27488333,Rural.habitat.mosaic,CH
R2,1,Taraxacum.officinale,118.7914722,Rural.habitat.mosaic,CH
R2,1,Taraxacum.officinale,47.51658889,Rural.habitat.mosaic,CH
R2,1,Taraxacum.officinale,118.7914722,Rural.habitat.mosaic,CH
R2,1,Taraxacum.officinale,23.75829444,Rural.habitat.mosaic,CH
R2,1,Taraxacum.officinale,23.75829444,Rural.habitat.mosaic,CH
R2,1,Taraxacum.officinale,23.75829444,Rural.habitat.mosaic,CH
R2,1,Taraxacum.officinale,71.27488333,Rural.habitat.mosaic,CH
A1,1,Taraxacum.officinale,47.51658889,Intensive.agriculture,CH
A1,1,Taraxacum.officinale,23.75829444,Intensive.agriculture,CH
A1,1,Taraxacum.officinale,47.51658889,Intensive.agriculture,CH
R1,1,Taraxacum.officinale,23.75829444,Rural.habitat.mosaic,CH
R1,1,Taraxacum.officinale,23.75829444,Rural.habitat.mosaic,CH
R1,1,Taraxacum.officinale,23.75829444,Rural.habitat.mosaic,CH
A3,2,Taraxacum.officinale,23.75829444,Intensive.agriculture,CH
A4,2,Taraxacum.officinale,47.51658889,Intensive.agriculture,CH
A4,2,Taraxacum.officinale,23.75829444,Intensive.agriculture,CH
A4,2,Taraxacum.officinale,71.27488333,Intensive.agriculture,CH
A4,2,Taraxacum.officinale,23.75829444,Intensive.agriculture,CH
A2,3,Taraxacum.officinale,23.75829444,Intensive.agriculture,CH
A3,2,Thlaspi.arvense,0.141371669,Intensive.agriculture,CH
A3,2,Thlaspi.arvense,0.282743339,Intensive.agriculture,CH
A3,2,Thlaspi.arvense,0.212057504,Intensive.agriculture,CH
R3,1,Thlaspi.perfoliatum,0.039269908,Rural.habitat.mosaic,CH
R3,1,Thlaspi.perfoliatum,0.314159265,Rural.habitat.mosaic,CH
R1,1,Thlaspi.perfoliatum,0.031415927,Rural.habitat.mosaic,CH
R1,2,Thlaspi.perfoliatum,0.015707963,Rural.habitat.mosaic,CH
R1,3,Thymus.serpyllum.aggr,221.3880343,Rural.habitat.mosaic,CH
R4,2,Torilis.japonica,2.513274123,Rural.habitat.mosaic,CH
R4,3,Torilis.japonica,54.03539364,Rural.habitat.mosaic,CH
R4,3,Torilis.japonica,69.11503838,Rural.habitat.mosaic,CH
R4,3,Torilis.japonica,21.99114858,Rural.habitat.mosaic,CH
R3,3,Torilis.japonica,23.5619449,Rural.habitat.mosaic,CH
A4,2,Tragopogon.pratensis,19.63495408,Intensive.agriculture,CH
A3,3,Tragopogon.pratensis,19.63495408,Intensive.agriculture,CH
A2,3,Tragopogon.pratensis,58.90486225,Intensive.agriculture,CH
R1,1,Tragopogon.pratensis,19.63495408,Rural.habitat.mosaic,CH
R1,1,Tragopogon.pratensis,19.63495408,Rural.habitat.mosaic,CH
R1,1,Tragopogon.pratensis,39.26990817,Rural.habitat.mosaic,CH
R1,1,Tragopogon.pratensis,19.63495408,Rural.habitat.mosaic,CH
R1,1,Tragopogon.pratensis,58.90486225,Rural.habitat.mosaic,CH
R1,1,Tragopogon.pratensis,19.63495408,Rural.habitat.mosaic,CH
R1,1,Tragopogon.pratensis,19.63495408,Rural.habitat.mosaic,CH
R1,1,Tragopogon.pratensis,19.63495408,Rural.habitat.mosaic,CH
R2,1,Tragopogon.pratensis,78.53981634,Rural.habitat.mosaic,CH
R2,1,Tragopogon.pratensis,19.63495408,Rural.habitat.mosaic,CH
R2,1,Tragopogon.pratensis,58.90486225,Rural.habitat.mosaic,CH
R2,1,Tragopogon.pratensis,19.63495408,Rural.habitat.mosaic,CH
R2,1,Tragopogon.pratensis,39.26990817,Rural.habitat.mosaic,CH
A1,1,Tragopogon.pratensis,98.17477042,Intensive.agriculture,CH
A1,1,Tragopogon.pratensis,39.26990817,Intensive.agriculture,CH
A2,2,Tragopogon.pratensis,19.63495408,Intensive.agriculture,CH
R1,2,Tragopogon.pratensis,19.63495408,Rural.habitat.mosaic,CH
R1,2,Tragopogon.pratensis,58.90486225,Rural.habitat.mosaic,CH
R1,2,Tragopogon.pratensis,19.63495408,Rural.habitat.mosaic,CH
A3,3,Trifolium.alexandrinum,7.063085683,Intensive.agriculture,CH
A3,3,Trifolium.alexandrinum,2.825234273,Intensive.agriculture,CH
A3,3,Trifolium.alexandrinum,3.531542842,Intensive.agriculture,CH
A3,3,Trifolium.alexandrinum,9.182011388,Intensive.agriculture,CH
A3,3,Trifolium.alexandrinum,59.32991974,Intensive.agriculture,CH
A3,3,Trifolium.alexandrinum,4.944159978,Intensive.agriculture,CH
A3,3,Trifolium.alexandrinum,8.47570282,Intensive.agriculture,CH
A3,3,Trifolium.alexandrinum,1.080236634,Intensive.agriculture,CH
A3,3,Trifolium.alexandrinum,24.01449132,Intensive.agriculture,CH
A3,3,Trifolium.alexandrinum,10.59462853,Intensive.agriculture,CH
R3,2,Trifolium.campestre,1.256637061,Rural.habitat.mosaic,CH
R3,2,Trifolium.campestre,1.256637061,Rural.habitat.mosaic,CH
R3,2,Trifolium.campestre,0.628318531,Rural.habitat.mosaic,CH
R3,2,Trifolium.campestre,2.010619298,Rural.habitat.mosaic,CH
R3,2,Trifolium.campestre,0.502654825,Rural.habitat.mosaic,CH
R3,2,Trifolium.campestre,1.507964474,Rural.habitat.mosaic,CH
R3,2,Trifolium.campestre,4.775220833,Rural.habitat.mosaic,CH
R3,2,Trifolium.campestre,3.518583772,Rural.habitat.mosaic,CH
R3,2,Trifolium.campestre,2.764601535,Rural.habitat.mosaic,CH
R2,2,Trifolium.campestre,6.534512719,Rural.habitat.mosaic,CH
A4,2,Trifolium.campestre,0.502654825,Intensive.agriculture,CH
A4,2,Trifolium.campestre,0.502654825,Intensive.agriculture,CH
A4,2,Trifolium.campestre,0.251327412,Intensive.agriculture,CH
R1,2,Trifolium.campestre,2.858849315,Rural.habitat.mosaic,CH
R1,2,Trifolium.campestre,0.628318531,Rural.habitat.mosaic,CH
R1,2,Trifolium.campestre,0.376991118,Rural.habitat.mosaic,CH
R1,2,Trifolium.campestre,0.251327412,Rural.habitat.mosaic,CH
R1,2,Trifolium.campestre,0.251327412,Rural.habitat.mosaic,CH
R1,2,Trifolium.campestre,0.753982237,Rural.habitat.mosaic,CH
R1,2,Trifolium.campestre,2.827433388,Rural.habitat.mosaic,CH
R3,2,Trifolium.campestre,0.251327412,Rural.habitat.mosaic,CH
R4,1,Trifolium.dubium,1.272345025,Rural.habitat.mosaic,CH
R4,1,Trifolium.dubium,1.696460033,Rural.habitat.mosaic,CH
R4,1,Trifolium.dubium,5.725552611,Rural.habitat.mosaic,CH
R4,1,Trifolium.dubium,9.807659565,Rural.habitat.mosaic,CH
R4,1,Trifolium.dubium,3.923063826,Rural.habitat.mosaic,CH
R4,1,Trifolium.dubium,1.272345025,Rural.habitat.mosaic,CH
R2,1,Trifolium.dubium,2.650718801,Rural.habitat.mosaic,CH
R3,2,Trifolium.dubium,2.120575041,Rural.habitat.mosaic,CH
R3,2,Trifolium.dubium,0.212057504,Rural.habitat.mosaic,CH
R3,2,Trifolium.dubium,6.361725124,Rural.habitat.mosaic,CH
R3,2,Trifolium.dubium,0.318086256,Rural.habitat.mosaic,CH
A2,2,Trifolium.dubium,3.534291735,Intensive.agriculture,CH
A2,2,Trifolium.dubium,0.141371669,Intensive.agriculture,CH
R2,2,Trifolium.dubium,0.742201264,Rural.habitat.mosaic,CH
A3,2,Trifolium.dubium,0.070685835,Intensive.agriculture,CH
A2,2,Trifolium.dubium,0.636172512,Intensive.agriculture,CH
A2,2,Trifolium.dubium,0.141371669,Intensive.agriculture,CH
A2,2,Trifolium.dubium,0.106028752,Intensive.agriculture,CH
A2,2,Trifolium.dubium,0.742201264,Intensive.agriculture,CH
A2,2,Trifolium.dubium,0.424115008,Intensive.agriculture,CH
A2,2,Trifolium.dubium,1.696460033,Intensive.agriculture,CH
A2,2,Trifolium.dubium,2.756747554,Intensive.agriculture,CH
A2,2,Trifolium.dubium,0.318086256,Intensive.agriculture,CH
A2,2,Trifolium.dubium,3.60497757,Intensive.agriculture,CH
A2,2,Trifolium.dubium,0.424115008,Intensive.agriculture,CH
A4,2,Trifolium.dubium,3.392920066,Intensive.agriculture,CH
A4,2,Trifolium.dubium,0.636172512,Intensive.agriculture,CH
A4,2,Trifolium.dubium,0.212057504,Intensive.agriculture,CH
A4,2,Trifolium.dubium,0.212057504,Intensive.agriculture,CH
A4,2,Trifolium.dubium,3.711006322,Intensive.agriculture,CH
A4,2,Trifolium.dubium,0.424115008,Intensive.agriculture,CH
A4,2,Trifolium.dubium,0.106028752,Intensive.agriculture,CH
A4,2,Trifolium.dubium,0.212057504,Intensive.agriculture,CH
A4,2,Trifolium.dubium,0.106028752,Intensive.agriculture,CH
A4,2,Trifolium.dubium,0.106028752,Intensive.agriculture,CH
R4,2,Trifolium.dubium,0.106028752,Rural.habitat.mosaic,CH
R4,2,Trifolium.dubium,0.212057504,Rural.habitat.mosaic,CH
R4,2,Trifolium.dubium,0.106028752,Rural.habitat.mosaic,CH
R4,2,Trifolium.dubium,1.060287521,Rural.habitat.mosaic,CH
R4,2,Trifolium.dubium,0.106028752,Rural.habitat.mosaic,CH
R4,2,Trifolium.dubium,0.212057504,Rural.habitat.mosaic,CH
R1,1,Trifolium.pratense,1.068141502,Rural.habitat.mosaic,CH
R1,1,Trifolium.pratense,1.068141502,Rural.habitat.mosaic,CH
R1,1,Trifolium.pratense,0.534070751,Rural.habitat.mosaic,CH
R1,1,Trifolium.pratense,1.602212253,Rural.habitat.mosaic,CH
R1,1,Trifolium.pratense,2.136283004,Rural.habitat.mosaic,CH
R2,1,Trifolium.pratense,1.068141502,Rural.habitat.mosaic,CH
R2,1,Trifolium.pratense,5.874778262,Rural.habitat.mosaic,CH
R2,1,Trifolium.pratense,1.602212253,Rural.habitat.mosaic,CH
R2,1,Trifolium.pratense,0.534070751,Rural.habitat.mosaic,CH
R2,1,Trifolium.pratense,1.068141502,Rural.habitat.mosaic,CH
R2,1,Trifolium.pratense,0.534070751,Rural.habitat.mosaic,CH
R2,1,Trifolium.pratense,3.204424507,Rural.habitat.mosaic,CH
R2,1,Trifolium.pratense,1.068141502,Rural.habitat.mosaic,CH
R2,1,Trifolium.pratense,0.534070751,Rural.habitat.mosaic,CH
R2,1,Trifolium.pratense,0.534070751,Rural.habitat.mosaic,CH
R2,1,Trifolium.pratense,0.534070751,Rural.habitat.mosaic,CH
R2,1,Trifolium.pratense,1.602212253,Rural.habitat.mosaic,CH
R2,1,Trifolium.pratense,4.80663676,Rural.habitat.mosaic,CH
R2,1,Trifolium.pratense,11.74955652,Rural.habitat.mosaic,CH
R2,1,Trifolium.pratense,3.204424507,Rural.habitat.mosaic,CH
A1,1,Trifolium.pratense,4.272566009,Intensive.agriculture,CH
A1,1,Trifolium.pratense,8.545132018,Intensive.agriculture,CH
A1,1,Trifolium.pratense,0.534070751,Intensive.agriculture,CH
R1,1,Trifolium.pratense,8.011061267,Rural.habitat.mosaic,CH
R1,1,Trifolium.pratense,24.19026343,Rural.habitat.mosaic,CH
R1,1,Trifolium.pratense,19.76061779,Rural.habitat.mosaic,CH
R1,1,Trifolium.pratense,0.534070751,Rural.habitat.mosaic,CH
R1,1,Trifolium.pratense,5.874778262,Rural.habitat.mosaic,CH
R1,1,Trifolium.pratense,7.476990516,Rural.habitat.mosaic,CH
R1,1,Trifolium.pratense,0.534070751,Rural.habitat.mosaic,CH
R1,1,Trifolium.pratense,2.136283004,Rural.habitat.mosaic,CH
R1,1,Trifolium.pratense,1.602212253,Rural.habitat.mosaic,CH
R1,1,Trifolium.pratense,2.670353756,Rural.habitat.mosaic,CH
R1,1,Trifolium.pratense,9.079202769,Rural.habitat.mosaic,CH
R1,1,Trifolium.pratense,16.02212253,Rural.habitat.mosaic,CH
R1,1,Trifolium.pratense,22.9650423,Rural.habitat.mosaic,CH
R1,1,Trifolium.pratense,2.136283004,Rural.habitat.mosaic,CH
R1,1,Trifolium.pratense,10.68141502,Rural.habitat.mosaic,CH
R1,1,Trifolium.pratense,0.09424778,Rural.habitat.mosaic,CH
R1,1,Trifolium.pratense,0.125663706,Rural.habitat.mosaic,CH
A1,2,Trifolium.pratense,9.61327352,Intensive.agriculture,CH
A1,2,Trifolium.pratense,3.738495258,Intensive.agriculture,CH
A1,2,Trifolium.pratense,5.340707511,Intensive.agriculture,CH
A1,2,Trifolium.pratense,3.738495258,Intensive.agriculture,CH
A1,2,Trifolium.pratense,2.136283004,Intensive.agriculture,CH
A1,2,Trifolium.pratense,5.340707511,Intensive.agriculture,CH
A1,2,Trifolium.pratense,9.079202769,Intensive.agriculture,CH
A1,2,Trifolium.pratense,5.340707511,Intensive.agriculture,CH
A1,2,Trifolium.pratense,3.738495258,Intensive.agriculture,CH
A1,2,Trifolium.pratense,14.41991028,Intensive.agriculture,CH
A1,2,Trifolium.pratense,5.874778262,Intensive.agriculture,CH
A1,2,Trifolium.pratense,11.21548577,Intensive.agriculture,CH
A1,2,Trifolium.pratense,3.204424507,Intensive.agriculture,CH
A1,2,Trifolium.pratense,9.079202769,Intensive.agriculture,CH
A1,2,Trifolium.pratense,6.942919764,Intensive.agriculture,CH
A1,2,Trifolium.pratense,6.408849013,Intensive.agriculture,CH
A1,2,Trifolium.pratense,13.35176878,Intensive.agriculture,CH
A1,2,Trifolium.pratense,15.48805178,Intensive.agriculture,CH
A1,2,Trifolium.pratense,4.80663676,Intensive.agriculture,CH
A1,2,Trifolium.pratense,3.738495258,Intensive.agriculture,CH
A1,2,Trifolium.pratense,38.98716483,Intensive.agriculture,CH
A1,2,Trifolium.pratense,2.670353756,Intensive.agriculture,CH
A1,2,Trifolium.pratense,13.88583953,Intensive.agriculture,CH
A1,2,Trifolium.pratense,9.61327352,Intensive.agriculture,CH
A1,2,Trifolium.pratense,8.545132018,Intensive.agriculture,CH
A1,2,Trifolium.pratense,1.602212253,Intensive.agriculture,CH
A1,2,Trifolium.pratense,10.14734427,Intensive.agriculture,CH
A1,2,Trifolium.pratense,42.72566009,Intensive.agriculture,CH
A1,2,Trifolium.pratense,1.068141502,Intensive.agriculture,CH
A1,2,Trifolium.pratense,33.64645732,Intensive.agriculture,CH
A1,2,Trifolium.pratense,1.602212253,Intensive.agriculture,CH
A1,2,Trifolium.pratense,1.068141502,Intensive.agriculture,CH
A1,2,Trifolium.pratense,2.670353756,Intensive.agriculture,CH
A1,2,Trifolium.pratense,7.476990516,Intensive.agriculture,CH
A1,2,Trifolium.pratense,3.204424507,Intensive.agriculture,CH
A1,2,Trifolium.pratense,11.21548577,Intensive.agriculture,CH
A1,2,Trifolium.pratense,3.204424507,Intensive.agriculture,CH
A1,2,Trifolium.pratense,3.738495258,Intensive.agriculture,CH
A1,2,Trifolium.pratense,0.534070751,Intensive.agriculture,CH
A1,2,Trifolium.pratense,6.408849013,Intensive.agriculture,CH
A1,2,Trifolium.pratense,1.602212253,Intensive.agriculture,CH
A1,2,Trifolium.pratense,15.48805178,Intensive.agriculture,CH
A1,2,Trifolium.pratense,5.874778262,Intensive.agriculture,CH
A1,2,Trifolium.pratense,3.738495258,Intensive.agriculture,CH
A1,2,Trifolium.pratense,6.408849013,Intensive.agriculture,CH
A1,2,Trifolium.pratense,26.70353756,Intensive.agriculture,CH
A1,2,Trifolium.pratense,3.738495258,Intensive.agriculture,CH
A1,2,Trifolium.pratense,3.738495258,Intensive.agriculture,CH
A1,2,Trifolium.pratense,3.738495258,Intensive.agriculture,CH
A1,2,Trifolium.pratense,8.011061267,Intensive.agriculture,CH
A1,2,Trifolium.pratense,5.340707511,Intensive.agriculture,CH
A1,2,Trifolium.pratense,8.011061267,Intensive.agriculture,CH
R2,2,Trifolium.pratense,1.068141502,Rural.habitat.mosaic,CH
R2,2,Trifolium.pratense,3.204424507,Rural.habitat.mosaic,CH
R2,2,Trifolium.pratense,0.534070751,Rural.habitat.mosaic,CH
R2,2,Trifolium.pratense,1.068141502,Rural.habitat.mosaic,CH
R2,2,Trifolium.pratense,1.068141502,Rural.habitat.mosaic,CH
R2,2,Trifolium.pratense,5.874778262,Rural.habitat.mosaic,CH
R2,2,Trifolium.pratense,4.272566009,Rural.habitat.mosaic,CH
R2,2,Trifolium.pratense,8.011061267,Rural.habitat.mosaic,CH
R2,2,Trifolium.pratense,0.534070751,Rural.habitat.mosaic,CH
R2,2,Trifolium.pratense,4.80663676,Rural.habitat.mosaic,CH
R2,2,Trifolium.pratense,4.80663676,Rural.habitat.mosaic,CH
R2,2,Trifolium.pratense,35.78274032,Rural.habitat.mosaic,CH
R2,2,Trifolium.pratense,19.22654704,Rural.habitat.mosaic,CH
R2,2,Trifolium.pratense,2.136283004,Rural.habitat.mosaic,CH
R2,2,Trifolium.pratense,6.942919764,Rural.habitat.mosaic,CH
R2,2,Trifolium.pratense,12.28362728,Rural.habitat.mosaic,CH
R2,2,Trifolium.pratense,1.068141502,Rural.habitat.mosaic,CH
R2,2,Trifolium.pratense,1.068141502,Rural.habitat.mosaic,CH
R2,2,Trifolium.pratense,0.534070751,Rural.habitat.mosaic,CH
R2,2,Trifolium.pratense,3.204424507,Rural.habitat.mosaic,CH
R2,2,Trifolium.pratense,1.068141502,Rural.habitat.mosaic,CH
R2,2,Trifolium.pratense,0.534070751,Rural.habitat.mosaic,CH
R2,2,Trifolium.pratense,17.09026404,Rural.habitat.mosaic,CH
R2,2,Trifolium.pratense,19.22654704,Rural.habitat.mosaic,CH
R3,2,Trifolium.pratense,4.80663676,Rural.habitat.mosaic,CH
R3,2,Trifolium.pratense,62.83185307,Rural.habitat.mosaic,CH
R3,2,Trifolium.pratense,10.14734427,Rural.habitat.mosaic,CH
R3,2,Trifolium.pratense,1.068141502,Rural.habitat.mosaic,CH
R3,2,Trifolium.pratense,0.534070751,Rural.habitat.mosaic,CH
R3,2,Trifolium.pratense,1.602212253,Rural.habitat.mosaic,CH
R3,2,Trifolium.pratense,0.534070751,Rural.habitat.mosaic,CH
R3,2,Trifolium.pratense,1.602212253,Rural.habitat.mosaic,CH
R3,2,Trifolium.pratense,4.272566009,Rural.habitat.mosaic,CH
R3,2,Trifolium.pratense,3.204424507,Rural.habitat.mosaic,CH
R3,2,Trifolium.pratense,0.062831853,Rural.habitat.mosaic,CH
R3,2,Trifolium.pratense,0.188495559,Rural.habitat.mosaic,CH
R3,2,Trifolium.pratense,3.392920066,Rural.habitat.mosaic,CH
R3,2,Trifolium.pratense,1.570796327,Rural.habitat.mosaic,CH
R3,2,Trifolium.pratense,3.738495258,Rural.habitat.mosaic,CH
R3,2,Trifolium.pratense,2.670353756,Rural.habitat.mosaic,CH
R3,2,Trifolium.pratense,1.005309649,Rural.habitat.mosaic,CH
R3,2,Trifolium.pratense,3.204424507,Rural.habitat.mosaic,CH
R3,2,Trifolium.pratense,1.068141502,Rural.habitat.mosaic,CH
R3,2,Trifolium.pratense,10.14734427,Rural.habitat.mosaic,CH
R3,2,Trifolium.pratense,4.71238898,Rural.habitat.mosaic,CH
R3,2,Trifolium.pratense,6.942919764,Rural.habitat.mosaic,CH
R3,2,Trifolium.pratense,0.942477796,Rural.habitat.mosaic,CH
R3,2,Trifolium.pratense,6.408849013,Rural.habitat.mosaic,CH
R3,2,Trifolium.pratense,18.84955592,Rural.habitat.mosaic,CH
R3,2,Trifolium.pratense,12.25221135,Rural.habitat.mosaic,CH
R3,2,Trifolium.pratense,32.04424507,Rural.habitat.mosaic,CH
A2,2,Trifolium.pratense,0.125663706,Intensive.agriculture,CH
A2,2,Trifolium.pratense,0.534070751,Intensive.agriculture,CH
A2,2,Trifolium.pratense,0.534070751,Intensive.agriculture,CH
A2,2,Trifolium.pratense,0.408407045,Intensive.agriculture,CH
A2,2,Trifolium.pratense,0.534070751,Intensive.agriculture,CH
A2,2,Trifolium.pratense,0.157079633,Intensive.agriculture,CH
A2,2,Trifolium.pratense,4.272566009,Intensive.agriculture,CH
A2,2,Trifolium.pratense,2.670353756,Intensive.agriculture,CH
A2,2,Trifolium.pratense,0.534070751,Intensive.agriculture,CH
A2,2,Trifolium.pratense,1.602212253,Intensive.agriculture,CH
R2,2,Trifolium.pratense,1.602212253,Rural.habitat.mosaic,CH
R2,2,Trifolium.pratense,2.136283004,Rural.habitat.mosaic,CH
R2,2,Trifolium.pratense,0.471238898,Rural.habitat.mosaic,CH
R2,2,Trifolium.pratense,2.199114858,Rural.habitat.mosaic,CH
R2,2,Trifolium.pratense,1.413716694,Rural.habitat.mosaic,CH
A1,2,Trifolium.pratense,0.471238898,Intensive.agriculture,CH
A3,2,Trifolium.pratense,0.314159265,Intensive.agriculture,CH
A3,2,Trifolium.pratense,0.157079633,Intensive.agriculture,CH
A3,2,Trifolium.pratense,2.136283004,Intensive.agriculture,CH
A3,2,Trifolium.pratense,15.48805178,Intensive.agriculture,CH
A3,2,Trifolium.pratense,10.14734427,Intensive.agriculture,CH
A3,2,Trifolium.pratense,2.670353756,Intensive.agriculture,CH
A3,2,Trifolium.pratense,0.534070751,Intensive.agriculture,CH
A3,2,Trifolium.pratense,0.534070751,Intensive.agriculture,CH
A2,2,Trifolium.pratense,8.545132018,Intensive.agriculture,CH
A2,2,Trifolium.pratense,3.204424507,Intensive.agriculture,CH
A2,2,Trifolium.pratense,3.738495258,Intensive.agriculture,CH
A2,2,Trifolium.pratense,0.534070751,Intensive.agriculture,CH
A4,2,Trifolium.pratense,1.602212253,Intensive.agriculture,CH
A4,2,Trifolium.pratense,0.251327412,Intensive.agriculture,CH
A4,2,Trifolium.pratense,2.670353756,Intensive.agriculture,CH
A4,2,Trifolium.pratense,1.068141502,Intensive.agriculture,CH
A4,2,Trifolium.pratense,0.534070751,Intensive.agriculture,CH
A4,2,Trifolium.pratense,0.534070751,Intensive.agriculture,CH
A4,2,Trifolium.pratense,0.534070751,Intensive.agriculture,CH
R4,2,Trifolium.pratense,0.314159265,Rural.habitat.mosaic,CH
R4,2,Trifolium.pratense,0.157079633,Rural.habitat.mosaic,CH
R4,2,Trifolium.pratense,0.157079633,Rural.habitat.mosaic,CH
R4,2,Trifolium.pratense,1.068141502,Rural.habitat.mosaic,CH
R4,2,Trifolium.pratense,0.534070751,Rural.habitat.mosaic,CH
R4,2,Trifolium.pratense,0.534070751,Rural.habitat.mosaic,CH
R4,2,Trifolium.pratense,0.534070751,Rural.habitat.mosaic,CH
R4,2,Trifolium.pratense,0.031415927,Rural.habitat.mosaic,CH
R4,2,Trifolium.pratense,1.602212253,Rural.habitat.mosaic,CH
R2,3,Trifolium.pratense,0.534070751,Rural.habitat.mosaic,CH
R2,3,Trifolium.pratense,2.670353756,Rural.habitat.mosaic,CH
R2,3,Trifolium.pratense,1.068141502,Rural.habitat.mosaic,CH
R2,3,Trifolium.pratense,1.602212253,Rural.habitat.mosaic,CH
R2,3,Trifolium.pratense,3.204424507,Rural.habitat.mosaic,CH
R2,3,Trifolium.pratense,2.136283004,Rural.habitat.mosaic,CH
R2,3,Trifolium.pratense,0.534070751,Rural.habitat.mosaic,CH
R2,3,Trifolium.pratense,1.068141502,Rural.habitat.mosaic,CH
R2,3,Trifolium.pratense,0.942477796,Rural.habitat.mosaic,CH
R2,3,Trifolium.pratense,1.884955592,Rural.habitat.mosaic,CH
R2,3,Trifolium.pratense,1.602212253,Rural.habitat.mosaic,CH
R2,3,Trifolium.pratense,2.136283004,Rural.habitat.mosaic,CH
R2,3,Trifolium.pratense,1.602212253,Rural.habitat.mosaic,CH
R2,3,Trifolium.pratense,0.534070751,Rural.habitat.mosaic,CH
R2,3,Trifolium.pratense,3.204424507,Rural.habitat.mosaic,CH
R2,3,Trifolium.pratense,2.136283004,Rural.habitat.mosaic,CH
R2,3,Trifolium.pratense,0.534070751,Rural.habitat.mosaic,CH
R2,3,Trifolium.pratense,3.204424507,Rural.habitat.mosaic,CH
R2,3,Trifolium.pratense,1.602212253,Rural.habitat.mosaic,CH
R2,3,Trifolium.pratense,1.602212253,Rural.habitat.mosaic,CH
R2,3,Trifolium.pratense,1.068141502,Rural.habitat.mosaic,CH
R2,3,Trifolium.pratense,0.534070751,Rural.habitat.mosaic,CH
R2,3,Trifolium.pratense,1.602212253,Rural.habitat.mosaic,CH
R2,3,Trifolium.pratense,2.136283004,Rural.habitat.mosaic,CH
R2,3,Trifolium.pratense,0.534070751,Rural.habitat.mosaic,CH
R2,3,Trifolium.pratense,5.874778262,Rural.habitat.mosaic,CH
R2,3,Trifolium.pratense,12.81769803,Rural.habitat.mosaic,CH
R2,3,Trifolium.pratense,1.068141502,Rural.habitat.mosaic,CH
R2,3,Trifolium.pratense,1.068141502,Rural.habitat.mosaic,CH
R2,3,Trifolium.pratense,4.272566009,Rural.habitat.mosaic,CH
A1,3,Trifolium.pratense,0.314159265,Intensive.agriculture,CH
A1,3,Trifolium.pratense,5.497787144,Intensive.agriculture,CH
A1,3,Trifolium.pratense,2.136283004,Intensive.agriculture,CH
A1,3,Trifolium.pratense,1.602212253,Intensive.agriculture,CH
A1,3,Trifolium.pratense,1.602212253,Intensive.agriculture,CH
A1,3,Trifolium.pratense,0.534070751,Intensive.agriculture,CH
A1,3,Trifolium.pratense,0.942477796,Intensive.agriculture,CH
A1,3,Trifolium.pratense,0.534070751,Intensive.agriculture,CH
A1,3,Trifolium.pratense,0.534070751,Intensive.agriculture,CH
A1,3,Trifolium.pratense,2.670353756,Intensive.agriculture,CH
A1,3,Trifolium.pratense,2.136283004,Intensive.agriculture,CH
A1,3,Trifolium.pratense,1.068141502,Intensive.agriculture,CH
A1,3,Trifolium.pratense,1.602212253,Intensive.agriculture,CH
A1,3,Trifolium.pratense,0.157079633,Intensive.agriculture,CH
A1,3,Trifolium.pratense,0.314159265,Intensive.agriculture,CH
R4,3,Trifolium.pratense,1.884955592,Rural.habitat.mosaic,CH
R4,3,Trifolium.pratense,0.314159265,Rural.habitat.mosaic,CH
R4,3,Trifolium.pratense,0.471238898,Rural.habitat.mosaic,CH
R4,3,Trifolium.pratense,0.471238898,Rural.habitat.mosaic,CH
R4,3,Trifolium.pratense,1.884955592,Rural.habitat.mosaic,CH
R1,3,Trifolium.pratense,0.628318531,Rural.habitat.mosaic,CH
R1,3,Trifolium.pratense,0.157079633,Rural.habitat.mosaic,CH
R1,3,Trifolium.pratense,0.628318531,Rural.habitat.mosaic,CH
R1,3,Trifolium.pratense,0.534070751,Rural.habitat.mosaic,CH
A4,3,Trifolium.pratense,1.884955592,Intensive.agriculture,CH
A4,3,Trifolium.pratense,41.62610266,Intensive.agriculture,CH
A4,3,Trifolium.pratense,2.513274123,Intensive.agriculture,CH
R1,3,Trifolium.pratense,0.534070751,Rural.habitat.mosaic,CH
A3,3,Trifolium.pratense,1.256637061,Intensive.agriculture,CH
A3,3,Trifolium.pratense,0.628318531,Intensive.agriculture,CH
A3,3,Trifolium.pratense,1.130973355,Intensive.agriculture,CH
A3,3,Trifolium.pratense,0.471238898,Intensive.agriculture,CH
A3,3,Trifolium.pratense,0.942477796,Intensive.agriculture,CH
A3,3,Trifolium.pratense,1.256637061,Intensive.agriculture,CH
A3,3,Trifolium.pratense,1.884955592,Intensive.agriculture,CH
A2,3,Trifolium.pratense,0.628318531,Intensive.agriculture,CH
A2,3,Trifolium.pratense,5.874778262,Intensive.agriculture,CH
A2,3,Trifolium.pratense,1.256637061,Intensive.agriculture,CH
A2,3,Trifolium.pratense,5.183627878,Intensive.agriculture,CH
A2,3,Trifolium.pratense,2.670353756,Intensive.agriculture,CH
A2,3,Trifolium.pratense,0.251327412,Intensive.agriculture,CH
A2,3,Trifolium.pratense,0.628318531,Intensive.agriculture,CH
A2,3,Trifolium.pratense,0.942477796,Intensive.agriculture,CH
A2,3,Trifolium.pratense,1.256637061,Intensive.agriculture,CH
A2,3,Trifolium.pratense,1.256637061,Intensive.agriculture,CH
A2,3,Trifolium.pratense,5.654866776,Intensive.agriculture,CH
R3,3,Trifolium.pratense,7.539822369,Rural.habitat.mosaic,CH
R3,3,Trifolium.pratense,51.67919915,Rural.habitat.mosaic,CH
R3,3,Trifolium.pratense,0.534070751,Rural.habitat.mosaic,CH
R3,3,Trifolium.pratense,3.141592654,Rural.habitat.mosaic,CH
R3,3,Trifolium.pratense,3.204424507,Rural.habitat.mosaic,CH
R3,3,Trifolium.pratense,16.55619328,Rural.habitat.mosaic,CH
R3,3,Trifolium.pratense,7.539822369,Rural.habitat.mosaic,CH
R3,3,Trifolium.pratense,4.80663676,Rural.habitat.mosaic,CH
R3,3,Trifolium.pratense,14.13716694,Rural.habitat.mosaic,CH
R3,3,Trifolium.pratense,2.136283004,Rural.habitat.mosaic,CH
R3,3,Trifolium.pratense,2.827433388,Rural.habitat.mosaic,CH
R3,3,Trifolium.pratense,0.314159265,Rural.habitat.mosaic,CH
R3,3,Trifolium.pratense,0.188495559,Rural.habitat.mosaic,CH
R1,2,Trifolium.pratense,0.534070751,Rural.habitat.mosaic,CH
R1,2,Trifolium.pratense,0.314159265,Rural.habitat.mosaic,CH
R1,2,Trifolium.pratense,0.157079633,Rural.habitat.mosaic,CH
R1,2,Trifolium.pratense,1.256637061,Rural.habitat.mosaic,CH
R1,2,Trifolium.pratense,0.251327412,Rural.habitat.mosaic,CH
R1,2,Trifolium.pratense,1.068141502,Rural.habitat.mosaic,CH
R3,3,Trifolium.pratense,2.670353756,Rural.habitat.mosaic,CH
R3,3,Trifolium.pratense,2.136283004,Rural.habitat.mosaic,CH
R3,3,Trifolium.pratense,1.602212253,Rural.habitat.mosaic,CH
R3,3,Trifolium.pratense,1.068141502,Rural.habitat.mosaic,CH
R1,2,Trifolium.pratense,0.031415927,Rural.habitat.mosaic,CH
R1,2,Trifolium.pratense,3.769911184,Rural.habitat.mosaic,CH
R1,2,Trifolium.pratense,3.204424507,Rural.habitat.mosaic,CH
R1,2,Trifolium.pratense,1.068141502,Rural.habitat.mosaic,CH
R3,3,Trifolium.pratense,3.738495258,Rural.habitat.mosaic,CH
R3,3,Trifolium.pratense,0.471238898,Rural.habitat.mosaic,CH
R3,3,Trifolium.pratense,0.785398163,Rural.habitat.mosaic,CH
R3,3,Trifolium.pratense,0.942477796,Rural.habitat.mosaic,CH
R1,2,Trifolium.pratense,0.062831853,Rural.habitat.mosaic,CH
R1,2,Trifolium.pratense,2.136283004,Rural.habitat.mosaic,CH
R1,2,Trifolium.pratense,2.670353756,Rural.habitat.mosaic,CH
R1,2,Trifolium.pratense,1.068141502,Rural.habitat.mosaic,CH
R1,2,Trifolium.pratense,2.136283004,Rural.habitat.mosaic,CH
R1,2,Trifolium.pratense,1.256637061,Rural.habitat.mosaic,CH
R1,2,Trifolium.pratense,6.408849013,Rural.habitat.mosaic,CH
R1,2,Trifolium.pratense,1.068141502,Rural.habitat.mosaic,CH
R1,2,Trifolium.pratense,0.534070751,Rural.habitat.mosaic,CH
R1,2,Trifolium.pratense,0.534070751,Rural.habitat.mosaic,CH
R1,1,Trifolium.repens,0.471238898,Rural.habitat.mosaic,CH
A1,2,Trifolium.repens,0.942477796,Intensive.agriculture,CH
R2,2,Trifolium.repens,0.471238898,Rural.habitat.mosaic,CH
R3,2,Trifolium.repens,0.879645943,Rural.habitat.mosaic,CH
R3,2,Trifolium.repens,0.471238898,Rural.habitat.mosaic,CH
R3,2,Trifolium.repens,1.570796327,Rural.habitat.mosaic,CH
R3,2,Trifolium.repens,0.471238898,Rural.habitat.mosaic,CH
R3,2,Trifolium.repens,5.089380099,Rural.habitat.mosaic,CH
A2,2,Trifolium.repens,0.125663706,Intensive.agriculture,CH
A2,2,Trifolium.repens,0.471238898,Intensive.agriculture,CH
A2,2,Trifolium.repens,1.413716694,Intensive.agriculture,CH
A2,2,Trifolium.repens,0.031415927,Intensive.agriculture,CH
A2,2,Trifolium.repens,0.062831853,Intensive.agriculture,CH
A2,2,Trifolium.repens,0.471238898,Intensive.agriculture,CH
R2,2,Trifolium.repens,1.413716694,Rural.habitat.mosaic,CH
A1,2,Trifolium.repens,61.57521601,Intensive.agriculture,CH
A1,2,Trifolium.repens,2.35619449,Intensive.agriculture,CH
A3,2,Trifolium.repens,0.471238898,Intensive.agriculture,CH
A3,2,Trifolium.repens,0.942477796,Intensive.agriculture,CH
A3,2,Trifolium.repens,2.35619449,Intensive.agriculture,CH
A3,2,Trifolium.repens,1.130973355,Intensive.agriculture,CH
A3,2,Trifolium.repens,0.408407045,Intensive.agriculture,CH
A3,2,Trifolium.repens,1.130973355,Intensive.agriculture,CH
A3,2,Trifolium.repens,0.219911486,Intensive.agriculture,CH
A3,2,Trifolium.repens,2.827433388,Intensive.agriculture,CH
A3,2,Trifolium.repens,0.188495559,Intensive.agriculture,CH
A3,2,Trifolium.repens,0.282743339,Intensive.agriculture,CH
A3,2,Trifolium.repens,5.277875658,Intensive.agriculture,CH
A3,2,Trifolium.repens,1.130973355,Intensive.agriculture,CH
A3,2,Trifolium.repens,0.848230016,Intensive.agriculture,CH
A3,2,Trifolium.repens,7.068583471,Intensive.agriculture,CH
A3,2,Trifolium.repens,9.424777961,Intensive.agriculture,CH
A3,2,Trifolium.repens,11.30973355,Intensive.agriculture,CH
A3,2,Trifolium.repens,15.07964474,Intensive.agriculture,CH
A3,2,Trifolium.repens,0.72256631,Intensive.agriculture,CH
A3,2,Trifolium.repens,0.062831853,Intensive.agriculture,CH
A3,2,Trifolium.repens,0.942477796,Intensive.agriculture,CH
A3,2,Trifolium.repens,0.471238898,Intensive.agriculture,CH
A3,2,Trifolium.repens,2.827433388,Intensive.agriculture,CH
A3,2,Trifolium.repens,1.413716694,Intensive.agriculture,CH
A3,2,Trifolium.repens,9.424777961,Intensive.agriculture,CH
A2,2,Trifolium.repens,0.157079633,Intensive.agriculture,CH
A2,2,Trifolium.repens,0.439822972,Intensive.agriculture,CH
A2,2,Trifolium.repens,4.241150082,Intensive.agriculture,CH
A2,2,Trifolium.repens,13.50884841,Intensive.agriculture,CH
A2,2,Trifolium.repens,9.896016859,Intensive.agriculture,CH
A2,2,Trifolium.repens,12.53495469,Intensive.agriculture,CH
A2,2,Trifolium.repens,1.884955592,Intensive.agriculture,CH
A2,2,Trifolium.repens,0.471238898,Intensive.agriculture,CH
A2,2,Trifolium.repens,12.72345025,Intensive.agriculture,CH
A4,2,Trifolium.repens,1.884955592,Intensive.agriculture,CH
A4,2,Trifolium.repens,0.942477796,Intensive.agriculture,CH
A4,2,Trifolium.repens,0.471238898,Intensive.agriculture,CH
R4,2,Trifolium.repens,38.32743037,Rural.habitat.mosaic,CH
R4,2,Trifolium.repens,44.76769531,Rural.habitat.mosaic,CH
R4,2,Trifolium.repens,49.48008429,Rural.habitat.mosaic,CH
R4,2,Trifolium.repens,21.67698931,Rural.habitat.mosaic,CH
R4,2,Trifolium.repens,36.28539515,Rural.habitat.mosaic,CH
R4,2,Trifolium.repens,9.896016859,Rural.habitat.mosaic,CH
R4,2,Trifolium.repens,17.27875959,Rural.habitat.mosaic,CH
R4,2,Trifolium.repens,29.21681168,Rural.habitat.mosaic,CH
R4,2,Trifolium.repens,14.13716694,Rural.habitat.mosaic,CH
R4,2,Trifolium.repens,31.10176727,Rural.habitat.mosaic,CH
R4,2,Trifolium.repens,2.827433388,Rural.habitat.mosaic,CH
R4,2,Trifolium.repens,7.539822369,Rural.habitat.mosaic,CH
R4,2,Trifolium.repens,21.20575041,Rural.habitat.mosaic,CH
R4,2,Trifolium.repens,0.942477796,Rural.habitat.mosaic,CH
R4,2,Trifolium.repens,1.413716694,Rural.habitat.mosaic,CH
R4,2,Trifolium.repens,2.827433388,Rural.habitat.mosaic,CH
R2,3,Trifolium.repens,0.471238898,Rural.habitat.mosaic,CH
R2,3,Trifolium.repens,4.71238898,Rural.habitat.mosaic,CH
R2,3,Trifolium.repens,0.942477796,Rural.habitat.mosaic,CH
R2,3,Trifolium.repens,0.471238898,Rural.habitat.mosaic,CH
R2,3,Trifolium.repens,0.314159265,Rural.habitat.mosaic,CH
R2,3,Trifolium.repens,3.769911184,Rural.habitat.mosaic,CH
R2,3,Trifolium.repens,8.011061267,Rural.habitat.mosaic,CH
R2,3,Trifolium.repens,0.471238898,Rural.habitat.mosaic,CH
R2,3,Trifolium.repens,0.785398163,Rural.habitat.mosaic,CH
R2,3,Trifolium.repens,4.241150082,Rural.habitat.mosaic,CH
R2,3,Trifolium.repens,10.83849465,Rural.habitat.mosaic,CH
R2,3,Trifolium.repens,0.471238898,Rural.habitat.mosaic,CH
R2,3,Trifolium.repens,14.60840584,Rural.habitat.mosaic,CH
R2,3,Trifolium.repens,12.72345025,Rural.habitat.mosaic,CH
R2,3,Trifolium.repens,3.298672286,Rural.habitat.mosaic,CH
R2,3,Trifolium.repens,1.884955592,Rural.habitat.mosaic,CH
R2,3,Trifolium.repens,2.827433388,Rural.habitat.mosaic,CH
A1,3,Trifolium.repens,0.942477796,Intensive.agriculture,CH
A1,3,Trifolium.repens,5.780530483,Intensive.agriculture,CH
A1,3,Trifolium.repens,8.639379797,Intensive.agriculture,CH
A1,3,Trifolium.repens,10.68141502,Intensive.agriculture,CH
A1,3,Trifolium.repens,1.884955592,Intensive.agriculture,CH
A1,3,Trifolium.repens,0.471238898,Intensive.agriculture,CH
A1,3,Trifolium.repens,4.241150082,Intensive.agriculture,CH
A1,3,Trifolium.repens,1.256637061,Intensive.agriculture,CH
A1,3,Trifolium.repens,5.183627878,Intensive.agriculture,CH
A1,3,Trifolium.repens,5.654866776,Intensive.agriculture,CH
A1,3,Trifolium.repens,15.89645883,Intensive.agriculture,CH
A1,3,Trifolium.repens,35.81415625,Intensive.agriculture,CH
A1,3,Trifolium.repens,2.35619449,Intensive.agriculture,CH
A1,3,Trifolium.repens,1.413716694,Intensive.agriculture,CH
A1,3,Trifolium.repens,3.926990817,Intensive.agriculture,CH
A1,3,Trifolium.repens,0.471238898,Intensive.agriculture,CH
A1,3,Trifolium.repens,1.413716694,Intensive.agriculture,CH
A1,3,Trifolium.repens,0.471238898,Intensive.agriculture,CH
A1,3,Trifolium.repens,0.314159265,Intensive.agriculture,CH
A1,3,Trifolium.repens,0.628318531,Intensive.agriculture,CH
A1,3,Trifolium.repens,0.942477796,Intensive.agriculture,CH
A1,3,Trifolium.repens,0.471238898,Intensive.agriculture,CH
A1,3,Trifolium.repens,0.471238898,Intensive.agriculture,CH
A1,3,Trifolium.repens,2.544690049,Intensive.agriculture,CH
A1,3,Trifolium.repens,2.827433388,Intensive.agriculture,CH
A1,3,Trifolium.repens,0.628318531,Intensive.agriculture,CH
A1,3,Trifolium.repens,1.884955592,Intensive.agriculture,CH
R4,3,Trifolium.repens,38.48451001,Rural.habitat.mosaic,CH
R4,3,Trifolium.repens,27.33185609,Rural.habitat.mosaic,CH
R4,3,Trifolium.repens,31.88716543,Rural.habitat.mosaic,CH
R4,3,Trifolium.repens,25.44690049,Rural.habitat.mosaic,CH
R4,3,Trifolium.repens,10.1787602,Rural.habitat.mosaic,CH
R4,3,Trifolium.repens,32.04424507,Rural.habitat.mosaic,CH
R4,3,Trifolium.repens,12.25221135,Rural.habitat.mosaic,CH
R4,3,Trifolium.repens,3.392920066,Rural.habitat.mosaic,CH
R4,3,Trifolium.repens,19.50929038,Rural.habitat.mosaic,CH
R4,3,Trifolium.repens,37.69911184,Rural.habitat.mosaic,CH
R4,3,Trifolium.repens,56.8314111,Rural.habitat.mosaic,CH
R4,3,Trifolium.repens,47.1238898,Rural.habitat.mosaic,CH
R4,3,Trifolium.repens,53.90972994,Rural.habitat.mosaic,CH
R4,3,Trifolium.repens,47.1238898,Rural.habitat.mosaic,CH
R4,3,Trifolium.repens,27.80309498,Rural.habitat.mosaic,CH
R4,3,Trifolium.repens,22.61946711,Rural.habitat.mosaic,CH
R4,3,Trifolium.repens,27.33185609,Rural.habitat.mosaic,CH
R4,3,Trifolium.repens,6.283185307,Rural.habitat.mosaic,CH
R4,3,Trifolium.repens,6.283185307,Rural.habitat.mosaic,CH
R4,3,Trifolium.repens,0.942477796,Rural.habitat.mosaic,CH
A4,3,Trifolium.repens,0.942477796,Intensive.agriculture,CH
R1,3,Trifolium.repens,0.471238898,Rural.habitat.mosaic,CH
A3,3,Trifolium.repens,0.942477796,Intensive.agriculture,CH
A3,3,Trifolium.repens,1.413716694,Intensive.agriculture,CH
A3,3,Trifolium.repens,0.628318531,Intensive.agriculture,CH
A3,3,Trifolium.repens,0.942477796,Intensive.agriculture,CH
A3,3,Trifolium.repens,3.298672286,Intensive.agriculture,CH
A3,3,Trifolium.repens,0.471238898,Intensive.agriculture,CH
A3,3,Trifolium.repens,9.424777961,Intensive.agriculture,CH
A3,3,Trifolium.repens,9.424777961,Intensive.agriculture,CH
A3,3,Trifolium.repens,3.769911184,Intensive.agriculture,CH
A3,3,Trifolium.repens,5.654866776,Intensive.agriculture,CH
A3,3,Trifolium.repens,3.298672286,Intensive.agriculture,CH
A3,3,Trifolium.repens,4.71238898,Intensive.agriculture,CH
A3,3,Trifolium.repens,0.314159265,Intensive.agriculture,CH
A3,3,Trifolium.repens,0.219911486,Intensive.agriculture,CH
A3,3,Trifolium.repens,0.471238898,Intensive.agriculture,CH
A3,3,Trifolium.repens,0.628318531,Intensive.agriculture,CH
A3,3,Trifolium.repens,0.471238898,Intensive.agriculture,CH
A3,3,Trifolium.repens,0.471238898,Intensive.agriculture,CH
A3,3,Trifolium.repens,2.35619449,Intensive.agriculture,CH
A3,3,Trifolium.repens,0.628318531,Intensive.agriculture,CH
A3,3,Trifolium.repens,1.256637061,Intensive.agriculture,CH
A3,3,Trifolium.repens,10.93274243,Intensive.agriculture,CH
A3,3,Trifolium.repens,3.455751919,Intensive.agriculture,CH
A3,3,Trifolium.repens,6.377433087,Intensive.agriculture,CH
A3,3,Trifolium.repens,2.35619449,Intensive.agriculture,CH
A3,3,Trifolium.repens,6.126105675,Intensive.agriculture,CH
A3,3,Trifolium.repens,0.942477796,Intensive.agriculture,CH
A3,3,Trifolium.repens,1.413716694,Intensive.agriculture,CH
A3,3,Trifolium.repens,11.81238838,Intensive.agriculture,CH
A3,3,Trifolium.repens,1.884955592,Intensive.agriculture,CH
A3,3,Trifolium.repens,9.424777961,Intensive.agriculture,CH
A2,3,Trifolium.repens,7.539822369,Intensive.agriculture,CH
A2,3,Trifolium.repens,0.251327412,Intensive.agriculture,CH
R3,3,Trifolium.repens,0.314159265,Rural.habitat.mosaic,CH
R3,3,Trifolium.repens,0.628318531,Rural.habitat.mosaic,CH
R3,3,Trifolium.repens,4.71238898,Rural.habitat.mosaic,CH
R3,3,Trifolium.repens,1.413716694,Rural.habitat.mosaic,CH
R3,3,Trifolium.repens,1.884955592,Rural.habitat.mosaic,CH
R3,3,Trifolium.repens,2.35619449,Rural.habitat.mosaic,CH
R3,3,Trifolium.repens,1.884955592,Rural.habitat.mosaic,CH
R3,3,Trifolium.repens,2.827433388,Rural.habitat.mosaic,CH
R1,2,Trifolium.repens,0.471238898,Rural.habitat.mosaic,CH
R1,2,Trifolium.repens,0.125663706,Rural.habitat.mosaic,CH
R3,3,Trifolium.repens,0.628318531,Rural.habitat.mosaic,CH
R3,3,Trifolium.repens,0.251327412,Rural.habitat.mosaic,CH
R3,3,Trifolium.repens,1.570796327,Rural.habitat.mosaic,CH
R3,3,Trifolium.repens,0.471238898,Rural.habitat.mosaic,CH
R3,3,Trifolium.repens,1.413716694,Rural.habitat.mosaic,CH
R3,3,Trifolium.repens,0.502654825,Rural.habitat.mosaic,CH
R3,3,Trifolium.repens,0.157079633,Rural.habitat.mosaic,CH
R3,3,Trifolium.repens,1.256637061,Rural.habitat.mosaic,CH
R1,2,Trifolium.repens,4.71238898,Rural.habitat.mosaic,CH
R3,3,Trifolium.repens,5.874778262,Rural.habitat.mosaic,CH
R3,3,Trifolium.repens,4.146902303,Rural.habitat.mosaic,CH
R3,3,Trifolium.repens,0.314159265,Rural.habitat.mosaic,CH
R3,3,Trifolium.repens,10.99557429,Rural.habitat.mosaic,CH
R3,3,Trifolium.repens,0.376991118,Rural.habitat.mosaic,CH
R3,3,Trifolium.repens,6.911503838,Rural.habitat.mosaic,CH
R3,3,Trifolium.repens,5.654866776,Rural.habitat.mosaic,CH
R2,3,Valeriana.officinalis,141.3716694,Rural.habitat.mosaic,CH
R2,3,Valeriana.officinalis,14.72621556,Rural.habitat.mosaic,CH
R2,3,Valeriana.officinalis,6.87223393,Rural.habitat.mosaic,CH
R2,1,Valerianella.sp,0.785398163,Rural.habitat.mosaic,CH
R3,1,Veronica.arvensis,0.879645943,Rural.habitat.mosaic,CH
R3,1,Veronica.arvensis,4.398229715,Rural.habitat.mosaic,CH
R3,1,Veronica.arvensis,0.376991118,Rural.habitat.mosaic,CH
R3,1,Veronica.arvensis,2.890265241,Rural.habitat.mosaic,CH
R3,1,Veronica.arvensis,1.759291886,Rural.habitat.mosaic,CH
R3,1,Veronica.arvensis,1.130973355,Rural.habitat.mosaic,CH
R3,1,Veronica.arvensis,0.879645943,Rural.habitat.mosaic,CH
R3,1,Veronica.arvensis,0.251327412,Rural.habitat.mosaic,CH
A3,1,Veronica.arvensis,2.387610417,Intensive.agriculture,CH
A3,1,Veronica.arvensis,4.775220833,Intensive.agriculture,CH
R4,1,Veronica.arvensis,0.753982237,Rural.habitat.mosaic,CH
R4,1,Veronica.arvensis,0.628318531,Rural.habitat.mosaic,CH
R4,1,Veronica.arvensis,0.376991118,Rural.habitat.mosaic,CH
R4,1,Veronica.arvensis,0.753982237,Rural.habitat.mosaic,CH
R4,1,Veronica.arvensis,6.660176426,Rural.habitat.mosaic,CH
R4,1,Veronica.arvensis,1.382300768,Rural.habitat.mosaic,CH
R4,1,Veronica.arvensis,2.261946711,Rural.habitat.mosaic,CH
R4,1,Veronica.arvensis,0.251327412,Rural.habitat.mosaic,CH
R4,1,Veronica.arvensis,0.251327412,Rural.habitat.mosaic,CH
R1,1,Veronica.arvensis,0.125663706,Rural.habitat.mosaic,CH
R1,1,Veronica.arvensis,0.502654825,Rural.habitat.mosaic,CH
R2,1,Veronica.arvensis,0.628318531,Rural.habitat.mosaic,CH
R2,2,Veronica.arvensis,0.502654825,Rural.habitat.mosaic,CH
R2,2,Veronica.arvensis,0.376991118,Rural.habitat.mosaic,CH
R2,2,Veronica.arvensis,0.376991118,Rural.habitat.mosaic,CH
A3,2,Veronica.arvensis,0.251327412,Intensive.agriculture,CH
R1,2,Veronica.arvensis,0.125663706,Rural.habitat.mosaic,CH
A3,3,Veronica.arvensis,0.251327412,Intensive.agriculture,CH
A3,3,Veronica.arvensis,0.376991118,Intensive.agriculture,CH
A3,3,Veronica.arvensis,0.125663706,Intensive.agriculture,CH
R3,2,Veronica.beccabunga,8.042477193,Rural.habitat.mosaic,CH
R3,2,Veronica.beccabunga,4.523893421,Rural.habitat.mosaic,CH
R3,1,Veronica.chamaedrys,3.078760801,Rural.habitat.mosaic,CH
R3,1,Veronica.chamaedrys,9.236282402,Rural.habitat.mosaic,CH
R3,1,Veronica.chamaedrys,12.3150432,Rural.habitat.mosaic,CH
A2,1,Veronica.chamaedrys,7.696902001,Intensive.agriculture,CH
A2,1,Veronica.chamaedrys,7.696902001,Intensive.agriculture,CH
A2,1,Veronica.chamaedrys,23.090706,Intensive.agriculture,CH
A2,1,Veronica.chamaedrys,1.5393804,Intensive.agriculture,CH
A3,1,Veronica.chamaedrys,187.8044088,Intensive.agriculture,CH
R1,1,Veronica.chamaedrys,4.618141201,Rural.habitat.mosaic,CH
R1,1,Veronica.chamaedrys,3.078760801,Rural.habitat.mosaic,CH
R4,1,Veronica.chamaedrys,80.04778081,Rural.habitat.mosaic,CH
R4,1,Veronica.chamaedrys,190.8831696,Rural.habitat.mosaic,CH
R1,1,Veronica.chamaedrys,6.157521601,Rural.habitat.mosaic,CH
R1,1,Veronica.chamaedrys,43.10265121,Rural.habitat.mosaic,CH
R1,1,Veronica.chamaedrys,6.157521601,Rural.habitat.mosaic,CH
R1,1,Veronica.chamaedrys,3.078760801,Rural.habitat.mosaic,CH
R1,1,Veronica.chamaedrys,6.157521601,Rural.habitat.mosaic,CH
R1,1,Veronica.chamaedrys,3.078760801,Rural.habitat.mosaic,CH
R1,1,Veronica.chamaedrys,3.078760801,Rural.habitat.mosaic,CH
R2,1,Veronica.chamaedrys,6.157521601,Rural.habitat.mosaic,CH
R2,1,Veronica.chamaedrys,3.078760801,Rural.habitat.mosaic,CH
R2,1,Veronica.chamaedrys,6.157521601,Rural.habitat.mosaic,CH
R2,1,Veronica.chamaedrys,6.157521601,Rural.habitat.mosaic,CH
R2,1,Veronica.chamaedrys,4.618141201,Rural.habitat.mosaic,CH
R2,1,Veronica.chamaedrys,6.157521601,Rural.habitat.mosaic,CH
A1,1,Veronica.chamaedrys,10.7756628,Intensive.agriculture,CH
R1,1,Veronica.chamaedrys,6.157521601,Rural.habitat.mosaic,CH
A1,2,Veronica.chamaedrys,1.5393804,Intensive.agriculture,CH
A1,2,Veronica.chamaedrys,41.56327081,Intensive.agriculture,CH
A1,2,Veronica.chamaedrys,9.236282402,Intensive.agriculture,CH
A1,2,Veronica.chamaedrys,4.618141201,Intensive.agriculture,CH
A1,2,Veronica.chamaedrys,9.236282402,Intensive.agriculture,CH
A1,2,Veronica.chamaedrys,3.078760801,Intensive.agriculture,CH
A1,2,Veronica.chamaedrys,12.3150432,Intensive.agriculture,CH
R2,2,Veronica.chamaedrys,4.618141201,Rural.habitat.mosaic,CH
R2,2,Veronica.chamaedrys,1.5393804,Rural.habitat.mosaic,CH
R2,2,Veronica.chamaedrys,1.5393804,Rural.habitat.mosaic,CH
R2,2,Veronica.chamaedrys,3.078760801,Rural.habitat.mosaic,CH
R3,2,Veronica.chamaedrys,1.5393804,Rural.habitat.mosaic,CH
R3,2,Veronica.chamaedrys,9.236282402,Rural.habitat.mosaic,CH
R3,2,Veronica.chamaedrys,4.618141201,Rural.habitat.mosaic,CH
R3,2,Veronica.chamaedrys,1.5393804,Rural.habitat.mosaic,CH
R3,2,Veronica.chamaedrys,1.5393804,Rural.habitat.mosaic,CH
R3,2,Veronica.chamaedrys,1.5393804,Rural.habitat.mosaic,CH
R3,2,Veronica.chamaedrys,9.236282402,Rural.habitat.mosaic,CH
R3,2,Veronica.chamaedrys,4.618141201,Rural.habitat.mosaic,CH
R3,2,Veronica.chamaedrys,10.7756628,Rural.habitat.mosaic,CH
R3,2,Veronica.chamaedrys,7.696902001,Rural.habitat.mosaic,CH
R3,2,Veronica.chamaedrys,1.5393804,Rural.habitat.mosaic,CH
R3,2,Veronica.chamaedrys,1.5393804,Rural.habitat.mosaic,CH
R3,2,Veronica.chamaedrys,1.5393804,Rural.habitat.mosaic,CH
R3,2,Veronica.chamaedrys,1.5393804,Rural.habitat.mosaic,CH
R3,2,Veronica.chamaedrys,1.5393804,Rural.habitat.mosaic,CH
A2,2,Veronica.chamaedrys,1.5393804,Intensive.agriculture,CH
R2,2,Veronica.chamaedrys,3.078760801,Rural.habitat.mosaic,CH
R2,2,Veronica.chamaedrys,15.393804,Rural.habitat.mosaic,CH
A1,2,Veronica.chamaedrys,16.9331844,Intensive.agriculture,CH
A1,2,Veronica.chamaedrys,6.157521601,Intensive.agriculture,CH
R1,2,Veronica.chamaedrys,1.5393804,Rural.habitat.mosaic,CH
R1,2,Veronica.chamaedrys,1.5393804,Rural.habitat.mosaic,CH
R1,2,Veronica.chamaedrys,1.5393804,Rural.habitat.mosaic,CH
R1,2,Veronica.chamaedrys,4.618141201,Rural.habitat.mosaic,CH
R1,2,Veronica.chamaedrys,20.0119452,Rural.habitat.mosaic,CH
R1,2,Veronica.chamaedrys,20.0119452,Rural.habitat.mosaic,CH
R1,2,Veronica.chamaedrys,3.078760801,Rural.habitat.mosaic,CH
R1,2,Veronica.chamaedrys,1.5393804,Rural.habitat.mosaic,CH
R3,1,Veronica.filiformis,1.130973355,Rural.habitat.mosaic,CH
R3,1,Veronica.filiformis,2.261946711,Rural.habitat.mosaic,CH
R3,1,Veronica.filiformis,1.130973355,Rural.habitat.mosaic,CH
R3,1,Veronica.filiformis,2.261946711,Rural.habitat.mosaic,CH
R1,1,Veronica.filiformis,21.48849375,Rural.habitat.mosaic,CH
R1,1,Veronica.filiformis,3.392920066,Rural.habitat.mosaic,CH
A1,2,Veronica.filiformis,27.14336053,Intensive.agriculture,CH
R2,2,Veronica.filiformis,1.130973355,Rural.habitat.mosaic,CH
R3,2,Veronica.filiformis,1.130973355,Rural.habitat.mosaic,CH
R3,2,Veronica.filiformis,1.130973355,Rural.habitat.mosaic,CH
R3,2,Veronica.filiformis,1.130973355,Rural.habitat.mosaic,CH
R3,2,Veronica.filiformis,11.30973355,Rural.habitat.mosaic,CH
A1,2,Veronica.filiformis,2.261946711,Intensive.agriculture,CH
A1,2,Veronica.filiformis,32.7982273,Intensive.agriculture,CH
A1,2,Veronica.filiformis,4.523893421,Intensive.agriculture,CH
A3,2,Veronica.filiformis,4.523893421,Intensive.agriculture,CH
R4,2,Veronica.filiformis,2.261946711,Rural.habitat.mosaic,CH
R3,1,Veronica.hederifolia,0.7696902,Rural.habitat.mosaic,CH
R3,1,Veronica.hederifolia,0.19242255,Rural.habitat.mosaic,CH
A2,1,Veronica.hederifolia,1.443169125,Intensive.agriculture,CH
A2,1,Veronica.hederifolia,1.828014225,Intensive.agriculture,CH
R4,1,Veronica.montana,0.785398163,Rural.habitat.mosaic,CH
R1,1,Veronica.montana,10.21017612,Rural.habitat.mosaic,CH
R4,1,Veronica.montana,6.283185307,Rural.habitat.mosaic,CH
R4,1,Veronica.montana,2.35619449,Rural.habitat.mosaic,CH
R4,1,Veronica.montana,6.283185307,Rural.habitat.mosaic,CH
R3,2,Veronica.montana,2.35619449,Rural.habitat.mosaic,CH
R3,2,Veronica.montana,0.785398163,Rural.habitat.mosaic,CH
R3,2,Veronica.montana,1.570796327,Rural.habitat.mosaic,CH
R3,2,Veronica.montana,9.424777961,Rural.habitat.mosaic,CH
R4,3,Veronica.montana,1.570796327,Rural.habitat.mosaic,CH
R4,2,Veronica.officinalis,1.1545353,Rural.habitat.mosaic,CH
R4,2,Veronica.officinalis,10.7756628,Rural.habitat.mosaic,CH
R4,2,Veronica.officinalis,1.9242255,Rural.habitat.mosaic,CH
R4,3,Veronica.officinalis,1.1545353,Rural.habitat.mosaic,CH
R3,1,Veronica.persica,26.54645792,Rural.habitat.mosaic,CH
R3,1,Veronica.persica,2.654645792,Rural.habitat.mosaic,CH
R3,1,Veronica.persica,103.5311859,Rural.habitat.mosaic,CH
R3,1,Veronica.persica,3.981968688,Rural.habitat.mosaic,CH
R3,1,Veronica.persica,21.23716634,Rural.habitat.mosaic,CH
R3,1,Veronica.persica,135.3869354,Rural.habitat.mosaic,CH
R3,1,Veronica.persica,79.63937377,Rural.habitat.mosaic,CH
R3,1,Veronica.persica,27.87378082,Rural.habitat.mosaic,CH
R3,1,Veronica.persica,53.09291585,Rural.habitat.mosaic,CH
R3,1,Veronica.persica,37.16504109,Rural.habitat.mosaic,CH
R3,1,Veronica.persica,54.42023874,Rural.habitat.mosaic,CH
R3,1,Veronica.persica,318.5574951,Rural.habitat.mosaic,CH
R3,1,Veronica.persica,22.56448923,Rural.habitat.mosaic,CH
R3,1,Veronica.persica,38.49236399,Rural.habitat.mosaic,CH
R3,1,Veronica.persica,27.87378082,Rural.habitat.mosaic,CH
R3,1,Veronica.persica,3.981968688,Rural.habitat.mosaic,CH
R3,1,Veronica.persica,39.81968688,Rural.habitat.mosaic,CH
R3,1,Veronica.persica,90.25795694,Rural.habitat.mosaic,CH
R3,1,Veronica.persica,7.963937377,Rural.habitat.mosaic,CH
R3,1,Veronica.persica,2.654645792,Rural.habitat.mosaic,CH
R3,1,Veronica.persica,3.981968688,Rural.habitat.mosaic,CH
R3,1,Veronica.persica,1.327322896,Rural.habitat.mosaic,CH
R3,1,Veronica.persica,15.92787475,Rural.habitat.mosaic,CH
A2,1,Veronica.persica,53.09291585,Intensive.agriculture,CH
A2,1,Veronica.persica,87.60331115,Intensive.agriculture,CH
A3,1,Veronica.persica,1.327322896,Intensive.agriculture,CH
A3,1,Veronica.persica,10.61858317,Intensive.agriculture,CH
A4,1,Veronica.persica,1.327322896,Intensive.agriculture,CH
A4,1,Veronica.persica,23.89181213,Intensive.agriculture,CH
A4,1,Veronica.persica,27.87378082,Intensive.agriculture,CH
A4,1,Veronica.persica,18.58252055,Intensive.agriculture,CH
R4,1,Veronica.persica,9.291260273,Rural.habitat.mosaic,CH
R4,1,Veronica.persica,5.309291585,Rural.habitat.mosaic,CH
R4,1,Veronica.persica,1.327322896,Rural.habitat.mosaic,CH
R4,1,Veronica.persica,2.654645792,Rural.habitat.mosaic,CH
R4,1,Veronica.persica,9.291260273,Rural.habitat.mosaic,CH
R4,1,Veronica.persica,3.981968688,Rural.habitat.mosaic,CH
R4,1,Veronica.persica,2.654645792,Rural.habitat.mosaic,CH
R4,1,Veronica.persica,6.636614481,Rural.habitat.mosaic,CH
R4,1,Veronica.persica,1.327322896,Rural.habitat.mosaic,CH
R1,1,Veronica.persica,1.327322896,Rural.habitat.mosaic,CH
R2,1,Veronica.persica,6.636614481,Rural.habitat.mosaic,CH
R1,1,Veronica.persica,2.654645792,Rural.habitat.mosaic,CH
R2,2,Veronica.persica,1.327322896,Rural.habitat.mosaic,CH
R3,2,Veronica.persica,1.327322896,Rural.habitat.mosaic,CH
A3,2,Veronica.persica,1.327322896,Intensive.agriculture,CH
A3,2,Veronica.persica,25.21913503,Intensive.agriculture,CH
A3,2,Veronica.persica,3.981968688,Intensive.agriculture,CH
A3,2,Veronica.persica,1.327322896,Intensive.agriculture,CH
A3,2,Veronica.persica,1.327322896,Intensive.agriculture,CH
A3,2,Veronica.persica,3.981968688,Intensive.agriculture,CH
A3,2,Veronica.persica,1.327322896,Intensive.agriculture,CH
A3,2,Veronica.persica,1.327322896,Intensive.agriculture,CH
A3,2,Veronica.persica,1.327322896,Intensive.agriculture,CH
A4,2,Veronica.persica,2.654645792,Intensive.agriculture,CH
R2,3,Veronica.persica,1.327322896,Rural.habitat.mosaic,CH
R2,3,Veronica.persica,1.327322896,Rural.habitat.mosaic,CH
A3,3,Veronica.persica,1.327322896,Intensive.agriculture,CH
A3,3,Veronica.persica,5.309291585,Intensive.agriculture,CH
A3,3,Veronica.persica,10.61858317,Intensive.agriculture,CH
A3,3,Veronica.persica,19.90984344,Intensive.agriculture,CH
A3,3,Veronica.persica,1.327322896,Intensive.agriculture,CH
A3,3,Veronica.persica,2.654645792,Intensive.agriculture,CH
A3,3,Veronica.persica,2.654645792,Intensive.agriculture,CH
A3,3,Veronica.persica,2.654645792,Intensive.agriculture,CH
A3,3,Veronica.persica,3.981968688,Intensive.agriculture,CH
A2,3,Veronica.persica,1.327322896,Intensive.agriculture,CH
A2,3,Veronica.persica,1.327322896,Intensive.agriculture,CH
R1,2,Veronica.persica,2.654645792,Rural.habitat.mosaic,CH
R1,2,Veronica.persica,2.654645792,Rural.habitat.mosaic,CH
R1,2,Veronica.persica,1.327322896,Rural.habitat.mosaic,CH
R1,2,Veronica.persica,1.327322896,Rural.habitat.mosaic,CH
R1,2,Veronica.persica,1.327322896,Rural.habitat.mosaic,CH
R1,2,Veronica.persica,1.327322896,Rural.habitat.mosaic,CH
R1,2,Veronica.persica,3.981968688,Rural.habitat.mosaic,CH
R3,3,Veronica.persica,1.327322896,Rural.habitat.mosaic,CH
R3,1,Veronica.serpyllifolia,0.7696902,Rural.habitat.mosaic,CH
A2,1,Veronica.serpyllifolia,1.9242255,Intensive.agriculture,CH
A2,1,Veronica.serpyllifolia,16.5483393,Intensive.agriculture,CH
R4,1,Veronica.serpyllifolia,75.04479451,Rural.habitat.mosaic,CH
R4,1,Veronica.serpyllifolia,1.5393804,Rural.habitat.mosaic,CH
R4,1,Veronica.serpyllifolia,4.618141201,Rural.habitat.mosaic,CH
A1,2,Veronica.serpyllifolia,0.7696902,Intensive.agriculture,CH
A1,2,Veronica.serpyllifolia,9.621127502,Intensive.agriculture,CH
A1,3,Veronica.serpyllifolia,0.3848451,Intensive.agriculture,CH
A3,2,Veronica.sp,0.567450173,Intensive.agriculture,CH
A2,1,Viburnum.lantana,522.7610176,Intensive.agriculture,CH
R4,1,Viburnum.lantana,653.4512719,Rural.habitat.mosaic,CH
R4,1,Viburnum.lantana,52.27610176,Rural.habitat.mosaic,CH
R4,1,Viburnum.lantana,392.0707632,Rural.habitat.mosaic,CH
R4,1,Viburnum.lantana,261.3805088,Rural.habitat.mosaic,CH
R1,1,Viburnum.lantana,104.5522035,Rural.habitat.mosaic,CH
R1,1,Viburnum.lantana,52.27610176,Rural.habitat.mosaic,CH
R1,1,Viburnum.lantana,209.104407,Rural.habitat.mosaic,CH
R4,1,Viburnum.lantana,339.7946614,Rural.habitat.mosaic,CH
R4,1,Viburnum.lantana,862.555679,Rural.habitat.mosaic,CH
R4,1,Viburnum.lantana,470.4849158,Rural.habitat.mosaic,CH
A1,1,Viburnum.opulus,13.19468915,Intensive.agriculture,CH
R3,2,Viburnum.opulus,1.884955592,Rural.habitat.mosaic,CH
R3,2,Viburnum.opulus,1.382300768,Rural.habitat.mosaic,CH
R4,2,Vicia.cracca,7.853981634,Rural.habitat.mosaic,CH
R1,1,Vicia.sativa,1.570796327,Rural.habitat.mosaic,CH
R1,1,Vicia.sativa,2.35619449,Rural.habitat.mosaic,CH
R3,2,Vicia.sativa,0.785398163,Rural.habitat.mosaic,CH
A3,1,Vicia.sepium,0.848230016,Intensive.agriculture,CH
R1,1,Vicia.sepium,3.392920066,Rural.habitat.mosaic,CH
R2,1,Vicia.sepium,0.848230016,Rural.habitat.mosaic,CH
R2,1,Vicia.sepium,10.1787602,Rural.habitat.mosaic,CH
R2,1,Vicia.sepium,7.634070148,Rural.habitat.mosaic,CH
R2,1,Vicia.sepium,3.392920066,Rural.habitat.mosaic,CH
R2,1,Vicia.sepium,2.544690049,Rural.habitat.mosaic,CH
R2,1,Vicia.sepium,2.544690049,Rural.habitat.mosaic,CH
R2,1,Vicia.sepium,10.1787602,Rural.habitat.mosaic,CH
R2,1,Vicia.sepium,1.696460033,Rural.habitat.mosaic,CH
R2,1,Vicia.sepium,9.330530181,Rural.habitat.mosaic,CH
R2,1,Vicia.sepium,1.696460033,Rural.habitat.mosaic,CH
R2,1,Vicia.sepium,0.848230016,Rural.habitat.mosaic,CH
R2,1,Vicia.sepium,1.696460033,Rural.habitat.mosaic,CH
R2,1,Vicia.sepium,16.11637031,Rural.habitat.mosaic,CH
R2,1,Vicia.sepium,7.634070148,Rural.habitat.mosaic,CH
R2,1,Vicia.sepium,1.413716694,Rural.habitat.mosaic,CH
R2,1,Vicia.sepium,1.696460033,Rural.habitat.mosaic,CH
R2,1,Vicia.sepium,5.937610115,Rural.habitat.mosaic,CH
R2,1,Vicia.sepium,5.089380099,Rural.habitat.mosaic,CH
R2,1,Vicia.sepium,22.90221044,Rural.habitat.mosaic,CH
A1,1,Vicia.sepium,7.634070148,Intensive.agriculture,CH
R1,1,Vicia.sepium,9.047786842,Rural.habitat.mosaic,CH
A1,2,Vicia.sepium,11.87522023,Intensive.agriculture,CH
A1,2,Vicia.sepium,1.696460033,Intensive.agriculture,CH
A1,2,Vicia.sepium,3.392920066,Intensive.agriculture,CH
A1,2,Vicia.sepium,3.392920066,Intensive.agriculture,CH
A1,2,Vicia.sepium,2.544690049,Intensive.agriculture,CH
A1,2,Vicia.sepium,0.848230016,Intensive.agriculture,CH
A1,2,Vicia.sepium,0.848230016,Intensive.agriculture,CH
A1,2,Vicia.sepium,1.696460033,Intensive.agriculture,CH
A1,2,Vicia.sepium,4.80663676,Intensive.agriculture,CH
A1,2,Vicia.sepium,0.565486678,Intensive.agriculture,CH
A1,2,Vicia.sepium,4.80663676,Intensive.agriculture,CH
A1,2,Vicia.sepium,0.848230016,Intensive.agriculture,CH
A1,2,Vicia.sepium,0.848230016,Intensive.agriculture,CH
R2,2,Vicia.sepium,2.261946711,Rural.habitat.mosaic,CH
R2,2,Vicia.sepium,8.482300165,Rural.habitat.mosaic,CH
R2,2,Vicia.sepium,1.696460033,Rural.habitat.mosaic,CH
R2,2,Vicia.sepium,0.565486678,Rural.habitat.mosaic,CH
R2,2,Vicia.sepium,0.282743339,Rural.habitat.mosaic,CH
R2,2,Vicia.sepium,0.848230016,Rural.habitat.mosaic,CH
R2,2,Vicia.sepium,1.696460033,Rural.habitat.mosaic,CH
R2,2,Vicia.sepium,3.392920066,Rural.habitat.mosaic,CH
R2,2,Vicia.sepium,2.544690049,Rural.habitat.mosaic,CH
R2,2,Vicia.sepium,1.696460033,Rural.habitat.mosaic,CH
R3,2,Vicia.sepium,0.848230016,Rural.habitat.mosaic,CH
R3,2,Vicia.sepium,0.848230016,Rural.habitat.mosaic,CH
R3,2,Vicia.sepium,0.848230016,Rural.habitat.mosaic,CH
R3,2,Vicia.sepium,1.130973355,Rural.habitat.mosaic,CH
R3,2,Vicia.sepium,2.544690049,Rural.habitat.mosaic,CH
R3,2,Vicia.sepium,6.785840132,Rural.habitat.mosaic,CH
R3,2,Vicia.sepium,2.544690049,Rural.habitat.mosaic,CH
R3,2,Vicia.sepium,0.565486678,Rural.habitat.mosaic,CH
R3,2,Vicia.sepium,2.544690049,Rural.habitat.mosaic,CH
R3,2,Vicia.sepium,0.565486678,Rural.habitat.mosaic,CH
A2,2,Vicia.sepium,4.241150082,Intensive.agriculture,CH
A2,2,Vicia.sepium,0.565486678,Intensive.agriculture,CH
A2,2,Vicia.sepium,1.413716694,Intensive.agriculture,CH
R2,2,Vicia.sepium,0.848230016,Rural.habitat.mosaic,CH
R2,2,Vicia.sepium,0.565486678,Rural.habitat.mosaic,CH
R2,2,Vicia.sepium,0.565486678,Rural.habitat.mosaic,CH
R2,2,Vicia.sepium,1.696460033,Rural.habitat.mosaic,CH
R2,2,Vicia.sepium,0.565486678,Rural.habitat.mosaic,CH
A3,2,Vicia.sepium,1.130973355,Intensive.agriculture,CH
A2,2,Vicia.sepium,0.282743339,Intensive.agriculture,CH
A4,2,Vicia.sepium,0.282743339,Intensive.agriculture,CH
R2,3,Vicia.sepium,0.282743339,Rural.habitat.mosaic,CH
R2,3,Vicia.sepium,0.282743339,Rural.habitat.mosaic,CH
R2,3,Vicia.sepium,3.392920066,Rural.habitat.mosaic,CH
R2,3,Vicia.sepium,0.565486678,Rural.habitat.mosaic,CH
R2,3,Vicia.sepium,0.282743339,Rural.habitat.mosaic,CH
R2,3,Vicia.sepium,0.282743339,Rural.habitat.mosaic,CH
R2,3,Vicia.sepium,0.282743339,Rural.habitat.mosaic,CH
R2,3,Vicia.sepium,0.282743339,Rural.habitat.mosaic,CH
R2,3,Vicia.sepium,0.848230016,Rural.habitat.mosaic,CH
R2,3,Vicia.sepium,0.565486678,Rural.habitat.mosaic,CH
A1,3,Vicia.sepium,0.565486678,Intensive.agriculture,CH
A1,3,Vicia.sepium,0.282743339,Intensive.agriculture,CH
A1,3,Vicia.sepium,0.282743339,Intensive.agriculture,CH
A1,3,Vicia.sepium,0.565486678,Intensive.agriculture,CH
A1,3,Vicia.sepium,0.565486678,Intensive.agriculture,CH
A1,3,Vicia.sepium,0.565486678,Intensive.agriculture,CH
A3,3,Vicia.sepium,0.282743339,Intensive.agriculture,CH
A3,3,Vicia.sepium,1.130973355,Intensive.agriculture,CH
A2,3,Vicia.sepium,1.696460033,Intensive.agriculture,CH
R3,3,Vicia.sepium,1.413716694,Rural.habitat.mosaic,CH
R3,3,Vicia.sepium,1.130973355,Rural.habitat.mosaic,CH
R1,2,Vicia.sepium,0.282743339,Rural.habitat.mosaic,CH
R3,3,Vicia.sepium,0.565486678,Rural.habitat.mosaic,CH
R1,2,Vicia.sepium,1.413716694,Rural.habitat.mosaic,CH
R1,2,Vicia.sepium,0.848230016,Rural.habitat.mosaic,CH
R1,2,Vicia.sepium,1.413716694,Rural.habitat.mosaic,CH
R1,2,Vicia.sepium,0.848230016,Rural.habitat.mosaic,CH
R3,1,Viola.arvensis,58.792632,Rural.habitat.mosaic,CH
R3,1,Viola.arvensis,25.7217765,Rural.habitat.mosaic,CH
R3,1,Viola.arvensis,29.396316,Rural.habitat.mosaic,CH
R3,1,Viola.arvensis,3.6745395,Rural.habitat.mosaic,CH
R3,1,Viola.arvensis,11.0236185,Rural.habitat.mosaic,CH
R3,1,Viola.arvensis,7.349079,Rural.habitat.mosaic,CH
R3,1,Viola.arvensis,3.6745395,Rural.habitat.mosaic,CH
R3,1,Viola.arvensis,3.6745395,Rural.habitat.mosaic,CH
R3,1,Viola.arvensis,25.7217765,Rural.habitat.mosaic,CH
R3,1,Viola.arvensis,11.0236185,Rural.habitat.mosaic,CH
R3,1,Viola.arvensis,14.698158,Rural.habitat.mosaic,CH
A4,1,Viola.arvensis,11.0236185,Intensive.agriculture,CH
A4,1,Viola.arvensis,14.698158,Intensive.agriculture,CH
R2,1,Viola.arvensis,33.0708555,Rural.habitat.mosaic,CH
A3,3,Viola.arvensis,11.0236185,Intensive.agriculture,CH
A3,3,Viola.arvensis,7.349079,Intensive.agriculture,CH
A3,3,Viola.arvensis,3.6745395,Intensive.agriculture,CH
R3,1,Viola.reichenbachiana,15.2681403,Rural.habitat.mosaic,CH
R3,1,Viola.reichenbachiana,38.17035074,Rural.habitat.mosaic,CH
R3,1,Viola.reichenbachiana,20.3575204,Rural.habitat.mosaic,CH
R1,3,Viola.reichenbachiana,2.544690049,Rural.habitat.mosaic,CH
R3,1,Viola.riviniana,44.17864669,Rural.habitat.mosaic,CH
R3,1,Viola.riviniana,9.817477042,Rural.habitat.mosaic,CH
R3,1,Viola.riviniana,4.908738521,Rural.habitat.mosaic,CH
A2,1,Viola.riviniana,9.817477042,Intensive.agriculture,CH
A2,1,Viola.riviniana,4.908738521,Intensive.agriculture,CH
A2,1,Viola.riviniana,4.908738521,Intensive.agriculture,CH
A2,1,Viola.riviniana,4.908738521,Intensive.agriculture,CH
R3,1,Viola.tricolor.aggr,14.72621556,Rural.habitat.mosaic,CH
V16,1.1,Geum.urbanum,0,Intensive.agriculture,FR
V16,1.1,Stellaria.hollostea,301.592894784,Intensive.agriculture,FR
V16,1.1,Galium.aparine,0,Intensive.agriculture,FR
V16,1.1,Prunus.sp,0,Intensive.agriculture,FR
V16,1.1,Ranunculus.ficaria,35.342917355,Intensive.agriculture,FR
V16,1.1,Hedera.helix,0,Intensive.agriculture,FR
V16,1.1,Acer.sp,0,Intensive.agriculture,FR
V16,1.1,Geum.urbanum,0,Intensive.agriculture,FR
V16,1.1,Galium.aparine,0,Intensive.agriculture,FR
V16,1.1,Ranunculus.ficaria,28.274333884,Intensive.agriculture,FR
V16,1.1,Anemone.nemorosa,0,Intensive.agriculture,FR
V16,1.1,Hedera.helix,0,Intensive.agriculture,FR
V16,1.1,Geranium.robertianum,0,Intensive.agriculture,FR
V16,1.1,Acer.sp,0,Intensive.agriculture,FR
V16,1.1,Hedera.helix,0,Intensive.agriculture,FR
V16,1.1,Geum.urbanum,0,Intensive.agriculture,FR
V16,1.1,Stellaria.hollostea,109.95574289,Intensive.agriculture,FR
V16,1.1,Galium.aparine,0,Intensive.agriculture,FR
V16,1.1,Ranunculus.ficaria,0,Intensive.agriculture,FR
V16,1.1,Anemone.nemorosa,0,Intensive.agriculture,FR
V16,1.1,Hedera.helix,0,Intensive.agriculture,FR
V16,1.1,Glechoma.hederacea,7.696902,Intensive.agriculture,FR
V16,1.1,Ligustrum.sp,0,Intensive.agriculture,FR
V16,1.1,Galium.aparine,0,Intensive.agriculture,FR
V16,1.1,Prunus.sp,0,Intensive.agriculture,FR
V16,1.1,Ranunculus.ficaria,0,Intensive.agriculture,FR
V16,1.1,Anemone.nemorosa,0,Intensive.agriculture,FR
V16,1.1,Hedera.helix,0,Intensive.agriculture,FR
V16,1.1,Rubus.sp,0,Intensive.agriculture,FR
V16,1.1,Crataegus.sp,26.50718802,Intensive.agriculture,FR
V16,1.1,Glechoma.hederacea,14.6241138,Intensive.agriculture,FR
V16,1.1,Ranunculus.ficaria,0,Intensive.agriculture,FR
V16,1.1,Anemone.nemorosa,0,Intensive.agriculture,FR
V16,1.1,Hedera.helix,0,Intensive.agriculture,FR
V16,1.1,Viola.sp,0,Intensive.agriculture,FR
V16,1.1,Ranunculus.ficaria,7.068583471,Intensive.agriculture,FR
V16,1.1,Anemone.nemorosa,0,Intensive.agriculture,FR
V16,1.1,Hedera.helix,0,Intensive.agriculture,FR
V16,1.1,Viola.sp,0,Intensive.agriculture,FR
V16,1.1,Ligustrum.sp,0,Intensive.agriculture,FR
V16,1.1,Geum.urbanum,0,Intensive.agriculture,FR
V16,1.1,Acer.sp,0,Intensive.agriculture,FR
V16,1.1,Hedera.helix,0,Intensive.agriculture,FR
V16,1.1,Ligustrum.sp,0,Intensive.agriculture,FR
V16,1.1,Stellaria.hollostea,260.752190282,Intensive.agriculture,FR
V16,1.1,Glechoma.hederacea,6.1575216,Intensive.agriculture,FR
V16,1.1,Ranunculus.ficaria,0,Intensive.agriculture,FR
V16,1.1,Hedera.helix,0,Intensive.agriculture,FR
V16,1.1,Rumex.sp,0,Intensive.agriculture,FR
V16,1.1,Galium.aparine,0,Intensive.agriculture,FR
V16,1.1,Geum.urbanum,0,Intensive.agriculture,FR
V16,1.1,Acer.sp,0,Intensive.agriculture,FR
V16,1.1,Stellaria.hollostea,471.2388981,Intensive.agriculture,FR
V16,1.1,Glechoma.hederacea,3.4636059,Intensive.agriculture,FR
V16,1.1,Ranunculus.ficaria,0,Intensive.agriculture,FR
V16,1.1,Hedera.helix,0,Intensive.agriculture,FR
V16,1.1,Rubus.sp,0,Intensive.agriculture,FR
V16,1.1,Stellaria.hollostea,169.646003316,Intensive.agriculture,FR
V16,1.1,Glechoma.hederacea,2.3090706,Intensive.agriculture,FR
V16,1.1,Ranunculus.ficaria,0,Intensive.agriculture,FR
V16,1.1,Hedera.helix,0,Intensive.agriculture,FR
V16,1.1,Galium.aparine,0,Intensive.agriculture,FR
V16,1.1,Geum.urbanum,0,Intensive.agriculture,FR
V16,1.1,Rubus.sp,0,Intensive.agriculture,FR
V16,1.1,Anemone.nemorosa,0,Intensive.agriculture,FR
V16,1.1,Stellaria.hollostea,232.477856396,Intensive.agriculture,FR
V16,1.1,Glechoma.hederacea,1.1545353,Intensive.agriculture,FR
V16,1.1,Ranunculus.ficaria,0,Intensive.agriculture,FR
V16,1.1,Hedera.helix,0,Intensive.agriculture,FR
V16,1.1,Galium.aparine,0,Intensive.agriculture,FR
V16,1.1,Anemone.nemorosa,0,Intensive.agriculture,FR
V16,1.1,Vicia.sp,0,Intensive.agriculture,FR
V16,1.1,Ligustrum.sp,0,Intensive.agriculture,FR
V16,1.1,Stellaria.hollostea,69.115038388,Intensive.agriculture,FR
V16,1.1,Rumex.sp,0,Intensive.agriculture,FR
V16,1.1,Glechoma.hederacea,6.5423667,Intensive.agriculture,FR
V16,1.1,Veronica.chamaedrys,1.5393804,Intensive.agriculture,FR
V16,1.1,Ranunculus.ficaria,0,Intensive.agriculture,FR
V16,1.1,Ligustrum.sp,0,Intensive.agriculture,FR
V16,1.1,Galium.aparine,0,Intensive.agriculture,FR
V16,1.1,Anemone.nemorosa,0,Intensive.agriculture,FR
V16,1.1,Ranunculus.sp,0,Intensive.agriculture,FR
V16,1.1,Hedera.helix,0,Intensive.agriculture,FR
V16,1.1,Acer.sp,0,Intensive.agriculture,FR
V16,1.1,Stellaria.hollostea,260.752190282,Intensive.agriculture,FR
V16,1.1,Ranunculus.ficaria,0,Intensive.agriculture,FR
V16,1.1,Ligustrum.sp,0,Intensive.agriculture,FR
V16,1.1,Galium.aparine,0,Intensive.agriculture,FR
V16,1.1,Anemone.nemorosa,0,Intensive.agriculture,FR
V16,1.1,Hedera.helix,0,Intensive.agriculture,FR
V16,1.1,Viola.sp,0,Intensive.agriculture,FR
V16,1.1,Crataegus.sp,0,Intensive.agriculture,FR
V16,1.1,Crataegus.sp,0,Intensive.agriculture,FR
V16,1.1,Stellaria.hollostea,103.672557582,Intensive.agriculture,FR
V16,1.1,Glechoma.hederacea,20.7816354,Intensive.agriculture,FR
V16,1.1,Ranunculus.ficaria,0,Intensive.agriculture,FR
V16,1.1,Ligustrum.sp,0,Intensive.agriculture,FR
V16,1.1,Galium.aparine,0,Intensive.agriculture,FR
V16,1.1,Anemone.nemorosa,0,Intensive.agriculture,FR
V16,1.1,Vicia.sp,0,Intensive.agriculture,FR
V16,1.1,Hedera.helix,0,Intensive.agriculture,FR
V16,1.1,Rubus.sp,0,Intensive.agriculture,FR
V16,1.1,Ligustrum.sp,0,Intensive.agriculture,FR
V16,1.1,Stellaria.hollostea,0,Intensive.agriculture,FR
V16,1.1,Rumex.sp,0,Intensive.agriculture,FR
V16,1.1,Glechoma.hederacea,9.6211275,Intensive.agriculture,FR
V16,1.1,Ranunculus.ficaria,0,Intensive.agriculture,FR
V16,1.1,Ligustrum.sp,0,Intensive.agriculture,FR
V16,1.1,Galium.aparine,0,Intensive.agriculture,FR
V16,1.1,Anemone.nemorosa,0,Intensive.agriculture,FR
V16,1.1,Ranunculus.sp,0,Intensive.agriculture,FR
V16,1.1,Hedera.helix,0,Intensive.agriculture,FR
V16,1.1,Viola.sp,0,Intensive.agriculture,FR
V16,1.1,Rubus.sp,0,Intensive.agriculture,FR
V16,1.1,Cornus.sp,0,Intensive.agriculture,FR
V16,1.1,Acer.sp,0,Intensive.agriculture,FR
V16,1.1,Rubus.sp,0,Intensive.agriculture,FR
V16,1.1,Stellaria.hollostea,169.646003316,Intensive.agriculture,FR
V16,1.1,Galium.aparine,0,Intensive.agriculture,FR
V16,1.1,Hedera.helix,0,Intensive.agriculture,FR
V16,1.1,Anemone.nemorosa,0,Intensive.agriculture,FR
V16,1.1,Ranunculus.ficaria,0,Intensive.agriculture,FR
V16,1.1,Ligustrum.sp,0,Intensive.agriculture,FR
V16,1.1,Rubus.sp,0,Intensive.agriculture,FR
V16,1.1,Stellaria.hollostea,175.929188624,Intensive.agriculture,FR
V16,1.1,Galium.aparine,0,Intensive.agriculture,FR
V16,1.1,Hedera.helix,0,Intensive.agriculture,FR
V16,1.1,Anemone.nemorosa,0,Intensive.agriculture,FR
V16,1.1,Ranunculus.ficaria,0,Intensive.agriculture,FR
V16,1.1,Stellaria.hollostea,62.83185308,Intensive.agriculture,FR
V16,1.1,Galium.aparine,0,Intensive.agriculture,FR
V16,1.1,Hedera.helix,0,Intensive.agriculture,FR
V16,1.1,Anemone.nemorosa,0,Intensive.agriculture,FR
V16,1.1,Ranunculus.ficaria,0,Intensive.agriculture,FR
V16,1.1,Ranunculus.sp,0,Intensive.agriculture,FR
V16,1.1,Acer.sp,0,Intensive.agriculture,FR
V16,1.1,Viola.sp,0,Intensive.agriculture,FR
V16,1.1,Symphytum.officinale,0,Intensive.agriculture,FR
V16,1.1,Rubus.sp,0,Intensive.agriculture,FR
V16,1.1,Fragaria.moschata,9.817477042,Intensive.agriculture,FR
V16,1.1,Glechoma.hederacea,6.5423667,Intensive.agriculture,FR
V16,1.1,Centaurea.sp,0,Intensive.agriculture,FR
V16,1.1,Stellaria.hollostea,0,Intensive.agriculture,FR
V16,1.1,Acer.sp,0,Intensive.agriculture,FR
V16,1.1,Symphytum.officinale,1.413716695,Intensive.agriculture,FR
V16,1.1,Glechoma.hederacea,1.5393804,Intensive.agriculture,FR
V16,1.1,Acer.sp,0,Intensive.agriculture,FR
V16,1.1,Vicia.sp,0,Intensive.agriculture,FR
V16,1.1,Geum.urbanum,0,Intensive.agriculture,FR
V16,1.1,Prunus.sp,0,Intensive.agriculture,FR
V16,1.1,Prunus.sp,0,Intensive.agriculture,FR
V16,1.1,Symphytum.officinale,0,Intensive.agriculture,FR
V16,1.1,Fragaria.moschata,0,Intensive.agriculture,FR
V16,1.1,Glechoma.hederacea,2.6939157,Intensive.agriculture,FR
V16,1.1,Stellaria.hollostea,6.283185308,Intensive.agriculture,FR
V16,1.1,Acer.sp,0,Intensive.agriculture,FR
V16,1.1,Hypericum.sp,0,Intensive.agriculture,FR
V16,1.1,Acer.sp,0,Intensive.agriculture,FR
V16,1.1,Symphytum.officinale,1.696460034,Intensive.agriculture,FR
V16,1.1,Stellaria.hollostea,72.256631042,Intensive.agriculture,FR
V16,1.1,Acer.sp,0,Intensive.agriculture,FR
V16,1.1,Prunus.sp,0,Intensive.agriculture,FR
V16,1.1,Hypericum.sp,0,Intensive.agriculture,FR
V16,1.1,Acer.sp,0,Intensive.agriculture,FR
V16,1.1,Symphytum.officinale,0,Intensive.agriculture,FR
V16,1.1,Fragaria.moschata,88.357293378,Intensive.agriculture,FR
V16,1.1,Geum.urbanum,0,Intensive.agriculture,FR
V16,1.1,Quercus.sp,0,Intensive.agriculture,FR
V16,1.1,Taraxacum.officinale,23.75829444,Intensive.agriculture,FR
V16,1.1,Plantago.lanceolata,0,Intensive.agriculture,FR
V16,1.1,Taraxacum.officinale,0,Intensive.agriculture,FR
V16,1.1,Plantago.lanceolata,0,Intensive.agriculture,FR
V16,1.1,Cerastium.glomeratum,3.01592895,Intensive.agriculture,FR
V16,1.1,Veronica.arvensis,0,Intensive.agriculture,FR
V16,1.1,Trifolium.sp,0,Intensive.agriculture,FR
V16,1.1,Geranium.dissectum,0,Intensive.agriculture,FR
V16,1.1,Taraxacum.officinale,71.27488332,Intensive.agriculture,FR
V16,1.1,Plantago.lanceolata,0,Intensive.agriculture,FR
V16,1.1,Geranium.dissectum,0,Intensive.agriculture,FR
V16,1.1,Picris.hieracioides,0,Intensive.agriculture,FR
V16,1.1,Daucus.carota,0,Intensive.agriculture,FR
V16,1.1,Vicia.sp,0,Intensive.agriculture,FR
V16,1.1,Plantago.lanceolata,0,Intensive.agriculture,FR
V16,1.1,Daucus.carota,0,Intensive.agriculture,FR
V16,1.1,Fragaria.vesca,102.494460344,Intensive.agriculture,FR
V16,1.1,Cirsium.arvense,0,Intensive.agriculture,FR
V02,1.1,Vicia.faba,0,Intensive.agriculture,FR
V02,1.1,Galium.aparine,0,Intensive.agriculture,FR
V02,1.1,Geranium.dissectum,0,Intensive.agriculture,FR
V02,1.1,Polygonum.lapathifolium,0,Intensive.agriculture,FR
V02,1.1,Papaver.rhoeas,0,Intensive.agriculture,FR
V02,1.1,Sinapis.sp,0,Intensive.agriculture,FR
V02,1.1,Aethusa.cynapium,0,Intensive.agriculture,FR
V02,1.1,Picris.hieracioides,0,Intensive.agriculture,FR
V02,1.1,Trifolium.sp,0,Intensive.agriculture,FR
V02,1.1,Vicia.faba,0,Intensive.agriculture,FR
V02,1.1,Sinapis.sp,7.696902,Intensive.agriculture,FR
V02,1.1,Aethusa.cynapium,0,Intensive.agriculture,FR
V02,1.1,Fallopia.convolvulus,0,Intensive.agriculture,FR
V02,1.1,Polygonum.aviculare,0,Intensive.agriculture,FR
V02,1.1,Veronica.persica,0,Intensive.agriculture,FR
V02,1.1,Vicia.faba,0,Intensive.agriculture,FR
V02,1.1,Papaver.rhoeas,0,Intensive.agriculture,FR
V02,1.1,Sinapis.sp,13.8544236,Intensive.agriculture,FR
V02,1.1,Fallopia.convolvulus,0,Intensive.agriculture,FR
V02,1.1,Galium.aparine,0,Intensive.agriculture,FR
V02,1.1,Vicia.faba,0,Intensive.agriculture,FR
V02,1.1,Sinapis.sp,20.0119452,Intensive.agriculture,FR
V02,1.1,Aethusa.cynapium,0,Intensive.agriculture,FR
V02,1.1,Fallopia.convolvulus,0,Intensive.agriculture,FR
V02,1.1,Polygonum.aviculare,0,Intensive.agriculture,FR
V02,1.1,Lactuca.serriola,0,Intensive.agriculture,FR
V02,1.1,Anagallis.arvensis,0,Intensive.agriculture,FR
V02,1.1,Vicia.faba,0,Intensive.agriculture,FR
V02,1.1,Sinapis.sp,16.9331844,Intensive.agriculture,FR
V02,1.1,Aethusa.cynapium,0,Intensive.agriculture,FR
V02,1.1,Fallopia.convolvulus,0,Intensive.agriculture,FR
V02,1.1,Polygonum.aviculare,0,Intensive.agriculture,FR
V02,1.1,Lactuca.serriola,0,Intensive.agriculture,FR
V02,1.1,Viola.arvensis,0,Intensive.agriculture,FR
V02,1.1,Vicia.faba,3.926990815,Intensive.agriculture,FR
V02,1.1,Sinapis.sp,3.0787608,Intensive.agriculture,FR
V02,1.1,Aethusa.cynapium,0,Intensive.agriculture,FR
V02,1.1,Fallopia.convolvulus,0,Intensive.agriculture,FR
V02,1.1,Polygonum.aviculare,0,Intensive.agriculture,FR
V02,1.1,Veronica.persica,0,Intensive.agriculture,FR
V02,1.1,Veronica.hederifolia,0,Intensive.agriculture,FR
V02,1.1,Taraxacum.officinale,0,Intensive.agriculture,FR
V02,1.1,Medicago.sativa,0,Intensive.agriculture,FR
V02,1.1,Anagallis.arvensis,0,Intensive.agriculture,FR
V02,1.1,Veronica.hederifolia,0,Intensive.agriculture,FR
V02,1.1,Polygonum.aviculare,0,Intensive.agriculture,FR
V02,1.1,Cerastium.sp,0,Intensive.agriculture,FR
V02,1.1,Taraxacum.officinale,71.27488332,Intensive.agriculture,FR
V02,1.1,Medicago.sativa,0,Intensive.agriculture,FR
V02,1.1,Anagallis.arvensis,0,Intensive.agriculture,FR
V02,1.1,Polygonum.aviculare,0,Intensive.agriculture,FR
V02,1.1,Cerastium.sp,0,Intensive.agriculture,FR
V02,1.1,Veronica.persica,0,Intensive.agriculture,FR
V02,1.1,Taraxacum.officinale,47.51658888,Intensive.agriculture,FR
V02,1.1,Medicago.sativa,0,Intensive.agriculture,FR
V02,1.1,Anagallis.arvensis,0,Intensive.agriculture,FR
V02,1.1,Veronica.hederifolia,0,Intensive.agriculture,FR
V02,1.1,Polygonum.aviculare,0,Intensive.agriculture,FR
V02,1.1,Cerastium.sp,0,Intensive.agriculture,FR
V02,1.1,Galium.aparine,0,Intensive.agriculture,FR
V02,1.1,Lamium.sp,0,Intensive.agriculture,FR
V02,1.1,Stellaria.media,0,Intensive.agriculture,FR
V02,1.1,Lamium.purpureum,57.726765,Intensive.agriculture,FR
V02,1.1,Stellaria.media,75.39822375,Intensive.agriculture,FR
V02,1.1,Galium.aparine,0,Intensive.agriculture,FR
V02,1.1,Veronica.hederifolia,5.19540885,Intensive.agriculture,FR
V02,1.1,Torilis.arvensis,0,Intensive.agriculture,FR
V02,1.1,Cirsium.arvense,0,Intensive.agriculture,FR
V03,1.1,Vicia.cracca,1.96349541,Rural.habitat.mosaic,FR
V03,1.1,Stellaria.hollostea,59.690260426,Rural.habitat.mosaic,FR
V03,1.1,Prunus.sp,0,Rural.habitat.mosaic,FR
V03,1.1,Cornus.sp,0,Rural.habitat.mosaic,FR
V03,1.1,Veronica.chamaedrys,1.5393804,Rural.habitat.mosaic,FR
V03,1.1,Taraxacum.officinale,0,Rural.habitat.mosaic,FR
V03,1.1,Rubus.sp,0,Rural.habitat.mosaic,FR
V03,1.1,Ranunculus.ficaria,0,Rural.habitat.mosaic,FR
V03,1.1,Fragaria.moschata,4.908738521,Rural.habitat.mosaic,FR
V03,1.1,Ligustrum.sp,0,Rural.habitat.mosaic,FR
V03,1.1,Galium.aparine,0,Rural.habitat.mosaic,FR
V03,1.1,Stellaria.hollostea,50.265482464,Rural.habitat.mosaic,FR
V03,1.1,Prunus.sp,0,Rural.habitat.mosaic,FR
V03,1.1,Veronica.chamaedrys,0,Rural.habitat.mosaic,FR
V03,1.1,Ranunculus.ficaria,0,Rural.habitat.mosaic,FR
V03,1.1,Fragaria.moschata,4.908738521,Rural.habitat.mosaic,FR
V03,1.1,Hedera.helix,0,Rural.habitat.mosaic,FR
V03,1.1,Cornus.sp,0,Rural.habitat.mosaic,FR
V03,1.1,Ligustrum.sp,0,Rural.habitat.mosaic,FR
V03,1.1,Geranium.robertianum,0,Rural.habitat.mosaic,FR
V03,1.1,Viola.sp,0,Rural.habitat.mosaic,FR
V03,1.1,Stellaria.hollostea,50.265482464,Rural.habitat.mosaic,FR
V03,1.1,Prunus.sp,0,Rural.habitat.mosaic,FR
V03,1.1,Rubus.sp,0,Rural.habitat.mosaic,FR
V03,1.1,Cornus.sp,0,Rural.habitat.mosaic,FR
V03,1.1,Ligustrum.sp,0,Rural.habitat.mosaic,FR
V03,1.1,Viola.sp,0,Rural.habitat.mosaic,FR
V03,1.1,Populus.sp,0,Rural.habitat.mosaic,FR
V03,1.1,Cornus.sp,0,Rural.habitat.mosaic,FR
V03,1.1,Ligustrum.sp,0,Rural.habitat.mosaic,FR
V03,1.1,Stellaria.hollostea,3.141592654,Rural.habitat.mosaic,FR
V03,1.1,Prunus.sp,0,Rural.habitat.mosaic,FR
V03,1.1,Veronica.chamaedrys,15.393804,Rural.habitat.mosaic,FR
V03,1.1,Ranunculus.ficaria,0,Rural.habitat.mosaic,FR
V03,1.1,Fragaria.moschata,0,Rural.habitat.mosaic,FR
V03,1.1,Ligustrum.sp,0,Rural.habitat.mosaic,FR
V03,1.1,Galium.aparine,0,Rural.habitat.mosaic,FR
V03,1.1,Hedera.helix,0,Rural.habitat.mosaic,FR
V03,1.1,Prunus.sp,0,Rural.habitat.mosaic,FR
V03,1.1,Ligustrum.sp,0,Rural.habitat.mosaic,FR
V03,1.1,Stellaria.hollostea,56.548667772,Rural.habitat.mosaic,FR
V03,1.1,Prunus.sp,0,Rural.habitat.mosaic,FR
V03,1.1,Veronica.chamaedrys,12.3150432,Rural.habitat.mosaic,FR
V03,1.1,Ranunculus.ficaria,0,Rural.habitat.mosaic,FR
V03,1.1,Fragaria.moschata,0,Rural.habitat.mosaic,FR
V03,1.1,Ligustrum.sp,0,Rural.habitat.mosaic,FR
V03,1.1,Hedera.helix,0,Rural.habitat.mosaic,FR
V03,1.1,Geranium.robertianum,0,Rural.habitat.mosaic,FR
V03,1.1,Vicia.sp,0,Rural.habitat.mosaic,FR
V03,1.1,Anemone.nemorosa,0,Rural.habitat.mosaic,FR
V03,1.1,Quercus.sp,0,Rural.habitat.mosaic,FR
V03,1.1,Rumex.sp,0,Rural.habitat.mosaic,FR
V03,1.1,Stellaria.hollostea,25.132741232,Rural.habitat.mosaic,FR
V03,1.1,Prunus.sp,0,Rural.habitat.mosaic,FR
V03,1.1,Veronica.chamaedrys,4.6181412,Rural.habitat.mosaic,FR
V03,1.1,Taraxacum.officinale,0,Rural.habitat.mosaic,FR
V03,1.1,Rubus.sp,0,Rural.habitat.mosaic,FR
V03,1.1,Ranunculus.ficaria,0,Rural.habitat.mosaic,FR
V03,1.1,Ligustrum.sp,0,Rural.habitat.mosaic,FR
V03,1.1,Hedera.helix,0,Rural.habitat.mosaic,FR
V03,1.1,Geranium.robertianum,0,Rural.habitat.mosaic,FR
V03,1.1,Viola.sp,0,Rural.habitat.mosaic,FR
V03,1.1,Anemone.nemorosa,0,Rural.habitat.mosaic,FR
V03,1.1,Lapsana.communis,0,Rural.habitat.mosaic,FR
V03,1.1,Cornus.sp,0,Rural.habitat.mosaic,FR
V03,1.1,Ligustrum.sp,0,Rural.habitat.mosaic,FR
V03,1.1,Hedera.helix,0,Rural.habitat.mosaic,FR
V03,1.1,Alnus.sp,0,Rural.habitat.mosaic,FR
V03,1.1,Hedera.helix,0,Rural.habitat.mosaic,FR
V03,1.1,Geranium.robertianum,3.141592654,Rural.habitat.mosaic,FR
V03,1.1,Ranunculus.sp,0,Rural.habitat.mosaic,FR
V03,1.1,Viola.sp,0,Rural.habitat.mosaic,FR
V03,1.1,Anemone.nemorosa,0,Rural.habitat.mosaic,FR
V03,1.1,Veronica.chamaedrys,10.7756628,Rural.habitat.mosaic,FR
V03,1.1,Carpinus.betulus,0,Rural.habitat.mosaic,FR
V03,1.1,Alnus.sp,0,Rural.habitat.mosaic,FR
V03,1.1,Hedera.helix,0,Rural.habitat.mosaic,FR
V03,1.1,Ranunculus.sp,0,Rural.habitat.mosaic,FR
V03,1.1,Anemone.nemorosa,0,Rural.habitat.mosaic,FR
V03,1.1,Viola.reichenbachiana,40.715040784,Rural.habitat.mosaic,FR
V03,1.1,Fragaria.moschata,19.634954084,Rural.habitat.mosaic,FR
V03,1.1,Rubus.sp,0,Rural.habitat.mosaic,FR
V03,1.1,Crataegus.sp,0,Rural.habitat.mosaic,FR
V03,1.1,Hedera.helix,0,Rural.habitat.mosaic,FR
V03,1.1,Geranium.robertianum,0,Rural.habitat.mosaic,FR
V03,1.1,Viola.sp,0,Rural.habitat.mosaic,FR
V03,1.1,Veronica.chamaedrys,13.8544236,Rural.habitat.mosaic,FR
V03,1.1,Fragaria.moschata,0,Rural.habitat.mosaic,FR
V03,1.1,Rubus.sp,0,Rural.habitat.mosaic,FR
V03,1.1,Quercus.sp,0,Rural.habitat.mosaic,FR
V03,1.1,Ligustrum.sp,0,Rural.habitat.mosaic,FR
V03,1.1,Ajuga.reptans,15.020739878,Rural.habitat.mosaic,FR
V03,1.1,Carpinus.betulus,0,Rural.habitat.mosaic,FR
V03,1.1,Hedera.helix,0,Rural.habitat.mosaic,FR
V03,1.1,Alnus.sp,0,Rural.habitat.mosaic,FR
V03,1.1,Hedera.helix,0,Rural.habitat.mosaic,FR
V03,1.1,Geranium.robertianum,0,Rural.habitat.mosaic,FR
V03,1.1,Ranunculus.sp,0,Rural.habitat.mosaic,FR
V03,1.1,Anemone.nemorosa,0,Rural.habitat.mosaic,FR
V03,1.1,Fragaria.moschata,0,Rural.habitat.mosaic,FR
V03,1.1,Rubus.sp,0,Rural.habitat.mosaic,FR
V03,1.1,Quercus.sp,0,Rural.habitat.mosaic,FR
V03,1.1,Ajuga.reptans,3.976078203,Rural.habitat.mosaic,FR
V03,1.1,Ranunculus.ficaria,0,Rural.habitat.mosaic,FR
V03,1.1,Carpinus.betulus,0,Rural.habitat.mosaic,FR
V03,1.1,Rubus.sp,0,Rural.habitat.mosaic,FR
V03,1.1,Alnus.sp,0,Rural.habitat.mosaic,FR
V03,1.1,Hedera.helix,0,Rural.habitat.mosaic,FR
V03,1.1,Ranunculus.sp,0,Rural.habitat.mosaic,FR
V03,1.1,Viola.sp,0,Rural.habitat.mosaic,FR
V03,1.1,Anemone.nemorosa,0,Rural.habitat.mosaic,FR
V03,1.1,Veronica.chamaedrys,9.2362824,Rural.habitat.mosaic,FR
V03,1.1,Fragaria.moschata,0,Rural.habitat.mosaic,FR
V03,1.1,Crataegus.sp,0,Rural.habitat.mosaic,FR
V03,1.1,Quercus.sp,0,Rural.habitat.mosaic,FR
V03,1.1,Ranunculus.ficaria,0,Rural.habitat.mosaic,FR
V03,1.1,Acer.sp,0,Rural.habitat.mosaic,FR
V03,1.1,Alnus.sp,0,Rural.habitat.mosaic,FR
V03,1.1,Hedera.helix,0,Rural.habitat.mosaic,FR
V03,1.1,Viola.sp,0,Rural.habitat.mosaic,FR
V03,1.1,Anemone.nemorosa,0,Rural.habitat.mosaic,FR
V03,1.1,Veronica.chamaedrys,49.2601728,Rural.habitat.mosaic,FR
V03,1.1,Ranunculus.ficaria,0,Rural.habitat.mosaic,FR
V03,1.1,Acer.sp,0,Rural.habitat.mosaic,FR
V03,1.1,Lonicera.sp,0,Rural.habitat.mosaic,FR
V03,1.1,Fragaria.moschata,14.726215563,Rural.habitat.mosaic,FR
V03,1.1,Ajuga.reptans,18.555031614,Rural.habitat.mosaic,FR
V03,1.1,Taraxacum.officinale,0,Rural.habitat.mosaic,FR
V03,1.1,Trifolium.sp,0,Rural.habitat.mosaic,FR
V03,1.1,Ranunculus.sp,0,Rural.habitat.mosaic,FR
V03,1.1,Anemone.nemorosa,0,Rural.habitat.mosaic,FR
V03,1.1,Prunus.sp,0,Rural.habitat.mosaic,FR
V03,1.1,Vicia.sp,0,Rural.habitat.mosaic,FR
V03,1.1,Viola.sp,0,Rural.habitat.mosaic,FR
V03,1.1,Fragaria.moschata,4.908738521,Rural.habitat.mosaic,FR
V03,1.1,Taraxacum.officinale,0,Rural.habitat.mosaic,FR
V03,1.1,Ranunculus.sp,0,Rural.habitat.mosaic,FR
V03,1.1,Anemone.nemorosa,0,Rural.habitat.mosaic,FR
V03,1.1,Acer.sp,0,Rural.habitat.mosaic,FR
V03,1.1,Ligustrum.sp,0,Rural.habitat.mosaic,FR
V03,1.1,Alnus.sp,0,Rural.habitat.mosaic,FR
V03,1.1,Acer.sp,0,Rural.habitat.mosaic,FR
V03,1.1,Ligustrum.sp,0,Rural.habitat.mosaic,FR
V03,1.1,Carpinus.betulus,0,Rural.habitat.mosaic,FR
V03,1.1,Fragaria.moschata,0,Rural.habitat.mosaic,FR
V03,1.1,Anemone.nemorosa,0,Rural.habitat.mosaic,FR
V03,1.1,Prunus.sp,0,Rural.habitat.mosaic,FR
V03,1.1,Vicia.sp,0,Rural.habitat.mosaic,FR
V03,1.1,Viola.sp,0,Rural.habitat.mosaic,FR
V03,1.1,Hedera.helix,0,Rural.habitat.mosaic,FR
V03,1.1,Fragaria.moschata,0,Rural.habitat.mosaic,FR
V03,1.1,Taraxacum.officinale,0,Rural.habitat.mosaic,FR
V03,1.1,Anemone.nemorosa,0,Rural.habitat.mosaic,FR
V03,1.1,Viola.sp,0,Rural.habitat.mosaic,FR
V03,1.1,Fragaria.moschata,53.996123731,Rural.habitat.mosaic,FR
V03,1.1,Trifolium.sp,0,Rural.habitat.mosaic,FR
V03,1.1,Ranunculus.sp,0,Rural.habitat.mosaic,FR
V03,1.1,Anemone.nemorosa,0,Rural.habitat.mosaic,FR
V03,1.1,Veronica.persica,0,Rural.habitat.mosaic,FR
V03,1.1,Potentilla.reptans,0,Rural.habitat.mosaic,FR
V03,1.1,Lysimachia.sp,0,Rural.habitat.mosaic,FR
V03,1.1,Fragaria.moschata,0,Rural.habitat.mosaic,FR
V03,1.1,Ajuga.reptans,1.325359401,Rural.habitat.mosaic,FR
V03,1.1,Trifolium.sp,0,Rural.habitat.mosaic,FR
V03,1.1,Ranunculus.sp,0,Rural.habitat.mosaic,FR
V03,1.1,Anemone.nemorosa,0,Rural.habitat.mosaic,FR
V03,1.1,Prunus.sp,0,Rural.habitat.mosaic,FR
V03,1.1,Vicia.sp,0,Rural.habitat.mosaic,FR
V03,1.1,Potentilla.reptans,0,Rural.habitat.mosaic,FR
V03,1.1,Lysimachia.sp,0,Rural.habitat.mosaic,FR
V03,1.1,Galium.aparine,0,Rural.habitat.mosaic,FR
V03,1.1,Stellaria.hollostea,128.805298814,Rural.habitat.mosaic,FR
V03,1.1,Verbascum.nigrum,14.726215563,Rural.habitat.mosaic,FR
V03,1.1,Vicia.sp,0,Rural.habitat.mosaic,FR
V03,1.1,Anemone.nemorosa,0,Rural.habitat.mosaic,FR
V03,1.1,Glechoma.hederacea,0,Rural.habitat.mosaic,FR
V03,1.1,Stellaria.hollostea,37.699111848,Rural.habitat.mosaic,FR
V03,1.1,Geum.urbanum,0,Rural.habitat.mosaic,FR
V03,1.1,Cardamine.sp,0,Rural.habitat.mosaic,FR
V03,1.1,Taraxacum.officinale,23.75829444,Rural.habitat.mosaic,FR
V03,1.1,Ranunculus.sp,0,Rural.habitat.mosaic,FR
V03,1.1,Anthriscus.sp,0,Rural.habitat.mosaic,FR
V03,1.1,Hedera.helix,0,Rural.habitat.mosaic,FR
V03,1.1,Fragaria.moschata,0,Rural.habitat.mosaic,FR
V03,1.1,Vicia.sp,0,Rural.habitat.mosaic,FR
V03,1.1,Anemone.nemorosa,0,Rural.habitat.mosaic,FR
V03,1.1,Glechoma.hederacea,0,Rural.habitat.mosaic,FR
V03,1.1,Stellaria.hollostea,182.212373932,Rural.habitat.mosaic,FR
V03,1.1,Cardamine.sp,0,Rural.habitat.mosaic,FR
V03,1.1,Ranunculus.sp,0,Rural.habitat.mosaic,FR
V03,1.1,Fragaria.moschata,0,Rural.habitat.mosaic,FR
V03,1.1,Lathyrus.sp,0,Rural.habitat.mosaic,FR
V03,1.1,Veronica.hederifolia,0,Rural.habitat.mosaic,FR
V03,1.1,Anemone.nemorosa,0,Rural.habitat.mosaic,FR
V03,1.1,Geum.urbanum,0,Rural.habitat.mosaic,FR
V03,1.1,Ranunculus.sp,0,Rural.habitat.mosaic,FR
V03,1.1,Polygonatum.multiflorum,0.981747705,Rural.habitat.mosaic,FR
V03,1.1,Cirsium.palustre,0,Rural.habitat.mosaic,FR
V03,1.1,Cirsium.arvense,0,Rural.habitat.mosaic,FR
V03,1.1,Euphorbia.sp,0,Rural.habitat.mosaic,FR
V03,1.1,Geranium.robertianum,0,Rural.habitat.mosaic,FR
V03,1.1,Galium.aparine,0,Rural.habitat.mosaic,FR
V03,1.1,Ranunculus.ficaria,0,Rural.habitat.mosaic,FR
V03,1.1,Heracleum.sphondylium,0,Rural.habitat.mosaic,FR
V03,1.1,Anemone.nemorosa,0,Rural.habitat.mosaic,FR
V03,1.1,Stellaria.hollostea,9.424777962,Rural.habitat.mosaic,FR
V03,1.1,Cardamine.sp,0,Rural.habitat.mosaic,FR
V03,1.1,Euphorbia.sp,0,Rural.habitat.mosaic,FR
V03,1.1,Geranium.robertianum,0,Rural.habitat.mosaic,FR
V03,1.1,Galium.aparine,0,Rural.habitat.mosaic,FR
V03,1.1,Ranunculus.ficaria,0,Rural.habitat.mosaic,FR
V03,1.1,Heracleum.sphondylium,0,Rural.habitat.mosaic,FR
V03,1.1,Urtica.dioica,0,Rural.habitat.mosaic,FR
V03,1.1,Rumex.crispus,0,Rural.habitat.mosaic,FR
V03,1.1,Vicia.sp,0,Rural.habitat.mosaic,FR
V03,1.1,Anemone.nemorosa,0,Rural.habitat.mosaic,FR
V03,1.1,Taraxacum.officinale,47.51658888,Rural.habitat.mosaic,FR
V03,1.1,Ranunculus.sp,0,Rural.habitat.mosaic,FR
V03,1.1,Ranunculus.ficaria,0,Rural.habitat.mosaic,FR
V03,1.1,Anemone.nemorosa,0,Rural.habitat.mosaic,FR
V03,1.1,Cardamine.sp,0.785398164,Rural.habitat.mosaic,FR
V03,1.1,Taraxacum.officinale,0,Rural.habitat.mosaic,FR
V03,1.1,Fragaria.moschata,0,Rural.habitat.mosaic,FR
V03,1.1,Euphorbia.sp,0,Rural.habitat.mosaic,FR
V03,1.1,Geranium.robertianum,0,Rural.habitat.mosaic,FR
V03,1.1,Galium.aparine,0,Rural.habitat.mosaic,FR
V03,1.1,Ranunculus.ficaria,0,Rural.habitat.mosaic,FR
V03,1.1,Heracleum.sphondylium,0,Rural.habitat.mosaic,FR
V03,1.1,Rumex.crispus,0,Rural.habitat.mosaic,FR
V03,1.1,Lapsana.communis,0,Rural.habitat.mosaic,FR
V03,1.1,Hedera.helix,0,Rural.habitat.mosaic,FR
V03,1.1,Carpinus.betulus,0,Rural.habitat.mosaic,FR
V03,1.1,Hedera.helix,0,Rural.habitat.mosaic,FR
V03,1.1,Carpinus.betulus,0,Rural.habitat.mosaic,FR
V03,1.1,Veronica.chamaedrys,4.6181412,Rural.habitat.mosaic,FR
V03,1.1,Ajuga.reptans,12.811807543,Rural.habitat.mosaic,FR
V03,1.1,Centaurea.sp,0,Rural.habitat.mosaic,FR
V03,1.1,Achillea.millefolium,0,Rural.habitat.mosaic,FR
V03,1.1,Lathyrus.sp,0,Rural.habitat.mosaic,FR
V03,1.1,Sanguisorba.minor,0,Rural.habitat.mosaic,FR
V03,1.1,Lotus.corniculatus,0,Rural.habitat.mosaic,FR
V03,1.1,Convolvulus.arvensis,0,Rural.habitat.mosaic,FR
V03,1.1,Potentilla.reptans,0,Rural.habitat.mosaic,FR
V03,1.1,Cirsium.arvense,0,Rural.habitat.mosaic,FR
V03,1.1,Convolvulus.arvensis,0,Rural.habitat.mosaic,FR
V03,1.1,Potentilla.reptans,0,Rural.habitat.mosaic,FR
V03,1.1,Galium.mollugo.aggr,0,Rural.habitat.mosaic,FR
V03,1.1,Glechoma.hederacea,12.3150432,Rural.habitat.mosaic,FR
V03,1.1,Heracleum.sphondylium,0,Rural.habitat.mosaic,FR
V03,1.1,Ranunculus.sp,0,Rural.habitat.mosaic,FR
V03,1.1,Rumex.sp,0,Rural.habitat.mosaic,FR
V03,1.1,Galium.mollugo.aggr,0,Rural.habitat.mosaic,FR
V03,1.1,Ranunculus.acris,60.022141407,Rural.habitat.mosaic,FR
V03,1.1,Urtica.dioica,0,Rural.habitat.mosaic,FR
V03,1.1,Anemone.nemorosa,0,Rural.habitat.mosaic,FR
V03,1.1,Quercus.sp,0,Rural.habitat.mosaic,FR
V03,1.1,Galium.aparine,0,Rural.habitat.mosaic,FR
V18,1.1,Taraxacum.officinale,47.51658888,Intensive.agriculture,FR
V18,1.1,Achillea.millefolium,0,Intensive.agriculture,FR
V18,1.1,Potentilla.reptans,0,Intensive.agriculture,FR
V18,1.1,Helminthotheca.echioides,0,Intensive.agriculture,FR
V18,1.1,Vicia.sp,0,Intensive.agriculture,FR
V18,1.1,Ranunculus.acris,13.338253646,Intensive.agriculture,FR
V18,1.1,Veronica.persica,5.309291584,Intensive.agriculture,FR
V18,1.1,Veronica.arvensis,0.125663706,Intensive.agriculture,FR
V18,1.1,Taraxacum.officinale,166.30806108,Intensive.agriculture,FR
V18,1.1,Helminthotheca.echioides,0,Intensive.agriculture,FR
V18,1.1,Medicago.sp,0,Intensive.agriculture,FR
V18,1.1,Plantago.lanceolata,0,Intensive.agriculture,FR
V18,1.1,Taraxacum.officinale,71.27488332,Intensive.agriculture,FR
V18,1.1,Helminthotheca.echioides,0,Intensive.agriculture,FR
V18,1.1,Vicia.sp,0,Intensive.agriculture,FR
V18,1.1,Veronica.arvensis,1.633628178,Intensive.agriculture,FR
V18,1.1,Medicago.sp,0,Intensive.agriculture,FR
V18,1.1,Plantago.lanceolata,0,Intensive.agriculture,FR
V18,1.1,Cerastium.glomeratum,4.0212386,Intensive.agriculture,FR
V18,1.1,Geranium.columbinum,0,Intensive.agriculture,FR
V18,1.1,Trifolium.repens,0,Intensive.agriculture,FR
V18,1.1,Convolvulus.arvensis,0,Intensive.agriculture,FR
V18,1.1,Torilis.arvensis,0,Intensive.agriculture,FR
V18,1.1,Taraxacum.officinale,142.54976664,Intensive.agriculture,FR
V18,1.1,Helminthotheca.echioides,0,Intensive.agriculture,FR
V18,1.1,Ranunculus.acris,26.676507292,Intensive.agriculture,FR
V18,1.1,Veronica.arvensis,0,Intensive.agriculture,FR
V18,1.1,Medicago.sp,0,Intensive.agriculture,FR
V18,1.1,Plantago.lanceolata,0,Intensive.agriculture,FR
V18,1.1,Cerastium.glomeratum,1.00530965,Intensive.agriculture,FR
V18,1.1,Geranium.columbinum,0,Intensive.agriculture,FR
V18,1.1,Torilis.arvensis,0,Intensive.agriculture,FR
V18,1.1,Trifolium.sp,0,Intensive.agriculture,FR
V18,1.1,Geranium.dissectum,0,Intensive.agriculture,FR
V18,1.1,Taraxacum.officinale,95.03317776,Intensive.agriculture,FR
V18,1.1,Helminthotheca.echioides,0,Intensive.agriculture,FR
V18,1.1,Vicia.sp,0,Intensive.agriculture,FR
V18,1.1,Veronica.persica,27.873780816,Intensive.agriculture,FR
V18,1.1,Veronica.arvensis,11.058406128,Intensive.agriculture,FR
V18,1.1,Cerastium.glomeratum,0,Intensive.agriculture,FR
V18,1.1,Trifolium.repens,0,Intensive.agriculture,FR
V18,1.1,Bellis.perennis,40.840704502,Intensive.agriculture,FR
V18,1.1,Taraxacum.officinale,665.23224432,Intensive.agriculture,FR
V18,1.1,Helminthotheca.echioides,0,Intensive.agriculture,FR
V18,1.1,Vicia.sp,0,Intensive.agriculture,FR
V18,1.1,Veronica.arvensis,0.251327412,Intensive.agriculture,FR
V18,1.1,Trifolium.sp,0,Intensive.agriculture,FR
V18,1.1,Medicago.arabica,0,Intensive.agriculture,FR
V18,1.1,Salix.viminalis,96.21127502,Intensive.agriculture,FR
V18,1.1,Salix.viminalis,115.453530024,Intensive.agriculture,FR
V18,1.1,Salix.viminalis,269.391570056,Intensive.agriculture,FR
V18,1.1,Veronica.persica,57.074884528,Intensive.agriculture,FR
V18,1.1,Veronica.arvensis,4.146902298,Intensive.agriculture,FR
V18,1.1,Lamium.purpureum,33.4815237,Intensive.agriculture,FR
V18,1.1,Taraxacum.officinale,0,Intensive.agriculture,FR
V18,1.1,Helminthotheca.echioides,0,Intensive.agriculture,FR
V18,1.1,Papaver.rhoeas,0,Intensive.agriculture,FR
V18,1.1,Convolvulus.arvensis,0,Intensive.agriculture,FR
V18,1.1,Veronica.persica,47.783624256,Intensive.agriculture,FR
V18,1.1,Veronica.arvensis,7.414158654,Intensive.agriculture,FR
V18,1.1,Lamium.purpureum,57.726765,Intensive.agriculture,FR
V18,1.1,Convolvulus.arvensis,0,Intensive.agriculture,FR
V18,1.1,Geranium.dissectum,0,Intensive.agriculture,FR
V18,1.1,Plantago.lanceolata,0,Intensive.agriculture,FR
V18,1.1,Ranunculus.acris,13.338253646,Intensive.agriculture,FR
V18,1.1,Veronica.persica,41.147009776,Intensive.agriculture,FR
V18,1.1,Veronica.arvensis,0.125663706,Intensive.agriculture,FR
V18,1.1,Lamium.purpureum,8.0817471,Intensive.agriculture,FR
V18,1.1,Helminthotheca.echioides,0,Intensive.agriculture,FR
V18,1.1,Convolvulus.arvensis,0,Intensive.agriculture,FR
V18,1.1,Geranium.dissectum,0,Intensive.agriculture,FR
V18,1.1,Plantago.lanceolata,0,Intensive.agriculture,FR
V18,1.1,Fumaria.officinalis,1.611637032,Intensive.agriculture,FR
V13,1.1,Galium.aparine,0,Rural.habitat.mosaic,FR
V13,1.1,Hedera.helix,0,Rural.habitat.mosaic,FR
V13,1.1,Lonicera.xylosteum,0,Rural.habitat.mosaic,FR
V13,1.1,Lonicera.xylosteum,70.68583472,Rural.habitat.mosaic,FR
V13,1.1,Cerastium.glomeratum,75.39822375,Rural.habitat.mosaic,FR
V13,1.1,Trifolium.pratense,0,Rural.habitat.mosaic,FR
V13,1.1,Matricaria.sp,0,Rural.habitat.mosaic,FR
V13,1.1,Rumex.crispus,0,Rural.habitat.mosaic,FR
V13,1.1,Veronica.arvensis,1.507964472,Rural.habitat.mosaic,FR
V13,1.1,Veronica.persica,0,Rural.habitat.mosaic,FR
V13,1.1,Senecio.vulgaris,0.251327412,Rural.habitat.mosaic,FR
V13,1.1,Epilobium.sp,0,Rural.habitat.mosaic,FR
V13,1.1,Sanguisorba.minor,0,Rural.habitat.mosaic,FR
V13,1.1,Teucrium.chamaedrys,0,Rural.habitat.mosaic,FR
V13,1.1,Lamium.purpureum,0,Rural.habitat.mosaic,FR
V13,1.1,Sonchus.arvensis,0,Rural.habitat.mosaic,FR
V13,1.1,Cerastium.glomeratum,75.39822375,Rural.habitat.mosaic,FR
V13,1.1,Trifolium.pratense,0,Rural.habitat.mosaic,FR
V13,1.1,Senecio.vulgaris,0.125663706,Rural.habitat.mosaic,FR
V13,1.1,Taraxacum.officinale,118.7914722,Rural.habitat.mosaic,FR
V13,1.1,Stellaria.media,0,Rural.habitat.mosaic,FR
V13,1.1,Taraxacum.officinale,1520.53084416,Rural.habitat.mosaic,FR
V13,1.1,Plantago.lanceolata,78.53981632,Rural.habitat.mosaic,FR
V13,1.1,Trifolium.pratense,0,Rural.habitat.mosaic,FR
V13,1.1,Trifolium.repens,0,Rural.habitat.mosaic,FR
V13,1.1,Cerastium.sp,0,Rural.habitat.mosaic,FR
V13,1.1,Prunus.spinosa,0,Rural.habitat.mosaic,FR
V13,1.1,Rubus.sp,0,Rural.habitat.mosaic,FR
V13,1.1,Ligustrum.vulgare,0,Rural.habitat.mosaic,FR
V13,1.1,Taraxacum.officinale,47.51658888,Rural.habitat.mosaic,FR
V13,1.1,Senecio.vulgaris,10.05309648,Rural.habitat.mosaic,FR
V13,1.1,Cirsium.arvense,0,Rural.habitat.mosaic,FR
V13,1.1,Rubus.sp,0,Rural.habitat.mosaic,FR
V13,1.1,Ranunculus.acris,6.669126823,Rural.habitat.mosaic,FR
V13,1.1,Geranium.dissectum,0,Rural.habitat.mosaic,FR
V13,1.1,Sonchus.asper,0,Rural.habitat.mosaic,FR
V13,1.1,Lactuca.serriola,0,Rural.habitat.mosaic,FR
V13,1.1,Rubus.sp,0,Rural.habitat.mosaic,FR
V13,1.1,Populus.nigra,0,Rural.habitat.mosaic,FR
V13,1.1,Brassica.napus,64.402649366,Rural.habitat.mosaic,FR
V13,1.1,Viola.sp,0,Rural.habitat.mosaic,FR
V13,1.1,Geranium.dissectum,0,Rural.habitat.mosaic,FR
V13,1.1,Brassica.napus,117.80972445,Rural.habitat.mosaic,FR
V13,1.1,Brassica.napus,117.80972445,Rural.habitat.mosaic,FR
V13,1.1,Sonchus.asper,0,Rural.habitat.mosaic,FR
V13,1.1,Brassica.napus,117.80972445,Rural.habitat.mosaic,FR
V13,1.1,Matricaria.sp,0,Rural.habitat.mosaic,FR
V13,1.1,Brassica.napus,117.80972445,Rural.habitat.mosaic,FR
V13,1.1,Lathyrus.sp,0,Rural.habitat.mosaic,FR
V13,1.1,Brassica.napus,74.612825485,Rural.habitat.mosaic,FR
V13,1.1,Senecio.vulgaris,12.440706894,Rural.habitat.mosaic,FR
V13,1.1,Brassica.napus,76.183621811,Rural.habitat.mosaic,FR
V13,1.1,Portulaca.oleracea,0,Rural.habitat.mosaic,FR
V13,1.1,Trifolium.sp,0,Rural.habitat.mosaic,FR
V13,1.1,Taraxacum.officinale,0,Rural.habitat.mosaic,FR
V09,1.1,Senecio.vulgaris,5.277875652,Intensive.agriculture,FR
V09,1.1,Capsella.bursa.pastoris,29.45243115,Intensive.agriculture,FR
V09,1.1,Veronica.persica,331.830724,Intensive.agriculture,FR
V09,1.1,Lamium.purpureum,4.2332961,Intensive.agriculture,FR
V09,1.1,Sonchus.asper,0,Intensive.agriculture,FR
V09,1.1,Erigeron.sp,0,Intensive.agriculture,FR
V09,1.1,Cerastium.sp,0,Intensive.agriculture,FR
V09,1.1,Valerianella.locusta,28.274333895,Intensive.agriculture,FR
V09,1.1,Geranium.pusillum,0,Intensive.agriculture,FR
V09,1.1,Lactuca.serriola,0,Intensive.agriculture,FR
V09,1.1,Sinapis.sp,0,Intensive.agriculture,FR
V09,1.1,Centaurea.sp,0,Intensive.agriculture,FR
V09,1.1,Taraxacum.officinale,71.27488332,Intensive.agriculture,FR
V09,1.1,Senecio.vulgaris,7.916813478,Intensive.agriculture,FR
V09,1.1,Capsella.bursa.pastoris,8.835729345,Intensive.agriculture,FR
V09,1.1,Veronica.persica,199.0984344,Intensive.agriculture,FR
V09,1.1,Lamium.purpureum,0.7696902,Intensive.agriculture,FR
V09,1.1,Sonchus.asper,0,Intensive.agriculture,FR
V09,1.1,Cerastium.sp,0,Intensive.agriculture,FR
V09,1.1,Geranium.pusillum,0,Intensive.agriculture,FR
V09,1.1,Sinapis.sp,0,Intensive.agriculture,FR
V09,1.1,Papaver.rhoeas,0,Intensive.agriculture,FR
V09,1.1,Arabidopsis.thaliana,0,Intensive.agriculture,FR
V09,1.1,Polygonum.aviculare,0,Intensive.agriculture,FR
V09,1.1,Plantago.lanceolata,0,Intensive.agriculture,FR
V09,1.1,Daucus.carota,78.53981634,Intensive.agriculture,FR
V09,1.1,Taraxacum.officinale,0,Intensive.agriculture,FR
V09,1.1,Veronica.persica,11.945906064,Intensive.agriculture,FR
V09,1.1,Lamium.purpureum,20.0119452,Intensive.agriculture,FR
V09,1.1,Valerianella.locusta,8.796459434,Intensive.agriculture,FR
V09,1.1,Arabidopsis.thaliana,0,Intensive.agriculture,FR
V09,1.1,Plantago.lanceolata,0,Intensive.agriculture,FR
V09,1.1,Taraxacum.officinale,237.5829444,Intensive.agriculture,FR
V09,1.1,Potentilla.reptans,0,Intensive.agriculture,FR
V09,1.1,Geranium.dissectum,0,Intensive.agriculture,FR
V09,1.1,Galium.mollugo.aggr,0,Intensive.agriculture,FR
V09,1.1,Sonchus.asper,0,Intensive.agriculture,FR
V09,1.1,Valerianella.locusta,94.24777965,Intensive.agriculture,FR
V09,1.1,Geranium.dissectum,0,Intensive.agriculture,FR
V09,1.1,Aethusa.cynapium,0,Intensive.agriculture,FR
V09,1.1,Capsella.bursa.pastoris,8.246680722,Intensive.agriculture,FR
V09,1.1,Veronica.persica,11.945906064,Intensive.agriculture,FR
V09,1.1,Lamium.purpureum,2.3090706,Intensive.agriculture,FR
V09,1.1,Cerastium.sp,0,Intensive.agriculture,FR
V09,1.1,Valerianella.locusta,2.513274124,Intensive.agriculture,FR
V09,1.1,Geranium.pusillum,0,Intensive.agriculture,FR
V09,1.1,Papaver.rhoeas,0,Intensive.agriculture,FR
V09,1.1,Arabidopsis.thaliana,0,Intensive.agriculture,FR
V09,1.1,Plantago.lanceolata,0,Intensive.agriculture,FR
V09,1.1,Daucus.carota,0,Intensive.agriculture,FR
V09,1.1,Taraxacum.officinale,0,Intensive.agriculture,FR
V09,1.1,Potentilla.reptans,0,Intensive.agriculture,FR
V09,1.1,Galium.mollugo.aggr,0,Intensive.agriculture,FR
V09,1.1,Euphorbia.exigua,0,Intensive.agriculture,FR
V09,1.1,Capsella.bursa.pastoris,9.228428427,Intensive.agriculture,FR
V09,1.1,Sinapis.sp,0,Intensive.agriculture,FR
V09,1.1,Polygonum.aviculare,0,Intensive.agriculture,FR
V09,1.1,Aethusa.cynapium,0,Intensive.agriculture,FR
V09,1.1,Capsella.bursa.pastoris,29.45243115,Intensive.agriculture,FR
V09,1.1,Lactuca.serriola,0,Intensive.agriculture,FR
V09,1.1,Sinapis.sp,0,Intensive.agriculture,FR
V09,1.1,Polygonum.aviculare,0,Intensive.agriculture,FR
V09,1.1,Buglossoides.arvensis,1.201659195,Intensive.agriculture,FR
V09,1.1,Linum.usitatissimum,0,Intensive.agriculture,FR
V09,1.1,Chenopodium.album,0,Intensive.agriculture,FR
V09,1.1,Prunus.sp,736.31077815,Intensive.agriculture,FR
V09,1.1,Veronica.arvensis,1.88495559,Intensive.agriculture,FR
V09,1.1,Geranium.dissectum,0,Intensive.agriculture,FR
V09,1.1,Valerianella.locusta,5.026548248,Intensive.agriculture,FR
V09,1.1,Prunus.sp,736.31077815,Intensive.agriculture,FR
V09,1.1,Valerianella.locusta,3.769911186,Intensive.agriculture,FR
V09,1.1,Cerastium.sp,0,Intensive.agriculture,FR
V09,1.1,Plantago.lanceolata,0,Intensive.agriculture,FR
V09,1.1,Taraxacum.officinale,47.51658888,Intensive.agriculture,FR
V09,1.1,Potentilla.reptans,0,Intensive.agriculture,FR
V09,1.1,Plantago.lanceolata,58.90486224,Intensive.agriculture,FR
V09,1.1,Cirsium.arvense,0,Intensive.agriculture,FR
V09,1.1,Trifolium.sp,0,Intensive.agriculture,FR
V09,1.1,Ranunculus.repens,35.342917355,Intensive.agriculture,FR
V09,1.1,Picris.hieracioides,0,Intensive.agriculture,FR
V09,1.1,Cerastium.sp,0,Intensive.agriculture,FR
V09,1.1,Ajuga.reptans,4.41786467,Intensive.agriculture,FR
V09,1.1,Rubus.sp,0,Intensive.agriculture,FR
V09,1.1,Prunus.sp,0,Intensive.agriculture,FR
V09,1.1,Galium.aparine,0,Intensive.agriculture,FR
V09,1.1,Galium.mollugo.aggr,0,Intensive.agriculture,FR
V09,1.1,Taraxacum.officinale,47.51658888,Intensive.agriculture,FR
V09,1.1,Rumex.obtusifolius,0,Intensive.agriculture,FR
V09,1.1,Cornus.mas,0,Intensive.agriculture,FR
V09,1.1,Viola.sp,0,Intensive.agriculture,FR
V09,1.1,Hedera.helix,0,Intensive.agriculture,FR
V09,1.1,Ranunculus.sp,0,Intensive.agriculture,FR
V09,1.1,Geum.urbanum,0,Intensive.agriculture,FR
V09,1.1,Primula.veris,5.654866775,Intensive.agriculture,FR
V09,1.1,Galium.aparine,0,Intensive.agriculture,FR
V09,1.1,Asarum.europaeum,0,Intensive.agriculture,FR
V09,1.1,Rubus.sp,0,Intensive.agriculture,FR
V09,1.1,Fragaria.sp,0,Intensive.agriculture,FR
V09,1.1,Crataegus.sp,0,Intensive.agriculture,FR
V09,1.1,Quercus.sp,0,Intensive.agriculture,FR
V15,1.1,Viola.sp,31.41592654,Rural.habitat.mosaic,FR
V15,1.1,Sinapis.sp,0,Rural.habitat.mosaic,FR
V15,1.1,Senecio.vulgaris,2.764601532,Rural.habitat.mosaic,FR
V15,1.1,Galium.aparine,0,Rural.habitat.mosaic,FR
V15,1.1,Viola.sp,6.283185308,Rural.habitat.mosaic,FR
V15,1.1,Sinapis.sp,0,Rural.habitat.mosaic,FR
V15,1.1,Senecio.vulgaris,2.387610414,Rural.habitat.mosaic,FR
V15,1.1,Taraxacum.officinale,0,Rural.habitat.mosaic,FR
V15,1.1,Lotus.corniculatus,0,Rural.habitat.mosaic,FR
V15,1.1,Lactuca.serriola,0,Rural.habitat.mosaic,FR
V15,1.1,Fallopia.convolvulus,0,Rural.habitat.mosaic,FR
V15,1.1,Viola.sp,3.141592654,Rural.habitat.mosaic,FR
V15,1.1,Sinapis.sp,0,Rural.habitat.mosaic,FR
V15,1.1,Senecio.vulgaris,5.403539358,Rural.habitat.mosaic,FR
V15,1.1,Lotus.corniculatus,0,Rural.habitat.mosaic,FR
V15,1.1,Lactuca.serriola,0,Rural.habitat.mosaic,FR
V15,1.1,Fallopia.convolvulus,0,Rural.habitat.mosaic,FR
V15,1.1,Viola.sp,0,Rural.habitat.mosaic,FR
V15,1.1,Sinapis.sp,0,Rural.habitat.mosaic,FR
V15,1.1,Galium.aparine,0,Rural.habitat.mosaic,FR
V15,1.1,Lotus.corniculatus,0,Rural.habitat.mosaic,FR
V15,1.1,Lactuca.serriola,0,Rural.habitat.mosaic,FR
V15,1.1,Fallopia.convolvulus,0,Rural.habitat.mosaic,FR
V15,1.1,Viola.sp,6.283185308,Rural.habitat.mosaic,FR
V15,1.1,Sinapis.sp,0,Rural.habitat.mosaic,FR
V15,1.1,Senecio.vulgaris,3.518583768,Rural.habitat.mosaic,FR
V15,1.1,Lactuca.serriola,0,Rural.habitat.mosaic,FR
V15,1.1,Fallopia.convolvulus,0,Rural.habitat.mosaic,FR
V15,1.1,Matricaria.sp,0,Rural.habitat.mosaic,FR
V15,1.1,Viola.sp,15.70796327,Rural.habitat.mosaic,FR
V15,1.1,Sinapis.sp,0,Rural.habitat.mosaic,FR
V15,1.1,Senecio.vulgaris,2.136283002,Rural.habitat.mosaic,FR
V15,1.1,Lactuca.serriola,0,Rural.habitat.mosaic,FR
V15,1.1,Fallopia.convolvulus,0,Rural.habitat.mosaic,FR
V15,1.1,Erigeron.sp,0,Rural.habitat.mosaic,FR
V15,1.1,Convolvulus.arvensis,0,Rural.habitat.mosaic,FR
V15,1.1,Papaver.rhoeas,0,Rural.habitat.mosaic,FR
V15,1.1,Picris.hieracioides,0,Rural.habitat.mosaic,FR
V15,1.1,Viola.sp,3.141592654,Rural.habitat.mosaic,FR
V15,1.1,Sinapis.sp,0,Rural.habitat.mosaic,FR
V15,1.1,Senecio.vulgaris,0.251327412,Rural.habitat.mosaic,FR
V15,1.1,Fallopia.convolvulus,0,Rural.habitat.mosaic,FR
V15,1.1,Viola.sp,21.991148578,Rural.habitat.mosaic,FR
V15,1.1,Sinapis.sp,0,Rural.habitat.mosaic,FR
V15,1.1,Galium.aparine,0,Rural.habitat.mosaic,FR
V15,1.1,Papaver.rhoeas,0,Rural.habitat.mosaic,FR
V15,1.1,Scandix.pecten.veneris,5.08938012,Rural.habitat.mosaic,FR
V15,1.1,Geranium.pusillum,0,Rural.habitat.mosaic,FR
V15,1.1,Sinapis.sp,0,Rural.habitat.mosaic,FR
V15,1.1,Viola.sp,84.823001658,Rural.habitat.mosaic,FR
V15,1.1,Scandix.pecten.veneris,0,Rural.habitat.mosaic,FR
V15,1.1,Fallopia.convolvulus,0,Rural.habitat.mosaic,FR
V15,1.1,Lotus.corniculatus,0,Rural.habitat.mosaic,FR
V15,1.1,Papaver.rhoeas,0,Rural.habitat.mosaic,FR
V15,1.1,Sinapis.sp,0,Rural.habitat.mosaic,FR
V15,1.1,Viola.sp,59.690260426,Rural.habitat.mosaic,FR
V15,1.1,Fallopia.convolvulus,0,Rural.habitat.mosaic,FR
V15,1.1,Lactuca.serriola,0,Rural.habitat.mosaic,FR
V15,1.1,Sinapis.sp,0,Rural.habitat.mosaic,FR
V15,1.1,Viola.sp,28.274333886,Rural.habitat.mosaic,FR
V15,1.1,Fallopia.convolvulus,0,Rural.habitat.mosaic,FR
V15,1.1,Lactuca.serriola,0,Rural.habitat.mosaic,FR
V15,1.1,Senecio.vulgaris,2.890265238,Rural.habitat.mosaic,FR
V15,1.1,Hedera.helix,0,Rural.habitat.mosaic,FR
V15,1.1,Paris.quadrifolia,0,Rural.habitat.mosaic,FR
V15,1.1,Cornus.mas,0,Rural.habitat.mosaic,FR
V15,1.1,Clematis.vitalba,0,Rural.habitat.mosaic,FR
V15,1.1,Acer.sp,0,Rural.habitat.mosaic,FR
V15,1.1,Asarum.europaeum,0,Rural.habitat.mosaic,FR
V15,1.1,Cornus.mas,0,Rural.habitat.mosaic,FR
V15,1.1,Acer.campestre,0,Rural.habitat.mosaic,FR
V15,1.1,Hedera.helix,0,Rural.habitat.mosaic,FR
V15,1.1,Clematis.vitalba,0,Rural.habitat.mosaic,FR
V15,1.1,Acer.sp,0,Rural.habitat.mosaic,FR
V15,1.1,Ribes.sp,0,Rural.habitat.mosaic,FR
V15,1.1,Rubus.sp,0,Rural.habitat.mosaic,FR
V15,1.1,Ligustrum.vulgare,0,Rural.habitat.mosaic,FR
V15,1.1,Crataegus.sp,0,Rural.habitat.mosaic,FR
V15,1.1,Cornus.sp,0,Rural.habitat.mosaic,FR
V15,1.1,Ligustrum.vulgare,0,Rural.habitat.mosaic,FR
V15,1.1,Cornus.sp,0,Rural.habitat.mosaic,FR
V15,1.1,Plantago.lanceolata,0,Rural.habitat.mosaic,FR
V15,1.1,Geum.urbanum,0,Rural.habitat.mosaic,FR
V15,1.1,Cruciata.laevipes,13.57168026,Rural.habitat.mosaic,FR
V15,1.1,Prunus.spinosa,0,Rural.habitat.mosaic,FR
V15,1.1,Prunus.avium,0,Rural.habitat.mosaic,FR
V15,1.1,Daucus.carota,0,Rural.habitat.mosaic,FR
V15,1.1,Hypochaeris.sp,0,Rural.habitat.mosaic,FR
V15,1.1,Centaurea.sp,0,Rural.habitat.mosaic,FR
V15,1.1,Clematis.vitalba,0,Rural.habitat.mosaic,FR
V15,1.1,Acer.sp,0,Rural.habitat.mosaic,FR
V15,1.1,Trifolium.sp,0,Rural.habitat.mosaic,FR
V15,1.1,Taraxacum.officinale,71.27488332,Rural.habitat.mosaic,FR
V15,1.1,Plantago.lanceolata,0,Rural.habitat.mosaic,FR
V15,1.1,Barbarea.sp,0,Rural.habitat.mosaic,FR
V15,1.1,Cirsium.arvense,0,Rural.habitat.mosaic,FR
V15,1.1,Sonchus.asper,0,Rural.habitat.mosaic,FR
V15,1.1,Ranunculus.repens,7.068583471,Rural.habitat.mosaic,FR
V15,1.1,Geranium.dissectum,0,Rural.habitat.mosaic,FR
V08,1.1,Veronica.persica,120.786383536,Rural.habitat.mosaic,FR
V08,1.1,Stellaria.media,226.19467125,Rural.habitat.mosaic,FR
V08,1.1,Taraxacum.officinale,71.27488332,Rural.habitat.mosaic,FR
V08,1.1,Trifolium.sp,0,Rural.habitat.mosaic,FR
V08,1.1,Cirsium.arvense,0,Rural.habitat.mosaic,FR
V08,1.1,Myosotis.arvensis,0,Rural.habitat.mosaic,FR
V08,1.1,Papaver.rhoeas,0,Rural.habitat.mosaic,FR
V08,1.1,Capsella.bursa.pastoris,0.196349541,Rural.habitat.mosaic,FR
V08,1.1,Veronica.persica,3.981968688,Rural.habitat.mosaic,FR
V08,1.1,Taraxacum.officinale,451.40759436,Rural.habitat.mosaic,FR
V08,1.1,Trifolium.sp,0,Rural.habitat.mosaic,FR
V08,1.1,Cirsium.arvense,0,Rural.habitat.mosaic,FR
V08,1.1,Viola.arvensis,0,Rural.habitat.mosaic,FR
V08,1.1,Veronica.persica,31.855749504,Rural.habitat.mosaic,FR
V08,1.1,Taraxacum.officinale,47.51658888,Rural.habitat.mosaic,FR
V08,1.1,Trifolium.sp,0,Rural.habitat.mosaic,FR
V08,1.1,Myosotis.arvensis,0,Rural.habitat.mosaic,FR
V08,1.1,Sonchus.asper,0,Rural.habitat.mosaic,FR
V08,1.1,Plantago.major,0,Rural.habitat.mosaic,FR
V08,1.1,Taraxacum.officinale,190.06635552,Rural.habitat.mosaic,FR
V08,1.1,Trifolium.sp,0,Rural.habitat.mosaic,FR
V08,1.1,Sonchus.asper,0,Rural.habitat.mosaic,FR
V08,1.1,Viola.arvensis,62.4671715,Rural.habitat.mosaic,FR
V08,1.1,Lactuca.serriola,0,Rural.habitat.mosaic,FR
V08,1.1,Veronica.persica,107.513154576,Rural.habitat.mosaic,FR
V08,1.1,Taraxacum.officinale,237.5829444,Rural.habitat.mosaic,FR
V08,1.1,Trifolium.sp,0,Rural.habitat.mosaic,FR
V08,1.1,Lactuca.serriola,0,Rural.habitat.mosaic,FR
V08,1.1,Taraxacum.officinale,356.3744166,Rural.habitat.mosaic,FR
V08,1.1,Trifolium.sp,0,Rural.habitat.mosaic,FR
V08,1.1,Capsella.bursa.pastoris,166.89710985,Rural.habitat.mosaic,FR
V08,1.1,Sonchus.asper,0,Rural.habitat.mosaic,FR
V08,1.1,Ranunculus.ficaria,49.480084297,Rural.habitat.mosaic,FR
V08,1.1,Viola.reichenbachiana,27.991590539,Rural.habitat.mosaic,FR
V08,1.1,Hedera.helix,0,Rural.habitat.mosaic,FR
V08,1.1,Geum.urbanum,0,Rural.habitat.mosaic,FR
V08,1.1,Filipendula.ulmaria,0,Rural.habitat.mosaic,FR
V08,1.1,Urtica.dioica,0,Rural.habitat.mosaic,FR
V08,1.1,Vicia.sp,0,Rural.habitat.mosaic,FR
V08,1.1,Picris.hieracioides,0,Rural.habitat.mosaic,FR
V08,1.1,Prunus.sp,0,Rural.habitat.mosaic,FR
V08,1.1,Cornus.mas,0,Rural.habitat.mosaic,FR
V08,1.1,Mercurialis.perennis,0.502654824,Rural.habitat.mosaic,FR
V08,1.1,Humulus.lupulus,0,Rural.habitat.mosaic,FR
V08,1.1,Crataegus.sp,0,Rural.habitat.mosaic,FR
V08,1.1,Rubus.sp,0,Rural.habitat.mosaic,FR
V08,1.1,Lamium.album,0,Rural.habitat.mosaic,FR
V08,1.1,Geranium.robertianum,0,Rural.habitat.mosaic,FR
V08,1.1,Silene.latifolia,0,Rural.habitat.mosaic,FR
V08,1.1,Urtica.dioica,0,Rural.habitat.mosaic,FR
V08,1.1,Ranunculus.ficaria,77.754418181,Rural.habitat.mosaic,FR
V08,1.1,Rubus.sp,0,Rural.habitat.mosaic,FR
V08,1.1,Filipendula.ulmaria,0,Rural.habitat.mosaic,FR
V08,1.1,Galium.aparine,0,Rural.habitat.mosaic,FR
V08,1.1,Hedera.helix,0,Rural.habitat.mosaic,FR
V08,1.1,Symphytum.sp,0,Rural.habitat.mosaic,FR
V08,1.1,Erigeron.sp,0,Rural.habitat.mosaic,FR
V08,1.1,Urtica.dioica,0,Rural.habitat.mosaic,FR
V08,1.1,Galium.aparine,0,Rural.habitat.mosaic,FR
V08,1.1,Lamium.purpureum,57.726765,Rural.habitat.mosaic,FR
V08,1.1,Artemisia.vulgaris,0,Rural.habitat.mosaic,FR
V08,1.1,Barbarea.sp,0,Rural.habitat.mosaic,FR
V08,1.1,Viola.reichenbachiana,0,Rural.habitat.mosaic,FR
V08,1.1,Hedera.helix,0,Rural.habitat.mosaic,FR
V08,1.1,Ribes.sp,8.042477194,Rural.habitat.mosaic,FR
V08,1.1,Hedera.helix,0,Rural.habitat.mosaic,FR
V08,1.1,Ribes.sp,301.592894775,Rural.habitat.mosaic,FR
V08,1.1,Taraxacum.officinale,23.75829444,Rural.habitat.mosaic,FR
V08,1.1,Glechoma.hederacea,1.5393804,Rural.habitat.mosaic,FR
V08,1.1,Euphorbia.sp,0,Rural.habitat.mosaic,FR
V08,1.1,Vicia.sp,0,Rural.habitat.mosaic,FR
V08,1.1,Plantago.lanceolata,0,Rural.habitat.mosaic,FR
V08,1.1,Primula.veris,5.654866775,Rural.habitat.mosaic,FR
V08,1.1,Geranium.dissectum,0,Rural.habitat.mosaic,FR
V09,1.2,Brassica.nigra,117.80972445,Intensive.agriculture,FR
V09,1.2,Chenopodium.album,0,Intensive.agriculture,FR
V09,1.2,Aethusa.cynapium,0,Intensive.agriculture,FR
V09,1.2,Polygonum.aviculare,10.60287525,Intensive.agriculture,FR
V09,1.2,Brassica.nigra,117.80972445,Intensive.agriculture,FR
V09,1.2,Chenopodium.album,0,Intensive.agriculture,FR
V09,1.2,Aethusa.cynapium,0,Intensive.agriculture,FR
V09,1.2,Matricaria.chamomilla,176.714586756,Intensive.agriculture,FR
V09,1.2,Galium.aparine,530.143761,Intensive.agriculture,FR
V09,1.2,Urtica.dioica,0,Intensive.agriculture,FR
V09,1.2,Fallopia.convolvulus,0,Intensive.agriculture,FR
V09,1.2,Brassica.nigra,196.34954075,Intensive.agriculture,FR
V09,1.2,Chenopodium.album,0,Intensive.agriculture,FR
V09,1.2,Aethusa.cynapium,0,Intensive.agriculture,FR
V09,1.2,Polygonum.aviculare,0,Intensive.agriculture,FR
V09,1.2,Capsella.bursa.pastoris,0,Intensive.agriculture,FR
V09,1.2,Artemisia.vulgaris,0,Intensive.agriculture,FR
V09,1.2,Sonchus.asper,0,Intensive.agriculture,FR
V09,1.2,Brassica.nigra,196.34954075,Intensive.agriculture,FR
V09,1.2,Chenopodium.album,0,Intensive.agriculture,FR
V09,1.2,Aethusa.cynapium,0,Intensive.agriculture,FR
V09,1.2,Polygonum.aviculare,10.60287525,Intensive.agriculture,FR
V09,1.2,Artemisia.vulgaris,0,Intensive.agriculture,FR
V09,1.2,Buglossoides.arvensis,10.60287525,Intensive.agriculture,FR
V09,1.2,Anagallis.arvensis,0,Intensive.agriculture,FR
V09,1.2,Brassica.nigra,196.34954075,Intensive.agriculture,FR
V09,1.2,Chenopodium.album,0,Intensive.agriculture,FR
V09,1.2,Aethusa.cynapium,0,Intensive.agriculture,FR
V09,1.2,Polygonum.aviculare,0,Intensive.agriculture,FR
V09,1.2,Artemisia.vulgaris,0,Intensive.agriculture,FR
V09,1.2,Sonchus.asper,0,Intensive.agriculture,FR
V09,1.2,Anagallis.arvensis,0,Intensive.agriculture,FR
V09,1.2,Medicago.sativa,0,Intensive.agriculture,FR
V09,1.2,Brassica.nigra,117.80972445,Intensive.agriculture,FR
V09,1.2,Chenopodium.album,0,Intensive.agriculture,FR
V09,1.2,Polygonum.aviculare,0,Intensive.agriculture,FR
V09,1.2,Artemisia.vulgaris,0,Intensive.agriculture,FR
V09,1.2,Picris.hieracioides,0,Intensive.agriculture,FR
V09,1.2,Brassica.nigra,117.80972445,Intensive.agriculture,FR
V09,1.2,Chenopodium.album,0,Intensive.agriculture,FR
V09,1.2,Polygonum.aviculare,10.60287525,Intensive.agriculture,FR
V09,1.2,Matricaria.chamomilla,0,Intensive.agriculture,FR
V09,1.2,Galium.aparine,1.060287522,Intensive.agriculture,FR
V09,1.2,Capsella.bursa.pastoris,0,Intensive.agriculture,FR
V09,1.2,Anagallis.arvensis,0,Intensive.agriculture,FR
V09,1.2,Brassica.nigra,117.80972445,Intensive.agriculture,FR
V09,1.2,Chenopodium.album,0,Intensive.agriculture,FR
V09,1.2,Aethusa.cynapium,0,Intensive.agriculture,FR
V09,1.2,Polygonum.aviculare,1.55508837,Intensive.agriculture,FR
V09,1.2,Galium.aparine,5.654866784,Intensive.agriculture,FR
V09,1.2,Artemisia.vulgaris,0,Intensive.agriculture,FR
V09,1.2,Polygonum.persicaria,0,Intensive.agriculture,FR
V09,1.2,Cirsium.arvense,0,Intensive.agriculture,FR
V09,1.2,Sambucus.nigra,2827.4333886,Intensive.agriculture,FR
V09,1.2,Vicia.cracca,2.356194492,Intensive.agriculture,FR
V09,1.2,Prunus.spinosa,0,Intensive.agriculture,FR
V09,1.2,Vicia.cracca,2.159844951,Intensive.agriculture,FR
V09,1.2,Prunus.spinosa,0,Intensive.agriculture,FR
V09,1.2,Plantago.lanceolata,176.71458672,Intensive.agriculture,FR
V09,1.2,Achillea.millefolium,0,Intensive.agriculture,FR
V09,1.2,Potentilla.anserina,0,Intensive.agriculture,FR
V09,1.2,Trifolium.campestre,17.175087014,Intensive.agriculture,FR
V09,1.2,Geum.urbanum,0,Intensive.agriculture,FR
V09,1.2,Arenaria.serpyllifolia,11.1605079,Intensive.agriculture,FR
V09,1.2,Linaria.repens,0,Intensive.agriculture,FR
V09,1.2,Geranium.dissectum,0,Intensive.agriculture,FR
V09,1.2,Dianthus.sp,0,Intensive.agriculture,FR
V09,1.2,Cerastium.sp,0,Intensive.agriculture,FR
V09,1.2,Daucus.carota,0,Intensive.agriculture,FR
V09,1.2,Rubus.sp,0,Intensive.agriculture,FR
V09,1.2,Hypericum.perforatum,0,Intensive.agriculture,FR
V09,1.2,Trifolium.repens,32.515483962,Intensive.agriculture,FR
V09,1.2,Plantago.lanceolata,0,Intensive.agriculture,FR
V09,1.2,Ranunculus.repens,28.274333884,Intensive.agriculture,FR
V09,1.2,Taraxacum.officinale,0,Intensive.agriculture,FR
V09,1.2,Trifolium.dubium,1.772447302,Intensive.agriculture,FR
V09,1.2,Cirsium.arvense,0,Intensive.agriculture,FR
V09,1.2,Potentilla.reptans,0,Intensive.agriculture,FR
V09,1.2,Trifolium.repens,36.285395146,Intensive.agriculture,FR
V09,1.2,Ranunculus.repens,240.331838014,Intensive.agriculture,FR
V09,1.2,Taraxacum.officinale,0,Intensive.agriculture,FR
V09,1.2,Rubus.sp,0,Intensive.agriculture,FR
V09,1.2,Veronica.chamaedrys,0,Intensive.agriculture,FR
V09,1.2,Geranium.rotundifolium,0.785398164,Intensive.agriculture,FR
V09,1.2,Galium.aparine,17.6714587,Intensive.agriculture,FR
V09,1.2,Geum.urbanum,0,Intensive.agriculture,FR
V09,1.2,Rumex.sp,0,Intensive.agriculture,FR
V09,1.2,Fragaria.vesca,0,Intensive.agriculture,FR
V09,1.2,Primula.veris,0,Intensive.agriculture,FR
V09,1.2,Crataegus.sp,0,Intensive.agriculture,FR
V09,1.2,Hedera.helix,0,Intensive.agriculture,FR
V09,1.2,Rubus.sp,0,Intensive.agriculture,FR
V09,1.2,Quercus.sp,0,Intensive.agriculture,FR
V18,1.2,Galium.aparine,530.143761,Intensive.agriculture,FR
V18,1.2,Urtica.dioica,0,Intensive.agriculture,FR
V18,1.2,Lamium.maculatum,36.128315498,Intensive.agriculture,FR
V18,1.2,Prunus.sp,0,Intensive.agriculture,FR
V18,1.2,Anthriscus.sylvestris,0,Intensive.agriculture,FR
V18,1.2,Urtica.dioica,0,Intensive.agriculture,FR
V18,1.2,Sambucus.nigra,10681.4150236,Intensive.agriculture,FR
V18,1.2,Urtica.dioica,0,Intensive.agriculture,FR
V18,1.2,Rosa.sp,1055.57513166,Intensive.agriculture,FR
V18,1.2,Urtica.dioica,0,Intensive.agriculture,FR
V18,1.2,Iris.pseudacorus,197.92033716,Intensive.agriculture,FR
V18,1.2,Galium.aparine,6.008295958,Intensive.agriculture,FR
V18,1.2,Urtica.dioica,0,Intensive.agriculture,FR
V18,1.2,Rosa.sp,1055.57513166,Intensive.agriculture,FR
V18,1.2,Prunus.sp,0,Intensive.agriculture,FR
V18,1.2,Bryonia.dioica,0,Intensive.agriculture,FR
V18,1.2,Rubus.sp,0,Intensive.agriculture,FR
V18,1.2,Papaver.rhoeas,769.6902002,Intensive.agriculture,FR
V18,1.2,Geranium.dissectum,5.497787141,Intensive.agriculture,FR
V18,1.2,Convolvulus.arvensis,0,Intensive.agriculture,FR
V18,1.2,Papaver.rhoeas,38.48451001,Intensive.agriculture,FR
V18,1.2,Geranium.dissectum,117.80972445,Intensive.agriculture,FR
V18,1.2,Convolvulus.arvensis,0,Intensive.agriculture,FR
V18,1.2,Matricaria.chamomilla,1718.05848235,Intensive.agriculture,FR
V18,1.2,Helminthotheca.echioides,0,Intensive.agriculture,FR
V18,1.2,Barbarea.sp,26.138050876,Intensive.agriculture,FR
V18,1.2,Geranium.dissectum,0,Intensive.agriculture,FR
V18,1.2,Trifolium.repens,70.6858347,Intensive.agriculture,FR
V18,1.2,Plantago.lanceolata,0,Intensive.agriculture,FR
V18,1.2,Taraxacum.officinale,0,Intensive.agriculture,FR
V18,1.2,Potentilla.reptans,0,Intensive.agriculture,FR
V18,1.2,Geranium.dissectum,1.570796326,Intensive.agriculture,FR
V18,1.2,Helminthotheca.echioides,0,Intensive.agriculture,FR
V18,1.2,Trifolium.repens,70.6858347,Intensive.agriculture,FR
V18,1.2,Plantago.lanceolata,0,Intensive.agriculture,FR
V18,1.2,Taraxacum.officinale,0,Intensive.agriculture,FR
V18,1.2,Potentilla.reptans,0,Intensive.agriculture,FR
V18,1.2,Trifolium.dubium,26.0654015,Intensive.agriculture,FR
V18,1.2,Vicia.sp,0.3848451,Intensive.agriculture,FR
V18,1.2,Trifolium.repens,70.6858347,Intensive.agriculture,FR
V18,1.2,Plantago.lanceolata,0,Intensive.agriculture,FR
V18,1.2,Vicia.sp,0,Intensive.agriculture,FR
V18,1.2,Helminthotheca.echioides,0,Intensive.agriculture,FR
V18,1.2,Plantago.lanceolata,0,Intensive.agriculture,FR
V18,1.2,Taraxacum.officinale,0,Intensive.agriculture,FR
V18,1.2,Vicia.sp,0,Intensive.agriculture,FR
V18,1.2,Trifolium.campestre,84.6659219,Intensive.agriculture,FR
V18,1.2,Cerastium.sp,0,Intensive.agriculture,FR
V18,1.2,Picris.hieracioides,0,Intensive.agriculture,FR
V18,1.2,Hieracium.sp,15.70796327,Intensive.agriculture,FR
V18,1.2,Convolvulus.arvensis,0,Intensive.agriculture,FR
V18,1.2,Helminthotheca.echioides,0,Intensive.agriculture,FR
V18,1.2,Trifolium.repens,70.6858347,Intensive.agriculture,FR
V18,1.2,Plantago.lanceolata,176.71458672,Intensive.agriculture,FR
V18,1.2,Taraxacum.officinale,0,Intensive.agriculture,FR
V18,1.2,Trifolium.dubium,15.6392409,Intensive.agriculture,FR
V18,1.2,Vicia.sp,0,Intensive.agriculture,FR
V18,1.2,Picris.hieracioides,0,Intensive.agriculture,FR
V18,1.2,Crepis.sp,6.157521601,Intensive.agriculture,FR
V18,1.2,Lathyrus.sp,0,Intensive.agriculture,FR
V18,1.2,Geranium.dissectum,21.991148564,Intensive.agriculture,FR
V18,1.2,Convolvulus.arvensis,0,Intensive.agriculture,FR
V18,1.2,Trifolium.repens,0.471238898,Intensive.agriculture,FR
V18,1.2,Trifolium.dubium,15.6392409,Intensive.agriculture,FR
V18,1.2,Vicia.sp,0,Intensive.agriculture,FR
V18,1.2,Lathyrus.sp,0,Intensive.agriculture,FR
V18,1.2,Torilis.sp,0,Intensive.agriculture,FR
V18,1.2,Geranium.dissectum,12.566370608,Intensive.agriculture,FR
V18,1.2,Helminthotheca.echioides,0,Intensive.agriculture,FR
V18,1.2,Trifolium.repens,11.78097245,Intensive.agriculture,FR
V18,1.2,Taraxacum.officinale,0,Intensive.agriculture,FR
V18,1.2,Vicia.sp,0,Intensive.agriculture,FR
V18,1.2,Trifolium.campestre,0.241902634,Intensive.agriculture,FR
V18,1.2,Cerastium.sp,0.785398163,Intensive.agriculture,FR
V18,1.2,Picris.hieracioides,0,Intensive.agriculture,FR
V13,1.2,Rubus.sp,0,Rural.habitat.mosaic,FR
V13,1.2,Galium.mollugo.aggr,0,Rural.habitat.mosaic,FR
V13,1.2,Potentilla.reptans,28.274333886,Rural.habitat.mosaic,FR
V13,1.2,Geranium.dissectum,3.926990815,Rural.habitat.mosaic,FR
V13,1.2,Geranium.molle,3.01592895,Rural.habitat.mosaic,FR
V13,1.2,Lapsana.communis,0,Rural.habitat.mosaic,FR
V13,1.2,Vicia.angustifolia,0,Rural.habitat.mosaic,FR
V13,1.2,Rubus.sp,0,Rural.habitat.mosaic,FR
V13,1.2,Galium.mollugo.aggr,35.342917356,Rural.habitat.mosaic,FR
V13,1.2,Geranium.dissectum,7.068583467,Rural.habitat.mosaic,FR
V13,1.2,Lapsana.communis,0,Rural.habitat.mosaic,FR
V13,1.2,Vicia.angustifolia,0.785398163,Rural.habitat.mosaic,FR
V13,1.2,Campanula.sp,0,Rural.habitat.mosaic,FR
V13,1.2,Potentilla.reptans,3.141592654,Rural.habitat.mosaic,FR
V13,1.2,Geranium.dissectum,8.639379793,Rural.habitat.mosaic,FR
V13,1.2,Stellaria.graminea,248.0876447,Rural.habitat.mosaic,FR
V13,1.2,Trifolium.dubium,15.6392409,Rural.habitat.mosaic,FR
V13,1.2,Torilis.sp,0,Rural.habitat.mosaic,FR
V13,1.2,Cerastium.sp,0,Rural.habitat.mosaic,FR
V13,1.2,Agrimonia.eupatoria,0,Rural.habitat.mosaic,FR
V13,1.2,Prunella.vulgaris,0,Rural.habitat.mosaic,FR
V13,1.2,Epilobium.sp,0,Rural.habitat.mosaic,FR
V13,1.2,Ranunculus.sp,0,Rural.habitat.mosaic,FR
V13,1.2,Rubus.sp,3.141592654,Rural.habitat.mosaic,FR
V13,1.2,Prunus.sp,0,Rural.habitat.mosaic,FR
V13,1.2,Prunus.sp,19.634954084,Rural.habitat.mosaic,FR
V13,1.2,Rosa.sp,603.18578952,Rural.habitat.mosaic,FR
V13,1.2,Prunus.mahaleb,0,Rural.habitat.mosaic,FR
V13,1.2,Rosa.sp,703.71675444,Rural.habitat.mosaic,FR
V13,1.2,Fraxinus.excelsior,0,Rural.habitat.mosaic,FR
V13,1.2,Torilis.sp,0,Rural.habitat.mosaic,FR
V13,1.2,Geranium.dissectum,14.137166934,Rural.habitat.mosaic,FR
V13,1.2,Lapsana.communis,35.342917355,Rural.habitat.mosaic,FR
V13,1.2,Galium.aparine,2.474004218,Rural.habitat.mosaic,FR
V13,1.2,Rosa.sp,301.59289476,Rural.habitat.mosaic,FR
V13,1.2,Torilis.sp,0,Rural.habitat.mosaic,FR
V13,1.2,Lapsana.communis,0,Rural.habitat.mosaic,FR
V13,1.2,Galium.aparine,0,Rural.habitat.mosaic,FR
V13,1.2,Rubus.sp,0,Rural.habitat.mosaic,FR
V13,1.2,Torilis.sp,0,Rural.habitat.mosaic,FR
V13,1.2,Geranium.dissectum,0.785398163,Rural.habitat.mosaic,FR
V13,1.2,Lapsana.communis,14.137166942,Rural.habitat.mosaic,FR
V13,1.2,Galium.aparine,3.53429174,Rural.habitat.mosaic,FR
V13,1.2,Rubus.sp,0,Rural.habitat.mosaic,FR
V13,1.2,Cirsium.palustre,0.300414803,Rural.habitat.mosaic,FR
V13,1.2,Ranunculus.repens,35.342917355,Rural.habitat.mosaic,FR
V13,1.2,Rubus.sp,0,Rural.habitat.mosaic,FR
V13,1.2,Cornus.mas,3.141592654,Rural.habitat.mosaic,FR
V13,1.2,Ligustrum.vulgare,0.848230017,Rural.habitat.mosaic,FR
V13,1.2,Prunus.sp,0,Rural.habitat.mosaic,FR
V13,1.2,Prunus.sp,0,Rural.habitat.mosaic,FR
V13,1.2,Geum.urbanum,1.767145868,Rural.habitat.mosaic,FR
V13,1.2,Glechoma.hederacea,0,Rural.habitat.mosaic,FR
V13,1.2,Hedera.helix,0,Rural.habitat.mosaic,FR
V13,1.2,Potentilla.reptans,0,Rural.habitat.mosaic,FR
V13,1.2,Prunella.vulgaris,0,Rural.habitat.mosaic,FR
V13,1.2,Anagallis.arvensis,0,Rural.habitat.mosaic,FR
V13,1.2,Fragaria.sp,0,Rural.habitat.mosaic,FR
V13,1.2,Rosa.sp,100.53096492,Rural.habitat.mosaic,FR
V13,1.2,Galium.aparine,1.060287522,Rural.habitat.mosaic,FR
V13,1.2,Prunus.sp,0,Rural.habitat.mosaic,FR
V13,1.2,Lonicera.periclymenum,14.137166944,Rural.habitat.mosaic,FR
V13,1.2,Cirsium.palustre,0.229728967,Rural.habitat.mosaic,FR
V13,1.2,Cornus.mas,0,Rural.habitat.mosaic,FR
V13,1.2,Ligustrum.vulgare,0.848230017,Rural.habitat.mosaic,FR
V13,1.2,Hedera.helix,0,Rural.habitat.mosaic,FR
V13,1.2,Lonicera.pileata,0,Rural.habitat.mosaic,FR
V13,1.2,Geranium.robertianum,0,Rural.habitat.mosaic,FR
V13,1.2,Acer.opalus,0,Rural.habitat.mosaic,FR
V13,1.2,Ribes.sp,0,Rural.habitat.mosaic,FR
V13,1.2,Crataegus.sp,0,Rural.habitat.mosaic,FR
V13,1.2,Populus.nigra,0,Rural.habitat.mosaic,FR
V13,1.2,Cornus.mas,0,Rural.habitat.mosaic,FR
V13,1.2,Cirsium.arvense,0,Rural.habitat.mosaic,FR
V13,1.2,Lactuca.serriola,0,Rural.habitat.mosaic,FR
V13,1.2,Matricaria.chamomilla,93.266031899,Rural.habitat.mosaic,FR
V13,1.2,Geranium.dissectum,14.137166934,Rural.habitat.mosaic,FR
V13,1.2,Sonchus.asper,0,Rural.habitat.mosaic,FR
V13,1.2,Galium.aparine,0,Rural.habitat.mosaic,FR
V13,1.2,Medicago.sativa,0,Rural.habitat.mosaic,FR
V13,1.2,Cirsium.arvense,0,Rural.habitat.mosaic,FR
V13,1.2,Lactuca.serriola,0,Rural.habitat.mosaic,FR
V13,1.2,Myosotis.sp,0,Rural.habitat.mosaic,FR
V13,1.2,Lapsana.communis,91.891585123,Rural.habitat.mosaic,FR
V13,1.2,Ranunculus.repens,28.274333884,Rural.habitat.mosaic,FR
V13,1.2,Epilobium.sp,0,Rural.habitat.mosaic,FR
V13,1.2,Sonchus.asper,0,Rural.habitat.mosaic,FR
V13,1.2,Rubus.sp,0,Rural.habitat.mosaic,FR
V13,1.2,Potentilla.reptans,50.265482464,Rural.habitat.mosaic,FR
V13,1.2,Prunella.sp,0,Rural.habitat.mosaic,FR
V13,1.2,Trifolium.repens,0,Rural.habitat.mosaic,FR
V13,1.2,Lathyrus.sp,1.570796326,Rural.habitat.mosaic,FR
V13,1.2,Erigeron.annuus,3.141592654,Rural.habitat.mosaic,FR
V13,1.2,Rumex.sp,0,Rural.habitat.mosaic,FR
V16,1.2,Cirsium.vulgare,0,Intensive.agriculture,FR
V16,1.2,Taraxacum.officinale,0,Intensive.agriculture,FR
V16,1.2,Daucus.carota,0,Intensive.agriculture,FR
V16,1.2,Senecio.erucifolius,18.849555924,Intensive.agriculture,FR
V16,1.2,Geranium.dissectum,0,Intensive.agriculture,FR
V16,1.2,Plantago.lanceolata,98.1747704,Intensive.agriculture,FR
V16,1.2,Trifolium.dubium,0.208523212,Intensive.agriculture,FR
V16,1.2,Vicia.sp,0,Intensive.agriculture,FR
V16,1.2,Hypericum.perforatum,0,Intensive.agriculture,FR
V16,1.2,Picris.hieracioides,0,Intensive.agriculture,FR
V16,1.2,Crepis.pulchra,11.403981333,Intensive.agriculture,FR
V16,1.2,Taraxacum.officinale,0,Intensive.agriculture,FR
V16,1.2,Plantago.lanceolata,0,Intensive.agriculture,FR
V16,1.2,Picris.hieracioides,0,Intensive.agriculture,FR
V16,1.2,Convolvulus.arvensis,0,Intensive.agriculture,FR
V16,1.2,Galium.mollugo.aggr,4417.8646695,Intensive.agriculture,FR
V16,1.2,Lactuca.serriola,0,Intensive.agriculture,FR
V16,1.2,Geum.urbanum,0,Intensive.agriculture,FR
V16,1.2,Cirsium.vulgare,0,Intensive.agriculture,FR
V16,1.2,Stellaria.hollostea,0,Intensive.agriculture,FR
V16,1.2,Hedera.helix,0,Intensive.agriculture,FR
V16,1.2,Rubus.sp,0,Intensive.agriculture,FR
V16,1.2,Glechoma.hederacea,0,Intensive.agriculture,FR
V16,1.2,Galium.aparine,0,Intensive.agriculture,FR
V16,1.2,Geranium.robertianum,0,Intensive.agriculture,FR
V16,1.2,Ligustrum.vulgare,0,Intensive.agriculture,FR
V16,1.2,Acer.campestre,0,Intensive.agriculture,FR
V16,1.2,Stellaria.hollostea,0,Intensive.agriculture,FR
V16,1.2,Hedera.helix,0,Intensive.agriculture,FR
V16,1.2,Rubus.sp,0,Intensive.agriculture,FR
V16,1.2,Glechoma.hederacea,0,Intensive.agriculture,FR
V16,1.2,Galium.aparine,0,Intensive.agriculture,FR
V16,1.2,Crataegus.sp,0,Intensive.agriculture,FR
V16,1.2,Geum.urbanum,0,Intensive.agriculture,FR
V16,1.2,Ornithogalum.pyrenaicum,21.205750413,Intensive.agriculture,FR
V16,1.2,Hedera.helix,0,Intensive.agriculture,FR
V16,1.2,Crataegus.sp,0,Intensive.agriculture,FR
V16,1.2,Ligustrum.vulgare,0,Intensive.agriculture,FR
V16,1.2,Prunus.avium,0,Intensive.agriculture,FR
V16,1.2,Carpinus.betulus,0,Intensive.agriculture,FR
V16,1.2,Stellaria.hollostea,0,Intensive.agriculture,FR
V16,1.2,Glechoma.hederacea,0,Intensive.agriculture,FR
V16,1.2,Galium.aparine,4.241150088,Intensive.agriculture,FR
V16,1.2,Geum.urbanum,0,Intensive.agriculture,FR
V16,1.2,Vicia.sepium,0.565486678,Intensive.agriculture,FR
V16,1.2,Prunus.sp,0,Intensive.agriculture,FR
V16,1.2,Rumex.sp,0,Intensive.agriculture,FR
V16,1.2,Euonymus.europaeus,0,Intensive.agriculture,FR
V16,1.2,Acer.campestre,0,Intensive.agriculture,FR
V16,1.2,Veronica.chamaedrys,4.6181412,Intensive.agriculture,FR
V16,1.2,Hedera.helix,0,Intensive.agriculture,FR
V16,1.2,Galium.aparine,0,Intensive.agriculture,FR
V16,1.2,Geranium.robertianum,0,Intensive.agriculture,FR
V16,1.2,Crataegus.sp,0,Intensive.agriculture,FR
V16,1.2,Stellaria.hollostea,0,Intensive.agriculture,FR
V16,1.2,Hedera.helix,0,Intensive.agriculture,FR
V16,1.2,Rubus.sp,0,Intensive.agriculture,FR
V16,1.2,Glechoma.hederacea,0,Intensive.agriculture,FR
V16,1.2,Galium.aparine,0,Intensive.agriculture,FR
V16,1.2,Ornithogalum.pyrenaicum,120.165919007,Intensive.agriculture,FR
V16,1.2,Prunus.avium,0,Intensive.agriculture,FR
V16,1.2,Hedera.helix,0,Intensive.agriculture,FR
V16,1.2,Acer.campestre,0,Intensive.agriculture,FR
V16,1.2,Stellaria.hollostea,0,Intensive.agriculture,FR
V16,1.2,Crataegus.sp,0,Intensive.agriculture,FR
V16,1.2,Acer.campestre,0,Intensive.agriculture,FR
V16,1.2,Geum.urbanum,0,Intensive.agriculture,FR
V16,1.2,Ornithogalum.pyrenaicum,21.205750413,Intensive.agriculture,FR
V16,1.2,Hedera.helix,0,Intensive.agriculture,FR
V16,1.2,Glechoma.hederacea,0,Intensive.agriculture,FR
V16,1.2,Galium.aparine,2.827433392,Intensive.agriculture,FR
V16,1.2,Rubus.sp,0,Intensive.agriculture,FR
V16,1.2,Hedera.helix,0,Intensive.agriculture,FR
V16,1.2,Fraxinus.excelsior,0,Intensive.agriculture,FR
V16,1.2,Acer.campestre,0,Intensive.agriculture,FR
V16,1.2,Geum.urbanum,0,Intensive.agriculture,FR
V16,1.2,Hedera.helix,0,Intensive.agriculture,FR
V16,1.2,Vicia.sepium,1.130973356,Intensive.agriculture,FR
V16,1.2,Viola.reichenbachiana,0,Intensive.agriculture,FR
V16,1.2,Anemone.nemorosa,0,Intensive.agriculture,FR
V16,1.2,Geranium.robertianum,0,Intensive.agriculture,FR
V16,1.2,Clematis.vitalba,0,Intensive.agriculture,FR
V16,1.2,Hedera.helix,0,Intensive.agriculture,FR
V16,1.2,Geum.urbanum,1.767145868,Intensive.agriculture,FR
V16,1.2,Ornithogalum.pyrenaicum,98.960168594,Intensive.agriculture,FR
V16,1.2,Hedera.helix,0,Intensive.agriculture,FR
V16,1.2,Glechoma.hederacea,0,Intensive.agriculture,FR
V16,1.2,Rubus.sp,0,Intensive.agriculture,FR
V16,1.2,Vicia.sepium,0.282743339,Intensive.agriculture,FR
V16,1.2,Anemone.nemorosa,0,Intensive.agriculture,FR
V16,1.2,Geranium.robertianum,15.70796327,Intensive.agriculture,FR
V16,1.2,Prunus.sp,0,Intensive.agriculture,FR
V16,1.2,Hedera.helix,0,Intensive.agriculture,FR
V16,1.2,Rubus.sp,0,Intensive.agriculture,FR
V16,1.2,Acer.campestre,0,Intensive.agriculture,FR
V16,1.2,Geum.urbanum,0,Intensive.agriculture,FR
V16,1.2,Glechoma.hederacea,0,Intensive.agriculture,FR
V16,1.2,Galium.aparine,88.3572935,Intensive.agriculture,FR
V16,1.2,Geranium.robertianum,21.991148578,Intensive.agriculture,FR
V16,1.2,Prunus.sp,0,Intensive.agriculture,FR
V16,1.2,Viola.sp,0,Intensive.agriculture,FR
V16,1.2,Acer.campestre,0,Intensive.agriculture,FR
V16,1.2,Galium.aparine,53.0143761,Intensive.agriculture,FR
V16,1.2,Crataegus.sp,0,Intensive.agriculture,FR
V16,1.2,Rubus.sp,6.283185308,Intensive.agriculture,FR
V16,1.2,Stellaria.hollostea,0,Intensive.agriculture,FR
V16,1.2,Acer.campestre,0,Intensive.agriculture,FR
V16,1.2,Myosotis.sp,2.12057505,Intensive.agriculture,FR
V16,1.2,Prunus.sp,0,Intensive.agriculture,FR
V16,1.2,Glechoma.hederacea,0,Intensive.agriculture,FR
V16,1.2,Symphytum.sp,0,Intensive.agriculture,FR
V16,1.2,Hypericum.perforatum,0,Intensive.agriculture,FR
V16,1.2,Vicia.sepium,0,Intensive.agriculture,FR
V16,1.2,Campanula.sp,0,Intensive.agriculture,FR
V16,1.2,Solidago.virgaurea,0,Intensive.agriculture,FR
V16,1.2,Quercus.sp,0,Intensive.agriculture,FR
V16,1.2,Myosotis.sp,31.80862575,Intensive.agriculture,FR
V16,1.2,Prunus.sp,0,Intensive.agriculture,FR
V16,1.2,Glechoma.hederacea,1.1545353,Intensive.agriculture,FR
V16,1.2,Symphytum.sp,0,Intensive.agriculture,FR
V16,1.2,Hypericum.perforatum,0,Intensive.agriculture,FR
V16,1.2,Epilobium.sp,0,Intensive.agriculture,FR
V16,1.2,Lactuca.serriola,0,Intensive.agriculture,FR
V16,1.2,Campanula.sp,0,Intensive.agriculture,FR
V16,1.2,Solidago.virgaurea,0,Intensive.agriculture,FR
V16,1.2,Rubus.sp,0,Intensive.agriculture,FR
V16,1.2,Prunus.sp,0,Intensive.agriculture,FR
V16,1.2,Myosotis.sp,1.060287525,Intensive.agriculture,FR
V16,1.2,Prunus.sp,0,Intensive.agriculture,FR
V16,1.2,Glechoma.hederacea,0,Intensive.agriculture,FR
V16,1.2,Symphytum.sp,0,Intensive.agriculture,FR
V16,1.2,Hypericum.perforatum,0,Intensive.agriculture,FR
V16,1.2,Vicia.sepium,0,Intensive.agriculture,FR
V16,1.2,Campanula.sp,0,Intensive.agriculture,FR
V16,1.2,Silene.flos.cuculi,35.342917355,Intensive.agriculture,FR
V16,1.2,Solidago.virgaurea,0,Intensive.agriculture,FR
V16,1.2,Quercus.sp,0,Intensive.agriculture,FR
V16,1.2,Glechoma.hederacea,0,Intensive.agriculture,FR
V16,1.2,Hypericum.perforatum,0,Intensive.agriculture,FR
V16,1.2,Rubus.sp,0,Intensive.agriculture,FR
V16,1.2,Stellaria.hollostea,0,Intensive.agriculture,FR
V16,1.2,Vicia.sepium,0.565486678,Intensive.agriculture,FR
V16,1.2,Solidago.virgaurea,0,Intensive.agriculture,FR
V16,1.2,Papaver.rhoeas,38.48451001,Intensive.agriculture,FR
V16,1.2,Geranium.dissectum,0,Intensive.agriculture,FR
V16,1.2,Galium.mollugo.aggr,0,Intensive.agriculture,FR
V16,1.2,Vicia.tetrasperma,0.848230017,Intensive.agriculture,FR
V16,1.2,Quercus.sp,0,Intensive.agriculture,FR
V15,1.2,Ranunculus.repens,106.028752065,Rural.habitat.mosaic,FR
V15,1.2,Cirsium.arvense,0,Rural.habitat.mosaic,FR
V15,1.2,Geranium.dissectum,0,Rural.habitat.mosaic,FR
V15,1.2,Trifolium.pratense,0,Rural.habitat.mosaic,FR
V15,1.2,Geranium.columbinum,0.502654825,Rural.habitat.mosaic,FR
V15,1.2,Convolvulus.arvensis,0,Rural.habitat.mosaic,FR
V15,1.2,Onobrychis.viciifolia,0,Rural.habitat.mosaic,FR
V15,1.2,Trifolium.repens,4.71238898,Rural.habitat.mosaic,FR
V15,1.2,Ranunculus.repens,0,Rural.habitat.mosaic,FR
V15,1.2,Trifolium.pratense,0,Rural.habitat.mosaic,FR
V15,1.2,Trifolium.repens,70.6858347,Rural.habitat.mosaic,FR
V15,1.2,Convolvulus.arvensis,0,Rural.habitat.mosaic,FR
V15,1.2,Rubus.sp,0,Rural.habitat.mosaic,FR
V15,1.2,Rosa.sp,0,Rural.habitat.mosaic,FR
V15,1.2,Rubus.sp,0,Rural.habitat.mosaic,FR
V15,1.2,Solanum.dulcamara,3.392920065,Rural.habitat.mosaic,FR
V15,1.2,Galium.aparine,0,Rural.habitat.mosaic,FR
V15,1.2,Rosa.sp,251.3274123,Rural.habitat.mosaic,FR
V15,1.2,Rosa.sp,653.45127198,Rural.habitat.mosaic,FR
V15,1.2,Cornus.mas,0,Rural.habitat.mosaic,FR
V15,1.2,Clematis.vitalba,9.817477042,Rural.habitat.mosaic,FR
V15,1.2,Clematis.vitalba,0,Rural.habitat.mosaic,FR
V15,1.2,Cirsium.vulgare,0,Rural.habitat.mosaic,FR
V15,1.2,Plantago.lanceolata,373.06412752,Rural.habitat.mosaic,FR
V15,1.2,Vicia.tetrasperma,3.392920068,Rural.habitat.mosaic,FR
V15,1.2,Vicia.sepium,0.565486678,Rural.habitat.mosaic,FR
V15,1.2,Senecio.jacobaea,0,Rural.habitat.mosaic,FR
V15,1.2,Quercus.sp,0,Rural.habitat.mosaic,FR
V15,1.2,Taraxacum.officinale,0,Rural.habitat.mosaic,FR
V15,1.2,Viola.sp,0,Rural.habitat.mosaic,FR
V15,1.2,Agrimonia.eupatoria,0,Rural.habitat.mosaic,FR
V15,1.2,Medicago.lupulina,1.06028752,Rural.habitat.mosaic,FR
V15,1.2,Anacamptis.pyramidalis,29.157906822,Rural.habitat.mosaic,FR
V15,1.2,Prunus.sp,0,Rural.habitat.mosaic,FR
V15,1.2,Fragaria.sp,0,Rural.habitat.mosaic,FR
V15,1.2,Picris.hieracioides,0,Rural.habitat.mosaic,FR
V15,1.2,Torilis.sp,0,Rural.habitat.mosaic,FR
V15,1.2,Rubus.sp,3.141592654,Rural.habitat.mosaic,FR
V15,1.2,Stachys.sylvatica,15.904312812,Rural.habitat.mosaic,FR
V15,1.2,Hedera.helix,0,Rural.habitat.mosaic,FR
V15,1.2,Geum.urbanum,0,Rural.habitat.mosaic,FR
V15,1.2,Sambucus.nigra,942.4777962,Rural.habitat.mosaic,FR
V15,1.2,Rubus.sp,0,Rural.habitat.mosaic,FR
V15,1.2,Stachys.sylvatica,0,Rural.habitat.mosaic,FR
V15,1.2,Hedera.helix,0,Rural.habitat.mosaic,FR
V15,1.2,Glechoma.hederacea,0,Rural.habitat.mosaic,FR
V15,1.2,Acer.pseudoplatanus,0,Rural.habitat.mosaic,FR
V15,1.2,Campanula.sp,0,Rural.habitat.mosaic,FR
V15,1.2,Lamium.maculatum,21.991148564,Rural.habitat.mosaic,FR
V15,1.2,Ornithogalum.pyrenaicum,120.165919007,Rural.habitat.mosaic,FR
V15,1.2,Acer.pseudoplatanus,0,Rural.habitat.mosaic,FR
V15,1.2,Brassica.nigra,117.80972445,Rural.habitat.mosaic,FR
V15,1.2,Viola.arvensis,7.349079,Rural.habitat.mosaic,FR
V15,1.2,Senecio.vulgaris,0,Rural.habitat.mosaic,FR
V15,1.2,Tripleurospermum.inodorum,0,Rural.habitat.mosaic,FR
V15,1.2,Taraxacum.officinale,0,Rural.habitat.mosaic,FR
V15,1.2,Brassica.nigra,117.80972445,Rural.habitat.mosaic,FR
V15,1.2,Viola.arvensis,124.934343,Rural.habitat.mosaic,FR
V15,1.2,Fallopia.convolvulus,0,Rural.habitat.mosaic,FR
V15,1.2,Senecio.vulgaris,0.376991118,Rural.habitat.mosaic,FR
V15,1.2,Taraxacum.officinale,0,Rural.habitat.mosaic,FR
V15,1.2,Lactuca.serriola,0,Rural.habitat.mosaic,FR
V15,1.2,Brassica.nigra,117.80972445,Rural.habitat.mosaic,FR
V15,1.2,Chenopodium.album,0,Rural.habitat.mosaic,FR
V15,1.2,Viola.arvensis,25.7217765,Rural.habitat.mosaic,FR
V15,1.2,Fallopia.convolvulus,0,Rural.habitat.mosaic,FR
V15,1.2,Polygonum.aviculare,0,Rural.habitat.mosaic,FR
V15,1.2,Brassica.nigra,117.80972445,Rural.habitat.mosaic,FR
V15,1.2,Chenopodium.album,0,Rural.habitat.mosaic,FR
V15,1.2,Fallopia.convolvulus,0,Rural.habitat.mosaic,FR
V15,1.2,Scandix.pecten.veneris,0,Rural.habitat.mosaic,FR
V15,1.2,Taraxacum.officinale,0,Rural.habitat.mosaic,FR
V15,1.2,Carduus.crispus,9.424777962,Rural.habitat.mosaic,FR
V15,1.2,Geranium.columbinum,3.01592895,Rural.habitat.mosaic,FR
V15,1.2,Galium.aparine,0,Rural.habitat.mosaic,FR
V15,1.2,Sinapis.alba,0,Rural.habitat.mosaic,FR
V15,1.2,Polygonatum.multiflorum,0,Rural.habitat.mosaic,FR
V15,1.2,Euphorbia.helioscopia,0,Rural.habitat.mosaic,FR
V15,1.2,Rubus.sp,0,Rural.habitat.mosaic,FR
V15,1.2,Galeopsis.sp,0,Rural.habitat.mosaic,FR
V15,1.2,Silene.latifolia,35.342917355,Rural.habitat.mosaic,FR
V15,1.2,Acer.pseudoplatanus,0,Rural.habitat.mosaic,FR
V15,1.2,Aethusa.cynapium,0,Rural.habitat.mosaic,FR
V15,1.2,Prunus.sp,0,Rural.habitat.mosaic,FR
V15,1.2,Populus.nigra,0,Rural.habitat.mosaic,FR
V03,1.2,Matricaria.chamomilla,368.155389075,Rural.habitat.mosaic,FR
V03,1.2,Pisum.sativum,81.681409004,Rural.habitat.mosaic,FR
V03,1.2,Myosotis.arvensis,0,Rural.habitat.mosaic,FR
V03,1.2,Epilobium.tetragonum,0,Rural.habitat.mosaic,FR
V03,1.2,Vicia.hirsuta,0,Rural.habitat.mosaic,FR
V03,1.2,Matricaria.chamomilla,29.452431126,Rural.habitat.mosaic,FR
V03,1.2,Pisum.sativum,28.274333886,Rural.habitat.mosaic,FR
V03,1.2,Myosotis.arvensis,0.212057505,Rural.habitat.mosaic,FR
V03,1.2,Vicia.hirsuta,0.251327412,Rural.habitat.mosaic,FR
V03,1.2,Trifolium.sp,0,Rural.habitat.mosaic,FR
V03,1.2,Anagallis.arvensis,0,Rural.habitat.mosaic,FR
V03,1.2,Matricaria.chamomilla,88.357293378,Rural.habitat.mosaic,FR
V03,1.2,Pisum.sativum,219.91148578,Rural.habitat.mosaic,FR
V03,1.2,Myosotis.arvensis,0,Rural.habitat.mosaic,FR
V03,1.2,Vicia.hirsuta,0,Rural.habitat.mosaic,FR
V03,1.2,Anagallis.arvensis,0,Rural.habitat.mosaic,FR
V03,1.2,Matricaria.chamomilla,176.714586756,Rural.habitat.mosaic,FR
V03,1.2,Pisum.sativum,223.053078434,Rural.habitat.mosaic,FR
V03,1.2,Myosotis.arvensis,0,Rural.habitat.mosaic,FR
V03,1.2,Epilobium.tetragonum,0,Rural.habitat.mosaic,FR
V03,1.2,Trifolium.sp,0,Rural.habitat.mosaic,FR
V03,1.2,Anagallis.arvensis,0,Rural.habitat.mosaic,FR
V03,1.2,Galium.aparine,0.353429174,Rural.habitat.mosaic,FR
V03,1.2,Pisum.sativum,3.141592654,Rural.habitat.mosaic,FR
V03,1.2,Galium.aparine,1.060287522,Rural.habitat.mosaic,FR
V03,1.2,Chenopodiastrum.hybridum,0,Rural.habitat.mosaic,FR
V03,1.2,Fallopia.convolvulus,0,Rural.habitat.mosaic,FR
V03,1.2,Lamium.purpureum,0,Rural.habitat.mosaic,FR
V03,1.2,Papaver.rhoeas,38.48451001,Rural.habitat.mosaic,FR
V03,1.2,Cirsium.arvense,0,Rural.habitat.mosaic,FR
V03,1.2,Pisum.sativum,100.530964928,Rural.habitat.mosaic,FR
V03,1.2,Fallopia.convolvulus,0,Rural.habitat.mosaic,FR
V03,1.2,Papaver.rhoeas,0,Rural.habitat.mosaic,FR
V03,1.2,Geranium.columbinum,0.502654825,Rural.habitat.mosaic,FR
V03,1.2,Pisum.sativum,72.256631042,Rural.habitat.mosaic,FR
V03,1.2,Vicia.hirsuta,0,Rural.habitat.mosaic,FR
V03,1.2,Geranium.columbinum,0,Rural.habitat.mosaic,FR
V03,1.2,Lactuca.serriola,0,Rural.habitat.mosaic,FR
V03,1.2,Pisum.sativum,40.840704502,Rural.habitat.mosaic,FR
V03,1.2,Papaver.rhoeas,38.48451001,Rural.habitat.mosaic,FR
V03,1.2,Lactuca.serriola,0,Rural.habitat.mosaic,FR
V03,1.2,Lapsana.communis,0,Rural.habitat.mosaic,FR
V03,1.2,Pisum.sativum,40.840704502,Rural.habitat.mosaic,FR
V03,1.2,Papaver.rhoeas,76.96902002,Rural.habitat.mosaic,FR
V03,1.2,Lactuca.serriola,1.570796326,Rural.habitat.mosaic,FR
V03,1.2,Sinapis.sp,3.0787608,Rural.habitat.mosaic,FR
V03,1.2,Fragaria.moschata,103.083508941,Rural.habitat.mosaic,FR
V03,1.2,Veronica.chamaedrys,26.1694668,Rural.habitat.mosaic,FR
V03,1.2,Hedera.helix,0,Rural.habitat.mosaic,FR
V03,1.2,Rubus.sp,0,Rural.habitat.mosaic,FR
V03,1.2,Rumex.crispus,0,Rural.habitat.mosaic,FR
V03,1.2,Geum.urbanum,0,Rural.habitat.mosaic,FR
V03,1.2,Carpinus.betulus,0,Rural.habitat.mosaic,FR
V03,1.2,Crataegus.sp,0,Rural.habitat.mosaic,FR
V03,1.2,Fragaria.moschata,9.817477042,Rural.habitat.mosaic,FR
V03,1.2,Veronica.chamaedrys,3.0787608,Rural.habitat.mosaic,FR
V03,1.2,Hedera.helix,0,Rural.habitat.mosaic,FR
V03,1.2,Rubus.sp,0,Rural.habitat.mosaic,FR
V03,1.2,Geum.urbanum,0,Rural.habitat.mosaic,FR
V03,1.2,Carpinus.betulus,0,Rural.habitat.mosaic,FR
V03,1.2,Anemone.nemorosa,0,Rural.habitat.mosaic,FR
V03,1.2,Vicia.sp,0,Rural.habitat.mosaic,FR
V03,1.2,Acer.sp,0,Rural.habitat.mosaic,FR
V03,1.2,Fragaria.moschata,0,Rural.habitat.mosaic,FR
V03,1.2,Rubus.sp,0,Rural.habitat.mosaic,FR
V03,1.2,Rumex.crispus,0,Rural.habitat.mosaic,FR
V03,1.2,Geum.urbanum,3.534291736,Rural.habitat.mosaic,FR
V03,1.2,Anemone.nemorosa,0,Rural.habitat.mosaic,FR
V03,1.2,Acer.sp,0,Rural.habitat.mosaic,FR
V03,1.2,Vicia.sativa,12.566370608,Rural.habitat.mosaic,FR
V03,1.2,Taraxacum.officinale,0,Rural.habitat.mosaic,FR
V03,1.2,Carpinus.betulus,0,Rural.habitat.mosaic,FR
V03,1.2,Anemone.nemorosa,0,Rural.habitat.mosaic,FR
V03,1.2,Fragaria.moschata,0,Rural.habitat.mosaic,FR
V03,1.2,Hedera.helix,0,Rural.habitat.mosaic,FR
V03,1.2,Rubus.sp,0,Rural.habitat.mosaic,FR
V03,1.2,Anemone.nemorosa,0,Rural.habitat.mosaic,FR
V03,1.2,Galium.aparine,0,Rural.habitat.mosaic,FR
V03,1.2,Galium.mollugo.aggr,0,Rural.habitat.mosaic,FR
V03,1.2,Viola.sp,0,Rural.habitat.mosaic,FR
V03,1.2,Carpinus.betulus,0,Rural.habitat.mosaic,FR
V03,1.2,Geranium.rotundifolium,0.785398164,Rural.habitat.mosaic,FR
V03,1.2,Veronica.chamaedrys,26.1694668,Rural.habitat.mosaic,FR
V03,1.2,Anemone.nemorosa,0,Rural.habitat.mosaic,FR
V03,1.2,Hedera.helix,0,Rural.habitat.mosaic,FR
V03,1.2,Viola.sp,0,Rural.habitat.mosaic,FR
V03,1.2,Rubus.sp,0,Rural.habitat.mosaic,FR
V03,1.2,Carpinus.betulus,0,Rural.habitat.mosaic,FR
V03,1.2,Vicia.sativa,0,Rural.habitat.mosaic,FR
V03,1.2,Carpinus.betulus,0,Rural.habitat.mosaic,FR
V03,1.2,Ligustrum.vulgare,0,Rural.habitat.mosaic,FR
V03,1.2,Trifolium.repens,0,Rural.habitat.mosaic,FR
V03,1.2,Oxalis.sp,0,Rural.habitat.mosaic,FR
V03,1.2,Plantago.media,0,Rural.habitat.mosaic,FR
V03,1.2,Rumex.crispus,0,Rural.habitat.mosaic,FR
V03,1.2,Rumex.obtusifolius,0,Rural.habitat.mosaic,FR
V03,1.2,Taraxacum.officinale,0,Rural.habitat.mosaic,FR
V03,1.2,Geum.urbanum,0,Rural.habitat.mosaic,FR
V03,1.2,Carpinus.betulus,0,Rural.habitat.mosaic,FR
V03,1.2,Veronica.chamaedrys,9.2362824,Rural.habitat.mosaic,FR
V03,1.2,Carpinus.betulus,0,Rural.habitat.mosaic,FR
V03,1.2,Vicia.sativa,8.639379793,Rural.habitat.mosaic,FR
V03,1.2,Taraxacum.officinale,0,Rural.habitat.mosaic,FR
V03,1.2,Geum.urbanum,0,Rural.habitat.mosaic,FR
V03,1.2,Stellaria.hollostea,50.265482464,Rural.habitat.mosaic,FR
V03,1.2,Sherardia.arvensis,0.565486678,Rural.habitat.mosaic,FR
V03,1.2,Fragaria.moschata,0,Rural.habitat.mosaic,FR
V03,1.2,Lysimachia.nummularia,0,Rural.habitat.mosaic,FR
V03,1.2,Cornus.sp,0,Rural.habitat.mosaic,FR
V03,1.2,Veronica.chamaedrys,27.7088472,Rural.habitat.mosaic,FR
V03,1.2,Hedera.helix,0,Rural.habitat.mosaic,FR
V03,1.2,Viola.sp,0,Rural.habitat.mosaic,FR
V03,1.2,Carpinus.betulus,0,Rural.habitat.mosaic,FR
V03,1.2,Vicia.sativa,0,Rural.habitat.mosaic,FR
V03,1.2,Ligustrum.vulgare,0,Rural.habitat.mosaic,FR
V03,1.2,Fragaria.moschata,0,Rural.habitat.mosaic,FR
V03,1.2,Lysimachia.nummularia,0,Rural.habitat.mosaic,FR
V03,1.2,Prunus.sp,0,Rural.habitat.mosaic,FR
V03,1.2,Carpinus.betulus,0,Rural.habitat.mosaic,FR
V03,1.2,Veronica.chamaedrys,67.7327376,Rural.habitat.mosaic,FR
V03,1.2,Hypericum.perforatum,0,Rural.habitat.mosaic,FR
V03,1.2,Hedera.helix,0,Rural.habitat.mosaic,FR
V03,1.2,Geum.urbanum,0,Rural.habitat.mosaic,FR
V03,1.2,Rubus.sp,0,Rural.habitat.mosaic,FR
V03,1.2,Viola.sp,0,Rural.habitat.mosaic,FR
V03,1.2,Ligustrum.vulgare,0,Rural.habitat.mosaic,FR
V03,1.2,Rumex.sp,0,Rural.habitat.mosaic,FR
V03,1.2,Stellaria.hollostea,15.70796327,Rural.habitat.mosaic,FR
V03,1.2,Vicia.sativa,0,Rural.habitat.mosaic,FR
V03,1.2,Ranunculus.sp,0,Rural.habitat.mosaic,FR
V03,1.2,Cornus.sp,0,Rural.habitat.mosaic,FR
V03,1.2,Veronica.chamaedrys,43.1026512,Rural.habitat.mosaic,FR
V03,1.2,Hedera.helix,0,Rural.habitat.mosaic,FR
V03,1.2,Geum.urbanum,0,Rural.habitat.mosaic,FR
V03,1.2,Viola.sp,0,Rural.habitat.mosaic,FR
V03,1.2,Ligustrum.vulgare,0,Rural.habitat.mosaic,FR
V03,1.2,Stellaria.hollostea,9.424777962,Rural.habitat.mosaic,FR
V03,1.2,Vicia.sativa,1.570796326,Rural.habitat.mosaic,FR
V03,1.2,Ranunculus.sp,0,Rural.habitat.mosaic,FR
V03,1.2,Rumex.sp,0,Rural.habitat.mosaic,FR
V03,1.2,Taraxacum.officinale,0,Rural.habitat.mosaic,FR
V03,1.2,Quercus.sp,0,Rural.habitat.mosaic,FR
V03,1.2,Geranium.robertianum,0,Rural.habitat.mosaic,FR
V03,1.2,Rosa.sp,0,Rural.habitat.mosaic,FR
V03,1.2,Lonicera.nigra,0,Rural.habitat.mosaic,FR
V03,1.2,Plantago.lanceolata,0,Rural.habitat.mosaic,FR
V03,1.2,Taraxacum.officinale,0,Rural.habitat.mosaic,FR
V03,1.2,Ranunculus.sp,158.524765296,Rural.habitat.mosaic,FR
V03,1.2,Centaurea.sp,0,Rural.habitat.mosaic,FR
V03,1.2,Plantago.media,0,Rural.habitat.mosaic,FR
V03,1.2,Trifolium.pratense,0,Rural.habitat.mosaic,FR
V03,1.2,Vicia.sp,0,Rural.habitat.mosaic,FR
V03,1.2,Rumex.sp,0,Rural.habitat.mosaic,FR
V03,1.2,Trifolium.repens,0,Rural.habitat.mosaic,FR
V02,1.2,Vicia.faba,14.922565097,Intensive.agriculture,FR
V02,1.2,Galium.aparine,2.120575044,Intensive.agriculture,FR
V02,1.2,Fallopia.convolvulus,0,Intensive.agriculture,FR
V02,1.2,Sinapis.sp,3.0787608,Intensive.agriculture,FR
V02,1.2,Polygonum.aviculare,0,Intensive.agriculture,FR
V02,1.2,Aethusa.cynapium,0,Intensive.agriculture,FR
V02,1.2,Vicia.faba,43.982297128,Intensive.agriculture,FR
V02,1.2,Fallopia.convolvulus,0,Intensive.agriculture,FR
V02,1.2,Sinapis.sp,1.5393804,Intensive.agriculture,FR
V02,1.2,Polygonum.aviculare,0,Intensive.agriculture,FR
V02,1.2,Aethusa.cynapium,0,Intensive.agriculture,FR
V02,1.2,Vicia.sativa,0,Intensive.agriculture,FR
V02,1.2,Vicia.faba,47.909287943,Intensive.agriculture,FR
V02,1.2,Fallopia.convolvulus,0,Intensive.agriculture,FR
V02,1.2,Sinapis.sp,0,Intensive.agriculture,FR
V02,1.2,Polygonum.aviculare,0,Intensive.agriculture,FR
V02,1.2,Aethusa.cynapium,0,Intensive.agriculture,FR
V02,1.2,Vicia.faba,12.566370608,Intensive.agriculture,FR
V02,1.2,Galium.aparine,0.353429174,Intensive.agriculture,FR
V02,1.2,Fallopia.convolvulus,0,Intensive.agriculture,FR
V02,1.2,Sinapis.sp,15.393804,Intensive.agriculture,FR
V02,1.2,Polygonum.aviculare,0,Intensive.agriculture,FR
V02,1.2,Vicia.faba,25.918139379,Intensive.agriculture,FR
V02,1.2,Fallopia.convolvulus,0,Intensive.agriculture,FR
V02,1.2,Polygonum.aviculare,0,Intensive.agriculture,FR
V02,1.2,Aethusa.cynapium,0,Intensive.agriculture,FR
V02,1.2,Vicia.faba,6.283185304,Intensive.agriculture,FR
V02,1.2,Galium.aparine,0,Intensive.agriculture,FR
V02,1.2,Fallopia.convolvulus,0,Intensive.agriculture,FR
V02,1.2,Polygonum.aviculare,0,Intensive.agriculture,FR
V02,1.2,Sinapis.sp,1.5393804,Intensive.agriculture,FR
V02,1.2,Aethusa.cynapium,0,Intensive.agriculture,FR
V02,1.2,Anagallis.arvensis,0,Intensive.agriculture,FR
V02,1.2,Vicia.faba,30.630528357,Intensive.agriculture,FR
V02,1.2,Fallopia.convolvulus,0,Intensive.agriculture,FR
V02,1.2,Sinapis.sp,3.0787608,Intensive.agriculture,FR
V02,1.2,Polygonum.aviculare,0,Intensive.agriculture,FR
V02,1.2,Aethusa.cynapium,0,Intensive.agriculture,FR
V02,1.2,Anagallis.arvensis,0,Intensive.agriculture,FR
V02,1.2,Taraxacum.officinale,0,Intensive.agriculture,FR
V02,1.2,Viola.arvensis,0,Intensive.agriculture,FR
V02,1.2,Vicia.faba,36.128315498,Intensive.agriculture,FR
V02,1.2,Fallopia.convolvulus,0,Intensive.agriculture,FR
V02,1.2,Sinapis.sp,10.7756628,Intensive.agriculture,FR
V02,1.2,Polygonum.aviculare,0,Intensive.agriculture,FR
V02,1.2,Vicia.faba,13.351768771,Intensive.agriculture,FR
V02,1.2,Sinapis.sp,1.5393804,Intensive.agriculture,FR
V02,1.2,Fallopia.convolvulus,0,Intensive.agriculture,FR
V02,1.2,Polygonum.aviculare,0,Intensive.agriculture,FR
V02,1.2,Aethusa.cynapium,0,Intensive.agriculture,FR
V02,1.2,Vicia.faba,14.922565097,Intensive.agriculture,FR
V02,1.2,Fallopia.convolvulus,0,Intensive.agriculture,FR
V02,1.2,Polygonum.aviculare,0,Intensive.agriculture,FR
V02,1.2,Aethusa.cynapium,0,Intensive.agriculture,FR
V02,1.2,Taraxacum.officinale,0,Intensive.agriculture,FR
V02,1.2,Viola.arvensis,0,Intensive.agriculture,FR
V02,1.2,Vicia.faba,19.634954075,Intensive.agriculture,FR
V02,1.2,Sinapis.sp,13.8544236,Intensive.agriculture,FR
V02,1.2,Fallopia.convolvulus,0,Intensive.agriculture,FR
V02,1.2,Polygonum.aviculare,0,Intensive.agriculture,FR
V02,1.2,Aethusa.cynapium,0,Intensive.agriculture,FR
V02,1.2,Taraxacum.officinale,0,Intensive.agriculture,FR
V02,1.2,Anagallis.arvensis,0,Intensive.agriculture,FR
V02,1.2,Galium.aparine,1.413716696,Intensive.agriculture,FR
V02,1.2,Vicia.faba,13.351768771,Intensive.agriculture,FR
V02,1.2,Sinapis.sp,15.393804,Intensive.agriculture,FR
V02,1.2,Fallopia.convolvulus,0,Intensive.agriculture,FR
V02,1.2,Polygonum.aviculare,0,Intensive.agriculture,FR
V02,1.2,Aethusa.cynapium,0,Intensive.agriculture,FR
V02,1.2,Vicia.faba,12.566370608,Intensive.agriculture,FR
V02,1.2,Sinapis.sp,1.5393804,Intensive.agriculture,FR
V02,1.2,Fallopia.convolvulus,0,Intensive.agriculture,FR
V02,1.2,Polygonum.aviculare,0,Intensive.agriculture,FR
V02,1.2,Aethusa.cynapium,0,Intensive.agriculture,FR
V02,1.2,Anagallis.arvensis,0,Intensive.agriculture,FR
V02,1.2,Galium.aparine,1.76714587,Intensive.agriculture,FR
V02,1.2,Veronica.hederifolia,0.481056375,Intensive.agriculture,FR
V02,1.2,Vicia.faba,6.283185304,Intensive.agriculture,FR
V02,1.2,Sinapis.sp,0,Intensive.agriculture,FR
V02,1.2,Fallopia.convolvulus,0,Intensive.agriculture,FR
V02,1.2,Polygonum.aviculare,0,Intensive.agriculture,FR
V02,1.2,Aethusa.cynapium,0,Intensive.agriculture,FR
V02,1.2,Anagallis.arvensis,0,Intensive.agriculture,FR
V02,1.2,Galium.aparine,3.180862566,Intensive.agriculture,FR
V02,1.2,Vicia.faba,18.849555912,Intensive.agriculture,FR
V02,1.2,Sinapis.sp,12.3150432,Intensive.agriculture,FR
V02,1.2,Fallopia.convolvulus,0,Intensive.agriculture,FR
V02,1.2,Polygonum.aviculare,0,Intensive.agriculture,FR
V02,1.2,Aethusa.cynapium,0,Intensive.agriculture,FR
V02,1.2,Galium.aparine,23.679754658,Intensive.agriculture,FR
V02,1.2,Vicia.faba,6.283185304,Intensive.agriculture,FR
V02,1.2,Sinapis.sp,12.3150432,Intensive.agriculture,FR
V02,1.2,Fallopia.convolvulus,0,Intensive.agriculture,FR
V02,1.2,Polygonum.aviculare,0,Intensive.agriculture,FR
V02,1.2,Aethusa.cynapium,0,Intensive.agriculture,FR
V02,1.2,Galium.aparine,2.474004218,Intensive.agriculture,FR
V02,1.2,Veronica.hederifolia,0,Intensive.agriculture,FR
V02,1.2,Vicia.faba,10.995574282,Intensive.agriculture,FR
V02,1.2,Sinapis.sp,13.8544236,Intensive.agriculture,FR
V02,1.2,Fallopia.convolvulus,0,Intensive.agriculture,FR
V02,1.2,Polygonum.aviculare,0,Intensive.agriculture,FR
V02,1.2,Aethusa.cynapium,0,Intensive.agriculture,FR
V02,1.2,Galium.aparine,10.956304394,Intensive.agriculture,FR
V02,1.2,Veronica.hederifolia,0,Intensive.agriculture,FR
V02,1.2,Vicia.faba,6.283185304,Intensive.agriculture,FR
V02,1.2,Sinapis.sp,6.1575216,Intensive.agriculture,FR
V02,1.2,Fallopia.convolvulus,0,Intensive.agriculture,FR
V02,1.2,Polygonum.aviculare,0,Intensive.agriculture,FR
V02,1.2,Galium.aparine,4.948008436,Intensive.agriculture,FR
V02,1.2,Anagallis.arvensis,0,Intensive.agriculture,FR
V08,1.2,Sanguisorba.minor,0,Rural.habitat.mosaic,FR
V08,1.2,Torilis.sp,0,Rural.habitat.mosaic,FR
V08,1.2,Viola.sp,0,Rural.habitat.mosaic,FR
V08,1.2,Glechoma.hederacea,0,Rural.habitat.mosaic,FR
V08,1.2,Rubus.sp,0,Rural.habitat.mosaic,FR
V08,1.2,Galium.aparine,0,Rural.habitat.mosaic,FR
V08,1.2,Galium.mollugo.aggr,0,Rural.habitat.mosaic,FR
V08,1.2,Heracleum.sphondylium,0,Rural.habitat.mosaic,FR
V08,1.2,Urtica.dioica,0,Rural.habitat.mosaic,FR
V08,1.2,Robinia.pseudoacacia,0,Rural.habitat.mosaic,FR
V08,1.2,Rubus.sp,0,Rural.habitat.mosaic,FR
V08,1.2,Galium.aparine,0,Rural.habitat.mosaic,FR
V08,1.2,Urtica.dioica,0,Rural.habitat.mosaic,FR
V08,1.2,Anthriscus.sylvestris,2270.58609059,Rural.habitat.mosaic,FR
V08,1.2,Chaerophyllum.sp,0,Rural.habitat.mosaic,FR
V08,1.2,Rubus.sp,0,Rural.habitat.mosaic,FR
V08,1.2,Galium.aparine,0,Rural.habitat.mosaic,FR
V08,1.2,Urtica.dioica,0,Rural.habitat.mosaic,FR
V08,1.2,Robinia.pseudoacacia,0,Rural.habitat.mosaic,FR
V08,1.2,Anthriscus.sylvestris,0,Rural.habitat.mosaic,FR
V08,1.2,Barbarea.vulgaris,104.552203504,Rural.habitat.mosaic,FR
V08,1.2,Cirsium.arvense,0,Rural.habitat.mosaic,FR
V08,1.2,Symphytum.sp,0,Rural.habitat.mosaic,FR
V08,1.2,Sambucus.ebulus,0,Rural.habitat.mosaic,FR
V08,1.2,Cornus.sp,0,Rural.habitat.mosaic,FR
V08,1.2,Rubus.sp,0,Rural.habitat.mosaic,FR
V08,1.2,Galium.aparine,0,Rural.habitat.mosaic,FR
V08,1.2,Urtica.dioica,0,Rural.habitat.mosaic,FR
V08,1.2,Barbarea.vulgaris,32.672563595,Rural.habitat.mosaic,FR
V08,1.2,Cirsium.arvense,0,Rural.habitat.mosaic,FR
V08,1.2,Symphytum.sp,0,Rural.habitat.mosaic,FR
V08,1.2,Sambucus.ebulus,0,Rural.habitat.mosaic,FR
V08,1.2,Cornus.sp,0,Rural.habitat.mosaic,FR
V08,1.2,Bryonia.dioica,0,Rural.habitat.mosaic,FR
V08,1.2,Ranunculus.ficaria,0,Rural.habitat.mosaic,FR
V08,1.2,Convolvulus.arvensis,0,Rural.habitat.mosaic,FR
V08,1.2,Artemisia.vulgaris,0,Rural.habitat.mosaic,FR
V08,1.2,Cornus.sp,0,Rural.habitat.mosaic,FR
V08,1.2,Rosa.sp,0,Rural.habitat.mosaic,FR
V08,1.2,Barbarea.vulgaris,346.329174107,Rural.habitat.mosaic,FR
V08,1.2,Artemisia.vulgaris,0,Rural.habitat.mosaic,FR
V08,1.2,Lamium.purpureum,6.9272118,Rural.habitat.mosaic,FR
V08,1.2,Anthriscus.sylvestris,0,Rural.habitat.mosaic,FR
V08,1.2,Glechoma.hederacea,0,Rural.habitat.mosaic,FR
V08,1.2,Cirsium.arvense,0,Rural.habitat.mosaic,FR
V08,1.2,Galium.aparine,0,Rural.habitat.mosaic,FR
V08,1.2,Robinia.pseudoacacia,0,Rural.habitat.mosaic,FR
V08,1.2,Barbarea.vulgaris,267.915021479,Rural.habitat.mosaic,FR
V08,1.2,Anthriscus.sylvestris,0,Rural.habitat.mosaic,FR
V08,1.2,Cirsium.arvense,0,Rural.habitat.mosaic,FR
V08,1.2,Galium.aparine,0,Rural.habitat.mosaic,FR
V08,1.2,Rubus.sp,0,Rural.habitat.mosaic,FR
V08,1.2,Robinia.pseudoacacia,0,Rural.habitat.mosaic,FR
V08,1.2,Barbarea.vulgaris,91.483178066,Rural.habitat.mosaic,FR
V08,1.2,Lamium.purpureum,7.3120569,Rural.habitat.mosaic,FR
V08,1.2,Anthriscus.sylvestris,0,Rural.habitat.mosaic,FR
V08,1.2,Cirsium.arvense,0,Rural.habitat.mosaic,FR
V08,1.2,Galium.aparine,8.482300176,Rural.habitat.mosaic,FR
V08,1.2,Rubus.sp,0,Rural.habitat.mosaic,FR
V08,1.2,Alliaria.petiolata,1.507964475,Rural.habitat.mosaic,FR
V08,1.2,Symphytum.sp,0,Rural.habitat.mosaic,FR
V08,1.2,Robinia.pseudoacacia,0,Rural.habitat.mosaic,FR
V08,1.2,Anthriscus.sylvestris,2655.43119069,Rural.habitat.mosaic,FR
V08,1.2,Anthriscus.sylvestris,3155.72982082,Rural.habitat.mosaic,FR
V08,1.2,Capsella.bursa.pastoris,0.589048623,Rural.habitat.mosaic,FR
V08,1.2,Galium.aparine,0,Rural.habitat.mosaic,FR
V08,1.2,Anthriscus.sylvestris,1847.25648048,Rural.habitat.mosaic,FR
V08,1.2,Capsella.bursa.pastoris,0,Rural.habitat.mosaic,FR
V08,1.2,Galium.aparine,0,Rural.habitat.mosaic,FR
V08,1.2,Glechoma.hederacea,1.1545353,Rural.habitat.mosaic,FR
V08,1.2,Urtica.dioica,0,Rural.habitat.mosaic,FR
V08,1.2,Lamium.album,14,Rural.habitat.mosaic,FR
V08,1.2,Fraxinus.excelsior,0,Rural.habitat.mosaic,FR
V08,1.2,Lamium.album,32,Rural.habitat.mosaic,FR
V08,1.2,Cruciata.laevipes,44.107960845,Rural.habitat.mosaic,FR
V08,1.2,Geum.urbanum,0,Rural.habitat.mosaic,FR
V08,1.2,Capsella.bursa.pastoris,0,Rural.habitat.mosaic,FR
V08,1.2,Glechoma.hederacea,6.9272118,Rural.habitat.mosaic,FR
V08,1.2,Urtica.dioica,0,Rural.habitat.mosaic,FR
V08,1.2,Galium.aparine,1.76714587,Rural.habitat.mosaic,FR
V08,1.2,Fraxinus.excelsior,0,Rural.habitat.mosaic,FR
V08,1.2,Hedera.helix,0,Rural.habitat.mosaic,FR
V08,1.2,Cornus.sp,0,Rural.habitat.mosaic,FR
V08,1.2,Chaerophyllum.temulum,2.513274123,Rural.habitat.mosaic,FR
V08,1.2,Stellaria.media,75.39822375,Rural.habitat.mosaic,FR
V08,1.2,Lapsana.communis,0,Rural.habitat.mosaic,FR
V08,1.2,Artemisia.vulgaris,0,Rural.habitat.mosaic,FR
V08,1.2,Taraxacum.officinale,0,Rural.habitat.mosaic,FR
V08,1.2,Lamium.purpureum,2.6939157,Rural.habitat.mosaic,FR
V08,1.2,Capsella.bursa.pastoris,2.945243115,Rural.habitat.mosaic,FR
V08,1.2,Viola.arvensis,3.6745395,Rural.habitat.mosaic,FR
V08,1.2,Veronica.persica,1.327322896,Rural.habitat.mosaic,FR
V08,1.2,Lactuca.serriola,0,Rural.habitat.mosaic,FR
V08,1.2,Fraxinus.excelsior,0,Rural.habitat.mosaic,FR
V08,1.2,Humulus.lupulus,0,Rural.habitat.mosaic,FR
V08,1.2,Stellaria.media,75.39822375,Rural.habitat.mosaic,FR
V08,1.2,Artemisia.vulgaris,0,Rural.habitat.mosaic,FR
V08,1.2,Lactuca.serriola,0,Rural.habitat.mosaic,FR
V08,1.2,Geranium.dissectum,1.570796326,Rural.habitat.mosaic,FR
V08,1.2,Geranium.molle,6.0318579,Rural.habitat.mosaic,FR
V08,1.2,Heracleum.sphondylium,0,Rural.habitat.mosaic,FR
V08,1.2,Salix.caprea,96.21127502,Rural.habitat.mosaic,FR
V08,1.2,Rubus.sp,0,Rural.habitat.mosaic,FR
V08,1.2,Ranunculus.sp,0,Rural.habitat.mosaic,FR
V08,1.2,Lapsana.communis,0,Rural.habitat.mosaic,FR
V08,1.2,Alliaria.petiolata,0,Rural.habitat.mosaic,FR
V08,1.2,Anthriscus.sylvestris,0,Rural.habitat.mosaic,FR
V08,1.2,Bellis.perennis,25.132741232,Rural.habitat.mosaic,FR
V08,1.2,Veronica.chamaedrys,230.90706,Rural.habitat.mosaic,FR
V08,1.2,Torilis.sp,0,Rural.habitat.mosaic,FR
V08,1.2,Prunus.sp,0,Rural.habitat.mosaic,FR
V08,1.2,Rubus.sp,0,Rural.habitat.mosaic,FR
V08,1.2,Lonicera.sp,0,Rural.habitat.mosaic,FR
V08,1.2,Hedera.helix,0,Rural.habitat.mosaic,FR
V08,1.2,Heracleum.sphondylium,0,Rural.habitat.mosaic,FR
V08,1.2,Lamium.galeobdolon,16.493361423,Rural.habitat.mosaic,FR
V08,1.2,Filipendula.ulmaria,0,Rural.habitat.mosaic,FR
V08,1.2,Urtica.dioica,0,Rural.habitat.mosaic,FR
V08,1.2,Ranunculus.ficaria,0,Rural.habitat.mosaic,FR
V08,1.2,Galium.mollugo.aggr,0,Rural.habitat.mosaic,FR
V08,1.2,Sambucus.nigra,0,Rural.habitat.mosaic,FR
V08,1.2,Hypericum.perforatum,0,Rural.habitat.mosaic,FR
V08,1.2,Cruciata.laevipes,735.13268075,Rural.habitat.mosaic,FR
V08,1.2,Rubus.sp,0,Rural.habitat.mosaic,FR
V08,1.2,Potentilla.reptans,0,Rural.habitat.mosaic,FR
V08,1.2,Cirsium.arvense,0,Rural.habitat.mosaic,FR
V08,1.2,Plantago.major,0,Rural.habitat.mosaic,FR
V08,1.2,Cornus.sp,0,Rural.habitat.mosaic,FR
V08,1.2,Rubus.sp,0,Rural.habitat.mosaic,FR
V08,1.2,Vicia.sativa,5.497787141,Rural.habitat.mosaic,FR
V08,1.2,Geranium.robertianum,18.849555924,Rural.habitat.mosaic,FR
V08,1.2,Lamium.galeobdolon,2.356194489,Rural.habitat.mosaic,FR
V08,1.2,Ranunculus.ficaria,0,Rural.habitat.mosaic,FR
V08,1.2,Crataegus.sp,0,Rural.habitat.mosaic,FR
V08,1.2,Hedera.helix,0,Rural.habitat.mosaic,FR
V08,1.2,Humulus.lupulus,0,Rural.habitat.mosaic,FR
V08,1.2,Mercurialis.perennis,0,Rural.habitat.mosaic,FR
V08,1.2,Alliaria.petiolata,0,Rural.habitat.mosaic,FR
V08,1.2,Acer.campestre,0,Rural.habitat.mosaic,FR
V08,1.2,Taraxacum.officinale,0,Rural.habitat.mosaic,FR
V08,1.2,Rubus.sp,0,Rural.habitat.mosaic,FR
V08,1.2,Lapsana.communis,0,Rural.habitat.mosaic,FR
V08,1.2,Cirsium.arvense,0,Rural.habitat.mosaic,FR
V08,1.2,Picris.hieracioides,0,Rural.habitat.mosaic,FR
V08,1.2,Veronica.persica,0,Rural.habitat.mosaic,FR
V08,1.2,Crataegus.sp,0,Rural.habitat.mosaic,FR
V08,1.2,Acer.campestre,0,Rural.habitat.mosaic,FR
V08,1.2,Rubus.sp,0,Rural.habitat.mosaic,FR
V08,1.2,Lonicera.sp,0,Rural.habitat.mosaic,FR
V08,1.2,Rubus.sp,0,Rural.habitat.mosaic,FR
V08,1.2,Ranunculus.sp,6.605198554,Rural.habitat.mosaic,FR
V08,1.2,Geranium.rotundifolium,0.589048623,Rural.habitat.mosaic,FR
V08,1.2,Potentilla.reptans,0,Rural.habitat.mosaic,FR
V08,1.2,Sambucus.ebulus,0,Rural.habitat.mosaic,FR
V08,1.2,Rubus.sp,0,Rural.habitat.mosaic,FR
V08,1.2,Euphorbia.flavicoma,36.316811072,Rural.habitat.mosaic,FR
V08,1.2,Lapsana.communis,0,Rural.habitat.mosaic,FR
V08,1.2,Artemisia.vulgaris,0,Rural.habitat.mosaic,FR
V08,1.2,Barbarea.vulgaris,0,Rural.habitat.mosaic,FR
V08,1.2,Alliaria.petiolata,0,Rural.habitat.mosaic,FR
V08,1.2,Anthriscus.sylvestris,0,Rural.habitat.mosaic,FR
V08,1.2,Lysimachia.nummularia,0,Rural.habitat.mosaic,FR
V08,1.2,Galium.aparine,0,Rural.habitat.mosaic,FR
V08,1.2,Crataegus.sp,0,Rural.habitat.mosaic,FR
V08,1.2,Crataegus.sp,0,Rural.habitat.mosaic,FR
V08,1.2,Ribes.sp,0,Rural.habitat.mosaic,FR
V08,1.2,Hedera.helix,0,Rural.habitat.mosaic,FR
V08,1.2,Galium.aparine,0.706858348,Rural.habitat.mosaic,FR
V08,1.2,Allium.ursinum,0,Rural.habitat.mosaic,FR
V08,1.2,Crataegus.sp,0,Rural.habitat.mosaic,FR
V08,1.2,Ribes.sp,0,Rural.habitat.mosaic,FR
V08,1.2,Hedera.helix,0,Rural.habitat.mosaic,FR
V08,1.2,Rosa.sp,0,Rural.habitat.mosaic,FR
V08,1.2,Crataegus.sp,0,Rural.habitat.mosaic,FR
V08,1.2,Viburnum.opulus,2.387610414,Rural.habitat.mosaic,FR
V08,1.2,Sambucus.sp,0,Rural.habitat.mosaic,FR
V08,1.2,Filipendula.ulmaria,0,Rural.habitat.mosaic,FR
V08,1.2,Cruciata.laevipes,71.251321365,Rural.habitat.mosaic,FR
V08,1.2,Rubus.sp,0,Rural.habitat.mosaic,FR
V08,1.2,Glechoma.hederacea,0,Rural.habitat.mosaic,FR
V08,1.2,Mentha.arvensis,0,Rural.habitat.mosaic,FR
V08,1.2,Euphorbia.flavicoma,49.935615224,Rural.habitat.mosaic,FR
V08,1.2,Geranium.molle,0,Rural.habitat.mosaic,FR
V08,1.2,Mentha.aquatica,0,Rural.habitat.mosaic,FR
V08,1.2,Primula.veris,0,Rural.habitat.mosaic,FR
V08,1.2,Ranunculus.sp,0,Rural.habitat.mosaic,FR
V08,1.2,Centaurea.sp,0,Rural.habitat.mosaic,FR
V08,1.2,Vicia.sativa,0,Rural.habitat.mosaic,FR
V08,1.2,Hypericum.perforatum,0,Rural.habitat.mosaic,FR
V08,1.2,Cerastium.sp,0,Rural.habitat.mosaic,FR
V08,1.2,Cruciata.laevipes,5.654866775,Rural.habitat.mosaic,FR
V08,1.2,Rubus.sp,0,Rural.habitat.mosaic,FR
V08,1.2,Galium.mollugo.aggr,0,Rural.habitat.mosaic,FR
V08,1.2,Torilis.sp,0,Rural.habitat.mosaic,FR
V08,1.2,Euphorbia.flavicoma,45.39601384,Rural.habitat.mosaic,FR
V08,1.2,Myosotis.sp,6.149667645,Rural.habitat.mosaic,FR
V08,1.2,Veronica.arvensis,0.125663706,Rural.habitat.mosaic,FR
V08,1.2,Campanula.sp,0,Rural.habitat.mosaic,FR
V08,1.2,Taraxacum.officinale,0,Rural.habitat.mosaic,FR
V08,1.2,Cruciata.laevipes,1696.4600325,Rural.habitat.mosaic,FR
V08,1.2,Rubus.sp,0,Rural.habitat.mosaic,FR
V08,1.2,Lapsana.communis,0,Rural.habitat.mosaic,FR
V08,1.2,Galium.mollugo.aggr,0,Rural.habitat.mosaic,FR
V08,1.2,Torilis.sp,0,Rural.habitat.mosaic,FR
V08,1.2,Rubus.sp,0,Rural.habitat.mosaic,FR
V08,1.2,Ranunculus.acris,280.103326566,Rural.habitat.mosaic,FR
V08,1.2,Heracleum.sphondylium,0,Rural.habitat.mosaic,FR
V08,1.2,Urtica.dioica,0,Rural.habitat.mosaic,FR
V08,1.2,Rubus.sp,0,Rural.habitat.mosaic,FR
V08,1.2,Lapsana.communis,0,Rural.habitat.mosaic,FR
V08,1.2,Ranunculus.acris,13.338253646,Rural.habitat.mosaic,FR
V08,1.2,Ajuga.reptans,110.44661675,Rural.habitat.mosaic,FR
V08,1.2,Alliaria.petiolata,0,Rural.habitat.mosaic,FR
V08,1.2,Prunella.vulgaris,0,Rural.habitat.mosaic,FR
V08,1.2,Glechoma.hederacea,0,Rural.habitat.mosaic,FR
V08,1.2,Mentha.arvensis,0,Rural.habitat.mosaic,FR
V03,3.1,Medicago.sativa,314.15926525,Rural.habitat.mosaic,FR
V03,3.1,Taraxacum.officinale,0,Rural.habitat.mosaic,FR
V03,3.1,Stellaria.media,0,Rural.habitat.mosaic,FR
V03,3.1,Veronica.persica,0,Rural.habitat.mosaic,FR
V03,3.1,Medicago.sativa,314.15926525,Rural.habitat.mosaic,FR
V03,3.1,Taraxacum.officinale,0,Rural.habitat.mosaic,FR
V03,3.1,Stellaria.media,0,Rural.habitat.mosaic,FR
V03,3.1,Veronica.persica,0,Rural.habitat.mosaic,FR
V03,3.1,Myosotis.arvensis,0,Rural.habitat.mosaic,FR
V03,3.1,Rumex.acetosa,0,Rural.habitat.mosaic,FR
V03,3.1,Medicago.sativa,314.15926525,Rural.habitat.mosaic,FR
V03,3.1,Taraxacum.officinale,0,Rural.habitat.mosaic,FR
V03,3.1,Veronica.persica,0,Rural.habitat.mosaic,FR
V03,3.1,Myosotis.arvensis,0,Rural.habitat.mosaic,FR
V03,3.1,Cerastium.pumilum,0,Rural.habitat.mosaic,FR
V03,3.1,Trifolium.repens,2.827433388,Rural.habitat.mosaic,FR
V03,3.1,Medicago.sativa,41.469023013,Rural.habitat.mosaic,FR
V03,3.1,Taraxacum.officinale,0,Rural.habitat.mosaic,FR
V03,3.1,Rumex.sp,0,Rural.habitat.mosaic,FR
V03,3.1,Plantago.major,0,Rural.habitat.mosaic,FR
V03,3.1,Stellaria.media,0,Rural.habitat.mosaic,FR
V03,3.1,Helminthotheca.echioides,0,Rural.habitat.mosaic,FR
V03,3.1,Trifolium.repens,0,Rural.habitat.mosaic,FR
V03,3.1,Medicago.sativa,64.088490111,Rural.habitat.mosaic,FR
V03,3.1,Taraxacum.officinale,0,Rural.habitat.mosaic,FR
V03,3.1,Rumex.sp,0,Rural.habitat.mosaic,FR
V03,3.1,Crepis.setosa,0,Rural.habitat.mosaic,FR
V03,3.1,Geranium.dissectum,0,Rural.habitat.mosaic,FR
V03,3.1,Matricaria.sp,0,Rural.habitat.mosaic,FR
V03,3.1,Medicago.sativa,66.601764233,Rural.habitat.mosaic,FR
V03,3.1,Taraxacum.officinale,0,Rural.habitat.mosaic,FR
V03,3.1,Rumex.sp,0,Rural.habitat.mosaic,FR
V03,3.1,Geranium.dissectum,0.785398163,Rural.habitat.mosaic,FR
V03,3.1,Cerastium.sp,0,Rural.habitat.mosaic,FR
V03,3.1,Trifolium.repens,2.827433388,Rural.habitat.mosaic,FR
V03,3.1,Medicago.sativa,21.362830037,Rural.habitat.mosaic,FR
V03,3.1,Stellaria.media,0,Rural.habitat.mosaic,FR
V03,3.1,Trifolium.pratense,0.534070751,Rural.habitat.mosaic,FR
V03,3.1,Trifolium.repens,0,Rural.habitat.mosaic,FR
V03,3.1,Medicago.sativa,40.212385952,Rural.habitat.mosaic,FR
V03,3.1,Rumex.sp,0,Rural.habitat.mosaic,FR
V03,3.1,Stellaria.media,0,Rural.habitat.mosaic,FR
V03,3.1,Medicago.sativa,133.203528466,Rural.habitat.mosaic,FR
V03,3.1,Taraxacum.officinale,0,Rural.habitat.mosaic,FR
V03,3.1,Plantago.major,0,Rural.habitat.mosaic,FR
V03,3.1,Stellaria.media,0,Rural.habitat.mosaic,FR
V03,3.1,Galium.mollugo.aggr,0,Rural.habitat.mosaic,FR
V03,3.1,Ranunculus.sp,0,Rural.habitat.mosaic,FR
V03,3.1,Lathyrus.pratensis,3.141592652,Rural.habitat.mosaic,FR
V03,3.1,Cirsium.arvense,0,Rural.habitat.mosaic,FR
V03,3.1,Trifolium.pratense,1.602212253,Rural.habitat.mosaic,FR
V03,3.1,Veronica.chamaedrys,0,Rural.habitat.mosaic,FR
V03,3.1,Vicia.sepium,0,Rural.habitat.mosaic,FR
V03,3.1,Geum.urbanum,0,Rural.habitat.mosaic,FR
V03,3.1,Crataegus.laevigata,0,Rural.habitat.mosaic,FR
V03,3.1,Crataegus.laevigata,0,Rural.habitat.mosaic,FR
V03,3.1,Acer.campestre,0,Rural.habitat.mosaic,FR
V03,3.1,Rubus.sp,0,Rural.habitat.mosaic,FR
V03,3.1,Prunus.avium,0,Rural.habitat.mosaic,FR
V03,3.1,Rumex.sp,0,Rural.habitat.mosaic,FR
V03,3.1,Ranunculus.sp,0,Rural.habitat.mosaic,FR
V03,3.1,Cirsium.arvense,0,Rural.habitat.mosaic,FR
V03,3.1,Veronica.chamaedrys,0,Rural.habitat.mosaic,FR
V03,3.1,Vicia.sepium,0,Rural.habitat.mosaic,FR
V03,3.1,Rumex.sp,0,Rural.habitat.mosaic,FR
V03,3.1,Cirsium.vulgare,0,Rural.habitat.mosaic,FR
V03,3.1,Calystegia.sepium,0,Rural.habitat.mosaic,FR
V03,3.1,Fragaria.sp,0,Rural.habitat.mosaic,FR
V03,3.1,Populus.tremula,0,Rural.habitat.mosaic,FR
V03,3.1,Galium.mollugo.aggr,0,Rural.habitat.mosaic,FR
V03,3.1,Campanula.trachelium,61.57521601,Rural.habitat.mosaic,FR
V03,3.1,Calystegia.sepium,0,Rural.habitat.mosaic,FR
V03,3.1,Carpinus.betulus,0,Rural.habitat.mosaic,FR
V03,3.1,Ranunculus.sp,0,Rural.habitat.mosaic,FR
V03,3.1,Trifolium.pratense,0,Rural.habitat.mosaic,FR
V03,3.1,Vicia.sepium,0,Rural.habitat.mosaic,FR
V03,3.1,Calystegia.sepium,0,Rural.habitat.mosaic,FR
V03,3.1,Fragaria.sp,0,Rural.habitat.mosaic,FR
V03,3.1,Plantago.major,0,Rural.habitat.mosaic,FR
V03,3.1,Trifolium.repens,3.769911184,Rural.habitat.mosaic,FR
V03,3.1,Heracleum.sphondylium,0,Rural.habitat.mosaic,FR
V03,3.1,Taraxacum.officinale,0,Rural.habitat.mosaic,FR
V03,3.1,Quercus.robur,0,Rural.habitat.mosaic,FR
V03,3.1,Lotus.corniculatus,4,Rural.habitat.mosaic,FR
V03,3.1,Cirsium.arvense,0,Rural.habitat.mosaic,FR
V03,3.1,Populus.tremula,0,Rural.habitat.mosaic,FR
V03,3.1,Galium.parisiense,22.619467136,Rural.habitat.mosaic,FR
V03,3.1,Stachys.officinalis,40.05530633,Rural.habitat.mosaic,FR
V03,3.1,Lysimachia.nummularia,0,Rural.habitat.mosaic,FR
V03,3.1,Ranunculus.sp,0,Rural.habitat.mosaic,FR
V03,3.1,Hedera.helix,0,Rural.habitat.mosaic,FR
V03,3.1,Potentilla.reptans,25.132741232,Rural.habitat.mosaic,FR
V03,3.1,Fragaria.sp,0,Rural.habitat.mosaic,FR
V03,3.1,Taraxacum.officinale,0,Rural.habitat.mosaic,FR
V03,3.1,Galium.parisiense,8.83572935,Rural.habitat.mosaic,FR
V03,3.1,Lysimachia.nummularia,0,Rural.habitat.mosaic,FR
V03,3.1,Ranunculus.sp,0,Rural.habitat.mosaic,FR
V03,3.1,Hedera.helix,0,Rural.habitat.mosaic,FR
V03,3.1,Fragaria.sp,0,Rural.habitat.mosaic,FR
V03,3.1,Taraxacum.officinale,0,Rural.habitat.mosaic,FR
V03,3.1,Silene.dichotoma,0,Rural.habitat.mosaic,FR
V03,3.1,Veronica.chamaedrys,0,Rural.habitat.mosaic,FR
V03,3.1,Trifolium.repens,0,Rural.habitat.mosaic,FR
V03,3.1,Vicia.sepium,0,Rural.habitat.mosaic,FR
V03,3.1,Geranium.robertianum,3.141592654,Rural.habitat.mosaic,FR
V03,3.1,Rumex.sp,0,Rural.habitat.mosaic,FR
V03,3.1,Fragaria.sp,0,Rural.habitat.mosaic,FR
V03,3.1,Lathyrus.pratensis,15.70796326,Rural.habitat.mosaic,FR
V03,3.1,Potentilla.anserina,0,Rural.habitat.mosaic,FR
V03,3.1,Heracleum.sphondylium,0,Rural.habitat.mosaic,FR
V03,3.1,Potentilla.reptans,0,Rural.habitat.mosaic,FR
V03,3.1,Cirsium.vulgare,0,Rural.habitat.mosaic,FR
V03,3.1,Ranunculus.sp,0,Rural.habitat.mosaic,FR
V03,3.1,Acer.campestre,0,Rural.habitat.mosaic,FR
V03,3.1,Carpinus.betulus,0,Rural.habitat.mosaic,FR
V03,3.1,Lonicera.periclymenum,0,Rural.habitat.mosaic,FR
V03,3.1,Rubus.sp,0,Rural.habitat.mosaic,FR
V03,3.1,Salix.caprea,0,Rural.habitat.mosaic,FR
V03,3.1,Plantago.lanceolata,235.61944896,Rural.habitat.mosaic,FR
V03,3.1,Agrimonia.eupatoria,18.09557368,Rural.habitat.mosaic,FR
V03,3.1,Prunella.vulgaris,0,Rural.habitat.mosaic,FR
V03,3.1,Achillea.millefolium,0,Rural.habitat.mosaic,FR
V03,3.1,Potentilla.reptans,0,Rural.habitat.mosaic,FR
V03,3.1,Centaurea.sp,0,Rural.habitat.mosaic,FR
V03,3.1,Campanula.sp,0,Rural.habitat.mosaic,FR
V03,3.1,Picris.hieracioides,0,Rural.habitat.mosaic,FR
V03,3.1,Convolvulus.arvensis,0,Rural.habitat.mosaic,FR
V03,3.1,Calystegia.sepium,0,Rural.habitat.mosaic,FR
V03,3.1,Lotus.corniculatus,1,Rural.habitat.mosaic,FR
V03,3.1,Agrimonia.eupatoria,4.52389342,Rural.habitat.mosaic,FR
V03,3.1,Calystegia.sepium,0,Rural.habitat.mosaic,FR
V03,3.1,Lotus.corniculatus,2,Rural.habitat.mosaic,FR
V03,3.1,Lythrum.salicaria,18.4725648,Rural.habitat.mosaic,FR
V03,3.1,Galium.mollugo.aggr,0,Rural.habitat.mosaic,FR
V03,3.1,Epilobium.hirsutum,31.41592654,Rural.habitat.mosaic,FR
V03,3.1,Populus.sp,0,Rural.habitat.mosaic,FR
V03,3.1,Calystegia.sepium,0,Rural.habitat.mosaic,FR
V03,3.1,Lythrum.salicaria,15.393804,Rural.habitat.mosaic,FR
V03,3.1,Galium.mollugo.aggr,0,Rural.habitat.mosaic,FR
V03,3.1,Epilobium.hirsutum,0,Rural.habitat.mosaic,FR
V03,3.1,Prunus.sp,0,Rural.habitat.mosaic,FR
V03,3.1,Mentha.sp,0,Rural.habitat.mosaic,FR
V02,3.1,Medicago.sativa,188.49555915,Intensive.agriculture,FR
V02,3.1,Veronica.persica,0,Intensive.agriculture,FR
V02,3.1,Crepis.setosa,0,Intensive.agriculture,FR
V02,3.1,Erigeron.annuus,0,Intensive.agriculture,FR
V02,3.1,Stellaria.media,0,Intensive.agriculture,FR
V02,3.1,Medicago.sativa,314.15926525,Intensive.agriculture,FR
V02,3.1,Veronica.persica,0,Intensive.agriculture,FR
V02,3.1,Erigeron.annuus,0,Intensive.agriculture,FR
V02,3.1,Stellaria.media,0.502654825,Intensive.agriculture,FR
V02,3.1,Helianthus.annuus,314.1592654,Intensive.agriculture,FR
V02,3.1,Anagallis.foemina,0.848230017,Intensive.agriculture,FR
V02,3.1,Medicago.sativa,188.49555915,Intensive.agriculture,FR
V02,3.1,Veronica.persica,1.327322896,Intensive.agriculture,FR
V02,3.1,Erigeron.annuus,0,Intensive.agriculture,FR
V02,3.1,Stellaria.media,0,Intensive.agriculture,FR
V02,3.1,Anagallis.foemina,0,Intensive.agriculture,FR
V02,3.1,Tragopogon.pratensis,0,Intensive.agriculture,FR
V02,3.1,Myosotis.arvensis,3.39292008,Intensive.agriculture,FR
V02,3.1,Medicago.sativa,314.15926525,Intensive.agriculture,FR
V02,3.1,Stellaria.media,0,Intensive.agriculture,FR
V02,3.1,Myosotis.arvensis,1.484402535,Intensive.agriculture,FR
V02,3.1,Trifolium.pratense,2.136283004,Intensive.agriculture,FR
V02,3.1,Lactuca.virosa,0,Intensive.agriculture,FR
V02,3.1,Cirsium.arvense,0,Intensive.agriculture,FR
V02,3.1,Fallopia.convolvulus,0,Intensive.agriculture,FR
V02,3.1,Medicago.sativa,314.15926525,Intensive.agriculture,FR
V02,3.1,Erigeron.annuus,6.283185308,Intensive.agriculture,FR
V02,3.1,Stellaria.media,0,Intensive.agriculture,FR
V02,3.1,Myosotis.arvensis,0.212057505,Intensive.agriculture,FR
V02,3.1,Picris.hieracioides,0,Intensive.agriculture,FR
V02,3.1,Anagallis.arvensis,0,Intensive.agriculture,FR
V02,3.1,Medicago.sativa,188.49555915,Intensive.agriculture,FR
V02,3.1,Lactuca.virosa,0,Intensive.agriculture,FR
V02,3.1,Rumex.crispus,0,Intensive.agriculture,FR
V02,3.1,Medicago.sativa,188.49555915,Intensive.agriculture,FR
V02,3.1,Stellaria.media,0,Intensive.agriculture,FR
V02,3.1,Lactuca.virosa,0,Intensive.agriculture,FR
V02,3.1,Lactuca.serriola,0,Intensive.agriculture,FR
V02,3.1,Medicago.sativa,188.49555915,Intensive.agriculture,FR
V02,3.1,Lactuca.virosa,0,Intensive.agriculture,FR
V02,3.1,Anagallis.arvensis,0,Intensive.agriculture,FR
V02,3.1,Medicago.sativa,188.49555915,Intensive.agriculture,FR
V02,3.1,Plantago.lanceolata,157.07963264,Intensive.agriculture,FR
V02,3.1,Myosotis.arvensis,12.511392795,Intensive.agriculture,FR
V02,3.1,Stellaria.media,0,Intensive.agriculture,FR
V02,3.1,Crepis.setosa,0,Intensive.agriculture,FR
V02,3.1,Medicago.sativa,188.49555915,Intensive.agriculture,FR
V02,3.1,Stellaria.media,0,Intensive.agriculture,FR
V02,3.1,Sonchus.asper,0,Intensive.agriculture,FR
V02,3.1,Anagallis.arvensis,0,Intensive.agriculture,FR
V09,3.1,Glycine.max,5.089380102,Intensive.agriculture,FR
V09,3.1,Glycine.max,9.613273526,Intensive.agriculture,FR
V09,3.1,Glycine.max,1.696460034,Intensive.agriculture,FR
V09,3.1,Glycine.max,0.848230017,Intensive.agriculture,FR
V09,3.1,Glycine.max,3.675663407,Intensive.agriculture,FR
V09,3.1,Glycine.max,8.765043509,Intensive.agriculture,FR
V09,3.1,Glycine.max,5.372123441,Intensive.agriculture,FR
V09,3.1,Glycine.max,5.089380102,Intensive.agriculture,FR
V09,3.1,Glycine.max,4.523893424,Intensive.agriculture,FR
V09,3.1,Glycine.max,8.765043509,Intensive.agriculture,FR
V09,3.1,Senecio.vulgaris,0,Intensive.agriculture,FR
V09,3.1,Chenopodium.album,0,Intensive.agriculture,FR
V09,3.1,Lapsana.communis,0,Intensive.agriculture,FR
V09,3.1,Picris.hieracioides,0,Intensive.agriculture,FR
V09,3.1,Glycine.max,5.937610119,Intensive.agriculture,FR
V09,3.1,Chenopodium.album,0,Intensive.agriculture,FR
V09,3.1,Lapsana.communis,0,Intensive.agriculture,FR
V09,3.1,Picris.hieracioides,0,Intensive.agriculture,FR
V09,3.1,Polygonum.aviculare,0,Intensive.agriculture,FR
V09,3.1,Trifolium.sp,0,Intensive.agriculture,FR
V09,3.1,Glycine.max,5.937610119,Intensive.agriculture,FR
V09,3.1,Chenopodium.album,0,Intensive.agriculture,FR
V09,3.1,Lapsana.communis,0,Intensive.agriculture,FR
V09,3.1,Trifolium.sp,0,Intensive.agriculture,FR
V09,3.1,Mercurialis.annua,0,Intensive.agriculture,FR
V09,3.1,Glycine.max,2.82743339,Intensive.agriculture,FR
V09,3.1,Chenopodium.album,0,Intensive.agriculture,FR
V09,3.1,Glycine.max,9.330530187,Intensive.agriculture,FR
V09,3.1,Glycine.max,15.550883645,Intensive.agriculture,FR
V09,3.1,Glycine.max,7.634070153,Intensive.agriculture,FR
V09,3.1,Senecio.vulgaris,0,Intensive.agriculture,FR
V09,3.1,Papaver.rhoeas,0,Intensive.agriculture,FR
V09,3.1,Rubus.sp,25.132741232,Intensive.agriculture,FR
V09,3.1,Securigera.varia,417.046424789,Intensive.agriculture,FR
V09,3.1,Dipsacus.fullonum,402.12385968,Intensive.agriculture,FR
V09,3.1,Dipsacus.laciniatus,0,Intensive.agriculture,FR
V09,3.1,Galium.mollugo.aggr,0,Intensive.agriculture,FR
V09,3.1,Torilis.arvensis,2474.00421485,Intensive.agriculture,FR
V09,3.1,Galium.mollugo.aggr,0,Intensive.agriculture,FR
V09,3.1,Galium.album,25.525440304,Intensive.agriculture,FR
V09,3.1,Sonchus.asper,0,Intensive.agriculture,FR
V09,3.1,Lotus.corniculatus,51,Intensive.agriculture,FR
V09,3.1,Plantago.lanceolata,0,Intensive.agriculture,FR
V09,3.1,Ranunculus.sp,0,Intensive.agriculture,FR
V09,3.1,Centaurea.jacea,0,Intensive.agriculture,FR
V09,3.1,Trifolium.repens,0,Intensive.agriculture,FR
V09,3.1,Convolvulus.arvensis,0,Intensive.agriculture,FR
V09,3.1,Ranunculus.sp,0,Intensive.agriculture,FR
V09,3.1,Centaurea.jacea,31.85574951,Intensive.agriculture,FR
V09,3.1,Picris.hieracioides,0,Intensive.agriculture,FR
V09,3.1,Trifolium.repens,0,Intensive.agriculture,FR
V09,3.1,Rubus.sp,6.283185308,Intensive.agriculture,FR
V09,3.1,Fragaria.sp,0,Intensive.agriculture,FR
V09,3.1,Galium.aparine,0,Intensive.agriculture,FR
V09,3.1,Cornus.sanguinea,0,Intensive.agriculture,FR
V09,3.1,Hedera.helix,0,Intensive.agriculture,FR
V09,3.1,Crataegus.monogyna,0,Intensive.agriculture,FR
V09,3.1,Rumex.conglomeratus,0,Intensive.agriculture,FR
V09,3.1,Euonymus.europaeus,0,Intensive.agriculture,FR
V09,3.1,Geranium.sp,0,Intensive.agriculture,FR
V08,3.1,Taraxacum.officinale,0,Rural.habitat.mosaic,FR
V08,3.1,Trifolium.pratense,1.602212253,Rural.habitat.mosaic,FR
V08,3.1,Cirsium.arvense,0,Rural.habitat.mosaic,FR
V08,3.1,Sonchus.asper,1.767145868,Rural.habitat.mosaic,FR
V08,3.1,Veronica.persica,0,Rural.habitat.mosaic,FR
V08,3.1,Crepis.sp,6.157521601,Rural.habitat.mosaic,FR
V08,3.1,Trifolium.repens,0.471238898,Rural.habitat.mosaic,FR
V08,3.1,Plantago.major,0,Rural.habitat.mosaic,FR
V08,3.1,Myosotis.arvensis,5.301437625,Rural.habitat.mosaic,FR
V08,3.1,Taraxacum.officinale,0,Rural.habitat.mosaic,FR
V08,3.1,Trifolium.pratense,0,Rural.habitat.mosaic,FR
V08,3.1,Cirsium.arvense,0,Rural.habitat.mosaic,FR
V08,3.1,Veronica.persica,0,Rural.habitat.mosaic,FR
V08,3.1,Crepis.sp,0,Rural.habitat.mosaic,FR
V08,3.1,Trifolium.repens,0,Rural.habitat.mosaic,FR
V08,3.1,Myosotis.arvensis,1.69646004,Rural.habitat.mosaic,FR
V08,3.1,Helminthotheca.echioides,9.817477042,Rural.habitat.mosaic,FR
V08,3.1,Lactuca.serriola,0,Rural.habitat.mosaic,FR
V08,3.1,Fallopia.convolvulus,0,Rural.habitat.mosaic,FR
V08,3.1,Taraxacum.officinale,0,Rural.habitat.mosaic,FR
V08,3.1,Trifolium.pratense,19.226547036,Rural.habitat.mosaic,FR
V08,3.1,Cirsium.arvense,0,Rural.habitat.mosaic,FR
V08,3.1,Sonchus.asper,0,Rural.habitat.mosaic,FR
V08,3.1,Crepis.sp,98.520345616,Rural.habitat.mosaic,FR
V08,3.1,Trifolium.repens,0,Rural.habitat.mosaic,FR
V08,3.1,Taraxacum.officinale,0,Rural.habitat.mosaic,FR
V08,3.1,Trifolium.pratense,11.215485771,Rural.habitat.mosaic,FR
V08,3.1,Sonchus.asper,0,Rural.habitat.mosaic,FR
V08,3.1,Plantago.major,0,Rural.habitat.mosaic,FR
V08,3.1,Lactuca.serriola,0,Rural.habitat.mosaic,FR
V08,3.1,Papaver.dubium,78.53981632,Rural.habitat.mosaic,FR
V08,3.1,Picris.hieracioides,0,Rural.habitat.mosaic,FR
V08,3.1,Taraxacum.officinale,0,Rural.habitat.mosaic,FR
V08,3.1,Trifolium.pratense,12.817698024,Rural.habitat.mosaic,FR
V08,3.1,Cirsium.arvense,0,Rural.habitat.mosaic,FR
V08,3.1,Sonchus.asper,0,Rural.habitat.mosaic,FR
V08,3.1,Trifolium.repens,0.471238898,Rural.habitat.mosaic,FR
V08,3.1,Myosotis.arvensis,31.80862575,Rural.habitat.mosaic,FR
V08,3.1,Lactuca.serriola,0,Rural.habitat.mosaic,FR
V08,3.1,Tripleurospermum.inodorum,144.31691253,Rural.habitat.mosaic,FR
V08,3.1,Lapsana.communis,0,Rural.habitat.mosaic,FR
V08,3.1,Geranium.molle,2.513274125,Rural.habitat.mosaic,FR
V08,3.1,Taraxacum.officinale,0,Rural.habitat.mosaic,FR
V08,3.1,Cirsium.arvense,0,Rural.habitat.mosaic,FR
V08,3.1,Sonchus.asper,15.904312812,Rural.habitat.mosaic,FR
V08,3.1,Tripleurospermum.inodorum,0,Rural.habitat.mosaic,FR
V08,3.1,Trifolium.resupinatum,93.48201645,Rural.habitat.mosaic,FR
V08,3.1,Trifolium.incarnatum,17.090264032,Rural.habitat.mosaic,FR
V08,3.1,Papaver.rhoeas,38.48451001,Rural.habitat.mosaic,FR
V08,3.1,Silene.latifolia,7.068583471,Rural.habitat.mosaic,FR
V08,3.1,Taraxacum.officinale,0,Rural.habitat.mosaic,FR
V08,3.1,Cirsium.arvense,0,Rural.habitat.mosaic,FR
V08,3.1,Sonchus.asper,0,Rural.habitat.mosaic,FR
V08,3.1,Lactuca.serriola,1.570796326,Rural.habitat.mosaic,FR
V08,3.1,Fallopia.convolvulus,0.09817477,Rural.habitat.mosaic,FR
V08,3.1,Trifolium.resupinatum,93.48201645,Rural.habitat.mosaic,FR
V08,3.1,Trifolium.incarnatum,23.499113044,Rural.habitat.mosaic,FR
V08,3.1,Daucus.carota,314.15926536,Rural.habitat.mosaic,FR
V08,3.1,Medicago.lupulina,2.756747552,Rural.habitat.mosaic,FR
V08,3.1,Chenopodium.album,0,Rural.habitat.mosaic,FR
V08,3.1,Polygonum.aviculare,1.13097336,Rural.habitat.mosaic,FR
V08,3.1,Anagallis.arvensis,1.327322896,Rural.habitat.mosaic,FR
V08,3.1,Anagallis.foemina,1.130973356,Rural.habitat.mosaic,FR
V08,3.1,Filipendula.ulmaria,96.21127502,Rural.habitat.mosaic,FR
V08,3.1,Sambucus.ebulus,0,Rural.habitat.mosaic,FR
V08,3.1,Urtica.dioica,0,Rural.habitat.mosaic,FR
V08,3.1,Symphytum.sp,0,Rural.habitat.mosaic,FR
V08,3.1,Rubus.sp,0,Rural.habitat.mosaic,FR
V08,3.1,Calystegia.sepium,0,Rural.habitat.mosaic,FR
V08,3.1,Robinia.pseudoacacia,0,Rural.habitat.mosaic,FR
V08,3.1,Urtica.dioica,0,Rural.habitat.mosaic,FR
V08,3.1,Rubus.sp,0,Rural.habitat.mosaic,FR
V08,3.1,Heracleum.sphondylium,0,Rural.habitat.mosaic,FR
V08,3.1,Torilis.arvensis,28.274333884,Rural.habitat.mosaic,FR
V08,3.1,Erigeron.annuus,471.2388981,Rural.habitat.mosaic,FR
V08,3.1,Artemisia.vulgaris,0,Rural.habitat.mosaic,FR
V08,3.1,Carduus.crispus,75.398223696,Rural.habitat.mosaic,FR
V08,3.1,Robinia.pseudoacacia,0,Rural.habitat.mosaic,FR
V08,3.1,Filipendula.ulmaria,41.23340358,Rural.habitat.mosaic,FR
V08,3.1,Rubus.sp,12.566370616,Rural.habitat.mosaic,FR
V08,3.1,Robinia.pseudoacacia,0,Rural.habitat.mosaic,FR
V08,3.1,Torilis.arvensis,91.891585123,Rural.habitat.mosaic,FR
V08,3.1,Hypericum.perforatum,245.43692605,Rural.habitat.mosaic,FR
V08,3.1,Bryonia.dioica,0,Rural.habitat.mosaic,FR
V08,3.1,Galium.aparine,0,Rural.habitat.mosaic,FR
V08,3.1,Vicia.sp,0,Rural.habitat.mosaic,FR
V08,3.1,Robinia.pseudoacacia,0,Rural.habitat.mosaic,FR
V08,3.1,Rubus.sp,0,Rural.habitat.mosaic,FR
V08,3.1,Plantago.major,0,Rural.habitat.mosaic,FR
V08,3.1,Taraxacum.officinale,0,Rural.habitat.mosaic,FR
V08,3.1,Tragopogon.pratensis,19.63495408,Rural.habitat.mosaic,FR
V08,3.1,Clematis.vitalba,736.31077815,Rural.habitat.mosaic,FR
V08,3.1,Rubus.sp,0,Rural.habitat.mosaic,FR
V08,3.1,Clematis.vitalba,93.266031899,Rural.habitat.mosaic,FR
V08,3.1,Artemisia.vulgaris,0,Rural.habitat.mosaic,FR
V08,3.1,Galium.mollugo.aggr,441.78646695,Rural.habitat.mosaic,FR
V08,3.1,Geranium.robertianum,0,Rural.habitat.mosaic,FR
V08,3.1,Lapsana.communis,14.137166942,Rural.habitat.mosaic,FR
V08,3.1,Campanula.trachelium,0,Rural.habitat.mosaic,FR
V08,3.1,Rubus.sp,0,Rural.habitat.mosaic,FR
V08,3.1,Clematis.vitalba,137.444678588,Rural.habitat.mosaic,FR
V08,3.1,Urtica.dioica,226.19467098,Rural.habitat.mosaic,FR
V08,3.1,Ranunculus.ficaria,0,Rural.habitat.mosaic,FR
V08,3.1,Artemisia.vulgaris,0,Rural.habitat.mosaic,FR
V08,3.1,Rubus.sp,0,Rural.habitat.mosaic,FR
V08,3.1,Geum.urbanum,0,Rural.habitat.mosaic,FR
V08,3.1,Fraxinus.excelsior,0,Rural.habitat.mosaic,FR
V08,3.1,Crataegus.sp,0,Rural.habitat.mosaic,FR
V08,3.1,Clematis.vitalba,225.801971966,Rural.habitat.mosaic,FR
V08,3.1,Malva.alcea,169.64600328,Rural.habitat.mosaic,FR
V08,3.1,Torilis.arvensis,197.920337188,Rural.habitat.mosaic,FR
V08,3.1,Hypericum.perforatum,34.361169647,Rural.habitat.mosaic,FR
V08,3.1,Cornus.sp,0,Rural.habitat.mosaic,FR
V08,3.1,Myosotis.sp,2.54469006,Rural.habitat.mosaic,FR
V08,3.1,Euphorbia.amygdaloides,0,Rural.habitat.mosaic,FR
V08,3.1,Convolvulus.arvensis,25.13274122,Rural.habitat.mosaic,FR
V08,3.1,Picris.hieracioides,0,Rural.habitat.mosaic,FR
V08,3.1,Vicia.sp,0,Rural.habitat.mosaic,FR
V08,3.1,Lysimachia.vulgaris,11.30973355,Rural.habitat.mosaic,FR
V08,3.1,Lythrum.salicaria,12.3150432,Rural.habitat.mosaic,FR
V08,3.1,Filipendula.ulmaria,96.21127502,Rural.habitat.mosaic,FR
V08,3.1,Calystegia.sepium,98.1747704,Rural.habitat.mosaic,FR
V08,3.1,Rubus.sp,0,Rural.habitat.mosaic,FR
V08,3.1,Euphorbia.flavicoma,0,Rural.habitat.mosaic,FR
V08,3.1,Mentha.sp,0,Rural.habitat.mosaic,FR
V08,3.1,Hypericum.perforatum,39.269908168,Rural.habitat.mosaic,FR
V13,3.1,Daucus.carota,157.07963268,Rural.habitat.mosaic,FR
V13,3.1,Erigeron.annuus,260.752190282,Rural.habitat.mosaic,FR
V13,3.1,Prunella.vulgaris,102.67667268,Rural.habitat.mosaic,FR
V13,3.1,Agrimonia.eupatoria,0,Rural.habitat.mosaic,FR
V13,3.1,Stellaria.graminea,1.417643684,Rural.habitat.mosaic,FR
V13,3.1,Rubus.sp,0,Rural.habitat.mosaic,FR
V13,3.1,Potentilla.reptans,0,Rural.habitat.mosaic,FR
V13,3.1,Lathyrus.odoratus,53.01437604,Rural.habitat.mosaic,FR
V13,3.1,Trifolium.hybridum,8.953539062,Rural.habitat.mosaic,FR
V13,3.1,Cirsium.arvense,0,Rural.habitat.mosaic,FR
V13,3.1,Glechoma.hederacea,0,Rural.habitat.mosaic,FR
V13,3.1,Leucanthemum.vulgare,0,Rural.habitat.mosaic,FR
V13,3.1,Veronica.persica,0,Rural.habitat.mosaic,FR
V13,3.1,Geranium.dissectum,1.570796326,Rural.habitat.mosaic,FR
V13,3.1,Taraxacum.officinale,0,Rural.habitat.mosaic,FR
V13,3.1,Plantago.lanceolata,0,Rural.habitat.mosaic,FR
V13,3.1,Vicia.tetrasperma,0,Rural.habitat.mosaic,FR
V13,3.1,Daucus.carota,78.53981634,Rural.habitat.mosaic,FR
V13,3.1,Erigeron.annuus,0,Rural.habitat.mosaic,FR
V13,3.1,Prunella.vulgaris,142.85450112,Rural.habitat.mosaic,FR
V13,3.1,Stellaria.graminea,1.417643684,Rural.habitat.mosaic,FR
V13,3.1,Potentilla.reptans,0,Rural.habitat.mosaic,FR
V13,3.1,Trifolium.hybridum,6.597344572,Rural.habitat.mosaic,FR
V13,3.1,Cirsium.arvense,0,Rural.habitat.mosaic,FR
V13,3.1,Taraxacum.officinale,0,Rural.habitat.mosaic,FR
V13,3.1,Plantago.lanceolata,0,Rural.habitat.mosaic,FR
V13,3.1,Cerastium.semidecandrum,0.785398163,Rural.habitat.mosaic,FR
V13,3.1,Hypericum.perforatum,0,Rural.habitat.mosaic,FR
V13,3.1,Epilobium.tetragonum,0,Rural.habitat.mosaic,FR
V13,3.1,Dipsacus.sp,0,Rural.habitat.mosaic,FR
V13,3.1,Cirsium.arvense,120.165919007,Rural.habitat.mosaic,FR
V13,3.1,Rubus.sp,0,Rural.habitat.mosaic,FR
V13,3.1,Torilis.arvensis,134.303085949,Rural.habitat.mosaic,FR
V13,3.1,Trifolium.campestre,0.725707902,Rural.habitat.mosaic,FR
V13,3.1,Lactuca.serriola,0,Rural.habitat.mosaic,FR
V13,3.1,Cirsium.arvense,113.097335536,Rural.habitat.mosaic,FR
V13,3.1,Torilis.arvensis,84.823001652,Rural.habitat.mosaic,FR
V13,3.1,Trifolium.campestre,0,Rural.habitat.mosaic,FR
V13,3.1,Lactuca.serriola,0,Rural.habitat.mosaic,FR
V13,3.1,Epilobium.sp,0,Rural.habitat.mosaic,FR
V13,3.1,Geranium.dissectum,0,Rural.habitat.mosaic,FR
V13,3.1,Cirsium.arvense,268.606171898,Rural.habitat.mosaic,FR
V13,3.1,Rubus.sp,0,Rural.habitat.mosaic,FR
V13,3.1,Lactuca.serriola,0,Rural.habitat.mosaic,FR
V13,3.1,Geranium.dissectum,0.785398163,Rural.habitat.mosaic,FR
V13,3.1,Ranunculus.sp,0,Rural.habitat.mosaic,FR
V13,3.1,Hypericum.perforatum,88.357293378,Rural.habitat.mosaic,FR
V13,3.1,Cirsium.arvense,247.400421485,Rural.habitat.mosaic,FR
V13,3.1,Cirsium.arvense,346.360590079,Rural.habitat.mosaic,FR
V13,3.1,Polygonum.lapathifolium,0,Rural.habitat.mosaic,FR
V13,3.1,Cirsium.arvense,21.205750413,Rural.habitat.mosaic,FR
V13,3.1,Convolvulus.arvensis,100.53096488,Rural.habitat.mosaic,FR
V13,3.1,Cirsium.arvense,155.508836362,Rural.habitat.mosaic,FR
V13,3.1,Convolvulus.arvensis,0,Rural.habitat.mosaic,FR
V13,3.1,Kickxia.spuria,0,Rural.habitat.mosaic,FR
V13,3.1,Cirsium.arvense,226.194671072,Rural.habitat.mosaic,FR
V13,3.1,Convolvulus.arvensis,0,Rural.habitat.mosaic,FR
V13,3.1,Convolvulus.arvensis,50.26548244,Rural.habitat.mosaic,FR
V13,3.1,Daucus.carota,1099.55742876,Rural.habitat.mosaic,FR
V13,3.1,Geranium.dissectum,0.785398163,Rural.habitat.mosaic,FR
V13,3.1,Leucanthemum.vulgare,37.69911183,Rural.habitat.mosaic,FR
V13,3.1,Trifolium.hybridum,3.769911184,Rural.habitat.mosaic,FR
V13,3.1,Lythrum.hyssopifolia,35.4057492,Rural.habitat.mosaic,FR
V13,3.1,Epilobium.tetragonum,0,Rural.habitat.mosaic,FR
V13,3.1,Plantago.lanceolata,0,Rural.habitat.mosaic,FR
V13,3.1,Silene.latifolia,0,Rural.habitat.mosaic,FR
V13,3.1,Lapsana.communis,0,Rural.habitat.mosaic,FR
V13,3.1,Convolvulus.arvensis,12.56637061,Rural.habitat.mosaic,FR
V13,3.1,Daucus.carota,2827.43338824,Rural.habitat.mosaic,FR
V13,3.1,Epilobium.tetragonum,3.675663407,Rural.habitat.mosaic,FR
V13,3.1,Agrimonia.eupatoria,9.04778684,Rural.habitat.mosaic,FR
V13,3.1,Torilis.arvensis,113.097335536,Rural.habitat.mosaic,FR
V13,3.1,Erigeron.annuus,166.504410662,Rural.habitat.mosaic,FR
V13,3.1,Crepis.sp,24.630086404,Rural.habitat.mosaic,FR
V13,3.1,Myosotis.arvensis,0.42411501,Rural.habitat.mosaic,FR
V13,3.1,Plantago.lanceolata,0,Rural.habitat.mosaic,FR
V13,3.1,Quercus.robur,0,Rural.habitat.mosaic,FR
V13,3.1,Silene.vulgaris,0,Rural.habitat.mosaic,FR
V13,3.1,Populus.tremula,0,Rural.habitat.mosaic,FR
V13,3.1,Fraxinus.excelsior,0,Rural.habitat.mosaic,FR
V13,3.1,Geum.urbanum,0,Rural.habitat.mosaic,FR
V13,3.1,Ranunculus.sp,0,Rural.habitat.mosaic,FR
V13,3.1,Kickxia.spuria,0,Rural.habitat.mosaic,FR
V13,3.1,Polygonum.aviculare,0,Rural.habitat.mosaic,FR
V13,3.1,Brassica.napus,0,Rural.habitat.mosaic,FR
V13,3.1,Tripleurospermum.inodorum,38.484510008,Rural.habitat.mosaic,FR
V13,3.1,Cirsium.arvense,0,Rural.habitat.mosaic,FR
V13,3.1,Polygonum.persicaria,0,Rural.habitat.mosaic,FR
V13,3.1,Acer.pseudoplatanus,0,Rural.habitat.mosaic,FR
V13,3.1,Cirsium.arvense,176.714586775,Rural.habitat.mosaic,FR
V13,3.1,Polygonum.persicaria,0,Rural.habitat.mosaic,FR
V13,3.1,Polygonum.lapathifolium,0,Rural.habitat.mosaic,FR
V13,3.1,Convolvulus.arvensis,0,Rural.habitat.mosaic,FR
V13,3.1,Tripleurospermum.inodorum,0,Rural.habitat.mosaic,FR
V13,3.1,Cirsium.arvense,113.097335536,Rural.habitat.mosaic,FR
V13,3.1,Polygonum.persicaria,0,Rural.habitat.mosaic,FR
V13,3.1,Polygonum.lapathifolium,0,Rural.habitat.mosaic,FR
V13,3.1,Fallopia.convolvulus,0,Rural.habitat.mosaic,FR
V13,3.1,Kickxia.spuria,0,Rural.habitat.mosaic,FR
V13,3.1,Convolvulus.arvensis,0,Rural.habitat.mosaic,FR
V13,3.1,Fallopia.convolvulus,0.49087385,Rural.habitat.mosaic,FR
V13,3.1,Sonchus.asper,0,Rural.habitat.mosaic,FR
V13,3.1,Stellaria.media,2.0106193,Rural.habitat.mosaic,FR
V13,3.1,Anagallis.arvensis,21.237166336,Rural.habitat.mosaic,FR
V13,3.1,Lactuca.serriola,0,Rural.habitat.mosaic,FR
V13,3.1,Veronica.persica,3.981968688,Rural.habitat.mosaic,FR
V13,3.1,Potentilla.reptans,0,Rural.habitat.mosaic,FR
V13,3.1,Medicago.lupulina,0.106028752,Rural.habitat.mosaic,FR
V13,3.1,Solanum.nigrum,1.130973355,Rural.habitat.mosaic,FR
V13,3.1,Polygonum.aviculare,0,Rural.habitat.mosaic,FR
V13,3.1,Geranium.dissectum,0,Rural.habitat.mosaic,FR
V13,3.1,Euphorbia.helioscopia,0,Rural.habitat.mosaic,FR
V13,3.1,Glechoma.hederacea,0,Rural.habitat.mosaic,FR
V13,3.1,Mercurialis.annua,9.550441656,Rural.habitat.mosaic,FR
V13,3.1,Prunella.vulgaris,2.23210158,Rural.habitat.mosaic,FR
V13,3.1,Erigeron.annuus,0,Rural.habitat.mosaic,FR
V13,3.1,Taraxacum.officinale,0,Rural.habitat.mosaic,FR
V13,3.1,Papaver.rhoeas,38.48451001,Rural.habitat.mosaic,FR
V13,3.1,Veronica.arvensis,0.251327412,Rural.habitat.mosaic,FR
V15,3.1,Geum.urbanum,0,Rural.habitat.mosaic,FR
V15,3.1,Rubus.sp,3.141592654,Rural.habitat.mosaic,FR
V15,3.1,Torilis.arvensis,56.548667768,Rural.habitat.mosaic,FR
V15,3.1,Hedera.helix,0,Rural.habitat.mosaic,FR
V15,3.1,Ranunculus.ficaria,0,Rural.habitat.mosaic,FR
V15,3.1,Campanula.sp,0,Rural.habitat.mosaic,FR
V15,3.1,Clematis.vitalba,0,Rural.habitat.mosaic,FR
V15,3.1,Cornus.sp,0,Rural.habitat.mosaic,FR
V15,3.1,Geum.urbanum,1.767145868,Rural.habitat.mosaic,FR
V15,3.1,Rubus.sp,0,Rural.habitat.mosaic,FR
V15,3.1,Torilis.arvensis,1060.28752065,Rural.habitat.mosaic,FR
V15,3.1,Hedera.helix,0,Rural.habitat.mosaic,FR
V15,3.1,Ranunculus.ficaria,0,Rural.habitat.mosaic,FR
V15,3.1,Campanula.sp,0,Rural.habitat.mosaic,FR
V15,3.1,Clematis.vitalba,0,Rural.habitat.mosaic,FR
V15,3.1,Geranium.robertianum,0,Rural.habitat.mosaic,FR
V15,3.1,Acer.pseudoplatanus,0,Rural.habitat.mosaic,FR
V15,3.1,Acer.pseudoplatanus,0,Rural.habitat.mosaic,FR
V15,3.1,Geum.urbanum,0,Rural.habitat.mosaic,FR
V15,3.1,Rubus.sp,0,Rural.habitat.mosaic,FR
V15,3.1,Torilis.arvensis,289.811922311,Rural.habitat.mosaic,FR
V15,3.1,Hedera.helix,0,Rural.habitat.mosaic,FR
V15,3.1,Ranunculus.ficaria,0,Rural.habitat.mosaic,FR
V15,3.1,Clematis.vitalba,0,Rural.habitat.mosaic,FR
V15,3.1,Cornus.sp,0,Rural.habitat.mosaic,FR
V15,3.1,Geranium.robertianum,0,Rural.habitat.mosaic,FR
V15,3.1,Acer.pseudoplatanus,0,Rural.habitat.mosaic,FR
V15,3.1,Corylus.avellana,0,Rural.habitat.mosaic,FR
V15,3.1,Fraxinus.excelsior,0,Rural.habitat.mosaic,FR
V15,3.1,Crataegus.sp,0,Rural.habitat.mosaic,FR
V15,3.1,Acer.pseudoplatanus,0,Rural.habitat.mosaic,FR
V15,3.1,Hedera.helix,0,Rural.habitat.mosaic,FR
V15,3.1,Geum.urbanum,0,Rural.habitat.mosaic,FR
V15,3.1,Rubus.sp,0,Rural.habitat.mosaic,FR
V15,3.1,Torilis.arvensis,176.714586775,Rural.habitat.mosaic,FR
V15,3.1,Hedera.helix,0,Rural.habitat.mosaic,FR
V15,3.1,Ranunculus.ficaria,0,Rural.habitat.mosaic,FR
V15,3.1,Cornus.sp,0,Rural.habitat.mosaic,FR
V15,3.1,Geranium.robertianum,0,Rural.habitat.mosaic,FR
V15,3.1,Acer.pseudoplatanus,0,Rural.habitat.mosaic,FR
V15,3.1,Fraxinus.excelsior,0,Rural.habitat.mosaic,FR
V15,3.1,Crataegus.sp,0,Rural.habitat.mosaic,FR
V15,3.1,Galium.aparine,0,Rural.habitat.mosaic,FR
V15,3.1,Hedera.helix,0,Rural.habitat.mosaic,FR
V15,3.1,Cornus.sp,0,Rural.habitat.mosaic,FR
V15,3.1,Torilis.arvensis,56.548667768,Rural.habitat.mosaic,FR
V15,3.1,Agrimonia.eupatoria,20.35752039,Rural.habitat.mosaic,FR
V15,3.1,Securigera.varia,56.548667768,Rural.habitat.mosaic,FR
V15,3.1,Artemisia.vulgaris,0,Rural.habitat.mosaic,FR
V15,3.1,Achillea.millefolium,0,Rural.habitat.mosaic,FR
V15,3.1,Clematis.vitalba,0,Rural.habitat.mosaic,FR
V15,3.1,Cornus.sp,0,Rural.habitat.mosaic,FR
V15,3.1,Campanula.sp,0,Rural.habitat.mosaic,FR
V15,3.1,Solidago.sp,0,Rural.habitat.mosaic,FR
V15,3.1,Acer.pseudoplatanus,0,Rural.habitat.mosaic,FR
V15,3.1,Quercus.sp,0,Rural.habitat.mosaic,FR
V15,3.1,Clematis.vitalba,0,Rural.habitat.mosaic,FR
V15,3.1,Acer.pseudoplatanus,0,Rural.habitat.mosaic,FR
V15,3.1,Torilis.arvensis,7.068583471,Rural.habitat.mosaic,FR
V15,3.1,Agrimonia.eupatoria,0,Rural.habitat.mosaic,FR
V15,3.1,Securigera.varia,106.028752065,Rural.habitat.mosaic,FR
V15,3.1,Artemisia.vulgaris,0,Rural.habitat.mosaic,FR
V15,3.1,Clematis.vitalba,0,Rural.habitat.mosaic,FR
V15,3.1,Cornus.sp,0,Rural.habitat.mosaic,FR
V15,3.1,Solidago.sp,0,Rural.habitat.mosaic,FR
V15,3.1,Campanula.sp,0,Rural.habitat.mosaic,FR
V15,3.1,Quercus.sp,0,Rural.habitat.mosaic,FR
V15,3.1,Acer.pseudoplatanus,0,Rural.habitat.mosaic,FR
V15,3.1,Galium.parisiense,0,Rural.habitat.mosaic,FR
V15,3.1,Galium.mollugo.aggr,0,Rural.habitat.mosaic,FR
V15,3.1,Hedera.helix,0,Rural.habitat.mosaic,FR
V15,3.1,Clematis.vitalba,24.543692605,Rural.habitat.mosaic,FR
V15,3.1,Cornus.sp,0,Rural.habitat.mosaic,FR
V15,3.1,Torilis.arvensis,0,Rural.habitat.mosaic,FR
V15,3.1,Agrimonia.eupatoria,0,Rural.habitat.mosaic,FR
V15,3.1,Artemisia.vulgaris,0,Rural.habitat.mosaic,FR
V15,3.1,Clematis.vitalba,0,Rural.habitat.mosaic,FR
V15,3.1,Cornus.sp,0,Rural.habitat.mosaic,FR
V15,3.1,Campanula.sp,0,Rural.habitat.mosaic,FR
V15,3.1,Solidago.sp,0,Rural.habitat.mosaic,FR
V15,3.1,Acer.pseudoplatanus,0,Rural.habitat.mosaic,FR
V15,3.1,Galium.parisiense,0,Rural.habitat.mosaic,FR
V15,3.1,Galium.mollugo.aggr,0,Rural.habitat.mosaic,FR
V15,3.1,Hedera.helix,0,Rural.habitat.mosaic,FR
V15,3.1,Hypericum.perforatum,24.543692605,Rural.habitat.mosaic,FR
V15,3.1,Clematis.vitalba,0,Rural.habitat.mosaic,FR
V15,3.1,Acer.pseudoplatanus,0,Rural.habitat.mosaic,FR
V15,3.1,Dipsacus.fullonum,1507.9644738,Rural.habitat.mosaic,FR
V15,3.1,Mentha.aquatica,0,Rural.habitat.mosaic,FR
V15,3.1,Acer.pseudoplatanus,0,Rural.habitat.mosaic,FR
V15,3.1,Rubus.sp,0,Rural.habitat.mosaic,FR
V15,3.1,Stachys.palustris,0,Rural.habitat.mosaic,FR
V15,3.1,Galium.mollugo.aggr,58.90486226,Rural.habitat.mosaic,FR
V15,3.1,Glechoma.hederacea,0,Rural.habitat.mosaic,FR
V15,3.1,Silene.latifolia,7.068583471,Rural.habitat.mosaic,FR
V15,3.1,Cirsium.arvense,0,Rural.habitat.mosaic,FR
V15,3.1,Fallopia.convolvulus,0,Rural.habitat.mosaic,FR
V15,3.1,Calystegia.sepium,0,Rural.habitat.mosaic,FR
V15,3.1,Erigeron.annuus,40.840704502,Rural.habitat.mosaic,FR
V15,3.1,Geranium.robertianum,0,Rural.habitat.mosaic,FR
V15,3.1,Salix.viminalis,0,Rural.habitat.mosaic,FR
V15,3.1,Dipsacus.fullonum,251.3274123,Rural.habitat.mosaic,FR
V15,3.1,Mentha.aquatica,0,Rural.habitat.mosaic,FR
V15,3.1,Rubus.sp,0,Rural.habitat.mosaic,FR
V15,3.1,Galium.mollugo.aggr,88.35729339,Rural.habitat.mosaic,FR
V15,3.1,Glechoma.hederacea,0,Rural.habitat.mosaic,FR
V15,3.1,Cirsium.arvense,0,Rural.habitat.mosaic,FR
V15,3.1,Fallopia.convolvulus,0,Rural.habitat.mosaic,FR
V15,3.1,Calystegia.sepium,39.26990816,Rural.habitat.mosaic,FR
V15,3.1,Eupatorium.cannabinum,549.77871438,Rural.habitat.mosaic,FR
V15,3.1,Cirsium.vulgare,785.3981632,Rural.habitat.mosaic,FR
V15,3.1,Epilobium.angustifolium,44.178646689,Rural.habitat.mosaic,FR
V15,3.1,Euphorbia.platyphyllos,136.18804152,Rural.habitat.mosaic,FR
V15,3.1,Mentha.aquatica,0,Rural.habitat.mosaic,FR
V15,3.1,Acer.pseudoplatanus,0,Rural.habitat.mosaic,FR
V15,3.1,Rubus.sp,0,Rural.habitat.mosaic,FR
V15,3.1,Stachys.palustris,0,Rural.habitat.mosaic,FR
V15,3.1,Galium.mollugo.aggr,44.178646695,Rural.habitat.mosaic,FR
V15,3.1,Glechoma.hederacea,0,Rural.habitat.mosaic,FR
V15,3.1,Silene.latifolia,0,Rural.habitat.mosaic,FR
V15,3.1,Cirsium.arvense,0,Rural.habitat.mosaic,FR
V15,3.1,Calystegia.sepium,19.63495408,Rural.habitat.mosaic,FR
V15,3.1,Cirsium.vulgare,1099.55742848,Rural.habitat.mosaic,FR
V15,3.1,Euphorbia.platyphyllos,0,Rural.habitat.mosaic,FR
V15,3.1,Ranunculus.sp,0,Rural.habitat.mosaic,FR
V15,3.1,Rosa.sp,0,Rural.habitat.mosaic,FR
V15,3.1,Anagallis.arvensis,0,Rural.habitat.mosaic,FR
V15,3.1,Galium.palustre,98.1747704,Rural.habitat.mosaic,FR
V15,3.1,Trifolium.repens,18.84955592,Rural.habitat.mosaic,FR
V15,3.1,Trifolium.pratense,4.806636759,Rural.habitat.mosaic,FR
V15,3.1,Plantago.major,0,Rural.habitat.mosaic,FR
V15,3.1,Picris.hieracioides,0,Rural.habitat.mosaic,FR
V15,3.1,Populus.tremula,0,Rural.habitat.mosaic,FR
V15,3.1,Picris.hieracioides,63.813600773,Rural.habitat.mosaic,FR
V15,3.1,Daucus.carota,549.77871438,Rural.habitat.mosaic,FR
V15,3.1,Plantago.lanceolata,19.63495408,Rural.habitat.mosaic,FR
V15,3.1,Rubus.sp,0,Rural.habitat.mosaic,FR
V15,3.1,Convolvulus.arvensis,0,Rural.habitat.mosaic,FR
V15,3.1,Taraxacum.officinale,0,Rural.habitat.mosaic,FR
V15,3.1,Hypericum.perforatum,24.543692605,Rural.habitat.mosaic,FR
V15,3.1,Prunus.sp,0,Rural.habitat.mosaic,FR
V15,3.1,Viola.sp,0,Rural.habitat.mosaic,FR
V15,3.1,Geranium.dissectum,0,Rural.habitat.mosaic,FR
V15,3.1,Artemisia.vulgaris,10.60287525,Rural.habitat.mosaic,FR
V15,3.1,Populus.tremula,0,Rural.habitat.mosaic,FR
V15,3.1,Acer.pseudoplatanus,0,Rural.habitat.mosaic,FR
V15,3.1,Rubus.sp,0,Rural.habitat.mosaic,FR
V15,3.1,Filipendula.ulmaria,178.67808218,Rural.habitat.mosaic,FR
V15,3.1,Cornus.sp,0,Rural.habitat.mosaic,FR
V15,3.1,Geum.urbanum,3.534291736,Rural.habitat.mosaic,FR
V15,3.1,Torilis.arvensis,1060.28752065,Rural.habitat.mosaic,FR
V15,3.1,Anagallis.arvensis,5.309291584,Rural.habitat.mosaic,FR
V15,3.1,Veronica.persica,2.654645792,Rural.habitat.mosaic,FR
V15,3.1,Silene.latifolia,7.068583471,Rural.habitat.mosaic,FR
V15,3.1,Fallopia.convolvulus,0,Rural.habitat.mosaic,FR
V15,3.1,Crepis.sp,0,Rural.habitat.mosaic,FR
V15,3.1,Viola.arvensis,18.3726975,Rural.habitat.mosaic,FR
V15,3.1,Geranium.pusillum,0.565486678,Rural.habitat.mosaic,FR
V15,3.1,Fraxinus.excelsior,0,Rural.habitat.mosaic,FR
V15,3.1,Anagallis.arvensis,55.747561632,Rural.habitat.mosaic,FR
V15,3.1,Veronica.persica,19.90984344,Rural.habitat.mosaic,FR
V15,3.1,Fallopia.convolvulus,0,Rural.habitat.mosaic,FR
V15,3.1,Crepis.sp,0,Rural.habitat.mosaic,FR
V15,3.1,Viola.arvensis,88.188948,Rural.habitat.mosaic,FR
V15,3.1,Geranium.pusillum,1.130973356,Rural.habitat.mosaic,FR
V15,3.1,Chenopodium.album,0,Rural.habitat.mosaic,FR
V15,3.1,Tripleurospermum.inodorum,173.180295036,Rural.habitat.mosaic,FR
V15,3.1,Papaver.rhoeas,230.90706006,Rural.habitat.mosaic,FR
V15,3.1,Convolvulus.arvensis,0,Rural.habitat.mosaic,FR
V15,3.1,Galium.aparine,0,Rural.habitat.mosaic,FR
V15,3.1,Myosotis.arvensis,31.80862575,Rural.habitat.mosaic,FR
V15,3.1,Anagallis.foemina,0.565486678,Rural.habitat.mosaic,FR
V15,3.1,Plantago.lanceolata,58.90486224,Rural.habitat.mosaic,FR
V15,3.1,Sonchus.asper,0,Rural.habitat.mosaic,FR
V15,3.1,Geranium.dissectum,0.785398163,Rural.habitat.mosaic,FR
V15,3.1,Anagallis.arvensis,13.27322896,Rural.habitat.mosaic,FR
V15,3.1,Fallopia.convolvulus,0,Rural.habitat.mosaic,FR
V15,3.1,Viola.arvensis,25.7217765,Rural.habitat.mosaic,FR
V15,3.1,Chenopodium.album,0,Rural.habitat.mosaic,FR
V15,3.1,Tripleurospermum.inodorum,346.360590072,Rural.habitat.mosaic,FR
V15,3.1,Papaver.rhoeas,76.96902002,Rural.habitat.mosaic,FR
V15,3.1,Convolvulus.arvensis,0,Rural.habitat.mosaic,FR
V15,3.1,Galium.aparine,0,Rural.habitat.mosaic,FR
V15,3.1,Myosotis.arvensis,4.2411501,Rural.habitat.mosaic,FR
V15,3.1,Geranium.dissectum,2.356194489,Rural.habitat.mosaic,FR
V15,3.1,Sherardia.arvensis,42.41150085,Rural.habitat.mosaic,FR
V15,3.1,Heracleum.sphondylium,0,Rural.habitat.mosaic,FR
V15,3.1,Sinapis.sp,0,Rural.habitat.mosaic,FR
V15,3.1,Anagallis.arvensis,5.309291584,Rural.habitat.mosaic,FR
V15,3.1,Fallopia.convolvulus,0,Rural.habitat.mosaic,FR
V15,3.1,Viola.arvensis,113.9107245,Rural.habitat.mosaic,FR
V15,3.1,Chenopodium.album,0,Rural.habitat.mosaic,FR
V15,3.1,Tripleurospermum.inodorum,375.223972578,Rural.habitat.mosaic,FR
V15,3.1,Convolvulus.arvensis,0,Rural.habitat.mosaic,FR
V15,3.1,Geranium.dissectum,0.785398163,Rural.habitat.mosaic,FR
V15,3.1,Lotus.corniculatus,4,Rural.habitat.mosaic,FR
V15,3.1,Taraxacum.officinale,0,Rural.habitat.mosaic,FR
V15,3.1,Lactuca.serriola,0,Rural.habitat.mosaic,FR
V15,3.1,Euphorbia.helioscopia,0,Rural.habitat.mosaic,FR
V15,3.1,Geranium.columbinum,2.513274125,Rural.habitat.mosaic,FR
V15,3.1,Anagallis.arvensis,31.855749504,Rural.habitat.mosaic,FR
V15,3.1,Veronica.persica,5.309291584,Rural.habitat.mosaic,FR
V15,3.1,Fallopia.convolvulus,0,Rural.habitat.mosaic,FR
V15,3.1,Viola.arvensis,22.047237,Rural.habitat.mosaic,FR
V15,3.1,Papaver.rhoeas,230.90706006,Rural.habitat.mosaic,FR
V15,3.1,Convolvulus.arvensis,0,Rural.habitat.mosaic,FR
V15,3.1,Galium.aparine,0,Rural.habitat.mosaic,FR
V15,3.1,Geranium.dissectum,0,Rural.habitat.mosaic,FR
V15,3.1,Sinapis.sp,0,Rural.habitat.mosaic,FR
V15,3.1,Taraxacum.officinale,0,Rural.habitat.mosaic,FR
V15,3.1,Euphorbia.helioscopia,0,Rural.habitat.mosaic,FR
V15,3.1,Aethusa.cynapium,0,Rural.habitat.mosaic,FR
V15,3.1,Polygonum.persicaria,0,Rural.habitat.mosaic,FR
V15,3.1,Anagallis.arvensis,7.963937376,Rural.habitat.mosaic,FR
V15,3.1,Veronica.persica,2.654645792,Rural.habitat.mosaic,FR
V15,3.1,Fallopia.convolvulus,0,Rural.habitat.mosaic,FR
V15,3.1,Viola.arvensis,128.6088825,Rural.habitat.mosaic,FR
V15,3.1,Chenopodium.album,0,Rural.habitat.mosaic,FR
V15,3.1,Tripleurospermum.inodorum,269.391570056,Rural.habitat.mosaic,FR
V15,3.1,Papaver.rhoeas,76.96902002,Rural.habitat.mosaic,FR
V15,3.1,Convolvulus.arvensis,0,Rural.habitat.mosaic,FR
V15,3.1,Galium.aparine,0,Rural.habitat.mosaic,FR
V15,3.1,Myosotis.arvensis,2.54469006,Rural.habitat.mosaic,FR
V15,3.1,Plantago.lanceolata,39.26990816,Rural.habitat.mosaic,FR
V15,3.1,Geranium.dissectum,2.356194489,Rural.habitat.mosaic,FR
V15,3.1,Sinapis.sp,0,Rural.habitat.mosaic,FR
V15,3.1,Taraxacum.officinale,0,Rural.habitat.mosaic,FR
V15,3.1,Lactuca.serriola,0,Rural.habitat.mosaic,FR
V15,3.1,Brassica.napus,0,Rural.habitat.mosaic,FR
V15,3.1,Senecio.vulgaris,0,Rural.habitat.mosaic,FR
V15,3.1,Rumex.crispus,0,Rural.habitat.mosaic,FR
V15,3.1,Euphorbia.exigua,0,Rural.habitat.mosaic,FR
V15,3.1,Geranium.molle,0,Rural.habitat.mosaic,FR
V15,3.1,Polygonum.aviculare,0,Rural.habitat.mosaic,FR
V15,3.1,Torilis.arvensis,289.811922311,Rural.habitat.mosaic,FR
V15,3.1,Anagallis.arvensis,10.618583168,Rural.habitat.mosaic,FR
V15,3.1,Fallopia.convolvulus,0,Rural.habitat.mosaic,FR
V15,3.1,Viola.arvensis,124.934343,Rural.habitat.mosaic,FR
V15,3.1,Papaver.rhoeas,153.93804004,Rural.habitat.mosaic,FR
V15,3.1,Convolvulus.arvensis,0,Rural.habitat.mosaic,FR
V15,3.1,Galium.aparine,0,Rural.habitat.mosaic,FR
V15,3.1,Taraxacum.officinale,0,Rural.habitat.mosaic,FR
V15,3.1,Lactuca.serriola,0,Rural.habitat.mosaic,FR
V15,3.1,Euphorbia.helioscopia,0,Rural.habitat.mosaic,FR
V15,3.1,Euphorbia.exigua,0,Rural.habitat.mosaic,FR
V15,3.1,Lapsana.communis,0,Rural.habitat.mosaic,FR
V15,3.1,Cirsium.arvense,0,Rural.habitat.mosaic,FR
V15,3.1,Carduus.crispus,471.2388981,Rural.habitat.mosaic,FR
V15,3.1,Prunus.domestica,0,Rural.habitat.mosaic,FR
V15,3.1,Geranium.columbinum,0,Rural.habitat.mosaic,FR
V15,3.1,Cornus.sanguinea,0,Rural.habitat.mosaic,FR
V15,3.1,Calystegia.sepium,0,Rural.habitat.mosaic,FR
V15,3.1,Carduus.crispus,157.0796327,Rural.habitat.mosaic,FR
V15,3.1,Populus.sp,0,Rural.habitat.mosaic,FR
V15,3.1,Carduus.crispus,471.2388981,Rural.habitat.mosaic,FR
V15,3.1,Prunus.domestica,0,Rural.habitat.mosaic,FR
V15,3.1,Heracleum.sphondylium,0,Rural.habitat.mosaic,FR
V15,3.1,Glechoma.hederacea,0,Rural.habitat.mosaic,FR
V15,3.1,Humulus.lupulus,0,Rural.habitat.mosaic,FR
V15,3.1,Dipsacus.sp,0,Rural.habitat.mosaic,FR
V15,3.1,Sambucus.nigra,0,Rural.habitat.mosaic,FR
V15,3.1,Carduus.crispus,94.24777962,Rural.habitat.mosaic,FR
V15,3.1,Prunus.domestica,0,Rural.habitat.mosaic,FR
V15,3.1,Populus.sp,0,Rural.habitat.mosaic,FR
V15,3.1,Carduus.crispus,471.2388981,Rural.habitat.mosaic,FR
V15,3.1,Prunus.domestica,0,Rural.habitat.mosaic,FR
V15,3.1,Cornus.sanguinea,0,Rural.habitat.mosaic,FR
V15,3.1,Calystegia.sepium,0,Rural.habitat.mosaic,FR
V15,3.1,Humulus.lupulus,0,Rural.habitat.mosaic,FR
V15,3.1,Acer.pseudoplatanus,0,Rural.habitat.mosaic,FR
V15,3.1,Euphorbia.esula,113.4900346,Rural.habitat.mosaic,FR
V15,3.1,Bryonia.dioica,6.78584013,Rural.habitat.mosaic,FR
V15,3.1,Rubus.sp,0,Rural.habitat.mosaic,FR
V15,3.1,Prunus.domestica,0,Rural.habitat.mosaic,FR
V15,3.1,Populus.sp,0,Rural.habitat.mosaic,FR
V15,3.1,Humulus.lupulus,0,Rural.habitat.mosaic,FR
V15,3.1,Galeopsis.tetrahit,0,Rural.habitat.mosaic,FR
V15,3.1,Viscum.album,0,Rural.habitat.mosaic,FR
V18,3.1,Glycine.max,42.41150085,Intensive.agriculture,FR
V18,3.1,Kickxia.elatine,1.374446787,Intensive.agriculture,FR
V18,3.1,Chaenorhinum.minus,0,Intensive.agriculture,FR
V18,3.1,Glycine.max,18.943803713,Intensive.agriculture,FR
V18,3.1,Kickxia.elatine,11.78097246,Intensive.agriculture,FR
V18,3.1,Viola.sp,34.557519194,Intensive.agriculture,FR
V18,3.1,Glycine.max,42.41150085,Intensive.agriculture,FR
V18,3.1,Kickxia.elatine,1.767145869,Intensive.agriculture,FR
V18,3.1,Viola.sp,9.424777962,Intensive.agriculture,FR
V18,3.1,Kickxia.spuria,0.981747705,Intensive.agriculture,FR
V18,3.1,Glycine.max,23.184953798,Intensive.agriculture,FR
V18,3.1,Kickxia.elatine,49.08738525,Intensive.agriculture,FR
V18,3.1,Viola.sp,25.132741232,Intensive.agriculture,FR
V18,3.1,Fallopia.convolvulus,0,Intensive.agriculture,FR
V18,3.1,Glycine.max,25.44690051,Intensive.agriculture,FR
V18,3.1,Kickxia.elatine,10.995574296,Intensive.agriculture,FR
V18,3.1,Viola.sp,62.83185308,Intensive.agriculture,FR
V18,3.1,Fallopia.convolvulus,0,Intensive.agriculture,FR
V18,3.1,Glycine.max,70.68583475,Intensive.agriculture,FR
V18,3.1,Kickxia.elatine,6.283185312,Intensive.agriculture,FR
V18,3.1,Glycine.max,6.785840136,Intensive.agriculture,FR
V18,3.1,Viola.sp,34.557519194,Intensive.agriculture,FR
V18,3.1,Brassica.napus,3.141592652,Intensive.agriculture,FR
V18,3.1,Glycine.max,5.65486678,Intensive.agriculture,FR
V18,3.1,Viola.sp,28.274333886,Intensive.agriculture,FR
V18,3.1,Fallopia.convolvulus,0,Intensive.agriculture,FR
V18,3.1,Glycine.max,42.41150085,Intensive.agriculture,FR
V18,3.1,Fallopia.convolvulus,0,Intensive.agriculture,FR
V18,3.1,Viola.sp,3.141592654,Intensive.agriculture,FR
V18,3.1,Glycine.max,2.82743339,Intensive.agriculture,FR
V18,3.1,Glycine.max,0.565486678,Intensive.agriculture,FR
V18,3.1,Polygonum.persicaria,1.13097336,Intensive.agriculture,FR
V18,3.1,Glycine.max,1.413716695,Intensive.agriculture,FR
V18,3.1,Polygonum.persicaria,1.767145875,Intensive.agriculture,FR
V18,3.1,Dipsacus.fullonum,804.24771936,Intensive.agriculture,FR
V18,3.1,Hypericum.perforatum,49.08738521,Intensive.agriculture,FR
V18,3.1,Lysimachia.vulgaris,31.66725394,Intensive.agriculture,FR
V18,3.1,Torilis.arvensis,106.028752065,Intensive.agriculture,FR
V18,3.1,Calystegia.sepium,0,Intensive.agriculture,FR
V18,3.1,Trifolium.repens,7.539822368,Intensive.agriculture,FR
V18,3.1,Potentilla.reptans,9.424777962,Intensive.agriculture,FR
V18,3.1,Crepis.sp,0,Intensive.agriculture,FR
V18,3.1,Taraxacum.officinale,0,Intensive.agriculture,FR
V18,3.1,Geranium.dissectum,0,Intensive.agriculture,FR
V18,3.1,Convolvulus.arvensis,0,Intensive.agriculture,FR
V16,3.1,Helianthus.annuus,628.3185308,Intensive.agriculture,FR
V16,3.1,Geranium.pusillum,0,Intensive.agriculture,FR
V16,3.1,Viola.sp,3.141592654,Intensive.agriculture,FR
V16,3.1,Helianthus.annuus,1570.796327,Intensive.agriculture,FR
V16,3.1,Viola.sp,0,Intensive.agriculture,FR
V16,3.1,Fallopia.convolvulus,0.29452431,Intensive.agriculture,FR
V16,3.1,Helianthus.annuus,1256.6370616,Intensive.agriculture,FR
V16,3.1,Viola.sp,0,Intensive.agriculture,FR
V16,3.1,Fallopia.convolvulus,0,Intensive.agriculture,FR
V16,3.1,Helianthus.annuus,4398.2297156,Intensive.agriculture,FR
V16,3.1,Trifolium.sp,0,Intensive.agriculture,FR
V16,3.1,Chenopodium.album,15.70796326,Intensive.agriculture,FR
V16,3.1,Matricaria.sp,0,Intensive.agriculture,FR
V16,3.1,Convolvulus.arvensis,0,Intensive.agriculture,FR
V16,3.1,Anagallis.arvensis,0,Intensive.agriculture,FR
V16,3.1,Picris.hieracioides,0,Intensive.agriculture,FR
V16,3.1,Veronica.persica,0,Intensive.agriculture,FR
V16,3.1,Helianthus.annuus,2513.2741232,Intensive.agriculture,FR
V16,3.1,Trifolium.sp,0,Intensive.agriculture,FR
V16,3.1,Chenopodium.album,39.26990815,Intensive.agriculture,FR
V16,3.1,Anagallis.arvensis,0,Intensive.agriculture,FR
V16,3.1,Fallopia.convolvulus,0.19634954,Intensive.agriculture,FR
V16,3.1,Papaver.rhoeas,0,Intensive.agriculture,FR
V16,3.1,Sonchus.asper,0,Intensive.agriculture,FR
V16,3.1,Tripleurospermum.inodorum,9.621127502,Intensive.agriculture,FR
V16,3.1,Chenopodium.album,15.70796326,Intensive.agriculture,FR
V16,3.1,Anagallis.arvensis,0,Intensive.agriculture,FR
V16,3.1,Veronica.persica,0,Intensive.agriculture,FR
V16,3.1,Fallopia.convolvulus,0.19634954,Intensive.agriculture,FR
V16,3.1,Papaver.rhoeas,0,Intensive.agriculture,FR
V16,3.1,Tripleurospermum.inodorum,0,Intensive.agriculture,FR
V16,3.1,Daucus.carota,78.53981634,Intensive.agriculture,FR
V16,3.1,Helianthus.annuus,3769.9111848,Intensive.agriculture,FR
V16,3.1,Fallopia.convolvulus,0,Intensive.agriculture,FR
V16,3.1,Chenopodium.album,0,Intensive.agriculture,FR
V16,3.1,Aethusa.cynapium,0,Intensive.agriculture,FR
V16,3.1,Helianthus.annuus,2199.1148578,Intensive.agriculture,FR
V16,3.1,Fallopia.convolvulus,0.39269908,Intensive.agriculture,FR
V16,3.1,Chenopodium.album,0,Intensive.agriculture,FR
V16,3.1,Veronica.persica,0,Intensive.agriculture,FR
V16,3.1,Brassica.napus,0,Intensive.agriculture,FR
V16,3.1,Stachys.annua,7.264933017,Intensive.agriculture,FR
V16,3.1,Papaver.rhoeas,0,Intensive.agriculture,FR
V16,3.1,Sonchus.asper,0,Intensive.agriculture,FR
V16,3.1,Helianthus.annuus,2513.2741232,Intensive.agriculture,FR
V16,3.1,Fallopia.convolvulus,0.19634954,Intensive.agriculture,FR
V16,3.1,Chenopodium.album,0,Intensive.agriculture,FR
V16,3.1,Aethusa.cynapium,203.57520396,Intensive.agriculture,FR
V16,3.1,Brassica.napus,0,Intensive.agriculture,FR
V16,3.1,Stachys.annua,14.137166952,Intensive.agriculture,FR
V16,3.1,Sonchus.asper,0,Intensive.agriculture,FR
V16,3.1,Papaver.rhoeas,115.45353003,Intensive.agriculture,FR
V16,3.1,Picris.hieracioides,0,Intensive.agriculture,FR
V16,3.1,Helianthus.annuus,1884.9555924,Intensive.agriculture,FR
V16,3.1,Chenopodium.album,9.424777956,Intensive.agriculture,FR
V16,3.1,Picris.hieracioides,0,Intensive.agriculture,FR
V16,3.1,Fallopia.convolvulus,0.49087385,Intensive.agriculture,FR
V16,3.1,Helianthus.annuus,2199.1148578,Intensive.agriculture,FR
V16,3.1,Chenopodium.album,117.80972445,Intensive.agriculture,FR
V16,3.1,Anagallis.arvensis,0,Intensive.agriculture,FR
V16,3.1,Fallopia.convolvulus,7.36310775,Intensive.agriculture,FR
V16,3.1,Papaver.rhoeas,0,Intensive.agriculture,FR
V16,3.1,Tripleurospermum.inodorum,67.347892514,Intensive.agriculture,FR
V16,3.1,Daucus.carota,78.53981634,Intensive.agriculture,FR
V16,3.1,Aethusa.cynapium,33.92920066,Intensive.agriculture,FR
V16,3.1,Senecio.vulgaris,0.125663706,Intensive.agriculture,FR
V16,3.1,Cirsium.vulgare,157.07963264,Intensive.agriculture,FR
V16,3.1,Daucus.carota,1413.71669412,Intensive.agriculture,FR
V16,3.1,Picris.hieracioides,14.726215563,Intensive.agriculture,FR
V16,3.1,Taraxacum.officinale,0,Intensive.agriculture,FR
V16,3.1,Plantago.lanceolata,0,Intensive.agriculture,FR
V16,3.1,Cirsium.vulgare,78.53981632,Intensive.agriculture,FR
V16,3.1,Picris.hieracioides,29.452431126,Intensive.agriculture,FR
V16,3.1,Plantago.lanceolata,0,Intensive.agriculture,FR
V16,3.1,Anagallis.arvensis,1.327322896,Intensive.agriculture,FR
GE.A1,21.1,Thlaspi.arvense,2.8274333884,Intensive.agriculture,GE
GE.A1,21.1,Stellaria.media,15.5822995626,Intensive.agriculture,GE
GE.A1,21.1,Stellaria.media,125.66370615,Intensive.agriculture,GE
GE.A1,21.1,Brassica.napus,314.15926536,Intensive.agriculture,GE
GE.A1,21.1,Brassica.napus,219.911485752,Intensive.agriculture,GE
GE.A1,21.1,Brassica.napus,392.6990817,Intensive.agriculture,GE
GE.A1,21.1,Brassica.napus,518.362787844,Intensive.agriculture,GE
GE.A1,21.1,Brassica.napus,534.070751112,Intensive.agriculture,GE
GE.A1,21.1,Brassica.napus,251.327412288,Intensive.agriculture,GE
GE.A1,21.1,Brassica.napus,738.274273596,Intensive.agriculture,GE
GE.A1,21.1,Brassica.napus,486.946861308,Intensive.agriculture,GE
GE.A1,21.1,Brassica.napus,596.902604184,Intensive.agriculture,GE
GE.A1,21.1,Brassica.napus,345.575191896,Intensive.agriculture,GE
GE.A1,21.1,Brassica.napus,408.407044968,Intensive.agriculture,GE
GE.A1,21.1,Brassica.napus,534.070751112,Intensive.agriculture,GE
GE.A1,21.1,Brassica.napus,455.530934772,Intensive.agriculture,GE
GE.A1,21.1,Brassica.napus,706.85834706,Intensive.agriculture,GE
GE.A1,21.1,Taraxacum.sp.,1069.12305,Intensive.agriculture,GE
GE.A1,21.1,Capsella.bursa-pastoris,341.64813,Intensive.agriculture,GE
GE.A1,21.1,Taraxacum.sp.,308.85777,Intensive.agriculture,GE
GE.A1,21.1,Capsella.bursa-pastoris,589.0485,Intensive.agriculture,GE
GE.A1,21.1,Erodium.cicutarium,23.750440455,Intensive.agriculture,GE
GE.A1,21.1,Taraxacum.sp.,47.51658,Intensive.agriculture,GE
GE.A1,21.1,Capsella.bursa-pastoris,47.12388,Intensive.agriculture,GE
GE.A1,21.1,Stellaria.media,1.5079644738,Intensive.agriculture,GE
GE.A1,21.1,Viola.arvensis,14.698158,Intensive.agriculture,GE
GE.A1,21.1,Capsella.bursa-pastoris,27.48893,Intensive.agriculture,GE
GE.A1,21.1,Draba.verna,1.963495,Intensive.agriculture,GE
GE.A1,21.1,Stellaria.media,5.026548246,Intensive.agriculture,GE
GE.A1,21.1,Lamium.purpureum,1.9242255005,Intensive.agriculture,GE
GE.A1,21.1,Veronica.hederifolia,0.19242255004,Intensive.agriculture,GE
GE.A1,21.1,Veronica.hederifolia,0.19242255004,Intensive.agriculture,GE
GE.A1,21.1,Veronica.persica,19.90984344,Intensive.agriculture,GE
GE.A1,21.1,Lamium.purpureum,30.787608008,Intensive.agriculture,GE
GE.A1,21.1,Veronica.persica,7.963937376,Intensive.agriculture,GE
GE.A1,21.1,Viola.arvensis,3.6745395,Intensive.agriculture,GE
GE.A1,21.1,Taraxacum.sp.,71.27487,Intensive.agriculture,GE
GE.A1,21.1,Lamium.purpureum,10.7756628028,Intensive.agriculture,GE
GE.A1,21.1,Veronica.hederifolia,0.28863382506,Intensive.agriculture,GE
GE.A1,21.1,Veronica.hederifolia,0.28863382506,Intensive.agriculture,GE
GE.A1,21.1,Veronica.persica,35.837718192,Intensive.agriculture,GE
GE.A1,21.1,Taraxacum.sp.,475.1658,Intensive.agriculture,GE
GE.A1,21.1,Capsella.bursa-pastoris,43.19689,Intensive.agriculture,GE
GE.A1,21.1,Taraxacum.sp.,570.19896,Intensive.agriculture,GE
GE.A1,21.1,Capsella.bursa-pastoris,27.48893,Intensive.agriculture,GE
GE.A1,21.1,Lamium.purpureum,6.1575216016,Intensive.agriculture,GE
GE.A2,21.1,Anthriscus.caucalis,81.64213909005,Intensive.agriculture,GE
GE.A2,21.1,Myosotis.arvensis,0.35342917355,Intensive.agriculture,GE
GE.A2,21.1,Capsella.bursa-pastoris,7.85398,Intensive.agriculture,GE
GE.A2,21.1,Euphorbia.helioscopia,0.7696902002,Intensive.agriculture,GE
GE.A2,21.1,Lamium.purpureum,1.9242255005,Intensive.agriculture,GE
GE.A2,21.1,Fumaria.officinalis,8.4823001652,Intensive.agriculture,GE
GE.A2,21.1,Anthriscus.caucalis,44.5320758673,Intensive.agriculture,GE
GE.A2,21.1,Myosotis.arvensis,0.42411500826,Intensive.agriculture,GE
GE.A2,21.1,Lamium.purpureum,10.3908177027,Intensive.agriculture,GE
GE.A2,21.1,Fumaria.officinalis,4.2411500826,Intensive.agriculture,GE
GE.A2,21.1,Viola.arvensis,77.1653295,Intensive.agriculture,GE
GE.A2,21.1,Anthriscus.caucalis,44.5320758673,Intensive.agriculture,GE
GE.A2,21.1,Lamium.album,15.707963268,Intensive.agriculture,GE
GE.A2,21.1,Lamium.purpureum,8.0817471021,Intensive.agriculture,GE
GE.A2,21.1,Anthriscus.caucalis,3180.86256195,Intensive.agriculture,GE
GE.A2,21.1,Euphorbia.helioscopia,13.8544236036,Intensive.agriculture,GE
GE.A2,21.1,Veronica.persica,2.654645792,Intensive.agriculture,GE
GE.A2,21.1,Viola.arvensis,40.4199345,Intensive.agriculture,GE
GE.A2,21.1,Anthriscus.caucalis,22.26603793365,Intensive.agriculture,GE
GE.A2,21.1,Euphorbia.helioscopia,7.696902002,Intensive.agriculture,GE
GE.A2,21.1,Lamium.purpureum,3.0787608008,Intensive.agriculture,GE
GE.A2,21.1,Fumaria.officinalis,1.13097335536,Intensive.agriculture,GE
GE.A2,21.1,Veronica.persica,6.63661448,Intensive.agriculture,GE
GE.A2,21.1,Viola.arvensis,62.4671715,Intensive.agriculture,GE
GE.A2,21.1,Brassica.napus,243.473430654,Intensive.agriculture,GE
GE.A2,21.1,Brassica.napus,51.8362787844,Intensive.agriculture,GE
GE.A2,21.1,Brassica.napus,361.283155164,Intensive.agriculture,GE
GE.A2,21.1,Brassica.napus,125.663706144,Intensive.agriculture,GE
GE.A2,21.1,Brassica.napus,546.6371217264,Intensive.agriculture,GE
GE.A2,21.1,Brassica.napus,477.5220833472,Intensive.agriculture,GE
GE.A2,21.1,Brassica.napus,296.8805057652,Intensive.agriculture,GE
GE.A2,21.1,Brassica.napus,282.743338824,Intensive.agriculture,GE
GE.A2,21.1,Stellaria.media,1.0053096492,Intensive.agriculture,GE
GE.A2,21.1,Capsella.bursa-pastoris,19.63495,Intensive.agriculture,GE
GE.A2,21.1,Lamium.purpureum,6.9272118018,Intensive.agriculture,GE
GE.A2,21.1,Veronica.arvensis,1.1309733549,Intensive.agriculture,GE
GE.A2,21.1,Lamium.album,56.5486677648,Intensive.agriculture,GE
GE.A2,21.1,Viola.arvensis,7.349079,Intensive.agriculture,GE
GE.A2,21.1,Lamium.album,31.415926536,Intensive.agriculture,GE
GE.A2,21.1,Lamium.purpureum,41.5632708108,Intensive.agriculture,GE
GE.A3,21.1,Lamium.purpureum,40.0238904104,Intensive.agriculture,GE
GE.A3,21.1,Lamium.purpureum,62.3449062162,Intensive.agriculture,GE
GE.A3,21.1,Fumaria.officinalis,3.39292006608,Intensive.agriculture,GE
GE.A3,21.1,Anthriscus.sylvestris,145.1415805455,Intensive.agriculture,GE
GE.A3,21.1,Euphorbia.helioscopia,2.3090706006,Intensive.agriculture,GE
GE.A3,21.1,Capsella.bursa-pastoris,27.48893,Intensive.agriculture,GE
GE.A3,21.1,Lamium.purpureum,15.393804004,Intensive.agriculture,GE
GE.A3,21.1,Veronica.persica,3.981968688,Intensive.agriculture,GE
GE.A3,21.1,Lycopsis.arvensis,1.7671458672,Intensive.agriculture,GE
GE.A3,21.1,Lamium.purpureum,61.575216016,Intensive.agriculture,GE
GE.A3,21.1,Veronica.persica,2.654645792,Intensive.agriculture,GE
GE.A3,21.1,Viola.arvensis,18.3726975,Intensive.agriculture,GE
GE.A3,21.1,Lycopsis.arvensis,3.7306412752,Intensive.agriculture,GE
GE.A3,21.1,Lamium.purpureum,15.393804004,Intensive.agriculture,GE
GE.A3,21.1,Fumaria.officinalis,60.7898178506,Intensive.agriculture,GE
GE.A3,21.1,Viola.arvensis,7.349079,Intensive.agriculture,GE
GE.A3,21.1,Crataegus.monogyna,47712.938436,Intensive.agriculture,GE
GE.A3,21.1,Geranium.pusillum,3.3929200656,Intensive.agriculture,GE
GE.A3,21.1,Fumaria.officinalis,106.028752065,Intensive.agriculture,GE
GE.A3,21.1,Capsella.bursa-pastoris,7.85398,Intensive.agriculture,GE
GE.A3,21.1,Descurainia.sophia,21.2057504064,Intensive.agriculture,GE
GE.A3,21.1,Fumaria.officinalis,5.6548667768,Intensive.agriculture,GE
GE.A3,21.1,Viola.arvensis,3.6745395,Intensive.agriculture,GE
GE.A3,21.1,Lamium.album,27.488935719,Intensive.agriculture,GE
GE.A3,21.1,Geum.urbanum,14.137166944,Intensive.agriculture,GE
GE.A3,21.1,Lamium.album,21.9911485752,Intensive.agriculture,GE
GE.A3,21.1,Lycopsis.arvensis,11.5846229072,Intensive.agriculture,GE
GE.A3,21.1,Stellaria.media,1.5079644738,Intensive.agriculture,GE
GE.A3,21.1,Lamium.album,11.780972451,Intensive.agriculture,GE
GE.A3,21.1,Stellaria.media,18.0955736856,Intensive.agriculture,GE
GE.A3,21.1,Lamium.purpureum,3.848451001,Intensive.agriculture,GE
GE.A3,21.1,Veronica.chamaedrys,27.7088472,Intensive.agriculture,GE
GE.A3,21.1,Fragaria.viridis,15.904312812,Intensive.agriculture,GE
GE.A3,21.1,Fragaria.viridis,44.1786467,Intensive.agriculture,GE
GE.A3,21.1,Myosotis.arvensis,0.07068583471,Intensive.agriculture,GE
GE.A3,21.1,Sisymbrium.loeselii,0.7853981632,Intensive.agriculture,GE
GE.A3,21.1,Descurainia.pinnata,4.7123889792,Intensive.agriculture,GE
GE.A3,21.1,Geranium.pusillum,4.241150082,Intensive.agriculture,GE
GE.A3,21.1,Lamium.purpureum,43.1026512112,Intensive.agriculture,GE
GE.A3,21.1,Leucanthemum.vulgare,25.13274122,Intensive.agriculture,GE
GE.A3,21.1,Stellaria.media,7.0371675444,Intensive.agriculture,GE
GE.A3,21.1,Sisymbrium.loeselii,1.7671458672,Intensive.agriculture,GE
GE.A3,21.1,Geranium.pusillum,3.1101767268,Intensive.agriculture,GE
GE.A3,21.1,Lamium.purpureum,11.545353003,Intensive.agriculture,GE
GE.A3,21.1,Viola.arvensis,3.6745395,Intensive.agriculture,GE
GE.A3,21.1,Descurainia.pinnata,4.5160394384,Intensive.agriculture,GE
GE.A3,21.1,Ranunculus.sceleratus,3.7306412752,Intensive.agriculture,GE
GE.A3,21.1,Viola.arvensis,161.679738,Intensive.agriculture,GE
GE.A3,21.1,Phacelia.tanacetifolia,62.9810787276,Intensive.agriculture,GE
GE.A3,21.1,Plantago.lanceolata,15.70796327,Intensive.agriculture,GE
GE.A3,21.1,Viola.arvensis,7.349079,Intensive.agriculture,GE
GE.A3,21.1,Senecio.vernalis,14.726215563,Intensive.agriculture,GE
GE.A3,21.1,Plantago.lanceolata,43.982297156,Intensive.agriculture,GE
GE.A3,21.1,Viola.arvensis,139.632501,Intensive.agriculture,GE
GE.A3,21.1,Silene.dioica,100.530964928,Intensive.agriculture,GE
GE.A3,21.1,Viola.arvensis,58.792632,Intensive.agriculture,GE
GE.A3,21.1,Leucanthemum.vulgare,351.85837708,Intensive.agriculture,GE
GE.A3,21.1,Hyoscyamus.niger,63.813600773,Intensive.agriculture,GE
GE.A3,21.1,Lamium.amplexicaule,88.514373023,Intensive.agriculture,GE
GE.A3,21.1,Hyoscyamus.niger,103.083508941,Intensive.agriculture,GE
GE.A4,21.1,Euphorbia.cyparissias,8.8514373023,Intensive.agriculture,GE
GE.A4,21.1,Fragaria.vesca,37.110063228,Intensive.agriculture,GE
GE.A4,21.1,Sherardia.arvensis,2.04988920659,Intensive.agriculture,GE
GE.A4,21.1,Myosotis.arvensis,0.84823001652,Intensive.agriculture,GE
GE.A4,21.1,Cerastium.fontanum,81.43008156,Intensive.agriculture,GE
GE.A4,21.1,Lamium.amplexicaule,3.848451001,Intensive.agriculture,GE
GE.A4,21.1,Veronica.arvensis,1.0053096488,Intensive.agriculture,GE
GE.A4,21.1,Veronica.chamaedrys,9.2362824,Intensive.agriculture,GE
GE.A4,21.1,Ranunculus.repens,35.342917355,Intensive.agriculture,GE
GE.A4,21.1,Fragaria.vesca,14.137166944,Intensive.agriculture,GE
GE.A4,21.1,Sherardia.arvensis,1.62577419833,Intensive.agriculture,GE
GE.A4,21.1,Myosotis.arvensis,3.74634923963,Intensive.agriculture,GE
GE.A4,21.1,Cerastium.fontanum,6.78584013,Intensive.agriculture,GE
GE.A4,21.1,Euphorbia.cyparissias,0.3848451001,Intensive.agriculture,GE
GE.A4,21.1,Myosotis.arvensis,2.26194671072,Intensive.agriculture,GE
GE.A4,21.1,Geranium.molle,1.0053096492,Intensive.agriculture,GE
GE.A4,21.1,Lamium.amplexicaule,15.393804004,Intensive.agriculture,GE
GE.A4,21.1,Veronica.arvensis,5.026548244,Intensive.agriculture,GE
GE.A4,21.1,Capsella.bursa-pastoris,35.34291,Intensive.agriculture,GE
GE.A4,21.1,Draba.verna,3.92699,Intensive.agriculture,GE
GE.A4,21.1,Erysimum.sp.,376.99111848,Intensive.agriculture,GE
GE.A4,21.1,Lamium.purpureum,5.7726765015,Intensive.agriculture,GE
GE.A4,21.1,Veronica.arvensis,5.026548244,Intensive.agriculture,GE
GE.A4,21.1,Myosotis.arvensis,6.3617251239,Intensive.agriculture,GE
GE.A4,21.1,Euphorbia.cyparissias,131.6170242342,Intensive.agriculture,GE
GE.A4,21.1,Veronica.arvensis,0.3769911183,Intensive.agriculture,GE
GE.A4,21.1,Viola.arvensis,33.0708555,Intensive.agriculture,GE
GE.A4,21.1,Euphorbia.cyparissias,11.545353003,Intensive.agriculture,GE
GE.A4,21.1,Geranium.molle,3.5185837722,Intensive.agriculture,GE
GE.A4,21.1,Capsella.bursa-pastoris,15.70796,Intensive.agriculture,GE
GE.A4,21.1,Cerastium.holosteoides,2.26194671,Intensive.agriculture,GE
GE.A4,21.1,Veronica.arvensis,4.1469023013,Intensive.agriculture,GE
GE.A4,21.1,Ranunculus.bulbosus,14.137166942,Intensive.agriculture,GE
GE.A4,21.1,Vicia.sativa,4.7123889804,Intensive.agriculture,GE
GE.A4,21.1,Geranium.molle,0.5026548246,Intensive.agriculture,GE
GE.A4,21.1,Fragaria.vesca,7.068583472,Intensive.agriculture,GE
GE.A4,21.1,Sherardia.arvensis,1.13097335536,Intensive.agriculture,GE
GE.A4,21.1,Viola.arvensis,3.6745395,Intensive.agriculture,GE
GE.A4,21.1,Senecio.vernalis,44.178646689,Intensive.agriculture,GE
GE.A4,21.1,Capsella.bursa-pastoris,11.78097,Intensive.agriculture,GE
GE.A4,21.1,Veronica.arvensis,1.1309733549,Intensive.agriculture,GE
GE.A4,21.1,Fragaria.vesca,17.67145868,Intensive.agriculture,GE
GE.A4,21.1,Senecio.vernalis,4.908738521,Intensive.agriculture,GE
GE.A4,21.1,Myosotis.arvensis,0.7068583471,Intensive.agriculture,GE
GE.A4,21.1,Capsella.bursa-pastoris,3.92699,Intensive.agriculture,GE
GE.A4,21.1,Fragaria.vesca,1.767145868,Intensive.agriculture,GE
GE.A4,21.1,Anthriscus.caucalis,44.5320758673,Intensive.agriculture,GE
GE.A4,21.1,Cerastium.arvense,21.488493745,Intensive.agriculture,GE
GE.A4,21.1,Geranium.molle,1.0053096492,Intensive.agriculture,GE
GE.A4,21.1,Veronica.chamaedrys,7.696902,Intensive.agriculture,GE
GE.A4,21.1,Capsella.bursa-pastoris,7.85398,Intensive.agriculture,GE
GE.A4,21.1,Erysimum.crepidifolium,1696.46003316,Intensive.agriculture,GE
GE.A4,21.1,Erodium.cicutarium,39.584067425,Intensive.agriculture,GE
GE.A4,21.1,Veronica.chamaedrys,20.0119452,Intensive.agriculture,GE
GE.A4,21.1,Fragaria.vesca,75.987272324,Intensive.agriculture,GE
GE.A4,21.1,Camelina.sativa,4.90873852,Intensive.agriculture,GE
GE.A4,21.1,Erysimum.crepidifolium,753.98223696,Intensive.agriculture,GE
GE.A4,21.1,Arenaria.serpyllifolia,22.7058609059,Intensive.agriculture,GE
GE.A4,21.1,Erodium.cicutarium,14.702653615,Intensive.agriculture,GE
GE.A4,21.1,Veronica.arvensis,0.6283185305,Intensive.agriculture,GE
GE.A4,21.1,Erysimum.crepidifolium,1350.88484122,Intensive.agriculture,GE
GE.A4,21.1,Erodium.cicutarium,5.654866775,Intensive.agriculture,GE
GE.A4,21.1,Salvia.pratensis,133.517687778,Intensive.agriculture,GE
GE.A4,21.1,Erysimum.crepidifolium,3769.9111848,Intensive.agriculture,GE
GE.A4,21.1,Cerastium.fontanum,23.750440455,Intensive.agriculture,GE
GE.A4,21.1,Cerastium.fontanum,13.57168026,Intensive.agriculture,GE
GE.A4,21.1,Lamium.purpureum,34.636059009,Intensive.agriculture,GE
GE.A4,21.1,Myosotis.arvensis,2.1205750413,Intensive.agriculture,GE
GE.A4,21.1,Lepidium.draba,508.93800984,Intensive.agriculture,GE
GE.A4,21.1,Erodium.cicutarium,3.392920065,Intensive.agriculture,GE
GE.A4,21.1,Myosotis.arvensis,4.2411500826,Intensive.agriculture,GE
GE.A4,21.1,Valerianella.locusta,21.2057504064,Intensive.agriculture,GE
GE.A4,21.1,Cerastium.fontanum,10.178760195,Intensive.agriculture,GE
GE.A4,21.1,Euphorbia.cyparissias,49.2601728128,Intensive.agriculture,GE
GE.A4,21.1,Medicago.minima,2.650718802,Intensive.agriculture,GE
GE.A4,21.1,Erodium.cicutarium,27.14336052,Intensive.agriculture,GE
GE.A4,21.1,Anthriscus.caucalis,22.26603793365,Intensive.agriculture,GE
GE.A4,21.1,Capsella.bursa-pastoris,3.92699,Intensive.agriculture,GE
GE.A4,21.1,Lamium.album,102.101761242,Intensive.agriculture,GE
GE.A4,21.1,Erysimum.crepidifolium,179.070781278,Intensive.agriculture,GE
GE.A4,21.1,Euphorbia.cyparissias,173.180295045,Intensive.agriculture,GE
GE.A4,21.1,Salvia.pratensis,27.488935719,Intensive.agriculture,GE
GE.A4,21.1,Fragaria.vesca,3.534291736,Intensive.agriculture,GE
GE.A4,21.1,Erysimum.crepidifolium,395.840674404,Intensive.agriculture,GE
GE.A4,21.1,Erodium.cicutarium,39.584067425,Intensive.agriculture,GE
GE.A4,21.1,Diplotaxis.muralis,25.6353960546,Intensive.agriculture,GE
GE.A4,21.1,Erysimum.crepidifolium,204.20352251,Intensive.agriculture,GE
GE.A4,21.1,Erodium.cicutarium,31.66725394,Intensive.agriculture,GE
GE.A4,21.1,Salvia.pratensis,160.2212253336,Intensive.agriculture,GE
GE.A4,21.1,Euphorbia.cyparissias,2.3090706006,Intensive.agriculture,GE
GE.A4,21.1,Fragaria.vesca,67.151542984,Intensive.agriculture,GE
GE.A4,21.1,Potentilla.verna,5.089380098,Intensive.agriculture,GE
GE.A4,21.1,Erysimum.crepidifolium,659.73445734,Intensive.agriculture,GE
GE.A4,21.1,Taraxacum.sp.,95.03316,Intensive.agriculture,GE
GE.A4,21.1,Taraxacum.sp.,688.99041,Intensive.agriculture,GE
GE.A4,21.1,Capsella.bursa-pastoris,282.74328,Intensive.agriculture,GE
GE.A4,21.1,Erodium.cicutarium,169.64600325,Intensive.agriculture,GE
GE.A4,21.1,Capsella.bursa-pastoris,19.63495,Intensive.agriculture,GE
GE.A4,21.1,Erysimum.crepidifolium,581.19464099,Intensive.agriculture,GE
GE.A4,21.1,Veronica.arvensis,0.5026548244,Intensive.agriculture,GE
GE.A4,21.1,Ranunculus.acris,253.426819274,Intensive.agriculture,GE
GE.R1,21.1,Valerianella.locusta,18.8495559168,Rural.habitat.mosaic,GE
GE.R1,21.1,Lamium.album,125.663706144,Rural.habitat.mosaic,GE
GE.R1,21.1,Capsella.bursa-pastoris,7.068582,Rural.habitat.mosaic,GE
GE.R1,21.1,Lamium.purpureum,4.6181412012,Rural.habitat.mosaic,GE
GE.R1,21.1,Anthriscus.sylvestris,118.7522022645,Rural.habitat.mosaic,GE
GE.R1,21.1,Capsella.bursa-pastoris,47.12388,Rural.habitat.mosaic,GE
GE.R1,21.1,Anthriscus.sylvestris,92.3628239835,Rural.habitat.mosaic,GE
GE.R1,21.1,Anthriscus.sylvestris,92.3628239835,Rural.habitat.mosaic,GE
GE.R1,21.1,Lamium.album,307.8760800528,Rural.habitat.mosaic,GE
GE.R1,21.1,Anthriscus.sylvestris,303.4778502315,Rural.habitat.mosaic,GE
GE.R1,21.1,Lamium.album,282.743338824,Rural.habitat.mosaic,GE
GE.R1,21.1,Anthriscus.sylvestris,13.1946891405,Rural.habitat.mosaic,GE
GE.R1,21.1,Lamium.album,329.867228628,Rural.habitat.mosaic,GE
GE.R1,21.1,Lamium.purpureum,3.848451001,Rural.habitat.mosaic,GE
GE.R1,21.1,Glechoma.hederacea,50.7995532132,Rural.habitat.mosaic,GE
GE.R1,21.1,Ranunculus.acris,6.669126823,Rural.habitat.mosaic,GE
GE.R1,21.1,Glechoma.hederacea,230.90706006,Rural.habitat.mosaic,GE
GE.R1,21.1,Glechoma.hederacea,130.847334034,Rural.habitat.mosaic,GE
GE.R1,21.1,Myosotis.arvensis,3.95840674376,Rural.habitat.mosaic,GE
GE.R1,21.1,Ranunculus.acris,13.338253646,Rural.habitat.mosaic,GE
GE.R1,21.1,Cerastium.fontanum,6.78584013,Rural.habitat.mosaic,GE
GE.R1,21.1,Veronica.persica,5.309291584,Rural.habitat.mosaic,GE
GE.R1,21.1,Bellis.perennis,25.132741232,Rural.habitat.mosaic,GE
GE.R1,21.1,Cerastium.fontanum,1.130973355,Rural.habitat.mosaic,GE
GE.R1,21.1,Veronica.persica,41.147009776,Rural.habitat.mosaic,GE
GE.R1,21.1,Ranunculus.acris,80.029521876,Rural.habitat.mosaic,GE
GE.R1,21.1,Veronica.chamaedrys,110.8353888,Rural.habitat.mosaic,GE
GE.R1,21.1,Myosotis.sylvatica,30.159289476,Rural.habitat.mosaic,GE
GE.R1,21.1,Cerastium.fontanum,1.130973355,Rural.habitat.mosaic,GE
GE.R1,21.1,Ranunculus.acris,6.669126823,Rural.habitat.mosaic,GE
GE.R1,21.1,Leucanthemum.vulgare,75.39822366,Rural.habitat.mosaic,GE
GE.R1,21.1,Veronica.chamaedrys,73.8902592,Rural.habitat.mosaic,GE
GE.R1,21.1,Cerastium.fontanum,6.78584013,Rural.habitat.mosaic,GE
GE.R1,21.1,Veronica.chamaedrys,7.696902,Rural.habitat.mosaic,GE
GE.R1,21.1,Cerastium.fontanum,1.130973355,Rural.habitat.mosaic,GE
GE.R1,21.1,Glechoma.hederacea,13.8544236036,Rural.habitat.mosaic,GE
GE.R1,21.1,Ranunculus.acris,53.353014584,Rural.habitat.mosaic,GE
GE.R1,21.1,Glechoma.hederacea,50.7995532132,Rural.habitat.mosaic,GE
GE.R1,21.1,Ranunculus.acris,26.676507292,Rural.habitat.mosaic,GE
GE.R1,21.1,Glechoma.hederacea,461.81412012,Rural.habitat.mosaic,GE
GE.R1,21.1,Glechoma.hederacea,166.2530832432,Rural.habitat.mosaic,GE
GE.R2,21.1,Plantago.lanceolata,9.424777962,Rural.habitat.mosaic,GE
GE.R2,21.1,Hibiscus.sabdariffa,706.858347,Rural.habitat.mosaic,GE
GE.R2,21.1,Hibiscus.sabdariffa,367.56634044,Rural.habitat.mosaic,GE
GE.R2,21.1,Leucanthemum.vulgare,150.79644732,Rural.habitat.mosaic,GE
GE.R2,21.1,Vicia.sativa,4.7123889804,Rural.habitat.mosaic,GE
GE.R2,21.1,Plantago.lanceolata,3.141592654,Rural.habitat.mosaic,GE
GE.R2,21.1,Ranunculus.acris,46.683887761,Rural.habitat.mosaic,GE
GE.R2,21.1,Trifolium.repens,0.21991148578,Rural.habitat.mosaic,GE
GE.R2,21.1,Vicia.sativa,9.4247779608,Rural.habitat.mosaic,GE
GE.R2,21.1,Vicia.tetrasperma,19.63495408,Rural.habitat.mosaic,GE
GE.R2,21.1,Bellis.perennis,12.566370616,Rural.habitat.mosaic,GE
GE.R2,21.1,Capsella.bursa-pastoris,24.740037,Rural.habitat.mosaic,GE
GE.R2,21.1,Geranium.pusillum,0.2827433388,Rural.habitat.mosaic,GE
GE.R2,21.1,Ranunculus.acris,140.051663283,Rural.habitat.mosaic,GE
GE.R2,21.1,Tripleurospermum.maritimum,10.9955742876,Rural.habitat.mosaic,GE
GE.R2,21.1,Capsella.bursa-pastoris,57.726753,Rural.habitat.mosaic,GE
GE.R2,21.1,Capsella.bursa-pastoris,62.83184,Rural.habitat.mosaic,GE
GE.R2,21.1,Trifolium.incarnatum,0.21205750413,Rural.habitat.mosaic,GE
GE.R2,21.1,Lamium.album,84.8230016472,Rural.habitat.mosaic,GE
GE.R2,21.1,Ranunculus.repens,452.389342144,Rural.habitat.mosaic,GE
GE.R2,21.1,Capsella.bursa-pastoris,54.97786,Rural.habitat.mosaic,GE
GE.R2,21.1,Capsella.bursa-pastoris,19.63495,Rural.habitat.mosaic,GE
GE.R2,21.1,Trifolium.incarnatum,1.13097335536,Rural.habitat.mosaic,GE
GE.R2,21.1,Capsella.bursa-pastoris,7.85398,Rural.habitat.mosaic,GE
GE.R2,21.1,Trifolium.incarnatum,0.28274333884,Rural.habitat.mosaic,GE
GE.R2,21.1,Capsella.bursa-pastoris,31.41592,Rural.habitat.mosaic,GE
GE.R2,21.1,Trifolium.incarnatum,0.21205750413,Rural.habitat.mosaic,GE
GE.R2,21.1,Bellis.perennis,65.973445734,Rural.habitat.mosaic,GE
GE.R2,21.1,Capsella.bursa-pastoris,98.17475,Rural.habitat.mosaic,GE
GE.R2,21.1,Bellis.perennis,91.106186966,Rural.habitat.mosaic,GE
GE.R2,21.1,Trifolium.repens,0.84823001658,Rural.habitat.mosaic,GE
GE.R2,21.1,Centaurea.cyanus,14.137166942,Rural.habitat.mosaic,GE
GE.R2,21.1,Myosotis.arvensis,1.4137166942,Rural.habitat.mosaic,GE
GE.R2,21.1,Veronica.chamaedrys,38.48451,Rural.habitat.mosaic,GE
GE.R2,21.1,Vicia.tetrasperma,43.196898976,Rural.habitat.mosaic,GE
GE.R2,21.1,Centaurea.cyanus,106.028752065,Rural.habitat.mosaic,GE
GE.R2,21.1,Papaver.rhoeas,423.32961011,Rural.habitat.mosaic,GE
GE.R2,21.1,Tripleurospermum.maritimum,3.1415926536,Rural.habitat.mosaic,GE
GE.R2,21.1,Lycopsis.arvensis,9.4247779584,Rural.habitat.mosaic,GE
GE.R2,21.1,Cerastium.pumilum,3.392920065,Rural.habitat.mosaic,GE
GE.R2,21.1,Silene.latifolia,169.646003304,Rural.habitat.mosaic,GE
GE.R2,21.1,Centaurea.cyanus,56.548667768,Rural.habitat.mosaic,GE
GE.R2,21.1,Phacelia.tanacetifolia,398.8801652748,Rural.habitat.mosaic,GE
GE.R2,21.1,Phacelia.tanacetifolia,240.4732096872,Rural.habitat.mosaic,GE
GE.R2,21.1,Papaver.rhoeas,76.96902002,Rural.habitat.mosaic,GE
GE.R2,21.1,Bellis.perennis,6.283185308,Rural.habitat.mosaic,GE
GE.R2,21.1,Phacelia.tanacetifolia,3.180862562,Rural.habitat.mosaic,GE
GE.R2,21.1,Papaver.rhoeas,384.8451001,Rural.habitat.mosaic,GE
GE.R2,21.1,Phacelia.tanacetifolia,181.9453385464,Rural.habitat.mosaic,GE
GE.R2,21.1,Papaver.rhoeas,192.42255005,Rural.habitat.mosaic,GE
GE.R2,21.1,Tripleurospermum.maritimum,15.707963268,Rural.habitat.mosaic,GE
GE.R2,21.1,Lycopsis.arvensis,8.2466807136,Rural.habitat.mosaic,GE
GE.R2,21.1,Lepidium.draba,633.345078912,Rural.habitat.mosaic,GE
GE.R2,21.1,Brassica.napus,35.342917353,Rural.habitat.mosaic,GE
GE.R2,21.1,Geranium.pusillum,4.241150082,Rural.habitat.mosaic,GE
GE.R2,21.1,Veronica.arvensis,0.2513274122,Rural.habitat.mosaic,GE
GE.R2,21.1,Veronica.persica,13.27322896,Rural.habitat.mosaic,GE
GE.R2,21.1,Lepidium.draba,1029.185753232,Rural.habitat.mosaic,GE
GE.R2,21.1,Plantago.lanceolata,106.814150236,Rural.habitat.mosaic,GE
GE.R2,21.1,Lepidium.draba,534.384910332,Rural.habitat.mosaic,GE
GE.R2,21.1,Centaurea.cyanus,134.303085949,Rural.habitat.mosaic,GE
GE.R2,21.1,Lycopsis.arvensis,1.5707963264,Rural.habitat.mosaic,GE
GE.R3,21.1,Valerianella.locusta,82.466807136,Rural.habitat.mosaic,GE
GE.R3,21.1,Valerianella.locusta,98.1747704,Rural.habitat.mosaic,GE
GE.R3,21.1,Lamium.purpureum,9.2362824024,Rural.habitat.mosaic,GE
GE.R3,21.1,Euphorbia.cyparissias,57.726765015,Rural.habitat.mosaic,GE
GE.R3,21.1,Euphorbia.cyparissias,27.7088472072,Rural.habitat.mosaic,GE
GE.R3,21.1,Prunus.mahaleb,8590.29241175,Rural.habitat.mosaic,GE
GE.R3,21.1,Prunus.mahaleb,5154.17544705,Rural.habitat.mosaic,GE
GE.R3,21.1,Taraxacum.sp.,47.51658,Rural.habitat.mosaic,GE
GE.R3,21.1,Prunus.mahaleb,8590.29241175,Rural.habitat.mosaic,GE
GE.R3,21.1,Pyrus.communis,148.440252891,Rural.habitat.mosaic,GE
GE.R3,21.1,Pyrus.communis,1088.561854534,Rural.habitat.mosaic,GE
GE.R3,21.1,Euphorbia.cyparissias,2.3090706006,Rural.habitat.mosaic,GE
GE.R3,21.1,Prunus.mahaleb,2233.476027055,Rural.habitat.mosaic,GE
GE.R3,21.1,Euphorbia.cyparissias,4.6181412012,Rural.habitat.mosaic,GE
GE.R3,21.1,Prunus.mahaleb,1683.697312703,Rural.habitat.mosaic,GE
GE.R3,21.1,Prunus.mahaleb,5154.17544705,Rural.habitat.mosaic,GE
GE.R3,21.1,Veronica.hederifolia,0.38484510008,Rural.habitat.mosaic,GE
GE.R3,21.1,Veronica.hederifolia,0.38484510008,Rural.habitat.mosaic,GE
GE.R3,21.1,Euphorbia.cyparissias,6.9272118018,Rural.habitat.mosaic,GE
GE.R3,21.1,Prunus.mahaleb,8590.29241175,Rural.habitat.mosaic,GE
GE.R3,21.1,Arabidopsis.thaliana,39.2070763032,Rural.habitat.mosaic,GE
GE.R3,21.1,Cerastium.fontanum,10.178760195,Rural.habitat.mosaic,GE
GE.R3,21.1,Lamium.purpureum,10.3908177027,Rural.habitat.mosaic,GE
GE.R3,21.1,Senecio.vernalis,299.433049781,Rural.habitat.mosaic,GE
GE.R3,21.1,Lamium.purpureum,11.1605079029,Rural.habitat.mosaic,GE
GE.R3,21.1,Barbarea.vulgaris,143.256625011,Rural.habitat.mosaic,GE
GE.R3,21.1,Taraxacum.sp.,166.30803,Rural.habitat.mosaic,GE
GE.R3,21.1,Taraxacum.sp.,95.03316,Rural.habitat.mosaic,GE
GE.R3,21.1,Taraxacum.sp.,237.5829,Rural.habitat.mosaic,GE
GE.R3,21.1,Prunus.mahaleb,8590.29241175,Rural.habitat.mosaic,GE
GE.R3,21.1,Pyrus.communis,2869.844889226,Rural.habitat.mosaic,GE
GE.R3,21.1,Euphorbia.cyparissias,6.5423667017,Rural.habitat.mosaic,GE
GE.R3,21.1,Euphorbia.cyparissias,20.3967903053,Rural.habitat.mosaic,GE
GE.R3,21.1,Prunus.mahaleb,8590.29241175,Rural.habitat.mosaic,GE
GE.R3,21.1,Taraxacum.sp.,95.03316,Rural.habitat.mosaic,GE
GE.R3,21.1,Euphorbia.cyparissias,1.9242255005,Rural.habitat.mosaic,GE
GE.R3,21.1,Lamium.purpureum,1.5393804004,Rural.habitat.mosaic,GE
GE.R3,21.1,Prunus.mahaleb,1958.586669879,Rural.habitat.mosaic,GE
GE.R3,21.1,Stellaria.media,3.0159289476,Rural.habitat.mosaic,GE
GE.R3,21.1,Stellaria.media,2.513274123,Rural.habitat.mosaic,GE
GE.R3,21.1,Taraxacum.sp.,261.34119,Rural.habitat.mosaic,GE
GE.R4,21.1,Taraxacum.sp.,23.75829,Rural.habitat.mosaic,GE
GE.R4,21.1,Geranium.pyrenaicum,48.349110931,Rural.habitat.mosaic,GE
GE.R4,21.1,Trifolium.repens,0.09424777962,Rural.habitat.mosaic,GE
GE.R4,21.1,Stellaria.holostea,47.12388981,Rural.habitat.mosaic,GE
GE.R4,21.1,Vicia.sativa,4.7123889804,Rural.habitat.mosaic,GE
GE.R4,21.1,Geranium.pyrenaicum,170.494233283,Rural.habitat.mosaic,GE
GE.R4,21.1,Vicia.sativa,18.8495559216,Rural.habitat.mosaic,GE
GE.R4,21.1,Vicia.sepium,24.5986704756,Rural.habitat.mosaic,GE
GE.R4,21.1,Stellaria.holostea,9.424777962,Rural.habitat.mosaic,GE
GE.R4,21.1,Euphorbia.cyparissias,21.9361707057,Rural.habitat.mosaic,GE
GE.R4,21.1,Lamium.purpureum,7.696902002,Rural.habitat.mosaic,GE
GE.R4,21.1,Veronica.chamaedrys,81.5871612,Rural.habitat.mosaic,GE
GE.R4,21.1,Stellaria.holostea,226.194671088,Rural.habitat.mosaic,GE
GE.R4,21.1,Veronica.chamaedrys,7.696902,Rural.habitat.mosaic,GE
GE.R4,21.1,Valerianella.locusta,147.2621556,Rural.habitat.mosaic,GE
GE.R4,21.1,Ranunculus.acris,20.007380469,Rural.habitat.mosaic,GE
GE.R4,21.1,Ranunculus.acris,60.022141407,Rural.habitat.mosaic,GE
GE.R4,21.1,Plantago.lanceolata,18.849555924,Rural.habitat.mosaic,GE
GE.R4,21.1,Cerastium.fontanum,59.941587815,Rural.habitat.mosaic,GE
GE.R4,21.1,Cerastium.fontanum,45.2389342,Rural.habitat.mosaic,GE
GE.R4,21.1,Plantago.lanceolata,43.982297156,Rural.habitat.mosaic,GE
GE.R4,21.1,Veronica.chamaedrys,230.90706,Rural.habitat.mosaic,GE
GE.R4,21.1,Papaver.rhoeas,153.93804004,Rural.habitat.mosaic,GE
GE.R4,21.1,Centaurea.cyanus,7.068583471,Rural.habitat.mosaic,GE
GE.R4,21.1,Veronica.chamaedrys,58.4964552,Rural.habitat.mosaic,GE
GE.R4,21.1,Stellaria.holostea,25.132741232,Rural.habitat.mosaic,GE
GE.R4,21.1,Lamium.album,86.393797974,Rural.habitat.mosaic,GE
GE.R4,21.1,Vicia.sativa,56.5486677648,Rural.habitat.mosaic,GE
GE.R4,21.1,Galium.aparine,0.09079202768,Rural.habitat.mosaic,GE
GE.R4,21.1,Anthriscus.sylvestris,593.7610113225,Rural.habitat.mosaic,GE
GE.R4,21.1,Lamium.purpureum,7.696902002,Rural.habitat.mosaic,GE
GE.R4,21.1,Lamium.purpureum,76.96902002,Rural.habitat.mosaic,GE
GE.R4,21.1,Veronica.chamaedrys,64.6539768,Rural.habitat.mosaic,GE
GE.R4,21.1,Veronica.chamaedrys,13.8544236,Rural.habitat.mosaic,GE
GE.R4,21.1,Veronica.persica,2.654645792,Rural.habitat.mosaic,GE
GE.R4,21.1,Ranunculus.acris,13.338253646,Rural.habitat.mosaic,GE
GE.R4,21.1,Stellaria.media,2.0106192984,Rural.habitat.mosaic,GE
GE.R4,21.1,Stellaria.media,1.5079644738,Rural.habitat.mosaic,GE
GE.R4,21.1,Lamium.album,42.4115008236,Rural.habitat.mosaic,GE
GE.R4,21.1,Taraxacum.sp.,23.75829,Rural.habitat.mosaic,GE
GE.R4,21.1,Stellaria.holostea,18.849555924,Rural.habitat.mosaic,GE
GE.R4,21.1,Veronica.chamaedrys,13.8544236,Rural.habitat.mosaic,GE
GE.R4,21.1,Ranunculus.acris,13.338253646,Rural.habitat.mosaic,GE
GE.R4,21.1,Geranium.pyrenaicum,53.438491029,Rural.habitat.mosaic,GE
GE.R4,21.1,Stellaria.holostea,65.973445734,Rural.habitat.mosaic,GE
GE.R4,21.1,Ranunculus.acris,13.338253646,Rural.habitat.mosaic,GE
GE.R4,21.1,Anthriscus.sylvestris,184.725647967,Rural.habitat.mosaic,GE
GE.R4,21.1,Taraxacum.sp.,71.27487,Rural.habitat.mosaic,GE
GE.R4,21.1,Stellaria.holostea,65.973445734,Rural.habitat.mosaic,GE
GE.R4,21.1,Stellaria.holostea,12.566370616,Rural.habitat.mosaic,GE
GE.R4,21.1,Veronica.chamaedrys,83.1265416,Rural.habitat.mosaic,GE
GE.R4,21.1,Stellaria.holostea,25.132741232,Rural.habitat.mosaic,GE
GE.R4,21.1,Veronica.chamaedrys,230.90706,Rural.habitat.mosaic,GE
GE.R4,21.1,Ranunculus.acris,13.338253646,Rural.habitat.mosaic,GE
GE.R4,21.1,Stellaria.holostea,47.12388981,Rural.habitat.mosaic,GE
GE.R4,21.1,Veronica.chamaedrys,83.1265416,Rural.habitat.mosaic,GE
GE.R4,21.1,Ranunculus.acris,46.683887761,Rural.habitat.mosaic,GE
GE.R4,21.1,Lamium.album,259.181393922,Rural.habitat.mosaic,GE
GE.R4,21.1,Veronica.chamaedrys,230.90706,Rural.habitat.mosaic,GE
GE.R4,21.1,Brassica.napus,234.8340508566,Rural.habitat.mosaic,GE
GE.A1,21.2,Asparagus.officinalis,5717.69862755,Intensive.agriculture,GE
GE.A1,21.2,Asparagus.officinalis,13873.27315344,Intensive.agriculture,GE
GE.A1,21.2,Asparagus.officinalis,370.9592604072,Intensive.agriculture,GE
GE.A1,21.2,Asparagus.officinalis,5277.8756562,Intensive.agriculture,GE
GE.A1,21.2,Asparagus.officinalis,8859.29128005,Intensive.agriculture,GE
GE.A1,21.2,Solanum.tuberosum,91.891585123,Intensive.agriculture,GE
GE.A1,21.2,Cirsium.arvense,113.097335536,Intensive.agriculture,GE
GE.A1,21.2,Sambucus.nigra,2586.159072672,Intensive.agriculture,GE
GE.A1,21.2,Rosa.sp.,314.15926528,Intensive.agriculture,GE
GE.A1,21.2,Lycopsis.arvensis,23.561944896,Intensive.agriculture,GE
GE.A1,21.2,Sisymbrium.loeselii,10.9955742848,Intensive.agriculture,GE
GE.A1,21.2,Lycopsis.arvensis,4.1233403568,Intensive.agriculture,GE
GE.A1,21.2,Sisymbrium.loeselii,15.1189146416,Intensive.agriculture,GE
GE.A1,21.2,Papaver.rhoeas,230.90706006,Intensive.agriculture,GE
GE.A1,21.2,Carduus.acanthoides,63.813600773,Intensive.agriculture,GE
GE.A1,21.2,Carduus.acanthoides,83.448554857,Intensive.agriculture,GE
GE.A1,21.2,Onopordum.acanthium,12.56637061,Intensive.agriculture,GE
GE.A1,21.2,Tripleurospermum.maritimum,16.4933614314,Intensive.agriculture,GE
GE.A1,21.2,Carduus.acanthoides,19.634954084,Intensive.agriculture,GE
GE.A1,21.2,Tripleurospermum.maritimum,20.4203522484,Intensive.agriculture,GE
GE.A1,21.2,Sisymbrium.loeselii,42.4115008128,Intensive.agriculture,GE
GE.A1,21.2,Tripleurospermum.maritimum,0.7853981634,Intensive.agriculture,GE
GE.A1,21.2,Solanum.tuberosum,70.68583471,Intensive.agriculture,GE
GE.A2,21.2,Papaver.rhoeas,230.90706006,Intensive.agriculture,GE
GE.A2,21.2,Carduus.acanthoides,29.452431126,Intensive.agriculture,GE
GE.A2,21.2,Tripleurospermum.maritimum,14.9225651046,Intensive.agriculture,GE
GE.A2,21.2,Tripleurospermum.maritimum,95.0331777714,Intensive.agriculture,GE
GE.A2,21.2,Sisymbrium.loeselii,40.0553063232,Intensive.agriculture,GE
GE.A2,21.2,Papaver.rhoeas,76.96902002,Intensive.agriculture,GE
GE.A2,21.2,Tripleurospermum.maritimum,3.1415926536,Intensive.agriculture,GE
GE.A2,21.2,Lycopsis.arvensis,1.1780972448,Intensive.agriculture,GE
GE.A2,21.2,Convolvulus.arvensis,188.49555915,Intensive.agriculture,GE
GE.A2,21.2,Carduus.acanthoides,49.08738521,Intensive.agriculture,GE
GE.A2,21.2,Malva.sylvestris,58.90486224,Intensive.agriculture,GE
GE.A2,21.2,Hypericum.perforatum,382.881604638,Intensive.agriculture,GE
GE.A2,21.2,Convolvulus.arvensis,1030.44239002,Intensive.agriculture,GE
GE.A2,21.2,Convolvulus.arvensis,226.19467098,Intensive.agriculture,GE
GE.A2,21.2,Papaver.rhoeas,654.23667017,Intensive.agriculture,GE
GE.A2,21.2,Tripleurospermum.maritimum,9.4247779608,Intensive.agriculture,GE
GE.A2,21.2,Papaver.rhoeas,615.75216016,Intensive.agriculture,GE
GE.A2,21.2,Tripleurospermum.maritimum,11.780972451,Intensive.agriculture,GE
GE.A2,21.2,Papaver.rhoeas,230.90706006,Intensive.agriculture,GE
GE.A2,21.2,Tripleurospermum.maritimum,4.7123889804,Intensive.agriculture,GE
GE.A2,21.2,Papaver.rhoeas,115.45353003,Intensive.agriculture,GE
GE.A2,21.2,Ballota.nigra,21.4884937431,Intensive.agriculture,GE
GE.A2,21.2,Chaerophyllum.bulbosum,113.8041938831,Intensive.agriculture,GE
GE.A2,21.2,Ballota.nigra,10.5557513124,Intensive.agriculture,GE
GE.A2,21.2,Chaerophyllum.bulbosum,111.33018966825,Intensive.agriculture,GE
GE.A2,21.2,Sisymbrium.loeselii,90.320788768,Intensive.agriculture,GE
GE.A2,21.2,Chaerophyllum.bulbosum,9.04778684288,Intensive.agriculture,GE
GE.A2,21.2,Papaver.rhoeas,153.93804004,Intensive.agriculture,GE
GE.A2,21.2,Consolida.regalis,254.469004956,Intensive.agriculture,GE
GE.A2,21.2,Galium.mollugo,384.845099968,Intensive.agriculture,GE
GE.A2,21.2,Tripleurospermum.maritimum,6.2831853072,Intensive.agriculture,GE
GE.A2,21.2,Sisymbrium.loeselii,37.1100632112,Intensive.agriculture,GE
GE.A2,21.2,Galium.mollugo,235.61944896,Intensive.agriculture,GE
GE.A2,21.2,Cirsium.arvense,127.234502478,Intensive.agriculture,GE
GE.A2,21.2,Tripleurospermum.maritimum,50.2654824576,Intensive.agriculture,GE
GE.A2,21.2,Echium.vulgare,395.0631302004,Intensive.agriculture,GE
GE.A2,21.2,Sisymbrium.loeselii,16.689710968,Intensive.agriculture,GE
GE.A2,21.2,Tripleurospermum.maritimum,8.6393797974,Intensive.agriculture,GE
GE.A2,21.2,Malva.sylvestris,353.42917344,Intensive.agriculture,GE
GE.A2,21.2,Echium.vulgare,325.7203263488,Intensive.agriculture,GE
GE.A2,21.2,Chaerophyllum.bulbosum,1.06028752065,Intensive.agriculture,GE
GE.A2,21.2,Tripleurospermum.maritimum,13.3517687778,Intensive.agriculture,GE
GE.A2,21.2,Echium.vulgare,106.8769820832,Intensive.agriculture,GE
GE.A2,21.2,Papaver.rhoeas,38.48451001,Intensive.agriculture,GE
GE.A2,21.2,Echium.vulgare,68.7066313392,Intensive.agriculture,GE
GE.A2,21.2,Malva.sylvestris,235.61944896,Intensive.agriculture,GE
GE.A2,21.2,Tripleurospermum.maritimum,4.7123889804,Intensive.agriculture,GE
GE.A2,21.2,Echium.vulgare,436.4143435064,Intensive.agriculture,GE
GE.A2,21.2,Sisymbrium.loeselii,11.780972448,Intensive.agriculture,GE
GE.A2,21.2,Galium.mollugo,433.932485168,Intensive.agriculture,GE
GE.A2,21.2,Echium.vulgare,120.872777356,Intensive.agriculture,GE
GE.A2,21.2,Sisymbrium.loeselii,292.1681167104,Intensive.agriculture,GE
GE.A2,21.2,Carduus.acanthoides,24.543692605,Intensive.agriculture,GE
GE.A2,21.2,Sisymbrium.loeselii,17.671458672,Intensive.agriculture,GE
GE.A2,21.2,Malva.sylvestris,333.79421936,Intensive.agriculture,GE
GE.A2,21.2,Papaver.rhoeas,230.90706006,Intensive.agriculture,GE
GE.A2,21.2,Lupinus.albus,42.411500832,Intensive.agriculture,GE
GE.A3,21.2,Carduus.acanthoides,78.539816336,Intensive.agriculture,GE
GE.A3,21.2,Tripleurospermum.maritimum,39.26990817,Intensive.agriculture,GE
GE.A3,21.2,Sisymbrium.loeselii,38.8772090784,Intensive.agriculture,GE
GE.A3,21.2,Papaver.rhoeas,38.48451001,Intensive.agriculture,GE
GE.A3,21.2,Carduus.acanthoides,29.452431126,Intensive.agriculture,GE
GE.A3,21.2,Cichorium.intybus,175.92918854,Intensive.agriculture,GE
GE.A3,21.2,Crepis.biennis,96.21127502,Intensive.agriculture,GE
GE.A3,21.2,Tripleurospermum.maritimum,62.831853072,Intensive.agriculture,GE
GE.A3,21.2,Sisymbrium.loeselii,23.561944896,Intensive.agriculture,GE
GE.A3,21.2,Papaver.rhoeas,38.48451001,Intensive.agriculture,GE
GE.A3,21.2,Crepis.biennis,57.726765012,Intensive.agriculture,GE
GE.A3,21.2,Tripleurospermum.maritimum,84.8230016472,Intensive.agriculture,GE
GE.A3,21.2,Papaver.rhoeas,38.48451001,Intensive.agriculture,GE
GE.A3,21.2,Carduus.acanthoides,9.817477042,Intensive.agriculture,GE
GE.A3,21.2,Tripleurospermum.maritimum,14.1371669412,Intensive.agriculture,GE
GE.A3,21.2,Papaver.rhoeas,461.81412012,Intensive.agriculture,GE
GE.A3,21.2,Tripleurospermum.maritimum,60.4756585818,Intensive.agriculture,GE
GE.A3,21.2,Papaver.rhoeas,346.36059009,Intensive.agriculture,GE
GE.A3,21.2,Tripleurospermum.maritimum,1.5707963268,Intensive.agriculture,GE
GE.A3,21.2,Phacelia.tanacetifolia,76.340701488,Intensive.agriculture,GE
GE.A3,21.2,Convolvulus.arvensis,25.13274122,Intensive.agriculture,GE
GE.A3,21.2,Papaver.rhoeas,538.78314014,Intensive.agriculture,GE
GE.A3,21.2,Tripleurospermum.maritimum,47.123889804,Intensive.agriculture,GE
GE.A3,21.2,Sisymbrium.loeselii,3.1415926528,Intensive.agriculture,GE
GE.A3,21.2,Silene.latifolia,35.342917355,Intensive.agriculture,GE
GE.A3,21.2,Carduus.acanthoides,49.08738521,Intensive.agriculture,GE
GE.A3,21.2,Tripleurospermum.maritimum,31.415926536,Intensive.agriculture,GE
GE.A3,21.2,Plantago.lanceolata,18.849555924,Intensive.agriculture,GE
GE.A3,21.2,Consolida.regalis,381.703507434,Intensive.agriculture,GE
GE.A3,21.2,Carduus.acanthoides,9.817477042,Intensive.agriculture,GE
GE.A3,21.2,Cota.tinctoria,578.05304806,Intensive.agriculture,GE
GE.A3,21.2,Sisymbrium.loeselii,3.1415926528,Intensive.agriculture,GE
GE.A3,21.2,Falcaria.vulgaris,20.99369289699,Intensive.agriculture,GE
GE.A3,21.2,Carduus.acanthoides,29.452431126,Intensive.agriculture,GE
GE.A3,21.2,Papaver.rhoeas,192.42255005,Intensive.agriculture,GE
GE.A3,21.2,Falcaria.vulgaris,6.99789763233,Intensive.agriculture,GE
GE.A3,21.2,Carduus.acanthoides,4.908738521,Intensive.agriculture,GE
GE.A3,21.2,Tripleurospermum.maritimum,35.342917353,Intensive.agriculture,GE
GE.A3,21.2,Papaver.rhoeas,230.90706006,Intensive.agriculture,GE
GE.A3,21.2,Cirsium.arvense,636.17251239,Intensive.agriculture,GE
GE.A3,21.2,Cirsium.arvense,424.11500826,Intensive.agriculture,GE
GE.A3,21.2,Papaver.rhoeas,846.65922022,Intensive.agriculture,GE
GE.A3,21.2,Convolvulus.arvensis,414.69023013,Intensive.agriculture,GE
GE.A3,21.2,Convolvulus.arvensis,238.76104159,Intensive.agriculture,GE
GE.A3,21.2,Silene.latifolia,106.028752065,Intensive.agriculture,GE
GE.A3,21.2,Papaver.rhoeas,384.8451001,Intensive.agriculture,GE
GE.A3,21.2,Cirsium.arvense,530.143760325,Intensive.agriculture,GE
GE.A3,21.2,Ballota.nigra,7.539822366,Intensive.agriculture,GE
GE.A3,21.2,Ballota.nigra,21.9911485675,Intensive.agriculture,GE
GE.A3,21.2,Agrimonia.eupatoria,71.251321365,Intensive.agriculture,GE
GE.A3,21.2,Potentilla.reptans,18.849555924,Intensive.agriculture,GE
GE.A3,21.2,Ballota.nigra,37.69911183,Intensive.agriculture,GE
GE.A3,21.2,Ballota.nigra,6.4088490111,Intensive.agriculture,GE
GE.A3,21.2,Ballota.nigra,10.053096488,Intensive.agriculture,GE
GE.A3,21.2,Agrimonia.eupatoria,126.66901576,Intensive.agriculture,GE
GE.A3,21.2,Rubus.caesius,24.543692605,Intensive.agriculture,GE
GE.A3,21.2,Rubus.caesius,93.266031899,Intensive.agriculture,GE
GE.A3,21.2,Hypericum.perforatum,157.079632672,Intensive.agriculture,GE
GE.A4,21.2,Convolvulus.arvensis,1168.67246673,Intensive.agriculture,GE
GE.A4,21.2,Convolvulus.arvensis,163.36281793,Intensive.agriculture,GE
GE.A4,21.2,Reseda.lutea,129.590696928,Intensive.agriculture,GE
GE.A4,21.2,Achillea.millefolium,56.5486677504,Intensive.agriculture,GE
GE.A4,21.2,Echium.vulgare,20.3575203968,Intensive.agriculture,GE
GE.A4,21.2,Dianthus.carthusianorum,6.283185308,Intensive.agriculture,GE
GE.A4,21.2,Galium.verum,119.1291933828,Intensive.agriculture,GE
GE.A4,21.2,Achillea.millefolium,24.7400421408,Intensive.agriculture,GE
GE.A4,21.2,Echium.vulgare,5.0893800992,Intensive.agriculture,GE
GE.A4,21.2,Galium.verum,147.026536137,Intensive.agriculture,GE
GE.A4,21.2,Echium.vulgare,24.8107279836,Intensive.agriculture,GE
GE.A4,21.2,Salvia.pratensis,117.80972451,Intensive.agriculture,GE
GE.A4,21.2,Galium.verum,138.23007671,Intensive.agriculture,GE
GE.A4,21.2,Echium.vulgare,195.9411338192,Intensive.agriculture,GE
GE.A4,21.2,Galium.verum,75.39822366,Intensive.agriculture,GE
GE.A4,21.2,Salvia.nemorosa,146.0840583924,Intensive.agriculture,GE
GE.A4,21.2,Agrimonia.eupatoria,54.28672104,Intensive.agriculture,GE
GE.A4,21.2,Centaurea.stoebe,39.269908168,Intensive.agriculture,GE
GE.A4,21.2,Achillea.millefolium,176.71458672,Intensive.agriculture,GE
GE.A4,21.2,Centaurea.stoebe,19.634954084,Intensive.agriculture,GE
GE.A4,21.2,Achillea.millefolium,201.4546288608,Intensive.agriculture,GE
GE.A4,21.2,Carduus.acanthoides,103.083508941,Intensive.agriculture,GE
GE.A4,21.2,Ballota.nigra,0.8796459427,Intensive.agriculture,GE
GE.A4,21.2,Achillea.millefolium,116.827976776,Intensive.agriculture,GE
GE.A4,21.2,Centaurea.stoebe,107.992247462,Intensive.agriculture,GE
GE.A4,21.2,Centaurea.stoebe,137.444678588,Intensive.agriculture,GE
GE.A4,21.2,Achillea.millefolium,82.466807136,Intensive.agriculture,GE
GE.A4,21.2,Securigera.varia,23.561944902,Intensive.agriculture,GE
GE.A4,21.2,Achillea.millefolium,44.17864668,Intensive.agriculture,GE
GE.A4,21.2,Centaurea.stoebe,63.813600773,Intensive.agriculture,GE
GE.A4,21.2,Onopordum.acanthium,62.83185305,Intensive.agriculture,GE
GE.A4,21.2,Sisymbrium.loeselii,35.342917344,Intensive.agriculture,GE
GE.A4,21.2,Tripleurospermum.maritimum,43.196898987,Intensive.agriculture,GE
GE.A4,21.2,Sisymbrium.loeselii,70.685834688,Intensive.agriculture,GE
GE.A4,21.2,Sisymbrium.loeselii,17.2787595904,Intensive.agriculture,GE
GE.A4,21.2,Papaver.rhoeas,76.96902002,Intensive.agriculture,GE
GE.A4,21.2,Carduus.acanthoides,29.452431126,Intensive.agriculture,GE
GE.A4,21.2,Sisymbrium.loeselii,17.671458672,Intensive.agriculture,GE
GE.A4,21.2,Galium.verum,703.71675416,Intensive.agriculture,GE
GE.A4,21.2,Carduus.acanthoides,34.361169647,Intensive.agriculture,GE
GE.A4,21.2,Sisymbrium.loeselii,39.8589567824,Intensive.agriculture,GE
GE.A4,21.2,Sisymbrium.loeselii,25.1327412224,Intensive.agriculture,GE
GE.A4,21.2,Carduus.acanthoides,4.908738521,Intensive.agriculture,GE
GE.A4,21.2,Sisymbrium.loeselii,24.7400421408,Intensive.agriculture,GE
GE.A4,21.2,Carduus.acanthoides,58.904862252,Intensive.agriculture,GE
GE.A4,21.2,Carduus.acanthoides,29.452431126,Intensive.agriculture,GE
GE.A4,21.2,Sisymbrium.loeselii,3.926990816,Intensive.agriculture,GE
GE.A4,21.2,Carduus.acanthoides,98.17477042,Intensive.agriculture,GE
GE.A4,21.2,Sisymbrium.loeselii,53.014376016,Intensive.agriculture,GE
GE.A4,21.2,Carduus.acanthoides,53.996123731,Intensive.agriculture,GE
GE.A4,21.2,Sisymbrium.loeselii,5.890486224,Intensive.agriculture,GE
GE.A4,21.2,Galium.verum,169.646003235,Intensive.agriculture,GE
GE.A4,21.2,Helianthus.annuus,2199.1148578,Intensive.agriculture,GE
GE.A4,21.2,Helianthus.annuus,2827.4333886,Intensive.agriculture,GE
GE.A4,21.2,Helianthus.annuus,3455.7519194,Intensive.agriculture,GE
GE.R1,21.2,Tripleurospermum.maritimum,9.4247779608,Rural.habitat.mosaic,GE
GE.R1,21.2,Achillea.millefolium,408.407044864,Rural.habitat.mosaic,GE
GE.R1,21.2,Convolvulus.arvensis,163.36281793,Rural.habitat.mosaic,GE
GE.R1,21.2,Tripleurospermum.maritimum,70.685834706,Rural.habitat.mosaic,GE
GE.R1,21.2,Silene.latifolia,106.028752065,Rural.habitat.mosaic,GE
GE.R1,21.2,Convolvulus.arvensis,138.23007671,Rural.habitat.mosaic,GE
GE.R1,21.2,Tripleurospermum.maritimum,9.4247779608,Rural.habitat.mosaic,GE
GE.R1,21.2,Papaver.rhoeas,3078.7608008,Rural.habitat.mosaic,GE
GE.R1,21.2,Onopordum.acanthium,138.23007671,Rural.habitat.mosaic,GE
GE.R1,21.2,Tripleurospermum.maritimum,159.4358271702,Rural.habitat.mosaic,GE
GE.R1,21.2,Convolvulus.arvensis,1884.9555915,Rural.habitat.mosaic,GE
GE.R1,21.2,Silene.latifolia,1017.876019824,Rural.habitat.mosaic,GE
GE.R1,21.2,Convolvulus.arvensis,175.92918854,Rural.habitat.mosaic,GE
GE.R1,21.2,Papaver.rhoeas,115.45353003,Rural.habitat.mosaic,GE
GE.R1,21.2,Convolvulus.arvensis,477.52208318,Rural.habitat.mosaic,GE
GE.R1,21.2,Convolvulus.arvensis,728.84949538,Rural.habitat.mosaic,GE
GE.R1,21.2,Papaver.rhoeas,538.78314014,Rural.habitat.mosaic,GE
GE.R1,21.2,Silene.latifolia,63.617251239,Rural.habitat.mosaic,GE
GE.R1,21.2,Convolvulus.arvensis,276.46015342,Rural.habitat.mosaic,GE
GE.R1,21.2,Convolvulus.arvensis,113.09733549,Rural.habitat.mosaic,GE
GE.R1,21.2,Hypericum.perforatum,323.976742386,Rural.habitat.mosaic,GE
GE.R1,21.2,Cirsium.palustre,220,Rural.habitat.mosaic,GE
GE.R1,21.2,Cirsium.palustre,90,Rural.habitat.mosaic,GE
GE.R1,21.2,Cirsium.palustre,60,Rural.habitat.mosaic,GE
GE.R1,21.2,Cirsium.arvense,84.823001652,Rural.habitat.mosaic,GE
GE.R1,21.2,Cirsium.arvense,254.469004956,Rural.habitat.mosaic,GE
GE.R1,21.2,Cirsium.arvense,226.194671072,Rural.habitat.mosaic,GE
GE.R1,21.2,Stachys.palustris,247.40042152,Rural.habitat.mosaic,GE
GE.R1,21.2,Cirsium.arvense,296.880505782,Rural.habitat.mosaic,GE
GE.R1,21.2,Cirsium.arvense,197.920337188,Rural.habitat.mosaic,GE
GE.R1,21.2,Cirsium.arvense,282.74333884,Rural.habitat.mosaic,GE
GE.R1,21.2,Cirsium.arvense,148.440252891,Rural.habitat.mosaic,GE
GE.R1,21.2,Cirsium.palustre,90,Rural.habitat.mosaic,GE
GE.R1,21.2,Cirsium.palustre,60,Rural.habitat.mosaic,GE
GE.R1,21.2,Cirsium.palustre,90,Rural.habitat.mosaic,GE
GE.R1,21.2,Ballota.nigra,3.769911183,Rural.habitat.mosaic,GE
GE.R1,21.2,Potentilla.reptans,28.274333886,Rural.habitat.mosaic,GE
GE.R1,21.2,Geranium.robertianum,50.265482464,Rural.habitat.mosaic,GE
GE.R2,21.2,Ballota.nigra,2.0106192976,Rural.habitat.mosaic,GE
GE.R2,21.2,Agrimonia.eupatoria,67.8584013,Rural.habitat.mosaic,GE
GE.R2,21.2,Tanacetum.vulgare,444.7552719636,Rural.habitat.mosaic,GE
GE.R2,21.2,Cirsium.arvense,763.407014868,Rural.habitat.mosaic,GE
GE.R2,21.2,Lotus.corniculatus,16.964600325,Rural.habitat.mosaic,GE
GE.R2,21.2,Trifolium.repens,0.21991148578,Rural.habitat.mosaic,GE
GE.R2,21.2,Hypericum.perforatum,294.52431126,Rural.habitat.mosaic,GE
GE.R2,21.2,Carduus.crispus,28.274333886,Rural.habitat.mosaic,GE
GE.R2,21.2,Tripleurospermum.maritimum,4.7123889804,Rural.habitat.mosaic,GE
GE.R2,21.2,Lotus.corniculatus,97.26370853,Rural.habitat.mosaic,GE
GE.R2,21.2,Trifolium.repens,0.4712388981,Rural.habitat.mosaic,GE
GE.R2,21.2,Plantago.lanceolata,15.70796327,Rural.habitat.mosaic,GE
GE.R2,21.2,Agrimonia.eupatoria,16.964600325,Rural.habitat.mosaic,GE
GE.R2,21.2,Lotus.corniculatus,144.76458944,Rural.habitat.mosaic,GE
GE.R2,21.2,Plantago.lanceolata,12.566370616,Rural.habitat.mosaic,GE
GE.R2,21.2,Lotus.corniculatus,3.392920065,Rural.habitat.mosaic,GE
GE.R2,21.2,Trifolium.repens,0.18849555924,Rural.habitat.mosaic,GE
GE.R2,21.2,Plantago.lanceolata,15.70796327,Rural.habitat.mosaic,GE
GE.R2,21.2,Agrimonia.eupatoria,13.57168026,Rural.habitat.mosaic,GE
GE.R2,21.2,Plantago.media,21.205750413,Rural.habitat.mosaic,GE
GE.R2,21.2,Agrimonia.eupatoria,285.00528546,Rural.habitat.mosaic,GE
GE.R2,21.2,Lotus.corniculatus,23.750440455,Rural.habitat.mosaic,GE
GE.R2,21.2,Trifolium.repens,1.38230076776,Rural.habitat.mosaic,GE
GE.R2,21.2,Prunella.vulgaris,42.332961011,Rural.habitat.mosaic,GE
GE.R2,21.2,Plantago.lanceolata,9.424777962,Rural.habitat.mosaic,GE
GE.R2,21.2,Trifolium.repens,0.12566370616,Rural.habitat.mosaic,GE
GE.R2,21.2,Agrimonia.eupatoria,3.392920065,Rural.habitat.mosaic,GE
GE.R2,21.2,Galium.verum,80.424771904,Rural.habitat.mosaic,GE
GE.R2,21.2,Tanacetum.vulgare,342.119439972,Rural.habitat.mosaic,GE
GE.R2,21.2,Achillea.millefolium,24.7400421408,Rural.habitat.mosaic,GE
GE.R2,21.2,Hypericum.perforatum,417.242774285,Rural.habitat.mosaic,GE
GE.R2,21.2,Onopordum.acanthium,163.36281793,Rural.habitat.mosaic,GE
GE.R2,21.2,Centaurea.jacea,47.783624265,Rural.habitat.mosaic,GE
GE.R2,21.2,Galium.verum,373.221207117,Rural.habitat.mosaic,GE
GE.R2,21.2,Echium.vulgare,62.9810787276,Rural.habitat.mosaic,GE
GE.R2,21.2,Echium.vulgare,68.7066313392,Rural.habitat.mosaic,GE
GE.R2,21.2,Tripleurospermum.maritimum,56.5486677648,Rural.habitat.mosaic,GE
GE.R2,21.2,Tripleurospermum.maritimum,214.4136986082,Rural.habitat.mosaic,GE
GE.R2,21.2,Echium.vulgare,272.9180078196,Rural.habitat.mosaic,GE
GE.R2,21.2,Phacelia.tanacetifolia,69.978976364,Rural.habitat.mosaic,GE
GE.R2,21.2,Tripleurospermum.maritimum,29.8451302092,Rural.habitat.mosaic,GE
GE.R2,21.2,Lotus.corniculatus,18.09557368,Rural.habitat.mosaic,GE
GE.R3,21.2,Echium.vulgare,240.4732096872,Rural.habitat.mosaic,GE
GE.R3,21.2,Ononis.spinosa,28.1486701776,Rural.habitat.mosaic,GE
GE.R3,21.2,Potentilla.gracilis,6.1575216,Rural.habitat.mosaic,GE
GE.R3,21.2,Echium.vulgare,38.170350744,Rural.habitat.mosaic,GE
GE.R3,21.2,Silene.vulgaris,452.357926209,Rural.habitat.mosaic,GE
GE.R3,21.2,Potentilla.reptans,25.132741232,Rural.habitat.mosaic,GE
GE.R3,21.2,Rubus.caesius,9.817477042,Rural.habitat.mosaic,GE
GE.R3,21.2,Galium.mollugo,47.123889792,Rural.habitat.mosaic,GE
GE.R3,21.2,Hypericum.perforatum,117.809724504,Rural.habitat.mosaic,GE
GE.R3,21.2,Ononis.spinosa,6.0318578952,Rural.habitat.mosaic,GE
GE.R3,21.2,Ballota.nigra,28.1486701664,Rural.habitat.mosaic,GE
GE.R3,21.2,Galium.mollugo,25.1327412224,Rural.habitat.mosaic,GE
GE.R3,21.2,Lotus.corniculatus,11.30973355,Rural.habitat.mosaic,GE
GE.R3,21.2,Trifolium.dubium,0.6185010538,Rural.habitat.mosaic,GE
GE.R3,21.2,Lotus.corniculatus,14.702653615,Rural.habitat.mosaic,GE
GE.R3,21.2,Hypericum.perforatum,44.178646689,Rural.habitat.mosaic,GE
GE.R3,21.2,Echium.vulgare,12.723450248,Rural.habitat.mosaic,GE
GE.R3,21.2,Hypericum.perforatum,39.269908168,Rural.habitat.mosaic,GE
GE.R3,21.2,Echium.vulgare,20.9936929092,Rural.habitat.mosaic,GE
GE.R3,21.2,Geum.urbanum,3.534291736,Rural.habitat.mosaic,GE
GE.R3,21.2,Potentilla.reptans,3.141592654,Rural.habitat.mosaic,GE
GE.R3,21.2,Galium.mollugo,19.4386045392,Rural.habitat.mosaic,GE
GE.R3,21.2,Trifolium.campestre,0.03141592654,Rural.habitat.mosaic,GE
GE.R3,21.2,Trifolium.pratense,1.19380520852,Rural.habitat.mosaic,GE
GE.R3,21.2,Symphoricarpos.albus,14.72621556,Rural.habitat.mosaic,GE
GE.R3,21.2,Echium.vulgare,17.1766578348,Rural.habitat.mosaic,GE
GE.R3,21.2,Silene.latifolia,148.440252891,Rural.habitat.mosaic,GE
GE.R3,21.2,Galium.mollugo,2.3561944896,Rural.habitat.mosaic,GE
GE.R3,21.2,Galium.mollugo,30.0414797424,Rural.habitat.mosaic,GE
GE.R3,21.2,Medicago.sativa,15.3152641824,Rural.habitat.mosaic,GE
GE.R3,21.2,Galium.mollugo,36.1283155072,Rural.habitat.mosaic,GE
GE.R3,21.2,Hypericum.perforatum,314.159265344,Rural.habitat.mosaic,GE
GE.R3,21.2,Rubus.caesius,9.817477042,Rural.habitat.mosaic,GE
GE.R3,21.2,Echium.vulgare,69.978976364,Rural.habitat.mosaic,GE
GE.R3,21.2,Echium.vulgare,19.085175372,Rural.habitat.mosaic,GE
GE.R3,21.2,Silene.vulgaris,57.019906665,Rural.habitat.mosaic,GE
GE.R3,21.2,Hypericum.perforatum,49.08738521,Rural.habitat.mosaic,GE
GE.R3,21.2,Galium.mollugo,26.507188008,Rural.habitat.mosaic,GE
GE.R3,21.2,Plantago.lanceolata,3.141592654,Rural.habitat.mosaic,GE
GE.R3,21.2,Galium.mollugo,9.81747704,Rural.habitat.mosaic,GE
GE.R3,21.2,Hypericum.perforatum,171.805848235,Rural.habitat.mosaic,GE
GE.R3,21.2,Galium.mollugo,79.521564024,Rural.habitat.mosaic,GE
GE.R3,21.2,Hypericum.perforatum,39.269908168,Rural.habitat.mosaic,GE
GE.R3,21.2,Conium.maculatum,347.7743067732,Rural.habitat.mosaic,GE
GE.R3,21.2,Centaurea.jacea,47.783624265,Rural.habitat.mosaic,GE
GE.R3,21.2,Lathyrus.tuberosus,12.5663706144,Rural.habitat.mosaic,GE
GE.R3,21.2,Vicia.faba,190.851753744,Rural.habitat.mosaic,GE
GE.R3,21.2,Lathyrus.tuberosus,7.0685834706,Rural.habitat.mosaic,GE
GE.R3,21.2,Centaurea.jacea,5.309291585,Rural.habitat.mosaic,GE
GE.R3,21.2,Galium.mollugo,2.7488935712,Rural.habitat.mosaic,GE
GE.R3,21.2,Centaurea.jacea,5.309291585,Rural.habitat.mosaic,GE
GE.R3,21.2,Echium.vulgare,10.1787601984,Rural.habitat.mosaic,GE
GE.R3,21.2,Lathyrus.tuberosus,7.853981634,Rural.habitat.mosaic,GE
GE.R3,21.2,Galium.mollugo,41.233403568,Rural.habitat.mosaic,GE
GE.R3,21.2,Galium.mollugo,23.561944896,Rural.habitat.mosaic,GE
GE.R3,21.2,Rubus.caesius,14.726215563,Rural.habitat.mosaic,GE
GE.R4,21.2,Lapsana.communis,459.457925615,Rural.habitat.mosaic,GE
GE.R4,21.2,Lapsana.communis,141.37166942,Rural.habitat.mosaic,GE
GE.R4,21.2,Stachys.sylvatica,47.712938436,Rural.habitat.mosaic,GE
GE.R4,21.2,Lapsana.communis,254.469004956,Rural.habitat.mosaic,GE
GE.R4,21.2,Geranium.robertianum,12.566370616,Rural.habitat.mosaic,GE
GE.R4,21.2,Lapsana.communis,127.234502478,Rural.habitat.mosaic,GE
GE.R4,21.2,Geranium.robertianum,59.690260426,Rural.habitat.mosaic,GE
GE.R4,21.2,Torilis.japonica,15.20530844536,Rural.habitat.mosaic,GE
GE.R4,21.2,Lapsana.communis,21.205750413,Rural.habitat.mosaic,GE
GE.R4,21.2,Stachys.sylvatica,38.877209096,Rural.habitat.mosaic,GE
GE.R4,21.2,Trifolium.repens,0.09424777962,Rural.habitat.mosaic,GE
GE.R4,21.2,Prunella.vulgaris,3.848451001,Rural.habitat.mosaic,GE
GE.R4,21.2,Galeopsis.speciosa,6.0318578952,Rural.habitat.mosaic,GE
GE.R4,21.2,Stachys.sylvatica,7.068583472,Rural.habitat.mosaic,GE
GE.R4,21.2,Trifolium.repens,0.7853981635,Rural.habitat.mosaic,GE
GE.R4,21.2,Achillea.millefolium,185.550316056,Rural.habitat.mosaic,GE
GE.R4,21.2,Trifolium.repens,0.1570796327,Rural.habitat.mosaic,GE
GE.R4,21.2,Cirsium.arvense,7.068583471,Rural.habitat.mosaic,GE
GE.R4,21.2,Crepis.biennis,28.863382506,Rural.habitat.mosaic,GE
GE.R4,21.2,Hypericum.perforatum,103.083508941,Rural.habitat.mosaic,GE
GE.R4,21.2,Lapsana.communis,791.681348752,Rural.habitat.mosaic,GE
GE.R4,21.2,Trifolium.repens,0.6283185308,Rural.habitat.mosaic,GE
GE.R4,21.2,Crepis.biennis,240.52818755,Rural.habitat.mosaic,GE
GE.R4,21.2,Trifolium.repens,0.03141592654,Rural.habitat.mosaic,GE
GE.R4,21.2,Plantago.lanceolata,9.424777962,Rural.habitat.mosaic,GE
GE.R4,21.2,Cirsium.arvense,63.617251239,Rural.habitat.mosaic,GE
GE.R4,21.2,Rubus.caesius,44.178646689,Rural.habitat.mosaic,GE
GE.R4,21.2,Crepis.biennis,230.907060048,Rural.habitat.mosaic,GE
GE.R4,21.2,Trifolium.repens,0.84823001658,Rural.habitat.mosaic,GE
GE.R4,21.2,Plantago.lanceolata,40.840704502,Rural.habitat.mosaic,GE
GE.R4,21.2,Achillea.millefolium,360.4977569088,Rural.habitat.mosaic,GE
GE.R4,21.2,Crepis.biennis,115.453530024,Rural.habitat.mosaic,GE
GE.R4,21.2,Plantago.lanceolata,25.132741232,Rural.habitat.mosaic,GE
GE.R4,21.2,Trifolium.arvense,6.283185308,Rural.habitat.mosaic,GE
GE.R4,21.2,Crepis.biennis,76.969020016,Rural.habitat.mosaic,GE
GE.R4,21.2,Plantago.lanceolata,21.991148578,Rural.habitat.mosaic,GE
GE.R4,21.2,Crepis.biennis,134.695785028,Rural.habitat.mosaic,GE
GE.R4,21.2,Plantago.lanceolata,59.690260426,Rural.habitat.mosaic,GE
GE.R4,21.2,Crepis.biennis,288.63382506,Rural.habitat.mosaic,GE
GE.R4,21.2,Plantago.lanceolata,50.265482464,Rural.habitat.mosaic,GE
GE.R4,21.2,Crepis.biennis,67.347892514,Rural.habitat.mosaic,GE
GE.R4,21.2,Galium.mollugo,17.671458672,Rural.habitat.mosaic,GE
GE.R4,21.2,Crepis.biennis,76.969020016,Rural.habitat.mosaic,GE
GE.R4,21.2,Trifolium.arvense,0.7853981635,Rural.habitat.mosaic,GE
GE.R4,21.2,Galium.mollugo,4.90873852,Rural.habitat.mosaic,GE
GE.R4,21.2,Medicago.lupulina,0.33575771492,Rural.habitat.mosaic,GE
GE.R4,21.2,Trifolium.repens,2.26194671088,Rural.habitat.mosaic,GE
GE.R4,21.2,Potentilla.argentea,6.1575216,Rural.habitat.mosaic,GE
GE.R4,21.2,Astragalus.glycyphyllos,3.60497757021,Rural.habitat.mosaic,GE
GE.R4,21.2,Hypericum.perforatum,39.269908168,Rural.habitat.mosaic,GE
GE.R4,21.2,Potentilla.argentea,3.0787608,Rural.habitat.mosaic,GE
GE.R4,21.2,Campanula.rotundifolia,70.12034801,Rural.habitat.mosaic,GE
GE.R4,21.2,Galium.verum,2.2619467098,Rural.habitat.mosaic,GE
GE.A1,21.3,Carduus.acanthoides,49.08738521,Intensive.agriculture,GE
GE.A1,21.3,Sisymbrium.loeselii,41.233403568,Intensive.agriculture,GE
GE.A1,21.3,Lactuca.serriola,35.342917353,Intensive.agriculture,GE
GE.A1,21.3,Sisymbrium.loeselii,1.5707963264,Intensive.agriculture,GE
GE.A1,21.3,Papaver.rhoeas,76.96902002,Intensive.agriculture,GE
GE.A1,21.3,Arctium.minus,376.99111848,Intensive.agriculture,GE
GE.A1,21.3,Lactuca.serriola,23.561944902,Intensive.agriculture,GE
GE.A1,21.3,Sisymbrium.loeselii,56.5486677504,Intensive.agriculture,GE
GE.A1,21.3,Picris.hieracioides,58.904862252,Intensive.agriculture,GE
GE.A1,21.3,Sisymbrium.loeselii,0.7853981632,Intensive.agriculture,GE
GE.A1,21.3,Carduus.acanthoides,309.250526823,Intensive.agriculture,GE
GE.A1,21.3,Carduus.acanthoides,137.444678588,Intensive.agriculture,GE
GE.A1,21.3,Sisymbrium.loeselii,76.576320912,Intensive.agriculture,GE
GE.A1,21.3,Carduus.acanthoides,39.269908168,Intensive.agriculture,GE
GE.A1,21.3,Sisymbrium.loeselii,57.7267649952,Intensive.agriculture,GE
GE.A1,21.3,Carduus.acanthoides,235.619449008,Intensive.agriculture,GE
GE.A1,21.3,Sisymbrium.loeselii,94.247779584,Intensive.agriculture,GE
GE.A1,21.3,Carduus.acanthoides,314.159265344,Intensive.agriculture,GE
GE.A1,21.3,Tripleurospermum.maritimum,3.1415926536,Intensive.agriculture,GE
GE.A1,21.3,Carduus.acanthoides,58.904862252,Intensive.agriculture,GE
GE.A1,21.3,Sisymbrium.loeselii,62.831853056,Intensive.agriculture,GE
GE.A1,21.3,Carduus.acanthoides,157.079632672,Intensive.agriculture,GE
GE.A1,21.3,Silene.latifolia,318.086256195,Intensive.agriculture,GE
GE.A1,21.3,Tripleurospermum.maritimum,21.9911485752,Intensive.agriculture,GE
GE.A1,21.3,Sisymbrium.loeselii,137.44467856,Intensive.agriculture,GE
GE.A1,21.3,Achillea.millefolium,736.310778,Intensive.agriculture,GE
GE.A1,21.3,Tripleurospermum.maritimum,17.2787595948,Intensive.agriculture,GE
GE.A1,21.3,Sisymbrium.loeselii,353.42917344,Intensive.agriculture,GE
GE.A1,21.3,Arctium.minus,6.283185308,Intensive.agriculture,GE
GE.A1,21.3,Arctium.minus,56.548667772,Intensive.agriculture,GE
GE.A1,21.3,Achillea.millefolium,471.23889792,Intensive.agriculture,GE
GE.A1,21.3,Arctium.minus,285.884931514,Intensive.agriculture,GE
GE.A1,21.3,Tripleurospermum.maritimum,117.80972451,Intensive.agriculture,GE
GE.A1,21.3,Onopordum.acanthium,37.69911183,Intensive.agriculture,GE
GE.A1,21.3,Carduus.acanthoides,353.429173512,Intensive.agriculture,GE
GE.A1,21.3,Onopordum.acanthium,113.09733549,Intensive.agriculture,GE
GE.A1,21.3,Tripleurospermum.maritimum,4.7123889804,Intensive.agriculture,GE
GE.A1,21.3,Arctium.minus,18.849555924,Intensive.agriculture,GE
GE.A1,21.3,Asparagus.officinalis,1.8849555915,Intensive.agriculture,GE
GE.A1,21.3,Sisymbrium.loeselii,79.521564024,Intensive.agriculture,GE
GE.A1,21.3,Carduus.acanthoides,19.634954084,Intensive.agriculture,GE
GE.A1,21.3,Sisymbrium.loeselii,15.707963264,Intensive.agriculture,GE
GE.A2,21.3,Ballota.nigra,221.6707775604,Intensive.agriculture,GE
GE.A2,21.3,Ballota.nigra,59.6902603975,Intensive.agriculture,GE
GE.A2,21.3,Nepeta.cataria,10.9955742848,Intensive.agriculture,GE
GE.A2,21.3,Ballota.nigra,104.6778671813,Intensive.agriculture,GE
GE.A2,21.3,Carduus.acanthoides,58.904862252,Intensive.agriculture,GE
GE.A2,21.3,Tripleurospermum.maritimum,22.7765467386,Intensive.agriculture,GE
GE.A2,21.3,Achillea.millefolium,54.977871424,Intensive.agriculture,GE
GE.A2,21.3,Carduus.acanthoides,4.908738521,Intensive.agriculture,GE
GE.A2,21.3,Sisymbrium.loeselii,44.7676953024,Intensive.agriculture,GE
GE.A2,21.3,Malva.sylvestris,196.3495408,Intensive.agriculture,GE
GE.A2,21.3,Tripleurospermum.maritimum,10.9955742876,Intensive.agriculture,GE
GE.A2,21.3,Papaver.rhoeas,76.96902002,Intensive.agriculture,GE
GE.A2,21.3,Achillea.millefolium,14.1371669376,Intensive.agriculture,GE
GE.A2,21.3,Plantago.lanceolata,40.840704502,Intensive.agriculture,GE
GE.A2,21.3,Achillea.millefolium,17.671458672,Intensive.agriculture,GE
GE.A2,21.3,Tripleurospermum.maritimum,21.9911485752,Intensive.agriculture,GE
GE.A2,21.3,Viola.arvensis,25.7217765,Intensive.agriculture,GE
GE.A2,21.3,Tripleurospermum.maritimum,11.780972451,Intensive.agriculture,GE
GE.A2,21.3,Papaver.rhoeas,192.42255005,Intensive.agriculture,GE
GE.A2,21.3,Tripleurospermum.maritimum,32.2013246994,Intensive.agriculture,GE
GE.A2,21.3,Silene.latifolia,28.274333884,Intensive.agriculture,GE
GE.A2,21.3,Fumaria.officinalis,2.1205750413,Intensive.agriculture,GE
GE.A2,21.3,Achillea.millefolium,150.207398712,Intensive.agriculture,GE
GE.A2,21.3,Tripleurospermum.maritimum,27.488935719,Intensive.agriculture,GE
GE.A2,21.3,Echium.vulgare,62.9810787276,Intensive.agriculture,GE
GE.A2,21.3,Myosotis.arvensis,2.40331838014,Intensive.agriculture,GE
GE.A2,21.3,Viola.arvensis,7.349079,Intensive.agriculture,GE
GE.A2,21.3,Carduus.acanthoides,14.726215563,Intensive.agriculture,GE
GE.A2,21.3,Malva.sylvestris,196.3495408,Intensive.agriculture,GE
GE.A2,21.3,Achillea.millefolium,21.9911485696,Intensive.agriculture,GE
GE.A2,21.3,Linaria.vulgaris,51.050880621,Intensive.agriculture,GE
GE.A2,21.3,Falcaria.vulgaris,74.612825485,Intensive.agriculture,GE
GE.A2,21.3,Carduus.acanthoides,98.17477042,Intensive.agriculture,GE
GE.A2,21.3,Achillea.millefolium,364.0320486432,Intensive.agriculture,GE
GE.A2,21.3,Tripleurospermum.maritimum,7.0685834706,Intensive.agriculture,GE
GE.A2,21.3,Sisymbrium.loeselii,8.835729336,Intensive.agriculture,GE
GE.A2,21.3,Achillea.millefolium,47.123889792,Intensive.agriculture,GE
GE.A2,21.3,Malva.sylvestris,78.53981632,Intensive.agriculture,GE
GE.A2,21.3,Falcaria.vulgaris,6.3617251203,Intensive.agriculture,GE
GE.A2,21.3,Cichorium.intybus,12.56637061,Intensive.agriculture,GE
GE.A2,21.3,Sisymbrium.loeselii,10.9955742848,Intensive.agriculture,GE
GE.A2,21.3,Achillea.millefolium,300.414797424,Intensive.agriculture,GE
GE.A2,21.3,Sisymbrium.loeselii,6.2831853056,Intensive.agriculture,GE
GE.A2,21.3,Consolida.regalis,197.920337188,Intensive.agriculture,GE
GE.A2,21.3,Falcaria.vulgaris,0.25132741216,Intensive.agriculture,GE
GE.A2,21.3,Carduus.acanthoides,44.178646689,Intensive.agriculture,GE
GE.A2,21.3,Tripleurospermum.maritimum,4.7123889804,Intensive.agriculture,GE
GE.A2,21.3,Carduus.acanthoides,44.178646689,Intensive.agriculture,GE
GE.A2,21.3,Achillea.millefolium,116.6316272352,Intensive.agriculture,GE
GE.A2,21.3,Tripleurospermum.maritimum,1.5707963268,Intensive.agriculture,GE
GE.A2,21.3,Linaria.vulgaris,14.1371669412,Intensive.agriculture,GE
GE.A2,21.3,Clematis.vitalba,5301.43760268,Intensive.agriculture,GE
GE.A2,21.3,Achillea.millefolium,117.80972448,Intensive.agriculture,GE
GE.A2,21.3,Cichorium.intybus,150.79644732,Intensive.agriculture,GE
GE.A2,21.3,Ballota.nigra,12.0637157856,Intensive.agriculture,GE
GE.A2,21.3,Carduus.acanthoides,39.269908168,Intensive.agriculture,GE
GE.A2,21.3,Sisymbrium.loeselii,47.123889792,Intensive.agriculture,GE
GE.A2,21.3,Achillea.millefolium,259.181393856,Intensive.agriculture,GE
GE.A2,21.3,Echium.vulgare,13.3596227604,Intensive.agriculture,GE
GE.A2,21.3,Achillea.millefolium,3.926990816,Intensive.agriculture,GE
GE.A2,21.3,Convolvulus.arvensis,75.39822366,Intensive.agriculture,GE
GE.A2,21.3,Galium.mollugo,163.3628179456,Intensive.agriculture,GE
GE.A2,21.3,Malva.sylvestris,353.42917344,Intensive.agriculture,GE
GE.A2,21.3,Echium.vulgare,17.8128303472,Intensive.agriculture,GE
GE.A2,21.3,Falcaria.vulgaris,5.00298629831,Intensive.agriculture,GE
GE.A2,21.3,Sisymbrium.loeselii,56.5486677504,Intensive.agriculture,GE
GE.A2,21.3,Malva.sylvestris,58.90486224,Intensive.agriculture,GE
GE.A2,21.3,Malva.sylvestris,314.15926528,Intensive.agriculture,GE
GE.A3,21.3,Medicago.sativa,2.7488935712,Intensive.agriculture,GE
GE.A3,21.3,Rubus.caesius,29.452431126,Intensive.agriculture,GE
GE.A3,21.3,Clematis.vitalba,1104.466167225,Intensive.agriculture,GE
GE.A3,21.3,Ballota.nigra,7.539822366,Intensive.agriculture,GE
GE.A3,21.3,Ballota.nigra,23.876104159,Intensive.agriculture,GE
GE.A3,21.3,Silene.latifolia,35.342917355,Intensive.agriculture,GE
GE.A3,21.3,Silene.latifolia,56.548667768,Intensive.agriculture,GE
GE.A3,21.3,Ballota.nigra,17.592918854,Intensive.agriculture,GE
GE.A3,21.3,Hypericum.perforatum,29.452431126,Intensive.agriculture,GE
GE.A3,21.3,Ballota.nigra,5.5292030684,Intensive.agriculture,GE
GE.A3,21.3,Ballota.nigra,17.592918854,Intensive.agriculture,GE
GE.A3,21.3,Lamium.album,37.6991118432,Intensive.agriculture,GE
GE.A3,21.3,Achillea.millefolium,113.0973355008,Intensive.agriculture,GE
GE.A3,21.3,Agrimonia.eupatoria,22.6194671,Intensive.agriculture,GE
GE.A3,21.3,Agrimonia.eupatoria,6.78584013,Intensive.agriculture,GE
GE.A3,21.3,Rubus.caesius,4.908738521,Intensive.agriculture,GE
GE.A3,21.3,Carduus.acanthoides,58.904862252,Intensive.agriculture,GE
GE.A3,21.3,Silene.latifolia,49.480084297,Intensive.agriculture,GE
GE.A3,21.3,Silene.latifolia,162.577419833,Intensive.agriculture,GE
GE.A3,21.3,Arctium.tomentosum,12.566370616,Intensive.agriculture,GE
GE.A3,21.3,Ballota.nigra,24.8814138078,Intensive.agriculture,GE
GE.A3,21.3,Ballota.nigra,7.539822366,Intensive.agriculture,GE
GE.A3,21.3,Carduus.acanthoides,34.361169647,Intensive.agriculture,GE
GE.A3,21.3,Achillea.millefolium,17.671458672,Intensive.agriculture,GE
GE.A3,21.3,Carduus.acanthoides,49.08738521,Intensive.agriculture,GE
GE.A3,21.3,Sisymbrium.loeselii,30.6305283648,Intensive.agriculture,GE
GE.A3,21.3,Carduus.acanthoides,68.722339294,Intensive.agriculture,GE
GE.A3,21.3,Tripleurospermum.maritimum,5.4977871438,Intensive.agriculture,GE
GE.A3,21.3,Carduus.acanthoides,117.809724504,Intensive.agriculture,GE
GE.A3,21.3,Carduus.acanthoides,181.623325277,Intensive.agriculture,GE
GE.A3,21.3,Tripleurospermum.maritimum,4.7123889804,Intensive.agriculture,GE
GE.A3,21.3,Carduus.acanthoides,44.178646689,Intensive.agriculture,GE
GE.A3,21.3,Malva.sylvestris,549.77871424,Intensive.agriculture,GE
GE.A3,21.3,Carduus.acanthoides,58.904862252,Intensive.agriculture,GE
GE.A3,21.3,Picris.hieracioides,49.08738521,Intensive.agriculture,GE
GE.A3,21.3,Malva.moschata,84.82300164,Intensive.agriculture,GE
GE.A3,21.3,Cichorium.intybus,113.09733549,Intensive.agriculture,GE
GE.A3,21.3,Malva.moschata,56.54866776,Intensive.agriculture,GE
GE.A3,21.3,Carduus.crispus,62.83185308,Intensive.agriculture,GE
GE.A3,21.3,Cichorium.intybus,12.56637061,Intensive.agriculture,GE
GE.A3,21.3,Cirsium.arvense,56.548667768,Intensive.agriculture,GE
GE.A3,21.3,Carduus.acanthoides,58.904862252,Intensive.agriculture,GE
GE.A3,21.3,Cichorium.intybus,75.39822366,Intensive.agriculture,GE
GE.A3,21.3,Silene.latifolia,141.37166942,Intensive.agriculture,GE
GE.A4,21.3,Achillea.millefolium,151.9745445792,Intensive.agriculture,GE
GE.A4,21.3,Centaurea.jacea,63.71149902,Intensive.agriculture,GE
GE.A4,21.3,Plantago.lanceolata,3.141592654,Intensive.agriculture,GE
GE.A4,21.3,Achillea.millefolium,84.8230016256,Intensive.agriculture,GE
GE.A4,21.3,Lotus.corniculatus,3.392920065,Intensive.agriculture,GE
GE.A4,21.3,Trifolium.pratense,0.3141592654,Intensive.agriculture,GE
GE.A4,21.3,Carduus.acanthoides,24.543692605,Intensive.agriculture,GE
GE.A4,21.3,Sisymbrium.loeselii,43.9822971392,Intensive.agriculture,GE
GE.A4,21.3,Echium.vulgare,8.9064151736,Intensive.agriculture,GE
GE.A4,21.3,Sisymbrium.loeselii,17.2787595904,Intensive.agriculture,GE
GE.A4,21.3,Sisymbrium.loeselii,10.6028752032,Intensive.agriculture,GE
GE.A4,21.3,Plantago.lanceolata,43.982297156,Intensive.agriculture,GE
GE.A4,21.3,Agrimonia.eupatoria,27.14336052,Intensive.agriculture,GE
GE.A4,21.3,Carduus.acanthoides,14.726215563,Intensive.agriculture,GE
GE.A4,21.3,Leucanthemum.vulgare,12.56637061,Intensive.agriculture,GE
GE.A4,21.3,Sisymbrium.loeselii,2.3561944896,Intensive.agriculture,GE
GE.A4,21.3,Plantago.lanceolata,40.840704502,Intensive.agriculture,GE
GE.A4,21.3,Carduus.acanthoides,29.452431126,Intensive.agriculture,GE
GE.A4,21.3,Ballota.nigra,9.0477868392,Intensive.agriculture,GE
GE.A4,21.3,Centaurea.jacea,74.33008219,Intensive.agriculture,GE
GE.A4,21.3,Ballota.nigra,13.1946891405,Intensive.agriculture,GE
GE.A4,21.3,Achillea.millefolium,28.2743338752,Intensive.agriculture,GE
GE.A4,21.3,Carduus.acanthoides,127.627201546,Intensive.agriculture,GE
GE.A4,21.3,Ballota.nigra,10.5557513124,Intensive.agriculture,GE
GE.A4,21.3,Achillea.millefolium,200.8655802384,Intensive.agriculture,GE
GE.A4,21.3,Carduus.acanthoides,49.08738521,Intensive.agriculture,GE
GE.A4,21.3,Cichorium.intybus,226.19467098,Intensive.agriculture,GE
GE.A4,21.3,Carduus.acanthoides,274.889357176,Intensive.agriculture,GE
GE.A4,21.3,Convolvulus.arvensis,50.26548244,Intensive.agriculture,GE
GE.A4,21.3,Achillea.millefolium,178.678082128,Intensive.agriculture,GE
GE.A4,21.3,Carduus.acanthoides,44.178646689,Intensive.agriculture,GE
GE.A4,21.3,Scabiosa.ochroleuca,144.31691253,Intensive.agriculture,GE
GE.A4,21.3,Agrimonia.eupatoria,27.14336052,Intensive.agriculture,GE
GE.A4,21.3,Achillea.millefolium,40.0553063232,Intensive.agriculture,GE
GE.A4,21.3,Scabiosa.ochroleuca,19.242255004,Intensive.agriculture,GE
GE.A4,21.3,Agrimonia.eupatoria,27.14336052,Intensive.agriculture,GE
GE.A4,21.3,Daucus.carota,54.035393623,Intensive.agriculture,GE
GE.A4,21.3,Achillea.millefolium,63.6172512192,Intensive.agriculture,GE
GE.A4,21.3,Centaurea.jacea,15.927874755,Intensive.agriculture,GE
GE.A4,21.3,Scabiosa.ochroleuca,28.863382506,Intensive.agriculture,GE
GE.A4,21.3,Echium.vulgare,2.5446900496,Intensive.agriculture,GE
GE.A4,21.3,Reseda.lutea,98.1747704,Intensive.agriculture,GE
GE.A4,21.3,Agrimonia.eupatoria,63.33450788,Intensive.agriculture,GE
GE.A4,21.3,Galium.verum,11.309733549,Intensive.agriculture,GE
GE.A4,21.3,Carduus.acanthoides,235.619449008,Intensive.agriculture,GE
GE.A4,21.3,Sisymbrium.loeselii,2.3561944896,Intensive.agriculture,GE
GE.A4,21.3,Achillea.millefolium,30.6305283648,Intensive.agriculture,GE
GE.A4,21.3,Carduus.acanthoides,78.539816336,Intensive.agriculture,GE
GE.A4,21.3,Sisymbrium.loeselii,6.4795348464,Intensive.agriculture,GE
GE.A4,21.3,Carduus.acanthoides,49.08738521,Intensive.agriculture,GE
GE.A4,21.3,Sisymbrium.loeselii,3.926990816,Intensive.agriculture,GE
GE.A4,21.3,Carduus.acanthoides,73.631077815,Intensive.agriculture,GE
GE.A4,21.3,Sisymbrium.loeselii,40.6443549456,Intensive.agriculture,GE
GE.A4,21.3,Achillea.millefolium,137.8373776416,Intensive.agriculture,GE
GE.A4,21.3,Carduus.acanthoides,78.539816336,Intensive.agriculture,GE
GE.A4,21.3,Clinopodium.vulgare,1.5393804004,Intensive.agriculture,GE
GE.A4,21.3,Agrimonia.eupatoria,47.50088091,Intensive.agriculture,GE
GE.A4,21.3,Carduus.acanthoides,19.634954084,Intensive.agriculture,GE
GE.A4,21.3,Sisymbrium.loeselii,4.7123889792,Intensive.agriculture,GE
GE.A4,21.3,Plantago.lanceolata,3.141592654,Intensive.agriculture,GE
GE.A4,21.3,Daucus.carota,48.2548631424,Intensive.agriculture,GE
GE.A4,21.3,Achillea.millefolium,106.028752032,Intensive.agriculture,GE
GE.A4,21.3,Carduus.acanthoides,14.726215563,Intensive.agriculture,GE
GE.A4,21.3,Scabiosa.ochroleuca,9.621127502,Intensive.agriculture,GE
GE.A4,21.3,Consolida.regalis,346.360590079,Intensive.agriculture,GE
GE.A4,21.3,Carduus.acanthoides,103.083508941,Intensive.agriculture,GE
GE.A4,21.3,Sisymbrium.loeselii,30.6305283648,Intensive.agriculture,GE
GE.A4,21.3,Achillea.millefolium,13.744467856,Intensive.agriculture,GE
GE.A4,21.3,Carduus.acanthoides,29.452431126,Intensive.agriculture,GE
GE.A4,21.3,Achillea.millefolium,25.9181393856,Intensive.agriculture,GE
GE.A4,21.3,Carduus.acanthoides,206.167017882,Intensive.agriculture,GE
GE.A4,21.3,Scabiosa.ochroleuca,105.832402522,Intensive.agriculture,GE
GE.A4,21.3,Carduus.acanthoides,34.361169647,Intensive.agriculture,GE
GE.A4,21.3,Sisymbrium.loeselii,190.8517536576,Intensive.agriculture,GE
GE.R1,21.3,Arctium.tomentosum,37.699111848,Rural.habitat.mosaic,GE
GE.R1,21.3,Malva.sylvestris,549.77871424,Rural.habitat.mosaic,GE
GE.R1,21.3,Tanacetum.vulgare,418.145982188,Rural.habitat.mosaic,GE
GE.R1,21.3,Arctium.tomentosum,25.132741232,Rural.habitat.mosaic,GE
GE.R1,21.3,Lactuca.serriola,15.707963268,Rural.habitat.mosaic,GE
GE.R1,21.3,Lactuca.serriola,12.5663706144,Rural.habitat.mosaic,GE
GE.R1,21.3,Arctium.tomentosum,131.946891468,Rural.habitat.mosaic,GE
GE.R1,21.3,Lactuca.serriola,9.4247779608,Rural.habitat.mosaic,GE
GE.R1,21.3,Convolvulus.arvensis,113.09733549,Rural.habitat.mosaic,GE
GE.R1,21.3,Convolvulus.arvensis,25.13274122,Rural.habitat.mosaic,GE
GE.R1,21.3,Galium.mollugo,113.0973355008,Rural.habitat.mosaic,GE
GE.R1,21.3,Galium.mollugo,194.386045392,Rural.habitat.mosaic,GE
GE.R1,21.3,Convolvulus.arvensis,12.56637061,Rural.habitat.mosaic,GE
GE.R1,21.3,Ballota.nigra,6.0318578928,Rural.habitat.mosaic,GE
GE.R1,21.3,Achillea.millefolium,68.9186888208,Rural.habitat.mosaic,GE
GE.R1,21.3,Carduus.acanthoides,29.452431126,Rural.habitat.mosaic,GE
GE.R1,21.3,Convolvulus.arvensis,62.83185305,Rural.habitat.mosaic,GE
GE.R1,21.3,Tanacetum.vulgare,279.3975426438,Rural.habitat.mosaic,GE
GE.R1,21.3,Galium.mollugo,4.1233403568,Rural.habitat.mosaic,GE
GE.R1,21.3,Ballota.nigra,13.5716802588,Rural.habitat.mosaic,GE
GE.R1,21.3,Cirsium.oleraceum,30,Rural.habitat.mosaic,GE
GE.R1,21.3,Cirsium.palustre,120,Rural.habitat.mosaic,GE
GE.R1,21.3,Symphytum.officinale,3.6756634044,Rural.habitat.mosaic,GE
GE.R1,21.3,Cirsium.palustre,160,Rural.habitat.mosaic,GE
GE.R1,21.3,Cirsium.palustre,100,Rural.habitat.mosaic,GE
GE.R1,21.3,Cirsium.palustre,480,Rural.habitat.mosaic,GE
GE.R1,21.3,Cirsium.palustre,400,Rural.habitat.mosaic,GE
GE.R1,21.3,Cirsium.palustre,720,Rural.habitat.mosaic,GE
GE.R1,21.3,Potentilla.reptans,3.141592654,Rural.habitat.mosaic,GE
GE.R1,21.3,Cirsium.oleraceum,240,Rural.habitat.mosaic,GE
GE.R1,21.3,Cirsium.palustre,60,Rural.habitat.mosaic,GE
GE.R1,21.3,Cirsium.palustre,120,Rural.habitat.mosaic,GE
GE.R1,21.3,Cirsium.oleraceum,180,Rural.habitat.mosaic,GE
GE.R1,21.3,Cirsium.palustre,480,Rural.habitat.mosaic,GE
GE.R1,21.3,Cirsium.palustre,280,Rural.habitat.mosaic,GE
GE.R1,21.3,Cirsium.palustre,480,Rural.habitat.mosaic,GE
GE.R1,21.3,Althaea.officinalis,2626.37145749,Rural.habitat.mosaic,GE
GE.R1,21.3,Arctium.tomentosum,56.548667772,Rural.habitat.mosaic,GE
GE.R1,21.3,Althaea.officinalis,8796.459427,Rural.habitat.mosaic,GE
GE.R2,21.3,Achillea.millefolium,358.1415624192,Rural.habitat.mosaic,GE
GE.R2,21.3,Arctium.tomentosum,141.37166943,Rural.habitat.mosaic,GE
GE.R2,21.3,Tanacetum.vulgare,386.7850335239,Rural.habitat.mosaic,GE
GE.R2,21.3,Achillea.millefolium,269.3915699776,Rural.habitat.mosaic,GE
GE.R2,21.3,Picris.hieracioides,34.361169647,Rural.habitat.mosaic,GE
GE.R2,21.3,Medicago.sativa,1.7671458672,Rural.habitat.mosaic,GE
GE.R2,21.3,Malva.sylvestris,78.53981632,Rural.habitat.mosaic,GE
GE.R2,21.3,Medicago.sativa,16.4933614272,Rural.habitat.mosaic,GE
GE.R2,21.3,Trifolium.pratense,0.12566370616,Rural.habitat.mosaic,GE
GE.R2,21.3,Scorzoneroides.autumnalis,37.69911183,Rural.habitat.mosaic,GE
GE.R2,21.3,Plantago.lanceolata,78.53981635,Rural.habitat.mosaic,GE
GE.R2,21.3,Medicago.sativa,4.7123889792,Rural.habitat.mosaic,GE
GE.R2,21.3,Medicago.sativa,5.4977871424,Rural.habitat.mosaic,GE
GE.R2,21.3,Trifolium.pratense,0.03141592654,Rural.habitat.mosaic,GE
GE.R2,21.3,Tripleurospermum.maritimum,76.9690200132,Rural.habitat.mosaic,GE
GE.R2,21.3,Achillea.millefolium,34.36116964,Rural.habitat.mosaic,GE
GE.R2,21.3,Cirsium.arvense,14.137166942,Rural.habitat.mosaic,GE
GE.R2,21.3,Scorzoneroides.autumnalis,25.13274122,Rural.habitat.mosaic,GE
GE.R2,21.3,Convolvulus.arvensis,12.56637061,Rural.habitat.mosaic,GE
GE.R2,21.3,Daucus.carota,23.1221219224,Rural.habitat.mosaic,GE
GE.R2,21.3,Achillea.millefolium,132.53594004,Rural.habitat.mosaic,GE
GE.R2,21.3,Centaurea.jacea,175.206622305,Rural.habitat.mosaic,GE
GE.R2,21.3,Tanacetum.vulgare,66.523224439,Rural.habitat.mosaic,GE
GE.R2,21.3,Achillea.millefolium,73.0420291776,Rural.habitat.mosaic,GE
GE.R2,21.3,Centaurea.jacea,47.783624265,Rural.habitat.mosaic,GE
GE.R2,21.3,Lotus.corniculatus,5.654866775,Rural.habitat.mosaic,GE
GE.R2,21.3,Achillea.millefolium,30.2378292832,Rural.habitat.mosaic,GE
GE.R2,21.3,Tanacetum.vulgare,90.2815188815,Rural.habitat.mosaic,GE
GE.R2,21.3,Scorzoneroides.autumnalis,389.55748891,Rural.habitat.mosaic,GE
GE.R2,21.3,Campanula.rotundifolia,64.465481235,Rural.habitat.mosaic,GE
GE.R2,21.3,Tanacetum.vulgare,79.8278693268,Rural.habitat.mosaic,GE
GE.R2,21.3,Achillea.millefolium,226.783719624,Rural.habitat.mosaic,GE
GE.R2,21.3,Tanacetum.vulgare,256.589579979,Rural.habitat.mosaic,GE
GE.R2,21.3,Cirsium.arvense,28.274333884,Rural.habitat.mosaic,GE
GE.R2,21.3,Tanacetum.vulgare,18.0563037763,Rural.habitat.mosaic,GE
GE.R2,21.3,Silene.latifolia,70.68583471,Rural.habitat.mosaic,GE
GE.R2,21.3,Ballota.nigra,4.3982297135,Rural.habitat.mosaic,GE
GE.R2,21.3,Lamium.album,3.926990817,Rural.habitat.mosaic,GE
GE.R2,21.3,Lamium.album,7.853981634,Rural.habitat.mosaic,GE
GE.R2,21.3,Agrimonia.eupatoria,36.19114736,Rural.habitat.mosaic,GE
GE.R2,21.3,Daucus.carota,22.619467098,Rural.habitat.mosaic,GE
GE.R2,21.3,Trifolium.pratense,2.85884931514,Rural.habitat.mosaic,GE
GE.R2,21.3,Galium.verum,96.1327351665,Rural.habitat.mosaic,GE
GE.R2,21.3,Achillea.millefolium,123.700210704,Rural.habitat.mosaic,GE
GE.R2,21.3,Vicia.cracca,2.3561944896,Rural.habitat.mosaic,GE
GE.R2,21.3,Galium.verum,5.026548244,Rural.habitat.mosaic,GE
GE.R2,21.3,Achillea.millefolium,227.765467328,Rural.habitat.mosaic,GE
GE.R2,21.3,Plantago.lanceolata,12.566370616,Rural.habitat.mosaic,GE
GE.R2,21.3,Galium.verum,8.0424771904,Rural.habitat.mosaic,GE
GE.R2,21.3,Daucus.carota,52.778756562,Rural.habitat.mosaic,GE
GE.R2,21.3,Agrimonia.eupatoria,156.07432299,Rural.habitat.mosaic,GE
GE.R2,21.3,Achillea.millefolium,29.45243112,Rural.habitat.mosaic,GE
GE.R2,21.3,Knautia.arvensis,25.13274122,Rural.habitat.mosaic,GE
GE.R2,21.3,Agrimonia.eupatoria,81.43008156,Rural.habitat.mosaic,GE
GE.R2,21.3,Achillea.millefolium,49.4800842816,Rural.habitat.mosaic,GE
GE.R2,21.3,Knautia.arvensis,12.56637061,Rural.habitat.mosaic,GE
GE.R2,21.3,Agrimonia.eupatoria,147.02653615,Rural.habitat.mosaic,GE
GE.R2,21.3,Cichorium.intybus,75.39822366,Rural.habitat.mosaic,GE
GE.R2,21.3,Tripleurospermum.maritimum,17.2787595948,Rural.habitat.mosaic,GE
GE.R2,21.3,Tripleurospermum.maritimum,40.0553063334,Rural.habitat.mosaic,GE
GE.R2,21.3,Picris.hieracioides,107.992247462,Rural.habitat.mosaic,GE
GE.R2,21.3,Echium.vulgare,35.6256606944,Rural.habitat.mosaic,GE
GE.R2,21.3,Achillea.millefolium,78.53981632,Rural.habitat.mosaic,GE
GE.R2,21.3,Tripleurospermum.maritimum,14.1371669412,Rural.habitat.mosaic,GE
GE.R2,21.3,Phacelia.tanacetifolia,159.0431281,Rural.habitat.mosaic,GE
GE.R3,21.3,Symphoricarpos.albus,54.1924732608,Rural.habitat.mosaic,GE
GE.R3,21.3,Achillea.millefolium,91.8915850944,Rural.habitat.mosaic,GE
GE.R3,21.3,Picris.hieracioides,78.539816336,Rural.habitat.mosaic,GE
GE.R3,21.3,Daucus.carota,169.646003235,Rural.habitat.mosaic,GE
GE.R3,21.3,Centaurea.stoebe,39.269908168,Rural.habitat.mosaic,GE
GE.R3,21.3,Achillea.millefolium,178.678082128,Rural.habitat.mosaic,GE
GE.R3,21.3,Achillea.millefolium,67.5442420352,Rural.habitat.mosaic,GE
GE.R3,21.3,Centaurea.jacea,63.71149902,Rural.habitat.mosaic,GE
GE.R3,21.3,Picris.hieracioides,29.452431126,Rural.habitat.mosaic,GE
GE.R3,21.3,Daucus.carota,107.4424687155,Rural.habitat.mosaic,GE
GE.R3,21.3,Achillea.millefolium,37.306412752,Rural.habitat.mosaic,GE
GE.R3,21.3,Linaria.vulgaris,42.4115008236,Rural.habitat.mosaic,GE
GE.R3,21.3,Falcaria.vulgaris,36.7566340284,Rural.habitat.mosaic,GE
GE.R3,21.3,Achillea.millefolium,159.043128048,Rural.habitat.mosaic,GE
GE.R3,21.3,Achillea.millefolium,43.9822971392,Rural.habitat.mosaic,GE
GE.R3,21.3,Centaurea.jacea,69.020790605,Rural.habitat.mosaic,GE
GE.R3,21.3,Picris.hieracioides,39.269908168,Rural.habitat.mosaic,GE
GE.R3,21.3,Daucus.carota,17.592918854,Rural.habitat.mosaic,GE
GE.R3,21.3,Trifolium.repens,4.712388981,Rural.habitat.mosaic,GE
GE.R3,21.3,Achillea.millefolium,333.79421936,Rural.habitat.mosaic,GE
GE.R3,21.3,Solidago.canadensis,271.433605176,Rural.habitat.mosaic,GE
GE.R3,21.3,Carduus.acanthoides,29.452431126,Rural.habitat.mosaic,GE
GE.R3,21.3,Tanacetum.vulgare,790.6760390464,Rural.habitat.mosaic,GE
GE.R3,21.3,Carduus.acanthoides,88.357293378,Rural.habitat.mosaic,GE
GE.R3,21.3,Achillea.millefolium,76.576320912,Rural.habitat.mosaic,GE
GE.R3,21.3,Silene.latifolia,42.411500826,Rural.habitat.mosaic,GE
GE.R3,21.3,Daucus.carota,14.0743350832,Rural.habitat.mosaic,GE
GE.R3,21.3,Achillea.millefolium,68.72233928,Rural.habitat.mosaic,GE
GE.R3,21.3,Picris.hieracioides,29.452431126,Rural.habitat.mosaic,GE
GE.R3,21.3,Rubus.caesius,9.817477042,Rural.habitat.mosaic,GE
GE.R3,21.3,Achillea.millefolium,141.371669376,Rural.habitat.mosaic,GE
GE.R3,21.3,Agrimonia.eupatoria,72.38229472,Rural.habitat.mosaic,GE
GE.R3,21.3,Picris.hieracioides,9.817477042,Rural.habitat.mosaic,GE
GE.R3,21.3,Saponaria.officinalis,84.823001652,Rural.habitat.mosaic,GE
GE.R3,21.3,Trifolium.pratense,0.43982297156,Rural.habitat.mosaic,GE
GE.R3,21.3,Plantago.lanceolata,9.424777962,Rural.habitat.mosaic,GE
GE.R3,21.3,Melilotus.albus,12.06371579136,Rural.habitat.mosaic,GE
GE.R3,21.3,Achillea.millefolium,282.743338752,Rural.habitat.mosaic,GE
GE.R3,21.3,Pentanema.conyzae,15.707963268,Rural.habitat.mosaic,GE
GE.R3,21.3,Achillea.millefolium,94.247779584,Rural.habitat.mosaic,GE
GE.R3,21.3,Achillea.millefolium,56.5486677504,Rural.habitat.mosaic,GE
GE.R3,21.3,Centaurea.jacea,53.09291585,Rural.habitat.mosaic,GE
GE.R3,21.3,Daucus.carota,37.1964570056,Rural.habitat.mosaic,GE
GE.R3,21.3,Achillea.millefolium,194.386045392,Rural.habitat.mosaic,GE
GE.R3,21.3,Erigeron.acris,8.5529859993,Rural.habitat.mosaic,GE
GE.R3,21.3,Centaurea.jacea,63.71149902,Rural.habitat.mosaic,GE
GE.R3,21.3,Lotus.corniculatus,10.178760195,Rural.habitat.mosaic,GE
GE.R3,21.3,Plantago.lanceolata,6.283185308,Rural.habitat.mosaic,GE
GE.R3,21.3,Rubus.caesius,83.448554857,Rural.habitat.mosaic,GE
GE.R3,21.3,Plantago.lanceolata,28.274333886,Rural.habitat.mosaic,GE
GE.R3,21.3,Galium.mollugo,35.342917344,Rural.habitat.mosaic,GE
GE.R3,21.3,Plantago.lanceolata,56.548667772,Rural.habitat.mosaic,GE
GE.R3,21.3,Achillea.millefolium,93.4623814208,Rural.habitat.mosaic,GE
GE.R3,21.3,Plantago.lanceolata,75.398223696,Rural.habitat.mosaic,GE
GE.R4,21.3,Rubus.caesius,4.908738521,Rural.habitat.mosaic,GE
GE.R4,21.3,Ballota.nigra,11.9380520795,Rural.habitat.mosaic,GE
GE.R4,21.3,Crepis.biennis,105.832402522,Rural.habitat.mosaic,GE
GE.R4,21.3,Trifolium.pratense,0.18849555924,Rural.habitat.mosaic,GE
GE.R4,21.3,Achillea.millefolium,63.6172512192,Rural.habitat.mosaic,GE
GE.R4,21.3,Campanula.rotundifolia,169.64600325,Rural.habitat.mosaic,GE
GE.R4,21.3,Crepis.biennis,211.664805044,Rural.habitat.mosaic,GE
GE.R4,21.3,Crepis.biennis,211.664805044,Rural.habitat.mosaic,GE
GE.R4,21.3,Trifolium.pratense,0.03141592654,Rural.habitat.mosaic,GE
GE.R4,21.3,Crepis.biennis,125.074657526,Rural.habitat.mosaic,GE
GE.R4,21.3,Crepis.biennis,19.242255004,Rural.habitat.mosaic,GE
GE.R4,21.3,Plantago.lanceolata,18.849555924,Rural.habitat.mosaic,GE
GE.R4,21.3,Crepis.biennis,9.621127502,Rural.habitat.mosaic,GE
GE.R4,21.3,Medicago.sativa,8.2466807136,Rural.habitat.mosaic,GE
GE.R4,21.3,Crepis.biennis,57.726765012,Rural.habitat.mosaic,GE
GE.R4,21.3,Trifolium.pratense,0.1570796327,Rural.habitat.mosaic,GE
GE.R4,21.3,Achillea.millefolium,236.4048471232,Rural.habitat.mosaic,GE
GE.R4,21.3,Achillea.millefolium,325.1548395648,Rural.habitat.mosaic,GE
GE.R4,21.3,Knautia.arvensis,75.39822366,Rural.habitat.mosaic,GE
GE.R4,21.3,Ballota.nigra,2.2619467098,Rural.habitat.mosaic,GE
GE.R4,21.3,Lamium.album,23.561944902,Rural.habitat.mosaic,GE
GE.R4,21.3,Tanacetum.vulgare,38.013271108,Rural.habitat.mosaic,GE
GE.R4,21.3,Achillea.millefolium,87.9645942784,Rural.habitat.mosaic,GE
GE.R4,21.3,Silene.latifolia,106.028752065,Rural.habitat.mosaic,GE
GE.R4,21.3,Achillea.millefolium,34.36116964,Rural.habitat.mosaic,GE
GE.R4,21.3,Tanacetum.vulgare,148.2517573212,Rural.habitat.mosaic,GE
GE.R4,21.3,Campanula.rotundifolia,6.78584013,Rural.habitat.mosaic,GE
GE.R4,21.3,Geranium.robertianum,9.424777962,Rural.habitat.mosaic,GE
GE.R4,21.3,Ballota.nigra,0.2513274122,Rural.habitat.mosaic,GE
GE.R4,21.3,Ballota.nigra,4.5238934196,Rural.habitat.mosaic,GE
GE.R4,21.3,Lactuca.serriola,3.1415926536,Rural.habitat.mosaic,GE
GE.R4,21.3,Carduus.crispus,65.973445734,Rural.habitat.mosaic,GE
GE.R4,21.3,Crepis.biennis,67.347892514,Rural.habitat.mosaic,GE
GE.R4,21.3,Tanacetum.vulgare,34.2119439972,Rural.habitat.mosaic,GE
GE.R4,21.3,Carduus.crispus,125.66370616,Rural.habitat.mosaic,GE
GE.R4,21.3,Hypericum.perforatum,34.361169647,Rural.habitat.mosaic,GE
GE.R4,21.3,Trifolium.repens,0.59690260426,Rural.habitat.mosaic,GE
GE.R4,21.3,Centaurea.cyanus,56.548667768,Rural.habitat.mosaic,GE
GE.R4,21.3,Potentilla.argentea,27.7088472,Rural.habitat.mosaic,GE
GE.R4,21.3,Tanacetum.vulgare,99.7848366585,Rural.habitat.mosaic,GE
GE.R4,21.3,Tanacetum.vulgare,242.3346033135,Rural.habitat.mosaic,GE
GE.R4,21.3,Cirsium.vulgare,78.53981632,Rural.habitat.mosaic,GE
GE.R4,21.3,Cirsium.vulgare,39.26990816,Rural.habitat.mosaic,GE
