Country,Sampling.Round,Site,Landuse.Type,Best.visited.flower.species,Best.insect.ID,Insect.abundance
CH,1,A1,Intensive.agriculture,,Lasioglossum.malachurum,0
CH,1,A1,Intensive.agriculture,Knautia.arvensis,Lasioglossum.leucozonium,1
CH,1,A1,Intensive.agriculture,Trifolium.pratense,Bombus.sylvarum,1
CH,1,A1,Intensive.agriculture,Trifolium.pratense,Bombus.hortorum,1
CH,1,A1,Intensive.agriculture,Knautia.arvensis,Apis.mellifera,1
CH,1,A1,Intensive.agriculture,Knautia.arvensis,Apis.mellifera,1
CH,1,A1,Intensive.agriculture,Knautia.arvensis,wildbee,1
CH,1,A1,Intensive.agriculture,Knautia.arvensis,Apis.mellifera,1
CH,1,A1,Intensive.agriculture,Trifolium.pratense,Apis.mellifera,1
CH,1,A1,Intensive.agriculture,Lotus.corniculatus,Apis.mellifera,1
CH,1,A1,Intensive.agriculture,Knautia.arvensis,Apis.mellifera,1
CH,1,A1,Intensive.agriculture,Knautia.arvensis,Apis.mellifera,1
CH,1,A1,Intensive.agriculture,Knautia.arvensis,Apis.mellifera,1
CH,1,A1,Intensive.agriculture,Trifolium.pratense,Apis.mellifera,1
CH,1,A1,Intensive.agriculture,Trifolium.pratense,Apis.mellifera,1
CH,1,A1,Intensive.agriculture,Trifolium.pratense,Apis.mellifera,1
CH,1,A1,Intensive.agriculture,Trifolium.pratense,Apis.mellifera,1
CH,1,A1,Intensive.agriculture,Knautia.arvensis,Apis.mellifera,1
CH,1,A1,Intensive.agriculture,Tragopogon.pratensis,Apis.mellifera,1
CH,1,A1,Intensive.agriculture,Trifolium.pratense,Apis.mellifera,1
CH,1,A1,Intensive.agriculture,Trifolium.pratense,Apis.mellifera,1
CH,1,A1,Intensive.agriculture,,Lasioglossum.malachurum,0
CH,1,A1,Intensive.agriculture,Brassica.napus,Lasioglossum.laticeps,1
CH,1,A1,Intensive.agriculture,Brassica.napus,Apis.mellifera,1
CH,1,A1,Intensive.agriculture,Brassica.napus,Apis.mellifera,1
CH,1,A1,Intensive.agriculture,Brassica.napus,Apis.mellifera,1
CH,1,A1,Intensive.agriculture,Brassica.napus,Bombus.sp,1
CH,1,A1,Intensive.agriculture,Brassica.napus,Apis.mellifera,1
CH,1,A1,Intensive.agriculture,Brassica.napus,Apis.mellifera,1
CH,1,A1,Intensive.agriculture,Brassica.napus,Apis.mellifera,1
CH,1,A1,Intensive.agriculture,Brassica.napus,Apis.mellifera,1
CH,1,A1,Intensive.agriculture,Brassica.napus,Apis.mellifera,1
CH,1,A1,Intensive.agriculture,Brassica.napus,Apis.mellifera,1
CH,1,A1,Intensive.agriculture,Brassica.napus,Apis.mellifera,1
CH,1,A1,Intensive.agriculture,Brassica.napus,Apis.mellifera,1
CH,1,A1,Intensive.agriculture,Brassica.napus,Apis.mellifera,1
CH,1,A1,Intensive.agriculture,Brassica.napus,Apis.mellifera,1
CH,1,A1,Intensive.agriculture,Brassica.napus,Apis.mellifera,1
CH,1,A1,Intensive.agriculture,Brassica.napus,Apis.mellifera,1
CH,1,A1,Intensive.agriculture,Brassica.napus,Apis.mellifera,1
CH,1,A1,Intensive.agriculture,Brassica.napus,Apis.mellifera,1
CH,1,A1,Intensive.agriculture,Brassica.napus,Apis.mellifera,1
CH,1,A1,Intensive.agriculture,Brassica.napus,Apis.mellifera,1
CH,1,A1,Intensive.agriculture,Brassica.napus,Apis.mellifera,1
CH,1,A1,Intensive.agriculture,Brassica.napus,Apis.mellifera,1
CH,1,A1,Intensive.agriculture,Brassica.napus,Apis.mellifera,1
CH,1,A1,Intensive.agriculture,Brassica.napus,Bombus.sp,1
CH,1,A1,Intensive.agriculture,Brassica.napus,Apis.mellifera,1
CH,1,A1,Intensive.agriculture,Brassica.napus,Apis.mellifera,1
CH,1,A1,Intensive.agriculture,Brassica.napus,Apis.mellifera,1
CH,1,A1,Intensive.agriculture,Brassica.napus,Apis.mellifera,1
CH,1,A1,Intensive.agriculture,Brassica.napus,Apis.mellifera,1
CH,1,A1,Intensive.agriculture,Brassica.napus,Apis.mellifera,1
CH,1,A1,Intensive.agriculture,Brassica.napus,Apis.mellifera,1
CH,1,A1,Intensive.agriculture,Brassica.napus,Apis.mellifera,1
CH,1,A1,Intensive.agriculture,Brassica.napus,Apis.mellifera,1
CH,1,A1,Intensive.agriculture,Brassica.napus,Apis.mellifera,1
CH,1,A1,Intensive.agriculture,Brassica.napus,Apis.mellifera,1
CH,1,A1,Intensive.agriculture,Brassica.napus,Apis.mellifera,1
CH,1,A1,Intensive.agriculture,Brassica.napus,Apis.mellifera,1
CH,1,A1,Intensive.agriculture,Brassica.napus,Apis.mellifera,1
CH,1,A1,Intensive.agriculture,Brassica.napus,Apis.mellifera,1
CH,1,A1,Intensive.agriculture,Brassica.napus,Apis.mellifera,1
CH,1,A1,Intensive.agriculture,Brassica.napus,Apis.mellifera,1
CH,1,A1,Intensive.agriculture,Brassica.napus,Apis.mellifera,1
CH,1,A1,Intensive.agriculture,Brassica.napus,Apis.mellifera,1
CH,1,A1,Intensive.agriculture,Brassica.napus,Apis.mellifera,1
CH,1,A1,Intensive.agriculture,Brassica.napus,Apis.mellifera,1
CH,1,A1,Intensive.agriculture,Brassica.napus,Apis.mellifera,1
CH,1,A1,Intensive.agriculture,Brassica.napus,Apis.mellifera,1
CH,1,A1,Intensive.agriculture,Brassica.napus,Apis.mellifera,1
CH,1,A1,Intensive.agriculture,Brassica.napus,Apis.mellifera,1
CH,1,A1,Intensive.agriculture,Brassica.napus,Apis.mellifera,1
CH,1,A1,Intensive.agriculture,Brassica.napus,Apis.mellifera,1
CH,1,A1,Intensive.agriculture,Brassica.napus,Apis.mellifera,1
CH,1,A1,Intensive.agriculture,Brassica.napus,Apis.mellifera,1
CH,1,A1,Intensive.agriculture,Brassica.napus,Apis.mellifera,1
CH,1,A1,Intensive.agriculture,Brassica.napus,Apis.mellifera,1
CH,1,A1,Intensive.agriculture,Brassica.napus,Apis.mellifera,1
CH,1,A1,Intensive.agriculture,Brassica.napus,Apis.mellifera,1
CH,1,A1,Intensive.agriculture,Brassica.napus,Apis.mellifera,1
CH,1,A1,Intensive.agriculture,Brassica.napus,Apis.mellifera,1
CH,1,A1,Intensive.agriculture,Brassica.napus,Apis.mellifera,1
CH,1,A1,Intensive.agriculture,Brassica.napus,Apis.mellifera,1
CH,1,A1,Intensive.agriculture,Brassica.napus,Apis.mellifera,1
CH,1,A1,Intensive.agriculture,Brassica.napus,Apis.mellifera,1
CH,1,A1,Intensive.agriculture,Brassica.napus,Apis.mellifera,1
CH,1,A1,Intensive.agriculture,Brassica.napus,Apis.mellifera,1
CH,1,A1,Intensive.agriculture,Brassica.napus,Apis.mellifera,1
CH,1,A1,Intensive.agriculture,Brassica.napus,Apis.mellifera,1
CH,1,A1,Intensive.agriculture,Brassica.napus,Apis.mellifera,1
CH,1,A1,Intensive.agriculture,Brassica.napus,Apis.mellifera,1
CH,1,A1,Intensive.agriculture,Brassica.napus,Apis.mellifera,1
CH,1,A1,Intensive.agriculture,Brassica.napus,Apis.mellifera,1
CH,1,A1,Intensive.agriculture,Brassica.napus,Apis.mellifera,1
CH,1,A1,Intensive.agriculture,Brassica.napus,Apis.mellifera,1
CH,1,A1,Intensive.agriculture,Brassica.napus,Apis.mellifera,1
CH,1,A1,Intensive.agriculture,Brassica.napus,Apis.mellifera,1
CH,1,A1,Intensive.agriculture,Brassica.napus,Apis.mellifera,1
CH,1,A1,Intensive.agriculture,Brassica.napus,Apis.mellifera,1
CH,1,A1,Intensive.agriculture,Brassica.napus,Apis.mellifera,1
CH,1,A1,Intensive.agriculture,Brassica.napus,Apis.mellifera,1
CH,1,A1,Intensive.agriculture,Brassica.napus,Apis.mellifera,1
CH,1,A1,Intensive.agriculture,Brassica.napus,Apis.mellifera,1
CH,1,A1,Intensive.agriculture,Brassica.napus,Apis.mellifera,1
CH,1,A1,Intensive.agriculture,Brassica.napus,Apis.mellifera,1
CH,1,A1,Intensive.agriculture,Brassica.napus,Apis.mellifera,1
CH,1,A1,Intensive.agriculture,Brassica.napus,Apis.mellifera,1
CH,1,A1,Intensive.agriculture,Brassica.napus,Apis.mellifera,1
CH,1,A1,Intensive.agriculture,Brassica.napus,Apis.mellifera,1
CH,1,A1,Intensive.agriculture,Brassica.napus,Apis.mellifera,1
CH,1,A1,Intensive.agriculture,Brassica.napus,Apis.mellifera,1
CH,1,A1,Intensive.agriculture,Brassica.napus,Apis.mellifera,1
CH,1,A1,Intensive.agriculture,Brassica.napus,Apis.mellifera,1
CH,1,A1,Intensive.agriculture,Brassica.napus,Apis.mellifera,1
CH,1,A1,Intensive.agriculture,Brassica.napus,Apis.mellifera,1
CH,1,A1,Intensive.agriculture,Brassica.napus,Apis.mellifera,1
CH,1,A1,Intensive.agriculture,Brassica.napus,Apis.mellifera,1
CH,1,A1,Intensive.agriculture,Brassica.napus,Apis.mellifera,1
CH,1,A1,Intensive.agriculture,Brassica.napus,Apis.mellifera,1
CH,1,A1,Intensive.agriculture,Brassica.napus,Apis.mellifera,1
CH,1,A1,Intensive.agriculture,Brassica.napus,Apis.mellifera,1
CH,1,A1,Intensive.agriculture,Brassica.napus,Apis.mellifera,1
CH,1,A1,Intensive.agriculture,Brassica.napus,Apis.mellifera,1
CH,1,A1,Intensive.agriculture,Brassica.napus,Apis.mellifera,1
CH,1,A1,Intensive.agriculture,Brassica.napus,Apis.mellifera,1
CH,1,A1,Intensive.agriculture,Brassica.napus,Apis.mellifera,1
CH,1,A1,Intensive.agriculture,Brassica.napus,Apis.mellifera,1
CH,1,A1,Intensive.agriculture,Brassica.napus,Apis.mellifera,1
CH,1,A1,Intensive.agriculture,Brassica.napus,Apis.mellifera,1
CH,1,A1,Intensive.agriculture,Brassica.napus,Apis.mellifera,1
CH,1,A1,Intensive.agriculture,Brassica.napus,Apis.mellifera,1
CH,1,A1,Intensive.agriculture,Brassica.napus,Apis.mellifera,1
CH,1,A1,Intensive.agriculture,Brassica.napus,Apis.mellifera,1
CH,1,A1,Intensive.agriculture,Brassica.napus,Apis.mellifera,1
CH,1,A1,Intensive.agriculture,Brassica.napus,Apis.mellifera,1
CH,1,A1,Intensive.agriculture,Brassica.napus,Apis.mellifera,1
CH,1,A1,Intensive.agriculture,Brassica.napus,Apis.mellifera,1
CH,1,A1,Intensive.agriculture,Brassica.napus,Apis.mellifera,1
CH,1,A1,Intensive.agriculture,Brassica.napus,Apis.mellifera,1
CH,1,A1,Intensive.agriculture,Brassica.napus,Apis.mellifera,1
CH,1,A1,Intensive.agriculture,Brassica.napus,Apis.mellifera,1
CH,1,A1,Intensive.agriculture,Brassica.napus,Apis.mellifera,1
CH,1,A1,Intensive.agriculture,Brassica.napus,Apis.mellifera,1
CH,1,A1,Intensive.agriculture,Brassica.napus,Apis.mellifera,1
CH,1,A1,Intensive.agriculture,Brassica.napus,Apis.mellifera,1
CH,1,A1,Intensive.agriculture,Brassica.napus,Apis.mellifera,1
CH,1,A1,Intensive.agriculture,Brassica.napus,Apis.mellifera,1
CH,1,A1,Intensive.agriculture,Brassica.napus,Apis.mellifera,1
CH,1,A1,Intensive.agriculture,Brassica.napus,Apis.mellifera,1
CH,1,A1,Intensive.agriculture,Brassica.napus,Apis.mellifera,1
CH,1,A1,Intensive.agriculture,Brassica.napus,Apis.mellifera,1
CH,1,A1,Intensive.agriculture,Brassica.napus,Apis.mellifera,1
CH,1,A1,Intensive.agriculture,Brassica.napus,Apis.mellifera,1
CH,1,A1,Intensive.agriculture,Brassica.napus,Apis.mellifera,1
CH,1,A1,Intensive.agriculture,Brassica.napus,Apis.mellifera,1
CH,1,A1,Intensive.agriculture,Brassica.napus,Apis.mellifera,1
CH,1,A1,Intensive.agriculture,Brassica.napus,Apis.mellifera,1
CH,1,A1,Intensive.agriculture,Brassica.napus,Apis.mellifera,1
CH,1,A1,Intensive.agriculture,Brassica.napus,Apis.mellifera,1
CH,1,A1,Intensive.agriculture,Brassica.napus,Apis.mellifera,1
CH,1,A1,Intensive.agriculture,Brassica.napus,Apis.mellifera,1
CH,1,A1,Intensive.agriculture,Brassica.napus,Apis.mellifera,1
CH,1,A1,Intensive.agriculture,Brassica.napus,Apis.mellifera,1
CH,1,A1,Intensive.agriculture,Brassica.napus,Apis.mellifera,1
CH,1,A1,Intensive.agriculture,Brassica.napus,Apis.mellifera,1
CH,1,A1,Intensive.agriculture,Brassica.napus,Apis.mellifera,1
CH,1,A1,Intensive.agriculture,Brassica.napus,Apis.mellifera,1
CH,1,A1,Intensive.agriculture,Brassica.napus,Apis.mellifera,1
CH,1,A1,Intensive.agriculture,Brassica.napus,Apis.mellifera,1
CH,1,A1,Intensive.agriculture,Brassica.napus,Apis.mellifera,1
CH,1,A1,Intensive.agriculture,Brassica.napus,Apis.mellifera,1
CH,1,A1,Intensive.agriculture,Brassica.napus,Apis.mellifera,1
CH,1,A1,Intensive.agriculture,Brassica.napus,Apis.mellifera,1
CH,1,A1,Intensive.agriculture,Brassica.napus,Apis.mellifera,1
CH,1,A1,Intensive.agriculture,Brassica.napus,Apis.mellifera,1
CH,1,A1,Intensive.agriculture,Brassica.napus,Apis.mellifera,1
CH,1,A1,Intensive.agriculture,Brassica.napus,Apis.mellifera,1
CH,1,A1,Intensive.agriculture,Brassica.napus,Apis.mellifera,1
CH,1,A1,Intensive.agriculture,Brassica.napus,Apis.mellifera,1
CH,1,A1,Intensive.agriculture,Brassica.napus,Apis.mellifera,1
CH,1,A1,Intensive.agriculture,Brassica.napus,Apis.mellifera,1
CH,1,A1,Intensive.agriculture,Brassica.napus,Apis.mellifera,1
CH,1,A1,Intensive.agriculture,Brassica.napus,Apis.mellifera,1
CH,1,A1,Intensive.agriculture,Brassica.napus,Apis.mellifera,1
CH,1,A1,Intensive.agriculture,Brassica.napus,Apis.mellifera,1
CH,1,A1,Intensive.agriculture,Brassica.napus,Apis.mellifera,1
CH,1,A1,Intensive.agriculture,Brassica.napus,Andrena.minutula,1
CH,1,A1,Intensive.agriculture,Brassica.napus,Melanostoma.mellinum,1
CH,1,A1,Intensive.agriculture,Brassica.napus,Apis.mellifera,1
CH,1,A1,Intensive.agriculture,Brassica.napus,Apis.mellifera,1
CH,1,A1,Intensive.agriculture,Brassica.napus,Apis.mellifera,1
CH,1,A1,Intensive.agriculture,Brassica.napus,Apis.mellifera,1
CH,1,A1,Intensive.agriculture,Brassica.napus,Apis.mellifera,1
CH,1,A1,Intensive.agriculture,Brassica.napus,Apis.mellifera,1
CH,1,A1,Intensive.agriculture,Brassica.napus,Apis.mellifera,1
CH,1,A1,Intensive.agriculture,Brassica.napus,Apis.mellifera,1
CH,1,A1,Intensive.agriculture,Brassica.napus,Apis.mellifera,1
CH,1,A1,Intensive.agriculture,Brassica.napus,Apis.mellifera,1
CH,1,A1,Intensive.agriculture,Brassica.napus,Apis.mellifera,1
CH,1,A1,Intensive.agriculture,Brassica.napus,Apis.mellifera,1
CH,1,A1,Intensive.agriculture,Brassica.napus,Apis.mellifera,1
CH,1,A1,Intensive.agriculture,Brassica.napus,Apis.mellifera,1
CH,1,A1,Intensive.agriculture,Brassica.napus,Apis.mellifera,1
CH,1,A1,Intensive.agriculture,Brassica.napus,Apis.mellifera,1
CH,1,A1,Intensive.agriculture,Brassica.napus,Apis.mellifera,1
CH,1,A1,Intensive.agriculture,Brassica.napus,Apis.mellifera,1
CH,1,A1,Intensive.agriculture,Brassica.napus,Apis.mellifera,1
CH,1,A1,Intensive.agriculture,Brassica.napus,Apis.mellifera,1
CH,1,A1,Intensive.agriculture,Brassica.napus,Apis.mellifera,1
CH,1,A1,Intensive.agriculture,Brassica.napus,Apis.mellifera,1
CH,1,A1,Intensive.agriculture,Brassica.napus,Apis.mellifera,1
CH,1,A1,Intensive.agriculture,Brassica.napus,Apis.mellifera,1
CH,1,A1,Intensive.agriculture,Brassica.napus,Apis.mellifera,1
CH,1,A1,Intensive.agriculture,Brassica.napus,Apis.mellifera,1
CH,1,A1,Intensive.agriculture,Brassica.napus,Apis.mellifera,1
CH,1,A1,Intensive.agriculture,Brassica.napus,Apis.mellifera,1
CH,1,A1,Intensive.agriculture,Brassica.napus,Apis.mellifera,1
CH,1,A1,Intensive.agriculture,Brassica.napus,Apis.mellifera,1
CH,1,A1,Intensive.agriculture,Brassica.napus,Apis.mellifera,1
CH,1,A1,Intensive.agriculture,Brassica.napus,Apis.mellifera,1
CH,1,A1,Intensive.agriculture,Brassica.napus,Apis.mellifera,1
CH,1,A1,Intensive.agriculture,Brassica.napus,Apis.mellifera,1
CH,1,A1,Intensive.agriculture,Brassica.napus,Apis.mellifera,1
CH,1,A1,Intensive.agriculture,Brassica.napus,Apis.mellifera,1
CH,1,A1,Intensive.agriculture,Brassica.napus,Apis.mellifera,1
CH,1,A1,Intensive.agriculture,Brassica.napus,Apis.mellifera,1
CH,1,A1,Intensive.agriculture,Brassica.napus,Apis.mellifera,1
CH,1,A1,Intensive.agriculture,Brassica.napus,Apis.mellifera,1
CH,1,A1,Intensive.agriculture,Brassica.napus,Apis.mellifera,1
CH,1,A1,Intensive.agriculture,Brassica.napus,Apis.mellifera,1
CH,1,A1,Intensive.agriculture,Brassica.napus,Apis.mellifera,1
CH,1,A1,Intensive.agriculture,Brassica.napus,Apis.mellifera,1
CH,1,A1,Intensive.agriculture,Brassica.napus,Apis.mellifera,1
CH,1,A1,Intensive.agriculture,Brassica.napus,Apis.mellifera,1
CH,1,A1,Intensive.agriculture,Brassica.napus,Apis.mellifera,1
CH,1,A1,Intensive.agriculture,Brassica.napus,Apis.mellifera,1
CH,1,A1,Intensive.agriculture,Brassica.napus,Apis.mellifera,1
CH,1,A1,Intensive.agriculture,Brassica.napus,Apis.mellifera,1
CH,1,A1,Intensive.agriculture,Brassica.napus,Apis.mellifera,1
CH,1,A1,Intensive.agriculture,Brassica.napus,Apis.mellifera,1
CH,1,A1,Intensive.agriculture,Brassica.napus,Apis.mellifera,1
CH,1,A1,Intensive.agriculture,Brassica.napus,Apis.mellifera,1
CH,1,A1,Intensive.agriculture,Brassica.napus,Apis.mellifera,1
CH,1,A1,Intensive.agriculture,Brassica.napus,Apis.mellifera,1
CH,1,A1,Intensive.agriculture,Brassica.napus,Apis.mellifera,1
CH,1,A1,Intensive.agriculture,Brassica.napus,Apis.mellifera,1
CH,1,A1,Intensive.agriculture,Brassica.napus,Apis.mellifera,1
CH,1,A1,Intensive.agriculture,Brassica.napus,Apis.mellifera,1
CH,1,A1,Intensive.agriculture,Brassica.napus,Apis.mellifera,1
CH,1,A1,Intensive.agriculture,Brassica.napus,Syrphidae.sp,1
CH,1,A1,Intensive.agriculture,Brassica.napus,Apis.mellifera,1
CH,1,A1,Intensive.agriculture,Brassica.napus,Apis.mellifera,1
CH,1,A1,Intensive.agriculture,Brassica.napus,Apis.mellifera,1
CH,1,A1,Intensive.agriculture,Brassica.napus,Apis.mellifera,1
CH,1,A1,Intensive.agriculture,Brassica.napus,Apis.mellifera,1
CH,1,A1,Intensive.agriculture,Brassica.napus,Apis.mellifera,1
CH,1,A1,Intensive.agriculture,Brassica.napus,Apis.mellifera,1
CH,1,A1,Intensive.agriculture,Brassica.napus,Apis.mellifera,1
CH,1,A1,Intensive.agriculture,Brassica.napus,Apis.mellifera,1
CH,1,A1,Intensive.agriculture,Brassica.napus,Apis.mellifera,1
CH,1,A1,Intensive.agriculture,Brassica.napus,Apis.mellifera,1
CH,1,A1,Intensive.agriculture,Brassica.napus,Apis.mellifera,1
CH,1,A1,Intensive.agriculture,Brassica.napus,Apis.mellifera,1
CH,1,A1,Intensive.agriculture,Brassica.napus,Apis.mellifera,1
CH,1,A1,Intensive.agriculture,Brassica.napus,Apis.mellifera,1
CH,1,A1,Intensive.agriculture,Brassica.napus,Apis.mellifera,1
CH,1,A1,Intensive.agriculture,Brassica.napus,Apis.mellifera,1
CH,1,A2,Intensive.agriculture,Galium.odoratum,Platycheirus.albimanus,1
CH,1,A2,Intensive.agriculture,,Lasioglossum.malachurum,0
CH,1,A2,Intensive.agriculture,,Lasioglossum.malachurum,0
CH,1,A2,Intensive.agriculture,Ranunculus.acris,Sphaerophoria.scripta,1
CH,1,A2,Intensive.agriculture,Vicia.sepium,Eucera.nigrescens,1
CH,1,A2,Intensive.agriculture,Taraxacum.officinale,Andrena.haemorrhoa,1
CH,1,A2,Intensive.agriculture,Ranunculus.acris,Melanostoma.mellinum,1
CH,1,A2,Intensive.agriculture,Ranunculus.acris,Melanostoma.mellinum,1
CH,1,A2,Intensive.agriculture,Ranunculus.acris,Melanostoma.mellinum,1
CH,1,A2,Intensive.agriculture,Arabis.hirsuta,Melanostoma.mellinum,1
CH,1,A2,Intensive.agriculture,Ranunculus.acris,Melanostoma.mellinum,1
CH,1,A2,Intensive.agriculture,Taraxacum.officinale,Apis.mellifera,1
CH,1,A2,Intensive.agriculture,Ranunculus.acris,Syrphidae.sp,1
CH,1,A2,Intensive.agriculture,,Lasioglossum.malachurum,0
CH,1,A2,Intensive.agriculture,Brassica.napus,Melanostoma.mellinum,1
CH,1,A2,Intensive.agriculture,Brassica.napus,Bombus.lapidarius,1
CH,1,A2,Intensive.agriculture,Brassica.napus,Apis.mellifera,1
CH,1,A2,Intensive.agriculture,Brassica.napus,Apis.mellifera,1
CH,1,A2,Intensive.agriculture,Brassica.napus,Apis.mellifera,1
CH,1,A2,Intensive.agriculture,Brassica.napus,Apis.mellifera,1
CH,1,A2,Intensive.agriculture,Brassica.napus,Apis.mellifera,1
CH,1,A2,Intensive.agriculture,Brassica.napus,Apis.mellifera,1
CH,1,A2,Intensive.agriculture,Brassica.napus,Apis.mellifera,1
CH,1,A2,Intensive.agriculture,Brassica.napus,Apis.mellifera,1
CH,1,A2,Intensive.agriculture,Brassica.napus,Apis.mellifera,1
CH,1,A2,Intensive.agriculture,Brassica.napus,Apis.mellifera,1
CH,1,A2,Intensive.agriculture,Brassica.napus,Apis.mellifera,1
CH,1,A2,Intensive.agriculture,Brassica.napus,Apis.mellifera,1
CH,1,A2,Intensive.agriculture,Brassica.napus,Apis.mellifera,1
CH,1,A2,Intensive.agriculture,Brassica.napus,Apis.mellifera,1
CH,1,A2,Intensive.agriculture,Brassica.napus,Apis.mellifera,1
CH,1,A2,Intensive.agriculture,Brassica.napus,Apis.mellifera,1
CH,1,A2,Intensive.agriculture,Brassica.napus,Apis.mellifera,1
CH,1,A2,Intensive.agriculture,Brassica.napus,Apis.mellifera,1
CH,1,A2,Intensive.agriculture,Brassica.napus,Apis.mellifera,1
CH,1,A2,Intensive.agriculture,Brassica.napus,Apis.mellifera,1
CH,1,A2,Intensive.agriculture,Brassica.napus,Apis.mellifera,1
CH,1,A2,Intensive.agriculture,Brassica.napus,Apis.mellifera,1
CH,1,A2,Intensive.agriculture,Brassica.napus,Apis.mellifera,1
CH,1,A2,Intensive.agriculture,Brassica.napus,Apis.mellifera,1
CH,1,A2,Intensive.agriculture,Brassica.napus,Apis.mellifera,1
CH,1,A2,Intensive.agriculture,Brassica.napus,Apis.mellifera,1
CH,1,A2,Intensive.agriculture,Brassica.napus,Apis.mellifera,1
CH,1,A2,Intensive.agriculture,Brassica.napus,Apis.mellifera,1
CH,1,A2,Intensive.agriculture,Brassica.napus,Apis.mellifera,1
CH,1,A2,Intensive.agriculture,Brassica.napus,Apis.mellifera,1
CH,1,A2,Intensive.agriculture,Brassica.napus,Apis.mellifera,1
CH,1,A2,Intensive.agriculture,Brassica.napus,Apis.mellifera,1
CH,1,A2,Intensive.agriculture,Brassica.napus,Apis.mellifera,1
CH,1,A2,Intensive.agriculture,Brassica.napus,Apis.mellifera,1
CH,1,A2,Intensive.agriculture,Brassica.napus,Apis.mellifera,1
CH,1,A2,Intensive.agriculture,Brassica.napus,Bombus.sp,1
CH,1,A2,Intensive.agriculture,Brassica.napus,Apis.mellifera,1
CH,1,A2,Intensive.agriculture,Brassica.napus,Apis.mellifera,1
CH,1,A2,Intensive.agriculture,Brassica.napus,Apis.mellifera,1
CH,1,A2,Intensive.agriculture,Brassica.napus,Apis.mellifera,1
CH,1,A2,Intensive.agriculture,Brassica.napus,Apis.mellifera,1
CH,1,A2,Intensive.agriculture,Brassica.napus,Apis.mellifera,1
CH,1,A2,Intensive.agriculture,Brassica.napus,Apis.mellifera,1
CH,1,A2,Intensive.agriculture,Brassica.napus,Apis.mellifera,1
CH,1,A2,Intensive.agriculture,Brassica.napus,Apis.mellifera,1
CH,1,A2,Intensive.agriculture,Brassica.napus,Apis.mellifera,1
CH,1,A2,Intensive.agriculture,Brassica.napus,Apis.mellifera,1
CH,1,A2,Intensive.agriculture,Brassica.napus,Apis.mellifera,1
CH,1,A2,Intensive.agriculture,Brassica.napus,Apis.mellifera,1
CH,1,A2,Intensive.agriculture,Brassica.napus,Apis.mellifera,1
CH,1,A2,Intensive.agriculture,Brassica.napus,Apis.mellifera,1
CH,1,A2,Intensive.agriculture,Brassica.napus,Apis.mellifera,1
CH,1,A2,Intensive.agriculture,Brassica.napus,Apis.mellifera,1
CH,1,A2,Intensive.agriculture,Brassica.napus,Apis.mellifera,1
CH,1,A2,Intensive.agriculture,Brassica.napus,Apis.mellifera,1
CH,1,A2,Intensive.agriculture,Brassica.napus,Apis.mellifera,1
CH,1,A2,Intensive.agriculture,Brassica.napus,Apis.mellifera,1
CH,1,A2,Intensive.agriculture,Brassica.napus,Apis.mellifera,1
CH,1,A2,Intensive.agriculture,Brassica.napus,Apis.mellifera,1
CH,1,A2,Intensive.agriculture,Brassica.napus,Apis.mellifera,1
CH,1,A2,Intensive.agriculture,Brassica.napus,Apis.mellifera,1
CH,1,A2,Intensive.agriculture,Brassica.napus,Apis.mellifera,1
CH,1,A2,Intensive.agriculture,Brassica.napus,Apis.mellifera,1
CH,1,A2,Intensive.agriculture,Brassica.napus,Apis.mellifera,1
CH,1,A2,Intensive.agriculture,Brassica.napus,Apis.mellifera,1
CH,1,A2,Intensive.agriculture,Brassica.napus,Apis.mellifera,1
CH,1,A2,Intensive.agriculture,Brassica.napus,Apis.mellifera,1
CH,1,A2,Intensive.agriculture,Brassica.napus,Apis.mellifera,1
CH,1,A2,Intensive.agriculture,Brassica.napus,Apis.mellifera,1
CH,1,A2,Intensive.agriculture,Brassica.napus,Bombus.sp,1
CH,1,A2,Intensive.agriculture,Brassica.napus,Apis.mellifera,1
CH,1,A2,Intensive.agriculture,Brassica.napus,Apis.mellifera,1
CH,1,A2,Intensive.agriculture,Brassica.napus,Apis.mellifera,1
CH,1,A2,Intensive.agriculture,Brassica.napus,Apis.mellifera,1
CH,1,A2,Intensive.agriculture,Brassica.napus,Apis.mellifera,1
CH,1,A2,Intensive.agriculture,Brassica.napus,Apis.mellifera,1
CH,1,A2,Intensive.agriculture,Brassica.napus,Apis.mellifera,1
CH,1,A2,Intensive.agriculture,Brassica.napus,Apis.mellifera,1
CH,1,A2,Intensive.agriculture,Brassica.napus,Apis.mellifera,1
CH,1,A2,Intensive.agriculture,Brassica.napus,Apis.mellifera,1
CH,1,A2,Intensive.agriculture,Brassica.napus,Apis.mellifera,1
CH,1,A2,Intensive.agriculture,Brassica.napus,Apis.mellifera,1
CH,1,A2,Intensive.agriculture,Brassica.napus,Apis.mellifera,1
CH,1,A2,Intensive.agriculture,Brassica.napus,Apis.mellifera,1
CH,1,A2,Intensive.agriculture,Brassica.napus,Apis.mellifera,1
CH,1,A2,Intensive.agriculture,Brassica.napus,Apis.mellifera,1
CH,1,A2,Intensive.agriculture,Brassica.napus,Apis.mellifera,1
CH,1,A2,Intensive.agriculture,Brassica.napus,Apis.mellifera,1
CH,1,A2,Intensive.agriculture,Brassica.napus,Apis.mellifera,1
CH,1,A2,Intensive.agriculture,Brassica.napus,Apis.mellifera,1
CH,1,A2,Intensive.agriculture,Brassica.napus,Apis.mellifera,1
CH,1,A2,Intensive.agriculture,Brassica.napus,Apis.mellifera,1
CH,1,A2,Intensive.agriculture,Brassica.napus,Apis.mellifera,1
CH,1,A2,Intensive.agriculture,Brassica.napus,Apis.mellifera,1
CH,1,A2,Intensive.agriculture,Brassica.napus,Apis.mellifera,1
CH,1,A2,Intensive.agriculture,Brassica.napus,Apis.mellifera,1
CH,1,A2,Intensive.agriculture,Brassica.napus,Apis.mellifera,1
CH,1,A2,Intensive.agriculture,Brassica.napus,Apis.mellifera,1
CH,1,A2,Intensive.agriculture,Brassica.napus,Apis.mellifera,1
CH,1,A2,Intensive.agriculture,Brassica.napus,Apis.mellifera,1
CH,1,A2,Intensive.agriculture,Brassica.napus,Apis.mellifera,1
CH,1,A2,Intensive.agriculture,Taraxacum.officinale,Sphaerophoria.scripta,1
CH,1,A2,Intensive.agriculture,Taraxacum.officinale,Andrena.haemorrhoa,1
CH,1,A2,Intensive.agriculture,Taraxacum.officinale,Andrena.flavipes,1
CH,1,A2,Intensive.agriculture,Taraxacum.officinale,Andrena.flavipes,1
CH,1,A2,Intensive.agriculture,Taraxacum.officinale,Andrena.flavipes,1
CH,1,A2,Intensive.agriculture,Taraxacum.officinale,Andrena.haemorrhoa,1
CH,1,A2,Intensive.agriculture,Taraxacum.officinale,Andrena.haemorrhoa,1
CH,1,A2,Intensive.agriculture,Taraxacum.officinale,Melanostoma.mellinum,1
CH,1,A2,Intensive.agriculture,Taraxacum.officinale,Sphaerophoria.scripta,1
CH,1,A2,Intensive.agriculture,Taraxacum.officinale,Melanostoma.mellinum,1
CH,1,A2,Intensive.agriculture,Taraxacum.officinale,Apis.mellifera,1
CH,1,A2,Intensive.agriculture,Taraxacum.officinale,Apis.mellifera,1
CH,1,A2,Intensive.agriculture,Taraxacum.officinale,Apis.mellifera,1
CH,1,A2,Intensive.agriculture,Taraxacum.officinale,Apis.mellifera,1
CH,1,A2,Intensive.agriculture,Taraxacum.officinale,wildbee,1
CH,1,A2,Intensive.agriculture,Taraxacum.officinale,Apis.mellifera,1
CH,1,A2,Intensive.agriculture,Taraxacum.officinale,wildbee,1
CH,1,A2,Intensive.agriculture,Capsella.bursa.pastoris,Sphaerophoria.scripta,1
CH,1,A2,Intensive.agriculture,Lamium.purpureum,Bombus.lapidarius,1
CH,1,A2,Intensive.agriculture,Taraxacum.officinale,Apis.mellifera,1
CH,1,A2,Intensive.agriculture,Veronica.persica,Syrphidae.sp,1
CH,1,A2,Intensive.agriculture,Lamium.purpureum,Apis.mellifera,1
CH,1,A2,Intensive.agriculture,Taraxacum.officinale,Apis.mellifera,1
CH,1,A2,Intensive.agriculture,Taraxacum.officinale,Apis.mellifera,1
CH,1,A2,Intensive.agriculture,Taraxacum.officinale,Apis.mellifera,1
CH,1,A2,Intensive.agriculture,Lamium.purpureum,Apis.mellifera,1
CH,1,A2,Intensive.agriculture,Taraxacum.officinale,Apis.mellifera,1
CH,1,A2,Intensive.agriculture,Prunus.padus,Platycheirus.albimanus,1
CH,1,A2,Intensive.agriculture,Ranunculus.bulbosus,Cheilosia.ruficollis,1
CH,1,A2,Intensive.agriculture,Ranunculus.bulbosus,Chelostoma.florisomne,1
CH,1,A2,Intensive.agriculture,Ranunculus.bulbosus,Syrphus.ribesii,1
CH,1,A3,Intensive.agriculture,,Lasioglossum.malachurum,0
CH,1,A3,Intensive.agriculture,Brassica.napus,Apis.mellifera,1
CH,1,A3,Intensive.agriculture,Brassica.napus,Apis.mellifera,1
CH,1,A3,Intensive.agriculture,Brassica.napus,Apis.mellifera,1
CH,1,A3,Intensive.agriculture,Brassica.napus,Apis.mellifera,1
CH,1,A3,Intensive.agriculture,Brassica.napus,Apis.mellifera,1
CH,1,A3,Intensive.agriculture,Brassica.napus,Apis.mellifera,1
CH,1,A3,Intensive.agriculture,Brassica.napus,Apis.mellifera,1
CH,1,A3,Intensive.agriculture,Brassica.napus,Apis.mellifera,1
CH,1,A3,Intensive.agriculture,Brassica.napus,Apis.mellifera,1
CH,1,A3,Intensive.agriculture,Brassica.napus,Apis.mellifera,1
CH,1,A3,Intensive.agriculture,Brassica.napus,Apis.mellifera,1
CH,1,A3,Intensive.agriculture,Brassica.napus,Apis.mellifera,1
CH,1,A3,Intensive.agriculture,Brassica.napus,Apis.mellifera,1
CH,1,A3,Intensive.agriculture,Brassica.napus,Apis.mellifera,1
CH,1,A3,Intensive.agriculture,Brassica.napus,Apis.mellifera,1
CH,1,A3,Intensive.agriculture,Brassica.napus,Apis.mellifera,1
CH,1,A3,Intensive.agriculture,Brassica.napus,Apis.mellifera,1
CH,1,A3,Intensive.agriculture,Brassica.napus,Apis.mellifera,1
CH,1,A3,Intensive.agriculture,Brassica.napus,Apis.mellifera,1
CH,1,A3,Intensive.agriculture,Brassica.napus,Apis.mellifera,1
CH,1,A3,Intensive.agriculture,Brassica.napus,Apis.mellifera,1
CH,1,A3,Intensive.agriculture,Brassica.napus,Apis.mellifera,1
CH,1,A3,Intensive.agriculture,Brassica.napus,Apis.mellifera,1
CH,1,A3,Intensive.agriculture,Brassica.napus,Apis.mellifera,1
CH,1,A3,Intensive.agriculture,Brassica.napus,Apis.mellifera,1
CH,1,A3,Intensive.agriculture,Brassica.napus,Apis.mellifera,1
CH,1,A3,Intensive.agriculture,Brassica.napus,Apis.mellifera,1
CH,1,A3,Intensive.agriculture,Brassica.napus,Apis.mellifera,1
CH,1,A3,Intensive.agriculture,Brassica.napus,Apis.mellifera,1
CH,1,A3,Intensive.agriculture,Brassica.napus,Apis.mellifera,1
CH,1,A3,Intensive.agriculture,Brassica.napus,Apis.mellifera,1
CH,1,A3,Intensive.agriculture,Brassica.napus,Apis.mellifera,1
CH,1,A3,Intensive.agriculture,Brassica.napus,Apis.mellifera,1
CH,1,A3,Intensive.agriculture,Brassica.napus,Apis.mellifera,1
CH,1,A3,Intensive.agriculture,Brassica.napus,Apis.mellifera,1
CH,1,A3,Intensive.agriculture,Brassica.napus,Apis.mellifera,1
CH,1,A3,Intensive.agriculture,Brassica.napus,Apis.mellifera,1
CH,1,A3,Intensive.agriculture,Brassica.napus,Apis.mellifera,1
CH,1,A3,Intensive.agriculture,Brassica.napus,Apis.mellifera,1
CH,1,A3,Intensive.agriculture,Brassica.napus,Apis.mellifera,1
CH,1,A3,Intensive.agriculture,Brassica.napus,Apis.mellifera,1
CH,1,A3,Intensive.agriculture,Brassica.napus,Apis.mellifera,1
CH,1,A3,Intensive.agriculture,Brassica.napus,Apis.mellifera,1
CH,1,A3,Intensive.agriculture,Brassica.napus,Apis.mellifera,1
CH,1,A3,Intensive.agriculture,Brassica.napus,Apis.mellifera,1
CH,1,A3,Intensive.agriculture,Brassica.napus,Apis.mellifera,1
CH,1,A3,Intensive.agriculture,Brassica.napus,Apis.mellifera,1
CH,1,A3,Intensive.agriculture,Brassica.napus,Apis.mellifera,1
CH,1,A3,Intensive.agriculture,Brassica.napus,Apis.mellifera,1
CH,1,A3,Intensive.agriculture,Brassica.napus,Apis.mellifera,1
CH,1,A3,Intensive.agriculture,Brassica.napus,Apis.mellifera,1
CH,1,A3,Intensive.agriculture,Brassica.napus,Apis.mellifera,1
CH,1,A3,Intensive.agriculture,Brassica.napus,Apis.mellifera,1
CH,1,A3,Intensive.agriculture,Brassica.napus,Apis.mellifera,1
CH,1,A3,Intensive.agriculture,Brassica.napus,Apis.mellifera,1
CH,1,A3,Intensive.agriculture,Brassica.napus,Apis.mellifera,1
CH,1,A3,Intensive.agriculture,Brassica.napus,Apis.mellifera,1
CH,1,A3,Intensive.agriculture,Brassica.napus,Apis.mellifera,1
CH,1,A3,Intensive.agriculture,Brassica.napus,Apis.mellifera,1
CH,1,A3,Intensive.agriculture,Brassica.napus,Apis.mellifera,1
CH,1,A3,Intensive.agriculture,Brassica.napus,Apis.mellifera,1
CH,1,A3,Intensive.agriculture,Brassica.napus,Apis.mellifera,1
CH,1,A3,Intensive.agriculture,Brassica.napus,Apis.mellifera,1
CH,1,A3,Intensive.agriculture,Brassica.napus,Apis.mellifera,1
CH,1,A3,Intensive.agriculture,Brassica.napus,Apis.mellifera,1
CH,1,A3,Intensive.agriculture,Brassica.napus,Apis.mellifera,1
CH,1,A3,Intensive.agriculture,Brassica.napus,Apis.mellifera,1
CH,1,A3,Intensive.agriculture,Brassica.napus,Apis.mellifera,1
CH,1,A3,Intensive.agriculture,Brassica.napus,Apis.mellifera,1
CH,1,A3,Intensive.agriculture,Brassica.napus,Apis.mellifera,1
CH,1,A3,Intensive.agriculture,Brassica.napus,Apis.mellifera,1
CH,1,A3,Intensive.agriculture,Brassica.napus,Apis.mellifera,1
CH,1,A3,Intensive.agriculture,Brassica.napus,Apis.mellifera,1
CH,1,A3,Intensive.agriculture,Brassica.napus,Apis.mellifera,1
CH,1,A3,Intensive.agriculture,Brassica.napus,Apis.mellifera,1
CH,1,A3,Intensive.agriculture,Brassica.napus,Apis.mellifera,1
CH,1,A3,Intensive.agriculture,Brassica.napus,Apis.mellifera,1
CH,1,A3,Intensive.agriculture,Brassica.napus,Apis.mellifera,1
CH,1,A3,Intensive.agriculture,Brassica.napus,Apis.mellifera,1
CH,1,A3,Intensive.agriculture,Brassica.napus,Apis.mellifera,1
CH,1,A3,Intensive.agriculture,Brassica.napus,Apis.mellifera,1
CH,1,A3,Intensive.agriculture,Brassica.napus,Apis.mellifera,1
CH,1,A3,Intensive.agriculture,Brassica.napus,Apis.mellifera,1
CH,1,A3,Intensive.agriculture,Brassica.napus,Apis.mellifera,1
CH,1,A3,Intensive.agriculture,Brassica.napus,Apis.mellifera,1
CH,1,A3,Intensive.agriculture,Brassica.napus,Apis.mellifera,1
CH,1,A3,Intensive.agriculture,Brassica.napus,Apis.mellifera,1
CH,1,A3,Intensive.agriculture,Brassica.napus,Apis.mellifera,1
CH,1,A3,Intensive.agriculture,Brassica.napus,Apis.mellifera,1
CH,1,A3,Intensive.agriculture,Brassica.napus,Apis.mellifera,1
CH,1,A3,Intensive.agriculture,Brassica.napus,Apis.mellifera,1
CH,1,A3,Intensive.agriculture,Brassica.napus,Apis.mellifera,1
CH,1,A3,Intensive.agriculture,Brassica.napus,Apis.mellifera,1
CH,1,A3,Intensive.agriculture,Brassica.napus,Apis.mellifera,1
CH,1,A3,Intensive.agriculture,Brassica.napus,Apis.mellifera,1
CH,1,A3,Intensive.agriculture,Brassica.napus,Apis.mellifera,1
CH,1,A3,Intensive.agriculture,Brassica.napus,Apis.mellifera,1
CH,1,A3,Intensive.agriculture,Brassica.napus,Apis.mellifera,1
CH,1,A3,Intensive.agriculture,Brassica.napus,Apis.mellifera,1
CH,1,A3,Intensive.agriculture,Brassica.napus,Apis.mellifera,1
CH,1,A3,Intensive.agriculture,Brassica.napus,Apis.mellifera,1
CH,1,A3,Intensive.agriculture,Brassica.napus,Apis.mellifera,1
CH,1,A3,Intensive.agriculture,Brassica.napus,Apis.mellifera,1
CH,1,A3,Intensive.agriculture,Brassica.napus,Apis.mellifera,1
CH,1,A3,Intensive.agriculture,Brassica.napus,Apis.mellifera,1
CH,1,A3,Intensive.agriculture,Brassica.napus,Apis.mellifera,1
CH,1,A3,Intensive.agriculture,Brassica.napus,Apis.mellifera,1
CH,1,A3,Intensive.agriculture,Brassica.napus,Apis.mellifera,1
CH,1,A3,Intensive.agriculture,Brassica.napus,Apis.mellifera,1
CH,1,A3,Intensive.agriculture,Brassica.napus,Apis.mellifera,1
CH,1,A3,Intensive.agriculture,Brassica.napus,Apis.mellifera,1
CH,1,A3,Intensive.agriculture,Brassica.napus,Apis.mellifera,1
CH,1,A3,Intensive.agriculture,Brassica.napus,Apis.mellifera,1
CH,1,A3,Intensive.agriculture,Brassica.napus,Apis.mellifera,1
CH,1,A3,Intensive.agriculture,Brassica.napus,Apis.mellifera,1
CH,1,A3,Intensive.agriculture,Brassica.napus,Apis.mellifera,1
CH,1,A3,Intensive.agriculture,Brassica.napus,Apis.mellifera,1
CH,1,A3,Intensive.agriculture,Brassica.napus,Apis.mellifera,1
CH,1,A3,Intensive.agriculture,Brassica.napus,Apis.mellifera,1
CH,1,A3,Intensive.agriculture,Brassica.napus,Apis.mellifera,1
CH,1,A3,Intensive.agriculture,Brassica.napus,Apis.mellifera,1
CH,1,A3,Intensive.agriculture,Brassica.napus,Apis.mellifera,1
CH,1,A3,Intensive.agriculture,Brassica.napus,Apis.mellifera,1
CH,1,A3,Intensive.agriculture,Brassica.napus,Apis.mellifera,1
CH,1,A3,Intensive.agriculture,Brassica.napus,Apis.mellifera,1
CH,1,A3,Intensive.agriculture,Brassica.napus,Apis.mellifera,1
CH,1,A3,Intensive.agriculture,Brassica.napus,Apis.mellifera,1
CH,1,A3,Intensive.agriculture,Brassica.napus,Apis.mellifera,1
CH,1,A3,Intensive.agriculture,Brassica.napus,Apis.mellifera,1
CH,1,A3,Intensive.agriculture,Brassica.napus,Apis.mellifera,1
CH,1,A3,Intensive.agriculture,Brassica.napus,Apis.mellifera,1
CH,1,A3,Intensive.agriculture,Brassica.napus,Apis.mellifera,1
CH,1,A3,Intensive.agriculture,Brassica.napus,Apis.mellifera,1
CH,1,A3,Intensive.agriculture,Brassica.napus,Apis.mellifera,1
CH,1,A3,Intensive.agriculture,Brassica.napus,Apis.mellifera,1
CH,1,A3,Intensive.agriculture,Brassica.napus,Apis.mellifera,1
CH,1,A3,Intensive.agriculture,Brassica.napus,Apis.mellifera,1
CH,1,A3,Intensive.agriculture,Brassica.napus,Apis.mellifera,1
CH,1,A3,Intensive.agriculture,Brassica.napus,Apis.mellifera,1
CH,1,A3,Intensive.agriculture,Brassica.napus,Apis.mellifera,1
CH,1,A3,Intensive.agriculture,Brassica.napus,Apis.mellifera,1
CH,1,A3,Intensive.agriculture,Brassica.napus,Apis.mellifera,1
CH,1,A3,Intensive.agriculture,Brassica.napus,Apis.mellifera,1
CH,1,A3,Intensive.agriculture,Brassica.napus,Apis.mellifera,1
CH,1,A3,Intensive.agriculture,Brassica.napus,Apis.mellifera,1
CH,1,A3,Intensive.agriculture,Brassica.napus,Apis.mellifera,1
CH,1,A3,Intensive.agriculture,Brassica.napus,Apis.mellifera,1
CH,1,A3,Intensive.agriculture,Brassica.napus,Apis.mellifera,1
CH,1,A3,Intensive.agriculture,Brassica.napus,Apis.mellifera,1
CH,1,A3,Intensive.agriculture,Brassica.napus,Apis.mellifera,1
CH,1,A3,Intensive.agriculture,Brassica.napus,Apis.mellifera,1
CH,1,A3,Intensive.agriculture,Brassica.napus,Apis.mellifera,1
CH,1,A3,Intensive.agriculture,Brassica.napus,Apis.mellifera,1
CH,1,A3,Intensive.agriculture,Brassica.napus,Apis.mellifera,1
CH,1,A3,Intensive.agriculture,Brassica.napus,Apis.mellifera,1
CH,1,A3,Intensive.agriculture,Brassica.napus,Apis.mellifera,1
CH,1,A3,Intensive.agriculture,Brassica.napus,Apis.mellifera,1
CH,1,A3,Intensive.agriculture,Brassica.napus,Apis.mellifera,1
CH,1,A3,Intensive.agriculture,Brassica.napus,Apis.mellifera,1
CH,1,A3,Intensive.agriculture,Brassica.napus,Apis.mellifera,1
CH,1,A3,Intensive.agriculture,Brassica.napus,Apis.mellifera,1
CH,1,A3,Intensive.agriculture,Brassica.napus,Apis.mellifera,1
CH,1,A3,Intensive.agriculture,Brassica.napus,Apis.mellifera,1
CH,1,A3,Intensive.agriculture,Brassica.napus,Apis.mellifera,1
CH,1,A3,Intensive.agriculture,Brassica.napus,Apis.mellifera,1
CH,1,A3,Intensive.agriculture,Brassica.napus,Apis.mellifera,1
CH,1,A3,Intensive.agriculture,Brassica.napus,Apis.mellifera,1
CH,1,A3,Intensive.agriculture,Brassica.napus,Apis.mellifera,1
CH,1,A3,Intensive.agriculture,Brassica.napus,Apis.mellifera,1
CH,1,A3,Intensive.agriculture,Brassica.napus,Apis.mellifera,1
CH,1,A3,Intensive.agriculture,Brassica.napus,Apis.mellifera,1
CH,1,A3,Intensive.agriculture,Brassica.napus,Apis.mellifera,1
CH,1,A3,Intensive.agriculture,Brassica.napus,Apis.mellifera,1
CH,1,A3,Intensive.agriculture,Brassica.napus,Apis.mellifera,1
CH,1,A3,Intensive.agriculture,Brassica.napus,Apis.mellifera,1
CH,1,A3,Intensive.agriculture,Brassica.napus,Apis.mellifera,1
CH,1,A3,Intensive.agriculture,Brassica.napus,Apis.mellifera,1
CH,1,A3,Intensive.agriculture,Brassica.napus,Apis.mellifera,1
CH,1,A3,Intensive.agriculture,Brassica.napus,Apis.mellifera,1
CH,1,A3,Intensive.agriculture,Brassica.napus,Apis.mellifera,1
CH,1,A3,Intensive.agriculture,Brassica.napus,Apis.mellifera,1
CH,1,A3,Intensive.agriculture,Brassica.napus,Apis.mellifera,1
CH,1,A3,Intensive.agriculture,Brassica.napus,Apis.mellifera,1
CH,1,A3,Intensive.agriculture,Brassica.napus,Apis.mellifera,1
CH,1,A3,Intensive.agriculture,Brassica.napus,Apis.mellifera,1
CH,1,A3,Intensive.agriculture,Brassica.napus,Apis.mellifera,1
CH,1,A3,Intensive.agriculture,Brassica.napus,Apis.mellifera,1
CH,1,A3,Intensive.agriculture,Brassica.napus,Apis.mellifera,1
CH,1,A3,Intensive.agriculture,Brassica.napus,Apis.mellifera,1
CH,1,A3,Intensive.agriculture,Brassica.napus,Apis.mellifera,1
CH,1,A3,Intensive.agriculture,Brassica.napus,Apis.mellifera,1
CH,1,A3,Intensive.agriculture,Brassica.napus,Apis.mellifera,1
CH,1,A3,Intensive.agriculture,Brassica.napus,Apis.mellifera,1
CH,1,A3,Intensive.agriculture,Brassica.napus,Apis.mellifera,1
CH,1,A3,Intensive.agriculture,Brassica.napus,Apis.mellifera,1
CH,1,A3,Intensive.agriculture,Brassica.napus,Apis.mellifera,1
CH,1,A3,Intensive.agriculture,Brassica.napus,Apis.mellifera,1
CH,1,A3,Intensive.agriculture,Brassica.napus,Apis.mellifera,1
CH,1,A3,Intensive.agriculture,Brassica.napus,Apis.mellifera,1
CH,1,A3,Intensive.agriculture,Brassica.napus,Apis.mellifera,1
CH,1,A3,Intensive.agriculture,Brassica.napus,Apis.mellifera,1
CH,1,A3,Intensive.agriculture,Brassica.napus,Apis.mellifera,1
CH,1,A3,Intensive.agriculture,Brassica.napus,Apis.mellifera,1
CH,1,A3,Intensive.agriculture,Brassica.napus,Apis.mellifera,1
CH,1,A3,Intensive.agriculture,Brassica.napus,Apis.mellifera,1
CH,1,A3,Intensive.agriculture,Brassica.napus,Apis.mellifera,1
CH,1,A3,Intensive.agriculture,Brassica.napus,Apis.mellifera,1
CH,1,A3,Intensive.agriculture,Brassica.napus,Apis.mellifera,1
CH,1,A3,Intensive.agriculture,Brassica.napus,Apis.mellifera,1
CH,1,A3,Intensive.agriculture,Brassica.napus,Apis.mellifera,1
CH,1,A3,Intensive.agriculture,Brassica.napus,Apis.mellifera,1
CH,1,A3,Intensive.agriculture,Brassica.napus,Apis.mellifera,1
CH,1,A3,Intensive.agriculture,Brassica.napus,Apis.mellifera,1
CH,1,A3,Intensive.agriculture,Brassica.napus,Apis.mellifera,1
CH,1,A3,Intensive.agriculture,Brassica.napus,Apis.mellifera,1
CH,1,A3,Intensive.agriculture,Brassica.napus,Apis.mellifera,1
CH,1,A3,Intensive.agriculture,Brassica.napus,Apis.mellifera,1
CH,1,A3,Intensive.agriculture,Brassica.napus,Apis.mellifera,1
CH,1,A3,Intensive.agriculture,Brassica.napus,Apis.mellifera,1
CH,1,A3,Intensive.agriculture,Brassica.napus,Apis.mellifera,1
CH,1,A3,Intensive.agriculture,Brassica.napus,Apis.mellifera,1
CH,1,A3,Intensive.agriculture,Brassica.napus,Apis.mellifera,1
CH,1,A3,Intensive.agriculture,Brassica.napus,Apis.mellifera,1
CH,1,A3,Intensive.agriculture,Brassica.napus,Apis.mellifera,1
CH,1,A3,Intensive.agriculture,Brassica.napus,Apis.mellifera,1
CH,1,A3,Intensive.agriculture,Brassica.napus,Apis.mellifera,1
CH,1,A3,Intensive.agriculture,Brassica.napus,Apis.mellifera,1
CH,1,A3,Intensive.agriculture,Brassica.napus,Apis.mellifera,1
CH,1,A3,Intensive.agriculture,Brassica.napus,Apis.mellifera,1
CH,1,A3,Intensive.agriculture,Brassica.napus,Apis.mellifera,1
CH,1,A3,Intensive.agriculture,Brassica.napus,Apis.mellifera,1
CH,1,A3,Intensive.agriculture,Brassica.napus,Apis.mellifera,1
CH,1,A3,Intensive.agriculture,,Lasioglossum.malachurum,0
CH,1,A3,Intensive.agriculture,Taraxacum.officinale,Andrena.flavipes,1
CH,1,A3,Intensive.agriculture,Taraxacum.officinale,Andrena.flavipes,1
CH,1,A3,Intensive.agriculture,Taraxacum.officinale,Sphaerophoria.scripta,1
CH,1,A3,Intensive.agriculture,Taraxacum.officinale,Apis.mellifera,1
CH,1,A3,Intensive.agriculture,Taraxacum.officinale,Apis.mellifera,1
CH,1,A3,Intensive.agriculture,Taraxacum.officinale,Apis.mellifera,1
CH,1,A3,Intensive.agriculture,Taraxacum.officinale,Apis.mellifera,1
CH,1,A3,Intensive.agriculture,Taraxacum.officinale,Apis.mellifera,1
CH,1,A3,Intensive.agriculture,Taraxacum.officinale,Apis.mellifera,1
CH,1,A3,Intensive.agriculture,Taraxacum.officinale,Apis.mellifera,1
CH,1,A3,Intensive.agriculture,Taraxacum.officinale,Apis.mellifera,1
CH,1,A3,Intensive.agriculture,Taraxacum.officinale,Apis.mellifera,1
CH,1,A3,Intensive.agriculture,Taraxacum.officinale,Apis.mellifera,1
CH,1,A3,Intensive.agriculture,Taraxacum.officinale,Apis.mellifera,1
CH,1,A3,Intensive.agriculture,Taraxacum.officinale,Apis.mellifera,1
CH,1,A3,Intensive.agriculture,Taraxacum.officinale,Apis.mellifera,1
CH,1,A3,Intensive.agriculture,Taraxacum.officinale,Apis.mellifera,1
CH,1,A3,Intensive.agriculture,Taraxacum.officinale,Apis.mellifera,1
CH,1,A3,Intensive.agriculture,Taraxacum.officinale,Apis.mellifera,1
CH,1,A3,Intensive.agriculture,Taraxacum.officinale,Apis.mellifera,1
CH,1,A3,Intensive.agriculture,Taraxacum.officinale,Apis.mellifera,1
CH,1,A4,Intensive.agriculture,,Lasioglossum.malachurum,0
CH,1,A4,Intensive.agriculture,Brassica.napus,Apis.mellifera,1
CH,1,A4,Intensive.agriculture,Brassica.napus,Apis.mellifera,1
CH,1,A4,Intensive.agriculture,Brassica.napus,Apis.mellifera,1
CH,1,A4,Intensive.agriculture,Brassica.napus,Apis.mellifera,1
CH,1,A4,Intensive.agriculture,Brassica.napus,Apis.mellifera,1
CH,1,A4,Intensive.agriculture,Brassica.napus,Apis.mellifera,1
CH,1,A4,Intensive.agriculture,Brassica.napus,Apis.mellifera,1
CH,1,A4,Intensive.agriculture,Brassica.napus,Bombus.sp,1
CH,1,A4,Intensive.agriculture,Brassica.napus,Apis.mellifera,1
CH,1,A4,Intensive.agriculture,Brassica.napus,Apis.mellifera,1
CH,1,A4,Intensive.agriculture,Brassica.napus,Apis.mellifera,1
CH,1,A4,Intensive.agriculture,Brassica.napus,Apis.mellifera,1
CH,1,A4,Intensive.agriculture,Brassica.napus,Apis.mellifera,1
CH,1,A4,Intensive.agriculture,Brassica.napus,Apis.mellifera,1
CH,1,A4,Intensive.agriculture,Brassica.napus,Apis.mellifera,1
CH,1,A4,Intensive.agriculture,Brassica.napus,Apis.mellifera,1
CH,1,A4,Intensive.agriculture,Brassica.napus,Apis.mellifera,1
CH,1,A4,Intensive.agriculture,Brassica.napus,Apis.mellifera,1
CH,1,A4,Intensive.agriculture,Brassica.napus,Apis.mellifera,1
CH,1,A4,Intensive.agriculture,Brassica.napus,Apis.mellifera,1
CH,1,A4,Intensive.agriculture,Brassica.napus,Apis.mellifera,1
CH,1,A4,Intensive.agriculture,Brassica.napus,Apis.mellifera,1
CH,1,A4,Intensive.agriculture,Brassica.napus,Apis.mellifera,1
CH,1,A4,Intensive.agriculture,Brassica.napus,Apis.mellifera,1
CH,1,A4,Intensive.agriculture,Brassica.napus,Apis.mellifera,1
CH,1,A4,Intensive.agriculture,Brassica.napus,Apis.mellifera,1
CH,1,A4,Intensive.agriculture,Brassica.napus,Andrena.haemorrhoa,1
CH,1,A4,Intensive.agriculture,Brassica.napus,Melanostoma.mellinum,1
CH,1,A4,Intensive.agriculture,Brassica.napus,Apis.mellifera,1
CH,1,A4,Intensive.agriculture,Brassica.napus,Apis.mellifera,1
CH,1,A4,Intensive.agriculture,Brassica.napus,Apis.mellifera,1
CH,1,A4,Intensive.agriculture,Brassica.napus,Apis.mellifera,1
CH,1,A4,Intensive.agriculture,Brassica.napus,Apis.mellifera,1
CH,1,A4,Intensive.agriculture,Brassica.napus,Apis.mellifera,1
CH,1,A4,Intensive.agriculture,Brassica.napus,Apis.mellifera,1
CH,1,A4,Intensive.agriculture,Brassica.napus,Apis.mellifera,1
CH,1,A4,Intensive.agriculture,Brassica.napus,Apis.mellifera,1
CH,1,A4,Intensive.agriculture,Brassica.napus,Apis.mellifera,1
CH,1,A4,Intensive.agriculture,Brassica.napus,Apis.mellifera,1
CH,1,A4,Intensive.agriculture,Brassica.napus,Apis.mellifera,1
CH,1,A4,Intensive.agriculture,Brassica.napus,Apis.mellifera,1
CH,1,A4,Intensive.agriculture,Brassica.napus,Apis.mellifera,1
CH,1,A4,Intensive.agriculture,Brassica.napus,Apis.mellifera,1
CH,1,A4,Intensive.agriculture,Brassica.napus,Apis.mellifera,1
CH,1,A4,Intensive.agriculture,Brassica.napus,Apis.mellifera,1
CH,1,A4,Intensive.agriculture,Brassica.napus,Apis.mellifera,1
CH,1,A4,Intensive.agriculture,Brassica.napus,Apis.mellifera,1
CH,1,A4,Intensive.agriculture,Brassica.napus,wildbee,1
CH,1,A4,Intensive.agriculture,Brassica.napus,Apis.mellifera,1
CH,1,A4,Intensive.agriculture,Brassica.napus,Apis.mellifera,1
CH,1,A4,Intensive.agriculture,Brassica.napus,Apis.mellifera,1
CH,1,A4,Intensive.agriculture,Brassica.napus,Apis.mellifera,1
CH,1,A4,Intensive.agriculture,Brassica.napus,Apis.mellifera,1
CH,1,A4,Intensive.agriculture,Brassica.napus,Apis.mellifera,1
CH,1,A4,Intensive.agriculture,Brassica.napus,Apis.mellifera,1
CH,1,A4,Intensive.agriculture,Brassica.napus,Apis.mellifera,1
CH,1,A4,Intensive.agriculture,Brassica.napus,Apis.mellifera,1
CH,1,A4,Intensive.agriculture,Brassica.napus,Apis.mellifera,1
CH,1,A4,Intensive.agriculture,Brassica.napus,Apis.mellifera,1
CH,1,A4,Intensive.agriculture,Brassica.napus,Apis.mellifera,1
CH,1,A4,Intensive.agriculture,Brassica.napus,Apis.mellifera,1
CH,1,A4,Intensive.agriculture,Brassica.napus,Apis.mellifera,1
CH,1,A4,Intensive.agriculture,Brassica.napus,Apis.mellifera,1
CH,1,A4,Intensive.agriculture,Brassica.napus,Apis.mellifera,1
CH,1,A4,Intensive.agriculture,Brassica.napus,Apis.mellifera,1
CH,1,A4,Intensive.agriculture,Brassica.napus,Apis.mellifera,1
CH,1,A4,Intensive.agriculture,Brassica.napus,Apis.mellifera,1
CH,1,A4,Intensive.agriculture,Brassica.napus,Apis.mellifera,1
CH,1,A4,Intensive.agriculture,Brassica.napus,Apis.mellifera,1
CH,1,A4,Intensive.agriculture,Brassica.napus,Apis.mellifera,1
CH,1,A4,Intensive.agriculture,Brassica.napus,Apis.mellifera,1
CH,1,A4,Intensive.agriculture,Brassica.napus,Apis.mellifera,1
CH,1,A4,Intensive.agriculture,Brassica.napus,Apis.mellifera,1
CH,1,A4,Intensive.agriculture,Brassica.napus,Apis.mellifera,1
CH,1,A4,Intensive.agriculture,Brassica.napus,Apis.mellifera,1
CH,1,A4,Intensive.agriculture,Brassica.napus,Apis.mellifera,1
CH,1,A4,Intensive.agriculture,Brassica.napus,Apis.mellifera,1
CH,1,A4,Intensive.agriculture,Brassica.napus,Apis.mellifera,1
CH,1,A4,Intensive.agriculture,Brassica.napus,Apis.mellifera,1
CH,1,A4,Intensive.agriculture,Capsella.bursa.pastoris,Melanostoma.mellinum,1
CH,1,A4,Intensive.agriculture,Taraxacum.officinale,Bombus.humilis,1
CH,1,A4,Intensive.agriculture,Taraxacum.officinale,Apis.mellifera,1
CH,1,A4,Intensive.agriculture,Taraxacum.officinale,Apis.mellifera,1
CH,1,A4,Intensive.agriculture,Taraxacum.officinale,Apis.mellifera,1
CH,1,A4,Intensive.agriculture,Taraxacum.officinale,Apis.mellifera,1
CH,1,A4,Intensive.agriculture,Taraxacum.officinale,Apis.mellifera,1
CH,1,A4,Intensive.agriculture,Taraxacum.officinale,Apis.mellifera,1
CH,1,A4,Intensive.agriculture,Taraxacum.officinale,Apis.mellifera,1
CH,1,A4,Intensive.agriculture,Taraxacum.officinale,Apis.mellifera,1
CH,1,A4,Intensive.agriculture,Taraxacum.officinale,Apis.mellifera,1
CH,1,A4,Intensive.agriculture,Taraxacum.officinale,Apis.mellifera,1
CH,1,A4,Intensive.agriculture,Taraxacum.officinale,Apis.mellifera,1
CH,1,A4,Intensive.agriculture,Taraxacum.officinale,Apis.mellifera,1
CH,1,A4,Intensive.agriculture,Taraxacum.officinale,Apis.mellifera,1
CH,1,A4,Intensive.agriculture,Taraxacum.officinale,Apis.mellifera,1
CH,1,A4,Intensive.agriculture,Taraxacum.officinale,Apis.mellifera,1
CH,1,A4,Intensive.agriculture,Taraxacum.officinale,Apis.mellifera,1
CH,1,A4,Intensive.agriculture,Taraxacum.officinale,Apis.mellifera,1
CH,1,A4,Intensive.agriculture,Taraxacum.officinale,Apis.mellifera,1
CH,1,A4,Intensive.agriculture,Taraxacum.officinale,Apis.mellifera,1
CH,1,A4,Intensive.agriculture,Taraxacum.officinale,Apis.mellifera,1
CH,1,A4,Intensive.agriculture,Taraxacum.officinale,Apis.mellifera,1
CH,1,R1,Rural.habitat.mosaic,Crataegus.monogyna,Apis.mellifera,1
CH,1,R1,Rural.habitat.mosaic,Crataegus.monogyna,Apis.mellifera,1
CH,1,R1,Rural.habitat.mosaic,,Lasioglossum.malachurum,0
CH,1,R1,Rural.habitat.mosaic,Tragopogon.pratensis,Lasioglossum.pauxillum,1
CH,1,R1,Rural.habitat.mosaic,Ranunculus.bulbosus,Lasioglossum.glabriusculum,1
CH,1,R1,Rural.habitat.mosaic,Ranunculus.bulbosus,Lasioglossum.sp,1
CH,1,R1,Rural.habitat.mosaic,Ranunculus.bulbosus,Lasioglossum.pauxillum,1
CH,1,R1,Rural.habitat.mosaic,Ranunculus.bulbosus,Halictus.eurygnathus,1
CH,1,R1,Rural.habitat.mosaic,Ranunculus.bulbosus,Halictus.tumulorum,1
CH,1,R1,Rural.habitat.mosaic,Tragopogon.pratensis,Halictus.simplex,1
CH,1,R1,Rural.habitat.mosaic,Ranunculus.bulbosus,Sphaerophoria.sp,1
CH,1,R1,Rural.habitat.mosaic,Ranunculus.bulbosus,wildbee,1
CH,1,R1,Rural.habitat.mosaic,Knautia.arvensis,Apis.mellifera,1
CH,1,R1,Rural.habitat.mosaic,Ajuga.reptans,Apis.mellifera,1
CH,1,R1,Rural.habitat.mosaic,Knautia.arvensis,Apis.mellifera,1
CH,1,R1,Rural.habitat.mosaic,Knautia.arvensis,Apis.mellifera,1
CH,1,R1,Rural.habitat.mosaic,Knautia.arvensis,Apis.mellifera,1
CH,1,R1,Rural.habitat.mosaic,Knautia.arvensis,Apis.mellifera,1
CH,1,R1,Rural.habitat.mosaic,Knautia.arvensis,Apis.mellifera,1
CH,1,R1,Rural.habitat.mosaic,Lotus.corniculatus,Lasioglossum.angusticeps,1
CH,1,R1,Rural.habitat.mosaic,Onobrychis.viciifolia,Bombus.lapidarius,1
CH,1,R1,Rural.habitat.mosaic,Onobrychis.viciifolia,Bombus.lapidarius,1
CH,1,R1,Rural.habitat.mosaic,Onobrychis.viciifolia,Bombus.lapidarius,1
CH,1,R1,Rural.habitat.mosaic,Onobrychis.viciifolia,Bombus.lapidarius,1
CH,1,R1,Rural.habitat.mosaic,Onobrychis.viciifolia,Bombus.sylvarum,1
CH,1,R1,Rural.habitat.mosaic,Salvia.pratensis,Apis.mellifera,1
CH,1,R1,Rural.habitat.mosaic,Onobrychis.viciifolia,Apis.mellifera,1
CH,1,R1,Rural.habitat.mosaic,Onobrychis.viciifolia,Apis.mellifera,1
CH,1,R1,Rural.habitat.mosaic,Onobrychis.viciifolia,Apis.mellifera,1
CH,1,R1,Rural.habitat.mosaic,Onobrychis.viciifolia,Apis.mellifera,1
CH,1,R1,Rural.habitat.mosaic,Onobrychis.viciifolia,Apis.mellifera,1
CH,1,R1,Rural.habitat.mosaic,Onobrychis.viciifolia,Apis.mellifera,1
CH,1,R1,Rural.habitat.mosaic,Onobrychis.viciifolia,Apis.mellifera,1
CH,1,R1,Rural.habitat.mosaic,Onobrychis.viciifolia,Apis.mellifera,1
CH,1,R1,Rural.habitat.mosaic,Onobrychis.viciifolia,Apis.mellifera,1
CH,1,R1,Rural.habitat.mosaic,Onobrychis.viciifolia,Apis.mellifera,1
CH,1,R1,Rural.habitat.mosaic,Onobrychis.viciifolia,Apis.mellifera,1
CH,1,R1,Rural.habitat.mosaic,Onobrychis.viciifolia,Apis.mellifera,1
CH,1,R1,Rural.habitat.mosaic,Knautia.arvensis,Apis.mellifera,1
CH,1,R1,Rural.habitat.mosaic,Onobrychis.viciifolia,Apis.mellifera,1
CH,1,R1,Rural.habitat.mosaic,Onobrychis.viciifolia,Apis.mellifera,1
CH,1,R1,Rural.habitat.mosaic,Onobrychis.viciifolia,Apis.mellifera,1
CH,1,R1,Rural.habitat.mosaic,Salvia.pratensis,Apis.mellifera,1
CH,1,R1,Rural.habitat.mosaic,Onobrychis.viciifolia,Apis.mellifera,1
CH,1,R1,Rural.habitat.mosaic,Onobrychis.viciifolia,Apis.mellifera,1
CH,1,R1,Rural.habitat.mosaic,Onobrychis.viciifolia,Apis.mellifera,1
CH,1,R1,Rural.habitat.mosaic,Onobrychis.viciifolia,Apis.mellifera,1
CH,1,R1,Rural.habitat.mosaic,Onobrychis.viciifolia,Apis.mellifera,1
CH,1,R1,Rural.habitat.mosaic,Onobrychis.viciifolia,Apis.mellifera,1
CH,1,R1,Rural.habitat.mosaic,Onobrychis.viciifolia,Apis.mellifera,1
CH,1,R1,Rural.habitat.mosaic,Onobrychis.viciifolia,Apis.mellifera,1
CH,1,R1,Rural.habitat.mosaic,Onobrychis.viciifolia,Apis.mellifera,1
CH,1,R1,Rural.habitat.mosaic,Onobrychis.viciifolia,Apis.mellifera,1
CH,1,R1,Rural.habitat.mosaic,Knautia.arvensis,Apis.mellifera,1
CH,1,R1,Rural.habitat.mosaic,Onobrychis.viciifolia,Apis.mellifera,1
CH,1,R1,Rural.habitat.mosaic,Onobrychis.viciifolia,Apis.mellifera,1
CH,1,R1,Rural.habitat.mosaic,Salvia.pratensis,Apis.mellifera,1
CH,1,R1,Rural.habitat.mosaic,Onobrychis.viciifolia,Apis.mellifera,1
CH,1,R1,Rural.habitat.mosaic,Onobrychis.viciifolia,Apis.mellifera,1
CH,1,R1,Rural.habitat.mosaic,Onobrychis.viciifolia,Apis.mellifera,1
CH,1,R1,Rural.habitat.mosaic,Onobrychis.viciifolia,Apis.mellifera,1
CH,1,R1,Rural.habitat.mosaic,Onobrychis.viciifolia,Apis.mellifera,1
CH,1,R1,Rural.habitat.mosaic,Knautia.arvensis,Apis.mellifera,1
CH,1,R1,Rural.habitat.mosaic,Onobrychis.viciifolia,Apis.mellifera,1
CH,1,R1,Rural.habitat.mosaic,Onobrychis.viciifolia,Apis.mellifera,1
CH,1,R1,Rural.habitat.mosaic,Onobrychis.viciifolia,Apis.mellifera,1
CH,1,R1,Rural.habitat.mosaic,Onobrychis.viciifolia,Apis.mellifera,1
CH,1,R1,Rural.habitat.mosaic,Onobrychis.viciifolia,Apis.mellifera,1
CH,1,R1,Rural.habitat.mosaic,Onobrychis.viciifolia,Apis.mellifera,1
CH,1,R1,Rural.habitat.mosaic,Onobrychis.viciifolia,Apis.mellifera,1
CH,1,R1,Rural.habitat.mosaic,Onobrychis.viciifolia,Apis.mellifera,1
CH,1,R1,Rural.habitat.mosaic,Onobrychis.viciifolia,Apis.mellifera,1
CH,1,R1,Rural.habitat.mosaic,Onobrychis.viciifolia,Apis.mellifera,1
CH,1,R1,Rural.habitat.mosaic,Onobrychis.viciifolia,Apis.mellifera,1
CH,1,R1,Rural.habitat.mosaic,Onobrychis.viciifolia,Apis.mellifera,1
CH,1,R1,Rural.habitat.mosaic,Onobrychis.viciifolia,Apis.mellifera,1
CH,1,R1,Rural.habitat.mosaic,Onobrychis.viciifolia,Apis.mellifera,1
CH,1,R1,Rural.habitat.mosaic,Onobrychis.viciifolia,Apis.mellifera,1
CH,1,R1,Rural.habitat.mosaic,Onobrychis.viciifolia,Apis.mellifera,1
CH,1,R1,Rural.habitat.mosaic,Onobrychis.viciifolia,Apis.mellifera,1
CH,1,R1,Rural.habitat.mosaic,Onobrychis.viciifolia,Apis.mellifera,1
CH,1,R1,Rural.habitat.mosaic,Onobrychis.viciifolia,Apis.mellifera,1
CH,1,R1,Rural.habitat.mosaic,Knautia.arvensis,Apis.mellifera,1
CH,1,R1,Rural.habitat.mosaic,Onobrychis.viciifolia,Apis.mellifera,1
CH,1,R1,Rural.habitat.mosaic,Onobrychis.viciifolia,Apis.mellifera,1
CH,1,R1,Rural.habitat.mosaic,Onobrychis.viciifolia,Apis.mellifera,1
CH,1,R1,Rural.habitat.mosaic,Onobrychis.viciifolia,Apis.mellifera,1
CH,1,R1,Rural.habitat.mosaic,Onobrychis.viciifolia,Apis.mellifera,1
CH,1,R1,Rural.habitat.mosaic,Onobrychis.viciifolia,Apis.mellifera,1
CH,1,R1,Rural.habitat.mosaic,Onobrychis.viciifolia,Apis.mellifera,1
CH,1,R1,Rural.habitat.mosaic,Onobrychis.viciifolia,Apis.mellifera,1
CH,1,R1,Rural.habitat.mosaic,Onobrychis.viciifolia,Apis.mellifera,1
CH,1,R1,Rural.habitat.mosaic,Onobrychis.viciifolia,Apis.mellifera,1
CH,1,R1,Rural.habitat.mosaic,Onobrychis.viciifolia,Apis.mellifera,1
CH,1,R1,Rural.habitat.mosaic,Taraxacum.officinale,Andrena.viridescens,1
CH,1,R1,Rural.habitat.mosaic,Brassica.napus,Melanostoma.sp,1
CH,1,R1,Rural.habitat.mosaic,Brassica.napus,Syrphidae.sp,1
CH,1,R1,Rural.habitat.mosaic,Brassica.napus,Apis.mellifera,1
CH,1,R1,Rural.habitat.mosaic,Brassica.napus,Syrphidae.sp,1
CH,1,R1,Rural.habitat.mosaic,Brassica.napus,Apis.mellifera,1
CH,1,R1,Rural.habitat.mosaic,Brassica.napus,Apis.mellifera,1
CH,1,R1,Rural.habitat.mosaic,Brassica.napus,Apis.mellifera,1
CH,1,R1,Rural.habitat.mosaic,Trifolium.pratense,Bombus.hortorum,1
CH,1,R1,Rural.habitat.mosaic,Vicia.sepium,Eucera.nigrescens,1
CH,1,R1,Rural.habitat.mosaic,Vicia.sepium,Bombus.ruderarius,1
CH,1,R1,Rural.habitat.mosaic,Trifolium.pratense,Bombus.sylvarum,1
CH,1,R1,Rural.habitat.mosaic,Trifolium.pratense,Bombus.hortorum,1
CH,1,R1,Rural.habitat.mosaic,Ranunculus.repens,Episyrphus.balteatus,1
CH,1,R1,Rural.habitat.mosaic,Ranunculus.repens,Episyrphus.balteatus,1
CH,1,R1,Rural.habitat.mosaic,Ranunculus.acris,Episyrphus.balteatus,1
CH,1,R1,Rural.habitat.mosaic,Bellis.perennis,Episyrphus.balteatus,1
CH,1,R1,Rural.habitat.mosaic,Taraxacum.officinale,Sphaerophoria.sp,1
CH,1,R1,Rural.habitat.mosaic,Ranunculus.repens,Melanostoma.mellinum,1
CH,1,R1,Rural.habitat.mosaic,Ranunculus.acris,Melanostoma.sp,1
CH,1,R1,Rural.habitat.mosaic,Ranunculus.acris,Melanostoma.mellinum,1
CH,1,R1,Rural.habitat.mosaic,Ranunculus.repens,Melanostoma.sp,1
CH,1,R1,Rural.habitat.mosaic,Ranunculus.bulbosus,Melanostoma.mellinum,1
CH,1,R1,Rural.habitat.mosaic,Ranunculus.repens,Eupeodes.corollae,1
CH,1,R1,Rural.habitat.mosaic,Ranunculus.repens,Eupeodes.corollae,1
CH,1,R1,Rural.habitat.mosaic,Trifolium.pratense,Eupeodes.corollae,1
CH,1,R1,Rural.habitat.mosaic,Ranunculus.repens,Eupeodes.corollae,1
CH,1,R1,Rural.habitat.mosaic,Galium.mollugo.aggr,Eupeodes.corollae,1
CH,1,R1,Rural.habitat.mosaic,Vicia.sepium,Bombus.subterraneus,1
CH,1,R1,Rural.habitat.mosaic,Trifolium.pratense,Apis.mellifera,1
CH,1,R1,Rural.habitat.mosaic,Trifolium.pratense,Apis.mellifera,1
CH,1,R1,Rural.habitat.mosaic,Trifolium.pratense,Apis.mellifera,1
CH,1,R1,Rural.habitat.mosaic,Ranunculus.acris,Syrphidae.sp,1
CH,1,R1,Rural.habitat.mosaic,Geranium.pyrenaicum,Apis.mellifera,1
CH,1,R1,Rural.habitat.mosaic,Vicia.sepium,Eucera.sp,1
CH,1,R1,Rural.habitat.mosaic,,Lasioglossum.malachurum,0
CH,1,R2,Rural.habitat.mosaic,Knautia.arvensis,Apis.mellifera,1
CH,1,R2,Rural.habitat.mosaic,,Lasioglossum.malachurum,0
CH,1,R2,Rural.habitat.mosaic,Trifolium.pratense,Bombus.hortorum,1
CH,1,R2,Rural.habitat.mosaic,Trifolium.pratense,Bombus.pascuorum,1
CH,1,R2,Rural.habitat.mosaic,Vicia.sepium,Bombus.lapidarius,1
CH,1,R2,Rural.habitat.mosaic,Trifolium.pratense,Eucera.nigrescens,1
CH,1,R2,Rural.habitat.mosaic,Trifolium.pratense,Eucera.nigrescens,1
CH,1,R2,Rural.habitat.mosaic,Crepis.biennis,Halictus.tumulorum,1
CH,1,R2,Rural.habitat.mosaic,Crepis.biennis,Halictus.simplex,1
CH,1,R2,Rural.habitat.mosaic,Crepis.biennis,Halictus.eurygnathus,1
CH,1,R2,Rural.habitat.mosaic,Crepis.biennis,Andrena.fulvago,1
CH,1,R2,Rural.habitat.mosaic,Leontodon.hispidus,Andrena.humilis,1
CH,1,R2,Rural.habitat.mosaic,Tragopogon.pratensis,Andrena.labiata,1
CH,1,R2,Rural.habitat.mosaic,Tragopogon.pratensis,Andrena.humilis,1
CH,1,R2,Rural.habitat.mosaic,Leontodon.hispidus,Lasioglossum.villosulum,1
CH,1,R2,Rural.habitat.mosaic,Ranunculus.acris,Lasioglossum.pauxillum,1
CH,1,R2,Rural.habitat.mosaic,Ranunculus.acris,Lasioglossum.pauxillum,1
CH,1,R2,Rural.habitat.mosaic,Ranunculus.acris,Lasioglossum.pauxillum,1
CH,1,R2,Rural.habitat.mosaic,Crepis.biennis,Lasioglossum.villosulum,1
CH,1,R2,Rural.habitat.mosaic,Crepis.biennis,Lasioglossum.villosulum,1
CH,1,R2,Rural.habitat.mosaic,Knautia.arvensis,Apis.mellifera,1
CH,1,R2,Rural.habitat.mosaic,Knautia.arvensis,Apis.mellifera,1
CH,1,R2,Rural.habitat.mosaic,Knautia.arvensis,Apis.mellifera,1
CH,1,R2,Rural.habitat.mosaic,Knautia.arvensis,Apis.mellifera,1
CH,1,R2,Rural.habitat.mosaic,Knautia.arvensis,Apis.mellifera,1
CH,1,R2,Rural.habitat.mosaic,Knautia.arvensis,Apis.mellifera,1
CH,1,R2,Rural.habitat.mosaic,Knautia.arvensis,Apis.mellifera,1
CH,1,R2,Rural.habitat.mosaic,Knautia.arvensis,Apis.mellifera,1
CH,1,R2,Rural.habitat.mosaic,Knautia.arvensis,Apis.mellifera,1
CH,1,R2,Rural.habitat.mosaic,Knautia.arvensis,Apis.mellifera,1
CH,1,R2,Rural.habitat.mosaic,Knautia.arvensis,Apis.mellifera,1
CH,1,R2,Rural.habitat.mosaic,Leontodon.hispidus,Lasioglossum.villosulum,1
CH,1,R2,Rural.habitat.mosaic,Crepis.biennis,Apis.mellifera,1
CH,1,R2,Rural.habitat.mosaic,Ranunculus.acris,wildbee,1
CH,1,R2,Rural.habitat.mosaic,Trifolium.pratense,Apis.mellifera,1
CH,1,R2,Rural.habitat.mosaic,Trifolium.pratense,Apis.mellifera,1
CH,1,R2,Rural.habitat.mosaic,Trifolium.pratense,Apis.mellifera,1
CH,1,R2,Rural.habitat.mosaic,Trifolium.pratense,Apis.mellifera,1
CH,1,R2,Rural.habitat.mosaic,Trifolium.pratense,Apis.mellifera,1
CH,1,R2,Rural.habitat.mosaic,Trifolium.pratense,Apis.mellifera,1
CH,1,R2,Rural.habitat.mosaic,Trifolium.pratense,Apis.mellifera,1
CH,1,R2,Rural.habitat.mosaic,Crepis.biennis,Apis.mellifera,1
CH,1,R2,Rural.habitat.mosaic,Crepis.biennis,Apis.mellifera,1
CH,1,R2,Rural.habitat.mosaic,Trifolium.pratense,Apis.mellifera,1
CH,1,R2,Rural.habitat.mosaic,Trifolium.pratense,Apis.mellifera,1
CH,1,R2,Rural.habitat.mosaic,Trifolium.pratense,Apis.mellifera,1
CH,1,R2,Rural.habitat.mosaic,Crepis.biennis,Apis.mellifera,1
CH,1,R2,Rural.habitat.mosaic,Leucanthemum.vulgare,wildbee,1
CH,1,R2,Rural.habitat.mosaic,Crepis.biennis,Apis.mellifera,1
CH,1,R2,Rural.habitat.mosaic,Crepis.biennis,Apis.mellifera,1
CH,1,R2,Rural.habitat.mosaic,Crepis.biennis,Apis.mellifera,1
CH,1,R2,Rural.habitat.mosaic,Crepis.biennis,Apis.mellifera,1
CH,1,R2,Rural.habitat.mosaic,Crepis.biennis,Apis.mellifera,1
CH,1,R2,Rural.habitat.mosaic,Trifolium.pratense,Apis.mellifera,1
CH,1,R2,Rural.habitat.mosaic,Trifolium.pratense,Apis.mellifera,1
CH,1,R2,Rural.habitat.mosaic,Crepis.biennis,Apis.mellifera,1
CH,1,R2,Rural.habitat.mosaic,Crepis.biennis,Apis.mellifera,1
CH,1,R2,Rural.habitat.mosaic,Crepis.biennis,Apis.mellifera,1
CH,1,R2,Rural.habitat.mosaic,Knautia.arvensis,Apis.mellifera,1
CH,1,R2,Rural.habitat.mosaic,Crepis.biennis,Apis.mellifera,1
CH,1,R2,Rural.habitat.mosaic,Crepis.biennis,Apis.mellifera,1
CH,1,R2,Rural.habitat.mosaic,Trifolium.pratense,Bombus.lapidarius,1
CH,1,R2,Rural.habitat.mosaic,Vicia.sepium,Eucera.nigrescens,1
CH,1,R2,Rural.habitat.mosaic,Ranunculus.acris,Lasioglossum.pauperatum,1
CH,1,R2,Rural.habitat.mosaic,Trifolium.pratense,Lasioglossum.lativentre,1
CH,1,R2,Rural.habitat.mosaic,Ranunculus.acris,wildbee,1
CH,1,R2,Rural.habitat.mosaic,Knautia.arvensis,Apis.mellifera,1
CH,1,R2,Rural.habitat.mosaic,Trifolium.pratense,Apis.mellifera,1
CH,1,R2,Rural.habitat.mosaic,Vicia.sepium,Bombus.sp,1
CH,1,R2,Rural.habitat.mosaic,Ranunculus.acris,wildbee,1
CH,1,R2,Rural.habitat.mosaic,Knautia.arvensis,Apis.mellifera,1
CH,1,R2,Rural.habitat.mosaic,Knautia.arvensis,Apis.mellifera,1
CH,1,R2,Rural.habitat.mosaic,Knautia.arvensis,Apis.mellifera,1
CH,1,R2,Rural.habitat.mosaic,Trifolium.pratense,Apis.mellifera,1
CH,1,R2,Rural.habitat.mosaic,Ranunculus.acris,wildbee,1
CH,1,R2,Rural.habitat.mosaic,Trifolium.pratense,Eucera.nigrescens,1
CH,1,R2,Rural.habitat.mosaic,Vicia.sepium,Eucera.sp,1
CH,1,R2,Rural.habitat.mosaic,Trifolium.pratense,Bombus.sp,1
CH,1,R2,Rural.habitat.mosaic,Knautia.arvensis,Apis.mellifera,1
CH,1,R2,Rural.habitat.mosaic,Brassica.napus,Andrena.sp,1
CH,1,R2,Rural.habitat.mosaic,Sinapis.arvensis,Lasioglossum.laticeps,1
CH,1,R2,Rural.habitat.mosaic,Brassica.napus,Apis.mellifera,1
CH,1,R2,Rural.habitat.mosaic,Brassica.napus,Apis.mellifera,1
CH,1,R2,Rural.habitat.mosaic,Brassica.napus,Apis.mellifera,1
CH,1,R2,Rural.habitat.mosaic,Brassica.napus,Apis.mellifera,1
CH,1,R2,Rural.habitat.mosaic,Brassica.napus,Apis.mellifera,1
CH,1,R2,Rural.habitat.mosaic,Brassica.napus,Apis.mellifera,1
CH,1,R2,Rural.habitat.mosaic,Brassica.napus,Apis.mellifera,1
CH,1,R2,Rural.habitat.mosaic,Brassica.napus,Apis.mellifera,1
CH,1,R2,Rural.habitat.mosaic,Brassica.napus,Apis.mellifera,1
CH,1,R2,Rural.habitat.mosaic,Brassica.napus,Apis.mellifera,1
CH,1,R2,Rural.habitat.mosaic,Brassica.napus,Apis.mellifera,1
CH,1,R2,Rural.habitat.mosaic,Brassica.napus,Apis.mellifera,1
CH,1,R2,Rural.habitat.mosaic,Brassica.napus,Apis.mellifera,1
CH,1,R2,Rural.habitat.mosaic,Brassica.napus,Apis.mellifera,1
CH,1,R2,Rural.habitat.mosaic,Brassica.napus,Apis.mellifera,1
CH,1,R2,Rural.habitat.mosaic,Brassica.napus,Apis.mellifera,1
CH,1,R2,Rural.habitat.mosaic,Brassica.napus,Apis.mellifera,1
CH,1,R2,Rural.habitat.mosaic,Brassica.napus,Apis.mellifera,1
CH,1,R2,Rural.habitat.mosaic,Brassica.napus,Apis.mellifera,1
CH,1,R2,Rural.habitat.mosaic,Brassica.napus,Apis.mellifera,1
CH,1,R2,Rural.habitat.mosaic,Brassica.napus,Apis.mellifera,1
CH,1,R2,Rural.habitat.mosaic,Brassica.napus,Apis.mellifera,1
CH,1,R2,Rural.habitat.mosaic,Brassica.napus,Apis.mellifera,1
CH,1,R2,Rural.habitat.mosaic,,Lasioglossum.malachurum,0
CH,1,R3,Rural.habitat.mosaic,,Lasioglossum.malachurum,0
CH,1,R3,Rural.habitat.mosaic,,Lasioglossum.malachurum,0
CH,1,R3,Rural.habitat.mosaic,Ranunculus.acris,Lasioglossum.pauxillum,1
CH,1,R3,Rural.habitat.mosaic,Cerastium.fontanum,Lasioglossum.pauxillum,1
CH,1,R3,Rural.habitat.mosaic,Ranunculus.acris,Chelostoma.florisomne,1
CH,1,R3,Rural.habitat.mosaic,Ranunculus.acris,Chelostoma.florisomne,1
CH,1,R3,Rural.habitat.mosaic,Ranunculus.acris,Melanostoma.mellinum,1
CH,1,R3,Rural.habitat.mosaic,Ajuga.reptans,Bombus.pascuorum,1
CH,1,R3,Rural.habitat.mosaic,Ajuga.reptans,Bombus.sylvarum,1
CH,1,R3,Rural.habitat.mosaic,Ajuga.reptans,Bombus.pascuorum,1
CH,1,R3,Rural.habitat.mosaic,Glechoma.hederacea,Apis.mellifera,1
CH,1,R3,Rural.habitat.mosaic,Taraxacum.officinale,Apis.mellifera,1
CH,1,R3,Rural.habitat.mosaic,Ajuga.reptans,Bombus.sp,1
CH,1,R3,Rural.habitat.mosaic,Knautia.arvensis,Halictus.scabiosae,1
CH,1,R3,Rural.habitat.mosaic,Ranunculus.bulbosus,wildbee,1
CH,1,R3,Rural.habitat.mosaic,Ranunculus.bulbosus,Lasioglossum.glabriusculum,1
CH,1,R3,Rural.habitat.mosaic,Potentilla.verna,Lasioglossum.politum,1
CH,1,R3,Rural.habitat.mosaic,Ranunculus.bulbosus,Lasioglossum.malachurum,1
CH,1,R3,Rural.habitat.mosaic,Ranunculus.bulbosus,Lasioglossum.politum,1
CH,1,R3,Rural.habitat.mosaic,Ranunculus.bulbosus,Melanostoma.mellinum,1
CH,1,R3,Rural.habitat.mosaic,Ranunculus.bulbosus,Melanostoma.mellinum,1
CH,1,R3,Rural.habitat.mosaic,Ranunculus.bulbosus,Melanostoma.mellinum,1
CH,1,R3,Rural.habitat.mosaic,Ranunculus.bulbosus,Melanostoma.mellinum,1
CH,1,R3,Rural.habitat.mosaic,Ranunculus.bulbosus,Melanostoma.mellinum,1
CH,1,R3,Rural.habitat.mosaic,Potentilla.verna,wildbee,1
CH,1,R3,Rural.habitat.mosaic,Ranunculus.bulbosus,wildbee,1
CH,1,R3,Rural.habitat.mosaic,Taraxacum.officinale,Melanostoma.mellinum,1
CH,1,R3,Rural.habitat.mosaic,Veronica.persica,Melanostoma.mellinum,1
CH,1,R3,Rural.habitat.mosaic,Lamium.purpureum,Melanostoma.mellinum,1
CH,1,R3,Rural.habitat.mosaic,,Lasioglossum.malachurum,0
CH,1,R3,Rural.habitat.mosaic,Veronica.persica,Syrphidae.sp,1
CH,1,R3,Rural.habitat.mosaic,Brassica.napus,Lasioglossum.malachurum,1
CH,1,R3,Rural.habitat.mosaic,Brassica.napus,Andrena.flavipes,1
CH,1,R3,Rural.habitat.mosaic,Brassica.napus,Andrena.sp,1
CH,1,R3,Rural.habitat.mosaic,Brassica.napus,Melanostoma.mellinum,1
CH,1,R3,Rural.habitat.mosaic,Brassica.napus,Apis.mellifera,1
CH,1,R3,Rural.habitat.mosaic,Brassica.napus,Apis.mellifera,1
CH,1,R3,Rural.habitat.mosaic,Brassica.napus,Apis.mellifera,1
CH,1,R3,Rural.habitat.mosaic,Brassica.napus,Apis.mellifera,1
CH,1,R3,Rural.habitat.mosaic,Brassica.napus,Apis.mellifera,1
CH,1,R3,Rural.habitat.mosaic,Brassica.napus,Apis.mellifera,1
CH,1,R3,Rural.habitat.mosaic,Brassica.napus,Apis.mellifera,1
CH,1,R3,Rural.habitat.mosaic,Brassica.napus,Apis.mellifera,1
CH,1,R3,Rural.habitat.mosaic,Brassica.napus,Apis.mellifera,1
CH,1,R3,Rural.habitat.mosaic,Brassica.napus,Apis.mellifera,1
CH,1,R3,Rural.habitat.mosaic,Brassica.napus,Apis.mellifera,1
CH,1,R3,Rural.habitat.mosaic,Brassica.napus,Apis.mellifera,1
CH,1,R3,Rural.habitat.mosaic,Brassica.napus,Apis.mellifera,1
CH,1,R3,Rural.habitat.mosaic,Brassica.napus,Bombus.sp,1
CH,1,R3,Rural.habitat.mosaic,Brassica.napus,Apis.mellifera,1
CH,1,R3,Rural.habitat.mosaic,Brassica.napus,Apis.mellifera,1
CH,1,R3,Rural.habitat.mosaic,Brassica.napus,Apis.mellifera,1
CH,1,R3,Rural.habitat.mosaic,Brassica.napus,wildbee,1
CH,1,R3,Rural.habitat.mosaic,Brassica.napus,Apis.mellifera,1
CH,1,R3,Rural.habitat.mosaic,Brassica.napus,Apis.mellifera,1
CH,1,R3,Rural.habitat.mosaic,Brassica.napus,Apis.mellifera,1
CH,1,R3,Rural.habitat.mosaic,Brassica.napus,Apis.mellifera,1
CH,1,R3,Rural.habitat.mosaic,Brassica.napus,Apis.mellifera,1
CH,1,R3,Rural.habitat.mosaic,Brassica.napus,Apis.mellifera,1
CH,1,R3,Rural.habitat.mosaic,Brassica.napus,Apis.mellifera,1
CH,1,R3,Rural.habitat.mosaic,Brassica.napus,Apis.mellifera,1
CH,1,R3,Rural.habitat.mosaic,Brassica.napus,Apis.mellifera,1
CH,1,R3,Rural.habitat.mosaic,Brassica.napus,Apis.mellifera,1
CH,1,R3,Rural.habitat.mosaic,Brassica.napus,Apis.mellifera,1
CH,1,R3,Rural.habitat.mosaic,Brassica.napus,Apis.mellifera,1
CH,1,R3,Rural.habitat.mosaic,Brassica.napus,wildbee,1
CH,1,R3,Rural.habitat.mosaic,Brassica.napus,Apis.mellifera,1
CH,1,R3,Rural.habitat.mosaic,Brassica.napus,Apis.mellifera,1
CH,1,R3,Rural.habitat.mosaic,Brassica.napus,Apis.mellifera,1
CH,1,R3,Rural.habitat.mosaic,Brassica.napus,Apis.mellifera,1
CH,1,R3,Rural.habitat.mosaic,Brassica.napus,Apis.mellifera,1
CH,1,R3,Rural.habitat.mosaic,Brassica.napus,Apis.mellifera,1
CH,1,R3,Rural.habitat.mosaic,Brassica.napus,Apis.mellifera,1
CH,1,R3,Rural.habitat.mosaic,Brassica.napus,Apis.mellifera,1
CH,1,R3,Rural.habitat.mosaic,Brassica.napus,Apis.mellifera,1
CH,1,R3,Rural.habitat.mosaic,Brassica.napus,Apis.mellifera,1
CH,1,R3,Rural.habitat.mosaic,Brassica.napus,Apis.mellifera,1
CH,1,R3,Rural.habitat.mosaic,Brassica.napus,wildbee,1
CH,1,R3,Rural.habitat.mosaic,Brassica.napus,wildbee,1
CH,1,R3,Rural.habitat.mosaic,Brassica.napus,Apis.mellifera,1
CH,1,R3,Rural.habitat.mosaic,Brassica.napus,Apis.mellifera,1
CH,1,R3,Rural.habitat.mosaic,Brassica.napus,Apis.mellifera,1
CH,1,R3,Rural.habitat.mosaic,Brassica.napus,Apis.mellifera,1
CH,1,R3,Rural.habitat.mosaic,Brassica.napus,Apis.mellifera,1
CH,1,R3,Rural.habitat.mosaic,Brassica.napus,Apis.mellifera,1
CH,1,R3,Rural.habitat.mosaic,Brassica.napus,Apis.mellifera,1
CH,1,R3,Rural.habitat.mosaic,Brassica.napus,Apis.mellifera,1
CH,1,R3,Rural.habitat.mosaic,Brassica.napus,Apis.mellifera,1
CH,1,R3,Rural.habitat.mosaic,Brassica.napus,Apis.mellifera,1
CH,1,R3,Rural.habitat.mosaic,Brassica.napus,wildbee,1
CH,1,R3,Rural.habitat.mosaic,Brassica.napus,wildbee,1
CH,1,R3,Rural.habitat.mosaic,Brassica.napus,Apis.mellifera,1
CH,1,R3,Rural.habitat.mosaic,Brassica.napus,Apis.mellifera,1
CH,1,R3,Rural.habitat.mosaic,Brassica.napus,Apis.mellifera,1
CH,1,R3,Rural.habitat.mosaic,Brassica.napus,Apis.mellifera,1
CH,1,R3,Rural.habitat.mosaic,Brassica.napus,Apis.mellifera,1
CH,1,R3,Rural.habitat.mosaic,Brassica.napus,Apis.mellifera,1
CH,1,R3,Rural.habitat.mosaic,Brassica.napus,Apis.mellifera,1
CH,1,R3,Rural.habitat.mosaic,Brassica.napus,Apis.mellifera,1
CH,1,R3,Rural.habitat.mosaic,Brassica.napus,Apis.mellifera,1
CH,1,R3,Rural.habitat.mosaic,Brassica.napus,Apis.mellifera,1
CH,1,R3,Rural.habitat.mosaic,Brassica.napus,Apis.mellifera,1
CH,1,R3,Rural.habitat.mosaic,Brassica.napus,wildbee,1
CH,1,R3,Rural.habitat.mosaic,Brassica.napus,Apis.mellifera,1
CH,1,R3,Rural.habitat.mosaic,Brassica.napus,Apis.mellifera,1
CH,1,R3,Rural.habitat.mosaic,Brassica.napus,Apis.mellifera,1
CH,1,R3,Rural.habitat.mosaic,Brassica.napus,Apis.mellifera,1
CH,1,R3,Rural.habitat.mosaic,Brassica.napus,Apis.mellifera,1
CH,1,R3,Rural.habitat.mosaic,Brassica.napus,Apis.mellifera,1
CH,1,R3,Rural.habitat.mosaic,Brassica.napus,Apis.mellifera,1
CH,1,R3,Rural.habitat.mosaic,Brassica.napus,Apis.mellifera,1
CH,1,R3,Rural.habitat.mosaic,Brassica.napus,Apis.mellifera,1
CH,1,R3,Rural.habitat.mosaic,Brassica.napus,Apis.mellifera,1
CH,1,R3,Rural.habitat.mosaic,Brassica.napus,Apis.mellifera,1
CH,1,R3,Rural.habitat.mosaic,Brassica.napus,Apis.mellifera,1
CH,1,R3,Rural.habitat.mosaic,Brassica.napus,wildbee,1
CH,1,R3,Rural.habitat.mosaic,Brassica.napus,Apis.mellifera,1
CH,1,R3,Rural.habitat.mosaic,Brassica.napus,Apis.mellifera,1
CH,1,R3,Rural.habitat.mosaic,Brassica.napus,Apis.mellifera,1
CH,1,R3,Rural.habitat.mosaic,Brassica.napus,Apis.mellifera,1
CH,1,R3,Rural.habitat.mosaic,Brassica.napus,Apis.mellifera,1
CH,1,R3,Rural.habitat.mosaic,Brassica.napus,Apis.mellifera,1
CH,1,R3,Rural.habitat.mosaic,Brassica.napus,Apis.mellifera,1
CH,1,R3,Rural.habitat.mosaic,Brassica.napus,Apis.mellifera,1
CH,1,R3,Rural.habitat.mosaic,Brassica.napus,Apis.mellifera,1
CH,1,R3,Rural.habitat.mosaic,Brassica.napus,Apis.mellifera,1
CH,1,R3,Rural.habitat.mosaic,Brassica.napus,Apis.mellifera,1
CH,1,R3,Rural.habitat.mosaic,Brassica.napus,Apis.mellifera,1
CH,1,R3,Rural.habitat.mosaic,Brassica.napus,Apis.mellifera,1
CH,1,R3,Rural.habitat.mosaic,Brassica.napus,Apis.mellifera,1
CH,1,R3,Rural.habitat.mosaic,Brassica.napus,Apis.mellifera,1
CH,1,R3,Rural.habitat.mosaic,Brassica.napus,Apis.mellifera,1
CH,1,R3,Rural.habitat.mosaic,Brassica.napus,Apis.mellifera,1
CH,1,R3,Rural.habitat.mosaic,Brassica.napus,Apis.mellifera,1
CH,1,R3,Rural.habitat.mosaic,Prunus.avium,Apis.mellifera,1
CH,1,R3,Rural.habitat.mosaic,Prunus.avium,Apis.mellifera,1
CH,1,R3,Rural.habitat.mosaic,Prunus.avium,Apis.mellifera,1
CH,1,R3,Rural.habitat.mosaic,Prunus.avium,Apis.mellifera,1
CH,1,R3,Rural.habitat.mosaic,Prunus.avium,Apis.mellifera,1
CH,1,R3,Rural.habitat.mosaic,Prunus.avium,Apis.mellifera,1
CH,1,R3,Rural.habitat.mosaic,Taraxacum.officinale,Nomada.flavoguttata,1
CH,1,R3,Rural.habitat.mosaic,Taraxacum.officinale,Melanostoma.mellinum,1
CH,1,R3,Rural.habitat.mosaic,Lamium.galeobdolon,Bombus.pascuorum,1
CH,1,R3,Rural.habitat.mosaic,Taraxacum.officinale,Apis.mellifera,1
CH,1,R3,Rural.habitat.mosaic,Taraxacum.officinale,Apis.mellifera,1
CH,1,R3,Rural.habitat.mosaic,Taraxacum.officinale,Apis.mellifera,1
CH,1,R3,Rural.habitat.mosaic,Taraxacum.officinale,Apis.mellifera,1
CH,1,R3,Rural.habitat.mosaic,Taraxacum.officinale,Apis.mellifera,1
CH,1,R3,Rural.habitat.mosaic,Taraxacum.officinale,Apis.mellifera,1
CH,1,R3,Rural.habitat.mosaic,Taraxacum.officinale,Apis.mellifera,1
CH,1,R4,Rural.habitat.mosaic,Rubus.caesius,Apis.mellifera,1
CH,1,R4,Rural.habitat.mosaic,Rubus.caesius,Apis.mellifera,1
CH,1,R4,Rural.habitat.mosaic,Rubus.caesius,Apis.mellifera,1
CH,1,R4,Rural.habitat.mosaic,Rubus.caesius,Apis.mellifera,1
CH,1,R4,Rural.habitat.mosaic,Rubus.caesius,Apis.mellifera,1
CH,1,R4,Rural.habitat.mosaic,Rubus.caesius,Apis.mellifera,1
CH,1,R4,Rural.habitat.mosaic,Rubus.caesius,Apis.mellifera,1
CH,1,R4,Rural.habitat.mosaic,Rubus.caesius,Apis.mellifera,1
CH,1,R4,Rural.habitat.mosaic,Rubus.caesius,Apis.mellifera,1
CH,1,R4,Rural.habitat.mosaic,Rubus.caesius,Apis.mellifera,1
CH,1,R4,Rural.habitat.mosaic,Rubus.caesius,Apis.mellifera,1
CH,1,R4,Rural.habitat.mosaic,Rubus.caesius,Apis.mellifera,1
CH,1,R4,Rural.habitat.mosaic,Rubus.caesius,Apis.mellifera,1
CH,1,R4,Rural.habitat.mosaic,Rubus.caesius,Apis.mellifera,1
CH,1,R4,Rural.habitat.mosaic,Rubus.caesius,Apis.mellifera,1
CH,1,R4,Rural.habitat.mosaic,Rubus.caesius,Apis.mellifera,1
CH,1,R4,Rural.habitat.mosaic,Rubus.caesius,Apis.mellifera,1
CH,1,R4,Rural.habitat.mosaic,Rubus.caesius,Apis.mellifera,1
CH,1,R4,Rural.habitat.mosaic,Rubus.caesius,Apis.mellifera,1
CH,1,R4,Rural.habitat.mosaic,Veronica.montana,Andrena.haemorrhoa,1
CH,1,R4,Rural.habitat.mosaic,Lamium.galeobdolon,Bombus.pascuorum,1
CH,1,R4,Rural.habitat.mosaic,Glechoma.hederacea,Rhingia.campestris,1
CH,1,R4,Rural.habitat.mosaic,,Lasioglossum.malachurum,0
CH,1,R4,Rural.habitat.mosaic,Ajuga.reptans,wildbee,1
CH,1,R4,Rural.habitat.mosaic,Ranunculus.acris,Melanostoma.sp,1
CH,1,R4,Rural.habitat.mosaic,Rhinanthus.alectorolophus,Bombus.pascuorum,1
CH,1,R4,Rural.habitat.mosaic,Rhinanthus.alectorolophus,Bombus.hortorum,1
CH,1,R4,Rural.habitat.mosaic,Rhinanthus.alectorolophus,Bombus.sp,1
CH,1,R4,Rural.habitat.mosaic,Rhinanthus.alectorolophus,Bombus.hortorum,1
CH,1,R4,Rural.habitat.mosaic,Rhinanthus.alectorolophus,Bombus.terrestris,1
CH,1,R4,Rural.habitat.mosaic,Ranunculus.acris,Sphaerophoria.scripta,1
CH,1,R4,Rural.habitat.mosaic,Ranunculus.acris,Chelostoma.florisomne,1
CH,1,R4,Rural.habitat.mosaic,Ranunculus.acris,Sphaerophoria.philanthus,1
CH,1,R4,Rural.habitat.mosaic,Taraxacum.officinale,Apis.mellifera,1
CH,1,R4,Rural.habitat.mosaic,Taraxacum.officinale,Apis.mellifera,1
CH,1,R4,Rural.habitat.mosaic,Taraxacum.officinale,Apis.mellifera,1
CH,1,R4,Rural.habitat.mosaic,Rhinanthus.alectorolophus,Apis.mellifera,1
CH,1,R4,Rural.habitat.mosaic,Trifolium.pratense,Apis.mellifera,1
CH,1,R4,Rural.habitat.mosaic,Taraxacum.officinale,Andrena.haemorrhoa,1
CH,1,R4,Rural.habitat.mosaic,Taraxacum.officinale,Andrena.haemorrhoa,1
CH,1,R4,Rural.habitat.mosaic,Taraxacum.officinale,Andrena.haemorrhoa,1
CH,1,R4,Rural.habitat.mosaic,Taraxacum.officinale,Colletes.cunicularius,1
CH,1,R4,Rural.habitat.mosaic,Taraxacum.officinale,Nomada.fabriciana,1
CH,1,R4,Rural.habitat.mosaic,Taraxacum.officinale,Rhingia.campestris,1
CH,1,R4,Rural.habitat.mosaic,Taraxacum.officinale,Melanostoma.mellinum,1
CH,1,R4,Rural.habitat.mosaic,Taraxacum.officinale,Melanostoma.dubium,1
CH,1,R4,Rural.habitat.mosaic,Taraxacum.officinale,Melanostoma.mellinum,1
CH,1,R4,Rural.habitat.mosaic,Taraxacum.officinale,Melanostoma.mellinum,1
CH,1,R4,Rural.habitat.mosaic,Taraxacum.officinale,Melanostoma.sp,1
CH,1,R4,Rural.habitat.mosaic,Taraxacum.officinale,Apis.mellifera,1
CH,1,R4,Rural.habitat.mosaic,Taraxacum.officinale,Apis.mellifera,1
CH,1,R4,Rural.habitat.mosaic,Taraxacum.officinale,Apis.mellifera,1
CH,1,R4,Rural.habitat.mosaic,Taraxacum.officinale,Apis.mellifera,1
CH,1,R4,Rural.habitat.mosaic,Taraxacum.officinale,Apis.mellifera,1
CH,1,R4,Rural.habitat.mosaic,,Lasioglossum.malachurum,0
CH,1,R4,Rural.habitat.mosaic,Ajuga.reptans,Rhingia.campestris,1
CH,1,R4,Rural.habitat.mosaic,Ajuga.reptans,Rhingia.campestris,1
CH,1,R4,Rural.habitat.mosaic,Ranunculus.acris,Melanostoma.mellinum,1
CH,1,R4,Rural.habitat.mosaic,,Lasioglossum.malachurum,0
CH,1,R4,Rural.habitat.mosaic,Ranunculus.acris,Syrphidae.sp,1
CH,1,R4,Rural.habitat.mosaic,Euphorbia.cyparissias,Halictus.tumulorum,1
CH,1,R4,Rural.habitat.mosaic,Ajuga.reptans,Rhingia.campestris,1
CH,1,R4,Rural.habitat.mosaic,Euphorbia.cyparissias,Melanostoma.sp,1
CH,1,R4,Rural.habitat.mosaic,Euphorbia.cyparissias,Melanostoma.mellinum,1
CH,1,R4,Rural.habitat.mosaic,Viburnum.lantana,Apis.mellifera,1
CH,2,A1,Intensive.agriculture,Cornus.sanguinea,Apis.mellifera,1
CH,2,A1,Intensive.agriculture,Cornus.sanguinea,Apis.mellifera,1
CH,2,A1,Intensive.agriculture,Cornus.sanguinea,Apis.mellifera,1
CH,2,A1,Intensive.agriculture,Cornus.sanguinea,Apis.mellifera,1
CH,2,A1,Intensive.agriculture,Cornus.sanguinea,Apis.mellifera,1
CH,2,A1,Intensive.agriculture,Cornus.sanguinea,Apis.mellifera,1
CH,2,A1,Intensive.agriculture,Cornus.sanguinea,Apis.mellifera,1
CH,2,A1,Intensive.agriculture,Rosa.canina.aggr,Apis.mellifera,1
CH,2,A1,Intensive.agriculture,Rosa.canina.aggr,Apis.mellifera,1
CH,2,A1,Intensive.agriculture,Rosa.canina.aggr,Apis.mellifera,1
CH,2,A1,Intensive.agriculture,Trifolium.pratense,Bombus.hortorum,1
CH,2,A1,Intensive.agriculture,Bellis.perennis,Sphaerophoria.sp,1
CH,2,A1,Intensive.agriculture,Trifolium.pratense,Bombus.hortorum,1
CH,2,A1,Intensive.agriculture,Trifolium.pratense,Bombus.hortorum,1
CH,2,A1,Intensive.agriculture,Trifolium.pratense,Bombus.ruderatus,1
CH,2,A1,Intensive.agriculture,Trifolium.pratense,Bombus.hortorum,1
CH,2,A1,Intensive.agriculture,Galium.mollugo.aggr,Episyrphus.balteatus,1
CH,2,A1,Intensive.agriculture,Trifolium.pratense,Bombus.sylvarum,1
CH,2,A1,Intensive.agriculture,Trifolium.pratense,Bombus.sylvarum,1
CH,2,A1,Intensive.agriculture,Trifolium.pratense,Bombus.sylvarum,1
CH,2,A1,Intensive.agriculture,Trifolium.pratense,Bombus.ruderatus,1
CH,2,A1,Intensive.agriculture,Knautia.arvensis,Apis.mellifera,1
CH,2,A1,Intensive.agriculture,Salvia.pratensis,Apis.mellifera,1
CH,2,A1,Intensive.agriculture,Knautia.arvensis,Apis.mellifera,1
CH,2,A1,Intensive.agriculture,Knautia.arvensis,Apis.mellifera,1
CH,2,A1,Intensive.agriculture,Knautia.arvensis,Apis.mellifera,1
CH,2,A1,Intensive.agriculture,Knautia.arvensis,Apis.mellifera,1
CH,2,A1,Intensive.agriculture,Lotus.corniculatus,Apis.mellifera,1
CH,2,A1,Intensive.agriculture,Knautia.arvensis,Apis.mellifera,1
CH,2,A1,Intensive.agriculture,Knautia.arvensis,Apis.mellifera,1
CH,2,A1,Intensive.agriculture,Trifolium.pratense,Bombus.sp,1
CH,2,A1,Intensive.agriculture,Knautia.arvensis,Apis.mellifera,1
CH,2,A1,Intensive.agriculture,Knautia.arvensis,Apis.mellifera,1
CH,2,A1,Intensive.agriculture,Knautia.arvensis,Apis.mellifera,1
CH,2,A1,Intensive.agriculture,Knautia.arvensis,Apis.mellifera,1
CH,2,A1,Intensive.agriculture,Knautia.arvensis,Apis.mellifera,1
CH,2,A1,Intensive.agriculture,Knautia.arvensis,Apis.mellifera,1
CH,2,A1,Intensive.agriculture,Knautia.arvensis,Apis.mellifera,1
CH,2,A1,Intensive.agriculture,Knautia.arvensis,Apis.mellifera,1
CH,2,A1,Intensive.agriculture,Knautia.arvensis,Apis.mellifera,1
CH,2,A1,Intensive.agriculture,Knautia.arvensis,Apis.mellifera,1
CH,2,A1,Intensive.agriculture,Galium.mollugo.aggr,Apis.mellifera,1
CH,2,A1,Intensive.agriculture,Trifolium.pratense,Apis.mellifera,1
CH,2,A1,Intensive.agriculture,Knautia.arvensis,Apis.mellifera,1
CH,2,A1,Intensive.agriculture,Knautia.arvensis,Apis.mellifera,1
CH,2,A1,Intensive.agriculture,Knautia.arvensis,Apis.mellifera,1
CH,2,A1,Intensive.agriculture,Knautia.arvensis,Apis.mellifera,1
CH,2,A1,Intensive.agriculture,Salvia.pratensis,Apis.mellifera,1
CH,2,A1,Intensive.agriculture,Knautia.arvensis,Apis.mellifera,1
CH,2,A1,Intensive.agriculture,Knautia.arvensis,Apis.mellifera,1
CH,2,A1,Intensive.agriculture,Ranunculus.repens,Melanostoma.mellinum,1
CH,2,A1,Intensive.agriculture,Ranunculus.repens,Episyrphus.balteatus,1
CH,2,A1,Intensive.agriculture,Ranunculus.repens,Syrphidae.sp,1
CH,2,A1,Intensive.agriculture,,Lasioglossum.malachurum,0
CH,2,A1,Intensive.agriculture,Trifolium.pratense,Bombus.lapidarius,1
CH,2,A1,Intensive.agriculture,Ranunculus.acris,Halictus.eurygnathus,1
CH,2,A1,Intensive.agriculture,Trifolium.pratense,Bombus.sylvarum,1
CH,2,A1,Intensive.agriculture,Crepis.biennis,Andrena.humilis,1
CH,2,A1,Intensive.agriculture,Ranunculus.acris,Cheilosia.albitarsis,1
CH,2,A1,Intensive.agriculture,Trifolium.pratense,Bombus.sylvarum,1
CH,2,A1,Intensive.agriculture,Crepis.biennis,Lasioglossum.pauxillum,1
CH,2,A1,Intensive.agriculture,Vicia.sepium,Eucera.nigrescens,1
CH,2,A1,Intensive.agriculture,Trifolium.pratense,Andrena.ovatula,1
CH,2,A1,Intensive.agriculture,Vicia.sepium,Eucera.nigrescens,1
CH,2,A1,Intensive.agriculture,Vicia.sepium,Bombus.hortorum,1
CH,2,A1,Intensive.agriculture,Vicia.sepium,Bombus.lapidarius,1
CH,2,A1,Intensive.agriculture,Ranunculus.acris,Sphaerophoria.interrupta,1
CH,2,A1,Intensive.agriculture,Ranunculus.acris,Cheilosia.albitarsis,1
CH,2,A1,Intensive.agriculture,Vicia.sepium,Eucera.nigrescens,1
CH,2,A1,Intensive.agriculture,Trifolium.pratense,Bombus.hortorum,1
CH,2,A1,Intensive.agriculture,Vicia.sepium,Bombus.ruderatus,1
CH,2,A1,Intensive.agriculture,Lotus.corniculatus,Bombus.lapidarius,1
CH,2,A1,Intensive.agriculture,Trifolium.pratense,Bombus.ruderatus,1
CH,2,A1,Intensive.agriculture,Trifolium.pratense,Bombus.ruderatus,1
CH,2,A1,Intensive.agriculture,Lotus.corniculatus,Andrena.ovatula,1
CH,2,A1,Intensive.agriculture,Galium.mollugo.aggr,Syrphidae.sp,1
CH,2,A1,Intensive.agriculture,Crepis.biennis,wildbee,1
CH,2,A1,Intensive.agriculture,Crepis.biennis,Apis.mellifera,1
CH,2,A1,Intensive.agriculture,Crepis.biennis,Apis.mellifera,1
CH,2,A1,Intensive.agriculture,Crepis.biennis,Apis.mellifera,1
CH,2,A1,Intensive.agriculture,Crepis.biennis,Apis.mellifera,1
CH,2,A1,Intensive.agriculture,Crepis.biennis,wildbee,1
CH,2,A1,Intensive.agriculture,Tragopogon.pratensis,wildbee,1
CH,2,A1,Intensive.agriculture,Knautia.arvensis,Apis.mellifera,1
CH,2,A1,Intensive.agriculture,Knautia.arvensis,Apis.mellifera,1
CH,2,A1,Intensive.agriculture,Knautia.arvensis,Apis.mellifera,1
CH,2,A1,Intensive.agriculture,Ranunculus.acris,Syrphidae.sp,1
CH,2,A1,Intensive.agriculture,Crepis.biennis,Apis.mellifera,1
CH,2,A1,Intensive.agriculture,Trifolium.pratense,Bombus.sylvarum,1
CH,2,A1,Intensive.agriculture,Trifolium.pratense,Bombus.ruderatus,1
CH,2,A1,Intensive.agriculture,Crepis.biennis,wildbee,1
CH,2,A1,Intensive.agriculture,Trifolium.pratense,Bombus.hortorum,1
CH,2,A1,Intensive.agriculture,Trifolium.pratense,Bombus.ruderarius,1
CH,2,A1,Intensive.agriculture,Leucanthemum.vulgare,Lasioglossum.pauxillum,1
CH,2,A1,Intensive.agriculture,Trifolium.pratense,Eucera.nigrescens,1
CH,2,A1,Intensive.agriculture,Vicia.sepium,Bombus.sylvarum,1
CH,2,A1,Intensive.agriculture,Leucanthemum.vulgare,Lasioglossum.pauxillum,1
CH,2,A1,Intensive.agriculture,Knautia.arvensis,Apis.mellifera,1
CH,2,A1,Intensive.agriculture,Knautia.arvensis,Apis.mellifera,1
CH,2,A1,Intensive.agriculture,Crepis.biennis,Apis.mellifera,1
CH,2,A1,Intensive.agriculture,Crepis.biennis,Apis.mellifera,1
CH,2,A1,Intensive.agriculture,Crepis.biennis,Apis.mellifera,1
CH,2,A1,Intensive.agriculture,Crepis.biennis,wildbee,1
CH,2,A1,Intensive.agriculture,Vicia.sepium,wildbee,1
CH,2,A1,Intensive.agriculture,Crepis.biennis,Apis.mellifera,1
CH,2,A1,Intensive.agriculture,Crepis.biennis,Apis.mellifera,1
CH,2,A1,Intensive.agriculture,Knautia.arvensis,Apis.mellifera,1
CH,2,A1,Intensive.agriculture,Knautia.arvensis,Apis.mellifera,1
CH,2,A1,Intensive.agriculture,Knautia.arvensis,Apis.mellifera,1
CH,2,A1,Intensive.agriculture,Knautia.arvensis,Apis.mellifera,1
CH,2,A1,Intensive.agriculture,Knautia.arvensis,Apis.mellifera,1
CH,2,A1,Intensive.agriculture,Crepis.biennis,Apis.mellifera,1
CH,2,A1,Intensive.agriculture,Crepis.biennis,Apis.mellifera,1
CH,2,A1,Intensive.agriculture,Crepis.biennis,Apis.mellifera,1
CH,2,A1,Intensive.agriculture,Crepis.biennis,Apis.mellifera,1
CH,2,A1,Intensive.agriculture,Crepis.biennis,Apis.mellifera,1
CH,2,A1,Intensive.agriculture,Crepis.biennis,Apis.mellifera,1
CH,2,A1,Intensive.agriculture,Crepis.biennis,Apis.mellifera,1
CH,2,A1,Intensive.agriculture,Crepis.biennis,Apis.mellifera,1
CH,2,A1,Intensive.agriculture,Trifolium.pratense,Apis.mellifera,1
CH,2,A1,Intensive.agriculture,Trifolium.pratense,Apis.mellifera,1
CH,2,A1,Intensive.agriculture,Knautia.arvensis,Apis.mellifera,1
CH,2,A1,Intensive.agriculture,Knautia.arvensis,Apis.mellifera,1
CH,2,A1,Intensive.agriculture,Knautia.arvensis,Apis.mellifera,1
CH,2,A1,Intensive.agriculture,Knautia.arvensis,Apis.mellifera,1
CH,2,A1,Intensive.agriculture,Knautia.arvensis,Apis.mellifera,1
CH,2,A1,Intensive.agriculture,Crepis.biennis,Apis.mellifera,1
CH,2,A1,Intensive.agriculture,Trifolium.pratense,Apis.mellifera,1
CH,2,A1,Intensive.agriculture,Knautia.arvensis,Apis.mellifera,1
CH,2,A1,Intensive.agriculture,Knautia.arvensis,Apis.mellifera,1
CH,2,A1,Intensive.agriculture,Knautia.arvensis,Apis.mellifera,1
CH,2,A1,Intensive.agriculture,Knautia.arvensis,Apis.mellifera,1
CH,2,A1,Intensive.agriculture,Knautia.arvensis,Apis.mellifera,1
CH,2,A1,Intensive.agriculture,Knautia.arvensis,Apis.mellifera,1
CH,2,A1,Intensive.agriculture,Knautia.arvensis,Apis.mellifera,1
CH,2,A1,Intensive.agriculture,Knautia.arvensis,Apis.mellifera,1
CH,2,A1,Intensive.agriculture,Knautia.arvensis,Apis.mellifera,1
CH,2,A2,Intensive.agriculture,Stachys.sylvatica,Bombus.hortorum,1
CH,2,A2,Intensive.agriculture,Sambucus.nigra,Eupeodes.lapponicus,1
CH,2,A2,Intensive.agriculture,Prunella.vulgaris,Bombus.humilis,1
CH,2,A2,Intensive.agriculture,Prunella.vulgaris,Bombus.subterraneus,1
CH,2,A2,Intensive.agriculture,Picris.hieracioides,Lasioglossum.villosulum,1
CH,2,A2,Intensive.agriculture,Lathyrus.pratensis,Bombus.pascuorum,1
CH,2,A2,Intensive.agriculture,Medicago.lupulina,Andrena.ovatula,1
CH,2,A2,Intensive.agriculture,Prunella.vulgaris,Bombus.subterraneus,1
CH,2,A2,Intensive.agriculture,Lathyrus.pratensis,Bombus.pascuorum,1
CH,2,A2,Intensive.agriculture,Salvia.pratensis,Bombus.hortorum,1
CH,2,A2,Intensive.agriculture,Centaurea.jacea,Lasioglossum.malachurum,1
CH,2,A2,Intensive.agriculture,Vicia.sepium,Bombus.hortorum,1
CH,2,A2,Intensive.agriculture,Onobrychis.viciifolia,Bombus.ruderatus,1
CH,2,A2,Intensive.agriculture,Onobrychis.viciifolia,Megachile.willughbiella,1
CH,2,A2,Intensive.agriculture,Centaurea.jacea,Syrphus.ribesii,1
CH,2,A2,Intensive.agriculture,Knautia.arvensis,Halictus.langobardicus,1
CH,2,A2,Intensive.agriculture,Prunella.vulgaris,Bombus.subterraneus,1
CH,2,A2,Intensive.agriculture,Centaurea.jacea,Bombus.ruderatus,1
CH,2,A2,Intensive.agriculture,Centaurea.scabiosa,Bombus.lapidarius,1
CH,2,A2,Intensive.agriculture,Centaurea.jacea,Sphaerophoria.philanthus,1
CH,2,A2,Intensive.agriculture,Centaurea.scabiosa,Bombus.terrestris,1
CH,2,A2,Intensive.agriculture,Centaurea.jacea,Bombus.lucorum,1
CH,2,A2,Intensive.agriculture,Centaurea.scabiosa,Bombus.lapidarius,1
CH,2,A2,Intensive.agriculture,Prunella.vulgaris,Bombus.hortorum,1
CH,2,A2,Intensive.agriculture,Prunella.vulgaris,Bombus.sylvarum,1
CH,2,A2,Intensive.agriculture,Trifolium.repens,Andrena.ovatula,1
CH,2,A2,Intensive.agriculture,Trifolium.repens,Bombus.terrestris,1
CH,2,A2,Intensive.agriculture,Centaurea.scabiosa,Syrphus.ribesii,1
CH,2,A2,Intensive.agriculture,Trifolium.pratense,Andrena.ovatula,1
CH,2,A2,Intensive.agriculture,Crepis.biennis,Lasioglossum.villosulum,1
CH,2,A2,Intensive.agriculture,Trifolium.repens,Bombus.lapidarius,1
CH,2,A2,Intensive.agriculture,Centaurea.jacea,Bombus.sylvarum,1
CH,2,A2,Intensive.agriculture,Prunella.vulgaris,Bombus.hortorum,1
CH,2,A2,Intensive.agriculture,Centaurea.scabiosa,Bombus.ruderatus,1
CH,2,A2,Intensive.agriculture,Prunella.vulgaris,Bombus.hortorum,1
CH,2,A2,Intensive.agriculture,Trifolium.pratense,Bombus.ruderatus,1
CH,2,A2,Intensive.agriculture,Lathyrus.pratensis,Bombus.pascuorum,1
CH,2,A2,Intensive.agriculture,Centaurea.jacea,Lasioglossum.leucozonium,1
CH,2,A2,Intensive.agriculture,Centaurea.scabiosa,Bombus.subterraneus,1
CH,2,A2,Intensive.agriculture,Centaurea.scabiosa,Bombus.subterraneus,1
CH,2,A2,Intensive.agriculture,Prunella.vulgaris,Bombus.subterraneus,1
CH,2,A2,Intensive.agriculture,Prunella.vulgaris,Bombus.hortorum,1
CH,2,A2,Intensive.agriculture,Trifolium.repens,Bombus.lapidarius,1
CH,2,A2,Intensive.agriculture,Centaurea.scabiosa,Bombus.subterraneus,1
CH,2,A2,Intensive.agriculture,Centaurea.scabiosa,Bombus.lapidarius,1
CH,2,A2,Intensive.agriculture,Prunella.vulgaris,Bombus.pascuorum,1
CH,2,A2,Intensive.agriculture,Leucanthemum.vulgare,Cheilosia.ruficollis,1
CH,2,A2,Intensive.agriculture,Centaurea.scabiosa,Bombus.lapidarius,1
CH,2,A2,Intensive.agriculture,Crepis.biennis,Episyrphus.balteatus,1
CH,2,A2,Intensive.agriculture,Centaurea.jacea,Lasioglossum.pauxillum,1
CH,2,A2,Intensive.agriculture,Prunella.vulgaris,Bombus.subterraneus,1
CH,2,A2,Intensive.agriculture,Centaurea.jacea,Halictus.tumulorum,1
CH,2,A2,Intensive.agriculture,Prunella.vulgaris,Bombus.humilis,1
CH,2,A2,Intensive.agriculture,Onobrychis.viciifolia,Bombus.lapidarius,1
CH,2,A2,Intensive.agriculture,Bellis.perennis,Sphaerophoria.sp,1
CH,2,A2,Intensive.agriculture,Trifolium.pratense,Bombus.ruderatus,1
CH,2,A2,Intensive.agriculture,Picris.hieracioides,Lasioglossum.villosulum,1
CH,2,A2,Intensive.agriculture,Vicia.sepium,Bombus.pascuorum,1
CH,2,A2,Intensive.agriculture,Centaurea.jacea,Bombus.ruderatus,1
CH,2,A2,Intensive.agriculture,Trifolium.pratense,Bombus.hortorum,1
CH,2,A2,Intensive.agriculture,Centaurea.scabiosa,Bombus.subterraneus,1
CH,2,A2,Intensive.agriculture,Centaurea.scabiosa,Bombus.hortorum,1
CH,2,A2,Intensive.agriculture,Prunella.vulgaris,Bombus.ruderatus,1
CH,2,A2,Intensive.agriculture,Leucanthemum.vulgare,Sphaerophoria.philanthus,1
CH,2,A2,Intensive.agriculture,Trifolium.repens,Bombus.sylvarum,1
CH,2,A2,Intensive.agriculture,Trifolium.repens,Bombus.lapidarius,1
CH,2,A2,Intensive.agriculture,Prunella.vulgaris,Bombus.pascuorum,1
CH,2,A2,Intensive.agriculture,Centaurea.jacea,Lasioglossum.malachurum,1
CH,2,A2,Intensive.agriculture,Centaurea.jacea,Lasioglossum.malachurum,1
CH,2,A2,Intensive.agriculture,Medicago.lupulina,Andrena.ovatula,1
CH,2,A2,Intensive.agriculture,Centaurea.jacea,Bombus.lapidarius,1
CH,2,A2,Intensive.agriculture,Centaurea.jacea,Lasioglossum.malachurum,1
CH,2,A2,Intensive.agriculture,Onobrychis.viciifolia,Bombus.lapidarius,1
CH,2,A2,Intensive.agriculture,Clinopodium.vulgare,Lasioglossum.glabriusculum,1
CH,2,A2,Intensive.agriculture,Centaurea.jacea,Lasioglossum.malachurum,1
CH,2,A2,Intensive.agriculture,Lotus.corniculatus,Bombus.lapidarius,1
CH,2,A2,Intensive.agriculture,Centaurea.jacea,Apis.mellifera,1
CH,2,A2,Intensive.agriculture,Centaurea.jacea,Apis.mellifera,1
CH,2,A2,Intensive.agriculture,Centaurea.jacea,Apis.mellifera,1
CH,2,A2,Intensive.agriculture,Centaurea.jacea,Apis.mellifera,1
CH,2,A2,Intensive.agriculture,Centaurea.jacea,Apis.mellifera,1
CH,2,A2,Intensive.agriculture,Galium.mollugo.aggr,Syrphidae.sp,1
CH,2,A2,Intensive.agriculture,Knautia.arvensis,wildbee,1
CH,2,A2,Intensive.agriculture,Knautia.arvensis,Apis.mellifera,1
CH,2,A2,Intensive.agriculture,Knautia.arvensis,Apis.mellifera,1
CH,2,A2,Intensive.agriculture,Centaurea.jacea,Apis.mellifera,1
CH,2,A2,Intensive.agriculture,Knautia.arvensis,Apis.mellifera,1
CH,2,A2,Intensive.agriculture,Centaurea.jacea,wildbee,1
CH,2,A2,Intensive.agriculture,Knautia.arvensis,Apis.mellifera,1
CH,2,A2,Intensive.agriculture,Knautia.arvensis,Apis.mellifera,1
CH,2,A2,Intensive.agriculture,Knautia.arvensis,Apis.mellifera,1
CH,2,A2,Intensive.agriculture,Knautia.arvensis,Apis.mellifera,1
CH,2,A2,Intensive.agriculture,Knautia.arvensis,Apis.mellifera,1
CH,2,A2,Intensive.agriculture,Knautia.arvensis,Apis.mellifera,1
CH,2,A2,Intensive.agriculture,Knautia.arvensis,Apis.mellifera,1
CH,2,A2,Intensive.agriculture,Knautia.arvensis,Apis.mellifera,1
CH,2,A2,Intensive.agriculture,Knautia.arvensis,Apis.mellifera,1
CH,2,A2,Intensive.agriculture,Knautia.arvensis,Apis.mellifera,1
CH,2,A2,Intensive.agriculture,Knautia.arvensis,Apis.mellifera,1
CH,2,A2,Intensive.agriculture,Knautia.arvensis,Apis.mellifera,1
CH,2,A2,Intensive.agriculture,Centaurea.jacea,Apis.mellifera,1
CH,2,A2,Intensive.agriculture,Centaurea.jacea,Apis.mellifera,1
CH,2,A2,Intensive.agriculture,Centaurea.jacea,Apis.mellifera,1
CH,2,A2,Intensive.agriculture,Centaurea.jacea,Apis.mellifera,1
CH,2,A2,Intensive.agriculture,Trifolium.pratense,wildbee,1
CH,2,A2,Intensive.agriculture,Centaurea.jacea,Apis.mellifera,1
CH,2,A2,Intensive.agriculture,Centaurea.jacea,Apis.mellifera,1
CH,2,A2,Intensive.agriculture,Centaurea.jacea,Apis.mellifera,1
CH,2,A2,Intensive.agriculture,Centaurea.jacea,Apis.mellifera,1
CH,2,A2,Intensive.agriculture,Centaurea.jacea,Apis.mellifera,1
CH,2,A2,Intensive.agriculture,Centaurea.jacea,Apis.mellifera,1
CH,2,A2,Intensive.agriculture,Centaurea.jacea,Apis.mellifera,1
CH,2,A2,Intensive.agriculture,Centaurea.jacea,Apis.mellifera,1
CH,2,A2,Intensive.agriculture,Knautia.arvensis,Apis.mellifera,1
CH,2,A2,Intensive.agriculture,Knautia.arvensis,Apis.mellifera,1
CH,2,A2,Intensive.agriculture,Knautia.arvensis,Apis.mellifera,1
CH,2,A2,Intensive.agriculture,Knautia.arvensis,Apis.mellifera,1
CH,2,A2,Intensive.agriculture,Knautia.arvensis,Apis.mellifera,1
CH,2,A2,Intensive.agriculture,Knautia.arvensis,Apis.mellifera,1
CH,2,A2,Intensive.agriculture,Knautia.arvensis,Apis.mellifera,1
CH,2,A2,Intensive.agriculture,Knautia.arvensis,Apis.mellifera,1
CH,2,A2,Intensive.agriculture,Knautia.arvensis,Apis.mellifera,1
CH,2,A2,Intensive.agriculture,Knautia.arvensis,Apis.mellifera,1
CH,2,A2,Intensive.agriculture,Centaurea.jacea,Apis.mellifera,1
CH,2,A2,Intensive.agriculture,Centaurea.jacea,Apis.mellifera,1
CH,2,A2,Intensive.agriculture,Centaurea.jacea,Apis.mellifera,1
CH,2,A2,Intensive.agriculture,Knautia.arvensis,Bombus.sp,1
CH,2,A2,Intensive.agriculture,Knautia.arvensis,Bombus.sp,1
CH,2,A2,Intensive.agriculture,Centaurea.jacea,Bombus.sp,1
CH,2,A2,Intensive.agriculture,Plantago.lanceolata,Bombus.sp,1
CH,2,A2,Intensive.agriculture,Centaurea.scabiosa,Apis.mellifera,1
CH,2,A2,Intensive.agriculture,Centaurea.jacea,Syrphidae.sp,1
CH,2,A2,Intensive.agriculture,Centaurea.jacea,Apis.mellifera,1
CH,2,A2,Intensive.agriculture,Centaurea.jacea,Apis.mellifera,1
CH,2,A2,Intensive.agriculture,Centaurea.jacea,Apis.mellifera,1
CH,2,A2,Intensive.agriculture,Centaurea.jacea,Apis.mellifera,1
CH,2,A2,Intensive.agriculture,Centaurea.jacea,Bombus.sp,1
CH,2,A2,Intensive.agriculture,Centaurea.jacea,Apis.mellifera,1
CH,2,A2,Intensive.agriculture,Centaurea.jacea,Apis.mellifera,1
CH,2,A2,Intensive.agriculture,Centaurea.jacea,Apis.mellifera,1
CH,2,A2,Intensive.agriculture,Knautia.arvensis,Apis.mellifera,1
CH,2,A2,Intensive.agriculture,Centaurea.jacea,Apis.mellifera,1
CH,2,A2,Intensive.agriculture,Centaurea.jacea,Apis.mellifera,1
CH,2,A2,Intensive.agriculture,Centaurea.jacea,Apis.mellifera,1
CH,2,A2,Intensive.agriculture,Centaurea.jacea,Apis.mellifera,1
CH,2,A2,Intensive.agriculture,Centaurea.jacea,Apis.mellifera,1
CH,2,A2,Intensive.agriculture,Centaurea.jacea,Apis.mellifera,1
CH,2,A2,Intensive.agriculture,Centaurea.jacea,Apis.mellifera,1
CH,2,A2,Intensive.agriculture,Centaurea.jacea,Apis.mellifera,1
CH,2,A2,Intensive.agriculture,Centaurea.jacea,Apis.mellifera,1
CH,2,A2,Intensive.agriculture,Centaurea.jacea,Apis.mellifera,1
CH,2,A2,Intensive.agriculture,Centaurea.scabiosa,Apis.mellifera,1
CH,2,A2,Intensive.agriculture,Centaurea.jacea,Bombus.sp,1
CH,2,A2,Intensive.agriculture,Centaurea.jacea,Bombus.sp,1
CH,2,A2,Intensive.agriculture,Centaurea.scabiosa,Apis.mellifera,1
CH,2,A2,Intensive.agriculture,Centaurea.scabiosa,Apis.mellifera,1
CH,2,A2,Intensive.agriculture,Centaurea.scabiosa,Apis.mellifera,1
CH,2,A2,Intensive.agriculture,Centaurea.scabiosa,Apis.mellifera,1
CH,2,A2,Intensive.agriculture,Centaurea.scabiosa,Apis.mellifera,1
CH,2,A2,Intensive.agriculture,Centaurea.scabiosa,Apis.mellifera,1
CH,2,A2,Intensive.agriculture,Centaurea.jacea,Bombus.sp,1
CH,2,A2,Intensive.agriculture,Centaurea.jacea,Apis.mellifera,1
CH,2,A2,Intensive.agriculture,Trifolium.repens,Apis.mellifera,1
CH,2,A2,Intensive.agriculture,Trifolium.repens,Apis.mellifera,1
CH,2,A2,Intensive.agriculture,Trifolium.repens,Apis.mellifera,1
CH,2,A2,Intensive.agriculture,Trifolium.repens,Apis.mellifera,1
CH,2,A2,Intensive.agriculture,Scabiosa.columbaria,Apis.mellifera,1
CH,2,A2,Intensive.agriculture,Trifolium.repens,Apis.mellifera,1
CH,2,A2,Intensive.agriculture,Trifolium.repens,Apis.mellifera,1
CH,2,A2,Intensive.agriculture,Trifolium.repens,Apis.mellifera,1
CH,2,A2,Intensive.agriculture,Centaurea.jacea,Apis.mellifera,1
CH,2,A2,Intensive.agriculture,Centaurea.jacea,Apis.mellifera,1
CH,2,A2,Intensive.agriculture,Centaurea.jacea,Apis.mellifera,1
CH,2,A2,Intensive.agriculture,Picris.hieracioides,wildbee,1
CH,2,A2,Intensive.agriculture,Prunella.vulgaris,Bombus.sp,1
CH,2,A2,Intensive.agriculture,Centaurea.jacea,Apis.mellifera,1
CH,2,A2,Intensive.agriculture,Centaurea.jacea,Apis.mellifera,1
CH,2,A2,Intensive.agriculture,Prunella.vulgaris,Bombus.sp,1
CH,2,A2,Intensive.agriculture,Prunella.vulgaris,Bombus.sp,1
CH,2,A2,Intensive.agriculture,Centaurea.jacea,Apis.mellifera,1
CH,2,A2,Intensive.agriculture,Centaurea.jacea,Apis.mellifera,1
CH,2,A2,Intensive.agriculture,Prunella.vulgaris,Apis.mellifera,1
CH,2,A2,Intensive.agriculture,Centaurea.jacea,Apis.mellifera,1
CH,2,A2,Intensive.agriculture,Centaurea.jacea,Apis.mellifera,1
CH,2,A2,Intensive.agriculture,Trifolium.repens,Apis.mellifera,1
CH,2,A2,Intensive.agriculture,Trifolium.repens,Apis.mellifera,1
CH,2,A2,Intensive.agriculture,Trifolium.repens,Apis.mellifera,1
CH,2,A2,Intensive.agriculture,Centaurea.scabiosa,Apis.mellifera,1
CH,2,A2,Intensive.agriculture,Centaurea.scabiosa,Apis.mellifera,1
CH,2,A2,Intensive.agriculture,Centaurea.scabiosa,Apis.mellifera,1
CH,2,A2,Intensive.agriculture,Centaurea.scabiosa,Apis.mellifera,1
CH,2,A2,Intensive.agriculture,Centaurea.jacea,Apis.mellifera,1
CH,2,A2,Intensive.agriculture,Centaurea.jacea,Apis.mellifera,1
CH,2,A2,Intensive.agriculture,Centaurea.jacea,Apis.mellifera,1
CH,2,A2,Intensive.agriculture,Centaurea.jacea,Apis.mellifera,1
CH,2,A2,Intensive.agriculture,Centaurea.jacea,Apis.mellifera,1
CH,2,A2,Intensive.agriculture,Centaurea.jacea,Apis.mellifera,1
CH,2,A2,Intensive.agriculture,Centaurea.jacea,Apis.mellifera,1
CH,2,A2,Intensive.agriculture,Prunella.vulgaris,Bombus.sp,1
CH,2,A2,Intensive.agriculture,Centaurea.jacea,Bombus.sp,1
CH,2,A2,Intensive.agriculture,Centaurea.jacea,Apis.mellifera,1
CH,2,A2,Intensive.agriculture,Centaurea.jacea,Apis.mellifera,1
CH,2,A2,Intensive.agriculture,Centaurea.jacea,Apis.mellifera,1
CH,2,A2,Intensive.agriculture,Centaurea.jacea,Apis.mellifera,1
CH,2,A2,Intensive.agriculture,Centaurea.jacea,Apis.mellifera,1
CH,2,A2,Intensive.agriculture,Centaurea.jacea,Apis.mellifera,1
CH,2,A2,Intensive.agriculture,Centaurea.jacea,Apis.mellifera,1
CH,2,A2,Intensive.agriculture,Trifolium.repens,Apis.mellifera,1
CH,2,A2,Intensive.agriculture,Trifolium.repens,Apis.mellifera,1
CH,2,A2,Intensive.agriculture,Trifolium.repens,Apis.mellifera,1
CH,2,A2,Intensive.agriculture,Centaurea.jacea,Apis.mellifera,1
CH,2,A2,Intensive.agriculture,Centaurea.jacea,Apis.mellifera,1
CH,2,A2,Intensive.agriculture,Centaurea.jacea,Apis.mellifera,1
CH,2,A2,Intensive.agriculture,Centaurea.jacea,Apis.mellifera,1
CH,2,A2,Intensive.agriculture,Centaurea.jacea,Apis.mellifera,1
CH,2,A2,Intensive.agriculture,Centaurea.jacea,Apis.mellifera,1
CH,2,A2,Intensive.agriculture,Centaurea.jacea,Apis.mellifera,1
CH,2,A2,Intensive.agriculture,Centaurea.jacea,Apis.mellifera,1
CH,2,A2,Intensive.agriculture,Scabiosa.columbaria,Apis.mellifera,1
CH,2,A2,Intensive.agriculture,Centaurea.scabiosa,Apis.mellifera,1
CH,2,A2,Intensive.agriculture,Centaurea.scabiosa,Apis.mellifera,1
CH,2,A2,Intensive.agriculture,Centaurea.scabiosa,Apis.mellifera,1
CH,2,A2,Intensive.agriculture,Centaurea.scabiosa,Apis.mellifera,1
CH,2,A2,Intensive.agriculture,Scabiosa.columbaria,wildbee,1
CH,2,A2,Intensive.agriculture,Centaurea.jacea,Apis.mellifera,1
CH,2,A2,Intensive.agriculture,Centaurea.jacea,Apis.mellifera,1
CH,2,A2,Intensive.agriculture,Centaurea.jacea,Apis.mellifera,1
CH,2,A2,Intensive.agriculture,Centaurea.jacea,Apis.mellifera,1
CH,2,A2,Intensive.agriculture,Scabiosa.columbaria,Apis.mellifera,1
CH,2,A2,Intensive.agriculture,Scabiosa.columbaria,Apis.mellifera,1
CH,2,A2,Intensive.agriculture,Scabiosa.columbaria,Apis.mellifera,1
CH,2,A2,Intensive.agriculture,Centaurea.jacea,Bombus.hortorum,1
CH,2,A2,Intensive.agriculture,Centaurea.jacea,Apis.mellifera,1
CH,2,A2,Intensive.agriculture,Centaurea.jacea,Apis.mellifera,1
CH,2,A2,Intensive.agriculture,Centaurea.jacea,Apis.mellifera,1
CH,2,A2,Intensive.agriculture,Centaurea.jacea,Apis.mellifera,1
CH,2,A2,Intensive.agriculture,Centaurea.jacea,Apis.mellifera,1
CH,2,A2,Intensive.agriculture,Centaurea.jacea,Apis.mellifera,1
CH,2,A2,Intensive.agriculture,Centaurea.jacea,Apis.mellifera,1
CH,2,A2,Intensive.agriculture,Centaurea.jacea,Apis.mellifera,1
CH,2,A2,Intensive.agriculture,Centaurea.jacea,Apis.mellifera,1
CH,2,A2,Intensive.agriculture,Centaurea.jacea,Apis.mellifera,1
CH,2,A2,Intensive.agriculture,Centaurea.jacea,Apis.mellifera,1
CH,2,A2,Intensive.agriculture,Centaurea.jacea,Apis.mellifera,1
CH,2,A2,Intensive.agriculture,Centaurea.jacea,Apis.mellifera,1
CH,2,A2,Intensive.agriculture,Centaurea.jacea,Apis.mellifera,1
CH,2,A2,Intensive.agriculture,Centaurea.jacea,Apis.mellifera,1
CH,2,A2,Intensive.agriculture,Centaurea.jacea,Apis.mellifera,1
CH,2,A2,Intensive.agriculture,Ligustrum.vulgare,Syrphus.ribesii,1
CH,2,A2,Intensive.agriculture,Ligustrum.vulgare,Eristalis.tenax,1
CH,2,A2,Intensive.agriculture,Ligustrum.vulgare,Apis.mellifera,1
CH,2,A2,Intensive.agriculture,Ligustrum.vulgare,Apis.mellifera,1
CH,2,A2,Intensive.agriculture,Ligustrum.vulgare,Apis.mellifera,1
CH,2,A2,Intensive.agriculture,Ligustrum.vulgare,Apis.mellifera,1
CH,2,A2,Intensive.agriculture,Ligustrum.vulgare,Apis.mellifera,1
CH,2,A2,Intensive.agriculture,Rubus.fruticosus.aggr,Lasioglossum.bluethgeni,1
CH,2,A2,Intensive.agriculture,,Lasioglossum.malachurum,0
CH,2,A3,Intensive.agriculture,Centaurea.scabiosa,Bombus.lapidarius,1
CH,2,A3,Intensive.agriculture,Leucanthemum.vulgare,Lasioglossum.malachurum,1
CH,2,A3,Intensive.agriculture,Leucanthemum.vulgare,Lasioglossum.malachurum,1
CH,2,A3,Intensive.agriculture,Knautia.arvensis,Eristalis.tenax,1
CH,2,A3,Intensive.agriculture,Knautia.arvensis,Lasioglossum.malachurum,1
CH,2,A3,Intensive.agriculture,Achillea.millefolium,Lasioglossum.malachurum,1
CH,2,A3,Intensive.agriculture,Centaurea.jacea,Lasioglossum.malachurum,1
CH,2,A3,Intensive.agriculture,Centaurea.jacea,Lasioglossum.malachurum,1
CH,2,A3,Intensive.agriculture,Centaurea.jacea,Bombus.lapidarius,1
CH,2,A3,Intensive.agriculture,Leucanthemum.vulgare,Lasioglossum.malachurum,1
CH,2,A3,Intensive.agriculture,Centaurea.jacea,Lasioglossum.malachurum,1
CH,2,A3,Intensive.agriculture,Knautia.arvensis,Lasioglossum.lativentre,1
CH,2,A3,Intensive.agriculture,Leucanthemum.vulgare,Lasioglossum.malachurum,1
CH,2,A3,Intensive.agriculture,Centaurea.jacea,Lasioglossum.malachurum,1
CH,2,A3,Intensive.agriculture,Centaurea.jacea,Bombus.lapidarius,1
CH,2,A3,Intensive.agriculture,Achillea.millefolium,Lasioglossum.malachurum,1
CH,2,A3,Intensive.agriculture,Centaurea.jacea,Lasioglossum.malachurum,1
CH,2,A3,Intensive.agriculture,Achillea.millefolium,Lasioglossum.malachurum,1
CH,2,A3,Intensive.agriculture,Leucanthemum.vulgare,Lasioglossum.malachurum,1
CH,2,A3,Intensive.agriculture,Onobrychis.viciifolia,Bombus.lapidarius,1
CH,2,A3,Intensive.agriculture,Leucanthemum.vulgare,Eristalis.tenax,1
CH,2,A3,Intensive.agriculture,Centaurea.jacea,Eristalis.tenax,1
CH,2,A3,Intensive.agriculture,Leucanthemum.vulgare,Lasioglossum.malachurum,1
CH,2,A3,Intensive.agriculture,Centaurea.jacea,Bombus.lapidarius,1
CH,2,A3,Intensive.agriculture,Onobrychis.viciifolia,Bombus.terrestris,1
CH,2,A3,Intensive.agriculture,Leucanthemum.vulgare,Sphaerophoria.philanthus,1
CH,2,A3,Intensive.agriculture,Onobrychis.viciifolia,Bombus.lapidarius,1
CH,2,A3,Intensive.agriculture,Onobrychis.viciifolia,Bombus.lapidarius,1
CH,2,A3,Intensive.agriculture,Centaurea.jacea,Lasioglossum.malachurum,1
CH,2,A3,Intensive.agriculture,Leucanthemum.vulgare,Lasioglossum.malachurum,1
CH,2,A3,Intensive.agriculture,Salvia.pratensis,Bombus.terrestris,1
CH,2,A3,Intensive.agriculture,Knautia.arvensis,Apis.mellifera,1
CH,2,A3,Intensive.agriculture,Knautia.arvensis,Apis.mellifera,1
CH,2,A3,Intensive.agriculture,Centaurea.jacea,Apis.mellifera,1
CH,2,A3,Intensive.agriculture,Centaurea.jacea,Apis.mellifera,1
CH,2,A3,Intensive.agriculture,Knautia.arvensis,Apis.mellifera,1
CH,2,A3,Intensive.agriculture,Knautia.arvensis,Apis.mellifera,1
CH,2,A3,Intensive.agriculture,Knautia.arvensis,Apis.mellifera,1
CH,2,A3,Intensive.agriculture,Knautia.arvensis,Apis.mellifera,1
CH,2,A3,Intensive.agriculture,Centaurea.jacea,Apis.mellifera,1
CH,2,A3,Intensive.agriculture,Knautia.arvensis,Apis.mellifera,1
CH,2,A3,Intensive.agriculture,Knautia.arvensis,Apis.mellifera,1
CH,2,A3,Intensive.agriculture,Centaurea.jacea,Apis.mellifera,1
CH,2,A3,Intensive.agriculture,Centaurea.jacea,Apis.mellifera,1
CH,2,A3,Intensive.agriculture,Centaurea.scabiosa,Apis.mellifera,1
CH,2,A3,Intensive.agriculture,Leucanthemum.vulgare,wildbee,1
CH,2,A3,Intensive.agriculture,Knautia.arvensis,Apis.mellifera,1
CH,2,A3,Intensive.agriculture,Knautia.arvensis,Apis.mellifera,1
CH,2,A3,Intensive.agriculture,Knautia.arvensis,Apis.mellifera,1
CH,2,A3,Intensive.agriculture,Knautia.arvensis,Apis.mellifera,1
CH,2,A3,Intensive.agriculture,Knautia.arvensis,Apis.mellifera,1
CH,2,A3,Intensive.agriculture,Knautia.arvensis,Apis.mellifera,1
CH,2,A3,Intensive.agriculture,Centaurea.jacea,Apis.mellifera,1
CH,2,A3,Intensive.agriculture,Centaurea.jacea,Apis.mellifera,1
CH,2,A3,Intensive.agriculture,Centaurea.jacea,Apis.mellifera,1
CH,2,A3,Intensive.agriculture,Centaurea.jacea,Apis.mellifera,1
CH,2,A3,Intensive.agriculture,Centaurea.jacea,Apis.mellifera,1
CH,2,A3,Intensive.agriculture,Centaurea.jacea,Apis.mellifera,1
CH,2,A3,Intensive.agriculture,Centaurea.jacea,Apis.mellifera,1
CH,2,A3,Intensive.agriculture,Knautia.arvensis,Apis.mellifera,1
CH,2,A3,Intensive.agriculture,Knautia.arvensis,Apis.mellifera,1
CH,2,A3,Intensive.agriculture,Knautia.arvensis,Apis.mellifera,1
CH,2,A3,Intensive.agriculture,Centaurea.jacea,Apis.mellifera,1
CH,2,A3,Intensive.agriculture,Knautia.arvensis,Apis.mellifera,1
CH,2,A3,Intensive.agriculture,Knautia.arvensis,Apis.mellifera,1
CH,2,A3,Intensive.agriculture,Centaurea.jacea,Apis.mellifera,1
CH,2,A3,Intensive.agriculture,Centaurea.jacea,Apis.mellifera,1
CH,2,A3,Intensive.agriculture,Knautia.arvensis,Apis.mellifera,1
CH,2,A3,Intensive.agriculture,Knautia.arvensis,Apis.mellifera,1
CH,2,A3,Intensive.agriculture,Knautia.arvensis,Apis.mellifera,1
CH,2,A3,Intensive.agriculture,Knautia.arvensis,Apis.mellifera,1
CH,2,A3,Intensive.agriculture,Knautia.arvensis,Apis.mellifera,1
CH,2,A3,Intensive.agriculture,Knautia.arvensis,Apis.mellifera,1
CH,2,A3,Intensive.agriculture,Knautia.arvensis,Apis.mellifera,1
CH,2,A3,Intensive.agriculture,Centaurea.jacea,Apis.mellifera,1
CH,2,A3,Intensive.agriculture,Centaurea.jacea,Apis.mellifera,1
CH,2,A3,Intensive.agriculture,Centaurea.jacea,Apis.mellifera,1
CH,2,A3,Intensive.agriculture,Centaurea.jacea,Apis.mellifera,1
CH,2,A3,Intensive.agriculture,Centaurea.jacea,Apis.mellifera,1
CH,2,A3,Intensive.agriculture,Centaurea.jacea,Apis.mellifera,1
CH,2,A3,Intensive.agriculture,Centaurea.jacea,Apis.mellifera,1
CH,2,A3,Intensive.agriculture,Centaurea.jacea,Apis.mellifera,1
CH,2,A3,Intensive.agriculture,Centaurea.jacea,Apis.mellifera,1
CH,2,A3,Intensive.agriculture,Centaurea.jacea,Apis.mellifera,1
CH,2,A3,Intensive.agriculture,Centaurea.jacea,Apis.mellifera,1
CH,2,A3,Intensive.agriculture,Centaurea.jacea,Apis.mellifera,1
CH,2,A3,Intensive.agriculture,Centaurea.jacea,Apis.mellifera,1
CH,2,A3,Intensive.agriculture,Centaurea.jacea,Apis.mellifera,1
CH,2,A3,Intensive.agriculture,Centaurea.jacea,Apis.mellifera,1
CH,2,A3,Intensive.agriculture,Knautia.arvensis,Apis.mellifera,1
CH,2,A3,Intensive.agriculture,Knautia.arvensis,Apis.mellifera,1
CH,2,A3,Intensive.agriculture,Knautia.arvensis,Apis.mellifera,1
CH,2,A3,Intensive.agriculture,Centaurea.jacea,Apis.mellifera,1
CH,2,A3,Intensive.agriculture,Centaurea.jacea,Apis.mellifera,1
CH,2,A3,Intensive.agriculture,Centaurea.jacea,Apis.mellifera,1
CH,2,A3,Intensive.agriculture,Centaurea.jacea,Apis.mellifera,1
CH,2,A3,Intensive.agriculture,Centaurea.jacea,Apis.mellifera,1
CH,2,A3,Intensive.agriculture,Centaurea.jacea,Apis.mellifera,1
CH,2,A3,Intensive.agriculture,Centaurea.jacea,Apis.mellifera,1
CH,2,A3,Intensive.agriculture,Centaurea.jacea,Apis.mellifera,1
CH,2,A3,Intensive.agriculture,Knautia.arvensis,Apis.mellifera,1
CH,2,A3,Intensive.agriculture,Knautia.arvensis,Apis.mellifera,1
CH,2,A3,Intensive.agriculture,Onobrychis.viciifolia,Bombus.sp,1
CH,2,A3,Intensive.agriculture,Onobrychis.viciifolia,Bombus.sp,1
CH,2,A3,Intensive.agriculture,Knautia.arvensis,Apis.mellifera,1
CH,2,A3,Intensive.agriculture,Knautia.arvensis,Apis.mellifera,1
CH,2,A3,Intensive.agriculture,Knautia.arvensis,Apis.mellifera,1
CH,2,A3,Intensive.agriculture,Knautia.arvensis,Apis.mellifera,1
CH,2,A3,Intensive.agriculture,Knautia.arvensis,Apis.mellifera,1
CH,2,A3,Intensive.agriculture,Knautia.arvensis,Apis.mellifera,1
CH,2,A3,Intensive.agriculture,Knautia.arvensis,Apis.mellifera,1
CH,2,A3,Intensive.agriculture,Centaurea.jacea,Apis.mellifera,1
CH,2,A3,Intensive.agriculture,Centaurea.jacea,Apis.mellifera,1
CH,2,A3,Intensive.agriculture,Knautia.arvensis,Apis.mellifera,1
CH,2,A3,Intensive.agriculture,Knautia.arvensis,Apis.mellifera,1
CH,2,A3,Intensive.agriculture,Knautia.arvensis,Apis.mellifera,1
CH,2,A3,Intensive.agriculture,Knautia.arvensis,Apis.mellifera,1
CH,2,A3,Intensive.agriculture,Knautia.arvensis,Apis.mellifera,1
CH,2,A3,Intensive.agriculture,Knautia.arvensis,Apis.mellifera,1
CH,2,A3,Intensive.agriculture,Centaurea.jacea,Apis.mellifera,1
CH,2,A3,Intensive.agriculture,Centaurea.jacea,Apis.mellifera,1
CH,2,A3,Intensive.agriculture,Centaurea.jacea,Apis.mellifera,1
CH,2,A3,Intensive.agriculture,Centaurea.jacea,Apis.mellifera,1
CH,2,A3,Intensive.agriculture,Centaurea.jacea,Apis.mellifera,1
CH,2,A3,Intensive.agriculture,Centaurea.jacea,Apis.mellifera,1
CH,2,A3,Intensive.agriculture,Centaurea.jacea,Apis.mellifera,1
CH,2,A3,Intensive.agriculture,Centaurea.jacea,Apis.mellifera,1
CH,2,A3,Intensive.agriculture,Centaurea.jacea,Apis.mellifera,1
CH,2,A3,Intensive.agriculture,Centaurea.jacea,Apis.mellifera,1
CH,2,A3,Intensive.agriculture,Knautia.arvensis,Apis.mellifera,1
CH,2,A3,Intensive.agriculture,Knautia.arvensis,Apis.mellifera,1
CH,2,A3,Intensive.agriculture,Knautia.arvensis,Apis.mellifera,1
CH,2,A3,Intensive.agriculture,Sonchus.sp,Lasioglossum.villosulum,1
CH,2,A3,Intensive.agriculture,Philadelphus.coronarius,Lasioglossum.malachurum,1
CH,2,A3,Intensive.agriculture,Bellis.perennis,Sphaerophoria.sp,1
CH,2,A3,Intensive.agriculture,Bellis.perennis,Lasioglossum.malachurum,1
CH,2,A3,Intensive.agriculture,Bellis.perennis,Lasioglossum.malachurum,1
CH,2,A3,Intensive.agriculture,Trifolium.repens,Andrena.ovatula,1
CH,2,A3,Intensive.agriculture,Sonchus.sp,Lasioglossum.villosulum,1
CH,2,A3,Intensive.agriculture,Bellis.perennis,Sphaerophoria.sp,1
CH,2,A3,Intensive.agriculture,Philadelphus.coronarius,Lasioglossum.malachurum,1
CH,2,A3,Intensive.agriculture,Geranium.pusillum,Lasioglossum.fulvicorne,1
CH,2,A3,Intensive.agriculture,Taraxacum.officinale,Episyrphus.balteatus,1
CH,2,A3,Intensive.agriculture,Bellis.perennis,Lasioglossum.malachurum,1
CH,2,A3,Intensive.agriculture,Bellis.perennis,Lasioglossum.malachurum,1
CH,2,A3,Intensive.agriculture,Taraxacum.officinale,Episyrphus.balteatus,1
CH,2,A3,Intensive.agriculture,Philadelphus.coronarius,Lasioglossum.laticeps,1
CH,2,A3,Intensive.agriculture,Sonchus.sp,Lasioglossum.villosulum,1
CH,2,A3,Intensive.agriculture,Trifolium.repens,Bombus.lapidarius,1
CH,2,A3,Intensive.agriculture,Matricaria.chamomilla,Sphaerophoria.sp,1
CH,2,A3,Intensive.agriculture,Bellis.perennis,Lasioglossum.malachurum,1
CH,2,A3,Intensive.agriculture,Bellis.perennis,Paragus.politus,1
CH,2,A3,Intensive.agriculture,Sonchus.sp,Lasioglossum.villosulum,1
CH,2,A3,Intensive.agriculture,Philadelphus.coronarius,wildbee,1
CH,2,A3,Intensive.agriculture,Philadelphus.coronarius,wildbee,1
CH,2,A3,Intensive.agriculture,Philadelphus.coronarius,Bombus.lapidarius,1
CH,2,A3,Intensive.agriculture,Bellis.perennis,Paragus.tibialis,1
CH,2,A3,Intensive.agriculture,Philadelphus.coronarius,Lasioglossum.malachurum,1
CH,2,A3,Intensive.agriculture,Taraxacum.officinale,Lasioglossum.malachurum,1
CH,2,A3,Intensive.agriculture,Bellis.perennis,Lasioglossum.malachurum,1
CH,2,A3,Intensive.agriculture,Bellis.perennis,Lasioglossum.malachurum,1
CH,2,A3,Intensive.agriculture,Bellis.perennis,Lasioglossum.malachurum,1
CH,2,A3,Intensive.agriculture,Matricaria.chamomilla,Lasioglossum.malachurum,1
CH,2,A3,Intensive.agriculture,Taraxacum.officinale,Lasioglossum.fulvicorne,1
CH,2,A3,Intensive.agriculture,Philadelphus.coronarius,Andrena.ovatula,1
CH,2,A3,Intensive.agriculture,Matricaria.chamomilla,Lasioglossum.malachurum,1
CH,2,A3,Intensive.agriculture,Matricaria.chamomilla,Lasioglossum.malachurum,1
CH,2,A3,Intensive.agriculture,Bellis.perennis,Sphaerophoria.sp,1
CH,2,A3,Intensive.agriculture,Matricaria.chamomilla,Cheilosia.sp,1
CH,2,A3,Intensive.agriculture,Bellis.perennis,Lasioglossum.malachurum,1
CH,2,A3,Intensive.agriculture,Ligustrum.vulgare,Andrena.haemorrhoa,1
CH,2,A3,Intensive.agriculture,Bellis.perennis,Sphaerophoria.sp,1
CH,2,A3,Intensive.agriculture,Philadelphus.coronarius,Lasioglossum.malachurum,1
CH,2,A3,Intensive.agriculture,Bellis.perennis,Sphaerophoria.philanthus,1
CH,2,A3,Intensive.agriculture,Bellis.perennis,Lasioglossum.malachurum,1
CH,2,A3,Intensive.agriculture,Sambucus.nigra,Apis.mellifera,1
CH,2,A3,Intensive.agriculture,Sonchus.sp,wildbee,1
CH,2,A3,Intensive.agriculture,Trifolium.repens,Apis.mellifera,1
CH,2,A3,Intensive.agriculture,Trifolium.repens,Apis.mellifera,1
CH,2,A3,Intensive.agriculture,Ligustrum.vulgare,Apis.mellifera,1
CH,2,A3,Intensive.agriculture,Philadelphus.coronarius,Apis.mellifera,1
CH,2,A3,Intensive.agriculture,Philadelphus.coronarius,Xylocopa.sp,1
CH,2,A3,Intensive.agriculture,Ligustrum.vulgare,Apis.mellifera,1
CH,2,A3,Intensive.agriculture,Trifolium.repens,Apis.mellifera,1
CH,2,A3,Intensive.agriculture,Philadelphus.coronarius,wildbee,1
CH,2,A3,Intensive.agriculture,Philadelphus.coronarius,Apis.mellifera,1
CH,2,A3,Intensive.agriculture,Ligustrum.vulgare,Apis.mellifera,1
CH,2,A3,Intensive.agriculture,Ligustrum.vulgare,Apis.mellifera,1
CH,2,A3,Intensive.agriculture,Ligustrum.vulgare,Apis.mellifera,1
CH,2,A3,Intensive.agriculture,Philadelphus.coronarius,wildbee,1
CH,2,A3,Intensive.agriculture,Philadelphus.coronarius,Xylocopa.sp,1
CH,2,A3,Intensive.agriculture,Philadelphus.coronarius,wildbee,1
CH,2,A3,Intensive.agriculture,Philadelphus.coronarius,wildbee,1
CH,2,A3,Intensive.agriculture,Trifolium.repens,Apis.mellifera,1
CH,2,A3,Intensive.agriculture,Trifolium.repens,wildbee,1
CH,2,A3,Intensive.agriculture,Trifolium.repens,Apis.mellifera,1
CH,2,A3,Intensive.agriculture,Trifolium.repens,Apis.mellifera,1
CH,2,A3,Intensive.agriculture,Viola.arvensis,Apis.mellifera,1
CH,2,A3,Intensive.agriculture,Trifolium.repens,Apis.mellifera,1
CH,2,A3,Intensive.agriculture,Trifolium.repens,Apis.mellifera,1
CH,2,A3,Intensive.agriculture,Matricaria.chamomilla,wildbee,1
CH,2,A3,Intensive.agriculture,Trifolium.repens,Apis.mellifera,1
CH,2,A3,Intensive.agriculture,Trifolium.repens,Apis.mellifera,1
CH,2,A3,Intensive.agriculture,Trifolium.repens,Apis.mellifera,1
CH,2,A3,Intensive.agriculture,Trifolium.repens,Apis.mellifera,1
CH,2,A4,Intensive.agriculture,Echium.vulgare,Bombus.terrestris,1
CH,2,A4,Intensive.agriculture,Anthemis.tinctoria,Cheilosia.vernalis,1
CH,2,A4,Intensive.agriculture,Centaurea.jacea,Lasioglossum.fulvicorne,1
CH,2,A4,Intensive.agriculture,Centaurea.jacea,Halictus.simplex,1
CH,2,A4,Intensive.agriculture,Echium.vulgare,Bombus.hortorum,1
CH,2,A4,Intensive.agriculture,Echium.vulgare,Bombus.lapidarius,1
CH,2,A4,Intensive.agriculture,Anthemis.tinctoria,Cheilosia.sp,1
CH,2,A4,Intensive.agriculture,Centaurea.jacea,Bombus.lapidarius,1
CH,2,A4,Intensive.agriculture,Centaurea.jacea,Lasioglossum.pauxillum,1
CH,2,A4,Intensive.agriculture,Centaurea.jacea,Lasioglossum.malachurum,1
CH,2,A4,Intensive.agriculture,Echium.vulgare,Bombus.ruderatus,1
CH,2,A4,Intensive.agriculture,Echium.vulgare,Bombus.lapidarius,1
CH,2,A4,Intensive.agriculture,Echium.vulgare,Bombus.ruderatus,1
CH,2,A4,Intensive.agriculture,Echium.vulgare,Bombus.lapidarius,1
CH,2,A4,Intensive.agriculture,Centaurea.jacea,Lasioglossum.pauxillum,1
CH,2,A4,Intensive.agriculture,Echium.vulgare,Bombus.hortorum,1
CH,2,A4,Intensive.agriculture,Centaurea.jacea,Bombus.lapidarius,1
CH,2,A4,Intensive.agriculture,Anthemis.tinctoria,Sphaerophoria.sp,1
CH,2,A4,Intensive.agriculture,Echium.vulgare,Bombus.hortorum,1
CH,2,A4,Intensive.agriculture,Echium.vulgare,Bombus.ruderatus,1
CH,2,A4,Intensive.agriculture,Echium.vulgare,Bombus.ruderatus,1
CH,2,A4,Intensive.agriculture,Centaurea.jacea,Bombus.lapidarius,1
CH,2,A4,Intensive.agriculture,Anthemis.tinctoria,Cheilosia.vernalis,1
CH,2,A4,Intensive.agriculture,Centaurea.jacea,Bombus.terrestris,1
CH,2,A4,Intensive.agriculture,Echium.vulgare,Episyrphus.balteatus,1
CH,2,A4,Intensive.agriculture,Echium.vulgare,Bombus.ruderatus,1
CH,2,A4,Intensive.agriculture,Centaurea.jacea,Bombus.lapidarius,1
CH,2,A4,Intensive.agriculture,Echium.vulgare,Bombus.terrestris,1
CH,2,A4,Intensive.agriculture,Centaurea.jacea,Bombus.lapidarius,1
CH,2,A4,Intensive.agriculture,Centaurea.jacea,Bombus.lapidarius,1
CH,2,A4,Intensive.agriculture,Echium.vulgare,Bombus.hortorum,1
CH,2,A4,Intensive.agriculture,Echium.vulgare,Bombus.ruderatus,1
CH,2,A4,Intensive.agriculture,Centaurea.jacea,Lasioglossum.malachurum,1
CH,2,A4,Intensive.agriculture,Echium.vulgare,Bombus.ruderatus,1
CH,2,A4,Intensive.agriculture,Echium.vulgare,Bombus.terrestris,1
CH,2,A4,Intensive.agriculture,Anthemis.tinctoria,Cheilosia.vernalis,1
CH,2,A4,Intensive.agriculture,Echium.vulgare,Bombus.lapidarius,1
CH,2,A4,Intensive.agriculture,Centaurea.jacea,Bombus.lapidarius,1
CH,2,A4,Intensive.agriculture,Centaurea.jacea,Bombus.lapidarius,1
CH,2,A4,Intensive.agriculture,Anthemis.tinctoria,Cheilosia.vernalis,1
CH,2,A4,Intensive.agriculture,Echium.vulgare,Bombus.terrestris,1
CH,2,A4,Intensive.agriculture,Centaurea.jacea,Apis.mellifera,1
CH,2,A4,Intensive.agriculture,Centaurea.jacea,Apis.mellifera,1
CH,2,A4,Intensive.agriculture,Centaurea.jacea,Apis.mellifera,1
CH,2,A4,Intensive.agriculture,Centaurea.jacea,Apis.mellifera,1
CH,2,A4,Intensive.agriculture,Centaurea.jacea,Apis.mellifera,1
CH,2,A4,Intensive.agriculture,Centaurea.jacea,Apis.mellifera,1
CH,2,A4,Intensive.agriculture,Centaurea.jacea,Apis.mellifera,1
CH,2,A4,Intensive.agriculture,Centaurea.jacea,Apis.mellifera,1
CH,2,A4,Intensive.agriculture,Centaurea.jacea,Apis.mellifera,1
CH,2,A4,Intensive.agriculture,Centaurea.jacea,Apis.mellifera,1
CH,2,A4,Intensive.agriculture,Centaurea.jacea,Apis.mellifera,1
CH,2,A4,Intensive.agriculture,Centaurea.jacea,Apis.mellifera,1
CH,2,A4,Intensive.agriculture,Centaurea.jacea,Apis.mellifera,1
CH,2,A4,Intensive.agriculture,Centaurea.jacea,Apis.mellifera,1
CH,2,A4,Intensive.agriculture,Centaurea.jacea,Apis.mellifera,1
CH,2,A4,Intensive.agriculture,Centaurea.jacea,Apis.mellifera,1
CH,2,A4,Intensive.agriculture,Centaurea.jacea,Apis.mellifera,1
CH,2,A4,Intensive.agriculture,Centaurea.jacea,Apis.mellifera,1
CH,2,A4,Intensive.agriculture,Centaurea.jacea,Apis.mellifera,1
CH,2,A4,Intensive.agriculture,Centaurea.jacea,Apis.mellifera,1
CH,2,A4,Intensive.agriculture,Centaurea.jacea,Apis.mellifera,1
CH,2,A4,Intensive.agriculture,Centaurea.jacea,Apis.mellifera,1
CH,2,A4,Intensive.agriculture,Centaurea.jacea,Apis.mellifera,1
CH,2,A4,Intensive.agriculture,Centaurea.jacea,Apis.mellifera,1
CH,2,A4,Intensive.agriculture,Centaurea.jacea,Apis.mellifera,1
CH,2,A4,Intensive.agriculture,Centaurea.jacea,Apis.mellifera,1
CH,2,A4,Intensive.agriculture,Centaurea.jacea,Apis.mellifera,1
CH,2,A4,Intensive.agriculture,Centaurea.jacea,Apis.mellifera,1
CH,2,A4,Intensive.agriculture,Centaurea.jacea,Apis.mellifera,1
CH,2,A4,Intensive.agriculture,Centaurea.jacea,Apis.mellifera,1
CH,2,A4,Intensive.agriculture,Centaurea.jacea,Apis.mellifera,1
CH,2,A4,Intensive.agriculture,Centaurea.jacea,Apis.mellifera,1
CH,2,A4,Intensive.agriculture,Centaurea.jacea,Apis.mellifera,1
CH,2,A4,Intensive.agriculture,Centaurea.jacea,Apis.mellifera,1
CH,2,A4,Intensive.agriculture,Centaurea.jacea,Apis.mellifera,1
CH,2,A4,Intensive.agriculture,Centaurea.jacea,Apis.mellifera,1
CH,2,A4,Intensive.agriculture,Centaurea.jacea,Apis.mellifera,1
CH,2,A4,Intensive.agriculture,Centaurea.jacea,Apis.mellifera,1
CH,2,A4,Intensive.agriculture,Centaurea.jacea,Apis.mellifera,1
CH,2,A4,Intensive.agriculture,Centaurea.jacea,Apis.mellifera,1
CH,2,A4,Intensive.agriculture,Centaurea.jacea,Apis.mellifera,1
CH,2,A4,Intensive.agriculture,Centaurea.jacea,Apis.mellifera,1
CH,2,A4,Intensive.agriculture,Anthemis.tinctoria,wildbee,1
CH,2,A4,Intensive.agriculture,Echium.vulgare,Bombus.sp,1
CH,2,A4,Intensive.agriculture,Centaurea.jacea,Apis.mellifera,1
CH,2,A4,Intensive.agriculture,Echium.vulgare,Bombus.sp,1
CH,2,A4,Intensive.agriculture,Centaurea.jacea,wildbee,1
CH,2,A4,Intensive.agriculture,Centaurea.jacea,Apis.mellifera,1
CH,2,A4,Intensive.agriculture,Centaurea.jacea,Apis.mellifera,1
CH,2,A4,Intensive.agriculture,Centaurea.jacea,Apis.mellifera,1
CH,2,A4,Intensive.agriculture,Centaurea.jacea,Apis.mellifera,1
CH,2,A4,Intensive.agriculture,Centaurea.jacea,Apis.mellifera,1
CH,2,A4,Intensive.agriculture,Centaurea.jacea,Apis.mellifera,1
CH,2,A4,Intensive.agriculture,Centaurea.jacea,Apis.mellifera,1
CH,2,A4,Intensive.agriculture,Centaurea.jacea,Apis.mellifera,1
CH,2,A4,Intensive.agriculture,Centaurea.jacea,Apis.mellifera,1
CH,2,A4,Intensive.agriculture,Centaurea.jacea,Apis.mellifera,1
CH,2,A4,Intensive.agriculture,Centaurea.jacea,Apis.mellifera,1
CH,2,A4,Intensive.agriculture,Echium.vulgare,Bombus.sp,1
CH,2,A4,Intensive.agriculture,Centaurea.jacea,Bombus.sp,1
CH,2,A4,Intensive.agriculture,Centaurea.jacea,Apis.mellifera,1
CH,2,A4,Intensive.agriculture,Centaurea.jacea,Apis.mellifera,1
CH,2,A4,Intensive.agriculture,Centaurea.jacea,Apis.mellifera,1
CH,2,A4,Intensive.agriculture,Centaurea.jacea,Apis.mellifera,1
CH,2,A4,Intensive.agriculture,Centaurea.jacea,Apis.mellifera,1
CH,2,A4,Intensive.agriculture,Centaurea.jacea,Apis.mellifera,1
CH,2,A4,Intensive.agriculture,Centaurea.jacea,Apis.mellifera,1
CH,2,A4,Intensive.agriculture,Centaurea.jacea,Apis.mellifera,1
CH,2,A4,Intensive.agriculture,Centaurea.jacea,Apis.mellifera,1
CH,2,A4,Intensive.agriculture,Centaurea.jacea,Apis.mellifera,1
CH,2,A4,Intensive.agriculture,Centaurea.jacea,Apis.mellifera,1
CH,2,A4,Intensive.agriculture,Centaurea.jacea,Apis.mellifera,1
CH,2,A4,Intensive.agriculture,Centaurea.jacea,Apis.mellifera,1
CH,2,A4,Intensive.agriculture,Centaurea.jacea,Apis.mellifera,1
CH,2,A4,Intensive.agriculture,Centaurea.jacea,Apis.mellifera,1
CH,2,A4,Intensive.agriculture,Centaurea.jacea,Apis.mellifera,1
CH,2,A4,Intensive.agriculture,Centaurea.jacea,Apis.mellifera,1
CH,2,A4,Intensive.agriculture,Centaurea.jacea,Apis.mellifera,1
CH,2,A4,Intensive.agriculture,Centaurea.jacea,Apis.mellifera,1
CH,2,A4,Intensive.agriculture,Geranium.pyrenaicum,wildbee,1
CH,2,A4,Intensive.agriculture,Centaurea.jacea,Apis.mellifera,1
CH,2,A4,Intensive.agriculture,Centaurea.jacea,Apis.mellifera,1
CH,2,A4,Intensive.agriculture,Centaurea.jacea,Apis.mellifera,1
CH,2,A4,Intensive.agriculture,Echium.vulgare,Bombus.sp,1
CH,2,A4,Intensive.agriculture,Echium.vulgare,Bombus.sp,1
CH,2,A4,Intensive.agriculture,Echium.vulgare,Apis.mellifera,1
CH,2,A4,Intensive.agriculture,Anthemis.tinctoria,wildbee,1
CH,2,A4,Intensive.agriculture,Centaurea.jacea,Apis.mellifera,1
CH,2,A4,Intensive.agriculture,Centaurea.jacea,Apis.mellifera,1
CH,2,A4,Intensive.agriculture,Echium.vulgare,Apis.mellifera,1
CH,2,A4,Intensive.agriculture,Echium.vulgare,Bombus.sp,1
CH,2,A4,Intensive.agriculture,Centaurea.jacea,Apis.mellifera,1
CH,2,A4,Intensive.agriculture,Centaurea.jacea,Apis.mellifera,1
CH,2,A4,Intensive.agriculture,Centaurea.jacea,Apis.mellifera,1
CH,2,A4,Intensive.agriculture,Centaurea.jacea,Apis.mellifera,1
CH,2,A4,Intensive.agriculture,Centaurea.jacea,Apis.mellifera,1
CH,2,A4,Intensive.agriculture,Centaurea.jacea,Apis.mellifera,1
CH,2,A4,Intensive.agriculture,Centaurea.jacea,Apis.mellifera,1
CH,2,A4,Intensive.agriculture,Centaurea.jacea,Apis.mellifera,1
CH,2,A4,Intensive.agriculture,Echium.vulgare,Apis.mellifera,1
CH,2,A4,Intensive.agriculture,Plantago.lanceolata,Bombus.lucorum,1
CH,2,A4,Intensive.agriculture,Trifolium.repens,Bombus.pascuorum,1
CH,2,A4,Intensive.agriculture,Trifolium.repens,Bombus.sylvarum,1
CH,2,A4,Intensive.agriculture,Potentilla.reptans,Lasioglossum.pauxillum,1
CH,2,A4,Intensive.agriculture,Plantago.lanceolata,Lasioglossum.pauxillum,1
CH,2,A4,Intensive.agriculture,Trifolium.repens,Bombus.sp,1
CH,2,A4,Intensive.agriculture,Trifolium.repens,Apis.mellifera,1
CH,2,A4,Intensive.agriculture,Potentilla.reptans,wildbee,1
CH,2,A4,Intensive.agriculture,Trifolium.repens,Apis.mellifera,1
CH,2,A4,Intensive.agriculture,Trifolium.repens,Apis.mellifera,1
CH,2,A4,Intensive.agriculture,Trifolium.repens,Apis.mellifera,1
CH,2,A4,Intensive.agriculture,Centaurea.scabiosa,Bombus.pascuorum,1
CH,2,A4,Intensive.agriculture,Centaurea.jacea,Bombus.lapidarius,1
CH,2,A4,Intensive.agriculture,Centaurea.jacea,Bombus.sylvestris,1
CH,2,A4,Intensive.agriculture,Centaurea.jacea,Halictus.simplex,1
CH,2,A4,Intensive.agriculture,Centaurea.jacea,Bombus.lapidarius,1
CH,2,A4,Intensive.agriculture,Centaurea.jacea,Bombus.humilis,1
CH,2,A4,Intensive.agriculture,Centaurea.jacea,Bombus.lapidarius,1
CH,2,A4,Intensive.agriculture,Centaurea.jacea,Bombus.humilis,1
CH,2,A4,Intensive.agriculture,Centaurea.jacea,Sphaerophoria.sp,1
CH,2,A4,Intensive.agriculture,Centaurea.jacea,Bombus.pascuorum,1
CH,2,A4,Intensive.agriculture,Achillea.millefolium,Sphaerophoria.sp,1
CH,2,A4,Intensive.agriculture,Trifolium.pratense,Bombus.sylvarum,1
CH,2,A4,Intensive.agriculture,Centaurea.jacea,Bombus.lapidarius,1
CH,2,A4,Intensive.agriculture,Centaurea.scabiosa,Bombus.lapidarius,1
CH,2,A4,Intensive.agriculture,Rhinanthus.alectorolophus,Bombus.lucorum,1
CH,2,A4,Intensive.agriculture,Centaurea.jacea,Halictus.simplex,1
CH,2,A4,Intensive.agriculture,Centaurea.scabiosa,Halictus.scabiosae,1
CH,2,A4,Intensive.agriculture,Centaurea.jacea,Apis.mellifera,1
CH,2,A4,Intensive.agriculture,Centaurea.jacea,Apis.mellifera,1
CH,2,A4,Intensive.agriculture,Centaurea.jacea,Apis.mellifera,1
CH,2,A4,Intensive.agriculture,Centaurea.jacea,Apis.mellifera,1
CH,2,A4,Intensive.agriculture,Centaurea.jacea,Bombus.sp,1
CH,2,A4,Intensive.agriculture,Centaurea.jacea,Apis.mellifera,1
CH,2,A4,Intensive.agriculture,Centaurea.jacea,Apis.mellifera,1
CH,2,A4,Intensive.agriculture,Centaurea.jacea,Apis.mellifera,1
CH,2,A4,Intensive.agriculture,Centaurea.jacea,Apis.mellifera,1
CH,2,A4,Intensive.agriculture,Centaurea.jacea,Apis.mellifera,1
CH,2,A4,Intensive.agriculture,Centaurea.jacea,Apis.mellifera,1
CH,2,A4,Intensive.agriculture,Centaurea.jacea,Apis.mellifera,1
CH,2,A4,Intensive.agriculture,Centaurea.jacea,Apis.mellifera,1
CH,2,A4,Intensive.agriculture,Centaurea.jacea,Apis.mellifera,1
CH,2,A4,Intensive.agriculture,Centaurea.jacea,Apis.mellifera,1
CH,2,A4,Intensive.agriculture,Centaurea.jacea,Apis.mellifera,1
CH,2,A4,Intensive.agriculture,Centaurea.jacea,Apis.mellifera,1
CH,2,A4,Intensive.agriculture,Centaurea.jacea,Apis.mellifera,1
CH,2,A4,Intensive.agriculture,Centaurea.jacea,Apis.mellifera,1
CH,2,A4,Intensive.agriculture,Centaurea.jacea,Apis.mellifera,1
CH,2,A4,Intensive.agriculture,Centaurea.jacea,Apis.mellifera,1
CH,2,A4,Intensive.agriculture,Centaurea.jacea,Apis.mellifera,1
CH,2,A4,Intensive.agriculture,Centaurea.jacea,Apis.mellifera,1
CH,2,A4,Intensive.agriculture,Centaurea.scabiosa,Apis.mellifera,1
CH,2,R1,Rural.habitat.mosaic,Cornus.sanguinea,Apis.mellifera,1
CH,2,R1,Rural.habitat.mosaic,Cornus.sanguinea,Apis.mellifera,1
CH,2,R1,Rural.habitat.mosaic,Rosa.canina.aggr,Apis.mellifera,1
CH,2,R1,Rural.habitat.mosaic,Cornus.sanguinea,wildbee,1
CH,2,R1,Rural.habitat.mosaic,Cornus.sanguinea,Apis.mellifera,1
CH,2,R1,Rural.habitat.mosaic,Cornus.sanguinea,Apis.mellifera,1
CH,2,R1,Rural.habitat.mosaic,Cornus.sanguinea,Apis.mellifera,1
CH,2,R1,Rural.habitat.mosaic,Cornus.sanguinea,Apis.mellifera,1
CH,2,R1,Rural.habitat.mosaic,Cornus.sanguinea,Apis.mellifera,1
CH,2,R1,Rural.habitat.mosaic,Cornus.sanguinea,Apis.mellifera,1
CH,2,R1,Rural.habitat.mosaic,Cornus.sanguinea,Apis.mellifera,1
CH,2,R1,Rural.habitat.mosaic,Cornus.sanguinea,Apis.mellifera,1
CH,2,R1,Rural.habitat.mosaic,Cornus.sanguinea,Apis.mellifera,1
CH,2,R1,Rural.habitat.mosaic,Knautia.arvensis,Apis.mellifera,1
CH,2,R1,Rural.habitat.mosaic,Knautia.arvensis,Apis.mellifera,1
CH,2,R1,Rural.habitat.mosaic,Rosa.canina.aggr,Apis.mellifera,1
CH,2,R1,Rural.habitat.mosaic,Cornus.sanguinea,Bombus.sp,1
CH,2,R1,Rural.habitat.mosaic,Rosa.canina.aggr,Apis.mellifera,1
CH,2,R1,Rural.habitat.mosaic,Rosa.canina.aggr,Apis.mellifera,1
CH,2,R1,Rural.habitat.mosaic,Cornus.sanguinea,Apis.mellifera,1
CH,2,R1,Rural.habitat.mosaic,Knautia.arvensis,Apis.mellifera,1
CH,2,R1,Rural.habitat.mosaic,Knautia.arvensis,Apis.mellifera,1
CH,2,R1,Rural.habitat.mosaic,Knautia.arvensis,Apis.mellifera,1
CH,2,R1,Rural.habitat.mosaic,Rubus.fruticosus.aggr,Bombus.pratorum,1
CH,2,R1,Rural.habitat.mosaic,Ranunculus.repens,Syrphidae.sp,1
CH,2,R1,Rural.habitat.mosaic,Rubus.caesius,Bombus.lucorum,1
CH,2,R1,Rural.habitat.mosaic,Rubus.caesius,Bombus.sp,1
CH,2,R1,Rural.habitat.mosaic,Rubus.fruticosus.aggr,Bombus.sp,1
CH,2,R1,Rural.habitat.mosaic,Rhinanthus.alectorolophus,Bombus.terrestris,1
CH,2,R1,Rural.habitat.mosaic,Knautia.arvensis,Halictus.simplex,1
CH,2,R1,Rural.habitat.mosaic,Knautia.arvensis,Halictus.simplex,1
CH,2,R1,Rural.habitat.mosaic,Knautia.arvensis,Bombus.sylvarum,1
CH,2,R1,Rural.habitat.mosaic,Knautia.arvensis,Halictus.simplex,1
CH,2,R1,Rural.habitat.mosaic,Centaurea.jacea,Halictus.eurygnathus,1
CH,2,R1,Rural.habitat.mosaic,Knautia.arvensis,Halictus.eurygnathus,1
CH,2,R1,Rural.habitat.mosaic,Heracleum.sphondylium,Sphecodes.gibbus,1
CH,2,R1,Rural.habitat.mosaic,Knautia.arvensis,Bombus.lapidarius,1
CH,2,R1,Rural.habitat.mosaic,Knautia.arvensis,Halictus.tumulorum,1
CH,2,R1,Rural.habitat.mosaic,Centaurea.jacea,Halictus.langobardicus,1
CH,2,R1,Rural.habitat.mosaic,Knautia.arvensis,Bombus.hortorum,1
CH,2,R1,Rural.habitat.mosaic,Knautia.arvensis,Lasioglossum.malachurum,1
CH,2,R1,Rural.habitat.mosaic,Pimpinella.major,Sphaerophoria.philanthus,1
CH,2,R1,Rural.habitat.mosaic,Knautia.arvensis,Bombus.lapidarius,1
CH,2,R1,Rural.habitat.mosaic,Knautia.arvensis,Halictus.eurygnathus,1
CH,2,R1,Rural.habitat.mosaic,Heracleum.sphondylium,Lasioglossum.glabriusculum,1
CH,2,R1,Rural.habitat.mosaic,Centaurea.jacea,Apis.mellifera,1
CH,2,R1,Rural.habitat.mosaic,Plantago.media,Apis.mellifera,1
CH,2,R1,Rural.habitat.mosaic,Knautia.arvensis,wildbee,1
CH,2,R1,Rural.habitat.mosaic,Knautia.arvensis,Apis.mellifera,1
CH,2,R1,Rural.habitat.mosaic,Knautia.arvensis,wildbee,1
CH,2,R1,Rural.habitat.mosaic,Knautia.arvensis,Apis.mellifera,1
CH,2,R1,Rural.habitat.mosaic,Knautia.arvensis,Apis.mellifera,1
CH,2,R1,Rural.habitat.mosaic,Knautia.arvensis,Apis.mellifera,1
CH,2,R1,Rural.habitat.mosaic,Knautia.arvensis,Apis.mellifera,1
CH,2,R1,Rural.habitat.mosaic,Knautia.arvensis,Apis.mellifera,1
CH,2,R1,Rural.habitat.mosaic,Knautia.arvensis,Apis.mellifera,1
CH,2,R1,Rural.habitat.mosaic,Knautia.arvensis,Apis.mellifera,1
CH,2,R1,Rural.habitat.mosaic,Knautia.arvensis,Apis.mellifera,1
CH,2,R1,Rural.habitat.mosaic,Knautia.arvensis,Apis.mellifera,1
CH,2,R1,Rural.habitat.mosaic,Knautia.arvensis,Apis.mellifera,1
CH,2,R1,Rural.habitat.mosaic,Knautia.arvensis,Apis.mellifera,1
CH,2,R1,Rural.habitat.mosaic,Knautia.arvensis,Apis.mellifera,1
CH,2,R1,Rural.habitat.mosaic,Knautia.arvensis,Apis.mellifera,1
CH,2,R1,Rural.habitat.mosaic,Knautia.arvensis,Apis.mellifera,1
CH,2,R1,Rural.habitat.mosaic,Knautia.arvensis,Apis.mellifera,1
CH,2,R1,Rural.habitat.mosaic,Knautia.arvensis,Apis.mellifera,1
CH,2,R1,Rural.habitat.mosaic,Knautia.arvensis,Apis.mellifera,1
CH,2,R1,Rural.habitat.mosaic,Knautia.arvensis,Apis.mellifera,1
CH,2,R1,Rural.habitat.mosaic,Knautia.arvensis,Apis.mellifera,1
CH,2,R1,Rural.habitat.mosaic,Knautia.arvensis,Apis.mellifera,1
CH,2,R1,Rural.habitat.mosaic,Knautia.arvensis,Apis.mellifera,1
CH,2,R1,Rural.habitat.mosaic,Knautia.arvensis,Apis.mellifera,1
CH,2,R1,Rural.habitat.mosaic,Knautia.arvensis,Apis.mellifera,1
CH,2,R1,Rural.habitat.mosaic,Knautia.arvensis,Apis.mellifera,1
CH,2,R1,Rural.habitat.mosaic,Knautia.arvensis,Apis.mellifera,1
CH,2,R1,Rural.habitat.mosaic,Knautia.arvensis,Apis.mellifera,1
CH,2,R1,Rural.habitat.mosaic,Knautia.arvensis,Apis.mellifera,1
CH,2,R1,Rural.habitat.mosaic,Knautia.arvensis,Apis.mellifera,1
CH,2,R1,Rural.habitat.mosaic,Knautia.arvensis,Apis.mellifera,1
CH,2,R1,Rural.habitat.mosaic,Knautia.arvensis,Apis.mellifera,1
CH,2,R1,Rural.habitat.mosaic,Knautia.arvensis,Apis.mellifera,1
CH,2,R1,Rural.habitat.mosaic,Knautia.arvensis,Apis.mellifera,1
CH,2,R1,Rural.habitat.mosaic,Knautia.arvensis,Apis.mellifera,1
CH,2,R1,Rural.habitat.mosaic,Knautia.arvensis,Apis.mellifera,1
CH,2,R1,Rural.habitat.mosaic,Knautia.arvensis,Apis.mellifera,1
CH,2,R1,Rural.habitat.mosaic,Knautia.arvensis,Apis.mellifera,1
CH,2,R1,Rural.habitat.mosaic,Picris.hieracioides,Lasioglossum.villosulum,1
CH,2,R1,Rural.habitat.mosaic,Crepis.biennis,Sphaerophoria.scripta,1
CH,2,R1,Rural.habitat.mosaic,Ranunculus.bulbosus,Lasioglossum.malachurum,1
CH,2,R1,Rural.habitat.mosaic,Ranunculus.bulbosus,Sphaerophoria.philanthus,1
CH,2,R1,Rural.habitat.mosaic,Plantago.media,Lasioglossum.malachurum,1
CH,2,R1,Rural.habitat.mosaic,Plantago.media,Lasioglossum.malachurum,1
CH,2,R1,Rural.habitat.mosaic,Picris.hieracioides,Lasioglossum.villosulum,1
CH,2,R1,Rural.habitat.mosaic,Ranunculus.bulbosus,Lasioglossum.malachurum,1
CH,2,R1,Rural.habitat.mosaic,Ranunculus.bulbosus,Lasioglossum.malachurum,1
CH,2,R1,Rural.habitat.mosaic,Leucanthemum.vulgare,wildbee,1
CH,2,R1,Rural.habitat.mosaic,Picris.hieracioides,Lasioglossum.malachurum,1
CH,2,R1,Rural.habitat.mosaic,Centaurea.jacea,Bombus.ruderarius,1
CH,2,R1,Rural.habitat.mosaic,Centaurea.jacea,Bombus.lapidarius,1
CH,2,R1,Rural.habitat.mosaic,Picris.hieracioides,Lasioglossum.malachurum,1
CH,2,R1,Rural.habitat.mosaic,Ranunculus.bulbosus,Lasioglossum.glabriusculum,1
CH,2,R1,Rural.habitat.mosaic,Centaurea.jacea,Lasioglossum.malachurum,1
CH,2,R1,Rural.habitat.mosaic,Picris.hieracioides,Lasioglossum.villosulum,1
CH,2,R1,Rural.habitat.mosaic,Onobrychis.viciifolia,Bombus.lapidarius,1
CH,2,R1,Rural.habitat.mosaic,Centaurea.jacea,Lasioglossum.malachurum,1
CH,2,R1,Rural.habitat.mosaic,Picris.hieracioides,wildbee,1
CH,2,R1,Rural.habitat.mosaic,Picris.hieracioides,Lasioglossum.malachurum,1
CH,2,R1,Rural.habitat.mosaic,Picris.hieracioides,wildbee,1
CH,2,R1,Rural.habitat.mosaic,Centaurea.jacea,Lasioglossum.glabriusculum,1
CH,2,R1,Rural.habitat.mosaic,Centaurea.jacea,Lasioglossum.malachurum,1
CH,2,R1,Rural.habitat.mosaic,Crepis.biennis,Lasioglossum.malachurum,1
CH,2,R1,Rural.habitat.mosaic,Centaurea.jacea,Lasioglossum.malachurum,1
CH,2,R1,Rural.habitat.mosaic,Tragopogon.pratensis,Sphaerophoria.philanthus,1
CH,2,R1,Rural.habitat.mosaic,Centaurea.jacea,Halictus.eurygnathus,1
CH,2,R1,Rural.habitat.mosaic,Crepis.biennis,Lasioglossum.villosulum,1
CH,2,R1,Rural.habitat.mosaic,Picris.hieracioides,Sphaerophoria.sp,1
CH,2,R1,Rural.habitat.mosaic,Picris.hieracioides,Lasioglossum.malachurum,1
CH,2,R1,Rural.habitat.mosaic,Knautia.arvensis,Lasioglossum.malachurum,1
CH,2,R1,Rural.habitat.mosaic,Leucanthemum.vulgare,Syrphidae.sp,1
CH,2,R1,Rural.habitat.mosaic,Knautia.arvensis,Apis.mellifera,1
CH,2,R1,Rural.habitat.mosaic,Knautia.arvensis,Apis.mellifera,1
CH,2,R1,Rural.habitat.mosaic,Knautia.arvensis,Apis.mellifera,1
CH,2,R1,Rural.habitat.mosaic,Knautia.arvensis,Apis.mellifera,1
CH,2,R1,Rural.habitat.mosaic,Knautia.arvensis,Apis.mellifera,1
CH,2,R1,Rural.habitat.mosaic,Knautia.arvensis,Apis.mellifera,1
CH,2,R1,Rural.habitat.mosaic,Crepis.biennis,Syrphidae.sp,1
CH,2,R1,Rural.habitat.mosaic,Crepis.biennis,Apis.mellifera,1
CH,2,R1,Rural.habitat.mosaic,Knautia.arvensis,Apis.mellifera,1
CH,2,R1,Rural.habitat.mosaic,Knautia.arvensis,Apis.mellifera,1
CH,2,R1,Rural.habitat.mosaic,Centaurea.jacea,Apis.mellifera,1
CH,2,R1,Rural.habitat.mosaic,Centaurea.jacea,Apis.mellifera,1
CH,2,R1,Rural.habitat.mosaic,Centaurea.jacea,Apis.mellifera,1
CH,2,R1,Rural.habitat.mosaic,Knautia.arvensis,Apis.mellifera,1
CH,2,R1,Rural.habitat.mosaic,Centaurea.jacea,Apis.mellifera,1
CH,2,R1,Rural.habitat.mosaic,Centaurea.jacea,Apis.mellifera,1
CH,2,R1,Rural.habitat.mosaic,Centaurea.jacea,Apis.mellifera,1
CH,2,R1,Rural.habitat.mosaic,Centaurea.jacea,Apis.mellifera,1
CH,2,R1,Rural.habitat.mosaic,Centaurea.jacea,Apis.mellifera,1
CH,2,R1,Rural.habitat.mosaic,Centaurea.jacea,Apis.mellifera,1
CH,2,R1,Rural.habitat.mosaic,Centaurea.jacea,Apis.mellifera,1
CH,2,R1,Rural.habitat.mosaic,Centaurea.jacea,Apis.mellifera,1
CH,2,R1,Rural.habitat.mosaic,Centaurea.jacea,Apis.mellifera,1
CH,2,R1,Rural.habitat.mosaic,Centaurea.jacea,Apis.mellifera,1
CH,2,R1,Rural.habitat.mosaic,Centaurea.jacea,Apis.mellifera,1
CH,2,R1,Rural.habitat.mosaic,Centaurea.jacea,Apis.mellifera,1
CH,2,R1,Rural.habitat.mosaic,Knautia.arvensis,Apis.mellifera,1
CH,2,R1,Rural.habitat.mosaic,Plantago.media,Bombus.sp,1
CH,2,R1,Rural.habitat.mosaic,Ranunculus.bulbosus,wildbee,1
CH,2,R1,Rural.habitat.mosaic,Onobrychis.viciifolia,Bombus.lapidarius,1
CH,2,R1,Rural.habitat.mosaic,Lotus.corniculatus,Bombus.terrestris,1
CH,2,R1,Rural.habitat.mosaic,Ranunculus.bulbosus,Lasioglossum.malachurum,1
CH,2,R1,Rural.habitat.mosaic,Knautia.arvensis,Halictus.eurygnathus,1
CH,2,R1,Rural.habitat.mosaic,Taraxacum.officinale,Sphaerophoria.sp,1
CH,2,R1,Rural.habitat.mosaic,Onobrychis.viciifolia,Bombus.ruderarius,1
CH,2,R1,Rural.habitat.mosaic,Centaurea.jacea,Halictus.eurygnathus,1
CH,2,R1,Rural.habitat.mosaic,Tragopogon.pratensis,Lasioglossum.malachurum,1
CH,2,R1,Rural.habitat.mosaic,Ranunculus.bulbosus,Lasioglossum.pauxillum,1
CH,2,R1,Rural.habitat.mosaic,Ranunculus.bulbosus,Lasioglossum.malachurum,1
CH,2,R1,Rural.habitat.mosaic,Crepis.biennis,wildbee,1
CH,2,R1,Rural.habitat.mosaic,Geranium.pyrenaicum,Sphaerophoria.taeniata,1
CH,2,R1,Rural.habitat.mosaic,Trifolium.repens,Apis.mellifera,1
CH,2,R1,Rural.habitat.mosaic,Trifolium.repens,Apis.mellifera,1
CH,2,R1,Rural.habitat.mosaic,Plantago.media,Apis.mellifera,1
CH,2,R1,Rural.habitat.mosaic,Centaurea.jacea,Apis.mellifera,1
CH,2,R1,Rural.habitat.mosaic,Plantago.media,Apis.mellifera,1
CH,2,R1,Rural.habitat.mosaic,Knautia.arvensis,Apis.mellifera,1
CH,2,R1,Rural.habitat.mosaic,Plantago.media,Apis.mellifera,1
CH,2,R1,Rural.habitat.mosaic,Knautia.arvensis,Apis.mellifera,1
CH,2,R1,Rural.habitat.mosaic,Geranium.pyrenaicum,wildbee,1
CH,2,R1,Rural.habitat.mosaic,Plantago.media,wildbee,1
CH,2,R1,Rural.habitat.mosaic,Knautia.arvensis,Apis.mellifera,1
CH,2,R1,Rural.habitat.mosaic,Knautia.arvensis,Apis.mellifera,1
CH,2,R1,Rural.habitat.mosaic,Knautia.arvensis,Apis.mellifera,1
CH,2,R1,Rural.habitat.mosaic,Knautia.arvensis,Apis.mellifera,1
CH,2,R1,Rural.habitat.mosaic,Vicia.sepium,Bombus.sp,1
CH,2,R1,Rural.habitat.mosaic,Knautia.arvensis,Apis.mellifera,1
CH,2,R1,Rural.habitat.mosaic,Knautia.arvensis,Apis.mellifera,1
CH,2,R1,Rural.habitat.mosaic,Knautia.arvensis,Apis.mellifera,1
CH,2,R1,Rural.habitat.mosaic,Knautia.arvensis,Apis.mellifera,1
CH,2,R1,Rural.habitat.mosaic,Knautia.arvensis,Apis.mellifera,1
CH,2,R1,Rural.habitat.mosaic,Knautia.arvensis,Apis.mellifera,1
CH,2,R1,Rural.habitat.mosaic,Knautia.arvensis,Apis.mellifera,1
CH,2,R1,Rural.habitat.mosaic,Knautia.arvensis,Apis.mellifera,1
CH,2,R1,Rural.habitat.mosaic,Knautia.arvensis,Apis.mellifera,1
CH,2,R1,Rural.habitat.mosaic,Knautia.arvensis,Apis.mellifera,1
CH,2,R1,Rural.habitat.mosaic,Centaurea.jacea,Apis.mellifera,1
CH,2,R1,Rural.habitat.mosaic,Knautia.arvensis,Apis.mellifera,1
CH,2,R1,Rural.habitat.mosaic,Knautia.arvensis,Apis.mellifera,1
CH,2,R1,Rural.habitat.mosaic,Knautia.arvensis,Apis.mellifera,1
CH,2,R1,Rural.habitat.mosaic,Vicia.sepium,Bombus.sp,1
CH,2,R1,Rural.habitat.mosaic,Knautia.arvensis,Apis.mellifera,1
CH,2,R1,Rural.habitat.mosaic,Knautia.arvensis,Apis.mellifera,1
CH,2,R1,Rural.habitat.mosaic,Knautia.arvensis,Apis.mellifera,1
CH,2,R1,Rural.habitat.mosaic,Knautia.arvensis,Apis.mellifera,1
CH,2,R1,Rural.habitat.mosaic,Salvia.pratensis,Bombus.sp,1
CH,2,R1,Rural.habitat.mosaic,Centaurea.jacea,Apis.mellifera,1
CH,2,R1,Rural.habitat.mosaic,Knautia.arvensis,Apis.mellifera,1
CH,2,R1,Rural.habitat.mosaic,Ranunculus.bulbosus,wildbee,1
CH,2,R1,Rural.habitat.mosaic,Rosa.canina.aggr,Bombus.hypnorum,1
CH,2,R1,Rural.habitat.mosaic,Ligustrum.vulgare,Halictus.langobardicus,1
CH,2,R1,Rural.habitat.mosaic,Ligustrum.vulgare,Halictus.langobardicus,1
CH,2,R1,Rural.habitat.mosaic,Rosa.canina.aggr,Apis.mellifera,1
CH,2,R1,Rural.habitat.mosaic,Ligustrum.vulgare,Apis.mellifera,1
CH,2,R1,Rural.habitat.mosaic,Ligustrum.vulgare,Apis.mellifera,1
CH,2,R1,Rural.habitat.mosaic,Rosa.canina.aggr,Apis.mellifera,1
CH,2,R2,Rural.habitat.mosaic,Knautia.arvensis,Apis.mellifera,1
CH,2,R2,Rural.habitat.mosaic,Knautia.arvensis,Apis.mellifera,1
CH,2,R2,Rural.habitat.mosaic,Rosa.canina.aggr,Apis.mellifera,1
CH,2,R2,Rural.habitat.mosaic,Rosa.canina.aggr,Apis.mellifera,1
CH,2,R2,Rural.habitat.mosaic,Rosa.canina.aggr,Apis.mellifera,1
CH,2,R2,Rural.habitat.mosaic,Knautia.arvensis,Apis.mellifera,1
CH,2,R2,Rural.habitat.mosaic,Knautia.arvensis,Apis.mellifera,1
CH,2,R2,Rural.habitat.mosaic,Knautia.arvensis,Apis.mellifera,1
CH,2,R2,Rural.habitat.mosaic,,Lasioglossum.malachurum,0
CH,2,R2,Rural.habitat.mosaic,Trifolium.pratense,Bombus.hortorum,1
CH,2,R2,Rural.habitat.mosaic,Trifolium.pratense,Bombus.ruderarius,1
CH,2,R2,Rural.habitat.mosaic,Trifolium.pratense,Bombus.pascuorum,1
CH,2,R2,Rural.habitat.mosaic,Trifolium.pratense,Bombus.hortorum,1
CH,2,R2,Rural.habitat.mosaic,Trifolium.pratense,Bombus.humilis,1
CH,2,R2,Rural.habitat.mosaic,Trifolium.pratense,Bombus.lapidarius,1
CH,2,R2,Rural.habitat.mosaic,Trifolium.pratense,Bombus.hortorum,1
CH,2,R2,Rural.habitat.mosaic,Trifolium.pratense,Bombus.sylvarum,1
CH,2,R2,Rural.habitat.mosaic,Knautia.arvensis,Halictus.langobardicus,1
CH,2,R2,Rural.habitat.mosaic,Centaurea.jacea,Lasioglossum.malachurum,1
CH,2,R2,Rural.habitat.mosaic,Knautia.arvensis,Rhingia.campestris,1
CH,2,R2,Rural.habitat.mosaic,Centaurea.jacea,Halictus.tumulorum,1
CH,2,R2,Rural.habitat.mosaic,Knautia.arvensis,Lasioglossum.malachurum,1
CH,2,R2,Rural.habitat.mosaic,Trifolium.pratense,Bombus.pascuorum,1
CH,2,R2,Rural.habitat.mosaic,Trifolium.pratense,Bombus.sylvarum,1
CH,2,R2,Rural.habitat.mosaic,Rhinanthus.alectorolophus,Bombus.terrestris,1
CH,2,R2,Rural.habitat.mosaic,Trifolium.pratense,Bombus.pascuorum,1
CH,2,R2,Rural.habitat.mosaic,Ranunculus.acris,Sphaerophoria.sp,1
CH,2,R2,Rural.habitat.mosaic,Knautia.arvensis,Halictus.simplex,1
CH,2,R2,Rural.habitat.mosaic,Trifolium.pratense,Bombus.sylvarum,1
CH,2,R2,Rural.habitat.mosaic,Trifolium.pratense,Bombus.humilis,1
CH,2,R2,Rural.habitat.mosaic,Vicia.sepium,Eucera.nigrescens,1
CH,2,R2,Rural.habitat.mosaic,Trifolium.pratense,Bombus.hortorum,1
CH,2,R2,Rural.habitat.mosaic,Knautia.arvensis,Episyrphus.balteatus,1
CH,2,R2,Rural.habitat.mosaic,Knautia.arvensis,Apis.mellifera,1
CH,2,R2,Rural.habitat.mosaic,Knautia.arvensis,Apis.mellifera,1
CH,2,R2,Rural.habitat.mosaic,Knautia.arvensis,Apis.mellifera,1
CH,2,R2,Rural.habitat.mosaic,Knautia.arvensis,Apis.mellifera,1
CH,2,R2,Rural.habitat.mosaic,Knautia.arvensis,Apis.mellifera,1
CH,2,R2,Rural.habitat.mosaic,Knautia.arvensis,Apis.mellifera,1
CH,2,R2,Rural.habitat.mosaic,Knautia.arvensis,Apis.mellifera,1
CH,2,R2,Rural.habitat.mosaic,Knautia.arvensis,Apis.mellifera,1
CH,2,R2,Rural.habitat.mosaic,Knautia.arvensis,Apis.mellifera,1
CH,2,R2,Rural.habitat.mosaic,Knautia.arvensis,Apis.mellifera,1
CH,2,R2,Rural.habitat.mosaic,Knautia.arvensis,Apis.mellifera,1
CH,2,R2,Rural.habitat.mosaic,Knautia.arvensis,Apis.mellifera,1
CH,2,R2,Rural.habitat.mosaic,Knautia.arvensis,Apis.mellifera,1
CH,2,R2,Rural.habitat.mosaic,Knautia.arvensis,Apis.mellifera,1
CH,2,R2,Rural.habitat.mosaic,Knautia.arvensis,Apis.mellifera,1
CH,2,R2,Rural.habitat.mosaic,Knautia.arvensis,Apis.mellifera,1
CH,2,R2,Rural.habitat.mosaic,Knautia.arvensis,Apis.mellifera,1
CH,2,R2,Rural.habitat.mosaic,Knautia.arvensis,Apis.mellifera,1
CH,2,R2,Rural.habitat.mosaic,Knautia.arvensis,Apis.mellifera,1
CH,2,R2,Rural.habitat.mosaic,Knautia.arvensis,Apis.mellifera,1
CH,2,R2,Rural.habitat.mosaic,Centaurea.jacea,Apis.mellifera,1
CH,2,R2,Rural.habitat.mosaic,Centaurea.jacea,Apis.mellifera,1
CH,2,R2,Rural.habitat.mosaic,Knautia.arvensis,Apis.mellifera,1
CH,2,R2,Rural.habitat.mosaic,Knautia.arvensis,Apis.mellifera,1
CH,2,R2,Rural.habitat.mosaic,Knautia.arvensis,Apis.mellifera,1
CH,2,R2,Rural.habitat.mosaic,Knautia.arvensis,Apis.mellifera,1
CH,2,R2,Rural.habitat.mosaic,Knautia.arvensis,Apis.mellifera,1
CH,2,R2,Rural.habitat.mosaic,Knautia.arvensis,Apis.mellifera,1
CH,2,R2,Rural.habitat.mosaic,Knautia.arvensis,Apis.mellifera,1
CH,2,R2,Rural.habitat.mosaic,Knautia.arvensis,Apis.mellifera,1
CH,2,R2,Rural.habitat.mosaic,Knautia.arvensis,Apis.mellifera,1
CH,2,R2,Rural.habitat.mosaic,Centaurea.jacea,Apis.mellifera,1
CH,2,R2,Rural.habitat.mosaic,Centaurea.jacea,Apis.mellifera,1
CH,2,R2,Rural.habitat.mosaic,Centaurea.jacea,Apis.mellifera,1
CH,2,R2,Rural.habitat.mosaic,Centaurea.jacea,Apis.mellifera,1
CH,2,R2,Rural.habitat.mosaic,Knautia.arvensis,Apis.mellifera,1
CH,2,R2,Rural.habitat.mosaic,Knautia.arvensis,Apis.mellifera,1
CH,2,R2,Rural.habitat.mosaic,Knautia.arvensis,Apis.mellifera,1
CH,2,R2,Rural.habitat.mosaic,Trifolium.pratense,Bombus.sp,1
CH,2,R2,Rural.habitat.mosaic,Rhinanthus.alectorolophus,Bombus.sp,1
CH,2,R2,Rural.habitat.mosaic,Knautia.arvensis,Apis.mellifera,1
CH,2,R2,Rural.habitat.mosaic,Knautia.arvensis,Apis.mellifera,1
CH,2,R2,Rural.habitat.mosaic,Knautia.arvensis,Apis.mellifera,1
CH,2,R2,Rural.habitat.mosaic,Knautia.arvensis,Apis.mellifera,1
CH,2,R2,Rural.habitat.mosaic,Knautia.arvensis,Apis.mellifera,1
CH,2,R2,Rural.habitat.mosaic,Centaurea.jacea,Apis.mellifera,1
CH,2,R2,Rural.habitat.mosaic,Centaurea.jacea,Apis.mellifera,1
CH,2,R2,Rural.habitat.mosaic,Centaurea.jacea,Apis.mellifera,1
CH,2,R2,Rural.habitat.mosaic,Centaurea.jacea,Apis.mellifera,1
CH,2,R2,Rural.habitat.mosaic,Knautia.arvensis,Apis.mellifera,1
CH,2,R2,Rural.habitat.mosaic,Knautia.arvensis,Apis.mellifera,1
CH,2,R2,Rural.habitat.mosaic,Knautia.arvensis,Apis.mellifera,1
CH,2,R2,Rural.habitat.mosaic,Knautia.arvensis,Apis.mellifera,1
CH,2,R2,Rural.habitat.mosaic,Knautia.arvensis,Apis.mellifera,1
CH,2,R2,Rural.habitat.mosaic,Trifolium.pratense,Bombus.humilis,1
CH,2,R2,Rural.habitat.mosaic,Knautia.arvensis,Halictus.eurygnathus,1
CH,2,R2,Rural.habitat.mosaic,Trifolium.pratense,Bombus.hortorum,1
CH,2,R2,Rural.habitat.mosaic,Trifolium.pratense,Bombus.ruderarius,1
CH,2,R2,Rural.habitat.mosaic,Crepis.biennis,Lasioglossum.glabriusculum,1
CH,2,R2,Rural.habitat.mosaic,Trifolium.pratense,Bombus.lapidarius,1
CH,2,R2,Rural.habitat.mosaic,Crepis.biennis,Lasioglossum.glabriusculum,1
CH,2,R2,Rural.habitat.mosaic,Trifolium.pratense,Andrena.ovatula,1
CH,2,R2,Rural.habitat.mosaic,Vicia.sepium,Bombus.pascuorum,1
CH,2,R2,Rural.habitat.mosaic,Lotus.corniculatus,Halictus.eurygnathus,1
CH,2,R2,Rural.habitat.mosaic,Trifolium.pratense,Bombus.pascuorum,1
CH,2,R2,Rural.habitat.mosaic,Vicia.sepium,Andrena.lathyri,1
CH,2,R2,Rural.habitat.mosaic,Trifolium.pratense,Bombus.humilis,1
CH,2,R2,Rural.habitat.mosaic,Ranunculus.acris,Cheilosia.albitarsis,1
CH,2,R2,Rural.habitat.mosaic,Crepis.biennis,Apis.mellifera,1
CH,2,R2,Rural.habitat.mosaic,Trifolium.pratense,Bombus.sp,1
CH,2,R2,Rural.habitat.mosaic,Vicia.sepium,wildbee,1
CH,2,R2,Rural.habitat.mosaic,Galium.mollugo.aggr,wildbee,1
CH,2,R2,Rural.habitat.mosaic,Knautia.arvensis,Apis.mellifera,1
CH,2,R2,Rural.habitat.mosaic,Vicia.sepium,wildbee,1
CH,2,R2,Rural.habitat.mosaic,Trifolium.pratense,Apis.mellifera,1
CH,2,R2,Rural.habitat.mosaic,Knautia.arvensis,Apis.mellifera,1
CH,2,R2,Rural.habitat.mosaic,Knautia.arvensis,Apis.mellifera,1
CH,2,R2,Rural.habitat.mosaic,Knautia.arvensis,Apis.mellifera,1
CH,2,R2,Rural.habitat.mosaic,Knautia.arvensis,Apis.mellifera,1
CH,2,R2,Rural.habitat.mosaic,Knautia.arvensis,Apis.mellifera,1
CH,2,R2,Rural.habitat.mosaic,Knautia.arvensis,Apis.mellifera,1
CH,2,R2,Rural.habitat.mosaic,Knautia.arvensis,Apis.mellifera,1
CH,2,R2,Rural.habitat.mosaic,Knautia.arvensis,Apis.mellifera,1
CH,2,R2,Rural.habitat.mosaic,Knautia.arvensis,Apis.mellifera,1
CH,2,R2,Rural.habitat.mosaic,Knautia.arvensis,Apis.mellifera,1
CH,2,R2,Rural.habitat.mosaic,Trifolium.pratense,wildbee,1
CH,2,R2,Rural.habitat.mosaic,Knautia.arvensis,Apis.mellifera,1
CH,2,R2,Rural.habitat.mosaic,Knautia.arvensis,Apis.mellifera,1
CH,2,R2,Rural.habitat.mosaic,Knautia.arvensis,Apis.mellifera,1
CH,2,R2,Rural.habitat.mosaic,Knautia.arvensis,Apis.mellifera,1
CH,2,R2,Rural.habitat.mosaic,Vicia.sepium,Eucera.nigrescens,1
CH,2,R2,Rural.habitat.mosaic,Galium.mollugo.aggr,Syrphus.vitripennis,1
CH,2,R2,Rural.habitat.mosaic,Trifolium.pratense,Bombus.humilis,1
CH,2,R2,Rural.habitat.mosaic,Crepis.biennis,Lasioglossum.villosulum,1
CH,2,R2,Rural.habitat.mosaic,Crepis.biennis,Lasioglossum.pauxillum,1
CH,2,R2,Rural.habitat.mosaic,Galium.mollugo.aggr,Chrysotoxum.cautum,1
CH,2,R2,Rural.habitat.mosaic,Knautia.arvensis,Halictus.scabiosae,1
CH,2,R2,Rural.habitat.mosaic,Crepis.biennis,wildbee,1
CH,2,R2,Rural.habitat.mosaic,Trifolium.pratense,Bombus.pascuorum,1
CH,2,R2,Rural.habitat.mosaic,Knautia.arvensis,Apis.mellifera,1
CH,2,R2,Rural.habitat.mosaic,Crepis.biennis,wildbee,1
CH,2,R2,Rural.habitat.mosaic,Crepis.biennis,wildbee,1
CH,2,R2,Rural.habitat.mosaic,Galium.mollugo.aggr,Syrphidae.sp,1
CH,2,R2,Rural.habitat.mosaic,Trifolium.pratense,Bombus.sp,1
CH,2,R2,Rural.habitat.mosaic,Rubus.caesius,Bombus.pascuorum,1
CH,2,R2,Rural.habitat.mosaic,Cornus.sanguinea,Apis.mellifera,1
CH,2,R2,Rural.habitat.mosaic,Cornus.sanguinea,Apis.mellifera,1
CH,2,R3,Rural.habitat.mosaic,Trifolium.pratense,Bombus.pascuorum,1
CH,2,R3,Rural.habitat.mosaic,Trifolium.pratense,Bombus.pascuorum,1
CH,2,R3,Rural.habitat.mosaic,Vicia.sepium,Eucera.nigrescens,1
CH,2,R3,Rural.habitat.mosaic,Trifolium.pratense,Andrena.ovatula,1
CH,2,R3,Rural.habitat.mosaic,Cornus.sanguinea,Apis.mellifera,1
CH,2,R3,Rural.habitat.mosaic,Cornus.sanguinea,Apis.mellifera,1
CH,2,R3,Rural.habitat.mosaic,Knautia.arvensis,Apis.mellifera,1
CH,2,R3,Rural.habitat.mosaic,Geranium.robertianum,Lasioglossum.albipes,1
CH,2,R3,Rural.habitat.mosaic,Sanicula.europaea,Sphegina.latifrons,1
CH,2,R3,Rural.habitat.mosaic,Sanicula.europaea,Bombus.pratorum,1
CH,2,R3,Rural.habitat.mosaic,Trifolium.pratense,Bombus.pascuorum,1
CH,2,R3,Rural.habitat.mosaic,Leucanthemum.vulgare,Merodon.equestris,1
CH,2,R3,Rural.habitat.mosaic,Trifolium.pratense,Bombus.pascuorum,1
CH,2,R3,Rural.habitat.mosaic,Knautia.arvensis,Bombus.lapidarius,1
CH,2,R3,Rural.habitat.mosaic,Knautia.arvensis,Lasioglossum.malachurum,1
CH,2,R3,Rural.habitat.mosaic,Trifolium.pratense,Bombus.pascuorum,1
CH,2,R3,Rural.habitat.mosaic,Vicia.sepium,Bombus.pascuorum,1
CH,2,R3,Rural.habitat.mosaic,Ranunculus.acris,Lasioglossum.pauxillum,1
CH,2,R3,Rural.habitat.mosaic,Leucanthemum.vulgare,Lasioglossum.malachurum,1
CH,2,R3,Rural.habitat.mosaic,Galium.mollugo.aggr,Eupeodes.lapponicus,1
CH,2,R3,Rural.habitat.mosaic,Knautia.arvensis,Bombus.hortorum,1
CH,2,R3,Rural.habitat.mosaic,Hypochaeris.radicata,Lasioglossum.malachurum,1
CH,2,R3,Rural.habitat.mosaic,Trifolium.pratense,Bombus.pascuorum,1
CH,2,R3,Rural.habitat.mosaic,Leontodon.hispidus,Andrena.humilis,1
CH,2,R3,Rural.habitat.mosaic,Leontodon.hispidus,Lasioglossum.villosulum,1
CH,2,R3,Rural.habitat.mosaic,Ranunculus.acris,Lasioglossum.zonulum,1
CH,2,R3,Rural.habitat.mosaic,Hypochaeris.radicata,Lasioglossum.zonulum,1
CH,2,R3,Rural.habitat.mosaic,Leontodon.hispidus,Lasioglossum.villosulum,1
CH,2,R3,Rural.habitat.mosaic,Crepis.biennis,Lasioglossum.pauxillum,1
CH,2,R3,Rural.habitat.mosaic,Leontodon.hispidus,Lasioglossum.pauxillum,1
CH,2,R3,Rural.habitat.mosaic,Ranunculus.acris,Lasioglossum.pauxillum,1
CH,2,R3,Rural.habitat.mosaic,Crepis.biennis,wildbee,1
CH,2,R3,Rural.habitat.mosaic,Trifolium.pratense,Bombus.sp,1
CH,2,R3,Rural.habitat.mosaic,Leucanthemum.vulgare,Syrphidae.sp,1
CH,2,R3,Rural.habitat.mosaic,Leontodon.hispidus,wildbee,1
CH,2,R3,Rural.habitat.mosaic,Ranunculus.acris,Syrphidae.sp,1
CH,2,R3,Rural.habitat.mosaic,Knautia.arvensis,Apis.mellifera,1
CH,2,R3,Rural.habitat.mosaic,Knautia.arvensis,Apis.mellifera,1
CH,2,R3,Rural.habitat.mosaic,Knautia.arvensis,Apis.mellifera,1
CH,2,R3,Rural.habitat.mosaic,Knautia.arvensis,Apis.mellifera,1
CH,2,R3,Rural.habitat.mosaic,Knautia.arvensis,Apis.mellifera,1
CH,2,R3,Rural.habitat.mosaic,Knautia.arvensis,Apis.mellifera,1
CH,2,R3,Rural.habitat.mosaic,Knautia.arvensis,Apis.mellifera,1
CH,2,R3,Rural.habitat.mosaic,Knautia.arvensis,Apis.mellifera,1
CH,2,R3,Rural.habitat.mosaic,Knautia.arvensis,Apis.mellifera,1
CH,2,R3,Rural.habitat.mosaic,Knautia.arvensis,Apis.mellifera,1
CH,2,R3,Rural.habitat.mosaic,Knautia.arvensis,Apis.mellifera,1
CH,2,R3,Rural.habitat.mosaic,Onobrychis.viciifolia,Bombus.lapidarius,1
CH,2,R3,Rural.habitat.mosaic,Centaurea.jacea,Bombus.pascuorum,1
CH,2,R3,Rural.habitat.mosaic,Leucanthemum.vulgare,Halictus.subauratus,1
CH,2,R3,Rural.habitat.mosaic,Centaurea.jacea,Bombus.lapidarius,1
CH,2,R3,Rural.habitat.mosaic,Potentilla.reptans,Lasioglossum.politum,1
CH,2,R3,Rural.habitat.mosaic,Potentilla.reptans,Lasioglossum.politum,1
CH,2,R3,Rural.habitat.mosaic,Knautia.arvensis,Apis.mellifera,1
CH,2,R3,Rural.habitat.mosaic,Knautia.arvensis,Apis.mellifera,1
CH,2,R3,Rural.habitat.mosaic,Knautia.arvensis,Apis.mellifera,1
CH,2,R3,Rural.habitat.mosaic,Knautia.arvensis,Apis.mellifera,1
CH,2,R3,Rural.habitat.mosaic,Knautia.arvensis,Apis.mellifera,1
CH,2,R3,Rural.habitat.mosaic,Centaurea.jacea,Apis.mellifera,1
CH,2,R3,Rural.habitat.mosaic,Knautia.arvensis,Apis.mellifera,1
CH,2,R3,Rural.habitat.mosaic,Knautia.arvensis,Apis.mellifera,1
CH,2,R3,Rural.habitat.mosaic,Knautia.arvensis,Apis.mellifera,1
CH,2,R3,Rural.habitat.mosaic,Knautia.arvensis,Apis.mellifera,1
CH,2,R3,Rural.habitat.mosaic,Onobrychis.viciifolia,Apis.mellifera,1
CH,2,R3,Rural.habitat.mosaic,Campanula.rotundifolia,Apis.mellifera,1
CH,2,R3,Rural.habitat.mosaic,Knautia.arvensis,Apis.mellifera,1
CH,2,R3,Rural.habitat.mosaic,Knautia.arvensis,Apis.mellifera,1
CH,2,R3,Rural.habitat.mosaic,Knautia.arvensis,Apis.mellifera,1
CH,2,R3,Rural.habitat.mosaic,Knautia.arvensis,Apis.mellifera,1
CH,2,R3,Rural.habitat.mosaic,Knautia.arvensis,Apis.mellifera,1
CH,2,R3,Rural.habitat.mosaic,Knautia.arvensis,Apis.mellifera,1
CH,2,R3,Rural.habitat.mosaic,Campanula.rotundifolia,Apis.mellifera,1
CH,2,R3,Rural.habitat.mosaic,Knautia.arvensis,Apis.mellifera,1
CH,2,R3,Rural.habitat.mosaic,Knautia.arvensis,Apis.mellifera,1
CH,2,R3,Rural.habitat.mosaic,Centaurea.jacea,Apis.mellifera,1
CH,2,R3,Rural.habitat.mosaic,Centaurea.jacea,Apis.mellifera,1
CH,2,R3,Rural.habitat.mosaic,Knautia.arvensis,Apis.mellifera,1
CH,2,R3,Rural.habitat.mosaic,Knautia.arvensis,Apis.mellifera,1
CH,2,R3,Rural.habitat.mosaic,Knautia.arvensis,Apis.mellifera,1
CH,2,R3,Rural.habitat.mosaic,Knautia.arvensis,Apis.mellifera,1
CH,2,R3,Rural.habitat.mosaic,Knautia.arvensis,Apis.mellifera,1
CH,2,R3,Rural.habitat.mosaic,Knautia.arvensis,Apis.mellifera,1
CH,2,R3,Rural.habitat.mosaic,Knautia.arvensis,Apis.mellifera,1
CH,2,R3,Rural.habitat.mosaic,Knautia.arvensis,Apis.mellifera,1
CH,2,R3,Rural.habitat.mosaic,Potentilla.reptans,wildbee,1
CH,2,R3,Rural.habitat.mosaic,Potentilla.reptans,wildbee,1
CH,2,R3,Rural.habitat.mosaic,Potentilla.reptans,Syrphidae.sp,1
CH,2,R3,Rural.habitat.mosaic,Trifolium.repens,Apis.mellifera,1
CH,2,R3,Rural.habitat.mosaic,Ranunculus.repens,wildbee,1
CH,2,R3,Rural.habitat.mosaic,Lathyrus.pratensis,Bombus.pascuorum,1
CH,2,R3,Rural.habitat.mosaic,Cornus.sanguinea,Halictus.langobardicus,1
CH,2,R3,Rural.habitat.mosaic,Cornus.sanguinea,Episyrphus.balteatus,1
CH,2,R3,Rural.habitat.mosaic,Cornus.sanguinea,Bombus.sp,1
CH,2,R4,Rural.habitat.mosaic,Rubus.fruticosus.aggr,Bombus.pascuorum,1
CH,2,R4,Rural.habitat.mosaic,Rubus.caesius,Bombus.hortorum,1
CH,2,R4,Rural.habitat.mosaic,Rubus.caesius,Bombus.hypnorum,1
CH,2,R4,Rural.habitat.mosaic,Rubus.caesius,Apis.mellifera,1
CH,2,R4,Rural.habitat.mosaic,Rubus.caesius,Apis.mellifera,1
CH,2,R4,Rural.habitat.mosaic,Rubus.caesius,Apis.mellifera,1
CH,2,R4,Rural.habitat.mosaic,Rubus.caesius,Apis.mellifera,1
CH,2,R4,Rural.habitat.mosaic,Rubus.caesius,Apis.mellifera,1
CH,2,R4,Rural.habitat.mosaic,Rubus.caesius,Apis.mellifera,1
CH,2,R4,Rural.habitat.mosaic,Rubus.caesius,Apis.mellifera,1
CH,2,R4,Rural.habitat.mosaic,Rubus.fruticosus.aggr,Apis.mellifera,1
CH,2,R4,Rural.habitat.mosaic,Rubus.fruticosus.aggr,Apis.mellifera,1
CH,2,R4,Rural.habitat.mosaic,Rubus.fruticosus.aggr,Apis.mellifera,1
CH,2,R4,Rural.habitat.mosaic,Rubus.caesius,Apis.mellifera,1
CH,2,R4,Rural.habitat.mosaic,Rubus.caesius,Apis.mellifera,1
CH,2,R4,Rural.habitat.mosaic,Rubus.caesius,Apis.mellifera,1
CH,2,R4,Rural.habitat.mosaic,Rubus.caesius,Apis.mellifera,1
CH,2,R4,Rural.habitat.mosaic,Rubus.caesius,Apis.mellifera,1
CH,2,R4,Rural.habitat.mosaic,Rubus.caesius,Bombus.sp,1
CH,2,R4,Rural.habitat.mosaic,Rubus.caesius,Apis.mellifera,1
CH,2,R4,Rural.habitat.mosaic,Rubus.caesius,Apis.mellifera,1
CH,2,R4,Rural.habitat.mosaic,Rubus.caesius,Bombus.lapidarius,1
CH,2,R4,Rural.habitat.mosaic,Rubus.caesius,Bombus.pratorum,1
CH,2,R4,Rural.habitat.mosaic,Rubus.caesius,Bombus.vestalis,1
CH,2,R4,Rural.habitat.mosaic,Rubus.caesius,Bombus.sylvarum,1
CH,2,R4,Rural.habitat.mosaic,Rubus.caesius,Apis.mellifera,1
CH,2,R4,Rural.habitat.mosaic,Rubus.caesius,Apis.mellifera,1
CH,2,R4,Rural.habitat.mosaic,Rubus.caesius,Bombus.sp,1
CH,2,R4,Rural.habitat.mosaic,Rubus.caesius,Apis.mellifera,1
CH,2,R4,Rural.habitat.mosaic,Rubus.caesius,Apis.mellifera,1
CH,2,R4,Rural.habitat.mosaic,Rubus.caesius,Apis.mellifera,1
CH,2,R4,Rural.habitat.mosaic,Rubus.caesius,Apis.mellifera,1
CH,2,R4,Rural.habitat.mosaic,Rubus.caesius,Apis.mellifera,1
CH,2,R4,Rural.habitat.mosaic,Rubus.caesius,Apis.mellifera,1
CH,2,R4,Rural.habitat.mosaic,Rubus.caesius,Apis.mellifera,1
CH,2,R4,Rural.habitat.mosaic,Rubus.caesius,Apis.mellifera,1
CH,2,R4,Rural.habitat.mosaic,Rubus.caesius,Apis.mellifera,1
CH,2,R4,Rural.habitat.mosaic,Rubus.caesius,Apis.mellifera,1
CH,2,R4,Rural.habitat.mosaic,Rubus.caesius,Apis.mellifera,1
CH,2,R4,Rural.habitat.mosaic,Rubus.caesius,Apis.mellifera,1
CH,2,R4,Rural.habitat.mosaic,Rubus.caesius,Apis.mellifera,1
CH,2,R4,Rural.habitat.mosaic,Rubus.caesius,Apis.mellifera,1
CH,2,R4,Rural.habitat.mosaic,Rubus.caesius,Apis.mellifera,1
CH,2,R4,Rural.habitat.mosaic,Rubus.caesius,Apis.mellifera,1
CH,2,R4,Rural.habitat.mosaic,Rubus.caesius,Apis.mellifera,1
CH,2,R4,Rural.habitat.mosaic,Rubus.caesius,Apis.mellifera,1
CH,2,R4,Rural.habitat.mosaic,Rubus.caesius,Apis.mellifera,1
CH,2,R4,Rural.habitat.mosaic,Rubus.caesius,Apis.mellifera,1
CH,2,R4,Rural.habitat.mosaic,Rubus.caesius,Apis.mellifera,1
CH,2,R4,Rural.habitat.mosaic,Rubus.caesius,Apis.mellifera,1
CH,2,R4,Rural.habitat.mosaic,Rubus.caesius,Apis.mellifera,1
CH,2,R4,Rural.habitat.mosaic,Rubus.caesius,Apis.mellifera,1
CH,2,R4,Rural.habitat.mosaic,Rubus.caesius,Apis.mellifera,1
CH,2,R4,Rural.habitat.mosaic,Rubus.caesius,Apis.mellifera,1
CH,2,R4,Rural.habitat.mosaic,Rubus.caesius,Apis.mellifera,1
CH,2,R4,Rural.habitat.mosaic,Rubus.caesius,Apis.mellifera,1
CH,2,R4,Rural.habitat.mosaic,Trifolium.repens,Bombus.pascuorum,1
CH,2,R4,Rural.habitat.mosaic,Trifolium.repens,Bombus.lapidarius,1
CH,2,R4,Rural.habitat.mosaic,Trifolium.repens,Bombus.terrestris,1
CH,2,R4,Rural.habitat.mosaic,Trifolium.repens,Bombus.lapidarius,1
CH,2,R4,Rural.habitat.mosaic,Trifolium.repens,Apis.mellifera,1
CH,2,R4,Rural.habitat.mosaic,Trifolium.repens,Apis.mellifera,1
CH,2,R4,Rural.habitat.mosaic,Trifolium.repens,Apis.mellifera,1
CH,2,R4,Rural.habitat.mosaic,Trifolium.repens,Apis.mellifera,1
CH,2,R4,Rural.habitat.mosaic,Trifolium.repens,Apis.mellifera,1
CH,2,R4,Rural.habitat.mosaic,Trifolium.repens,Apis.mellifera,1
CH,2,R4,Rural.habitat.mosaic,Trifolium.repens,Apis.mellifera,1
CH,2,R4,Rural.habitat.mosaic,Trifolium.repens,Apis.mellifera,1
CH,2,R4,Rural.habitat.mosaic,Trifolium.repens,Apis.mellifera,1
CH,2,R4,Rural.habitat.mosaic,Trifolium.repens,Apis.mellifera,1
CH,2,R4,Rural.habitat.mosaic,Trifolium.repens,Apis.mellifera,1
CH,2,R4,Rural.habitat.mosaic,Trifolium.repens,Apis.mellifera,1
CH,2,R4,Rural.habitat.mosaic,Trifolium.repens,Apis.mellifera,1
CH,2,R4,Rural.habitat.mosaic,Trifolium.repens,Apis.mellifera,1
CH,2,R4,Rural.habitat.mosaic,Trifolium.repens,Apis.mellifera,1
CH,2,R4,Rural.habitat.mosaic,Trifolium.repens,Apis.mellifera,1
CH,2,R4,Rural.habitat.mosaic,Trifolium.repens,Apis.mellifera,1
CH,2,R4,Rural.habitat.mosaic,Trifolium.repens,Apis.mellifera,1
CH,2,R4,Rural.habitat.mosaic,Trifolium.repens,Apis.mellifera,1
CH,2,R4,Rural.habitat.mosaic,Trifolium.repens,Apis.mellifera,1
CH,2,R4,Rural.habitat.mosaic,Trifolium.repens,Apis.mellifera,1
CH,2,R4,Rural.habitat.mosaic,Trifolium.repens,Apis.mellifera,1
CH,2,R4,Rural.habitat.mosaic,Trifolium.repens,Apis.mellifera,1
CH,2,R4,Rural.habitat.mosaic,Trifolium.repens,Apis.mellifera,1
CH,2,R4,Rural.habitat.mosaic,Trifolium.repens,Apis.mellifera,1
CH,2,R4,Rural.habitat.mosaic,Trifolium.repens,Apis.mellifera,1
CH,2,R4,Rural.habitat.mosaic,Trifolium.repens,Apis.mellifera,1
CH,2,R4,Rural.habitat.mosaic,Trifolium.repens,Apis.mellifera,1
CH,2,R4,Rural.habitat.mosaic,Trifolium.repens,Apis.mellifera,1
CH,2,R4,Rural.habitat.mosaic,Trifolium.repens,Apis.mellifera,1
CH,2,R4,Rural.habitat.mosaic,Trifolium.repens,Apis.mellifera,1
CH,2,R4,Rural.habitat.mosaic,Trifolium.repens,Apis.mellifera,1
CH,2,R4,Rural.habitat.mosaic,Trifolium.repens,Apis.mellifera,1
CH,2,R4,Rural.habitat.mosaic,Trifolium.repens,Apis.mellifera,1
CH,2,R4,Rural.habitat.mosaic,Trifolium.repens,Apis.mellifera,1
CH,2,R4,Rural.habitat.mosaic,Trifolium.repens,Apis.mellifera,1
CH,2,R4,Rural.habitat.mosaic,Trifolium.repens,Apis.mellifera,1
CH,2,R4,Rural.habitat.mosaic,Trifolium.repens,Apis.mellifera,1
CH,2,R4,Rural.habitat.mosaic,Trifolium.repens,Apis.mellifera,1
CH,2,R4,Rural.habitat.mosaic,Trifolium.repens,Apis.mellifera,1
CH,2,R4,Rural.habitat.mosaic,Trifolium.repens,Apis.mellifera,1
CH,2,R4,Rural.habitat.mosaic,Trifolium.repens,Apis.mellifera,1
CH,2,R4,Rural.habitat.mosaic,Trifolium.repens,Apis.mellifera,1
CH,2,R4,Rural.habitat.mosaic,Trifolium.repens,Apis.mellifera,1
CH,2,R4,Rural.habitat.mosaic,Trifolium.repens,Apis.mellifera,1
CH,2,R4,Rural.habitat.mosaic,Trifolium.repens,Apis.mellifera,1
CH,2,R4,Rural.habitat.mosaic,Trifolium.repens,Apis.mellifera,1
CH,2,R4,Rural.habitat.mosaic,Trifolium.repens,Apis.mellifera,1
CH,2,R4,Rural.habitat.mosaic,Trifolium.repens,Apis.mellifera,1
CH,2,R4,Rural.habitat.mosaic,Trifolium.repens,Apis.mellifera,1
CH,2,R4,Rural.habitat.mosaic,Trifolium.repens,Apis.mellifera,1
CH,2,R4,Rural.habitat.mosaic,Trifolium.repens,Apis.mellifera,1
CH,2,R4,Rural.habitat.mosaic,Trifolium.repens,Apis.mellifera,1
CH,2,R4,Rural.habitat.mosaic,Trifolium.repens,Apis.mellifera,1
CH,2,R4,Rural.habitat.mosaic,Trifolium.repens,Apis.mellifera,1
CH,2,R4,Rural.habitat.mosaic,Trifolium.repens,Apis.mellifera,1
CH,2,R4,Rural.habitat.mosaic,Trifolium.repens,Apis.mellifera,1
CH,2,R4,Rural.habitat.mosaic,Trifolium.repens,Apis.mellifera,1
CH,2,R4,Rural.habitat.mosaic,Trifolium.repens,Apis.mellifera,1
CH,2,R4,Rural.habitat.mosaic,Trifolium.repens,Apis.mellifera,1
CH,2,R4,Rural.habitat.mosaic,Trifolium.repens,Apis.mellifera,1
CH,2,R4,Rural.habitat.mosaic,Trifolium.repens,Apis.mellifera,1
CH,2,R4,Rural.habitat.mosaic,Trifolium.repens,Apis.mellifera,1
CH,2,R4,Rural.habitat.mosaic,Trifolium.repens,Apis.mellifera,1
CH,2,R4,Rural.habitat.mosaic,Trifolium.repens,Apis.mellifera,1
CH,2,R4,Rural.habitat.mosaic,Trifolium.repens,Apis.mellifera,1
CH,2,R4,Rural.habitat.mosaic,Trifolium.repens,Apis.mellifera,1
CH,2,R4,Rural.habitat.mosaic,Trifolium.repens,Apis.mellifera,1
CH,2,R4,Rural.habitat.mosaic,Trifolium.repens,Apis.mellifera,1
CH,2,R4,Rural.habitat.mosaic,Trifolium.repens,Apis.mellifera,1
CH,2,R4,Rural.habitat.mosaic,Trifolium.repens,Apis.mellifera,1
CH,2,R4,Rural.habitat.mosaic,Trifolium.repens,Apis.mellifera,1
CH,2,R4,Rural.habitat.mosaic,Trifolium.repens,Apis.mellifera,1
CH,2,R4,Rural.habitat.mosaic,Rhinanthus.alectorolophus,Bombus.terrestris,1
CH,2,R4,Rural.habitat.mosaic,Rhinanthus.alectorolophus,Bombus.pascuorum,1
CH,2,R4,Rural.habitat.mosaic,Rhinanthus.alectorolophus,Bombus.terrestris,1
CH,2,R4,Rural.habitat.mosaic,Rhinanthus.alectorolophus,Bombus.lucorum,1
CH,2,R4,Rural.habitat.mosaic,Rhinanthus.alectorolophus,Bombus.hortorum,1
CH,2,R4,Rural.habitat.mosaic,Rhinanthus.alectorolophus,Bombus.hortorum,1
CH,2,R4,Rural.habitat.mosaic,Crepis.biennis,Lasioglossum.villosulum,1
CH,2,R4,Rural.habitat.mosaic,Rhinanthus.alectorolophus,Lasioglossum.zonulum,1
CH,2,R4,Rural.habitat.mosaic,Plantago.lanceolata,Melanostoma.mellinum,1
CH,2,R4,Rural.habitat.mosaic,Rhinanthus.alectorolophus,Bombus.hortorum,1
CH,2,R4,Rural.habitat.mosaic,Rhinanthus.alectorolophus,Bombus.lapidarius,1
CH,2,R4,Rural.habitat.mosaic,Ranunculus.acris,Chelostoma.florisomne,1
CH,2,R4,Rural.habitat.mosaic,Rhinanthus.alectorolophus,Bombus.hortorum,1
CH,2,R4,Rural.habitat.mosaic,Rhinanthus.alectorolophus,Bombus.hortorum,1
CH,2,R4,Rural.habitat.mosaic,Ranunculus.acris,Sphaerophoria.sp,1
CH,2,R4,Rural.habitat.mosaic,Rhinanthus.alectorolophus,Bombus.pascuorum,1
CH,2,R4,Rural.habitat.mosaic,Rhinanthus.alectorolophus,Bombus.sp,1
CH,2,R4,Rural.habitat.mosaic,Ranunculus.acris,wildbee,1
CH,2,R4,Rural.habitat.mosaic,Rhinanthus.alectorolophus,Bombus.sp,1
CH,2,R4,Rural.habitat.mosaic,Achillea.millefolium,Lasioglossum.malachurum,1
CH,2,R4,Rural.habitat.mosaic,Vicia.cracca,Bombus.hortorum,1
CH,2,R4,Rural.habitat.mosaic,Centaurea.jacea,Apis.mellifera,1
CH,2,R4,Rural.habitat.mosaic,Centaurea.jacea,Apis.mellifera,1
CH,2,R4,Rural.habitat.mosaic,Centaurea.scabiosa,Apis.mellifera,1
CH,2,R4,Rural.habitat.mosaic,Centaurea.scabiosa,Apis.mellifera,1
CH,2,R4,Rural.habitat.mosaic,Vicia.cracca,Bombus.sp,1
CH,2,R4,Rural.habitat.mosaic,Centaurea.scabiosa,Apis.mellifera,1
CH,2,R4,Rural.habitat.mosaic,Centaurea.scabiosa,Apis.mellifera,1
CH,2,R4,Rural.habitat.mosaic,Centaurea.scabiosa,Apis.mellifera,1
CH,2,R4,Rural.habitat.mosaic,Malva.sylvestris,Apis.mellifera,1
CH,2,R4,Rural.habitat.mosaic,Rhinanthus.alectorolophus,Bombus.lucorum,1
CH,2,R4,Rural.habitat.mosaic,Rhinanthus.alectorolophus,Bombus.terrestris,1
CH,2,R4,Rural.habitat.mosaic,Rhinanthus.alectorolophus,Bombus.sp,1
CH,2,R4,Rural.habitat.mosaic,Ligustrum.vulgare,Lasioglossum.lineare,1
CH,2,R4,Rural.habitat.mosaic,Trifolium.repens,Bombus.pascuorum,1
CH,2,R4,Rural.habitat.mosaic,Ligustrum.vulgare,wildbee,1
CH,2,R4,Rural.habitat.mosaic,Trifolium.repens,Apis.mellifera,1
CH,2,R4,Rural.habitat.mosaic,Trifolium.repens,Apis.mellifera,1
CH,2,R4,Rural.habitat.mosaic,Trifolium.repens,Apis.mellifera,1
CH,3,A1,Intensive.agriculture,Hypericum.perforatum,Melanostoma.sp,1
CH,3,A1,Intensive.agriculture,,Lasioglossum.malachurum,0
CH,3,A1,Intensive.agriculture,Trifolium.repens,Sphaerophoria.philanthus,1
CH,3,A1,Intensive.agriculture,Leucanthemum.vulgare,Sphaerophoria.philanthus,1
CH,3,A1,Intensive.agriculture,Prunella.vulgaris,Bombus.ruderatus,1
CH,3,A1,Intensive.agriculture,,Lasioglossum.malachurum,0
CH,3,A1,Intensive.agriculture,Trifolium.repens,Lasioglossum.calceatum,1
CH,3,A1,Intensive.agriculture,Plantago.lanceolata,Sphaerophoria.philanthus,1
CH,3,A1,Intensive.agriculture,Plantago.lanceolata,Melanostoma.sp,1
CH,3,A1,Intensive.agriculture,Plantago.lanceolata,Melanostoma.mellinum,1
CH,3,A1,Intensive.agriculture,Trifolium.repens,Apis.mellifera,1
CH,3,A1,Intensive.agriculture,Trifolium.repens,Apis.mellifera,1
CH,3,A1,Intensive.agriculture,Trifolium.repens,Apis.mellifera,1
CH,3,A1,Intensive.agriculture,Trifolium.repens,Apis.mellifera,1
CH,3,A1,Intensive.agriculture,Trifolium.repens,Apis.mellifera,1
CH,3,A1,Intensive.agriculture,Trifolium.repens,Apis.mellifera,1
CH,3,A1,Intensive.agriculture,Trifolium.pratense,Bombus.ruderatus,1
CH,3,A1,Intensive.agriculture,Trifolium.pratense,Bombus.lapidarius,1
CH,3,A1,Intensive.agriculture,Lotus.corniculatus,Bombus.lapidarius,1
CH,3,A1,Intensive.agriculture,Trifolium.pratense,Bombus.lapidarius,1
CH,3,A1,Intensive.agriculture,Trifolium.pratense,Bombus.sylvarum,1
CH,3,A1,Intensive.agriculture,Plantago.lanceolata,Bombus.terrestris,1
CH,3,A1,Intensive.agriculture,Trifolium.repens,Sphaerophoria.sp,1
CH,3,A1,Intensive.agriculture,Trifolium.pratense,Episyrphus.balteatus,1
CH,3,A1,Intensive.agriculture,Trifolium.pratense,Bombus.ruderatus,1
CH,3,A1,Intensive.agriculture,Trifolium.pratense,Bombus.sylvarum,1
CH,3,A1,Intensive.agriculture,Plantago.lanceolata,Bombus.terrestris,1
CH,3,A1,Intensive.agriculture,Trifolium.repens,Lasioglossum.zonulum,1
CH,3,A1,Intensive.agriculture,Trifolium.pratense,Bombus.sylvarum,1
CH,3,A1,Intensive.agriculture,Plantago.lanceolata,Bombus.terrestris,1
CH,3,A1,Intensive.agriculture,Galium.mollugo.aggr,Syrphidae.sp,1
CH,3,A1,Intensive.agriculture,Trifolium.pratense,Bombus.sp,1
CH,3,A1,Intensive.agriculture,Plantago.lanceolata,Lasioglossum.calceatum,1
CH,3,A1,Intensive.agriculture,Trifolium.repens,Bombus.terrestris,1
CH,3,A1,Intensive.agriculture,Trifolium.repens,Bombus.humilis,1
CH,3,A1,Intensive.agriculture,Lotus.corniculatus,Bombus.lapidarius,1
CH,3,A1,Intensive.agriculture,Galium.mollugo.aggr,Sphaerophoria.philanthus,1
CH,3,A1,Intensive.agriculture,Trifolium.pratense,Bombus.sp,1
CH,3,A1,Intensive.agriculture,Plantago.lanceolata,Melanostoma.sp,1
CH,3,A1,Intensive.agriculture,Plantago.lanceolata,Bombus.terrestris,1
CH,3,A1,Intensive.agriculture,Trifolium.repens,Apis.mellifera,1
CH,3,A1,Intensive.agriculture,Trifolium.repens,Apis.mellifera,1
CH,3,A1,Intensive.agriculture,Trifolium.repens,Apis.mellifera,1
CH,3,A1,Intensive.agriculture,Trifolium.repens,Apis.mellifera,1
CH,3,A1,Intensive.agriculture,Trifolium.repens,Apis.mellifera,1
CH,3,A1,Intensive.agriculture,Trifolium.repens,Apis.mellifera,1
CH,3,A1,Intensive.agriculture,Trifolium.repens,Apis.mellifera,1
CH,3,A1,Intensive.agriculture,Trifolium.repens,Apis.mellifera,1
CH,3,A1,Intensive.agriculture,Trifolium.repens,Apis.mellifera,1
CH,3,A1,Intensive.agriculture,Galium.mollugo.aggr,Syrphidae.sp,1
CH,3,A1,Intensive.agriculture,Trifolium.repens,Apis.mellifera,1
CH,3,A1,Intensive.agriculture,Galium.mollugo.aggr,Syrphidae.sp,1
CH,3,A1,Intensive.agriculture,Trifolium.repens,Apis.mellifera,1
CH,3,A1,Intensive.agriculture,Trifolium.repens,Bombus.terrestris,1
CH,3,A1,Intensive.agriculture,Trifolium.repens,Bombus.terrestris,1
CH,3,A1,Intensive.agriculture,Crepis.capillaris,Melanostoma.sp,1
CH,3,A1,Intensive.agriculture,Trifolium.repens,Halictus.tumulorum,1
CH,3,A1,Intensive.agriculture,Plantago.lanceolata,Sphaerophoria.sp,1
CH,3,A1,Intensive.agriculture,Convolvulus.arvensis,Melanostoma.mellinum,1
CH,3,A1,Intensive.agriculture,Trifolium.repens,Bombus.sp,1
CH,3,A1,Intensive.agriculture,Trifolium.repens,wildbee,1
CH,3,A1,Intensive.agriculture,Trifolium.repens,Apis.mellifera,1
CH,3,A2,Intensive.agriculture,,Lasioglossum.sp,0
CH,3,A2,Intensive.agriculture,Centaurea.jacea,Bombus.terrestris,1
CH,3,A2,Intensive.agriculture,Centaurea.jacea,Halictus.subauratus,1
CH,3,A2,Intensive.agriculture,Trifolium.pratense,Bombus.humilis,1
CH,3,A2,Intensive.agriculture,Knautia.arvensis,Halictus.simplex,1
CH,3,A2,Intensive.agriculture,Clinopodium.vulgare,Bombus.pascuorum,1
CH,3,A2,Intensive.agriculture,Centaurea.jacea,Halictus.scabiosae,1
CH,3,A2,Intensive.agriculture,Clinopodium.vulgare,Bombus.lapidarius,1
CH,3,A2,Intensive.agriculture,Centaurea.jacea,Halictus.tumulorum,1
CH,3,A2,Intensive.agriculture,Lathyrus.pratensis,Bombus.sylvarum,1
CH,3,A2,Intensive.agriculture,Clinopodium.vulgare,Bombus.humilis,1
CH,3,A2,Intensive.agriculture,Trifolium.pratense,Bombus.pascuorum,1
CH,3,A2,Intensive.agriculture,Clinopodium.vulgare,Bombus.humilis,1
CH,3,A2,Intensive.agriculture,Trifolium.pratense,Bombus.terrestris,1
CH,3,A2,Intensive.agriculture,Lotus.corniculatus,Bombus.lapidarius,1
CH,3,A2,Intensive.agriculture,Trifolium.pratense,Bombus.sylvarum,1
CH,3,A2,Intensive.agriculture,Trifolium.pratense,Bombus.terrestris,1
CH,3,A2,Intensive.agriculture,Trifolium.pratense,Bombus.terrestris,1
CH,3,A2,Intensive.agriculture,Trifolium.pratense,Bombus.terrestris,1
CH,3,A2,Intensive.agriculture,Lotus.corniculatus,Halictus.tumulorum,1
CH,3,A2,Intensive.agriculture,Trifolium.pratense,Bombus.lapidarius,1
CH,3,A2,Intensive.agriculture,Trifolium.pratense,Bombus.terrestris,1
CH,3,A2,Intensive.agriculture,Trifolium.pratense,Bombus.pascuorum,1
CH,3,A2,Intensive.agriculture,Centaurea.jacea,Lasioglossum.malachurum,1
CH,3,A2,Intensive.agriculture,Trifolium.pratense,Bombus.pascuorum,1
CH,3,A2,Intensive.agriculture,Prunella.vulgaris,Bombus.lapidarius,1
CH,3,A2,Intensive.agriculture,Trifolium.pratense,Bombus.terrestris,1
CH,3,A2,Intensive.agriculture,Trifolium.pratense,Bombus.pascuorum,1
CH,3,A2,Intensive.agriculture,Lotus.corniculatus,Bombus.lapidarius,1
CH,3,A2,Intensive.agriculture,Centaurea.jacea,Lasioglossum.glabriusculum,1
CH,3,A2,Intensive.agriculture,Trifolium.pratense,Bombus.pascuorum,1
CH,3,A2,Intensive.agriculture,Lotus.corniculatus,Bombus.lapidarius,1
CH,3,A2,Intensive.agriculture,Trifolium.pratense,Bombus.pascuorum,1
CH,3,A2,Intensive.agriculture,Centaurea.jacea,Lasioglossum.glabriusculum,1
CH,3,A2,Intensive.agriculture,Clinopodium.vulgare,Bombus.hortorum,1
CH,3,A2,Intensive.agriculture,Knautia.arvensis,Ceratina.cyanea,1
CH,3,A2,Intensive.agriculture,Centaurea.jacea,Lasioglossum.glabriusculum,1
CH,3,A2,Intensive.agriculture,Knautia.arvensis,Apis.mellifera,1
CH,3,A2,Intensive.agriculture,Knautia.arvensis,Apis.mellifera,1
CH,3,A2,Intensive.agriculture,Knautia.arvensis,Apis.mellifera,1
CH,3,A2,Intensive.agriculture,Knautia.arvensis,Apis.mellifera,1
CH,3,A2,Intensive.agriculture,Knautia.arvensis,Apis.mellifera,1
CH,3,A2,Intensive.agriculture,Centaurea.jacea,Apis.mellifera,1
CH,3,A2,Intensive.agriculture,Centaurea.jacea,Apis.mellifera,1
CH,3,A2,Intensive.agriculture,Centaurea.jacea,Apis.mellifera,1
CH,3,A2,Intensive.agriculture,Centaurea.jacea,Apis.mellifera,1
CH,3,A2,Intensive.agriculture,Centaurea.jacea,Apis.mellifera,1
CH,3,A2,Intensive.agriculture,Centaurea.jacea,Apis.mellifera,1
CH,3,A2,Intensive.agriculture,Centaurea.jacea,Apis.mellifera,1
CH,3,A2,Intensive.agriculture,Centaurea.jacea,Apis.mellifera,1
CH,3,A2,Intensive.agriculture,Centaurea.jacea,Apis.mellifera,1
CH,3,A2,Intensive.agriculture,Centaurea.jacea,Apis.mellifera,1
CH,3,A2,Intensive.agriculture,Centaurea.jacea,Apis.mellifera,1
CH,3,A2,Intensive.agriculture,Clinopodium.vulgare,wildbee,1
CH,3,A2,Intensive.agriculture,Centaurea.jacea,Apis.mellifera,1
CH,3,A2,Intensive.agriculture,Centaurea.jacea,Apis.mellifera,1
CH,3,A2,Intensive.agriculture,Centaurea.jacea,Apis.mellifera,1
CH,3,A2,Intensive.agriculture,Centaurea.jacea,Apis.mellifera,1
CH,3,A2,Intensive.agriculture,Centaurea.jacea,Apis.mellifera,1
CH,3,A2,Intensive.agriculture,Centaurea.jacea,Apis.mellifera,1
CH,3,A2,Intensive.agriculture,Centaurea.jacea,Apis.mellifera,1
CH,3,A2,Intensive.agriculture,Centaurea.jacea,Apis.mellifera,1
CH,3,A2,Intensive.agriculture,Centaurea.jacea,Apis.mellifera,1
CH,3,A2,Intensive.agriculture,Centaurea.jacea,Apis.mellifera,1
CH,3,A2,Intensive.agriculture,Centaurea.jacea,Apis.mellifera,1
CH,3,A2,Intensive.agriculture,Centaurea.jacea,Apis.mellifera,1
CH,3,A2,Intensive.agriculture,Centaurea.jacea,Apis.mellifera,1
CH,3,A2,Intensive.agriculture,Centaurea.jacea,Apis.mellifera,1
CH,3,A2,Intensive.agriculture,Centaurea.jacea,Apis.mellifera,1
CH,3,A2,Intensive.agriculture,Centaurea.jacea,Apis.mellifera,1
CH,3,A2,Intensive.agriculture,Centaurea.jacea,Apis.mellifera,1
CH,3,A2,Intensive.agriculture,Centaurea.jacea,Apis.mellifera,1
CH,3,A2,Intensive.agriculture,Centaurea.jacea,Apis.mellifera,1
CH,3,A2,Intensive.agriculture,Centaurea.jacea,Apis.mellifera,1
CH,3,A2,Intensive.agriculture,Centaurea.jacea,Apis.mellifera,1
CH,3,A2,Intensive.agriculture,Centaurea.jacea,Apis.mellifera,1
CH,3,A2,Intensive.agriculture,Centaurea.jacea,Apis.mellifera,1
CH,3,A2,Intensive.agriculture,Centaurea.jacea,Apis.mellifera,1
CH,3,A2,Intensive.agriculture,Centaurea.jacea,Apis.mellifera,1
CH,3,A2,Intensive.agriculture,Centaurea.jacea,Apis.mellifera,1
CH,3,A2,Intensive.agriculture,Centaurea.jacea,Apis.mellifera,1
CH,3,A2,Intensive.agriculture,Centaurea.jacea,Apis.mellifera,1
CH,3,A2,Intensive.agriculture,Centaurea.jacea,Apis.mellifera,1
CH,3,A2,Intensive.agriculture,Centaurea.jacea,Apis.mellifera,1
CH,3,A2,Intensive.agriculture,Centaurea.jacea,Apis.mellifera,1
CH,3,A2,Intensive.agriculture,Centaurea.jacea,Apis.mellifera,1
CH,3,A2,Intensive.agriculture,Centaurea.jacea,Apis.mellifera,1
CH,3,A2,Intensive.agriculture,Centaurea.jacea,Apis.mellifera,1
CH,3,A2,Intensive.agriculture,Centaurea.jacea,Apis.mellifera,1
CH,3,A2,Intensive.agriculture,Centaurea.jacea,Apis.mellifera,1
CH,3,A2,Intensive.agriculture,Centaurea.jacea,wildbee,1
CH,3,A2,Intensive.agriculture,Centaurea.jacea,Apis.mellifera,1
CH,3,A2,Intensive.agriculture,Centaurea.jacea,Apis.mellifera,1
CH,3,A2,Intensive.agriculture,Centaurea.jacea,Apis.mellifera,1
CH,3,A2,Intensive.agriculture,Centaurea.jacea,Apis.mellifera,1
CH,3,A2,Intensive.agriculture,Centaurea.jacea,Apis.mellifera,1
CH,3,A2,Intensive.agriculture,Centaurea.jacea,Apis.mellifera,1
CH,3,A2,Intensive.agriculture,Centaurea.jacea,Apis.mellifera,1
CH,3,A2,Intensive.agriculture,Centaurea.jacea,Apis.mellifera,1
CH,3,A2,Intensive.agriculture,Centaurea.jacea,Apis.mellifera,1
CH,3,A2,Intensive.agriculture,Centaurea.jacea,Apis.mellifera,1
CH,3,A2,Intensive.agriculture,Centaurea.jacea,Apis.mellifera,1
CH,3,A2,Intensive.agriculture,Centaurea.jacea,Apis.mellifera,1
CH,3,A2,Intensive.agriculture,Centaurea.jacea,Apis.mellifera,1
CH,3,A2,Intensive.agriculture,Centaurea.jacea,Apis.mellifera,1
CH,3,A2,Intensive.agriculture,Centaurea.jacea,Apis.mellifera,1
CH,3,A2,Intensive.agriculture,Centaurea.jacea,Apis.mellifera,1
CH,3,A2,Intensive.agriculture,Centaurea.jacea,Apis.mellifera,1
CH,3,A2,Intensive.agriculture,Centaurea.jacea,Apis.mellifera,1
CH,3,A2,Intensive.agriculture,Centaurea.jacea,Apis.mellifera,1
CH,3,A2,Intensive.agriculture,Centaurea.jacea,Apis.mellifera,1
CH,3,A2,Intensive.agriculture,Centaurea.jacea,Apis.mellifera,1
CH,3,A2,Intensive.agriculture,Centaurea.jacea,Apis.mellifera,1
CH,3,A2,Intensive.agriculture,Centaurea.jacea,Apis.mellifera,1
CH,3,A2,Intensive.agriculture,Centaurea.jacea,Apis.mellifera,1
CH,3,A2,Intensive.agriculture,Centaurea.jacea,Apis.mellifera,1
CH,3,A2,Intensive.agriculture,Centaurea.jacea,Apis.mellifera,1
CH,3,A2,Intensive.agriculture,Centaurea.jacea,Apis.mellifera,1
CH,3,A2,Intensive.agriculture,Lotus.corniculatus,Apis.mellifera,1
CH,3,A2,Intensive.agriculture,Lotus.corniculatus,Apis.mellifera,1
CH,3,A2,Intensive.agriculture,Trifolium.pratense,Bombus.sp,1
CH,3,A2,Intensive.agriculture,Centaurea.jacea,Apis.mellifera,1
CH,3,A2,Intensive.agriculture,Centaurea.jacea,Apis.mellifera,1
CH,3,A2,Intensive.agriculture,Centaurea.jacea,Apis.mellifera,1
CH,3,A2,Intensive.agriculture,Centaurea.jacea,Apis.mellifera,1
CH,3,A2,Intensive.agriculture,Centaurea.jacea,Apis.mellifera,1
CH,3,A2,Intensive.agriculture,Centaurea.jacea,Apis.mellifera,1
CH,3,A2,Intensive.agriculture,Centaurea.jacea,Apis.mellifera,1
CH,3,A2,Intensive.agriculture,Centaurea.jacea,Apis.mellifera,1
CH,3,A2,Intensive.agriculture,Centaurea.jacea,Apis.mellifera,1
CH,3,A2,Intensive.agriculture,Centaurea.jacea,Apis.mellifera,1
CH,3,A2,Intensive.agriculture,Centaurea.jacea,Apis.mellifera,1
CH,3,A2,Intensive.agriculture,Centaurea.jacea,Apis.mellifera,1
CH,3,A2,Intensive.agriculture,Centaurea.jacea,Apis.mellifera,1
CH,3,A2,Intensive.agriculture,Centaurea.jacea,Apis.mellifera,1
CH,3,A2,Intensive.agriculture,Centaurea.jacea,Apis.mellifera,1
CH,3,A2,Intensive.agriculture,Centaurea.jacea,Apis.mellifera,1
CH,3,A2,Intensive.agriculture,Centaurea.jacea,Apis.mellifera,1
CH,3,A2,Intensive.agriculture,Centaurea.jacea,Apis.mellifera,1
CH,3,A2,Intensive.agriculture,Centaurea.jacea,Apis.mellifera,1
CH,3,A2,Intensive.agriculture,Centaurea.jacea,Apis.mellifera,1
CH,3,A2,Intensive.agriculture,Centaurea.jacea,Apis.mellifera,1
CH,3,A2,Intensive.agriculture,Centaurea.jacea,Apis.mellifera,1
CH,3,A2,Intensive.agriculture,Centaurea.jacea,Apis.mellifera,1
CH,3,A2,Intensive.agriculture,Centaurea.jacea,Apis.mellifera,1
CH,3,A2,Intensive.agriculture,Centaurea.jacea,Apis.mellifera,1
CH,3,A2,Intensive.agriculture,Centaurea.jacea,Apis.mellifera,1
CH,3,A2,Intensive.agriculture,Centaurea.jacea,Apis.mellifera,1
CH,3,A2,Intensive.agriculture,Centaurea.jacea,Apis.mellifera,1
CH,3,A2,Intensive.agriculture,Centaurea.jacea,Apis.mellifera,1
CH,3,A2,Intensive.agriculture,Centaurea.jacea,Apis.mellifera,1
CH,3,A2,Intensive.agriculture,Trifolium.pratense,wildbee,1
CH,3,A2,Intensive.agriculture,Knautia.arvensis,Apis.mellifera,1
CH,3,A2,Intensive.agriculture,Centaurea.jacea,Apis.mellifera,1
CH,3,A2,Intensive.agriculture,Plantago.lanceolata,Sphaerophoria.sp,1
CH,3,A2,Intensive.agriculture,Plantago.lanceolata,Bombus.terrestris,1
CH,3,A2,Intensive.agriculture,Plantago.lanceolata,Eumerus.strigatus,1
CH,3,A2,Intensive.agriculture,Agrimonia.eupatoria,Sphaerophoria.interrupta,1
CH,3,A2,Intensive.agriculture,Plantago.lanceolata,Apis.mellifera,1
CH,3,A2,Intensive.agriculture,Plantago.lanceolata,Apis.mellifera,1
CH,3,A2,Intensive.agriculture,Plantago.lanceolata,Apis.mellifera,1
CH,3,A2,Intensive.agriculture,Plantago.lanceolata,Apis.mellifera,1
CH,3,A2,Intensive.agriculture,Plantago.lanceolata,Apis.mellifera,1
CH,3,A2,Intensive.agriculture,Plantago.lanceolata,Apis.mellifera,1
CH,3,A2,Intensive.agriculture,,Lasioglossum.malachurum,0
CH,3,A2,Intensive.agriculture,Phaseolus.vulgaris,Bombus.terrestris,1
CH,3,A2,Intensive.agriculture,Phaseolus.vulgaris,Bombus.ruderatus,1
CH,3,A2,Intensive.agriculture,Phaseolus.vulgaris,Bombus.terrestris,1
CH,3,A2,Intensive.agriculture,Phaseolus.vulgaris,Bombus.terrestris,1
CH,3,A2,Intensive.agriculture,Phaseolus.vulgaris,Bombus.terrestris,1
CH,3,A2,Intensive.agriculture,Phaseolus.vulgaris,Apis.mellifera,1
CH,3,A2,Intensive.agriculture,Phaseolus.vulgaris,Apis.mellifera,1
CH,3,A2,Intensive.agriculture,Phaseolus.vulgaris,Apis.mellifera,1
CH,3,A2,Intensive.agriculture,Phaseolus.vulgaris,Apis.mellifera,1
CH,3,A2,Intensive.agriculture,Phaseolus.vulgaris,Bombus.sp,1
CH,3,A2,Intensive.agriculture,Phaseolus.vulgaris,Apis.mellifera,1
CH,3,A2,Intensive.agriculture,Phaseolus.vulgaris,Apis.mellifera,1
CH,3,A2,Intensive.agriculture,Phaseolus.vulgaris,Apis.mellifera,1
CH,3,A2,Intensive.agriculture,Phaseolus.vulgaris,Apis.mellifera,1
CH,3,A2,Intensive.agriculture,Phaseolus.vulgaris,Apis.mellifera,1
CH,3,A2,Intensive.agriculture,Phaseolus.vulgaris,Apis.mellifera,1
CH,3,A2,Intensive.agriculture,Phaseolus.vulgaris,Apis.mellifera,1
CH,3,A2,Intensive.agriculture,Phaseolus.vulgaris,Apis.mellifera,1
CH,3,A2,Intensive.agriculture,Phaseolus.vulgaris,Apis.mellifera,1
CH,3,A2,Intensive.agriculture,Phaseolus.vulgaris,Apis.mellifera,1
CH,3,A2,Intensive.agriculture,Phaseolus.vulgaris,Apis.mellifera,1
CH,3,A2,Intensive.agriculture,Phaseolus.vulgaris,Apis.mellifera,1
CH,3,A2,Intensive.agriculture,Phaseolus.vulgaris,Bombus.sp,1
CH,3,A2,Intensive.agriculture,Phaseolus.vulgaris,Apis.mellifera,1
CH,3,A2,Intensive.agriculture,Phaseolus.vulgaris,Apis.mellifera,1
CH,3,A2,Intensive.agriculture,Phaseolus.vulgaris,Apis.mellifera,1
CH,3,A2,Intensive.agriculture,Phaseolus.vulgaris,Apis.mellifera,1
CH,3,A2,Intensive.agriculture,Phaseolus.vulgaris,Apis.mellifera,1
CH,3,A2,Intensive.agriculture,Phaseolus.vulgaris,Apis.mellifera,1
CH,3,A2,Intensive.agriculture,Phaseolus.vulgaris,Apis.mellifera,1
CH,3,A2,Intensive.agriculture,Phaseolus.vulgaris,Apis.mellifera,1
CH,3,A2,Intensive.agriculture,Phaseolus.vulgaris,Apis.mellifera,1
CH,3,A2,Intensive.agriculture,Phaseolus.vulgaris,Apis.mellifera,1
CH,3,A2,Intensive.agriculture,Phaseolus.vulgaris,Apis.mellifera,1
CH,3,A2,Intensive.agriculture,Phaseolus.vulgaris,Apis.mellifera,1
CH,3,A2,Intensive.agriculture,Phaseolus.vulgaris,Apis.mellifera,1
CH,3,A2,Intensive.agriculture,Phaseolus.vulgaris,Bombus.sp,1
CH,3,A2,Intensive.agriculture,Phaseolus.vulgaris,Bombus.sp,1
CH,3,A2,Intensive.agriculture,Phaseolus.vulgaris,Apis.mellifera,1
CH,3,A2,Intensive.agriculture,Phaseolus.vulgaris,Apis.mellifera,1
CH,3,A2,Intensive.agriculture,Phaseolus.vulgaris,Apis.mellifera,1
CH,3,A2,Intensive.agriculture,Phaseolus.vulgaris,Apis.mellifera,1
CH,3,A2,Intensive.agriculture,Phaseolus.vulgaris,Apis.mellifera,1
CH,3,A2,Intensive.agriculture,Phaseolus.vulgaris,Apis.mellifera,1
CH,3,A2,Intensive.agriculture,Phaseolus.vulgaris,Apis.mellifera,1
CH,3,A2,Intensive.agriculture,Phaseolus.vulgaris,Apis.mellifera,1
CH,3,A2,Intensive.agriculture,Phaseolus.vulgaris,Apis.mellifera,1
CH,3,A2,Intensive.agriculture,Phaseolus.vulgaris,Apis.mellifera,1
CH,3,A2,Intensive.agriculture,Phaseolus.vulgaris,Apis.mellifera,1
CH,3,A2,Intensive.agriculture,Phaseolus.vulgaris,Apis.mellifera,1
CH,3,A2,Intensive.agriculture,Phaseolus.vulgaris,Apis.mellifera,1
CH,3,A2,Intensive.agriculture,Phaseolus.vulgaris,Apis.mellifera,1
CH,3,A2,Intensive.agriculture,Phaseolus.vulgaris,Apis.mellifera,1
CH,3,A2,Intensive.agriculture,Phaseolus.vulgaris,Apis.mellifera,1
CH,3,A2,Intensive.agriculture,Phaseolus.vulgaris,Apis.mellifera,1
CH,3,A2,Intensive.agriculture,Phaseolus.vulgaris,Apis.mellifera,1
CH,3,A2,Intensive.agriculture,Phaseolus.vulgaris,Apis.mellifera,1
CH,3,A2,Intensive.agriculture,Phaseolus.vulgaris,Apis.mellifera,1
CH,3,A2,Intensive.agriculture,Phaseolus.vulgaris,Apis.mellifera,1
CH,3,A2,Intensive.agriculture,Phaseolus.vulgaris,Apis.mellifera,1
CH,3,A2,Intensive.agriculture,Phaseolus.vulgaris,Apis.mellifera,1
CH,3,A2,Intensive.agriculture,Phaseolus.vulgaris,Apis.mellifera,1
CH,3,A2,Intensive.agriculture,Phaseolus.vulgaris,Apis.mellifera,1
CH,3,A2,Intensive.agriculture,Phaseolus.vulgaris,Apis.mellifera,1
CH,3,A2,Intensive.agriculture,Phaseolus.vulgaris,Apis.mellifera,1
CH,3,A2,Intensive.agriculture,Phaseolus.vulgaris,Apis.mellifera,1
CH,3,A2,Intensive.agriculture,Phaseolus.vulgaris,Apis.mellifera,1
CH,3,A2,Intensive.agriculture,Phaseolus.vulgaris,Apis.mellifera,1
CH,3,A2,Intensive.agriculture,Phaseolus.vulgaris,Apis.mellifera,1
CH,3,A2,Intensive.agriculture,Phaseolus.vulgaris,Apis.mellifera,1
CH,3,A2,Intensive.agriculture,Phaseolus.vulgaris,Apis.mellifera,1
CH,3,A2,Intensive.agriculture,Phaseolus.vulgaris,Apis.mellifera,1
CH,3,A2,Intensive.agriculture,Phaseolus.vulgaris,Apis.mellifera,1
CH,3,A2,Intensive.agriculture,Phaseolus.vulgaris,Apis.mellifera,1
CH,3,A2,Intensive.agriculture,Phaseolus.vulgaris,Apis.mellifera,1
CH,3,A2,Intensive.agriculture,Phaseolus.vulgaris,Apis.mellifera,1
CH,3,A2,Intensive.agriculture,Phaseolus.vulgaris,Apis.mellifera,1
CH,3,A2,Intensive.agriculture,Phaseolus.vulgaris,Apis.mellifera,1
CH,3,A2,Intensive.agriculture,Helianthus.annuus,Sphaerophoria.philanthus,1
CH,3,A2,Intensive.agriculture,Helianthus.annuus,Bombus.terrestris,1
CH,3,A2,Intensive.agriculture,Helianthus.annuus,Lasioglossum.malachurum,1
CH,3,A2,Intensive.agriculture,Helianthus.annuus,Bombus.terrestris,1
CH,3,A2,Intensive.agriculture,Helianthus.annuus,Bombus.lapidarius,1
CH,3,A2,Intensive.agriculture,Helianthus.annuus,Bombus.lucorum,1
CH,3,A2,Intensive.agriculture,Helianthus.annuus,Bombus.terrestris,1
CH,3,A2,Intensive.agriculture,Helianthus.annuus,Bombus.lapidarius,1
CH,3,A2,Intensive.agriculture,Helianthus.annuus,Bombus.terrestris,1
CH,3,A2,Intensive.agriculture,Helianthus.annuus,Bombus.terrestris,1
CH,3,A2,Intensive.agriculture,Helianthus.annuus,Bombus.sp,1
CH,3,A2,Intensive.agriculture,Helianthus.annuus,Bombus.terrestris,1
CH,3,A2,Intensive.agriculture,Helianthus.annuus,Bombus.terrestris,1
CH,3,A2,Intensive.agriculture,Helianthus.annuus,Bombus.terrestris,1
CH,3,A2,Intensive.agriculture,Helianthus.annuus,Bombus.lapidarius,1
CH,3,A2,Intensive.agriculture,Helianthus.annuus,Bombus.terrestris,1
CH,3,A2,Intensive.agriculture,Helianthus.annuus,Bombus.terrestris,1
CH,3,A2,Intensive.agriculture,Helianthus.annuus,Bombus.terrestris,1
CH,3,A2,Intensive.agriculture,Helianthus.annuus,Bombus.terrestris,1
CH,3,A2,Intensive.agriculture,Helianthus.annuus,Bombus.lapidarius,1
CH,3,A2,Intensive.agriculture,Helianthus.annuus,Bombus.lapidarius,1
CH,3,A2,Intensive.agriculture,Helianthus.annuus,Bombus.terrestris,1
CH,3,A2,Intensive.agriculture,Helianthus.annuus,Bombus.lapidarius,1
CH,3,A2,Intensive.agriculture,Helianthus.annuus,Bombus.lapidarius,1
CH,3,A2,Intensive.agriculture,Helianthus.annuus,Bombus.terrestris,1
CH,3,A2,Intensive.agriculture,Helianthus.annuus,Bombus.terrestris,1
CH,3,A2,Intensive.agriculture,Helianthus.annuus,Bombus.terrestris,1
CH,3,A2,Intensive.agriculture,Helianthus.annuus,Bombus.terrestris,1
CH,3,A2,Intensive.agriculture,Helianthus.annuus,Apis.mellifera,1
CH,3,A2,Intensive.agriculture,Helianthus.annuus,Apis.mellifera,1
CH,3,A2,Intensive.agriculture,Cirsium.arvense,Apis.mellifera,1
CH,3,A2,Intensive.agriculture,Cirsium.arvense,Apis.mellifera,1
CH,3,A2,Intensive.agriculture,Cirsium.arvense,Apis.mellifera,1
CH,3,A2,Intensive.agriculture,Cirsium.arvense,Apis.mellifera,1
CH,3,A2,Intensive.agriculture,Cirsium.arvense,Apis.mellifera,1
CH,3,A2,Intensive.agriculture,Cirsium.arvense,Apis.mellifera,1
CH,3,A2,Intensive.agriculture,Cirsium.arvense,Apis.mellifera,1
CH,3,A2,Intensive.agriculture,Helianthus.annuus,Apis.mellifera,1
CH,3,A2,Intensive.agriculture,Helianthus.annuus,wildbee,1
CH,3,A2,Intensive.agriculture,Helianthus.annuus,Apis.mellifera,1
CH,3,A2,Intensive.agriculture,Helianthus.annuus,Apis.mellifera,1
CH,3,A2,Intensive.agriculture,Helianthus.annuus,Apis.mellifera,1
CH,3,A2,Intensive.agriculture,Helianthus.annuus,Apis.mellifera,1
CH,3,A2,Intensive.agriculture,Helianthus.annuus,Apis.mellifera,1
CH,3,A2,Intensive.agriculture,Helianthus.annuus,Bombus.sp,1
CH,3,A2,Intensive.agriculture,Helianthus.annuus,Bombus.sp,1
CH,3,A2,Intensive.agriculture,Helianthus.annuus,Bombus.sp,1
CH,3,A2,Intensive.agriculture,Helianthus.annuus,Apis.mellifera,1
CH,3,A2,Intensive.agriculture,Helianthus.annuus,Apis.mellifera,1
CH,3,A2,Intensive.agriculture,Helianthus.annuus,Apis.mellifera,1
CH,3,A2,Intensive.agriculture,Helianthus.annuus,Apis.mellifera,1
CH,3,A2,Intensive.agriculture,Helianthus.annuus,Apis.mellifera,1
CH,3,A2,Intensive.agriculture,Helianthus.annuus,Apis.mellifera,1
CH,3,A2,Intensive.agriculture,Helianthus.annuus,Apis.mellifera,1
CH,3,A2,Intensive.agriculture,Helianthus.annuus,Apis.mellifera,1
CH,3,A2,Intensive.agriculture,Helianthus.annuus,Apis.mellifera,1
CH,3,A2,Intensive.agriculture,Helianthus.annuus,Apis.mellifera,1
CH,3,A2,Intensive.agriculture,Helianthus.annuus,Apis.mellifera,1
CH,3,A2,Intensive.agriculture,Helianthus.annuus,Apis.mellifera,1
CH,3,A2,Intensive.agriculture,Helianthus.annuus,Bombus.sp,1
CH,3,A2,Intensive.agriculture,Helianthus.annuus,Apis.mellifera,1
CH,3,A2,Intensive.agriculture,Helianthus.annuus,Apis.mellifera,1
CH,3,A2,Intensive.agriculture,Helianthus.annuus,Apis.mellifera,1
CH,3,A2,Intensive.agriculture,Helianthus.annuus,Apis.mellifera,1
CH,3,A2,Intensive.agriculture,Helianthus.annuus,Apis.mellifera,1
CH,3,A2,Intensive.agriculture,Helianthus.annuus,Apis.mellifera,1
CH,3,A2,Intensive.agriculture,Helianthus.annuus,Apis.mellifera,1
CH,3,A2,Intensive.agriculture,Helianthus.annuus,Apis.mellifera,1
CH,3,A2,Intensive.agriculture,Helianthus.annuus,Apis.mellifera,1
CH,3,A2,Intensive.agriculture,Helianthus.annuus,Apis.mellifera,1
CH,3,A2,Intensive.agriculture,Matricaria.chamomilla,Syrphidae.sp,1
CH,3,A2,Intensive.agriculture,Polygonum.lapathifolium,Apis.mellifera,1
CH,3,A2,Intensive.agriculture,Polygonum.lapathifolium,Apis.mellifera,1
CH,3,A2,Intensive.agriculture,Polygonum.lapathifolium,Apis.mellifera,1
CH,3,A2,Intensive.agriculture,Polygonum.lapathifolium,Apis.mellifera,1
CH,3,A2,Intensive.agriculture,Polygonum.lapathifolium,Apis.mellifera,1
CH,3,A2,Intensive.agriculture,Polygonum.lapathifolium,Apis.mellifera,1
CH,3,A2,Intensive.agriculture,Polygonum.lapathifolium,Apis.mellifera,1
CH,3,A2,Intensive.agriculture,Polygonum.lapathifolium,Apis.mellifera,1
CH,3,A2,Intensive.agriculture,Polygonum.lapathifolium,Apis.mellifera,1
CH,3,A2,Intensive.agriculture,Polygonum.lapathifolium,Apis.mellifera,1
CH,3,A2,Intensive.agriculture,Polygonum.lapathifolium,Apis.mellifera,1
CH,3,A2,Intensive.agriculture,Polygonum.lapathifolium,Apis.mellifera,1
CH,3,A2,Intensive.agriculture,Polygonum.lapathifolium,Apis.mellifera,1
CH,3,A2,Intensive.agriculture,Polygonum.lapathifolium,Apis.mellifera,1
CH,3,A2,Intensive.agriculture,Polygonum.lapathifolium,Apis.mellifera,1
CH,3,A2,Intensive.agriculture,Polygonum.lapathifolium,Apis.mellifera,1
CH,3,A2,Intensive.agriculture,Polygonum.lapathifolium,Apis.mellifera,1
CH,3,A3,Intensive.agriculture,Knautia.arvensis,Eristalis.tenax,1
CH,3,A3,Intensive.agriculture,Hypochaeris.radicata,Lasioglossum.malachurum,1
CH,3,A3,Intensive.agriculture,Prunella.vulgaris,Bombus.ruderatus,1
CH,3,A3,Intensive.agriculture,Hypochaeris.radicata,Sphaerophoria.sp,1
CH,3,A3,Intensive.agriculture,Bellis.perennis,Lasioglossum.minutissimum,1
CH,3,A3,Intensive.agriculture,Bellis.perennis,Andrena.minutuloides,1
CH,3,A3,Intensive.agriculture,Bellis.perennis,Lasioglossum.minutissimum,1
CH,3,A3,Intensive.agriculture,Trifolium.repens,wildbee,1
CH,3,A3,Intensive.agriculture,Trifolium.repens,Bombus.lapidarius,1
CH,3,A3,Intensive.agriculture,Bellis.perennis,Lasioglossum.minutissimum,1
CH,3,A3,Intensive.agriculture,Bellis.perennis,Lasioglossum.minutissimum,1
CH,3,A3,Intensive.agriculture,Bellis.perennis,Lasioglossum.pauxillum,1
CH,3,A3,Intensive.agriculture,Bellis.perennis,Paragus.tibialis,1
CH,3,A3,Intensive.agriculture,Bellis.perennis,wildbee,1
CH,3,A3,Intensive.agriculture,Trifolium.repens,Apis.mellifera,1
CH,3,A3,Intensive.agriculture,Trifolium.repens,Apis.mellifera,1
CH,3,A3,Intensive.agriculture,Trifolium.repens,Apis.mellifera,1
CH,3,A3,Intensive.agriculture,Trifolium.repens,Apis.mellifera,1
CH,3,A3,Intensive.agriculture,Trifolium.repens,Apis.mellifera,1
CH,3,A3,Intensive.agriculture,Trifolium.repens,Apis.mellifera,1
CH,3,A3,Intensive.agriculture,Trifolium.repens,Apis.mellifera,1
CH,3,A3,Intensive.agriculture,Trifolium.repens,Apis.mellifera,1
CH,3,A3,Intensive.agriculture,Bellis.perennis,Sphaerophoria.philanthus,1
CH,3,A3,Intensive.agriculture,Bellis.perennis,Sphaerophoria.philanthus,1
CH,3,A3,Intensive.agriculture,Bellis.perennis,Sphaerophoria.philanthus,1
CH,3,A3,Intensive.agriculture,Bellis.perennis,Lasioglossum.malachurum,1
CH,3,A3,Intensive.agriculture,Bellis.perennis,Eumerus.strigatus,1
CH,3,A3,Intensive.agriculture,Bellis.perennis,Sphaerophoria.sp,1
CH,3,A3,Intensive.agriculture,Crepis.capillaris,Lasioglossum.malachurum,1
CH,3,A3,Intensive.agriculture,Bellis.perennis,Lasioglossum.malachurum,1
CH,3,A3,Intensive.agriculture,Bellis.perennis,Sphaerophoria.sp,1
CH,3,A3,Intensive.agriculture,Bellis.perennis,Lasioglossum.malachurum,1
CH,3,A3,Intensive.agriculture,Bellis.perennis,Lasioglossum.glabriusculum,1
CH,3,A3,Intensive.agriculture,Bellis.perennis,Sphaerophoria.sp,1
CH,3,A3,Intensive.agriculture,Trifolium.repens,Apis.mellifera,1
CH,3,A3,Intensive.agriculture,Bellis.perennis,wildbee,1
CH,3,A3,Intensive.agriculture,Trifolium.repens,Apis.mellifera,1
CH,3,A3,Intensive.agriculture,Trifolium.repens,Apis.mellifera,1
CH,3,A3,Intensive.agriculture,Trifolium.repens,Apis.mellifera,1
CH,3,A3,Intensive.agriculture,Trifolium.repens,Apis.mellifera,1
CH,3,A3,Intensive.agriculture,Trifolium.repens,Apis.mellifera,1
CH,3,A3,Intensive.agriculture,Trifolium.repens,Apis.mellifera,1
CH,3,A3,Intensive.agriculture,Trifolium.repens,Apis.mellifera,1
CH,3,A3,Intensive.agriculture,Bellis.perennis,Syrphidae.sp,1
CH,3,A3,Intensive.agriculture,Trifolium.repens,Apis.mellifera,1
CH,3,A3,Intensive.agriculture,Trifolium.repens,Apis.mellifera,1
CH,3,A3,Intensive.agriculture,Trifolium.repens,Apis.mellifera,1
CH,3,A3,Intensive.agriculture,Trifolium.repens,Apis.mellifera,1
CH,3,A3,Intensive.agriculture,Trifolium.repens,Apis.mellifera,1
CH,3,A3,Intensive.agriculture,Trifolium.repens,Apis.mellifera,1
CH,3,A3,Intensive.agriculture,Trifolium.repens,Apis.mellifera,1
CH,3,A3,Intensive.agriculture,Matricaria.chamomilla,Halictus.subauratus,1
CH,3,A3,Intensive.agriculture,Matricaria.chamomilla,Lasioglossum.pauxillum,1
CH,3,A3,Intensive.agriculture,Helianthus.annuus,Bombus.terrestris,1
CH,3,A3,Intensive.agriculture,Helianthus.annuus,Bombus.lapidarius,1
CH,3,A3,Intensive.agriculture,Helianthus.annuus,Bombus.lapidarius,1
CH,3,A3,Intensive.agriculture,Cirsium.arvense,wildbee,1
CH,3,A3,Intensive.agriculture,Helianthus.annuus,Bombus.lapidarius,1
CH,3,A3,Intensive.agriculture,Helianthus.annuus,Bombus.terrestris,1
CH,3,A3,Intensive.agriculture,Helianthus.annuus,Lasioglossum.malachurum,1
CH,3,A3,Intensive.agriculture,Matricaria.chamomilla,Sphaerophoria.sp,1
CH,3,A3,Intensive.agriculture,Helianthus.annuus,Bombus.lapidarius,1
CH,3,A3,Intensive.agriculture,Convolvulus.arvensis,Lasioglossum.malachurum,1
CH,3,A3,Intensive.agriculture,Helianthus.annuus,Bombus.terrestris,1
CH,3,A3,Intensive.agriculture,Helianthus.annuus,Lasioglossum.malachurum,1
CH,3,A3,Intensive.agriculture,Convolvulus.arvensis,Sphaerophoria.sp,1
CH,3,A3,Intensive.agriculture,Polygonum.lapathifolium,Melanostoma.sp,1
CH,3,A3,Intensive.agriculture,Helianthus.annuus,Lasioglossum.malachurum,1
CH,3,A3,Intensive.agriculture,Helianthus.annuus,Lasioglossum.malachurum,1
CH,3,A3,Intensive.agriculture,Convolvulus.arvensis,Sphaerophoria.philanthus,1
CH,3,A3,Intensive.agriculture,Helianthus.annuus,Bombus.lapidarius,1
CH,3,A3,Intensive.agriculture,Helianthus.annuus,Bombus.terrestris,1
CH,3,A3,Intensive.agriculture,Helianthus.annuus,Bombus.lapidarius,1
CH,3,A3,Intensive.agriculture,Helianthus.annuus,Bombus.terrestris,1
CH,3,A3,Intensive.agriculture,Helianthus.annuus,Bombus.terrestris,1
CH,3,A3,Intensive.agriculture,Helianthus.annuus,Bombus.lapidarius,1
CH,3,A3,Intensive.agriculture,Helianthus.annuus,Bombus.pascuorum,1
CH,3,A3,Intensive.agriculture,Helianthus.annuus,Bombus.terrestris,1
CH,3,A3,Intensive.agriculture,Helianthus.annuus,Bombus.lapidarius,1
CH,3,A3,Intensive.agriculture,Convolvulus.arvensis,Lasioglossum.pauxillum,1
CH,3,A3,Intensive.agriculture,Cirsium.arvense,Halictus.scabiosae,1
CH,3,A3,Intensive.agriculture,Cirsium.arvense,Bombus.sylvarum,1
CH,3,A3,Intensive.agriculture,Helianthus.annuus,Bombus.lapidarius,1
CH,3,A3,Intensive.agriculture,Convolvulus.arvensis,Melanostoma.sp,1
CH,3,A3,Intensive.agriculture,Helianthus.annuus,Bombus.lapidarius,1
CH,3,A3,Intensive.agriculture,Helianthus.annuus,Bombus.lapidarius,1
CH,3,A3,Intensive.agriculture,Helianthus.annuus,Bombus.terrestris,1
CH,3,A3,Intensive.agriculture,Convolvulus.arvensis,Sphaerophoria.sp,1
CH,3,A3,Intensive.agriculture,Helianthus.annuus,Lasioglossum.malachurum,1
CH,3,A3,Intensive.agriculture,Helianthus.annuus,Bombus.terrestris,1
CH,3,A3,Intensive.agriculture,Polygonum.lapathifolium,Lasioglossum.malachurum,1
CH,3,A3,Intensive.agriculture,Polygonum.lapathifolium,wildbee,1
CH,3,A3,Intensive.agriculture,Helianthus.annuus,Bombus.terrestris,1
CH,3,A3,Intensive.agriculture,Helianthus.annuus,Halictus.scabiosae,1
CH,3,A3,Intensive.agriculture,Helianthus.annuus,Apis.mellifera,1
CH,3,A3,Intensive.agriculture,Helianthus.annuus,Apis.mellifera,1
CH,3,A3,Intensive.agriculture,Helianthus.annuus,Apis.mellifera,1
CH,3,A3,Intensive.agriculture,Helianthus.annuus,Apis.mellifera,1
CH,3,A3,Intensive.agriculture,Helianthus.annuus,Apis.mellifera,1
CH,3,A3,Intensive.agriculture,Helianthus.annuus,Apis.mellifera,1
CH,3,A3,Intensive.agriculture,Helianthus.annuus,Bombus.sp,1
CH,3,A3,Intensive.agriculture,Helianthus.annuus,Apis.mellifera,1
CH,3,A3,Intensive.agriculture,Helianthus.annuus,Apis.mellifera,1
CH,3,A3,Intensive.agriculture,Helianthus.annuus,Apis.mellifera,1
CH,3,A3,Intensive.agriculture,Helianthus.annuus,Apis.mellifera,1
CH,3,A3,Intensive.agriculture,Helianthus.annuus,Apis.mellifera,1
CH,3,A3,Intensive.agriculture,Helianthus.annuus,Apis.mellifera,1
CH,3,A3,Intensive.agriculture,Helianthus.annuus,Apis.mellifera,1
CH,3,A3,Intensive.agriculture,Polygonum.lapathifolium,Apis.mellifera,1
CH,3,A3,Intensive.agriculture,Helianthus.annuus,Apis.mellifera,1
CH,3,A3,Intensive.agriculture,Helianthus.annuus,Apis.mellifera,1
CH,3,A3,Intensive.agriculture,Helianthus.annuus,Apis.mellifera,1
CH,3,A3,Intensive.agriculture,Polygonum.lapathifolium,wildbee,1
CH,3,A3,Intensive.agriculture,Helianthus.annuus,Apis.mellifera,1
CH,3,A3,Intensive.agriculture,Helianthus.annuus,Apis.mellifera,1
CH,3,A3,Intensive.agriculture,Helianthus.annuus,Apis.mellifera,1
CH,3,A3,Intensive.agriculture,Helianthus.annuus,Apis.mellifera,1
CH,3,A3,Intensive.agriculture,Helianthus.annuus,Apis.mellifera,1
CH,3,A3,Intensive.agriculture,Helianthus.annuus,Apis.mellifera,1
CH,3,A3,Intensive.agriculture,Helianthus.annuus,Apis.mellifera,1
CH,3,A3,Intensive.agriculture,Helianthus.annuus,Apis.mellifera,1
CH,3,A3,Intensive.agriculture,Helianthus.annuus,Apis.mellifera,1
CH,3,A3,Intensive.agriculture,Helianthus.annuus,Apis.mellifera,1
CH,3,A3,Intensive.agriculture,Helianthus.annuus,Apis.mellifera,1
CH,3,A3,Intensive.agriculture,Helianthus.annuus,Apis.mellifera,1
CH,3,A3,Intensive.agriculture,Helianthus.annuus,Apis.mellifera,1
CH,3,A3,Intensive.agriculture,Helianthus.annuus,Apis.mellifera,1
CH,3,A3,Intensive.agriculture,Polygonum.lapathifolium,Apis.mellifera,1
CH,3,A3,Intensive.agriculture,Polygonum.lapathifolium,Apis.mellifera,1
CH,3,A3,Intensive.agriculture,Helianthus.annuus,Apis.mellifera,1
CH,3,A3,Intensive.agriculture,Helianthus.annuus,Apis.mellifera,1
CH,3,A3,Intensive.agriculture,Helianthus.annuus,Bombus.sp,1
CH,3,A3,Intensive.agriculture,Helianthus.annuus,Apis.mellifera,1
CH,3,A3,Intensive.agriculture,Helianthus.annuus,Apis.mellifera,1
CH,3,A3,Intensive.agriculture,Helianthus.annuus,Apis.mellifera,1
CH,3,A3,Intensive.agriculture,Helianthus.annuus,Apis.mellifera,1
CH,3,A3,Intensive.agriculture,Helianthus.annuus,Apis.mellifera,1
CH,3,A3,Intensive.agriculture,Helianthus.annuus,Apis.mellifera,1
CH,3,A3,Intensive.agriculture,Helianthus.annuus,Apis.mellifera,1
CH,3,A3,Intensive.agriculture,Helianthus.annuus,Apis.mellifera,1
CH,3,A3,Intensive.agriculture,Helianthus.annuus,Apis.mellifera,1
CH,3,A3,Intensive.agriculture,Helianthus.annuus,Apis.mellifera,1
CH,3,A3,Intensive.agriculture,Helianthus.annuus,Apis.mellifera,1
CH,3,A3,Intensive.agriculture,Helianthus.annuus,Apis.mellifera,1
CH,3,A3,Intensive.agriculture,Helianthus.annuus,wildbee,1
CH,3,A3,Intensive.agriculture,Cichorium.intybus,wildbee,1
CH,3,A3,Intensive.agriculture,Helianthus.annuus,Apis.mellifera,1
CH,3,A3,Intensive.agriculture,Helianthus.annuus,Apis.mellifera,1
CH,3,A3,Intensive.agriculture,Helianthus.annuus,Apis.mellifera,1
CH,3,A3,Intensive.agriculture,Helianthus.annuus,Apis.mellifera,1
CH,3,A3,Intensive.agriculture,Helianthus.annuus,Apis.mellifera,1
CH,3,A3,Intensive.agriculture,Helianthus.annuus,Apis.mellifera,1
CH,3,A3,Intensive.agriculture,Helianthus.annuus,Apis.mellifera,1
CH,3,A3,Intensive.agriculture,Helianthus.annuus,Apis.mellifera,1
CH,3,A3,Intensive.agriculture,Helianthus.annuus,Apis.mellifera,1
CH,3,A3,Intensive.agriculture,Helianthus.annuus,Apis.mellifera,1
CH,3,A3,Intensive.agriculture,Trifolium.alexandrinum,Apis.mellifera,1
CH,3,A3,Intensive.agriculture,Convolvulus.arvensis,wildbee,1
CH,3,A3,Intensive.agriculture,Helianthus.annuus,Apis.mellifera,1
CH,3,A3,Intensive.agriculture,Helianthus.annuus,Apis.mellifera,1
CH,3,A3,Intensive.agriculture,Helianthus.annuus,Apis.mellifera,1
CH,3,A3,Intensive.agriculture,Helianthus.annuus,Apis.mellifera,1
CH,3,A3,Intensive.agriculture,Helianthus.annuus,Apis.mellifera,1
CH,3,A3,Intensive.agriculture,Helianthus.annuus,Apis.mellifera,1
CH,3,A3,Intensive.agriculture,Helianthus.annuus,Apis.mellifera,1
CH,3,A3,Intensive.agriculture,Helianthus.annuus,Apis.mellifera,1
CH,3,A3,Intensive.agriculture,Helianthus.annuus,Apis.mellifera,1
CH,3,A3,Intensive.agriculture,Helianthus.annuus,Apis.mellifera,1
CH,3,A3,Intensive.agriculture,Helianthus.annuus,Apis.mellifera,1
CH,3,A3,Intensive.agriculture,Helianthus.annuus,Apis.mellifera,1
CH,3,A3,Intensive.agriculture,Helianthus.annuus,Apis.mellifera,1
CH,3,A3,Intensive.agriculture,Helianthus.annuus,Apis.mellifera,1
CH,3,A3,Intensive.agriculture,Helianthus.annuus,Apis.mellifera,1
CH,3,A3,Intensive.agriculture,Trifolium.alexandrinum,Apis.mellifera,1
CH,3,A3,Intensive.agriculture,Cirsium.arvense,wildbee,1
CH,3,A3,Intensive.agriculture,Cirsium.arvense,Apis.mellifera,1
CH,3,A3,Intensive.agriculture,Cirsium.arvense,Apis.mellifera,1
CH,3,A3,Intensive.agriculture,Helianthus.annuus,Apis.mellifera,1
CH,3,A3,Intensive.agriculture,Helianthus.annuus,Apis.mellifera,1
CH,3,A3,Intensive.agriculture,Helianthus.annuus,Apis.mellifera,1
CH,3,A3,Intensive.agriculture,Helianthus.annuus,Apis.mellifera,1
CH,3,A3,Intensive.agriculture,Helianthus.annuus,Apis.mellifera,1
CH,3,A3,Intensive.agriculture,Helianthus.annuus,Apis.mellifera,1
CH,3,A3,Intensive.agriculture,Helianthus.annuus,Apis.mellifera,1
CH,3,A3,Intensive.agriculture,Helianthus.annuus,Apis.mellifera,1
CH,3,A3,Intensive.agriculture,Helianthus.annuus,Apis.mellifera,1
CH,3,A3,Intensive.agriculture,Helianthus.annuus,Apis.mellifera,1
CH,3,A3,Intensive.agriculture,Helianthus.annuus,Apis.mellifera,1
CH,3,A3,Intensive.agriculture,Helianthus.annuus,Apis.mellifera,1
CH,3,A3,Intensive.agriculture,Helianthus.annuus,Apis.mellifera,1
CH,3,A3,Intensive.agriculture,Helianthus.annuus,Apis.mellifera,1
CH,3,A3,Intensive.agriculture,Convolvulus.arvensis,wildbee,1
CH,3,A3,Intensive.agriculture,Helianthus.annuus,Apis.mellifera,1
CH,3,A3,Intensive.agriculture,Helianthus.annuus,Apis.mellifera,1
CH,3,A3,Intensive.agriculture,Helianthus.annuus,Apis.mellifera,1
CH,3,A3,Intensive.agriculture,Helianthus.annuus,Apis.mellifera,1
CH,3,A3,Intensive.agriculture,Helianthus.annuus,Apis.mellifera,1
CH,3,A3,Intensive.agriculture,Helianthus.annuus,Apis.mellifera,1
CH,3,A3,Intensive.agriculture,Helianthus.annuus,Apis.mellifera,1
CH,3,A3,Intensive.agriculture,Helianthus.annuus,Apis.mellifera,1
CH,3,A3,Intensive.agriculture,Helianthus.annuus,Apis.mellifera,1
CH,3,A3,Intensive.agriculture,Helianthus.annuus,Apis.mellifera,1
CH,3,A3,Intensive.agriculture,Helianthus.annuus,Apis.mellifera,1
CH,3,A3,Intensive.agriculture,Helianthus.annuus,Apis.mellifera,1
CH,3,A3,Intensive.agriculture,Helianthus.annuus,Apis.mellifera,1
CH,3,A3,Intensive.agriculture,Helianthus.annuus,Apis.mellifera,1
CH,3,A3,Intensive.agriculture,Trifolium.alexandrinum,Apis.mellifera,1
CH,3,A3,Intensive.agriculture,Helianthus.annuus,Apis.mellifera,1
CH,3,A3,Intensive.agriculture,Helianthus.annuus,Bombus.sp,1
CH,3,A3,Intensive.agriculture,Helianthus.annuus,Apis.mellifera,1
CH,3,A3,Intensive.agriculture,Helianthus.annuus,Apis.mellifera,1
CH,3,A3,Intensive.agriculture,Helianthus.annuus,Apis.mellifera,1
CH,3,A3,Intensive.agriculture,Helianthus.annuus,Apis.mellifera,1
CH,3,A3,Intensive.agriculture,Helianthus.annuus,Apis.mellifera,1
CH,3,A3,Intensive.agriculture,Helianthus.annuus,Apis.mellifera,1
CH,3,A3,Intensive.agriculture,Helianthus.annuus,Apis.mellifera,1
CH,3,A3,Intensive.agriculture,Helianthus.annuus,Apis.mellifera,1
CH,3,A3,Intensive.agriculture,Helianthus.annuus,Apis.mellifera,1
CH,3,A3,Intensive.agriculture,Helianthus.annuus,Apis.mellifera,1
CH,3,A3,Intensive.agriculture,Helianthus.annuus,Apis.mellifera,1
CH,3,A3,Intensive.agriculture,Helianthus.annuus,Apis.mellifera,1
CH,3,A3,Intensive.agriculture,Helianthus.annuus,Apis.mellifera,1
CH,3,A3,Intensive.agriculture,Helianthus.annuus,Apis.mellifera,1
CH,3,A3,Intensive.agriculture,Cirsium.arvense,Apis.mellifera,1
CH,3,A3,Intensive.agriculture,Cirsium.arvense,Apis.mellifera,1
CH,3,A3,Intensive.agriculture,Cirsium.arvense,Apis.mellifera,1
CH,3,A3,Intensive.agriculture,Cirsium.arvense,Apis.mellifera,1
CH,3,A3,Intensive.agriculture,Helianthus.annuus,wildbee,1
CH,3,A3,Intensive.agriculture,Cirsium.arvense,wildbee,1
CH,3,A3,Intensive.agriculture,Cirsium.arvense,Syrphidae.sp,1
CH,3,A3,Intensive.agriculture,Helianthus.annuus,Apis.mellifera,1
CH,3,A3,Intensive.agriculture,Helianthus.annuus,Apis.mellifera,1
CH,3,A3,Intensive.agriculture,Helianthus.annuus,Apis.mellifera,1
CH,3,A3,Intensive.agriculture,Helianthus.annuus,Apis.mellifera,1
CH,3,A3,Intensive.agriculture,Helianthus.annuus,Apis.mellifera,1
CH,3,A3,Intensive.agriculture,Helianthus.annuus,Apis.mellifera,1
CH,3,A3,Intensive.agriculture,Helianthus.annuus,Apis.mellifera,1
CH,3,A3,Intensive.agriculture,Helianthus.annuus,Apis.mellifera,1
CH,3,A3,Intensive.agriculture,Helianthus.annuus,Apis.mellifera,1
CH,3,A3,Intensive.agriculture,Helianthus.annuus,Apis.mellifera,1
CH,3,A3,Intensive.agriculture,Helianthus.annuus,Apis.mellifera,1
CH,3,A3,Intensive.agriculture,Helianthus.annuus,Apis.mellifera,1
CH,3,A3,Intensive.agriculture,Helianthus.annuus,Apis.mellifera,1
CH,3,A3,Intensive.agriculture,Helianthus.annuus,Apis.mellifera,1
CH,3,A3,Intensive.agriculture,Cirsium.arvense,Apis.mellifera,1
CH,3,A3,Intensive.agriculture,Cirsium.arvense,Apis.mellifera,1
CH,3,A3,Intensive.agriculture,Cirsium.arvense,Apis.mellifera,1
CH,3,A3,Intensive.agriculture,Cirsium.arvense,Apis.mellifera,1
CH,3,A3,Intensive.agriculture,Cirsium.arvense,Apis.mellifera,1
CH,3,A3,Intensive.agriculture,Cirsium.arvense,Apis.mellifera,1
CH,3,A3,Intensive.agriculture,Helianthus.annuus,Apis.mellifera,1
CH,3,A3,Intensive.agriculture,Helianthus.annuus,Apis.mellifera,1
CH,3,A3,Intensive.agriculture,Helianthus.annuus,Apis.mellifera,1
CH,3,A3,Intensive.agriculture,Helianthus.annuus,Apis.mellifera,1
CH,3,A3,Intensive.agriculture,Helianthus.annuus,Apis.mellifera,1
CH,3,A3,Intensive.agriculture,Helianthus.annuus,Apis.mellifera,1
CH,3,A3,Intensive.agriculture,Helianthus.annuus,Apis.mellifera,1
CH,3,A3,Intensive.agriculture,Helianthus.annuus,Apis.mellifera,1
CH,3,A3,Intensive.agriculture,Helianthus.annuus,Apis.mellifera,1
CH,3,A3,Intensive.agriculture,Helianthus.annuus,Apis.mellifera,1
CH,3,A3,Intensive.agriculture,Helianthus.annuus,Apis.mellifera,1
CH,3,A3,Intensive.agriculture,Helianthus.annuus,Apis.mellifera,1
CH,3,A3,Intensive.agriculture,Helianthus.annuus,Apis.mellifera,1
CH,3,A3,Intensive.agriculture,Helianthus.annuus,Apis.mellifera,1
CH,3,A3,Intensive.agriculture,Helianthus.annuus,Apis.mellifera,1
CH,3,A3,Intensive.agriculture,Helianthus.annuus,Apis.mellifera,1
CH,3,A3,Intensive.agriculture,Helianthus.annuus,Apis.mellifera,1
CH,3,A3,Intensive.agriculture,Helianthus.annuus,Apis.mellifera,1
CH,3,A3,Intensive.agriculture,Helianthus.annuus,Apis.mellifera,1
CH,3,A3,Intensive.agriculture,Helianthus.annuus,Apis.mellifera,1
CH,3,A3,Intensive.agriculture,Trifolium.alexandrinum,Apis.mellifera,1
CH,3,A3,Intensive.agriculture,Helianthus.annuus,Apis.mellifera,1
CH,3,A3,Intensive.agriculture,Helianthus.annuus,Apis.mellifera,1
CH,3,A3,Intensive.agriculture,Helianthus.annuus,Apis.mellifera,1
CH,3,A3,Intensive.agriculture,Helianthus.annuus,Apis.mellifera,1
CH,3,A3,Intensive.agriculture,Helianthus.annuus,Apis.mellifera,1
CH,3,A3,Intensive.agriculture,Helianthus.annuus,Apis.mellifera,1
CH,3,A3,Intensive.agriculture,Helianthus.annuus,Apis.mellifera,1
CH,3,A3,Intensive.agriculture,Helianthus.annuus,Apis.mellifera,1
CH,3,A3,Intensive.agriculture,Helianthus.annuus,Apis.mellifera,1
CH,3,A3,Intensive.agriculture,Helianthus.annuus,Apis.mellifera,1
CH,3,A3,Intensive.agriculture,Helianthus.annuus,Apis.mellifera,1
CH,3,A3,Intensive.agriculture,Helianthus.annuus,Apis.mellifera,1
CH,3,A3,Intensive.agriculture,Helianthus.annuus,Apis.mellifera,1
CH,3,A3,Intensive.agriculture,Helianthus.annuus,Apis.mellifera,1
CH,3,A3,Intensive.agriculture,Helianthus.annuus,Apis.mellifera,1
CH,3,A3,Intensive.agriculture,Helianthus.annuus,Apis.mellifera,1
CH,3,A3,Intensive.agriculture,Helianthus.annuus,Apis.mellifera,1
CH,3,A3,Intensive.agriculture,Helianthus.annuus,Apis.mellifera,1
CH,3,A3,Intensive.agriculture,Helianthus.annuus,Apis.mellifera,1
CH,3,A3,Intensive.agriculture,Helianthus.annuus,Apis.mellifera,1
CH,3,A3,Intensive.agriculture,Helianthus.annuus,Apis.mellifera,1
CH,3,A3,Intensive.agriculture,Helianthus.annuus,Apis.mellifera,1
CH,3,A3,Intensive.agriculture,Helianthus.annuus,Apis.mellifera,1
CH,3,A3,Intensive.agriculture,Helianthus.annuus,Apis.mellifera,1
CH,3,A3,Intensive.agriculture,Helianthus.annuus,Apis.mellifera,1
CH,3,A3,Intensive.agriculture,Helianthus.annuus,Apis.mellifera,1
CH,3,A3,Intensive.agriculture,Helianthus.annuus,Apis.mellifera,1
CH,3,A3,Intensive.agriculture,Helianthus.annuus,Apis.mellifera,1
CH,3,A3,Intensive.agriculture,Helianthus.annuus,Apis.mellifera,1
CH,3,A3,Intensive.agriculture,Helianthus.annuus,Apis.mellifera,1
CH,3,A3,Intensive.agriculture,Helianthus.annuus,Apis.mellifera,1
CH,3,A3,Intensive.agriculture,Helianthus.annuus,Apis.mellifera,1
CH,3,A3,Intensive.agriculture,Helianthus.annuus,Apis.mellifera,1
CH,3,A3,Intensive.agriculture,Helianthus.annuus,Apis.mellifera,1
CH,3,A3,Intensive.agriculture,Achillea.millefolium,Halictus.subauratus,1
CH,3,A3,Intensive.agriculture,Daucus.carota,wildbee,1
CH,3,A3,Intensive.agriculture,Achillea.millefolium,wildbee,1
CH,3,A3,Intensive.agriculture,Achillea.millefolium,Sphaerophoria.philanthus,1
CH,3,A3,Intensive.agriculture,Achillea.millefolium,Eristalis.tenax,1
CH,3,A3,Intensive.agriculture,Achillea.millefolium,Halictus.subauratus,1
CH,3,A3,Intensive.agriculture,Achillea.millefolium,wildbee,1
CH,3,A3,Intensive.agriculture,Achillea.millefolium,Andrena.flavipes,1
CH,3,A3,Intensive.agriculture,Achillea.millefolium,Sphaerophoria.philanthus,1
CH,3,A3,Intensive.agriculture,Convolvulus.arvensis,Lasioglossum.malachurum,1
CH,3,A3,Intensive.agriculture,Conium.maculatum,Sphaerophoria.sp,1
CH,3,A3,Intensive.agriculture,Daucus.carota,Bombus.terrestris,1
CH,3,A3,Intensive.agriculture,Achillea.millefolium,Sphaerophoria.sp,1
CH,3,A3,Intensive.agriculture,Cirsium.arvense,Lasioglossum.fulvicorne,1
CH,3,A3,Intensive.agriculture,Daucus.carota,Apis.mellifera,1
CH,3,A3,Intensive.agriculture,Achillea.millefolium,wildbee,1
CH,3,A3,Intensive.agriculture,Achillea.millefolium,wildbee,1
CH,3,A3,Intensive.agriculture,Achillea.millefolium,wildbee,1
CH,3,A3,Intensive.agriculture,Achillea.millefolium,wildbee,1
CH,3,A3,Intensive.agriculture,Achillea.millefolium,Syrphidae.sp,1
CH,3,A3,Intensive.agriculture,Centaurea.cyanus,Apis.mellifera,1
CH,3,A3,Intensive.agriculture,Centaurea.cyanus,Apis.mellifera,1
CH,3,A4,Intensive.agriculture,Origanum.vulgare,Bombus.lucorum,1
CH,3,A4,Intensive.agriculture,Origanum.vulgare,Bombus.lapidarius,1
CH,3,A4,Intensive.agriculture,Origanum.vulgare,Eristalis.tenax,1
CH,3,A4,Intensive.agriculture,Echium.vulgare,Bombus.cryptarum,1
CH,3,A4,Intensive.agriculture,Origanum.vulgare,Bombus.terrestris,1
CH,3,A4,Intensive.agriculture,Anthemis.tinctoria,Sphaerophoria.sp,1
CH,3,A4,Intensive.agriculture,Anthemis.tinctoria,Lasioglossum.malachurum,1
CH,3,A4,Intensive.agriculture,Origanum.vulgare,Bombus.terrestris,1
CH,3,A4,Intensive.agriculture,Anthemis.tinctoria,Sphaerophoria.philanthus,1
CH,3,A4,Intensive.agriculture,Origanum.vulgare,Bombus.lapidarius,1
CH,3,A4,Intensive.agriculture,Geranium.pyrenaicum,Andrena.flavipes,1
CH,3,A4,Intensive.agriculture,Origanum.vulgare,Bombus.terrestris,1
CH,3,A4,Intensive.agriculture,Echium.vulgare,Bombus.terrestris,1
CH,3,A4,Intensive.agriculture,Origanum.vulgare,Bombus.lapidarius,1
CH,3,A4,Intensive.agriculture,Echium.vulgare,Bombus.lapidarius,1
CH,3,A4,Intensive.agriculture,Origanum.vulgare,Eristalis.tenax,1
CH,3,A4,Intensive.agriculture,Origanum.vulgare,Bombus.terrestris,1
CH,3,A4,Intensive.agriculture,Origanum.vulgare,Bombus.terrestris,1
CH,3,A4,Intensive.agriculture,Origanum.vulgare,Eristalis.tenax,1
CH,3,A4,Intensive.agriculture,Origanum.vulgare,Halictus.scabiosae,1
CH,3,A4,Intensive.agriculture,Origanum.vulgare,Eristalis.tenax,1
CH,3,A4,Intensive.agriculture,Origanum.vulgare,Bombus.terrestris,1
CH,3,A4,Intensive.agriculture,Origanum.vulgare,Sphaerophoria.philanthus,1
CH,3,A4,Intensive.agriculture,Origanum.vulgare,Bombus.lapidarius,1
CH,3,A4,Intensive.agriculture,Origanum.vulgare,Eristalis.tenax,1
CH,3,A4,Intensive.agriculture,Origanum.vulgare,Bombus.terrestris,1
CH,3,A4,Intensive.agriculture,Origanum.vulgare,Bombus.terrestris,1
CH,3,A4,Intensive.agriculture,Origanum.vulgare,Halictus.scabiosae,1
CH,3,A4,Intensive.agriculture,Origanum.vulgare,Bombus.terrestris,1
CH,3,A4,Intensive.agriculture,Origanum.vulgare,Syrphus.vitripennis,1
CH,3,A4,Intensive.agriculture,Origanum.vulgare,Bombus.lapidarius,1
CH,3,A4,Intensive.agriculture,Origanum.vulgare,Bombus.lapidarius,1
CH,3,A4,Intensive.agriculture,Malva.alcea,Bombus.terrestris,1
CH,3,A4,Intensive.agriculture,Origanum.vulgare,Bombus.terrestris,1
CH,3,A4,Intensive.agriculture,Anthemis.tinctoria,Lasioglossum.malachurum,1
CH,3,A4,Intensive.agriculture,Origanum.vulgare,Bombus.lapidarius,1
CH,3,A4,Intensive.agriculture,Anthemis.tinctoria,Lasioglossum.malachurum,1
CH,3,A4,Intensive.agriculture,Origanum.vulgare,Bombus.lucorum,1
CH,3,A4,Intensive.agriculture,Leucanthemum.vulgare,Sphaerophoria.sp,1
CH,3,A4,Intensive.agriculture,Anthemis.tinctoria,Lasioglossum.malachurum,1
CH,3,A4,Intensive.agriculture,Origanum.vulgare,Bombus.sp,1
CH,3,A4,Intensive.agriculture,Anthemis.tinctoria,Lasioglossum.pauxillum,1
CH,3,A4,Intensive.agriculture,Origanum.vulgare,Eristalis.tenax,1
CH,3,A4,Intensive.agriculture,Origanum.vulgare,Bombus.terrestris,1
CH,3,A4,Intensive.agriculture,Leucanthemum.vulgare,Sphaerophoria.sp,1
CH,3,A4,Intensive.agriculture,Origanum.vulgare,Syrphidae.sp,1
CH,3,A4,Intensive.agriculture,Anthemis.tinctoria,Sphaerophoria.philanthus,1
CH,3,A4,Intensive.agriculture,Anthemis.tinctoria,Lasioglossum.malachurum,1
CH,3,A4,Intensive.agriculture,Origanum.vulgare,Apis.mellifera,1
CH,3,A4,Intensive.agriculture,Origanum.vulgare,Apis.mellifera,1
CH,3,A4,Intensive.agriculture,Origanum.vulgare,Apis.mellifera,1
CH,3,A4,Intensive.agriculture,Origanum.vulgare,Apis.mellifera,1
CH,3,A4,Intensive.agriculture,Echium.vulgare,Apis.mellifera,1
CH,3,A4,Intensive.agriculture,Origanum.vulgare,Apis.mellifera,1
CH,3,A4,Intensive.agriculture,Origanum.vulgare,Apis.mellifera,1
CH,3,A4,Intensive.agriculture,Origanum.vulgare,Apis.mellifera,1
CH,3,A4,Intensive.agriculture,Origanum.vulgare,Apis.mellifera,1
CH,3,A4,Intensive.agriculture,Origanum.vulgare,Apis.mellifera,1
CH,3,A4,Intensive.agriculture,Origanum.vulgare,Apis.mellifera,1
CH,3,A4,Intensive.agriculture,Origanum.vulgare,Apis.mellifera,1
CH,3,A4,Intensive.agriculture,Origanum.vulgare,Apis.mellifera,1
CH,3,A4,Intensive.agriculture,Origanum.vulgare,Apis.mellifera,1
CH,3,A4,Intensive.agriculture,Origanum.vulgare,Apis.mellifera,1
CH,3,A4,Intensive.agriculture,Origanum.vulgare,Syrphidae.sp,1
CH,3,A4,Intensive.agriculture,Origanum.vulgare,Syrphidae.sp,1
CH,3,A4,Intensive.agriculture,Origanum.vulgare,Apis.mellifera,1
CH,3,A4,Intensive.agriculture,Origanum.vulgare,Apis.mellifera,1
CH,3,A4,Intensive.agriculture,Origanum.vulgare,Apis.mellifera,1
CH,3,A4,Intensive.agriculture,Origanum.vulgare,Apis.mellifera,1
CH,3,A4,Intensive.agriculture,Origanum.vulgare,Apis.mellifera,1
CH,3,A4,Intensive.agriculture,Origanum.vulgare,Apis.mellifera,1
CH,3,A4,Intensive.agriculture,Origanum.vulgare,Apis.mellifera,1
CH,3,A4,Intensive.agriculture,Origanum.vulgare,Apis.mellifera,1
CH,3,A4,Intensive.agriculture,Origanum.vulgare,Apis.mellifera,1
CH,3,A4,Intensive.agriculture,Origanum.vulgare,Apis.mellifera,1
CH,3,A4,Intensive.agriculture,Origanum.vulgare,Apis.mellifera,1
CH,3,A4,Intensive.agriculture,Origanum.vulgare,Apis.mellifera,1
CH,3,A4,Intensive.agriculture,Origanum.vulgare,Apis.mellifera,1
CH,3,A4,Intensive.agriculture,Origanum.vulgare,Apis.mellifera,1
CH,3,A4,Intensive.agriculture,Origanum.vulgare,Apis.mellifera,1
CH,3,A4,Intensive.agriculture,Origanum.vulgare,Syrphidae.sp,1
CH,3,A4,Intensive.agriculture,Origanum.vulgare,Apis.mellifera,1
CH,3,A4,Intensive.agriculture,Origanum.vulgare,Apis.mellifera,1
CH,3,A4,Intensive.agriculture,Origanum.vulgare,Apis.mellifera,1
CH,3,A4,Intensive.agriculture,Origanum.vulgare,Apis.mellifera,1
CH,3,A4,Intensive.agriculture,Origanum.vulgare,Apis.mellifera,1
CH,3,A4,Intensive.agriculture,Origanum.vulgare,Apis.mellifera,1
CH,3,A4,Intensive.agriculture,Origanum.vulgare,Apis.mellifera,1
CH,3,A4,Intensive.agriculture,Origanum.vulgare,Apis.mellifera,1
CH,3,A4,Intensive.agriculture,Origanum.vulgare,Apis.mellifera,1
CH,3,A4,Intensive.agriculture,Origanum.vulgare,Apis.mellifera,1
CH,3,A4,Intensive.agriculture,Origanum.vulgare,Apis.mellifera,1
CH,3,A4,Intensive.agriculture,Origanum.vulgare,Apis.mellifera,1
CH,3,A4,Intensive.agriculture,Origanum.vulgare,Apis.mellifera,1
CH,3,A4,Intensive.agriculture,Origanum.vulgare,Apis.mellifera,1
CH,3,A4,Intensive.agriculture,Origanum.vulgare,Apis.mellifera,1
CH,3,A4,Intensive.agriculture,Origanum.vulgare,Apis.mellifera,1
CH,3,A4,Intensive.agriculture,Origanum.vulgare,Apis.mellifera,1
CH,3,A4,Intensive.agriculture,Origanum.vulgare,Apis.mellifera,1
CH,3,A4,Intensive.agriculture,Origanum.vulgare,Apis.mellifera,1
CH,3,A4,Intensive.agriculture,Origanum.vulgare,Apis.mellifera,1
CH,3,A4,Intensive.agriculture,Origanum.vulgare,Apis.mellifera,1
CH,3,A4,Intensive.agriculture,Origanum.vulgare,Apis.mellifera,1
CH,3,A4,Intensive.agriculture,Origanum.vulgare,Apis.mellifera,1
CH,3,A4,Intensive.agriculture,Origanum.vulgare,Apis.mellifera,1
CH,3,A4,Intensive.agriculture,Origanum.vulgare,Apis.mellifera,1
CH,3,A4,Intensive.agriculture,Origanum.vulgare,Apis.mellifera,1
CH,3,A4,Intensive.agriculture,Origanum.vulgare,Apis.mellifera,1
CH,3,A4,Intensive.agriculture,Origanum.vulgare,Apis.mellifera,1
CH,3,A4,Intensive.agriculture,Origanum.vulgare,Apis.mellifera,1
CH,3,A4,Intensive.agriculture,Origanum.vulgare,Apis.mellifera,1
CH,3,A4,Intensive.agriculture,Origanum.vulgare,Apis.mellifera,1
CH,3,A4,Intensive.agriculture,Origanum.vulgare,Apis.mellifera,1
CH,3,A4,Intensive.agriculture,Origanum.vulgare,Apis.mellifera,1
CH,3,A4,Intensive.agriculture,Origanum.vulgare,Apis.mellifera,1
CH,3,A4,Intensive.agriculture,Origanum.vulgare,Apis.mellifera,1
CH,3,A4,Intensive.agriculture,Origanum.vulgare,Apis.mellifera,1
CH,3,A4,Intensive.agriculture,Origanum.vulgare,Apis.mellifera,1
CH,3,A4,Intensive.agriculture,Origanum.vulgare,Apis.mellifera,1
CH,3,A4,Intensive.agriculture,Origanum.vulgare,Apis.mellifera,1
CH,3,A4,Intensive.agriculture,Origanum.vulgare,Apis.mellifera,1
CH,3,A4,Intensive.agriculture,Origanum.vulgare,Apis.mellifera,1
CH,3,A4,Intensive.agriculture,Origanum.vulgare,Apis.mellifera,1
CH,3,A4,Intensive.agriculture,Origanum.vulgare,Apis.mellifera,1
CH,3,A4,Intensive.agriculture,Origanum.vulgare,Apis.mellifera,1
CH,3,A4,Intensive.agriculture,Origanum.vulgare,Apis.mellifera,1
CH,3,A4,Intensive.agriculture,Origanum.vulgare,Apis.mellifera,1
CH,3,A4,Intensive.agriculture,Origanum.vulgare,Apis.mellifera,1
CH,3,A4,Intensive.agriculture,Origanum.vulgare,Apis.mellifera,1
CH,3,A4,Intensive.agriculture,Origanum.vulgare,Apis.mellifera,1
CH,3,A4,Intensive.agriculture,Origanum.vulgare,Apis.mellifera,1
CH,3,A4,Intensive.agriculture,Origanum.vulgare,Apis.mellifera,1
CH,3,A4,Intensive.agriculture,Origanum.vulgare,Apis.mellifera,1
CH,3,A4,Intensive.agriculture,Origanum.vulgare,Apis.mellifera,1
CH,3,A4,Intensive.agriculture,Origanum.vulgare,Apis.mellifera,1
CH,3,A4,Intensive.agriculture,Malva.alcea,Apis.mellifera,1
CH,3,A4,Intensive.agriculture,Malva.alcea,Apis.mellifera,1
CH,3,A4,Intensive.agriculture,Echium.vulgare,Apis.mellifera,1
CH,3,A4,Intensive.agriculture,Echium.vulgare,Apis.mellifera,1
CH,3,A4,Intensive.agriculture,Origanum.vulgare,wildbee,1
CH,3,A4,Intensive.agriculture,Malva.alcea,Apis.mellifera,1
CH,3,A4,Intensive.agriculture,Origanum.vulgare,Apis.mellifera,1
CH,3,A4,Intensive.agriculture,Origanum.vulgare,Apis.mellifera,1
CH,3,A4,Intensive.agriculture,Origanum.vulgare,Apis.mellifera,1
CH,3,A4,Intensive.agriculture,Origanum.vulgare,Apis.mellifera,1
CH,3,A4,Intensive.agriculture,Origanum.vulgare,Apis.mellifera,1
CH,3,A4,Intensive.agriculture,Origanum.vulgare,Apis.mellifera,1
CH,3,A4,Intensive.agriculture,Origanum.vulgare,Apis.mellifera,1
CH,3,A4,Intensive.agriculture,Origanum.vulgare,Apis.mellifera,1
CH,3,A4,Intensive.agriculture,Origanum.vulgare,Apis.mellifera,1
CH,3,A4,Intensive.agriculture,Origanum.vulgare,Apis.mellifera,1
CH,3,A4,Intensive.agriculture,Origanum.vulgare,Apis.mellifera,1
CH,3,A4,Intensive.agriculture,Origanum.vulgare,Apis.mellifera,1
CH,3,A4,Intensive.agriculture,Origanum.vulgare,Apis.mellifera,1
CH,3,A4,Intensive.agriculture,Origanum.vulgare,Apis.mellifera,1
CH,3,A4,Intensive.agriculture,Origanum.vulgare,Apis.mellifera,1
CH,3,A4,Intensive.agriculture,Origanum.vulgare,Apis.mellifera,1
CH,3,A4,Intensive.agriculture,Origanum.vulgare,Apis.mellifera,1
CH,3,A4,Intensive.agriculture,Origanum.vulgare,Apis.mellifera,1
CH,3,A4,Intensive.agriculture,Origanum.vulgare,Apis.mellifera,1
CH,3,A4,Intensive.agriculture,Origanum.vulgare,Apis.mellifera,1
CH,3,A4,Intensive.agriculture,Origanum.vulgare,Apis.mellifera,1
CH,3,A4,Intensive.agriculture,Origanum.vulgare,Apis.mellifera,1
CH,3,A4,Intensive.agriculture,Origanum.vulgare,Syrphidae.sp,1
CH,3,A4,Intensive.agriculture,Origanum.vulgare,Syrphidae.sp,1
CH,3,A4,Intensive.agriculture,Origanum.vulgare,wildbee,1
CH,3,A4,Intensive.agriculture,Origanum.vulgare,Bombus.sp,1
CH,3,A4,Intensive.agriculture,Origanum.vulgare,Apis.mellifera,1
CH,3,A4,Intensive.agriculture,Origanum.vulgare,Apis.mellifera,1
CH,3,A4,Intensive.agriculture,Origanum.vulgare,Apis.mellifera,1
CH,3,A4,Intensive.agriculture,Origanum.vulgare,Apis.mellifera,1
CH,3,A4,Intensive.agriculture,Origanum.vulgare,Apis.mellifera,1
CH,3,A4,Intensive.agriculture,Origanum.vulgare,Apis.mellifera,1
CH,3,A4,Intensive.agriculture,Origanum.vulgare,Apis.mellifera,1
CH,3,A4,Intensive.agriculture,Origanum.vulgare,Apis.mellifera,1
CH,3,A4,Intensive.agriculture,Origanum.vulgare,Apis.mellifera,1
CH,3,A4,Intensive.agriculture,Origanum.vulgare,Apis.mellifera,1
CH,3,A4,Intensive.agriculture,Origanum.vulgare,Apis.mellifera,1
CH,3,A4,Intensive.agriculture,Origanum.vulgare,Apis.mellifera,1
CH,3,A4,Intensive.agriculture,Origanum.vulgare,Apis.mellifera,1
CH,3,A4,Intensive.agriculture,Origanum.vulgare,Apis.mellifera,1
CH,3,A4,Intensive.agriculture,Origanum.vulgare,Apis.mellifera,1
CH,3,A4,Intensive.agriculture,Origanum.vulgare,Apis.mellifera,1
CH,3,A4,Intensive.agriculture,Origanum.vulgare,Apis.mellifera,1
CH,3,A4,Intensive.agriculture,Origanum.vulgare,Apis.mellifera,1
CH,3,A4,Intensive.agriculture,Origanum.vulgare,Apis.mellifera,1
CH,3,A4,Intensive.agriculture,Origanum.vulgare,Apis.mellifera,1
CH,3,A4,Intensive.agriculture,Anthemis.tinctoria,wildbee,1
CH,3,A4,Intensive.agriculture,Origanum.vulgare,Apis.mellifera,1
CH,3,A4,Intensive.agriculture,Origanum.vulgare,Apis.mellifera,1
CH,3,A4,Intensive.agriculture,Origanum.vulgare,Apis.mellifera,1
CH,3,A4,Intensive.agriculture,Origanum.vulgare,Apis.mellifera,1
CH,3,A4,Intensive.agriculture,Origanum.vulgare,Apis.mellifera,1
CH,3,A4,Intensive.agriculture,Origanum.vulgare,Apis.mellifera,1
CH,3,A4,Intensive.agriculture,Origanum.vulgare,Apis.mellifera,1
CH,3,A4,Intensive.agriculture,Origanum.vulgare,Apis.mellifera,1
CH,3,A4,Intensive.agriculture,Origanum.vulgare,Apis.mellifera,1
CH,3,A4,Intensive.agriculture,Origanum.vulgare,Apis.mellifera,1
CH,3,A4,Intensive.agriculture,Origanum.vulgare,Apis.mellifera,1
CH,3,A4,Intensive.agriculture,Origanum.vulgare,Apis.mellifera,1
CH,3,A4,Intensive.agriculture,Origanum.vulgare,Syrphidae.sp,1
CH,3,A4,Intensive.agriculture,Origanum.vulgare,Syrphidae.sp,1
CH,3,A4,Intensive.agriculture,Origanum.vulgare,wildbee,1
CH,3,A4,Intensive.agriculture,Origanum.vulgare,Syrphidae.sp,1
CH,3,A4,Intensive.agriculture,Origanum.vulgare,Apis.mellifera,1
CH,3,A4,Intensive.agriculture,Origanum.vulgare,Apis.mellifera,1
CH,3,A4,Intensive.agriculture,Origanum.vulgare,Apis.mellifera,1
CH,3,A4,Intensive.agriculture,Origanum.vulgare,Apis.mellifera,1
CH,3,A4,Intensive.agriculture,Origanum.vulgare,Apis.mellifera,1
CH,3,A4,Intensive.agriculture,Origanum.vulgare,Apis.mellifera,1
CH,3,A4,Intensive.agriculture,Origanum.vulgare,Apis.mellifera,1
CH,3,A4,Intensive.agriculture,Origanum.vulgare,Apis.mellifera,1
CH,3,A4,Intensive.agriculture,Origanum.vulgare,Apis.mellifera,1
CH,3,A4,Intensive.agriculture,Origanum.vulgare,Apis.mellifera,1
CH,3,A4,Intensive.agriculture,Origanum.vulgare,Apis.mellifera,1
CH,3,A4,Intensive.agriculture,Origanum.vulgare,Apis.mellifera,1
CH,3,A4,Intensive.agriculture,Origanum.vulgare,Apis.mellifera,1
CH,3,A4,Intensive.agriculture,Origanum.vulgare,Apis.mellifera,1
CH,3,A4,Intensive.agriculture,Origanum.vulgare,Apis.mellifera,1
CH,3,A4,Intensive.agriculture,Origanum.vulgare,Apis.mellifera,1
CH,3,A4,Intensive.agriculture,Origanum.vulgare,Apis.mellifera,1
CH,3,A4,Intensive.agriculture,Origanum.vulgare,Apis.mellifera,1
CH,3,A4,Intensive.agriculture,Chenopodium.album,Sphaerophoria.philanthus,1
CH,3,A4,Intensive.agriculture,Lamium.purpureum,Bombus.terrestris,1
CH,3,A4,Intensive.agriculture,Lamium.purpureum,Bombus.sylvarum,1
CH,3,A4,Intensive.agriculture,,Lasioglossum.malachurum,0
CH,3,A4,Intensive.agriculture,Chenopodium.album,Syrphidae.sp,1
CH,3,A4,Intensive.agriculture,Trifolium.pratense,Eucera.longicornis,1
CH,3,A4,Intensive.agriculture,Galium.mollugo.aggr,Sphaerophoria.philanthus,1
CH,3,A4,Intensive.agriculture,Heracleum.sphondylium,Lasioglossum.malachurum,1
CH,3,A4,Intensive.agriculture,Bellis.perennis,Sphaerophoria.sp,1
CH,3,A4,Intensive.agriculture,Heracleum.sphondylium,wildbee,1
CH,3,A4,Intensive.agriculture,Trifolium.pratense,Bombus.ruderatus,1
CH,3,A4,Intensive.agriculture,Trifolium.pratense,Bombus.sp,1
CH,3,A4,Intensive.agriculture,Galium.mollugo.aggr,Sphaerophoria.sp,1
CH,3,A4,Intensive.agriculture,Heracleum.sphondylium,Sphaerophoria.philanthus,1
CH,3,A4,Intensive.agriculture,Heracleum.sphondylium,Lasioglossum.malachurum,1
CH,3,A4,Intensive.agriculture,Heracleum.sphondylium,Andrena.alfkenella,1
CH,3,A4,Intensive.agriculture,Heracleum.sphondylium,Lasioglossum.malachurum,1
CH,3,A4,Intensive.agriculture,Heracleum.sphondylium,Lasioglossum.malachurum,1
CH,3,A4,Intensive.agriculture,Heracleum.sphondylium,Lasioglossum.malachurum,1
CH,3,A4,Intensive.agriculture,Trifolium.repens,Apis.mellifera,1
CH,3,A4,Intensive.agriculture,Trifolium.repens,Apis.mellifera,1
CH,3,A4,Intensive.agriculture,Heracleum.sphondylium,Apis.mellifera,1
CH,3,A4,Intensive.agriculture,Heracleum.sphondylium,Apis.mellifera,1
CH,3,A4,Intensive.agriculture,Heracleum.sphondylium,Apis.mellifera,1
CH,3,A4,Intensive.agriculture,Heracleum.sphondylium,Apis.mellifera,1
CH,3,A4,Intensive.agriculture,Heracleum.sphondylium,wildbee,1
CH,3,A4,Intensive.agriculture,Heracleum.sphondylium,Apis.mellifera,1
CH,3,A4,Intensive.agriculture,Chenopodium.album,Sphaerophoria.philanthus,1
CH,3,A4,Intensive.agriculture,Galinsoga.quadriradiata,Sphaerophoria.sp,1
CH,3,A4,Intensive.agriculture,Chenopodium.album,Melanostoma.mellinum,1
CH,3,A4,Intensive.agriculture,Chenopodium.album,Sphaerophoria.philanthus,1
CH,3,A4,Intensive.agriculture,Chenopodium.album,Sphaerophoria.rueppellii,1
CH,3,A4,Intensive.agriculture,Chenopodium.album,Melanostoma.sp,1
CH,3,A4,Intensive.agriculture,,Lasioglossum.malachurum,0
CH,3,A4,Intensive.agriculture,Chenopodium.album,Syrphidae.sp,1
CH,3,A4,Intensive.agriculture,Matricaria.chamomilla,Syrphidae.sp,1
CH,3,A4,Intensive.agriculture,Galinsoga.quadriradiata,Syrphidae.sp,1
CH,3,A4,Intensive.agriculture,Chenopodium.album,Syrphidae.sp,1
CH,3,A4,Intensive.agriculture,Lamium.purpureum,Bombus.sp,1
CH,3,A4,Intensive.agriculture,Lamium.purpureum,Apis.mellifera,1
CH,3,A4,Intensive.agriculture,Lamium.purpureum,Apis.mellifera,1
CH,3,A4,Intensive.agriculture,Lamium.purpureum,Bombus.sp,1
CH,3,A4,Intensive.agriculture,Lamium.purpureum,Bombus.sp,1
CH,3,A4,Intensive.agriculture,Lamium.purpureum,Apis.mellifera,1
CH,3,A4,Intensive.agriculture,Helianthus.annuus,Bombus.lapidarius,1
CH,3,A4,Intensive.agriculture,Helianthus.annuus,Bombus.lapidarius,1
CH,3,A4,Intensive.agriculture,Helianthus.annuus,Bombus.lapidarius,1
CH,3,A4,Intensive.agriculture,Helianthus.annuus,Bombus.lapidarius,1
CH,3,A4,Intensive.agriculture,Helianthus.annuus,Bombus.sp,1
CH,3,A4,Intensive.agriculture,Helianthus.annuus,Syrphidae.sp,1
CH,3,A4,Intensive.agriculture,Helianthus.annuus,Bombus.lapidarius,1
CH,3,A4,Intensive.agriculture,Helianthus.annuus,Bombus.ruderatus,1
CH,3,A4,Intensive.agriculture,Helianthus.annuus,Bombus.lapidarius,1
CH,3,A4,Intensive.agriculture,Helianthus.annuus,Bombus.lapidarius,1
CH,3,A4,Intensive.agriculture,Helianthus.annuus,Bombus.lapidarius,1
CH,3,A4,Intensive.agriculture,Helianthus.annuus,Halictus.scabiosae,1
CH,3,A4,Intensive.agriculture,Helianthus.annuus,Bombus.lapidarius,1
CH,3,A4,Intensive.agriculture,Helianthus.annuus,Bombus.lapidarius,1
CH,3,A4,Intensive.agriculture,Helianthus.annuus,Apis.mellifera,1
CH,3,R1,Rural.habitat.mosaic,Daucus.carota,Sphaerophoria.sp,1
CH,3,R1,Rural.habitat.mosaic,Plantago.media,Lasioglossum.zonulum,1
CH,3,R1,Rural.habitat.mosaic,Daucus.carota,Syrphus.torvus,1
CH,3,R1,Rural.habitat.mosaic,Galium.mollugo.aggr,Sphaerophoria.sp,1
CH,3,R1,Rural.habitat.mosaic,Prunella.vulgaris,Syrphidae.sp,1
CH,3,R1,Rural.habitat.mosaic,,Lasioglossum.malachurum,0
CH,3,R1,Rural.habitat.mosaic,Plantago.media,Eristalis.tenax,1
CH,3,R1,Rural.habitat.mosaic,Prunella.vulgaris,Bombus.sylvarum,1
CH,3,R1,Rural.habitat.mosaic,Prunella.vulgaris,Bombus.lapidarius,1
CH,3,R1,Rural.habitat.mosaic,Lotus.corniculatus,Bombus.lapidarius,1
CH,3,R1,Rural.habitat.mosaic,Plantago.media,Lasioglossum.malachurum,1
CH,3,R1,Rural.habitat.mosaic,Plantago.media,Bombus.terrestris,1
CH,3,R1,Rural.habitat.mosaic,Daucus.carota,Eristalis.tenax,1
CH,3,R1,Rural.habitat.mosaic,Heracleum.sphondylium,Pipizella.sp,1
CH,3,R1,Rural.habitat.mosaic,Prunella.vulgaris,Bombus.lapidarius,1
CH,3,R1,Rural.habitat.mosaic,Prunella.vulgaris,Bombus.terrestris,1
CH,3,R1,Rural.habitat.mosaic,Plantago.media,Lasioglossum.malachurum,1
CH,3,R1,Rural.habitat.mosaic,Lotus.corniculatus,Bombus.lapidarius,1
CH,3,R1,Rural.habitat.mosaic,Plantago.media,Syrphidae.sp,1
CH,3,R1,Rural.habitat.mosaic,Plantago.media,Lasioglossum.malachurum,1
CH,3,R1,Rural.habitat.mosaic,Plantago.media,Lasioglossum.malachurum,1
CH,3,R1,Rural.habitat.mosaic,Plantago.media,Lasioglossum.malachurum,1
CH,3,R1,Rural.habitat.mosaic,Plantago.media,Eristalis.tenax,1
CH,3,R1,Rural.habitat.mosaic,Plantago.media,Lasioglossum.malachurum,1
CH,3,R1,Rural.habitat.mosaic,Plantago.media,Bombus.terrestris,1
CH,3,R1,Rural.habitat.mosaic,Plantago.media,Lasioglossum.malachurum,1
CH,3,R1,Rural.habitat.mosaic,Plantago.media,Lasioglossum.malachurum,1
CH,3,R1,Rural.habitat.mosaic,Plantago.media,Lasioglossum.fulvicorne,1
CH,3,R1,Rural.habitat.mosaic,Plantago.media,Lasioglossum.malachurum,1
CH,3,R1,Rural.habitat.mosaic,Plantago.media,Lasioglossum.malachurum,1
CH,3,R1,Rural.habitat.mosaic,Prunella.vulgaris,Sphaerophoria.sp,1
CH,3,R1,Rural.habitat.mosaic,Plantago.lanceolata,Lasioglossum.malachurum,1
CH,3,R1,Rural.habitat.mosaic,Prunella.vulgaris,Sphaerophoria.sp,1
CH,3,R1,Rural.habitat.mosaic,Plantago.media,Halictus.tumulorum,1
CH,3,R1,Rural.habitat.mosaic,Plantago.media,Syrphidae.sp,1
CH,3,R1,Rural.habitat.mosaic,Plantago.media,Lasioglossum.malachurum,1
CH,3,R1,Rural.habitat.mosaic,Prunella.vulgaris,Bombus.sylvarum,1
CH,3,R1,Rural.habitat.mosaic,Plantago.media,Lasioglossum.glabriusculum,1
CH,3,R1,Rural.habitat.mosaic,Plantago.media,Lasioglossum.malachurum,1
CH,3,R1,Rural.habitat.mosaic,Plantago.media,Apis.mellifera,1
CH,3,R1,Rural.habitat.mosaic,Plantago.media,Apis.mellifera,1
CH,3,R1,Rural.habitat.mosaic,Plantago.media,Apis.mellifera,1
CH,3,R1,Rural.habitat.mosaic,Plantago.media,Apis.mellifera,1
CH,3,R1,Rural.habitat.mosaic,Plantago.media,Apis.mellifera,1
CH,3,R1,Rural.habitat.mosaic,Daucus.carota,Apis.mellifera,1
CH,3,R1,Rural.habitat.mosaic,Plantago.media,Syrphidae.sp,1
CH,3,R1,Rural.habitat.mosaic,Plantago.media,Apis.mellifera,1
CH,3,R1,Rural.habitat.mosaic,Plantago.media,Apis.mellifera,1
CH,3,R1,Rural.habitat.mosaic,Plantago.media,Apis.mellifera,1
CH,3,R1,Rural.habitat.mosaic,Prunella.vulgaris,Apis.mellifera,1
CH,3,R1,Rural.habitat.mosaic,Plantago.media,Lasioglossum.glabriusculum,1
CH,3,R1,Rural.habitat.mosaic,Prunella.vulgaris,Bombus.sylvarum,1
CH,3,R1,Rural.habitat.mosaic,Daucus.carota,Pipizella.sp,1
CH,3,R1,Rural.habitat.mosaic,Daucus.carota,Lasioglossum.pauxillum,1
CH,3,R1,Rural.habitat.mosaic,Prunella.vulgaris,Lasioglossum.angusticeps,1
CH,3,R1,Rural.habitat.mosaic,Plantago.media,Sphaerophoria.philanthus,1
CH,3,R1,Rural.habitat.mosaic,Plantago.media,Melanostoma.mellinum,1
CH,3,R1,Rural.habitat.mosaic,Daucus.carota,Sphaerophoria.sp,1
CH,3,R1,Rural.habitat.mosaic,Plantago.media,Lasioglossum.glabriusculum,1
CH,3,R1,Rural.habitat.mosaic,Daucus.carota,Sphaerophoria.philanthus,1
CH,3,R1,Rural.habitat.mosaic,Plantago.lanceolata,Bombus.terrestris,1
CH,3,R1,Rural.habitat.mosaic,Trifolium.pratense,Bombus.lapidarius,1
CH,3,R1,Rural.habitat.mosaic,Trifolium.pratense,Bombus.pascuorum,1
CH,3,R1,Rural.habitat.mosaic,Prunella.vulgaris,Bombus.terrestris,1
CH,3,R1,Rural.habitat.mosaic,Trifolium.repens,Halictus.tumulorum,1
CH,3,R1,Rural.habitat.mosaic,Daucus.carota,Lasioglossum.glabriusculum,1
CH,3,R1,Rural.habitat.mosaic,Plantago.lanceolata,Myathropa.florea,1
CH,3,R1,Rural.habitat.mosaic,Trifolium.pratense,Andrena.ovatula,1
CH,3,R1,Rural.habitat.mosaic,Trifolium.pratense,Halictus.eurygnathus,1
CH,3,R1,Rural.habitat.mosaic,Trifolium.pratense,Bombus.sylvarum,1
CH,3,R1,Rural.habitat.mosaic,Trifolium.pratense,Bombus.pascuorum,1
CH,3,R1,Rural.habitat.mosaic,Trifolium.pratense,Bombus.sylvarum,1
CH,3,R1,Rural.habitat.mosaic,Prunella.vulgaris,Bombus.sylvarum,1
CH,3,R1,Rural.habitat.mosaic,Trifolium.pratense,Bombus.pascuorum,1
CH,3,R1,Rural.habitat.mosaic,Potentilla.reptans,Lasioglossum.malachurum,1
CH,3,R1,Rural.habitat.mosaic,Prunella.vulgaris,Bombus.terrestris,1
CH,3,R1,Rural.habitat.mosaic,Prunella.vulgaris,Bombus.terrestris,1
CH,3,R1,Rural.habitat.mosaic,Trifolium.pratense,Bombus.humilis,1
CH,3,R1,Rural.habitat.mosaic,Trifolium.pratense,Bombus.terrestris,1
CH,3,R1,Rural.habitat.mosaic,Plantago.lanceolata,Bombus.terrestris,1
CH,3,R1,Rural.habitat.mosaic,Prunella.vulgaris,Bombus.lapidarius,1
CH,3,R1,Rural.habitat.mosaic,Trifolium.repens,Apis.mellifera,1
CH,3,R1,Rural.habitat.mosaic,Trifolium.repens,Apis.mellifera,1
CH,3,R1,Rural.habitat.mosaic,Trifolium.repens,Apis.mellifera,1
CH,3,R1,Rural.habitat.mosaic,Trifolium.repens,Apis.mellifera,1
CH,3,R1,Rural.habitat.mosaic,Trifolium.repens,Apis.mellifera,1
CH,3,R1,Rural.habitat.mosaic,Trifolium.repens,Apis.mellifera,1
CH,3,R1,Rural.habitat.mosaic,Trifolium.repens,Apis.mellifera,1
CH,3,R1,Rural.habitat.mosaic,Trifolium.repens,Apis.mellifera,1
CH,3,R1,Rural.habitat.mosaic,Trifolium.repens,Apis.mellifera,1
CH,3,R1,Rural.habitat.mosaic,Trifolium.repens,Apis.mellifera,1
CH,3,R1,Rural.habitat.mosaic,Trifolium.repens,Apis.mellifera,1
CH,3,R1,Rural.habitat.mosaic,Trifolium.repens,Apis.mellifera,1
CH,3,R1,Rural.habitat.mosaic,Trifolium.repens,Apis.mellifera,1
CH,3,R1,Rural.habitat.mosaic,Trifolium.repens,Apis.mellifera,1
CH,3,R1,Rural.habitat.mosaic,Trifolium.repens,Apis.mellifera,1
CH,3,R1,Rural.habitat.mosaic,Trifolium.repens,Apis.mellifera,1
CH,3,R1,Rural.habitat.mosaic,Trifolium.repens,Apis.mellifera,1
CH,3,R1,Rural.habitat.mosaic,Trifolium.repens,Apis.mellifera,1
CH,3,R1,Rural.habitat.mosaic,Trifolium.repens,Apis.mellifera,1
CH,3,R1,Rural.habitat.mosaic,Trifolium.repens,Apis.mellifera,1
CH,3,R1,Rural.habitat.mosaic,Trifolium.repens,Apis.mellifera,1
CH,3,R1,Rural.habitat.mosaic,Trifolium.repens,Apis.mellifera,1
CH,3,R1,Rural.habitat.mosaic,Trifolium.repens,Apis.mellifera,1
CH,3,R1,Rural.habitat.mosaic,Trifolium.repens,Apis.mellifera,1
CH,3,R1,Rural.habitat.mosaic,Trifolium.repens,Apis.mellifera,1
CH,3,R1,Rural.habitat.mosaic,Trifolium.repens,Apis.mellifera,1
CH,3,R1,Rural.habitat.mosaic,Trifolium.repens,Apis.mellifera,1
CH,3,R1,Rural.habitat.mosaic,Plantago.lanceolata,wildbee,1
CH,3,R1,Rural.habitat.mosaic,Trifolium.repens,Apis.mellifera,1
CH,3,R1,Rural.habitat.mosaic,Trifolium.repens,Apis.mellifera,1
CH,3,R1,Rural.habitat.mosaic,Trifolium.repens,Apis.mellifera,1
CH,3,R1,Rural.habitat.mosaic,Trifolium.repens,Apis.mellifera,1
CH,3,R1,Rural.habitat.mosaic,Trifolium.repens,Apis.mellifera,1
CH,3,R1,Rural.habitat.mosaic,Trifolium.repens,Apis.mellifera,1
CH,3,R1,Rural.habitat.mosaic,Trifolium.repens,Apis.mellifera,1
CH,3,R1,Rural.habitat.mosaic,Trifolium.repens,Apis.mellifera,1
CH,3,R1,Rural.habitat.mosaic,Trifolium.repens,Apis.mellifera,1
CH,3,R1,Rural.habitat.mosaic,Trifolium.repens,Apis.mellifera,1
CH,3,R1,Rural.habitat.mosaic,Trifolium.repens,Apis.mellifera,1
CH,3,R1,Rural.habitat.mosaic,Trifolium.repens,Apis.mellifera,1
CH,3,R1,Rural.habitat.mosaic,Trifolium.repens,Apis.mellifera,1
CH,3,R1,Rural.habitat.mosaic,Trifolium.repens,Apis.mellifera,1
CH,3,R1,Rural.habitat.mosaic,Trifolium.repens,Apis.mellifera,1
CH,3,R1,Rural.habitat.mosaic,Trifolium.repens,Apis.mellifera,1
CH,3,R1,Rural.habitat.mosaic,Trifolium.repens,Apis.mellifera,1
CH,3,R1,Rural.habitat.mosaic,Trifolium.repens,Apis.mellifera,1
CH,3,R1,Rural.habitat.mosaic,Trifolium.repens,Apis.mellifera,1
CH,3,R1,Rural.habitat.mosaic,Trifolium.repens,Apis.mellifera,1
CH,3,R1,Rural.habitat.mosaic,Trifolium.repens,Apis.mellifera,1
CH,3,R1,Rural.habitat.mosaic,Trifolium.repens,Apis.mellifera,1
CH,3,R1,Rural.habitat.mosaic,Trifolium.repens,Apis.mellifera,1
CH,3,R1,Rural.habitat.mosaic,Trifolium.repens,Apis.mellifera,1
CH,3,R1,Rural.habitat.mosaic,Trifolium.repens,Apis.mellifera,1
CH,3,R1,Rural.habitat.mosaic,Prunella.vulgaris,Bombus.sp,1
CH,3,R1,Rural.habitat.mosaic,Trifolium.repens,Apis.mellifera,1
CH,3,R1,Rural.habitat.mosaic,Trifolium.repens,Apis.mellifera,1
CH,3,R1,Rural.habitat.mosaic,Trifolium.repens,Apis.mellifera,1
CH,3,R1,Rural.habitat.mosaic,Trifolium.repens,Apis.mellifera,1
CH,3,R1,Rural.habitat.mosaic,Trifolium.pratense,Apis.mellifera,1
CH,3,R1,Rural.habitat.mosaic,Trifolium.pratense,Apis.mellifera,1
CH,3,R1,Rural.habitat.mosaic,Trifolium.repens,Apis.mellifera,1
CH,3,R1,Rural.habitat.mosaic,Trifolium.repens,Apis.mellifera,1
CH,3,R1,Rural.habitat.mosaic,Prunella.vulgaris,Bombus.terrestris,1
CH,3,R1,Rural.habitat.mosaic,Trifolium.pratense,Halictus.tumulorum,1
CH,3,R1,Rural.habitat.mosaic,Prunella.vulgaris,Bombus.lapidarius,1
CH,3,R1,Rural.habitat.mosaic,Plantago.media,Lasioglossum.glabriusculum,1
CH,3,R1,Rural.habitat.mosaic,Bellis.perennis,Lasioglossum.glabriusculum,1
CH,3,R1,Rural.habitat.mosaic,Prunella.vulgaris,Bombus.terrestris,1
CH,3,R1,Rural.habitat.mosaic,Trifolium.pratense,Bombus.sylvarum,1
CH,3,R1,Rural.habitat.mosaic,Prunella.vulgaris,Apis.mellifera,1
CH,3,R1,Rural.habitat.mosaic,Hypericum.perforatum,Lasioglossum.politum,1
CH,3,R1,Rural.habitat.mosaic,Hypericum.perforatum,Lasioglossum.malachurum,1
CH,3,R1,Rural.habitat.mosaic,Rubus.caesius,Lasioglossum.morio,1
CH,3,R1,Rural.habitat.mosaic,Rubus.caesius,Andrena.minutula,1
CH,3,R1,Rural.habitat.mosaic,Hypericum.perforatum,Halictus.langobardicus,1
CH,3,R1,Rural.habitat.mosaic,Hypericum.perforatum,Lasioglossum.malachurum,1
CH,3,R2,Rural.habitat.mosaic,,Lasioglossum.malachurum,0
CH,3,R2,Rural.habitat.mosaic,Geranium.robertianum,Bombus.sp,1
CH,3,R2,Rural.habitat.mosaic,Geranium.robertianum,Bombus.sp,1
CH,3,R2,Rural.habitat.mosaic,,Lasioglossum.malachurum,0
CH,3,R2,Rural.habitat.mosaic,Trifolium.pratense,Bombus.pascuorum,1
CH,3,R2,Rural.habitat.mosaic,Lotus.corniculatus,Bombus.lapidarius,1
CH,3,R2,Rural.habitat.mosaic,Trifolium.pratense,Bombus.sylvarum,1
CH,3,R2,Rural.habitat.mosaic,Plantago.lanceolata,Bombus.lapidarius,1
CH,3,R2,Rural.habitat.mosaic,Lotus.corniculatus,Bombus.lapidarius,1
CH,3,R2,Rural.habitat.mosaic,Trifolium.pratense,Bombus.pascuorum,1
CH,3,R2,Rural.habitat.mosaic,Plantago.lanceolata,Lasioglossum.pauxillum,1
CH,3,R2,Rural.habitat.mosaic,Trifolium.pratense,Sphaerophoria.sp,1
CH,3,R2,Rural.habitat.mosaic,Trifolium.pratense,Bombus.pascuorum,1
CH,3,R2,Rural.habitat.mosaic,Plantago.lanceolata,Bombus.terrestris,1
CH,3,R2,Rural.habitat.mosaic,Trifolium.repens,Bombus.lapidarius,1
CH,3,R2,Rural.habitat.mosaic,Lotus.corniculatus,Andrena.wilkella,1
CH,3,R2,Rural.habitat.mosaic,Lotus.corniculatus,Bombus.lapidarius,1
CH,3,R2,Rural.habitat.mosaic,Lotus.corniculatus,Megachile.willughbiella,1
CH,3,R2,Rural.habitat.mosaic,Daucus.carota,Lasioglossum.glabriusculum,1
CH,3,R2,Rural.habitat.mosaic,Lotus.corniculatus,Bombus.lapidarius,1
CH,3,R2,Rural.habitat.mosaic,Prunella.vulgaris,Bombus.pascuorum,1
CH,3,R2,Rural.habitat.mosaic,Daucus.carota,Eristalis.tenax,1
CH,3,R2,Rural.habitat.mosaic,Daucus.carota,Syrphus.vitripennis,1
CH,3,R2,Rural.habitat.mosaic,Daucus.carota,Sphaerophoria.philanthus,1
CH,3,R2,Rural.habitat.mosaic,Lotus.corniculatus,Bombus.terrestris,1
CH,3,R2,Rural.habitat.mosaic,Trifolium.pratense,Bombus.terrestris,1
CH,3,R2,Rural.habitat.mosaic,Lotus.corniculatus,Bombus.pascuorum,1
CH,3,R2,Rural.habitat.mosaic,Lotus.corniculatus,Bombus.lapidarius,1
CH,3,R2,Rural.habitat.mosaic,Trifolium.repens,Bombus.lapidarius,1
CH,3,R2,Rural.habitat.mosaic,Daucus.carota,Sphaerophoria.philanthus,1
CH,3,R2,Rural.habitat.mosaic,Plantago.lanceolata,Bombus.terrestris,1
CH,3,R2,Rural.habitat.mosaic,Leontodon.hispidus,Lasioglossum.puncticolle,1
CH,3,R2,Rural.habitat.mosaic,Lotus.corniculatus,Bombus.sylvarum,1
CH,3,R2,Rural.habitat.mosaic,Lotus.corniculatus,Bombus.terrestris,1
CH,3,R2,Rural.habitat.mosaic,Daucus.carota,Lasioglossum.glabriusculum,1
CH,3,R2,Rural.habitat.mosaic,Daucus.carota,Sphaerophoria.sp,1
CH,3,R2,Rural.habitat.mosaic,Trifolium.pratense,Syrphus.ribesii,1
CH,3,R2,Rural.habitat.mosaic,Prunella.vulgaris,Bombus.sylvarum,1
CH,3,R2,Rural.habitat.mosaic,Leontodon.hispidus,Lasioglossum.villosulum,1
CH,3,R2,Rural.habitat.mosaic,Trifolium.pratense,Bombus.sylvarum,1
CH,3,R2,Rural.habitat.mosaic,Trifolium.pratense,Bombus.pascuorum,1
CH,3,R2,Rural.habitat.mosaic,Daucus.carota,Andrena.alfkenella,1
CH,3,R2,Rural.habitat.mosaic,Trifolium.repens,Bombus.pratorum,1
CH,3,R2,Rural.habitat.mosaic,Trifolium.pratense,Bombus.lapidarius,1
CH,3,R2,Rural.habitat.mosaic,Trifolium.repens,Bombus.lapidarius,1
CH,3,R2,Rural.habitat.mosaic,Trifolium.pratense,Bombus.lapidarius,1
CH,3,R2,Rural.habitat.mosaic,Trifolium.repens,Bombus.lapidarius,1
CH,3,R2,Rural.habitat.mosaic,Leucanthemum.vulgare,Lasioglossum.pauxillum,1
CH,3,R2,Rural.habitat.mosaic,Prunella.vulgaris,Bombus.sylvarum,1
CH,3,R2,Rural.habitat.mosaic,Trifolium.pratense,Bombus.pascuorum,1
CH,3,R2,Rural.habitat.mosaic,Trifolium.pratense,Bombus.lapidarius,1
CH,3,R2,Rural.habitat.mosaic,Trifolium.pratense,Bombus.lapidarius,1
CH,3,R2,Rural.habitat.mosaic,Daucus.carota,Lasioglossum.interruptum,1
CH,3,R2,Rural.habitat.mosaic,Trifolium.repens,Bombus.lapidarius,1
CH,3,R2,Rural.habitat.mosaic,Daucus.carota,Syrphidae.sp,1
CH,3,R2,Rural.habitat.mosaic,Plantago.lanceolata,Bombus.terrestris,1
CH,3,R2,Rural.habitat.mosaic,Trifolium.pratense,Bombus.sylvarum,1
CH,3,R2,Rural.habitat.mosaic,Plantago.lanceolata,Syrphus.ribesii,1
CH,3,R2,Rural.habitat.mosaic,Trifolium.pratense,Bombus.lapidarius,1
CH,3,R2,Rural.habitat.mosaic,Daucus.carota,Eristalis.arbustorum,1
CH,3,R2,Rural.habitat.mosaic,Lotus.corniculatus,Megachile.ericetorum,1
CH,3,R2,Rural.habitat.mosaic,Daucus.carota,Lasioglossum.pauxillum,1
CH,3,R2,Rural.habitat.mosaic,Daucus.carota,Lasioglossum.malachurum,1
CH,3,R2,Rural.habitat.mosaic,Trifolium.repens,Bombus.lapidarius,1
CH,3,R2,Rural.habitat.mosaic,Trifolium.repens,Andrena.flavipes,1
CH,3,R2,Rural.habitat.mosaic,Daucus.carota,Syrphidae.sp,1
CH,3,R2,Rural.habitat.mosaic,Trifolium.pratense,Andrena.wilkella,1
CH,3,R2,Rural.habitat.mosaic,Daucus.carota,Lasioglossum.pauxillum,1
CH,3,R2,Rural.habitat.mosaic,Leontodon.hispidus,Syrphus.vitripennis,1
CH,3,R2,Rural.habitat.mosaic,Daucus.carota,Sphaerophoria.sp,1
CH,3,R2,Rural.habitat.mosaic,Trifolium.pratense,Bombus.sylvarum,1
CH,3,R2,Rural.habitat.mosaic,Plantago.lanceolata,Bombus.lucorum,1
CH,3,R2,Rural.habitat.mosaic,Daucus.carota,Eristalis.tenax,1
CH,3,R2,Rural.habitat.mosaic,Trifolium.pratense,Bombus.sp,1
CH,3,R2,Rural.habitat.mosaic,Prunella.vulgaris,Eupeodes.aberrantis,1
CH,3,R2,Rural.habitat.mosaic,Picris.hieracioides,Lasioglossum.pauxillum,1
CH,3,R2,Rural.habitat.mosaic,Trifolium.pratense,wildbee,1
CH,3,R2,Rural.habitat.mosaic,Daucus.carota,Syrphidae.sp,1
CH,3,R2,Rural.habitat.mosaic,Daucus.carota,Syrphidae.sp,1
CH,3,R2,Rural.habitat.mosaic,Plantago.lanceolata,Bombus.sp,1
CH,3,R2,Rural.habitat.mosaic,Trifolium.repens,Apis.mellifera,1
CH,3,R2,Rural.habitat.mosaic,Daucus.carota,Syrphidae.sp,1
CH,3,R2,Rural.habitat.mosaic,Daucus.carota,Syrphidae.sp,1
CH,3,R2,Rural.habitat.mosaic,Trifolium.repens,Apis.mellifera,1
CH,3,R2,Rural.habitat.mosaic,Trifolium.repens,Apis.mellifera,1
CH,3,R2,Rural.habitat.mosaic,Trifolium.repens,Apis.mellifera,1
CH,3,R2,Rural.habitat.mosaic,Plantago.lanceolata,Apis.mellifera,1
CH,3,R2,Rural.habitat.mosaic,Plantago.lanceolata,Apis.mellifera,1
CH,3,R2,Rural.habitat.mosaic,Trifolium.repens,Apis.mellifera,1
CH,3,R2,Rural.habitat.mosaic,Trifolium.repens,Apis.mellifera,1
CH,3,R2,Rural.habitat.mosaic,Trifolium.repens,Apis.mellifera,1
CH,3,R2,Rural.habitat.mosaic,Trifolium.pratense,Bombus.sp,1
CH,3,R2,Rural.habitat.mosaic,Trifolium.pratense,wildbee,1
CH,3,R2,Rural.habitat.mosaic,Plantago.lanceolata,Apis.mellifera,1
CH,3,R2,Rural.habitat.mosaic,Trifolium.repens,Apis.mellifera,1
CH,3,R2,Rural.habitat.mosaic,Trifolium.repens,Apis.mellifera,1
CH,3,R2,Rural.habitat.mosaic,Trifolium.repens,Apis.mellifera,1
CH,3,R2,Rural.habitat.mosaic,Trifolium.repens,Apis.mellifera,1
CH,3,R2,Rural.habitat.mosaic,Daucus.carota,wildbee,1
CH,3,R2,Rural.habitat.mosaic,Trifolium.repens,Apis.mellifera,1
CH,3,R2,Rural.habitat.mosaic,Daucus.carota,wildbee,1
CH,3,R2,Rural.habitat.mosaic,Daucus.carota,Syrphidae.sp,1
CH,3,R2,Rural.habitat.mosaic,Trifolium.repens,Apis.mellifera,1
CH,3,R2,Rural.habitat.mosaic,Plantago.lanceolata,Apis.mellifera,1
CH,3,R2,Rural.habitat.mosaic,Centaurea.jacea,Lasioglossum.glabriusculum,1
CH,3,R2,Rural.habitat.mosaic,Trifolium.pratense,Bombus.humilis,1
CH,3,R2,Rural.habitat.mosaic,Trifolium.pratense,Bombus.pascuorum,1
CH,3,R2,Rural.habitat.mosaic,Prunella.vulgaris,Bombus.humilis,1
CH,3,R2,Rural.habitat.mosaic,Trifolium.repens,Bombus.lapidarius,1
CH,3,R2,Rural.habitat.mosaic,Trifolium.pratense,Bombus.pascuorum,1
CH,3,R2,Rural.habitat.mosaic,Heracleum.sphondylium,Lasioglossum.glabriusculum,1
CH,3,R2,Rural.habitat.mosaic,Galium.mollugo.aggr,Episyrphus.balteatus,1
CH,3,R2,Rural.habitat.mosaic,Trifolium.pratense,Bombus.hortorum,1
CH,3,R2,Rural.habitat.mosaic,Galium.mollugo.aggr,Syrphus.vitripennis,1
CH,3,R2,Rural.habitat.mosaic,Trifolium.pratense,Bombus.pascuorum,1
CH,3,R2,Rural.habitat.mosaic,Lotus.corniculatus,Bombus.lapidarius,1
CH,3,R2,Rural.habitat.mosaic,Trifolium.pratense,Andrena.wilkella,1
CH,3,R2,Rural.habitat.mosaic,Lotus.corniculatus,Bombus.lapidarius,1
CH,3,R2,Rural.habitat.mosaic,Trifolium.pratense,Bombus.pascuorum,1
CH,3,R2,Rural.habitat.mosaic,Galium.mollugo.aggr,Syrphus.vitripennis,1
CH,3,R2,Rural.habitat.mosaic,Lotus.corniculatus,Bombus.lapidarius,1
CH,3,R2,Rural.habitat.mosaic,Trifolium.pratense,Bombus.sylvarum,1
CH,3,R2,Rural.habitat.mosaic,Galium.mollugo.aggr,Episyrphus.balteatus,1
CH,3,R2,Rural.habitat.mosaic,Galium.mollugo.aggr,Halictus.tumulorum,1
CH,3,R2,Rural.habitat.mosaic,Galium.mollugo.aggr,Eupeodes.aberrantis,1
CH,3,R2,Rural.habitat.mosaic,Trifolium.pratense,Bombus.terrestris,1
CH,3,R2,Rural.habitat.mosaic,Trifolium.pratense,Bombus.sylvarum,1
CH,3,R2,Rural.habitat.mosaic,Heracleum.sphondylium,Lasioglossum.pauxillum,1
CH,3,R2,Rural.habitat.mosaic,Trifolium.pratense,Bombus.pascuorum,1
CH,3,R2,Rural.habitat.mosaic,Trifolium.pratense,Bombus.terrestris,1
CH,3,R2,Rural.habitat.mosaic,Trifolium.repens,Apis.mellifera,1
CH,3,R2,Rural.habitat.mosaic,Trifolium.repens,Apis.mellifera,1
CH,3,R2,Rural.habitat.mosaic,Trifolium.repens,Apis.mellifera,1
CH,3,R2,Rural.habitat.mosaic,Trifolium.repens,Apis.mellifera,1
CH,3,R2,Rural.habitat.mosaic,Trifolium.repens,Apis.mellifera,1
CH,3,R2,Rural.habitat.mosaic,Trifolium.repens,Apis.mellifera,1
CH,3,R2,Rural.habitat.mosaic,Trifolium.repens,Apis.mellifera,1
CH,3,R2,Rural.habitat.mosaic,Galium.mollugo.aggr,Syrphidae.sp,1
CH,3,R2,Rural.habitat.mosaic,Trifolium.repens,Apis.mellifera,1
CH,3,R2,Rural.habitat.mosaic,Trifolium.repens,Apis.mellifera,1
CH,3,R2,Rural.habitat.mosaic,Trifolium.repens,Apis.mellifera,1
CH,3,R2,Rural.habitat.mosaic,Trifolium.repens,Apis.mellifera,1
CH,3,R2,Rural.habitat.mosaic,Trifolium.pratense,wildbee,1
CH,3,R2,Rural.habitat.mosaic,Trifolium.repens,Apis.mellifera,1
CH,3,R2,Rural.habitat.mosaic,Trifolium.repens,Apis.mellifera,1
CH,3,R2,Rural.habitat.mosaic,Trifolium.repens,Apis.mellifera,1
CH,3,R2,Rural.habitat.mosaic,Trifolium.repens,Apis.mellifera,1
CH,3,R2,Rural.habitat.mosaic,Trifolium.repens,Apis.mellifera,1
CH,3,R2,Rural.habitat.mosaic,Trifolium.pratense,Apis.mellifera,1
CH,3,R2,Rural.habitat.mosaic,Trifolium.repens,Apis.mellifera,1
CH,3,R2,Rural.habitat.mosaic,Trifolium.repens,Apis.mellifera,1
CH,3,R2,Rural.habitat.mosaic,Trifolium.repens,Apis.mellifera,1
CH,3,R2,Rural.habitat.mosaic,Trifolium.pratense,Halictus.eurygnathus,1
CH,3,R2,Rural.habitat.mosaic,Galium.mollugo.aggr,Eupeodes.sp,1
CH,3,R2,Rural.habitat.mosaic,Lotus.corniculatus,Bombus.pascuorum,1
CH,3,R2,Rural.habitat.mosaic,Galium.mollugo.aggr,Eupeodes.luniger,1
CH,3,R2,Rural.habitat.mosaic,Trifolium.pratense,Bombus.pascuorum,1
CH,3,R2,Rural.habitat.mosaic,Trifolium.pratense,Bombus.pascuorum,1
CH,3,R2,Rural.habitat.mosaic,Trifolium.pratense,Bombus.sp,1
CH,3,R2,Rural.habitat.mosaic,Galium.mollugo.aggr,Syrphus.vitripennis,1
CH,3,R2,Rural.habitat.mosaic,Trifolium.pratense,Bombus.humilis,1
CH,3,R2,Rural.habitat.mosaic,Trifolium.pratense,Andrena.wilkella,1
CH,3,R2,Rural.habitat.mosaic,Galium.mollugo.aggr,Eupeodes.aberrantis,1
CH,3,R2,Rural.habitat.mosaic,Ranunculus.acris,Sphaerophoria.interrupta,1
CH,3,R2,Rural.habitat.mosaic,Daucus.carota,Lasioglossum.laticeps,1
CH,3,R2,Rural.habitat.mosaic,Daucus.carota,Halictus.tumulorum,1
CH,3,R2,Rural.habitat.mosaic,Galium.mollugo.aggr,Syrphus.vitripennis,1
CH,3,R2,Rural.habitat.mosaic,Galium.mollugo.aggr,Syrphus.vitripennis,1
CH,3,R2,Rural.habitat.mosaic,Galium.mollugo.aggr,Syrphus.vitripennis,1
CH,3,R2,Rural.habitat.mosaic,Daucus.carota,Lasioglossum.laticeps,1
CH,3,R2,Rural.habitat.mosaic,Galium.mollugo.aggr,Syrphidae.sp,1
CH,3,R2,Rural.habitat.mosaic,Trifolium.repens,Apis.mellifera,1
CH,3,R2,Rural.habitat.mosaic,Rubus.fruticosus.aggr,Apis.mellifera,1
CH,3,R2,Rural.habitat.mosaic,Rubus.fruticosus.aggr,Apis.mellifera,1
CH,3,R2,Rural.habitat.mosaic,Rubus.fruticosus.aggr,Apis.mellifera,1
CH,3,R2,Rural.habitat.mosaic,Rubus.fruticosus.aggr,Apis.mellifera,1
CH,3,R2,Rural.habitat.mosaic,Rubus.fruticosus.aggr,Apis.mellifera,1
CH,3,R2,Rural.habitat.mosaic,Rubus.fruticosus.aggr,Apis.mellifera,1
CH,3,R2,Rural.habitat.mosaic,Rubus.fruticosus.aggr,Apis.mellifera,1
CH,3,R3,Rural.habitat.mosaic,Rubus.fruticosus.aggr,Lasioglossum.calceatum,1
CH,3,R3,Rural.habitat.mosaic,Heracleum.sphondylium,Lasioglossum.calceatum,1
CH,3,R3,Rural.habitat.mosaic,Trifolium.repens,Apis.mellifera,1
CH,3,R3,Rural.habitat.mosaic,Heracleum.sphondylium,Syrphidae.sp,1
CH,3,R3,Rural.habitat.mosaic,Trifolium.pratense,Syrphidae.sp,1
CH,3,R3,Rural.habitat.mosaic,Heracleum.sphondylium,wildbee,1
CH,3,R3,Rural.habitat.mosaic,Impatiens.parviflora,Meliscaeva.cinctella,1
CH,3,R3,Rural.habitat.mosaic,Impatiens.parviflora,Meliscaeva.cinctella,1
CH,3,R3,Rural.habitat.mosaic,Geranium.robertianum,Bombus.sp,1
CH,3,R3,Rural.habitat.mosaic,,Lasioglossum.malachurum,0
CH,3,R3,Rural.habitat.mosaic,Knautia.arvensis,Bombus.terrestris,1
CH,3,R3,Rural.habitat.mosaic,Trifolium.pratense,Bombus.pascuorum,1
CH,3,R3,Rural.habitat.mosaic,Trifolium.repens,Andrena.wilkella,1
CH,3,R3,Rural.habitat.mosaic,Centaurea.jacea,Bombus.rupestris,1
CH,3,R3,Rural.habitat.mosaic,Prunella.vulgaris,Bombus.pascuorum,1
CH,3,R3,Rural.habitat.mosaic,Centaurea.jacea,Halictus.simplex,1
CH,3,R3,Rural.habitat.mosaic,Prunella.vulgaris,Bombus.pascuorum,1
CH,3,R3,Rural.habitat.mosaic,Centaurea.jacea,Bombus.campestris,1
CH,3,R3,Rural.habitat.mosaic,Lotus.corniculatus,Bombus.lapidarius,1
CH,3,R3,Rural.habitat.mosaic,Trifolium.pratense,Bombus.pascuorum,1
CH,3,R3,Rural.habitat.mosaic,Prunella.vulgaris,Bombus.subterraneus,1
CH,3,R3,Rural.habitat.mosaic,Trifolium.pratense,Halictus.eurygnathus,1
CH,3,R3,Rural.habitat.mosaic,Trifolium.pratense,Bombus.pascuorum,1
CH,3,R3,Rural.habitat.mosaic,Centaurea.jacea,Lasioglossum.pauxillum,1
CH,3,R3,Rural.habitat.mosaic,Centaurea.jacea,Lasioglossum.malachurum,1
CH,3,R3,Rural.habitat.mosaic,Heracleum.sphondylium,wildbee,1
CH,3,R3,Rural.habitat.mosaic,Prunella.vulgaris,Bombus.pascuorum,1
CH,3,R3,Rural.habitat.mosaic,Trifolium.pratense,Bombus.pascuorum,1
CH,3,R3,Rural.habitat.mosaic,Centaurea.jacea,Bombus.bohemicus,1
CH,3,R3,Rural.habitat.mosaic,Prunella.vulgaris,Bombus.sylvarum,1
CH,3,R3,Rural.habitat.mosaic,Trifolium.pratense,Bombus.pascuorum,1
CH,3,R3,Rural.habitat.mosaic,Centaurea.jacea,Halictus.scabiosae,1
CH,3,R3,Rural.habitat.mosaic,Centaurea.jacea,Bombus.terrestris,1
CH,3,R3,Rural.habitat.mosaic,Centaurea.jacea,Bombus.vestalis,1
CH,3,R3,Rural.habitat.mosaic,Centaurea.jacea,Bombus.bohemicus,1
CH,3,R3,Rural.habitat.mosaic,Trifolium.pratense,Bombus.pascuorum,1
CH,3,R3,Rural.habitat.mosaic,Prunella.vulgaris,Bombus.pascuorum,1
CH,3,R3,Rural.habitat.mosaic,Trifolium.pratense,Bombus.pascuorum,1
CH,3,R3,Rural.habitat.mosaic,Prunella.vulgaris,Bombus.vestalis,1
CH,3,R3,Rural.habitat.mosaic,Centaurea.jacea,Lasioglossum.malachurum,1
CH,3,R3,Rural.habitat.mosaic,Lotus.corniculatus,Bombus.pascuorum,1
CH,3,R3,Rural.habitat.mosaic,Trifolium.pratense,Eucera.longicornis,1
CH,3,R3,Rural.habitat.mosaic,Trifolium.pratense,Bombus.humilis,1
CH,3,R3,Rural.habitat.mosaic,Trifolium.repens,wildbee,1
CH,3,R3,Rural.habitat.mosaic,Trifolium.pratense,Bombus.pascuorum,1
CH,3,R3,Rural.habitat.mosaic,Centaurea.jacea,Halictus.scabiosae,1
CH,3,R3,Rural.habitat.mosaic,Galium.mollugo.aggr,Syrphus.vitripennis,1
CH,3,R3,Rural.habitat.mosaic,Centaurea.jacea,Bombus.rupestris,1
CH,3,R3,Rural.habitat.mosaic,Trifolium.pratense,Bombus.pascuorum,1
CH,3,R3,Rural.habitat.mosaic,Centaurea.jacea,Bombus.lapidarius,1
CH,3,R3,Rural.habitat.mosaic,Lotus.corniculatus,Anthidium.strigatum,1
CH,3,R3,Rural.habitat.mosaic,Trifolium.pratense,Bombus.pascuorum,1
CH,3,R3,Rural.habitat.mosaic,Centaurea.jacea,Lasioglossum.malachurum,1
CH,3,R3,Rural.habitat.mosaic,Achillea.millefolium,Lasioglossum.pauxillum,1
CH,3,R3,Rural.habitat.mosaic,Heracleum.sphondylium,wildbee,1
CH,3,R3,Rural.habitat.mosaic,Lotus.corniculatus,Bombus.lapidarius,1
CH,3,R3,Rural.habitat.mosaic,Trifolium.pratense,Bombus.hortorum,1
CH,3,R3,Rural.habitat.mosaic,Lotus.corniculatus,Bombus.sylvarum,1
CH,3,R3,Rural.habitat.mosaic,Trifolium.pratense,Bombus.lapidarius,1
CH,3,R3,Rural.habitat.mosaic,Centaurea.jacea,Halictus.eurygnathus,1
CH,3,R3,Rural.habitat.mosaic,Centaurea.jacea,Lasioglossum.pauxillum,1
CH,3,R3,Rural.habitat.mosaic,Trifolium.pratense,Bombus.sylvarum,1
CH,3,R3,Rural.habitat.mosaic,Trifolium.pratense,Bombus.pascuorum,1
CH,3,R3,Rural.habitat.mosaic,Centaurea.jacea,Lasioglossum.calceatum,1
CH,3,R3,Rural.habitat.mosaic,Centaurea.jacea,Lasioglossum.malachurum,1
CH,3,R3,Rural.habitat.mosaic,Centaurea.jacea,Halictus.tumulorum,1
CH,3,R3,Rural.habitat.mosaic,Trifolium.repens,wildbee,1
CH,3,R3,Rural.habitat.mosaic,Trifolium.repens,Apis.mellifera,1
CH,3,R3,Rural.habitat.mosaic,Centaurea.jacea,Apis.mellifera,1
CH,3,R3,Rural.habitat.mosaic,Centaurea.jacea,Apis.mellifera,1
CH,3,R3,Rural.habitat.mosaic,Centaurea.jacea,Apis.mellifera,1
CH,3,R3,Rural.habitat.mosaic,Centaurea.jacea,Apis.mellifera,1
CH,3,R3,Rural.habitat.mosaic,Centaurea.jacea,Apis.mellifera,1
CH,3,R3,Rural.habitat.mosaic,Centaurea.jacea,Apis.mellifera,1
CH,3,R3,Rural.habitat.mosaic,Centaurea.jacea,Apis.mellifera,1
CH,3,R3,Rural.habitat.mosaic,Centaurea.jacea,Apis.mellifera,1
CH,3,R3,Rural.habitat.mosaic,Centaurea.jacea,Apis.mellifera,1
CH,3,R3,Rural.habitat.mosaic,Centaurea.jacea,Apis.mellifera,1
CH,3,R3,Rural.habitat.mosaic,Centaurea.jacea,Apis.mellifera,1
CH,3,R3,Rural.habitat.mosaic,Lotus.corniculatus,Apis.mellifera,1
CH,3,R3,Rural.habitat.mosaic,Centaurea.jacea,Apis.mellifera,1
CH,3,R3,Rural.habitat.mosaic,Centaurea.jacea,Apis.mellifera,1
CH,3,R3,Rural.habitat.mosaic,Trifolium.repens,Apis.mellifera,1
CH,3,R3,Rural.habitat.mosaic,Plantago.media,Bombus.sp,1
CH,3,R3,Rural.habitat.mosaic,Trifolium.pratense,Bombus.pascuorum,1
CH,3,R3,Rural.habitat.mosaic,Campanula.rotundifolia,Chelostoma.campanularum,1
CH,3,R3,Rural.habitat.mosaic,Trifolium.pratense,Bombus.pascuorum,1
CH,3,R3,Rural.habitat.mosaic,Plantago.media,Lasioglossum.politum,1
CH,3,R3,Rural.habitat.mosaic,Plantago.media,Myathropa.florea,1
CH,3,R3,Rural.habitat.mosaic,Trifolium.repens,Halictus.tumulorum,1
CH,3,R3,Rural.habitat.mosaic,Plantago.media,Lasioglossum.glabriusculum,1
CH,3,R3,Rural.habitat.mosaic,Plantago.lanceolata,Syrphus.ribesii,1
CH,3,R3,Rural.habitat.mosaic,Plantago.lanceolata,Eumerus.strigatus,1
CH,3,R3,Rural.habitat.mosaic,Hypochaeris.radicata,Lasioglossum.nigripes,1
CH,3,R3,Rural.habitat.mosaic,Plantago.media,Eristalis.tenax,1
CH,3,R3,Rural.habitat.mosaic,Plantago.media,Lasioglossum.politum,1
CH,3,R3,Rural.habitat.mosaic,Geranium.pyrenaicum,Lasioglossum.glabriusculum,1
CH,3,R3,Rural.habitat.mosaic,Plantago.media,Lasioglossum.politum,1
CH,3,R3,Rural.habitat.mosaic,Hypochaeris.radicata,Lasioglossum.villosulum,1
CH,3,R3,Rural.habitat.mosaic,Plantago.media,Bombus.lucorum,1
CH,3,R3,Rural.habitat.mosaic,Plantago.media,Lasioglossum.glabriusculum,1
CH,3,R3,Rural.habitat.mosaic,Trifolium.pratense,Bombus.lapidarius,1
CH,3,R3,Rural.habitat.mosaic,Plantago.lanceolata,Apis.mellifera,1
CH,3,R3,Rural.habitat.mosaic,Trifolium.repens,Apis.mellifera,1
CH,3,R3,Rural.habitat.mosaic,Trifolium.pratense,Syrphidae.sp,1
CH,3,R3,Rural.habitat.mosaic,Trifolium.repens,Apis.mellifera,1
CH,3,R3,Rural.habitat.mosaic,Trifolium.repens,Apis.mellifera,1
CH,3,R3,Rural.habitat.mosaic,Plantago.media,Apis.mellifera,1
CH,3,R3,Rural.habitat.mosaic,Plantago.media,Syrphidae.sp,1
CH,3,R3,Rural.habitat.mosaic,Epilobium.obscurum,Lasioglossum.zonulum,1
CH,3,R3,Rural.habitat.mosaic,Crepis.capillaris,Lasioglossum.malachurum,1
CH,3,R3,Rural.habitat.mosaic,Crepis.capillaris,Lasioglossum.villosulum,1
CH,3,R3,Rural.habitat.mosaic,Lapsana.communis,Lasioglossum.nigripes,1
CH,3,R3,Rural.habitat.mosaic,Crepis.capillaris,Lasioglossum.malachurum,1
CH,3,R3,Rural.habitat.mosaic,Lapsana.communis,Lasioglossum.malachurum,1
CH,3,R3,Rural.habitat.mosaic,Lapsana.communis,Syrphidae.sp,1
CH,3,R3,Rural.habitat.mosaic,Trifolium.repens,Apis.mellifera,1
CH,3,R3,Rural.habitat.mosaic,Crepis.capillaris,wildbee,1
CH,3,R3,Rural.habitat.mosaic,Rubus.caesius,Lasioglossum.morio,1
CH,3,R4,Rural.habitat.mosaic,Rubus.caesius,Lasioglossum.laticeps,1
CH,3,R4,Rural.habitat.mosaic,Rubus.idaeus,Apis.mellifera,1
CH,3,R4,Rural.habitat.mosaic,Rubus.idaeus,Apis.mellifera,1
CH,3,R4,Rural.habitat.mosaic,Rubus.fruticosus.aggr,wildbee,1
CH,3,R4,Rural.habitat.mosaic,Rubus.fruticosus.aggr,Apis.mellifera,1
CH,3,R4,Rural.habitat.mosaic,Rubus.fruticosus.aggr,Apis.mellifera,1
CH,3,R4,Rural.habitat.mosaic,Rubus.fruticosus.aggr,Apis.mellifera,1
CH,3,R4,Rural.habitat.mosaic,Cirsium.vulgare,Bombus.hypnorum,1
CH,3,R4,Rural.habitat.mosaic,,Lasioglossum.malachurum,0
CH,3,R4,Rural.habitat.mosaic,Trifolium.repens,Bombus.terrestris,1
CH,3,R4,Rural.habitat.mosaic,Trifolium.repens,Andrena.ovatula,1
CH,3,R4,Rural.habitat.mosaic,Trifolium.repens,Bombus.lapidarius,1
CH,3,R4,Rural.habitat.mosaic,Trifolium.repens,Bombus.terrestris,1
CH,3,R4,Rural.habitat.mosaic,Trifolium.repens,Bombus.pascuorum,1
CH,3,R4,Rural.habitat.mosaic,Trifolium.repens,Halictus.scabiosae,1
CH,3,R4,Rural.habitat.mosaic,Trifolium.repens,Bombus.pascuorum,1
CH,3,R4,Rural.habitat.mosaic,Trifolium.repens,Bombus.lapidarius,1
CH,3,R4,Rural.habitat.mosaic,Trifolium.repens,Apis.mellifera,1
CH,3,R4,Rural.habitat.mosaic,Trifolium.repens,Apis.mellifera,1
CH,3,R4,Rural.habitat.mosaic,Trifolium.repens,Apis.mellifera,1
CH,3,R4,Rural.habitat.mosaic,Trifolium.repens,Apis.mellifera,1
CH,3,R4,Rural.habitat.mosaic,Trifolium.repens,Apis.mellifera,1
CH,3,R4,Rural.habitat.mosaic,Trifolium.repens,Apis.mellifera,1
CH,3,R4,Rural.habitat.mosaic,Trifolium.repens,Apis.mellifera,1
CH,3,R4,Rural.habitat.mosaic,Trifolium.repens,Apis.mellifera,1
CH,3,R4,Rural.habitat.mosaic,Trifolium.repens,Apis.mellifera,1
CH,3,R4,Rural.habitat.mosaic,Trifolium.repens,Apis.mellifera,1
CH,3,R4,Rural.habitat.mosaic,Trifolium.repens,Apis.mellifera,1
CH,3,R4,Rural.habitat.mosaic,Trifolium.repens,Apis.mellifera,1
CH,3,R4,Rural.habitat.mosaic,Trifolium.repens,Apis.mellifera,1
CH,3,R4,Rural.habitat.mosaic,Trifolium.repens,Apis.mellifera,1
CH,3,R4,Rural.habitat.mosaic,Trifolium.repens,Apis.mellifera,1
CH,3,R4,Rural.habitat.mosaic,Trifolium.repens,Apis.mellifera,1
CH,3,R4,Rural.habitat.mosaic,Trifolium.repens,Apis.mellifera,1
CH,3,R4,Rural.habitat.mosaic,Trifolium.repens,Apis.mellifera,1
CH,3,R4,Rural.habitat.mosaic,Trifolium.repens,Apis.mellifera,1
CH,3,R4,Rural.habitat.mosaic,Trifolium.repens,Apis.mellifera,1
CH,3,R4,Rural.habitat.mosaic,Trifolium.repens,Apis.mellifera,1
CH,3,R4,Rural.habitat.mosaic,Trifolium.repens,Apis.mellifera,1
CH,3,R4,Rural.habitat.mosaic,Trifolium.repens,Apis.mellifera,1
CH,3,R4,Rural.habitat.mosaic,Trifolium.repens,Apis.mellifera,1
CH,3,R4,Rural.habitat.mosaic,Trifolium.repens,Apis.mellifera,1
CH,3,R4,Rural.habitat.mosaic,Trifolium.repens,Apis.mellifera,1
CH,3,R4,Rural.habitat.mosaic,Trifolium.repens,Apis.mellifera,1
CH,3,R4,Rural.habitat.mosaic,Trifolium.repens,Apis.mellifera,1
CH,3,R4,Rural.habitat.mosaic,Trifolium.repens,Apis.mellifera,1
CH,3,R4,Rural.habitat.mosaic,Trifolium.repens,Apis.mellifera,1
CH,3,R4,Rural.habitat.mosaic,Trifolium.repens,Apis.mellifera,1
CH,3,R4,Rural.habitat.mosaic,Trifolium.repens,Apis.mellifera,1
CH,3,R4,Rural.habitat.mosaic,Trifolium.repens,Apis.mellifera,1
CH,3,R4,Rural.habitat.mosaic,Trifolium.repens,Apis.mellifera,1
CH,3,R4,Rural.habitat.mosaic,Trifolium.repens,Apis.mellifera,1
CH,3,R4,Rural.habitat.mosaic,Trifolium.repens,Apis.mellifera,1
CH,3,R4,Rural.habitat.mosaic,Trifolium.repens,Apis.mellifera,1
CH,3,R4,Rural.habitat.mosaic,Trifolium.repens,Apis.mellifera,1
CH,3,R4,Rural.habitat.mosaic,Trifolium.repens,Apis.mellifera,1
CH,3,R4,Rural.habitat.mosaic,Trifolium.repens,Apis.mellifera,1
CH,3,R4,Rural.habitat.mosaic,Trifolium.repens,Apis.mellifera,1
CH,3,R4,Rural.habitat.mosaic,Trifolium.repens,Apis.mellifera,1
CH,3,R4,Rural.habitat.mosaic,Trifolium.repens,Apis.mellifera,1
CH,3,R4,Rural.habitat.mosaic,Trifolium.repens,Apis.mellifera,1
CH,3,R4,Rural.habitat.mosaic,Trifolium.repens,Apis.mellifera,1
CH,3,R4,Rural.habitat.mosaic,Trifolium.repens,Apis.mellifera,1
CH,3,R4,Rural.habitat.mosaic,Trifolium.repens,Apis.mellifera,1
CH,3,R4,Rural.habitat.mosaic,Trifolium.repens,Apis.mellifera,1
CH,3,R4,Rural.habitat.mosaic,Trifolium.repens,Apis.mellifera,1
CH,3,R4,Rural.habitat.mosaic,Trifolium.repens,Apis.mellifera,1
CH,3,R4,Rural.habitat.mosaic,Trifolium.repens,Apis.mellifera,1
CH,3,R4,Rural.habitat.mosaic,Trifolium.repens,Apis.mellifera,1
CH,3,R4,Rural.habitat.mosaic,Trifolium.repens,Apis.mellifera,1
CH,3,R4,Rural.habitat.mosaic,Trifolium.repens,Apis.mellifera,1
CH,3,R4,Rural.habitat.mosaic,Trifolium.repens,Apis.mellifera,1
CH,3,R4,Rural.habitat.mosaic,Trifolium.repens,Apis.mellifera,1
CH,3,R4,Rural.habitat.mosaic,Trifolium.repens,Apis.mellifera,1
CH,3,R4,Rural.habitat.mosaic,Trifolium.repens,Apis.mellifera,1
CH,3,R4,Rural.habitat.mosaic,Trifolium.repens,Apis.mellifera,1
CH,3,R4,Rural.habitat.mosaic,Trifolium.repens,Apis.mellifera,1
CH,3,R4,Rural.habitat.mosaic,Trifolium.repens,Apis.mellifera,1
CH,3,R4,Rural.habitat.mosaic,Trifolium.repens,Apis.mellifera,1
CH,3,R4,Rural.habitat.mosaic,Trifolium.repens,Apis.mellifera,1
CH,3,R4,Rural.habitat.mosaic,Trifolium.repens,Apis.mellifera,1
CH,3,R4,Rural.habitat.mosaic,Trifolium.repens,Apis.mellifera,1
CH,3,R4,Rural.habitat.mosaic,Trifolium.repens,Apis.mellifera,1
CH,3,R4,Rural.habitat.mosaic,Trifolium.repens,Apis.mellifera,1
CH,3,R4,Rural.habitat.mosaic,Trifolium.repens,Apis.mellifera,1
CH,3,R4,Rural.habitat.mosaic,Trifolium.repens,Apis.mellifera,1
CH,3,R4,Rural.habitat.mosaic,Trifolium.repens,Apis.mellifera,1
CH,3,R4,Rural.habitat.mosaic,Trifolium.repens,Apis.mellifera,1
CH,3,R4,Rural.habitat.mosaic,Trifolium.repens,Apis.mellifera,1
CH,3,R4,Rural.habitat.mosaic,Trifolium.repens,Apis.mellifera,1
CH,3,R4,Rural.habitat.mosaic,Trifolium.repens,Apis.mellifera,1
CH,3,R4,Rural.habitat.mosaic,Trifolium.repens,Apis.mellifera,1
CH,3,R4,Rural.habitat.mosaic,Trifolium.repens,Apis.mellifera,1
CH,3,R4,Rural.habitat.mosaic,Trifolium.repens,Apis.mellifera,1
CH,3,R4,Rural.habitat.mosaic,Trifolium.repens,Apis.mellifera,1
CH,3,R4,Rural.habitat.mosaic,Trifolium.repens,Apis.mellifera,1
CH,3,R4,Rural.habitat.mosaic,Trifolium.repens,Apis.mellifera,1
CH,3,R4,Rural.habitat.mosaic,Trifolium.repens,Apis.mellifera,1
CH,3,R4,Rural.habitat.mosaic,Trifolium.repens,Apis.mellifera,1
CH,3,R4,Rural.habitat.mosaic,Trifolium.repens,Apis.mellifera,1
CH,3,R4,Rural.habitat.mosaic,Trifolium.repens,Apis.mellifera,1
CH,3,R4,Rural.habitat.mosaic,Trifolium.repens,Apis.mellifera,1
CH,3,R4,Rural.habitat.mosaic,Trifolium.repens,Apis.mellifera,1
CH,3,R4,Rural.habitat.mosaic,Trifolium.repens,Apis.mellifera,1
CH,3,R4,Rural.habitat.mosaic,Trifolium.repens,Apis.mellifera,1
CH,3,R4,Rural.habitat.mosaic,Trifolium.repens,Apis.mellifera,1
CH,3,R4,Rural.habitat.mosaic,Trifolium.repens,Apis.mellifera,1
CH,3,R4,Rural.habitat.mosaic,Trifolium.repens,Apis.mellifera,1
CH,3,R4,Rural.habitat.mosaic,Trifolium.repens,Apis.mellifera,1
CH,3,R4,Rural.habitat.mosaic,Trifolium.repens,Apis.mellifera,1
CH,3,R4,Rural.habitat.mosaic,Trifolium.repens,Apis.mellifera,1
CH,3,R4,Rural.habitat.mosaic,Trifolium.repens,Apis.mellifera,1
CH,3,R4,Rural.habitat.mosaic,Trifolium.repens,Apis.mellifera,1
CH,3,R4,Rural.habitat.mosaic,Trifolium.repens,Apis.mellifera,1
CH,3,R4,Rural.habitat.mosaic,Trifolium.repens,Apis.mellifera,1
CH,3,R4,Rural.habitat.mosaic,Trifolium.repens,Apis.mellifera,1
CH,3,R4,Rural.habitat.mosaic,Trifolium.repens,Apis.mellifera,1
CH,3,R4,Rural.habitat.mosaic,Trifolium.repens,Apis.mellifera,1
CH,3,R4,Rural.habitat.mosaic,Trifolium.repens,Apis.mellifera,1
CH,3,R4,Rural.habitat.mosaic,Trifolium.repens,Apis.mellifera,1
CH,3,R4,Rural.habitat.mosaic,Trifolium.repens,Apis.mellifera,1
CH,3,R4,Rural.habitat.mosaic,Trifolium.repens,Apis.mellifera,1
CH,3,R4,Rural.habitat.mosaic,Trifolium.repens,Apis.mellifera,1
CH,3,R4,Rural.habitat.mosaic,Trifolium.repens,Apis.mellifera,1
CH,3,R4,Rural.habitat.mosaic,Trifolium.repens,Apis.mellifera,1
CH,3,R4,Rural.habitat.mosaic,Trifolium.repens,Apis.mellifera,1
CH,3,R4,Rural.habitat.mosaic,Trifolium.repens,Apis.mellifera,1
CH,3,R4,Rural.habitat.mosaic,Trifolium.repens,Apis.mellifera,1
CH,3,R4,Rural.habitat.mosaic,Trifolium.repens,Apis.mellifera,1
CH,3,R4,Rural.habitat.mosaic,Trifolium.repens,Apis.mellifera,1
CH,3,R4,Rural.habitat.mosaic,Trifolium.repens,Apis.mellifera,1
CH,3,R4,Rural.habitat.mosaic,Trifolium.repens,Apis.mellifera,1
CH,3,R4,Rural.habitat.mosaic,Trifolium.repens,Apis.mellifera,1
CH,3,R4,Rural.habitat.mosaic,Trifolium.repens,Apis.mellifera,1
CH,3,R4,Rural.habitat.mosaic,Trifolium.repens,Apis.mellifera,1
CH,3,R4,Rural.habitat.mosaic,Trifolium.repens,Apis.mellifera,1
CH,3,R4,Rural.habitat.mosaic,Trifolium.repens,Apis.mellifera,1
CH,3,R4,Rural.habitat.mosaic,Trifolium.repens,Apis.mellifera,1
CH,3,R4,Rural.habitat.mosaic,Trifolium.repens,Apis.mellifera,1
CH,3,R4,Rural.habitat.mosaic,Trifolium.repens,Apis.mellifera,1
CH,3,R4,Rural.habitat.mosaic,Trifolium.repens,Apis.mellifera,1
CH,3,R4,Rural.habitat.mosaic,Trifolium.repens,Apis.mellifera,1
CH,3,R4,Rural.habitat.mosaic,Trifolium.repens,Apis.mellifera,1
CH,3,R4,Rural.habitat.mosaic,Trifolium.repens,Apis.mellifera,1
CH,3,R4,Rural.habitat.mosaic,Trifolium.repens,Apis.mellifera,1
CH,3,R4,Rural.habitat.mosaic,Trifolium.repens,Apis.mellifera,1
CH,3,R4,Rural.habitat.mosaic,Trifolium.repens,Apis.mellifera,1
CH,3,R4,Rural.habitat.mosaic,Trifolium.repens,Apis.mellifera,1
CH,3,R4,Rural.habitat.mosaic,Trifolium.repens,Apis.mellifera,1
CH,3,R4,Rural.habitat.mosaic,Trifolium.repens,Apis.mellifera,1
CH,3,R4,Rural.habitat.mosaic,Trifolium.repens,Apis.mellifera,1
CH,3,R4,Rural.habitat.mosaic,Trifolium.repens,Apis.mellifera,1
CH,3,R4,Rural.habitat.mosaic,Trifolium.repens,Apis.mellifera,1
CH,3,R4,Rural.habitat.mosaic,Trifolium.repens,Apis.mellifera,1
CH,3,R4,Rural.habitat.mosaic,Trifolium.repens,Apis.mellifera,1
CH,3,R4,Rural.habitat.mosaic,Trifolium.repens,Apis.mellifera,1
CH,3,R4,Rural.habitat.mosaic,Trifolium.repens,Apis.mellifera,1
CH,3,R4,Rural.habitat.mosaic,Trifolium.repens,Apis.mellifera,1
CH,3,R4,Rural.habitat.mosaic,Trifolium.repens,Apis.mellifera,1
CH,3,R4,Rural.habitat.mosaic,Trifolium.repens,Apis.mellifera,1
CH,3,R4,Rural.habitat.mosaic,Trifolium.repens,Apis.mellifera,1
CH,3,R4,Rural.habitat.mosaic,Trifolium.repens,Apis.mellifera,1
CH,3,R4,Rural.habitat.mosaic,Trifolium.repens,Apis.mellifera,1
CH,3,R4,Rural.habitat.mosaic,Trifolium.repens,Apis.mellifera,1
CH,3,R4,Rural.habitat.mosaic,Trifolium.repens,Apis.mellifera,1
CH,3,R4,Rural.habitat.mosaic,Trifolium.repens,Apis.mellifera,1
CH,3,R4,Rural.habitat.mosaic,Trifolium.repens,Apis.mellifera,1
CH,3,R4,Rural.habitat.mosaic,Trifolium.repens,Apis.mellifera,1
CH,3,R4,Rural.habitat.mosaic,Trifolium.repens,Apis.mellifera,1
CH,3,R4,Rural.habitat.mosaic,Trifolium.repens,Apis.mellifera,1
CH,3,R4,Rural.habitat.mosaic,Trifolium.repens,Apis.mellifera,1
CH,3,R4,Rural.habitat.mosaic,Trifolium.repens,Apis.mellifera,1
CH,3,R4,Rural.habitat.mosaic,Trifolium.repens,Apis.mellifera,1
CH,3,R4,Rural.habitat.mosaic,Trifolium.repens,Apis.mellifera,1
CH,3,R4,Rural.habitat.mosaic,Trifolium.repens,Apis.mellifera,1
CH,3,R4,Rural.habitat.mosaic,Trifolium.repens,Apis.mellifera,1
CH,3,R4,Rural.habitat.mosaic,Trifolium.repens,Apis.mellifera,1
CH,3,R4,Rural.habitat.mosaic,Trifolium.repens,Apis.mellifera,1
CH,3,R4,Rural.habitat.mosaic,Trifolium.repens,Apis.mellifera,1
CH,3,R4,Rural.habitat.mosaic,Trifolium.repens,Apis.mellifera,1
CH,3,R4,Rural.habitat.mosaic,Trifolium.repens,Apis.mellifera,1
CH,3,R4,Rural.habitat.mosaic,Trifolium.repens,Apis.mellifera,1
CH,3,R4,Rural.habitat.mosaic,Trifolium.repens,Apis.mellifera,1
CH,3,R4,Rural.habitat.mosaic,Trifolium.repens,Apis.mellifera,1
CH,3,R4,Rural.habitat.mosaic,Trifolium.repens,Apis.mellifera,1
CH,3,R4,Rural.habitat.mosaic,Trifolium.repens,Apis.mellifera,1
CH,3,R4,Rural.habitat.mosaic,Trifolium.repens,Bombus.sp,1
CH,3,R4,Rural.habitat.mosaic,Trifolium.repens,Apis.mellifera,1
CH,3,R4,Rural.habitat.mosaic,Trifolium.repens,Apis.mellifera,1
CH,3,R4,Rural.habitat.mosaic,Trifolium.repens,Apis.mellifera,1
CH,3,R4,Rural.habitat.mosaic,Trifolium.repens,Apis.mellifera,1
CH,3,R4,Rural.habitat.mosaic,Trifolium.repens,Apis.mellifera,1
CH,3,R4,Rural.habitat.mosaic,Trifolium.repens,Apis.mellifera,1
CH,3,R4,Rural.habitat.mosaic,Trifolium.repens,Apis.mellifera,1
CH,3,R4,Rural.habitat.mosaic,Trifolium.repens,Apis.mellifera,1
CH,3,R4,Rural.habitat.mosaic,Trifolium.repens,Apis.mellifera,1
CH,3,R4,Rural.habitat.mosaic,Trifolium.repens,Apis.mellifera,1
CH,3,R4,Rural.habitat.mosaic,Trifolium.repens,Apis.mellifera,1
CH,3,R4,Rural.habitat.mosaic,Trifolium.repens,Apis.mellifera,1
CH,3,R4,Rural.habitat.mosaic,Trifolium.repens,Apis.mellifera,1
CH,3,R4,Rural.habitat.mosaic,Trifolium.repens,Apis.mellifera,1
CH,3,R4,Rural.habitat.mosaic,Trifolium.repens,Apis.mellifera,1
CH,3,R4,Rural.habitat.mosaic,Trifolium.repens,Apis.mellifera,1
CH,3,R4,Rural.habitat.mosaic,Trifolium.repens,Apis.mellifera,1
CH,3,R4,Rural.habitat.mosaic,Trifolium.repens,Apis.mellifera,1
CH,3,R4,Rural.habitat.mosaic,Trifolium.repens,Apis.mellifera,1
CH,3,R4,Rural.habitat.mosaic,Trifolium.repens,Apis.mellifera,1
CH,3,R4,Rural.habitat.mosaic,Trifolium.repens,Apis.mellifera,1
CH,3,R4,Rural.habitat.mosaic,Trifolium.repens,Apis.mellifera,1
CH,3,R4,Rural.habitat.mosaic,Trifolium.repens,Apis.mellifera,1
CH,3,R4,Rural.habitat.mosaic,Trifolium.repens,Apis.mellifera,1
CH,3,R4,Rural.habitat.mosaic,Trifolium.repens,Apis.mellifera,1
CH,3,R4,Rural.habitat.mosaic,Trifolium.repens,Apis.mellifera,1
CH,3,R4,Rural.habitat.mosaic,Trifolium.repens,Apis.mellifera,1
CH,3,R4,Rural.habitat.mosaic,Trifolium.repens,Apis.mellifera,1
CH,3,R4,Rural.habitat.mosaic,Trifolium.repens,Apis.mellifera,1
CH,3,R4,Rural.habitat.mosaic,Trifolium.repens,Apis.mellifera,1
CH,3,R4,Rural.habitat.mosaic,Trifolium.repens,Apis.mellifera,1
CH,3,R4,Rural.habitat.mosaic,Trifolium.repens,Apis.mellifera,1
CH,3,R4,Rural.habitat.mosaic,Trifolium.repens,Apis.mellifera,1
CH,3,R4,Rural.habitat.mosaic,Trifolium.repens,Apis.mellifera,1
CH,3,R4,Rural.habitat.mosaic,Trifolium.repens,Apis.mellifera,1
CH,3,R4,Rural.habitat.mosaic,Trifolium.repens,Apis.mellifera,1
CH,3,R4,Rural.habitat.mosaic,Trifolium.repens,Apis.mellifera,1
CH,3,R4,Rural.habitat.mosaic,Trifolium.repens,Apis.mellifera,1
CH,3,R4,Rural.habitat.mosaic,Trifolium.repens,Apis.mellifera,1
CH,3,R4,Rural.habitat.mosaic,Trifolium.repens,Apis.mellifera,1
CH,3,R4,Rural.habitat.mosaic,Trifolium.repens,Apis.mellifera,1
CH,3,R4,Rural.habitat.mosaic,Trifolium.repens,Apis.mellifera,1
CH,3,R4,Rural.habitat.mosaic,Trifolium.repens,Apis.mellifera,1
CH,3,R4,Rural.habitat.mosaic,Trifolium.repens,Apis.mellifera,1
CH,3,R4,Rural.habitat.mosaic,Trifolium.repens,Apis.mellifera,1
CH,3,R4,Rural.habitat.mosaic,Trifolium.repens,Apis.mellifera,1
CH,3,R4,Rural.habitat.mosaic,Trifolium.repens,Apis.mellifera,1
CH,3,R4,Rural.habitat.mosaic,Trifolium.repens,Apis.mellifera,1
CH,3,R4,Rural.habitat.mosaic,Trifolium.repens,Apis.mellifera,1
CH,3,R4,Rural.habitat.mosaic,Trifolium.repens,Apis.mellifera,1
CH,3,R4,Rural.habitat.mosaic,Plantago.lanceolata,Melanostoma.sp,1
CH,3,R4,Rural.habitat.mosaic,Plantago.lanceolata,Melanostoma.mellinum,1
CH,3,R4,Rural.habitat.mosaic,Plantago.lanceolata,Melanostoma.sp,1
CH,3,R4,Rural.habitat.mosaic,Plantago.lanceolata,Melanostoma.scalare,1
CH,3,R4,Rural.habitat.mosaic,Plantago.lanceolata,Melanostoma.mellinum,1
CH,3,R4,Rural.habitat.mosaic,Plantago.lanceolata,Melanostoma.sp,1
CH,3,R4,Rural.habitat.mosaic,Plantago.lanceolata,Melanostoma.sp,1
CH,3,R4,Rural.habitat.mosaic,,Lasioglossum.malachurum,0
CH,3,R4,Rural.habitat.mosaic,Plantago.lanceolata,Syrphidae.sp,1
CH,3,R4,Rural.habitat.mosaic,Plantago.lanceolata,Syrphidae.sp,1
CH,3,R4,Rural.habitat.mosaic,Hypochaeris.radicata,Syrphus.ribesii,1
CH,3,R4,Rural.habitat.mosaic,Crepis.biennis,Andrena.fulvago,1
CH,3,R4,Rural.habitat.mosaic,Crepis.biennis,Lasioglossum.villosulum,1
CH,3,R4,Rural.habitat.mosaic,Picris.hieracioides,Lasioglossum.leucozonium,1
CH,3,R4,Rural.habitat.mosaic,Crepis.biennis,Lasioglossum.pauxillum,1
CH,3,R4,Rural.habitat.mosaic,Malva.sylvestris,Apis.mellifera,1
CH,3,R4,Rural.habitat.mosaic,Malva.sylvestris,Apis.mellifera,1
CH,3,R4,Rural.habitat.mosaic,,Lasioglossum.malachurum,0
CH,3,R4,Rural.habitat.mosaic,Torilis.japonica,Andrena.dorsata,1
CH,3,R4,Rural.habitat.mosaic,Trifolium.repens,Bombus.pascuorum,1
CH,3,R4,Rural.habitat.mosaic,Torilis.japonica,Andrena.minutula,1
CH,3,R4,Rural.habitat.mosaic,Trifolium.repens,Bombus.lapidarius,1
CH,3,R4,Rural.habitat.mosaic,Torilis.japonica,Hylaeus.communis,1
CH,3,R4,Rural.habitat.mosaic,Torilis.japonica,Nomada.flavoguttata,1
CH,3,R4,Rural.habitat.mosaic,Torilis.japonica,Syrphidae.sp,1
CH,3,R4,Rural.habitat.mosaic,,Lasioglossum.malachurum,0
CH,1,A4,Intensive.agriculture,,Lasioglossum.malachurum,0
CH,1,A4,Intensive.agriculture,,Lasioglossum.malachurum,0
CH,1,A4,Intensive.agriculture,,Lasioglossum.malachurum,0
FR,2,V02,Intensive.agriculture,Vicia.faba,Bombus.terrestris.aggr,1
FR,2,V02,Intensive.agriculture,Vicia.faba,Bombus.terrestris.aggr,1
FR,2,V02,Intensive.agriculture,Vicia.faba,Eucera.nigrescens,1
FR,2,V02,Intensive.agriculture,Vicia.faba,Eucera.nigrescens,1
FR,2,V02,Intensive.agriculture,Vicia.faba,Bombus.terrestris.aggr,1
FR,2,V02,Intensive.agriculture,Brassica.napus,Sphaerophoria.scripta,1
FR,2,V02,Intensive.agriculture,Vicia.faba,Bombus.terrestris.aggr,1
FR,2,V02,Intensive.agriculture,Vicia.faba,Anthophora.plumipes,1
FR,2,V02,Intensive.agriculture,Vicia.faba,Apis.mellifera,1
FR,2,V02,Intensive.agriculture,Vicia.faba,Apis.mellifera,1
FR,2,V02,Intensive.agriculture,Brassica.napus,Andrena.distinguenda,1
FR,2,V03,Rural.habitat.mosaic,Fragaria.sp,Andrena.subopaca,1
FR,2,V03,Rural.habitat.mosaic,Fragaria.sp,Nomada.succincta,1
FR,2,V03,Rural.habitat.mosaic,Fragaria.sp,Nomada.flavoguttata,1
FR,2,V03,Rural.habitat.mosaic,Vicia.sepium,Eucera.nigrescens,1
FR,2,V03,Rural.habitat.mosaic,Vicia.sepium,Eucera.nigrescens,1
FR,2,V03,Rural.habitat.mosaic,Vicia.sepium,Eucera.nigrescens,1
FR,2,V03,Rural.habitat.mosaic,Vicia.sepium,Eucera.nigrescens,1
FR,2,V03,Rural.habitat.mosaic,Vicia.sepium,Eucera.nigrescens,1
FR,2,V03,Rural.habitat.mosaic,Veronica.chamaedrys,Nomada.flavoguttata,1
FR,2,V03,Rural.habitat.mosaic,Pisum.sativum,Bombus.terrestris.aggr,1
FR,2,V03,Rural.habitat.mosaic,Pisum.sativum,Bombus.terrestris.aggr,1
FR,2,V03,Rural.habitat.mosaic,Pisum.sativum,Bombus.terrestris.aggr,1
FR,2,V03,Rural.habitat.mosaic,Pisum.sativum,Andrena.lathyri,1
FR,2,V03,Rural.habitat.mosaic,Pisum.sativum,Bombus.terrestris.aggr,1
FR,2,V03,Rural.habitat.mosaic,Pisum.sativum,Bombus.terrestris.aggr,1
FR,2,V03,Rural.habitat.mosaic,Trifolium.repens,Nomada.sexfasciata,1
FR,2,V03,Rural.habitat.mosaic,Trifolium.repens,Eucera.nigrescens,1
FR,2,V03,Rural.habitat.mosaic,Pisum.sativum,Bombus.terrestris.aggr,1
FR,2,V03,Rural.habitat.mosaic,Pisum.sativum,Eucera.nigrescens,1
FR,2,V03,Rural.habitat.mosaic,Pisum.sativum,Bombus.terrestris.aggr,1
FR,2,V03,Rural.habitat.mosaic,Trifolium.repens,Eucera.nigrescens,1
FR,2,V03,Rural.habitat.mosaic,Trifolium.repens,Eucera.nigrescens,1
FR,2,V03,Rural.habitat.mosaic,Trifolium.repens,Andrena.ovatula,1
FR,2,V03,Rural.habitat.mosaic,Ranunculus.sp,Chelostoma.florisomne,1
FR,2,V03,Rural.habitat.mosaic,Pisum.sativum,Eucera.nigrescens,1
FR,2,V03,Rural.habitat.mosaic,Pisum.sativum,Bombus.terrestris.aggr,1
FR,2,V03,Rural.habitat.mosaic,Pisum.sativum,Eucera.nigrescens,1
FR,2,V03,Rural.habitat.mosaic,Pisum.sativum,Eucera.nigrescens,1
FR,2,V03,Rural.habitat.mosaic,Veronica.chamaedrys,Andrena.fulvata,1
FR,2,V03,Rural.habitat.mosaic,Veronica.chamaedrys,Andrena.subopaca,1
FR,2,V03,Rural.habitat.mosaic,Vicia.sepium,Eucera.nigrescens,1
FR,2,V03,Rural.habitat.mosaic,Vicia.sepium,Eucera.nigrescens,1
FR,2,V03,Rural.habitat.mosaic,Vicia.sepium,Bombus.pascuorum,1
FR,2,V03,Rural.habitat.mosaic,Vicia.sepium,Eucera.nigrescens,1
FR,2,V08,Rural.habitat.mosaic,Barbarea.sp,Andrena.minutula,1
FR,2,V08,Rural.habitat.mosaic,Barbarea.sp,Episyrphus.balteatus,1
FR,2,V08,Rural.habitat.mosaic,Barbarea.sp,Nomada.flava,1
FR,2,V08,Rural.habitat.mosaic,Barbarea.sp,Episyrphus.balteatus,1
FR,2,V08,Rural.habitat.mosaic,Barbarea.sp,Episyrphus.balteatus,1
FR,2,V08,Rural.habitat.mosaic,Barbarea.sp,Apis.mellifera,1
FR,2,V08,Rural.habitat.mosaic,Barbarea.sp,Apis.mellifera,1
FR,2,V08,Rural.habitat.mosaic,Barbarea.sp,Helophilus.pendulus,1
FR,2,V08,Rural.habitat.mosaic,Anthriscus.sylvestris,Volucella.bombylans,1
FR,2,V08,Rural.habitat.mosaic,Anthriscus.sylvestris,Andrena.proxima,1
FR,2,V08,Rural.habitat.mosaic,Bellis.perennis,Lasioglossum.villosulum,1
FR,2,V08,Rural.habitat.mosaic,Ranunculus.repens,Episyrphus.balteatus,1
FR,2,V08,Rural.habitat.mosaic,Anthriscus.sylvestris,Platycheirus.scutatus.s.l.,1
FR,2,V08,Rural.habitat.mosaic,Anthriscus.sylvestris,Epistrophe.diaphana,1
FR,2,V08,Rural.habitat.mosaic,Euphorbia.sp,Lasioglossum.politum,1
FR,2,V08,Rural.habitat.mosaic,Euphorbia.sp,Sphaerophoria.scripta,1
FR,2,V08,Rural.habitat.mosaic,Euphorbia.sp,Lasioglossum.glabriusculum,1
FR,2,V08,Rural.habitat.mosaic,Euphorbia.sp,Lasioglossum.glabriusculum,1
FR,2,V08,Rural.habitat.mosaic,Euphorbia.sp,Lasioglossum.glabriusculum,1
FR,2,V08,Rural.habitat.mosaic,Euphorbia.sp,Lasioglossum.glabriusculum,1
FR,2,V08,Rural.habitat.mosaic,Euphorbia.sp,Lasioglossum.leucozonium,1
FR,2,V08,Rural.habitat.mosaic,Euphorbia.sp,Lasioglossum.glabriusculum,1
FR,2,V08,Rural.habitat.mosaic,Ranunculus.sp,Lasioglossum.sexnotatum,1
FR,2,V08,Rural.habitat.mosaic,Ranunculus.sp,Halictus.simplex.aggr,1
FR,2,V08,Rural.habitat.mosaic,Ranunculus.sp,Episyrphus.balteatus,1
FR,2,V08,Rural.habitat.mosaic,Ranunculus.sp,Lasioglossum.pauxillum,1
FR,2,V08,Rural.habitat.mosaic,Ranunculus.sp,Lasioglossum.villosulum,1
FR,2,V08,Rural.habitat.mosaic,Ranunculus.sp,Andrena.subopaca,1
FR,2,V08,Rural.habitat.mosaic,Ranunculus.sp,Lasioglossum.villosulum,1
FR,2,V08,Rural.habitat.mosaic,Barbarea.sp,Cheilosia.albitarsus,1
FR,2,V08,Rural.habitat.mosaic,Ajuga.reptans,Eucera.nigrescens,1
FR,2,V08,Rural.habitat.mosaic,Ajuga.reptans,Bombus.pascuorum,1
FR,2,V08,Rural.habitat.mosaic,Vicia.sp,Bombus.pascuorum,1
FR,2,V08,Rural.habitat.mosaic,Lamiaceae.sp,Bombus.pratorum,1
FR,2,V08,Rural.habitat.mosaic,Taraxacum.sp,Nomada.fabriciana,1
FR,2,V08,Rural.habitat.mosaic,Taraxacum.sp,Lasioglossum.villosulum,1
FR,2,V08,Rural.habitat.mosaic,Vicia.sp,Eucera.nigrescens,1
FR,2,V08,Rural.habitat.mosaic,Vicia.sp,Bombus.pascuorum,1
FR,2,V08,Rural.habitat.mosaic,Vicia.sp,Bombus.pascuorum,1
FR,2,V08,Rural.habitat.mosaic,Euphorbia.sp,Andrena.simontornyella,1
FR,2,V08,Rural.habitat.mosaic,Veronica.sp,Chrysotoxum.cautum,1
FR,2,V08,Rural.habitat.mosaic,Veronica.sp,Xanthogramma.laetum,1
FR,2,V08,Rural.habitat.mosaic,Ranunculus.sp,Pipizella.sp,1
FR,2,V08,Rural.habitat.mosaic,Ranunculus.sp,Halictus.simplex.aggr,1
FR,2,V08,Rural.habitat.mosaic,Ranunculus.sp,Lasioglossum.pauxillum,1
FR,2,V08,Rural.habitat.mosaic,Ranunculus.sp,Lasioglossum.pauxillum,1
FR,2,V08,Rural.habitat.mosaic,Ranunculus.sp,Halictus.tumulorum,1
FR,2,V08,Rural.habitat.mosaic,Ranunculus.sp,Nomada.fabriciana,1
FR,2,V08,Rural.habitat.mosaic,Ranunculus.sp,Cheilosia.albitarsus,1
FR,2,V08,Rural.habitat.mosaic,Ranunculus.sp,Episyrphus.balteatus,1
FR,2,V08,Rural.habitat.mosaic,Ranunculus.sp,Episyrphus.balteatus,1
FR,2,V08,Rural.habitat.mosaic,Ranunculus.sp,Cheilosia.albitarsus,1
FR,2,V08,Rural.habitat.mosaic,Ranunculus.sp,Eupeodes.corollae,1
FR,2,V09,Intensive.agriculture,Sinapis.sp,Eristalis.pertinax,1
FR,2,V09,Intensive.agriculture,Sinapis.sp,Andrena.flavipes,1
FR,2,V09,Intensive.agriculture,Sinapis.sp,Andrena.subopaca,1
FR,2,V09,Intensive.agriculture,Sinapis.sp,Halictus.simplex.aggr,1
FR,2,V09,Intensive.agriculture,Sinapis.sp,Andrena.nitida,1
FR,2,V09,Intensive.agriculture,Sinapis.sp,Eristalis.pertinax,1
FR,2,V09,Intensive.agriculture,Sinapis.sp,Eristalis.pertinax,1
FR,2,V09,Intensive.agriculture,Sinapis.sp,Andrena.nitida,1
FR,2,V09,Intensive.agriculture,Sinapis.sp,Andrena.flavipes,1
FR,2,V09,Intensive.agriculture,Sinapis.sp,Andrena.scotica,1
FR,2,V09,Intensive.agriculture,Sinapis.sp,Andrena.subopaca,1
FR,2,V09,Intensive.agriculture,Sinapis.sp,Andrena.flavipes,1
FR,2,V09,Intensive.agriculture,Sinapis.sp,Apis.mellifera,1
FR,2,V09,Intensive.agriculture,Sinapis.sp,Scaeva.pyrastri,1
FR,2,V09,Intensive.agriculture,Sinapis.sp,Apis.mellifera,1
FR,2,V09,Intensive.agriculture,Sinapis.sp,Eristalis.tenax,1
FR,2,V09,Intensive.agriculture,Sinapis.sp,Apis.mellifera,1
FR,2,V09,Intensive.agriculture,Sinapis.sp,Apis.mellifera,1
FR,2,V09,Intensive.agriculture,Sinapis.sp,Apis.mellifera,1
FR,2,V09,Intensive.agriculture,Sinapis.sp,Apis.mellifera,1
FR,2,V09,Intensive.agriculture,Sinapis.sp,Apis.mellifera,1
FR,2,V09,Intensive.agriculture,Sinapis.sp,Episyrphus.balteatus,1
FR,2,V09,Intensive.agriculture,Sinapis.sp,Andrena.flavipes,1
FR,2,V09,Intensive.agriculture,Sinapis.sp,Apis.mellifera,1
FR,2,V09,Intensive.agriculture,Sinapis.sp,Apis.mellifera,1
FR,2,V09,Intensive.agriculture,Sinapis.sp,Apis.mellifera,1
FR,2,V09,Intensive.agriculture,Sinapis.sp,Andrena.scotica,1
FR,2,V09,Intensive.agriculture,Sinapis.sp,Andrena.flavipes,1
FR,2,V09,Intensive.agriculture,Sinapis.sp,Apis.mellifera,1
FR,2,V09,Intensive.agriculture,Sinapis.sp,Apis.mellifera,1
FR,2,V09,Intensive.agriculture,Sinapis.sp,Andrena.nitida,1
FR,2,V09,Intensive.agriculture,Sinapis.sp,Apis.mellifera,1
FR,2,V09,Intensive.agriculture,Sinapis.sp,Apis.mellifera,1
FR,2,V09,Intensive.agriculture,Sinapis.sp,Apis.mellifera,1
FR,2,V09,Intensive.agriculture,Sinapis.sp,Apis.mellifera,1
FR,2,V09,Intensive.agriculture,Sinapis.sp,Apis.mellifera,1
FR,2,V09,Intensive.agriculture,Sinapis.sp,Sphecodes.reticulatus,1
FR,2,V09,Intensive.agriculture,Sinapis.sp,Andrena.flavipes,1
FR,2,V09,Intensive.agriculture,Sinapis.sp,Andrena.flavipes,1
FR,2,V09,Intensive.agriculture,Sinapis.sp,Apis.mellifera,1
FR,2,V09,Intensive.agriculture,Sinapis.sp,Apis.mellifera,1
FR,2,V09,Intensive.agriculture,Sinapis.sp,Andrena.nigroaenea,1
FR,2,V09,Intensive.agriculture,Sinapis.sp,Apis.mellifera,1
FR,2,V09,Intensive.agriculture,Sinapis.sp,Apis.mellifera,1
FR,2,V09,Intensive.agriculture,Sinapis.sp,Apis.mellifera,1
FR,2,V09,Intensive.agriculture,Sinapis.sp,Apis.mellifera,1
FR,2,V09,Intensive.agriculture,Sinapis.sp,Eupeodes.corollae,1
FR,2,V09,Intensive.agriculture,Sinapis.sp,Andrena.scotica,1
FR,2,V09,Intensive.agriculture,Sinapis.sp,Apis.mellifera,1
FR,2,V09,Intensive.agriculture,Sinapis.sp,Apis.mellifera,1
FR,2,V09,Intensive.agriculture,Sinapis.sp,Apis.mellifera,1
FR,2,V09,Intensive.agriculture,Sinapis.sp,Apis.mellifera,1
FR,2,V09,Intensive.agriculture,Sinapis.sp,Apis.mellifera,1
FR,2,V09,Intensive.agriculture,Sinapis.sp,Andrena.cineraria,1
FR,2,V09,Intensive.agriculture,Sinapis.sp,Apis.mellifera,1
FR,2,V09,Intensive.agriculture,Sinapis.sp,Apis.mellifera,1
FR,2,V09,Intensive.agriculture,Sinapis.sp,Apis.mellifera,1
FR,2,V09,Intensive.agriculture,Sinapis.sp,Andrena.flavipes,1
FR,2,V09,Intensive.agriculture,Sinapis.sp,Apis.mellifera,1
FR,2,V09,Intensive.agriculture,Sinapis.sp,Apis.mellifera,1
FR,2,V09,Intensive.agriculture,Sinapis.sp,Andrena.scotica,1
FR,2,V09,Intensive.agriculture,Sinapis.sp,Apis.mellifera,1
FR,2,V09,Intensive.agriculture,Sinapis.sp,Halictus.scabiosae,1
FR,2,V09,Intensive.agriculture,Sinapis.sp,Andrena.scotica,1
FR,2,V09,Intensive.agriculture,Sinapis.sp,Apis.mellifera,1
FR,2,V09,Intensive.agriculture,Sinapis.sp,Andrena.scotica,1
FR,2,V09,Intensive.agriculture,Sinapis.sp,Apis.mellifera,1
FR,2,V09,Intensive.agriculture,Sinapis.sp,Apis.mellifera,1
FR,2,V09,Intensive.agriculture,Sinapis.sp,Apis.mellifera,1
FR,2,V09,Intensive.agriculture,Sinapis.sp,Apis.mellifera,1
FR,2,V09,Intensive.agriculture,Sinapis.sp,Apis.mellifera,1
FR,2,V09,Intensive.agriculture,Sinapis.sp,Apis.mellifera,1
FR,2,V09,Intensive.agriculture,Sinapis.sp,Andrena.flavipes,1
FR,2,V09,Intensive.agriculture,Sinapis.sp,Andrena.flavipes,1
FR,2,V09,Intensive.agriculture,Sinapis.sp,Apis.mellifera,1
FR,2,V09,Intensive.agriculture,Sinapis.sp,Apis.mellifera,1
FR,2,V09,Intensive.agriculture,Sinapis.sp,Apis.mellifera,1
FR,2,V09,Intensive.agriculture,Sinapis.sp,Apis.mellifera,1
FR,2,V09,Intensive.agriculture,Sinapis.sp,Andrena.scotica,1
FR,2,V09,Intensive.agriculture,Sinapis.sp,Apis.mellifera,1
FR,2,V09,Intensive.agriculture,Sinapis.sp,Andrena.scotica,1
FR,2,V09,Intensive.agriculture,Sinapis.sp,Apis.mellifera,1
FR,2,V09,Intensive.agriculture,Sinapis.sp,Apis.mellifera,1
FR,2,V09,Intensive.agriculture,Sinapis.sp,Andrena.nigroaenea,1
FR,2,V09,Intensive.agriculture,Sinapis.sp,Apis.mellifera,1
FR,2,V09,Intensive.agriculture,Sinapis.sp,Apis.mellifera,1
FR,2,V09,Intensive.agriculture,Sinapis.sp,Apis.mellifera,1
FR,2,V09,Intensive.agriculture,Sinapis.sp,Apis.mellifera,1
FR,2,V09,Intensive.agriculture,Sinapis.sp,Andrena.scotica,1
FR,2,V09,Intensive.agriculture,Sinapis.sp,Apis.mellifera,1
FR,2,V09,Intensive.agriculture,Sinapis.sp,Apis.mellifera,1
FR,2,V09,Intensive.agriculture,Sinapis.sp,Andrena.nigroaenea,1
FR,2,V09,Intensive.agriculture,Matricaria.chamomilla,Andrena.flavipes,1
FR,2,V09,Intensive.agriculture,Sinapis.sp,Apis.mellifera,1
FR,2,V09,Intensive.agriculture,Sinapis.sp,Apis.mellifera,1
FR,2,V09,Intensive.agriculture,Sinapis.sp,Halictus.maculatus,1
FR,2,V09,Intensive.agriculture,Sinapis.sp,Apis.mellifera,1
FR,2,V09,Intensive.agriculture,Sinapis.sp,Apis.mellifera,1
FR,2,V09,Intensive.agriculture,Sinapis.sp,Apis.mellifera,1
FR,2,V09,Intensive.agriculture,Sinapis.sp,Apis.mellifera,1
FR,2,V09,Intensive.agriculture,Sinapis.sp,Apis.mellifera,1
FR,2,V09,Intensive.agriculture,Sinapis.sp,Apis.mellifera,1
FR,2,V09,Intensive.agriculture,Sinapis.sp,Apis.mellifera,1
FR,2,V09,Intensive.agriculture,Sinapis.sp,Apis.mellifera,1
FR,2,V09,Intensive.agriculture,Sinapis.sp,Apis.mellifera,1
FR,2,V09,Intensive.agriculture,Sinapis.sp,Apis.mellifera,1
FR,2,V09,Intensive.agriculture,Sinapis.sp,Apis.mellifera,1
FR,2,V09,Intensive.agriculture,Sinapis.sp,Andrena.flavipes,1
FR,2,V09,Intensive.agriculture,Sinapis.sp,Andrena.nigroaenea,1
FR,2,V09,Intensive.agriculture,Sinapis.sp,Apis.mellifera,1
FR,2,V09,Intensive.agriculture,Sinapis.sp,Apis.mellifera,1
FR,2,V09,Intensive.agriculture,Sinapis.sp,Andrena.flavipes,1
FR,2,V09,Intensive.agriculture,Sinapis.sp,Andrena.flavipes,1
FR,2,V09,Intensive.agriculture,Sinapis.sp,Apis.mellifera,1
FR,2,V09,Intensive.agriculture,Sinapis.sp,Apis.mellifera,1
FR,2,V09,Intensive.agriculture,Sinapis.sp,Apis.mellifera,1
FR,2,V09,Intensive.agriculture,Sinapis.sp,Andrena.cineraria,1
FR,2,V09,Intensive.agriculture,Sinapis.sp,Apis.mellifera,1
FR,2,V09,Intensive.agriculture,Sinapis.sp,Apis.mellifera,1
FR,2,V09,Intensive.agriculture,Sinapis.sp,Apis.mellifera,1
FR,2,V09,Intensive.agriculture,Sinapis.sp,Apis.mellifera,1
FR,2,V09,Intensive.agriculture,Sinapis.sp,Apis.mellifera,1
FR,2,V09,Intensive.agriculture,Sinapis.sp,Apis.mellifera,1
FR,2,V09,Intensive.agriculture,Sinapis.sp,Apis.mellifera,1
FR,2,V09,Intensive.agriculture,Sinapis.sp,Apis.mellifera,1
FR,2,V09,Intensive.agriculture,Sinapis.sp,Apis.mellifera,1
FR,2,V09,Intensive.agriculture,Sinapis.sp,Apis.mellifera,1
FR,2,V09,Intensive.agriculture,Sinapis.sp,Apis.mellifera,1
FR,2,V09,Intensive.agriculture,Sinapis.sp,Apis.mellifera,1
FR,2,V09,Intensive.agriculture,Sinapis.sp,Apis.mellifera,1
FR,2,V09,Intensive.agriculture,Sinapis.sp,Apis.mellifera,1
FR,2,V09,Intensive.agriculture,Sinapis.sp,Andrena.flavipes,1
FR,2,V09,Intensive.agriculture,Sinapis.sp,Apis.mellifera,1
FR,2,V09,Intensive.agriculture,Sinapis.sp,Apis.mellifera,1
FR,2,V09,Intensive.agriculture,Sinapis.sp,Apis.mellifera,1
FR,2,V09,Intensive.agriculture,Sinapis.sp,Apis.mellifera,1
FR,2,V09,Intensive.agriculture,Sinapis.sp,Apis.mellifera,1
FR,2,V09,Intensive.agriculture,Sinapis.sp,Apis.mellifera,1
FR,2,V09,Intensive.agriculture,Sinapis.sp,Andrena.scotica,1
FR,2,V09,Intensive.agriculture,Sinapis.sp,Apis.mellifera,1
FR,2,V09,Intensive.agriculture,Sinapis.sp,Apis.mellifera,1
FR,2,V09,Intensive.agriculture,Sinapis.sp,Apis.mellifera,1
FR,2,V09,Intensive.agriculture,Sinapis.sp,Apis.mellifera,1
FR,2,V09,Intensive.agriculture,Sinapis.sp,Apis.mellifera,1
FR,2,V09,Intensive.agriculture,Sinapis.sp,Apis.mellifera,1
FR,2,V09,Intensive.agriculture,Sinapis.sp,Apis.mellifera,1
FR,2,V09,Intensive.agriculture,Sinapis.sp,Apis.mellifera,1
FR,2,V09,Intensive.agriculture,Sinapis.sp,Apis.mellifera,1
FR,2,V09,Intensive.agriculture,Sinapis.sp,Andrena.haemorrhoa,1
FR,2,V09,Intensive.agriculture,Sinapis.sp,Andrena.flavipes,1
FR,2,V09,Intensive.agriculture,Sinapis.sp,Apis.mellifera,1
FR,2,V09,Intensive.agriculture,Sinapis.sp,Apis.mellifera,1
FR,2,V09,Intensive.agriculture,Sinapis.sp,Apis.mellifera,1
FR,2,V09,Intensive.agriculture,Sinapis.sp,Apis.mellifera,1
FR,2,V09,Intensive.agriculture,Sinapis.sp,Apis.mellifera,1
FR,2,V09,Intensive.agriculture,Sinapis.sp,Apis.mellifera,1
FR,2,V09,Intensive.agriculture,Sinapis.sp,Andrena.gravida,1
FR,2,V09,Intensive.agriculture,Sinapis.sp,Andrena.flavipes,1
FR,2,V09,Intensive.agriculture,Sinapis.sp,Andrena.haemorrhoa,1
FR,2,V09,Intensive.agriculture,Sinapis.sp,Apis.mellifera,1
FR,2,V09,Intensive.agriculture,Sinapis.sp,Apis.mellifera,1
FR,2,V09,Intensive.agriculture,Sinapis.sp,Apis.mellifera,1
FR,2,V09,Intensive.agriculture,Sinapis.sp,Apis.mellifera,1
FR,2,V09,Intensive.agriculture,Sinapis.sp,Apis.mellifera,1
FR,2,V09,Intensive.agriculture,Sinapis.sp,Apis.mellifera,1
FR,2,V09,Intensive.agriculture,Sinapis.sp,Apis.mellifera,1
FR,2,V09,Intensive.agriculture,Sinapis.sp,Andrena.scotica,1
FR,2,V09,Intensive.agriculture,Sinapis.sp,Apis.mellifera,1
FR,2,V09,Intensive.agriculture,Sinapis.sp,Apis.mellifera,1
FR,2,V09,Intensive.agriculture,Sinapis.sp,Apis.mellifera,1
FR,2,V09,Intensive.agriculture,Sinapis.sp,Andrena.dorsata,1
FR,2,V09,Intensive.agriculture,Sinapis.sp,Apis.mellifera,1
FR,2,V09,Intensive.agriculture,Sinapis.sp,Apis.mellifera,1
FR,2,V09,Intensive.agriculture,Sinapis.sp,Apis.mellifera,1
FR,2,V09,Intensive.agriculture,Trifolium.repens,Andrena.ovatula,1
FR,2,V09,Intensive.agriculture,Trifolium.repens,Apis.mellifera,1
FR,2,V09,Intensive.agriculture,Trifolium.repens,Apis.mellifera,1
FR,2,V09,Intensive.agriculture,Trifolium.repens,Apis.mellifera,1
FR,2,V09,Intensive.agriculture,Trifolium.repens,Apis.mellifera,1
FR,2,V09,Intensive.agriculture,Trifolium.repens,Apis.mellifera,1
FR,2,V09,Intensive.agriculture,Trifolium.repens,Apis.mellifera,1
FR,2,V09,Intensive.agriculture,Trifolium.repens,Apis.mellifera,1
FR,2,V09,Intensive.agriculture,Trifolium.repens,Apis.mellifera,1
FR,2,V09,Intensive.agriculture,Trifolium.repens,Bombus.vestalis,1
FR,2,V13,Rural.habitat.mosaic,Fragaria.sp,Chrysotoxum.cautum,1
FR,2,V13,Rural.habitat.mosaic,Fragaria.sp,Episyrphus.balteatus,1
FR,2,V13,Rural.habitat.mosaic,Cornus.sanguinea,Andrena.nitida,1
FR,2,V13,Rural.habitat.mosaic,Cornus.sanguinea,Andrena.nitida,1
FR,2,V13,Rural.habitat.mosaic,Rubus.sp,Andrena.subopaca,1
FR,2,V13,Rural.habitat.mosaic,Rosa.sp,Andrena.haemorrhoa,1
FR,2,V13,Rural.habitat.mosaic,Rosa.sp,Osmia.bicornis,1
FR,2,V13,Rural.habitat.mosaic,Rosa.sp,Andrena.scotica,1
FR,2,V13,Rural.habitat.mosaic,Rosa.sp,Andrena.scotica,1
FR,2,V13,Rural.habitat.mosaic,Rubus.sp,Bombus.pratorum,1
FR,2,V13,Rural.habitat.mosaic,Rosa.sp,Andrena.scotica,1
FR,2,V13,Rural.habitat.mosaic,Rosa.sp,Andrena.haemorrhoa,1
FR,2,V13,Rural.habitat.mosaic,Rosa.sp,Apis.mellifera,1
FR,2,V13,Rural.habitat.mosaic,Rosa.sp,Apis.mellifera,1
FR,2,V13,Rural.habitat.mosaic,Rosa.sp,Andrena.haemorrhoa,1
FR,2,V13,Rural.habitat.mosaic,Rosa.sp,Andrena.haemorrhoa,1
FR,2,V13,Rural.habitat.mosaic,Rosa.sp,Andrena.bimaculata,1
FR,2,V13,Rural.habitat.mosaic,Rosa.sp,Andrena.haemorrhoa,1
FR,2,V13,Rural.habitat.mosaic,Rosa.sp,Apis.mellifera,1
FR,2,V13,Rural.habitat.mosaic,Rosa.sp,Andrena.haemorrhoa,1
FR,2,V13,Rural.habitat.mosaic,Cirsium.palustre,Halictus.scabiosae,1
FR,2,V13,Rural.habitat.mosaic,Ranunculus.sp,Pipizella.sp,1
FR,2,V13,Rural.habitat.mosaic,Rosa.sp,Andrena.haemorrhoa,1
FR,2,V13,Rural.habitat.mosaic,Rosa.sp,Andrena.haemorrhoa,1
FR,2,V13,Rural.habitat.mosaic,Rosa.sp,Apis.mellifera,1
FR,2,V13,Rural.habitat.mosaic,Rosa.sp,Andrena.haemorrhoa,1
FR,2,V13,Rural.habitat.mosaic,Rosa.sp,Apis.mellifera,1
FR,2,V13,Rural.habitat.mosaic,Matricaria.chamomilla,Lasioglossum.malachurum,1
FR,2,V13,Rural.habitat.mosaic,Potentilla.reptans,Nomada.distinguenda,1
FR,2,V13,Rural.habitat.mosaic,Ranunculus.sp,Lejogaster.metallina,1
FR,2,V13,Rural.habitat.mosaic,Ranunculus.sp,Melanogaster.hirtella,1
FR,2,V15,Rural.habitat.mosaic,Sinapis.sp,Eristalis.tenax,1
FR,2,V15,Rural.habitat.mosaic,Sinapis.sp,Apis.mellifera,1
FR,2,V15,Rural.habitat.mosaic,Sinapis.sp,Apis.mellifera,1
FR,2,V15,Rural.habitat.mosaic,Sinapis.sp,Apis.mellifera,1
FR,2,V15,Rural.habitat.mosaic,Sinapis.sp,Apis.mellifera,1
FR,2,V15,Rural.habitat.mosaic,Sinapis.sp,Eupeodes.corollae,1
FR,2,V15,Rural.habitat.mosaic,Sinapis.sp,Lasioglossum.xanthopus,1
FR,2,V15,Rural.habitat.mosaic,Sinapis.sp,Andrena.haemorrhoa,1
FR,2,V15,Rural.habitat.mosaic,Sinapis.sp,Sphaerophoria.scripta,1
FR,2,V15,Rural.habitat.mosaic,Sinapis.sp,Sphaerophoria.scripta,1
FR,2,V15,Rural.habitat.mosaic,Sinapis.sp,Sphecodes.ephippius,1
FR,2,V15,Rural.habitat.mosaic,Sinapis.sp,Eupeodes.corollae,1
FR,2,V15,Rural.habitat.mosaic,Sinapis.sp,Sphaerophoria.scripta,1
FR,2,V15,Rural.habitat.mosaic,Sinapis.sp,Apis.mellifera,1
FR,2,V15,Rural.habitat.mosaic,Sinapis.sp,Apis.mellifera,1
FR,2,V15,Rural.habitat.mosaic,Sinapis.sp,Apis.mellifera,1
FR,2,V15,Rural.habitat.mosaic,Sinapis.sp,Apis.mellifera,1
FR,2,V15,Rural.habitat.mosaic,Sinapis.sp,Apis.mellifera,1
FR,2,V15,Rural.habitat.mosaic,Sinapis.sp,Apis.mellifera,1
FR,2,V15,Rural.habitat.mosaic,Sinapis.sp,Apis.mellifera,1
FR,2,V15,Rural.habitat.mosaic,Sinapis.sp,Apis.mellifera,1
FR,2,V15,Rural.habitat.mosaic,Sinapis.sp,Andrena.chrysosceles,1
FR,2,V15,Rural.habitat.mosaic,Sinapis.sp,Andrena.scotica,1
FR,2,V15,Rural.habitat.mosaic,Sinapis.sp,Apis.mellifera,1
FR,2,V15,Rural.habitat.mosaic,Sinapis.sp,Andrena.chrysosceles,1
FR,2,V15,Rural.habitat.mosaic,Sinapis.sp,Andrena.scotica,1
FR,2,V15,Rural.habitat.mosaic,Sinapis.sp,Sphaerophoria.scripta,1
FR,2,V15,Rural.habitat.mosaic,Sinapis.sp,Apis.mellifera,1
FR,2,V15,Rural.habitat.mosaic,Sinapis.sp,Apis.mellifera,1
FR,2,V15,Rural.habitat.mosaic,Sinapis.sp,Apis.mellifera,1
FR,2,V15,Rural.habitat.mosaic,Sinapis.sp,Apis.mellifera,1
FR,2,V15,Rural.habitat.mosaic,Sinapis.sp,Apis.mellifera,1
FR,2,V15,Rural.habitat.mosaic,Sinapis.sp,Apis.mellifera,1
FR,2,V15,Rural.habitat.mosaic,Sinapis.sp,Apis.mellifera,1
FR,2,V15,Rural.habitat.mosaic,Sinapis.sp,Apis.mellifera,1
FR,2,V15,Rural.habitat.mosaic,Sinapis.sp,Apis.mellifera,1
FR,2,V15,Rural.habitat.mosaic,Sinapis.sp,Apis.mellifera,1
FR,2,V15,Rural.habitat.mosaic,Trifolium.repens,Bombus.pascuorum,1
FR,2,V15,Rural.habitat.mosaic,Ranunculus.sp,Chelostoma.florisomne,1
FR,2,V15,Rural.habitat.mosaic,Trifolium.repens,Andrena.lathyri,1
FR,2,V15,Rural.habitat.mosaic,Trifolium.repens,Andrena.bimaculata,1
FR,2,V15,Rural.habitat.mosaic,Trifolium.repens,Bombus.terrestris.aggr,1
FR,2,V15,Rural.habitat.mosaic,Trifolium.repens,Bombus.pascuorum,1
FR,2,V15,Rural.habitat.mosaic,Trifolium.repens,Bombus.campestris,1
FR,2,V15,Rural.habitat.mosaic,Trifolium.repens,Bombus.pascuorum,1
FR,2,V15,Rural.habitat.mosaic,Trifolium.repens,Bombus.pascuorum,1
FR,2,V15,Rural.habitat.mosaic,Trifolium.repens,Bombus.campestris,1
FR,2,V15,Rural.habitat.mosaic,Trifolium.repens,Halictus.tumulorum,1
FR,2,V15,Rural.habitat.mosaic,Trifolium.repens,Bombus.campestris,1
FR,2,V15,Rural.habitat.mosaic,Trifolium.repens,Bombus.campestris,1
FR,2,V15,Rural.habitat.mosaic,Rosa.sp,Halictus.scabiosae,1
FR,2,V15,Rural.habitat.mosaic,Lamium.maculatum,Bombus.hortorum,1
FR,2,V16,Intensive.agriculture,Papaver.rhoeas,Lasioglossum.pauxillum,1
FR,2,V16,Intensive.agriculture,Geranium.dissectum,Lasioglossum.pauxillum,1
FR,2,V16,Intensive.agriculture,Papaver.rhoeas,Lasioglossum.pauxillum,1
FR,2,V16,Intensive.agriculture,Papaver.rhoeas,Lasioglossum.pauxillum,1
FR,2,V16,Intensive.agriculture,Papaver.rhoeas,Lasioglossum.pauxillum,1
FR,2,V16,Intensive.agriculture,Papaver.rhoeas,Lasioglossum.pauxillum,1
FR,2,V16,Intensive.agriculture,Sinapis.sp,Sphaerophoria.scripta,1
FR,2,V16,Intensive.agriculture,Taraxacum.sp,Lasioglossum.calceatum,1
FR,2,V16,Intensive.agriculture,Taraxacum.sp,Apis.mellifera,1
FR,2,V16,Intensive.agriculture,Silene.latifolia,Lasioglossum.pauxillum,1
FR,2,V16,Intensive.agriculture,Sinapis.sp,Lasioglossum.pauxillum,1
FR,2,V16,Intensive.agriculture,Crepis.sp,Lasioglossum.villosulum,1
FR,2,V16,Intensive.agriculture,Taraxacum.sp,Lasioglossum.laevigatum,1
FR,2,V16,Intensive.agriculture,Crepis.sp,Lasioglossum.villosulum,1
FR,2,V16,Intensive.agriculture,Crepis.sp,Lasioglossum.villosulum,1
FR,2,V16,Intensive.agriculture,Sinapis.sp,Lasioglossum.pauxillum,1
FR,2,V16,Intensive.agriculture,Sinapis.sp,Lasioglossum.pauxillum,1
FR,2,V16,Intensive.agriculture,Veronica.chamaedrys,Andrena.subopaca,1
FR,2,V16,Intensive.agriculture,Veronica.chamaedrys,Andrena.subopaca,1
FR,2,V16,Intensive.agriculture,Veronica.chamaedrys,Andrena.subopaca,1
FR,2,V16,Intensive.agriculture,Galium.aparine,Andrena.chrysosceles,1
FR,2,V16,Intensive.agriculture,Veronica.chamaedrys,Andrena.subopaca,1
FR,2,V16,Intensive.agriculture,Stellaria.holostea,Lasioglossum.pauxillum,1
FR,2,V16,Intensive.agriculture,Stellaria.holostea,Andrena.subopaca,1
FR,2,V16,Intensive.agriculture,Myosotis.ramosissima,Nomada.stigma,1
FR,2,V16,Intensive.agriculture,Myosotis.ramosissima,Ceratina.cyanea,1
FR,2,V16,Intensive.agriculture,Myosotis.ramosissima,Ceratina.cucurbitina,1
FR,2,V16,Intensive.agriculture,Myosotis.ramosissima,Lasioglossum.glabriusculum,1
FR,2,V16,Intensive.agriculture,Myosotis.ramosissima,Nomada.fabriciana,1
FR,2,V16,Intensive.agriculture,Myosotis.ramosissima,Nomada.flavoguttata,1
FR,2,V16,Intensive.agriculture,Myosotis.ramosissima,Nomada.fabriciana,1
FR,2,V16,Intensive.agriculture,Myosotis.ramosissima,Sphaerophoria.scripta,1
FR,2,V16,Intensive.agriculture,Silene.flos.cuculi,Lasioglossum.glabriusculum,1
FR,2,V16,Intensive.agriculture,Silene.flos.cuculi,Ceratina.chalybea,1
FR,2,V16,Intensive.agriculture,Myosotis.ramosissima,Nomada.fabriciana,1
FR,2,V18,Intensive.agriculture,Rosa.sp,Andrena.haemorrhoa,1
FR,2,V18,Intensive.agriculture,Rosa.sp,Andrena.haemorrhoa,1
FR,2,V18,Intensive.agriculture,Rosa.sp,Andrena.haemorrhoa,1
FR,2,V18,Intensive.agriculture,Rosa.sp,Andrena.cineraria,1
FR,2,V18,Intensive.agriculture,Rosa.sp,Andrena.haemorrhoa,1
FR,2,V18,Intensive.agriculture,Rosa.sp,Bombus.hypnorum,1
FR,2,V18,Intensive.agriculture,Rosa.sp,Andrena.scotica,1
FR,2,V18,Intensive.agriculture,Rosa.sp,Andrena.haemorrhoa,1
FR,2,V18,Intensive.agriculture,Trifolium.repens,Andrena.lathyri,1
FR,2,V18,Intensive.agriculture,Trifolium.repens,Andrena.labialis,1
FR,2,V18,Intensive.agriculture,Trifolium.repens,Andrena.lathyri,1
FR,2,V18,Intensive.agriculture,Trifolium.repens,Andrena.labialis,1
FR,2,V18,Intensive.agriculture,Trifolium.repens,Andrena.lathyri,1
FR,2,V18,Intensive.agriculture,Ranunculus.acris,Lasioglossum.glabriusculum,1
FR,2,V18,Intensive.agriculture,Trifolium.repens,Apis.mellifera,1
FR,2,V18,Intensive.agriculture,Trifolium.repens,Bombus.pascuorum,1
FR,2,V18,Intensive.agriculture,Trifolium.repens,Andrena.labialis,1
FR,2,V18,Intensive.agriculture,Trifolium.repens,Apis.mellifera,1
FR,2,V18,Intensive.agriculture,Trifolium.repens,Andrena.labialis,1
FR,2,V18,Intensive.agriculture,Trifolium.repens,Bombus.pascuorum,1
FR,2,V18,Intensive.agriculture,Trifolium.repens,Bombus.pascuorum,1
FR,2,V18,Intensive.agriculture,Potentilla.reptans,Halictus.tumulorum,1
FR,2,V18,Intensive.agriculture,Trifolium.repens,Lasioglossum.xanthopus,1
FR,2,V18,Intensive.agriculture,Trifolium.dubium,Apis.mellifera,1
FR,2,V18,Intensive.agriculture,Trifolium.repens,Andrena.labialis,1
FR,2,V18,Intensive.agriculture,Trifolium.repens,Andrena.labialis,1
FR,2,V18,Intensive.agriculture,Trifolium.repens,Lasioglossum.angusticeps,1
FR,2,V18,Intensive.agriculture,Trifolium.repens,Apis.mellifera,1
FR,2,V18,Intensive.agriculture,Trifolium.repens,Andrena.labialis,1
FR,2,V18,Intensive.agriculture,Trifolium.repens,Halictus.simplex.aggr,1
FR,2,V18,Intensive.agriculture,Trifolium.dubium,Andrena.wilkella,1
FR,2,V18,Intensive.agriculture,Iris.pseudacorus,Bombus.pascuorum,1
FR,2,V18,Intensive.agriculture,Iris.pseudacorus,Lasioglossum.pygmaeum,1
FR,2,V18,Intensive.agriculture,Iris.pseudacorus,Bombus.pratorum,1
FR,2,V18,Intensive.agriculture,Rosa.sp,Andrena.haemorrhoa,1
FR,2,V18,Intensive.agriculture,Rosa.sp,Andrena.chrysosceles,1
FR,2,V18,Intensive.agriculture,Rosa.sp,Andrena.haemorrhoa,1
FR,2,V18,Intensive.agriculture,Rosa.sp,Andrena.cineraria,1
FR,2,V18,Intensive.agriculture,Trifolium.repens,Andrena.labialis,1
FR,2,V18,Intensive.agriculture,Trifolium.repens,Andrena.lathyri,1
FR,2,V18,Intensive.agriculture,Trifolium.repens,Bombus.pratorum,1
FR,2,V18,Intensive.agriculture,Trifolium.repens,Bombus.pascuorum,1
FR,2,V18,Intensive.agriculture,Trifolium.repens,Andrena.labialis,1
FR,2,V18,Intensive.agriculture,Trifolium.repens,Apis.mellifera,1
FR,2,V18,Intensive.agriculture,Trifolium.repens,Apis.mellifera,1
FR,2,V18,Intensive.agriculture,Trifolium.repens,Bombus.pascuorum,1
FR,2,V18,Intensive.agriculture,Trifolium.repens,Andrena.labialis,1
FR,2,V18,Intensive.agriculture,Trifolium.repens,Andrena.haemorrhoa,1
FR,2,V18,Intensive.agriculture,Ranunculus.repens,Lasioglossum.pygmaeum,1
FR,2,V18,Intensive.agriculture,Trifolium.dubium,Bombus.lapidarius,1
FR,2,V18,Intensive.agriculture,Trifolium.repens,Halictus.tumulorum,1
FR,2,V18,Intensive.agriculture,Trifolium.repens,Andrena.labialis,1
FR,2,V18,Intensive.agriculture,Papaver.rhoeas,Episyrphus.balteatus,1
FR,2,V18,Intensive.agriculture,Matricaria.chamomilla,Lasioglossum.pauxillum,1
FR,2,V18,Intensive.agriculture,Matricaria.chamomilla,Lasioglossum.malachurum,1
FR,2,V18,Intensive.agriculture,Capsella.bursa.pastoris,Episyrphus.balteatus,1
FR,2,V18,Intensive.agriculture,Matricaria.chamomilla,Andrena.chrysosceles,1
FR,2,V18,Intensive.agriculture,Matricaria.chamomilla,Andrena.chrysosceles,1
FR,1,V02,Intensive.agriculture,Sinapis.sp,Nomada.flavoguttata,1
FR,1,V02,Intensive.agriculture,Sinapis.sp,Nomada.flavoguttata,1
FR,1,V02,Intensive.agriculture,Sinapis.sp,Lasioglossum.lineare,1
FR,1,V02,Intensive.agriculture,Sinapis.sp,Andrena.distinguenda,1
FR,1,V02,Intensive.agriculture,Sinapis.sp,Nomada.tridentirostris,1
FR,1,V02,Intensive.agriculture,Sinapis.sp,Andrena.distinguenda,1
FR,1,V02,Intensive.agriculture,Sinapis.sp,Andrena.distinguenda,1
FR,1,V02,Intensive.agriculture,Sinapis.sp,Andrena.distinguenda,1
FR,1,V02,Intensive.agriculture,Sinapis.sp,Andrena.distinguenda,1
FR,1,V02,Intensive.agriculture,Taraxacum.sp,Andrena.haemorrhoa,1
FR,1,V02,Intensive.agriculture,Taraxacum.sp,Nomada.flavoguttata,1
FR,1,V02,Intensive.agriculture,Taraxacum.sp,Andrena.chrysosceles,1
FR,1,V02,Intensive.agriculture,Taraxacum.sp,Andrena.chrysosceles,1
FR,1,V02,Intensive.agriculture,Taraxacum.sp,Andrena.distinguenda,1
FR,1,V02,Intensive.agriculture,Taraxacum.sp,Andrena.distinguenda,1
FR,1,V02,Intensive.agriculture,Taraxacum.sp,Andrena.distinguenda,1
FR,1,V02,Intensive.agriculture,Taraxacum.sp,Nomada.flavoguttata,1
FR,1,V02,Intensive.agriculture,Taraxacum.sp,Lasioglossum.pauxillum,1
FR,1,V02,Intensive.agriculture,Taraxacum.sp,Lasioglossum.glabriusculum,1
FR,1,V02,Intensive.agriculture,Stellaria.sp,Andrena.chrysosceles,1
FR,1,V02,Intensive.agriculture,Stellaria.sp,Andrena.chrysosceles,1
FR,1,V02,Intensive.agriculture,Lamium.purpureum,Anthophora.plumipes,1
FR,1,V03,Rural.habitat.mosaic,Ranunculus.sp,Andrena.sp3,1
FR,1,V03,Rural.habitat.mosaic,Polygonatum.multiflorum,Bombus.pratorum,1
FR,1,V03,Rural.habitat.mosaic,Ranunculus.sp,Andrena.fulvata,1
FR,1,V03,Rural.habitat.mosaic,Ranunculus.sp,Andrena.sp3,1
FR,1,V03,Rural.habitat.mosaic,Vicia.sp,Eucera.nigrescens,1
FR,1,V03,Rural.habitat.mosaic,Taraxacum.sp,Nomada.fabriciana,1
FR,1,V03,Rural.habitat.mosaic,Taraxacum.sp,Andrena.fulvata,1
FR,1,V03,Rural.habitat.mosaic,Taraxacum.sp,Nomada.fabriciana,1
FR,1,V03,Rural.habitat.mosaic,Taraxacum.sp,Nomada.ferruginata,1
FR,1,V03,Rural.habitat.mosaic,Taraxacum.sp,Nomada.fabriciana,1
FR,1,V03,Rural.habitat.mosaic,Taraxacum.sp,Nomada.fabriciana,1
FR,1,V03,Rural.habitat.mosaic,Taraxacum.sp,Nomada.fabriciana,1
FR,1,V03,Rural.habitat.mosaic,Taraxacum.sp,Nomada.sp,1
FR,1,V03,Rural.habitat.mosaic,Taraxacum.sp,Nomada.sp,1
FR,1,V03,Rural.habitat.mosaic,Taraxacum.sp,Nomada.fabriciana,1
FR,1,V03,Rural.habitat.mosaic,Taraxacum.sp,Eucera.nigrescens,1
FR,1,V03,Rural.habitat.mosaic,Veronica.persica,Andrena.fulvata,1
FR,1,V03,Rural.habitat.mosaic,Veronica.persica,Andrena.chrysosceles,1
FR,1,V03,Rural.habitat.mosaic,Veronica.persica,Andrena.fulvata,1
FR,1,V03,Rural.habitat.mosaic,Veronica.persica,Andrena.subopaca,1
FR,1,V03,Rural.habitat.mosaic,Veronica.persica,Andrena.subopaca,1
FR,1,V03,Rural.habitat.mosaic,Veronica.persica,Sphecodes.miniatus,1
FR,1,V03,Rural.habitat.mosaic,Veronica.persica,Lasioglossum.punctatissimum,1
FR,1,V03,Rural.habitat.mosaic,Veronica.persica,Andrena.simontornyella,1
FR,1,V03,Rural.habitat.mosaic,Veronica.persica,Andrena.flavipes,1
FR,1,V03,Rural.habitat.mosaic,Bellis.perennis,Nomada.sexfasciata,1
FR,1,V03,Rural.habitat.mosaic,Ajuga.reptans,Bombus.pascuorum,1
FR,1,V03,Rural.habitat.mosaic,Lonicera.sp,Bombus.pascuorum,1
FR,1,V03,Rural.habitat.mosaic,Ranunculus.sp,Neoascia.podagrica,1
FR,1,V03,Rural.habitat.mosaic,Vicia.sp,Eucera.nigrescens,1
FR,1,V03,Rural.habitat.mosaic,Vicia.sp,Bombus.pascuorum,1
FR,1,V03,Rural.habitat.mosaic,Vicia.sp,Bombus.pascuorum,1
FR,1,V03,Rural.habitat.mosaic,Lonicera.sp,Andrena.fulvata,1
FR,1,V03,Rural.habitat.mosaic,Lonicera.sp,Nomada.fabriciana,1
FR,1,V03,Rural.habitat.mosaic,Lonicera.sp,Nomada.flava,1
FR,1,V03,Rural.habitat.mosaic,Lonicera.sp,Nomada.flava,1
FR,1,V03,Rural.habitat.mosaic,Lonicera.sp,Nomada.flava,1
FR,1,V03,Rural.habitat.mosaic,Lonicera.sp,Nomada.flava,1
FR,1,V03,Rural.habitat.mosaic,Lonicera.sp,Nomada.flava,1
FR,1,V03,Rural.habitat.mosaic,Lonicera.sp,Bombus.pratorum,1
FR,1,V03,Rural.habitat.mosaic,Lonicera.sp,Bombus.pascuorum,1
FR,1,V03,Rural.habitat.mosaic,Vicia.sp,Andrena.fulvata,1
FR,1,V08,Rural.habitat.mosaic,Taraxacum.sp,Platycheirus.peltatus,1
FR,1,V08,Rural.habitat.mosaic,Veronica.persica,Andrena.subopaca,1
FR,1,V08,Rural.habitat.mosaic,Veronica.persica,Andrena.subopaca,1
FR,1,V08,Rural.habitat.mosaic,Veronica.persica,Andrena.flavipes,1
FR,1,V08,Rural.habitat.mosaic,Veronica.persica,Andrena.subopaca,1
FR,1,V08,Rural.habitat.mosaic,Veronica.persica,Andrena.subopaca,1
FR,1,V08,Rural.habitat.mosaic,Veronica.persica,Platycheirus.peltatus,1
FR,1,V08,Rural.habitat.mosaic,Taraxacum.sp,Nomada.fabriciana,1
FR,1,V08,Rural.habitat.mosaic,Taraxacum.sp,Andrena.subopaca,1
FR,1,V08,Rural.habitat.mosaic,Taraxacum.sp,Andrena.flavipes,1
FR,1,V08,Rural.habitat.mosaic,Taraxacum.sp,Andrena.flavipes,1
FR,1,V08,Rural.habitat.mosaic,Veronica.persica,Andrena.flavipes,1
FR,1,V08,Rural.habitat.mosaic,Veronica.persica,Andrena.subopaca,1
FR,1,V08,Rural.habitat.mosaic,Veronica.persica,Andrena.flavipes,1
FR,1,V08,Rural.habitat.mosaic,Veronica.persica,Andrena.flavipes,1
FR,1,V08,Rural.habitat.mosaic,Taraxacum.sp,Nomada.flavoguttata,1
FR,1,V08,Rural.habitat.mosaic,Taraxacum.sp,Andrena.subopaca,1
FR,1,V08,Rural.habitat.mosaic,Taraxacum.sp,Andrena.cineraria,1
FR,1,V08,Rural.habitat.mosaic,Taraxacum.sp,Apis.mellifera,1
FR,1,V08,Rural.habitat.mosaic,Taraxacum.sp,Andrena.flavipes,1
FR,1,V08,Rural.habitat.mosaic,Taraxacum.sp,Andrena.subopaca,1
FR,1,V08,Rural.habitat.mosaic,Taraxacum.sp,Andrena.flavipes,1
FR,1,V08,Rural.habitat.mosaic,Taraxacum.sp,Andrena.chrysosceles,1
FR,1,V08,Rural.habitat.mosaic,Taraxacum.sp,Andrena.chrysosceles,1
FR,1,V08,Rural.habitat.mosaic,Taraxacum.sp,Bombus.lapidarius,1
FR,1,V08,Rural.habitat.mosaic,Taraxacum.sp,Andrena.helvola,1
FR,1,V08,Rural.habitat.mosaic,Taraxacum.sp,Lasioglossum.subhirtum,1
FR,1,V08,Rural.habitat.mosaic,Taraxacum.sp,Andrena.flavipes,1
FR,1,V08,Rural.habitat.mosaic,Taraxacum.sp,Apis.mellifera,1
FR,1,V08,Rural.habitat.mosaic,Taraxacum.sp,Andrena.chrysosceles,1
FR,1,V08,Rural.habitat.mosaic,Taraxacum.sp,Apis.mellifera,1
FR,1,V08,Rural.habitat.mosaic,Taraxacum.sp,Apis.mellifera,1
FR,1,V08,Rural.habitat.mosaic,Taraxacum.sp,Andrena.flavipes,1
FR,1,V08,Rural.habitat.mosaic,Taraxacum.sp,Andrena.chrysosceles,1
FR,1,V08,Rural.habitat.mosaic,Taraxacum.sp,Apis.mellifera,1
FR,1,V08,Rural.habitat.mosaic,Taraxacum.sp,Lasioglossum.malachurum,1
FR,1,V08,Rural.habitat.mosaic,Taraxacum.sp,Andrena.flavipes,1
FR,1,V08,Rural.habitat.mosaic,Taraxacum.sp,Apis.mellifera,1
FR,1,V08,Rural.habitat.mosaic,Taraxacum.sp,Andrena.flavipes,1
FR,1,V08,Rural.habitat.mosaic,Taraxacum.sp,Lasioglossum.malachurum,1
FR,1,V08,Rural.habitat.mosaic,Taraxacum.sp,Apis.mellifera,1
FR,1,V08,Rural.habitat.mosaic,Taraxacum.sp,Apis.mellifera,1
FR,1,V08,Rural.habitat.mosaic,Taraxacum.sp,Andrena.flavipes,1
FR,1,V08,Rural.habitat.mosaic,Taraxacum.sp,Andrena.chrysosceles,1
FR,1,V08,Rural.habitat.mosaic,Taraxacum.sp,Apis.mellifera,1
FR,1,V08,Rural.habitat.mosaic,Taraxacum.sp,Apis.mellifera,1
FR,1,V08,Rural.habitat.mosaic,Taraxacum.sp,Andrena.chrysosceles,1
FR,1,V08,Rural.habitat.mosaic,Taraxacum.sp,Nomada.lathburiana,1
FR,1,V08,Rural.habitat.mosaic,Taraxacum.sp,Andrena.flavipes,1
FR,1,V08,Rural.habitat.mosaic,Taraxacum.sp,Lasioglossum.malachurum,1
FR,1,V08,Rural.habitat.mosaic,Taraxacum.sp,Apis.mellifera,1
FR,1,V08,Rural.habitat.mosaic,Taraxacum.sp,Apis.mellifera,1
FR,1,V08,Rural.habitat.mosaic,Taraxacum.sp,Nomada.flavoguttata,1
FR,1,V08,Rural.habitat.mosaic,Taraxacum.sp,Nomada.flavoguttata,1
FR,1,V08,Rural.habitat.mosaic,Taraxacum.sp,Apis.mellifera,1
FR,1,V08,Rural.habitat.mosaic,Taraxacum.sp,Lasioglossum.subhirtum,1
FR,1,V08,Rural.habitat.mosaic,Taraxacum.sp,Andrena.chrysosceles,1
FR,1,V08,Rural.habitat.mosaic,Taraxacum.sp,Andrena.nitida,1
FR,1,V08,Rural.habitat.mosaic,Taraxacum.sp,Andrena.haemorrhoa,1
FR,1,V08,Rural.habitat.mosaic,Taraxacum.sp,Nomada.flavoguttata,1
FR,1,V08,Rural.habitat.mosaic,Taraxacum.sp,Lasioglossum.calceatum,1
FR,1,V09,Intensive.agriculture,Lamium.purpureum,Bombus.vestalis,1
FR,1,V09,Intensive.agriculture,Lamium.purpureum,Anthophora.plumipes,1
FR,1,V09,Intensive.agriculture,Veronica.persica,Eupeodes.corollae,1
FR,1,V09,Intensive.agriculture,Prunus.avium,Apis.mellifera,1
FR,1,V09,Intensive.agriculture,Ranunculus.repens,Nomada.tridentirostris,1
FR,1,V09,Intensive.agriculture,Taraxacum.sp,Nomada.tridentirostris,1
FR,1,V09,Intensive.agriculture,Taraxacum.sp,Lasioglossum.pauxillum,1
FR,1,V09,Intensive.agriculture,Taraxacum.sp,Lasioglossum.pauxillum,1
FR,1,V09,Intensive.agriculture,Taraxacum.sp,Platycheirus.peltatus,1
FR,1,V09,Intensive.agriculture,Taraxacum.sp,Platycheirus.peltatus,1
FR,1,V09,Intensive.agriculture,Sinapis.sp,Apis.mellifera,1
FR,1,V09,Intensive.agriculture,Sinapis.sp,Andrena.haemorrhoa,1
FR,1,V09,Intensive.agriculture,Sinapis.sp,Andrena.nigroaenea,1
FR,1,V09,Intensive.agriculture,Sinapis.sp,Andrena.flavipes,1
FR,1,V09,Intensive.agriculture,Sinapis.sp,Apis.mellifera,1
FR,1,V09,Intensive.agriculture,Sinapis.sp,Colletes.cunicularius,1
FR,1,V09,Intensive.agriculture,Sinapis.sp,Andrena.scotica,1
FR,1,V09,Intensive.agriculture,Sinapis.sp,Colletes.cunicularius,1
FR,1,V09,Intensive.agriculture,Sinapis.sp,Colletes.cunicularius,1
FR,1,V09,Intensive.agriculture,Sinapis.sp,Andrena.nitida,1
FR,1,V09,Intensive.agriculture,Sinapis.sp,Colletes.cunicularius,1
FR,1,V09,Intensive.agriculture,Sinapis.sp,Apis.mellifera,1
FR,1,V13,Rural.habitat.mosaic,Taraxacum.sp,Nomada.goodeniana,1
FR,1,V13,Rural.habitat.mosaic,Taraxacum.sp,Nomada.fabriciana,1
FR,1,V13,Rural.habitat.mosaic,Cerastium.sp,Lasioglossum.pauxillum,1
FR,1,V13,Rural.habitat.mosaic,Taraxacum.sp,Sphaerophoria.scripta,1
FR,1,V13,Rural.habitat.mosaic,Taraxacum.sp,Andrena.gravida,1
FR,1,V13,Rural.habitat.mosaic,Taraxacum.sp,Halictus.scabiosae,1
FR,1,V13,Rural.habitat.mosaic,Taraxacum.sp,Apis.mellifera,1
FR,1,V13,Rural.habitat.mosaic,Taraxacum.sp,Apis.mellifera,1
FR,1,V13,Rural.habitat.mosaic,Taraxacum.sp,Apis.mellifera,1
FR,1,V13,Rural.habitat.mosaic,Brassica.napus,Apis.mellifera,1
FR,1,V13,Rural.habitat.mosaic,Brassica.napus,Andrena.dorsata,1
FR,1,V13,Rural.habitat.mosaic,Brassica.napus,Apis.mellifera,1
FR,1,V13,Rural.habitat.mosaic,Brassica.napus,Apis.mellifera,1
FR,1,V13,Rural.habitat.mosaic,Brassica.napus,Andrena.cineraria,1
FR,1,V13,Rural.habitat.mosaic,Brassica.napus,Andrena.flavipes,1
FR,1,V13,Rural.habitat.mosaic,Brassica.napus,Andrena.nitida,1
FR,1,V13,Rural.habitat.mosaic,Brassica.napus,Andrena.flavipes,1
FR,1,V13,Rural.habitat.mosaic,Brassica.napus,Apis.mellifera,1
FR,1,V13,Rural.habitat.mosaic,Brassica.napus,Andrena.flavipes,1
FR,1,V13,Rural.habitat.mosaic,Brassica.napus,Eristalis.pertinax,1
FR,1,V13,Rural.habitat.mosaic,Brassica.napus,Apis.mellifera,1
FR,1,V15,Rural.habitat.mosaic,Taraxacum.sp,Nomada.flavoguttata,1
FR,1,V15,Rural.habitat.mosaic,Taraxacum.sp,Lasioglossum.malachurum,1
FR,1,V15,Rural.habitat.mosaic,Taraxacum.sp,Nomada.flavoguttata,1
FR,1,V15,Rural.habitat.mosaic,Taraxacum.sp,Helophilus.pendulus,1
FR,1,V15,Rural.habitat.mosaic,Taraxacum.sp,Lasioglossum.glabriusculum,1
FR,1,V15,Rural.habitat.mosaic,Taraxacum.sp,Nomada.tridentirostris,1
FR,1,V15,Rural.habitat.mosaic,Taraxacum.sp,Osmia.bicolor,1
FR,1,V15,Rural.habitat.mosaic,Taraxacum.sp,Andrena.nitida,1
FR,1,V15,Rural.habitat.mosaic,Taraxacum.sp,Lasioglossum.malachurum,1
FR,1,V15,Rural.habitat.mosaic,Taraxacum.sp,Osmia.bicolor,1
FR,1,V15,Rural.habitat.mosaic,Sinapis.sp,Apis.mellifera,1
FR,1,V16,Intensive.agriculture,Stellaria.holostea,Nomada.flava,1
FR,1,V16,Intensive.agriculture,Stellaria.holostea,Andrena.fulvata,1
FR,1,V16,Intensive.agriculture,Stellaria.holostea,Andrena.fulvata,1
FR,1,V16,Intensive.agriculture,Stellaria.holostea,Nomada.flava,1
FR,1,V16,Intensive.agriculture,Stellaria.holostea,Pipiza.noctiluca,1
FR,1,V16,Intensive.agriculture,Plant.sp2,Bombus.pascuorum,1
FR,1,V16,Intensive.agriculture,Plant.sp2,Bombus.pascuorum,1
FR,1,V16,Intensive.agriculture,Fragaria.sp,Andrena.fulvata,1
FR,1,V16,Intensive.agriculture,Stellaria.holostea,Nomada.fabriciana,1
FR,1,V16,Intensive.agriculture,Taraxacum.officinale,Andrena.chrysosceles,1
FR,1,V18,Intensive.agriculture,Taraxacum.sp,Andrena.nitida,1
FR,1,V18,Intensive.agriculture,Taraxacum.sp,Lasioglossum.malachurum,1
FR,1,V18,Intensive.agriculture,Taraxacum.sp,Andrena.humilis,1
FR,1,V18,Intensive.agriculture,Ranunculus.sp,Lasioglossum.malachurum,1
FR,1,V18,Intensive.agriculture,Taraxacum.sp,Lasioglossum.malachurum,1
FR,1,V18,Intensive.agriculture,Taraxacum.sp,Lasioglossum.pauxillum,1
FR,1,V18,Intensive.agriculture,Taraxacum.sp,Andrena.humilis,1
FR,1,V18,Intensive.agriculture,Taraxacum.sp,Lasioglossum.pauxillum,1
FR,1,V18,Intensive.agriculture,Taraxacum.sp,Nomada.flavoguttata,1
FR,1,V18,Intensive.agriculture,Taraxacum.sp,Andrena.humilis,1
FR,1,V18,Intensive.agriculture,Taraxacum.sp,Nomada.fabriciana,1
FR,1,V18,Intensive.agriculture,Taraxacum.sp,Merodon.equestris,1
FR,1,V18,Intensive.agriculture,Taraxacum.sp,Lasioglossum.minutulum,1
FR,1,V18,Intensive.agriculture,Taraxacum.sp,Sphaerophoria.scripta,1
FR,1,V18,Intensive.agriculture,Taraxacum.sp,Lasioglossum.minutulum,1
FR,1,V18,Intensive.agriculture,Taraxacum.sp,Lasioglossum.minutulum,1
FR,1,V18,Intensive.agriculture,Taraxacum.sp,Andrena.haemorrhoa,1
FR,1,V18,Intensive.agriculture,Salix.sp,Colletes.cunicularius,1
FR,1,V18,Intensive.agriculture,Salix.sp,Colletes.cunicularius,1
FR,1,V18,Intensive.agriculture,Salix.sp,Colletes.cunicularius,1
FR,1,V18,Intensive.agriculture,Salix.sp,Colletes.cunicularius,1
FR,1,V18,Intensive.agriculture,Salix.sp,Colletes.cunicularius,1
FR,1,V18,Intensive.agriculture,Salix.sp,Colletes.cunicularius,1
FR,1,V18,Intensive.agriculture,Salix.sp,Colletes.cunicularius,1
FR,1,V18,Intensive.agriculture,Salix.sp,Andrena.haemorrhoa,1
FR,1,V18,Intensive.agriculture,Salix.sp,Colletes.cunicularius,1
FR,1,V18,Intensive.agriculture,Salix.sp,Colletes.cunicularius,1
FR,1,V18,Intensive.agriculture,Salix.sp,Andrena.mitis,1
FR,1,V18,Intensive.agriculture,Salix.sp,Colletes.cunicularius,1
FR,1,V18,Intensive.agriculture,Salix.sp,Colletes.cunicularius,1
FR,1,V18,Intensive.agriculture,Salix.sp,Colletes.cunicularius,1
FR,1,V18,Intensive.agriculture,Salix.sp,Colletes.cunicularius,1
FR,1,V18,Intensive.agriculture,Taraxacum.sp,Nomada.flavoguttata,1
FR,1,V18,Intensive.agriculture,Veronica.persica,Lasioglossum.pauxillum,1
FR,1,V18,Intensive.agriculture,Taraxacum.sp,Andrena.humilis,1
FR,1,V18,Intensive.agriculture,Taraxacum.sp,Lasioglossum.subhirtum,1
FR,1,V18,Intensive.agriculture,Geranium.dissectum,Lasioglossum.pauxillum,1
FR,1,V18,Intensive.agriculture,Taraxacum.sp,Andrena.flavipes,1
FR,3,V02,Intensive.agriculture,Medicago.sativa,Apis.mellifera,1
FR,3,V02,Intensive.agriculture,Medicago.sativa,Apis.mellifera,1
FR,3,V02,Intensive.agriculture,Medicago.sativa,Apis.mellifera,1
FR,3,V02,Intensive.agriculture,Medicago.sativa,Apis.mellifera,1
FR,3,V02,Intensive.agriculture,Medicago.sativa,Apis.mellifera,1
FR,3,V02,Intensive.agriculture,Medicago.sativa,Apis.mellifera,1
FR,3,V02,Intensive.agriculture,Medicago.sativa,Apis.mellifera,1
FR,3,V02,Intensive.agriculture,Medicago.sativa,Apis.mellifera,1
FR,3,V02,Intensive.agriculture,Medicago.sativa,Apis.mellifera,1
FR,3,V02,Intensive.agriculture,Medicago.sativa,Apis.mellifera,1
FR,3,V02,Intensive.agriculture,Medicago.sativa,Apis.mellifera,1
FR,3,V02,Intensive.agriculture,Medicago.sativa,Apis.mellifera,1
FR,3,V02,Intensive.agriculture,Medicago.sativa,Apis.mellifera,1
FR,3,V02,Intensive.agriculture,Medicago.sativa,Apis.mellifera,1
FR,3,V02,Intensive.agriculture,Medicago.sativa,Apis.mellifera,1
FR,3,V02,Intensive.agriculture,Medicago.sativa,Apis.mellifera,1
FR,3,V02,Intensive.agriculture,Medicago.sativa,Halictidae.sp,1
FR,3,V02,Intensive.agriculture,Medicago.sativa,Apis.mellifera,1
FR,3,V02,Intensive.agriculture,Medicago.sativa,Apis.mellifera,1
FR,3,V02,Intensive.agriculture,Medicago.sativa,Apis.mellifera,1
FR,3,V02,Intensive.agriculture,Medicago.sativa,Apis.mellifera,1
FR,3,V02,Intensive.agriculture,Medicago.sativa,Apis.mellifera,1
FR,3,V02,Intensive.agriculture,Medicago.sativa,Apis.mellifera,1
FR,3,V02,Intensive.agriculture,Medicago.sativa,Apis.mellifera,1
FR,3,V02,Intensive.agriculture,Medicago.sativa,Apis.mellifera,1
FR,3,V02,Intensive.agriculture,Medicago.sativa,Apis.mellifera,1
FR,3,V02,Intensive.agriculture,Medicago.sativa,Apis.mellifera,1
FR,3,V02,Intensive.agriculture,Medicago.sativa,Apis.mellifera,1
FR,3,V02,Intensive.agriculture,Medicago.sativa,Apis.mellifera,1
FR,3,V02,Intensive.agriculture,Medicago.sativa,Apis.mellifera,1
FR,3,V02,Intensive.agriculture,Medicago.sativa,Apis.mellifera,1
FR,3,V02,Intensive.agriculture,Medicago.sativa,Apis.mellifera,1
FR,3,V02,Intensive.agriculture,Medicago.sativa,Apis.mellifera,1
FR,3,V02,Intensive.agriculture,Medicago.sativa,Sphaerophoria.scripta,1
FR,3,V02,Intensive.agriculture,Medicago.sativa,Apis.mellifera,1
FR,3,V02,Intensive.agriculture,Medicago.sativa,Apis.mellifera,1
FR,3,V02,Intensive.agriculture,Medicago.sativa,Apis.mellifera,1
FR,3,V02,Intensive.agriculture,Medicago.sativa,Apis.mellifera,1
FR,3,V02,Intensive.agriculture,Medicago.sativa,Apis.mellifera,1
FR,3,V02,Intensive.agriculture,Medicago.sativa,Apis.mellifera,1
FR,3,V02,Intensive.agriculture,Medicago.sativa,Apis.mellifera,1
FR,3,V02,Intensive.agriculture,Medicago.sativa,Apis.mellifera,1
FR,3,V02,Intensive.agriculture,Medicago.sativa,Apis.mellifera,1
FR,3,V02,Intensive.agriculture,Medicago.sativa,Apis.mellifera,1
FR,3,V02,Intensive.agriculture,Medicago.sativa,Apis.mellifera,1
FR,3,V02,Intensive.agriculture,Medicago.sativa,Halictidae.sp,1
FR,3,V02,Intensive.agriculture,Medicago.sativa,Apis.mellifera,1
FR,3,V02,Intensive.agriculture,Medicago.sativa,Apis.mellifera,1
FR,3,V02,Intensive.agriculture,Medicago.sativa,Apis.mellifera,1
FR,3,V02,Intensive.agriculture,Medicago.sativa,Apis.mellifera,1
FR,3,V02,Intensive.agriculture,Medicago.sativa,Apis.mellifera,1
FR,3,V02,Intensive.agriculture,Medicago.sativa,Apis.mellifera,1
FR,3,V02,Intensive.agriculture,Medicago.sativa,Apis.mellifera,1
FR,3,V02,Intensive.agriculture,Medicago.sativa,Apis.mellifera,1
FR,3,V02,Intensive.agriculture,Medicago.sativa,Apis.mellifera,1
FR,3,V02,Intensive.agriculture,Medicago.sativa,Apis.mellifera,1
FR,3,V02,Intensive.agriculture,Medicago.sativa,Apis.mellifera,1
FR,3,V02,Intensive.agriculture,Medicago.sativa,Apis.mellifera,1
FR,3,V02,Intensive.agriculture,Medicago.sativa,Apis.mellifera,1
FR,3,V02,Intensive.agriculture,Medicago.sativa,Apis.mellifera,1
FR,3,V02,Intensive.agriculture,Medicago.sativa,Apis.mellifera,1
FR,3,V02,Intensive.agriculture,Medicago.sativa,Apis.mellifera,1
FR,3,V02,Intensive.agriculture,Medicago.sativa,Apis.mellifera,1
FR,3,V02,Intensive.agriculture,Medicago.sativa,Apis.mellifera,1
FR,3,V02,Intensive.agriculture,Medicago.sativa,Apis.mellifera,1
FR,3,V02,Intensive.agriculture,Medicago.sativa,Apis.mellifera,1
FR,3,V02,Intensive.agriculture,Medicago.sativa,Apis.mellifera,1
FR,3,V02,Intensive.agriculture,Medicago.sativa,Apis.mellifera,1
FR,3,V02,Intensive.agriculture,Medicago.sativa,Apis.mellifera,1
FR,3,V02,Intensive.agriculture,Medicago.sativa,Apis.mellifera,1
FR,3,V02,Intensive.agriculture,Medicago.sativa,Apis.mellifera,1
FR,3,V02,Intensive.agriculture,Medicago.sativa,Apis.mellifera,1
FR,3,V02,Intensive.agriculture,Medicago.sativa,Apis.mellifera,1
FR,3,V02,Intensive.agriculture,Medicago.sativa,Apis.mellifera,1
FR,3,V02,Intensive.agriculture,Medicago.sativa,Apis.mellifera,1
FR,3,V02,Intensive.agriculture,Medicago.sativa,Apis.mellifera,1
FR,3,V02,Intensive.agriculture,Medicago.sativa,Apis.mellifera,1
FR,3,V02,Intensive.agriculture,Medicago.sativa,Apis.mellifera,1
FR,3,V02,Intensive.agriculture,Medicago.sativa,Apis.mellifera,1
FR,3,V02,Intensive.agriculture,Medicago.sativa,Apis.mellifera,1
FR,3,V02,Intensive.agriculture,Medicago.sativa,Apis.mellifera,1
FR,3,V02,Intensive.agriculture,Medicago.sativa,Apis.mellifera,1
FR,3,V02,Intensive.agriculture,Medicago.sativa,Apis.mellifera,1
FR,3,V02,Intensive.agriculture,Medicago.sativa,Apis.mellifera,1
FR,3,V02,Intensive.agriculture,Medicago.sativa,Apis.mellifera,1
FR,3,V02,Intensive.agriculture,Medicago.sativa,Apis.mellifera,1
FR,3,V02,Intensive.agriculture,Medicago.sativa,Apis.mellifera,1
FR,3,V02,Intensive.agriculture,Medicago.sativa,Apis.mellifera,1
FR,3,V02,Intensive.agriculture,Medicago.sativa,Apis.mellifera,1
FR,3,V02,Intensive.agriculture,Medicago.sativa,Apis.mellifera,1
FR,3,V02,Intensive.agriculture,Medicago.sativa,Apis.mellifera,1
FR,3,V02,Intensive.agriculture,Medicago.sativa,Apis.mellifera,1
FR,3,V02,Intensive.agriculture,Medicago.sativa,Apis.mellifera,1
FR,3,V02,Intensive.agriculture,Medicago.sativa,Apis.mellifera,1
FR,3,V02,Intensive.agriculture,Medicago.sativa,Apis.mellifera,1
FR,3,V02,Intensive.agriculture,Medicago.sativa,Apis.mellifera,1
FR,3,V02,Intensive.agriculture,Medicago.sativa,Apis.mellifera,1
FR,3,V02,Intensive.agriculture,Medicago.sativa,Apis.mellifera,1
FR,3,V02,Intensive.agriculture,Medicago.sativa,Apis.mellifera,1
FR,3,V02,Intensive.agriculture,Medicago.sativa,Apis.mellifera,1
FR,3,V02,Intensive.agriculture,Medicago.sativa,Apis.mellifera,1
FR,3,V02,Intensive.agriculture,Medicago.sativa,Apis.mellifera,1
FR,3,V02,Intensive.agriculture,Medicago.sativa,Apis.mellifera,1
FR,3,V02,Intensive.agriculture,Medicago.sativa,Apis.mellifera,1
FR,3,V02,Intensive.agriculture,Medicago.sativa,Apis.mellifera,1
FR,3,V02,Intensive.agriculture,Medicago.sativa,Apis.mellifera,1
FR,3,V02,Intensive.agriculture,Medicago.sativa,Apis.mellifera,1
FR,3,V02,Intensive.agriculture,Medicago.sativa,Apis.mellifera,1
FR,3,V02,Intensive.agriculture,Medicago.sativa,Apis.mellifera,1
FR,3,V02,Intensive.agriculture,Medicago.sativa,Apis.mellifera,1
FR,3,V02,Intensive.agriculture,Medicago.sativa,Apis.mellifera,1
FR,3,V02,Intensive.agriculture,Medicago.sativa,Apis.mellifera,1
FR,3,V02,Intensive.agriculture,Medicago.sativa,Apis.mellifera,1
FR,3,V02,Intensive.agriculture,Medicago.sativa,Apis.mellifera,1
FR,3,V02,Intensive.agriculture,Medicago.sativa,Apis.mellifera,1
FR,3,V02,Intensive.agriculture,Medicago.sativa,Halictidae.sp,1
FR,3,V02,Intensive.agriculture,Medicago.sativa,Apis.mellifera,1
FR,3,V02,Intensive.agriculture,Medicago.sativa,Apis.mellifera,1
FR,3,V02,Intensive.agriculture,Medicago.sativa,Apis.mellifera,1
FR,3,V02,Intensive.agriculture,Medicago.sativa,Apis.mellifera,1
FR,3,V02,Intensive.agriculture,Medicago.sativa,Apis.mellifera,1
FR,3,V02,Intensive.agriculture,Medicago.sativa,Apis.mellifera,1
FR,3,V02,Intensive.agriculture,Medicago.sativa,Apis.mellifera,1
FR,3,V02,Intensive.agriculture,Medicago.sativa,Apis.mellifera,1
FR,3,V02,Intensive.agriculture,Medicago.sativa,Sphaerophoria.scripta,1
FR,3,V02,Intensive.agriculture,Medicago.sativa,Apis.mellifera,1
FR,3,V02,Intensive.agriculture,Medicago.sativa,Apis.mellifera,1
FR,3,V02,Intensive.agriculture,Medicago.sativa,Apis.mellifera,1
FR,3,V02,Intensive.agriculture,Medicago.sativa,Apis.mellifera,1
FR,3,V02,Intensive.agriculture,Medicago.sativa,Apis.mellifera,1
FR,3,V02,Intensive.agriculture,Medicago.sativa,Apis.mellifera,1
FR,3,V02,Intensive.agriculture,Medicago.sativa,Apis.mellifera,1
FR,3,V02,Intensive.agriculture,Medicago.sativa,Apis.mellifera,1
FR,3,V02,Intensive.agriculture,Medicago.sativa,Apis.mellifera,1
FR,3,V02,Intensive.agriculture,Medicago.sativa,Apis.mellifera,1
FR,3,V02,Intensive.agriculture,Medicago.sativa,Apis.mellifera,1
FR,3,V02,Intensive.agriculture,Medicago.sativa,Sphaerophoria.scripta,1
FR,3,V02,Intensive.agriculture,Medicago.sativa,Apis.mellifera,1
FR,3,V02,Intensive.agriculture,Medicago.sativa,Apis.mellifera,1
FR,3,V02,Intensive.agriculture,Medicago.sativa,Apis.mellifera,1
FR,3,V02,Intensive.agriculture,Medicago.sativa,Apis.mellifera,1
FR,3,V02,Intensive.agriculture,Medicago.sativa,Apis.mellifera,1
FR,3,V02,Intensive.agriculture,Medicago.sativa,Apis.mellifera,1
FR,3,V02,Intensive.agriculture,Medicago.sativa,Apis.mellifera,1
FR,3,V02,Intensive.agriculture,Medicago.sativa,Apis.mellifera,1
FR,3,V02,Intensive.agriculture,Medicago.sativa,Apis.mellifera,1
FR,3,V02,Intensive.agriculture,Medicago.sativa,Apis.mellifera,1
FR,3,V02,Intensive.agriculture,Medicago.sativa,Apis.mellifera,1
FR,3,V02,Intensive.agriculture,Medicago.sativa,Apis.mellifera,1
FR,3,V02,Intensive.agriculture,Medicago.sativa,Apis.mellifera,1
FR,3,V02,Intensive.agriculture,Medicago.sativa,Apis.mellifera,1
FR,3,V02,Intensive.agriculture,Medicago.sativa,Apis.mellifera,1
FR,3,V02,Intensive.agriculture,Medicago.sativa,Apis.mellifera,1
FR,3,V02,Intensive.agriculture,Medicago.sativa,Apis.mellifera,1
FR,3,V02,Intensive.agriculture,Medicago.sativa,Sphaerophoria.scripta,1
FR,3,V02,Intensive.agriculture,Medicago.sativa,Apis.mellifera,1
FR,3,V02,Intensive.agriculture,Medicago.sativa,Apis.mellifera,1
FR,3,V02,Intensive.agriculture,Medicago.sativa,Apis.mellifera,1
FR,3,V02,Intensive.agriculture,Medicago.sativa,Apis.mellifera,1
FR,3,V02,Intensive.agriculture,Medicago.sativa,Apis.mellifera,1
FR,3,V02,Intensive.agriculture,Medicago.sativa,Apis.mellifera,1
FR,3,V02,Intensive.agriculture,Senecio.jacobaea,Sphaerophoria.scripta,1
FR,3,V02,Intensive.agriculture,Medicago.sativa,Apis.mellifera,1
FR,3,V02,Intensive.agriculture,Medicago.sativa,Apis.mellifera,1
FR,3,V02,Intensive.agriculture,Medicago.sativa,Apis.mellifera,1
FR,3,V02,Intensive.agriculture,Medicago.sativa,Apis.mellifera,1
FR,3,V02,Intensive.agriculture,Medicago.sativa,Apis.mellifera,1
FR,3,V02,Intensive.agriculture,Medicago.sativa,Apis.mellifera,1
FR,3,V02,Intensive.agriculture,Medicago.sativa,Apis.mellifera,1
FR,3,V02,Intensive.agriculture,Medicago.sativa,Apis.mellifera,1
FR,3,V02,Intensive.agriculture,Medicago.sativa,Apis.mellifera,1
FR,3,V02,Intensive.agriculture,Medicago.sativa,Apis.mellifera,1
FR,3,V02,Intensive.agriculture,Medicago.sativa,Apis.mellifera,1
FR,3,V02,Intensive.agriculture,Medicago.sativa,Apis.mellifera,1
FR,3,V02,Intensive.agriculture,Medicago.sativa,Apis.mellifera,1
FR,3,V02,Intensive.agriculture,Medicago.sativa,Apis.mellifera,1
FR,3,V02,Intensive.agriculture,Medicago.sativa,Apis.mellifera,1
FR,3,V02,Intensive.agriculture,Medicago.sativa,Apis.mellifera,1
FR,3,V02,Intensive.agriculture,Medicago.sativa,Apis.mellifera,1
FR,3,V08,Rural.habitat.mosaic,Crepis.petit,Eupeodes.corollae,1
FR,3,V08,Rural.habitat.mosaic,Crepis.petit,Lasioglossum.pauxillum,1
FR,3,V08,Rural.habitat.mosaic,Myosotis.ramosissima,Sphaerophoria.scripta,1
FR,3,V08,Rural.habitat.mosaic,Myosotis.ramosissima,Sphaerophoria.scripta,1
FR,3,V08,Rural.habitat.mosaic,Myosotis.ramosissima,Sphaerophoria.scripta,1
FR,3,V08,Rural.habitat.mosaic,Crepis.petit,Chelostoma.campanularum,1
FR,3,V08,Rural.habitat.mosaic,Crepis.petit,Sphaerophoria.scripta,1
FR,3,V08,Rural.habitat.mosaic,Crepis.grand,Halictus.scabiosae,1
FR,3,V08,Rural.habitat.mosaic,Crepis.petit,Sphaerophoria.scripta,1
FR,3,V08,Rural.habitat.mosaic,Crepis.petit,Sphaerophoria.scripta,1
FR,3,V08,Rural.habitat.mosaic,Trifolium.pratense,Bombus.lapidarius,1
FR,3,V08,Rural.habitat.mosaic,Crepis.petit,Eristalis.tenax,1
FR,3,V08,Rural.habitat.mosaic,Trifolium.pratense,Andrena.flavipes,1
FR,3,V08,Rural.habitat.mosaic,Taraxacum.sp,Lasioglossum.pauxillum,1
FR,3,V08,Rural.habitat.mosaic,Crepis.petit,Sphaerophoria.scripta,1
FR,3,V08,Rural.habitat.mosaic,Linaria.vulgaris,Halictidae.sp,1
FR,3,V08,Rural.habitat.mosaic,Taraxacum.sp,Lasioglossum.pauxillum,1
FR,3,V08,Rural.habitat.mosaic,Crepis.petit,Lasioglossum.villosulum,1
FR,3,V08,Rural.habitat.mosaic,Taraxacum.sp,Lasioglossum.leucozonium,1
FR,3,V08,Rural.habitat.mosaic,Papaver.sp,Lasioglossum.pauxillum,1
FR,3,V08,Rural.habitat.mosaic,Taraxacum.sp,Halictus.scabiosae,1
FR,3,V08,Rural.habitat.mosaic,Taraxacum.sp,Lasioglossum.pauxillum,1
FR,3,V08,Rural.habitat.mosaic,Crepis.petit,Halictus.simplex.aggr,1
FR,3,V08,Rural.habitat.mosaic,Trifolium.pratense,Andrena.flavipes,1
FR,3,V08,Rural.habitat.mosaic,Myosotis.ramosissima,Lasioglossum.glabriusculum,1
FR,3,V08,Rural.habitat.mosaic,Myosotis.ramosissima,Sphaerophoria.scripta,1
FR,3,V08,Rural.habitat.mosaic,Trifolium.pratense,Bombus.terrestris.aggr,1
FR,3,V08,Rural.habitat.mosaic,Crepis.petit,Lasioglossum.pauxillum,1
FR,3,V08,Rural.habitat.mosaic,Crepis.petit,Lasioglossum.pauxillum,1
FR,3,V08,Rural.habitat.mosaic,Crepis.petit,Lasioglossum.pauxillum,1
FR,3,V08,Rural.habitat.mosaic,Crepis.petit,Hylaeus.brevicornis,1
FR,3,V08,Rural.habitat.mosaic,Hypericum.perforatum,Lasioglossum.politum,1
FR,3,V08,Rural.habitat.mosaic,Hypericum.perforatum,Lasioglossum.glabriusculum,1
FR,3,V08,Rural.habitat.mosaic,Knautia.arvensis,Lasioglossum.glabriusculum,1
FR,3,V08,Rural.habitat.mosaic,Lysimachia.vulgaris,Macropis.europaea,1
FR,3,V08,Rural.habitat.mosaic,Lysimachia.vulgaris,Macropis.europaea,1
FR,3,V08,Rural.habitat.mosaic,Erigeron.annuus,Sphaerophoria.scripta,1
FR,3,V08,Rural.habitat.mosaic,Hypericum.perforatum,Lasioglossum.politum,1
FR,3,V08,Rural.habitat.mosaic,Hypericum.perforatum,Lasioglossum.politum,1
FR,3,V08,Rural.habitat.mosaic,Torilis.arvensis,Sphaerophoria.scripta,1
FR,3,V08,Rural.habitat.mosaic,Torilis.arvensis,Sphaerophoria.scripta,1
FR,3,V08,Rural.habitat.mosaic,Clematis.vitalba,Lasioglossum.pauxillum,1
FR,3,V08,Rural.habitat.mosaic,Malva.alcea,Chelostoma.campanularum,1
FR,3,V08,Rural.habitat.mosaic,Malva.alcea,Melitta.haemorrhoidalis,1
FR,3,V08,Rural.habitat.mosaic,Lapsana.communis,Platycheirus.peltatus,1
FR,3,V08,Rural.habitat.mosaic,Lapsana.communis,Platycheirus.peltatus,1
FR,3,V08,Rural.habitat.mosaic,Campanula.trachelium,Hoplitis.claviventris,1
FR,3,V08,Rural.habitat.mosaic,Campanula.trachelium,Lasioglossum.morio,1
FR,3,V08,Rural.habitat.mosaic,Torilis.arvensis,Episyrphus.balteatus,1
FR,3,V08,Rural.habitat.mosaic,Trifolium.resupinatum,Halictus.simplex.aggr,1
FR,3,V08,Rural.habitat.mosaic,Trifolium.resupinatum,Apis.mellifera,1
FR,3,V08,Rural.habitat.mosaic,Trifolium.resupinatum,Apis.mellifera,1
FR,3,V08,Rural.habitat.mosaic,Trifolium.resupinatum,Apis.mellifera,1
FR,3,V08,Rural.habitat.mosaic,Trifolium.resupinatum,Apis.mellifera,1
FR,3,V08,Rural.habitat.mosaic,Trifolium.incarnatum,Apis.mellifera,1
FR,3,V08,Rural.habitat.mosaic,Trifolium.resupinatum,Apis.mellifera,1
FR,3,V08,Rural.habitat.mosaic,Trifolium.resupinatum,Apis.mellifera,1
FR,3,V08,Rural.habitat.mosaic,Trifolium.resupinatum,Apis.mellifera,1
FR,3,V08,Rural.habitat.mosaic,Trifolium.resupinatum,Halictus.simplex.aggr,1
FR,3,V08,Rural.habitat.mosaic,Trifolium.resupinatum,Apis.mellifera,1
FR,3,V08,Rural.habitat.mosaic,Trifolium.resupinatum,Nomada.sp,1
FR,3,V08,Rural.habitat.mosaic,Trifolium.resupinatum,Apis.mellifera,1
FR,3,V08,Rural.habitat.mosaic,Trifolium.resupinatum,Sphaerophoria.scripta,1
FR,3,V08,Rural.habitat.mosaic,Trifolium.resupinatum,Apis.mellifera,1
FR,3,V08,Rural.habitat.mosaic,Trifolium.resupinatum,Apis.mellifera,1
FR,3,V08,Rural.habitat.mosaic,Trifolium.resupinatum,Apis.mellifera,1
FR,3,V08,Rural.habitat.mosaic,Matricaria.inodora,Sphaerophoria.scripta,1
FR,3,V08,Rural.habitat.mosaic,Trifolium.resupinatum,Apis.mellifera,1
FR,3,V08,Rural.habitat.mosaic,Trifolium.resupinatum,Apis.mellifera,1
FR,3,V08,Rural.habitat.mosaic,Trifolium.resupinatum,Apis.mellifera,1
FR,3,V08,Rural.habitat.mosaic,Trifolium.resupinatum,Apis.mellifera,1
FR,3,V08,Rural.habitat.mosaic,Trifolium.resupinatum,Apis.mellifera,1
FR,3,V08,Rural.habitat.mosaic,Trifolium.resupinatum,Apis.mellifera,1
FR,3,V08,Rural.habitat.mosaic,Trifolium.resupinatum,Apis.mellifera,1
FR,3,V08,Rural.habitat.mosaic,Matricaria.inodora,Sphaerophoria.scripta,1
FR,3,V08,Rural.habitat.mosaic,Trifolium.resupinatum,Apis.mellifera,1
FR,3,V08,Rural.habitat.mosaic,Trifolium.resupinatum,Apis.mellifera,1
FR,3,V08,Rural.habitat.mosaic,Trifolium.resupinatum,Apis.mellifera,1
FR,3,V08,Rural.habitat.mosaic,,Sphaerophoria.scripta,1
FR,3,V08,Rural.habitat.mosaic,Trifolium.resupinatum,Apis.mellifera,1
FR,3,V08,Rural.habitat.mosaic,Trifolium.resupinatum,Apis.mellifera,1
FR,3,V08,Rural.habitat.mosaic,Trifolium.resupinatum,Apis.mellifera,1
FR,3,V08,Rural.habitat.mosaic,Trifolium.resupinatum,Sphaerophoria.scripta,1
FR,3,V08,Rural.habitat.mosaic,Matricaria.inodora,Sphaerophoria.scripta,1
FR,3,V08,Rural.habitat.mosaic,Trifolium.resupinatum,Apis.mellifera,1
FR,3,V08,Rural.habitat.mosaic,Trifolium.resupinatum,Apis.mellifera,1
FR,3,V08,Rural.habitat.mosaic,Trifolium.resupinatum,Apis.mellifera,1
FR,3,V08,Rural.habitat.mosaic,Trifolium.resupinatum,Apis.mellifera,1
FR,3,V08,Rural.habitat.mosaic,Trifolium.resupinatum,Apis.mellifera,1
FR,3,V08,Rural.habitat.mosaic,Matricaria.inodora,Sphaerophoria.scripta,1
FR,3,V08,Rural.habitat.mosaic,Trifolium.resupinatum,Apis.mellifera,1
FR,3,V08,Rural.habitat.mosaic,Trifolium.resupinatum,Apis.mellifera,1
FR,3,V08,Rural.habitat.mosaic,Matricaria.inodora,Lasioglossum.glabriusculum,1
FR,3,V08,Rural.habitat.mosaic,Trifolium.resupinatum,Apis.mellifera,1
FR,3,V08,Rural.habitat.mosaic,Trifolium.resupinatum,Apis.mellifera,1
FR,3,V08,Rural.habitat.mosaic,Trifolium.incarnatum,Apis.mellifera,1
FR,3,V08,Rural.habitat.mosaic,Trifolium.resupinatum,Apis.mellifera,1
FR,3,V08,Rural.habitat.mosaic,Matricaria.inodora,Lasioglossum.glabriusculum,1
FR,3,V08,Rural.habitat.mosaic,Trifolium.resupinatum,Apis.mellifera,1
FR,3,V08,Rural.habitat.mosaic,Trifolium.resupinatum,Apis.mellifera,1
FR,3,V08,Rural.habitat.mosaic,Matricaria.inodora,Lasioglossum.glabriusculum,1
FR,3,V08,Rural.habitat.mosaic,Trifolium.resupinatum,Apis.mellifera,1
FR,3,V08,Rural.habitat.mosaic,Trifolium.resupinatum,Apis.mellifera,1
FR,3,V08,Rural.habitat.mosaic,Trifolium.resupinatum,Apis.mellifera,1
FR,3,V08,Rural.habitat.mosaic,Trifolium.resupinatum,Apis.mellifera,1
FR,3,V08,Rural.habitat.mosaic,Trifolium.resupinatum,Apis.mellifera,1
FR,3,V08,Rural.habitat.mosaic,Trifolium.resupinatum,Apis.mellifera,1
FR,3,V08,Rural.habitat.mosaic,Trifolium.resupinatum,Apis.mellifera,1
FR,3,V08,Rural.habitat.mosaic,Trifolium.resupinatum,Halictus.simplex.aggr,1
FR,3,V08,Rural.habitat.mosaic,Trifolium.resupinatum,Apis.mellifera,1
FR,3,V13,Rural.habitat.mosaic,Prunella.vulgaris,Apis.mellifera,1
FR,3,V13,Rural.habitat.mosaic,Prunella.vulgaris,Bombus.lapidarius,1
FR,3,V13,Rural.habitat.mosaic,Prunella.vulgaris,Apis.mellifera,1
FR,3,V13,Rural.habitat.mosaic,Prunella.vulgaris,Bombus.terrestris.aggr,1
FR,3,V13,Rural.habitat.mosaic,Prunella.vulgaris,Apis.mellifera,1
FR,3,V13,Rural.habitat.mosaic,Prunella.vulgaris,Helophilus.trivittatus,1
FR,3,V13,Rural.habitat.mosaic,Prunella.vulgaris,Sphaerophoria.scripta,1
FR,3,V13,Rural.habitat.mosaic,Prunella.vulgaris,Bombus.lapidarius,1
FR,3,V13,Rural.habitat.mosaic,Prunella.vulgaris,Apis.mellifera,1
FR,3,V13,Rural.habitat.mosaic,Trifolium.repens,Apis.mellifera,1
FR,3,V13,Rural.habitat.mosaic,Cirsium.arvense,Andrena.flavipes,1
FR,3,V13,Rural.habitat.mosaic,Cirsium.arvense,Apis.mellifera,1
FR,3,V13,Rural.habitat.mosaic,Cirsium.arvense,Apis.mellifera,1
FR,3,V13,Rural.habitat.mosaic,Cirsium.arvense,Apis.mellifera,1
FR,3,V13,Rural.habitat.mosaic,Cirsium.arvense,Apis.mellifera,1
FR,3,V13,Rural.habitat.mosaic,Cirsium.arvense,Apis.mellifera,1
FR,3,V13,Rural.habitat.mosaic,Daucus.carota,Andrena.minutula,1
FR,3,V13,Rural.habitat.mosaic,Daucus.carota,Sphaerophoria.scripta,1
FR,3,V13,Rural.habitat.mosaic,Daucus.carota,Eristalis.pertinax,1
FR,3,V13,Rural.habitat.mosaic,Epilobium.sp,Apis.mellifera,1
FR,3,V13,Rural.habitat.mosaic,Trifolium.hybridum,Apis.mellifera,1
FR,3,V13,Rural.habitat.mosaic,Daucus.carota,Halictus.maculatus,1
FR,3,V13,Rural.habitat.mosaic,Daucus.carota,Myathropa.florea.s.l.,1
FR,3,V13,Rural.habitat.mosaic,Cirsium.arvense,Apis.mellifera,1
FR,3,V13,Rural.habitat.mosaic,Cirsium.arvense,Apis.mellifera,1
FR,3,V13,Rural.habitat.mosaic,Cirsium.arvense,Apis.mellifera,1
FR,3,V13,Rural.habitat.mosaic,Sinapis.nigra,Lasioglossum.politum,1
FR,3,V13,Rural.habitat.mosaic,Cirsium.arvense,Apis.mellifera,1
FR,3,V13,Rural.habitat.mosaic,Cirsium.arvense,Apis.mellifera,1
FR,3,V13,Rural.habitat.mosaic,Cirsium.arvense,Apis.mellifera,1
FR,3,V13,Rural.habitat.mosaic,Cirsium.arvense,Apis.mellifera,1
FR,3,V13,Rural.habitat.mosaic,Cirsium.arvense,Apis.mellifera,1
FR,3,V13,Rural.habitat.mosaic,Cirsium.arvense,Apis.mellifera,1
FR,3,V13,Rural.habitat.mosaic,Cirsium.arvense,Apis.mellifera,1
FR,3,V13,Rural.habitat.mosaic,Cirsium.arvense,Apis.mellifera,1
FR,3,V13,Rural.habitat.mosaic,Cirsium.arvense,Apis.mellifera,1
FR,3,V13,Rural.habitat.mosaic,Cirsium.arvense,Andrena.flavipes,1
FR,3,V13,Rural.habitat.mosaic,Cirsium.arvense,Andrena.flavipes,1
FR,3,V13,Rural.habitat.mosaic,Cirsium.arvense,Apis.mellifera,1
FR,3,V13,Rural.habitat.mosaic,Cirsium.arvense,Apis.mellifera,1
FR,3,V13,Rural.habitat.mosaic,Cirsium.arvense,Apis.mellifera,1
FR,3,V13,Rural.habitat.mosaic,Cirsium.arvense,Apis.mellifera,1
FR,3,V13,Rural.habitat.mosaic,Cirsium.arvense,Apis.mellifera,1
FR,3,V13,Rural.habitat.mosaic,Cirsium.arvense,Sphaerophoria.scripta,1
FR,3,V13,Rural.habitat.mosaic,Cirsium.arvense,Apis.mellifera,1
FR,3,V13,Rural.habitat.mosaic,Cirsium.arvense,Eristalis.tenax,1
FR,3,V13,Rural.habitat.mosaic,Cirsium.arvense,Apis.mellifera,1
FR,3,V13,Rural.habitat.mosaic,Cirsium.arvense,Apis.mellifera,1
FR,3,V13,Rural.habitat.mosaic,Cirsium.arvense,Apis.mellifera,1
FR,3,V13,Rural.habitat.mosaic,Cirsium.arvense,Apis.mellifera,1
FR,3,V13,Rural.habitat.mosaic,Cirsium.arvense,Apis.mellifera,1
FR,3,V13,Rural.habitat.mosaic,Cirsium.arvense,Apis.mellifera,1
FR,3,V13,Rural.habitat.mosaic,Cirsium.arvense,Apis.mellifera,1
FR,3,V13,Rural.habitat.mosaic,Cirsium.arvense,Sphaerophoria.scripta,1
FR,3,V13,Rural.habitat.mosaic,Cirsium.arvense,Apis.mellifera,1
FR,3,V13,Rural.habitat.mosaic,Cirsium.arvense,Sphaerophoria.scripta,1
FR,3,V13,Rural.habitat.mosaic,Cirsium.arvense,Apis.mellifera,1
FR,3,V13,Rural.habitat.mosaic,Cirsium.arvense,Apis.mellifera,1
FR,3,V13,Rural.habitat.mosaic,Cirsium.arvense,Apis.mellifera,1
FR,3,V13,Rural.habitat.mosaic,Cirsium.arvense,Apis.mellifera,1
FR,3,V13,Rural.habitat.mosaic,Cirsium.arvense,Apis.mellifera,1
FR,3,V13,Rural.habitat.mosaic,Cirsium.arvense,Andrena.flavipes,1
FR,3,V13,Rural.habitat.mosaic,Cirsium.arvense,Eristalis.tenax,1
FR,3,V13,Rural.habitat.mosaic,Cirsium.arvense,Apis.mellifera,1
FR,3,V13,Rural.habitat.mosaic,Cirsium.arvense,Apis.mellifera,1
FR,3,V13,Rural.habitat.mosaic,Cirsium.arvense,Apis.mellifera,1
FR,3,V13,Rural.habitat.mosaic,Cirsium.arvense,Apis.mellifera,1
FR,3,V13,Rural.habitat.mosaic,Cirsium.arvense,Apis.mellifera,1
FR,3,V13,Rural.habitat.mosaic,Cirsium.arvense,Apis.mellifera,1
FR,3,V13,Rural.habitat.mosaic,Cirsium.arvense,Apis.mellifera,1
FR,3,V13,Rural.habitat.mosaic,Cirsium.arvense,Apis.mellifera,1
FR,3,V13,Rural.habitat.mosaic,Cirsium.arvense,Apis.mellifera,1
FR,3,V13,Rural.habitat.mosaic,Cirsium.arvense,Apis.mellifera,1
FR,3,V13,Rural.habitat.mosaic,Cirsium.arvense,Apis.mellifera,1
FR,3,V13,Rural.habitat.mosaic,Cirsium.arvense,Apis.mellifera,1
FR,3,V13,Rural.habitat.mosaic,Cirsium.arvense,Apis.mellifera,1
FR,3,V13,Rural.habitat.mosaic,Cirsium.arvense,Eristalis.tenax,1
FR,3,V13,Rural.habitat.mosaic,Cirsium.arvense,Apis.mellifera,1
FR,3,V13,Rural.habitat.mosaic,Cirsium.arvense,Apis.mellifera,1
FR,3,V13,Rural.habitat.mosaic,Cirsium.arvense,Apis.mellifera,1
FR,3,V13,Rural.habitat.mosaic,Cirsium.arvense,Apis.mellifera,1
FR,3,V13,Rural.habitat.mosaic,Cirsium.arvense,Apis.mellifera,1
FR,3,V13,Rural.habitat.mosaic,Cirsium.arvense,Apis.mellifera,1
FR,3,V13,Rural.habitat.mosaic,Cirsium.arvense,Apis.mellifera,1
FR,3,V13,Rural.habitat.mosaic,Cirsium.arvense,Helophilus.trivittatus,1
FR,3,V13,Rural.habitat.mosaic,Cirsium.arvense,Apis.mellifera,1
FR,3,V13,Rural.habitat.mosaic,Cirsium.arvense,Apis.mellifera,1
FR,3,V13,Rural.habitat.mosaic,Cirsium.arvense,Apis.mellifera,1
FR,3,V13,Rural.habitat.mosaic,Cirsium.arvense,Apis.mellifera,1
FR,3,V13,Rural.habitat.mosaic,Cirsium.arvense,Apis.mellifera,1
FR,3,V13,Rural.habitat.mosaic,Cirsium.arvense,Apis.mellifera,1
FR,3,V13,Rural.habitat.mosaic,Cirsium.arvense,Eristalis.arbustorum,1
FR,3,V13,Rural.habitat.mosaic,Cirsium.arvense,Apis.mellifera,1
FR,3,V13,Rural.habitat.mosaic,Cirsium.arvense,Apis.mellifera,1
FR,3,V13,Rural.habitat.mosaic,Cirsium.arvense,Helophilus.trivittatus,1
FR,3,V13,Rural.habitat.mosaic,Cirsium.arvense,Apis.mellifera,1
FR,3,V13,Rural.habitat.mosaic,Cirsium.arvense,Apis.mellifera,1
FR,3,V13,Rural.habitat.mosaic,Cirsium.arvense,Apis.mellifera,1
FR,3,V13,Rural.habitat.mosaic,Cirsium.arvense,Apis.mellifera,1
FR,3,V13,Rural.habitat.mosaic,Cirsium.arvense,Apis.mellifera,1
FR,3,V13,Rural.habitat.mosaic,Cirsium.arvense,Eristalis.arbustorum,1
FR,3,V13,Rural.habitat.mosaic,Cirsium.arvense,Apis.mellifera,1
FR,3,V13,Rural.habitat.mosaic,Cirsium.arvense,Apis.mellifera,1
FR,3,V13,Rural.habitat.mosaic,Cirsium.arvense,Sphaerophoria.scripta,1
FR,3,V13,Rural.habitat.mosaic,Cirsium.arvense,Apis.mellifera,1
FR,3,V13,Rural.habitat.mosaic,Cirsium.arvense,Apis.mellifera,1
FR,3,V13,Rural.habitat.mosaic,Cirsium.arvense,Apis.mellifera,1
FR,3,V13,Rural.habitat.mosaic,Cirsium.arvense,Apis.mellifera,1
FR,3,V13,Rural.habitat.mosaic,Cirsium.arvense,Apis.mellifera,1
FR,3,V13,Rural.habitat.mosaic,Cirsium.arvense,Apis.mellifera,1
FR,3,V13,Rural.habitat.mosaic,Cirsium.arvense,Eristalis.tenax,1
FR,3,V13,Rural.habitat.mosaic,Cirsium.arvense,Apis.mellifera,1
FR,3,V13,Rural.habitat.mosaic,Cirsium.arvense,Apis.mellifera,1
FR,3,V13,Rural.habitat.mosaic,Cirsium.arvense,Apis.mellifera,1
FR,3,V13,Rural.habitat.mosaic,Cirsium.arvense,Apis.mellifera,1
FR,3,V13,Rural.habitat.mosaic,Cirsium.arvense,Apis.mellifera,1
FR,3,V13,Rural.habitat.mosaic,Cirsium.arvense,Eristalis.tenax,1
FR,3,V13,Rural.habitat.mosaic,Cirsium.arvense,Eristalis.tenax,1
FR,3,V13,Rural.habitat.mosaic,Cirsium.arvense,Apis.mellifera,1
FR,3,V13,Rural.habitat.mosaic,Cirsium.arvense,Eristalis.tenax,1
FR,3,V13,Rural.habitat.mosaic,Cirsium.arvense,Apis.mellifera,1
FR,3,V13,Rural.habitat.mosaic,Cirsium.arvense,Apis.mellifera,1
FR,3,V13,Rural.habitat.mosaic,Cirsium.arvense,Apis.mellifera,1
FR,3,V13,Rural.habitat.mosaic,Cirsium.arvense,Apis.mellifera,1
FR,3,V13,Rural.habitat.mosaic,Cirsium.arvense,Apis.mellifera,1
FR,3,V13,Rural.habitat.mosaic,Cirsium.arvense,Apis.mellifera,1
FR,3,V13,Rural.habitat.mosaic,Cirsium.arvense,Apis.mellifera,1
FR,3,V13,Rural.habitat.mosaic,Cirsium.arvense,Apis.mellifera,1
FR,3,V13,Rural.habitat.mosaic,Cirsium.arvense,Apis.mellifera,1
FR,3,V13,Rural.habitat.mosaic,Cirsium.arvense,Lasioglossum.villosulum,1
FR,3,V13,Rural.habitat.mosaic,Cirsium.arvense,Apis.mellifera,1
FR,3,V13,Rural.habitat.mosaic,Cirsium.arvense,Apis.mellifera,1
FR,3,V13,Rural.habitat.mosaic,Cirsium.arvense,Eristalis.tenax,1
FR,3,V13,Rural.habitat.mosaic,Cirsium.arvense,Apis.mellifera,1
FR,3,V13,Rural.habitat.mosaic,Cirsium.arvense,Apis.mellifera,1
FR,3,V13,Rural.habitat.mosaic,Cirsium.arvense,Apis.mellifera,1
FR,3,V13,Rural.habitat.mosaic,Cirsium.arvense,Apis.mellifera,1
FR,3,V13,Rural.habitat.mosaic,Cirsium.arvense,Apis.mellifera,1
FR,3,V13,Rural.habitat.mosaic,Cirsium.arvense,Apis.mellifera,1
FR,3,V13,Rural.habitat.mosaic,Cirsium.arvense,Apis.mellifera,1
FR,3,V13,Rural.habitat.mosaic,Cirsium.arvense,Apis.mellifera,1
FR,3,V13,Rural.habitat.mosaic,Cirsium.arvense,Andrena.flavipes,1
FR,3,V13,Rural.habitat.mosaic,Cirsium.arvense,Apis.mellifera,1
FR,3,V13,Rural.habitat.mosaic,Cirsium.arvense,Apis.mellifera,1
FR,3,V13,Rural.habitat.mosaic,Cirsium.arvense,Apis.mellifera,1
FR,3,V13,Rural.habitat.mosaic,Cirsium.arvense,Apis.mellifera,1
FR,3,V13,Rural.habitat.mosaic,Cirsium.arvense,Apis.mellifera,1
FR,3,V13,Rural.habitat.mosaic,Cirsium.arvense,Apis.mellifera,1
FR,3,V13,Rural.habitat.mosaic,Cirsium.arvense,Apis.mellifera,1
FR,3,V13,Rural.habitat.mosaic,Cirsium.arvense,Apis.mellifera,1
FR,3,V13,Rural.habitat.mosaic,Cirsium.arvense,Eristalis.tenax,1
FR,3,V13,Rural.habitat.mosaic,Cirsium.arvense,Apis.mellifera,1
FR,3,V13,Rural.habitat.mosaic,Cirsium.arvense,Apis.mellifera,1
FR,3,V13,Rural.habitat.mosaic,Cirsium.arvense,Andrena.flavipes,1
FR,3,V13,Rural.habitat.mosaic,Cirsium.arvense,Apis.mellifera,1
FR,3,V13,Rural.habitat.mosaic,Cirsium.arvense,Apis.mellifera,1
FR,3,V13,Rural.habitat.mosaic,Cirsium.arvense,Andrena.flavipes,1
FR,3,V13,Rural.habitat.mosaic,Cirsium.arvense,Apis.mellifera,1
FR,3,V13,Rural.habitat.mosaic,Cirsium.arvense,Apis.mellifera,1
FR,3,V13,Rural.habitat.mosaic,Cirsium.arvense,Apis.mellifera,1
FR,3,V13,Rural.habitat.mosaic,Cirsium.arvense,Apis.mellifera,1
FR,3,V13,Rural.habitat.mosaic,Cirsium.arvense,Apis.mellifera,1
FR,3,V03,Rural.habitat.mosaic,Medicago.sativa,Apis.mellifera,1
FR,3,V03,Rural.habitat.mosaic,Medicago.sativa,Apis.mellifera,1
FR,3,V03,Rural.habitat.mosaic,Medicago.sativa,Apis.mellifera,1
FR,3,V03,Rural.habitat.mosaic,Asteraceae.sp,Andrena.flavipes,1
FR,3,V03,Rural.habitat.mosaic,Medicago.sativa,Apis.mellifera,1
FR,3,V03,Rural.habitat.mosaic,Medicago.sativa,Apis.mellifera,1
FR,3,V03,Rural.habitat.mosaic,Medicago.sativa,Apis.mellifera,1
FR,3,V03,Rural.habitat.mosaic,Medicago.sativa,Apis.mellifera,1
FR,3,V03,Rural.habitat.mosaic,Medicago.sativa,Apis.mellifera,1
FR,3,V03,Rural.habitat.mosaic,Medicago.sativa,Sphaerophoria.scripta,1
FR,3,V03,Rural.habitat.mosaic,Medicago.sativa,Apis.mellifera,1
FR,3,V03,Rural.habitat.mosaic,Medicago.sativa,Apis.mellifera,1
FR,3,V03,Rural.habitat.mosaic,Medicago.sativa,Apis.mellifera,1
FR,3,V03,Rural.habitat.mosaic,Medicago.sativa,Nomada.fucata,1
FR,3,V03,Rural.habitat.mosaic,Medicago.sativa,Apis.mellifera,1
FR,3,V03,Rural.habitat.mosaic,Medicago.sativa,Apis.mellifera,1
FR,3,V03,Rural.habitat.mosaic,Medicago.sativa,Sphaerophoria.scripta,1
FR,3,V03,Rural.habitat.mosaic,Medicago.sativa,Apis.mellifera,1
FR,3,V03,Rural.habitat.mosaic,Medicago.sativa,Apis.mellifera,1
FR,3,V03,Rural.habitat.mosaic,Medicago.sativa,Apis.mellifera,1
FR,3,V03,Rural.habitat.mosaic,Medicago.sativa,Apis.mellifera,1
FR,3,V03,Rural.habitat.mosaic,Medicago.sativa,Apis.mellifera,1
FR,3,V03,Rural.habitat.mosaic,Medicago.sativa,Apis.mellifera,1
FR,3,V03,Rural.habitat.mosaic,Medicago.sativa,Apis.mellifera,1
FR,3,V03,Rural.habitat.mosaic,Medicago.sativa,Apis.mellifera,1
FR,3,V03,Rural.habitat.mosaic,Medicago.sativa,Apis.mellifera,1
FR,3,V03,Rural.habitat.mosaic,Medicago.sativa,Apis.mellifera,1
FR,3,V03,Rural.habitat.mosaic,Lythrum.salicaria,Apis.mellifera,1
FR,3,V03,Rural.habitat.mosaic,Medicago.sativa,Apis.mellifera,1
FR,3,V03,Rural.habitat.mosaic,Medicago.sativa,Apis.mellifera,1
FR,3,V03,Rural.habitat.mosaic,Medicago.sativa,Apis.mellifera,1
FR,3,V03,Rural.habitat.mosaic,Medicago.sativa,Apis.mellifera,1
FR,3,V03,Rural.habitat.mosaic,Medicago.sativa,Apis.mellifera,1
FR,3,V03,Rural.habitat.mosaic,Medicago.sativa,Apis.mellifera,1
FR,3,V03,Rural.habitat.mosaic,Medicago.sativa,Apis.mellifera,1
FR,3,V03,Rural.habitat.mosaic,Medicago.sativa,Apis.mellifera,1
FR,3,V03,Rural.habitat.mosaic,Medicago.sativa,Apis.mellifera,1
FR,3,V03,Rural.habitat.mosaic,Medicago.sativa,Apis.mellifera,1
FR,3,V03,Rural.habitat.mosaic,Medicago.sativa,Apis.mellifera,1
FR,3,V03,Rural.habitat.mosaic,Medicago.sativa,Apis.mellifera,1
FR,3,V03,Rural.habitat.mosaic,Medicago.sativa,Apis.mellifera,1
FR,3,V03,Rural.habitat.mosaic,Medicago.sativa,Apis.mellifera,1
FR,3,V03,Rural.habitat.mosaic,Medicago.sativa,Apis.mellifera,1
FR,3,V03,Rural.habitat.mosaic,Medicago.sativa,Apis.mellifera,1
FR,3,V03,Rural.habitat.mosaic,Medicago.sativa,Apis.mellifera,1
FR,3,V03,Rural.habitat.mosaic,Medicago.sativa,Apis.mellifera,1
FR,3,V03,Rural.habitat.mosaic,Medicago.sativa,Apis.mellifera,1
FR,3,V03,Rural.habitat.mosaic,Medicago.sativa,Apis.mellifera,1
FR,3,V03,Rural.habitat.mosaic,Medicago.sativa,Apis.mellifera,1
FR,3,V03,Rural.habitat.mosaic,Medicago.sativa,Apis.mellifera,1
FR,3,V03,Rural.habitat.mosaic,Medicago.sativa,Apis.mellifera,1
FR,3,V03,Rural.habitat.mosaic,Medicago.sativa,Apis.mellifera,1
FR,3,V03,Rural.habitat.mosaic,Medicago.sativa,Apis.mellifera,1
FR,3,V03,Rural.habitat.mosaic,Medicago.sativa,Apis.mellifera,1
FR,3,V03,Rural.habitat.mosaic,Medicago.sativa,Apis.mellifera,1
FR,3,V03,Rural.habitat.mosaic,Medicago.sativa,Apis.mellifera,1
FR,3,V03,Rural.habitat.mosaic,Medicago.sativa,Apis.mellifera,1
FR,3,V03,Rural.habitat.mosaic,Medicago.sativa,Apis.mellifera,1
FR,3,V03,Rural.habitat.mosaic,Medicago.sativa,Apis.mellifera,1
FR,3,V03,Rural.habitat.mosaic,Medicago.sativa,Apis.mellifera,1
FR,3,V03,Rural.habitat.mosaic,Medicago.sativa,Apis.mellifera,1
FR,3,V03,Rural.habitat.mosaic,Medicago.sativa,Apis.mellifera,1
FR,3,V03,Rural.habitat.mosaic,Medicago.sativa,Apis.mellifera,1
FR,3,V03,Rural.habitat.mosaic,Medicago.sativa,Apis.mellifera,1
FR,3,V03,Rural.habitat.mosaic,Medicago.sativa,Apis.mellifera,1
FR,3,V03,Rural.habitat.mosaic,Medicago.sativa,Apis.mellifera,1
FR,3,V03,Rural.habitat.mosaic,Medicago.sativa,Apis.mellifera,1
FR,3,V03,Rural.habitat.mosaic,Medicago.sativa,Sphaerophoria.scripta,1
FR,3,V03,Rural.habitat.mosaic,Medicago.sativa,Apis.mellifera,1
FR,3,V03,Rural.habitat.mosaic,Medicago.sativa,Apis.mellifera,1
FR,3,V03,Rural.habitat.mosaic,Medicago.sativa,Apis.mellifera,1
FR,3,V03,Rural.habitat.mosaic,Medicago.sativa,Apis.mellifera,1
FR,3,V03,Rural.habitat.mosaic,Medicago.sativa,Scaeva.selenitica,1
FR,3,V03,Rural.habitat.mosaic,Medicago.sativa,Apis.mellifera,1
FR,3,V03,Rural.habitat.mosaic,Medicago.sativa,Apis.mellifera,1
FR,3,V03,Rural.habitat.mosaic,Medicago.sativa,Apis.mellifera,1
FR,3,V03,Rural.habitat.mosaic,Medicago.sativa,Apis.mellifera,1
FR,3,V03,Rural.habitat.mosaic,Medicago.sativa,Apis.mellifera,1
FR,3,V03,Rural.habitat.mosaic,Trifolium.pratense,Apis.mellifera,1
FR,3,V03,Rural.habitat.mosaic,Trifolium.pratense,Apis.mellifera,1
FR,3,V03,Rural.habitat.mosaic,Trifolium.pratense,Apis.mellifera,1
FR,3,V03,Rural.habitat.mosaic,Trifolium.pratense,Apis.mellifera,1
FR,3,V03,Rural.habitat.mosaic,Campanula.trachelium,Lasioglossum.sp,1
FR,3,V03,Rural.habitat.mosaic,Trifolium.pratense,Apis.mellifera,1
FR,3,V03,Rural.habitat.mosaic,Trifolium.arvense,Bombus.pascuorum,1
FR,3,V03,Rural.habitat.mosaic,Trifolium.arvense,Apis.mellifera,1
FR,3,V03,Rural.habitat.mosaic,Heracleum.sphondylium,Eristalis.similis,1
FR,3,V03,Rural.habitat.mosaic,Heracleum.sphondylium,Eristalis.tenax,1
FR,3,V03,Rural.habitat.mosaic,Heracleum.sphondylium,Eristalis.pertinax,1
FR,3,V15,Rural.habitat.mosaic,Torilis.arvensis,Chrysogaster.solstitialis,1
FR,3,V15,Rural.habitat.mosaic,Torilis.arvensis,Cheilosia.pagana,1
FR,3,V15,Rural.habitat.mosaic,Torilis.arvensis,Cheilosia.scutellata,1
FR,3,V15,Rural.habitat.mosaic,Torilis.arvensis,Cheilosia.barbata,1
FR,3,V15,Rural.habitat.mosaic,Torilis.arvensis,Cheilosia.pagana,1
FR,3,V15,Rural.habitat.mosaic,Torilis.arvensis,Chrysogaster.solstitialis,1
FR,3,V15,Rural.habitat.mosaic,Torilis.arvensis,Cheilosia.scutellata,1
FR,3,V15,Rural.habitat.mosaic,Torilis.arvensis,Cheilosia.pagana,1
FR,3,V15,Rural.habitat.mosaic,Torilis.arvensis,Cheilosia.pagana,1
FR,3,V15,Rural.habitat.mosaic,Torilis.arvensis,Cheilosia.pagana,1
FR,3,V15,Rural.habitat.mosaic,Torilis.arvensis,Cheilosia.pagana,1
FR,3,V15,Rural.habitat.mosaic,Torilis.arvensis,Cheilosia.scutellata,1
FR,3,V15,Rural.habitat.mosaic,Torilis.arvensis,Cheilosia.pagana,1
FR,3,V15,Rural.habitat.mosaic,Torilis.arvensis,Cheilosia.pagana,1
FR,3,V15,Rural.habitat.mosaic,Torilis.arvensis,Cheilosia.pagana,1
FR,3,V15,Rural.habitat.mosaic,Torilis.arvensis,Syritta.pipiens,1
FR,3,V15,Rural.habitat.mosaic,Daucus.carota,Cheilosia.pagana,1
FR,3,V15,Rural.habitat.mosaic,Daucus.carota,Chrysogaster.solstitialis,1
FR,3,V15,Rural.habitat.mosaic,Picris.hieracioides,Lasioglossum.puncticolle,1
FR,3,V15,Rural.habitat.mosaic,Matricaria.chamomilla,Lasioglossum.glabriusculum,1
FR,3,V15,Rural.habitat.mosaic,Convolvulus.arvensis,Lasioglossum.pauxillum,1
FR,3,V15,Rural.habitat.mosaic,Silene.vulgaris,Lasioglossum.pauxillum,1
FR,3,V15,Rural.habitat.mosaic,Matricaria.chamomilla,Lasioglossum.pauxillum,1
FR,3,V15,Rural.habitat.mosaic,Matricaria.chamomilla,Halictidae.sp,1
FR,3,V15,Rural.habitat.mosaic,Matricaria.chamomilla,Lasioglossum.glabriusculum,1
FR,3,V15,Rural.habitat.mosaic,Matricaria.chamomilla,Lasioglossum.glabriusculum,1
FR,3,V15,Rural.habitat.mosaic,Matricaria.chamomilla,Lasioglossum.malachurum,1
FR,3,V15,Rural.habitat.mosaic,Matricaria.chamomilla,Lasioglossum.pauxillum,1
FR,3,V15,Rural.habitat.mosaic,Matricaria.chamomilla,Halictus.maculatus,1
FR,3,V15,Rural.habitat.mosaic,Matricaria.chamomilla,Lasioglossum.pauxillum,1
FR,3,V15,Rural.habitat.mosaic,Matricaria.chamomilla,Lasioglossum.malachurum,1
FR,3,V15,Rural.habitat.mosaic,Anagallis.arvensis,Lasioglossum.malachurum,1
FR,3,V15,Rural.habitat.mosaic,Anagallis.arvensis,Lasioglossum.malachurum,1
FR,3,V15,Rural.habitat.mosaic,Matricaria.chamomilla,Lasioglossum.glabriusculum,1
FR,3,V15,Rural.habitat.mosaic,Daucus.carota,Andrena.nitidiuscula,1
FR,3,V15,Rural.habitat.mosaic,Cirsium.arvense,Andrena.variabilis,1
FR,3,V15,Rural.habitat.mosaic,Matricaria.chamomilla,Sphaerophoria.scripta,1
FR,3,V15,Rural.habitat.mosaic,Matricaria.chamomilla,Andrena.flavipes,1
FR,3,V15,Rural.habitat.mosaic,Matricaria.chamomilla,Lasioglossum.pauxillum,1
FR,3,V15,Rural.habitat.mosaic,Matricaria.chamomilla,Lasioglossum.pauxillum,1
FR,3,V15,Rural.habitat.mosaic,Matricaria.chamomilla,Lasioglossum.pauxillum,1
FR,3,V15,Rural.habitat.mosaic,Matricaria.chamomilla,Lasioglossum.malachurum,1
FR,3,V15,Rural.habitat.mosaic,Matricaria.chamomilla,Sphecodes.monilicornis,1
FR,3,V15,Rural.habitat.mosaic,Matricaria.chamomilla,Apis.mellifera,1
FR,3,V15,Rural.habitat.mosaic,Matricaria.chamomilla,Sphecodes.monilicornis,1
FR,3,V15,Rural.habitat.mosaic,Heracleum.sphondylium,Lasioglossum.glabriusculum,1
FR,3,V15,Rural.habitat.mosaic,Heracleum.sphondylium,Lasioglossum.glabriusculum,1
FR,3,V15,Rural.habitat.mosaic,Matricaria.chamomilla,Lasioglossum.malachurum,1
FR,3,V15,Rural.habitat.mosaic,Dipsacus.sp,Episyrphus.balteatus,1
FR,3,V15,Rural.habitat.mosaic,Dipsacus.sp,Apis.mellifera,1
FR,3,V15,Rural.habitat.mosaic,Cirsium.arvense,Apis.mellifera,1
FR,3,V15,Rural.habitat.mosaic,Cirsium.arvense,Eristalis.tenax,1
FR,3,V15,Rural.habitat.mosaic,Cirsium.arvense,Apis.mellifera,1
FR,3,V15,Rural.habitat.mosaic,Cirsium.arvense,Apis.mellifera,1
FR,3,V15,Rural.habitat.mosaic,Carduus.sp,Apis.mellifera,1
FR,3,V15,Rural.habitat.mosaic,Carduus.sp,Bombus.lapidarius,1
FR,3,V15,Rural.habitat.mosaic,Carduus.sp,Bombus.pascuorum,1
FR,3,V15,Rural.habitat.mosaic,Carduus.sp,Apis.mellifera,1
FR,3,V15,Rural.habitat.mosaic,Carduus.sp,Halictus.scabiosae,1
FR,3,V15,Rural.habitat.mosaic,Carduus.sp,Apis.mellifera,1
FR,3,V15,Rural.habitat.mosaic,Carduus.sp,Apis.mellifera,1
FR,3,V15,Rural.habitat.mosaic,Carduus.sp,Halictus.scabiosae,1
FR,3,V15,Rural.habitat.mosaic,Carduus.sp,Apis.mellifera,1
FR,3,V15,Rural.habitat.mosaic,Carduus.sp,Halictus.scabiosae,1
FR,3,V15,Rural.habitat.mosaic,Carduus.sp,Lasioglossum.pauxillum,1
FR,3,V15,Rural.habitat.mosaic,Torilis.arvensis,Lasioglossum.pauxillum,1
FR,3,V15,Rural.habitat.mosaic,Matricaria.chamomilla,Lasioglossum.pauxillum,1
FR,3,V15,Rural.habitat.mosaic,Convolvulus.arvensis,Lasioglossum.glabriusculum,1
FR,3,V15,Rural.habitat.mosaic,Anagallis.arvensis,Lasioglossum.malachurum,1
FR,3,V16,Intensive.agriculture,Daucus.carota,Andrena.flavipes,1
FR,3,V16,Intensive.agriculture,Cirsium.vulgare,Lasioglossum.clypeare,1
FR,3,V16,Intensive.agriculture,Cirsium.vulgare,Andrena.flavipes,1
FR,3,V16,Intensive.agriculture,Helianthus.annuus,Apis.mellifera,1
FR,3,V16,Intensive.agriculture,Helianthus.annuus,Apis.mellifera,1
FR,3,V16,Intensive.agriculture,Helianthus.annuus,Apis.mellifera,1
FR,3,V16,Intensive.agriculture,Helianthus.annuus,Apis.mellifera,1
FR,3,V16,Intensive.agriculture,Helianthus.annuus,Apis.mellifera,1
FR,3,V16,Intensive.agriculture,Helianthus.annuus,Apis.mellifera,1
FR,3,V16,Intensive.agriculture,Helianthus.annuus,Apis.mellifera,1
FR,3,V16,Intensive.agriculture,Helianthus.annuus,Apis.mellifera,1
FR,3,V16,Intensive.agriculture,Helianthus.annuus,Apis.mellifera,1
FR,3,V16,Intensive.agriculture,Helianthus.annuus,Apis.mellifera,1
FR,3,V16,Intensive.agriculture,Helianthus.annuus,Apis.mellifera,1
FR,3,V16,Intensive.agriculture,Helianthus.annuus,Apis.mellifera,1
FR,3,V16,Intensive.agriculture,Helianthus.annuus,Apis.mellifera,1
FR,3,V16,Intensive.agriculture,Helianthus.annuus,Apis.mellifera,1
FR,3,V16,Intensive.agriculture,Helianthus.annuus,Apis.mellifera,1
FR,3,V16,Intensive.agriculture,Helianthus.annuus,Apis.mellifera,1
FR,3,V16,Intensive.agriculture,Helianthus.annuus,Apis.mellifera,1
FR,3,V16,Intensive.agriculture,Helianthus.annuus,Bombus.lapidarius,1
FR,3,V16,Intensive.agriculture,Helianthus.annuus,Apis.mellifera,1
FR,3,V16,Intensive.agriculture,Helianthus.annuus,Apis.mellifera,1
FR,3,V16,Intensive.agriculture,Helianthus.annuus,Apis.mellifera,1
FR,3,V16,Intensive.agriculture,Helianthus.annuus,Apis.mellifera,1
FR,3,V16,Intensive.agriculture,Helianthus.annuus,Apis.mellifera,1
FR,3,V16,Intensive.agriculture,Helianthus.annuus,Apis.mellifera,1
FR,3,V16,Intensive.agriculture,Helianthus.annuus,Apis.mellifera,1
FR,3,V16,Intensive.agriculture,Helianthus.annuus,Apis.mellifera,1
FR,3,V16,Intensive.agriculture,Helianthus.annuus,Apis.mellifera,1
FR,3,V16,Intensive.agriculture,Helianthus.annuus,Apis.mellifera,1
FR,3,V16,Intensive.agriculture,Helianthus.annuus,Apis.mellifera,1
FR,3,V16,Intensive.agriculture,Helianthus.annuus,Apis.mellifera,1
FR,3,V16,Intensive.agriculture,Helianthus.annuus,Apis.mellifera,1
FR,3,V16,Intensive.agriculture,Helianthus.annuus,Apis.mellifera,1
FR,3,V16,Intensive.agriculture,Helianthus.annuus,Apis.mellifera,1
FR,3,V16,Intensive.agriculture,Helianthus.annuus,Apis.mellifera,1
FR,3,V16,Intensive.agriculture,Helianthus.annuus,Apis.mellifera,1
FR,3,V16,Intensive.agriculture,Helianthus.annuus,Apis.mellifera,1
FR,3,V16,Intensive.agriculture,Helianthus.annuus,Apis.mellifera,1
FR,3,V16,Intensive.agriculture,Helianthus.annuus,Apis.mellifera,1
FR,3,V16,Intensive.agriculture,Helianthus.annuus,Apis.mellifera,1
FR,3,V16,Intensive.agriculture,Helianthus.annuus,Apis.mellifera,1
FR,3,V16,Intensive.agriculture,Helianthus.annuus,Apis.mellifera,1
FR,3,V16,Intensive.agriculture,Helianthus.annuus,Apis.mellifera,1
FR,3,V16,Intensive.agriculture,Helianthus.annuus,Apis.mellifera,1
FR,3,V16,Intensive.agriculture,Helianthus.annuus,Apis.mellifera,1
FR,3,V16,Intensive.agriculture,Helianthus.annuus,Apis.mellifera,1
FR,3,V16,Intensive.agriculture,Helianthus.annuus,Apis.mellifera,1
FR,3,V16,Intensive.agriculture,Helianthus.annuus,Apis.mellifera,1
FR,3,V16,Intensive.agriculture,Helianthus.annuus,Apis.mellifera,1
FR,3,V16,Intensive.agriculture,Helianthus.annuus,Apis.mellifera,1
FR,3,V16,Intensive.agriculture,Helianthus.annuus,Bombus.terrestris.aggr,1
FR,3,V16,Intensive.agriculture,Helianthus.annuus,Apis.mellifera,1
FR,3,V16,Intensive.agriculture,Helianthus.annuus,Apis.mellifera,1
FR,3,V16,Intensive.agriculture,Helianthus.annuus,Apis.mellifera,1
FR,3,V16,Intensive.agriculture,Helianthus.annuus,Apis.mellifera,1
FR,3,V16,Intensive.agriculture,Helianthus.annuus,Bombus.lapidarius,1
FR,3,V16,Intensive.agriculture,Helianthus.annuus,Apis.mellifera,1
FR,3,V16,Intensive.agriculture,Helianthus.annuus,Apis.mellifera,1
FR,3,V16,Intensive.agriculture,Helianthus.annuus,Apis.mellifera,1
FR,3,V16,Intensive.agriculture,Helianthus.annuus,Apis.mellifera,1
FR,3,V16,Intensive.agriculture,Helianthus.annuus,Apis.mellifera,1
FR,3,V16,Intensive.agriculture,Helianthus.annuus,Apis.mellifera,1
FR,3,V16,Intensive.agriculture,Helianthus.annuus,Apis.mellifera,1
FR,3,V16,Intensive.agriculture,Helianthus.annuus,Apis.mellifera,1
FR,3,V16,Intensive.agriculture,Helianthus.annuus,Apis.mellifera,1
FR,3,V16,Intensive.agriculture,Helianthus.annuus,Apis.mellifera,1
FR,3,V16,Intensive.agriculture,Helianthus.annuus,Apis.mellifera,1
FR,3,V16,Intensive.agriculture,Helianthus.annuus,Apis.mellifera,1
FR,3,V16,Intensive.agriculture,Helianthus.annuus,Apis.mellifera,1
FR,3,V16,Intensive.agriculture,Helianthus.annuus,Apis.mellifera,1
FR,3,V16,Intensive.agriculture,Helianthus.annuus,Bombus.lapidarius,1
FR,3,V16,Intensive.agriculture,Helianthus.annuus,Apis.mellifera,1
FR,3,V16,Intensive.agriculture,Helianthus.annuus,Apis.mellifera,1
FR,3,V16,Intensive.agriculture,Helianthus.annuus,Apis.mellifera,1
FR,3,V16,Intensive.agriculture,Helianthus.annuus,Apis.mellifera,1
FR,3,V16,Intensive.agriculture,Helianthus.annuus,Apis.mellifera,1
FR,3,V16,Intensive.agriculture,Helianthus.annuus,Apis.mellifera,1
FR,3,V16,Intensive.agriculture,Helianthus.annuus,Apis.mellifera,1
FR,3,V16,Intensive.agriculture,Helianthus.annuus,Apis.mellifera,1
FR,3,V16,Intensive.agriculture,Helianthus.annuus,Apis.mellifera,1
FR,3,V16,Intensive.agriculture,Helianthus.annuus,Apis.mellifera,1
FR,3,V16,Intensive.agriculture,Helianthus.annuus,Apis.mellifera,1
FR,3,V16,Intensive.agriculture,Helianthus.annuus,Apis.mellifera,1
FR,3,V16,Intensive.agriculture,Helianthus.annuus,Apis.mellifera,1
FR,3,V16,Intensive.agriculture,Helianthus.annuus,Apis.mellifera,1
FR,3,V16,Intensive.agriculture,Helianthus.annuus,Apis.mellifera,1
FR,3,V16,Intensive.agriculture,Helianthus.annuus,Apis.mellifera,1
FR,3,V16,Intensive.agriculture,Helianthus.annuus,Apis.mellifera,1
FR,3,V16,Intensive.agriculture,Helianthus.annuus,Apis.mellifera,1
FR,3,V16,Intensive.agriculture,Helianthus.annuus,Apis.mellifera,1
FR,3,V16,Intensive.agriculture,Helianthus.annuus,Apis.mellifera,1
FR,3,V16,Intensive.agriculture,Helianthus.annuus,Apis.mellifera,1
FR,3,V16,Intensive.agriculture,Helianthus.annuus,Apis.mellifera,1
FR,3,V16,Intensive.agriculture,Helianthus.annuus,Apis.mellifera,1
FR,3,V16,Intensive.agriculture,Helianthus.annuus,Apis.mellifera,1
FR,3,V16,Intensive.agriculture,Helianthus.annuus,Apis.mellifera,1
FR,3,V16,Intensive.agriculture,Helianthus.annuus,Apis.mellifera,1
FR,3,V16,Intensive.agriculture,Helianthus.annuus,Apis.mellifera,1
FR,3,V16,Intensive.agriculture,Helianthus.annuus,Apis.mellifera,1
FR,3,V16,Intensive.agriculture,Helianthus.annuus,Apis.mellifera,1
FR,3,V16,Intensive.agriculture,Helianthus.annuus,Apis.mellifera,1
FR,3,V16,Intensive.agriculture,Helianthus.annuus,Apis.mellifera,1
FR,3,V16,Intensive.agriculture,Helianthus.annuus,Apis.mellifera,1
FR,3,V16,Intensive.agriculture,Helianthus.annuus,Apis.mellifera,1
FR,3,V16,Intensive.agriculture,Helianthus.annuus,Apis.mellifera,1
FR,3,V16,Intensive.agriculture,Helianthus.annuus,Apis.mellifera,1
FR,3,V16,Intensive.agriculture,Helianthus.annuus,Bombus.lapidarius,1
FR,3,V16,Intensive.agriculture,Helianthus.annuus,Bombus.terrestris.aggr,1
FR,3,V16,Intensive.agriculture,Helianthus.annuus,Apis.mellifera,1
FR,3,V16,Intensive.agriculture,Helianthus.annuus,Apis.mellifera,1
FR,3,V16,Intensive.agriculture,Helianthus.annuus,Apis.mellifera,1
FR,3,V16,Intensive.agriculture,Helianthus.annuus,Apis.mellifera,1
FR,3,V16,Intensive.agriculture,Helianthus.annuus,Apis.mellifera,1
FR,3,V16,Intensive.agriculture,Helianthus.annuus,Apis.mellifera,1
FR,3,V16,Intensive.agriculture,Helianthus.annuus,Apis.mellifera,1
FR,3,V16,Intensive.agriculture,Helianthus.annuus,Apis.mellifera,1
FR,3,V16,Intensive.agriculture,Helianthus.annuus,Apis.mellifera,1
FR,3,V16,Intensive.agriculture,Helianthus.annuus,Apis.mellifera,1
FR,3,V16,Intensive.agriculture,Helianthus.annuus,Apis.mellifera,1
FR,3,V16,Intensive.agriculture,Helianthus.annuus,Apis.mellifera,1
FR,3,V16,Intensive.agriculture,Helianthus.annuus,Apis.mellifera,1
FR,3,V16,Intensive.agriculture,Helianthus.annuus,Apis.mellifera,1
FR,3,V16,Intensive.agriculture,Helianthus.annuus,Apis.mellifera,1
FR,3,V16,Intensive.agriculture,Helianthus.annuus,Apis.mellifera,1
FR,3,V16,Intensive.agriculture,Helianthus.annuus,Apis.mellifera,1
FR,3,V16,Intensive.agriculture,Helianthus.annuus,Apis.mellifera,1
FR,3,V16,Intensive.agriculture,Helianthus.annuus,Apis.mellifera,1
FR,3,V16,Intensive.agriculture,Helianthus.annuus,Apis.mellifera,1
FR,3,V16,Intensive.agriculture,Helianthus.annuus,Apis.mellifera,1
FR,3,V16,Intensive.agriculture,Helianthus.annuus,Apis.mellifera,1
FR,3,V16,Intensive.agriculture,Helianthus.annuus,Apis.mellifera,1
FR,3,V16,Intensive.agriculture,Helianthus.annuus,Apis.mellifera,1
FR,3,V16,Intensive.agriculture,Helianthus.annuus,Apis.mellifera,1
FR,3,V16,Intensive.agriculture,Helianthus.annuus,Apis.mellifera,1
FR,3,V16,Intensive.agriculture,Helianthus.annuus,Apis.mellifera,1
FR,3,V16,Intensive.agriculture,Helianthus.annuus,Bombus.terrestris.aggr,1
FR,3,V16,Intensive.agriculture,Helianthus.annuus,Apis.mellifera,1
FR,3,V16,Intensive.agriculture,Helianthus.annuus,Apis.mellifera,1
FR,3,V16,Intensive.agriculture,Helianthus.annuus,Apis.mellifera,1
FR,3,V16,Intensive.agriculture,Helianthus.annuus,Apis.mellifera,1
FR,3,V16,Intensive.agriculture,Helianthus.annuus,Apis.mellifera,1
FR,3,V16,Intensive.agriculture,Helianthus.annuus,Apis.mellifera,1
FR,3,V16,Intensive.agriculture,Helianthus.annuus,Apis.mellifera,1
FR,3,V16,Intensive.agriculture,Helianthus.annuus,Apis.mellifera,1
FR,3,V16,Intensive.agriculture,Helianthus.annuus,Apis.mellifera,1
FR,3,V16,Intensive.agriculture,Helianthus.annuus,Apis.mellifera,1
FR,3,V16,Intensive.agriculture,Helianthus.annuus,Apis.mellifera,1
FR,3,V16,Intensive.agriculture,Helianthus.annuus,Apis.mellifera,1
FR,3,V16,Intensive.agriculture,Helianthus.annuus,Apis.mellifera,1
FR,3,V16,Intensive.agriculture,Helianthus.annuus,Apis.mellifera,1
FR,3,V16,Intensive.agriculture,Helianthus.annuus,Bombus.terrestris.aggr,1
FR,3,V16,Intensive.agriculture,Helianthus.annuus,Apis.mellifera,1
FR,3,V16,Intensive.agriculture,Helianthus.annuus,Bombus.lapidarius,1
FR,3,V16,Intensive.agriculture,Helianthus.annuus,Bombus.terrestris.aggr,1
FR,3,V16,Intensive.agriculture,Helianthus.annuus,Apis.mellifera,1
FR,3,V16,Intensive.agriculture,Helianthus.annuus,Apis.mellifera,1
FR,3,V16,Intensive.agriculture,Helianthus.annuus,Apis.mellifera,1
FR,3,V16,Intensive.agriculture,Helianthus.annuus,Apis.mellifera,1
FR,3,V16,Intensive.agriculture,Helianthus.annuus,Apis.mellifera,1
FR,3,V16,Intensive.agriculture,Helianthus.annuus,Apis.mellifera,1
FR,3,V16,Intensive.agriculture,Helianthus.annuus,Apis.mellifera,1
FR,3,V16,Intensive.agriculture,Helianthus.annuus,Apis.mellifera,1
FR,3,V16,Intensive.agriculture,Helianthus.annuus,Apis.mellifera,1
FR,3,V16,Intensive.agriculture,Helianthus.annuus,Apis.mellifera,1
FR,3,V16,Intensive.agriculture,Helianthus.annuus,Apis.mellifera,1
FR,3,V16,Intensive.agriculture,Helianthus.annuus,Bombus.lapidarius,1
FR,3,V16,Intensive.agriculture,Helianthus.annuus,Apis.mellifera,1
FR,3,V16,Intensive.agriculture,Helianthus.annuus,Apis.mellifera,1
FR,3,V16,Intensive.agriculture,Helianthus.annuus,Apis.mellifera,1
FR,3,V16,Intensive.agriculture,Helianthus.annuus,Apis.mellifera,1
FR,3,V16,Intensive.agriculture,Helianthus.annuus,Apis.mellifera,1
FR,3,V16,Intensive.agriculture,Helianthus.annuus,Apis.mellifera,1
FR,3,V16,Intensive.agriculture,Helianthus.annuus,Apis.mellifera,1
FR,3,V16,Intensive.agriculture,Helianthus.annuus,Apis.mellifera,1
FR,3,V16,Intensive.agriculture,Helianthus.annuus,Apis.mellifera,1
FR,3,V16,Intensive.agriculture,Helianthus.annuus,Bombus.terrestris.aggr,1
FR,3,V16,Intensive.agriculture,Helianthus.annuus,Apis.mellifera,1
FR,3,V16,Intensive.agriculture,Helianthus.annuus,Apis.mellifera,1
FR,3,V16,Intensive.agriculture,Helianthus.annuus,Apis.mellifera,1
FR,3,V16,Intensive.agriculture,Helianthus.annuus,Bombus.terrestris.aggr,1
FR,3,V16,Intensive.agriculture,Helianthus.annuus,Apis.mellifera,1
FR,3,V16,Intensive.agriculture,Helianthus.annuus,Apis.mellifera,1
FR,3,V09,Intensive.agriculture,Glycine.max,Apis.mellifera,1
FR,3,V09,Intensive.agriculture,Glycine.max,Apis.mellifera,1
FR,3,V09,Intensive.agriculture,Glycine.max,Lasioglossum.laticeps,1
FR,3,V09,Intensive.agriculture,Glycine.max,Apis.mellifera,1
FR,3,V09,Intensive.agriculture,Securigera.varia,Bombus.lapidarius,1
FR,3,V09,Intensive.agriculture,Rubus.sp,Apis.mellifera,1
FR,3,V09,Intensive.agriculture,Torilis.arvensis,Andrena.flavipes,1
FR,3,V09,Intensive.agriculture,Torilis.arvensis,Andrena.flavipes,1
FR,3,V09,Intensive.agriculture,Torilis.arvensis,Andrena.flavipes,1
FR,3,V09,Intensive.agriculture,Centaurea.jacea,Apis.mellifera,1
FR,3,V09,Intensive.agriculture,Centaurea.jacea,Heriades.truncorum,1
FR,3,V09,Intensive.agriculture,Centaurea.jacea,Bombus.rupestris,1
FR,3,V09,Intensive.agriculture,Rubus.sp,Lasioglossum.minutulum,1
FR,3,V09,Intensive.agriculture,Rubus.sp,Episyrphus.balteatus,1
FR,3,V09,Intensive.agriculture,Rubus.sp,Lasioglossum.pauxillum,1
GE,21.1,GE.A1,Intensive.agriculture,Taraxacum.sp.,Andrena.haemorrhoa,1
GE,21.1,GE.A1,Intensive.agriculture,Brassica.napus,Apis.mellifera,1
GE,21.1,GE.A1,Intensive.agriculture,Brassica.napus,Apis.mellifera,1
GE,21.1,GE.A1,Intensive.agriculture,Brassica.napus,Andrena.nigroaenea,1
GE,21.1,GE.A1,Intensive.agriculture,Brassica.napus,Apis.mellifera,1
GE,21.1,GE.A1,Intensive.agriculture,Brassica.napus,Apis.mellifera,1
GE,21.1,GE.A1,Intensive.agriculture,Brassica.napus,Apis.mellifera,1
GE,21.1,GE.A1,Intensive.agriculture,Brassica.napus,Apis.mellifera,1
GE,21.1,GE.A1,Intensive.agriculture,Brassica.napus,Apis.mellifera,1
GE,21.1,GE.A1,Intensive.agriculture,Brassica.napus,Apis.mellifera,1
GE,21.1,GE.A1,Intensive.agriculture,Brassica.napus,Apis.mellifera,1
GE,21.1,GE.A1,Intensive.agriculture,Brassica.napus,Melecta.albifrons,1
GE,21.1,GE.A1,Intensive.agriculture,Brassica.napus,Andrena.subopaca,1
GE,21.1,GE.A1,Intensive.agriculture,Brassica.napus,Apis.mellifera,1
GE,21.1,GE.A1,Intensive.agriculture,Brassica.napus,Apis.mellifera,1
GE,21.1,GE.A1,Intensive.agriculture,Brassica.napus,Apis.mellifera,1
GE,21.1,GE.A1,Intensive.agriculture,Brassica.napus,Apis.mellifera,1
GE,21.1,GE.A1,Intensive.agriculture,Brassica.napus,Apis.mellifera,1
GE,21.1,GE.A1,Intensive.agriculture,Brassica.napus,Apis.mellifera,1
GE,21.1,GE.A1,Intensive.agriculture,Brassica.napus,Apis.mellifera,1
GE,21.1,GE.A1,Intensive.agriculture,Brassica.napus,Apis.mellifera,1
GE,21.1,GE.A1,Intensive.agriculture,Brassica.napus,Apis.mellifera,1
GE,21.1,GE.A1,Intensive.agriculture,Brassica.napus,Apis.mellifera,1
GE,21.1,GE.A1,Intensive.agriculture,Brassica.napus,Apis.mellifera,1
GE,21.1,GE.A1,Intensive.agriculture,Brassica.napus,Apis.mellifera,1
GE,21.1,GE.A1,Intensive.agriculture,Brassica.napus,Apis.mellifera,1
GE,21.1,GE.A1,Intensive.agriculture,Brassica.napus,Apis.mellifera,1
GE,21.1,GE.A1,Intensive.agriculture,Brassica.napus,Apis.mellifera,1
GE,21.1,GE.A1,Intensive.agriculture,Brassica.napus,Apis.mellifera,1
GE,21.1,GE.A1,Intensive.agriculture,Brassica.napus,Apis.mellifera,1
GE,21.1,GE.A1,Intensive.agriculture,Brassica.napus,Apis.mellifera,1
GE,21.1,GE.A1,Intensive.agriculture,Brassica.napus,Apis.mellifera,1
GE,21.1,GE.A1,Intensive.agriculture,Veronica.persica,Andrena.subopaca,1
GE,21.1,GE.A1,Intensive.agriculture,Veronica.persica,Apis.mellifera,1
GE,21.1,GE.A1,Intensive.agriculture,Veronica.persica,Sphaerophoria.scripta,1
GE,21.1,GE.A1,Intensive.agriculture,Taraxacum.sp.,Andrena.flavipes,1
GE,21.1,GE.A1,Intensive.agriculture,Prunus.avium,Apis.mellifera,1
GE,21.1,GE.A1,Intensive.agriculture,Prunus.avium,Apis.mellifera,1
GE,21.1,GE.A1,Intensive.agriculture,Prunus.avium,Apis.mellifera,1
GE,21.1,GE.A1,Intensive.agriculture,Taraxacum.sp.,Nomada.fulvicornis,1
GE,21.1,GE.A1,Intensive.agriculture,Taraxacum.sp.,Nomada.goodeniana,1
GE,21.1,GE.A1,Intensive.agriculture,Capsella.bursa-pastoris,Halictus.semitectus,1
GE,21.1,GE.A1,Intensive.agriculture,Taraxacum.sp.,Halictus.subauratus,1
GE,21.1,GE.A1,Intensive.agriculture,Taraxacum.sp.,Halictus.tumulorum,1
GE,21.1,GE.A1,Intensive.agriculture,Taraxacum.sp.,Nomada.goodeniana,1
GE,21.1,GE.A2,Intensive.agriculture,Lamium.purpureum,Platycheirus.scutatus,1
GE,21.1,GE.A2,Intensive.agriculture,Taraxacum.sp.,Andrena.flavipes,1
GE,21.1,GE.A2,Intensive.agriculture,Brassica.napus,Osmia.brevicornis,1
GE,21.1,GE.A2,Intensive.agriculture,Brassica.napus,Bombus.pratorum,1
GE,21.1,GE.A2,Intensive.agriculture,Brassica.napus,Andrena.nigroaenea,1
GE,21.1,GE.A2,Intensive.agriculture,Brassica.napus,Andrena.nigroaenea,1
GE,21.1,GE.A2,Intensive.agriculture,Senecio.vernalis,Andrena.floricola,1
GE,21.1,GE.A2,Intensive.agriculture,Brassica.napus,Apis.mellifera,1
GE,21.1,GE.A2,Intensive.agriculture,Brassica.napus,Colletes.cunicularius,1
GE,21.1,GE.A2,Intensive.agriculture,Brassica.napus,Sphecodes.miniatus,1
GE,21.1,GE.A2,Intensive.agriculture,Brassica.napus,Lasioglossum.nitidiusculum,1
GE,21.1,GE.A2,Intensive.agriculture,Brassica.napus,Lasioglossum.quadrinotatum,1
GE,21.1,GE.A2,Intensive.agriculture,Brassica.napus,Andrena.haemorrhoa,1
GE,21.1,GE.A2,Intensive.agriculture,Brassica.napus,Andrena.minutuloides,1
GE,21.1,GE.A2,Intensive.agriculture,Brassica.napus,Andrena.niveata,1
GE,21.1,GE.A2,Intensive.agriculture,Brassica.napus,Lasioglossum.pauxillum,1
GE,21.1,GE.A2,Intensive.agriculture,Brassica.napus,Andrena.nigroaenea,1
GE,21.1,GE.A2,Intensive.agriculture,Brassica.napus,Episyrphus.balteatus,1
GE,21.1,GE.A2,Intensive.agriculture,Brassica.napus,Platycheirus.scutatus,1
GE,21.1,GE.A2,Intensive.agriculture,Brassica.napus,Episyrphus.balteatus,1
GE,21.1,GE.A2,Intensive.agriculture,Brassica.napus,Platycheirus.scutatus,1
GE,21.1,GE.A2,Intensive.agriculture,Brassica.napus,Platycheirus.scutatus,1
GE,21.1,GE.A2,Intensive.agriculture,Brassica.napus,Eupeodes.corollae,1
GE,21.1,GE.A2,Intensive.agriculture,Brassica.napus,Lasioglossum.nitidiusculum,1
GE,21.1,GE.A2,Intensive.agriculture,Brassica.napus,Lasioglossum.nitidiusculum,1
GE,21.1,GE.A2,Intensive.agriculture,Brassica.napus,Platycheirus.scutatus,1
GE,21.1,GE.A2,Intensive.agriculture,Brassica.napus,Apis.mellifera,1
GE,21.1,GE.A2,Intensive.agriculture,Brassica.napus,Lasioglossum.nitidiusculum,1
GE,21.1,GE.A2,Intensive.agriculture,Brassica.napus,Andrena.nigroaenea,1
GE,21.1,GE.A2,Intensive.agriculture,Lamium.album,Bombus.sylvarum,1
GE,21.1,GE.A2,Intensive.agriculture,Taraxacum.sp.,Andrena.niveata,1
GE,21.1,GE.A2,Intensive.agriculture,Lamium.album,Bombus.cryptarum/lucorum/magnus/terrestris,1
GE,21.1,GE.A2,Intensive.agriculture,Lamium.album,Bombus.sylvarum,1
GE,21.1,GE.A3,Intensive.agriculture,Lamium.purpureum,Bombus.pascuorum,1
GE,21.1,GE.A3,Intensive.agriculture,Sinapis.arvensis,Episyrphus.balteatus,1
GE,21.1,GE.A3,Intensive.agriculture,Lamium.purpureum,Bombus.sylvarum,1
GE,21.1,GE.A3,Intensive.agriculture,Veronica.persica,Lasioglossum.pauxillum,1
GE,21.1,GE.A3,Intensive.agriculture,Lamium.purpureum,Bombus.sylvarum,1
GE,21.1,GE.A3,Intensive.agriculture,Papaver.rhoeas,Lasioglossum.pauxillum,1
GE,21.1,GE.A3,Intensive.agriculture,Stellaria.media,Lasioglossum.pauxillum,1
GE,21.1,GE.A3,Intensive.agriculture,Acer.pseudoplatanus,Andrena.helvola,1
GE,21.1,GE.A3,Intensive.agriculture,Acer.pseudoplatanus,Bombus.cryptarum/lucorum/magnus/terrestris,1
GE,21.1,GE.A3,Intensive.agriculture,Acer.pseudoplatanus,Colletes.cunicularius,1
GE,21.1,GE.A3,Intensive.agriculture,,Epistrophe.eligans,1
GE,21.1,GE.A3,Intensive.agriculture,Geranium.pusillum,Lasioglossum.pauxillum,1
GE,21.1,GE.A3,Intensive.agriculture,Crataegus.monogyna,Andrena.morio,1
GE,21.1,GE.A3,Intensive.agriculture,Crataegus.monogyna,Andrena.subopaca,1
GE,21.1,GE.A3,Intensive.agriculture,Geranium.pyrenaicum,Andrena.niveata,1
GE,21.1,GE.A3,Intensive.agriculture,Geranium.pyrenaicum,Lasioglossum.pauxillum,1
GE,21.1,GE.A3,Intensive.agriculture,Geranium.pyrenaicum,Lasioglossum.pauxillum,1
GE,21.1,GE.A3,Intensive.agriculture,Geranium.pyrenaicum,Lasioglossum.pauxillum,1
GE,21.1,GE.A3,Intensive.agriculture,Geranium.pyrenaicum,Lasioglossum.pauxillum,1
GE,21.1,GE.A3,Intensive.agriculture,Stellaria.media,Lasioglossum.pauxillum,1
GE,21.1,GE.A3,Intensive.agriculture,Lamium.album,Bombus.sylvarum,1
GE,21.1,GE.A3,Intensive.agriculture,Stellaria.media,Andrena.minutuloides,1
GE,21.1,GE.A3,Intensive.agriculture,Geranium.pusillum,Lasioglossum.aeratum,1
GE,21.1,GE.A3,Intensive.agriculture,Stellaria.media,Sphaerophoria.scripta,1
GE,21.1,GE.A3,Intensive.agriculture,Stellaria.media,Sphaerophoria.scripta,1
GE,21.1,GE.A3,Intensive.agriculture,Viola.arvensis,Bombus.cryptarum/lucorum/magnus/terrestris,1
GE,21.1,GE.A3,Intensive.agriculture,Phacelia.tanacetifolia,Lasioglossum.sp,1
GE,21.1,GE.A3,Intensive.agriculture,Senecio.vernalis,Sphaerophoria.scripta,1
GE,21.1,GE.A3,Intensive.agriculture,Phacelia.tanacetifolia,Sphaerophoria.scripta,1
GE,21.1,GE.A3,Intensive.agriculture,Viola.arvensis,Sphaerophoria.scripta,1
GE,21.1,GE.A3,Intensive.agriculture,Viola.arvensis,Bombus.lapidarius,1
GE,21.1,GE.A3,Intensive.agriculture,Senecio.vernalis,Epistrophe.eligans,1
GE,21.1,GE.A3,Intensive.agriculture,Senecio.vernalis,Lasioglossum.pauxillum,1
GE,21.1,GE.A3,Intensive.agriculture,Sisymbrium.officinale,Sphaerophoria.scripta,1
GE,21.1,GE.A3,Intensive.agriculture,Lamium.amplexicaule,Bombus.cryptarum/lucorum/magnus/terrestris,1
GE,21.1,GE.A3,Intensive.agriculture,Phacelia.tanacetifolia,Bombus.lapidarius,1
GE,21.1,GE.A3,Intensive.agriculture,Lamium.amplexicaule,Bombus.lapidarius,1
GE,21.1,GE.A3,Intensive.agriculture,Lamium.amplexicaule,Bombus.lapidarius,1
GE,21.1,GE.A3,Intensive.agriculture,Senecio.vernalis,Sphaerophoria.scripta,1
GE,21.1,GE.A3,Intensive.agriculture,Sisymbrium.loeselii,Sphaerophoria.scripta,1
GE,21.1,GE.A3,Intensive.agriculture,Lamium.amplexicaule,Andrena.dorsata,1
GE,21.1,GE.A3,Intensive.agriculture,Leucanthemum.vulgare,Sphaerophoria.scripta,1
GE,21.1,GE.A3,Intensive.agriculture,Leucanthemum.vulgare,Sphaerophoria.scripta,1
GE,21.1,GE.A3,Intensive.agriculture,Leucanthemum.vulgare,Sphaerophoria.scripta,1
GE,21.1,GE.A3,Intensive.agriculture,Lamium.amplexicaule,Sphecodes.spinulosus,1
GE,21.1,GE.A3,Intensive.agriculture,Viola.arvensis,Andrena.subopaca,1
GE,21.1,GE.A3,Intensive.agriculture,Viola.arvensis,Bombus.lapidarius,1
GE,21.1,GE.A3,Intensive.agriculture,Leucanthemum.vulgare,Sphaerophoria.scripta,1
GE,21.1,GE.A3,Intensive.agriculture,Phacelia.tanacetifolia,Bombus.lapidarius,1
GE,21.1,GE.A3,Intensive.agriculture,Viola.arvensis,Sphaerophoria.rueppellii,1
GE,21.1,GE.A4,Intensive.agriculture,Crataegus.monogyna,Lasioglossum.politum,1
GE,21.1,GE.A4,Intensive.agriculture,Crataegus.monogyna,Osmia.brevicornis,1
GE,21.1,GE.A4,Intensive.agriculture,Crataegus.monogyna,Colletes.cunicularius,1
GE,21.1,GE.A4,Intensive.agriculture,Erysimum.crepidifolium,Osmia.brevicornis,1
GE,21.1,GE.A4,Intensive.agriculture,Erysimum.crepidifolium,Andrena.minutula,1
GE,21.1,GE.A4,Intensive.agriculture,Erysimum.crepidifolium,Lasioglossum.laevigatum,1
GE,21.1,GE.A4,Intensive.agriculture,Erysimum.crepidifolium,Lasioglossum.pauxillum,1
GE,21.1,GE.A4,Intensive.agriculture,Erysimum.crepidifolium,Lasioglossum.sexnotatum,1
GE,21.1,GE.A4,Intensive.agriculture,Erysimum.crepidifolium,Osmia.brevicornis,1
GE,21.1,GE.A4,Intensive.agriculture,Erysimum.crepidifolium,Osmia.brevicornis,1
GE,21.1,GE.A4,Intensive.agriculture,Erysimum.crepidifolium,Osmia.brevicornis,1
GE,21.1,GE.A4,Intensive.agriculture,Erysimum.crepidifolium,Osmia.brevicornis,1
GE,21.1,GE.A4,Intensive.agriculture,Erysimum.crepidifolium,Osmia.brevicornis,1
GE,21.1,GE.A4,Intensive.agriculture,Erysimum.crepidifolium,Osmia.brevicornis,1
GE,21.1,GE.A4,Intensive.agriculture,Erysimum.crepidifolium,Osmia.brevicornis,1
GE,21.1,GE.A4,Intensive.agriculture,Erysimum.crepidifolium,Osmia.brevicornis,1
GE,21.1,GE.A4,Intensive.agriculture,Erysimum.crepidifolium,Osmia.brevicornis,1
GE,21.1,GE.A4,Intensive.agriculture,Crataegus.monogyna,Andrena.helvola,1
GE,21.1,GE.A4,Intensive.agriculture,Crataegus.monogyna,Andrena.helvola,1
GE,21.1,GE.A4,Intensive.agriculture,Erysimum.crepidifolium,Osmia.brevicornis,1
GE,21.1,GE.A4,Intensive.agriculture,Fragaria.vesca,Lasioglossum.pauxillum,1
GE,21.1,GE.A4,Intensive.agriculture,Fragaria.vesca,Lasioglossum.pauxillum,1
GE,21.1,GE.A4,Intensive.agriculture,Fragaria.vesca,Osmia.brevicornis,1
GE,21.1,GE.A4,Intensive.agriculture,Erysimum.crepidifolium,Osmia.brevicornis,1
GE,21.1,GE.A4,Intensive.agriculture,Ranunculus.repens,Osmia.brevicornis,1
GE,21.1,GE.A4,Intensive.agriculture,Crataegus.monogyna,Andrena.helvola,1
GE,21.1,GE.A4,Intensive.agriculture,Fragaria.vesca,Lasioglossum.calceatum,1
GE,21.1,GE.A4,Intensive.agriculture,Cerastium.arvense,Osmia.brevicornis,1
GE,21.1,GE.A4,Intensive.agriculture,Sherardia.arvensis,Eupeodes.corollae,1
GE,21.1,GE.A4,Intensive.agriculture,Lepidium.draba,Halictus.maculatus,1
GE,21.1,GE.A4,Intensive.agriculture,Sherardia.arvensis,Lasioglossum.calceatum,1
GE,21.1,GE.A4,Intensive.agriculture,Arenaria.serpyllifolia,Lasioglossum.pauxillum,1
GE,21.1,GE.A4,Intensive.agriculture,Erodium.cicutarium,Lasioglossum.xanthopus,1
GE,21.1,GE.A4,Intensive.agriculture,Fragaria.vesca,Osmia.brevicornis,1
GE,21.1,GE.A4,Intensive.agriculture,Sherardia.arvensis,Sphecodes.majalis,1
GE,21.1,GE.A4,Intensive.agriculture,Arenaria.serpyllifolia,Andrena.dorsata,1
GE,21.1,GE.A4,Intensive.agriculture,Lepidium.draba,Halictus.leucaheneus,1
GE,21.1,GE.A4,Intensive.agriculture,Capsella.bursa-pastoris,Halictus.leucaheneus,1
GE,21.1,GE.A4,Intensive.agriculture,Lepidium.draba,Lasioglossum.laevigatum,1
GE,21.1,GE.A4,Intensive.agriculture,Capsella.bursa-pastoris,Lasioglossum.xanthopus,1
GE,21.1,GE.A4,Intensive.agriculture,Erysimum.crepidifolium,Lasioglossum.pauxillum,1
GE,21.1,GE.A4,Intensive.agriculture,Erysimum.crepidifolium,Osmia.brevicornis,1
GE,21.1,GE.A4,Intensive.agriculture,Erysimum.crepidifolium,Lasioglossum.pauxillum,1
GE,21.1,GE.A4,Intensive.agriculture,Lepidium.draba,Halictus.leucaheneus,1
GE,21.1,GE.A4,Intensive.agriculture,Ranunculus.repens,Osmia.brevicornis,1
GE,21.1,GE.A4,Intensive.agriculture,Erysimum.crepidifolium,Andrena.minutuloides,1
GE,21.1,GE.A4,Intensive.agriculture,Salvia.pratensis,Halictus.eurygnathus/simplex,1
GE,21.1,GE.A4,Intensive.agriculture,Erysimum.crepidifolium,Lasioglossum.politum,1
GE,21.1,GE.A4,Intensive.agriculture,Salvia.pratensis,Lasioglossum.politum,1
GE,21.1,GE.A4,Intensive.agriculture,Salvia.pratensis,Lasioglossum.politum,1
GE,21.1,GE.A4,Intensive.agriculture,Salvia.pratensis,Lasioglossum.politum,1
GE,21.1,GE.A4,Intensive.agriculture,Salvia.pratensis,Lasioglossum.lineare,1
GE,21.1,GE.A4,Intensive.agriculture,Salvia.pratensis,Lasioglossum.politum,1
GE,21.1,GE.A4,Intensive.agriculture,Salvia.pratensis,Lasioglossum.politum,1
GE,21.1,GE.A4,Intensive.agriculture,Euphorbia.spathulata,Lasioglossum.politum,1
GE,21.1,GE.A4,Intensive.agriculture,Erysimum.crepidifolium,Lasioglossum.politum,1
GE,21.1,GE.A4,Intensive.agriculture,Erysimum.crepidifolium,Lasioglossum.politum,1
GE,21.1,GE.A4,Intensive.agriculture,Erodium.cicutarium,Lasioglossum.politum,1
GE,21.1,GE.A4,Intensive.agriculture,Euphorbia.spathulata,Lasioglossum.politum,1
GE,21.1,GE.A4,Intensive.agriculture,Erysimum.crepidifolium,Lasioglossum.aeratum,1
GE,21.1,GE.A4,Intensive.agriculture,Erysimum.crepidifolium,Lasioglossum.pauxillum,1
GE,21.1,GE.A4,Intensive.agriculture,Erysimum.crepidifolium,Lasioglossum.politum,1
GE,21.1,GE.A4,Intensive.agriculture,Erysimum.crepidifolium,Lasioglossum.politum,1
GE,21.1,GE.A4,Intensive.agriculture,Euphorbia.cyparissias,Sphecodes.ferruginatus,1
GE,21.1,GE.A4,Intensive.agriculture,Ranunculus.repens,Lasioglossum.confusus,1
GE,21.1,GE.A4,Intensive.agriculture,Ranunculus.repens,Lasioglossum.confusus,1
GE,21.1,GE.R1,Rural.habitat.mosaic,Ranunculus.acris,Megachile.versicolor,1
GE,21.1,GE.R1,Rural.habitat.mosaic,Lamium.album,Bombus.sylvarum,1
GE,21.1,GE.R1,Rural.habitat.mosaic,Anthriscus.sylvestris,Bombus.vestalis,1
GE,21.1,GE.R1,Rural.habitat.mosaic,Crataegus.monogyna,Andrena.haemorrhoa,1
GE,21.1,GE.R1,Rural.habitat.mosaic,Crataegus.monogyna,Apis.mellifera,1
GE,21.1,GE.R1,Rural.habitat.mosaic,Crataegus.monogyna,Apis.mellifera,1
GE,21.1,GE.R1,Rural.habitat.mosaic,Crataegus.monogyna,Apis.mellifera,1
GE,21.1,GE.R1,Rural.habitat.mosaic,Lamium.album,Bombus.hortorum,1
GE,21.1,GE.R1,Rural.habitat.mosaic,Chelidonium.majus,Bombus.hortorum,1
GE,21.1,GE.R1,Rural.habitat.mosaic,Lamium.album,Bombus.hortorum,1
GE,21.1,GE.R1,Rural.habitat.mosaic,Chelidonium.majus,Bombus.pascuorum,1
GE,21.1,GE.R1,Rural.habitat.mosaic,Chelidonium.majus,Bombus.pascuorum,1
GE,21.1,GE.R1,Rural.habitat.mosaic,Chelidonium.majus,Bombus.pratorum,1
GE,21.1,GE.R1,Rural.habitat.mosaic,Chelidonium.majus,Melanostoma.scalare,1
GE,21.1,GE.R1,Rural.habitat.mosaic,Lamium.album,Bombus.hortorum,1
GE,21.1,GE.R1,Rural.habitat.mosaic,Lamium.album,Bombus.pratorum,1
GE,21.1,GE.R1,Rural.habitat.mosaic,Anthriscus.sylvestris,Platycheirus.scutatus,1
GE,21.1,GE.R1,Rural.habitat.mosaic,Lonicera.tatarica,Bombus.cryptarum/lucorum/magnus/terrestris,1
GE,21.1,GE.R1,Rural.habitat.mosaic,Ranunculus.acris,Lasioglossum.zonulum,1
GE,21.1,GE.R1,Rural.habitat.mosaic,Trifolium.dubium,Lasioglossum.villosulum,1
GE,21.1,GE.R1,Rural.habitat.mosaic,Trifolium.dubium,Lasioglossum.villosulum,1
GE,21.1,GE.R1,Rural.habitat.mosaic,Leucanthemum.vulgare,Lasioglossum.villosulum,1
GE,21.1,GE.R1,Rural.habitat.mosaic,Leucanthemum.vulgare,Lasioglossum.villosulum,1
GE,21.1,GE.R1,Rural.habitat.mosaic,Leucanthemum.vulgare,Lasioglossum.villosulum,1
GE,21.1,GE.R1,Rural.habitat.mosaic,Leucanthemum.vulgare,Lasioglossum.xanthopus,1
GE,21.1,GE.R1,Rural.habitat.mosaic,Veronica.chamaedrys,Halictus.subauratus,1
GE,21.1,GE.R1,Rural.habitat.mosaic,Leucanthemum.vulgare,Halictus.tumulorum,1
GE,21.1,GE.R1,Rural.habitat.mosaic,Veronica.chamaedrys,Lasioglossum.villosulum,1
GE,21.1,GE.R1,Rural.habitat.mosaic,Leucanthemum.vulgare,Lasioglossum.villosulum,1
GE,21.1,GE.R1,Rural.habitat.mosaic,Veronica.chamaedrys,Sphaerophoria.scripta,1
GE,21.1,GE.R1,Rural.habitat.mosaic,Ranunculus.acris,Lasioglossum.villosulum,1
GE,21.1,GE.R1,Rural.habitat.mosaic,Ranunculus.acris,Lasioglossum.villosulum,1
GE,21.1,GE.R1,Rural.habitat.mosaic,Leucanthemum.vulgare,Lasioglossum.villosulum,1
GE,21.1,GE.R1,Rural.habitat.mosaic,Ranunculus.acris,Lasioglossum.villosulum,1
GE,21.1,GE.R1,Rural.habitat.mosaic,Symphytum.officinale,Bombus.hortorum,1
GE,21.1,GE.R1,Rural.habitat.mosaic,Symphytum.officinale,Bombus.pratorum,1
GE,21.1,GE.R1,Rural.habitat.mosaic,Symphytum.officinale,Bombus.sylvarum,1
GE,21.1,GE.R1,Rural.habitat.mosaic,Symphytum.officinale,Bombus.sylvarum,1
GE,21.1,GE.R1,Rural.habitat.mosaic,Symphytum.officinale,Bombus.sylvarum,1
GE,21.1,GE.R1,Rural.habitat.mosaic,Symphytum.officinale,Bombus.cryptarum/lucorum/magnus/terrestris,1
GE,21.1,GE.R1,Rural.habitat.mosaic,Symphytum.officinale,Bombus.pratorum,1
GE,21.1,GE.R1,Rural.habitat.mosaic,Symphytum.officinale,Bombus.sylvarum,1
GE,21.1,GE.R1,Rural.habitat.mosaic,Symphytum.officinale,Bombus.sylvarum,1
GE,21.1,GE.R1,Rural.habitat.mosaic,Ranunculus.acris,Sphaerophoria.scripta,1
GE,21.1,GE.R2,Rural.habitat.mosaic,Lamium.album,Andrena.haemorrhoa,1
GE,21.1,GE.R2,Rural.habitat.mosaic,Tripleurospermum.maritimum,Lasioglossum.tricinctum,1
GE,21.1,GE.R2,Rural.habitat.mosaic,Anthriscus.sylvestris,Andrena.minutula,1
GE,21.1,GE.R2,Rural.habitat.mosaic,Anthriscus.sylvestris,Andrena.minutula,1
GE,21.1,GE.R2,Rural.habitat.mosaic,Trifolium.pratense,Andrena.nigroaenea,1
GE,21.1,GE.R2,Rural.habitat.mosaic,Tripleurospermum.maritimum,Lasioglossum.xanthopus,1
GE,21.1,GE.R2,Rural.habitat.mosaic,Tripleurospermum.maritimum,Andrena.minutula,1
GE,21.1,GE.R2,Rural.habitat.mosaic,Centaurea.cyanus,Halictus.scabiosae,1
GE,21.1,GE.R2,Rural.habitat.mosaic,Centaurea.cyanus,Apis.mellifera,1
GE,21.1,GE.R2,Rural.habitat.mosaic,Phacelia.tanacetifolia,Apis.mellifera,1
GE,21.1,GE.R2,Rural.habitat.mosaic,Phacelia.tanacetifolia,Apis.mellifera,1
GE,21.1,GE.R2,Rural.habitat.mosaic,Centaurea.cyanus,Apis.mellifera,1
GE,21.1,GE.R2,Rural.habitat.mosaic,Phacelia.tanacetifolia,Apis.mellifera,1
GE,21.1,GE.R2,Rural.habitat.mosaic,Phacelia.tanacetifolia,Apis.mellifera,1
GE,21.1,GE.R2,Rural.habitat.mosaic,Phacelia.tanacetifolia,Bombus.cryptarum/lucorum/magnus/terrestris,1
GE,21.1,GE.R2,Rural.habitat.mosaic,Phacelia.tanacetifolia,Bombus.cryptarum/lucorum/magnus/terrestris,1
GE,21.1,GE.R2,Rural.habitat.mosaic,Phacelia.tanacetifolia,Bombus.lapidarius,1
GE,21.1,GE.R2,Rural.habitat.mosaic,Phacelia.tanacetifolia,Coelioxys.rufescens,1
GE,21.1,GE.R2,Rural.habitat.mosaic,Centaurea.cyanus,Halictus.scabiosae,1
GE,21.1,GE.R2,Rural.habitat.mosaic,Phacelia.tanacetifolia,Halictus.scabiosae,1
GE,21.1,GE.R2,Rural.habitat.mosaic,Phacelia.tanacetifolia,Halictus.scabiosae,1
GE,21.1,GE.R2,Rural.habitat.mosaic,Phacelia.tanacetifolia,Lasioglossum.interruptum,1
GE,21.1,GE.R2,Rural.habitat.mosaic,Phacelia.tanacetifolia,Lasioglossum.interruptum,1
GE,21.1,GE.R2,Rural.habitat.mosaic,Phacelia.tanacetifolia,Apis.mellifera,1
GE,21.1,GE.R2,Rural.habitat.mosaic,Phacelia.tanacetifolia,Apis.mellifera,1
GE,21.1,GE.R2,Rural.habitat.mosaic,Papaver.rhoeas,Bombus.cryptarum/lucorum/magnus/terrestris,1
GE,21.1,GE.R2,Rural.habitat.mosaic,Phacelia.tanacetifolia,Bombus.lapidarius,1
GE,21.1,GE.R2,Rural.habitat.mosaic,Phacelia.tanacetifolia,Bombus.lapidarius,1
GE,21.1,GE.R2,Rural.habitat.mosaic,Papaver.rhoeas,Halictus.quadricinctus,1
GE,21.1,GE.R2,Rural.habitat.mosaic,Phacelia.tanacetifolia,Halictus.scabiosae,1
GE,21.1,GE.R2,Rural.habitat.mosaic,Papaver.rhoeas,Halictus.scabiosae,1
GE,21.1,GE.R2,Rural.habitat.mosaic,Phacelia.tanacetifolia,Halictus.subauratus,1
GE,21.1,GE.R2,Rural.habitat.mosaic,Phacelia.tanacetifolia,Osmia.aurulenta,1
GE,21.1,GE.R2,Rural.habitat.mosaic,Brassica.napus,Apis.mellifera,1
GE,21.1,GE.R2,Rural.habitat.mosaic,Phacelia.tanacetifolia,Bombus.lapidarius,1
GE,21.1,GE.R2,Rural.habitat.mosaic,Phacelia.tanacetifolia,Apis.mellifera,1
GE,21.1,GE.R2,Rural.habitat.mosaic,Phacelia.tanacetifolia,Apis.mellifera,1
GE,21.1,GE.R2,Rural.habitat.mosaic,Phacelia.tanacetifolia,Apis.mellifera,1
GE,21.1,GE.R2,Rural.habitat.mosaic,Phacelia.tanacetifolia,Bombus.cryptarum/lucorum/magnus/terrestris,1
GE,21.1,GE.R2,Rural.habitat.mosaic,Phacelia.tanacetifolia,Bombus.lapidarius,1
GE,21.1,GE.R3,Rural.habitat.mosaic,Fragaria.viridis,Lasioglossum.punctatissimum,1
GE,21.1,GE.R3,Rural.habitat.mosaic,Symphytum.officinale,Osmia.bicornis,1
GE,21.1,GE.R3,Rural.habitat.mosaic,Prunus.mahaleb,Nomada.flavoguttata,1
GE,21.1,GE.R3,Rural.habitat.mosaic,Prunus.mahaleb,Sphecodes.gibbus,1
GE,21.1,GE.R3,Rural.habitat.mosaic,Prunus.mahaleb,Syrphus.ribesii,1
GE,21.1,GE.R3,Rural.habitat.mosaic,Prunus.mahaleb,Syrphus.vitripennis,1
GE,21.1,GE.R3,Rural.habitat.mosaic,Prunus.mahaleb,Andrena.haemorrhoa,1
GE,21.1,GE.R3,Rural.habitat.mosaic,Prunus.mahaleb,Apis.mellifera,1
GE,21.1,GE.R3,Rural.habitat.mosaic,,Apis.mellifera,1
GE,21.1,GE.R3,Rural.habitat.mosaic,Lamium.purpureum,Bombus.pascuorum,1
GE,21.1,GE.R3,Rural.habitat.mosaic,Cerastium.fontanum,Lasioglossum.morio,1
GE,21.1,GE.R3,Rural.habitat.mosaic,Cerastium.fontanum,Lasioglossum.morio,1
GE,21.1,GE.R3,Rural.habitat.mosaic,Prunus.mahaleb,Andrena.minutula,1
GE,21.1,GE.R3,Rural.habitat.mosaic,Prunus.mahaleb,Apis.mellifera,1
GE,21.1,GE.R3,Rural.habitat.mosaic,Prunus.mahaleb,Apis.mellifera,1
GE,21.1,GE.R3,Rural.habitat.mosaic,Prunus.mahaleb,Apis.mellifera,1
GE,21.1,GE.R3,Rural.habitat.mosaic,Acer.pseudoplatanus,Bombus.cryptarum/lucorum/magnus/terrestris,1
GE,21.1,GE.R3,Rural.habitat.mosaic,Acer.pseudoplatanus,Bombus.pratorum,1
GE,21.1,GE.R3,Rural.habitat.mosaic,Acer.pseudoplatanus,Lasioglossum.parvulum,1
GE,21.1,GE.R3,Rural.habitat.mosaic,Cerastium.fontanum,Lasioglossum.morio,1
GE,21.1,GE.R3,Rural.habitat.mosaic,Taraxacum.sp.,Osmia.bicolor,1
GE,21.1,GE.R3,Rural.habitat.mosaic,Prunus.mahaleb,Eupeodes.luniger,1
GE,21.1,GE.R3,Rural.habitat.mosaic,Taraxacum.sp.,Halictus.scabiosae,1
GE,21.1,GE.R3,Rural.habitat.mosaic,Taraxacum.sp.,Andrena.subopaca,1
GE,21.1,GE.R3,Rural.habitat.mosaic,Glechoma.hederacea,Anthophora.aestivalis,1
GE,21.1,GE.R3,Rural.habitat.mosaic,Glechoma.hederacea,Anthophora.aestivalis,1
GE,21.1,GE.R3,Rural.habitat.mosaic,Glechoma.hederacea,Anthophora.aestivalis,1
GE,21.1,GE.R3,Rural.habitat.mosaic,Prunus.mahaleb,Colletes.cunicularius,1
GE,21.1,GE.R3,Rural.habitat.mosaic,Taraxacum.sp.,Osmia.bicolor,1
GE,21.1,GE.R3,Rural.habitat.mosaic,Lepidium.draba,Andrena.minutula,1
GE,21.1,GE.R3,Rural.habitat.mosaic,Cerastium.fontanum,Lasioglossum.morio,1
GE,21.1,GE.R3,Rural.habitat.mosaic,Cerastium.fontanum,Lasioglossum.morio,1
GE,21.1,GE.R3,Rural.habitat.mosaic,Cerastium.fontanum,Lasioglossum.pauxillum,1
GE,21.1,GE.R3,Rural.habitat.mosaic,Cerastium.fontanum,Lasioglossum.pauxillum,1
GE,21.1,GE.R3,Rural.habitat.mosaic,Acer.campestre,Sphecodes.spinulosus,1
GE,21.1,GE.R3,Rural.habitat.mosaic,Cerastium.fontanum,Ceratina.cyanea,1
GE,21.1,GE.R3,Rural.habitat.mosaic,Lepidium.draba,Halictus.tumulorum,1
GE,21.1,GE.R3,Rural.habitat.mosaic,Lepidium.draba,Lasioglossum.aeratum,1
GE,21.1,GE.R3,Rural.habitat.mosaic,Prunus.mahaleb,Pipiza.sp,1
GE,21.1,GE.R3,Rural.habitat.mosaic,Lamium.purpureum,Ceratina.cyanea,1
GE,21.1,GE.R3,Rural.habitat.mosaic,Prunus.mahaleb,Epistrophella.euchroma,1
GE,21.1,GE.R3,Rural.habitat.mosaic,Lamium.purpureum,Osmia.aurulenta,1
GE,21.1,GE.R3,Rural.habitat.mosaic,Malus.sylvestris,Apis.mellifera,1
GE,21.1,GE.R3,Rural.habitat.mosaic,Taraxacum.sp.,Lasioglossum.parvulum,1
GE,21.1,GE.R3,Rural.habitat.mosaic,Salix.alba,Lasioglossum.politum,1
GE,21.1,GE.R4,Rural.habitat.mosaic,Vicia.sepium,Anthophora.aestivalis,1
GE,21.1,GE.R4,Rural.habitat.mosaic,Vicia.sepium,Bombus.ruderatus,1
GE,21.1,GE.R4,Rural.habitat.mosaic,Vicia.sepium,Megachile.circumcincta,1
GE,21.1,GE.R4,Rural.habitat.mosaic,Vicia.hirsuta,Andrena.ovatula,1
GE,21.1,GE.R4,Rural.habitat.mosaic,Geranium.pyrenaicum,Sphecodes.rubicundus,1
GE,21.1,GE.R4,Rural.habitat.mosaic,Veronica.chamaedrys,Lasioglossum.rufitarse,1
GE,21.1,GE.R4,Rural.habitat.mosaic,Veronica.chamaedrys,Episyrphus.balteatus,1
GE,21.1,GE.R4,Rural.habitat.mosaic,Veronica.chamaedrys,Andrena.cineraria,1
GE,21.1,GE.R4,Rural.habitat.mosaic,Veronica.chamaedrys,Andrena.subopaca,1
GE,21.1,GE.R4,Rural.habitat.mosaic,Cerastium.fontanum,Sphaerophoria.taeniata,1
GE,21.1,GE.R4,Rural.habitat.mosaic,Veronica.chamaedrys,Andrena.labiata,1
GE,21.1,GE.R4,Rural.habitat.mosaic,Cerastium.fontanum,Episyrphus.balteatus,1
GE,21.1,GE.R4,Rural.habitat.mosaic,Veronica.chamaedrys,Episyrphus.balteatus,1
GE,21.1,GE.R4,Rural.habitat.mosaic,Veronica.chamaedrys,Eupeodes.corollae,1
GE,21.1,GE.R4,Rural.habitat.mosaic,Lamium.purpureum,Bombus.hortorum,1
GE,21.1,GE.R4,Rural.habitat.mosaic,Vicia.sepium,Andrena.ovatula,1
GE,21.1,GE.R4,Rural.habitat.mosaic,Vicia.sepium,Andrena.ovatula,1
GE,21.1,GE.R4,Rural.habitat.mosaic,Stellaria.holostea,Episyrphus.balteatus,1
GE,21.1,GE.R4,Rural.habitat.mosaic,Vicia.sepium,Bombus.pascuorum,1
GE,21.1,GE.R4,Rural.habitat.mosaic,Vicia.sepium,Andrena.ovatula,1
GE,21.1,GE.R4,Rural.habitat.mosaic,Vicia.sepium,Andrena.ovatula,1
GE,21.1,GE.R4,Rural.habitat.mosaic,Lamium.album,Bombus.pascuorum,1
GE,21.1,GE.R4,Rural.habitat.mosaic,Ranunculus.acris,Episyrphus.balteatus,1
GE,21.1,GE.R4,Rural.habitat.mosaic,Stellaria.holostea,Nomada.flavoguttata,1
GE,21.1,GE.R4,Rural.habitat.mosaic,Veronica.chamaedrys,Osmia.brevicornis,1
GE,21.1,GE.R4,Rural.habitat.mosaic,Veronica.chamaedrys,Andrena.subopaca,1
GE,21.1,GE.R4,Rural.habitat.mosaic,Lamium.album,Bombus.cryptarum/lucorum/magnus/terrestris,1
GE,21.1,GE.R4,Rural.habitat.mosaic,Lamium.album,Bombus.hortorum,1
GE,21.1,GE.R4,Rural.habitat.mosaic,Lamium.album,Bombus.hortorum,1
GE,21.1,GE.R4,Rural.habitat.mosaic,Lamium.album,Bombus.hortorum,1
GE,21.1,GE.R4,Rural.habitat.mosaic,Lamium.album,Bombus.hortorum,1
GE,21.1,GE.R4,Rural.habitat.mosaic,Lamium.album,Bombus.hortorum,1
GE,21.1,GE.R4,Rural.habitat.mosaic,Lamium.album,Lasioglossum.laevigatum,1
GE,21.1,GE.R4,Rural.habitat.mosaic,Lonicera.xylosteum,Apis.mellifera,1
GE,21.1,GE.R4,Rural.habitat.mosaic,Lamium.album,Bombus.hortorum,1
GE,21.2,GE.A1,Intensive.agriculture,Sambucus.nigra,Episyrphus.balteatus,1
GE,21.2,GE.A1,Intensive.agriculture,Sambucus.nigra,Episyrphus.balteatus,1
GE,21.2,GE.A1,Intensive.agriculture,Sambucus.nigra,Episyrphus.balteatus,1
GE,21.2,GE.A1,Intensive.agriculture,,Hoplitis.leucomelana,1
GE,21.2,GE.A1,Intensive.agriculture,Carduus.acanthoides,Megachile.pilidens,1
GE,21.2,GE.A1,Intensive.agriculture,Asparagus.officinalis,Apis.mellifera,1
GE,21.2,GE.A1,Intensive.agriculture,Asparagus.officinalis,Apis.mellifera,1
GE,21.2,GE.A1,Intensive.agriculture,Asparagus.officinalis,Apis.mellifera,1
GE,21.2,GE.A1,Intensive.agriculture,Asparagus.officinalis,Apis.mellifera,1
GE,21.2,GE.A1,Intensive.agriculture,Asparagus.officinalis,Apis.mellifera,1
GE,21.2,GE.A1,Intensive.agriculture,Asparagus.officinalis,Apis.mellifera,1
GE,21.2,GE.A1,Intensive.agriculture,Asparagus.officinalis,Apis.mellifera,1
GE,21.2,GE.A1,Intensive.agriculture,Asparagus.officinalis,Apis.mellifera,1
GE,21.2,GE.A1,Intensive.agriculture,Asparagus.officinalis,Bombus.cryptarum/lucorum/magnus/terrestris,1
GE,21.2,GE.A1,Intensive.agriculture,Asparagus.officinalis,Bombus.cryptarum/lucorum/magnus/terrestris,1
GE,21.2,GE.A1,Intensive.agriculture,Asparagus.officinalis,Bombus.lapidarius,1
GE,21.2,GE.A1,Intensive.agriculture,Asparagus.officinalis,Apis.mellifera,1
GE,21.2,GE.A1,Intensive.agriculture,Asparagus.officinalis,Apis.mellifera,1
GE,21.2,GE.A1,Intensive.agriculture,Asparagus.officinalis,Apis.mellifera,1
GE,21.2,GE.A1,Intensive.agriculture,Asparagus.officinalis,Apis.mellifera,1
GE,21.2,GE.A1,Intensive.agriculture,Asparagus.officinalis,Apis.mellifera,1
GE,21.2,GE.A1,Intensive.agriculture,Asparagus.officinalis,Apis.mellifera,1
GE,21.2,GE.A1,Intensive.agriculture,Asparagus.officinalis,Apis.mellifera,1
GE,21.2,GE.A1,Intensive.agriculture,Asparagus.officinalis,Bombus.lapidarius,1
GE,21.2,GE.A1,Intensive.agriculture,Asparagus.officinalis,Bombus.lapidarius,1
GE,21.2,GE.A1,Intensive.agriculture,Asparagus.officinalis,Apis.mellifera,1
GE,21.2,GE.A1,Intensive.agriculture,Asparagus.officinalis,Apis.mellifera,1
GE,21.2,GE.A1,Intensive.agriculture,Asparagus.officinalis,Apis.mellifera,1
GE,21.2,GE.A1,Intensive.agriculture,Asparagus.officinalis,Apis.mellifera,1
GE,21.2,GE.A1,Intensive.agriculture,Asparagus.officinalis,Apis.mellifera,1
GE,21.2,GE.A1,Intensive.agriculture,Asparagus.officinalis,Bombus.cryptarum/lucorum/magnus/terrestris,1
GE,21.2,GE.A1,Intensive.agriculture,Asparagus.officinalis,Bombus.cryptarum/lucorum/magnus/terrestris,1
GE,21.2,GE.A1,Intensive.agriculture,Asparagus.officinalis,Lasioglossum.pauxillum,1
GE,21.2,GE.A1,Intensive.agriculture,Asparagus.officinalis,Sphaerophoria.scripta,1
GE,21.2,GE.A1,Intensive.agriculture,Asparagus.officinalis,Apis.mellifera,1
GE,21.2,GE.A1,Intensive.agriculture,Asparagus.officinalis,Bombus.cryptarum/lucorum/magnus/terrestris,1
GE,21.2,GE.A1,Intensive.agriculture,Asparagus.officinalis,Bombus.cryptarum/lucorum/magnus/terrestris,1
GE,21.2,GE.A1,Intensive.agriculture,Asparagus.officinalis,Bombus.cryptarum/lucorum/magnus/terrestris,1
GE,21.2,GE.A1,Intensive.agriculture,Asparagus.officinalis,Bombus.cryptarum/lucorum/magnus/terrestris,1
GE,21.2,GE.A1,Intensive.agriculture,Asparagus.officinalis,Bombus.cryptarum/lucorum/magnus/terrestris,1
GE,21.2,GE.A1,Intensive.agriculture,Asparagus.officinalis,Bombus.lapidarius,1
GE,21.2,GE.A1,Intensive.agriculture,Asparagus.officinalis,Bombus.lapidarius,1
GE,21.2,GE.A1,Intensive.agriculture,Asparagus.officinalis,Bombus.lapidarius,1
GE,21.2,GE.A1,Intensive.agriculture,Asparagus.officinalis,Episyrphus.balteatus,1
GE,21.2,GE.A1,Intensive.agriculture,Asparagus.officinalis,Andrena.pilipes,1
GE,21.2,GE.A1,Intensive.agriculture,Asparagus.officinalis,Bombus.cryptarum/lucorum/magnus/terrestris,1
GE,21.2,GE.A1,Intensive.agriculture,Asparagus.officinalis,Bombus.cryptarum/lucorum/magnus/terrestris,1
GE,21.2,GE.A1,Intensive.agriculture,Asparagus.officinalis,Bombus.cryptarum/lucorum/magnus/terrestris,1
GE,21.2,GE.A1,Intensive.agriculture,Asparagus.officinalis,Bombus.cryptarum/lucorum/magnus/terrestris,1
GE,21.2,GE.A1,Intensive.agriculture,Asparagus.officinalis,Eupeodes.corollae,1
GE,21.2,GE.A1,Intensive.agriculture,Asparagus.officinalis,Hoplitis.leucomelana,1
GE,21.2,GE.A1,Intensive.agriculture,Asparagus.officinalis,Hoplitis.leucomelana,1
GE,21.2,GE.A1,Intensive.agriculture,Asparagus.officinalis,Lasioglossum.calceatum,1
GE,21.2,GE.A1,Intensive.agriculture,Asparagus.officinalis,Bombus.cryptarum/lucorum/magnus/terrestris,1
GE,21.2,GE.A1,Intensive.agriculture,Asparagus.officinalis,Bombus.cryptarum/lucorum/magnus/terrestris,1
GE,21.2,GE.A1,Intensive.agriculture,Asparagus.officinalis,Bombus.cryptarum/lucorum/magnus/terrestris,1
GE,21.2,GE.A1,Intensive.agriculture,Asparagus.officinalis,Bombus.cryptarum/lucorum/magnus/terrestris,1
GE,21.2,GE.A1,Intensive.agriculture,Asparagus.officinalis,Bombus.lapidarius,1
GE,21.2,GE.A1,Intensive.agriculture,Asparagus.officinalis,Bombus.lapidarius,1
GE,21.2,GE.A1,Intensive.agriculture,Asparagus.officinalis,Bombus.cryptarum/lucorum/magnus/terrestris,1
GE,21.2,GE.A1,Intensive.agriculture,Asparagus.officinalis,Bombus.cryptarum/lucorum/magnus/terrestris,1
GE,21.2,GE.A1,Intensive.agriculture,Asparagus.officinalis,Bombus.lapidarius,1
GE,21.2,GE.A1,Intensive.agriculture,Asparagus.officinalis,Bombus.lapidarius,1
GE,21.2,GE.A1,Intensive.agriculture,Asparagus.officinalis,Bombus.cryptarum/lucorum/magnus/terrestris,1
GE,21.2,GE.A1,Intensive.agriculture,Asparagus.officinalis,Bombus.cryptarum/lucorum/magnus/terrestris,1
GE,21.2,GE.A1,Intensive.agriculture,Asparagus.officinalis,Bombus.cryptarum/lucorum/magnus/terrestris,1
GE,21.2,GE.A1,Intensive.agriculture,Asparagus.officinalis,Bombus.cryptarum/lucorum/magnus/terrestris,1
GE,21.2,GE.A1,Intensive.agriculture,Asparagus.officinalis,Bombus.lapidarius,1
GE,21.2,GE.A1,Intensive.agriculture,Asparagus.officinalis,Bombus.cryptarum/lucorum/magnus/terrestris,1
GE,21.2,GE.A1,Intensive.agriculture,Asparagus.officinalis,Bombus.cryptarum/lucorum/magnus/terrestris,1
GE,21.2,GE.A1,Intensive.agriculture,Asparagus.officinalis,Bombus.cryptarum/lucorum/magnus/terrestris,1
GE,21.2,GE.A1,Intensive.agriculture,Asparagus.officinalis,Bombus.cryptarum/lucorum/magnus/terrestris,1
GE,21.2,GE.A1,Intensive.agriculture,Asparagus.officinalis,Bombus.lapidarius,1
GE,21.2,GE.A1,Intensive.agriculture,Asparagus.officinalis,Bombus.lapidarius,1
GE,21.2,GE.A1,Intensive.agriculture,Asparagus.officinalis,Bombus.lapidarius,1
GE,21.2,GE.A1,Intensive.agriculture,Sisymbrium.loeselii,Andrena.floricola,1
GE,21.2,GE.A1,Intensive.agriculture,Lycopsis.arvensis,Bombus.hortorum,1
GE,21.2,GE.A1,Intensive.agriculture,Sisymbrium.loeselii,Episyrphus.balteatus,1
GE,21.2,GE.A1,Intensive.agriculture,Carduus.acanthoides,Andrena.flavipes,1
GE,21.2,GE.A1,Intensive.agriculture,Tripleurospermum.maritimum,Andrena.minutula,1
GE,21.2,GE.A1,Intensive.agriculture,Tripleurospermum.maritimum,Andrena.minutula,1
GE,21.2,GE.A1,Intensive.agriculture,Tripleurospermum.maritimum,Andrena.minutuloides,1
GE,21.2,GE.A1,Intensive.agriculture,Carduus.acanthoides,Apis.mellifera,1
GE,21.2,GE.A1,Intensive.agriculture,Carduus.nutans,Bombus.cryptarum/lucorum/magnus/terrestris,1
GE,21.2,GE.A1,Intensive.agriculture,Tripleurospermum.maritimum,Episyrphus.balteatus,1
GE,21.2,GE.A1,Intensive.agriculture,Onopordum.acanthium,Halictus.quadricinctus,1
GE,21.2,GE.A1,Intensive.agriculture,Onopordum.acanthium,Halictus.quadricinctus,1
GE,21.2,GE.A1,Intensive.agriculture,Onopordum.acanthium,Halictus.scabiosae,1
GE,21.2,GE.A1,Intensive.agriculture,Tripleurospermum.maritimum,Lasioglossum.nitidiusculum,1
GE,21.2,GE.A1,Intensive.agriculture,Carduus.acanthoides,Melitta.leporina,1
GE,21.2,GE.A1,Intensive.agriculture,Carduus.acanthoides,Melitta.leporina,1
GE,21.2,GE.A1,Intensive.agriculture,Carduus.acanthoides,Apis.mellifera,1
GE,21.2,GE.A1,Intensive.agriculture,Galium.mollugo,Bombus.cryptarum/lucorum/magnus/terrestris,1
GE,21.2,GE.A1,Intensive.agriculture,Carduus.acanthoides,Bombus.cryptarum/lucorum/magnus/terrestris,1
GE,21.2,GE.A1,Intensive.agriculture,Carduus.acanthoides,Bombus.lapidarius,1
GE,21.2,GE.A1,Intensive.agriculture,Galium.mollugo,Episyrphus.balteatus,1
GE,21.2,GE.A1,Intensive.agriculture,Onopordum.acanthium,Halictus.quadricinctus,1
GE,21.2,GE.A1,Intensive.agriculture,Carduus.acanthoides,Melitta.leporina,1
GE,21.2,GE.A1,Intensive.agriculture,Tripleurospermum.maritimum,Andrena.minutuloides,1
GE,21.2,GE.A1,Intensive.agriculture,Carduus.acanthoides,Apis.mellifera,1
GE,21.2,GE.A1,Intensive.agriculture,Tripleurospermum.maritimum,Sphaerophoria.scripta,1
GE,21.2,GE.A1,Intensive.agriculture,Sisymbrium.loeselii,Lasioglossum.nitidiusculum,1
GE,21.2,GE.A1,Intensive.agriculture,Tripleurospermum.maritimum,Lasioglossum.nitidiusculum,1
GE,21.2,GE.A1,Intensive.agriculture,Tripleurospermum.maritimum,Lasioglossum.nitidiusculum,1
GE,21.2,GE.A1,Intensive.agriculture,Tripleurospermum.maritimum,Sphaerophoria.scripta,1
GE,21.2,GE.A1,Intensive.agriculture,Tripleurospermum.maritimum,Sphaerophoria.scripta,1
GE,21.2,GE.A1,Intensive.agriculture,Tripleurospermum.maritimum,Sphecodes.ephippius,1
GE,21.2,GE.A1,Intensive.agriculture,Tripleurospermum.maritimum,Lasioglossum.nitidiusculum,1
GE,21.2,GE.A1,Intensive.agriculture,Tripleurospermum.maritimum,Sphaerophoria.scripta,1
GE,21.2,GE.A1,Intensive.agriculture,Tripleurospermum.maritimum,Sphecodes.ephippius,1
GE,21.2,GE.A1,Intensive.agriculture,Tripleurospermum.maritimum,Sphecodes.miniatus,1
GE,21.2,GE.A1,Intensive.agriculture,Solanum.tuberosum,Bombus.cryptarum/lucorum/magnus/terrestris,1
GE,21.2,GE.A2,Intensive.agriculture,Carduus.acanthoides,Bombus.cryptarum/lucorum/magnus/terrestris,1
GE,21.2,GE.A2,Intensive.agriculture,Onopordum.acanthium,Bombus.hortorum,1
GE,21.2,GE.A2,Intensive.agriculture,Carduus.acanthoides,Bombus.pascuorum,1
GE,21.2,GE.A2,Intensive.agriculture,Carduus.acanthoides,Bombus.sylvarum,1
GE,21.2,GE.A2,Intensive.agriculture,Centaurea.cyanus,Lasioglossum.malachurum,1
GE,21.2,GE.A2,Intensive.agriculture,Carduus.acanthoides,Lasioglossum.malachurum,1
GE,21.2,GE.A2,Intensive.agriculture,Onopordum.acanthium,Lasioglossum.malachurum,1
GE,21.2,GE.A2,Intensive.agriculture,Onopordum.acanthium,Lasioglossum.malachurum,1
GE,21.2,GE.A2,Intensive.agriculture,Onopordum.acanthium,Lasioglossum.malachurum,1
GE,21.2,GE.A2,Intensive.agriculture,Onopordum.acanthium,Lasioglossum.malachurum,1
GE,21.2,GE.A2,Intensive.agriculture,Onopordum.acanthium,Lasioglossum.pauxillum,1
GE,21.2,GE.A2,Intensive.agriculture,Hypericum.perforatum,Sphaerophoria.scripta,1
GE,21.2,GE.A2,Intensive.agriculture,Onopordum.acanthium,Halictus.eurygnathus/simplex,1
GE,21.2,GE.A2,Intensive.agriculture,Convolvulus.arvensis,Lasioglossum.malachurum,1
GE,21.2,GE.A2,Intensive.agriculture,Convolvulus.arvensis,Nomada.flavoguttata,1
GE,21.2,GE.A2,Intensive.agriculture,Potentilla.reptans,Halictus.leucaheneus,1
GE,21.2,GE.A2,Intensive.agriculture,Convolvulus.arvensis,Lasioglossum.malachurum,1
GE,21.2,GE.A2,Intensive.agriculture,Potentilla.reptans,Lasioglossum.malachurum,1
GE,21.2,GE.A2,Intensive.agriculture,Potentilla.reptans,Lasioglossum.malachurum,1
GE,21.2,GE.A2,Intensive.agriculture,Potentilla.reptans,Lasioglossum.malachurum,1
GE,21.2,GE.A2,Intensive.agriculture,Convolvulus.arvensis,Lasioglossum.morio,1
GE,21.2,GE.A2,Intensive.agriculture,Potentilla.reptans,Lasioglossum.pauxillum,1
GE,21.2,GE.A2,Intensive.agriculture,Tripleurospermum.maritimum,Lasioglossum.malachurum,1
GE,21.2,GE.A2,Intensive.agriculture,Tripleurospermum.maritimum,Sphaerophoria.scripta,1
GE,21.2,GE.A2,Intensive.agriculture,Tripleurospermum.maritimum,Sphaerophoria.scripta,1
GE,21.2,GE.A2,Intensive.agriculture,Tripleurospermum.maritimum,Sphaerophoria.scripta,1
GE,21.2,GE.A2,Intensive.agriculture,Tripleurospermum.maritimum,Sphaerophoria.scripta,1
GE,21.2,GE.A2,Intensive.agriculture,Lupinus.albus,Bombus.hypnorum,1
GE,21.2,GE.A2,Intensive.agriculture,Onopordum.acanthium,Bombus.cryptarum/lucorum/magnus/terrestris,1
GE,21.2,GE.A2,Intensive.agriculture,Onopordum.acanthium,Bombus.lapidarius,1
GE,21.2,GE.A2,Intensive.agriculture,Onopordum.acanthium,Bombus.sylvarum,1
GE,21.2,GE.A2,Intensive.agriculture,Onopordum.acanthium,Lasioglossum.malachurum,1
GE,21.2,GE.A2,Intensive.agriculture,Onopordum.acanthium,Lasioglossum.malachurum,1
GE,21.2,GE.A2,Intensive.agriculture,Onopordum.acanthium,Lasioglossum.malachurum,1
GE,21.2,GE.A2,Intensive.agriculture,Papaver.rhoeas,Lasioglossum.pauxillum,1
GE,21.2,GE.A2,Intensive.agriculture,Onopordum.acanthium,Lasioglossum.pauxillum,1
GE,21.2,GE.A2,Intensive.agriculture,Consolida.regalis,Bombus.hortorum,1
GE,21.2,GE.A2,Intensive.agriculture,Carduus.acanthoides,Bombus.sylvarum,1
GE,21.2,GE.A2,Intensive.agriculture,Tripleurospermum.maritimum,Lasioglossum.malachurum,1
GE,21.2,GE.A2,Intensive.agriculture,Cirsium.arvense,Bombus.cryptarum/lucorum/magnus/terrestris,1
GE,21.2,GE.A2,Intensive.agriculture,Tripleurospermum.maritimum,Colletes.daviesanus,1
GE,21.2,GE.A2,Intensive.agriculture,Tripleurospermum.maritimum,Lasioglossum.malachurum,1
GE,21.2,GE.A2,Intensive.agriculture,Tripleurospermum.maritimum,Lasioglossum.pauxillum,1
GE,21.2,GE.A2,Intensive.agriculture,Echium.vulgare,Bombus.cryptarum/lucorum/magnus/terrestris,1
GE,21.2,GE.A2,Intensive.agriculture,Echium.vulgare,Bombus.pratorum,1
GE,21.2,GE.A2,Intensive.agriculture,Echium.vulgare,Bombus.ruderatus,1
GE,21.2,GE.A2,Intensive.agriculture,Tripleurospermum.maritimum,Colletes.daviesanus,1
GE,21.2,GE.A2,Intensive.agriculture,Carduus.acanthoides,Halictus.simplex,1
GE,21.2,GE.A2,Intensive.agriculture,Tripleurospermum.maritimum,Halictus.subauratus,1
GE,21.2,GE.A2,Intensive.agriculture,Tripleurospermum.maritimum,Heriades.truncorum,1
GE,21.2,GE.A2,Intensive.agriculture,Tripleurospermum.maritimum,Lasioglossum.malachurum,1
GE,21.2,GE.A2,Intensive.agriculture,Potentilla.reptans,Andrena.enslinella,1
GE,21.2,GE.A2,Intensive.agriculture,Echium.vulgare,Bombus.pascuorum,1
GE,21.2,GE.A2,Intensive.agriculture,Potentilla.reptans,Bombus.sylvarum,1
GE,21.2,GE.A2,Intensive.agriculture,Echium.vulgare,Bombus.cryptarum/lucorum/magnus/terrestris,1
GE,21.2,GE.A2,Intensive.agriculture,Echium.vulgare,Bombus.hortorum,1
GE,21.2,GE.A2,Intensive.agriculture,Echium.vulgare,Bombus.hortorum,1
GE,21.2,GE.A2,Intensive.agriculture,Echium.vulgare,Bombus.lapidarius,1
GE,21.2,GE.A2,Intensive.agriculture,Echium.vulgare,Bombus.pratorum,1
GE,21.2,GE.A2,Intensive.agriculture,Echium.vulgare,Bombus.sylvarum,1
GE,21.2,GE.A2,Intensive.agriculture,Echium.vulgare,Bombus.sylvarum,1
GE,21.2,GE.A2,Intensive.agriculture,Potentilla.reptans,Halictus.leucaheneus,1
GE,21.2,GE.A2,Intensive.agriculture,Echium.vulgare,Lasioglossum.malachurum,1
GE,21.2,GE.A2,Intensive.agriculture,Echium.vulgare,Bombus.cryptarum/lucorum/magnus/terrestris,1
GE,21.2,GE.A2,Intensive.agriculture,Echium.vulgare,Bombus.cryptarum/lucorum/magnus/terrestris,1
GE,21.2,GE.A2,Intensive.agriculture,Echium.vulgare,Bombus.cryptarum/lucorum/magnus/terrestris,1
GE,21.2,GE.A2,Intensive.agriculture,Echium.vulgare,Hylaeus.brevicornis,1
GE,21.2,GE.A2,Intensive.agriculture,Echium.vulgare,Lasioglossum.malachurum,1
GE,21.2,GE.A2,Intensive.agriculture,Echium.vulgare,Lasioglossum.malachurum,1
GE,21.2,GE.A2,Intensive.agriculture,Sisymbrium.loeselii,Andrena.flavipes,1
GE,21.2,GE.A2,Intensive.agriculture,Echium.vulgare,Bombus.lapidarius,1
GE,21.2,GE.A2,Intensive.agriculture,Echium.vulgare,Bombus.lapidarius,1
GE,21.2,GE.A2,Intensive.agriculture,Carduus.acanthoides,Bombus.vestalis,1
GE,21.2,GE.A2,Intensive.agriculture,Tripleurospermum.maritimum,Halictus.maculatus,1
GE,21.2,GE.A2,Intensive.agriculture,Carduus.acanthoides,Halictus.quadricinctus,1
GE,21.2,GE.A2,Intensive.agriculture,Tripleurospermum.maritimum,Lasioglossum.malachurum,1
GE,21.2,GE.A2,Intensive.agriculture,Tripleurospermum.maritimum,Lasioglossum.malachurum,1
GE,21.2,GE.A2,Intensive.agriculture,Tripleurospermum.maritimum,Lasioglossum.malachurum,1
GE,21.2,GE.A2,Intensive.agriculture,Tripleurospermum.maritimum,Lasioglossum.pauxillum,1
GE,21.2,GE.A2,Intensive.agriculture,Tripleurospermum.maritimum,Lasioglossum.pauxillum,1
GE,21.2,GE.A2,Intensive.agriculture,Lycopsis.arvensis,Bombus.cryptarum/lucorum/magnus/terrestris,1
GE,21.2,GE.A2,Intensive.agriculture,Lycopsis.arvensis,Bombus.hortorum,1
GE,21.2,GE.A2,Intensive.agriculture,Centaurea.cyanus,Bombus.lapidarius,1
GE,21.2,GE.A2,Intensive.agriculture,Papaver.rhoeas,Bombus.sylvarum,1
GE,21.2,GE.A2,Intensive.agriculture,Tripleurospermum.maritimum,Lasioglossum.malachurum,1
GE,21.2,GE.A2,Intensive.agriculture,Tripleurospermum.maritimum,Lasioglossum.malachurum,1
GE,21.2,GE.A2,Intensive.agriculture,Tripleurospermum.maritimum,Lasioglossum.malachurum,1
GE,21.2,GE.A2,Intensive.agriculture,Tripleurospermum.maritimum,Lasioglossum.malachurum,1
GE,21.2,GE.A2,Intensive.agriculture,Tripleurospermum.maritimum,Lasioglossum.malachurum,1
GE,21.2,GE.A2,Intensive.agriculture,Sisymbrium.loeselii,Lasioglossum.malachurum,1
GE,21.2,GE.A2,Intensive.agriculture,Papaver.rhoeas,Lasioglossum.nitidiusculum,1
GE,21.2,GE.A2,Intensive.agriculture,Ballota.nigra,Anthidium.manicatum,1
GE,21.2,GE.A2,Intensive.agriculture,Ballota.nigra,Bombus.pascuorum,1
GE,21.2,GE.A3,Intensive.agriculture,Chaerophyllum.bulbosum,Andrena.minutula,1
GE,21.2,GE.A3,Intensive.agriculture,Chaerophyllum.bulbosum,Andrena.minutula,1
GE,21.2,GE.A3,Intensive.agriculture,Cirsium.arvense,Apis.mellifera,1
GE,21.2,GE.A3,Intensive.agriculture,Cirsium.arvense,Apis.mellifera,1
GE,21.2,GE.A3,Intensive.agriculture,Cirsium.arvense,Apis.mellifera,1
GE,21.2,GE.A3,Intensive.agriculture,Cirsium.arvense,Apis.mellifera,1
GE,21.2,GE.A3,Intensive.agriculture,Cirsium.arvense,Bombus.cryptarum/lucorum/magnus/terrestris,1
GE,21.2,GE.A3,Intensive.agriculture,Cirsium.arvense,Apis.mellifera,1
GE,21.2,GE.A3,Intensive.agriculture,Cirsium.arvense,Apis.mellifera,1
GE,21.2,GE.A3,Intensive.agriculture,Hypericum.perforatum,Bombus.cryptarum/lucorum/magnus/terrestris,1
GE,21.2,GE.A3,Intensive.agriculture,Cirsium.arvense,Bombus.cryptarum/lucorum/magnus/terrestris,1
GE,21.2,GE.A3,Intensive.agriculture,Hypericum.perforatum,Bombus.lapidarius,1
GE,21.2,GE.A3,Intensive.agriculture,Hypericum.perforatum,Bombus.pascuorum,1
GE,21.2,GE.A3,Intensive.agriculture,Echium.vulgare,Episyrphus.balteatus,1
GE,21.2,GE.A3,Intensive.agriculture,Cirsium.arvense,Episyrphus.balteatus,1
GE,21.2,GE.A3,Intensive.agriculture,Hypericum.perforatum,Eupeodes.corollae,1
GE,21.2,GE.A3,Intensive.agriculture,Convolvulus.arvensis,Melanostoma.mellinum,1
GE,21.2,GE.A3,Intensive.agriculture,Geranium.pusillum,Sphaerophoria.scripta,1
GE,21.2,GE.A3,Intensive.agriculture,Geranium.pusillum,Sphaerophoria.scripta,1
GE,21.2,GE.A3,Intensive.agriculture,Tilia.cordata,Helophilus.pendulus,1
GE,21.2,GE.A3,Intensive.agriculture,Tilia.cordata,Bombus.lapidarius,1
GE,21.2,GE.A3,Intensive.agriculture,Ballota.nigra,Bombus.pascuorum,1
GE,21.2,GE.A3,Intensive.agriculture,Hypericum.perforatum,Apis.mellifera,1
GE,21.2,GE.A3,Intensive.agriculture,Carduus.acanthoides,Bombus.cryptarum/lucorum/magnus/terrestris,1
GE,21.2,GE.A3,Intensive.agriculture,Astragalus.glycyphyllos,Bombus.cryptarum/lucorum/magnus/terrestris,1
GE,21.2,GE.A3,Intensive.agriculture,Carduus.acanthoides,Episyrphus.balteatus,1
GE,21.2,GE.A3,Intensive.agriculture,Carduus.acanthoides,Halictus.simplex,1
GE,21.2,GE.A3,Intensive.agriculture,Carduus.acanthoides,Lasioglossum.malachurum,1
GE,21.2,GE.A3,Intensive.agriculture,Carduus.acanthoides,Syrphus.ribesii,1
GE,21.2,GE.A3,Intensive.agriculture,Hypericum.perforatum,Episyrphus.balteatus,1
GE,21.2,GE.A3,Intensive.agriculture,Rubus.sp.,Bombus.pascuorum,1
GE,21.2,GE.A3,Intensive.agriculture,Hypericum.perforatum,Lasioglossum.pauxillum,1
GE,21.2,GE.A3,Intensive.agriculture,Hypericum.perforatum,Bombus.lapidarius,1
GE,21.2,GE.A3,Intensive.agriculture,Galium.mollugo,Halictus.tumulorum,1
GE,21.2,GE.A3,Intensive.agriculture,Carduus.acanthoides,Bombus.cryptarum/lucorum/magnus/terrestris,1
GE,21.2,GE.A3,Intensive.agriculture,Sisymbrium.loeselii,Bombus.lapidarius,1
GE,21.2,GE.A3,Intensive.agriculture,Carduus.acanthoides,Bombus.lapidarius,1
GE,21.2,GE.A3,Intensive.agriculture,Carduus.acanthoides,Bombus.lapidarius,1
GE,21.2,GE.A3,Intensive.agriculture,Tripleurospermum.maritimum,Episyrphus.balteatus,1
GE,21.2,GE.A3,Intensive.agriculture,Cichorium.intybus,Lasioglossum.malachurum,1
GE,21.2,GE.A3,Intensive.agriculture,Cichorium.intybus,Lasioglossum.malachurum,1
GE,21.2,GE.A3,Intensive.agriculture,Tripleurospermum.maritimum,Sphaerophoria.scripta,1
GE,21.2,GE.A3,Intensive.agriculture,Carduus.acanthoides,Andrena.flavipes,1
GE,21.2,GE.A3,Intensive.agriculture,Papaver.rhoeas,Bombus.cryptarum/lucorum/magnus/terrestris,1
GE,21.2,GE.A3,Intensive.agriculture,Consolida.regalis,Bombus.sylvarum,1
GE,21.2,GE.A3,Intensive.agriculture,Carduus.acanthoides,Eupeodes.corollae,1
GE,21.2,GE.A3,Intensive.agriculture,Tripleurospermum.maritimum,Lasioglossum.malachurum,1
GE,21.2,GE.A3,Intensive.agriculture,Carduus.acanthoides,Lasioglossum.malachurum,1
GE,21.2,GE.A3,Intensive.agriculture,Phacelia.tanacetifolia,Apis.mellifera,1
GE,21.2,GE.A3,Intensive.agriculture,Carduus.acanthoides,Bombus.cryptarum/lucorum/magnus/terrestris,1
GE,21.2,GE.A3,Intensive.agriculture,Phacelia.tanacetifolia,Bombus.lapidarius,1
GE,21.2,GE.A3,Intensive.agriculture,Papaver.rhoeas,Bombus.lapidarius,1
GE,21.2,GE.A3,Intensive.agriculture,Carduus.acanthoides,Bombus.sylvarum,1
GE,21.2,GE.A3,Intensive.agriculture,Carduus.acanthoides,Episyrphus.balteatus,1
GE,21.2,GE.A3,Intensive.agriculture,Galium.verum,Episyrphus.balteatus,1
GE,21.2,GE.A3,Intensive.agriculture,Aethusa.cynapium,Episyrphus.balteatus,1
GE,21.2,GE.A3,Intensive.agriculture,Phacelia.tanacetifolia,Lasioglossum.aeratum,1
GE,21.2,GE.A3,Intensive.agriculture,Galium.verum,Lasioglossum.politum,1
GE,21.2,GE.A3,Intensive.agriculture,Cota.tinctoria,Colletes.daviesanus,1
GE,21.2,GE.A3,Intensive.agriculture,Tripleurospermum.maritimum,Halictus.subauratus,1
GE,21.2,GE.A3,Intensive.agriculture,Plantago.lanceolata,Halictus.subauratus,1
GE,21.2,GE.A3,Intensive.agriculture,Sisymbrium.loeselii,Andrena.flavipes,1
GE,21.2,GE.A3,Intensive.agriculture,Sisymbrium.loeselii,Andrena.minutula,1
GE,21.2,GE.A3,Intensive.agriculture,Malva.moschata,Apis.mellifera,1
GE,21.2,GE.A3,Intensive.agriculture,Papaver.rhoeas,Bombus.cryptarum/lucorum/magnus/terrestris,1
GE,21.2,GE.A3,Intensive.agriculture,Carduus.acanthoides,Bombus.lapidarius,1
GE,21.2,GE.A3,Intensive.agriculture,Sisymbrium.loeselii,Andrena.flavipes,1
GE,21.2,GE.A3,Intensive.agriculture,Phacelia.tanacetifolia,Apis.mellifera,1
GE,21.2,GE.A3,Intensive.agriculture,Centaurea.jacea,Bombus.sylvarum,1
GE,21.2,GE.A3,Intensive.agriculture,Tripleurospermum.maritimum,Eristalis.tenax,1
GE,21.2,GE.A3,Intensive.agriculture,Carduus.acanthoides,Halictus.scabiosae,1
GE,21.2,GE.A3,Intensive.agriculture,Phacelia.tanacetifolia,Lasioglossum.malachurum,1
GE,21.2,GE.A3,Intensive.agriculture,Phacelia.tanacetifolia,Lasioglossum.malachurum,1
GE,21.2,GE.A3,Intensive.agriculture,Tripleurospermum.maritimum,Lasioglossum.malachurum,1
GE,21.2,GE.A3,Intensive.agriculture,Tripleurospermum.maritimum,Sphaerophoria.scripta,1
GE,21.2,GE.A3,Intensive.agriculture,Achillea.millefolium,Sphaerophoria.scripta,1
GE,21.2,GE.A3,Intensive.agriculture,Malva.moschata,Apis.mellifera,1
GE,21.2,GE.A3,Intensive.agriculture,Tripleurospermum.maritimum,Eristalis.tenax,1
GE,21.2,GE.A3,Intensive.agriculture,Chaerophyllum.bulbosum,Andrena.alfkenella,1
GE,21.2,GE.A3,Intensive.agriculture,Carduus.acanthoides,Apis.mellifera,1
GE,21.2,GE.A3,Intensive.agriculture,Carduus.acanthoides,Bombus.cryptarum/lucorum/magnus/terrestris,1
GE,21.2,GE.A3,Intensive.agriculture,Carduus.acanthoides,Bombus.lapidarius,1
GE,21.2,GE.A3,Intensive.agriculture,Carduus.acanthoides,Bombus.lapidarius,1
GE,21.2,GE.A3,Intensive.agriculture,Carduus.acanthoides,Bombus.lapidarius,1
GE,21.2,GE.A3,Intensive.agriculture,Tripleurospermum.maritimum,Episyrphus.balteatus,1
GE,21.2,GE.A3,Intensive.agriculture,Tripleurospermum.maritimum,Eupeodes.corollae,1
GE,21.2,GE.A3,Intensive.agriculture,Carduus.acanthoides,Halictus.scabiosae,1
GE,21.2,GE.A3,Intensive.agriculture,Carduus.acanthoides,Bombus.lapidarius,1
GE,21.2,GE.A3,Intensive.agriculture,Carduus.acanthoides,Bombus.lapidarius,1
GE,21.2,GE.A3,Intensive.agriculture,Tripleurospermum.maritimum,Lasioglossum.malachurum,1
GE,21.2,GE.A3,Intensive.agriculture,Carduus.acanthoides,Scaeva.pyrastri,1
GE,21.2,GE.A3,Intensive.agriculture,Tripleurospermum.maritimum,Sphaerophoria.scripta,1
GE,21.2,GE.A4,Intensive.agriculture,Carduus.acanthoides,Apis.mellifera,1
GE,21.2,GE.A4,Intensive.agriculture,Carduus.acanthoides,Bombus.lapidarius,1
GE,21.2,GE.A4,Intensive.agriculture,Achillea.millefolium,Halictus.subauratus,1
GE,21.2,GE.A4,Intensive.agriculture,Carduus.acanthoides,Apis.mellifera,1
GE,21.2,GE.A4,Intensive.agriculture,Carduus.acanthoides,Bombus.cryptarum/lucorum/magnus/terrestris,1
GE,21.2,GE.A4,Intensive.agriculture,Papaver.rhoeas,Halictus.tumulorum,1
GE,21.2,GE.A4,Intensive.agriculture,Carduus.acanthoides,Halictus.tumulorum,1
GE,21.2,GE.A4,Intensive.agriculture,Carduus.acanthoides,Apis.mellifera,1
GE,21.2,GE.A4,Intensive.agriculture,Carduus.acanthoides,Bombus.cryptarum/lucorum/magnus/terrestris,1
GE,21.2,GE.A4,Intensive.agriculture,Carduus.acanthoides,Bombus.cryptarum/lucorum/magnus/terrestris,1
GE,21.2,GE.A4,Intensive.agriculture,Carduus.acanthoides,Bombus.cryptarum/lucorum/magnus/terrestris,1
GE,21.2,GE.A4,Intensive.agriculture,Carduus.acanthoides,Pseudoanthidium.nanum,1
GE,21.2,GE.A4,Intensive.agriculture,Carduus.acanthoides,Bombus.vestalis,1
GE,21.2,GE.A4,Intensive.agriculture,Galium.verum,Halictus.tumulorum,1
GE,21.2,GE.A4,Intensive.agriculture,Galium.verum,Halictus.tumulorum,1
GE,21.2,GE.A4,Intensive.agriculture,Carduus.acanthoides,Bombus.cryptarum/lucorum/magnus/terrestris,1
GE,21.2,GE.A4,Intensive.agriculture,Sisymbrium.loeselii,Lasioglossum.pauxillum,1
GE,21.2,GE.A4,Intensive.agriculture,Carduus.acanthoides,Apis.mellifera,1
GE,21.2,GE.A4,Intensive.agriculture,Carduus.acanthoides,Bombus.cryptarum/lucorum/magnus/terrestris,1
GE,21.2,GE.A4,Intensive.agriculture,Carduus.acanthoides,Bombus.cryptarum/lucorum/magnus/terrestris,1
GE,21.2,GE.A4,Intensive.agriculture,Carduus.acanthoides,Bombus.lapidarius,1
GE,21.2,GE.A4,Intensive.agriculture,Carduus.acanthoides,Halictus.semitectus,1
GE,21.2,GE.A4,Intensive.agriculture,Galium.verum,Halictus.tumulorum,1
GE,21.2,GE.A4,Intensive.agriculture,Galium.verum,Halictus.tumulorum,1
GE,21.2,GE.A4,Intensive.agriculture,Galium.verum,Lasioglossum.politum,1
GE,21.2,GE.A4,Intensive.agriculture,Carduus.acanthoides,Osmia.spinulosa,1
GE,21.2,GE.A4,Intensive.agriculture,Carduus.acanthoides,Apis.mellifera,1
GE,21.2,GE.A4,Intensive.agriculture,Carduus.acanthoides,Bombus.cryptarum/lucorum/magnus/terrestris,1
GE,21.2,GE.A4,Intensive.agriculture,Carduus.acanthoides,Bombus.cryptarum/lucorum/magnus/terrestris,1
GE,21.2,GE.A4,Intensive.agriculture,Sisymbrium.loeselii,Coelioxys.inermis,1
GE,21.2,GE.A4,Intensive.agriculture,Carduus.acanthoides,Halictus.scabiosae,1
GE,21.2,GE.A4,Intensive.agriculture,Carduus.acanthoides,Halictus.simplex,1
GE,21.2,GE.A4,Intensive.agriculture,Centaurea.stoebe,Bombus.cryptarum/lucorum/magnus/terrestris,1
GE,21.2,GE.A4,Intensive.agriculture,Centaurea.stoebe,Camptopoeum.friesei,1
GE,21.2,GE.A4,Intensive.agriculture,Centaurea.stoebe,Halictus.eurygnathus/simplex,1
GE,21.2,GE.A4,Intensive.agriculture,Centaurea.stoebe,Halictus.eurygnathus/simplex,1
GE,21.2,GE.A4,Intensive.agriculture,Centaurea.stoebe,Halictus.scabiosae,1
GE,21.2,GE.A4,Intensive.agriculture,Centaurea.stoebe,Halictus.simplex,1
GE,21.2,GE.A4,Intensive.agriculture,Centaurea.stoebe,Lasioglossum.lativentre,1
GE,21.2,GE.A4,Intensive.agriculture,Centaurea.stoebe,Lasioglossum.malachurum,1
GE,21.2,GE.A4,Intensive.agriculture,Centaurea.stoebe,Megachile.pilidens,1
GE,21.2,GE.A4,Intensive.agriculture,Centaurea.stoebe,Stelis.punctulatissima,1
GE,21.2,GE.A4,Intensive.agriculture,Centaurea.stoebe,Apis.mellifera,1
GE,21.2,GE.A4,Intensive.agriculture,Centaurea.stoebe,Bombus.cryptarum/lucorum/magnus/terrestris,1
GE,21.2,GE.A4,Intensive.agriculture,Carduus.acanthoides,Dasypoda.hirtipes,1
GE,21.2,GE.A4,Intensive.agriculture,Centaurea.stoebe,Halictus.eurygnathus/simplex,1
GE,21.2,GE.A4,Intensive.agriculture,Centaurea.stoebe,Lasioglossum.malachurum,1
GE,21.2,GE.A4,Intensive.agriculture,Centaurea.stoebe,Lasioglossum.malachurum,1
GE,21.2,GE.A4,Intensive.agriculture,Centaurea.stoebe,Pseudoanthidium.nanum,1
GE,21.2,GE.A4,Intensive.agriculture,Echium.vulgare,Lasioglossum.morio,1
GE,21.2,GE.A4,Intensive.agriculture,Tripleurospermum.maritimum,Lasioglossum.pauxillum,1
GE,21.2,GE.A4,Intensive.agriculture,Sisymbrium.loeselii,Lasioglossum.politum,1
GE,21.2,GE.A4,Intensive.agriculture,Onopordum.acanthium,Andrena.flavipes,1
GE,21.2,GE.A4,Intensive.agriculture,Onopordum.acanthium,Apis.mellifera,1
GE,21.2,GE.A4,Intensive.agriculture,Echium.vulgare,Apis.mellifera,1
GE,21.2,GE.A4,Intensive.agriculture,Echium.vulgare,Apis.mellifera,1
GE,21.2,GE.A4,Intensive.agriculture,Onopordum.acanthium,Apis.mellifera,1
GE,21.2,GE.A4,Intensive.agriculture,Onopordum.acanthium,Apis.mellifera,1
GE,21.2,GE.A4,Intensive.agriculture,Tripleurospermum.maritimum,Colletes.similis,1
GE,21.2,GE.A4,Intensive.agriculture,Tripleurospermum.maritimum,Colletes.similis,1
GE,21.2,GE.A4,Intensive.agriculture,Rubus.sp.,Episyrphus.balteatus,1
GE,21.2,GE.A4,Intensive.agriculture,Onopordum.acanthium,Halictus.scabiosae,1
GE,21.2,GE.A4,Intensive.agriculture,Onopordum.acanthium,Lasioglossum.lineare,1
GE,21.2,GE.A4,Intensive.agriculture,Onopordum.acanthium,Lasioglossum.pauxillum,1
GE,21.2,GE.A4,Intensive.agriculture,Tripleurospermum.maritimum,Lasioglossum.pauxillum,1
GE,21.2,GE.A4,Intensive.agriculture,Echium.vulgare,Lasioglossum.politum,1
GE,21.2,GE.A4,Intensive.agriculture,Rubus.sp.,Lasioglossum.politum,1
GE,21.2,GE.A4,Intensive.agriculture,Onopordum.acanthium,Lasioglossum.politum,1
GE,21.2,GE.A4,Intensive.agriculture,Onopordum.acanthium,Megachile.pilidens,1
GE,21.2,GE.A4,Intensive.agriculture,Convolvulus.arvensis,Halictus.simplex,1
GE,21.2,GE.A4,Intensive.agriculture,Convolvulus.arvensis,Halictus.simplex,1
GE,21.2,GE.A4,Intensive.agriculture,Convolvulus.arvensis,Halictus.simplex,1
GE,21.2,GE.A4,Intensive.agriculture,Convolvulus.arvensis,Lasioglossum.lineare,1
GE,21.2,GE.A4,Intensive.agriculture,Convolvulus.arvensis,Lasioglossum.malachurum,1
GE,21.2,GE.A4,Intensive.agriculture,Sisymbrium.loeselii,Lasioglossum.morio,1
GE,21.2,GE.A4,Intensive.agriculture,Sisymbrium.loeselii,Lasioglossum.morio,1
GE,21.2,GE.A4,Intensive.agriculture,Salvia.pratensis,Apis.mellifera,1
GE,21.2,GE.A4,Intensive.agriculture,Salvia.pratensis,Apis.mellifera,1
GE,21.2,GE.A4,Intensive.agriculture,Salvia.pratensis,Lasioglossum.malachurum,1
GE,21.2,GE.A4,Intensive.agriculture,Salvia.pratensis,Lasioglossum.morio,1
GE,21.2,GE.A4,Intensive.agriculture,Salvia.pratensis,Lasioglossum.pauxillum,1
GE,21.2,GE.A4,Intensive.agriculture,Salvia.pratensis,Lasioglossum.politum,1
GE,21.2,GE.A4,Intensive.agriculture,Salvia.pratensis,Lasioglossum.politum,1
GE,21.2,GE.A4,Intensive.agriculture,Salvia.pratensis,Lasioglossum.politum,1
GE,21.2,GE.A4,Intensive.agriculture,Centaurea.scabiosa,Bombus.lapidarius,1
GE,21.2,GE.A4,Intensive.agriculture,Galium.verum,Lasioglossum.morio,1
GE,21.2,GE.A4,Intensive.agriculture,Galium.verum,Lasioglossum.morio,1
GE,21.2,GE.A4,Intensive.agriculture,Galium.verum,Lasioglossum.pauxillum,1
GE,21.2,GE.A4,Intensive.agriculture,Galium.verum,Lasioglossum.politum,1
GE,21.2,GE.A4,Intensive.agriculture,Salvia.pratensis,Lasioglossum.politum,1
GE,21.2,GE.A4,Intensive.agriculture,Galium.verum,Lasioglossum.politum,1
GE,21.2,GE.A4,Intensive.agriculture,Galium.verum,Episyrphus.balteatus,1
GE,21.2,GE.A4,Intensive.agriculture,Galium.verum,Episyrphus.balteatus,1
GE,21.2,GE.A4,Intensive.agriculture,Centaurea.scabiosa,Halictus.eurygnathus/simplex,1
GE,21.2,GE.A4,Intensive.agriculture,Centaurea.scabiosa,Halictus.quadricinctus,1
GE,21.2,GE.A4,Intensive.agriculture,Galium.verum,Lasioglossum.aeratum,1
GE,21.2,GE.A4,Intensive.agriculture,Galium.verum,Lasioglossum.politum,1
GE,21.2,GE.A4,Intensive.agriculture,Echium.vulgare,Lasioglossum.politum,1
GE,21.2,GE.A4,Intensive.agriculture,Carduus.acanthoides,Osmia.spinulosa,1
GE,21.2,GE.A4,Intensive.agriculture,Carduus.acanthoides,Apis.mellifera,1
GE,21.2,GE.A4,Intensive.agriculture,Carduus.acanthoides,Bombus.cryptarum/lucorum/magnus/terrestris,1
GE,21.2,GE.A4,Intensive.agriculture,Centaurea.stoebe,Bombus.lapidarius,1
GE,21.2,GE.A4,Intensive.agriculture,Centaurea.stoebe,Halictus.semitectus,1
GE,21.2,GE.A4,Intensive.agriculture,Centaurea.stoebe,Halictus.simplex,1
GE,21.2,GE.A4,Intensive.agriculture,Carduus.acanthoides,Osmia.spinulosa,1
GE,21.2,GE.A4,Intensive.agriculture,Centaurea.stoebe,Pseudoanthidium.nanum,1
GE,21.2,GE.A4,Intensive.agriculture,Hypericum.perforatum,Lasioglossum.politum,1
GE,21.2,GE.A4,Intensive.agriculture,Centaurea.stoebe,Heriades.rubicola,1
GE,21.2,GE.A4,Intensive.agriculture,Echium.vulgare,Hylaeus.angustatus,1
GE,21.2,GE.A4,Intensive.agriculture,Centaurea.stoebe,Lasioglossum.zonulum,1
GE,21.2,GE.A4,Intensive.agriculture,Centaurea.stoebe,Stelis.breviuscula,1
GE,21.2,GE.R1,Rural.habitat.mosaic,Malva.sylvestris,Andrena.bicolor,1
GE,21.2,GE.R1,Rural.habitat.mosaic,Malva.sylvestris,Bombus.sylvarum,1
GE,21.2,GE.R1,Rural.habitat.mosaic,Convolvulus.arvensis,Lasioglossum.malachurum,1
GE,21.2,GE.R1,Rural.habitat.mosaic,Tripleurospermum.maritimum,Andrena.flavipes,1
GE,21.2,GE.R1,Rural.habitat.mosaic,Tripleurospermum.maritimum,Andrena.gravida,1
GE,21.2,GE.R1,Rural.habitat.mosaic,Tripleurospermum.maritimum,Andrena.gravida,1
GE,21.2,GE.R1,Rural.habitat.mosaic,Onopordum.acanthium,Bombus.lapidarius,1
GE,21.2,GE.R1,Rural.habitat.mosaic,Tripleurospermum.maritimum,Episyrphus.balteatus,1
GE,21.2,GE.R1,Rural.habitat.mosaic,Onopordum.acanthium,Episyrphus.balteatus,1
GE,21.2,GE.R1,Rural.habitat.mosaic,Convolvulus.arvensis,Episyrphus.balteatus,1
GE,21.2,GE.R1,Rural.habitat.mosaic,Convolvulus.arvensis,Episyrphus.balteatus,1
GE,21.2,GE.R1,Rural.habitat.mosaic,Convolvulus.arvensis,Eupeodes.corollae,1
GE,21.2,GE.R1,Rural.habitat.mosaic,Tripleurospermum.maritimum,Lasioglossum.pauxillum,1
GE,21.2,GE.R1,Rural.habitat.mosaic,Tripleurospermum.maritimum,Lasioglossum.pauxillum,1
GE,21.2,GE.R1,Rural.habitat.mosaic,Tripleurospermum.maritimum,Lasioglossum.pauxillum,1
GE,21.2,GE.R1,Rural.habitat.mosaic,Papaver.rhoeas,Lasioglossum.pauxillum,1
GE,21.2,GE.R1,Rural.habitat.mosaic,Papaver.rhoeas,Lasioglossum.pauxillum,1
GE,21.2,GE.R1,Rural.habitat.mosaic,Tripleurospermum.maritimum,Sphaerophoria.scripta,1
GE,21.2,GE.R1,Rural.habitat.mosaic,Tripleurospermum.maritimum,Sphaerophoria.scripta,1
GE,21.2,GE.R1,Rural.habitat.mosaic,Tripleurospermum.maritimum,Sphaerophoria.scripta,1
GE,21.2,GE.R1,Rural.habitat.mosaic,Convolvulus.arvensis,Andrena.bicolor,1
GE,21.2,GE.R1,Rural.habitat.mosaic,Convolvulus.arvensis,Bombus.cryptarum/lucorum/magnus/terrestris,1
GE,21.2,GE.R1,Rural.habitat.mosaic,Onopordum.acanthium,Bombus.sylvarum,1
GE,21.2,GE.R1,Rural.habitat.mosaic,Convolvulus.arvensis,Episyrphus.balteatus,1
GE,21.2,GE.R1,Rural.habitat.mosaic,Convolvulus.arvensis,Episyrphus.balteatus,1
GE,21.2,GE.R1,Rural.habitat.mosaic,Convolvulus.arvensis,Episyrphus.balteatus,1
GE,21.2,GE.R1,Rural.habitat.mosaic,Onopordum.acanthium,Eupeodes.corollae,1
GE,21.2,GE.R1,Rural.habitat.mosaic,,Lasioglossum.calceatum,1
GE,21.2,GE.R1,Rural.habitat.mosaic,Convolvulus.arvensis,Lasioglossum.malachurum,1
GE,21.2,GE.R1,Rural.habitat.mosaic,Falcaria.vulgaris,Andrena.bicolor,1
GE,21.2,GE.R1,Rural.habitat.mosaic,Convolvulus.arvensis,Andrena.minutula,1
GE,21.2,GE.R1,Rural.habitat.mosaic,Convolvulus.arvensis,Lasioglossum.calceatum,1
GE,21.2,GE.R1,Rural.habitat.mosaic,Convolvulus.arvensis,Lasioglossum.calceatum,1
GE,21.2,GE.R1,Rural.habitat.mosaic,Convolvulus.arvensis,Lasioglossum.zonulum,1
GE,21.2,GE.R1,Rural.habitat.mosaic,Papaver.rhoeas,Melanostoma.mellinum,1
GE,21.2,GE.R1,Rural.habitat.mosaic,Convolvulus.arvensis,Scaeva.pyrastri,1
GE,21.2,GE.R1,Rural.habitat.mosaic,Onopordum.acanthium,Bombus.lapidarius,1
GE,21.2,GE.R1,Rural.habitat.mosaic,Convolvulus.arvensis,Lasioglossum.pauxillum,1
GE,21.2,GE.R1,Rural.habitat.mosaic,Convolvulus.arvensis,Lasioglossum.pauxillum,1
GE,21.2,GE.R1,Rural.habitat.mosaic,Convolvulus.arvensis,Melanostoma.mellinum,1
GE,21.2,GE.R1,Rural.habitat.mosaic,Convolvulus.arvensis,Sphaerophoria.scripta,1
GE,21.2,GE.R1,Rural.habitat.mosaic,Convolvulus.arvensis,Bombus.lapidarius,1
GE,21.2,GE.R1,Rural.habitat.mosaic,Convolvulus.arvensis,Sphaerophoria.scripta,1
GE,21.2,GE.R1,Rural.habitat.mosaic,Convolvulus.arvensis,Bombus.cryptarum/lucorum/magnus/terrestris,1
GE,21.2,GE.R1,Rural.habitat.mosaic,Reseda.lutea,Bombus.lapidarius,1
GE,21.2,GE.R1,Rural.habitat.mosaic,Reseda.lutea,Bombus.lapidarius,1
GE,21.2,GE.R1,Rural.habitat.mosaic,Convolvulus.arvensis,Bombus.sylvarum,1
GE,21.2,GE.R1,Rural.habitat.mosaic,Convolvulus.arvensis,Bombus.sylvarum,1
GE,21.2,GE.R1,Rural.habitat.mosaic,Reseda.lutea,Bombus.sylvarum,1
GE,21.2,GE.R1,Rural.habitat.mosaic,Reseda.lutea,Bombus.sylvarum,1
GE,21.2,GE.R1,Rural.habitat.mosaic,Convolvulus.arvensis,Sphaerophoria.scripta,1
GE,21.2,GE.R1,Rural.habitat.mosaic,Onopordum.acanthium,Bombus.lapidarius,1
GE,21.2,GE.R1,Rural.habitat.mosaic,Onopordum.acanthium,Bombus.vestalis,1
GE,21.2,GE.R1,Rural.habitat.mosaic,Convolvulus.arvensis,Sphaerophoria.scripta,1
GE,21.2,GE.R1,Rural.habitat.mosaic,Ballota.nigra,Episyrphus.balteatus,1
GE,21.2,GE.R1,Rural.habitat.mosaic,Potentilla.reptans,Melanostoma.mellinum,1
GE,21.2,GE.R1,Rural.habitat.mosaic,Galium.mollugo,Episyrphus.balteatus,1
GE,21.2,GE.R1,Rural.habitat.mosaic,Cirsium.palustre,Bombus.lapidarius,1
GE,21.2,GE.R1,Rural.habitat.mosaic,Cirsium.palustre,Bombus.sylvarum,1
GE,21.2,GE.R1,Rural.habitat.mosaic,Cirsium.palustre,Bombus.sylvarum,1
GE,21.2,GE.R1,Rural.habitat.mosaic,Cirsium.palustre,Bombus.sylvarum,1
GE,21.2,GE.R1,Rural.habitat.mosaic,Cirsium.palustre,Halictus.quadricinctus,1
GE,21.2,GE.R1,Rural.habitat.mosaic,Potentilla.reptans,Lasioglossum.malachurum,1
GE,21.2,GE.R1,Rural.habitat.mosaic,Cirsium.arvense,Bombus.cryptarum/lucorum/magnus/terrestris,1
GE,21.2,GE.R1,Rural.habitat.mosaic,Symphytum.officinale,Bombus.pascuorum,1
GE,21.2,GE.R1,Rural.habitat.mosaic,Cirsium.arvense,Bombus.sylvarum,1
GE,21.2,GE.R1,Rural.habitat.mosaic,Cirsium.arvense,Bombus.sylvarum,1
GE,21.2,GE.R1,Rural.habitat.mosaic,Symphytum.officinale,Bombus.sylvarum,1
GE,21.2,GE.R1,Rural.habitat.mosaic,Cirsium.arvense,Bombus.sylvarum,1
GE,21.2,GE.R1,Rural.habitat.mosaic,Cirsium.arvense,Bombus.sylvarum,1
GE,21.2,GE.R1,Rural.habitat.mosaic,Cirsium.arvense,Bombus.sylvarum,1
GE,21.2,GE.R1,Rural.habitat.mosaic,Cirsium.arvense,Bombus.lapidarius,1
GE,21.2,GE.R1,Rural.habitat.mosaic,Stachys.palustris,Bombus.sylvarum,1
GE,21.2,GE.R1,Rural.habitat.mosaic,Stachys.palustris,Bombus.sylvarum,1
GE,21.2,GE.R1,Rural.habitat.mosaic,Stachys.palustris,Bombus.sylvarum,1
GE,21.2,GE.R1,Rural.habitat.mosaic,Cirsium.arvense,Bombus.sylvarum,1
GE,21.2,GE.R1,Rural.habitat.mosaic,Cirsium.arvense,Bombus.sylvarum,1
GE,21.2,GE.R1,Rural.habitat.mosaic,Cirsium.arvense,Bombus.sylvarum,1
GE,21.2,GE.R1,Rural.habitat.mosaic,Cirsium.arvense,Lasioglossum.calceatum,1
GE,21.2,GE.R1,Rural.habitat.mosaic,Cirsium.arvense,Lasioglossum.calceatum,1
GE,21.2,GE.R1,Rural.habitat.mosaic,Cirsium.arvense,Lasioglossum.calceatum,1
GE,21.2,GE.R1,Rural.habitat.mosaic,Cirsium.arvense,Andrena.minutula,1
GE,21.2,GE.R1,Rural.habitat.mosaic,Cirsium.arvense,Andrena.minutula,1
GE,21.2,GE.R1,Rural.habitat.mosaic,Cirsium.arvense,Lasioglossum.pauxillum,1
GE,21.2,GE.R1,Rural.habitat.mosaic,Cirsium.arvense,Lasioglossum.pauxillum,1
GE,21.2,GE.R2,Rural.habitat.mosaic,Lotus.corniculatus,Bombus.lapidarius,1
GE,21.2,GE.R2,Rural.habitat.mosaic,Lotus.corniculatus,Bombus.lapidarius,1
GE,21.2,GE.R2,Rural.habitat.mosaic,Lotus.corniculatus,Bombus.lapidarius,1
GE,21.2,GE.R2,Rural.habitat.mosaic,Lotus.corniculatus,Bombus.lapidarius,1
GE,21.2,GE.R2,Rural.habitat.mosaic,Lotus.corniculatus,Bombus.lapidarius,1
GE,21.2,GE.R2,Rural.habitat.mosaic,Trifolium.repens,Bombus.pascuorum,1
GE,21.2,GE.R2,Rural.habitat.mosaic,Crepis.biennis,Lasioglossum.leucozonium,1
GE,21.2,GE.R2,Rural.habitat.mosaic,Lotus.corniculatus,Trachusa.byssina,1
GE,21.2,GE.R2,Rural.habitat.mosaic,Lotus.corniculatus,Bombus.lapidarius,1
GE,21.2,GE.R2,Rural.habitat.mosaic,Lotus.corniculatus,Bombus.lapidarius,1
GE,21.2,GE.R2,Rural.habitat.mosaic,Lotus.corniculatus,Bombus.lapidarius,1
GE,21.2,GE.R2,Rural.habitat.mosaic,Lotus.corniculatus,Bombus.lapidarius,1
GE,21.2,GE.R2,Rural.habitat.mosaic,Lotus.corniculatus,Bombus.lapidarius,1
GE,21.2,GE.R2,Rural.habitat.mosaic,Lotus.corniculatus,Bombus.lapidarius,1
GE,21.2,GE.R2,Rural.habitat.mosaic,Lotus.corniculatus,Bombus.lapidarius,1
GE,21.2,GE.R2,Rural.habitat.mosaic,Lotus.corniculatus,Bombus.lapidarius,1
GE,21.2,GE.R2,Rural.habitat.mosaic,Crepis.biennis,Lasioglossum.leucozonium,1
GE,21.2,GE.R2,Rural.habitat.mosaic,Crepis.biennis,Lasioglossum.villosulum,1
GE,21.2,GE.R2,Rural.habitat.mosaic,Lotus.corniculatus,Osmia.aurulenta,1
GE,21.2,GE.R2,Rural.habitat.mosaic,Convolvulus.arvensis,Sphaerophoria.scripta,1
GE,21.2,GE.R2,Rural.habitat.mosaic,Lotus.corniculatus,Trachusa.byssina,1
GE,21.2,GE.R2,Rural.habitat.mosaic,Trifolium.repens,Bombus.lapidarius,1
GE,21.2,GE.R2,Rural.habitat.mosaic,Trifolium.repens,Bombus.lapidarius,1
GE,21.2,GE.R2,Rural.habitat.mosaic,Trifolium.repens,Bombus.lapidarius,1
GE,21.2,GE.R2,Rural.habitat.mosaic,Trifolium.repens,Bombus.lapidarius,1
GE,21.2,GE.R2,Rural.habitat.mosaic,Trifolium.repens,Bombus.lapidarius,1
GE,21.2,GE.R2,Rural.habitat.mosaic,Lotus.corniculatus,Bombus.lapidarius,1
GE,21.2,GE.R2,Rural.habitat.mosaic,Lotus.corniculatus,Bombus.lapidarius,1
GE,21.2,GE.R2,Rural.habitat.mosaic,Trifolium.repens,Bombus.pascuorum,1
GE,21.2,GE.R2,Rural.habitat.mosaic,Trifolium.repens,Bombus.pascuorum,1
GE,21.2,GE.R2,Rural.habitat.mosaic,Trifolium.repens,Bombus.pascuorum,1
GE,21.2,GE.R2,Rural.habitat.mosaic,Lotus.corniculatus,Trachusa.byssina,1
GE,21.2,GE.R2,Rural.habitat.mosaic,Chaerophyllum.bulbosum,Andrena.minutula,1
GE,21.2,GE.R2,Rural.habitat.mosaic,Cirsium.arvense,Apis.mellifera,1
GE,21.2,GE.R2,Rural.habitat.mosaic,Chaerophyllum.bulbosum,Episyrphus.balteatus,1
GE,21.2,GE.R2,Rural.habitat.mosaic,Chaerophyllum.bulbosum,Episyrphus.balteatus,1
GE,21.2,GE.R2,Rural.habitat.mosaic,Chaerophyllum.bulbosum,Andrena.minutula,1
GE,21.2,GE.R2,Rural.habitat.mosaic,Cirsium.arvense,Bombus.lapidarius,1
GE,21.2,GE.R2,Rural.habitat.mosaic,Carduus.crispus,Halictus.scabiosae,1
GE,21.2,GE.R2,Rural.habitat.mosaic,Cirsium.arvense,Lasioglossum.nitidiusculum,1
GE,21.2,GE.R2,Rural.habitat.mosaic,Tripleurospermum.maritimum,Andrena.minutula,1
GE,21.2,GE.R2,Rural.habitat.mosaic,Tripleurospermum.maritimum,Halictus.smaragdulus,1
GE,21.2,GE.R2,Rural.habitat.mosaic,Galium.verum,Lasioglossum.pauxillum,1
GE,21.2,GE.R2,Rural.habitat.mosaic,Galium.verum,Lasioglossum.pauxillum,1
GE,21.2,GE.R2,Rural.habitat.mosaic,Galium.verum,Sphaerophoria.scripta,1
GE,21.2,GE.R2,Rural.habitat.mosaic,Onopordum.acanthium,Bombus.cryptarum/lucorum/magnus/terrestris,1
GE,21.2,GE.R2,Rural.habitat.mosaic,Centaurea.jacea,Bombus.lapidarius,1
GE,21.2,GE.R2,Rural.habitat.mosaic,Centaurea.jacea,Bombus.rupestris,1
GE,21.2,GE.R2,Rural.habitat.mosaic,Centaurea.jacea,Bombus.rupestris,1
GE,21.2,GE.R2,Rural.habitat.mosaic,Centaurea.jacea,Bombus.rupestris,1
GE,21.2,GE.R2,Rural.habitat.mosaic,Centaurea.jacea,Bombus.rupestris,1
GE,21.2,GE.R2,Rural.habitat.mosaic,Centaurea.jacea,Bombus.rupestris,1
GE,21.2,GE.R2,Rural.habitat.mosaic,Centaurea.jacea,Halictus.simplex,1
GE,21.2,GE.R2,Rural.habitat.mosaic,Centaurea.jacea,Halictus.simplex,1
GE,21.2,GE.R2,Rural.habitat.mosaic,Centaurea.jacea,Halictus.simplex,1
GE,21.2,GE.R2,Rural.habitat.mosaic,Centaurea.jacea,Halictus.simplex,1
GE,21.2,GE.R2,Rural.habitat.mosaic,Galium.verum,Episyrphus.balteatus,1
GE,21.2,GE.R2,Rural.habitat.mosaic,Galium.verum,Sphaerophoria.scripta,1
GE,21.2,GE.R2,Rural.habitat.mosaic,Convolvulus.arvensis,Sphaerophoria.scripta,1
GE,21.2,GE.R2,Rural.habitat.mosaic,Echium.vulgare,Apis.mellifera,1
GE,21.2,GE.R2,Rural.habitat.mosaic,Echium.vulgare,Apis.mellifera,1
GE,21.2,GE.R2,Rural.habitat.mosaic,Echium.vulgare,Apis.mellifera,1
GE,21.2,GE.R2,Rural.habitat.mosaic,Echium.vulgare,Bombus.cryptarum/lucorum/magnus/terrestris,1
GE,21.2,GE.R2,Rural.habitat.mosaic,Onopordum.acanthium,Bombus.vestalis,1
GE,21.2,GE.R2,Rural.habitat.mosaic,Onopordum.acanthium,Bombus.vestalis,1
GE,21.2,GE.R2,Rural.habitat.mosaic,Echium.vulgare,Lasioglossum.calceatum,1
GE,21.2,GE.R2,Rural.habitat.mosaic,Tripleurospermum.maritimum,Andrena.flavipes,1
GE,21.2,GE.R2,Rural.habitat.mosaic,Tripleurospermum.maritimum,Andrena.flavipes,1
GE,21.2,GE.R2,Rural.habitat.mosaic,Tripleurospermum.maritimum,Andrena.flavipes,1
GE,21.2,GE.R2,Rural.habitat.mosaic,Tripleurospermum.maritimum,Andrena.flavipes,1
GE,21.2,GE.R2,Rural.habitat.mosaic,Tripleurospermum.maritimum,Colletes.daviesanus,1
GE,21.2,GE.R2,Rural.habitat.mosaic,Echium.vulgare,Apis.mellifera,1
GE,21.2,GE.R2,Rural.habitat.mosaic,Echium.vulgare,Bombus.cryptarum/lucorum/magnus/terrestris,1
GE,21.2,GE.R2,Rural.habitat.mosaic,Echium.vulgare,Bombus.hortorum,1
GE,21.2,GE.R2,Rural.habitat.mosaic,Echium.vulgare,Bombus.lapidarius,1
GE,21.2,GE.R2,Rural.habitat.mosaic,Echium.vulgare,Bombus.lapidarius,1
GE,21.2,GE.R2,Rural.habitat.mosaic,Echium.vulgare,Bombus.lapidarius,1
GE,21.2,GE.R2,Rural.habitat.mosaic,Echium.vulgare,Bombus.rupestris,1
GE,21.2,GE.R2,Rural.habitat.mosaic,Echium.vulgare,Bombus.sylvarum,1
GE,21.2,GE.R2,Rural.habitat.mosaic,Echium.vulgare,Bombus.sylvarum,1
GE,21.2,GE.R2,Rural.habitat.mosaic,Lotus.corniculatus,Andrena.wilkella,1
GE,21.2,GE.R2,Rural.habitat.mosaic,Lotus.corniculatus,Bombus.lapidarius,1
GE,21.2,GE.R2,Rural.habitat.mosaic,Lotus.corniculatus,Bombus.lapidarius,1
GE,21.2,GE.R2,Rural.habitat.mosaic,Lotus.corniculatus,Bombus.lapidarius,1
GE,21.2,GE.R2,Rural.habitat.mosaic,Trifolium.repens,Bombus.pascuorum,1
GE,21.2,GE.R2,Rural.habitat.mosaic,Lotus.corniculatus,Bombus.pascuorum,1
GE,21.2,GE.R2,Rural.habitat.mosaic,Pilosella,Lasioglossum.villosulum,1
GE,21.2,GE.R2,Rural.habitat.mosaic,Lotus.corniculatus,Megachile.versicolor,1
GE,21.2,GE.R2,Rural.habitat.mosaic,Lotus.corniculatus,Megachile.versicolor,1
GE,21.2,GE.R2,Rural.habitat.mosaic,Lotus.corniculatus,Trachusa.byssina,1
GE,21.2,GE.R2,Rural.habitat.mosaic,Lotus.corniculatus,Trachusa.byssina,1
GE,21.2,GE.R2,Rural.habitat.mosaic,Lotus.corniculatus,Bombus.lapidarius,1
GE,21.2,GE.R2,Rural.habitat.mosaic,Agrimonia.eupatoria,Episyrphus.balteatus,1
GE,21.2,GE.R2,Rural.habitat.mosaic,Agrimonia.eupatoria,Halictus.simplex,1
GE,21.2,GE.R2,Rural.habitat.mosaic,Agrimonia.eupatoria,Sphaerophoria.scripta,1
GE,21.2,GE.R2,Rural.habitat.mosaic,Agrimonia.eupatoria,Apis.mellifera,1
GE,21.2,GE.R2,Rural.habitat.mosaic,Agrimonia.eupatoria,Bombus.lapidarius,1
GE,21.2,GE.R2,Rural.habitat.mosaic,Lotus.corniculatus,Bombus.lapidarius,1
GE,21.2,GE.R2,Rural.habitat.mosaic,Trifolium.pratense,Bombus.pascuorum,1
GE,21.2,GE.R2,Rural.habitat.mosaic,Lotus.corniculatus,Bombus.pascuorum,1
GE,21.2,GE.R2,Rural.habitat.mosaic,Agrimonia.eupatoria,Sphaerophoria.scripta,1
GE,21.2,GE.R2,Rural.habitat.mosaic,Lotus.corniculatus,Trachusa.byssina,1
GE,21.2,GE.R2,Rural.habitat.mosaic,Tripleurospermum.maritimum,Andrena.minutula,1
GE,21.2,GE.R2,Rural.habitat.mosaic,Hypericum.perforatum,Bombus.pascuorum,1
GE,21.2,GE.R2,Rural.habitat.mosaic,Hypericum.perforatum,Bombus.pascuorum,1
GE,21.2,GE.R2,Rural.habitat.mosaic,Carduus.crispus,Heriades.truncorum,1
GE,21.2,GE.R2,Rural.habitat.mosaic,Tripleurospermum.maritimum,Lasioglossum.pauxillum,1
GE,21.2,GE.R2,Rural.habitat.mosaic,Galium.verum,Sphaerophoria.scripta,1
GE,21.2,GE.R2,Rural.habitat.mosaic,Tripleurospermum.maritimum,Stelis.breviuscula,1
GE,21.2,GE.R2,Rural.habitat.mosaic,Rubus.sp.,Apis.mellifera,1
GE,21.2,GE.R2,Rural.habitat.mosaic,Phacelia.tanacetifolia,Apis.mellifera,1
GE,21.2,GE.R2,Rural.habitat.mosaic,Phacelia.tanacetifolia,Apis.mellifera,1
GE,21.2,GE.R2,Rural.habitat.mosaic,Phacelia.tanacetifolia,Apis.mellifera,1
GE,21.2,GE.R2,Rural.habitat.mosaic,Phacelia.tanacetifolia,Apis.mellifera,1
GE,21.2,GE.R2,Rural.habitat.mosaic,Phacelia.tanacetifolia,Apis.mellifera,1
GE,21.2,GE.R2,Rural.habitat.mosaic,Phacelia.tanacetifolia,Bombus.cryptarum/lucorum/magnus/terrestris,1
GE,21.2,GE.R2,Rural.habitat.mosaic,Phacelia.tanacetifolia,Bombus.cryptarum/lucorum/magnus/terrestris,1
GE,21.2,GE.R2,Rural.habitat.mosaic,Phacelia.tanacetifolia,Bombus.cryptarum/lucorum/magnus/terrestris,1
GE,21.2,GE.R2,Rural.habitat.mosaic,Phacelia.tanacetifolia,Bombus.lapidarius,1
GE,21.2,GE.R2,Rural.habitat.mosaic,Phacelia.tanacetifolia,Bombus.lapidarius,1
GE,21.2,GE.R2,Rural.habitat.mosaic,Phacelia.tanacetifolia,Bombus.lapidarius,1
GE,21.2,GE.R2,Rural.habitat.mosaic,Phacelia.tanacetifolia,Bombus.lapidarius,1
GE,21.2,GE.R2,Rural.habitat.mosaic,Phacelia.tanacetifolia,Bombus.vestalis,1
GE,21.2,GE.R2,Rural.habitat.mosaic,Phacelia.tanacetifolia,Episyrphus.balteatus,1
GE,21.2,GE.R2,Rural.habitat.mosaic,Tripleurospermum.maritimum,Lasioglossum.pauxillum,1
GE,21.2,GE.R2,Rural.habitat.mosaic,Phacelia.tanacetifolia,Apis.mellifera,1
GE,21.2,GE.R2,Rural.habitat.mosaic,Phacelia.tanacetifolia,Bombus.cryptarum/lucorum/magnus/terrestris,1
GE,21.2,GE.R2,Rural.habitat.mosaic,Phacelia.tanacetifolia,Bombus.cryptarum/lucorum/magnus/terrestris,1
GE,21.2,GE.R2,Rural.habitat.mosaic,Phacelia.tanacetifolia,Bombus.lapidarius,1
GE,21.2,GE.R2,Rural.habitat.mosaic,Phacelia.tanacetifolia,Bombus.lapidarius,1
GE,21.2,GE.R2,Rural.habitat.mosaic,Phacelia.tanacetifolia,Bombus.lapidarius,1
GE,21.2,GE.R2,Rural.habitat.mosaic,Phacelia.tanacetifolia,Bombus.lapidarius,1
GE,21.2,GE.R2,Rural.habitat.mosaic,Phacelia.tanacetifolia,Bombus.lapidarius,1
GE,21.2,GE.R2,Rural.habitat.mosaic,Phacelia.tanacetifolia,Bombus.lapidarius,1
GE,21.2,GE.R2,Rural.habitat.mosaic,Phacelia.tanacetifolia,Bombus.lapidarius,1
GE,21.2,GE.R2,Rural.habitat.mosaic,Phacelia.tanacetifolia,Sphaerophoria.scripta,1
GE,21.2,GE.R2,Rural.habitat.mosaic,Phacelia.tanacetifolia,Bombus.cryptarum/lucorum/magnus/terrestris,1
GE,21.2,GE.R2,Rural.habitat.mosaic,Phacelia.tanacetifolia,Bombus.cryptarum/lucorum/magnus/terrestris,1
GE,21.2,GE.R2,Rural.habitat.mosaic,Phacelia.tanacetifolia,Bombus.lapidarius,1
GE,21.2,GE.R2,Rural.habitat.mosaic,Phacelia.tanacetifolia,Bombus.lapidarius,1
GE,21.2,GE.R2,Rural.habitat.mosaic,Phacelia.tanacetifolia,Bombus.lapidarius,1
GE,21.2,GE.R2,Rural.habitat.mosaic,Phacelia.tanacetifolia,Bombus.lapidarius,1
GE,21.2,GE.R2,Rural.habitat.mosaic,Phacelia.tanacetifolia,Bombus.lapidarius,1
GE,21.2,GE.R2,Rural.habitat.mosaic,Phacelia.tanacetifolia,Bombus.lapidarius,1
GE,21.2,GE.R2,Rural.habitat.mosaic,Phacelia.tanacetifolia,Bombus.pratorum,1
GE,21.2,GE.R3,Rural.habitat.mosaic,Echium.vulgare,Apis.mellifera,1
GE,21.2,GE.R3,Rural.habitat.mosaic,Papaver.rhoeas,Lasioglossum.malachurum,1
GE,21.2,GE.R3,Rural.habitat.mosaic,Papaver.rhoeas,Lasioglossum.malachurum,1
GE,21.2,GE.R3,Rural.habitat.mosaic,Ballota.nigra,Bombus.pascuorum,1
GE,21.2,GE.R3,Rural.habitat.mosaic,Hypericum.perforatum,Epistrophella.euchroma,1
GE,21.2,GE.R3,Rural.habitat.mosaic,Hypericum.perforatum,Parasyrphus.sp,1
GE,21.2,GE.R3,Rural.habitat.mosaic,Leucanthemum.vulgare,Andrena.barbilabris,1
GE,21.2,GE.R3,Rural.habitat.mosaic,Hypericum.perforatum,Lasioglossum.malachurum,1
GE,21.2,GE.R3,Rural.habitat.mosaic,Hypericum.perforatum,Lasioglossum.malachurum,1
GE,21.2,GE.R3,Rural.habitat.mosaic,Hypochaeris.radicata,Lasioglossum.villosulum,1
GE,21.2,GE.R3,Rural.habitat.mosaic,Pilosella,Lasioglossum.villosulum,1
GE,21.2,GE.R3,Rural.habitat.mosaic,Hypochaeris.radicata,Lasioglossum.villosulum,1
GE,21.2,GE.R3,Rural.habitat.mosaic,Hypericum.perforatum,Apis.mellifera,1
GE,21.2,GE.R3,Rural.habitat.mosaic,Hypericum.perforatum,Bombus.cryptarum/lucorum/magnus/terrestris,1
GE,21.2,GE.R3,Rural.habitat.mosaic,Geum.urbanum,Platycheirus.scutatus,1
GE,21.2,GE.R3,Rural.habitat.mosaic,Potentilla.reptans,Andrena.minutula,1
GE,21.2,GE.R3,Rural.habitat.mosaic,Potentilla.reptans,Andrena.minutula,1
GE,21.2,GE.R3,Rural.habitat.mosaic,Potentilla.reptans,Andrena.minutula,1
GE,21.2,GE.R3,Rural.habitat.mosaic,Echium.vulgare,Bombus.pascuorum,1
GE,21.2,GE.R3,Rural.habitat.mosaic,Potentilla.reptans,Hylaeus.brevicornis,1
GE,21.2,GE.R3,Rural.habitat.mosaic,Potentilla.reptans,Lasioglossum.malachurum,1
GE,21.2,GE.R3,Rural.habitat.mosaic,Echium.vulgare,Bombus.hortorum,1
GE,21.2,GE.R3,Rural.habitat.mosaic,Ligustrum.vulgare,Apis.mellifera,1
GE,21.2,GE.R3,Rural.habitat.mosaic,Ligustrum.vulgare,Apis.mellifera,1
GE,21.2,GE.R3,Rural.habitat.mosaic,Echium.vulgare,Apis.mellifera,1
GE,21.2,GE.R3,Rural.habitat.mosaic,Convolvulus.arvensis,Andrena.minutula,1
GE,21.2,GE.R3,Rural.habitat.mosaic,Echium.vulgare,Apis.mellifera,1
GE,21.2,GE.R3,Rural.habitat.mosaic,Hypericum.perforatum,Apis.mellifera,1
GE,21.2,GE.R3,Rural.habitat.mosaic,Echium.vulgare,Hoplitis.anthocopoides,1
GE,21.2,GE.R3,Rural.habitat.mosaic,Hypericum.perforatum,Lasioglossum.laticeps,1
GE,21.2,GE.R3,Rural.habitat.mosaic,Hypericum.perforatum,Syrphus.vitripennis,1
GE,21.2,GE.R3,Rural.habitat.mosaic,Rubus.caesius,Andrena.minutula,1
GE,21.2,GE.R3,Rural.habitat.mosaic,Symphoricarpos.albus,Apis.mellifera,1
GE,21.2,GE.R3,Rural.habitat.mosaic,Symphoricarpos.albus,Apis.mellifera,1
GE,21.2,GE.R3,Rural.habitat.mosaic,Symphoricarpos.albus,Apis.mellifera,1
GE,21.2,GE.R3,Rural.habitat.mosaic,Symphoricarpos.albus,Bombus.cryptarum/lucorum/magnus/terrestris,1
GE,21.2,GE.R3,Rural.habitat.mosaic,Rubus.caesius,Bombus.cryptarum/lucorum/magnus/terrestris,1
GE,21.2,GE.R3,Rural.habitat.mosaic,Rubus.caesius,Episyrphus.balteatus,1
GE,21.2,GE.R3,Rural.habitat.mosaic,Rubus.caesius,Lasioglossum.leucozonium,1
GE,21.2,GE.R3,Rural.habitat.mosaic,Rubus.caesius,Andrena.minutula,1
GE,21.2,GE.R3,Rural.habitat.mosaic,Rubus.caesius,Andrena.minutula,1
GE,21.2,GE.R3,Rural.habitat.mosaic,Symphoricarpos.albus,Apis.mellifera,1
GE,21.2,GE.R3,Rural.habitat.mosaic,Hypericum.perforatum,Apis.mellifera,1
GE,21.2,GE.R3,Rural.habitat.mosaic,Symphoricarpos.albus,Bombus.cryptarum/lucorum/magnus/terrestris,1
GE,21.2,GE.R3,Rural.habitat.mosaic,Hypericum.perforatum,Bombus.cryptarum/lucorum/magnus/terrestris,1
GE,21.2,GE.R3,Rural.habitat.mosaic,Echium.vulgare,Bombus.cryptarum/lucorum/magnus/terrestris,1
GE,21.2,GE.R3,Rural.habitat.mosaic,Echium.vulgare,Bombus.cryptarum/lucorum/magnus/terrestris,1
GE,21.2,GE.R3,Rural.habitat.mosaic,Carduus.acanthoides,Bombus.cryptarum/lucorum/magnus/terrestris,1
GE,21.2,GE.R3,Rural.habitat.mosaic,Echium.vulgare,Bombus.pascuorum,1
GE,21.2,GE.R3,Rural.habitat.mosaic,Conium.maculatum,Eupeodes.corollae,1
GE,21.2,GE.R3,Rural.habitat.mosaic,Carduus.acanthoides,Halictus.simplex,1
GE,21.2,GE.R3,Rural.habitat.mosaic,Carduus.acanthoides,Lasioglossum.calceatum,1
GE,21.2,GE.R3,Rural.habitat.mosaic,Carduus.acanthoides,Lasioglossum.puncticolle,1
GE,21.2,GE.R3,Rural.habitat.mosaic,Carduus.acanthoides,Lasioglossum.puncticolle,1
GE,21.2,GE.R3,Rural.habitat.mosaic,Reseda.luteola,Andrena.nigroaenea,1
GE,21.2,GE.R3,Rural.habitat.mosaic,Carduus.acanthoides,Apis.mellifera,1
GE,21.2,GE.R3,Rural.habitat.mosaic,Echium.vulgare,Apis.mellifera,1
GE,21.2,GE.R3,Rural.habitat.mosaic,Echium.vulgare,Bombus.cryptarum/lucorum/magnus/terrestris,1
GE,21.2,GE.R3,Rural.habitat.mosaic,Cirsium.arvense,Bombus.cryptarum/lucorum/magnus/terrestris,1
GE,21.2,GE.R3,Rural.habitat.mosaic,Echium.vulgare,Bombus.lapidarius,1
GE,21.2,GE.R3,Rural.habitat.mosaic,Carduus.acanthoides,Halictus.simplex,1
GE,21.2,GE.R3,Rural.habitat.mosaic,Centaurea.jacea,Lasioglossum.calceatum,1
GE,21.2,GE.R3,Rural.habitat.mosaic,Centaurea.scabiosa,Apis.mellifera,1
GE,21.2,GE.R3,Rural.habitat.mosaic,Centaurea.scabiosa,Apis.mellifera,1
GE,21.2,GE.R3,Rural.habitat.mosaic,Centaurea.scabiosa,Halictus.scabiosae,1
GE,21.2,GE.R3,Rural.habitat.mosaic,Centaurea.jacea,Lasioglossum.malachurum,1
GE,21.2,GE.R3,Rural.habitat.mosaic,Centaurea.scabiosa,Lasioglossum.malachurum,1
GE,21.2,GE.R3,Rural.habitat.mosaic,Centaurea.jacea,Lasioglossum.puncticolle,1
GE,21.2,GE.R3,Rural.habitat.mosaic,Centaurea.jacea,Lasioglossum.puncticolle,1
GE,21.2,GE.R3,Rural.habitat.mosaic,Centaurea.jacea,Lasioglossum.puncticolle,1
GE,21.2,GE.R3,Rural.habitat.mosaic,Centaurea.scabiosa,Osmia.niveata,1
GE,21.2,GE.R3,Rural.habitat.mosaic,Rubus.caesius,Andrena.minutula,1
GE,21.2,GE.R3,Rural.habitat.mosaic,Trifolium.pratense,Bombus.pascuorum,1
GE,21.2,GE.R3,Rural.habitat.mosaic,Vicia.faba,Bombus.cryptarum/lucorum/magnus/terrestris,1
GE,21.2,GE.R3,Rural.habitat.mosaic,Vicia.faba,Bombus.cryptarum/lucorum/magnus/terrestris,1
GE,21.2,GE.R3,Rural.habitat.mosaic,Echium.vulgare,Bombus.hortorum,1
GE,21.2,GE.R4,Rural.habitat.mosaic,Trifolium.repens,Bombus.cryptarum/lucorum/magnus/terrestris,1
GE,21.2,GE.R4,Rural.habitat.mosaic,Knautia.arvensis,Bombus.cryptarum/lucorum/magnus/terrestris,1
GE,21.2,GE.R4,Rural.habitat.mosaic,Vicia.sepium,Bombus.pascuorum,1
GE,21.2,GE.R4,Rural.habitat.mosaic,Knautia.arvensis,Bombus.pratorum,1
GE,21.2,GE.R4,Rural.habitat.mosaic,Trifolium.repens,Bombus.soroeensis,1
GE,21.2,GE.R4,Rural.habitat.mosaic,Ranunculus.acris,Episyrphus.balteatus,1
GE,21.2,GE.R4,Rural.habitat.mosaic,Centaurea.cyanus,Bombus.lapidarius,1
GE,21.2,GE.R4,Rural.habitat.mosaic,Centaurea.cyanus,Bombus.lapidarius,1
GE,21.2,GE.R4,Rural.habitat.mosaic,Centaurea.cyanus,Bombus.lapidarius,1
GE,21.2,GE.R4,Rural.habitat.mosaic,Centaurea.cyanus,Bombus.lapidarius,1
GE,21.2,GE.R4,Rural.habitat.mosaic,Trifolium.repens,Apis.mellifera,1
GE,21.2,GE.R4,Rural.habitat.mosaic,Trifolium.repens,Apis.mellifera,1
GE,21.2,GE.R4,Rural.habitat.mosaic,Plantago.lanceolata,Lasioglossum.pauxillum,1
GE,21.2,GE.R4,Rural.habitat.mosaic,Cerastium.fontanum,Sphaerophoria.scripta,1
GE,21.2,GE.R4,Rural.habitat.mosaic,Crepis.biennis,Sphaerophoria.scripta,1
GE,21.2,GE.R4,Rural.habitat.mosaic,Crepis.biennis,Sphaerophoria.scripta,1
GE,21.2,GE.R4,Rural.habitat.mosaic,Trifolium.arvense,Andrena.flavipes,1
GE,21.2,GE.R4,Rural.habitat.mosaic,Trifolium.arvense,Andrena.flavipes,1
GE,21.2,GE.R4,Rural.habitat.mosaic,Trifolium.arvense,Andrena.wilkella,1
GE,21.2,GE.R4,Rural.habitat.mosaic,Trifolium.arvense,Andrena.wilkella,1
GE,21.2,GE.R4,Rural.habitat.mosaic,Trifolium.arvense,Andrena.wilkella,1
GE,21.2,GE.R4,Rural.habitat.mosaic,Trifolium.arvense,Apis.mellifera,1
GE,21.2,GE.R4,Rural.habitat.mosaic,Trifolium.arvense,Apis.mellifera,1
GE,21.2,GE.R4,Rural.habitat.mosaic,Trifolium.arvense,Apis.mellifera,1
GE,21.2,GE.R4,Rural.habitat.mosaic,Trifolium.arvense,Apis.mellifera,1
GE,21.2,GE.R4,Rural.habitat.mosaic,Trifolium.arvense,Bombus.cryptarum/lucorum/magnus/terrestris,1
GE,21.2,GE.R4,Rural.habitat.mosaic,Trifolium.arvense,Bombus.lapidarius,1
GE,21.2,GE.R4,Rural.habitat.mosaic,Trifolium.arvense,Bombus.lapidarius,1
GE,21.2,GE.R4,Rural.habitat.mosaic,Trifolium.arvense,Bombus.lapidarius,1
GE,21.2,GE.R4,Rural.habitat.mosaic,Trifolium.arvense,Bombus.lapidarius,1
GE,21.2,GE.R4,Rural.habitat.mosaic,Trifolium.arvense,Bombus.lapidarius,1
GE,21.2,GE.R4,Rural.habitat.mosaic,Trifolium.arvense,Bombus.soroeensis,1
GE,21.2,GE.R4,Rural.habitat.mosaic,Trifolium.arvense,Bombus.sylvarum,1
GE,21.2,GE.R4,Rural.habitat.mosaic,Trifolium.arvense,Halictus.tumulorum,1
GE,21.2,GE.R4,Rural.habitat.mosaic,Crepis.biennis,Lasioglossum.pauxillum,1
GE,21.2,GE.R4,Rural.habitat.mosaic,Plantago.lanceolata,Lasioglossum.pauxillum,1
GE,21.2,GE.R4,Rural.habitat.mosaic,Plantago.lanceolata,Sphaerophoria.scripta,1
GE,21.2,GE.R4,Rural.habitat.mosaic,Galium.mollugo,Episyrphus.balteatus,1
GE,21.2,GE.R4,Rural.habitat.mosaic,Crepis.biennis,Lasioglossum.calceatum,1
GE,21.2,GE.R4,Rural.habitat.mosaic,Plantago.lanceolata,Lasioglossum.pauxillum,1
GE,21.2,GE.R4,Rural.habitat.mosaic,Crepis.biennis,Sphaerophoria.scripta,1
GE,21.2,GE.R4,Rural.habitat.mosaic,Trifolium.arvense,Bombus.lapidarius,1
GE,21.2,GE.R4,Rural.habitat.mosaic,Trifolium.arvense,Bombus.lapidarius,1
GE,21.2,GE.R4,Rural.habitat.mosaic,Trifolium.arvense,Bombus.lapidarius,1
GE,21.2,GE.R4,Rural.habitat.mosaic,Trifolium.arvense,Bombus.lapidarius,1
GE,21.2,GE.R4,Rural.habitat.mosaic,Trifolium.arvense,Bombus.lapidarius,1
GE,21.2,GE.R4,Rural.habitat.mosaic,Trifolium.arvense,Halictus.tumulorum,1
GE,21.2,GE.R4,Rural.habitat.mosaic,Galium.mollugo,Sphaerophoria.scripta,1
GE,21.2,GE.R4,Rural.habitat.mosaic,Potentilla.argentea,Sphaerophoria.scripta,1
GE,21.2,GE.R4,Rural.habitat.mosaic,Trifolium.repens,Andrena.flavipes,1
GE,21.2,GE.R4,Rural.habitat.mosaic,Trifolium.repens,Bombus.lapidarius,1
GE,21.2,GE.R4,Rural.habitat.mosaic,Trifolium.repens,Bombus.lapidarius,1
GE,21.2,GE.R4,Rural.habitat.mosaic,Trifolium.repens,Bombus.soroeensis,1
GE,21.2,GE.R4,Rural.habitat.mosaic,Galium.mollugo,Episyrphus.balteatus,1
GE,21.2,GE.R4,Rural.habitat.mosaic,Rubus.caesius,Halictus.tumulorum,1
GE,21.2,GE.R4,Rural.habitat.mosaic,Crepis.biennis,Lasioglossum.calceatum,1
GE,21.2,GE.R4,Rural.habitat.mosaic,Rubus.caesius,Lasioglossum.nitidiusculum,1
GE,21.2,GE.R4,Rural.habitat.mosaic,Crepis.biennis,Lasioglossum.pauxillum,1
GE,21.2,GE.R4,Rural.habitat.mosaic,Hypericum.perforatum,Baccha.elongata,1
GE,21.2,GE.R4,Rural.habitat.mosaic,Carduus.crispus,Bombus.pascuorum,1
GE,21.2,GE.R4,Rural.habitat.mosaic,Carduus.crispus,Episyrphus.balteatus,1
GE,21.2,GE.R4,Rural.habitat.mosaic,Hypericum.perforatum,Episyrphus.balteatus,1
GE,21.2,GE.R4,Rural.habitat.mosaic,Lapsana.communis,Melanostoma.scalare,1
GE,21.2,GE.R4,Rural.habitat.mosaic,Rubus.sp.,Bombus.cryptarum/lucorum/magnus/terrestris,1
GE,21.2,GE.R4,Rural.habitat.mosaic,Stachys.sylvatica,Bombus.pascuorum,1
GE,21.2,GE.R4,Rural.habitat.mosaic,Stachys.sylvatica,Bombus.pascuorum,1
GE,21.2,GE.R4,Rural.habitat.mosaic,Lapsana.communis,Episyrphus.balteatus,1
GE,21.2,GE.R4,Rural.habitat.mosaic,Lapsana.communis,Episyrphus.balteatus,1
GE,21.2,GE.R4,Rural.habitat.mosaic,Lapsana.communis,Episyrphus.balteatus,1
GE,21.2,GE.R4,Rural.habitat.mosaic,Lapsana.communis,Episyrphus.balteatus,1
GE,21.2,GE.R4,Rural.habitat.mosaic,Geranium.robertianum,Episyrphus.balteatus,1
GE,21.2,GE.R4,Rural.habitat.mosaic,Lamium.album,Bombus.pascuorum,1
GE,21.2,GE.R4,Rural.habitat.mosaic,Hypericum.hirsutum,Episyrphus.balteatus,1
GE,21.2,GE.R4,Rural.habitat.mosaic,Stachys.sylvatica,Bombus.pascuorum,1
GE,21.2,GE.R4,Rural.habitat.mosaic,Cirsium.arvense,Apis.mellifera,1
GE,21.2,GE.R4,Rural.habitat.mosaic,Trifolium.repens,Bombus.pascuorum,1
GE,21.2,GE.R4,Rural.habitat.mosaic,Cirsium.arvense,Bombus.vestalis,1
GE,21.2,GE.R4,Rural.habitat.mosaic,Trifolium.repens,Episyrphus.balteatus,1
GE,21.2,GE.R4,Rural.habitat.mosaic,Crepis.biennis,Lasioglossum.pauxillum,1
GE,21.2,GE.R4,Rural.habitat.mosaic,Crepis.biennis,Sphaerophoria.scripta,1
GE,21.2,GE.R4,Rural.habitat.mosaic,Trifolium.repens,Bombus.lapidarius,1
GE,21.2,GE.R4,Rural.habitat.mosaic,Trifolium.repens,Bombus.lapidarius,1
GE,21.2,GE.R4,Rural.habitat.mosaic,Trifolium.repens,Bombus.pascuorum,1
GE,21.2,GE.R4,Rural.habitat.mosaic,Trifolium.repens,Bombus.vestalis,1
GE,21.2,GE.R4,Rural.habitat.mosaic,Trifolium.repens,Bombus.vestalis,1
GE,21.2,GE.R4,Rural.habitat.mosaic,Trifolium.repens,Episyrphus.balteatus,1
GE,21.2,GE.R4,Rural.habitat.mosaic,Trifolium.repens,Sphaerophoria.scripta,1
GE,21.2,GE.R4,Rural.habitat.mosaic,Trifolium.repens,Apis.mellifera,1
GE,21.2,GE.R4,Rural.habitat.mosaic,Trifolium.repens,Bombus.cryptarum/lucorum/magnus/terrestris,1
GE,21.2,GE.R4,Rural.habitat.mosaic,Trifolium.repens,Bombus.lapidarius,1
GE,21.2,GE.R4,Rural.habitat.mosaic,Trifolium.repens,Bombus.lapidarius,1
GE,21.2,GE.R4,Rural.habitat.mosaic,Hypericum.perforatum,Bombus.lapidarius,1
GE,21.2,GE.R4,Rural.habitat.mosaic,Trifolium.repens,Bombus.pascuorum,1
GE,21.2,GE.R4,Rural.habitat.mosaic,Trifolium.repens,Bombus.pascuorum,1
GE,21.2,GE.R4,Rural.habitat.mosaic,Trifolium.repens,Bombus.pascuorum,1
GE,21.2,GE.R4,Rural.habitat.mosaic,Trifolium.repens,Bombus.pascuorum,1
GE,21.2,GE.R4,Rural.habitat.mosaic,Trifolium.repens,Bombus.lapidarius,1
GE,21.2,GE.R4,Rural.habitat.mosaic,Rubus.caesius,Megachile.centuncularis,1
GE,21.2,GE.R4,Rural.habitat.mosaic,Vicia.sepium,Bombus.cryptarum/lucorum/magnus/terrestris,1
GE,21.2,GE.R4,Rural.habitat.mosaic,Astragalus.glycyphyllos,Bombus.lapidarius,1
GE,21.2,GE.R4,Rural.habitat.mosaic,Vicia.sepium,Bombus.pascuorum,1
GE,21.2,GE.R4,Rural.habitat.mosaic,Tanacetum.vulgare,Heriades.truncorum,1
GE,21.2,GE.R4,Rural.habitat.mosaic,Tanacetum.vulgare,Heriades.truncorum,1
GE,21.2,GE.R4,Rural.habitat.mosaic,Chaerophyllum.bulbosum,Syrphus.vitripennis,1
GE,21.2,GE.R4,Rural.habitat.mosaic,Trifolium.repens,Bombus.pascuorum,1
GE,21.2,GE.R4,Rural.habitat.mosaic,Knautia.arvensis,Lasioglossum.calceatum,1
GE,21.3,GE.A1,Intensive.agriculture,Carduus.acanthoides,Andrena.flavipes,1
GE,21.3,GE.A1,Intensive.agriculture,Sisymbrium.loeselii,Andrena.minutuloides,1
GE,21.3,GE.A1,Intensive.agriculture,Sisymbrium.loeselii,Bombus.cryptarum/lucorum/magnus/terrestris,1
GE,21.3,GE.A1,Intensive.agriculture,Carduus.acanthoides,Bombus.cryptarum/lucorum/magnus/terrestris,1
GE,21.3,GE.A1,Intensive.agriculture,Carduus.acanthoides,Bombus.cryptarum/lucorum/magnus/terrestris,1
GE,21.3,GE.A1,Intensive.agriculture,Arctium.tomentosum,Bombus.lapidarius,1
GE,21.3,GE.A1,Intensive.agriculture,Sisymbrium.loeselii,Eupeodes.corollae,1
GE,21.3,GE.A1,Intensive.agriculture,Carduus.acanthoides,Lasioglossum.lineare,1
GE,21.3,GE.A1,Intensive.agriculture,Arctium.tomentosum,Lasioglossum.malachurum,1
GE,21.3,GE.A1,Intensive.agriculture,Arctium.tomentosum,Megachile.centuncularis,1
GE,21.3,GE.A1,Intensive.agriculture,Sisymbrium.loeselii,Andrena.flavipes,1
GE,21.3,GE.A1,Intensive.agriculture,Sisymbrium.loeselii,Andrena.flavipes,1
GE,21.3,GE.A1,Intensive.agriculture,Lactuca.serriola,Andrena.flavipes,1
GE,21.3,GE.A1,Intensive.agriculture,Lactuca.serriola,Andrena.floricola,1
GE,21.3,GE.A1,Intensive.agriculture,Sisymbrium.loeselii,Andrena.ovatula,1
GE,21.3,GE.A1,Intensive.agriculture,Arctium.minus,Bombus.lapidarius,1
GE,21.3,GE.A1,Intensive.agriculture,Lactuca.serriola,Halictus.sexcinctus,1
GE,21.3,GE.A1,Intensive.agriculture,Lactuca.serriola,Lasioglossum.pauxillum,1
GE,21.3,GE.A1,Intensive.agriculture,Lactuca.serriola,Lasioglossum.pauxillum,1
GE,21.3,GE.A1,Intensive.agriculture,Lactuca.serriola,Lasioglossum.pauxillum,1
GE,21.3,GE.A1,Intensive.agriculture,Arctium.minus,Megachile.pilidens,1
GE,21.3,GE.A1,Intensive.agriculture,Lactuca.serriola,Sphaerophoria.scripta,1
GE,21.3,GE.A1,Intensive.agriculture,Lactuca.serriola,Sphaerophoria.scripta,1
GE,21.3,GE.A1,Intensive.agriculture,Lactuca.serriola,Syrphus.vitripennis,1
GE,21.3,GE.A1,Intensive.agriculture,Sisymbrium.loeselii,Andrena.flavipes,1
GE,21.3,GE.A1,Intensive.agriculture,Sisymbrium.loeselii,Andrena.flavipes,1
GE,21.3,GE.A1,Intensive.agriculture,Sisymbrium.loeselii,Andrena.flavipes,1
GE,21.3,GE.A1,Intensive.agriculture,Sisymbrium.loeselii,Andrena.flavipes,1
GE,21.3,GE.A1,Intensive.agriculture,Sisymbrium.loeselii,Andrena.floricola,1
GE,21.3,GE.A1,Intensive.agriculture,Sisymbrium.loeselii,Andrena.floricola,1
GE,21.3,GE.A1,Intensive.agriculture,Sisymbrium.loeselii,Andrena.hypopolia,1
GE,21.3,GE.A1,Intensive.agriculture,Sisymbrium.loeselii,Andrena.hypopolia,1
GE,21.3,GE.A1,Intensive.agriculture,Sisymbrium.loeselii,Andrena.hypopolia,1
GE,21.3,GE.A1,Intensive.agriculture,Sisymbrium.loeselii,Andrena.hypopolia,1
GE,21.3,GE.A1,Intensive.agriculture,Sisymbrium.loeselii,Andrena.hypopolia,1
GE,21.3,GE.A1,Intensive.agriculture,Sisymbrium.loeselii,Andrena.hypopolia,1
GE,21.3,GE.A1,Intensive.agriculture,Sisymbrium.loeselii,Andrena.hypopolia,1
GE,21.3,GE.A1,Intensive.agriculture,Sisymbrium.loeselii,Andrena.hypopolia,1
GE,21.3,GE.A1,Intensive.agriculture,Sisymbrium.loeselii,Andrena.nigrospina,1
GE,21.3,GE.A1,Intensive.agriculture,Sisymbrium.loeselii,Andrena.ovatula,1
GE,21.3,GE.A1,Intensive.agriculture,Carduus.nutans,Bombus.cryptarum/lucorum/magnus/terrestris,1
GE,21.3,GE.A1,Intensive.agriculture,Carduus.nutans,Bombus.cryptarum/lucorum/magnus/terrestris,1
GE,21.3,GE.A1,Intensive.agriculture,Lactuca.serriola,Lasioglossum.nitidiusculum,1
GE,21.3,GE.A1,Intensive.agriculture,Sisymbrium.loeselii,Andrena.dorsata,1
GE,21.3,GE.A1,Intensive.agriculture,Sisymbrium.loeselii,Andrena.flavipes,1
GE,21.3,GE.A1,Intensive.agriculture,Sisymbrium.loeselii,Andrena.flavipes,1
GE,21.3,GE.A1,Intensive.agriculture,Sisymbrium.loeselii,Andrena.hypopolia,1
GE,21.3,GE.A1,Intensive.agriculture,Carduus.acanthoides,Bombus.lapidarius,1
GE,21.3,GE.A1,Intensive.agriculture,Sisymbrium.loeselii,Colletes.daviesanus,1
GE,21.3,GE.A1,Intensive.agriculture,Sisymbrium.loeselii,Colletes.daviesanus,1
GE,21.3,GE.A1,Intensive.agriculture,Convolvulus.arvensis,Eupeodes.corollae,1
GE,21.3,GE.A1,Intensive.agriculture,Carduus.acanthoides,Halictus.quadricinctus,1
GE,21.3,GE.A1,Intensive.agriculture,Picris.hieracioides,Lasioglossum.interruptum,1
GE,21.3,GE.A1,Intensive.agriculture,Sisymbrium.loeselii,Lasioglossum.malachurum,1
GE,21.3,GE.A1,Intensive.agriculture,Carduus.acanthoides,Lasioglossum.malachurum,1
GE,21.3,GE.A1,Intensive.agriculture,Sisymbrium.loeselii,Lasioglossum.pauxillum,1
GE,21.3,GE.A1,Intensive.agriculture,Lactuca.serriola,Lasioglossum.villosulum,1
GE,21.3,GE.A1,Intensive.agriculture,Carduus.acanthoides,Andrena.ovatula,1
GE,21.3,GE.A1,Intensive.agriculture,Carduus.acanthoides,Bombus.cryptarum/lucorum/magnus/terrestris,1
GE,21.3,GE.A1,Intensive.agriculture,Carduus.acanthoides,Bombus.cryptarum/lucorum/magnus/terrestris,1
GE,21.3,GE.A1,Intensive.agriculture,Carduus.acanthoides,Bombus.cryptarum/lucorum/magnus/terrestris,1
GE,21.3,GE.A1,Intensive.agriculture,Carduus.acanthoides,Bombus.lapidarius,1
GE,21.3,GE.A1,Intensive.agriculture,Carduus.acanthoides,Colletes.daviesanus,1
GE,21.3,GE.A1,Intensive.agriculture,Onopordum.acanthium,Halictus.quadricinctus,1
GE,21.3,GE.A1,Intensive.agriculture,Onopordum.acanthium,Halictus.scabiosae,1
GE,21.3,GE.A1,Intensive.agriculture,Carduus.acanthoides,Halictus.subauratus,1
GE,21.3,GE.A1,Intensive.agriculture,Carduus.acanthoides,Lasioglossum.malachurum,1
GE,21.3,GE.A1,Intensive.agriculture,Carduus.acanthoides,Lasioglossum.malachurum,1
GE,21.3,GE.A1,Intensive.agriculture,Carduus.acanthoides,Lasioglossum.malachurum,1
GE,21.3,GE.A1,Intensive.agriculture,Sisymbrium.loeselii,Lasioglossum.nitidiusculum,1
GE,21.3,GE.A1,Intensive.agriculture,Carduus.acanthoides,Lasioglossum.nitidiusculum,1
GE,21.3,GE.A1,Intensive.agriculture,Carduus.acanthoides,Lasioglossum.nitidiusculum,1
GE,21.3,GE.A1,Intensive.agriculture,Sisymbrium.loeselii,Platycheirus.albimanus,1
GE,21.3,GE.A1,Intensive.agriculture,Carduus.acanthoides,Bombus.cryptarum/lucorum/magnus/terrestris,1
GE,21.3,GE.A1,Intensive.agriculture,Carduus.acanthoides,Bombus.cryptarum/lucorum/magnus/terrestris,1
GE,21.3,GE.A1,Intensive.agriculture,Carduus.acanthoides,Bombus.cryptarum/lucorum/magnus/terrestris,1
GE,21.3,GE.A1,Intensive.agriculture,Carduus.acanthoides,Bombus.lapidarius,1
GE,21.3,GE.A1,Intensive.agriculture,Carduus.acanthoides,Bombus.lapidarius,1
GE,21.3,GE.A1,Intensive.agriculture,Carduus.acanthoides,Andrena.ovatula,1
GE,21.3,GE.A1,Intensive.agriculture,Carduus.acanthoides,Andrena.ovatula,1
GE,21.3,GE.A1,Intensive.agriculture,Carduus.acanthoides,Andrena.ovatula,1
GE,21.3,GE.A1,Intensive.agriculture,Carduus.acanthoides,Andrena.ovatula,1
GE,21.3,GE.A1,Intensive.agriculture,Carduus.acanthoides,Andrena.ovatula,1
GE,21.3,GE.A1,Intensive.agriculture,Carduus.acanthoides,Bombus.cryptarum/lucorum/magnus/terrestris,1
GE,21.3,GE.A1,Intensive.agriculture,Carduus.acanthoides,Bombus.cryptarum/lucorum/magnus/terrestris,1
GE,21.3,GE.A1,Intensive.agriculture,Carduus.acanthoides,Bombus.cryptarum/lucorum/magnus/terrestris,1
GE,21.3,GE.A1,Intensive.agriculture,Carduus.acanthoides,Bombus.cryptarum/lucorum/magnus/terrestris,1
GE,21.3,GE.A1,Intensive.agriculture,Carduus.acanthoides,Bombus.lapidarius,1
GE,21.3,GE.A1,Intensive.agriculture,Carduus.acanthoides,Colletes.daviesanus,1
GE,21.3,GE.A1,Intensive.agriculture,Carduus.acanthoides,Halictus.scabiosae,1
GE,21.3,GE.A1,Intensive.agriculture,Carduus.acanthoides,Halictus.simplex,1
GE,21.3,GE.A1,Intensive.agriculture,Carduus.acanthoides,Lasioglossum.semilucens,1
GE,21.3,GE.A1,Intensive.agriculture,Carduus.acanthoides,Megachile.pilidens,1
GE,21.3,GE.A1,Intensive.agriculture,Carduus.acanthoides,Andrena.flavipes,1
GE,21.3,GE.A1,Intensive.agriculture,Carduus.acanthoides,Andrena.flavipes,1
GE,21.3,GE.A1,Intensive.agriculture,Carduus.acanthoides,Andrena.ovatula,1
GE,21.3,GE.A1,Intensive.agriculture,Carduus.acanthoides,Bombus.campestris,1
GE,21.3,GE.A1,Intensive.agriculture,Carduus.acanthoides,Bombus.cryptarum/lucorum/magnus/terrestris,1
GE,21.3,GE.A1,Intensive.agriculture,Carduus.acanthoides,Bombus.cryptarum/lucorum/magnus/terrestris,1
GE,21.3,GE.A1,Intensive.agriculture,Carduus.acanthoides,Bombus.lapidarius,1
GE,21.3,GE.A1,Intensive.agriculture,Carduus.acanthoides,Bombus.lapidarius,1
GE,21.3,GE.A1,Intensive.agriculture,Carduus.acanthoides,Halictus.quadricinctus,1
GE,21.3,GE.A1,Intensive.agriculture,Carduus.acanthoides,Halictus.simplex,1
GE,21.3,GE.A1,Intensive.agriculture,Carduus.acanthoides,Halictus.subauratus,1
GE,21.3,GE.A1,Intensive.agriculture,Carduus.acanthoides,Lasioglossum.malachurum,1
GE,21.3,GE.A1,Intensive.agriculture,Tripleurospermum.maritimum,Sphecodes.geoffrellus,1
GE,21.3,GE.A1,Intensive.agriculture,Carduus.acanthoides,Bombus.lapidarius,1
GE,21.3,GE.A1,Intensive.agriculture,Tripleurospermum.maritimum,Bombus.lapidarius,1
GE,21.3,GE.A1,Intensive.agriculture,Carduus.acanthoides,Bombus.vestalis,1
GE,21.3,GE.A1,Intensive.agriculture,Tripleurospermum.maritimum,Halictus.leucaheneus,1
GE,21.3,GE.A1,Intensive.agriculture,Carduus.acanthoides,Halictus.rubicundus,1
GE,21.3,GE.A1,Intensive.agriculture,Carduus.acanthoides,Lasioglossum.malachurum,1
GE,21.3,GE.A1,Intensive.agriculture,Carduus.acanthoides,Lasioglossum.malachurum,1
GE,21.3,GE.A1,Intensive.agriculture,Carduus.acanthoides,Melitta.leporina,1
GE,21.3,GE.A1,Intensive.agriculture,Tripleurospermum.maritimum,Sphecodes.crassus,1
GE,21.3,GE.A1,Intensive.agriculture,Tripleurospermum.maritimum,Sphecodes.geoffrellus,1
GE,21.3,GE.A1,Intensive.agriculture,Carduus.acanthoides,Sphecodes.geoffrellus,1
GE,21.3,GE.A1,Intensive.agriculture,Sisymbrium.loeselii,Andrena.flavipes,1
GE,21.3,GE.A1,Intensive.agriculture,Sisymbrium.loeselii,Andrena.flavipes,1
GE,21.3,GE.A1,Intensive.agriculture,Sisymbrium.loeselii,Andrena.floricola,1
GE,21.3,GE.A1,Intensive.agriculture,Sisymbrium.loeselii,Bombus.vestalis,1
GE,21.3,GE.A1,Intensive.agriculture,Onopordum.acanthium,Episyrphus.balteatus,1
GE,21.3,GE.A1,Intensive.agriculture,Sisymbrium.loeselii,Lasioglossum.pauxillum,1
GE,21.3,GE.A1,Intensive.agriculture,Sisymbrium.loeselii,Sphaerophoria.scripta,1
GE,21.3,GE.A1,Intensive.agriculture,Sisymbrium.loeselii,Sphaerophoria.scripta,1
GE,21.3,GE.A1,Intensive.agriculture,Sisymbrium.loeselii,Andrena.floricola,1
GE,21.3,GE.A1,Intensive.agriculture,Carduus.acanthoides,Andrena.ovatula,1
GE,21.3,GE.A1,Intensive.agriculture,Carduus.acanthoides,Andrena.ovatula,1
GE,21.3,GE.A1,Intensive.agriculture,Carduus.acanthoides,Halictus.smaragdulus,1
GE,21.3,GE.A1,Intensive.agriculture,Carduus.acanthoides,Halictus.subauratus,1
GE,21.3,GE.A1,Intensive.agriculture,Carduus.acanthoides,Lasioglossum.malachurum,1
GE,21.3,GE.A1,Intensive.agriculture,Carduus.acanthoides,Lasioglossum.malachurum,1
GE,21.3,GE.A1,Intensive.agriculture,Carduus.acanthoides,Lasioglossum.malachurum,1
GE,21.3,GE.A1,Intensive.agriculture,Carduus.acanthoides,Lasioglossum.malachurum,1
GE,21.3,GE.A1,Intensive.agriculture,Carduus.acanthoides,Lasioglossum.malachurum,1
GE,21.3,GE.A1,Intensive.agriculture,Carduus.acanthoides,Lasioglossum.malachurum,1
GE,21.3,GE.A1,Intensive.agriculture,Carduus.acanthoides,Lasioglossum.malachurum,1
GE,21.3,GE.A1,Intensive.agriculture,Achillea.millefolium,Sphaerophoria.scripta,1
GE,21.3,GE.A1,Intensive.agriculture,Sisymbrium.loeselii,Sphaerophoria.scripta,1
GE,21.3,GE.A1,Intensive.agriculture,Arctium.minus,Bombus.campestris,1
GE,21.3,GE.A1,Intensive.agriculture,Arctium.minus,Bombus.campestris,1
GE,21.3,GE.A1,Intensive.agriculture,Arctium.minus,Bombus.campestris,1
GE,21.3,GE.A1,Intensive.agriculture,Arctium.minus,Bombus.campestris,1
GE,21.3,GE.A1,Intensive.agriculture,Arctium.minus,Bombus.campestris,1
GE,21.3,GE.A1,Intensive.agriculture,Arctium.minus,Bombus.campestris,1
GE,21.3,GE.A1,Intensive.agriculture,Arctium.minus,Bombus.campestris,1
GE,21.3,GE.A1,Intensive.agriculture,Arctium.minus,Bombus.campestris,1
GE,21.3,GE.A1,Intensive.agriculture,Arctium.minus,Bombus.campestris,1
GE,21.3,GE.A1,Intensive.agriculture,Onopordum.acanthium,Bombus.cryptarum/lucorum/magnus/terrestris,1
GE,21.3,GE.A1,Intensive.agriculture,Arctium.minus,Bombus.cryptarum/lucorum/magnus/terrestris,1
GE,21.3,GE.A1,Intensive.agriculture,Arctium.minus,Bombus.lapidarius,1
GE,21.3,GE.A1,Intensive.agriculture,Arctium.minus,Bombus.lapidarius,1
GE,21.3,GE.A1,Intensive.agriculture,Arctium.minus,Bombus.lapidarius,1
GE,21.3,GE.A1,Intensive.agriculture,Arctium.minus,Bombus.pascuorum,1
GE,21.3,GE.A1,Intensive.agriculture,Tripleurospermum.maritimum,Lasioglossum.pauxillum,1
GE,21.3,GE.A1,Intensive.agriculture,Tripleurospermum.maritimum,Andrena.minutuloides,1
GE,21.3,GE.A1,Intensive.agriculture,Onopordum.acanthium,Bombus.campestris,1
GE,21.3,GE.A1,Intensive.agriculture,Onopordum.acanthium,Bombus.campestris,1
GE,21.3,GE.A1,Intensive.agriculture,Onopordum.acanthium,Halictus.quadricinctus,1
GE,21.3,GE.A1,Intensive.agriculture,Tripleurospermum.maritimum,Halictus.subauratus,1
GE,21.3,GE.A1,Intensive.agriculture,Tripleurospermum.maritimum,Lasioglossum.malachurum,1
GE,21.3,GE.A1,Intensive.agriculture,Tripleurospermum.maritimum,Lasioglossum.malachurum,1
GE,21.3,GE.A1,Intensive.agriculture,Tripleurospermum.maritimum,Lasioglossum.nitidiusculum,1
GE,21.3,GE.A1,Intensive.agriculture,Tripleurospermum.maritimum,Lasioglossum.nitidiusculum,1
GE,21.3,GE.A1,Intensive.agriculture,Tripleurospermum.maritimum,Lasioglossum.pauxillum,1
GE,21.3,GE.A1,Intensive.agriculture,Tripleurospermum.maritimum,Sphecodes.geoffrellus,1
GE,21.3,GE.A1,Intensive.agriculture,Carduus.acanthoides,Andrena.flavipes,1
GE,21.3,GE.A1,Intensive.agriculture,Carduus.acanthoides,Bombus.cryptarum/lucorum/magnus/terrestris,1
GE,21.3,GE.A1,Intensive.agriculture,Carduus.acanthoides,Bombus.cryptarum/lucorum/magnus/terrestris,1
GE,21.3,GE.A1,Intensive.agriculture,Carduus.acanthoides,Bombus.cryptarum/lucorum/magnus/terrestris,1
GE,21.3,GE.A1,Intensive.agriculture,Arctium.minus,Bombus.cryptarum/lucorum/magnus/terrestris,1
GE,21.3,GE.A1,Intensive.agriculture,Carduus.acanthoides,Bombus.lapidarius,1
GE,21.3,GE.A1,Intensive.agriculture,Carduus.acanthoides,Bombus.pascuorum,1
GE,21.3,GE.A1,Intensive.agriculture,Arctium.minus,Eupeodes.corollae,1
GE,21.3,GE.A1,Intensive.agriculture,Carduus.acanthoides,Halictus.scabiosae,1
GE,21.3,GE.A1,Intensive.agriculture,Carduus.acanthoides,Lasioglossum.malachurum,1
GE,21.3,GE.A1,Intensive.agriculture,Sisymbrium.loeselii,Andrena.dorsata,1
GE,21.3,GE.A1,Intensive.agriculture,Sisymbrium.loeselii,Episyrphus.balteatus,1
GE,21.3,GE.A1,Intensive.agriculture,Sisymbrium.loeselii,Episyrphus.balteatus,1
GE,21.3,GE.A1,Intensive.agriculture,Sisymbrium.loeselii,Lasioglossum.malachurum,1
GE,21.3,GE.A1,Intensive.agriculture,Sisymbrium.loeselii,Lasioglossum.malachurum,1
GE,21.3,GE.A1,Intensive.agriculture,Sisymbrium.loeselii,Lasioglossum.nitidiusculum,1
GE,21.3,GE.A1,Intensive.agriculture,Sisymbrium.loeselii,Lasioglossum.nitidiusculum,1
GE,21.3,GE.A1,Intensive.agriculture,Sisymbrium.loeselii,Lasioglossum.nitidiusculum,1
GE,21.3,GE.A1,Intensive.agriculture,Sisymbrium.loeselii,Lasioglossum.pauxillum,1
GE,21.3,GE.A1,Intensive.agriculture,Carduus.acanthoides,Lasioglossum.malachurum,1
GE,21.3,GE.A1,Intensive.agriculture,Carduus.acanthoides,Lasioglossum.malachurum,1
GE,21.3,GE.A2,Intensive.agriculture,Carduus.acanthoides,Bombus.lapidarius,1
GE,21.3,GE.A2,Intensive.agriculture,Carduus.acanthoides,Lasioglossum.malachurum,1
GE,21.3,GE.A2,Intensive.agriculture,Carduus.acanthoides,Sphaerophoria.scripta,1
GE,21.3,GE.A2,Intensive.agriculture,Picris.hieracioides,Sphaerophoria.scripta,1
GE,21.3,GE.A2,Intensive.agriculture,Sisymbrium.loeselii,Andrena.floricola,1
GE,21.3,GE.A2,Intensive.agriculture,Sisymbrium.loeselii,Andrena.floricola,1
GE,21.3,GE.A2,Intensive.agriculture,Carduus.acanthoides,Bombus.pascuorum,1
GE,21.3,GE.A2,Intensive.agriculture,Ballota.nigra,Bombus.pascuorum,1
GE,21.3,GE.A2,Intensive.agriculture,Ballota.nigra,Bombus.sylvarum,1
GE,21.3,GE.A2,Intensive.agriculture,Malva.sylvestris,Eucera.macroglossa,1
GE,21.3,GE.A2,Intensive.agriculture,Sisymbrium.loeselii,Halictus.leucaheneus,1
GE,21.3,GE.A2,Intensive.agriculture,Sisymbrium.loeselii,Halictus.simplex,1
GE,21.3,GE.A2,Intensive.agriculture,Hypericum.perforatum,Halictus.subauratus,1
GE,21.3,GE.A2,Intensive.agriculture,Sisymbrium.loeselii,Lasioglossum.lineare,1
GE,21.3,GE.A2,Intensive.agriculture,Sisymbrium.loeselii,Lasioglossum.lineare,1
GE,21.3,GE.A2,Intensive.agriculture,Carduus.acanthoides,Lasioglossum.malachurum,1
GE,21.3,GE.A2,Intensive.agriculture,Carduus.acanthoides,Sphaerophoria.scripta,1
GE,21.3,GE.A2,Intensive.agriculture,Tripleurospermum.maritimum,Lasioglossum.lineare,1
GE,21.3,GE.A2,Intensive.agriculture,Tripleurospermum.maritimum,Lasioglossum.malachurum,1
GE,21.3,GE.A2,Intensive.agriculture,Geranium.pusillum,Sphaerophoria.scripta,1
GE,21.3,GE.A2,Intensive.agriculture,Tripleurospermum.maritimum,Andrena.minutula,1
GE,21.3,GE.A2,Intensive.agriculture,Tripleurospermum.maritimum,Episyrphus.balteatus,1
GE,21.3,GE.A2,Intensive.agriculture,Echium.vulgare,Bombus.hortorum,1
GE,21.3,GE.A2,Intensive.agriculture,Echium.vulgare,Bombus.pascuorum,1
GE,21.3,GE.A2,Intensive.agriculture,Echium.vulgare,Bombus.vestalis,1
GE,21.3,GE.A2,Intensive.agriculture,Arctium.minus,Lasioglossum.malachurum,1
GE,21.3,GE.A2,Intensive.agriculture,Sisymbrium.loeselii,Andrena.floricola,1
GE,21.3,GE.A2,Intensive.agriculture,Sisymbrium.loeselii,Andrena.strohmella,1
GE,21.3,GE.A2,Intensive.agriculture,Achillea.millefolium,Andrena.strohmella,1
GE,21.3,GE.A2,Intensive.agriculture,Ballota.nigra,Bombus.hortorum,1
GE,21.3,GE.A2,Intensive.agriculture,Ballota.nigra,Bombus.pascuorum,1
GE,21.3,GE.A2,Intensive.agriculture,Ballota.nigra,Bombus.sylvarum,1
GE,21.3,GE.A2,Intensive.agriculture,Ballota.nigra,Bombus.sylvarum,1
GE,21.3,GE.A2,Intensive.agriculture,Achillea.millefolium,Andrena.minutula,1
GE,21.3,GE.A2,Intensive.agriculture,Sisymbrium.loeselii,Andrena.minutuloides,1
GE,21.3,GE.A2,Intensive.agriculture,Carduus.acanthoides,Bombus.lapidarius,1
GE,21.3,GE.A2,Intensive.agriculture,Sisymbrium.loeselii,Andrena.minutuloides,1
GE,21.3,GE.A2,Intensive.agriculture,Sisymbrium.loeselii,Andrena.nigrospina,1
GE,21.3,GE.A2,Intensive.agriculture,Carduus.acanthoides,Apis.mellifera,1
GE,21.3,GE.A2,Intensive.agriculture,Carduus.acanthoides,Apis.mellifera,1
GE,21.3,GE.A2,Intensive.agriculture,Carduus.acanthoides,Bombus.lapidarius,1
GE,21.3,GE.A2,Intensive.agriculture,Sisymbrium.loeselii,Hylaeus.angustatus,1
GE,21.3,GE.A2,Intensive.agriculture,Sisymbrium.loeselii,Lasioglossum.lineare,1
GE,21.3,GE.A2,Intensive.agriculture,Sisymbrium.loeselii,Lasioglossum.malachurum,1
GE,21.3,GE.A2,Intensive.agriculture,Achillea.millefolium,Andrena.minutuloides,1
GE,21.3,GE.A2,Intensive.agriculture,Falcaria.vulgaris,Andrena.minutuloides,1
GE,21.3,GE.A2,Intensive.agriculture,Falcaria.vulgaris,Andrena.minutuloides,1
GE,21.3,GE.A2,Intensive.agriculture,Sisymbrium.loeselii,Andrena.ovatula,1
GE,21.3,GE.A2,Intensive.agriculture,Galium.mollugo,Apis.mellifera,1
GE,21.3,GE.A2,Intensive.agriculture,Lamium.album,Bombus.sylvarum,1
GE,21.3,GE.A2,Intensive.agriculture,Carduus.acanthoides,Halictus.langobardicus,1
GE,21.3,GE.A2,Intensive.agriculture,Achillea.millefolium,Andrena.floricola,1
GE,21.3,GE.A2,Intensive.agriculture,Cichorium.intybus,Andrena.minutula,1
GE,21.3,GE.A2,Intensive.agriculture,Falcaria.vulgaris,Andrena.minutula,1
GE,21.3,GE.A2,Intensive.agriculture,Falcaria.vulgaris,Andrena.minutula,1
GE,21.3,GE.A2,Intensive.agriculture,Cichorium.intybus,Lasioglossum.lineare,1
GE,21.3,GE.A2,Intensive.agriculture,Carduus.acanthoides,Lasioglossum.lineare,1
GE,21.3,GE.A2,Intensive.agriculture,Achillea.millefolium,Sphecodes.miniatus,1
GE,21.3,GE.A2,Intensive.agriculture,Achillea.millefolium,Andrena.minutuloides,1
GE,21.3,GE.A2,Intensive.agriculture,Carduus.acanthoides,Bombus.cryptarum/lucorum/magnus/terrestris,1
GE,21.3,GE.A2,Intensive.agriculture,Carduus.acanthoides,Bombus.cryptarum/lucorum/magnus/terrestris,1
GE,21.3,GE.A2,Intensive.agriculture,Carduus.acanthoides,Bombus.sylvarum,1
GE,21.3,GE.A2,Intensive.agriculture,Echium.vulgare,Bombus.vestalis,1
GE,21.3,GE.A2,Intensive.agriculture,Carduus.acanthoides,Bombus.campestris,1
GE,21.3,GE.A2,Intensive.agriculture,Carduus.acanthoides,Bombus.campestris,1
GE,21.3,GE.A2,Intensive.agriculture,Carduus.acanthoides,Bombus.cryptarum/lucorum/magnus/terrestris,1
GE,21.3,GE.A2,Intensive.agriculture,Malva.sylvestris,Bombus.cryptarum/lucorum/magnus/terrestris,1
GE,21.3,GE.A2,Intensive.agriculture,Carduus.acanthoides,Bombus.cryptarum/lucorum/magnus/terrestris,1
GE,21.3,GE.A2,Intensive.agriculture,Carduus.acanthoides,Bombus.lapidarius,1
GE,21.3,GE.A2,Intensive.agriculture,Carduus.acanthoides,Bombus.lapidarius,1
GE,21.3,GE.A2,Intensive.agriculture,Carduus.acanthoides,Bombus.vestalis,1
GE,21.3,GE.A2,Intensive.agriculture,Carduus.acanthoides,Halictus.quadricinctus,1
GE,21.3,GE.A2,Intensive.agriculture,Achillea.millefolium,Lasioglossum.malachurum,1
GE,21.3,GE.A2,Intensive.agriculture,Achillea.millefolium,Sphaerophoria.scripta,1
GE,21.3,GE.A2,Intensive.agriculture,Carduus.acanthoides,Bombus.campestris,1
GE,21.3,GE.A2,Intensive.agriculture,Malva.sylvestris,Bombus.cryptarum/lucorum/magnus/terrestris,1
GE,21.3,GE.A2,Intensive.agriculture,Carduus.acanthoides,Bombus.lapidarius,1
GE,21.3,GE.A2,Intensive.agriculture,Malva.sylvestris,Bombus.lapidarius,1
GE,21.3,GE.A2,Intensive.agriculture,Sisymbrium.loeselii,Sphaerophoria.scripta,1
GE,21.3,GE.A2,Intensive.agriculture,Malva.sylvestris,Bombus.cryptarum/lucorum/magnus/terrestris,1
GE,21.3,GE.A2,Intensive.agriculture,Carduus.acanthoides,Bombus.cryptarum/lucorum/magnus/terrestris,1
GE,21.3,GE.A2,Intensive.agriculture,Malva.sylvestris,Bombus.cryptarum/lucorum/magnus/terrestris,1
GE,21.3,GE.A2,Intensive.agriculture,Malva.sylvestris,Bombus.lapidarius,1
GE,21.3,GE.A2,Intensive.agriculture,Carduus.acanthoides,Bombus.vestalis,1
GE,21.3,GE.A2,Intensive.agriculture,Carduus.acanthoides,Bombus.vestalis,1
GE,21.3,GE.A2,Intensive.agriculture,Carduus.acanthoides,Bombus.vestalis,1
GE,21.3,GE.A2,Intensive.agriculture,Falcaria.vulgaris,Episyrphus.balteatus,1
GE,21.3,GE.A2,Intensive.agriculture,Achillea.millefolium,Sphaerophoria.scripta,1
GE,21.3,GE.A2,Intensive.agriculture,Ballota.nigra,Apis.mellifera,1
GE,21.3,GE.A2,Intensive.agriculture,Nepeta.cataria,Apis.mellifera,1
GE,21.3,GE.A2,Intensive.agriculture,Ballota.nigra,Bombus.pascuorum,1
GE,21.3,GE.A2,Intensive.agriculture,Ballota.nigra,Bombus.pascuorum,1
GE,21.3,GE.A2,Intensive.agriculture,Ballota.nigra,Bombus.pascuorum,1
GE,21.3,GE.A2,Intensive.agriculture,Ballota.nigra,Bombus.cryptarum/lucorum/magnus/terrestris,1
GE,21.3,GE.A2,Intensive.agriculture,Ballota.nigra,Bombus.cryptarum/lucorum/magnus/terrestris,1
GE,21.3,GE.A2,Intensive.agriculture,Ballota.nigra,Rophites.quinquespinosus,1
GE,21.3,GE.A2,Intensive.agriculture,Carduus.acanthoides,Apis.mellifera,1
GE,21.3,GE.A2,Intensive.agriculture,Carduus.acanthoides,Apis.mellifera,1
GE,21.3,GE.A2,Intensive.agriculture,Carduus.acanthoides,Bombus.cryptarum/lucorum/magnus/terrestris,1
GE,21.3,GE.A2,Intensive.agriculture,Carduus.acanthoides,Bombus.cryptarum/lucorum/magnus/terrestris,1
GE,21.3,GE.A2,Intensive.agriculture,Carduus.acanthoides,Bombus.sylvarum,1
GE,21.3,GE.A2,Intensive.agriculture,Carduus.acanthoides,Lasioglossum.malachurum,1
GE,21.3,GE.A2,Intensive.agriculture,Sisymbrium.loeselii,Andrena.floricola,1
GE,21.3,GE.A2,Intensive.agriculture,Sisymbrium.loeselii,Andrena.minutuloides,1
GE,21.3,GE.A2,Intensive.agriculture,Carduus.acanthoides,Halictus.scabiosae,1
GE,21.3,GE.A2,Intensive.agriculture,Carduus.crispus,Halictus.scabiosae,1
GE,21.3,GE.A2,Intensive.agriculture,Carduus.acanthoides,Halictus.scabiosae,1
GE,21.3,GE.A2,Intensive.agriculture,Tripleurospermum.maritimum,Lasioglossum.lineare,1
GE,21.3,GE.A2,Intensive.agriculture,Sisymbrium.loeselii,Sphaerophoria.scripta,1
GE,21.3,GE.A3,Intensive.agriculture,Carduus.acanthoides,Bombus.cryptarum/lucorum/magnus/terrestris,1
GE,21.3,GE.A3,Intensive.agriculture,Carduus.acanthoides,Bombus.lapidarius,1
GE,21.3,GE.A3,Intensive.agriculture,Carduus.acanthoides,Bombus.sylvarum,1
GE,21.3,GE.A3,Intensive.agriculture,Carduus.acanthoides,Lasioglossum.leucozonium,1
GE,21.3,GE.A3,Intensive.agriculture,Achillea.millefolium,Sphaerophoria.scripta,1
GE,21.3,GE.A3,Intensive.agriculture,Hypericum.perforatum,Sphaerophoria.scripta,1
GE,21.3,GE.A3,Intensive.agriculture,Achillea.millefolium,Sphaerophoria.scripta,1
GE,21.3,GE.A3,Intensive.agriculture,Ballota.nigra,Bombus.pascuorum,1
GE,21.3,GE.A3,Intensive.agriculture,Silene.latifolia,Sphaerophoria.scripta,1
GE,21.3,GE.A3,Intensive.agriculture,Silene.latifolia,Sphaerophoria.scripta,1
GE,21.3,GE.A3,Intensive.agriculture,Arctium.tomentosum,Episyrphus.balteatus,1
GE,21.3,GE.A3,Intensive.agriculture,Ballota.nigra,Bombus.pascuorum,1
GE,21.3,GE.A3,Intensive.agriculture,Ballota.nigra,Bombus.pascuorum,1
GE,21.3,GE.A3,Intensive.agriculture,Ballota.nigra,Bombus.pascuorum,1
GE,21.3,GE.A3,Intensive.agriculture,Ballota.nigra,Bombus.pascuorum,1
GE,21.3,GE.A3,Intensive.agriculture,Ballota.nigra,Bombus.pascuorum,1
GE,21.3,GE.A3,Intensive.agriculture,Ballota.nigra,Bombus.pascuorum,1
GE,21.3,GE.A3,Intensive.agriculture,Ballota.nigra,Bombus.pascuorum,1
GE,21.3,GE.A3,Intensive.agriculture,Ballota.nigra,Bombus.pascuorum,1
GE,21.3,GE.A3,Intensive.agriculture,Ballota.nigra,Episyrphus.balteatus,1
GE,21.3,GE.A3,Intensive.agriculture,Carduus.acanthoides,Apis.mellifera,1
GE,21.3,GE.A3,Intensive.agriculture,Carduus.acanthoides,Bombus.cryptarum/lucorum/magnus/terrestris,1
GE,21.3,GE.A3,Intensive.agriculture,Carduus.acanthoides,Bombus.lapidarius,1
GE,21.3,GE.A3,Intensive.agriculture,Carduus.acanthoides,Bombus.sylvarum,1
GE,21.3,GE.A3,Intensive.agriculture,Carduus.acanthoides,Eristalis.intricaria,1
GE,21.3,GE.A3,Intensive.agriculture,Clematis.vitalba,Helophilus.hybridus,1
GE,21.3,GE.A3,Intensive.agriculture,Rubus.caesius,Helophilus.trivittatus,1
GE,21.3,GE.A3,Intensive.agriculture,Rubus.caesius,Helophilus.trivittatus,1
GE,21.3,GE.A3,Intensive.agriculture,Lactuca.serriola,Sphaerophoria.scripta,1
GE,21.3,GE.A3,Intensive.agriculture,Lactuca.serriola,Sphaerophoria.scripta,1
GE,21.3,GE.A3,Intensive.agriculture,Lactuca.serriola,Sphaerophoria.scripta,1
GE,21.3,GE.A3,Intensive.agriculture,Ballota.nigra,Episyrphus.balteatus,1
GE,21.3,GE.A3,Intensive.agriculture,Ballota.nigra,Bombus.pascuorum,1
GE,21.3,GE.A3,Intensive.agriculture,Ballota.nigra,Bombus.pascuorum,1
GE,21.3,GE.A3,Intensive.agriculture,Ballota.nigra,Bombus.pascuorum,1
GE,21.3,GE.A3,Intensive.agriculture,Ballota.nigra,Bombus.pascuorum,1
GE,21.3,GE.A3,Intensive.agriculture,Ballota.nigra,Sphaerophoria.scripta,1
GE,21.3,GE.A3,Intensive.agriculture,Ballota.nigra,Bombus.pascuorum,1
GE,21.3,GE.A3,Intensive.agriculture,Ballota.nigra,Bombus.pascuorum,1
GE,21.3,GE.A3,Intensive.agriculture,Ballota.nigra,Bombus.pascuorum,1
GE,21.3,GE.A3,Intensive.agriculture,Ballota.nigra,Episyrphus.balteatus,1
GE,21.3,GE.A3,Intensive.agriculture,Ballota.nigra,Bombus.pascuorum,1
GE,21.3,GE.A3,Intensive.agriculture,Ballota.nigra,Bombus.pascuorum,1
GE,21.3,GE.A3,Intensive.agriculture,Rubus.caesius,Helophilus.pendulus,1
GE,21.3,GE.A3,Intensive.agriculture,Hypericum.perforatum,Sphaerophoria.scripta,1
GE,21.3,GE.A3,Intensive.agriculture,Ballota.nigra,Bombus.sylvarum,1
GE,21.3,GE.A3,Intensive.agriculture,Verbena.officinalis,Sphaerophoria.scripta,1
GE,21.3,GE.A3,Intensive.agriculture,Ballota.nigra,Anthophora.furcata,1
GE,21.3,GE.A3,Intensive.agriculture,Achillea.millefolium,Episyrphus.balteatus,1
GE,21.3,GE.A3,Intensive.agriculture,Agrimonia.eupatoria,Sphaerophoria.scripta,1
GE,21.3,GE.A3,Intensive.agriculture,Hypericum.perforatum,Sphaerophoria.scripta,1
GE,21.3,GE.A3,Intensive.agriculture,Agrimonia.eupatoria,Sphaerophoria.scripta,1
GE,21.3,GE.A3,Intensive.agriculture,Carduus.acanthoides,Bombus.cryptarum/lucorum/magnus/terrestris,1
GE,21.3,GE.A3,Intensive.agriculture,Carduus.acanthoides,Bombus.lapidarius,1
GE,21.3,GE.A3,Intensive.agriculture,Tripleurospermum.maritimum,Bombus.lapidarius,1
GE,21.3,GE.A3,Intensive.agriculture,Tripleurospermum.maritimum,Bombus.lapidarius,1
GE,21.3,GE.A3,Intensive.agriculture,Tripleurospermum.maritimum,Bombus.lapidarius,1
GE,21.3,GE.A3,Intensive.agriculture,Tripleurospermum.maritimum,Bombus.lapidarius,1
GE,21.3,GE.A3,Intensive.agriculture,Tripleurospermum.maritimum,Bombus.lapidarius,1
GE,21.3,GE.A3,Intensive.agriculture,Carduus.acanthoides,Lasioglossum.pauxillum,1
GE,21.3,GE.A3,Intensive.agriculture,Malva.sylvestris,Lasioglossum.pauxillum,1
GE,21.3,GE.A3,Intensive.agriculture,Sisymbrium.loeselii,Sphaerophoria.scripta,1
GE,21.3,GE.A3,Intensive.agriculture,Sisymbrium.loeselii,Sphaerophoria.scripta,1
GE,21.3,GE.A3,Intensive.agriculture,Tripleurospermum.maritimum,Sphecodes.geoffrellus,1
GE,21.3,GE.A3,Intensive.agriculture,Tripleurospermum.maritimum,Bombus.cryptarum/lucorum/magnus/terrestris,1
GE,21.3,GE.A3,Intensive.agriculture,Tripleurospermum.maritimum,Bombus.cryptarum/lucorum/magnus/terrestris,1
GE,21.3,GE.A3,Intensive.agriculture,Tripleurospermum.maritimum,Bombus.cryptarum/lucorum/magnus/terrestris,1
GE,21.3,GE.A3,Intensive.agriculture,Tripleurospermum.maritimum,Bombus.cryptarum/lucorum/magnus/terrestris,1
GE,21.3,GE.A3,Intensive.agriculture,Tripleurospermum.maritimum,Bombus.lapidarius,1
GE,21.3,GE.A3,Intensive.agriculture,Tripleurospermum.maritimum,Bombus.lapidarius,1
GE,21.3,GE.A3,Intensive.agriculture,Tripleurospermum.maritimum,Bombus.lapidarius,1
GE,21.3,GE.A3,Intensive.agriculture,Tripleurospermum.maritimum,Bombus.lapidarius,1
GE,21.3,GE.A3,Intensive.agriculture,Tripleurospermum.maritimum,Bombus.sylvarum,1
GE,21.3,GE.A3,Intensive.agriculture,Tripleurospermum.maritimum,Bombus.sylvarum,1
GE,21.3,GE.A3,Intensive.agriculture,Tripleurospermum.maritimum,Bombus.sylvarum,1
GE,21.3,GE.A3,Intensive.agriculture,Carduus.acanthoides,Apis.mellifera,1
GE,21.3,GE.A3,Intensive.agriculture,Tripleurospermum.maritimum,Bombus.cryptarum/lucorum/magnus/terrestris,1
GE,21.3,GE.A3,Intensive.agriculture,Tripleurospermum.maritimum,Bombus.cryptarum/lucorum/magnus/terrestris,1
GE,21.3,GE.A3,Intensive.agriculture,Tripleurospermum.maritimum,Bombus.lapidarius,1
GE,21.3,GE.A3,Intensive.agriculture,Carduus.acanthoides,Bombus.lapidarius,1
GE,21.3,GE.A3,Intensive.agriculture,Carduus.acanthoides,Bombus.lapidarius,1
GE,21.3,GE.A3,Intensive.agriculture,Malva.sylvestris,Lasioglossum.pauxillum,1
GE,21.3,GE.A3,Intensive.agriculture,Carduus.acanthoides,Bombus.cryptarum/lucorum/magnus/terrestris,1
GE,21.3,GE.A3,Intensive.agriculture,Carduus.acanthoides,Bombus.cryptarum/lucorum/magnus/terrestris,1
GE,21.3,GE.A3,Intensive.agriculture,Origanum.vulgare,Sphaerophoria.scripta,1
GE,21.3,GE.A3,Intensive.agriculture,Carduus.acanthoides,Bombus.cryptarum/lucorum/magnus/terrestris,1
GE,21.3,GE.A3,Intensive.agriculture,Carduus.crispus,Bombus.lapidarius,1
GE,21.3,GE.A3,Intensive.agriculture,Picris.hieracioides,Lasioglossum.villosulum,1
GE,21.3,GE.A3,Intensive.agriculture,Picris.hieracioides,Sphaerophoria.scripta,1
GE,21.3,GE.A3,Intensive.agriculture,Carduus.crispus,Bombus.cryptarum/lucorum/magnus/terrestris,1
GE,21.3,GE.A3,Intensive.agriculture,Carduus.crispus,Bombus.lapidarius,1
GE,21.3,GE.A3,Intensive.agriculture,Carduus.acanthoides,Bombus.vestalis,1
GE,21.3,GE.A3,Intensive.agriculture,Carduus.acanthoides,Bombus.cryptarum/lucorum/magnus/terrestris,1
GE,21.3,GE.A3,Intensive.agriculture,Carduus.acanthoides,Bombus.pascuorum,1
GE,21.3,GE.A4,Intensive.agriculture,Carduus.acanthoides,Apis.mellifera,1
GE,21.3,GE.A4,Intensive.agriculture,Carduus.acanthoides,Eristalis.tenax,1
GE,21.3,GE.A4,Intensive.agriculture,Carduus.acanthoides,Eristalis.tenax,1
GE,21.3,GE.A4,Intensive.agriculture,Carduus.acanthoides,Helophilus.trivittatus,1
GE,21.3,GE.A4,Intensive.agriculture,Carduus.acanthoides,Sphaerophoria.scripta,1
GE,21.3,GE.A4,Intensive.agriculture,Carduus.acanthoides,Lasioglossum.calceatum,1
GE,21.3,GE.A4,Intensive.agriculture,Lamium.album,Megachile.pilidens,1
GE,21.3,GE.A4,Intensive.agriculture,Sisymbrium.loeselii,Andrena.minutuloides,1
GE,21.3,GE.A4,Intensive.agriculture,Sisymbrium.loeselii,Helophilus.trivittatus,1
GE,21.3,GE.A4,Intensive.agriculture,Carduus.acanthoides,Helophilus.trivittatus,1
GE,21.3,GE.A4,Intensive.agriculture,Carduus.acanthoides,Lasioglossum.albipes,1
GE,21.3,GE.A4,Intensive.agriculture,Sisymbrium.loeselii,Andrena.dorsata,1
GE,21.3,GE.A4,Intensive.agriculture,Daucus.carota,Andrena.dorsata,1
GE,21.3,GE.A4,Intensive.agriculture,Carduus.acanthoides,Apis.mellifera,1
GE,21.3,GE.A4,Intensive.agriculture,Carduus.acanthoides,Apis.mellifera,1
GE,21.3,GE.A4,Intensive.agriculture,Carduus.acanthoides,Halictus.subauratus,1
GE,21.3,GE.A4,Intensive.agriculture,Carduus.acanthoides,Lasioglossum.calceatum,1
GE,21.3,GE.A4,Intensive.agriculture,Sisymbrium.loeselii,Sphaerophoria.scripta,1
GE,21.3,GE.A4,Intensive.agriculture,Sisymbrium.loeselii,Andrena.strohmella,1
GE,21.3,GE.A4,Intensive.agriculture,Sisymbrium.loeselii,Helophilus.trivittatus,1
GE,21.3,GE.A4,Intensive.agriculture,Achillea.millefolium,Lasioglossum.politum,1
GE,21.3,GE.A4,Intensive.agriculture,Carduus.acanthoides,Apis.mellifera,1
GE,21.3,GE.A4,Intensive.agriculture,Carduus.acanthoides,Helophilus.trivittatus,1
GE,21.3,GE.A4,Intensive.agriculture,Carduus.acanthoides,Lasioglossum.aeratum,1
GE,21.3,GE.A4,Intensive.agriculture,Carduus.acanthoides,Helophilus.trivittatus,1
GE,21.3,GE.A4,Intensive.agriculture,Hypericum.perforatum,Megachile.pilidens,1
GE,21.3,GE.A4,Intensive.agriculture,Carduus.acanthoides,Apis.mellifera,1
GE,21.3,GE.A4,Intensive.agriculture,Carduus.acanthoides,Helophilus.trivittatus,1
GE,21.3,GE.A4,Intensive.agriculture,Carduus.acanthoides,Helophilus.trivittatus,1
GE,21.3,GE.A4,Intensive.agriculture,Sisymbrium.loeselii,Helophilus.trivittatus,1
GE,21.3,GE.A4,Intensive.agriculture,Sisymbrium.loeselii,Lasioglossum.nitidiusculum,1
GE,21.3,GE.A4,Intensive.agriculture,Sisymbrium.loeselii,Lasioglossum.pauxillum,1
GE,21.3,GE.A4,Intensive.agriculture,Achillea.millefolium,Sphaerophoria.scripta,1
GE,21.3,GE.A4,Intensive.agriculture,Achillea.millefolium,Sphaerophoria.scripta,1
GE,21.3,GE.A4,Intensive.agriculture,Centaurea.jacea,Episyrphus.balteatus,1
GE,21.3,GE.A4,Intensive.agriculture,Crepis.biennis,Panurgus.calcaratus,1
GE,21.3,GE.A4,Intensive.agriculture,Carduus.acanthoides,Sphaerophoria.scripta,1
GE,21.3,GE.A4,Intensive.agriculture,Sisymbrium.loeselii,Andrena.floricola,1
GE,21.3,GE.A4,Intensive.agriculture,Sisymbrium.loeselii,Andrena.minutula,1
GE,21.3,GE.A4,Intensive.agriculture,Sisymbrium.loeselii,Andrena.minutuloides,1
GE,21.3,GE.A4,Intensive.agriculture,Sisymbrium.loeselii,Andrena.minutuloides,1
GE,21.3,GE.A4,Intensive.agriculture,Sisymbrium.loeselii,Apis.mellifera,1
GE,21.3,GE.A4,Intensive.agriculture,Malva.sylvestris,Lasioglossum.malachurum,1
GE,21.3,GE.A4,Intensive.agriculture,Sisymbrium.loeselii,Lasioglossum.nitidiusculum,1
GE,21.3,GE.A4,Intensive.agriculture,Sisymbrium.loeselii,Andrena.alfkenella,1
GE,21.3,GE.A4,Intensive.agriculture,Sisymbrium.loeselii,Andrena.minutuloides,1
GE,21.3,GE.A4,Intensive.agriculture,Plantago.lanceolata,Lasioglossum.aeratum,1
GE,21.3,GE.A4,Intensive.agriculture,Achillea.millefolium,Lasioglossum.politum,1
GE,21.3,GE.A4,Intensive.agriculture,Sisymbrium.loeselii,Lasioglossum.politum,1
GE,21.3,GE.A4,Intensive.agriculture,Achillea.millefolium,Lasioglossum.politum,1
GE,21.3,GE.A4,Intensive.agriculture,Achillea.millefolium,Lasioglossum.politum,1
GE,21.3,GE.A4,Intensive.agriculture,Centaurea.scabiosa,Halictus.simplex,1
GE,21.3,GE.A4,Intensive.agriculture,Centaurea.scabiosa,Halictus.simplex,1
GE,21.3,GE.A4,Intensive.agriculture,Salvia.nemorosa,Hylaeus.communis,1
GE,21.3,GE.A4,Intensive.agriculture,Centaurea.scabiosa,Helophilus.trivittatus,1
GE,21.3,GE.A4,Intensive.agriculture,Carduus.acanthoides,Bombus.cryptarum/lucorum/magnus/terrestris,1
GE,21.3,GE.A4,Intensive.agriculture,Carduus.acanthoides,Halictus.seladonius,1
GE,21.3,GE.A4,Intensive.agriculture,Ballota.nigra,Anthophora.furcata,1
GE,21.3,GE.A4,Intensive.agriculture,Ballota.nigra,Ceratina.cyanea,1
GE,21.3,GE.A4,Intensive.agriculture,Ballota.nigra,Episyrphus.balteatus,1
GE,21.3,GE.A4,Intensive.agriculture,Ballota.nigra,Lasioglossum.pauxillum,1
GE,21.3,GE.A4,Intensive.agriculture,Helianthus.annuus,Eupeodes.corollae,1
GE,21.3,GE.R1,Rural.habitat.mosaic,Arctium.tomentosum,Bombus.lapidarius,1
GE,21.3,GE.R1,Rural.habitat.mosaic,Arctium.tomentosum,Bombus.lapidarius,1
GE,21.3,GE.R1,Rural.habitat.mosaic,Arctium.tomentosum,Bombus.lapidarius,1
GE,21.3,GE.R1,Rural.habitat.mosaic,Arctium.tomentosum,Bombus.lapidarius,1
GE,21.3,GE.R1,Rural.habitat.mosaic,Arctium.tomentosum,Bombus.lapidarius,1
GE,21.3,GE.R1,Rural.habitat.mosaic,Arctium.tomentosum,Bombus.lapidarius,1
GE,21.3,GE.R1,Rural.habitat.mosaic,Arctium.tomentosum,Bombus.lapidarius,1
GE,21.3,GE.R1,Rural.habitat.mosaic,Arctium.tomentosum,Bombus.lapidarius,1
GE,21.3,GE.R1,Rural.habitat.mosaic,Arctium.tomentosum,Bombus.lapidarius,1
GE,21.3,GE.R1,Rural.habitat.mosaic,Arctium.tomentosum,Bombus.lapidarius,1
GE,21.3,GE.R1,Rural.habitat.mosaic,Arctium.tomentosum,Bombus.lapidarius,1
GE,21.3,GE.R1,Rural.habitat.mosaic,Malva.sylvestris,Bombus.lapidarius,1
GE,21.3,GE.R1,Rural.habitat.mosaic,Malva.sylvestris,Bombus.lapidarius,1
GE,21.3,GE.R1,Rural.habitat.mosaic,Tanacetum.vulgare,Episyrphus.balteatus,1
GE,21.3,GE.R1,Rural.habitat.mosaic,Lactuca.serriola,Episyrphus.balteatus,1
GE,21.3,GE.R1,Rural.habitat.mosaic,Lactuca.serriola,Sphaerophoria.scripta,1
GE,21.3,GE.R1,Rural.habitat.mosaic,Lactuca.serriola,Sphaerophoria.scripta,1
GE,21.3,GE.R1,Rural.habitat.mosaic,Lactuca.serriola,Syritta.pipiens,1
GE,21.3,GE.R1,Rural.habitat.mosaic,Arctium.tomentosum,Bombus.lapidarius,1
GE,21.3,GE.R1,Rural.habitat.mosaic,Carduus.acanthoides,Bombus.lapidarius,1
GE,21.3,GE.R1,Rural.habitat.mosaic,Carduus.acanthoides,Bombus.lapidarius,1
GE,21.3,GE.R1,Rural.habitat.mosaic,Arctium.tomentosum,Bombus.lapidarius,1
GE,21.3,GE.R1,Rural.habitat.mosaic,Arctium.tomentosum,Bombus.lapidarius,1
GE,21.3,GE.R1,Rural.habitat.mosaic,Arctium.tomentosum,Bombus.lapidarius,1
GE,21.3,GE.R1,Rural.habitat.mosaic,Arctium.tomentosum,Bombus.sylvarum,1
GE,21.3,GE.R1,Rural.habitat.mosaic,Carduus.acanthoides,Bombus.sylvarum,1
GE,21.3,GE.R1,Rural.habitat.mosaic,Carduus.acanthoides,Bombus.vestalis,1
GE,21.3,GE.R1,Rural.habitat.mosaic,Convolvulus.arvensis,Lasioglossum.calceatum,1
GE,21.3,GE.R1,Rural.habitat.mosaic,Convolvulus.arvensis,Lasioglossum.pauxillum,1
GE,21.3,GE.R1,Rural.habitat.mosaic,Convolvulus.arvensis,Sphaerophoria.scripta,1
GE,21.3,GE.R1,Rural.habitat.mosaic,Convolvulus.arvensis,Sphaerophoria.scripta,1
GE,21.3,GE.R1,Rural.habitat.mosaic,Falcaria.vulgaris,Andrena.minutula,1
GE,21.3,GE.R1,Rural.habitat.mosaic,Falcaria.vulgaris,Andrena.minutula,1
GE,21.3,GE.R1,Rural.habitat.mosaic,Falcaria.vulgaris,Andrena.minutuloides,1
GE,21.3,GE.R1,Rural.habitat.mosaic,Falcaria.vulgaris,Andrena.minutuloides,1
GE,21.3,GE.R1,Rural.habitat.mosaic,Falcaria.vulgaris,Andrena.minutuloides,1
GE,21.3,GE.R1,Rural.habitat.mosaic,Falcaria.vulgaris,Andrena.minutuloides,1
GE,21.3,GE.R1,Rural.habitat.mosaic,Falcaria.vulgaris,Andrena.minutuloides,1
GE,21.3,GE.R1,Rural.habitat.mosaic,Falcaria.vulgaris,Andrena.minutuloides,1
GE,21.3,GE.R1,Rural.habitat.mosaic,Falcaria.vulgaris,Andrena.minutuloides,1
GE,21.3,GE.R1,Rural.habitat.mosaic,Falcaria.vulgaris,Andrena.minutuloides,1
GE,21.3,GE.R1,Rural.habitat.mosaic,Falcaria.vulgaris,Andrena.minutuloides,1
GE,21.3,GE.R1,Rural.habitat.mosaic,Falcaria.vulgaris,Andrena.minutuloides,1
GE,21.3,GE.R1,Rural.habitat.mosaic,Falcaria.vulgaris,Andrena.minutuloides,1
GE,21.3,GE.R1,Rural.habitat.mosaic,Falcaria.vulgaris,Andrena.minutuloides,1
GE,21.3,GE.R1,Rural.habitat.mosaic,Arctium.tomentosum,Bombus.sylvarum,1
GE,21.3,GE.R1,Rural.habitat.mosaic,Arctium.tomentosum,Bombus.sylvarum,1
GE,21.3,GE.R1,Rural.habitat.mosaic,Arctium.tomentosum,Scaeva.pyrastri,1
GE,21.3,GE.R1,Rural.habitat.mosaic,Convolvulus.arvensis,Lasioglossum.albipes,1
GE,21.3,GE.R1,Rural.habitat.mosaic,Convolvulus.arvensis,Sphaerophoria.scripta,1
GE,21.3,GE.R1,Rural.habitat.mosaic,Falcaria.vulgaris,Andrena.minutuloides,1
GE,21.3,GE.R1,Rural.habitat.mosaic,Falcaria.vulgaris,Andrena.minutuloides,1
GE,21.3,GE.R1,Rural.habitat.mosaic,Tanacetum.vulgare,Halictus.subauratus,1
GE,21.3,GE.R1,Rural.habitat.mosaic,Tanacetum.vulgare,Hylaeus.annulatus,1
GE,21.3,GE.R1,Rural.habitat.mosaic,Tanacetum.vulgare,Lasioglossum.pauxillum,1
GE,21.3,GE.R1,Rural.habitat.mosaic,Ballota.nigra,Bombus.pascuorum,1
GE,21.3,GE.R1,Rural.habitat.mosaic,Ballota.nigra,Bombus.sylvarum,1
GE,21.3,GE.R1,Rural.habitat.mosaic,Carduus.crispus,Episyrphus.balteatus,1
GE,21.3,GE.R1,Rural.habitat.mosaic,Picris.hieracioides,Lasioglossum.nitidiusculum,1
GE,21.3,GE.R1,Rural.habitat.mosaic,Picris.hieracioides,Lasioglossum.nitidiusculum,1
GE,21.3,GE.R1,Rural.habitat.mosaic,Carduus.crispus,Lasioglossum.punctatissimum,1
GE,21.3,GE.R1,Rural.habitat.mosaic,Althaea.officinalis,Bombus.cryptarum/lucorum/magnus/terrestris,1
GE,21.3,GE.R1,Rural.habitat.mosaic,Althaea.officinalis,Bombus.cryptarum/lucorum/magnus/terrestris,1
GE,21.3,GE.R1,Rural.habitat.mosaic,Althaea.officinalis,Bombus.lapidarius,1
GE,21.3,GE.R1,Rural.habitat.mosaic,Althaea.officinalis,Bombus.sylvarum,1
GE,21.3,GE.R1,Rural.habitat.mosaic,Tanacetum.vulgare,Colletes.similis,1
GE,21.3,GE.R1,Rural.habitat.mosaic,Tanacetum.vulgare,Colletes.similis,1
GE,21.3,GE.R1,Rural.habitat.mosaic,Tanacetum.vulgare,Colletes.similis,1
GE,21.3,GE.R1,Rural.habitat.mosaic,Althaea.officinalis,Halictus.tumulorum,1
GE,21.3,GE.R1,Rural.habitat.mosaic,Althaea.officinalis,Lasioglossum.nitidiusculum,1
GE,21.3,GE.R1,Rural.habitat.mosaic,Tanacetum.vulgare,Lasioglossum.pauxillum,1
GE,21.3,GE.R1,Rural.habitat.mosaic,Cirsium.palustre,Bombus.cryptarum/lucorum/magnus/terrestris,1
GE,21.3,GE.R1,Rural.habitat.mosaic,Cirsium.palustre,Bombus.lapidarius,1
GE,21.3,GE.R1,Rural.habitat.mosaic,Cirsium.palustre,Bombus.lapidarius,1
GE,21.3,GE.R1,Rural.habitat.mosaic,Cirsium.palustre,Bombus.lapidarius,1
GE,21.3,GE.R1,Rural.habitat.mosaic,Cirsium.palustre,Bombus.lapidarius,1
GE,21.3,GE.R1,Rural.habitat.mosaic,Cirsium.palustre,Bombus.lapidarius,1
GE,21.3,GE.R1,Rural.habitat.mosaic,Cirsium.palustre,Bombus.lapidarius,1
GE,21.3,GE.R1,Rural.habitat.mosaic,Cirsium.palustre,Bombus.lapidarius,1
GE,21.3,GE.R1,Rural.habitat.mosaic,Cirsium.palustre,Bombus.lapidarius,1
GE,21.3,GE.R1,Rural.habitat.mosaic,Cirsium.palustre,Bombus.lapidarius,1
GE,21.3,GE.R1,Rural.habitat.mosaic,Cirsium.palustre,Bombus.lapidarius,1
GE,21.3,GE.R1,Rural.habitat.mosaic,Cirsium.palustre,Bombus.lapidarius,1
GE,21.3,GE.R1,Rural.habitat.mosaic,Cirsium.palustre,Bombus.lapidarius,1
GE,21.3,GE.R1,Rural.habitat.mosaic,Cirsium.palustre,Bombus.sylvarum,1
GE,21.3,GE.R1,Rural.habitat.mosaic,Cirsium.oleraceum,Bombus.sylvarum,1
GE,21.3,GE.R1,Rural.habitat.mosaic,Cirsium.palustre,Helophilus.trivittatus,1
GE,21.3,GE.R1,Rural.habitat.mosaic,Cirsium.palustre,Bombus.cryptarum/lucorum/magnus/terrestris,1
GE,21.3,GE.R1,Rural.habitat.mosaic,Cirsium.palustre,Bombus.lapidarius,1
GE,21.3,GE.R1,Rural.habitat.mosaic,Cirsium.palustre,Bombus.lapidarius,1
GE,21.3,GE.R1,Rural.habitat.mosaic,Cirsium.palustre,Bombus.lapidarius,1
GE,21.3,GE.R1,Rural.habitat.mosaic,Cirsium.palustre,Bombus.lapidarius,1
GE,21.3,GE.R1,Rural.habitat.mosaic,Cirsium.palustre,Bombus.lapidarius,1
GE,21.3,GE.R1,Rural.habitat.mosaic,Cirsium.palustre,Bombus.lapidarius,1
GE,21.3,GE.R1,Rural.habitat.mosaic,Cirsium.oleraceum,Bombus.sylvarum,1
GE,21.3,GE.R1,Rural.habitat.mosaic,Cirsium.palustre,Apis.mellifera,1
GE,21.3,GE.R1,Rural.habitat.mosaic,Cirsium.palustre,Bombus.cryptarum/lucorum/magnus/terrestris,1
GE,21.3,GE.R1,Rural.habitat.mosaic,Cirsium.palustre,Bombus.lapidarius,1
GE,21.3,GE.R1,Rural.habitat.mosaic,Cirsium.palustre,Bombus.lapidarius,1
GE,21.3,GE.R1,Rural.habitat.mosaic,Cirsium.palustre,Bombus.sylvarum,1
GE,21.3,GE.R1,Rural.habitat.mosaic,Cirsium.palustre,Bombus.sylvarum,1
GE,21.3,GE.R1,Rural.habitat.mosaic,Cirsium.palustre,Bombus.sylvarum,1
GE,21.3,GE.R1,Rural.habitat.mosaic,Cirsium.palustre,Bombus.sylvarum,1
GE,21.3,GE.R1,Rural.habitat.mosaic,Cirsium.palustre,Lasioglossum.zonulum,1
GE,21.3,GE.R1,Rural.habitat.mosaic,Cirsium.palustre,Bombus.cryptarum/lucorum/magnus/terrestris,1
GE,21.3,GE.R1,Rural.habitat.mosaic,Cirsium.palustre,Bombus.lapidarius,1
GE,21.3,GE.R1,Rural.habitat.mosaic,Cirsium.palustre,Bombus.sylvarum,1
GE,21.3,GE.R1,Rural.habitat.mosaic,Cirsium.palustre,Bombus.sylvarum,1
GE,21.3,GE.R1,Rural.habitat.mosaic,Cirsium.palustre,Bombus.lapidarius,1
GE,21.3,GE.R1,Rural.habitat.mosaic,Cirsium.palustre,Bombus.lapidarius,1
GE,21.3,GE.R1,Rural.habitat.mosaic,Cirsium.palustre,Bombus.lapidarius,1
GE,21.3,GE.R1,Rural.habitat.mosaic,Cirsium.palustre,Bombus.lapidarius,1
GE,21.3,GE.R1,Rural.habitat.mosaic,Cirsium.palustre,Bombus.lapidarius,1
GE,21.3,GE.R1,Rural.habitat.mosaic,Cirsium.palustre,Bombus.lapidarius,1
GE,21.3,GE.R1,Rural.habitat.mosaic,Cirsium.oleraceum,Bombus.sylvarum,1
GE,21.3,GE.R1,Rural.habitat.mosaic,Cirsium.oleraceum,Bombus.sylvarum,1
GE,21.3,GE.R1,Rural.habitat.mosaic,Cirsium.palustre,Bombus.sylvarum,1
GE,21.3,GE.R1,Rural.habitat.mosaic,Cirsium.palustre,Bombus.sylvarum,1
GE,21.3,GE.R1,Rural.habitat.mosaic,Cirsium.palustre,Episyrphus.balteatus,1
GE,21.3,GE.R1,Rural.habitat.mosaic,Cirsium.oleraceum,Bombus.lapidarius,1
GE,21.3,GE.R1,Rural.habitat.mosaic,Cirsium.oleraceum,Bombus.lapidarius,1
GE,21.3,GE.R1,Rural.habitat.mosaic,Cirsium.oleraceum,Bombus.lapidarius,1
GE,21.3,GE.R1,Rural.habitat.mosaic,Cirsium.oleraceum,Bombus.sylvarum,1
GE,21.3,GE.R1,Rural.habitat.mosaic,Cirsium.oleraceum,Bombus.sylvarum,1
GE,21.3,GE.R1,Rural.habitat.mosaic,Cirsium.oleraceum,Bombus.sylvarum,1
GE,21.3,GE.R1,Rural.habitat.mosaic,Cirsium.palustre,Bombus.cryptarum/lucorum/magnus/terrestris,1
GE,21.3,GE.R1,Rural.habitat.mosaic,Cirsium.palustre,Bombus.lapidarius,1
GE,21.3,GE.R1,Rural.habitat.mosaic,Cirsium.palustre,Bombus.lapidarius,1
GE,21.3,GE.R1,Rural.habitat.mosaic,Cirsium.palustre,Bombus.lapidarius,1
GE,21.3,GE.R1,Rural.habitat.mosaic,Cirsium.palustre,Bombus.lapidarius,1
GE,21.3,GE.R1,Rural.habitat.mosaic,Cirsium.palustre,Bombus.lapidarius,1
GE,21.3,GE.R1,Rural.habitat.mosaic,Cirsium.palustre,Bombus.lapidarius,1
GE,21.3,GE.R1,Rural.habitat.mosaic,Cirsium.palustre,Bombus.lapidarius,1
GE,21.3,GE.R1,Rural.habitat.mosaic,Cirsium.palustre,Bombus.lapidarius,1
GE,21.3,GE.R1,Rural.habitat.mosaic,Cirsium.palustre,Bombus.pascuorum,1
GE,21.3,GE.R1,Rural.habitat.mosaic,Cirsium.palustre,Lasioglossum.calceatum,1
GE,21.3,GE.R1,Rural.habitat.mosaic,Cirsium.palustre,Bombus.cryptarum/lucorum/magnus/terrestris,1
GE,21.3,GE.R1,Rural.habitat.mosaic,Cirsium.palustre,Bombus.cryptarum/lucorum/magnus/terrestris,1
GE,21.3,GE.R1,Rural.habitat.mosaic,Cirsium.palustre,Bombus.lapidarius,1
GE,21.3,GE.R1,Rural.habitat.mosaic,Cirsium.palustre,Bombus.lapidarius,1
GE,21.3,GE.R1,Rural.habitat.mosaic,Cirsium.palustre,Bombus.lapidarius,1
GE,21.3,GE.R1,Rural.habitat.mosaic,Cirsium.palustre,Bombus.pascuorum,1
GE,21.3,GE.R1,Rural.habitat.mosaic,Cirsium.palustre,Bombus.sylvarum,1
GE,21.3,GE.R1,Rural.habitat.mosaic,Cirsium.palustre,Bombus.sylvarum,1
GE,21.3,GE.R1,Rural.habitat.mosaic,Cirsium.palustre,Bombus.sylvarum,1
GE,21.3,GE.R1,Rural.habitat.mosaic,Cirsium.palustre,Bombus.sylvarum,1
GE,21.3,GE.R1,Rural.habitat.mosaic,Cirsium.palustre,Bombus.sylvarum,1
GE,21.3,GE.R1,Rural.habitat.mosaic,Cirsium.palustre,Halictus.rubicundus,1
GE,21.3,GE.R1,Rural.habitat.mosaic,Cirsium.palustre,Helophilus.trivittatus,1
GE,21.3,GE.R2,Rural.habitat.mosaic,Campanula.rotundifolia,Bombus.lapidarius,1
GE,21.3,GE.R2,Rural.habitat.mosaic,Scorzoneroides.autumnalis,Halictus.quadricinctus,1
GE,21.3,GE.R2,Rural.habitat.mosaic,Scorzoneroides.autumnalis,Eristalis.tenax,1
GE,21.3,GE.R2,Rural.habitat.mosaic,Scorzoneroides.autumnalis,Sphaerophoria.scripta,1
GE,21.3,GE.R2,Rural.habitat.mosaic,Tanacetum.vulgare,Sphaerophoria.scripta,1
GE,21.3,GE.R2,Rural.habitat.mosaic,Arctium.tomentosum,Apis.mellifera,1
GE,21.3,GE.R2,Rural.habitat.mosaic,Arctium.tomentosum,Apis.mellifera,1
GE,21.3,GE.R2,Rural.habitat.mosaic,Arctium.tomentosum,Apis.mellifera,1
GE,21.3,GE.R2,Rural.habitat.mosaic,Arctium.tomentosum,Apis.mellifera,1
GE,21.3,GE.R2,Rural.habitat.mosaic,Malva.sylvestris,Apis.mellifera,1
GE,21.3,GE.R2,Rural.habitat.mosaic,Malva.sylvestris,Apis.mellifera,1
GE,21.3,GE.R2,Rural.habitat.mosaic,Arctium.tomentosum,Bombus.pascuorum,1
GE,21.3,GE.R2,Rural.habitat.mosaic,Heracleum.sphondylium,Sphaerophoria.scripta,1
GE,21.3,GE.R2,Rural.habitat.mosaic,Medicago.sativa,Bombus.pascuorum,1
GE,21.3,GE.R2,Rural.habitat.mosaic,Medicago.sativa,Bombus.pascuorum,1
GE,21.3,GE.R2,Rural.habitat.mosaic,Scorzoneroides.autumnalis,Heriades.truncorum,1
GE,21.3,GE.R2,Rural.habitat.mosaic,Trifolium.pratense,Bombus.pascuorum,1
GE,21.3,GE.R2,Rural.habitat.mosaic,Scorzoneroides.autumnalis,Lasioglossum.malachurum,1
GE,21.3,GE.R2,Rural.habitat.mosaic,Medicago.sativa,Bombus.pascuorum,1
GE,21.3,GE.R2,Rural.habitat.mosaic,Medicago.sativa,Melitta.leporina,1
GE,21.3,GE.R2,Rural.habitat.mosaic,Medicago.sativa,Sphaerophoria.scripta,1
GE,21.3,GE.R2,Rural.habitat.mosaic,Tripleurospermum.maritimum,Hylaeus.communis,1
GE,21.3,GE.R2,Rural.habitat.mosaic,Daucus.carota,Andrena.minutuloides,1
GE,21.3,GE.R2,Rural.habitat.mosaic,Centaurea.jacea,Apis.mellifera,1
GE,21.3,GE.R2,Rural.habitat.mosaic,Centaurea.jacea,Bombus.lapidarius,1
GE,21.3,GE.R2,Rural.habitat.mosaic,Centaurea.jacea,Halictus.quadricinctus,1
GE,21.3,GE.R2,Rural.habitat.mosaic,Achillea.millefolium,Lasioglossum.laticeps,1
GE,21.3,GE.R2,Rural.habitat.mosaic,Achillea.millefolium,Bombus.lapidarius,1
GE,21.3,GE.R2,Rural.habitat.mosaic,Centaurea.jacea,Bombus.pascuorum,1
GE,21.3,GE.R2,Rural.habitat.mosaic,Tanacetum.vulgare,Sphaerophoria.scripta,1
GE,21.3,GE.R2,Rural.habitat.mosaic,Centaurea.jacea,Bombus.lapidarius,1
GE,21.3,GE.R2,Rural.habitat.mosaic,Achillea.millefolium,Sphaerophoria.scripta,1
GE,21.3,GE.R2,Rural.habitat.mosaic,Tripleurospermum.maritimum,Sphaerophoria.scripta,1
GE,21.3,GE.R2,Rural.habitat.mosaic,Tripleurospermum.maritimum,Sphaerophoria.scripta,1
GE,21.3,GE.R2,Rural.habitat.mosaic,Achillea.millefolium,Apis.mellifera,1
GE,21.3,GE.R2,Rural.habitat.mosaic,Echium.vulgare,Bombus.pascuorum,1
GE,21.3,GE.R2,Rural.habitat.mosaic,Echium.vulgare,Bombus.pascuorum,1
GE,21.3,GE.R2,Rural.habitat.mosaic,Echium.vulgare,Bombus.pascuorum,1
GE,21.3,GE.R2,Rural.habitat.mosaic,Echium.vulgare,Bombus.sylvarum,1
GE,21.3,GE.R2,Rural.habitat.mosaic,Tanacetum.vulgare,Colletes.similis,1
GE,21.3,GE.R2,Rural.habitat.mosaic,Picris.hieracioides,Lasioglossum.albipes,1
GE,21.3,GE.R2,Rural.habitat.mosaic,Hieracium.sp.,Bombus.soroeensis,1
GE,21.3,GE.R2,Rural.habitat.mosaic,Achillea.millefolium,Colletes.similis,1
GE,21.3,GE.R2,Rural.habitat.mosaic,Daucus.carota,Myathropa.florea,1
GE,21.3,GE.R2,Rural.habitat.mosaic,Hieracium.sp.,Sphaerophoria.scripta,1
GE,21.3,GE.R2,Rural.habitat.mosaic,Knautia.arvensis,Bombus.campestris,1
GE,21.3,GE.R2,Rural.habitat.mosaic,Knautia.arvensis,Bombus.campestris,1
GE,21.3,GE.R2,Rural.habitat.mosaic,Knautia.arvensis,Bombus.campestris,1
GE,21.3,GE.R2,Rural.habitat.mosaic,Knautia.arvensis,Bombus.campestris,1
GE,21.3,GE.R2,Rural.habitat.mosaic,Knautia.arvensis,Bombus.pascuorum,1
GE,21.3,GE.R2,Rural.habitat.mosaic,Knautia.arvensis,Bombus.pascuorum,1
GE,21.3,GE.R2,Rural.habitat.mosaic,Hieracium.sp.,Coelioxys.inermis,1
GE,21.3,GE.R2,Rural.habitat.mosaic,Knautia.arvensis,Episyrphus.balteatus,1
GE,21.3,GE.R2,Rural.habitat.mosaic,Knautia.arvensis,Lasioglossum.villosulum,1
GE,21.3,GE.R2,Rural.habitat.mosaic,Daucus.carota,Myathropa.florea,1
GE,21.3,GE.R2,Rural.habitat.mosaic,Carduus.crispus,Bombus.pascuorum,1
GE,21.3,GE.R2,Rural.habitat.mosaic,Agrimonia.eupatoria,Episyrphus.balteatus,1
GE,21.3,GE.R2,Rural.habitat.mosaic,Knautia.arvensis,Halictus.quadricinctus,1
GE,21.3,GE.R2,Rural.habitat.mosaic,Carduus.crispus,Halictus.quadricinctus,1
GE,21.3,GE.R2,Rural.habitat.mosaic,Knautia.arvensis,Halictus.scabiosae,1
GE,21.3,GE.R2,Rural.habitat.mosaic,Crepis.biennis,Lasioglossum.malachurum,1
GE,21.3,GE.R2,Rural.habitat.mosaic,Crepis.biennis,Lasioglossum.nitidiusculum,1
GE,21.3,GE.R2,Rural.habitat.mosaic,Achillea.millefolium,Sphaerophoria.scripta,1
GE,21.3,GE.R2,Rural.habitat.mosaic,Scorzoneroides.autumnalis,Sphaerophoria.scripta,1
GE,21.3,GE.R2,Rural.habitat.mosaic,Phacelia.tanacetifolia,Bombus.cryptarum/lucorum/magnus/terrestris,1
GE,21.3,GE.R2,Rural.habitat.mosaic,Phacelia.tanacetifolia,Bombus.cryptarum/lucorum/magnus/terrestris,1
GE,21.3,GE.R2,Rural.habitat.mosaic,Phacelia.tanacetifolia,Bombus.pascuorum,1
GE,21.3,GE.R2,Rural.habitat.mosaic,Phacelia.tanacetifolia,Bombus.pascuorum,1
GE,21.3,GE.R2,Rural.habitat.mosaic,Phacelia.tanacetifolia,Bombus.pascuorum,1
GE,21.3,GE.R2,Rural.habitat.mosaic,Phacelia.tanacetifolia,Bombus.pascuorum,1
GE,21.3,GE.R2,Rural.habitat.mosaic,Phacelia.tanacetifolia,Bombus.pascuorum,1
GE,21.3,GE.R2,Rural.habitat.mosaic,Phacelia.tanacetifolia,Bombus.pascuorum,1
GE,21.3,GE.R2,Rural.habitat.mosaic,Lamium.album,Bombus.pascuorum,1
GE,21.3,GE.R2,Rural.habitat.mosaic,Ballota.nigra,Bombus.pascuorum,1
GE,21.3,GE.R2,Rural.habitat.mosaic,Cirsium.arvense,Hylaeus.communis,1
GE,21.3,GE.R3,Rural.habitat.mosaic,Carduus.acanthoides,Sphecodes.gibbus,1
GE,21.3,GE.R3,Rural.habitat.mosaic,Falcaria.vulgaris,Sphecodes.gibbus,1
GE,21.3,GE.R3,Rural.habitat.mosaic,Plantago.lanceolata,Melanostoma.mellinum,1
GE,21.3,GE.R3,Rural.habitat.mosaic,Origanum.vulgare,Bombus.vestalis,1
GE,21.3,GE.R3,Rural.habitat.mosaic,Origanum.vulgare,Bombus.vestalis,1
GE,21.3,GE.R3,Rural.habitat.mosaic,Origanum.vulgare,Lasioglossum.calceatum,1
GE,21.3,GE.R3,Rural.habitat.mosaic,Origanum.vulgare,Lasioglossum.morio,1
GE,21.3,GE.R3,Rural.habitat.mosaic,Pentanema.conyzae,Megachile.centuncularis,1
GE,21.3,GE.R3,Rural.habitat.mosaic,Centaurea.stoebe,Bombus.vestalis,1
GE,21.3,GE.R3,Rural.habitat.mosaic,Centaurea.jacea,Bombus.campestris,1
GE,21.3,GE.R3,Rural.habitat.mosaic,Centaurea.jacea,Bombus.campestris,1
GE,21.3,GE.R3,Rural.habitat.mosaic,Centaurea.jacea,Bombus.campestris,1
GE,21.3,GE.R3,Rural.habitat.mosaic,Centaurea.jacea,Bombus.campestris,1
GE,21.3,GE.R3,Rural.habitat.mosaic,Odontites.vernus,Bombus.pascuorum,1
GE,21.3,GE.R3,Rural.habitat.mosaic,Centaurea.jacea,Bombus.vestalis,1
GE,21.3,GE.R3,Rural.habitat.mosaic,Centaurea.jacea,Bombus.vestalis,1
GE,21.3,GE.R3,Rural.habitat.mosaic,Centaurea.jacea,Halictus.quadricinctus,1
GE,21.3,GE.R3,Rural.habitat.mosaic,Centaurea.jacea,Halictus.simplex,1
GE,21.3,GE.R3,Rural.habitat.mosaic,Picris.hieracioides,Hylaeus.communis,1
GE,21.3,GE.R3,Rural.habitat.mosaic,Achillea.millefolium,Lasioglossum.politum,1
GE,21.3,GE.R3,Rural.habitat.mosaic,Picris.hieracioides,Apis.mellifera,1
GE,21.3,GE.R3,Rural.habitat.mosaic,Symphoricarpos.albus,Apis.mellifera,1
GE,21.3,GE.R3,Rural.habitat.mosaic,Symphoricarpos.albus,Apis.mellifera,1
GE,21.3,GE.R3,Rural.habitat.mosaic,Symphoricarpos.albus,Apis.mellifera,1
GE,21.3,GE.R3,Rural.habitat.mosaic,Symphoricarpos.albus,Apis.mellifera,1
GE,21.3,GE.R3,Rural.habitat.mosaic,Symphoricarpos.albus,Myathropa.florea,1
GE,21.3,GE.R3,Rural.habitat.mosaic,Plantago.lanceolata,Melanostoma.mellinum,1
GE,21.3,GE.R3,Rural.habitat.mosaic,Picris.hieracioides,Panurgus.calcaratus,1
GE,21.3,GE.R3,Rural.habitat.mosaic,Centaurea.jacea,Sphaerophoria.scripta,1
GE,21.3,GE.R3,Rural.habitat.mosaic,Picris.hieracioides,Halictus.tumulorum,1
GE,21.3,GE.R3,Rural.habitat.mosaic,Picris.hieracioides,Hylaeus.annularis,1
GE,21.3,GE.R3,Rural.habitat.mosaic,Picris.hieracioides,Lasioglossum.calceatum,1
GE,21.3,GE.R3,Rural.habitat.mosaic,Centaurea.jacea,Lasioglossum.calceatum,1
GE,21.3,GE.R3,Rural.habitat.mosaic,Achillea.millefolium,Sphaerophoria.scripta,1
GE,21.3,GE.R3,Rural.habitat.mosaic,Daucus.carota,Andrena.minutuloides,1
GE,21.3,GE.R3,Rural.habitat.mosaic,Centaurea.jacea,Apis.mellifera,1
GE,21.3,GE.R3,Rural.habitat.mosaic,Centaurea.jacea,Apis.mellifera,1
GE,21.3,GE.R3,Rural.habitat.mosaic,Centaurea.jacea,Apis.mellifera,1
GE,21.3,GE.R3,Rural.habitat.mosaic,Centaurea.jacea,Apis.mellifera,1
GE,21.3,GE.R3,Rural.habitat.mosaic,Plantago.lanceolata,Halictus.subauratus,1
GE,21.3,GE.R3,Rural.habitat.mosaic,Picris.hieracioides,Hylaeus.annularis,1
GE,21.3,GE.R3,Rural.habitat.mosaic,Centaurea.jacea,Lasioglossum.calceatum,1
GE,21.3,GE.R3,Rural.habitat.mosaic,Centaurea.stoebe,Pseudoanthidium.nanum,1
GE,21.3,GE.R3,Rural.habitat.mosaic,Falcaria.vulgaris,Andrena.minutuloides,1
GE,21.3,GE.R3,Rural.habitat.mosaic,Rubus.caesius,Andrena.minutuloides,1
GE,21.3,GE.R3,Rural.habitat.mosaic,Falcaria.vulgaris,Andrena.minutuloides,1
GE,21.3,GE.R3,Rural.habitat.mosaic,Daucus.carota,Hylaeus.styriacus,1
GE,21.3,GE.R3,Rural.habitat.mosaic,Picris.hieracioides,Lasioglossum.laticeps,1
GE,21.3,GE.R3,Rural.habitat.mosaic,Picris.hieracioides,Lasioglossum.morio,1
GE,21.3,GE.R3,Rural.habitat.mosaic,Echium.vulgare,Lasioglossum.politum,1
GE,21.3,GE.R3,Rural.habitat.mosaic,Picris.hieracioides,Sphaerophoria.scripta,1
GE,21.3,GE.R3,Rural.habitat.mosaic,Trifolium.repens,Apis.mellifera,1
GE,21.3,GE.R3,Rural.habitat.mosaic,Echium.vulgare,Apis.mellifera,1
GE,21.3,GE.R3,Rural.habitat.mosaic,Echium.vulgare,Apis.mellifera,1
GE,21.3,GE.R3,Rural.habitat.mosaic,Solidago.canadensis,Hylaeus.annularis,1
GE,21.3,GE.R3,Rural.habitat.mosaic,Daucus.carota,Andrena.minutuloides,1
GE,21.3,GE.R3,Rural.habitat.mosaic,Carduus.acanthoides,Apis.mellifera,1
GE,21.3,GE.R3,Rural.habitat.mosaic,Rubus.caesius,Apis.mellifera,1
GE,21.3,GE.R3,Rural.habitat.mosaic,Carduus.acanthoides,Halictus.simplex,1
GE,21.3,GE.R3,Rural.habitat.mosaic,Daucus.carota,Hylaeus.annularis,1
GE,21.3,GE.R3,Rural.habitat.mosaic,Rubus.caesius,Hylaeus.brevicornis,1
GE,21.3,GE.R3,Rural.habitat.mosaic,Tanacetum.vulgare,Lasioglossum.malachurum,1
GE,21.3,GE.R3,Rural.habitat.mosaic,Rubus.caesius,Lasioglossum.punctatissimum,1
GE,21.3,GE.R3,Rural.habitat.mosaic,Origanum.vulgare,Melitta.leporina,1
GE,21.3,GE.R3,Rural.habitat.mosaic,Carduus.acanthoides,Sphecodes.albilabris,1
GE,21.3,GE.R3,Rural.habitat.mosaic,Trifolium.pratense,Bombus.pascuorum,1
GE,21.3,GE.R3,Rural.habitat.mosaic,Lotus.corniculatus,Bombus.pascuorum,1
GE,21.3,GE.R3,Rural.habitat.mosaic,Hypericum.perforatum,Bombus.pascuorum,1
GE,21.3,GE.R3,Rural.habitat.mosaic,Lotus.corniculatus,Lasioglossum.nitidiusculum,1
GE,21.3,GE.R3,Rural.habitat.mosaic,Melilotus.albus,Lasioglossum.quadrinotatum,1
GE,21.3,GE.R4,Rural.habitat.mosaic,Trifolium.repens,Bombus.lapidarius,1
GE,21.3,GE.R4,Rural.habitat.mosaic,Trifolium.repens,Bombus.lapidarius,1
GE,21.3,GE.R4,Rural.habitat.mosaic,Trifolium.repens,Syrphus.torvus,1
GE,21.3,GE.R4,Rural.habitat.mosaic,Knautia.arvensis,Episyrphus.balteatus,1
GE,21.3,GE.R4,Rural.habitat.mosaic,Knautia.arvensis,Eristalis.interrupta,1
GE,21.3,GE.R4,Rural.habitat.mosaic,Trifolium.pratense,Bombus.lapidarius,1
GE,21.3,GE.R4,Rural.habitat.mosaic,Crepis.biennis,Bombus.lapidarius,1
GE,21.3,GE.R4,Rural.habitat.mosaic,Crepis.biennis,Bombus.lapidarius,1
GE,21.3,GE.R4,Rural.habitat.mosaic,Trifolium.pratense,Bombus.pascuorum,1
GE,21.3,GE.R4,Rural.habitat.mosaic,Crepis.biennis,Eristalis.interrupta,1
GE,21.3,GE.R4,Rural.habitat.mosaic,Crepis.biennis,Eristalis.interrupta,1
GE,21.3,GE.R4,Rural.habitat.mosaic,Crepis.biennis,Apis.mellifera,1
GE,21.3,GE.R4,Rural.habitat.mosaic,Crepis.biennis,Apis.mellifera,1
GE,21.3,GE.R4,Rural.habitat.mosaic,Crepis.biennis,Bombus.cryptarum/lucorum/magnus/terrestris,1
GE,21.3,GE.R4,Rural.habitat.mosaic,Crepis.biennis,Bombus.pascuorum,1
GE,21.3,GE.R4,Rural.habitat.mosaic,Crepis.biennis,Halictus.sexcinctus,1
GE,21.3,GE.R4,Rural.habitat.mosaic,Crepis.biennis,Halictus.tumulorum,1
GE,21.3,GE.R4,Rural.habitat.mosaic,Crepis.biennis,Lasioglossum.pauxillum,1
GE,21.3,GE.R4,Rural.habitat.mosaic,Crepis.biennis,Lasioglossum.pauxillum,1
GE,21.3,GE.R4,Rural.habitat.mosaic,Crepis.biennis,Lasioglossum.pauxillum,1
GE,21.3,GE.R4,Rural.habitat.mosaic,Crepis.biennis,Sphaerophoria.scripta,1
GE,21.3,GE.R4,Rural.habitat.mosaic,Crepis.biennis,Sphaerophoria.scripta,1
GE,21.3,GE.R4,Rural.habitat.mosaic,Crepis.biennis,Sphaerophoria.scripta,1
GE,21.3,GE.R4,Rural.habitat.mosaic,Crepis.biennis,Sphaerophoria.scripta,1
GE,21.3,GE.R4,Rural.habitat.mosaic,Crepis.biennis,Eristalis.interrupta,1
GE,21.3,GE.R4,Rural.habitat.mosaic,Crepis.biennis,Halictus.tumulorum,1
GE,21.3,GE.R4,Rural.habitat.mosaic,Crepis.biennis,Helophilus.trivittatus,1
GE,21.3,GE.R4,Rural.habitat.mosaic,Crepis.biennis,Lasioglossum.pauxillum,1
GE,21.3,GE.R4,Rural.habitat.mosaic,Crepis.biennis,Lasioglossum.pauxillum,1
GE,21.3,GE.R4,Rural.habitat.mosaic,Crepis.biennis,Sphaerophoria.scripta,1
GE,21.3,GE.R4,Rural.habitat.mosaic,Crepis.biennis,Sphaerophoria.scripta,1
GE,21.3,GE.R4,Rural.habitat.mosaic,Crepis.biennis,Syrphus.ribesii,1
GE,21.3,GE.R4,Rural.habitat.mosaic,Crepis.biennis,Eristalis.tenax,1
GE,21.3,GE.R4,Rural.habitat.mosaic,Crepis.biennis,Lasioglossum.pauxillum,1
GE,21.3,GE.R4,Rural.habitat.mosaic,Crepis.biennis,Lasioglossum.pauxillum,1
GE,21.3,GE.R4,Rural.habitat.mosaic,Crepis.biennis,Panurgus.calcaratus,1
GE,21.3,GE.R4,Rural.habitat.mosaic,Crepis.biennis,Sphaerophoria.scripta,1
GE,21.3,GE.R4,Rural.habitat.mosaic,Crepis.biennis,Sphaerophoria.scripta,1
GE,21.3,GE.R4,Rural.habitat.mosaic,Falcaria.vulgaris,Andrena.minutuloides,1
GE,21.3,GE.R4,Rural.habitat.mosaic,Campanula.rotundifolia,Bombus.lapidarius,1
GE,21.3,GE.R4,Rural.habitat.mosaic,Campanula.rotundifolia,Bombus.soroeensis,1
GE,21.3,GE.R4,Rural.habitat.mosaic,Crepis.biennis,Sphaerophoria.scripta,1
GE,21.3,GE.R4,Rural.habitat.mosaic,Crepis.biennis,Sphaerophoria.scripta,1
GE,21.3,GE.R4,Rural.habitat.mosaic,Falcaria.vulgaris,Syritta.pipiens,1
GE,21.3,GE.R4,Rural.habitat.mosaic,Trifolium.repens,Apis.mellifera,1
GE,21.3,GE.R4,Rural.habitat.mosaic,Carduus.acanthoides,Bombus.campestris,1
GE,21.3,GE.R4,Rural.habitat.mosaic,Ballota.nigra,Bombus.lapidarius,1
GE,21.3,GE.R4,Rural.habitat.mosaic,Carduus.acanthoides,Halictus.scabiosae,1
GE,21.3,GE.R4,Rural.habitat.mosaic,Crepis.biennis,Lasioglossum.nitidiusculum,1
GE,21.3,GE.R4,Rural.habitat.mosaic,Carduus.acanthoides,Lasioglossum.pauxillum,1
GE,21.3,GE.R4,Rural.habitat.mosaic,Carduus.acanthoides,Lasioglossum.pauxillum,1
GE,21.3,GE.R4,Rural.habitat.mosaic,Carduus.crispus,Bombus.campestris,1
GE,21.3,GE.R4,Rural.habitat.mosaic,Carduus.crispus,Bombus.cryptarum/lucorum/magnus/terrestris,1
GE,21.3,GE.R4,Rural.habitat.mosaic,Carduus.crispus,Bombus.lapidarius,1
GE,21.3,GE.R4,Rural.habitat.mosaic,Carduus.crispus,Bombus.soroeensis,1
GE,21.3,GE.R4,Rural.habitat.mosaic,Carduus.crispus,Bombus.pascuorum,1
GE,21.3,GE.R4,Rural.habitat.mosaic,Crepis.biennis,Lasioglossum.nitidiusculum,1
GE,21.3,GE.R4,Rural.habitat.mosaic,Carduus.crispus,Bombus.campestris,1
GE,21.3,GE.R4,Rural.habitat.mosaic,Carduus.crispus,Bombus.campestris,1
GE,21.3,GE.R4,Rural.habitat.mosaic,Carduus.crispus,Bombus.campestris,1
GE,21.3,GE.R4,Rural.habitat.mosaic,Carduus.crispus,Bombus.campestris,1
GE,21.3,GE.R4,Rural.habitat.mosaic,Carduus.crispus,Bombus.cryptarum/lucorum/magnus/terrestris,1
GE,21.3,GE.R4,Rural.habitat.mosaic,Carduus.crispus,Bombus.lapidarius,1
GE,21.3,GE.R4,Rural.habitat.mosaic,Carduus.crispus,Bombus.pascuorum,1
GE,21.3,GE.R4,Rural.habitat.mosaic,Carduus.crispus,Bombus.campestris,1
GE,21.3,GE.R4,Rural.habitat.mosaic,Carduus.crispus,Bombus.lapidarius,1
GE,21.3,GE.R4,Rural.habitat.mosaic,Carduus.crispus,Bombus.lapidarius,1
GE,21.3,GE.R4,Rural.habitat.mosaic,Carduus.crispus,Bombus.lapidarius,1
GE,21.3,GE.R4,Rural.habitat.mosaic,Carduus.crispus,Bombus.pascuorum,1
GE,21.3,GE.R4,Rural.habitat.mosaic,Heracleum.sphondylium,Lasioglossum.pauxillum,1
GE,21.3,GE.R4,Rural.habitat.mosaic,Heracleum.sphondylium,Lasioglossum.pauxillum,1
GE,21.3,GE.R4,Rural.habitat.mosaic,Heracleum.sphondylium,Lasioglossum.pauxillum,1
GE,21.3,GE.R4,Rural.habitat.mosaic,Heracleum.sphondylium,Lasioglossum.pauxillum,1
GE,21.3,GE.R4,Rural.habitat.mosaic,Heracleum.sphondylium,Lasioglossum.pauxillum,1
GE,21.3,GE.R4,Rural.habitat.mosaic,Heracleum.sphondylium,Lasioglossum.pauxillum,1
GE,21.3,GE.R4,Rural.habitat.mosaic,Lamium.album,Bombus.cryptarum/lucorum/magnus/terrestris,1
GE,21.3,GE.R4,Rural.habitat.mosaic,Lamium.album,Bombus.pascuorum,1
GE,21.3,GE.R4,Rural.habitat.mosaic,Tanacetum.vulgare,Halictus.tumulorum,1
GE,21.3,GE.R4,Rural.habitat.mosaic,Tanacetum.vulgare,Halictus.tumulorum,1
GE,21.3,GE.R4,Rural.habitat.mosaic,Tanacetum.vulgare,Halictus.tumulorum,1
GE,21.3,GE.R4,Rural.habitat.mosaic,Tanacetum.vulgare,Lasioglossum.pauxillum,1
GE,21.3,GE.R4,Rural.habitat.mosaic,Crepis.biennis,Lasioglossum.calceatum,1
GE,21.3,GE.R4,Rural.habitat.mosaic,Tanacetum.vulgare,Lasioglossum.pauxillum,1
GE,21.3,GE.R4,Rural.habitat.mosaic,Achillea.millefolium,Sphaerophoria.scripta,1
GE,21.3,GE.R4,Rural.habitat.mosaic,Tanacetum.vulgare,Heriades.truncorum,1
GE,21.3,GE.R4,Rural.habitat.mosaic,Potentilla.argentea,Lasioglossum.pauxillum,1
GE,21.3,GE.R4,Rural.habitat.mosaic,Tanacetum.vulgare,Lasioglossum.pauxillum,1
GE,21.3,GE.R4,Rural.habitat.mosaic,Cirisum.vulgare,Bombus.campestris,1
GE,21.3,GE.R4,Rural.habitat.mosaic,Trifolium.pratense,Bombus.sylvarum,1
GE,21.3,GE.R4,Rural.habitat.mosaic,Tanacetum.vulgare,Lasioglossum.pauxillum,1
GE,21.3,GE.R4,Rural.habitat.mosaic,Tanacetum.vulgare,Lasioglossum.pauxillum,1
GE,21.3,GE.R4,Rural.habitat.mosaic,Tanacetum.vulgare,Lasioglossum.pauxillum,1
GE,21.3,GE.R4,Rural.habitat.mosaic,Tanacetum.vulgare,Lasioglossum.pauxillum,1
